id,participant_id,response_time,correct,trial_number,stimuli_number,response,heatmap_condition,legend_condition,label_condition,attention,time_when
25414,5d1636739bc2590001d92557,1079,1,0,right-5,right,right-dark,dark-up,greater-up,dual,2026-03-03 16:08:05.5520000
25415,5d1636739bc2590001d92557,NULL,0,1,right-5,none,right-dark,light-up,greater-up,dual,2026-03-03 16:08:08.9790000
25416,5d1636739bc2590001d92557,1282,0,2,left-0,left,left-dark,dark-up,fewer-up,dual,2026-03-03 16:08:12.4220000
25417,5d1636739bc2590001d92557,1151,0,3,left-4,left,left-dark,dark-up,fewer-up,dual,2026-03-03 16:08:15.5270000
25418,5d1636739bc2590001d92557,NULL,0,4,left-9,none,left-dark,light-up,greater-up,dual,2026-03-03 16:08:18.3380000
25419,5d1636739bc2590001d92557,995,0,5,right-0,right,right-dark,light-up,greater-up,dual,2026-03-03 16:08:22.5660000
25420,5d1636739bc2590001d92557,1462,0,6,left-2,left,left-dark,light-up,greater-up,dual,2026-03-03 16:08:25.7840000
25421,5d1636739bc2590001d92557,863,0,7,right-6,right,right-dark,light-up,greater-up,dual,2026-03-03 16:08:28.5950000
25422,5d1636739bc2590001d92557,1270,1,8,left-1,right,left-dark,dark-up,fewer-up,dual,2026-03-03 16:08:31.4490000
25423,5d1636739bc2590001d92557,1362,0,9,left-7,right,left-dark,dark-up,greater-up,dual,2026-03-03 16:08:35.5510000
25424,5d1636739bc2590001d92557,1447,1,10,right-7,left,right-dark,light-up,greater-up,dual,2026-03-03 16:08:39.2790000
25425,5d1636739bc2590001d92557,1326,1,11,right-7,left,right-dark,dark-up,fewer-up,dual,2026-03-03 16:08:42.2160000
25426,5d1636739bc2590001d92557,1747,1,12,right-6,right,right-dark,dark-up,greater-up,dual,2026-03-03 16:08:45.7070000
25427,5d1636739bc2590001d92557,1326,1,13,left-6,right,left-dark,light-up,greater-up,dual,2026-03-03 16:08:48.7670000
25428,5d1636739bc2590001d92557,1730,1,14,left-2,right,left-dark,dark-up,fewer-up,dual,2026-03-03 16:08:52.6870000
25429,5d1636739bc2590001d92557,1544,1,15,right-1,right,right-dark,dark-up,greater-up,dual,2026-03-03 16:08:56.8720000
25430,5d1636739bc2590001d92557,1670,1,16,right-0,right,right-dark,dark-up,greater-up,dual,2026-03-03 16:08:59.9600000
25431,5d1636739bc2590001d92557,NULL,0,17,left-1,none,left-dark,light-up,fewer-up,dual,2026-03-03 16:09:03.1150000
25432,5d1636739bc2590001d92557,1199,1,18,right-2,right,right-dark,dark-up,greater-up,dual,2026-03-03 16:09:07.4480000
25433,5d1636739bc2590001d92557,1340,1,19,left-0,left,left-dark,light-up,fewer-up,dual,2026-03-03 16:09:11.3350000
25434,5d1636739bc2590001d92557,1924,1,20,left-1,right,left-dark,light-up,greater-up,dual,2026-03-03 16:09:30.9550000
25435,5d1636739bc2590001d92557,1951,1,21,left-8,right,left-dark,dark-up,fewer-up,dual,2026-03-03 16:09:34.3800000
25436,5d1636739bc2590001d92557,1958,1,22,right-5,right,right-dark,light-up,fewer-up,dual,2026-03-03 16:09:37.6370000
25437,5d1636739bc2590001d92557,1757,1,23,right-0,left,right-dark,dark-up,fewer-up,dual,2026-03-03 16:09:40.6590000
25438,5d1636739bc2590001d92557,1380,1,24,left-0,right,left-dark,light-up,greater-up,dual,2026-03-03 16:09:44.3640000
25439,5d1636739bc2590001d92557,1710,1,25,right-8,left,right-dark,light-up,greater-up,dual,2026-03-03 16:09:48.0210000
25440,5d1636739bc2590001d92557,1585,1,26,right-6,left,right-dark,dark-up,fewer-up,dual,2026-03-03 16:09:51.2770000
25441,5d1636739bc2590001d92557,1546,1,27,left-2,left,left-dark,dark-up,greater-up,dual,2026-03-03 16:09:54.5320000
25442,63e534e8ae837950bc60d88b,1155,0,0,right-1,right,right-dark,dark-up,fewer-up,dual,2026-03-03 16:09:56.1740000
25443,5d1636739bc2590001d92557,1388,1,28,right-7,right,right-dark,dark-up,greater-up,dual,2026-03-03 16:09:57.4400000
25444,63e534e8ae837950bc60d88b,592,1,1,right-5,right,right-dark,light-up,fewer-up,dual,2026-03-03 16:09:59.1490000
25445,5d1636739bc2590001d92557,1689,1,29,left-8,left,left-dark,dark-up,greater-up,dual,2026-03-03 16:10:00.7270000
25446,63e534e8ae837950bc60d88b,1051,0,2,right-7,right,right-dark,light-up,greater-up,dual,2026-03-03 16:10:02.0960000
25447,5d1636739bc2590001d92557,1045,1,30,right-3,right,right-dark,dark-up,greater-up,dual,2026-03-03 16:10:04.6170000
25448,63e534e8ae837950bc60d88b,584,0,3,right-5,right,right-dark,light-up,greater-up,dual,2026-03-03 16:10:04.9600000
25449,5d1636739bc2590001d92557,NULL,0,31,right-2,none,right-dark,light-up,fewer-up,dual,2026-03-03 16:10:07.7120000
25450,63e534e8ae837950bc60d88b,NULL,0,4,right-4,none,right-dark,light-up,fewer-up,dual,2026-03-03 16:10:08.4710000
25451,5d1636739bc2590001d92557,1330,1,32,left-3,right,left-dark,light-up,greater-up,dual,2026-03-03 16:10:11.3850000
25452,63e534e8ae837950bc60d88b,822,1,5,left-7,left,left-dark,light-up,fewer-up,dual,2026-03-03 16:10:12.3110000
25453,5d1636739bc2590001d92557,1460,1,33,left-6,right,left-dark,dark-up,fewer-up,dual,2026-03-03 16:10:14.1330000
25454,63e534e8ae837950bc60d88b,1368,0,6,left-7,left,left-dark,light-up,greater-up,dual,2026-03-03 16:10:15.2370000
25455,5d1636739bc2590001d92557,1516,1,34,right-0,right,right-dark,light-up,fewer-up,dual,2026-03-03 16:10:17.8530000
25456,63e534e8ae837950bc60d88b,NULL,0,7,left-6,none,left-dark,dark-up,fewer-up,dual,2026-03-03 16:10:18.5140000
25457,5d1636739bc2590001d92557,1502,0,35,right-9,right,right-dark,light-up,greater-up,dual,2026-03-03 16:10:21.4200000
25458,63e534e8ae837950bc60d88b,667,1,8,left-9,left,left-dark,dark-up,greater-up,dual,2026-03-03 16:10:22.1350000
25459,5d1636739bc2590001d92557,1053,1,36,left-8,right,left-dark,light-up,greater-up,dual,2026-03-03 16:10:24.8470000
25460,63e534e8ae837950bc60d88b,2006,0,9,left-9,left,left-dark,light-up,greater-up,dual,2026-03-03 16:10:26.2370000
25461,5d1636739bc2590001d92557,1387,1,37,left-3,left,left-dark,light-up,fewer-up,dual,2026-03-03 16:10:27.8750000
25462,63e534e8ae837950bc60d88b,1189,0,10,right-0,right,right-dark,dark-up,fewer-up,dual,2026-03-03 16:10:29.2630000
25463,5d1636739bc2590001d92557,1467,1,38,left-9,right,left-dark,dark-up,fewer-up,dual,2026-03-03 16:10:31.0850000
25464,63e534e8ae837950bc60d88b,1214,1,11,right-7,right,right-dark,light-up,fewer-up,dual,2026-03-03 16:10:32.3180000
25465,5d1636739bc2590001d92557,1276,1,39,left-6,left,left-dark,dark-up,greater-up,dual,2026-03-03 16:10:34.7550000
25466,63e534e8ae837950bc60d88b,1101,1,12,right-1,right,right-dark,light-up,fewer-up,dual,2026-03-03 16:10:35.3330000
25467,63e534e8ae837950bc60d88b,1305,1,13,left-0,right,left-dark,light-up,greater-up,dual,2026-03-03 16:10:38.2590000
25468,63e534e8ae837950bc60d88b,1750,1,14,left-5,right,left-dark,dark-up,fewer-up,dual,2026-03-03 16:10:42.4260000
25469,63e534e8ae837950bc60d88b,1429,1,15,left-1,right,left-dark,light-up,greater-up,dual,2026-03-03 16:10:45.6720000
25470,5d1636739bc2590001d92557,1315,1,40,right-1,left,right-dark,light-up,greater-up,dual,2026-03-03 16:10:46.6960000
25471,63e534e8ae837950bc60d88b,NULL,0,16,left-9,none,left-dark,dark-up,fewer-up,dual,2026-03-03 16:10:48.9360000
25472,5d1636739bc2590001d92557,1666,0,41,right-3,right,right-dark,light-up,greater-up,dual,2026-03-03 16:10:50.8500000
25473,63e534e8ae837950bc60d88b,1192,1,17,left-5,right,left-dark,light-up,greater-up,dual,2026-03-03 16:10:52.4150000
25474,5d1636739bc2590001d92557,1501,1,42,right-9,left,right-dark,dark-up,fewer-up,dual,2026-03-03 16:10:54.0080000
25475,63e534e8ae837950bc60d88b,1488,1,18,right-9,right,right-dark,light-up,fewer-up,dual,2026-03-03 16:10:56.1350000
25476,5d1636739bc2590001d92557,1762,1,43,left-5,right,left-dark,light-up,greater-up,dual,2026-03-03 16:10:58.0000000
25477,63e534e8ae837950bc60d88b,1606,1,19,right-1,right,right-dark,dark-up,greater-up,dual,2026-03-03 16:10:59.6710000
25478,5d1636739bc2590001d92557,1072,1,44,left-4,left,left-dark,dark-up,greater-up,dual,2026-03-03 16:11:01.3710000
25479,5d1636739bc2590001d92557,1368,1,45,left-9,left,left-dark,light-up,fewer-up,dual,2026-03-03 16:11:05.4300000
25480,63e534e8ae837950bc60d88b,1055,1,20,left-2,left,left-dark,dark-up,greater-up,dual,2026-03-03 16:11:07.7710000
25481,5d1636739bc2590001d92557,NULL,0,46,right-3,none,right-dark,light-up,fewer-up,dual,2026-03-03 16:11:09.1540000
25482,63e534e8ae837950bc60d88b,1063,1,21,left-3,left,left-dark,dark-up,greater-up,dual,2026-03-03 16:11:11.1710000
25483,5d1636739bc2590001d92557,1135,1,47,left-5,left,left-dark,light-up,fewer-up,dual,2026-03-03 16:11:13.7940000
25484,63e534e8ae837950bc60d88b,987,1,22,right-2,right,right-dark,dark-up,greater-up,dual,2026-03-03 16:11:14.2710000
25485,5d1636739bc2590001d92557,1327,1,48,right-6,right,right-dark,light-up,fewer-up,dual,2026-03-03 16:11:17.3940000
25486,63e534e8ae837950bc60d88b,1651,1,23,right-6,right,right-dark,dark-up,greater-up,dual,2026-03-03 16:11:17.7450000
25487,63e534e8ae837950bc60d88b,1068,1,24,left-0,left,left-dark,dark-up,greater-up,dual,2026-03-03 16:11:20.5550000
25488,5d1636739bc2590001d92557,1426,1,49,right-8,left,right-dark,dark-up,fewer-up,dual,2026-03-03 16:11:20.9750000
25489,63e534e8ae837950bc60d88b,936,1,25,left-4,left,left-dark,dark-up,greater-up,dual,2026-03-03 16:11:22.8760000
25490,5d1636739bc2590001d92557,1191,1,50,left-3,right,left-dark,dark-up,fewer-up,dual,2026-03-03 16:11:24.7870000
25491,63e534e8ae837950bc60d88b,1881,0,26,left-2,left,left-dark,light-up,greater-up,dual,2026-03-03 16:11:26.6930000
25492,5d1636739bc2590001d92557,1803,1,51,right-8,right,right-dark,dark-up,greater-up,dual,2026-03-03 16:11:27.9390000
25493,63e534e8ae837950bc60d88b,1042,1,27,left-0,right,left-dark,dark-up,fewer-up,dual,2026-03-03 16:11:29.5960000
25494,5d1636739bc2590001d92557,1273,1,52,right-4,left,right-dark,dark-up,fewer-up,dual,2026-03-03 16:11:31.9050000
25495,63e534e8ae837950bc60d88b,1698,0,28,right-9,left,right-dark,dark-up,greater-up,dual,2026-03-03 16:11:32.7060000
25496,5d1636739bc2590001d92557,1110,1,53,right-9,right,right-dark,light-up,fewer-up,dual,2026-03-03 16:11:35.0770000
25497,63e534e8ae837950bc60d88b,1361,0,29,left-9,right,left-dark,light-up,fewer-up,dual,2026-03-03 16:11:36.3630000
25498,5d1636739bc2590001d92557,1064,1,54,left-3,left,left-dark,dark-up,greater-up,dual,2026-03-03 16:11:38.3150000
25499,63e534e8ae837950bc60d88b,NULL,0,30,right-2,none,right-dark,light-up,greater-up,dual,2026-03-03 16:11:39.1830000
25500,5d1636739bc2590001d92557,1734,1,55,left-7,right,left-dark,dark-up,fewer-up,dual,2026-03-03 16:11:41.8670000
25501,63e534e8ae837950bc60d88b,984,1,31,left-3,right,left-dark,light-up,greater-up,dual,2026-03-03 16:11:43.0850000
25502,5d1636739bc2590001d92557,1390,1,56,left-7,left,left-dark,light-up,fewer-up,dual,2026-03-03 16:11:44.5550000
25503,63e534e8ae837950bc60d88b,1594,1,32,right-6,right,right-dark,light-up,fewer-up,dual,2026-03-03 16:11:47.4230000
25504,5d1636739bc2590001d92557,1323,1,57,left-4,right,left-dark,light-up,greater-up,dual,2026-03-03 16:11:48.4760000
25505,63e534e8ae837950bc60d88b,1121,1,33,left-2,left,left-dark,light-up,fewer-up,dual,2026-03-03 16:11:50.6450000
25506,5d1636739bc2590001d92557,843,1,58,left-0,left,left-dark,dark-up,greater-up,dual,2026-03-03 16:11:51.7820000
25507,63e534e8ae837950bc60d88b,1359,1,34,left-8,left,left-dark,light-up,fewer-up,dual,2026-03-03 16:11:54.3530000
25508,5d1636739bc2590001d92557,1209,1,59,right-3,left,right-dark,dark-up,fewer-up,dual,2026-03-03 16:11:55.3300000
25509,63e534e8ae837950bc60d88b,1115,1,35,left-2,right,left-dark,dark-up,fewer-up,dual,2026-03-03 16:11:57.8810000
25510,63e534e8ae837950bc60d88b,1448,1,36,right-9,left,right-dark,light-up,greater-up,dual,2026-03-03 16:12:00.9200000
25511,63e534e8ae837950bc60d88b,1599,1,37,left-6,right,left-dark,light-up,greater-up,dual,2026-03-03 16:12:03.8100000
25512,5d1636739bc2590001d92557,1391,1,60,right-1,left,right-dark,dark-up,fewer-up,dual,2026-03-03 16:12:06.8220000
25513,63e534e8ae837950bc60d88b,967,1,38,left-4,right,left-dark,light-up,greater-up,dual,2026-03-03 16:12:07.2330000
25514,5d1636739bc2590001d92557,1797,1,61,right-5,left,right-dark,dark-up,fewer-up,dual,2026-03-03 16:12:10.2010000
25515,63e534e8ae837950bc60d88b,1223,1,39,left-8,left,left-dark,dark-up,greater-up,dual,2026-03-03 16:12:10.4350000
25516,5d1636739bc2590001d92557,944,1,62,right-4,right,right-dark,dark-up,greater-up,dual,2026-03-03 16:12:12.7370000
25517,5d1636739bc2590001d92557,1387,1,63,left-5,right,left-dark,dark-up,fewer-up,dual,2026-03-03 16:12:16.0220000
25518,63e534e8ae837950bc60d88b,1211,0,40,right-3,right,right-dark,dark-up,fewer-up,dual,2026-03-03 16:12:16.0520000
25519,63e534e8ae837950bc60d88b,1440,1,41,left-4,right,left-dark,dark-up,fewer-up,dual,2026-03-03 16:12:18.8200000
25520,5d1636739bc2590001d92557,1307,1,64,right-7,right,right-dark,light-up,fewer-up,dual,2026-03-03 16:12:19.7130000
25521,63e534e8ae837950bc60d88b,1144,1,42,left-0,left,left-dark,light-up,fewer-up,dual,2026-03-03 16:12:22.1280000
25522,5d1636739bc2590001d92557,1488,1,65,left-6,left,left-dark,light-up,fewer-up,dual,2026-03-03 16:12:22.7080000
25523,63e534e8ae837950bc60d88b,1191,0,43,left-5,right,left-dark,dark-up,greater-up,dual,2026-03-03 16:12:24.6380000
25524,5d1636739bc2590001d92557,1194,1,66,left-8,left,left-dark,light-up,fewer-up,dual,2026-03-03 16:12:25.8110000
25525,63e534e8ae837950bc60d88b,1403,1,44,right-3,right,right-dark,light-up,fewer-up,dual,2026-03-03 16:12:27.7420000
25526,5d1636739bc2590001d92557,1970,1,67,right-4,left,right-dark,light-up,greater-up,dual,2026-03-03 16:12:30.5280000
25527,63e534e8ae837950bc60d88b,1150,1,45,right-6,left,right-dark,dark-up,fewer-up,dual,2026-03-03 16:12:30.7740000
25528,5d1636739bc2590001d92557,1623,1,68,left-2,left,left-dark,light-up,fewer-up,dual,2026-03-03 16:12:33.6300000
25529,63e534e8ae837950bc60d88b,973,1,46,left-7,left,left-dark,dark-up,greater-up,dual,2026-03-03 16:12:33.9740000
25530,63e534e8ae837950bc60d88b,1406,1,47,left-5,left,left-dark,light-up,fewer-up,dual,2026-03-03 16:12:36.7150000
25531,5d1636739bc2590001d92557,1310,1,69,left-9,left,left-dark,dark-up,greater-up,dual,2026-03-03 16:12:37.0400000
25532,5d1636739bc2590001d92557,1780,1,70,right-2,left,right-dark,light-up,greater-up,dual,2026-03-03 16:12:40.3740000
25533,63e534e8ae837950bc60d88b,1807,0,48,left-1,left,left-dark,dark-up,fewer-up,dual,2026-03-03 16:12:40.6260000
25534,63e534e8ae837950bc60d88b,1574,1,49,right-8,right,right-dark,light-up,fewer-up,dual,2026-03-03 16:12:43.6730000
25535,5d1636739bc2590001d92557,1233,1,71,right-8,right,right-dark,light-up,fewer-up,dual,2026-03-03 16:12:43.8170000
25536,63e534e8ae837950bc60d88b,1026,1,50,left-8,right,left-dark,dark-up,fewer-up,dual,2026-03-03 16:12:47.2680000
25537,5d1636739bc2590001d92557,1387,1,72,right-4,right,right-dark,light-up,fewer-up,dual,2026-03-03 16:12:47.9190000
25538,63e534e8ae837950bc60d88b,1270,0,51,right-7,right,right-dark,dark-up,fewer-up,dual,2026-03-03 16:12:50.0480000
25539,5d1636739bc2590001d92557,857,1,73,left-5,left,left-dark,dark-up,greater-up,dual,2026-03-03 16:12:51.0380000
25540,63e534e8ae837950bc60d88b,1122,1,52,right-8,right,right-dark,dark-up,greater-up,dual,2026-03-03 16:12:53.9400000
25541,5d1636739bc2590001d92557,1131,1,74,left-1,left,left-dark,dark-up,greater-up,dual,2026-03-03 16:12:54.7910000
25542,63e534e8ae837950bc60d88b,1805,0,53,right-2,right,right-dark,dark-up,fewer-up,dual,2026-03-03 16:12:57.2740000
25543,5d1636739bc2590001d92557,1676,1,75,right-9,right,right-dark,dark-up,greater-up,dual,2026-03-03 16:12:57.7410000
25544,63e534e8ae837950bc60d88b,1475,1,54,right-2,right,right-dark,light-up,fewer-up,dual,2026-03-03 16:13:00.4430000
25545,5d1636739bc2590001d92557,1307,1,76,right-2,left,right-dark,dark-up,fewer-up,dual,2026-03-03 16:13:01.0850000
25546,63e534e8ae837950bc60d88b,1046,1,55,right-4,right,right-dark,dark-up,greater-up,dual,2026-03-03 16:13:03.7920000
25547,5d1636739bc2590001d92557,1270,1,77,left-4,left,left-dark,light-up,fewer-up,dual,2026-03-03 16:13:03.9330000
25548,63e534e8ae837950bc60d88b,1247,0,56,right-0,right,right-dark,light-up,greater-up,dual,2026-03-03 16:13:06.5490000
25549,5d1636739bc2590001d92557,1365,1,78,left-7,right,left-dark,light-up,greater-up,dual,2026-03-03 16:13:07.6970000
25550,63e534e8ae837950bc60d88b,1390,1,57,left-4,left,left-dark,light-up,fewer-up,dual,2026-03-03 16:13:09.6860000
25551,5d1636739bc2590001d92557,1622,1,79,right-1,right,right-dark,light-up,fewer-up,dual,2026-03-03 16:13:11.4940000
25552,63e534e8ae837950bc60d88b,1202,1,58,left-1,left,left-dark,light-up,fewer-up,dual,2026-03-03 16:13:12.7930000
25553,63e534e8ae837950bc60d88b,1663,0,59,right-8,right,right-dark,light-up,greater-up,dual,2026-03-03 16:13:16.1440000
25554,63e534e8ae837950bc60d88b,1345,1,60,left-3,left,left-dark,light-up,fewer-up,dual,2026-03-03 16:13:23.4970000
25555,63e534e8ae837950bc60d88b,1648,1,61,right-6,left,right-dark,light-up,greater-up,dual,2026-03-03 16:13:26.9500000
25556,63e534e8ae837950bc60d88b,972,1,62,right-4,left,right-dark,light-up,greater-up,dual,2026-03-03 16:13:30.1570000
25557,63e534e8ae837950bc60d88b,1564,0,63,left-6,right,left-dark,light-up,fewer-up,dual,2026-03-03 16:13:33.5260000
25558,63e534e8ae837950bc60d88b,909,1,64,left-6,left,left-dark,dark-up,greater-up,dual,2026-03-03 16:13:36.5950000
25559,63e534e8ae837950bc60d88b,1353,1,65,left-3,right,left-dark,dark-up,fewer-up,dual,2026-03-03 16:13:40.3810000
25560,63e534e8ae837950bc60d88b,1253,1,66,right-4,left,right-dark,dark-up,fewer-up,dual,2026-03-03 16:13:42.9590000
25561,63e534e8ae837950bc60d88b,1297,1,67,right-9,left,right-dark,dark-up,fewer-up,dual,2026-03-03 16:13:46.4720000
25562,63e534e8ae837950bc60d88b,1102,1,68,left-8,right,left-dark,light-up,greater-up,dual,2026-03-03 16:13:50.0160000
25563,63e534e8ae837950bc60d88b,1246,1,69,right-5,left,right-dark,dark-up,fewer-up,dual,2026-03-03 16:13:53.8080000
25564,63e534e8ae837950bc60d88b,1386,1,70,right-1,left,right-dark,light-up,greater-up,dual,2026-03-03 16:13:57.0400000
25565,63e534e8ae837950bc60d88b,1154,1,71,right-5,right,right-dark,dark-up,greater-up,dual,2026-03-03 16:13:59.5030000
25566,63e534e8ae837950bc60d88b,1201,1,72,right-8,left,right-dark,dark-up,fewer-up,dual,2026-03-03 16:14:03.4260000
25567,63e534e8ae837950bc60d88b,1185,1,73,left-7,right,left-dark,dark-up,fewer-up,dual,2026-03-03 16:14:06.7530000
25568,63e534e8ae837950bc60d88b,1208,1,74,right-3,right,right-dark,dark-up,greater-up,dual,2026-03-03 16:14:10.6080000
25569,63e534e8ae837950bc60d88b,1157,1,75,right-7,right,right-dark,dark-up,greater-up,dual,2026-03-03 16:14:13.9170000
25570,63e534e8ae837950bc60d88b,1698,1,76,left-1,left,left-dark,dark-up,greater-up,dual,2026-03-03 16:14:16.8920000
25571,63e534e8ae837950bc60d88b,NULL,0,77,right-3,none,right-dark,light-up,greater-up,dual,2026-03-03 16:14:20.4960000
25572,63e534e8ae837950bc60d88b,1618,1,78,right-0,right,right-dark,light-up,fewer-up,dual,2026-03-03 16:14:24.7110000
25573,63e534e8ae837950bc60d88b,899,1,79,right-0,right,right-dark,dark-up,greater-up,dual,2026-03-03 16:14:27.2100000
25574,67b9d746fcdac8285c79cb7e,1678,1,0,left-0,left,left-dark,light-up,fewer-up,dual,2026-03-03 16:16:36.3690000
25575,67b9d746fcdac8285c79cb7e,1086,1,1,right-2,right,right-dark,dark-up,greater-up,dual,2026-03-03 16:16:38.9720000
25576,67b9d746fcdac8285c79cb7e,1396,1,2,right-3,left,right-dark,light-up,greater-up,dual,2026-03-03 16:16:42.3310000
25577,67b9d746fcdac8285c79cb7e,NULL,0,3,right-0,none,right-dark,light-up,greater-up,dual,2026-03-03 16:16:45.2760000
25578,67b9d746fcdac8285c79cb7e,1598,0,4,left-1,left,left-dark,dark-up,fewer-up,dual,2026-03-03 16:16:50.4000000
25579,67b9d746fcdac8285c79cb7e,1547,1,5,left-7,left,left-dark,dark-up,greater-up,dual,2026-03-03 16:16:53.3990000
25580,67b9d746fcdac8285c79cb7e,1253,1,6,left-2,right,left-dark,dark-up,fewer-up,dual,2026-03-03 16:16:56.8300000
25581,67b9d746fcdac8285c79cb7e,1750,1,7,right-6,right,right-dark,light-up,fewer-up,dual,2026-03-03 16:17:00.2910000
25582,67b9d746fcdac8285c79cb7e,1507,1,8,left-8,right,left-dark,light-up,greater-up,dual,2026-03-03 16:17:03.8400000
25583,67b9d746fcdac8285c79cb7e,NULL,0,9,left-7,none,left-dark,light-up,greater-up,dual,2026-03-03 16:17:06.7410000
25584,67b9d746fcdac8285c79cb7e,1047,0,10,right-2,left,right-dark,light-up,fewer-up,dual,2026-03-03 16:17:10.7850000
25585,67b9d746fcdac8285c79cb7e,NULL,0,11,right-2,none,right-dark,light-up,greater-up,dual,2026-03-03 16:17:13.8730000
25586,67b9d746fcdac8285c79cb7e,816,0,12,right-7,right,right-dark,light-up,greater-up,dual,2026-03-03 16:17:17.8270000
25587,67b9d746fcdac8285c79cb7e,855,1,13,left-6,left,left-dark,dark-up,greater-up,dual,2026-03-03 16:17:21.4360000
25588,67b9d746fcdac8285c79cb7e,NULL,0,14,left-5,none,left-dark,light-up,fewer-up,dual,2026-03-03 16:17:24.2620000
25589,67b9d746fcdac8285c79cb7e,667,0,15,left-0,left,left-dark,light-up,greater-up,dual,2026-03-03 16:17:28.4410000
25590,67b9d746fcdac8285c79cb7e,887,1,16,left-6,left,left-dark,light-up,fewer-up,dual,2026-03-03 16:17:30.8280000
25591,67b9d746fcdac8285c79cb7e,1194,1,17,right-1,right,right-dark,dark-up,greater-up,dual,2026-03-03 16:17:33.7790000
25592,67b9d746fcdac8285c79cb7e,1407,0,18,left-1,right,left-dark,light-up,fewer-up,dual,2026-03-03 16:17:36.9900000
25593,67b9d746fcdac8285c79cb7e,949,1,19,right-9,right,right-dark,light-up,fewer-up,dual,2026-03-03 16:17:39.5930000
25594,67b9d746fcdac8285c79cb7e,1228,0,20,right-8,right,right-dark,light-up,greater-up,dual,2026-03-03 16:17:50.3310000
25595,67b9d746fcdac8285c79cb7e,1744,0,21,left-3,right,left-dark,light-up,fewer-up,dual,2026-03-03 16:17:53.4970000
25596,67b9d746fcdac8285c79cb7e,1452,0,22,right-5,right,right-dark,light-up,greater-up,dual,2026-03-03 16:17:56.2640000
25597,67b9d746fcdac8285c79cb7e,1350,1,23,right-9,right,right-dark,dark-up,greater-up,dual,2026-03-03 16:17:59.6630000
25598,67b9d746fcdac8285c79cb7e,1430,0,24,right-2,right,right-dark,dark-up,fewer-up,dual,2026-03-03 16:18:03.5150000
25599,67b9d746fcdac8285c79cb7e,887,0,25,right-3,left,right-dark,light-up,fewer-up,dual,2026-03-03 16:18:06.1130000
25600,67b9d746fcdac8285c79cb7e,797,0,26,right-1,right,right-dark,dark-up,fewer-up,dual,2026-03-03 16:18:09.4470000
25601,67b9d746fcdac8285c79cb7e,1819,0,27,right-8,right,right-dark,dark-up,fewer-up,dual,2026-03-03 16:18:12.7410000
25602,67b9d746fcdac8285c79cb7e,1316,1,28,left-8,left,left-dark,light-up,fewer-up,dual,2026-03-03 16:18:16.0840000
25603,67b9d746fcdac8285c79cb7e,NULL,0,29,left-2,none,left-dark,light-up,fewer-up,dual,2026-03-03 16:18:19.7040000
25604,67b9d746fcdac8285c79cb7e,1063,0,30,left-3,left,left-dark,dark-up,fewer-up,dual,2026-03-03 16:18:23.9450000
25605,67b9d746fcdac8285c79cb7e,1544,1,31,left-9,right,left-dark,light-up,greater-up,dual,2026-03-03 16:18:28.1080000
25606,67b9d746fcdac8285c79cb7e,1322,0,32,right-4,right,right-dark,light-up,greater-up,dual,2026-03-03 16:18:32.1150000
25607,67b9d746fcdac8285c79cb7e,1951,1,33,left-9,left,left-dark,dark-up,greater-up,dual,2026-03-03 16:18:36.4760000
25608,67b9d746fcdac8285c79cb7e,1881,1,34,left-0,right,left-dark,dark-up,fewer-up,dual,2026-03-03 16:18:40.1640000
25609,67b9d746fcdac8285c79cb7e,1923,0,35,right-7,left,right-dark,dark-up,greater-up,dual,2026-03-03 16:18:43.8970000
25610,67b9d746fcdac8285c79cb7e,1736,1,36,left-5,left,left-dark,dark-up,greater-up,dual,2026-03-03 16:18:47.3420000
25611,67b9d746fcdac8285c79cb7e,1988,1,37,left-4,left,left-dark,light-up,fewer-up,dual,2026-03-03 16:18:50.8260000
25612,67b9d746fcdac8285c79cb7e,1743,1,38,right-6,left,right-dark,light-up,greater-up,dual,2026-03-03 16:18:54.5440000
25613,67b9d746fcdac8285c79cb7e,NULL,0,39,right-0,none,right-dark,dark-up,fewer-up,dual,2026-03-03 16:18:57.6630000
25614,67b9d746fcdac8285c79cb7e,1473,1,40,left-6,right,left-dark,light-up,greater-up,dual,2026-03-03 16:19:07.4570000
25615,67b9d746fcdac8285c79cb7e,925,1,41,left-8,left,left-dark,dark-up,greater-up,dual,2026-03-03 16:19:10.4790000
25616,67b9d746fcdac8285c79cb7e,861,1,42,left-4,left,left-dark,dark-up,greater-up,dual,2026-03-03 16:19:13.8870000
25617,67b9d746fcdac8285c79cb7e,937,1,43,left-9,right,left-dark,dark-up,fewer-up,dual,2026-03-03 16:19:16.2430000
25618,67b9d746fcdac8285c79cb7e,990,1,44,right-4,left,right-dark,dark-up,fewer-up,dual,2026-03-03 16:19:19.4970000
25619,67b9d746fcdac8285c79cb7e,1345,1,45,left-7,left,left-dark,light-up,fewer-up,dual,2026-03-03 16:19:22.7440000
25620,67b9d746fcdac8285c79cb7e,1489,1,46,left-4,right,left-dark,dark-up,fewer-up,dual,2026-03-03 16:19:26.0080000
25621,67b9d746fcdac8285c79cb7e,1837,1,47,left-4,right,left-dark,light-up,greater-up,dual,2026-03-03 16:19:30.0800000
25622,67b9d746fcdac8285c79cb7e,1240,0,48,right-4,left,right-dark,dark-up,greater-up,dual,2026-03-03 16:19:33.0010000
25623,67b9d746fcdac8285c79cb7e,1779,1,49,left-3,right,left-dark,light-up,greater-up,dual,2026-03-03 16:19:37.4640000
25624,67b9d746fcdac8285c79cb7e,1214,1,50,left-5,right,left-dark,light-up,greater-up,dual,2026-03-03 16:19:40.1700000
25625,67b9d746fcdac8285c79cb7e,1794,1,51,left-9,left,left-dark,light-up,fewer-up,dual,2026-03-03 16:19:43.2430000
25626,67b9d746fcdac8285c79cb7e,1562,0,52,right-1,right,right-dark,light-up,greater-up,dual,2026-03-03 16:19:47.1910000
25627,67b9d746fcdac8285c79cb7e,NULL,0,53,left-3,none,left-dark,dark-up,greater-up,dual,2026-03-03 16:19:50.4070000
25628,67b9d746fcdac8285c79cb7e,1263,1,54,right-8,right,right-dark,dark-up,greater-up,dual,2026-03-03 16:19:53.8960000
25629,67b9d746fcdac8285c79cb7e,1323,1,55,right-0,right,right-dark,light-up,fewer-up,dual,2026-03-03 16:19:57.7910000
25630,67b9d746fcdac8285c79cb7e,1921,1,56,left-5,right,left-dark,dark-up,fewer-up,dual,2026-03-03 16:20:02.2290000
25631,67b9d746fcdac8285c79cb7e,1770,1,57,right-7,left,right-dark,dark-up,fewer-up,dual,2026-03-03 16:20:05.9180000
25632,67b9d746fcdac8285c79cb7e,1283,1,58,right-9,left,right-dark,dark-up,fewer-up,dual,2026-03-03 16:20:09.8310000
25633,67b9d746fcdac8285c79cb7e,NULL,0,59,right-1,none,right-dark,light-up,fewer-up,dual,2026-03-03 16:20:13.0130000
25634,67b9d746fcdac8285c79cb7e,1291,1,60,right-7,right,right-dark,light-up,fewer-up,dual,2026-03-03 16:20:21.8970000
25635,67b9d746fcdac8285c79cb7e,1569,1,61,right-9,left,right-dark,light-up,greater-up,dual,2026-03-03 16:20:26.1450000
25636,67b9d746fcdac8285c79cb7e,949,1,62,left-2,left,left-dark,dark-up,greater-up,dual,2026-03-03 16:20:29.6230000
25637,67b9d746fcdac8285c79cb7e,1536,1,63,left-7,right,left-dark,dark-up,fewer-up,dual,2026-03-03 16:20:33.1280000
25638,67b9d746fcdac8285c79cb7e,1164,1,64,right-5,left,right-dark,dark-up,fewer-up,dual,2026-03-03 16:20:36.8290000
25639,67b9d746fcdac8285c79cb7e,1237,1,65,left-8,right,left-dark,dark-up,fewer-up,dual,2026-03-03 16:20:40.6440000
25640,67b9d746fcdac8285c79cb7e,1261,1,66,right-5,right,right-dark,dark-up,greater-up,dual,2026-03-03 16:20:43.4230000
25641,67b9d746fcdac8285c79cb7e,1087,1,67,left-0,left,left-dark,dark-up,greater-up,dual,2026-03-03 16:20:47.0270000
25642,67b9d746fcdac8285c79cb7e,1292,1,68,right-6,right,right-dark,dark-up,greater-up,dual,2026-03-03 16:20:51.0430000
25643,67b9d746fcdac8285c79cb7e,1105,1,69,right-0,right,right-dark,dark-up,greater-up,dual,2026-03-03 16:20:54.5550000
25644,67b9d746fcdac8285c79cb7e,1579,1,70,right-3,right,right-dark,dark-up,greater-up,dual,2026-03-03 16:20:57.7700000
25645,67b9d746fcdac8285c79cb7e,1532,1,71,right-5,right,right-dark,light-up,fewer-up,dual,2026-03-03 16:21:00.8260000
25646,67b9d746fcdac8285c79cb7e,1574,1,72,left-2,right,left-dark,light-up,greater-up,dual,2026-03-03 16:21:03.7740000
25647,67b9d746fcdac8285c79cb7e,1294,1,73,right-8,right,right-dark,light-up,fewer-up,dual,2026-03-03 16:21:07.2390000
25648,67b9d746fcdac8285c79cb7e,1279,1,74,right-3,left,right-dark,dark-up,fewer-up,dual,2026-03-03 16:21:10.8900000
25649,67b9d746fcdac8285c79cb7e,1267,0,75,left-1,right,left-dark,dark-up,greater-up,dual,2026-03-03 16:21:13.6860000
25650,67b9d746fcdac8285c79cb7e,1798,1,76,left-6,right,left-dark,dark-up,fewer-up,dual,2026-03-03 16:21:17.6800000
25651,67b9d746fcdac8285c79cb7e,1375,1,77,left-1,right,left-dark,light-up,greater-up,dual,2026-03-03 16:21:21.2300000
25652,67b9d746fcdac8285c79cb7e,1348,1,78,right-4,right,right-dark,light-up,fewer-up,dual,2026-03-03 16:21:25.2610000
25653,67b9d746fcdac8285c79cb7e,1562,1,79,right-6,left,right-dark,dark-up,fewer-up,dual,2026-03-03 16:21:29.1960000
25654,665f2adf1d853c1e880b06be,1315,1,0,right-7,left,right-dark,light-up,greater-up,dual,2026-03-03 17:13:03.2480000
25655,665f2adf1d853c1e880b06be,1640,1,1,left-5,left,left-dark,light-up,fewer-up,dual,2026-03-03 17:13:07.0540000
25656,665f2adf1d853c1e880b06be,1057,1,2,right-3,right,right-dark,light-up,fewer-up,dual,2026-03-03 17:13:09.7810000
25657,665f2adf1d853c1e880b06be,1023,1,3,left-3,left,left-dark,dark-up,greater-up,dual,2026-03-03 17:13:12.6460000
25658,665f2adf1d853c1e880b06be,1369,1,4,left-2,right,left-dark,light-up,greater-up,dual,2026-03-03 17:13:16.1800000
25659,665f2adf1d853c1e880b06be,1456,1,5,right-0,right,right-dark,dark-up,greater-up,dual,2026-03-03 17:13:19.6890000
25660,665f2adf1d853c1e880b06be,1569,1,6,right-6,right,right-dark,dark-up,greater-up,dual,2026-03-03 17:13:23.2030000
25661,665f2adf1d853c1e880b06be,1442,1,7,left-2,right,left-dark,dark-up,fewer-up,dual,2026-03-03 17:13:26.4280000
25662,665f2adf1d853c1e880b06be,1419,1,8,right-4,left,right-dark,dark-up,fewer-up,dual,2026-03-03 17:13:30.5940000
25663,665f2adf1d853c1e880b06be,1755,1,9,left-4,left,left-dark,dark-up,greater-up,dual,2026-03-03 17:13:34.9530000
25664,665f2adf1d853c1e880b06be,1825,1,10,right-1,left,right-dark,dark-up,fewer-up,dual,2026-03-03 17:13:39.5680000
25665,665f2adf1d853c1e880b06be,1651,1,11,right-8,right,right-dark,dark-up,greater-up,dual,2026-03-03 17:13:42.8900000
25666,665f2adf1d853c1e880b06be,1634,0,12,left-3,right,left-dark,light-up,fewer-up,dual,2026-03-03 17:13:46.6490000
25667,665f2adf1d853c1e880b06be,1661,1,13,right-0,right,right-dark,light-up,fewer-up,dual,2026-03-03 17:13:50.1930000
25668,665f2adf1d853c1e880b06be,1149,1,14,left-7,right,left-dark,dark-up,fewer-up,dual,2026-03-03 17:13:53.4590000
25669,665f2adf1d853c1e880b06be,1282,1,15,right-0,left,right-dark,dark-up,fewer-up,dual,2026-03-03 17:13:56.2910000
25670,665f2adf1d853c1e880b06be,1277,1,16,right-8,right,right-dark,light-up,fewer-up,dual,2026-03-03 17:14:00.2740000
25671,665f2adf1d853c1e880b06be,841,1,17,left-4,left,left-dark,light-up,fewer-up,dual,2026-03-03 17:14:03.1010000
25672,665f2adf1d853c1e880b06be,1843,1,18,left-2,left,left-dark,light-up,fewer-up,dual,2026-03-03 17:14:06.4850000
25673,665f2adf1d853c1e880b06be,1472,1,19,right-2,right,right-dark,dark-up,greater-up,dual,2026-03-03 17:14:10.3200000
25674,665f2adf1d853c1e880b06be,1769,1,20,right-0,left,right-dark,light-up,greater-up,dual,2026-03-03 17:14:16.4070000
25675,665f2adf1d853c1e880b06be,1503,1,21,left-1,right,left-dark,light-up,greater-up,dual,2026-03-03 17:14:20.1840000
25676,665f2adf1d853c1e880b06be,1286,1,22,left-8,right,left-dark,light-up,greater-up,dual,2026-03-03 17:14:23.2540000
25677,665f2adf1d853c1e880b06be,NULL,0,23,right-9,none,right-dark,dark-up,greater-up,dual,2026-03-03 17:14:26.8960000
25678,665f2adf1d853c1e880b06be,1404,1,24,left-1,left,left-dark,dark-up,greater-up,dual,2026-03-03 17:14:30.4840000
25679,665f2adf1d853c1e880b06be,1202,1,25,left-9,left,left-dark,light-up,fewer-up,dual,2026-03-03 17:14:34.5170000
25680,665f2adf1d853c1e880b06be,894,1,26,right-7,right,right-dark,dark-up,greater-up,dual,2026-03-03 17:14:38.1870000
25681,665f2adf1d853c1e880b06be,1356,1,27,left-3,right,left-dark,dark-up,fewer-up,dual,2026-03-03 17:14:41.5430000
25682,665f2adf1d853c1e880b06be,1366,1,28,right-8,left,right-dark,light-up,greater-up,dual,2026-03-03 17:14:44.9240000
25683,665f2adf1d853c1e880b06be,1171,1,29,right-1,right,right-dark,dark-up,greater-up,dual,2026-03-03 17:14:48.4860000
25684,665f2adf1d853c1e880b06be,1141,1,30,left-6,right,left-dark,dark-up,fewer-up,dual,2026-03-03 17:14:51.1540000
25685,665f2adf1d853c1e880b06be,1486,1,31,left-0,left,left-dark,dark-up,greater-up,dual,2026-03-03 17:14:54.2690000
25686,665f2adf1d853c1e880b06be,1070,1,32,left-8,left,left-dark,dark-up,greater-up,dual,2026-03-03 17:14:57.7480000
25687,665f2adf1d853c1e880b06be,948,0,33,right-7,right,right-dark,dark-up,fewer-up,dual,2026-03-03 17:15:01.1390000
25688,665f2adf1d853c1e880b06be,1141,1,34,right-6,left,right-dark,light-up,greater-up,dual,2026-03-03 17:15:04.1440000
25689,665f2adf1d853c1e880b06be,1234,1,35,left-5,left,left-dark,dark-up,greater-up,dual,2026-03-03 17:15:06.7480000
25690,665f2adf1d853c1e880b06be,1151,1,36,left-0,right,left-dark,light-up,greater-up,dual,2026-03-03 17:15:09.3900000
25691,665f2adf1d853c1e880b06be,1020,1,37,left-4,right,left-dark,dark-up,fewer-up,dual,2026-03-03 17:15:13.0180000
25692,665f2adf1d853c1e880b06be,1645,0,38,right-3,right,right-dark,light-up,greater-up,dual,2026-03-03 17:15:16.1530000
25693,665f2adf1d853c1e880b06be,1197,1,39,right-4,right,right-dark,light-up,fewer-up,dual,2026-03-03 17:15:18.6430000
25694,665f2adf1d853c1e880b06be,1170,1,40,right-1,left,right-dark,light-up,greater-up,dual,2026-03-03 17:15:24.3410000
25695,665f2adf1d853c1e880b06be,871,1,41,right-3,right,right-dark,dark-up,greater-up,dual,2026-03-03 17:15:27.0230000
25696,665f2adf1d853c1e880b06be,1125,1,42,right-7,right,right-dark,light-up,fewer-up,dual,2026-03-03 17:15:30.5580000
25697,665f2adf1d853c1e880b06be,815,1,43,left-2,left,left-dark,dark-up,greater-up,dual,2026-03-03 17:15:33.4340000
25698,665f2adf1d853c1e880b06be,870,1,44,left-9,right,left-dark,dark-up,fewer-up,dual,2026-03-03 17:15:35.6610000
25699,665f2adf1d853c1e880b06be,1164,1,45,right-5,right,right-dark,light-up,fewer-up,dual,2026-03-03 17:15:38.9630000
25700,665f2adf1d853c1e880b06be,1738,0,46,right-6,left,right-dark,light-up,fewer-up,dual,2026-03-03 17:15:43.4630000
25701,665f2adf1d853c1e880b06be,1020,1,47,left-1,right,left-dark,dark-up,fewer-up,dual,2026-03-03 17:15:46.9690000
25702,665f2adf1d853c1e880b06be,1206,1,48,left-8,left,left-dark,light-up,fewer-up,dual,2026-03-03 17:15:49.6800000
25703,665f2adf1d853c1e880b06be,1355,1,49,left-9,left,left-dark,dark-up,greater-up,dual,2026-03-03 17:15:53.3610000
25704,665f2adf1d853c1e880b06be,998,1,50,right-9,left,right-dark,dark-up,fewer-up,dual,2026-03-03 17:15:56.6460000
25705,665f2adf1d853c1e880b06be,1171,1,51,right-6,left,right-dark,dark-up,fewer-up,dual,2026-03-03 17:16:00.5750000
25706,665f2adf1d853c1e880b06be,1815,1,52,left-8,right,left-dark,dark-up,fewer-up,dual,2026-03-03 17:16:04.2680000
25707,665f2adf1d853c1e880b06be,1259,1,53,left-6,left,left-dark,dark-up,greater-up,dual,2026-03-03 17:16:07.7540000
25708,665f2adf1d853c1e880b06be,1226,1,54,right-5,right,right-dark,dark-up,greater-up,dual,2026-03-03 17:16:10.6960000
25709,665f2adf1d853c1e880b06be,1870,1,55,right-2,left,right-dark,light-up,greater-up,dual,2026-03-03 17:16:13.9830000
25710,665f2adf1d853c1e880b06be,1685,1,56,left-6,left,left-dark,light-up,fewer-up,dual,2026-03-03 17:16:18.1180000
25711,665f2adf1d853c1e880b06be,964,1,57,right-8,left,right-dark,dark-up,fewer-up,dual,2026-03-03 17:16:21.5160000
25712,665f2adf1d853c1e880b06be,1733,1,58,left-7,left,left-dark,dark-up,greater-up,dual,2026-03-03 17:16:25.0980000
25713,665f2adf1d853c1e880b06be,1423,1,59,right-2,right,right-dark,light-up,fewer-up,dual,2026-03-03 17:16:28.4340000
25714,665f2adf1d853c1e880b06be,1102,1,60,left-7,right,left-dark,light-up,greater-up,dual,2026-03-03 17:16:34.5170000
25715,665f2adf1d853c1e880b06be,1158,1,61,right-9,right,right-dark,light-up,fewer-up,dual,2026-03-03 17:16:38.1630000
25716,665f2adf1d853c1e880b06be,1072,1,62,right-1,right,right-dark,light-up,fewer-up,dual,2026-03-03 17:16:41.8230000
25717,665f2adf1d853c1e880b06be,1535,1,63,left-0,right,left-dark,dark-up,fewer-up,dual,2026-03-03 17:16:44.8950000
25718,665f2adf1d853c1e880b06be,1656,1,64,right-5,left,right-dark,light-up,greater-up,dual,2026-03-03 17:16:49.2770000
25719,665f2adf1d853c1e880b06be,1555,1,65,right-4,left,right-dark,light-up,greater-up,dual,2026-03-03 17:16:52.9380000
25720,665f2adf1d853c1e880b06be,1479,0,66,left-1,right,left-dark,light-up,fewer-up,dual,2026-03-03 17:16:56.4160000
25721,665f2adf1d853c1e880b06be,1780,1,67,left-5,right,left-dark,light-up,greater-up,dual,2026-03-03 17:16:59.9630000
25722,665f2adf1d853c1e880b06be,1122,1,68,right-4,right,right-dark,dark-up,greater-up,dual,2026-03-03 17:17:03.3940000
25723,665f2adf1d853c1e880b06be,1411,1,69,right-2,left,right-dark,dark-up,fewer-up,dual,2026-03-03 17:17:06.5280000
25724,665f2adf1d853c1e880b06be,1101,1,70,left-9,right,left-dark,light-up,greater-up,dual,2026-03-03 17:17:10.0960000
25725,665f2adf1d853c1e880b06be,1388,1,71,right-9,left,right-dark,light-up,greater-up,dual,2026-03-03 17:17:12.9670000
25726,665f2adf1d853c1e880b06be,1598,1,72,left-0,left,left-dark,light-up,fewer-up,dual,2026-03-03 17:17:16.4040000
25727,665f2adf1d853c1e880b06be,1478,0,73,left-5,left,left-dark,dark-up,fewer-up,dual,2026-03-03 17:17:20.4760000
25728,665f2adf1d853c1e880b06be,1735,1,74,right-5,left,right-dark,dark-up,fewer-up,dual,2026-03-03 17:17:23.6880000
25729,665f2adf1d853c1e880b06be,1433,1,75,right-3,left,right-dark,dark-up,fewer-up,dual,2026-03-03 17:17:27.8670000
25730,665f2adf1d853c1e880b06be,1161,1,76,left-6,right,left-dark,light-up,greater-up,dual,2026-03-03 17:17:31.0430000
25731,665f2adf1d853c1e880b06be,1107,1,77,left-7,left,left-dark,light-up,fewer-up,dual,2026-03-03 17:17:34.2230000
25732,665f2adf1d853c1e880b06be,NULL,0,78,left-4,none,left-dark,light-up,greater-up,dual,2026-03-03 17:17:36.9570000
25733,665f2adf1d853c1e880b06be,1229,1,79,left-3,right,left-dark,light-up,greater-up,dual,2026-03-03 17:17:40.9780000
25734,649d809191fa2e4b6e84c69e,1292,1,0,right-7,left,right-dark,dark-up,fewer-up,single,2026-03-03 18:50:02.9670000
25735,649d809191fa2e4b6e84c69e,1275,1,1,left-8,left,left-dark,light-up,fewer-up,single,2026-03-03 18:50:07.1850000
25736,649d809191fa2e4b6e84c69e,888,1,2,left-6,left,left-dark,light-up,fewer-up,single,2026-03-03 18:50:10.4840000
25737,649d809191fa2e4b6e84c69e,1061,1,3,left-1,left,left-dark,dark-up,greater-up,single,2026-03-03 18:50:13.6340000
25738,649d809191fa2e4b6e84c69e,1197,1,4,left-1,right,left-dark,dark-up,fewer-up,single,2026-03-03 18:50:17.5500000
25739,649d809191fa2e4b6e84c69e,1067,1,5,right-3,left,right-dark,dark-up,fewer-up,single,2026-03-03 18:50:20.0850000
25740,649d809191fa2e4b6e84c69e,1403,1,6,right-2,right,right-dark,light-up,fewer-up,single,2026-03-03 18:50:23.7990000
25741,649d809191fa2e4b6e84c69e,1001,1,7,left-1,left,left-dark,light-up,fewer-up,single,2026-03-03 18:50:26.8170000
25742,649d809191fa2e4b6e84c69e,1018,1,8,left-9,right,left-dark,dark-up,fewer-up,single,2026-03-03 18:50:29.7670000
25743,649d809191fa2e4b6e84c69e,1098,1,9,left-4,right,left-dark,dark-up,fewer-up,single,2026-03-03 18:50:33.6300000
25744,649d809191fa2e4b6e84c69e,1557,1,10,left-6,left,left-dark,dark-up,greater-up,single,2026-03-03 18:50:36.7450000
25745,649d809191fa2e4b6e84c69e,1045,1,11,right-0,right,right-dark,light-up,fewer-up,single,2026-03-03 18:50:40.5370000
25746,649d809191fa2e4b6e84c69e,934,1,12,left-3,left,left-dark,light-up,fewer-up,single,2026-03-03 18:50:44.1170000
25747,649d809191fa2e4b6e84c69e,1354,1,13,left-4,left,left-dark,dark-up,greater-up,single,2026-03-03 18:50:46.8670000
25748,649d809191fa2e4b6e84c69e,966,1,14,left-7,left,left-dark,dark-up,greater-up,single,2026-03-03 18:50:50.7020000
25749,649d809191fa2e4b6e84c69e,1131,1,15,right-1,right,right-dark,dark-up,greater-up,single,2026-03-03 18:50:54.6660000
25750,649d809191fa2e4b6e84c69e,NULL,0,16,right-3,none,right-dark,dark-up,greater-up,single,2026-03-03 18:50:57.8000000
25751,649d809191fa2e4b6e84c69e,1100,1,17,left-8,right,left-dark,light-up,greater-up,single,2026-03-03 18:51:02.0970000
25752,649d809191fa2e4b6e84c69e,1405,1,18,left-8,right,left-dark,dark-up,fewer-up,single,2026-03-03 18:51:05.9170000
25753,649d809191fa2e4b6e84c69e,1371,1,19,left-9,right,left-dark,light-up,greater-up,single,2026-03-03 18:51:09.9150000
25754,649d809191fa2e4b6e84c69e,1435,1,20,right-4,left,right-dark,dark-up,fewer-up,single,2026-03-03 18:51:17.1810000
25755,649d809191fa2e4b6e84c69e,1645,1,21,right-7,left,right-dark,light-up,greater-up,single,2026-03-03 18:51:20.4660000
25756,649d809191fa2e4b6e84c69e,1253,1,22,left-6,right,left-dark,dark-up,fewer-up,single,2026-03-03 18:51:23.4570000
25757,649d809191fa2e4b6e84c69e,1259,1,23,right-0,left,right-dark,light-up,greater-up,single,2026-03-03 18:51:26.0800000
25758,649d809191fa2e4b6e84c69e,1002,1,24,right-1,right,right-dark,light-up,fewer-up,single,2026-03-03 18:51:29.1490000
25759,649d809191fa2e4b6e84c69e,890,1,25,left-2,left,left-dark,dark-up,greater-up,single,2026-03-03 18:51:32.8140000
25760,649d809191fa2e4b6e84c69e,986,1,26,left-0,right,left-dark,light-up,greater-up,single,2026-03-03 18:51:36.1810000
25761,649d809191fa2e4b6e84c69e,1197,1,27,left-3,right,left-dark,dark-up,fewer-up,single,2026-03-03 18:51:39.0170000
25762,649d809191fa2e4b6e84c69e,1045,1,28,right-4,right,right-dark,dark-up,greater-up,single,2026-03-03 18:51:41.8650000
25763,649d809191fa2e4b6e84c69e,870,1,29,right-0,right,right-dark,dark-up,greater-up,single,2026-03-03 18:51:44.3000000
25764,649d809191fa2e4b6e84c69e,1010,1,30,right-6,left,right-dark,dark-up,fewer-up,single,2026-03-03 18:51:48.0980000
25765,649d809191fa2e4b6e84c69e,1670,1,31,right-5,left,right-dark,dark-up,fewer-up,single,2026-03-03 18:51:52.1320000
25766,649d809191fa2e4b6e84c69e,938,1,32,right-9,left,right-dark,light-up,greater-up,single,2026-03-03 18:51:54.9810000
25767,649d809191fa2e4b6e84c69e,1182,1,33,right-8,right,right-dark,dark-up,greater-up,single,2026-03-03 18:51:57.6830000
25768,649d809191fa2e4b6e84c69e,997,1,34,left-0,left,left-dark,dark-up,greater-up,single,2026-03-03 18:52:01.0820000
25769,649d809191fa2e4b6e84c69e,1334,1,35,right-5,left,right-dark,light-up,greater-up,single,2026-03-03 18:52:04.2660000
25770,649d809191fa2e4b6e84c69e,1177,1,36,left-4,left,left-dark,light-up,fewer-up,single,2026-03-03 18:52:07.7150000
25771,649d809191fa2e4b6e84c69e,832,1,37,right-5,right,right-dark,dark-up,greater-up,single,2026-03-03 18:52:10.4110000
25772,649d809191fa2e4b6e84c69e,803,1,38,left-3,left,left-dark,dark-up,greater-up,single,2026-03-03 18:52:13.7970000
25773,649d809191fa2e4b6e84c69e,839,1,39,right-9,right,right-dark,dark-up,greater-up,single,2026-03-03 18:52:17.0020000
25774,649d809191fa2e4b6e84c69e,1092,1,40,right-2,right,right-dark,dark-up,greater-up,single,2026-03-03 18:52:23.9170000
25775,649d809191fa2e4b6e84c69e,1306,1,41,right-2,left,right-dark,dark-up,fewer-up,single,2026-03-03 18:52:27.5650000
25776,649d809191fa2e4b6e84c69e,1144,1,42,left-1,right,left-dark,light-up,greater-up,single,2026-03-03 18:52:31.3330000
25777,61fa9062d42cb19beec49109,797,0,0,right-7,right,right-dark,light-up,greater-up,single,2026-03-03 18:52:35.3340000
25778,649d809191fa2e4b6e84c69e,1306,1,43,right-1,left,right-dark,dark-up,fewer-up,single,2026-03-03 18:52:34.4660000
25779,61fa9062d42cb19beec49109,846,0,1,left-1,left,left-dark,dark-up,fewer-up,single,2026-03-03 18:52:38.8170000
25780,649d809191fa2e4b6e84c69e,1243,1,44,right-8,left,right-dark,light-up,greater-up,single,2026-03-03 18:52:38.1650000
25781,61fa9062d42cb19beec49109,1343,1,2,right-9,left,right-dark,light-up,greater-up,single,2026-03-03 18:52:41.7010000
25782,649d809191fa2e4b6e84c69e,1109,1,45,left-2,right,left-dark,dark-up,fewer-up,single,2026-03-03 18:52:41.6470000
25783,61fa9062d42cb19beec49109,806,1,3,right-5,right,right-dark,dark-up,greater-up,single,2026-03-03 18:52:44.9900000
25784,649d809191fa2e4b6e84c69e,965,1,46,right-0,left,right-dark,dark-up,fewer-up,single,2026-03-03 18:52:45.4960000
25785,61fa9062d42cb19beec49109,961,1,4,right-7,right,right-dark,dark-up,greater-up,single,2026-03-03 18:52:47.2320000
25786,649d809191fa2e4b6e84c69e,1314,1,47,left-9,left,left-dark,light-up,fewer-up,single,2026-03-03 18:52:48.3980000
25787,61fa9062d42cb19beec49109,934,0,5,left-0,right,left-dark,light-up,fewer-up,single,2026-03-03 18:52:50.9670000
25788,649d809191fa2e4b6e84c69e,1120,1,48,left-6,right,left-dark,light-up,greater-up,single,2026-03-03 18:52:51.8990000
25789,61fa9062d42cb19beec49109,1247,1,6,right-2,right,right-dark,dark-up,greater-up,single,2026-03-03 18:52:54.7550000
25790,649d809191fa2e4b6e84c69e,1442,1,49,right-7,right,right-dark,light-up,fewer-up,single,2026-03-03 18:52:55.1840000
25791,61fa9062d42cb19beec49109,1575,1,7,left-7,left,left-dark,dark-up,greater-up,single,2026-03-03 18:52:57.7670000
25792,649d809191fa2e4b6e84c69e,1179,1,50,left-5,left,left-dark,light-up,fewer-up,single,2026-03-03 18:52:58.6120000
25793,61fa9062d42cb19beec49109,1117,1,8,right-4,left,right-dark,light-up,greater-up,single,2026-03-03 18:53:00.8520000
25794,649d809191fa2e4b6e84c69e,1215,1,51,right-3,left,right-dark,light-up,greater-up,single,2026-03-03 18:53:01.3640000
25795,61fa9062d42cb19beec49109,1125,1,9,right-3,right,right-dark,dark-up,greater-up,single,2026-03-03 18:53:04.1170000
25796,649d809191fa2e4b6e84c69e,1335,1,52,left-2,left,left-dark,light-up,fewer-up,single,2026-03-03 18:53:04.1080000
25797,61fa9062d42cb19beec49109,999,0,10,left-3,left,left-dark,dark-up,fewer-up,single,2026-03-03 18:53:07.0230000
25798,649d809191fa2e4b6e84c69e,1147,1,53,left-0,right,left-dark,dark-up,fewer-up,single,2026-03-03 18:53:07.4630000
25799,61fa9062d42cb19beec49109,803,1,11,right-8,right,right-dark,dark-up,greater-up,single,2026-03-03 18:53:10.0430000
25800,649d809191fa2e4b6e84c69e,1406,1,54,left-4,right,left-dark,light-up,greater-up,single,2026-03-03 18:53:10.9640000
25801,61fa9062d42cb19beec49109,863,0,12,right-3,right,right-dark,light-up,greater-up,single,2026-03-03 18:53:13.5030000
25802,649d809191fa2e4b6e84c69e,1157,1,55,right-1,left,right-dark,light-up,greater-up,single,2026-03-03 18:53:14.3420000
25803,61fa9062d42cb19beec49109,1417,1,13,right-0,left,right-dark,dark-up,fewer-up,single,2026-03-03 18:53:16.7420000
25804,649d809191fa2e4b6e84c69e,987,1,56,left-9,left,left-dark,dark-up,greater-up,single,2026-03-03 18:53:17.6360000
25805,61fa9062d42cb19beec49109,NULL,0,14,right-9,none,right-dark,light-up,fewer-up,single,2026-03-03 18:53:20.6190000
25806,649d809191fa2e4b6e84c69e,1051,1,57,left-3,right,left-dark,light-up,greater-up,single,2026-03-03 18:53:20.3630000
25807,649d809191fa2e4b6e84c69e,1011,1,58,right-4,right,right-dark,light-up,fewer-up,single,2026-03-03 18:53:24.0470000
25808,61fa9062d42cb19beec49109,1353,1,15,left-0,left,left-dark,dark-up,greater-up,single,2026-03-03 18:53:24.8770000
25809,61fa9062d42cb19beec49109,1035,1,16,right-9,left,right-dark,dark-up,fewer-up,single,2026-03-03 18:53:27.2020000
25810,649d809191fa2e4b6e84c69e,908,1,59,right-6,right,right-dark,dark-up,greater-up,single,2026-03-03 18:53:26.9140000
25811,61fa9062d42cb19beec49109,1094,1,17,right-1,left,right-dark,dark-up,fewer-up,single,2026-03-03 18:53:30.1160000
25812,61fa9062d42cb19beec49109,1506,1,18,left-7,right,left-dark,light-up,greater-up,single,2026-03-03 18:53:34.0690000
25813,61fa9062d42cb19beec49109,1176,1,19,right-6,right,right-dark,dark-up,greater-up,single,2026-03-03 18:53:37.3740000
25814,61fa9062d42cb19beec49109,1036,1,20,left-9,right,left-dark,light-up,greater-up,single,2026-03-03 18:53:45.6310000
25815,61fa9062d42cb19beec49109,1652,1,21,right-1,left,right-dark,light-up,greater-up,single,2026-03-03 18:53:49.5170000
25816,61fa9062d42cb19beec49109,880,0,22,left-6,left,left-dark,dark-up,fewer-up,single,2026-03-03 18:53:53.1510000
25817,61fa9062d42cb19beec49109,1436,1,23,left-5,left,left-dark,dark-up,greater-up,single,2026-03-03 18:53:57.1480000
25818,61fa9062d42cb19beec49109,1053,1,24,left-4,left,left-dark,light-up,fewer-up,single,2026-03-03 18:54:00.0510000
25819,61fa9062d42cb19beec49109,956,1,25,left-0,right,left-dark,light-up,greater-up,single,2026-03-03 18:54:02.7420000
25820,61fa9062d42cb19beec49109,925,1,26,right-9,right,right-dark,dark-up,greater-up,single,2026-03-03 18:54:05.1790000
25821,61fa9062d42cb19beec49109,1471,0,27,left-8,right,left-dark,light-up,fewer-up,single,2026-03-03 18:54:09.3420000
25822,61fa9062d42cb19beec49109,1727,0,28,left-3,left,left-dark,light-up,greater-up,single,2026-03-03 18:54:13.3760000
25823,61fa9062d42cb19beec49109,1531,0,29,right-1,left,right-dark,light-up,fewer-up,single,2026-03-03 18:54:16.5500000
25824,61fa9062d42cb19beec49109,740,0,30,left-2,right,left-dark,light-up,fewer-up,single,2026-03-03 18:54:20.1320000
25825,649d809191fa2e4b6e84c69e,1067,1,60,left-2,right,left-dark,light-up,greater-up,single,2026-03-03 18:54:21.1370000
25826,61fa9062d42cb19beec49109,1243,1,31,right-0,right,right-dark,dark-up,greater-up,single,2026-03-03 18:54:22.7340000
25827,649d809191fa2e4b6e84c69e,751,1,61,left-8,left,left-dark,dark-up,greater-up,single,2026-03-03 18:54:23.9960000
25828,61fa9062d42cb19beec49109,1150,1,32,right-3,right,right-dark,light-up,fewer-up,single,2026-03-03 18:54:25.3460000
25829,649d809191fa2e4b6e84c69e,757,1,62,left-5,left,left-dark,dark-up,greater-up,single,2026-03-03 18:54:26.2630000
25830,61fa9062d42cb19beec49109,1347,0,33,left-6,left,left-dark,light-up,greater-up,single,2026-03-03 18:54:28.5480000
25831,649d809191fa2e4b6e84c69e,1252,1,63,right-8,left,right-dark,dark-up,fewer-up,single,2026-03-03 18:54:29.1010000
25832,61fa9062d42cb19beec49109,834,0,34,left-5,right,left-dark,light-up,fewer-up,single,2026-03-03 18:54:31.4000000
25833,649d809191fa2e4b6e84c69e,694,1,64,left-7,right,left-dark,dark-up,fewer-up,single,2026-03-03 18:54:31.9290000
25834,61fa9062d42cb19beec49109,1220,1,35,right-1,right,right-dark,dark-up,greater-up,single,2026-03-03 18:54:34.4030000
25835,649d809191fa2e4b6e84c69e,751,1,65,right-9,left,right-dark,dark-up,fewer-up,single,2026-03-03 18:54:35.1290000
25836,61fa9062d42cb19beec49109,1312,1,36,left-1,left,left-dark,dark-up,greater-up,single,2026-03-03 18:54:37.4010000
25837,649d809191fa2e4b6e84c69e,896,1,66,right-8,right,right-dark,light-up,fewer-up,single,2026-03-03 18:54:38.7800000
25838,61fa9062d42cb19beec49109,1865,1,37,right-2,left,right-dark,dark-up,fewer-up,single,2026-03-03 18:54:41.2580000
25839,649d809191fa2e4b6e84c69e,1004,1,67,left-5,right,left-dark,dark-up,fewer-up,single,2026-03-03 18:54:42.4890000
25840,61fa9062d42cb19beec49109,1218,1,38,right-6,left,right-dark,light-up,greater-up,single,2026-03-03 18:54:44.6550000
25841,649d809191fa2e4b6e84c69e,1742,1,68,left-7,right,left-dark,light-up,greater-up,single,2026-03-03 18:54:45.8610000
25842,61fa9062d42cb19beec49109,1454,1,39,left-7,right,left-dark,dark-up,fewer-up,single,2026-03-03 18:54:48.0240000
25843,649d809191fa2e4b6e84c69e,833,1,69,right-4,left,right-dark,light-up,greater-up,single,2026-03-03 18:54:48.4170000
25844,649d809191fa2e4b6e84c69e,1114,1,70,right-3,right,right-dark,light-up,fewer-up,single,2026-03-03 18:54:51.6330000
25845,649d809191fa2e4b6e84c69e,1682,1,71,left-0,left,left-dark,light-up,fewer-up,single,2026-03-03 18:54:55.3340000
25846,61fa9062d42cb19beec49109,992,0,40,left-8,left,left-dark,light-up,greater-up,single,2026-03-03 18:54:56.7420000
25847,649d809191fa2e4b6e84c69e,916,1,72,left-5,right,left-dark,light-up,greater-up,single,2026-03-03 18:54:58.7460000
25848,61fa9062d42cb19beec49109,911,0,41,left-5,left,left-dark,dark-up,fewer-up,single,2026-03-03 18:55:00.2510000
25849,649d809191fa2e4b6e84c69e,1173,1,73,right-6,left,right-dark,light-up,greater-up,single,2026-03-03 18:55:01.6950000
25850,61fa9062d42cb19beec49109,1500,1,42,right-5,left,right-dark,dark-up,fewer-up,single,2026-03-03 18:55:03.7200000
25851,649d809191fa2e4b6e84c69e,1504,1,74,left-7,left,left-dark,light-up,fewer-up,single,2026-03-03 18:55:04.6750000
25852,61fa9062d42cb19beec49109,1429,1,43,left-1,right,left-dark,light-up,greater-up,single,2026-03-03 18:55:07.2630000
25853,649d809191fa2e4b6e84c69e,1090,1,75,right-7,right,right-dark,dark-up,greater-up,single,2026-03-03 18:55:07.5440000
25854,61fa9062d42cb19beec49109,1607,1,44,left-8,right,left-dark,dark-up,fewer-up,single,2026-03-03 18:55:10.8930000
25855,649d809191fa2e4b6e84c69e,1249,1,76,right-6,right,right-dark,light-up,fewer-up,single,2026-03-03 18:55:11.4450000
25856,61fa9062d42cb19beec49109,1071,1,45,left-2,right,left-dark,light-up,greater-up,single,2026-03-03 18:55:13.8370000
25857,649d809191fa2e4b6e84c69e,1257,1,77,right-9,right,right-dark,light-up,fewer-up,single,2026-03-03 18:55:14.1790000
25858,61fa9062d42cb19beec49109,985,1,46,left-9,left,left-dark,dark-up,greater-up,single,2026-03-03 18:55:16.5660000
25859,649d809191fa2e4b6e84c69e,1165,1,78,right-2,left,right-dark,light-up,greater-up,single,2026-03-03 18:55:16.9430000
25860,61fa9062d42cb19beec49109,896,1,47,left-4,right,left-dark,light-up,greater-up,single,2026-03-03 18:55:20.1000000
25861,649d809191fa2e4b6e84c69e,1257,1,79,right-5,right,right-dark,light-up,fewer-up,single,2026-03-03 18:55:19.6630000
25862,61fa9062d42cb19beec49109,1497,1,48,right-3,left,right-dark,dark-up,fewer-up,single,2026-03-03 18:55:22.9560000
25863,61fa9062d42cb19beec49109,1357,0,49,right-6,left,right-dark,light-up,fewer-up,single,2026-03-03 18:55:26.9530000
25864,61fa9062d42cb19beec49109,1073,1,50,right-2,left,right-dark,light-up,greater-up,single,2026-03-03 18:55:30.1140000
25865,61fa9062d42cb19beec49109,1142,1,51,left-2,right,left-dark,dark-up,fewer-up,single,2026-03-03 18:55:32.6520000
25866,61fa9062d42cb19beec49109,1294,1,52,right-0,right,right-dark,light-up,fewer-up,single,2026-03-03 18:55:35.5770000
25867,61fa9062d42cb19beec49109,1158,1,53,left-0,right,left-dark,dark-up,fewer-up,single,2026-03-03 18:55:39.0320000
25868,61fa9062d42cb19beec49109,962,1,54,left-1,left,left-dark,light-up,fewer-up,single,2026-03-03 18:55:41.8630000
25869,61fa9062d42cb19beec49109,962,1,55,left-9,left,left-dark,light-up,fewer-up,single,2026-03-03 18:55:44.1280000
25870,61fa9062d42cb19beec49109,1660,1,56,left-2,left,left-dark,dark-up,greater-up,single,2026-03-03 18:55:47.3130000
25871,61fa9062d42cb19beec49109,985,0,57,right-5,right,right-dark,light-up,greater-up,single,2026-03-03 18:55:49.8530000
25872,61fa9062d42cb19beec49109,1751,1,58,right-8,right,right-dark,light-up,fewer-up,single,2026-03-03 18:55:54.2120000
25873,61fa9062d42cb19beec49109,993,1,59,left-6,left,left-dark,light-up,fewer-up,single,2026-03-03 18:55:56.7500000
25874,61fa9062d42cb19beec49109,1356,1,60,right-8,left,right-dark,dark-up,fewer-up,single,2026-03-03 18:56:02.7410000
25875,61fa9062d42cb19beec49109,958,1,61,right-4,right,right-dark,light-up,fewer-up,single,2026-03-03 18:56:06.0400000
25876,61fa9062d42cb19beec49109,1367,1,62,left-3,left,left-dark,dark-up,greater-up,single,2026-03-03 18:56:09.2660000
25877,61fa9062d42cb19beec49109,1053,1,63,right-7,right,right-dark,light-up,fewer-up,single,2026-03-03 18:56:12.9530000
25878,61fa9062d42cb19beec49109,658,1,64,left-4,left,left-dark,dark-up,greater-up,single,2026-03-03 18:56:16.2950000
25879,61fa9062d42cb19beec49109,860,0,65,left-4,left,left-dark,dark-up,fewer-up,single,2026-03-03 18:56:19.7990000
25880,61fa9062d42cb19beec49109,959,1,66,right-5,right,right-dark,light-up,fewer-up,single,2026-03-03 18:56:22.4840000
25881,61fa9062d42cb19beec49109,1645,1,67,left-8,left,left-dark,dark-up,greater-up,single,2026-03-03 18:56:25.4110000
25882,61fa9062d42cb19beec49109,1489,1,68,right-8,left,right-dark,light-up,greater-up,single,2026-03-03 18:56:28.4590000
25883,61fa9062d42cb19beec49109,1134,0,69,right-7,right,right-dark,dark-up,fewer-up,single,2026-03-03 18:56:32.1200000
25884,61fa9062d42cb19beec49109,1415,1,70,left-5,right,left-dark,light-up,greater-up,single,2026-03-03 18:56:35.1280000
25885,61fa9062d42cb19beec49109,1182,1,71,right-6,left,right-dark,dark-up,fewer-up,single,2026-03-03 18:56:39.0480000
25886,61fa9062d42cb19beec49109,1211,1,72,left-9,right,left-dark,dark-up,fewer-up,single,2026-03-03 18:56:41.5940000
25887,61fa9062d42cb19beec49109,1097,1,73,right-2,right,right-dark,light-up,fewer-up,single,2026-03-03 18:56:45.2700000
25888,61fa9062d42cb19beec49109,1278,1,74,left-6,left,left-dark,dark-up,greater-up,single,2026-03-03 18:56:49.2400000
25889,61fa9062d42cb19beec49109,1416,1,75,right-4,left,right-dark,dark-up,fewer-up,single,2026-03-03 18:56:52.3660000
25890,61fa9062d42cb19beec49109,1696,1,76,left-3,left,left-dark,light-up,fewer-up,single,2026-03-03 18:56:55.4370000
25891,61fa9062d42cb19beec49109,1238,0,77,right-0,right,right-dark,light-up,greater-up,single,2026-03-03 18:56:58.2040000
25892,61fa9062d42cb19beec49109,1789,1,78,left-7,left,left-dark,light-up,fewer-up,single,2026-03-03 18:57:02.0150000
25893,61fa9062d42cb19beec49109,1023,1,79,right-4,right,right-dark,dark-up,greater-up,single,2026-03-03 18:57:05.4270000
25894,6631b0ab30153f0b76483e0a,NULL,0,0,right-6,none,right-dark,dark-up,greater-up,dual,2026-03-03 19:07:21.7140000
25895,6631b0ab30153f0b76483e0a,NULL,0,1,left-5,none,left-dark,dark-up,greater-up,dual,2026-03-03 19:07:25.7290000
25896,6631b0ab30153f0b76483e0a,NULL,0,2,left-8,none,left-dark,light-up,fewer-up,dual,2026-03-03 19:07:29.1400000
25897,6631b0ab30153f0b76483e0a,NULL,0,3,right-9,none,right-dark,light-up,greater-up,dual,2026-03-03 19:07:32.9180000
25898,6631b0ab30153f0b76483e0a,NULL,0,4,right-3,none,right-dark,dark-up,greater-up,dual,2026-03-03 19:07:37.0680000
25899,6631b0ab30153f0b76483e0a,NULL,0,5,left-6,none,left-dark,dark-up,greater-up,dual,2026-03-03 19:07:40.4360000
25900,6631b0ab30153f0b76483e0a,NULL,0,6,left-9,none,left-dark,dark-up,fewer-up,dual,2026-03-03 19:07:44.9510000
25901,6631b0ab30153f0b76483e0a,NULL,0,7,left-9,none,left-dark,light-up,greater-up,dual,2026-03-03 19:07:48.7040000
25902,6631b0ab30153f0b76483e0a,NULL,0,8,right-8,none,right-dark,light-up,fewer-up,dual,2026-03-03 19:07:52.6780000
25903,6631b0ab30153f0b76483e0a,NULL,0,9,left-5,none,left-dark,dark-up,fewer-up,dual,2026-03-03 19:07:56.7760000
25904,6631b0ab30153f0b76483e0a,NULL,0,10,left-8,none,left-dark,dark-up,fewer-up,dual,2026-03-03 19:08:01.0890000
25905,6631b0ab30153f0b76483e0a,NULL,0,11,left-4,none,left-dark,light-up,fewer-up,dual,2026-03-03 19:08:05.1820000
25906,6631b0ab30153f0b76483e0a,NULL,0,12,left-4,none,left-dark,dark-up,fewer-up,dual,2026-03-03 19:08:09.6460000
25907,6631b0ab30153f0b76483e0a,NULL,0,13,left-7,none,left-dark,dark-up,greater-up,dual,2026-03-03 19:08:12.9460000
25908,6631b0ab30153f0b76483e0a,NULL,0,14,right-2,none,right-dark,light-up,fewer-up,dual,2026-03-03 19:08:17.6420000
25909,6631b0ab30153f0b76483e0a,NULL,0,15,left-9,none,left-dark,dark-up,greater-up,dual,2026-03-03 19:08:21.7610000
25910,6631b0ab30153f0b76483e0a,NULL,0,16,left-7,none,left-dark,light-up,greater-up,dual,2026-03-03 19:08:26.1440000
25911,6631b0ab30153f0b76483e0a,NULL,0,17,right-4,none,right-dark,dark-up,greater-up,dual,2026-03-03 19:08:29.4600000
25912,6631b0ab30153f0b76483e0a,NULL,0,18,left-3,none,left-dark,light-up,fewer-up,dual,2026-03-03 19:08:34.1380000
25913,6631b0ab30153f0b76483e0a,NULL,0,19,left-6,none,left-dark,light-up,fewer-up,dual,2026-03-03 19:08:38.8060000
25914,6631b0ab30153f0b76483e0a,NULL,0,20,right-1,none,right-dark,light-up,greater-up,dual,2026-03-03 19:09:03.4330000
25915,6631b0ab30153f0b76483e0a,NULL,0,21,right-5,none,right-dark,light-up,greater-up,dual,2026-03-03 19:09:07.0780000
25916,6631b0ab30153f0b76483e0a,NULL,0,22,left-6,none,left-dark,light-up,greater-up,dual,2026-03-03 19:09:10.8610000
25917,6631b0ab30153f0b76483e0a,NULL,0,23,right-0,none,right-dark,light-up,fewer-up,dual,2026-03-03 19:09:14.7350000
25918,6631b0ab30153f0b76483e0a,NULL,0,24,right-0,none,right-dark,dark-up,fewer-up,dual,2026-03-03 19:09:18.2100000
25919,6596bd0080a6c5fb83b93520,NULL,0,0,right-0,none,right-dark,dark-up,fewer-up,dual,2026-03-03 19:09:06.5780000
25920,6631b0ab30153f0b76483e0a,NULL,0,25,left-8,none,left-dark,light-up,greater-up,dual,2026-03-03 19:09:22.6150000
25921,6596bd0080a6c5fb83b93520,940,0,1,left-2,right,left-dark,dark-up,greater-up,dual,2026-03-03 19:09:11.0860000
25922,6631b0ab30153f0b76483e0a,NULL,0,26,left-1,none,left-dark,dark-up,fewer-up,dual,2026-03-03 19:09:26.5880000
25923,6596bd0080a6c5fb83b93520,NULL,0,2,left-0,none,left-dark,light-up,fewer-up,dual,2026-03-03 19:09:14.7770000
25924,6631b0ab30153f0b76483e0a,NULL,0,27,right-4,none,right-dark,dark-up,fewer-up,dual,2026-03-03 19:09:30.3060000
25925,6596bd0080a6c5fb83b93520,750,0,3,left-4,left,left-dark,light-up,greater-up,dual,2026-03-03 19:09:18.9740000
25926,6631b0ab30153f0b76483e0a,NULL,0,28,left-2,none,left-dark,dark-up,fewer-up,dual,2026-03-03 19:09:33.9700000
25927,6596bd0080a6c5fb83b93520,924,1,4,left-8,right,left-dark,light-up,greater-up,dual,2026-03-03 19:09:22.4740000
25928,6631b0ab30153f0b76483e0a,NULL,0,29,left-9,none,left-dark,light-up,fewer-up,dual,2026-03-03 19:09:37.2590000
25929,6596bd0080a6c5fb83b93520,1734,0,5,left-7,right,left-dark,dark-up,greater-up,dual,2026-03-03 19:09:26.5390000
25930,6631b0ab30153f0b76483e0a,NULL,0,30,left-1,none,left-dark,light-up,greater-up,dual,2026-03-03 19:09:40.9490000
25931,6596bd0080a6c5fb83b93520,NULL,0,6,left-9,none,left-dark,light-up,fewer-up,dual,2026-03-03 19:09:30.5130000
25932,6631b0ab30153f0b76483e0a,NULL,0,31,left-2,none,left-dark,dark-up,greater-up,dual,2026-03-03 19:09:44.4430000
25933,6596bd0080a6c5fb83b93520,1234,1,7,left-5,right,left-dark,dark-up,fewer-up,dual,2026-03-03 19:09:35.0450000
25934,6631b0ab30153f0b76483e0a,NULL,0,32,right-5,none,right-dark,dark-up,fewer-up,dual,2026-03-03 19:09:48.0450000
25935,6596bd0080a6c5fb83b93520,1660,0,8,left-7,left,left-dark,light-up,greater-up,dual,2026-03-03 19:09:38.1520000
25936,6631b0ab30153f0b76483e0a,NULL,0,33,right-6,none,right-dark,light-up,fewer-up,dual,2026-03-03 19:09:52.4020000
25937,6596bd0080a6c5fb83b93520,853,0,9,left-2,right,left-dark,light-up,fewer-up,dual,2026-03-03 19:09:40.3570000
25938,6596bd0080a6c5fb83b93520,NULL,0,10,right-5,none,right-dark,light-up,greater-up,dual,2026-03-03 19:09:43.4500000
25939,6631b0ab30153f0b76483e0a,NULL,0,34,right-8,none,right-dark,dark-up,greater-up,dual,2026-03-03 19:09:56.7480000
25940,6596bd0080a6c5fb83b93520,872,1,11,left-3,right,left-dark,light-up,greater-up,dual,2026-03-03 19:09:46.7920000
25941,6631b0ab30153f0b76483e0a,NULL,0,35,right-0,none,right-dark,dark-up,greater-up,dual,2026-03-03 19:10:01.3760000
25942,6596bd0080a6c5fb83b93520,1309,0,12,left-9,right,left-dark,dark-up,greater-up,dual,2026-03-03 19:09:50.2070000
25943,6631b0ab30153f0b76483e0a,NULL,0,36,right-5,none,right-dark,dark-up,greater-up,dual,2026-03-03 19:10:05.1670000
25944,6596bd0080a6c5fb83b93520,1107,0,13,left-6,right,left-dark,dark-up,greater-up,dual,2026-03-03 19:09:53.1780000
25945,6596bd0080a6c5fb83b93520,569,1,14,right-2,left,right-dark,light-up,greater-up,dual,2026-03-03 19:09:55.7070000
25946,6631b0ab30153f0b76483e0a,NULL,0,37,right-7,none,right-dark,dark-up,greater-up,dual,2026-03-03 19:10:09.2310000
25947,6596bd0080a6c5fb83b93520,840,1,15,left-5,left,left-dark,light-up,fewer-up,dual,2026-03-03 19:09:58.8200000
25948,6631b0ab30153f0b76483e0a,1474,1,38,right-2,right,right-dark,dark-up,greater-up,dual,2026-03-03 19:10:13.7720000
25949,6596bd0080a6c5fb83b93520,NULL,0,16,right-2,none,right-dark,dark-up,greater-up,dual,2026-03-03 19:10:02.1600000
25950,6631b0ab30153f0b76483e0a,NULL,0,39,right-0,none,right-dark,light-up,greater-up,dual,2026-03-03 19:10:16.4420000
25951,6596bd0080a6c5fb83b93520,1384,1,17,left-3,right,left-dark,dark-up,fewer-up,dual,2026-03-03 19:10:06.1810000
25952,6596bd0080a6c5fb83b93520,1176,0,18,right-0,left,right-dark,light-up,fewer-up,dual,2026-03-03 19:10:08.9660000
25953,6596bd0080a6c5fb83b93520,694,1,19,left-8,right,left-dark,dark-up,fewer-up,dual,2026-03-03 19:10:11.5160000
25954,6631b0ab30153f0b76483e0a,NULL,0,40,right-4,none,right-dark,light-up,fewer-up,dual,2026-03-03 19:10:28.7760000
25955,6631b0ab30153f0b76483e0a,NULL,0,41,left-7,none,left-dark,light-up,fewer-up,dual,2026-03-03 19:10:32.1830000
25956,6596bd0080a6c5fb83b93520,1624,1,20,left-8,left,left-dark,light-up,fewer-up,dual,2026-03-03 19:10:20.6680000
25957,6631b0ab30153f0b76483e0a,NULL,0,42,left-0,none,left-dark,dark-up,fewer-up,dual,2026-03-03 19:10:36.6260000
25958,6596bd0080a6c5fb83b93520,1055,1,21,left-1,left,left-dark,light-up,fewer-up,dual,2026-03-03 19:10:24.3350000
25959,6596bd0080a6c5fb83b93520,NULL,0,22,right-7,none,right-dark,dark-up,fewer-up,dual,2026-03-03 19:10:27.8890000
25960,6631b0ab30153f0b76483e0a,1463,0,43,right-3,right,right-dark,dark-up,fewer-up,dual,2026-03-03 19:10:41.1530000
25961,6631b0ab30153f0b76483e0a,NULL,0,44,left-6,none,left-dark,dark-up,fewer-up,dual,2026-03-03 19:10:44.3330000
25962,6596bd0080a6c5fb83b93520,944,1,23,right-7,right,right-dark,dark-up,greater-up,dual,2026-03-03 19:10:32.2400000
25963,6596bd0080a6c5fb83b93520,1461,0,24,left-0,right,left-dark,dark-up,greater-up,dual,2026-03-03 19:10:35.0830000
25964,6631b0ab30153f0b76483e0a,1586,0,45,left-5,left,left-dark,light-up,greater-up,dual,2026-03-03 19:10:48.0160000
25965,6596bd0080a6c5fb83b93520,1194,0,25,right-6,right,right-dark,light-up,greater-up,dual,2026-03-03 19:10:37.8360000
25966,6631b0ab30153f0b76483e0a,NULL,0,46,right-7,none,right-dark,dark-up,fewer-up,dual,2026-03-03 19:10:51.2570000
25967,6596bd0080a6c5fb83b93520,1450,1,26,right-0,right,right-dark,dark-up,greater-up,dual,2026-03-03 19:10:41.6400000
25968,6631b0ab30153f0b76483e0a,1799,0,47,right-2,right,right-dark,light-up,greater-up,dual,2026-03-03 19:10:56.3770000
25969,6596bd0080a6c5fb83b93520,976,1,27,right-6,right,right-dark,dark-up,greater-up,dual,2026-03-03 19:10:45.3090000
25970,6631b0ab30153f0b76483e0a,1763,0,48,right-3,left,right-dark,light-up,fewer-up,dual,2026-03-03 19:11:00.7290000
25971,6596bd0080a6c5fb83b93520,1090,1,28,left-6,left,left-dark,light-up,fewer-up,dual,2026-03-03 19:10:49.1360000
25972,6631b0ab30153f0b76483e0a,NULL,0,49,right-8,none,right-dark,dark-up,fewer-up,dual,2026-03-03 19:11:03.4400000
25973,6596bd0080a6c5fb83b93520,784,1,29,left-1,left,left-dark,dark-up,greater-up,dual,2026-03-03 19:10:52.1310000
25974,6631b0ab30153f0b76483e0a,NULL,0,50,left-0,none,left-dark,dark-up,greater-up,dual,2026-03-03 19:11:07.1920000
25975,6596bd0080a6c5fb83b93520,NULL,0,30,left-6,none,left-dark,dark-up,fewer-up,dual,2026-03-03 19:10:55.5010000
25976,6631b0ab30153f0b76483e0a,NULL,0,51,right-8,none,right-dark,light-up,greater-up,dual,2026-03-03 19:11:10.7390000
25977,6596bd0080a6c5fb83b93520,1284,1,31,left-2,right,left-dark,light-up,greater-up,dual,2026-03-03 19:10:59.1190000
25978,6631b0ab30153f0b76483e0a,1955,1,52,left-2,left,left-dark,light-up,fewer-up,dual,2026-03-03 19:11:14.8200000
25979,6596bd0080a6c5fb83b93520,632,1,32,right-4,right,right-dark,dark-up,greater-up,dual,2026-03-03 19:11:02.0640000
25980,6596bd0080a6c5fb83b93520,756,1,33,right-8,right,right-dark,dark-up,greater-up,dual,2026-03-03 19:11:04.5580000
25981,6631b0ab30153f0b76483e0a,NULL,0,53,left-4,none,left-dark,light-up,greater-up,dual,2026-03-03 19:11:17.6030000
25982,6596bd0080a6c5fb83b93520,489,1,34,right-2,left,right-dark,dark-up,fewer-up,dual,2026-03-03 19:11:07.3610000
25983,6631b0ab30153f0b76483e0a,NULL,0,54,right-9,none,right-dark,light-up,fewer-up,dual,2026-03-03 19:11:21.8700000
25984,6596bd0080a6c5fb83b93520,1119,1,35,right-9,left,right-dark,dark-up,fewer-up,dual,2026-03-03 19:11:09.9630000
25985,6596bd0080a6c5fb83b93520,430,0,36,left-1,left,left-dark,light-up,greater-up,dual,2026-03-03 19:11:12.3520000
25986,6631b0ab30153f0b76483e0a,1579,1,55,left-4,left,left-dark,dark-up,greater-up,dual,2026-03-03 19:11:26.0840000
25987,6596bd0080a6c5fb83b93520,1326,1,37,right-9,right,right-dark,dark-up,greater-up,dual,2026-03-03 19:11:16.2140000
25988,6631b0ab30153f0b76483e0a,NULL,0,56,right-1,none,right-dark,dark-up,fewer-up,dual,2026-03-03 19:11:29.7630000
25989,6596bd0080a6c5fb83b93520,716,1,38,left-1,right,left-dark,dark-up,fewer-up,dual,2026-03-03 19:11:19.0130000
25990,6631b0ab30153f0b76483e0a,1297,1,57,left-0,right,left-dark,light-up,greater-up,dual,2026-03-03 19:11:33.5560000
25991,6596bd0080a6c5fb83b93520,1565,1,39,right-1,left,right-dark,light-up,greater-up,dual,2026-03-03 19:11:22.9960000
25992,6631b0ab30153f0b76483e0a,1310,0,58,right-1,left,right-dark,light-up,fewer-up,dual,2026-03-03 19:11:36.3090000
25993,6631b0ab30153f0b76483e0a,NULL,0,59,left-3,none,left-dark,dark-up,fewer-up,dual,2026-03-03 19:11:38.9360000
25994,6596bd0080a6c5fb83b93520,NULL,0,40,right-8,none,right-dark,dark-up,fewer-up,dual,2026-03-03 19:11:30.2530000
25995,6631b0ab30153f0b76483e0a,NULL,0,60,right-2,none,right-dark,dark-up,fewer-up,dual,2026-03-03 19:11:45.9840000
25996,6596bd0080a6c5fb83b93520,742,1,41,left-0,right,left-dark,light-up,greater-up,dual,2026-03-03 19:11:34.5720000
25997,6631b0ab30153f0b76483e0a,1611,0,61,left-1,right,left-dark,dark-up,greater-up,dual,2026-03-03 19:11:50.1730000
25998,6596bd0080a6c5fb83b93520,570,1,42,left-4,right,left-dark,dark-up,fewer-up,dual,2026-03-03 19:11:37.4640000
25999,6596bd0080a6c5fb83b93520,767,0,43,left-6,left,left-dark,light-up,greater-up,dual,2026-03-03 19:11:40.5840000
26000,6631b0ab30153f0b76483e0a,NULL,0,62,right-9,none,right-dark,dark-up,greater-up,dual,2026-03-03 19:11:53.7450000
26001,6631b0ab30153f0b76483e0a,602,1,63,right-6,left,right-dark,light-up,greater-up,dual,2026-03-03 19:11:56.4710000
26002,6596bd0080a6c5fb83b93520,1441,0,44,right-1,left,right-dark,light-up,fewer-up,dual,2026-03-03 19:11:43.6900000
26003,6596bd0080a6c5fb83b93520,426,1,45,right-1,right,right-dark,dark-up,greater-up,dual,2026-03-03 19:11:45.6710000
26004,6631b0ab30153f0b76483e0a,1049,1,64,right-7,right,right-dark,light-up,fewer-up,dual,2026-03-03 19:11:59.9130000
26005,6596bd0080a6c5fb83b93520,1590,0,46,left-8,right,left-dark,dark-up,greater-up,dual,2026-03-03 19:11:50.0300000
26006,6631b0ab30153f0b76483e0a,599,1,65,left-7,right,left-dark,dark-up,fewer-up,dual,2026-03-03 19:12:02.9760000
26007,6596bd0080a6c5fb83b93520,644,0,47,right-5,right,right-dark,dark-up,fewer-up,dual,2026-03-03 19:11:52.2970000
26008,6631b0ab30153f0b76483e0a,1026,0,66,left-0,right,left-dark,light-up,fewer-up,dual,2026-03-03 19:12:05.9010000
26009,6596bd0080a6c5fb83b93520,610,0,48,right-5,left,right-dark,dark-up,greater-up,dual,2026-03-03 19:11:54.4210000
26010,6631b0ab30153f0b76483e0a,786,1,67,right-9,left,right-dark,dark-up,fewer-up,dual,2026-03-03 19:12:09.0340000
26011,6596bd0080a6c5fb83b93520,780,0,49,right-4,right,right-dark,light-up,greater-up,dual,2026-03-03 19:11:56.9670000
26012,6596bd0080a6c5fb83b93520,567,0,50,right-5,left,right-dark,light-up,fewer-up,dual,2026-03-03 19:11:59.3160000
26013,6631b0ab30153f0b76483e0a,1147,1,68,left-3,left,left-dark,dark-up,greater-up,dual,2026-03-03 19:12:12.3640000
26014,6596bd0080a6c5fb83b93520,492,0,51,left-3,right,left-dark,light-up,fewer-up,dual,2026-03-03 19:12:01.7460000
26015,6631b0ab30153f0b76483e0a,729,1,69,left-3,right,left-dark,light-up,greater-up,dual,2026-03-03 19:12:15.2840000
26016,6631b0ab30153f0b76483e0a,1142,1,70,right-6,left,right-dark,dark-up,fewer-up,dual,2026-03-03 19:12:18.2280000
26017,6596bd0080a6c5fb83b93520,NULL,0,52,right-2,none,right-dark,light-up,fewer-up,dual,2026-03-03 19:12:05.4890000
26018,6631b0ab30153f0b76483e0a,1314,0,71,right-7,right,right-dark,light-up,greater-up,dual,2026-03-03 19:12:21.7690000
26019,6596bd0080a6c5fb83b93520,914,1,53,left-9,right,left-dark,light-up,greater-up,dual,2026-03-03 19:12:09.6660000
26020,6631b0ab30153f0b76483e0a,829,1,72,left-8,left,left-dark,dark-up,greater-up,dual,2026-03-03 19:12:24.5020000
26021,6596bd0080a6c5fb83b93520,1468,1,54,left-2,right,left-dark,dark-up,fewer-up,dual,2026-03-03 19:12:13.4220000
26022,6631b0ab30153f0b76483e0a,710,0,73,right-5,left,right-dark,light-up,fewer-up,dual,2026-03-03 19:12:27.5620000
26023,6596bd0080a6c5fb83b93520,1057,1,55,left-0,right,left-dark,dark-up,fewer-up,dual,2026-03-03 19:12:16.5080000
26024,6631b0ab30153f0b76483e0a,1514,1,74,right-1,right,right-dark,dark-up,greater-up,dual,2026-03-03 19:12:30.7280000
26025,6596bd0080a6c5fb83b93520,NULL,0,56,right-8,none,right-dark,light-up,fewer-up,dual,2026-03-03 19:12:19.4230000
26026,6631b0ab30153f0b76483e0a,1557,1,75,left-2,right,left-dark,light-up,greater-up,dual,2026-03-03 19:12:34.7400000
26027,6596bd0080a6c5fb83b93520,928,0,57,left-3,right,left-dark,dark-up,greater-up,dual,2026-03-03 19:12:23.7250000
26028,6631b0ab30153f0b76483e0a,706,0,76,right-3,right,right-dark,light-up,greater-up,dual,2026-03-03 19:12:37.9890000
26029,6596bd0080a6c5fb83b93520,NULL,0,58,right-4,none,right-dark,light-up,fewer-up,dual,2026-03-03 19:12:26.5410000
26030,6631b0ab30153f0b76483e0a,1756,1,77,right-4,left,right-dark,light-up,greater-up,dual,2026-03-03 19:12:42.0890000
26031,6596bd0080a6c5fb83b93520,874,1,59,right-3,left,right-dark,dark-up,fewer-up,dual,2026-03-03 19:12:30.0270000
26032,6631b0ab30153f0b76483e0a,1523,1,78,left-5,left,left-dark,light-up,fewer-up,dual,2026-03-03 19:12:45.8600000
26033,6631b0ab30153f0b76483e0a,1583,1,79,left-1,left,left-dark,light-up,fewer-up,dual,2026-03-03 19:12:48.9640000
26034,6596bd0080a6c5fb83b93520,1057,0,60,left-4,right,left-dark,light-up,fewer-up,dual,2026-03-03 19:12:37.7320000
26035,6596bd0080a6c5fb83b93520,1689,0,61,right-9,right,right-dark,light-up,greater-up,dual,2026-03-03 19:12:41.2910000
26036,6596bd0080a6c5fb83b93520,459,0,62,right-9,left,right-dark,light-up,fewer-up,dual,2026-03-03 19:12:43.1180000
26037,6596bd0080a6c5fb83b93520,499,0,63,right-7,right,right-dark,light-up,greater-up,dual,2026-03-03 19:12:46.2200000
26038,6596bd0080a6c5fb83b93520,562,0,64,right-6,right,right-dark,dark-up,fewer-up,dual,2026-03-03 19:12:48.2210000
26039,6596bd0080a6c5fb83b93520,NULL,0,65,right-7,none,right-dark,light-up,fewer-up,dual,2026-03-03 19:12:51.2930000
26040,6596bd0080a6c5fb83b93520,1055,0,66,right-0,right,right-dark,light-up,greater-up,dual,2026-03-03 19:12:54.4660000
26041,6596bd0080a6c5fb83b93520,558,0,67,right-6,left,right-dark,light-up,fewer-up,dual,2026-03-03 19:12:56.9040000
26042,6596bd0080a6c5fb83b93520,1019,0,68,right-4,right,right-dark,dark-up,fewer-up,dual,2026-03-03 19:13:00.1610000
26043,6596bd0080a6c5fb83b93520,713,1,69,right-3,right,right-dark,dark-up,greater-up,dual,2026-03-03 19:13:02.7310000
26044,6596bd0080a6c5fb83b93520,1385,0,70,right-8,right,right-dark,light-up,greater-up,dual,2026-03-03 19:13:06.8300000
26045,6596bd0080a6c5fb83b93520,1550,0,71,right-3,right,right-dark,light-up,greater-up,dual,2026-03-03 19:13:10.2720000
26046,6596bd0080a6c5fb83b93520,1500,1,72,left-5,left,left-dark,dark-up,greater-up,dual,2026-03-03 19:13:13.6270000
26047,6596bd0080a6c5fb83b93520,482,0,73,left-9,left,left-dark,dark-up,fewer-up,dual,2026-03-03 19:13:16.3410000
26048,6596bd0080a6c5fb83b93520,1101,1,74,left-7,left,left-dark,light-up,fewer-up,dual,2026-03-03 19:13:19.1890000
26049,6596bd0080a6c5fb83b93520,1197,0,75,right-3,left,right-dark,light-up,fewer-up,dual,2026-03-03 19:13:21.8410000
26050,6596bd0080a6c5fb83b93520,672,1,76,left-7,right,left-dark,dark-up,fewer-up,dual,2026-03-03 19:13:24.2960000
26051,6596bd0080a6c5fb83b93520,864,1,77,left-5,right,left-dark,light-up,greater-up,dual,2026-03-03 19:13:27.5040000
26052,6596bd0080a6c5fb83b93520,559,0,78,right-1,right,right-dark,dark-up,fewer-up,dual,2026-03-03 19:13:29.6920000
26053,6596bd0080a6c5fb83b93520,778,0,79,left-4,right,left-dark,dark-up,greater-up,dual,2026-03-03 19:13:31.8760000
26054,5a6b7f02e6cc4a0001b6a591,1731,1,0,right-9,right,right-dark,light-up,fewer-up,dual,2026-03-03 19:16:13.3920000
26055,5a6b7f02e6cc4a0001b6a591,NULL,0,1,right-7,none,right-dark,dark-up,greater-up,dual,2026-03-03 19:16:16.6000000
26056,5a6b7f02e6cc4a0001b6a591,1809,1,2,left-7,left,left-dark,light-up,fewer-up,dual,2026-03-03 19:16:21.7440000
26057,5a6b7f02e6cc4a0001b6a591,1351,1,3,right-2,left,right-dark,light-up,greater-up,dual,2026-03-03 19:16:24.5680000
26058,5a6b7f02e6cc4a0001b6a591,1712,1,4,left-0,right,left-dark,light-up,greater-up,dual,2026-03-03 19:16:27.7170000
26059,5a6b7f02e6cc4a0001b6a591,1828,1,5,left-6,right,left-dark,light-up,greater-up,dual,2026-03-03 19:16:31.2040000
26060,5a6b7f02e6cc4a0001b6a591,1334,1,6,left-0,right,left-dark,dark-up,fewer-up,dual,2026-03-03 19:16:34.5450000
26061,5a6b7f02e6cc4a0001b6a591,1456,1,7,left-1,right,left-dark,light-up,greater-up,dual,2026-03-03 19:16:37.4950000
26062,5a6b7f02e6cc4a0001b6a591,1568,0,8,right-0,left,right-dark,dark-up,greater-up,dual,2026-03-03 19:16:40.4080000
26063,5a6b7f02e6cc4a0001b6a591,1791,1,9,right-3,left,right-dark,light-up,greater-up,dual,2026-03-03 19:16:44.4330000
26064,5a6b7f02e6cc4a0001b6a591,1973,1,10,left-8,right,left-dark,dark-up,fewer-up,dual,2026-03-03 19:16:48.3020000
26065,5a6b7f02e6cc4a0001b6a591,1477,1,11,right-1,right,right-dark,dark-up,greater-up,dual,2026-03-03 19:16:52.5570000
26066,5a6b7f02e6cc4a0001b6a591,1338,0,12,left-5,left,left-dark,dark-up,fewer-up,dual,2026-03-03 19:16:56.6350000
26067,5a6b7f02e6cc4a0001b6a591,1273,1,13,left-2,right,left-dark,light-up,greater-up,dual,2026-03-03 19:16:59.3710000
26068,5a6b7f02e6cc4a0001b6a591,1037,1,14,left-4,right,left-dark,light-up,greater-up,dual,2026-03-03 19:17:02.5700000
26069,5a6b7f02e6cc4a0001b6a591,971,0,15,left-8,right,left-dark,dark-up,greater-up,dual,2026-03-03 19:17:05.8480000
26070,5a6b7f02e6cc4a0001b6a591,1183,1,16,right-8,left,right-dark,light-up,greater-up,dual,2026-03-03 19:17:09.2970000
26071,5a6b7f02e6cc4a0001b6a591,1561,1,17,left-3,right,left-dark,light-up,greater-up,dual,2026-03-03 19:17:12.2060000
26072,5a6b7f02e6cc4a0001b6a591,1564,1,18,left-6,right,left-dark,dark-up,fewer-up,dual,2026-03-03 19:17:15.7340000
26073,5a6b7f02e6cc4a0001b6a591,1212,0,19,right-0,left,right-dark,light-up,fewer-up,dual,2026-03-03 19:17:19.2460000
26074,5a6b7f02e6cc4a0001b6a591,925,1,20,right-8,right,right-dark,dark-up,greater-up,dual,2026-03-03 19:17:31.6220000
26075,5a6b7f02e6cc4a0001b6a591,1016,1,21,right-9,left,right-dark,light-up,greater-up,dual,2026-03-03 19:17:35.2610000
26076,5a6b7f02e6cc4a0001b6a591,1085,1,22,right-4,right,right-dark,dark-up,greater-up,dual,2026-03-03 19:17:38.1200000
26077,5a6b7f02e6cc4a0001b6a591,1346,1,23,right-1,left,right-dark,dark-up,fewer-up,dual,2026-03-03 19:17:40.9140000
26078,5a6b7f02e6cc4a0001b6a591,1274,1,24,right-3,left,right-dark,dark-up,fewer-up,dual,2026-03-03 19:17:44.4280000
26079,5a6b7f02e6cc4a0001b6a591,1155,0,25,right-1,right,right-dark,light-up,greater-up,dual,2026-03-03 19:17:47.1070000
26080,5a6b7f02e6cc4a0001b6a591,900,1,26,right-9,left,right-dark,dark-up,fewer-up,dual,2026-03-03 19:17:49.9860000
26081,5a6b7f02e6cc4a0001b6a591,1178,0,27,right-7,right,right-dark,light-up,greater-up,dual,2026-03-03 19:17:52.9720000
26082,5a6b7f02e6cc4a0001b6a591,1337,1,28,left-5,right,left-dark,light-up,greater-up,dual,2026-03-03 19:17:56.9240000
26083,5a6b7f02e6cc4a0001b6a591,1302,1,29,left-4,right,left-dark,dark-up,fewer-up,dual,2026-03-03 19:18:00.7180000
26084,5a6b7f02e6cc4a0001b6a591,1437,0,30,left-3,right,left-dark,light-up,fewer-up,dual,2026-03-03 19:18:04.0530000
26085,5a6b7f02e6cc4a0001b6a591,1527,1,31,right-5,left,right-dark,dark-up,fewer-up,dual,2026-03-03 19:18:07.8920000
26086,5a6b7f02e6cc4a0001b6a591,1805,1,32,left-0,left,left-dark,light-up,fewer-up,dual,2026-03-03 19:18:11.0850000
26087,5a6b7f02e6cc4a0001b6a591,1946,0,33,left-8,left,left-dark,light-up,greater-up,dual,2026-03-03 19:18:15.3910000
26088,5a6b7f02e6cc4a0001b6a591,1377,0,34,left-9,left,left-dark,dark-up,fewer-up,dual,2026-03-03 19:18:18.7590000
26089,5a6b7f02e6cc4a0001b6a591,1104,0,35,left-4,right,left-dark,dark-up,greater-up,dual,2026-03-03 19:18:21.3390000
26090,5a6b7f02e6cc4a0001b6a591,1282,1,36,left-2,left,left-dark,light-up,fewer-up,dual,2026-03-03 19:18:25.2490000
26091,5a6b7f02e6cc4a0001b6a591,1362,1,37,left-7,right,left-dark,dark-up,fewer-up,dual,2026-03-03 19:18:29.4520000
26092,5a6b7f02e6cc4a0001b6a591,1754,0,38,right-6,left,right-dark,dark-up,greater-up,dual,2026-03-03 19:18:34.0110000
26093,5a6b7f02e6cc4a0001b6a591,1548,1,39,right-2,left,right-dark,dark-up,fewer-up,dual,2026-03-03 19:18:37.6810000
26094,5a6b7f02e6cc4a0001b6a591,1218,1,40,left-0,left,left-dark,dark-up,greater-up,dual,2026-03-03 19:18:45.5930000
26095,5a6b7f02e6cc4a0001b6a591,1013,1,41,left-9,right,left-dark,light-up,greater-up,dual,2026-03-03 19:18:49.1820000
26096,5a6b7f02e6cc4a0001b6a591,1507,0,42,right-4,right,right-dark,dark-up,fewer-up,dual,2026-03-03 19:18:52.0440000
26097,5a6b7f02e6cc4a0001b6a591,1369,1,43,left-5,left,left-dark,dark-up,greater-up,dual,2026-03-03 19:18:55.8530000
26098,5a6b7f02e6cc4a0001b6a591,1472,0,44,right-3,left,right-dark,light-up,fewer-up,dual,2026-03-03 19:18:59.6120000
26099,5a6b7f02e6cc4a0001b6a591,NULL,0,45,right-2,none,right-dark,dark-up,greater-up,dual,2026-03-03 19:19:02.7840000
26100,5a6b7f02e6cc4a0001b6a591,1711,1,46,left-9,left,left-dark,light-up,fewer-up,dual,2026-03-03 19:19:07.2890000
26101,5a6b7f02e6cc4a0001b6a591,1334,1,47,right-6,left,right-dark,light-up,greater-up,dual,2026-03-03 19:19:10.2400000
26102,5a6b7f02e6cc4a0001b6a591,1171,1,48,left-6,left,left-dark,dark-up,greater-up,dual,2026-03-03 19:19:13.7230000
26103,5a6b7f02e6cc4a0001b6a591,1173,1,49,left-8,left,left-dark,light-up,fewer-up,dual,2026-03-03 19:19:16.3990000
26104,5a6b7f02e6cc4a0001b6a591,1856,1,50,left-7,left,left-dark,dark-up,greater-up,dual,2026-03-03 19:19:19.9870000
26105,5a6b7f02e6cc4a0001b6a591,1603,1,51,right-4,right,right-dark,light-up,fewer-up,dual,2026-03-03 19:19:23.1390000
26106,5a6b7f02e6cc4a0001b6a591,892,0,52,left-7,left,left-dark,light-up,greater-up,dual,2026-03-03 19:19:26.4430000
26107,5a6b7f02e6cc4a0001b6a591,1633,1,53,left-1,left,left-dark,light-up,fewer-up,dual,2026-03-03 19:19:30.6880000
26108,5a6b7f02e6cc4a0001b6a591,1115,1,54,left-2,left,left-dark,dark-up,greater-up,dual,2026-03-03 19:19:34.0050000
26109,5a6b7f02e6cc4a0001b6a591,1293,1,55,right-8,left,right-dark,dark-up,fewer-up,dual,2026-03-03 19:19:38.0080000
26110,5a6b7f02e6cc4a0001b6a591,1290,1,56,right-3,right,right-dark,dark-up,greater-up,dual,2026-03-03 19:19:40.9930000
26111,5a6b7f02e6cc4a0001b6a591,1215,1,57,left-2,right,left-dark,dark-up,fewer-up,dual,2026-03-03 19:19:44.4090000
26112,5a6b7f02e6cc4a0001b6a591,1421,1,58,left-6,left,left-dark,light-up,fewer-up,dual,2026-03-03 19:19:48.1560000
26113,5a6b7f02e6cc4a0001b6a591,1389,1,59,right-4,left,right-dark,light-up,greater-up,dual,2026-03-03 19:19:51.3780000
26114,5a6b7f02e6cc4a0001b6a591,1667,1,60,left-3,right,left-dark,dark-up,fewer-up,dual,2026-03-03 19:20:06.6230000
26115,5a6b7f02e6cc4a0001b6a591,1108,1,61,right-0,left,right-dark,dark-up,fewer-up,dual,2026-03-03 19:20:09.5210000
26116,5a6b7f02e6cc4a0001b6a591,1024,1,62,right-6,right,right-dark,light-up,fewer-up,dual,2026-03-03 19:20:13.0710000
26117,5a6b7f02e6cc4a0001b6a591,875,1,63,left-4,left,left-dark,light-up,fewer-up,dual,2026-03-03 19:20:16.6710000
26118,5a6b7f02e6cc4a0001b6a591,1396,0,64,right-5,left,right-dark,light-up,fewer-up,dual,2026-03-03 19:20:19.8770000
26119,5a6b7f02e6cc4a0001b6a591,1302,1,65,left-1,left,left-dark,dark-up,greater-up,dual,2026-03-03 19:20:23.7520000
26120,5a6b7f02e6cc4a0001b6a591,1409,1,66,right-0,left,right-dark,light-up,greater-up,dual,2026-03-03 19:20:27.3570000
26121,5a6b7f02e6cc4a0001b6a591,1016,0,67,left-1,left,left-dark,dark-up,fewer-up,dual,2026-03-03 19:20:30.8110000
26122,5a6b7f02e6cc4a0001b6a591,NULL,0,68,left-9,none,left-dark,dark-up,greater-up,dual,2026-03-03 19:20:34.2510000
26123,5a6b7f02e6cc4a0001b6a591,1227,1,69,right-7,right,right-dark,light-up,fewer-up,dual,2026-03-03 19:20:38.3820000
26124,5a6b7f02e6cc4a0001b6a591,1555,0,70,right-7,right,right-dark,dark-up,fewer-up,dual,2026-03-03 19:20:42.0070000
26125,5a6b7f02e6cc4a0001b6a591,956,1,71,right-6,left,right-dark,dark-up,fewer-up,dual,2026-03-03 19:20:44.3470000
26126,5a6b7f02e6cc4a0001b6a591,1051,1,72,right-5,right,right-dark,dark-up,greater-up,dual,2026-03-03 19:20:47.9940000
26127,5a6b7f02e6cc4a0001b6a591,NULL,0,73,right-5,none,right-dark,light-up,greater-up,dual,2026-03-03 19:20:51.3530000
26128,5a6b7f02e6cc4a0001b6a591,1231,1,74,right-1,right,right-dark,light-up,fewer-up,dual,2026-03-03 19:20:55.4690000
26129,5a6b7f02e6cc4a0001b6a591,1477,1,75,left-5,left,left-dark,light-up,fewer-up,dual,2026-03-03 19:20:58.9520000
26130,5a6b7f02e6cc4a0001b6a591,1240,1,76,right-2,right,right-dark,light-up,fewer-up,dual,2026-03-03 19:21:02.0000000
26131,5a6b7f02e6cc4a0001b6a591,1124,1,77,right-8,right,right-dark,light-up,fewer-up,dual,2026-03-03 19:21:05.3740000
26132,5a6b7f02e6cc4a0001b6a591,893,1,78,left-3,left,left-dark,dark-up,greater-up,dual,2026-03-03 19:21:08.1100000
26133,5a6b7f02e6cc4a0001b6a591,1162,1,79,right-9,right,right-dark,dark-up,greater-up,dual,2026-03-03 19:21:10.8020000
26134,699a2189c3a62af43ad41469,940,1,0,right-1,right,right-dark,light-up,fewer-up,single,2026-03-03 19:26:23.4910000
26135,699a2189c3a62af43ad41469,798,1,1,right-8,right,right-dark,dark-up,greater-up,single,2026-03-03 19:26:26.9880000
26136,699a2189c3a62af43ad41469,1503,0,2,left-8,left,left-dark,dark-up,fewer-up,single,2026-03-03 19:26:30.5620000
26137,699a2189c3a62af43ad41469,990,1,3,left-6,right,left-dark,light-up,greater-up,single,2026-03-03 19:26:33.1590000
26138,699a2189c3a62af43ad41469,599,1,4,right-3,left,right-dark,dark-up,fewer-up,single,2026-03-03 19:26:36.3040000
26139,699a2189c3a62af43ad41469,584,1,5,left-9,right,left-dark,light-up,greater-up,single,2026-03-03 19:26:38.7170000
26140,699a2189c3a62af43ad41469,1771,0,6,right-8,right,right-dark,dark-up,fewer-up,single,2026-03-03 19:26:42.2130000
26141,699a2189c3a62af43ad41469,1301,0,7,right-1,right,right-dark,light-up,greater-up,single,2026-03-03 19:26:46.2430000
26142,699a2189c3a62af43ad41469,NULL,0,8,left-2,none,left-dark,light-up,fewer-up,single,2026-03-03 19:26:49.9130000
26143,699a2189c3a62af43ad41469,529,1,9,right-3,right,right-dark,dark-up,greater-up,single,2026-03-03 19:26:52.7890000
26144,699a2189c3a62af43ad41469,1076,1,10,right-0,left,right-dark,light-up,greater-up,single,2026-03-03 19:26:55.5980000
26145,699a2189c3a62af43ad41469,444,0,11,right-2,left,right-dark,dark-up,greater-up,single,2026-03-03 19:26:58.7470000
26146,699a2189c3a62af43ad41469,808,0,12,left-1,right,left-dark,light-up,fewer-up,single,2026-03-03 19:27:02.0990000
26147,699a2189c3a62af43ad41469,1005,0,13,right-5,right,right-dark,light-up,greater-up,single,2026-03-03 19:27:05.7900000
26148,699a2189c3a62af43ad41469,812,0,14,right-2,right,right-dark,light-up,greater-up,single,2026-03-03 19:27:08.2080000
26149,699a2189c3a62af43ad41469,811,1,15,left-2,right,left-dark,light-up,greater-up,single,2026-03-03 19:27:11.0070000
26150,699a2189c3a62af43ad41469,501,0,16,right-6,left,right-dark,dark-up,greater-up,single,2026-03-03 19:27:13.8550000
26151,699a2189c3a62af43ad41469,1064,0,17,left-7,left,left-dark,dark-up,fewer-up,single,2026-03-03 19:27:17.1830000
26152,699a2189c3a62af43ad41469,1006,1,18,right-8,left,right-dark,light-up,greater-up,single,2026-03-03 19:27:19.7180000
26153,699a2189c3a62af43ad41469,267,1,19,left-1,right,left-dark,light-up,greater-up,single,2026-03-03 19:27:22.1010000
26154,699a2189c3a62af43ad41469,1048,1,20,left-6,right,left-dark,dark-up,fewer-up,single,2026-03-03 19:27:28.5830000
26155,699a2189c3a62af43ad41469,981,1,21,left-4,right,left-dark,light-up,greater-up,single,2026-03-03 19:27:31.8270000
26156,699a2189c3a62af43ad41469,702,1,22,right-3,left,right-dark,light-up,greater-up,single,2026-03-03 19:27:34.5790000
26157,699a2189c3a62af43ad41469,693,1,23,left-0,right,left-dark,light-up,greater-up,single,2026-03-03 19:27:38.1010000
26158,699a2189c3a62af43ad41469,973,0,24,left-2,left,left-dark,dark-up,fewer-up,single,2026-03-03 19:27:41.5760000
26159,699a2189c3a62af43ad41469,379,0,25,left-2,right,left-dark,dark-up,greater-up,single,2026-03-03 19:27:43.8520000
26160,699a2189c3a62af43ad41469,750,0,26,right-4,right,right-dark,light-up,greater-up,single,2026-03-03 19:27:45.9610000
26161,699a2189c3a62af43ad41469,276,0,27,left-3,right,left-dark,dark-up,greater-up,single,2026-03-03 19:27:48.3840000
26162,699a2189c3a62af43ad41469,230,0,28,left-7,right,left-dark,light-up,fewer-up,single,2026-03-03 19:27:50.8480000
26163,699a2189c3a62af43ad41469,277,1,29,left-6,left,left-dark,light-up,fewer-up,single,2026-03-03 19:27:53.4130000
26164,699a2189c3a62af43ad41469,349,0,30,right-9,left,right-dark,light-up,fewer-up,single,2026-03-03 19:27:55.8800000
26165,699a2189c3a62af43ad41469,287,1,31,right-4,left,right-dark,dark-up,fewer-up,single,2026-03-03 19:27:58.2190000
26166,699a2189c3a62af43ad41469,757,0,32,right-0,left,right-dark,light-up,fewer-up,single,2026-03-03 19:28:01.2770000
26167,699a2189c3a62af43ad41469,1164,0,33,left-5,right,left-dark,light-up,fewer-up,single,2026-03-03 19:28:05.0290000
26168,699a2189c3a62af43ad41469,816,0,34,left-8,right,left-dark,light-up,fewer-up,single,2026-03-03 19:28:07.7850000
26169,699a2189c3a62af43ad41469,1035,1,35,left-3,right,left-dark,dark-up,fewer-up,single,2026-03-03 19:28:10.5600000
26170,699a2189c3a62af43ad41469,826,0,36,left-8,right,left-dark,dark-up,greater-up,single,2026-03-03 19:28:13.5520000
26171,699a2189c3a62af43ad41469,605,1,37,left-0,right,left-dark,dark-up,fewer-up,single,2026-03-03 19:28:16.3940000
26172,699a2189c3a62af43ad41469,416,0,38,right-8,left,right-dark,light-up,fewer-up,single,2026-03-03 19:28:18.5370000
26173,699a2189c3a62af43ad41469,277,1,39,right-7,left,right-dark,dark-up,fewer-up,single,2026-03-03 19:28:21.0780000
26174,699a2189c3a62af43ad41469,965,1,40,left-6,left,left-dark,dark-up,greater-up,single,2026-03-03 19:28:26.3440000
26175,699a2189c3a62af43ad41469,946,1,41,right-1,left,right-dark,dark-up,fewer-up,single,2026-03-03 19:28:29.8610000
26176,699a2189c3a62af43ad41469,891,0,42,right-3,left,right-dark,light-up,fewer-up,single,2026-03-03 19:28:32.1670000
26177,699a2189c3a62af43ad41469,870,1,43,right-9,left,right-dark,dark-up,fewer-up,single,2026-03-03 19:28:35.6620000
26178,699a2189c3a62af43ad41469,357,0,44,right-6,right,right-dark,light-up,greater-up,single,2026-03-03 19:28:37.6660000
26179,699a2189c3a62af43ad41469,383,0,45,right-5,right,right-dark,dark-up,fewer-up,single,2026-03-03 19:28:40.7970000
26180,699a2189c3a62af43ad41469,414,0,46,right-5,left,right-dark,light-up,fewer-up,single,2026-03-03 19:28:43.7140000
26181,699a2189c3a62af43ad41469,342,1,47,right-1,right,right-dark,dark-up,greater-up,single,2026-03-03 19:28:46.3230000
26182,699a2189c3a62af43ad41469,317,0,48,right-0,right,right-dark,dark-up,fewer-up,single,2026-03-03 19:28:49.4360000
26183,699a2189c3a62af43ad41469,298,0,49,right-0,left,right-dark,dark-up,greater-up,single,2026-03-03 19:28:52.2480000
26184,699a2189c3a62af43ad41469,370,1,50,left-0,left,left-dark,light-up,fewer-up,single,2026-03-03 19:28:54.4640000
26185,699a2189c3a62af43ad41469,369,1,51,left-7,left,left-dark,dark-up,greater-up,single,2026-03-03 19:28:56.4680000
26186,699a2189c3a62af43ad41469,376,0,52,left-7,left,left-dark,light-up,greater-up,single,2026-03-03 19:28:59.0980000
26187,699a2189c3a62af43ad41469,450,1,53,left-9,left,left-dark,light-up,fewer-up,single,2026-03-03 19:29:01.3390000
26188,699a2189c3a62af43ad41469,3,1,54,left-5,right,left-dark,dark-up,fewer-up,single,2026-03-03 19:29:03.8600000
26189,699a2189c3a62af43ad41469,230,1,55,right-9,right,right-dark,dark-up,greater-up,single,2026-03-03 19:29:05.9950000
26190,699a2189c3a62af43ad41469,278,1,56,left-5,right,left-dark,light-up,greater-up,single,2026-03-03 19:29:08.5720000
26191,699a2189c3a62af43ad41469,303,1,57,right-2,left,right-dark,dark-up,fewer-up,single,2026-03-03 19:29:10.6380000
26192,699a2189c3a62af43ad41469,285,0,58,right-9,right,right-dark,light-up,greater-up,single,2026-03-03 19:29:12.9740000
26193,699a2189c3a62af43ad41469,307,0,59,right-7,left,right-dark,dark-up,greater-up,single,2026-03-03 19:29:15.7690000
26194,699a2189c3a62af43ad41469,902,0,60,right-6,left,right-dark,light-up,fewer-up,single,2026-03-03 19:29:20.1100000
26195,699a2189c3a62af43ad41469,408,0,61,left-4,right,left-dark,light-up,fewer-up,single,2026-03-03 19:29:22.0360000
26196,699a2189c3a62af43ad41469,291,1,62,left-1,right,left-dark,dark-up,fewer-up,single,2026-03-03 19:29:24.5650000
26197,699a2189c3a62af43ad41469,475,1,63,left-4,right,left-dark,dark-up,fewer-up,single,2026-03-03 19:29:27.1940000
26198,699a2189c3a62af43ad41469,634,1,64,right-6,left,right-dark,dark-up,fewer-up,single,2026-03-03 19:29:29.3320000
26199,699a2189c3a62af43ad41469,612,0,65,left-0,right,left-dark,dark-up,greater-up,single,2026-03-03 19:29:32.3330000
26200,699a2189c3a62af43ad41469,669,0,66,right-4,left,right-dark,light-up,fewer-up,single,2026-03-03 19:29:34.5640000
26201,699a2189c3a62af43ad41469,321,0,67,left-9,right,left-dark,dark-up,greater-up,single,2026-03-03 19:29:37.3640000
26202,699a2189c3a62af43ad41469,407,0,68,left-8,left,left-dark,light-up,greater-up,single,2026-03-03 19:29:39.6860000
26203,699a2189c3a62af43ad41469,254,1,69,right-7,left,right-dark,light-up,greater-up,single,2026-03-03 19:29:42.2760000
26204,699a2189c3a62af43ad41469,595,1,70,left-1,left,left-dark,dark-up,greater-up,single,2026-03-03 19:29:44.3830000
26205,699a2189c3a62af43ad41469,289,0,71,right-5,left,right-dark,dark-up,greater-up,single,2026-03-03 19:29:46.3240000
26206,699a2189c3a62af43ad41469,313,0,72,left-4,right,left-dark,dark-up,greater-up,single,2026-03-03 19:29:49.2130000
26207,699a2189c3a62af43ad41469,390,1,73,left-9,right,left-dark,dark-up,fewer-up,single,2026-03-03 19:29:52.2180000
26208,699a2189c3a62af43ad41469,362,1,74,right-2,right,right-dark,light-up,fewer-up,single,2026-03-03 19:29:54.3980000
26209,699a2189c3a62af43ad41469,286,1,75,right-7,right,right-dark,light-up,fewer-up,single,2026-03-03 19:29:56.7890000
26210,699a2189c3a62af43ad41469,321,0,76,left-3,left,left-dark,light-up,greater-up,single,2026-03-03 19:29:59.8470000
26211,699a2189c3a62af43ad41469,409,0,77,left-3,right,left-dark,light-up,fewer-up,single,2026-03-03 19:30:01.8750000
26212,699a2189c3a62af43ad41469,352,1,78,left-5,left,left-dark,dark-up,greater-up,single,2026-03-03 19:30:04.4520000
26213,699a2189c3a62af43ad41469,345,0,79,right-4,left,right-dark,dark-up,greater-up,single,2026-03-03 19:30:07.2800000
26214,678ff81c8c6b56f93355e0bb,1217,1,0,left-3,right,left-dark,light-up,greater-up,single,2026-03-03 19:41:45.9740000
26215,678ff81c8c6b56f93355e0bb,799,1,1,right-6,right,right-dark,dark-up,greater-up,single,2026-03-03 19:41:49.3280000
26216,678ff81c8c6b56f93355e0bb,743,1,2,right-3,right,right-dark,dark-up,greater-up,single,2026-03-03 19:41:52.4570000
26217,678ff81c8c6b56f93355e0bb,1220,0,3,left-3,left,left-dark,dark-up,fewer-up,single,2026-03-03 19:41:55.9680000
26218,678ff81c8c6b56f93355e0bb,898,1,4,right-4,right,right-dark,dark-up,greater-up,single,2026-03-03 19:41:59.2670000
26219,678ff81c8c6b56f93355e0bb,1503,1,5,right-3,left,right-dark,dark-up,fewer-up,single,2026-03-03 19:42:03.3220000
26220,678ff81c8c6b56f93355e0bb,974,1,6,left-0,left,left-dark,dark-up,greater-up,single,2026-03-03 19:42:07.5210000
26221,678ff81c8c6b56f93355e0bb,980,1,7,left-6,right,left-dark,light-up,greater-up,single,2026-03-03 19:42:10.4850000
26222,678ff81c8c6b56f93355e0bb,932,1,8,left-8,right,left-dark,dark-up,fewer-up,single,2026-03-03 19:42:14.0330000
26223,678ff81c8c6b56f93355e0bb,988,1,9,left-9,right,left-dark,dark-up,fewer-up,single,2026-03-03 19:42:17.0470000
26224,678ff81c8c6b56f93355e0bb,897,1,10,right-7,right,right-dark,dark-up,greater-up,single,2026-03-03 19:42:19.7340000
26225,678ff81c8c6b56f93355e0bb,1121,1,11,left-5,left,left-dark,light-up,fewer-up,single,2026-03-03 19:42:22.5480000
26226,678ff81c8c6b56f93355e0bb,924,1,12,right-8,right,right-dark,light-up,fewer-up,single,2026-03-03 19:42:26.0060000
26227,678ff81c8c6b56f93355e0bb,1017,1,13,left-5,left,left-dark,dark-up,greater-up,single,2026-03-03 19:42:28.6460000
26228,678ff81c8c6b56f93355e0bb,742,1,14,right-9,right,right-dark,dark-up,greater-up,single,2026-03-03 19:42:32.1200000
26229,678ff81c8c6b56f93355e0bb,1123,1,15,left-0,left,left-dark,light-up,fewer-up,single,2026-03-03 19:42:35.4610000
26230,678ff81c8c6b56f93355e0bb,969,1,16,right-0,left,right-dark,light-up,greater-up,single,2026-03-03 19:42:38.7420000
26231,678ff81c8c6b56f93355e0bb,1114,1,17,left-6,left,left-dark,dark-up,greater-up,single,2026-03-03 19:42:41.3600000
26232,678ff81c8c6b56f93355e0bb,896,1,18,left-9,right,left-dark,light-up,greater-up,single,2026-03-03 19:42:44.1570000
26233,678ff81c8c6b56f93355e0bb,807,1,19,right-2,left,right-dark,light-up,greater-up,single,2026-03-03 19:42:47.3900000
26234,678ff81c8c6b56f93355e0bb,1017,1,20,left-7,right,left-dark,light-up,greater-up,single,2026-03-03 19:42:56.2860000
26235,678ff81c8c6b56f93355e0bb,802,1,21,right-8,left,right-dark,light-up,greater-up,single,2026-03-03 19:42:59.0640000
26236,678ff81c8c6b56f93355e0bb,1230,0,22,right-4,right,right-dark,dark-up,fewer-up,single,2026-03-03 19:43:02.7310000
26237,678ff81c8c6b56f93355e0bb,1008,1,23,left-7,left,left-dark,dark-up,greater-up,single,2026-03-03 19:43:05.8460000
26238,660dfb0b513cd3c8af03656e,692,1,0,left-5,left,left-dark,dark-up,greater-up,dual,2026-03-03 19:43:07.3580000
26239,678ff81c8c6b56f93355e0bb,796,1,24,left-1,right,left-dark,light-up,greater-up,single,2026-03-03 19:43:08.4890000
26240,660dfb0b513cd3c8af03656e,1565,0,1,left-8,left,left-dark,light-up,greater-up,dual,2026-03-03 19:43:10.9030000
26241,678ff81c8c6b56f93355e0bb,989,1,25,right-1,left,right-dark,light-up,greater-up,single,2026-03-03 19:43:12.2830000
26242,660dfb0b513cd3c8af03656e,644,0,2,right-2,right,right-dark,light-up,greater-up,dual,2026-03-03 19:43:14.0810000
26243,678ff81c8c6b56f93355e0bb,1076,0,26,right-6,right,right-dark,dark-up,fewer-up,single,2026-03-03 19:43:15.3670000
26244,660dfb0b513cd3c8af03656e,1650,1,3,right-4,right,right-dark,light-up,fewer-up,dual,2026-03-03 19:43:17.5330000
26245,678ff81c8c6b56f93355e0bb,995,1,27,right-6,right,right-dark,light-up,fewer-up,single,2026-03-03 19:43:19.0470000
26246,660dfb0b513cd3c8af03656e,812,0,4,right-0,right,right-dark,dark-up,fewer-up,dual,2026-03-03 19:43:21.1110000
26247,678ff81c8c6b56f93355e0bb,961,1,28,right-5,right,right-dark,dark-up,greater-up,single,2026-03-03 19:43:22.3450000
26248,660dfb0b513cd3c8af03656e,1964,1,5,left-1,right,left-dark,light-up,greater-up,dual,2026-03-03 19:43:25.7200000
26249,678ff81c8c6b56f93355e0bb,923,1,29,right-9,left,right-dark,light-up,greater-up,single,2026-03-03 19:43:25.8750000
26250,678ff81c8c6b56f93355e0bb,960,1,30,left-2,left,left-dark,dark-up,greater-up,single,2026-03-03 19:43:28.6980000
26251,660dfb0b513cd3c8af03656e,1243,1,6,right-9,right,right-dark,dark-up,greater-up,dual,2026-03-03 19:43:29.8160000
26252,678ff81c8c6b56f93355e0bb,1094,0,31,right-1,left,right-dark,light-up,fewer-up,single,2026-03-03 19:43:31.1090000
26253,660dfb0b513cd3c8af03656e,1861,1,7,left-0,left,left-dark,dark-up,greater-up,dual,2026-03-03 19:43:34.2210000
26254,678ff81c8c6b56f93355e0bb,1136,1,32,left-4,left,left-dark,light-up,fewer-up,single,2026-03-03 19:43:33.6730000
26255,678ff81c8c6b56f93355e0bb,953,1,33,left-3,left,left-dark,dark-up,greater-up,single,2026-03-03 19:43:36.7980000
26256,660dfb0b513cd3c8af03656e,1367,1,8,left-6,right,left-dark,light-up,greater-up,dual,2026-03-03 19:43:38.3300000
26257,678ff81c8c6b56f93355e0bb,1192,1,34,left-7,right,left-dark,dark-up,fewer-up,single,2026-03-03 19:43:39.3100000
26258,660dfb0b513cd3c8af03656e,NULL,0,9,left-6,none,left-dark,dark-up,fewer-up,dual,2026-03-03 19:43:41.5090000
26259,678ff81c8c6b56f93355e0bb,1139,1,35,left-1,left,left-dark,light-up,fewer-up,single,2026-03-03 19:43:43.2080000
26260,660dfb0b513cd3c8af03656e,1246,0,10,left-4,right,left-dark,light-up,fewer-up,dual,2026-03-03 19:43:46.0550000
26261,678ff81c8c6b56f93355e0bb,868,1,36,left-8,right,left-dark,light-up,greater-up,single,2026-03-03 19:43:46.2840000
26262,660dfb0b513cd3c8af03656e,1377,1,11,right-9,right,right-dark,light-up,fewer-up,dual,2026-03-03 19:43:49.5820000
26263,678ff81c8c6b56f93355e0bb,1284,1,37,right-5,left,right-dark,dark-up,fewer-up,single,2026-03-03 19:43:50.0970000
26264,660dfb0b513cd3c8af03656e,1278,1,12,right-7,left,right-dark,light-up,greater-up,dual,2026-03-03 19:43:53.1060000
26265,678ff81c8c6b56f93355e0bb,1286,1,38,left-3,left,left-dark,light-up,fewer-up,single,2026-03-03 19:43:53.7420000
26266,660dfb0b513cd3c8af03656e,1459,1,13,right-2,right,right-dark,light-up,fewer-up,dual,2026-03-03 19:43:56.1450000
26267,678ff81c8c6b56f93355e0bb,1187,1,39,left-2,left,left-dark,light-up,fewer-up,single,2026-03-03 19:43:57.2550000
26268,660dfb0b513cd3c8af03656e,1468,1,14,right-5,left,right-dark,light-up,greater-up,dual,2026-03-03 19:43:59.8420000
26269,660dfb0b513cd3c8af03656e,1899,1,15,left-5,right,left-dark,light-up,greater-up,dual,2026-03-03 19:44:04.2620000
26270,678ff81c8c6b56f93355e0bb,1609,1,40,left-4,right,left-dark,dark-up,fewer-up,single,2026-03-03 19:44:06.0920000
26271,660dfb0b513cd3c8af03656e,1283,1,16,left-2,left,left-dark,light-up,fewer-up,dual,2026-03-03 19:44:08.3660000
26272,678ff81c8c6b56f93355e0bb,1154,1,41,left-6,right,left-dark,dark-up,fewer-up,single,2026-03-03 19:44:09.5580000
26273,660dfb0b513cd3c8af03656e,1045,1,17,right-3,right,right-dark,light-up,fewer-up,dual,2026-03-03 19:44:12.0200000
26274,678ff81c8c6b56f93355e0bb,1094,1,42,right-2,right,right-dark,light-up,fewer-up,single,2026-03-03 19:44:13.0190000
26275,660dfb0b513cd3c8af03656e,1117,1,18,right-4,left,right-dark,dark-up,fewer-up,dual,2026-03-03 19:44:15.7950000
26276,678ff81c8c6b56f93355e0bb,1016,1,43,right-7,left,right-dark,dark-up,fewer-up,single,2026-03-03 19:44:16.1960000
26277,660dfb0b513cd3c8af03656e,854,1,19,left-7,left,left-dark,light-up,fewer-up,dual,2026-03-03 19:44:18.9920000
26278,678ff81c8c6b56f93355e0bb,1028,1,44,left-6,left,left-dark,light-up,fewer-up,single,2026-03-03 19:44:18.7390000
26279,678ff81c8c6b56f93355e0bb,1531,1,45,left-4,right,left-dark,light-up,greater-up,single,2026-03-03 19:44:23.0140000
26280,678ff81c8c6b56f93355e0bb,873,1,46,left-5,right,left-dark,light-up,greater-up,single,2026-03-03 19:44:26.0720000
26281,660dfb0b513cd3c8af03656e,1696,1,20,right-3,left,right-dark,light-up,greater-up,dual,2026-03-03 19:44:26.8910000
26282,678ff81c8c6b56f93355e0bb,1327,1,47,right-7,right,right-dark,light-up,fewer-up,single,2026-03-03 19:44:28.6950000
26283,660dfb0b513cd3c8af03656e,1010,1,21,right-8,right,right-dark,light-up,fewer-up,dual,2026-03-03 19:44:29.6000000
26284,660dfb0b513cd3c8af03656e,1098,1,22,right-7,right,right-dark,dark-up,greater-up,dual,2026-03-03 19:44:32.2340000
26285,678ff81c8c6b56f93355e0bb,1091,1,48,right-8,left,right-dark,dark-up,fewer-up,single,2026-03-03 19:44:31.3930000
26286,678ff81c8c6b56f93355e0bb,1071,1,49,right-0,left,right-dark,dark-up,fewer-up,single,2026-03-03 19:44:33.8190000
26287,660dfb0b513cd3c8af03656e,1503,1,23,right-8,left,right-dark,light-up,greater-up,dual,2026-03-03 19:44:36.3160000
26288,678ff81c8c6b56f93355e0bb,1110,1,50,left-0,right,left-dark,light-up,greater-up,single,2026-03-03 19:44:36.3540000
26289,678ff81c8c6b56f93355e0bb,896,1,51,right-2,right,right-dark,dark-up,greater-up,single,2026-03-03 19:44:39.5140000
26290,660dfb0b513cd3c8af03656e,1671,1,24,left-3,right,left-dark,light-up,greater-up,dual,2026-03-03 19:44:40.6150000
26291,660dfb0b513cd3c8af03656e,1591,1,25,right-0,right,right-dark,light-up,fewer-up,dual,2026-03-03 19:44:43.7120000
26292,678ff81c8c6b56f93355e0bb,1007,1,52,right-0,right,right-dark,light-up,fewer-up,single,2026-03-03 19:44:42.9210000
26293,678ff81c8c6b56f93355e0bb,852,1,53,right-0,right,right-dark,dark-up,greater-up,single,2026-03-03 19:44:45.2420000
26294,660dfb0b513cd3c8af03656e,1164,1,26,left-1,right,left-dark,dark-up,fewer-up,dual,2026-03-03 19:44:46.1820000
26295,660dfb0b513cd3c8af03656e,940,1,27,left-4,right,left-dark,light-up,greater-up,dual,2026-03-03 19:44:49.0220000
26296,678ff81c8c6b56f93355e0bb,899,1,54,left-2,right,left-dark,light-up,greater-up,single,2026-03-03 19:44:48.2130000
26297,678ff81c8c6b56f93355e0bb,920,1,55,left-1,left,left-dark,dark-up,greater-up,single,2026-03-03 19:44:51.3410000
26298,660dfb0b513cd3c8af03656e,1325,1,28,left-9,left,left-dark,light-up,fewer-up,dual,2026-03-03 19:44:52.3340000
26299,678ff81c8c6b56f93355e0bb,764,1,56,left-8,left,left-dark,dark-up,greater-up,single,2026-03-03 19:44:54.0880000
26300,660dfb0b513cd3c8af03656e,1758,1,29,left-7,right,left-dark,light-up,greater-up,dual,2026-03-03 19:44:56.5050000
26301,678ff81c8c6b56f93355e0bb,1024,1,57,left-7,left,left-dark,light-up,fewer-up,single,2026-03-03 19:44:57.8260000
26302,660dfb0b513cd3c8af03656e,1218,1,30,right-6,left,right-dark,light-up,greater-up,dual,2026-03-03 19:44:59.8080000
26303,678ff81c8c6b56f93355e0bb,1590,1,58,left-1,right,left-dark,dark-up,fewer-up,single,2026-03-03 19:45:01.4230000
26304,660dfb0b513cd3c8af03656e,1194,1,31,right-1,right,right-dark,light-up,fewer-up,dual,2026-03-03 19:45:02.7480000
26305,678ff81c8c6b56f93355e0bb,966,1,59,right-6,left,right-dark,light-up,greater-up,single,2026-03-03 19:45:04.9070000
26306,660dfb0b513cd3c8af03656e,1027,1,32,left-8,left,left-dark,dark-up,greater-up,dual,2026-03-03 19:45:06.1080000
26307,660dfb0b513cd3c8af03656e,1760,1,33,right-1,left,right-dark,dark-up,fewer-up,dual,2026-03-03 19:45:09.3230000
26308,660dfb0b513cd3c8af03656e,1171,1,34,left-7,left,left-dark,dark-up,greater-up,dual,2026-03-03 19:45:12.1640000
26309,678ff81c8c6b56f93355e0bb,1037,1,60,right-1,right,right-dark,dark-up,greater-up,single,2026-03-03 19:45:12.5460000
26310,660dfb0b513cd3c8af03656e,832,1,35,right-0,right,right-dark,dark-up,greater-up,dual,2026-03-03 19:45:15.4490000
26311,678ff81c8c6b56f93355e0bb,759,1,61,right-4,left,right-dark,light-up,greater-up,single,2026-03-03 19:45:15.1870000
26312,678ff81c8c6b56f93355e0bb,1021,1,62,left-0,right,left-dark,dark-up,fewer-up,single,2026-03-03 19:45:17.5170000
26313,660dfb0b513cd3c8af03656e,928,1,36,left-0,left,left-dark,light-up,fewer-up,dual,2026-03-03 19:45:19.0940000
26314,678ff81c8c6b56f93355e0bb,919,1,63,left-5,right,left-dark,dark-up,fewer-up,single,2026-03-03 19:45:20.0310000
26315,660dfb0b513cd3c8af03656e,1395,1,37,right-5,right,right-dark,dark-up,greater-up,dual,2026-03-03 19:45:22.4490000
26316,678ff81c8c6b56f93355e0bb,1014,1,64,right-4,right,right-dark,light-up,fewer-up,single,2026-03-03 19:45:22.8830000
26317,660dfb0b513cd3c8af03656e,1009,0,38,right-0,right,right-dark,light-up,greater-up,dual,2026-03-03 19:45:25.0840000
26318,678ff81c8c6b56f93355e0bb,935,1,65,left-8,left,left-dark,light-up,fewer-up,single,2026-03-03 19:45:26.4260000
26319,660dfb0b513cd3c8af03656e,970,1,39,right-3,left,right-dark,dark-up,fewer-up,dual,2026-03-03 19:45:28.3310000
26320,678ff81c8c6b56f93355e0bb,908,1,66,right-7,left,right-dark,light-up,greater-up,single,2026-03-03 19:45:29.6020000
26321,678ff81c8c6b56f93355e0bb,876,1,67,left-4,left,left-dark,dark-up,greater-up,single,2026-03-03 19:45:33.1120000
26322,660dfb0b513cd3c8af03656e,1250,1,40,left-3,left,left-dark,light-up,fewer-up,dual,2026-03-03 19:45:35.6940000
26323,678ff81c8c6b56f93355e0bb,918,1,68,right-5,left,right-dark,light-up,greater-up,single,2026-03-03 19:45:36.2220000
26324,660dfb0b513cd3c8af03656e,1084,1,41,left-7,right,left-dark,dark-up,fewer-up,dual,2026-03-03 19:45:38.7120000
26325,678ff81c8c6b56f93355e0bb,824,1,69,right-5,right,right-dark,light-up,fewer-up,single,2026-03-03 19:45:38.6520000
26326,660dfb0b513cd3c8af03656e,1019,1,42,right-2,left,right-dark,dark-up,fewer-up,dual,2026-03-03 19:45:41.7110000
26327,678ff81c8c6b56f93355e0bb,788,1,70,right-3,left,right-dark,light-up,greater-up,single,2026-03-03 19:45:40.8180000
26328,678ff81c8c6b56f93355e0bb,763,1,71,left-9,left,left-dark,dark-up,greater-up,single,2026-03-03 19:45:43.7100000
26329,660dfb0b513cd3c8af03656e,1497,1,43,left-2,left,left-dark,dark-up,greater-up,dual,2026-03-03 19:45:45.0240000
26330,678ff81c8c6b56f93355e0bb,697,1,72,right-8,right,right-dark,dark-up,greater-up,single,2026-03-03 19:45:46.5110000
26331,660dfb0b513cd3c8af03656e,1385,1,44,left-9,right,left-dark,dark-up,fewer-up,dual,2026-03-03 19:45:48.9990000
26332,678ff81c8c6b56f93355e0bb,1096,1,73,right-9,right,right-dark,light-up,fewer-up,single,2026-03-03 19:45:49.1110000
26333,660dfb0b513cd3c8af03656e,1268,1,45,left-9,left,left-dark,dark-up,greater-up,dual,2026-03-03 19:45:51.9680000
26334,678ff81c8c6b56f93355e0bb,843,1,74,right-2,left,right-dark,dark-up,fewer-up,single,2026-03-03 19:45:51.8950000
26335,660dfb0b513cd3c8af03656e,1035,1,46,right-9,left,right-dark,dark-up,fewer-up,dual,2026-03-03 19:45:54.8530000
26336,678ff81c8c6b56f93355e0bb,779,1,75,right-3,right,right-dark,light-up,fewer-up,single,2026-03-03 19:45:54.4900000
26337,660dfb0b513cd3c8af03656e,1169,1,47,right-5,left,right-dark,dark-up,fewer-up,dual,2026-03-03 19:45:57.9520000
26338,678ff81c8c6b56f93355e0bb,754,1,76,left-2,right,left-dark,dark-up,fewer-up,single,2026-03-03 19:45:57.7850000
26339,660dfb0b513cd3c8af03656e,1201,1,48,left-3,left,left-dark,dark-up,greater-up,dual,2026-03-03 19:46:01.2060000
26340,678ff81c8c6b56f93355e0bb,1097,1,77,right-9,left,right-dark,dark-up,fewer-up,single,2026-03-03 19:46:00.6860000
26341,678ff81c8c6b56f93355e0bb,916,1,78,left-9,left,left-dark,light-up,fewer-up,single,2026-03-03 19:46:03.5960000
26342,660dfb0b513cd3c8af03656e,997,1,49,right-1,left,right-dark,light-up,greater-up,dual,2026-03-03 19:46:04.8780000
26343,660dfb0b513cd3c8af03656e,1208,1,50,left-2,right,left-dark,dark-up,fewer-up,dual,2026-03-03 19:46:07.4740000
26344,678ff81c8c6b56f93355e0bb,1117,1,79,right-1,left,right-dark,dark-up,fewer-up,single,2026-03-03 19:46:06.7650000
26345,660dfb0b513cd3c8af03656e,914,1,51,left-1,left,left-dark,light-up,fewer-up,dual,2026-03-03 19:46:10.4010000
26346,660dfb0b513cd3c8af03656e,1394,1,52,right-9,left,right-dark,light-up,greater-up,dual,2026-03-03 19:46:14.1730000
26347,660dfb0b513cd3c8af03656e,1225,1,53,left-0,right,left-dark,dark-up,fewer-up,dual,2026-03-03 19:46:17.8930000
26348,660dfb0b513cd3c8af03656e,1842,1,54,left-6,left,left-dark,light-up,fewer-up,dual,2026-03-03 19:46:21.9300000
26349,660dfb0b513cd3c8af03656e,976,1,55,left-9,right,left-dark,light-up,greater-up,dual,2026-03-03 19:46:25.0680000
26350,660dfb0b513cd3c8af03656e,860,1,56,right-4,left,right-dark,light-up,greater-up,dual,2026-03-03 19:46:28.3330000
26351,660dfb0b513cd3c8af03656e,859,1,57,left-2,right,left-dark,light-up,greater-up,dual,2026-03-03 19:46:31.9160000
26352,660dfb0b513cd3c8af03656e,1323,1,58,right-6,right,right-dark,light-up,fewer-up,dual,2026-03-03 19:46:35.2340000
26353,660dfb0b513cd3c8af03656e,1295,1,59,left-8,right,left-dark,dark-up,fewer-up,dual,2026-03-03 19:46:38.1760000
26354,660dfb0b513cd3c8af03656e,1446,1,60,left-5,right,left-dark,dark-up,fewer-up,dual,2026-03-03 19:46:43.7620000
26355,660dfb0b513cd3c8af03656e,888,1,61,left-5,left,left-dark,light-up,fewer-up,dual,2026-03-03 19:46:47.2390000
26356,660dfb0b513cd3c8af03656e,808,1,62,right-3,right,right-dark,dark-up,greater-up,dual,2026-03-03 19:46:49.9770000
26357,660dfb0b513cd3c8af03656e,1763,1,63,left-0,right,left-dark,light-up,greater-up,dual,2026-03-03 19:46:53.3110000
26358,660dfb0b513cd3c8af03656e,985,1,64,right-8,right,right-dark,dark-up,greater-up,dual,2026-03-03 19:46:55.9000000
26359,660dfb0b513cd3c8af03656e,859,1,65,left-3,right,left-dark,dark-up,fewer-up,dual,2026-03-03 19:46:59.4510000
26360,660dfb0b513cd3c8af03656e,787,1,66,right-6,right,right-dark,dark-up,greater-up,dual,2026-03-03 19:47:02.4440000
26361,660dfb0b513cd3c8af03656e,883,1,67,left-8,left,left-dark,light-up,fewer-up,dual,2026-03-03 19:47:06.0360000
26362,660dfb0b513cd3c8af03656e,1729,1,68,right-2,right,right-dark,dark-up,greater-up,dual,2026-03-03 19:47:09.9540000
26363,660dfb0b513cd3c8af03656e,1051,1,69,right-1,right,right-dark,dark-up,greater-up,dual,2026-03-03 19:47:12.5480000
26364,660dfb0b513cd3c8af03656e,1621,1,70,right-5,right,right-dark,light-up,fewer-up,dual,2026-03-03 19:47:15.7770000
26365,660dfb0b513cd3c8af03656e,1416,1,71,right-7,left,right-dark,dark-up,fewer-up,dual,2026-03-03 19:47:19.9780000
26366,660dfb0b513cd3c8af03656e,1342,1,72,left-4,left,left-dark,dark-up,greater-up,dual,2026-03-03 19:47:22.6640000
26367,660dfb0b513cd3c8af03656e,784,1,73,left-6,left,left-dark,dark-up,greater-up,dual,2026-03-03 19:47:25.9350000
26368,660dfb0b513cd3c8af03656e,1086,1,74,right-8,left,right-dark,dark-up,fewer-up,dual,2026-03-03 19:47:29.5280000
26369,660dfb0b513cd3c8af03656e,1935,1,75,right-6,left,right-dark,dark-up,fewer-up,dual,2026-03-03 19:47:33.0520000
26370,66d88659f847e91642700180,920,1,0,left-4,left,left-dark,light-up,fewer-up,single,2026-03-03 19:47:34.3380000
26371,660dfb0b513cd3c8af03656e,830,1,76,right-4,right,right-dark,dark-up,greater-up,dual,2026-03-03 19:47:35.6120000
26372,66d88659f847e91642700180,1104,1,1,right-1,right,right-dark,dark-up,greater-up,single,2026-03-03 19:47:38.2460000
26373,660dfb0b513cd3c8af03656e,1095,1,77,left-4,right,left-dark,dark-up,fewer-up,dual,2026-03-03 19:47:39.1450000
26374,66d88659f847e91642700180,1272,1,2,left-2,left,left-dark,light-up,fewer-up,single,2026-03-03 19:47:41.6070000
26375,660dfb0b513cd3c8af03656e,911,1,78,right-7,right,right-dark,light-up,fewer-up,dual,2026-03-03 19:47:42.5250000
26376,66d88659f847e91642700180,1302,1,3,left-0,left,left-dark,light-up,fewer-up,single,2026-03-03 19:47:44.8670000
26377,660dfb0b513cd3c8af03656e,1371,1,79,left-1,left,left-dark,dark-up,greater-up,dual,2026-03-03 19:47:46.1520000
26378,66d88659f847e91642700180,997,1,4,left-1,right,left-dark,light-up,greater-up,single,2026-03-03 19:47:48.4880000
26379,66d88659f847e91642700180,1384,0,5,left-3,left,left-dark,dark-up,fewer-up,single,2026-03-03 19:47:52.6310000
26380,66d88659f847e91642700180,1153,1,6,left-0,right,left-dark,light-up,greater-up,single,2026-03-03 19:47:55.8520000
26381,66d88659f847e91642700180,1211,1,7,right-9,right,right-dark,dark-up,greater-up,single,2026-03-03 19:47:58.5220000
26382,66d88659f847e91642700180,1178,1,8,right-4,left,right-dark,light-up,greater-up,single,2026-03-03 19:48:01.7470000
26383,66d88659f847e91642700180,1236,1,9,right-9,left,right-dark,dark-up,fewer-up,single,2026-03-03 19:48:04.7280000
26384,66d88659f847e91642700180,1247,1,10,left-5,left,left-dark,light-up,fewer-up,single,2026-03-03 19:48:08.3000000
26385,66d88659f847e91642700180,1154,1,11,right-3,right,right-dark,dark-up,greater-up,single,2026-03-03 19:48:10.9150000
26386,66d88659f847e91642700180,1244,1,12,right-2,left,right-dark,dark-up,fewer-up,single,2026-03-03 19:48:14.9720000
26387,66d88659f847e91642700180,1095,1,13,left-2,right,left-dark,dark-up,fewer-up,single,2026-03-03 19:48:18.8330000
26388,66d88659f847e91642700180,1266,1,14,left-0,left,left-dark,dark-up,greater-up,single,2026-03-03 19:48:22.4240000
26389,66d88659f847e91642700180,1282,1,15,left-9,left,left-dark,light-up,fewer-up,single,2026-03-03 19:48:26.5150000
26390,66d88659f847e91642700180,1282,1,16,right-7,right,right-dark,light-up,fewer-up,single,2026-03-03 19:48:29.7670000
26391,66d88659f847e91642700180,1114,1,17,right-5,left,right-dark,dark-up,fewer-up,single,2026-03-03 19:48:32.4990000
26392,66d88659f847e91642700180,1011,1,18,right-5,right,right-dark,dark-up,greater-up,single,2026-03-03 19:48:36.0010000
26393,66d88659f847e91642700180,982,1,19,right-6,right,right-dark,dark-up,greater-up,single,2026-03-03 19:48:39.4660000
26394,66d88659f847e91642700180,1462,0,20,left-9,left,left-dark,dark-up,fewer-up,single,2026-03-03 19:48:49.7960000
26395,66d88659f847e91642700180,1232,1,21,right-5,right,right-dark,light-up,fewer-up,single,2026-03-03 19:48:53.6460000
26396,66d88659f847e91642700180,1511,1,22,right-0,left,right-dark,light-up,greater-up,single,2026-03-03 19:48:56.8740000
26397,66d88659f847e91642700180,1018,1,23,right-6,left,right-dark,light-up,greater-up,single,2026-03-03 19:48:59.4360000
26398,66d88659f847e91642700180,1123,1,24,right-3,right,right-dark,light-up,fewer-up,single,2026-03-03 19:49:03.0590000
26399,66d88659f847e91642700180,1276,1,25,left-3,left,left-dark,dark-up,greater-up,single,2026-03-03 19:49:06.1670000
26400,66d88659f847e91642700180,1187,1,26,left-6,right,left-dark,dark-up,fewer-up,single,2026-03-03 19:49:09.0760000
26401,66d88659f847e91642700180,1118,1,27,right-8,left,right-dark,light-up,greater-up,single,2026-03-03 19:49:12.1700000
26402,66d88659f847e91642700180,1010,1,28,right-9,left,right-dark,light-up,greater-up,single,2026-03-03 19:49:15.1320000
26403,66d88659f847e91642700180,1102,1,29,right-4,right,right-dark,light-up,fewer-up,single,2026-03-03 19:49:17.7420000
26404,66d88659f847e91642700180,1295,1,30,left-3,left,left-dark,light-up,fewer-up,single,2026-03-03 19:49:20.3540000
26405,66d88659f847e91642700180,1105,1,31,left-8,right,left-dark,light-up,greater-up,single,2026-03-03 19:49:22.7840000
26406,66d88659f847e91642700180,1398,1,32,right-7,left,right-dark,light-up,greater-up,single,2026-03-03 19:49:26.0060000
26407,66d88659f847e91642700180,1126,1,33,right-9,right,right-dark,light-up,fewer-up,single,2026-03-03 19:49:29.3050000
26408,66d88659f847e91642700180,1076,1,34,right-0,right,right-dark,light-up,fewer-up,single,2026-03-03 19:49:33.0970000
26409,66d88659f847e91642700180,1213,1,35,left-8,left,left-dark,light-up,fewer-up,single,2026-03-03 19:49:36.2420000
26410,66d88659f847e91642700180,1148,1,36,right-8,right,right-dark,light-up,fewer-up,single,2026-03-03 19:49:39.2540000
26411,66d88659f847e91642700180,1242,1,37,left-7,left,left-dark,light-up,fewer-up,single,2026-03-03 19:49:42.9080000
26412,66d88659f847e91642700180,1069,0,38,right-2,right,right-dark,light-up,greater-up,single,2026-03-03 19:49:46.3980000
26413,66d88659f847e91642700180,1163,1,39,left-4,right,left-dark,light-up,greater-up,single,2026-03-03 19:49:49.3700000
26414,66d88659f847e91642700180,993,1,40,right-1,right,right-dark,light-up,fewer-up,single,2026-03-03 19:49:59.3710000
26415,66d88659f847e91642700180,940,1,41,right-8,left,right-dark,dark-up,fewer-up,single,2026-03-03 19:50:02.9880000
26416,66d88659f847e91642700180,1008,1,42,left-5,left,left-dark,dark-up,greater-up,single,2026-03-03 19:50:06.3780000
26417,66d88659f847e91642700180,1032,1,43,right-4,left,right-dark,dark-up,fewer-up,single,2026-03-03 19:50:09.7980000
26418,66d88659f847e91642700180,1179,1,44,left-2,left,left-dark,dark-up,greater-up,single,2026-03-03 19:50:12.4410000
26419,66d88659f847e91642700180,1110,1,45,left-1,left,left-dark,dark-up,greater-up,single,2026-03-03 19:50:15.6680000
26420,66d88659f847e91642700180,1005,1,46,right-0,left,right-dark,dark-up,fewer-up,single,2026-03-03 19:50:19.2450000
26421,66d88659f847e91642700180,1051,1,47,right-2,right,right-dark,dark-up,greater-up,single,2026-03-03 19:50:23.0210000
26422,66d88659f847e91642700180,948,1,48,left-4,left,left-dark,dark-up,greater-up,single,2026-03-03 19:50:26.7400000
26423,66d88659f847e91642700180,1003,1,49,left-8,left,left-dark,dark-up,greater-up,single,2026-03-03 19:50:29.2490000
26424,66d88659f847e91642700180,961,1,50,right-0,right,right-dark,dark-up,greater-up,single,2026-03-03 19:50:32.7290000
26425,66d88659f847e91642700180,1184,1,51,left-3,right,left-dark,light-up,greater-up,single,2026-03-03 19:50:36.2240000
26426,66d88659f847e91642700180,1057,1,52,right-1,left,right-dark,dark-up,fewer-up,single,2026-03-03 19:50:39.5260000
26427,66d88659f847e91642700180,1112,1,53,left-7,right,left-dark,light-up,greater-up,single,2026-03-03 19:50:43.1750000
26428,66d88659f847e91642700180,1111,1,54,left-0,right,left-dark,dark-up,fewer-up,single,2026-03-03 19:50:45.9560000
26429,66d88659f847e91642700180,1207,1,55,left-5,right,left-dark,dark-up,fewer-up,single,2026-03-03 19:50:49.8030000
26430,66d88659f847e91642700180,1312,1,56,right-6,right,right-dark,light-up,fewer-up,single,2026-03-03 19:50:53.3560000
26431,66d88659f847e91642700180,1215,0,57,left-8,left,left-dark,dark-up,fewer-up,single,2026-03-03 19:50:56.4870000
26432,66d88659f847e91642700180,1439,1,58,left-9,right,left-dark,light-up,greater-up,single,2026-03-03 19:50:59.9900000
26433,66d88659f847e91642700180,1323,1,59,left-9,left,left-dark,dark-up,greater-up,single,2026-03-03 19:51:03.5890000
26434,66d88659f847e91642700180,1054,1,60,right-3,left,right-dark,dark-up,fewer-up,single,2026-03-03 19:51:10.2050000
26435,66d88659f847e91642700180,1117,1,61,left-5,right,left-dark,light-up,greater-up,single,2026-03-03 19:51:13.3440000
26436,66d88659f847e91642700180,998,1,62,right-6,left,right-dark,dark-up,fewer-up,single,2026-03-03 19:51:15.7570000
26437,66d88659f847e91642700180,969,1,63,left-7,right,left-dark,dark-up,fewer-up,single,2026-03-03 19:51:19.0120000
26438,66d88659f847e91642700180,951,1,64,right-8,right,right-dark,dark-up,greater-up,single,2026-03-03 19:51:21.2920000
26439,66d88659f847e91642700180,1091,1,65,left-1,left,left-dark,light-up,fewer-up,single,2026-03-03 19:51:23.8320000
26440,66d88659f847e91642700180,1108,1,66,right-7,left,right-dark,dark-up,fewer-up,single,2026-03-03 19:51:26.9730000
26441,66d88659f847e91642700180,1291,1,67,right-1,left,right-dark,light-up,greater-up,single,2026-03-03 19:51:30.3850000
26442,66d88659f847e91642700180,1054,1,68,left-1,right,left-dark,dark-up,fewer-up,single,2026-03-03 19:51:33.6390000
26443,66d88659f847e91642700180,847,1,69,right-5,left,right-dark,light-up,greater-up,single,2026-03-03 19:51:36.0520000
26444,66d88659f847e91642700180,918,1,70,left-7,left,left-dark,dark-up,greater-up,single,2026-03-03 19:51:39.1220000
26445,66d88659f847e91642700180,847,1,71,left-6,left,left-dark,dark-up,greater-up,single,2026-03-03 19:51:42.4910000
26446,66d88659f847e91642700180,996,1,72,right-3,left,right-dark,light-up,greater-up,single,2026-03-03 19:51:45.3310000
26447,66d88659f847e91642700180,1114,1,73,right-7,right,right-dark,dark-up,greater-up,single,2026-03-03 19:51:48.5200000
26448,66d88659f847e91642700180,1047,1,74,left-6,right,left-dark,light-up,greater-up,single,2026-03-03 19:51:51.6870000
26449,66d88659f847e91642700180,1042,1,75,right-4,right,right-dark,dark-up,greater-up,single,2026-03-03 19:51:55.4010000
26450,66d88659f847e91642700180,1448,1,76,left-4,right,left-dark,dark-up,fewer-up,single,2026-03-03 19:51:59.4260000
26451,66d88659f847e91642700180,1493,1,77,left-6,left,left-dark,light-up,fewer-up,single,2026-03-03 19:52:02.2120000
26452,66d88659f847e91642700180,1217,1,78,left-2,right,left-dark,light-up,greater-up,single,2026-03-03 19:52:05.1650000
26453,66d88659f847e91642700180,999,1,79,right-2,right,right-dark,light-up,fewer-up,single,2026-03-03 19:52:08.1570000
26454,5e84bd7c34d5d9072128fac1,1164,1,0,left-5,right,left-dark,light-up,greater-up,single,2026-03-03 19:56:13.7180000
26455,5e84bd7c34d5d9072128fac1,856,1,1,left-6,left,left-dark,dark-up,greater-up,single,2026-03-03 19:56:17.1770000
26456,5e84bd7c34d5d9072128fac1,1219,1,2,right-9,left,right-dark,dark-up,fewer-up,single,2026-03-03 19:56:19.9220000
26457,5e84bd7c34d5d9072128fac1,809,1,3,left-8,right,left-dark,light-up,greater-up,single,2026-03-03 19:56:22.8490000
26458,5e84bd7c34d5d9072128fac1,960,1,4,left-8,left,left-dark,light-up,fewer-up,single,2026-03-03 19:56:25.7020000
26459,5e84bd7c34d5d9072128fac1,902,1,5,right-8,right,right-dark,light-up,fewer-up,single,2026-03-03 19:56:28.0880000
26460,5e84bd7c34d5d9072128fac1,957,1,6,left-6,right,left-dark,light-up,greater-up,single,2026-03-03 19:56:30.4480000
26461,5e84bd7c34d5d9072128fac1,749,1,7,left-3,right,left-dark,light-up,greater-up,single,2026-03-03 19:56:33.9470000
26462,5e84bd7c34d5d9072128fac1,735,1,8,left-2,left,left-dark,dark-up,greater-up,single,2026-03-03 19:56:36.6330000
26463,5d22526f851927001e3a515a,1650,1,0,right-7,left,right-dark,dark-up,fewer-up,single,2026-03-03 19:56:38.4600000
26464,5e84bd7c34d5d9072128fac1,809,1,9,right-0,right,right-dark,light-up,fewer-up,single,2026-03-03 19:56:38.9180000
26465,5e84bd7c34d5d9072128fac1,939,1,10,left-0,right,left-dark,dark-up,fewer-up,single,2026-03-03 19:56:41.7530000
26466,5d22526f851927001e3a515a,1167,0,1,left-0,right,left-dark,dark-up,greater-up,single,2026-03-03 19:56:42.3950000
26467,5e84bd7c34d5d9072128fac1,889,1,11,left-9,right,left-dark,light-up,greater-up,single,2026-03-03 19:56:43.9980000
26468,5d22526f851927001e3a515a,1134,1,2,left-2,left,left-dark,dark-up,greater-up,single,2026-03-03 19:56:45.9170000
26469,5e84bd7c34d5d9072128fac1,725,1,12,right-5,right,right-dark,dark-up,greater-up,single,2026-03-03 19:56:47.2160000
26470,5d22526f851927001e3a515a,NULL,0,3,left-1,none,left-dark,dark-up,fewer-up,single,2026-03-03 19:56:48.7960000
26471,5e84bd7c34d5d9072128fac1,931,1,13,right-0,left,right-dark,dark-up,fewer-up,single,2026-03-03 19:56:49.6990000
26472,5e84bd7c34d5d9072128fac1,745,1,14,left-1,left,left-dark,dark-up,greater-up,single,2026-03-03 19:56:52.8870000
26473,5d22526f851927001e3a515a,1361,1,4,left-1,right,left-dark,light-up,greater-up,single,2026-03-03 19:56:53.5410000
26474,5e84bd7c34d5d9072128fac1,898,1,15,left-0,right,left-dark,light-up,greater-up,single,2026-03-03 19:56:55.7210000
26475,5d22526f851927001e3a515a,1100,1,5,left-5,left,left-dark,light-up,fewer-up,single,2026-03-03 19:56:57.2330000
26476,5e84bd7c34d5d9072128fac1,793,1,16,right-2,right,right-dark,dark-up,greater-up,single,2026-03-03 19:56:58.7770000
26477,5d22526f851927001e3a515a,1080,1,6,right-0,right,right-dark,dark-up,greater-up,single,2026-03-03 19:57:00.8540000
26478,5e84bd7c34d5d9072128fac1,712,1,17,right-9,right,right-dark,dark-up,greater-up,single,2026-03-03 19:57:02.1120000
26479,5d22526f851927001e3a515a,1083,1,7,left-1,left,left-dark,dark-up,greater-up,single,2026-03-03 19:57:04.0930000
26480,5e84bd7c34d5d9072128fac1,1334,1,18,left-4,right,left-dark,dark-up,fewer-up,single,2026-03-03 19:57:05.3050000
26481,5d22526f851927001e3a515a,1712,1,8,right-8,right,right-dark,light-up,fewer-up,single,2026-03-03 19:57:07.4200000
26482,5e84bd7c34d5d9072128fac1,856,1,19,right-3,right,right-dark,light-up,fewer-up,single,2026-03-03 19:57:08.0770000
26483,5d22526f851927001e3a515a,1054,1,9,right-9,right,right-dark,dark-up,greater-up,single,2026-03-03 19:57:11.1870000
26484,5d22526f851927001e3a515a,940,1,10,right-7,left,right-dark,light-up,greater-up,single,2026-03-03 19:57:14.4600000
26485,5e84bd7c34d5d9072128fac1,821,1,20,left-0,left,left-dark,light-up,fewer-up,single,2026-03-03 19:57:14.4180000
26486,5e84bd7c34d5d9072128fac1,1063,1,21,left-6,left,left-dark,light-up,fewer-up,single,2026-03-03 19:57:16.8750000
26487,5d22526f851927001e3a515a,1338,1,11,left-8,left,left-dark,dark-up,greater-up,single,2026-03-03 19:57:17.4980000
26488,5e84bd7c34d5d9072128fac1,887,1,22,right-2,right,right-dark,light-up,fewer-up,single,2026-03-03 19:57:20.4770000
26489,5d22526f851927001e3a515a,1412,1,12,left-4,left,left-dark,dark-up,greater-up,single,2026-03-03 19:57:21.2040000
26490,5d22526f851927001e3a515a,837,0,13,right-5,right,right-dark,light-up,greater-up,single,2026-03-03 19:57:23.7630000
26491,5e84bd7c34d5d9072128fac1,809,1,23,right-8,right,right-dark,dark-up,greater-up,single,2026-03-03 19:57:23.7960000
26492,5e84bd7c34d5d9072128fac1,781,1,24,right-5,left,right-dark,dark-up,fewer-up,single,2026-03-03 19:57:26.6000000
26493,5d22526f851927001e3a515a,1491,1,14,right-3,left,right-dark,dark-up,fewer-up,single,2026-03-03 19:57:27.2300000
26494,5e84bd7c34d5d9072128fac1,831,1,25,left-1,right,left-dark,dark-up,fewer-up,single,2026-03-03 19:57:29.1440000
26495,5d22526f851927001e3a515a,1280,1,15,left-5,right,left-dark,dark-up,fewer-up,single,2026-03-03 19:57:31.1610000
26496,5e84bd7c34d5d9072128fac1,864,1,26,left-4,left,left-dark,light-up,fewer-up,single,2026-03-03 19:57:31.5810000
26497,5d22526f851927001e3a515a,1102,0,16,right-6,left,right-dark,dark-up,greater-up,single,2026-03-03 19:57:33.9410000
26498,5e84bd7c34d5d9072128fac1,800,1,27,right-8,left,right-dark,dark-up,fewer-up,single,2026-03-03 19:57:34.1910000
26499,5d22526f851927001e3a515a,1225,1,17,left-9,right,left-dark,light-up,greater-up,single,2026-03-03 19:57:36.8010000
26500,5e84bd7c34d5d9072128fac1,736,1,28,right-3,right,right-dark,dark-up,greater-up,single,2026-03-03 19:57:37.6400000
26501,5d22526f851927001e3a515a,1022,0,18,left-7,right,left-dark,dark-up,greater-up,single,2026-03-03 19:57:40.0060000
26502,5e84bd7c34d5d9072128fac1,1142,1,29,right-6,left,right-dark,light-up,greater-up,single,2026-03-03 19:57:40.9370000
26503,5d22526f851927001e3a515a,1798,1,19,right-9,right,right-dark,light-up,fewer-up,single,2026-03-03 19:57:44.1430000
26504,5e84bd7c34d5d9072128fac1,799,1,30,left-2,right,left-dark,dark-up,fewer-up,single,2026-03-03 19:57:43.9400000
26505,5e84bd7c34d5d9072128fac1,878,1,31,left-3,left,left-dark,light-up,fewer-up,single,2026-03-03 19:57:47.5770000
26506,5e84bd7c34d5d9072128fac1,1051,1,32,left-9,right,left-dark,dark-up,fewer-up,single,2026-03-03 19:57:50.2680000
26507,5e84bd7c34d5d9072128fac1,692,1,33,right-5,left,right-dark,light-up,greater-up,single,2026-03-03 19:57:53.0600000
26508,5e84bd7c34d5d9072128fac1,938,1,34,right-9,right,right-dark,light-up,fewer-up,single,2026-03-03 19:57:55.3510000
26509,5e84bd7c34d5d9072128fac1,791,1,35,left-2,right,left-dark,light-up,greater-up,single,2026-03-03 19:57:57.8640000
26510,5d22526f851927001e3a515a,1423,0,20,right-2,left,right-dark,light-up,fewer-up,single,2026-03-03 19:58:00.0100000
26511,5e84bd7c34d5d9072128fac1,1013,1,36,left-0,left,left-dark,dark-up,greater-up,single,2026-03-03 19:58:01.2670000
26512,5d22526f851927001e3a515a,1750,1,21,right-3,right,right-dark,light-up,fewer-up,single,2026-03-03 19:58:04.1530000
26513,5e84bd7c34d5d9072128fac1,757,1,37,left-7,left,left-dark,dark-up,greater-up,single,2026-03-03 19:58:04.2040000
26514,5e84bd7c34d5d9072128fac1,1292,1,38,right-3,left,right-dark,light-up,greater-up,single,2026-03-03 19:58:06.8010000
26515,5d22526f851927001e3a515a,1483,1,22,right-4,right,right-dark,light-up,fewer-up,single,2026-03-03 19:58:07.3130000
26516,5e84bd7c34d5d9072128fac1,1016,1,39,right-6,right,right-dark,light-up,fewer-up,single,2026-03-03 19:58:09.9930000
26517,5d22526f851927001e3a515a,1456,1,23,right-8,left,right-dark,dark-up,fewer-up,single,2026-03-03 19:58:10.2810000
26518,5d22526f851927001e3a515a,1337,1,24,left-8,right,left-dark,light-up,greater-up,single,2026-03-03 19:58:13.9890000
26519,5e84bd7c34d5d9072128fac1,1093,1,40,left-7,left,left-dark,light-up,fewer-up,single,2026-03-03 19:58:14.5380000
26520,5d22526f851927001e3a515a,1316,1,25,right-7,right,right-dark,dark-up,greater-up,single,2026-03-03 19:58:17.7930000
26521,5e84bd7c34d5d9072128fac1,973,1,41,left-3,right,left-dark,dark-up,fewer-up,single,2026-03-03 19:58:18.1590000
26522,5d22526f851927001e3a515a,1367,0,26,left-1,right,left-dark,light-up,fewer-up,single,2026-03-03 19:58:20.6970000
26523,5e84bd7c34d5d9072128fac1,1160,1,42,right-7,left,right-dark,dark-up,fewer-up,single,2026-03-03 19:58:20.9630000
26524,5e84bd7c34d5d9072128fac1,1100,1,43,right-3,left,right-dark,dark-up,fewer-up,single,2026-03-03 19:58:23.4220000
26525,5d22526f851927001e3a515a,1691,1,27,right-7,right,right-dark,light-up,fewer-up,single,2026-03-03 19:58:23.8420000
26526,5e84bd7c34d5d9072128fac1,787,1,44,left-8,left,left-dark,dark-up,greater-up,single,2026-03-03 19:58:25.8580000
26527,5d22526f851927001e3a515a,1487,1,28,right-6,left,right-dark,light-up,greater-up,single,2026-03-03 19:58:27.5980000
26528,5e84bd7c34d5d9072128fac1,707,1,45,right-2,left,right-dark,light-up,greater-up,single,2026-03-03 19:58:28.8270000
26529,5d22526f851927001e3a515a,1389,1,29,right-4,right,right-dark,dark-up,greater-up,single,2026-03-03 19:58:31.2190000
26530,5e84bd7c34d5d9072128fac1,829,1,46,left-4,right,left-dark,light-up,greater-up,single,2026-03-03 19:58:31.2360000
26531,5d22526f851927001e3a515a,1259,1,30,right-3,right,right-dark,dark-up,greater-up,single,2026-03-03 19:58:34.1760000
26532,5e84bd7c34d5d9072128fac1,697,1,47,right-0,left,right-dark,light-up,greater-up,single,2026-03-03 19:58:34.4340000
26533,5e84bd7c34d5d9072128fac1,838,1,48,left-7,right,left-dark,dark-up,fewer-up,single,2026-03-03 19:58:37.1820000
26534,5d22526f851927001e3a515a,1628,1,31,left-3,left,left-dark,light-up,fewer-up,single,2026-03-03 19:58:37.9980000
26535,5e84bd7c34d5d9072128fac1,794,1,49,right-1,right,right-dark,light-up,fewer-up,single,2026-03-03 19:58:40.8060000
26536,5d22526f851927001e3a515a,1086,1,32,right-0,right,right-dark,light-up,fewer-up,single,2026-03-03 19:58:41.2360000
26537,5e84bd7c34d5d9072128fac1,824,1,50,right-7,right,right-dark,dark-up,greater-up,single,2026-03-03 19:58:43.6020000
26538,5d22526f851927001e3a515a,1602,0,33,right-1,right,right-dark,dark-up,fewer-up,single,2026-03-03 19:58:45.2790000
26539,5e84bd7c34d5d9072128fac1,907,1,51,right-6,left,right-dark,dark-up,fewer-up,single,2026-03-03 19:58:46.3020000
26540,5d22526f851927001e3a515a,1235,0,34,left-8,left,left-dark,dark-up,fewer-up,single,2026-03-03 19:58:48.8160000
26541,5e84bd7c34d5d9072128fac1,872,1,52,left-5,left,left-dark,light-up,fewer-up,single,2026-03-03 19:58:49.2140000
26542,5e84bd7c34d5d9072128fac1,741,1,53,right-4,left,right-dark,light-up,greater-up,single,2026-03-03 19:58:52.0160000
26543,5d22526f851927001e3a515a,1908,0,35,left-2,right,left-dark,light-up,fewer-up,single,2026-03-03 19:58:52.3060000
26544,5e84bd7c34d5d9072128fac1,834,1,54,left-1,left,left-dark,light-up,fewer-up,single,2026-03-03 19:58:55.3580000
26545,5d22526f851927001e3a515a,1461,1,36,left-6,left,left-dark,light-up,fewer-up,single,2026-03-03 19:58:56.6140000
26546,5e84bd7c34d5d9072128fac1,774,1,55,left-4,left,left-dark,dark-up,greater-up,single,2026-03-03 19:58:57.5330000
26547,5d22526f851927001e3a515a,1475,1,37,left-9,right,left-dark,dark-up,fewer-up,single,2026-03-03 19:58:59.9830000
26548,5e84bd7c34d5d9072128fac1,801,1,56,right-7,left,right-dark,light-up,greater-up,single,2026-03-03 19:59:00.1260000
26549,5d22526f851927001e3a515a,1344,0,38,left-8,right,left-dark,light-up,fewer-up,single,2026-03-03 19:59:03.3880000
26550,5e84bd7c34d5d9072128fac1,710,1,57,right-1,left,right-dark,light-up,greater-up,single,2026-03-03 19:59:03.1500000
26551,5e84bd7c34d5d9072128fac1,874,1,58,right-4,left,right-dark,dark-up,fewer-up,single,2026-03-03 19:59:06.2710000
26552,5d22526f851927001e3a515a,1231,0,39,right-9,right,right-dark,light-up,greater-up,single,2026-03-03 19:59:06.7440000
26553,5e84bd7c34d5d9072128fac1,773,1,59,right-5,right,right-dark,light-up,fewer-up,single,2026-03-03 19:59:09.8090000
26554,5e84bd7c34d5d9072128fac1,1130,1,60,left-9,left,left-dark,light-up,fewer-up,single,2026-03-03 19:59:32.1910000
26555,5d22526f851927001e3a515a,1643,1,40,right-6,left,right-dark,dark-up,fewer-up,single,2026-03-03 19:59:33.2030000
26556,5e84bd7c34d5d9072128fac1,939,1,61,left-6,right,left-dark,dark-up,fewer-up,single,2026-03-03 19:59:35.4520000
26557,5d22526f851927001e3a515a,1296,0,41,left-9,right,left-dark,light-up,fewer-up,single,2026-03-03 19:59:35.8230000
26558,5e84bd7c34d5d9072128fac1,738,1,62,right-8,left,right-dark,light-up,greater-up,single,2026-03-03 19:59:37.7480000
26559,5d22526f851927001e3a515a,1279,1,42,left-3,left,left-dark,dark-up,greater-up,single,2026-03-03 19:59:38.8110000
26560,5e84bd7c34d5d9072128fac1,781,1,63,right-2,left,right-dark,dark-up,fewer-up,single,2026-03-03 19:59:40.9740000
26561,5d22526f851927001e3a515a,1839,1,43,left-4,right,left-dark,dark-up,fewer-up,single,2026-03-03 19:59:42.7470000
26562,5e84bd7c34d5d9072128fac1,703,1,64,right-6,right,right-dark,dark-up,greater-up,single,2026-03-03 19:59:43.7270000
26563,5d22526f851927001e3a515a,1344,0,44,right-5,left,right-dark,dark-up,greater-up,single,2026-03-03 19:59:46.0050000
26564,5e84bd7c34d5d9072128fac1,1278,1,65,left-7,right,left-dark,light-up,greater-up,single,2026-03-03 19:59:47.5230000
26565,5d22526f851927001e3a515a,1535,0,45,left-7,left,left-dark,dark-up,fewer-up,single,2026-03-03 19:59:49.9100000
26566,5e84bd7c34d5d9072128fac1,1149,1,66,right-0,right,right-dark,dark-up,greater-up,single,2026-03-03 19:59:51.0420000
26567,5d22526f851927001e3a515a,1780,1,46,left-4,right,left-dark,light-up,greater-up,single,2026-03-03 19:59:53.1910000
26568,5e84bd7c34d5d9072128fac1,971,1,67,right-4,right,right-dark,light-up,fewer-up,single,2026-03-03 19:59:54.4270000
26569,5d22526f851927001e3a515a,1529,1,47,right-1,left,right-dark,light-up,greater-up,single,2026-03-03 19:59:56.1300000
26570,5e84bd7c34d5d9072128fac1,998,1,68,left-5,right,left-dark,dark-up,fewer-up,single,2026-03-03 19:59:57.6020000
26571,5d22526f851927001e3a515a,1196,0,48,right-0,right,right-dark,dark-up,fewer-up,single,2026-03-03 19:59:58.8850000
26572,5e84bd7c34d5d9072128fac1,1037,1,69,right-4,right,right-dark,dark-up,greater-up,single,2026-03-03 20:00:00.0060000
26573,5d22526f851927001e3a515a,1861,0,49,left-0,right,left-dark,light-up,fewer-up,single,2026-03-03 20:00:02.7970000
26574,5e84bd7c34d5d9072128fac1,931,1,70,right-1,left,right-dark,dark-up,fewer-up,single,2026-03-03 20:00:03.4360000
26575,5d22526f851927001e3a515a,NULL,0,50,right-1,none,right-dark,dark-up,greater-up,single,2026-03-03 20:00:05.5190000
26576,5e84bd7c34d5d9072128fac1,739,1,71,left-1,right,left-dark,light-up,greater-up,single,2026-03-03 20:00:06.6430000
26577,5d22526f851927001e3a515a,1291,1,51,right-8,right,right-dark,dark-up,greater-up,single,2026-03-03 20:00:10.0870000
26578,5e84bd7c34d5d9072128fac1,785,1,72,right-1,right,right-dark,dark-up,greater-up,single,2026-03-03 20:00:10.1940000
26579,5e84bd7c34d5d9072128fac1,852,1,73,right-7,right,right-dark,light-up,fewer-up,single,2026-03-03 20:00:12.5650000
26580,5d22526f851927001e3a515a,1136,0,52,right-6,left,right-dark,light-up,fewer-up,single,2026-03-03 20:00:13.7290000
26581,5e84bd7c34d5d9072128fac1,1144,1,74,right-9,left,right-dark,light-up,greater-up,single,2026-03-03 20:00:15.0290000
26582,5d22526f851927001e3a515a,NULL,0,53,left-3,none,left-dark,light-up,greater-up,single,2026-03-03 20:00:16.7630000
26583,5e84bd7c34d5d9072128fac1,786,1,75,left-9,left,left-dark,dark-up,greater-up,single,2026-03-03 20:00:17.7450000
26584,5e84bd7c34d5d9072128fac1,729,1,76,left-3,left,left-dark,dark-up,greater-up,single,2026-03-03 20:00:19.9680000
26585,5d22526f851927001e3a515a,1996,0,54,left-9,right,left-dark,dark-up,greater-up,single,2026-03-03 20:00:21.0800000
26586,5e84bd7c34d5d9072128fac1,824,1,77,left-8,right,left-dark,dark-up,fewer-up,single,2026-03-03 20:00:23.5530000
26587,5d22526f851927001e3a515a,1669,0,55,left-7,right,left-dark,light-up,fewer-up,single,2026-03-03 20:00:25.4220000
26588,5e84bd7c34d5d9072128fac1,1015,1,78,left-5,left,left-dark,dark-up,greater-up,single,2026-03-03 20:00:26.0000000
26589,5d22526f851927001e3a515a,NULL,0,56,left-0,none,left-dark,dark-up,fewer-up,single,2026-03-03 20:00:28.4180000
26590,5e84bd7c34d5d9072128fac1,921,1,79,left-2,left,left-dark,light-up,fewer-up,single,2026-03-03 20:00:29.2470000
26591,5d22526f851927001e3a515a,1787,1,57,right-2,right,right-dark,dark-up,greater-up,single,2026-03-03 20:00:32.6760000
26592,5d22526f851927001e3a515a,1539,1,58,left-5,left,left-dark,dark-up,greater-up,single,2026-03-03 20:00:35.6380000
26593,5d22526f851927001e3a515a,1029,1,59,left-5,right,left-dark,light-up,greater-up,single,2026-03-03 20:00:38.9930000
26594,66ca41de318c12cd9f59b13a,1272,1,0,right-6,left,right-dark,dark-up,fewer-up,single,2026-03-03 20:00:40.3040000
26595,66ca41de318c12cd9f59b13a,1082,1,1,right-1,left,right-dark,dark-up,fewer-up,single,2026-03-03 20:00:43.9660000
26596,66ca41de318c12cd9f59b13a,1070,1,2,right-9,right,right-dark,dark-up,greater-up,single,2026-03-03 20:00:46.8220000
26597,66ca41de318c12cd9f59b13a,746,1,3,right-3,right,right-dark,dark-up,greater-up,single,2026-03-03 20:00:49.9070000
26598,66ca41de318c12cd9f59b13a,999,1,4,right-9,left,right-dark,light-up,greater-up,single,2026-03-03 20:00:53.2610000
26599,66ca41de318c12cd9f59b13a,958,1,5,right-5,left,right-dark,light-up,greater-up,single,2026-03-03 20:00:56.0440000
26600,5d22526f851927001e3a515a,1493,0,60,left-3,left,left-dark,dark-up,fewer-up,single,2026-03-03 20:00:58.1030000
26601,66ca41de318c12cd9f59b13a,1263,1,6,left-9,left,left-dark,light-up,fewer-up,single,2026-03-03 20:00:58.9720000
26602,5d22526f851927001e3a515a,1446,1,61,right-3,left,right-dark,light-up,greater-up,single,2026-03-03 20:01:01.1290000
26603,66ca41de318c12cd9f59b13a,1057,1,7,left-3,left,left-dark,light-up,fewer-up,single,2026-03-03 20:01:02.4650000
26604,5d22526f851927001e3a515a,1161,1,62,right-4,left,right-dark,light-up,greater-up,single,2026-03-03 20:01:04.7850000
26605,66ca41de318c12cd9f59b13a,1142,0,8,left-2,left,left-dark,light-up,greater-up,single,2026-03-03 20:01:05.1690000
26606,66ca41de318c12cd9f59b13a,1646,1,9,left-7,right,left-dark,dark-up,fewer-up,single,2026-03-03 20:01:08.5220000
26607,5d22526f851927001e3a515a,1633,0,63,right-1,left,right-dark,light-up,fewer-up,single,2026-03-03 20:01:08.8410000
26608,5d22526f851927001e3a515a,1388,0,64,right-5,left,right-dark,light-up,fewer-up,single,2026-03-03 20:01:11.7290000
26609,66ca41de318c12cd9f59b13a,1216,1,10,left-8,right,left-dark,dark-up,fewer-up,single,2026-03-03 20:01:12.5730000
26610,5d22526f851927001e3a515a,1441,0,65,right-4,right,right-dark,dark-up,fewer-up,single,2026-03-03 20:01:15.9140000
26611,66ca41de318c12cd9f59b13a,1494,1,11,left-5,right,left-dark,light-up,greater-up,single,2026-03-03 20:01:15.9970000
26612,5d22526f851927001e3a515a,1442,0,66,right-0,right,right-dark,light-up,greater-up,single,2026-03-03 20:01:19.1900000
26613,66ca41de318c12cd9f59b13a,1829,1,12,right-5,right,right-dark,dark-up,greater-up,single,2026-03-03 20:01:20.2590000
26614,5d22526f851927001e3a515a,1380,0,67,right-2,right,right-dark,dark-up,fewer-up,single,2026-03-03 20:01:22.8130000
26615,66ca41de318c12cd9f59b13a,1729,1,13,left-3,right,left-dark,dark-up,fewer-up,single,2026-03-03 20:01:23.5810000
26616,66ca41de318c12cd9f59b13a,1137,1,14,right-5,left,right-dark,dark-up,fewer-up,single,2026-03-03 20:01:26.0190000
26617,5d22526f851927001e3a515a,1595,1,68,left-6,right,left-dark,light-up,greater-up,single,2026-03-03 20:01:26.3670000
26618,5d22526f851927001e3a515a,1201,1,69,right-2,left,right-dark,light-up,greater-up,single,2026-03-03 20:01:30.1910000
26619,66ca41de318c12cd9f59b13a,1522,1,15,left-4,left,left-dark,light-up,fewer-up,single,2026-03-03 20:01:30.0430000
26620,66ca41de318c12cd9f59b13a,1275,1,16,left-0,right,left-dark,dark-up,fewer-up,single,2026-03-03 20:01:33.7740000
26621,5d22526f851927001e3a515a,1669,1,70,right-9,left,right-dark,dark-up,fewer-up,single,2026-03-03 20:01:34.3210000
26622,5d22526f851927001e3a515a,NULL,0,71,left-2,none,left-dark,dark-up,fewer-up,single,2026-03-03 20:01:37.0730000
26623,66ca41de318c12cd9f59b13a,990,0,17,right-1,left,right-dark,dark-up,greater-up,single,2026-03-03 20:01:37.1260000
26624,66ca41de318c12cd9f59b13a,1374,1,18,right-0,left,right-dark,dark-up,fewer-up,single,2026-03-03 20:01:40.2310000
26625,5d22526f851927001e3a515a,1691,0,72,left-7,left,left-dark,light-up,greater-up,single,2026-03-03 20:01:41.8890000
26626,66ca41de318c12cd9f59b13a,1032,0,19,left-8,right,left-dark,dark-up,greater-up,single,2026-03-03 20:01:43.3320000
26627,5d22526f851927001e3a515a,1056,0,73,left-6,right,left-dark,dark-up,greater-up,single,2026-03-03 20:01:44.2410000
26628,5d22526f851927001e3a515a,1636,1,74,left-4,left,left-dark,light-up,fewer-up,single,2026-03-03 20:01:47.9870000
26629,66ca41de318c12cd9f59b13a,1234,1,20,left-5,right,left-dark,dark-up,fewer-up,single,2026-03-03 20:01:51.8060000
26630,5d22526f851927001e3a515a,1994,0,75,left-6,left,left-dark,dark-up,fewer-up,single,2026-03-03 20:01:52.1970000
26631,66ca41de318c12cd9f59b13a,1243,1,21,left-0,right,left-dark,light-up,greater-up,single,2026-03-03 20:01:55.4970000
26632,5d22526f851927001e3a515a,1587,1,76,left-2,right,left-dark,light-up,greater-up,single,2026-03-03 20:01:56.0650000
26633,66ca41de318c12cd9f59b13a,1252,1,22,right-4,left,right-dark,light-up,greater-up,single,2026-03-03 20:01:58.4110000
26634,5d22526f851927001e3a515a,1813,0,77,right-8,right,right-dark,light-up,greater-up,single,2026-03-03 20:01:59.2820000
26635,66ca41de318c12cd9f59b13a,1046,1,23,right-4,right,right-dark,light-up,fewer-up,single,2026-03-03 20:02:01.8810000
26636,5d22526f851927001e3a515a,1511,1,78,left-0,right,left-dark,light-up,greater-up,single,2026-03-03 20:02:03.0780000
26637,66ca41de318c12cd9f59b13a,1046,1,24,right-3,left,right-dark,light-up,greater-up,single,2026-03-03 20:02:04.6860000
26638,5d22526f851927001e3a515a,1734,1,79,right-5,left,right-dark,dark-up,fewer-up,single,2026-03-03 20:02:06.8170000
26639,66ca41de318c12cd9f59b13a,1464,0,25,right-9,right,right-dark,dark-up,fewer-up,single,2026-03-03 20:02:07.9620000
26640,66ca41de318c12cd9f59b13a,1176,1,26,right-2,right,right-dark,light-up,fewer-up,single,2026-03-03 20:02:11.4700000
26641,66ca41de318c12cd9f59b13a,1227,1,27,right-4,left,right-dark,dark-up,fewer-up,single,2026-03-03 20:02:15.1170000
26642,66ca41de318c12cd9f59b13a,1267,1,28,left-7,left,left-dark,dark-up,greater-up,single,2026-03-03 20:02:17.9710000
26643,66ca41de318c12cd9f59b13a,1409,1,29,right-7,left,right-dark,light-up,greater-up,single,2026-03-03 20:02:21.4920000
26644,66ca41de318c12cd9f59b13a,1157,1,30,right-8,left,right-dark,light-up,greater-up,single,2026-03-03 20:02:25.2090000
26645,66ca41de318c12cd9f59b13a,1158,1,31,right-0,right,right-dark,light-up,fewer-up,single,2026-03-03 20:02:28.7140000
26646,66ca41de318c12cd9f59b13a,903,1,32,right-2,left,right-dark,light-up,greater-up,single,2026-03-03 20:02:31.3770000
26647,66ca41de318c12cd9f59b13a,1318,1,33,left-5,left,left-dark,light-up,fewer-up,single,2026-03-03 20:02:34.0070000
26648,66ca41de318c12cd9f59b13a,989,1,34,left-3,right,left-dark,light-up,greater-up,single,2026-03-03 20:02:36.7830000
26649,66ca41de318c12cd9f59b13a,1230,1,35,left-0,left,left-dark,light-up,fewer-up,single,2026-03-03 20:02:39.3680000
26650,66ca41de318c12cd9f59b13a,1191,1,36,left-1,right,left-dark,light-up,greater-up,single,2026-03-03 20:02:42.9970000
26651,66ca41de318c12cd9f59b13a,1545,1,37,left-6,right,left-dark,dark-up,fewer-up,single,2026-03-03 20:02:47.3070000
26652,66ca41de318c12cd9f59b13a,1430,1,38,right-3,right,right-dark,light-up,fewer-up,single,2026-03-03 20:02:50.5610000
26653,66ca41de318c12cd9f59b13a,1158,1,39,right-7,right,right-dark,light-up,fewer-up,single,2026-03-03 20:02:53.9080000
26654,66ca41de318c12cd9f59b13a,1475,1,40,right-2,right,right-dark,dark-up,greater-up,single,2026-03-03 20:03:00.6590000
26655,66ca41de318c12cd9f59b13a,894,1,41,left-8,left,left-dark,light-up,fewer-up,single,2026-03-03 20:03:04.2330000
26656,66ca41de318c12cd9f59b13a,1346,1,42,right-0,left,right-dark,light-up,greater-up,single,2026-03-03 20:03:07.1210000
26657,66ca41de318c12cd9f59b13a,715,1,43,right-1,left,right-dark,light-up,greater-up,single,2026-03-03 20:03:09.2490000
26658,66ca41de318c12cd9f59b13a,NULL,0,44,left-9,none,left-dark,dark-up,fewer-up,single,2026-03-03 20:03:12.1300000
26659,66ca41de318c12cd9f59b13a,1588,1,45,right-3,left,right-dark,dark-up,fewer-up,single,2026-03-03 20:03:16.3150000
26660,66ca41de318c12cd9f59b13a,1141,0,46,left-2,right,left-dark,dark-up,greater-up,single,2026-03-03 20:03:18.9810000
26661,66ca41de318c12cd9f59b13a,1382,0,47,right-7,left,right-dark,dark-up,greater-up,single,2026-03-03 20:03:21.6330000
26662,66ca41de318c12cd9f59b13a,1242,1,48,right-8,left,right-dark,dark-up,fewer-up,single,2026-03-03 20:03:24.5130000
26663,66ca41de318c12cd9f59b13a,1384,1,49,right-7,left,right-dark,dark-up,fewer-up,single,2026-03-03 20:03:27.5540000
26664,66ca41de318c12cd9f59b13a,1228,1,50,left-4,left,left-dark,dark-up,greater-up,single,2026-03-03 20:03:31.3230000
26665,66ca41de318c12cd9f59b13a,1314,1,51,right-9,right,right-dark,light-up,fewer-up,single,2026-03-03 20:03:34.2120000
26666,66ca41de318c12cd9f59b13a,1631,1,52,left-6,left,left-dark,dark-up,greater-up,single,2026-03-03 20:03:37.8390000
26667,66ca41de318c12cd9f59b13a,1460,1,53,left-2,right,left-dark,dark-up,fewer-up,single,2026-03-03 20:03:42.0310000
26668,66ca41de318c12cd9f59b13a,966,1,54,right-6,left,right-dark,light-up,greater-up,single,2026-03-03 20:03:45.4390000
26669,66ca41de318c12cd9f59b13a,1398,1,55,left-9,right,left-dark,light-up,greater-up,single,2026-03-03 20:03:49.1970000
26670,66ca41de318c12cd9f59b13a,1117,1,56,left-0,left,left-dark,dark-up,greater-up,single,2026-03-03 20:03:53.0670000
26671,66ca41de318c12cd9f59b13a,941,1,57,left-3,left,left-dark,dark-up,greater-up,single,2026-03-03 20:03:55.6840000
26672,66ca41de318c12cd9f59b13a,1336,1,58,left-7,left,left-dark,light-up,fewer-up,single,2026-03-03 20:03:58.8910000
26673,66ca41de318c12cd9f59b13a,1273,1,59,right-6,right,right-dark,light-up,fewer-up,single,2026-03-03 20:04:01.7970000
26674,66ca41de318c12cd9f59b13a,1427,1,60,left-4,right,left-dark,dark-up,fewer-up,single,2026-03-03 20:04:13.6570000
26675,66ca41de318c12cd9f59b13a,1148,1,61,right-4,right,right-dark,dark-up,greater-up,single,2026-03-03 20:04:16.2310000
26676,66ca41de318c12cd9f59b13a,904,1,62,left-5,left,left-dark,dark-up,greater-up,single,2026-03-03 20:04:19.3030000
26677,66ca41de318c12cd9f59b13a,1220,1,63,right-2,left,right-dark,dark-up,fewer-up,single,2026-03-03 20:04:22.4820000
26678,66ca41de318c12cd9f59b13a,1469,1,64,left-1,left,left-dark,light-up,fewer-up,single,2026-03-03 20:04:26.4730000
26679,66ca41de318c12cd9f59b13a,1064,1,65,left-2,left,left-dark,light-up,fewer-up,single,2026-03-03 20:04:29.7640000
26680,66ca41de318c12cd9f59b13a,1048,1,66,left-9,left,left-dark,dark-up,greater-up,single,2026-03-03 20:04:32.4610000
26681,66ca41de318c12cd9f59b13a,1131,1,67,right-6,right,right-dark,dark-up,greater-up,single,2026-03-03 20:04:35.0150000
26682,66ca41de318c12cd9f59b13a,1966,0,68,left-8,left,left-dark,light-up,greater-up,single,2026-03-03 20:04:38.5560000
26683,66ca41de318c12cd9f59b13a,1199,1,69,right-0,right,right-dark,dark-up,greater-up,single,2026-03-03 20:04:41.9920000
26684,66ca41de318c12cd9f59b13a,992,1,70,right-8,right,right-dark,dark-up,greater-up,single,2026-03-03 20:04:44.6500000
26685,66ca41de318c12cd9f59b13a,1124,1,71,right-1,right,right-dark,light-up,fewer-up,single,2026-03-03 20:04:47.9990000
26686,66ca41de318c12cd9f59b13a,1265,1,72,left-1,right,left-dark,dark-up,fewer-up,single,2026-03-03 20:04:51.6630000
26687,66ca41de318c12cd9f59b13a,1257,1,73,left-7,right,left-dark,light-up,greater-up,single,2026-03-03 20:04:54.4740000
26688,66ca41de318c12cd9f59b13a,1141,1,74,right-8,right,right-dark,light-up,fewer-up,single,2026-03-03 20:04:58.0120000
26689,66ca41de318c12cd9f59b13a,1993,1,75,left-4,right,left-dark,light-up,greater-up,single,2026-03-03 20:05:01.5300000
26690,66ca41de318c12cd9f59b13a,1450,1,76,right-5,right,right-dark,light-up,fewer-up,single,2026-03-03 20:05:05.1550000
26691,66ca41de318c12cd9f59b13a,1837,0,77,left-6,left,left-dark,light-up,greater-up,single,2026-03-03 20:05:08.8200000
26692,66ca41de318c12cd9f59b13a,1608,1,78,left-1,left,left-dark,dark-up,greater-up,single,2026-03-03 20:05:12.1510000
26693,66ca41de318c12cd9f59b13a,1041,1,79,left-6,left,left-dark,light-up,fewer-up,single,2026-03-03 20:05:15.2750000
26694,69a181fe116c31dff8efe0ad,1062,0,0,left-1,left,left-dark,light-up,greater-up,dual,2026-03-03 20:20:03.4690000
26695,69a181fe116c31dff8efe0ad,893,1,1,left-5,right,left-dark,light-up,greater-up,dual,2026-03-03 20:20:06.0060000
26696,69a181fe116c31dff8efe0ad,1132,1,2,right-4,right,right-dark,dark-up,greater-up,dual,2026-03-03 20:20:08.4530000
26697,69a181fe116c31dff8efe0ad,1018,1,3,left-4,right,left-dark,light-up,greater-up,dual,2026-03-03 20:20:11.6240000
26698,69a181fe116c31dff8efe0ad,804,1,4,right-3,left,right-dark,light-up,greater-up,dual,2026-03-03 20:20:14.5900000
26699,69a181fe116c31dff8efe0ad,1116,1,5,left-8,left,left-dark,dark-up,greater-up,dual,2026-03-03 20:20:17.0970000
26700,69a181fe116c31dff8efe0ad,1291,1,6,left-0,right,left-dark,dark-up,fewer-up,dual,2026-03-03 20:20:20.7640000
26701,69a181fe116c31dff8efe0ad,1671,1,7,right-5,right,right-dark,dark-up,greater-up,dual,2026-03-03 20:20:25.0910000
26702,69a181fe116c31dff8efe0ad,988,1,8,left-7,left,left-dark,dark-up,greater-up,dual,2026-03-03 20:20:27.8370000
26703,69a181fe116c31dff8efe0ad,1054,1,9,right-3,right,right-dark,light-up,fewer-up,dual,2026-03-03 20:20:30.5940000
26704,69a181fe116c31dff8efe0ad,1628,1,10,left-3,left,left-dark,light-up,fewer-up,dual,2026-03-03 20:20:33.6250000
26705,69a181fe116c31dff8efe0ad,1619,1,11,right-4,left,right-dark,dark-up,fewer-up,dual,2026-03-03 20:20:37.2340000
26706,69a181fe116c31dff8efe0ad,1322,1,12,left-4,left,left-dark,light-up,fewer-up,dual,2026-03-03 20:20:40.5130000
26707,69a181fe116c31dff8efe0ad,891,1,13,right-3,right,right-dark,dark-up,greater-up,dual,2026-03-03 20:20:43.7240000
26708,69a181fe116c31dff8efe0ad,1157,1,14,right-8,left,right-dark,light-up,greater-up,dual,2026-03-03 20:20:46.8240000
26709,69a181fe116c31dff8efe0ad,1131,1,15,left-2,left,left-dark,dark-up,greater-up,dual,2026-03-03 20:20:49.3310000
26710,69a181fe116c31dff8efe0ad,1413,1,16,left-6,right,left-dark,dark-up,fewer-up,dual,2026-03-03 20:20:53.4270000
26711,69a181fe116c31dff8efe0ad,1447,1,17,right-0,left,right-dark,dark-up,fewer-up,dual,2026-03-03 20:20:56.4800000
26712,69a181fe116c31dff8efe0ad,1686,1,18,right-8,right,right-dark,dark-up,greater-up,dual,2026-03-03 20:21:00.1210000
26713,69a181fe116c31dff8efe0ad,1440,1,19,right-4,right,right-dark,light-up,fewer-up,dual,2026-03-03 20:21:04.0600000
26714,69a181fe116c31dff8efe0ad,1296,1,20,right-8,left,right-dark,dark-up,fewer-up,dual,2026-03-03 20:21:18.6940000
26715,69a181fe116c31dff8efe0ad,802,1,21,right-6,left,right-dark,light-up,greater-up,dual,2026-03-03 20:21:21.7680000
26716,69a181fe116c31dff8efe0ad,1031,1,22,right-2,left,right-dark,dark-up,fewer-up,dual,2026-03-03 20:21:24.8050000
26717,64345edc0fd9813bdd9ef181,NULL,0,0,right-6,none,right-dark,light-up,greater-up,dual,2026-03-03 20:21:24.4830000
26718,69a181fe116c31dff8efe0ad,1345,1,23,left-7,right,left-dark,light-up,greater-up,dual,2026-03-03 20:21:27.4270000
26719,64345edc0fd9813bdd9ef181,1171,0,1,left-2,left,left-dark,dark-up,fewer-up,dual,2026-03-03 20:21:28.5860000
26720,69a181fe116c31dff8efe0ad,1330,1,24,right-2,right,right-dark,light-up,fewer-up,dual,2026-03-03 20:21:30.7840000
26721,64345edc0fd9813bdd9ef181,522,0,2,right-2,right,right-dark,light-up,greater-up,dual,2026-03-03 20:21:31.3160000
26722,64345edc0fd9813bdd9ef181,388,1,3,left-5,left,left-dark,dark-up,greater-up,dual,2026-03-03 20:21:33.4060000
26723,69a181fe116c31dff8efe0ad,986,1,25,right-3,left,right-dark,dark-up,fewer-up,dual,2026-03-03 20:21:34.2710000
26724,64345edc0fd9813bdd9ef181,586,1,4,right-2,right,right-dark,dark-up,greater-up,dual,2026-03-03 20:21:35.4670000
26725,69a181fe116c31dff8efe0ad,1247,1,26,left-6,right,left-dark,light-up,greater-up,dual,2026-03-03 20:21:36.9740000
26726,64345edc0fd9813bdd9ef181,585,0,5,right-8,right,right-dark,dark-up,fewer-up,dual,2026-03-03 20:21:38.3850000
26727,69a181fe116c31dff8efe0ad,1067,1,27,left-8,left,left-dark,light-up,fewer-up,dual,2026-03-03 20:21:39.3360000
26728,64345edc0fd9813bdd9ef181,809,0,6,left-6,left,left-dark,dark-up,fewer-up,dual,2026-03-03 20:21:41.2100000
26729,69a181fe116c31dff8efe0ad,990,1,28,right-9,right,right-dark,dark-up,greater-up,dual,2026-03-03 20:21:42.0740000
26730,64345edc0fd9813bdd9ef181,612,0,7,left-3,right,left-dark,dark-up,greater-up,dual,2026-03-03 20:21:43.5230000
26731,69a181fe116c31dff8efe0ad,1015,1,29,left-6,left,left-dark,dark-up,greater-up,dual,2026-03-03 20:21:45.0500000
26732,64345edc0fd9813bdd9ef181,389,1,8,left-6,left,left-dark,light-up,fewer-up,dual,2026-03-03 20:21:46.1220000
26733,69a181fe116c31dff8efe0ad,1442,1,30,left-9,right,left-dark,dark-up,fewer-up,dual,2026-03-03 20:21:48.0420000
26734,64345edc0fd9813bdd9ef181,849,0,9,left-1,left,left-dark,dark-up,fewer-up,dual,2026-03-03 20:21:48.6130000
26735,69a181fe116c31dff8efe0ad,1305,0,31,left-2,left,left-dark,dark-up,fewer-up,dual,2026-03-03 20:21:51.3130000
26736,64345edc0fd9813bdd9ef181,774,1,10,right-0,right,right-dark,dark-up,greater-up,dual,2026-03-03 20:21:50.7940000
26737,64345edc0fd9813bdd9ef181,730,0,11,left-5,left,left-dark,dark-up,fewer-up,dual,2026-03-03 20:21:52.8710000
26738,69a181fe116c31dff8efe0ad,1305,1,32,left-3,left,left-dark,dark-up,greater-up,dual,2026-03-03 20:21:54.9210000
26739,64345edc0fd9813bdd9ef181,297,1,12,left-3,right,left-dark,dark-up,fewer-up,dual,2026-03-03 20:21:55.9130000
26740,69a181fe116c31dff8efe0ad,971,1,33,left-9,right,left-dark,light-up,greater-up,dual,2026-03-03 20:21:58.0250000
26741,64345edc0fd9813bdd9ef181,499,1,13,right-8,right,right-dark,dark-up,greater-up,dual,2026-03-03 20:21:58.3830000
26742,64345edc0fd9813bdd9ef181,780,0,14,right-7,right,right-dark,dark-up,fewer-up,dual,2026-03-03 20:22:00.7280000
26743,69a181fe116c31dff8efe0ad,1141,1,34,right-1,right,right-dark,dark-up,greater-up,dual,2026-03-03 20:22:01.6820000
26744,64345edc0fd9813bdd9ef181,480,0,15,right-3,left,right-dark,dark-up,greater-up,dual,2026-03-03 20:22:02.7340000
26745,69a181fe116c31dff8efe0ad,1175,1,35,left-8,right,left-dark,light-up,greater-up,dual,2026-03-03 20:22:04.5990000
26746,64345edc0fd9813bdd9ef181,856,0,16,right-0,right,right-dark,dark-up,fewer-up,dual,2026-03-03 20:22:05.0160000
26747,69a181fe116c31dff8efe0ad,983,1,36,left-0,right,left-dark,light-up,greater-up,dual,2026-03-03 20:22:07.5680000
26748,64345edc0fd9813bdd9ef181,517,1,17,left-3,left,left-dark,light-up,fewer-up,dual,2026-03-03 20:22:07.3370000
26749,69a181fe116c31dff8efe0ad,1190,1,37,left-1,left,left-dark,dark-up,greater-up,dual,2026-03-03 20:22:10.6110000
26750,64345edc0fd9813bdd9ef181,1778,0,18,left-7,left,left-dark,dark-up,fewer-up,dual,2026-03-03 20:22:10.8730000
26751,69a181fe116c31dff8efe0ad,1135,1,38,left-9,left,left-dark,light-up,fewer-up,dual,2026-03-03 20:22:13.0620000
26752,64345edc0fd9813bdd9ef181,700,1,19,left-0,right,left-dark,light-up,greater-up,dual,2026-03-03 20:22:14.0210000
26753,69a181fe116c31dff8efe0ad,814,1,39,right-5,left,right-dark,light-up,greater-up,dual,2026-03-03 20:22:15.6470000
26754,69a181fe116c31dff8efe0ad,1282,1,40,right-8,right,right-dark,light-up,fewer-up,dual,2026-03-03 20:22:24.0080000
26755,69a181fe116c31dff8efe0ad,1074,1,41,left-4,right,left-dark,dark-up,fewer-up,dual,2026-03-03 20:22:27.0770000
26756,69a181fe116c31dff8efe0ad,929,1,42,right-5,right,right-dark,light-up,fewer-up,dual,2026-03-03 20:22:30.5960000
26757,69a181fe116c31dff8efe0ad,1413,1,43,left-7,right,left-dark,dark-up,fewer-up,dual,2026-03-03 20:22:33.9930000
26758,69a181fe116c31dff8efe0ad,1151,1,44,right-7,left,right-dark,dark-up,fewer-up,dual,2026-03-03 20:22:37.6330000
26759,69a181fe116c31dff8efe0ad,1035,1,45,left-8,right,left-dark,dark-up,fewer-up,dual,2026-03-03 20:22:40.9550000
26760,69a181fe116c31dff8efe0ad,819,1,46,right-0,left,right-dark,light-up,greater-up,dual,2026-03-03 20:22:44.2870000
26761,69a181fe116c31dff8efe0ad,1294,1,47,right-1,left,right-dark,dark-up,fewer-up,dual,2026-03-03 20:22:47.3770000
26762,69a181fe116c31dff8efe0ad,1194,1,48,left-0,left,left-dark,dark-up,greater-up,dual,2026-03-03 20:22:51.1960000
26763,69a181fe116c31dff8efe0ad,1059,1,49,right-9,left,right-dark,dark-up,fewer-up,dual,2026-03-03 20:22:54.6390000
26764,69a181fe116c31dff8efe0ad,1046,1,50,left-9,left,left-dark,dark-up,greater-up,dual,2026-03-03 20:22:58.4660000
26765,69a181fe116c31dff8efe0ad,1343,1,51,right-7,right,right-dark,light-up,fewer-up,dual,2026-03-03 20:23:02.1170000
26766,69a181fe116c31dff8efe0ad,1227,1,52,right-9,right,right-dark,light-up,fewer-up,dual,2026-03-03 20:23:06.0790000
26767,69a181fe116c31dff8efe0ad,1688,1,53,left-3,right,left-dark,dark-up,fewer-up,dual,2026-03-03 20:23:10.5790000
26768,69a181fe116c31dff8efe0ad,1267,0,54,right-4,right,right-dark,light-up,greater-up,dual,2026-03-03 20:23:14.0460000
26769,69a181fe116c31dff8efe0ad,1783,1,55,left-7,left,left-dark,light-up,fewer-up,dual,2026-03-03 20:23:17.3360000
26770,69a181fe116c31dff8efe0ad,1322,1,56,right-2,left,right-dark,light-up,greater-up,dual,2026-03-03 20:23:20.4910000
26771,64345edc0fd9813bdd9ef181,1201,1,20,right-7,left,right-dark,light-up,greater-up,dual,2026-03-03 20:23:20.8720000
26772,69a181fe116c31dff8efe0ad,1586,1,57,left-1,right,left-dark,dark-up,fewer-up,dual,2026-03-03 20:23:23.4740000
26773,64345edc0fd9813bdd9ef181,1206,0,21,right-4,right,right-dark,light-up,greater-up,dual,2026-03-03 20:23:24.1660000
26774,69a181fe116c31dff8efe0ad,1438,0,58,left-0,right,left-dark,light-up,fewer-up,dual,2026-03-03 20:23:26.9390000
26775,64345edc0fd9813bdd9ef181,981,0,22,right-2,right,right-dark,dark-up,fewer-up,dual,2026-03-03 20:23:26.5300000
26776,69a181fe116c31dff8efe0ad,NULL,0,59,left-4,none,left-dark,dark-up,greater-up,dual,2026-03-03 20:23:29.9590000
26777,64345edc0fd9813bdd9ef181,364,1,23,right-1,left,right-dark,light-up,greater-up,dual,2026-03-03 20:23:29.4730000
26778,64345edc0fd9813bdd9ef181,556,1,24,right-4,right,right-dark,light-up,fewer-up,dual,2026-03-03 20:23:32.4210000
26779,64345edc0fd9813bdd9ef181,524,0,25,right-6,right,right-dark,dark-up,fewer-up,dual,2026-03-03 20:23:35.2710000
26780,69a181fe116c31dff8efe0ad,1183,1,60,left-1,left,left-dark,light-up,fewer-up,dual,2026-03-03 20:23:38.0250000
26781,64345edc0fd9813bdd9ef181,466,0,26,right-6,left,right-dark,light-up,fewer-up,dual,2026-03-03 20:23:38.1120000
26782,69a181fe116c31dff8efe0ad,1312,1,61,right-9,left,right-dark,light-up,greater-up,dual,2026-03-03 20:23:41.6180000
26783,64345edc0fd9813bdd9ef181,324,1,27,left-2,right,left-dark,light-up,greater-up,dual,2026-03-03 20:23:41.2020000
26784,64345edc0fd9813bdd9ef181,766,0,28,left-8,left,left-dark,light-up,greater-up,dual,2026-03-03 20:23:43.5820000
26785,69a181fe116c31dff8efe0ad,1173,1,62,left-5,left,left-dark,light-up,fewer-up,dual,2026-03-03 20:23:44.5310000
26786,64345edc0fd9813bdd9ef181,1202,0,29,left-2,right,left-dark,dark-up,greater-up,dual,2026-03-03 20:23:47.1680000
26787,69a181fe116c31dff8efe0ad,1354,1,63,right-6,left,right-dark,dark-up,fewer-up,dual,2026-03-03 20:23:48.1260000
26788,64345edc0fd9813bdd9ef181,1527,1,30,left-6,left,left-dark,dark-up,greater-up,dual,2026-03-03 20:23:50.1890000
26789,69a181fe116c31dff8efe0ad,1513,1,64,right-6,right,right-dark,light-up,fewer-up,dual,2026-03-03 20:23:52.1350000
26790,64345edc0fd9813bdd9ef181,931,1,31,left-2,left,left-dark,light-up,fewer-up,dual,2026-03-03 20:23:53.2350000
26791,69a181fe116c31dff8efe0ad,1402,1,65,right-6,right,right-dark,dark-up,greater-up,dual,2026-03-03 20:23:55.3340000
26792,64345edc0fd9813bdd9ef181,464,1,32,left-9,left,left-dark,dark-up,greater-up,dual,2026-03-03 20:23:55.6530000
26793,69a181fe116c31dff8efe0ad,1089,1,66,right-5,left,right-dark,dark-up,fewer-up,dual,2026-03-03 20:23:58.1680000
26794,64345edc0fd9813bdd9ef181,830,1,33,right-3,left,right-dark,dark-up,fewer-up,dual,2026-03-03 20:23:58.1850000
26795,64345edc0fd9813bdd9ef181,604,1,34,left-7,left,left-dark,light-up,fewer-up,dual,2026-03-03 20:24:00.4260000
26796,69a181fe116c31dff8efe0ad,931,1,67,right-0,right,right-dark,dark-up,greater-up,dual,2026-03-03 20:24:01.6850000
26797,64345edc0fd9813bdd9ef181,692,0,35,right-2,left,right-dark,light-up,fewer-up,dual,2026-03-03 20:24:03.3680000
26798,69a181fe116c31dff8efe0ad,984,0,68,left-5,left,left-dark,dark-up,fewer-up,dual,2026-03-03 20:24:05.4080000
26799,64345edc0fd9813bdd9ef181,993,1,36,left-7,right,left-dark,light-up,greater-up,dual,2026-03-03 20:24:06.0690000
26800,69a181fe116c31dff8efe0ad,1611,1,69,right-7,right,right-dark,dark-up,greater-up,dual,2026-03-03 20:24:08.4650000
26801,64345edc0fd9813bdd9ef181,1052,0,37,left-6,left,left-dark,light-up,greater-up,dual,2026-03-03 20:24:08.6630000
26802,69a181fe116c31dff8efe0ad,1045,1,70,right-7,left,right-dark,light-up,greater-up,dual,2026-03-03 20:24:10.8720000
26803,64345edc0fd9813bdd9ef181,384,0,38,left-8,right,left-dark,dark-up,greater-up,dual,2026-03-03 20:24:10.3780000
26804,69a181fe116c31dff8efe0ad,1167,1,71,left-3,right,left-dark,light-up,greater-up,dual,2026-03-03 20:24:13.8560000
26805,64345edc0fd9813bdd9ef181,NULL,0,39,left-1,none,left-dark,light-up,fewer-up,dual,2026-03-03 20:24:13.9390000
26806,69a181fe116c31dff8efe0ad,NULL,0,72,right-1,none,right-dark,light-up,fewer-up,dual,2026-03-03 20:24:16.5910000
26807,69a181fe116c31dff8efe0ad,1151,1,73,right-1,left,right-dark,light-up,greater-up,dual,2026-03-03 20:24:21.0550000
26808,69a181fe116c31dff8efe0ad,985,1,74,left-5,left,left-dark,dark-up,greater-up,dual,2026-03-03 20:24:23.5590000
26809,69a181fe116c31dff8efe0ad,1893,0,75,left-6,right,left-dark,light-up,fewer-up,dual,2026-03-03 20:24:26.7900000
26810,69a181fe116c31dff8efe0ad,1229,1,76,right-2,right,right-dark,dark-up,greater-up,dual,2026-03-03 20:24:29.3100000
26811,69a181fe116c31dff8efe0ad,1037,1,77,right-0,right,right-dark,light-up,fewer-up,dual,2026-03-03 20:24:32.3920000
26812,69a181fe116c31dff8efe0ad,1262,1,78,left-2,left,left-dark,light-up,fewer-up,dual,2026-03-03 20:24:35.1050000
26813,69a181fe116c31dff8efe0ad,1439,1,79,left-2,right,left-dark,light-up,greater-up,dual,2026-03-03 20:24:38.4540000
26814,64345edc0fd9813bdd9ef181,1790,1,40,right-0,right,right-dark,light-up,fewer-up,dual,2026-03-03 20:24:39.7750000
26815,64345edc0fd9813bdd9ef181,933,1,41,left-9,right,left-dark,dark-up,fewer-up,dual,2026-03-03 20:24:43.1880000
26816,64345edc0fd9813bdd9ef181,NULL,0,42,right-9,none,right-dark,dark-up,greater-up,dual,2026-03-03 20:24:45.8820000
26817,64345edc0fd9813bdd9ef181,801,1,43,left-5,left,left-dark,light-up,fewer-up,dual,2026-03-03 20:24:49.5210000
26818,64345edc0fd9813bdd9ef181,734,0,44,left-1,left,left-dark,light-up,greater-up,dual,2026-03-03 20:24:52.4220000
26819,64345edc0fd9813bdd9ef181,1058,1,45,right-9,left,right-dark,light-up,greater-up,dual,2026-03-03 20:24:56.0430000
26820,64345edc0fd9813bdd9ef181,582,0,46,left-8,left,left-dark,dark-up,fewer-up,dual,2026-03-03 20:24:58.8910000
26821,64345edc0fd9813bdd9ef181,412,0,47,left-0,right,left-dark,light-up,fewer-up,dual,2026-03-03 20:25:01.5060000
26822,64345edc0fd9813bdd9ef181,1643,1,48,right-1,right,right-dark,light-up,fewer-up,dual,2026-03-03 20:25:05.3520000
26823,64345edc0fd9813bdd9ef181,1245,0,49,right-0,right,right-dark,light-up,greater-up,dual,2026-03-03 20:25:08.0450000
26824,64345edc0fd9813bdd9ef181,1032,0,50,right-3,right,right-dark,light-up,greater-up,dual,2026-03-03 20:25:10.7970000
26825,64345edc0fd9813bdd9ef181,1808,1,51,right-6,right,right-dark,dark-up,greater-up,dual,2026-03-03 20:25:15.0790000
26826,64345edc0fd9813bdd9ef181,886,0,52,right-5,right,right-dark,dark-up,fewer-up,dual,2026-03-03 20:25:18.6770000
26827,64345edc0fd9813bdd9ef181,1095,0,53,left-9,left,left-dark,light-up,greater-up,dual,2026-03-03 20:25:22.4900000
26828,64345edc0fd9813bdd9ef181,463,0,54,right-1,right,right-dark,dark-up,fewer-up,dual,2026-03-03 20:25:24.6450000
26829,64345edc0fd9813bdd9ef181,508,1,55,right-5,right,right-dark,dark-up,greater-up,dual,2026-03-03 20:25:26.7640000
26830,64345edc0fd9813bdd9ef181,1983,1,56,right-7,right,right-dark,dark-up,greater-up,dual,2026-03-03 20:25:30.8970000
26831,64345edc0fd9813bdd9ef181,1519,0,57,left-4,left,left-dark,light-up,greater-up,dual,2026-03-03 20:25:35.1810000
26832,64345edc0fd9813bdd9ef181,1664,0,58,right-9,right,right-dark,dark-up,fewer-up,dual,2026-03-03 20:25:39.0790000
26833,64345edc0fd9813bdd9ef181,1599,0,59,right-5,right,right-dark,light-up,greater-up,dual,2026-03-03 20:25:42.1820000
26834,64345edc0fd9813bdd9ef181,1730,1,60,left-1,left,left-dark,dark-up,greater-up,dual,2026-03-03 20:25:53.6100000
26835,64345edc0fd9813bdd9ef181,739,1,61,right-3,right,right-dark,light-up,fewer-up,dual,2026-03-03 20:25:55.8840000
26836,64345edc0fd9813bdd9ef181,1324,1,62,right-1,right,right-dark,dark-up,greater-up,dual,2026-03-03 20:25:58.6490000
26837,64345edc0fd9813bdd9ef181,1347,1,63,left-0,left,left-dark,dark-up,greater-up,dual,2026-03-03 20:26:01.9780000
26838,64345edc0fd9813bdd9ef181,1199,1,64,left-4,left,left-dark,dark-up,greater-up,dual,2026-03-03 20:26:05.7900000
26839,64345edc0fd9813bdd9ef181,1431,1,65,right-4,right,right-dark,dark-up,greater-up,dual,2026-03-03 20:26:09.5780000
26840,64345edc0fd9813bdd9ef181,639,1,66,left-7,left,left-dark,dark-up,greater-up,dual,2026-03-03 20:26:12.2700000
26841,64345edc0fd9813bdd9ef181,1415,1,67,left-9,left,left-dark,light-up,fewer-up,dual,2026-03-03 20:26:15.5020000
26842,64345edc0fd9813bdd9ef181,1227,1,68,left-4,right,left-dark,dark-up,fewer-up,dual,2026-03-03 20:26:18.7890000
26843,64345edc0fd9813bdd9ef181,1443,1,69,left-3,right,left-dark,light-up,greater-up,dual,2026-03-03 20:26:22.9470000
26844,64345edc0fd9813bdd9ef181,1276,1,70,right-4,left,right-dark,dark-up,fewer-up,dual,2026-03-03 20:26:26.6500000
26845,64345edc0fd9813bdd9ef181,885,1,71,right-8,right,right-dark,light-up,fewer-up,dual,2026-03-03 20:26:29.1830000
26846,64345edc0fd9813bdd9ef181,1161,1,72,right-5,right,right-dark,light-up,fewer-up,dual,2026-03-03 20:26:31.7970000
26847,64345edc0fd9813bdd9ef181,1229,1,73,left-4,left,left-dark,light-up,fewer-up,dual,2026-03-03 20:26:34.6600000
26848,64345edc0fd9813bdd9ef181,NULL,0,74,left-0,none,left-dark,dark-up,fewer-up,dual,2026-03-03 20:26:37.2110000
26849,64345edc0fd9813bdd9ef181,905,1,75,right-7,right,right-dark,light-up,fewer-up,dual,2026-03-03 20:26:40.5560000
26850,64345edc0fd9813bdd9ef181,1018,0,76,right-8,right,right-dark,light-up,greater-up,dual,2026-03-03 20:26:43.7850000
26851,64345edc0fd9813bdd9ef181,440,0,77,right-9,left,right-dark,light-up,fewer-up,dual,2026-03-03 20:26:46.3680000
26852,64345edc0fd9813bdd9ef181,1779,0,78,left-5,left,left-dark,light-up,greater-up,dual,2026-03-03 20:26:50.8280000
26853,64345edc0fd9813bdd9ef181,690,0,79,left-8,right,left-dark,light-up,fewer-up,dual,2026-03-03 20:26:53.4790000
26854,65c0001a211c74f0d87bb8cf,1264,1,0,right-8,left,right-dark,light-up,greater-up,single,2026-03-03 20:45:51.8560000
26855,65c0001a211c74f0d87bb8cf,795,0,1,left-1,right,left-dark,light-up,fewer-up,single,2026-03-03 20:45:54.0650000
26856,65c0001a211c74f0d87bb8cf,1608,0,2,right-5,left,right-dark,dark-up,greater-up,single,2026-03-03 20:45:57.7180000
26857,65c0001a211c74f0d87bb8cf,1950,1,3,right-1,left,right-dark,light-up,greater-up,single,2026-03-03 20:46:03.5560000
26858,65c0001a211c74f0d87bb8cf,1524,1,4,right-2,right,right-dark,dark-up,greater-up,single,2026-03-03 20:46:07.1380000
26859,65c0001a211c74f0d87bb8cf,894,1,5,right-3,right,right-dark,dark-up,greater-up,single,2026-03-03 20:46:10.3690000
26860,65c0001a211c74f0d87bb8cf,1233,1,6,right-2,left,right-dark,light-up,greater-up,single,2026-03-03 20:46:13.4740000
26861,65c0001a211c74f0d87bb8cf,1395,1,7,left-0,left,left-dark,light-up,fewer-up,single,2026-03-03 20:46:17.4040000
26862,65c0001a211c74f0d87bb8cf,1330,1,8,left-7,left,left-dark,dark-up,greater-up,single,2026-03-03 20:46:21.3270000
26863,65c0001a211c74f0d87bb8cf,1015,1,9,right-6,right,right-dark,dark-up,greater-up,single,2026-03-03 20:46:23.8520000
26864,65c0001a211c74f0d87bb8cf,1233,1,10,right-1,right,right-dark,dark-up,greater-up,single,2026-03-03 20:46:26.7540000
26865,65c0001a211c74f0d87bb8cf,1560,1,11,right-4,right,right-dark,light-up,fewer-up,single,2026-03-03 20:46:30.8700000
26866,65c0001a211c74f0d87bb8cf,893,1,12,left-3,left,left-dark,dark-up,greater-up,single,2026-03-03 20:46:34.5410000
26867,65c0001a211c74f0d87bb8cf,1055,1,13,left-2,right,left-dark,dark-up,fewer-up,single,2026-03-03 20:46:37.5040000
26868,65c0001a211c74f0d87bb8cf,1012,1,14,right-8,right,right-dark,dark-up,greater-up,single,2026-03-03 20:46:40.6050000
26869,65c0001a211c74f0d87bb8cf,991,1,15,right-0,right,right-dark,dark-up,greater-up,single,2026-03-03 20:46:43.6570000
26870,65c0001a211c74f0d87bb8cf,1631,1,16,left-3,right,left-dark,light-up,greater-up,single,2026-03-03 20:46:46.9700000
26871,65c0001a211c74f0d87bb8cf,1154,1,17,right-7,left,right-dark,light-up,greater-up,single,2026-03-03 20:46:50.0520000
26872,65c0001a211c74f0d87bb8cf,1239,1,18,left-9,left,left-dark,dark-up,greater-up,single,2026-03-03 20:46:54.0170000
26873,65c0001a211c74f0d87bb8cf,1189,1,19,right-6,left,right-dark,dark-up,fewer-up,single,2026-03-03 20:46:56.7700000
26874,65c0001a211c74f0d87bb8cf,1798,1,20,right-2,left,right-dark,dark-up,fewer-up,single,2026-03-03 20:47:10.0380000
26875,65c0001a211c74f0d87bb8cf,895,1,21,left-5,left,left-dark,dark-up,greater-up,single,2026-03-03 20:47:13.4200000
26876,65c0001a211c74f0d87bb8cf,1097,1,22,right-0,left,right-dark,light-up,greater-up,single,2026-03-03 20:47:16.1020000
26877,65c0001a211c74f0d87bb8cf,1217,1,23,right-5,right,right-dark,light-up,fewer-up,single,2026-03-03 20:47:19.2000000
26878,65c0001a211c74f0d87bb8cf,843,1,24,right-5,left,right-dark,light-up,greater-up,single,2026-03-03 20:47:21.8760000
26879,65c0001a211c74f0d87bb8cf,1183,1,25,left-9,left,left-dark,light-up,fewer-up,single,2026-03-03 20:47:25.3480000
26880,65c0001a211c74f0d87bb8cf,992,1,26,left-0,left,left-dark,dark-up,greater-up,single,2026-03-03 20:47:28.2130000
26881,65c0001a211c74f0d87bb8cf,919,1,27,left-8,right,left-dark,light-up,greater-up,single,2026-03-03 20:47:30.7230000
26882,65c0001a211c74f0d87bb8cf,947,1,28,left-1,right,left-dark,light-up,greater-up,single,2026-03-03 20:47:33.4900000
26883,65c0001a211c74f0d87bb8cf,1204,1,29,left-0,right,left-dark,light-up,greater-up,single,2026-03-03 20:47:36.5540000
26884,65c0001a211c74f0d87bb8cf,973,1,30,left-6,right,left-dark,light-up,greater-up,single,2026-03-03 20:47:39.9670000
26885,65c0001a211c74f0d87bb8cf,1510,1,31,right-9,right,right-dark,light-up,fewer-up,single,2026-03-03 20:47:44.0030000
26886,65c0001a211c74f0d87bb8cf,1074,1,32,right-3,left,right-dark,light-up,greater-up,single,2026-03-03 20:47:46.6020000
26887,65c0001a211c74f0d87bb8cf,802,1,33,right-4,left,right-dark,light-up,greater-up,single,2026-03-03 20:47:50.0340000
26888,65c0001a211c74f0d87bb8cf,987,1,34,right-7,right,right-dark,light-up,fewer-up,single,2026-03-03 20:47:53.3670000
26889,65c0001a211c74f0d87bb8cf,1301,1,35,right-7,left,right-dark,dark-up,fewer-up,single,2026-03-03 20:47:57.4030000
26890,65c0001a211c74f0d87bb8cf,1037,1,36,right-0,left,right-dark,dark-up,fewer-up,single,2026-03-03 20:48:00.9310000
26891,65c0001a211c74f0d87bb8cf,1282,1,37,left-8,left,left-dark,dark-up,greater-up,single,2026-03-03 20:48:04.2190000
26892,65c0001a211c74f0d87bb8cf,1281,1,38,left-7,right,left-dark,dark-up,fewer-up,single,2026-03-03 20:48:07.2320000
26893,65c0001a211c74f0d87bb8cf,978,1,39,left-4,left,left-dark,dark-up,greater-up,single,2026-03-03 20:48:09.9310000
26894,65c0001a211c74f0d87bb8cf,NULL,0,40,right-8,none,right-dark,light-up,fewer-up,single,2026-03-03 20:48:35.0050000
26895,65c0001a211c74f0d87bb8cf,1469,1,41,left-5,right,left-dark,light-up,greater-up,single,2026-03-03 20:48:38.7030000
26896,65c0001a211c74f0d87bb8cf,1472,1,42,right-1,right,right-dark,light-up,fewer-up,single,2026-03-03 20:48:42.1280000
26897,65c0001a211c74f0d87bb8cf,879,1,43,left-6,left,left-dark,dark-up,greater-up,single,2026-03-03 20:48:44.3460000
26898,65c0001a211c74f0d87bb8cf,1111,1,44,left-8,left,left-dark,light-up,fewer-up,single,2026-03-03 20:48:48.2310000
26899,65c0001a211c74f0d87bb8cf,876,1,45,left-6,right,left-dark,dark-up,fewer-up,single,2026-03-03 20:48:51.2820000
26900,65c0001a211c74f0d87bb8cf,1014,1,46,right-3,left,right-dark,dark-up,fewer-up,single,2026-03-03 20:48:53.9790000
26901,65c0001a211c74f0d87bb8cf,849,1,47,right-9,right,right-dark,dark-up,greater-up,single,2026-03-03 20:48:56.7850000
26902,65c0001a211c74f0d87bb8cf,833,1,48,right-6,left,right-dark,light-up,greater-up,single,2026-03-03 20:48:59.4720000
26903,65c0001a211c74f0d87bb8cf,916,1,49,right-7,right,right-dark,dark-up,greater-up,single,2026-03-03 20:49:02.9280000
26904,65c0001a211c74f0d87bb8cf,1026,1,50,left-4,right,left-dark,light-up,greater-up,single,2026-03-03 20:49:06.0900000
26905,65c0001a211c74f0d87bb8cf,1482,1,51,right-1,left,right-dark,dark-up,fewer-up,single,2026-03-03 20:49:09.2130000
26906,65c0001a211c74f0d87bb8cf,1355,1,52,left-9,right,left-dark,dark-up,fewer-up,single,2026-03-03 20:49:12.6320000
26907,65c0001a211c74f0d87bb8cf,1243,1,53,right-3,right,right-dark,light-up,fewer-up,single,2026-03-03 20:49:15.6640000
26908,65c0001a211c74f0d87bb8cf,1156,1,54,left-2,right,left-dark,light-up,greater-up,single,2026-03-03 20:49:19.2450000
26909,65c0001a211c74f0d87bb8cf,1041,1,55,left-0,right,left-dark,dark-up,fewer-up,single,2026-03-03 20:49:22.1990000
26910,65c0001a211c74f0d87bb8cf,1324,1,56,right-2,right,right-dark,light-up,fewer-up,single,2026-03-03 20:49:25.5480000
26911,65c0001a211c74f0d87bb8cf,963,1,57,right-4,right,right-dark,dark-up,greater-up,single,2026-03-03 20:49:28.6630000
26912,65c0001a211c74f0d87bb8cf,1311,0,58,left-6,right,left-dark,light-up,fewer-up,single,2026-03-03 20:49:31.3960000
26913,65c0001a211c74f0d87bb8cf,1438,1,59,right-6,right,right-dark,light-up,fewer-up,single,2026-03-03 20:49:35.1270000
26914,65c0001a211c74f0d87bb8cf,1422,1,60,right-9,left,right-dark,light-up,greater-up,single,2026-03-03 20:49:49.7280000
26915,65c0001a211c74f0d87bb8cf,1290,1,61,left-7,right,left-dark,light-up,greater-up,single,2026-03-03 20:49:53.7070000
26916,65c0001a211c74f0d87bb8cf,1102,1,62,left-5,left,left-dark,light-up,fewer-up,single,2026-03-03 20:49:56.8390000
26917,65c0001a211c74f0d87bb8cf,855,1,63,left-5,right,left-dark,dark-up,fewer-up,single,2026-03-03 20:49:59.2090000
26918,65c0001a211c74f0d87bb8cf,992,1,64,left-1,left,left-dark,dark-up,greater-up,single,2026-03-03 20:50:02.9050000
26919,65c0001a211c74f0d87bb8cf,901,1,65,left-1,right,left-dark,dark-up,fewer-up,single,2026-03-03 20:50:05.9290000
26920,65c0001a211c74f0d87bb8cf,996,1,66,left-4,right,left-dark,dark-up,fewer-up,single,2026-03-03 20:50:09.5230000
26921,65c0001a211c74f0d87bb8cf,1405,1,67,right-9,left,right-dark,dark-up,fewer-up,single,2026-03-03 20:50:13.1060000
26922,65c0001a211c74f0d87bb8cf,1465,1,68,left-3,left,left-dark,light-up,fewer-up,single,2026-03-03 20:50:16.9290000
26923,65c0001a211c74f0d87bb8cf,880,1,69,right-0,right,right-dark,light-up,fewer-up,single,2026-03-03 20:50:20.0850000
26924,65c0001a211c74f0d87bb8cf,1083,1,70,left-7,left,left-dark,light-up,fewer-up,single,2026-03-03 20:50:23.4600000
26925,65c0001a211c74f0d87bb8cf,908,1,71,left-8,right,left-dark,dark-up,fewer-up,single,2026-03-03 20:50:26.2710000
26926,65c0001a211c74f0d87bb8cf,932,1,72,right-4,left,right-dark,dark-up,fewer-up,single,2026-03-03 20:50:29.7030000
26927,65c0001a211c74f0d87bb8cf,1022,1,73,left-2,left,left-dark,light-up,fewer-up,single,2026-03-03 20:50:32.4220000
26928,65c0001a211c74f0d87bb8cf,945,1,74,right-8,left,right-dark,dark-up,fewer-up,single,2026-03-03 20:50:35.8050000
26929,65c0001a211c74f0d87bb8cf,1183,1,75,left-3,right,left-dark,dark-up,fewer-up,single,2026-03-03 20:50:39.2200000
26930,65c0001a211c74f0d87bb8cf,1086,0,76,left-2,right,left-dark,dark-up,greater-up,single,2026-03-03 20:50:43.0900000
26931,65c0001a211c74f0d87bb8cf,1402,1,77,right-5,left,right-dark,dark-up,fewer-up,single,2026-03-03 20:50:47.2830000
26932,65c0001a211c74f0d87bb8cf,1150,1,78,left-4,left,left-dark,light-up,fewer-up,single,2026-03-03 20:50:51.0880000
26933,65c0001a211c74f0d87bb8cf,1009,1,79,left-9,right,left-dark,light-up,greater-up,single,2026-03-03 20:50:54.7770000
26934,60fd6618f9a377f54dcdf318,1194,1,0,left-3,right,left-dark,light-up,greater-up,dual,2026-03-03 20:56:54.7780000
26935,60fd6618f9a377f54dcdf318,NULL,0,1,right-1,none,right-dark,dark-up,fewer-up,dual,2026-03-03 20:56:58.5460000
26936,60fd6618f9a377f54dcdf318,1461,0,2,left-1,right,left-dark,light-up,fewer-up,dual,2026-03-03 20:57:02.9450000
26937,60fd6618f9a377f54dcdf318,1035,1,3,left-6,left,left-dark,dark-up,greater-up,dual,2026-03-03 20:57:06.4870000
26938,60fd6618f9a377f54dcdf318,1663,0,4,left-4,right,left-dark,light-up,fewer-up,dual,2026-03-03 20:57:09.5550000
26939,60fd6618f9a377f54dcdf318,1096,0,5,left-4,left,left-dark,dark-up,fewer-up,dual,2026-03-03 20:57:13.0160000
26940,60fd6618f9a377f54dcdf318,1310,1,6,left-9,right,left-dark,light-up,greater-up,dual,2026-03-03 20:57:16.4010000
26941,60fd6618f9a377f54dcdf318,862,1,7,left-8,right,left-dark,light-up,greater-up,dual,2026-03-03 20:57:19.5550000
26942,60fd6618f9a377f54dcdf318,1411,0,8,left-3,right,left-dark,light-up,fewer-up,dual,2026-03-03 20:57:23.4430000
26943,60fd6618f9a377f54dcdf318,1456,1,9,left-4,left,left-dark,dark-up,greater-up,dual,2026-03-03 20:57:27.2770000
26944,60fd6618f9a377f54dcdf318,783,0,10,right-8,right,right-dark,light-up,greater-up,dual,2026-03-03 20:57:29.6540000
26945,60fd6618f9a377f54dcdf318,1833,1,11,left-9,right,left-dark,dark-up,fewer-up,dual,2026-03-03 20:57:33.0410000
26946,60fd6618f9a377f54dcdf318,1999,0,12,left-0,left,left-dark,light-up,greater-up,dual,2026-03-03 20:57:36.8810000
26947,60fd6618f9a377f54dcdf318,1800,0,13,right-5,left,right-dark,light-up,fewer-up,dual,2026-03-03 20:57:40.2840000
26948,60fd6618f9a377f54dcdf318,1011,1,14,left-5,left,left-dark,dark-up,greater-up,dual,2026-03-03 20:57:43.9370000
26949,60fd6618f9a377f54dcdf318,1623,1,15,left-8,left,left-dark,light-up,fewer-up,dual,2026-03-03 20:57:47.1220000
26950,60fd6618f9a377f54dcdf318,1410,1,16,left-8,left,left-dark,dark-up,greater-up,dual,2026-03-03 20:57:51.0910000
26951,60fd6618f9a377f54dcdf318,749,0,17,left-7,left,left-dark,light-up,greater-up,dual,2026-03-03 20:57:53.9110000
26952,675c6db4887ccdd0d3d15534,1641,1,0,left-6,left,left-dark,light-up,fewer-up,single,2026-03-03 20:57:57.2380000
26953,60fd6618f9a377f54dcdf318,1129,1,18,left-6,right,left-dark,light-up,greater-up,dual,2026-03-03 20:57:56.9780000
26954,675c6db4887ccdd0d3d15534,1694,0,1,right-2,right,right-dark,light-up,greater-up,single,2026-03-03 20:58:01.4330000
26955,60fd6618f9a377f54dcdf318,1063,0,19,right-9,left,right-dark,dark-up,greater-up,dual,2026-03-03 20:57:59.4260000
26956,675c6db4887ccdd0d3d15534,1489,1,2,right-3,left,right-dark,dark-up,fewer-up,single,2026-03-03 20:58:04.8320000
26957,675c6db4887ccdd0d3d15534,1315,1,3,right-4,right,right-dark,light-up,fewer-up,single,2026-03-03 20:58:08.5140000
26958,60fd6618f9a377f54dcdf318,1526,1,20,left-6,left,left-dark,light-up,fewer-up,dual,2026-03-03 20:58:07.9070000
26959,675c6db4887ccdd0d3d15534,1491,1,4,right-2,left,right-dark,dark-up,fewer-up,single,2026-03-03 20:58:11.6790000
26960,60fd6618f9a377f54dcdf318,1411,0,21,right-2,right,right-dark,dark-up,fewer-up,dual,2026-03-03 20:58:11.1080000
26961,675c6db4887ccdd0d3d15534,1603,1,5,right-6,left,right-dark,light-up,greater-up,single,2026-03-03 20:58:16.0160000
26962,60fd6618f9a377f54dcdf318,1073,1,22,left-7,right,left-dark,dark-up,fewer-up,dual,2026-03-03 20:58:14.8230000
26963,675c6db4887ccdd0d3d15534,1628,1,6,left-0,left,left-dark,dark-up,greater-up,single,2026-03-03 20:58:19.7670000
26964,60fd6618f9a377f54dcdf318,1349,0,23,right-3,left,right-dark,dark-up,greater-up,dual,2026-03-03 20:58:18.0550000
26965,66293da691cec8862619b1dc,1760,1,0,left-3,right,left-dark,dark-up,fewer-up,dual,2026-03-03 20:58:21.6690000
26966,675c6db4887ccdd0d3d15534,1257,1,7,right-5,right,right-dark,dark-up,greater-up,single,2026-03-03 20:58:23.4670000
26967,60fd6618f9a377f54dcdf318,1285,1,24,left-1,right,left-dark,light-up,greater-up,dual,2026-03-03 20:58:21.8360000
26968,66293da691cec8862619b1dc,648,1,1,left-9,left,left-dark,dark-up,greater-up,dual,2026-03-03 20:58:25.0750000
26969,675c6db4887ccdd0d3d15534,1762,1,8,right-4,left,right-dark,light-up,greater-up,single,2026-03-03 20:58:26.9910000
26970,60fd6618f9a377f54dcdf318,1668,1,25,right-8,right,right-dark,dark-up,greater-up,dual,2026-03-03 20:58:25.3920000
26971,66293da691cec8862619b1dc,1520,1,2,left-8,right,left-dark,light-up,greater-up,dual,2026-03-03 20:58:28.2900000
26972,663e59a5d1091f0c6becbfdf,660,0,0,right-5,right,right-dark,light-up,greater-up,dual,2026-03-03 20:58:26.9790000
26973,675c6db4887ccdd0d3d15534,1539,1,9,left-3,left,left-dark,dark-up,greater-up,single,2026-03-03 20:58:30.3620000
26974,60fd6618f9a377f54dcdf318,1690,1,26,left-3,right,left-dark,dark-up,fewer-up,dual,2026-03-03 20:58:28.6010000
26975,66293da691cec8862619b1dc,1095,1,3,left-4,left,left-dark,dark-up,greater-up,dual,2026-03-03 20:58:31.8600000
26976,663e59a5d1091f0c6becbfdf,783,0,1,right-0,right,right-dark,light-up,greater-up,dual,2026-03-03 20:58:30.2330000
26977,675c6db4887ccdd0d3d15534,1645,1,10,left-9,right,left-dark,light-up,greater-up,single,2026-03-03 20:58:34.0490000
26978,60fd6618f9a377f54dcdf318,1325,1,27,left-7,left,left-dark,dark-up,greater-up,dual,2026-03-03 20:58:31.3060000
26979,66293da691cec8862619b1dc,913,1,4,left-7,left,left-dark,dark-up,greater-up,dual,2026-03-03 20:58:35.6750000
26980,663e59a5d1091f0c6becbfdf,NULL,0,2,left-9,none,left-dark,light-up,fewer-up,dual,2026-03-03 20:58:33.5810000
26981,675c6db4887ccdd0d3d15534,1399,1,11,left-7,left,left-dark,light-up,fewer-up,single,2026-03-03 20:58:37.1440000
26982,60fd6618f9a377f54dcdf318,1368,1,28,left-3,left,left-dark,dark-up,greater-up,dual,2026-03-03 20:58:35.3220000
26983,66293da691cec8862619b1dc,1124,1,5,left-8,right,left-dark,dark-up,fewer-up,dual,2026-03-03 20:58:38.5530000
26984,675c6db4887ccdd0d3d15534,1344,1,12,right-8,left,right-dark,light-up,greater-up,single,2026-03-03 20:58:40.6640000
26985,65f48c6de41485ac8b284e83,1618,0,0,right-0,left,right-dark,dark-up,greater-up,dual,2026-03-03 20:58:37.3190000
26986,663e59a5d1091f0c6becbfdf,958,1,3,left-4,left,left-dark,dark-up,greater-up,dual,2026-03-03 20:58:37.9120000
26987,60fd6618f9a377f54dcdf318,1340,1,29,left-5,right,left-dark,dark-up,fewer-up,dual,2026-03-03 20:58:39.1850000
26988,66293da691cec8862619b1dc,1044,0,6,left-0,left,left-dark,dark-up,fewer-up,dual,2026-03-03 20:58:42.0550000
26989,65f48c6de41485ac8b284e83,1231,1,1,right-1,left,right-dark,dark-up,fewer-up,dual,2026-03-03 20:58:40.2350000
26990,675c6db4887ccdd0d3d15534,1849,1,13,left-5,left,left-dark,dark-up,greater-up,single,2026-03-03 20:58:44.0070000
26991,663e59a5d1091f0c6becbfdf,1670,1,4,left-0,left,left-dark,dark-up,greater-up,dual,2026-03-03 20:58:40.9740000
26992,66293da691cec8862619b1dc,1329,1,7,left-1,right,left-dark,dark-up,fewer-up,dual,2026-03-03 20:58:44.9960000
26993,60fd6618f9a377f54dcdf318,1230,1,30,right-5,right,right-dark,dark-up,greater-up,dual,2026-03-03 20:58:42.8250000
26994,675c6db4887ccdd0d3d15534,1036,1,14,left-1,left,left-dark,dark-up,greater-up,single,2026-03-03 20:58:47.5220000
26995,65f48c6de41485ac8b284e83,1029,1,2,left-5,right,left-dark,dark-up,fewer-up,dual,2026-03-03 20:58:43.9420000
26996,663e59a5d1091f0c6becbfdf,1117,1,5,left-2,left,left-dark,light-up,fewer-up,dual,2026-03-03 20:58:44.8430000
26997,60fd6618f9a377f54dcdf318,1588,1,31,left-1,left,left-dark,dark-up,greater-up,dual,2026-03-03 20:58:45.9020000
26998,66293da691cec8862619b1dc,1351,1,8,left-3,right,left-dark,light-up,greater-up,dual,2026-03-03 20:58:48.7620000
26999,65f48c6de41485ac8b284e83,1296,1,3,right-4,left,right-dark,light-up,greater-up,dual,2026-03-03 20:58:46.8570000
27000,675c6db4887ccdd0d3d15534,1589,1,15,left-6,right,left-dark,dark-up,fewer-up,single,2026-03-03 20:58:51.4860000
27001,663e59a5d1091f0c6becbfdf,1341,1,6,right-4,right,right-dark,dark-up,greater-up,dual,2026-03-03 20:58:48.7890000
27002,66293da691cec8862619b1dc,NULL,0,9,left-5,none,left-dark,dark-up,fewer-up,dual,2026-03-03 20:58:51.9840000
27003,60fd6618f9a377f54dcdf318,1817,1,32,left-5,right,left-dark,light-up,greater-up,dual,2026-03-03 20:58:50.2770000
27004,65f48c6de41485ac8b284e83,1273,1,4,right-1,right,right-dark,dark-up,greater-up,dual,2026-03-03 20:58:49.9690000
27005,675c6db4887ccdd0d3d15534,1705,1,16,left-0,left,left-dark,light-up,fewer-up,single,2026-03-03 20:58:54.9420000
27006,663e59a5d1091f0c6becbfdf,1296,1,7,left-8,left,left-dark,dark-up,greater-up,dual,2026-03-03 20:58:52.0140000
27007,60fd6618f9a377f54dcdf318,1817,1,33,left-0,right,left-dark,dark-up,fewer-up,dual,2026-03-03 20:58:53.4140000
27008,65f48c6de41485ac8b284e83,1304,1,5,right-2,right,right-dark,light-up,fewer-up,dual,2026-03-03 20:58:52.9950000
27009,66293da691cec8862619b1dc,1646,1,10,left-4,left,left-dark,light-up,fewer-up,dual,2026-03-03 20:58:56.7210000
27010,675c6db4887ccdd0d3d15534,1471,1,17,right-7,right,right-dark,dark-up,greater-up,single,2026-03-03 20:58:58.0300000
27011,663e59a5d1091f0c6becbfdf,942,1,8,right-6,right,right-dark,dark-up,greater-up,dual,2026-03-03 20:58:55.6290000
27012,65f48c6de41485ac8b284e83,969,1,6,right-3,left,right-dark,light-up,greater-up,dual,2026-03-03 20:58:56.0560000
27013,60fd6618f9a377f54dcdf318,1240,1,34,right-5,left,right-dark,light-up,greater-up,dual,2026-03-03 20:58:57.3600000
27014,675c6db4887ccdd0d3d15534,1396,1,18,right-6,left,right-dark,dark-up,fewer-up,single,2026-03-03 20:59:01.2260000
27015,66293da691cec8862619b1dc,1590,1,11,right-1,left,right-dark,dark-up,fewer-up,dual,2026-03-03 20:59:00.6170000
27016,663e59a5d1091f0c6becbfdf,1230,1,9,right-8,right,right-dark,dark-up,greater-up,dual,2026-03-03 20:58:58.9140000
27017,65f48c6de41485ac8b284e83,1284,1,7,right-4,right,right-dark,dark-up,greater-up,dual,2026-03-03 20:58:59.0180000
27018,60fd6618f9a377f54dcdf318,1673,0,35,right-7,right,right-dark,light-up,greater-up,dual,2026-03-03 20:59:00.9500000
27019,675c6db4887ccdd0d3d15534,1450,1,19,left-3,right,left-dark,light-up,greater-up,single,2026-03-03 20:59:04.7040000
27020,66293da691cec8862619b1dc,1133,1,12,right-0,right,right-dark,dark-up,greater-up,dual,2026-03-03 20:59:03.9540000
27021,66eb8f1bb2f36d46387aa1b2,920,1,0,left-7,left,left-dark,dark-up,greater-up,single,2026-03-03 20:59:03.2870000
27022,663e59a5d1091f0c6becbfdf,1444,1,10,left-4,left,left-dark,light-up,fewer-up,dual,2026-03-03 20:59:02.4250000
27023,65f48c6de41485ac8b284e83,1180,0,8,left-4,left,left-dark,dark-up,fewer-up,dual,2026-03-03 20:59:02.0850000
27024,60fd6618f9a377f54dcdf318,987,0,36,left-0,right,left-dark,light-up,fewer-up,dual,2026-03-03 20:59:04.3800000
27025,66eb8f1bb2f36d46387aa1b2,930,1,1,left-3,left,left-dark,dark-up,greater-up,single,2026-03-03 20:59:05.5790000
27026,65f48c6de41485ac8b284e83,813,1,9,right-5,left,right-dark,light-up,greater-up,dual,2026-03-03 20:59:04.2670000
27027,66293da691cec8862619b1dc,1153,1,13,right-3,left,right-dark,dark-up,fewer-up,dual,2026-03-03 20:59:07.5660000
27028,663e59a5d1091f0c6becbfdf,NULL,0,11,left-1,none,left-dark,dark-up,fewer-up,dual,2026-03-03 20:59:06.3240000
27029,65f48c6de41485ac8b284e83,1216,0,10,right-7,right,right-dark,dark-up,fewer-up,dual,2026-03-03 20:59:07.4560000
27030,66eb8f1bb2f36d46387aa1b2,922,0,2,left-3,left,left-dark,dark-up,fewer-up,single,2026-03-03 20:59:09.0160000
27031,60fd6618f9a377f54dcdf318,1770,1,37,right-3,left,right-dark,dark-up,fewer-up,dual,2026-03-03 20:59:08.2940000
27032,66293da691cec8862619b1dc,1455,0,14,left-3,right,left-dark,light-up,fewer-up,dual,2026-03-03 20:59:10.7970000
27033,663e59a5d1091f0c6becbfdf,1521,1,12,left-1,right,left-dark,light-up,greater-up,dual,2026-03-03 20:59:10.1040000
27034,675c6db4887ccdd0d3d15534,NULL,0,20,left-4,none,left-dark,dark-up,greater-up,single,2026-03-03 20:59:13.4840000
27035,66eb8f1bb2f36d46387aa1b2,819,1,3,left-3,left,left-dark,light-up,fewer-up,single,2026-03-03 20:59:12.2640000
27036,65f48c6de41485ac8b284e83,1125,1,11,left-7,right,left-dark,light-up,greater-up,dual,2026-03-03 20:59:11.3070000
27037,60fd6618f9a377f54dcdf318,1316,1,38,right-4,left,right-dark,dark-up,fewer-up,dual,2026-03-03 20:59:11.9120000
27038,66293da691cec8862619b1dc,937,1,15,right-2,right,right-dark,dark-up,greater-up,dual,2026-03-03 20:59:14.5180000
27039,675c6db4887ccdd0d3d15534,1588,1,21,left-1,left,left-dark,light-up,fewer-up,single,2026-03-03 20:59:17.1660000
27040,66eb8f1bb2f36d46387aa1b2,725,1,4,right-2,right,right-dark,dark-up,greater-up,single,2026-03-03 20:59:15.0710000
27041,663e59a5d1091f0c6becbfdf,1549,1,13,right-3,right,right-dark,dark-up,greater-up,dual,2026-03-03 20:59:14.4700000
27042,65f48c6de41485ac8b284e83,1265,1,12,right-6,left,right-dark,dark-up,fewer-up,dual,2026-03-03 20:59:14.1240000
27043,60fd6618f9a377f54dcdf318,1196,1,39,right-0,right,right-dark,dark-up,greater-up,dual,2026-03-03 20:59:15.4250000
27044,66293da691cec8862619b1dc,1481,1,16,right-9,right,right-dark,dark-up,greater-up,dual,2026-03-03 20:59:18.5310000
27045,675c6db4887ccdd0d3d15534,1429,1,22,right-5,right,right-dark,light-up,fewer-up,single,2026-03-03 20:59:19.9840000
27046,65f48c6de41485ac8b284e83,898,1,13,left-0,left,left-dark,light-up,fewer-up,dual,2026-03-03 20:59:16.4820000
27047,66eb8f1bb2f36d46387aa1b2,844,0,5,left-1,left,left-dark,light-up,greater-up,single,2026-03-03 20:59:18.4750000
27048,663e59a5d1091f0c6becbfdf,1433,1,14,right-2,left,right-dark,light-up,greater-up,dual,2026-03-03 20:59:17.9950000
27049,66293da691cec8862619b1dc,1183,1,17,left-9,right,left-dark,light-up,greater-up,dual,2026-03-03 20:59:21.4080000
27050,675c6db4887ccdd0d3d15534,1341,1,23,right-4,left,right-dark,dark-up,fewer-up,single,2026-03-03 20:59:22.9160000
27051,66eb8f1bb2f36d46387aa1b2,693,0,6,right-8,right,right-dark,light-up,greater-up,single,2026-03-03 20:59:21.3350000
27052,65f48c6de41485ac8b284e83,1200,1,14,left-1,left,left-dark,light-up,fewer-up,dual,2026-03-03 20:59:20.4940000
27053,66293da691cec8862619b1dc,1429,1,18,left-7,right,left-dark,dark-up,fewer-up,dual,2026-03-03 20:59:24.1430000
27054,663e59a5d1091f0c6becbfdf,1909,1,15,left-2,right,left-dark,light-up,greater-up,dual,2026-03-03 20:59:22.1050000
27055,66eb8f1bb2f36d46387aa1b2,508,0,7,right-9,right,right-dark,dark-up,fewer-up,single,2026-03-03 20:59:23.2310000
27056,675c6db4887ccdd0d3d15534,1343,1,24,left-4,right,left-dark,dark-up,fewer-up,single,2026-03-03 20:59:26.7880000
27057,65f48c6de41485ac8b284e83,1269,1,15,right-9,right,right-dark,light-up,fewer-up,dual,2026-03-03 20:59:23.5400000
27058,66293da691cec8862619b1dc,1735,0,19,left-6,right,left-dark,dark-up,greater-up,dual,2026-03-03 20:59:27.6000000
27059,66eb8f1bb2f36d46387aa1b2,632,1,8,right-6,right,right-dark,dark-up,greater-up,single,2026-03-03 20:59:26.5370000
27060,60fd6618f9a377f54dcdf318,1696,1,40,right-4,left,right-dark,light-up,greater-up,dual,2026-03-03 20:59:25.6310000
27061,663e59a5d1091f0c6becbfdf,1820,1,16,left-5,left,left-dark,light-up,fewer-up,dual,2026-03-03 20:59:26.0500000
27062,675c6db4887ccdd0d3d15534,1659,1,25,right-8,right,right-dark,dark-up,greater-up,single,2026-03-03 20:59:29.9380000
27063,65f48c6de41485ac8b284e83,967,1,16,left-6,right,left-dark,light-up,greater-up,dual,2026-03-03 20:59:26.4430000
27064,66eb8f1bb2f36d46387aa1b2,1197,0,9,right-0,right,right-dark,light-up,greater-up,single,2026-03-03 20:59:29.5180000
27065,663e59a5d1091f0c6becbfdf,NULL,0,17,right-3,none,right-dark,dark-up,fewer-up,dual,2026-03-03 20:59:28.9830000
27066,64d50c4b3a44318d98f4f5b2,NULL,0,0,left-5,none,left-dark,dark-up,greater-up,dual,2026-03-03 20:59:29.6950000
27067,60fd6618f9a377f54dcdf318,1972,1,41,right-6,left,right-dark,light-up,greater-up,dual,2026-03-03 20:59:29.2910000
27068,675c6db4887ccdd0d3d15534,1285,1,26,right-0,right,right-dark,light-up,fewer-up,single,2026-03-03 20:59:32.8220000
27069,65f48c6de41485ac8b284e83,892,1,17,left-2,left,left-dark,light-up,fewer-up,dual,2026-03-03 20:59:30.0720000
27070,66eb8f1bb2f36d46387aa1b2,583,0,10,left-5,left,left-dark,dark-up,fewer-up,single,2026-03-03 20:59:32.1600000
27071,60fd6618f9a377f54dcdf318,1365,1,42,right-0,right,right-dark,light-up,fewer-up,dual,2026-03-03 20:59:32.2350000
27072,675c6db4887ccdd0d3d15534,1231,1,27,right-8,right,right-dark,light-up,fewer-up,single,2026-03-03 20:59:35.6080000
27073,64d50c4b3a44318d98f4f5b2,1152,1,1,right-9,right,right-dark,dark-up,greater-up,dual,2026-03-03 20:59:33.7240000
27074,65f48c6de41485ac8b284e83,1462,1,18,left-8,right,left-dark,dark-up,fewer-up,dual,2026-03-03 20:59:33.0450000
27075,66eb8f1bb2f36d46387aa1b2,948,0,11,left-7,left,left-dark,light-up,greater-up,single,2026-03-03 20:59:34.5830000
27076,663e59a5d1091f0c6becbfdf,NULL,0,18,right-8,none,right-dark,light-up,greater-up,dual,2026-03-03 20:59:33.6840000
27077,675c6db4887ccdd0d3d15534,1097,1,28,right-2,right,right-dark,dark-up,greater-up,single,2026-03-03 20:59:39.1580000
27078,66eb8f1bb2f36d46387aa1b2,807,0,12,right-3,right,right-dark,dark-up,fewer-up,single,2026-03-03 20:59:37.1970000
27079,60fd6618f9a377f54dcdf318,1651,1,43,right-3,right,right-dark,light-up,fewer-up,dual,2026-03-03 20:59:36.5560000
27080,65f48c6de41485ac8b284e83,1088,1,19,left-4,left,left-dark,dark-up,greater-up,dual,2026-03-03 20:59:36.4910000
27081,64d50c4b3a44318d98f4f5b2,1469,0,2,right-4,left,right-dark,light-up,fewer-up,dual,2026-03-03 20:59:38.0060000
27082,663e59a5d1091f0c6becbfdf,1562,1,19,left-5,right,left-dark,light-up,greater-up,dual,2026-03-03 20:59:37.6290000
27083,66eb8f1bb2f36d46387aa1b2,766,1,13,left-1,left,left-dark,dark-up,greater-up,single,2026-03-03 20:59:39.8470000
27084,60fd6618f9a377f54dcdf318,1345,1,44,right-4,right,right-dark,light-up,fewer-up,dual,2026-03-03 20:59:39.4190000
27085,675c6db4887ccdd0d3d15534,1571,1,29,right-5,left,right-dark,light-up,greater-up,single,2026-03-03 20:59:43.0420000
27086,64d50c4b3a44318d98f4f5b2,1563,0,3,left-5,left,left-dark,light-up,greater-up,dual,2026-03-03 20:59:41.5420000
27087,66eb8f1bb2f36d46387aa1b2,676,0,14,left-6,left,left-dark,dark-up,fewer-up,single,2026-03-03 20:59:42.1610000
27088,675c6db4887ccdd0d3d15534,1314,1,30,left-3,right,left-dark,dark-up,fewer-up,single,2026-03-03 20:59:46.3670000
27089,60fd6618f9a377f54dcdf318,1126,1,45,left-0,left,left-dark,dark-up,greater-up,dual,2026-03-03 20:59:43.2960000
27090,64d50c4b3a44318d98f4f5b2,854,0,4,left-3,right,left-dark,dark-up,greater-up,dual,2026-03-03 20:59:43.7660000
27091,66eb8f1bb2f36d46387aa1b2,738,0,15,left-3,left,left-dark,light-up,greater-up,single,2026-03-03 20:59:44.5430000
27092,663e59a5d1091f0c6becbfdf,1766,1,20,right-5,left,right-dark,dark-up,fewer-up,dual,2026-03-03 20:59:44.5760000
27093,66eb8f1bb2f36d46387aa1b2,630,1,16,right-5,right,right-dark,light-up,fewer-up,single,2026-03-03 20:59:46.8690000
27094,675c6db4887ccdd0d3d15534,1570,1,31,right-0,left,right-dark,dark-up,fewer-up,single,2026-03-03 20:59:49.6720000
27095,64d50c4b3a44318d98f4f5b2,1155,1,5,left-2,left,left-dark,light-up,fewer-up,dual,2026-03-03 20:59:47.1120000
27096,60fd6618f9a377f54dcdf318,845,1,46,right-4,right,right-dark,dark-up,greater-up,dual,2026-03-03 20:59:46.8460000
27097,65f48c6de41485ac8b284e83,1067,0,20,right-2,left,right-dark,dark-up,greater-up,dual,2026-03-03 20:59:46.6550000
27098,663e59a5d1091f0c6becbfdf,1261,1,21,left-9,right,left-dark,light-up,greater-up,dual,2026-03-03 20:59:47.4710000
27099,675c6db4887ccdd0d3d15534,1251,1,32,right-3,right,right-dark,dark-up,greater-up,single,2026-03-03 20:59:52.4750000
27100,66eb8f1bb2f36d46387aa1b2,735,0,17,left-4,left,left-dark,dark-up,fewer-up,single,2026-03-03 20:59:50.0940000
27101,64d50c4b3a44318d98f4f5b2,1153,0,6,right-8,right,right-dark,dark-up,fewer-up,dual,2026-03-03 20:59:49.8640000
27102,60fd6618f9a377f54dcdf318,NULL,0,47,right-9,none,right-dark,light-up,greater-up,dual,2026-03-03 20:59:49.9020000
27103,663e59a5d1091f0c6becbfdf,1739,1,22,right-3,right,right-dark,light-up,fewer-up,dual,2026-03-03 20:59:50.7710000
27104,65f48c6de41485ac8b284e83,1298,1,21,right-3,right,right-dark,light-up,fewer-up,dual,2026-03-03 20:59:50.4920000
27105,66eb8f1bb2f36d46387aa1b2,590,1,18,right-8,right,right-dark,dark-up,greater-up,single,2026-03-03 20:59:53.3100000
27106,675c6db4887ccdd0d3d15534,1184,1,33,left-7,right,left-dark,light-up,greater-up,single,2026-03-03 20:59:56.4470000
27107,64d50c4b3a44318d98f4f5b2,1780,1,7,left-0,left,left-dark,light-up,fewer-up,dual,2026-03-03 20:59:53.6730000
27108,60fd6618f9a377f54dcdf318,1437,1,48,left-1,right,left-dark,dark-up,fewer-up,dual,2026-03-03 20:59:54.0460000
27109,663e59a5d1091f0c6becbfdf,1651,1,23,left-8,right,left-dark,light-up,greater-up,dual,2026-03-03 20:59:54.4170000
27110,66eb8f1bb2f36d46387aa1b2,778,0,19,right-5,right,right-dark,dark-up,fewer-up,single,2026-03-03 20:59:56.0710000
27111,65f48c6de41485ac8b284e83,1735,1,22,right-5,right,right-dark,light-up,fewer-up,dual,2026-03-03 20:59:54.9270000
27112,64d50c4b3a44318d98f4f5b2,1066,0,8,right-3,left,right-dark,dark-up,greater-up,dual,2026-03-03 20:59:56.0860000
27113,675c6db4887ccdd0d3d15534,1433,1,34,left-9,left,left-dark,light-up,fewer-up,single,2026-03-03 20:59:59.8780000
27114,60fd6618f9a377f54dcdf318,1207,0,49,right-1,left,right-dark,dark-up,greater-up,dual,2026-03-03 20:59:56.8260000
27115,663e59a5d1091f0c6becbfdf,1384,1,24,left-0,left,left-dark,light-up,fewer-up,dual,2026-03-03 20:59:57.7740000
27116,64d50c4b3a44318d98f4f5b2,955,1,9,right-2,right,right-dark,light-up,fewer-up,dual,2026-03-03 20:59:58.5990000
27117,65f48c6de41485ac8b284e83,972,1,23,right-8,left,right-dark,dark-up,fewer-up,dual,2026-03-03 20:59:57.8850000
27118,60fd6618f9a377f54dcdf318,NULL,0,50,right-8,none,right-dark,light-up,fewer-up,dual,2026-03-03 20:59:59.6920000
27119,675c6db4887ccdd0d3d15534,1558,1,35,right-6,right,right-dark,light-up,fewer-up,single,2026-03-03 21:00:03.7950000
27120,64d50c4b3a44318d98f4f5b2,NULL,0,10,right-0,none,right-dark,dark-up,fewer-up,dual,2026-03-03 21:00:01.1770000
27121,65f48c6de41485ac8b284e83,1201,1,24,left-1,right,left-dark,light-up,greater-up,dual,2026-03-03 21:00:00.7800000
27122,663e59a5d1091f0c6becbfdf,1555,1,25,left-6,right,left-dark,dark-up,fewer-up,dual,2026-03-03 21:00:02.0810000
27123,66eb8f1bb2f36d46387aa1b2,745,1,20,left-2,left,left-dark,dark-up,greater-up,single,2026-03-03 21:00:04.9420000
27124,66293da691cec8862619b1dc,1343,1,20,left-2,left,left-dark,dark-up,greater-up,dual,2026-03-03 21:00:06.4230000
27125,60fd6618f9a377f54dcdf318,1245,1,51,right-2,right,right-dark,dark-up,greater-up,dual,2026-03-03 21:00:04.1320000
27126,65f48c6de41485ac8b284e83,954,1,25,left-2,right,left-dark,light-up,greater-up,dual,2026-03-03 21:00:03.7880000
27127,675c6db4887ccdd0d3d15534,1423,1,36,left-6,right,left-dark,light-up,greater-up,single,2026-03-03 21:00:07.9340000
27128,64d50c4b3a44318d98f4f5b2,716,1,11,right-1,left,right-dark,light-up,greater-up,dual,2026-03-03 21:00:05.4470000
27129,663e59a5d1091f0c6becbfdf,1465,1,26,left-6,right,left-dark,light-up,greater-up,dual,2026-03-03 21:00:05.4730000
27130,66293da691cec8862619b1dc,918,1,21,right-4,right,right-dark,dark-up,greater-up,dual,2026-03-03 21:00:08.9630000
27131,60fd6618f9a377f54dcdf318,1223,0,52,left-2,right,left-dark,light-up,fewer-up,dual,2026-03-03 21:00:07.2750000
27132,65f48c6de41485ac8b284e83,840,1,26,left-5,right,left-dark,light-up,greater-up,dual,2026-03-03 21:00:07.3030000
27133,675c6db4887ccdd0d3d15534,1483,1,37,right-1,right,right-dark,dark-up,greater-up,single,2026-03-03 21:00:11.1860000
27134,66eb8f1bb2f36d46387aa1b2,1234,1,21,right-0,right,right-dark,dark-up,greater-up,single,2026-03-03 21:00:08.9470000
27135,66293da691cec8862619b1dc,944,0,22,left-7,left,left-dark,light-up,greater-up,dual,2026-03-03 21:00:11.2710000
27136,64d50c4b3a44318d98f4f5b2,1944,0,12,right-6,left,right-dark,dark-up,greater-up,dual,2026-03-03 21:00:09.5280000
27137,663e59a5d1091f0c6becbfdf,1215,1,27,right-1,left,right-dark,light-up,greater-up,dual,2026-03-03 21:00:09.1760000
27138,65f48c6de41485ac8b284e83,1017,1,27,right-8,right,right-dark,light-up,fewer-up,dual,2026-03-03 21:00:09.8140000
27139,5d9b7c7efaa2860364b16476,1874,1,0,right-2,right,right-dark,dark-up,greater-up,dual,2026-03-03 21:00:09.1870000
27140,60fd6618f9a377f54dcdf318,1284,1,53,left-9,left,left-dark,light-up,fewer-up,dual,2026-03-03 21:00:10.7540000
27141,64d50c4b3a44318d98f4f5b2,856,0,13,left-1,right,left-dark,dark-up,greater-up,dual,2026-03-03 21:00:11.7920000
27142,675c6db4887ccdd0d3d15534,1676,1,38,right-1,right,right-dark,light-up,fewer-up,single,2026-03-03 21:00:14.7510000
27143,66293da691cec8862619b1dc,1147,1,23,right-8,right,right-dark,dark-up,greater-up,dual,2026-03-03 21:00:13.9030000
27144,66eb8f1bb2f36d46387aa1b2,1381,1,22,right-7,right,right-dark,light-up,fewer-up,single,2026-03-03 21:00:13.0610000
27145,65f48c6de41485ac8b284e83,908,1,28,right-0,right,right-dark,light-up,fewer-up,dual,2026-03-03 21:00:12.6720000
27146,663e59a5d1091f0c6becbfdf,1975,0,28,left-2,left,left-dark,dark-up,fewer-up,dual,2026-03-03 21:00:13.2870000
27147,5d9b7c7efaa2860364b16476,NULL,0,1,left-2,none,left-dark,dark-up,greater-up,dual,2026-03-03 21:00:12.4210000
27148,60fd6618f9a377f54dcdf318,1092,1,54,left-4,right,left-dark,light-up,greater-up,dual,2026-03-03 21:00:14.3300000
27149,64d50c4b3a44318d98f4f5b2,902,1,14,right-6,left,right-dark,light-up,greater-up,dual,2026-03-03 21:00:14.8460000
27150,675c6db4887ccdd0d3d15534,1761,1,39,left-8,right,left-dark,light-up,greater-up,single,2026-03-03 21:00:18.3840000
27151,66293da691cec8862619b1dc,1359,1,24,left-3,left,left-dark,dark-up,greater-up,dual,2026-03-03 21:00:17.5250000
27152,66eb8f1bb2f36d46387aa1b2,995,0,23,right-5,right,right-dark,light-up,greater-up,single,2026-03-03 21:00:16.2030000
27153,65f48c6de41485ac8b284e83,820,1,29,right-9,right,right-dark,dark-up,greater-up,dual,2026-03-03 21:00:15.8390000
27154,60fd6618f9a377f54dcdf318,1189,1,55,right-3,left,right-dark,light-up,greater-up,dual,2026-03-03 21:00:17.3960000
27155,64d50c4b3a44318d98f4f5b2,1079,1,15,left-5,right,left-dark,dark-up,fewer-up,dual,2026-03-03 21:00:17.9200000
27156,66293da691cec8862619b1dc,583,0,25,right-3,left,right-dark,dark-up,greater-up,dual,2026-03-03 21:00:20.0430000
27157,663e59a5d1091f0c6becbfdf,1712,1,29,left-4,right,left-dark,dark-up,fewer-up,dual,2026-03-03 21:00:17.6970000
27158,5d9b7c7efaa2860364b16476,1884,0,2,right-5,right,right-dark,dark-up,fewer-up,dual,2026-03-03 21:00:16.9990000
27159,66eb8f1bb2f36d46387aa1b2,1170,0,24,right-4,right,right-dark,dark-up,fewer-up,single,2026-03-03 21:00:20.1450000
27160,65f48c6de41485ac8b284e83,1357,1,30,left-3,left,left-dark,dark-up,greater-up,dual,2026-03-03 21:00:19.7230000
27161,64d50c4b3a44318d98f4f5b2,560,0,16,right-8,left,right-dark,light-up,fewer-up,dual,2026-03-03 21:00:21.0040000
27162,60fd6618f9a377f54dcdf318,1677,1,56,left-6,right,left-dark,dark-up,fewer-up,dual,2026-03-03 21:00:20.7680000
27163,663e59a5d1091f0c6becbfdf,NULL,0,30,left-0,none,left-dark,dark-up,fewer-up,dual,2026-03-03 21:00:20.8270000
27164,675c6db4887ccdd0d3d15534,1274,1,40,right-4,right,right-dark,dark-up,greater-up,single,2026-03-03 21:00:24.4710000
27165,66293da691cec8862619b1dc,1208,1,26,left-4,right,left-dark,light-up,greater-up,dual,2026-03-03 21:00:23.9590000
27166,66eb8f1bb2f36d46387aa1b2,1128,0,25,left-8,left,left-dark,dark-up,fewer-up,single,2026-03-03 21:00:22.6740000
27167,5d9b7c7efaa2860364b16476,1634,0,3,right-3,left,right-dark,light-up,fewer-up,dual,2026-03-03 21:00:20.6180000
27168,64d50c4b3a44318d98f4f5b2,637,0,17,left-8,left,left-dark,dark-up,fewer-up,dual,2026-03-03 21:00:23.2890000
27169,65f48c6de41485ac8b284e83,828,1,31,right-1,right,right-dark,light-up,fewer-up,dual,2026-03-03 21:00:22.6440000
27170,66eb8f1bb2f36d46387aa1b2,1009,0,26,left-4,left,left-dark,light-up,greater-up,single,2026-03-03 21:00:25.0210000
27171,66293da691cec8862619b1dc,990,1,27,right-1,right,right-dark,dark-up,greater-up,dual,2026-03-03 21:00:26.5550000
27172,60fd6618f9a377f54dcdf318,1968,1,57,left-9,left,left-dark,dark-up,greater-up,dual,2026-03-03 21:00:24.2450000
27173,663e59a5d1091f0c6becbfdf,1352,1,31,right-0,right,right-dark,light-up,fewer-up,dual,2026-03-03 21:00:24.5080000
27174,675c6db4887ccdd0d3d15534,1470,1,41,left-8,right,left-dark,dark-up,fewer-up,single,2026-03-03 21:00:28.2910000
27175,5d9b7c7efaa2860364b16476,NULL,0,4,right-1,none,right-dark,dark-up,fewer-up,dual,2026-03-03 21:00:24.8180000
27176,65f48c6de41485ac8b284e83,999,1,32,right-1,left,right-dark,light-up,greater-up,dual,2026-03-03 21:00:26.3750000
27177,64d50c4b3a44318d98f4f5b2,1304,1,18,left-9,right,left-dark,light-up,greater-up,dual,2026-03-03 21:00:27.4080000
27178,66eb8f1bb2f36d46387aa1b2,755,1,27,right-7,right,right-dark,dark-up,greater-up,single,2026-03-03 21:00:28.0970000
27179,663e59a5d1091f0c6becbfdf,1610,1,32,left-6,left,left-dark,dark-up,greater-up,dual,2026-03-03 21:00:27.7490000
27180,60fd6618f9a377f54dcdf318,NULL,0,58,right-7,none,right-dark,dark-up,fewer-up,dual,2026-03-03 21:00:27.7800000
27181,66293da691cec8862619b1dc,NULL,0,28,right-0,none,right-dark,dark-up,fewer-up,dual,2026-03-03 21:00:30.4230000
27182,675c6db4887ccdd0d3d15534,1362,1,42,right-9,right,right-dark,dark-up,greater-up,single,2026-03-03 21:00:32.0750000
27183,66eb8f1bb2f36d46387aa1b2,826,1,28,right-1,right,right-dark,light-up,fewer-up,single,2026-03-03 21:00:30.6250000
27184,65f48c6de41485ac8b284e83,1062,1,33,right-3,left,right-dark,dark-up,fewer-up,dual,2026-03-03 21:00:29.6540000
27185,5d9b7c7efaa2860364b16476,789,1,5,right-7,left,right-dark,light-up,greater-up,dual,2026-03-03 21:00:28.9600000
27186,64d50c4b3a44318d98f4f5b2,1031,0,19,left-8,right,left-dark,light-up,fewer-up,dual,2026-03-03 21:00:31.0920000
27187,663e59a5d1091f0c6becbfdf,1249,1,33,right-9,right,right-dark,light-up,fewer-up,dual,2026-03-03 21:00:30.7900000
27188,66293da691cec8862619b1dc,1147,1,29,left-5,left,left-dark,dark-up,greater-up,dual,2026-03-03 21:00:33.9200000
27189,675c6db4887ccdd0d3d15534,1612,1,43,right-2,right,right-dark,light-up,fewer-up,single,2026-03-03 21:00:35.2580000
27190,60fd6618f9a377f54dcdf318,1595,1,59,right-2,right,right-dark,light-up,fewer-up,dual,2026-03-03 21:00:32.5450000
27191,65f48c6de41485ac8b284e83,1452,1,34,left-1,right,left-dark,dark-up,fewer-up,dual,2026-03-03 21:00:32.7650000
27192,66eb8f1bb2f36d46387aa1b2,1098,1,29,left-0,left,left-dark,light-up,fewer-up,single,2026-03-03 21:00:34.1450000
27193,5d9b7c7efaa2860364b16476,1132,0,6,right-6,left,right-dark,light-up,fewer-up,dual,2026-03-03 21:00:32.3900000
27194,663e59a5d1091f0c6becbfdf,1306,1,34,right-5,right,right-dark,light-up,fewer-up,dual,2026-03-03 21:00:34.7210000
27195,66293da691cec8862619b1dc,1497,0,30,left-6,left,left-dark,dark-up,fewer-up,dual,2026-03-03 21:00:37.8580000
27196,675c6db4887ccdd0d3d15534,1359,1,44,right-5,left,right-dark,dark-up,fewer-up,single,2026-03-03 21:00:39.2040000
27197,65f48c6de41485ac8b284e83,830,1,35,left-0,right,left-dark,dark-up,fewer-up,dual,2026-03-03 21:00:35.5390000
27198,5d9b7c7efaa2860364b16476,NULL,0,7,right-6,none,right-dark,dark-up,greater-up,dual,2026-03-03 21:00:35.9060000
27199,66eb8f1bb2f36d46387aa1b2,1944,1,30,right-1,left,right-dark,dark-up,fewer-up,single,2026-03-03 21:00:38.6120000
27200,66293da691cec8862619b1dc,843,0,31,right-2,right,right-dark,dark-up,fewer-up,dual,2026-03-03 21:00:40.4880000
27201,663e59a5d1091f0c6becbfdf,1316,1,35,right-7,right,right-dark,light-up,fewer-up,dual,2026-03-03 21:00:38.2330000
27202,65f48c6de41485ac8b284e83,834,1,36,right-2,left,right-dark,light-up,greater-up,dual,2026-03-03 21:00:38.7150000
27203,675c6db4887ccdd0d3d15534,1351,1,45,left-2,right,left-dark,light-up,greater-up,single,2026-03-03 21:00:42.8850000
27204,60fd6618f9a377f54dcdf318,1645,1,60,right-7,right,right-dark,light-up,fewer-up,dual,2026-03-03 21:00:40.2840000
27205,64d50c4b3a44318d98f4f5b2,1922,1,20,left-8,left,left-dark,dark-up,greater-up,dual,2026-03-03 21:00:40.9600000
27206,66293da691cec8862619b1dc,648,1,32,left-0,left,left-dark,dark-up,greater-up,dual,2026-03-03 21:00:42.9220000
27207,663e59a5d1091f0c6becbfdf,994,1,36,left-8,left,left-dark,light-up,fewer-up,dual,2026-03-03 21:00:40.6800000
27208,66eb8f1bb2f36d46387aa1b2,1499,1,31,right-0,left,right-dark,dark-up,fewer-up,single,2026-03-03 21:00:42.8200000
27209,65f48c6de41485ac8b284e83,710,1,37,right-0,left,right-dark,light-up,greater-up,dual,2026-03-03 21:00:42.0750000
27210,675c6db4887ccdd0d3d15534,1433,1,46,left-2,left,left-dark,light-up,fewer-up,single,2026-03-03 21:00:46.0620000
27211,64d50c4b3a44318d98f4f5b2,1306,1,21,right-3,left,right-dark,dark-up,fewer-up,dual,2026-03-03 21:00:43.7330000
27212,66293da691cec8862619b1dc,983,0,33,right-9,right,right-dark,light-up,greater-up,dual,2026-03-03 21:00:45.7100000
27213,60fd6618f9a377f54dcdf318,1272,1,61,left-5,left,left-dark,light-up,fewer-up,dual,2026-03-03 21:00:43.5180000
27214,663e59a5d1091f0c6becbfdf,1232,1,37,left-1,left,left-dark,dark-up,greater-up,dual,2026-03-03 21:00:44.6090000
27215,66eb8f1bb2f36d46387aa1b2,NULL,0,32,left-7,none,left-dark,dark-up,fewer-up,single,2026-03-03 21:00:45.6090000
27216,675c6db4887ccdd0d3d15534,1580,1,47,right-3,right,right-dark,light-up,fewer-up,single,2026-03-03 21:00:49.3550000
27217,66293da691cec8862619b1dc,808,1,34,right-5,right,right-dark,dark-up,greater-up,dual,2026-03-03 21:00:48.3920000
27218,65f48c6de41485ac8b284e83,1095,1,38,left-5,left,left-dark,dark-up,greater-up,dual,2026-03-03 21:00:45.7730000
27219,64d50c4b3a44318d98f4f5b2,1727,1,22,left-9,right,left-dark,dark-up,fewer-up,dual,2026-03-03 21:00:47.1310000
27220,60fd6618f9a377f54dcdf318,1094,0,62,right-8,right,right-dark,dark-up,fewer-up,dual,2026-03-03 21:00:47.0060000
27221,663e59a5d1091f0c6becbfdf,1198,1,38,right-4,left,right-dark,light-up,greater-up,dual,2026-03-03 21:00:48.2700000
27222,66293da691cec8862619b1dc,938,0,35,right-5,right,right-dark,dark-up,fewer-up,dual,2026-03-03 21:00:51.1590000
27223,675c6db4887ccdd0d3d15534,1819,1,48,left-9,right,left-dark,dark-up,fewer-up,single,2026-03-03 21:00:52.5630000
27224,66eb8f1bb2f36d46387aa1b2,1337,1,33,left-9,left,left-dark,dark-up,greater-up,single,2026-03-03 21:00:50.3500000
27225,64d50c4b3a44318d98f4f5b2,1475,0,23,right-8,right,right-dark,light-up,greater-up,dual,2026-03-03 21:00:50.5070000
27226,65f48c6de41485ac8b284e83,1168,1,39,left-3,right,left-dark,dark-up,fewer-up,dual,2026-03-03 21:00:49.7600000
27227,60fd6618f9a377f54dcdf318,1263,1,63,left-2,left,left-dark,dark-up,greater-up,dual,2026-03-03 21:00:50.2110000
27228,663e59a5d1091f0c6becbfdf,1545,1,39,right-1,left,right-dark,dark-up,fewer-up,dual,2026-03-03 21:00:51.2250000
27229,66293da691cec8862619b1dc,724,0,36,right-5,right,right-dark,light-up,greater-up,dual,2026-03-03 21:00:53.7260000
27230,66eb8f1bb2f36d46387aa1b2,NULL,0,34,right-6,none,right-dark,light-up,fewer-up,single,2026-03-03 21:00:53.0470000
27231,64d50c4b3a44318d98f4f5b2,611,1,24,right-6,left,right-dark,dark-up,fewer-up,dual,2026-03-03 21:00:52.6740000
27232,675c6db4887ccdd0d3d15534,1740,1,49,left-9,left,left-dark,dark-up,greater-up,single,2026-03-03 21:00:55.6330000
27233,60fd6618f9a377f54dcdf318,1158,1,64,right-9,right,right-dark,light-up,fewer-up,dual,2026-03-03 21:00:53.6680000
27234,66293da691cec8862619b1dc,1343,1,37,left-5,right,left-dark,light-up,greater-up,dual,2026-03-03 21:00:56.6430000
27235,675c6db4887ccdd0d3d15534,1517,1,50,left-4,right,left-dark,light-up,greater-up,single,2026-03-03 21:00:59.0340000
27236,64d50c4b3a44318d98f4f5b2,1040,1,25,right-4,left,right-dark,light-up,greater-up,dual,2026-03-03 21:00:56.1540000
27237,66eb8f1bb2f36d46387aa1b2,784,0,35,left-0,left,left-dark,light-up,greater-up,single,2026-03-03 21:00:56.8890000
27238,60fd6618f9a377f54dcdf318,1299,0,65,right-0,right,right-dark,dark-up,fewer-up,dual,2026-03-03 21:00:56.7070000
27239,66293da691cec8862619b1dc,1118,1,38,left-1,right,left-dark,light-up,greater-up,dual,2026-03-03 21:00:59.9250000
27240,663e59a5d1091f0c6becbfdf,NULL,0,40,right-7,none,right-dark,dark-up,greater-up,dual,2026-03-03 21:00:57.6390000
27241,65f48c6de41485ac8b284e83,1305,1,40,left-2,left,left-dark,dark-up,greater-up,dual,2026-03-03 21:00:57.9310000
27242,675c6db4887ccdd0d3d15534,1809,1,51,right-9,left,right-dark,dark-up,fewer-up,single,2026-03-03 21:01:02.1290000
27243,64d50c4b3a44318d98f4f5b2,1383,1,26,right-6,right,right-dark,light-up,fewer-up,dual,2026-03-03 21:00:59.2210000
27244,66eb8f1bb2f36d46387aa1b2,856,0,36,left-1,right,left-dark,light-up,fewer-up,single,2026-03-03 21:01:00.1250000
27245,60fd6618f9a377f54dcdf318,913,1,66,left-7,left,left-dark,light-up,fewer-up,dual,2026-03-03 21:00:59.4590000
27246,66293da691cec8862619b1dc,1341,1,39,right-8,left,right-dark,light-up,greater-up,dual,2026-03-03 21:01:02.9620000
27247,65f48c6de41485ac8b284e83,935,1,41,right-9,left,right-dark,dark-up,fewer-up,dual,2026-03-03 21:01:00.9600000
27248,64d50c4b3a44318d98f4f5b2,836,0,27,left-3,right,left-dark,light-up,fewer-up,dual,2026-03-03 21:01:01.9320000
27249,66eb8f1bb2f36d46387aa1b2,883,0,37,right-3,left,right-dark,dark-up,greater-up,single,2026-03-03 21:01:02.4570000
27250,663e59a5d1091f0c6becbfdf,1458,1,41,right-9,left,right-dark,dark-up,fewer-up,dual,2026-03-03 21:01:01.7380000
27251,675c6db4887ccdd0d3d15534,1117,1,52,right-6,right,right-dark,dark-up,greater-up,single,2026-03-03 21:01:05.5160000
27252,60fd6618f9a377f54dcdf318,1537,0,67,right-0,right,right-dark,light-up,greater-up,dual,2026-03-03 21:01:02.4010000
27253,66eb8f1bb2f36d46387aa1b2,619,1,38,left-6,left,left-dark,light-up,fewer-up,single,2026-03-03 21:01:04.6140000
27254,65f48c6de41485ac8b284e83,1076,1,42,left-0,right,left-dark,light-up,greater-up,dual,2026-03-03 21:01:03.4120000
27255,64d50c4b3a44318d98f4f5b2,543,0,28,left-3,left,left-dark,light-up,greater-up,dual,2026-03-03 21:01:04.7720000
27256,663e59a5d1091f0c6becbfdf,1716,1,42,left-3,left,left-dark,dark-up,greater-up,dual,2026-03-03 21:01:05.0230000
27257,60fd6618f9a377f54dcdf318,1300,1,68,right-6,left,right-dark,dark-up,fewer-up,dual,2026-03-03 21:01:06.1890000
27258,66eb8f1bb2f36d46387aa1b2,953,1,39,right-9,right,right-dark,light-up,fewer-up,single,2026-03-03 21:01:07.4950000
27259,675c6db4887ccdd0d3d15534,1740,1,53,left-7,right,left-dark,dark-up,fewer-up,single,2026-03-03 21:01:09.9970000
27260,64d50c4b3a44318d98f4f5b2,238,1,29,right-7,left,right-dark,dark-up,fewer-up,dual,2026-03-03 21:01:07.2730000
27261,65f48c6de41485ac8b284e83,820,1,43,left-7,left,left-dark,dark-up,greater-up,dual,2026-03-03 21:01:06.8840000
27262,663e59a5d1091f0c6becbfdf,1253,1,43,left-1,left,left-dark,light-up,fewer-up,dual,2026-03-03 21:01:07.8310000
27263,60fd6618f9a377f54dcdf318,1482,1,69,left-2,right,left-dark,dark-up,fewer-up,dual,2026-03-03 21:01:09.4720000
27264,64d50c4b3a44318d98f4f5b2,NULL,0,30,right-9,none,right-dark,light-up,greater-up,dual,2026-03-03 21:01:09.9190000
27265,65f48c6de41485ac8b284e83,1254,1,44,left-2,right,left-dark,dark-up,fewer-up,dual,2026-03-03 21:01:09.7570000
27266,675c6db4887ccdd0d3d15534,1742,1,54,left-4,left,left-dark,light-up,fewer-up,single,2026-03-03 21:01:13.7550000
27267,663e59a5d1091f0c6becbfdf,1656,1,44,right-9,left,right-dark,light-up,greater-up,dual,2026-03-03 21:01:11.4910000
27268,66293da691cec8862619b1dc,1205,0,40,right-7,left,right-dark,dark-up,greater-up,dual,2026-03-03 21:01:14.3930000
27269,60fd6618f9a377f54dcdf318,1495,0,70,right-5,right,right-dark,dark-up,fewer-up,dual,2026-03-03 21:01:12.4740000
27270,66eb8f1bb2f36d46387aa1b2,1049,1,40,left-7,left,left-dark,light-up,fewer-up,single,2026-03-03 21:01:14.0240000
27271,64d50c4b3a44318d98f4f5b2,474,0,31,right-5,left,right-dark,light-up,fewer-up,dual,2026-03-03 21:01:13.8820000
27272,65f48c6de41485ac8b284e83,960,1,45,left-6,right,left-dark,dark-up,fewer-up,dual,2026-03-03 21:01:13.1610000
27273,675c6db4887ccdd0d3d15534,1491,1,55,right-1,left,right-dark,dark-up,fewer-up,single,2026-03-03 21:01:17.8030000
27274,663e59a5d1091f0c6becbfdf,1000,1,45,left-7,left,left-dark,light-up,fewer-up,dual,2026-03-03 21:01:15.1340000
27275,66293da691cec8862619b1dc,1426,0,41,right-0,left,right-dark,light-up,fewer-up,dual,2026-03-03 21:01:17.9800000
27276,65f48c6de41485ac8b284e83,914,1,46,left-8,right,left-dark,light-up,greater-up,dual,2026-03-03 21:01:15.6050000
27277,64d50c4b3a44318d98f4f5b2,1143,1,32,left-3,right,left-dark,dark-up,fewer-up,dual,2026-03-03 21:01:16.5580000
27278,66eb8f1bb2f36d46387aa1b2,1011,0,41,right-7,right,right-dark,dark-up,fewer-up,single,2026-03-03 21:01:17.0920000
27279,60fd6618f9a377f54dcdf318,1895,0,71,right-1,left,right-dark,light-up,fewer-up,dual,2026-03-03 21:01:16.6300000
27280,663e59a5d1091f0c6becbfdf,1541,1,46,right-6,left,right-dark,dark-up,fewer-up,dual,2026-03-03 21:01:18.0440000
27281,675c6db4887ccdd0d3d15534,1583,1,56,right-9,right,right-dark,light-up,fewer-up,single,2026-03-03 21:01:21.9040000
27282,65f48c6de41485ac8b284e83,1023,1,47,right-7,left,right-dark,light-up,greater-up,dual,2026-03-03 21:01:18.2960000
27283,64d50c4b3a44318d98f4f5b2,1216,0,33,left-1,right,left-dark,light-up,fewer-up,dual,2026-03-03 21:01:19.2920000
27284,66293da691cec8862619b1dc,1269,0,42,right-2,left,right-dark,light-up,fewer-up,dual,2026-03-03 21:01:21.3330000
27285,66eb8f1bb2f36d46387aa1b2,685,0,42,left-6,left,left-dark,light-up,greater-up,single,2026-03-03 21:01:20.4930000
27286,60fd6618f9a377f54dcdf318,1345,1,72,left-8,right,left-dark,dark-up,fewer-up,dual,2026-03-03 21:01:20.7160000
27287,64d50c4b3a44318d98f4f5b2,498,0,34,right-2,left,right-dark,dark-up,greater-up,dual,2026-03-03 21:01:21.5470000
27288,663e59a5d1091f0c6becbfdf,1255,1,47,left-5,right,left-dark,dark-up,fewer-up,dual,2026-03-03 21:01:21.2850000
27289,66293da691cec8862619b1dc,683,1,43,left-8,left,left-dark,dark-up,greater-up,dual,2026-03-03 21:01:24.2640000
27290,675c6db4887ccdd0d3d15534,1390,1,57,left-8,left,left-dark,light-up,fewer-up,single,2026-03-03 21:01:25.3750000
27291,65f48c6de41485ac8b284e83,898,1,48,right-6,right,right-dark,light-up,fewer-up,dual,2026-03-03 21:01:21.6170000
27292,66eb8f1bb2f36d46387aa1b2,1130,0,43,left-4,right,left-dark,light-up,fewer-up,single,2026-03-03 21:01:23.8110000
27293,64d50c4b3a44318d98f4f5b2,935,1,35,left-6,right,left-dark,light-up,greater-up,dual,2026-03-03 21:01:24.0530000
27294,60fd6618f9a377f54dcdf318,1916,0,73,right-7,left,right-dark,dark-up,greater-up,dual,2026-03-03 21:01:24.1080000
27295,663e59a5d1091f0c6becbfdf,1474,1,48,left-3,right,left-dark,light-up,greater-up,dual,2026-03-03 21:01:24.1800000
27296,66293da691cec8862619b1dc,1526,1,44,left-0,left,left-dark,light-up,fewer-up,dual,2026-03-03 21:01:27.1640000
27297,675c6db4887ccdd0d3d15534,1448,1,58,right-0,right,right-dark,dark-up,greater-up,single,2026-03-03 21:01:28.2950000
27298,65f48c6de41485ac8b284e83,904,1,49,left-3,right,left-dark,light-up,greater-up,dual,2026-03-03 21:01:25.0120000
27299,66eb8f1bb2f36d46387aa1b2,864,0,44,right-1,right,right-dark,light-up,greater-up,single,2026-03-03 21:01:26.4340000
27300,663e59a5d1091f0c6becbfdf,1127,1,49,left-7,right,left-dark,light-up,greater-up,dual,2026-03-03 21:01:26.8340000
27301,64d50c4b3a44318d98f4f5b2,1670,0,36,right-4,right,right-dark,dark-up,fewer-up,dual,2026-03-03 21:01:27.3300000
27302,66293da691cec8862619b1dc,1253,0,45,right-7,right,right-dark,dark-up,fewer-up,dual,2026-03-03 21:01:30.4020000
27303,60fd6618f9a377f54dcdf318,1430,0,74,right-2,right,right-dark,light-up,greater-up,dual,2026-03-03 21:01:28.2590000
27304,66eb8f1bb2f36d46387aa1b2,596,1,45,left-5,left,left-dark,dark-up,greater-up,single,2026-03-03 21:01:29.5220000
27305,675c6db4887ccdd0d3d15534,1195,1,59,left-5,right,left-dark,light-up,greater-up,single,2026-03-03 21:01:32.0420000
27306,64d50c4b3a44318d98f4f5b2,714,1,37,left-6,left,left-dark,dark-up,greater-up,dual,2026-03-03 21:01:29.3420000
27307,65f48c6de41485ac8b284e83,1034,1,50,left-9,right,left-dark,dark-up,fewer-up,dual,2026-03-03 21:01:28.4650000
27308,663e59a5d1091f0c6becbfdf,1251,1,50,left-9,right,left-dark,dark-up,fewer-up,dual,2026-03-03 21:01:29.9240000
27309,60fd6618f9a377f54dcdf318,1385,0,75,right-9,right,right-dark,dark-up,fewer-up,dual,2026-03-03 21:01:31.2400000
27310,66293da691cec8862619b1dc,1261,1,46,right-4,left,right-dark,light-up,greater-up,dual,2026-03-03 21:01:33.8940000
27311,66eb8f1bb2f36d46387aa1b2,956,0,46,right-3,right,right-dark,light-up,greater-up,single,2026-03-03 21:01:32.9430000
27312,64d50c4b3a44318d98f4f5b2,514,0,38,right-0,left,right-dark,light-up,fewer-up,dual,2026-03-03 21:01:32.4880000
27313,65f48c6de41485ac8b284e83,926,1,51,right-2,left,right-dark,dark-up,fewer-up,dual,2026-03-03 21:01:31.7970000
27314,663e59a5d1091f0c6becbfdf,1579,1,51,right-0,right,right-dark,dark-up,greater-up,dual,2026-03-03 21:01:32.8500000
27315,64d50c4b3a44318d98f4f5b2,630,1,39,left-1,right,left-dark,light-up,greater-up,dual,2026-03-03 21:01:34.4780000
27316,675c6db4887ccdd0d3d15534,1184,1,60,left-7,left,left-dark,dark-up,greater-up,single,2026-03-03 21:01:37.4560000
27317,66293da691cec8862619b1dc,909,0,47,right-2,right,right-dark,light-up,greater-up,dual,2026-03-03 21:01:36.9260000
27318,60fd6618f9a377f54dcdf318,NULL,0,76,left-2,none,left-dark,light-up,greater-up,dual,2026-03-03 21:01:34.9460000
27319,65f48c6de41485ac8b284e83,1398,0,52,right-3,left,right-dark,dark-up,greater-up,dual,2026-03-03 21:01:34.8000000
27320,66eb8f1bb2f36d46387aa1b2,698,1,47,right-0,right,right-dark,light-up,fewer-up,single,2026-03-03 21:01:36.2670000
27321,663e59a5d1091f0c6becbfdf,1810,0,52,right-7,right,right-dark,light-up,greater-up,dual,2026-03-03 21:01:37.2000000
27322,675c6db4887ccdd0d3d15534,1371,1,61,right-7,left,right-dark,light-up,greater-up,single,2026-03-03 21:01:40.8430000
27323,66293da691cec8862619b1dc,1189,0,48,left-6,right,left-dark,light-up,fewer-up,dual,2026-03-03 21:01:39.8750000
27324,65f48c6de41485ac8b284e83,855,1,53,right-8,right,right-dark,dark-up,greater-up,dual,2026-03-03 21:01:37.3120000
27325,66eb8f1bb2f36d46387aa1b2,679,0,48,right-6,right,right-dark,dark-up,fewer-up,single,2026-03-03 21:01:38.9940000
27326,60fd6618f9a377f54dcdf318,1054,0,77,right-6,left,right-dark,dark-up,greater-up,dual,2026-03-03 21:01:38.7490000
27327,65f48c6de41485ac8b284e83,740,1,54,left-6,left,left-dark,dark-up,greater-up,dual,2026-03-03 21:01:39.9940000
27328,663e59a5d1091f0c6becbfdf,1089,1,53,right-8,right,right-dark,light-up,fewer-up,dual,2026-03-03 21:01:40.5610000
27329,66eb8f1bb2f36d46387aa1b2,1229,0,49,right-4,left,right-dark,dark-up,greater-up,single,2026-03-03 21:01:41.7720000
27330,66293da691cec8862619b1dc,1269,1,49,right-1,left,right-dark,light-up,greater-up,dual,2026-03-03 21:01:43.7450000
27331,675c6db4887ccdd0d3d15534,1418,1,62,right-9,left,right-dark,light-up,greater-up,single,2026-03-03 21:01:44.8310000
27332,60fd6618f9a377f54dcdf318,1340,0,78,right-6,left,right-dark,light-up,fewer-up,dual,2026-03-03 21:01:42.5150000
27333,65f48c6de41485ac8b284e83,1078,1,55,left-7,right,left-dark,dark-up,fewer-up,dual,2026-03-03 21:01:43.5050000
27334,66eb8f1bb2f36d46387aa1b2,709,0,50,right-9,right,right-dark,light-up,greater-up,single,2026-03-03 21:01:45.0080000
27335,66293da691cec8862619b1dc,1376,0,50,right-8,right,right-dark,dark-up,fewer-up,dual,2026-03-03 21:01:46.6110000
27336,663e59a5d1091f0c6becbfdf,1236,1,54,right-4,left,right-dark,dark-up,fewer-up,dual,2026-03-03 21:01:44.2350000
27337,675c6db4887ccdd0d3d15534,1295,1,63,right-7,right,right-dark,light-up,fewer-up,single,2026-03-03 21:01:48.1670000
27338,60fd6618f9a377f54dcdf318,1264,0,79,right-1,right,right-dark,light-up,greater-up,dual,2026-03-03 21:01:45.8110000
27339,64d50c4b3a44318d98f4f5b2,NULL,0,40,left-0,none,left-dark,dark-up,fewer-up,dual,2026-03-03 21:01:46.6310000
27340,66eb8f1bb2f36d46387aa1b2,674,0,51,left-9,left,left-dark,light-up,greater-up,single,2026-03-03 21:01:47.3910000
27341,65f48c6de41485ac8b284e83,1100,1,56,right-4,left,right-dark,dark-up,fewer-up,dual,2026-03-03 21:01:46.4760000
27342,663e59a5d1091f0c6becbfdf,1349,1,55,right-8,left,right-dark,dark-up,fewer-up,dual,2026-03-03 21:01:47.1160000
27343,66293da691cec8862619b1dc,1270,0,51,left-5,right,left-dark,light-up,fewer-up,dual,2026-03-03 21:01:50.0790000
27344,675c6db4887ccdd0d3d15534,NULL,0,64,left-0,none,left-dark,dark-up,fewer-up,single,2026-03-03 21:01:51.8320000
27345,64d50c4b3a44318d98f4f5b2,719,1,41,left-9,left,left-dark,dark-up,greater-up,dual,2026-03-03 21:01:50.0600000
27346,66eb8f1bb2f36d46387aa1b2,1212,1,52,left-5,left,left-dark,light-up,fewer-up,single,2026-03-03 21:01:50.7450000
27347,663e59a5d1091f0c6becbfdf,1410,1,56,right-2,right,right-dark,dark-up,greater-up,dual,2026-03-03 21:01:50.5510000
27348,65f48c6de41485ac8b284e83,1642,1,57,left-0,left,left-dark,dark-up,greater-up,dual,2026-03-03 21:01:50.2380000
27349,66293da691cec8862619b1dc,1202,0,52,right-4,left,right-dark,light-up,fewer-up,dual,2026-03-03 21:01:53.1780000
27350,64d50c4b3a44318d98f4f5b2,462,1,42,left-2,left,left-dark,dark-up,greater-up,dual,2026-03-03 21:01:53.1710000
27351,675c6db4887ccdd0d3d15534,1152,1,65,right-0,left,right-dark,light-up,greater-up,single,2026-03-03 21:01:56.0850000
27352,66eb8f1bb2f36d46387aa1b2,950,1,53,right-8,right,right-dark,light-up,fewer-up,single,2026-03-03 21:01:54.1490000
27353,66293da691cec8862619b1dc,1512,1,53,right-6,left,right-dark,light-up,greater-up,dual,2026-03-03 21:01:56.3770000
27354,65f48c6de41485ac8b284e83,1114,1,58,left-5,left,left-dark,light-up,fewer-up,dual,2026-03-03 21:01:53.8040000
27355,663e59a5d1091f0c6becbfdf,1827,0,57,right-4,left,right-dark,light-up,fewer-up,dual,2026-03-03 21:01:54.6170000
27356,675c6db4887ccdd0d3d15534,1694,1,66,right-1,left,right-dark,light-up,greater-up,single,2026-03-03 21:01:59.0700000
27357,64d50c4b3a44318d98f4f5b2,573,0,43,left-8,left,left-dark,light-up,greater-up,dual,2026-03-03 21:01:56.3400000
27358,66eb8f1bb2f36d46387aa1b2,929,1,54,left-0,left,left-dark,dark-up,greater-up,single,2026-03-03 21:01:57.6170000
27359,663e59a5d1091f0c6becbfdf,NULL,0,58,right-6,none,right-dark,light-up,fewer-up,dual,2026-03-03 21:01:57.4110000
27360,66293da691cec8862619b1dc,1249,0,54,left-9,right,left-dark,light-up,fewer-up,dual,2026-03-03 21:01:59.7960000
27361,65f48c6de41485ac8b284e83,1200,1,59,left-1,left,left-dark,dark-up,greater-up,dual,2026-03-03 21:01:57.2180000
27362,64d50c4b3a44318d98f4f5b2,1140,1,44,left-6,right,left-dark,dark-up,fewer-up,dual,2026-03-03 21:01:59.1540000
27363,675c6db4887ccdd0d3d15534,1698,1,67,left-5,right,left-dark,dark-up,fewer-up,single,2026-03-03 21:02:03.2030000
27364,66eb8f1bb2f36d46387aa1b2,855,1,55,left-8,left,left-dark,light-up,fewer-up,single,2026-03-03 21:02:00.7910000
27365,66293da691cec8862619b1dc,1137,1,55,right-0,left,right-dark,light-up,greater-up,dual,2026-03-03 21:02:03.4920000
27366,64d50c4b3a44318d98f4f5b2,609,1,45,left-7,right,left-dark,dark-up,fewer-up,dual,2026-03-03 21:02:01.7260000
27367,663e59a5d1091f0c6becbfdf,1480,1,59,right-0,left,right-dark,dark-up,fewer-up,dual,2026-03-03 21:02:02.4040000
27368,675c6db4887ccdd0d3d15534,1411,1,68,left-3,left,left-dark,light-up,fewer-up,single,2026-03-03 21:02:06.1550000
27369,66eb8f1bb2f36d46387aa1b2,1665,0,56,left-4,right,left-dark,dark-up,greater-up,single,2026-03-03 21:02:04.3690000
27370,66293da691cec8862619b1dc,1240,1,56,left-2,right,left-dark,light-up,greater-up,dual,2026-03-03 21:02:06.7440000
27371,65f48c6de41485ac8b284e83,902,1,60,right-4,right,right-dark,light-up,fewer-up,dual,2026-03-03 21:02:04.3190000
27372,64d50c4b3a44318d98f4f5b2,1397,0,46,right-9,right,right-dark,dark-up,fewer-up,dual,2026-03-03 21:02:05.3040000
27373,675c6db4887ccdd0d3d15534,1022,1,69,left-8,left,left-dark,dark-up,greater-up,single,2026-03-03 21:02:09.4250000
27374,66eb8f1bb2f36d46387aa1b2,1004,0,57,right-8,right,right-dark,dark-up,fewer-up,single,2026-03-03 21:02:07.9640000
27375,64d50c4b3a44318d98f4f5b2,872,1,47,right-0,left,right-dark,light-up,greater-up,dual,2026-03-03 21:02:08.1690000
27376,66293da691cec8862619b1dc,1288,1,57,left-6,right,left-dark,light-up,greater-up,dual,2026-03-03 21:02:10.1640000
27377,65f48c6de41485ac8b284e83,1284,1,61,left-9,left,left-dark,light-up,fewer-up,dual,2026-03-03 21:02:07.4730000
27378,696add3f9b107451fc748dd3,NULL,0,0,right-0,none,right-dark,dark-up,fewer-up,dual,2026-03-03 21:02:10.9350000
27379,675c6db4887ccdd0d3d15534,1273,1,70,left-5,left,left-dark,light-up,fewer-up,single,2026-03-03 21:02:12.7720000
27380,663e59a5d1091f0c6becbfdf,1918,0,60,right-5,left,right-dark,dark-up,greater-up,dual,2026-03-03 21:02:09.5120000
27381,66eb8f1bb2f36d46387aa1b2,600,0,58,left-5,left,left-dark,light-up,greater-up,single,2026-03-03 21:02:10.9190000
27382,64d50c4b3a44318d98f4f5b2,463,0,48,left-5,right,left-dark,light-up,fewer-up,dual,2026-03-03 21:02:10.8170000
27383,65f48c6de41485ac8b284e83,1060,1,62,right-8,left,right-dark,light-up,greater-up,dual,2026-03-03 21:02:10.0010000
27384,66293da691cec8862619b1dc,1337,0,58,left-1,right,left-dark,light-up,fewer-up,dual,2026-03-03 21:02:13.3990000
27385,696add3f9b107451fc748dd3,NULL,0,1,left-4,none,left-dark,light-up,fewer-up,dual,2026-03-03 21:02:14.4130000
27386,675c6db4887ccdd0d3d15534,1819,1,71,right-8,left,right-dark,dark-up,fewer-up,single,2026-03-03 21:02:15.9600000
27387,66eb8f1bb2f36d46387aa1b2,534,1,59,right-3,right,right-dark,light-up,fewer-up,single,2026-03-03 21:02:13.9390000
27388,65f48c6de41485ac8b284e83,724,1,63,left-8,left,left-dark,dark-up,greater-up,dual,2026-03-03 21:02:12.7640000
27389,663e59a5d1091f0c6becbfdf,NULL,0,61,left-3,none,left-dark,light-up,fewer-up,dual,2026-03-03 21:02:13.2830000
27390,64d50c4b3a44318d98f4f5b2,1029,0,49,right-1,left,right-dark,light-up,fewer-up,dual,2026-03-03 21:02:14.0620000
27391,66293da691cec8862619b1dc,1524,1,59,right-6,right,right-dark,dark-up,greater-up,dual,2026-03-03 21:02:17.2720000
27392,64d50c4b3a44318d98f4f5b2,368,0,50,left-7,right,left-dark,dark-up,greater-up,dual,2026-03-03 21:02:16.1090000
27393,65f48c6de41485ac8b284e83,1365,1,64,right-0,left,right-dark,dark-up,fewer-up,dual,2026-03-03 21:02:15.4030000
27394,675c6db4887ccdd0d3d15534,1400,1,72,right-7,left,right-dark,dark-up,fewer-up,single,2026-03-03 21:02:19.3270000
27395,696add3f9b107451fc748dd3,1450,1,2,left-4,right,left-dark,light-up,greater-up,dual,2026-03-03 21:02:18.5760000
27396,663e59a5d1091f0c6becbfdf,1367,1,62,left-7,right,left-dark,dark-up,fewer-up,dual,2026-03-03 21:02:17.9290000
27397,64d50c4b3a44318d98f4f5b2,293,0,51,right-5,right,right-dark,dark-up,fewer-up,dual,2026-03-03 21:02:18.6660000
27398,65f48c6de41485ac8b284e83,753,1,65,right-6,left,right-dark,light-up,greater-up,dual,2026-03-03 21:02:17.8890000
27399,66eb8f1bb2f36d46387aa1b2,1266,1,60,left-6,left,left-dark,dark-up,greater-up,single,2026-03-03 21:02:19.9010000
27400,675c6db4887ccdd0d3d15534,1266,1,73,left-6,left,left-dark,dark-up,greater-up,single,2026-03-03 21:02:22.9360000
27401,696add3f9b107451fc748dd3,1307,0,3,left-6,right,left-dark,dark-up,greater-up,dual,2026-03-03 21:02:21.6870000
27402,663e59a5d1091f0c6becbfdf,1498,1,63,left-8,right,left-dark,dark-up,fewer-up,dual,2026-03-03 21:02:20.9150000
27403,65f48c6de41485ac8b284e83,1234,1,66,right-5,left,right-dark,dark-up,fewer-up,dual,2026-03-03 21:02:20.5850000
27404,64d50c4b3a44318d98f4f5b2,954,1,52,right-1,left,right-dark,dark-up,fewer-up,dual,2026-03-03 21:02:21.5520000
27405,66eb8f1bb2f36d46387aa1b2,517,0,61,left-1,left,left-dark,dark-up,fewer-up,single,2026-03-03 21:02:22.0920000
27406,675c6db4887ccdd0d3d15534,1417,1,74,left-1,right,left-dark,dark-up,fewer-up,single,2026-03-03 21:02:26.3120000
27407,696add3f9b107451fc748dd3,1522,0,4,left-3,right,left-dark,dark-up,greater-up,dual,2026-03-03 21:02:25.1820000
27408,64d50c4b3a44318d98f4f5b2,723,1,53,left-9,left,left-dark,light-up,fewer-up,dual,2026-03-03 21:02:24.1630000
27409,66eb8f1bb2f36d46387aa1b2,931,1,62,left-2,right,left-dark,dark-up,fewer-up,single,2026-03-03 21:02:25.5860000
27410,65f48c6de41485ac8b284e83,1068,1,67,left-9,left,left-dark,dark-up,greater-up,dual,2026-03-03 21:02:24.2810000
27411,663e59a5d1091f0c6becbfdf,1616,1,64,right-1,right,right-dark,light-up,fewer-up,dual,2026-03-03 21:02:25.2490000
27412,696add3f9b107451fc748dd3,1013,0,5,right-3,left,right-dark,dark-up,greater-up,dual,2026-03-03 21:02:27.6940000
27413,675c6db4887ccdd0d3d15534,1670,1,75,left-2,right,left-dark,dark-up,fewer-up,single,2026-03-03 21:02:29.3300000
27414,64d50c4b3a44318d98f4f5b2,583,0,54,right-7,left,right-dark,dark-up,greater-up,dual,2026-03-03 21:02:26.4320000
27415,65f48c6de41485ac8b284e83,1168,1,68,left-3,left,left-dark,light-up,fewer-up,dual,2026-03-03 21:02:26.8700000
27416,66eb8f1bb2f36d46387aa1b2,844,1,63,right-1,right,right-dark,dark-up,greater-up,single,2026-03-03 21:02:28.4690000
27417,696add3f9b107451fc748dd3,1014,0,6,left-9,left,left-dark,light-up,greater-up,dual,2026-03-03 21:02:30.2300000
27418,64d50c4b3a44318d98f4f5b2,740,1,55,right-8,right,right-dark,dark-up,greater-up,dual,2026-03-03 21:02:29.2200000
27419,663e59a5d1091f0c6becbfdf,1074,1,65,right-9,right,right-dark,dark-up,greater-up,dual,2026-03-03 21:02:29.0880000
27420,675c6db4887ccdd0d3d15534,1592,1,76,left-0,right,left-dark,light-up,greater-up,single,2026-03-03 21:02:32.5310000
27421,65f48c6de41485ac8b284e83,857,1,69,left-7,left,left-dark,light-up,fewer-up,dual,2026-03-03 21:02:30.1700000
27422,66eb8f1bb2f36d46387aa1b2,869,1,64,right-5,right,right-dark,dark-up,greater-up,single,2026-03-03 21:02:31.9210000
27423,663e59a5d1091f0c6becbfdf,1164,1,66,right-3,left,right-dark,light-up,greater-up,dual,2026-03-03 21:02:31.6690000
27424,64d50c4b3a44318d98f4f5b2,561,1,56,left-7,right,left-dark,light-up,greater-up,dual,2026-03-03 21:02:32.3270000
27425,696add3f9b107451fc748dd3,1149,1,7,right-5,right,right-dark,dark-up,greater-up,dual,2026-03-03 21:02:34.0170000
27426,675c6db4887ccdd0d3d15534,1608,1,77,right-3,left,right-dark,light-up,greater-up,single,2026-03-03 21:02:35.9030000
27427,65f48c6de41485ac8b284e83,977,1,70,right-9,left,right-dark,light-up,greater-up,dual,2026-03-03 21:02:33.4640000
27428,66eb8f1bb2f36d46387aa1b2,1039,0,65,left-8,left,left-dark,light-up,greater-up,single,2026-03-03 21:02:35.2120000
27429,64d50c4b3a44318d98f4f5b2,1061,0,57,right-7,right,right-dark,light-up,greater-up,dual,2026-03-03 21:02:35.4110000
27430,663e59a5d1091f0c6becbfdf,1411,1,67,right-6,left,right-dark,light-up,greater-up,dual,2026-03-03 21:02:35.6740000
27431,675c6db4887ccdd0d3d15534,1768,1,78,left-1,right,left-dark,light-up,greater-up,single,2026-03-03 21:02:39.9670000
27432,696add3f9b107451fc748dd3,2002,1,8,right-3,right,right-dark,light-up,fewer-up,dual,2026-03-03 21:02:38.5950000
27433,66eb8f1bb2f36d46387aa1b2,588,0,66,right-7,right,right-dark,light-up,greater-up,single,2026-03-03 21:02:38.2450000
27434,64d50c4b3a44318d98f4f5b2,864,1,58,left-4,left,left-dark,dark-up,greater-up,dual,2026-03-03 21:02:37.8090000
27435,65f48c6de41485ac8b284e83,1066,1,71,right-6,right,right-dark,dark-up,greater-up,dual,2026-03-03 21:02:37.1990000
27436,675c6db4887ccdd0d3d15534,1200,1,79,left-2,left,left-dark,dark-up,greater-up,single,2026-03-03 21:02:42.5970000
27437,696add3f9b107451fc748dd3,NULL,0,9,right-9,none,right-dark,dark-up,greater-up,dual,2026-03-03 21:02:41.1840000
27438,663e59a5d1091f0c6becbfdf,1627,1,68,left-0,right,left-dark,light-up,greater-up,dual,2026-03-03 21:02:39.7090000
27439,64d50c4b3a44318d98f4f5b2,425,1,59,left-0,left,left-dark,dark-up,greater-up,dual,2026-03-03 21:02:40.4420000
27440,66eb8f1bb2f36d46387aa1b2,596,0,67,right-2,right,right-dark,dark-up,fewer-up,single,2026-03-03 21:02:41.3820000
27441,65f48c6de41485ac8b284e83,1974,1,72,left-8,left,left-dark,light-up,fewer-up,dual,2026-03-03 21:02:40.7650000
27442,696add3f9b107451fc748dd3,1246,1,10,right-7,left,right-dark,light-up,greater-up,dual,2026-03-03 21:02:45.6240000
27443,66eb8f1bb2f36d46387aa1b2,820,1,68,right-9,right,right-dark,dark-up,greater-up,single,2026-03-03 21:02:44.6780000
27444,663e59a5d1091f0c6becbfdf,1953,1,69,right-2,right,right-dark,light-up,fewer-up,dual,2026-03-03 21:02:43.8650000
27445,65f48c6de41485ac8b284e83,1099,1,73,left-9,right,left-dark,light-up,greater-up,dual,2026-03-03 21:02:44.0330000
27446,66eb8f1bb2f36d46387aa1b2,847,1,69,left-8,left,left-dark,dark-up,greater-up,single,2026-03-03 21:02:46.7930000
27447,65f48c6de41485ac8b284e83,962,1,74,left-4,right,left-dark,light-up,greater-up,dual,2026-03-03 21:02:46.6640000
27448,696add3f9b107451fc748dd3,1873,0,11,left-6,left,left-dark,dark-up,fewer-up,dual,2026-03-03 21:02:49.2490000
27449,663e59a5d1091f0c6becbfdf,1023,1,70,left-2,left,left-dark,dark-up,greater-up,dual,2026-03-03 21:02:47.6150000
27450,64d50c4b3a44318d98f4f5b2,700,1,60,right-4,right,right-dark,dark-up,greater-up,dual,2026-03-03 21:02:48.4020000
27451,66eb8f1bb2f36d46387aa1b2,739,1,70,right-2,right,right-dark,light-up,fewer-up,single,2026-03-03 21:02:49.8900000
27452,663e59a5d1091f0c6becbfdf,1291,1,71,right-2,left,right-dark,dark-up,fewer-up,dual,2026-03-03 21:02:50.5400000
27453,65f48c6de41485ac8b284e83,1168,1,75,left-4,left,left-dark,light-up,fewer-up,dual,2026-03-03 21:02:50.6070000
27454,64d50c4b3a44318d98f4f5b2,691,0,61,left-2,left,left-dark,light-up,greater-up,dual,2026-03-03 21:02:51.5640000
27455,696add3f9b107451fc748dd3,NULL,0,12,left-2,none,left-dark,dark-up,greater-up,dual,2026-03-03 21:02:53.2150000
27456,66eb8f1bb2f36d46387aa1b2,1040,1,71,right-4,right,right-dark,light-up,fewer-up,single,2026-03-03 21:02:52.5050000
27457,66293da691cec8862619b1dc,1308,1,60,right-3,left,right-dark,light-up,greater-up,dual,2026-03-03 21:02:55.0560000
27458,64d50c4b3a44318d98f4f5b2,625,0,62,right-2,right,right-dark,dark-up,fewer-up,dual,2026-03-03 21:02:54.7650000
27459,65f48c6de41485ac8b284e83,1261,1,76,left-6,left,left-dark,light-up,fewer-up,dual,2026-03-03 21:02:53.9010000
27460,663e59a5d1091f0c6becbfdf,1964,1,72,right-7,left,right-dark,dark-up,fewer-up,dual,2026-03-03 21:02:54.5740000
27461,66eb8f1bb2f36d46387aa1b2,1010,0,72,right-2,right,right-dark,light-up,greater-up,single,2026-03-03 21:02:55.8320000
27462,66293da691cec8862619b1dc,1231,0,61,left-2,right,left-dark,light-up,fewer-up,dual,2026-03-03 21:02:57.7330000
27463,696add3f9b107451fc748dd3,NULL,0,13,left-5,none,left-dark,light-up,greater-up,dual,2026-03-03 21:02:57.6790000
27464,64d50c4b3a44318d98f4f5b2,260,0,63,left-4,right,left-dark,light-up,fewer-up,dual,2026-03-03 21:02:56.9750000
27465,65f48c6de41485ac8b284e83,1031,1,77,right-5,right,right-dark,dark-up,greater-up,dual,2026-03-03 21:02:56.6560000
27466,663e59a5d1091f0c6becbfdf,1626,1,73,left-9,left,left-dark,dark-up,greater-up,dual,2026-03-03 21:02:57.6810000
27467,66eb8f1bb2f36d46387aa1b2,888,1,73,left-9,left,left-dark,light-up,fewer-up,single,2026-03-03 21:02:59.0550000
27468,66293da691cec8862619b1dc,733,1,62,right-8,right,right-dark,light-up,fewer-up,dual,2026-03-03 21:03:01.0790000
27469,64d50c4b3a44318d98f4f5b2,667,0,64,right-5,left,right-dark,dark-up,greater-up,dual,2026-03-03 21:02:59.7160000
27470,696add3f9b107451fc748dd3,1317,1,14,right-2,right,right-dark,light-up,fewer-up,dual,2026-03-03 21:03:01.4030000
27471,65f48c6de41485ac8b284e83,1169,1,78,right-7,right,right-dark,dark-up,greater-up,dual,2026-03-03 21:02:59.7640000
27472,663e59a5d1091f0c6becbfdf,1158,1,74,left-5,left,left-dark,dark-up,greater-up,dual,2026-03-03 21:03:00.9950000
27473,66eb8f1bb2f36d46387aa1b2,1275,0,74,left-2,left,left-dark,light-up,greater-up,single,2026-03-03 21:03:02.3390000
27474,66293da691cec8862619b1dc,1149,0,63,right-1,left,right-dark,light-up,fewer-up,dual,2026-03-03 21:03:04.5510000
27475,696add3f9b107451fc748dd3,1357,0,15,right-2,right,right-dark,light-up,greater-up,dual,2026-03-03 21:03:04.2330000
27476,64d50c4b3a44318d98f4f5b2,NULL,0,65,left-7,none,left-dark,light-up,fewer-up,dual,2026-03-03 21:03:03.1050000
27477,65f48c6de41485ac8b284e83,1392,1,79,right-7,right,right-dark,light-up,fewer-up,dual,2026-03-03 21:03:03.8340000
27478,663e59a5d1091f0c6becbfdf,1090,1,75,left-3,right,left-dark,dark-up,fewer-up,dual,2026-03-03 21:03:04.4600000
27479,66eb8f1bb2f36d46387aa1b2,1187,1,75,left-2,left,left-dark,light-up,fewer-up,single,2026-03-03 21:03:05.9050000
27480,696add3f9b107451fc748dd3,NULL,0,16,left-2,none,left-dark,dark-up,fewer-up,dual,2026-03-03 21:03:07.1220000
27481,64d50c4b3a44318d98f4f5b2,938,1,66,right-1,right,right-dark,dark-up,greater-up,dual,2026-03-03 21:03:06.6630000
27482,66293da691cec8862619b1dc,1536,0,64,right-9,left,right-dark,light-up,fewer-up,dual,2026-03-03 21:03:08.9960000
27483,663e59a5d1091f0c6becbfdf,1667,1,76,left-6,left,left-dark,light-up,fewer-up,dual,2026-03-03 21:03:07.6100000
27484,66eb8f1bb2f36d46387aa1b2,1413,0,76,right-6,right,right-dark,light-up,greater-up,single,2026-03-03 21:03:08.6700000
27485,696add3f9b107451fc748dd3,897,0,17,right-1,right,right-dark,dark-up,fewer-up,dual,2026-03-03 21:03:11.4230000
27486,64d50c4b3a44318d98f4f5b2,1023,1,67,left-0,right,left-dark,light-up,greater-up,dual,2026-03-03 21:03:10.1210000
27487,66293da691cec8862619b1dc,1126,0,65,right-5,left,right-dark,light-up,fewer-up,dual,2026-03-03 21:03:12.8910000
27488,663e59a5d1091f0c6becbfdf,1356,1,77,left-4,right,left-dark,light-up,greater-up,dual,2026-03-03 21:03:11.0600000
27489,66eb8f1bb2f36d46387aa1b2,668,0,77,left-0,left,left-dark,dark-up,fewer-up,single,2026-03-03 21:03:12.0730000
27490,696add3f9b107451fc748dd3,NULL,0,18,right-5,none,right-dark,dark-up,fewer-up,dual,2026-03-03 21:03:14.7940000
27491,64d50c4b3a44318d98f4f5b2,1545,1,68,right-0,right,right-dark,dark-up,greater-up,dual,2026-03-03 21:03:14.0740000
27492,663e59a5d1091f0c6becbfdf,1095,1,78,left-7,left,left-dark,dark-up,greater-up,dual,2026-03-03 21:03:13.8680000
27493,66eb8f1bb2f36d46387aa1b2,747,0,78,right-4,right,right-dark,light-up,greater-up,single,2026-03-03 21:03:15.0460000
27494,66293da691cec8862619b1dc,1640,1,66,left-1,left,left-dark,dark-up,greater-up,dual,2026-03-03 21:03:16.5440000
27495,663e59a5d1091f0c6becbfdf,1064,1,79,right-1,right,right-dark,dark-up,greater-up,dual,2026-03-03 21:03:16.2640000
27496,64d50c4b3a44318d98f4f5b2,957,0,69,left-2,left,left-dark,dark-up,fewer-up,dual,2026-03-03 21:03:16.8960000
27497,696add3f9b107451fc748dd3,1328,0,19,left-7,left,left-dark,dark-up,fewer-up,dual,2026-03-03 21:03:18.6960000
27498,66293da691cec8862619b1dc,1441,0,67,right-6,left,right-dark,light-up,fewer-up,dual,2026-03-03 21:03:19.3820000
27499,66eb8f1bb2f36d46387aa1b2,745,0,79,left-9,left,left-dark,dark-up,fewer-up,single,2026-03-03 21:03:17.9070000
27500,64d50c4b3a44318d98f4f5b2,117,1,70,left-4,right,left-dark,dark-up,fewer-up,dual,2026-03-03 21:03:19.4630000
27501,66293da691cec8862619b1dc,1948,0,68,left-7,right,left-dark,light-up,fewer-up,dual,2026-03-03 21:03:23.9540000
27502,64d50c4b3a44318d98f4f5b2,748,0,71,left-1,left,left-dark,dark-up,fewer-up,dual,2026-03-03 21:03:22.3660000
27503,66293da691cec8862619b1dc,509,0,69,left-0,left,left-dark,light-up,greater-up,dual,2026-03-03 21:03:26.3670000
27504,64d50c4b3a44318d98f4f5b2,1401,1,72,right-7,right,right-dark,light-up,fewer-up,dual,2026-03-03 21:03:26.4750000
27505,66293da691cec8862619b1dc,597,1,70,right-9,left,right-dark,dark-up,fewer-up,dual,2026-03-03 21:03:29.7050000
27506,670181df01d5807d3bca5093,935,0,0,right-5,left,right-dark,light-up,fewer-up,dual,2026-03-03 21:03:28.2440000
27507,64d50c4b3a44318d98f4f5b2,1285,0,73,left-4,left,left-dark,light-up,greater-up,dual,2026-03-03 21:03:29.7840000
27508,64d5219df0415c9a7c609c19,972,1,0,left-8,left,left-dark,dark-up,greater-up,single,2026-03-03 21:03:29.7980000
27509,66293da691cec8862619b1dc,837,1,71,left-8,left,left-dark,light-up,fewer-up,dual,2026-03-03 21:03:32.8790000
27510,670181df01d5807d3bca5093,1376,1,1,left-2,right,left-dark,dark-up,fewer-up,dual,2026-03-03 21:03:31.3580000
27511,64d5219df0415c9a7c609c19,855,1,1,left-6,right,left-dark,dark-up,fewer-up,single,2026-03-03 21:03:32.6780000
27512,66293da691cec8862619b1dc,943,0,72,right-7,left,right-dark,light-up,fewer-up,dual,2026-03-03 21:03:35.9890000
27513,64d50c4b3a44318d98f4f5b2,2008,1,74,right-9,right,right-dark,light-up,fewer-up,dual,2026-03-03 21:03:34.4990000
27514,670181df01d5807d3bca5093,940,0,2,right-6,right,right-dark,light-up,greater-up,dual,2026-03-03 21:03:34.7880000
27515,66293da691cec8862619b1dc,1025,0,73,right-4,right,right-dark,dark-up,fewer-up,dual,2026-03-03 21:03:38.7290000
27516,64d5219df0415c9a7c609c19,1051,1,2,left-0,right,left-dark,light-up,greater-up,single,2026-03-03 21:03:35.7620000
27517,670181df01d5807d3bca5093,1067,1,3,right-6,right,right-dark,dark-up,greater-up,dual,2026-03-03 21:03:37.6160000
27518,64d50c4b3a44318d98f4f5b2,1155,1,75,left-6,left,left-dark,light-up,fewer-up,dual,2026-03-03 21:03:38.2750000
27519,66293da691cec8862619b1dc,NULL,0,74,left-9,none,left-dark,dark-up,fewer-up,dual,2026-03-03 21:03:41.4050000
27520,64d5219df0415c9a7c609c19,937,1,3,right-4,right,right-dark,dark-up,greater-up,single,2026-03-03 21:03:39.2320000
27521,670181df01d5807d3bca5093,940,1,4,right-8,right,right-dark,dark-up,greater-up,dual,2026-03-03 21:03:40.7420000
27522,64d50c4b3a44318d98f4f5b2,1556,1,76,right-2,left,right-dark,light-up,greater-up,dual,2026-03-03 21:03:41.7340000
27523,66293da691cec8862619b1dc,466,0,75,left-4,left,left-dark,dark-up,fewer-up,dual,2026-03-03 21:03:44.2850000
27524,670181df01d5807d3bca5093,889,1,5,left-2,left,left-dark,dark-up,greater-up,dual,2026-03-03 21:03:43.0640000
27525,64d5219df0415c9a7c609c19,901,1,4,right-7,left,right-dark,dark-up,fewer-up,single,2026-03-03 21:03:41.9750000
27526,64d50c4b3a44318d98f4f5b2,576,0,77,right-3,left,right-dark,light-up,fewer-up,dual,2026-03-03 21:03:44.7100000
27527,66293da691cec8862619b1dc,1082,1,76,right-3,right,right-dark,light-up,fewer-up,dual,2026-03-03 21:03:47.1180000
27528,670181df01d5807d3bca5093,985,0,6,right-8,right,right-dark,light-up,greater-up,dual,2026-03-03 21:03:46.2910000
27529,64d5219df0415c9a7c609c19,1260,1,5,right-7,right,right-dark,dark-up,greater-up,single,2026-03-03 21:03:45.7300000
27530,64d50c4b3a44318d98f4f5b2,797,1,78,right-5,left,right-dark,light-up,greater-up,dual,2026-03-03 21:03:47.8260000
27531,66293da691cec8862619b1dc,1378,0,77,left-2,left,left-dark,dark-up,fewer-up,dual,2026-03-03 21:03:50.8810000
27532,64d5219df0415c9a7c609c19,864,1,6,left-2,right,left-dark,light-up,greater-up,single,2026-03-03 21:03:48.8360000
27533,670181df01d5807d3bca5093,1100,1,7,right-7,right,right-dark,dark-up,greater-up,dual,2026-03-03 21:03:50.1530000
27534,64d50c4b3a44318d98f4f5b2,662,1,79,right-3,left,right-dark,light-up,greater-up,dual,2026-03-03 21:03:50.7530000
27535,66293da691cec8862619b1dc,668,0,78,right-7,right,right-dark,light-up,greater-up,dual,2026-03-03 21:03:54.1920000
27536,64d5219df0415c9a7c609c19,848,1,7,left-7,right,left-dark,light-up,greater-up,single,2026-03-03 21:03:51.8060000
27537,670181df01d5807d3bca5093,948,1,8,left-1,left,left-dark,light-up,fewer-up,dual,2026-03-03 21:03:53.9100000
27538,66293da691cec8862619b1dc,608,0,79,right-6,right,right-dark,dark-up,fewer-up,dual,2026-03-03 21:03:57.2930000
27539,64d5219df0415c9a7c609c19,1280,1,8,right-2,right,right-dark,light-up,fewer-up,single,2026-03-03 21:03:55.5660000
27540,670181df01d5807d3bca5093,960,1,9,right-6,left,right-dark,dark-up,fewer-up,dual,2026-03-03 21:03:57.3610000
27541,64d5219df0415c9a7c609c19,790,1,9,right-3,right,right-dark,dark-up,greater-up,single,2026-03-03 21:03:57.7110000
27542,670181df01d5807d3bca5093,854,0,10,right-2,right,right-dark,dark-up,fewer-up,dual,2026-03-03 21:04:00.9360000
27543,64d5219df0415c9a7c609c19,1321,1,10,left-9,left,left-dark,light-up,fewer-up,single,2026-03-03 21:04:01.2400000
27544,670181df01d5807d3bca5093,1033,0,11,right-5,left,right-dark,dark-up,greater-up,dual,2026-03-03 21:04:04.1320000
27545,64d5219df0415c9a7c609c19,1062,1,11,right-7,right,right-dark,light-up,fewer-up,single,2026-03-03 21:04:04.8840000
27546,670181df01d5807d3bca5093,830,0,12,left-9,right,left-dark,dark-up,greater-up,dual,2026-03-03 21:04:06.8800000
27547,64d5219df0415c9a7c609c19,1534,1,12,left-1,right,left-dark,light-up,greater-up,single,2026-03-03 21:04:07.9090000
27548,670181df01d5807d3bca5093,1193,0,13,left-4,right,left-dark,light-up,fewer-up,dual,2026-03-03 21:04:09.8430000
27549,64d5219df0415c9a7c609c19,1032,1,13,right-3,right,right-dark,light-up,fewer-up,single,2026-03-03 21:04:10.7390000
27550,670181df01d5807d3bca5093,873,1,14,left-0,right,left-dark,light-up,greater-up,dual,2026-03-03 21:04:12.9450000
27551,64d5219df0415c9a7c609c19,1134,1,14,right-8,right,right-dark,light-up,fewer-up,single,2026-03-03 21:04:14.5250000
27552,670181df01d5807d3bca5093,1054,1,15,left-7,right,left-dark,light-up,greater-up,dual,2026-03-03 21:04:15.9520000
27553,64d5219df0415c9a7c609c19,1275,1,15,right-2,left,right-dark,dark-up,fewer-up,single,2026-03-03 21:04:17.6790000
27554,670181df01d5807d3bca5093,1451,1,16,left-4,right,left-dark,dark-up,fewer-up,dual,2026-03-03 21:04:20.0990000
27555,64d5219df0415c9a7c609c19,952,1,16,right-3,left,right-dark,dark-up,fewer-up,single,2026-03-03 21:04:20.9930000
27556,670181df01d5807d3bca5093,703,0,17,right-6,left,right-dark,light-up,fewer-up,dual,2026-03-03 21:04:23.5480000
27557,64d5219df0415c9a7c609c19,1096,1,17,right-0,left,right-dark,dark-up,fewer-up,single,2026-03-03 21:04:23.8650000
27558,670181df01d5807d3bca5093,1653,0,18,left-9,right,left-dark,light-up,fewer-up,dual,2026-03-03 21:04:26.5820000
27559,64d5219df0415c9a7c609c19,1376,0,18,left-9,right,left-dark,dark-up,greater-up,single,2026-03-03 21:04:27.0780000
27560,696add3f9b107451fc748dd3,1295,0,20,right-8,right,right-dark,dark-up,fewer-up,dual,2026-03-03 21:04:30.5870000
27561,670181df01d5807d3bca5093,1339,0,19,right-7,right,right-dark,light-up,greater-up,dual,2026-03-03 21:04:29.7970000
27562,64d5219df0415c9a7c609c19,1257,1,19,right-5,right,right-dark,light-up,fewer-up,single,2026-03-03 21:04:29.6350000
27563,696add3f9b107451fc748dd3,1019,0,21,left-0,left,left-dark,dark-up,fewer-up,dual,2026-03-03 21:04:34.3440000
27564,696add3f9b107451fc748dd3,1168,1,22,right-2,left,right-dark,dark-up,fewer-up,dual,2026-03-03 21:04:37.7950000
27565,696add3f9b107451fc748dd3,924,1,23,right-6,right,right-dark,dark-up,greater-up,dual,2026-03-03 21:04:41.1990000
27566,696add3f9b107451fc748dd3,990,0,24,left-3,left,left-dark,light-up,greater-up,dual,2026-03-03 21:04:43.7940000
27567,64d5219df0415c9a7c609c19,1085,1,20,right-0,right,right-dark,dark-up,greater-up,single,2026-03-03 21:04:42.9210000
27568,64d5219df0415c9a7c609c19,933,1,21,left-3,left,left-dark,light-up,fewer-up,single,2026-03-03 21:04:45.2840000
27569,696add3f9b107451fc748dd3,1289,0,25,left-6,left,left-dark,light-up,greater-up,dual,2026-03-03 21:04:47.8570000
27570,696add3f9b107451fc748dd3,1248,0,26,left-2,right,left-dark,light-up,fewer-up,dual,2026-03-03 21:04:51.3180000
27571,64d5219df0415c9a7c609c19,1166,1,22,right-9,left,right-dark,light-up,greater-up,single,2026-03-03 21:04:49.3010000
27572,696add3f9b107451fc748dd3,1141,0,27,left-8,left,left-dark,dark-up,fewer-up,dual,2026-03-03 21:04:54.8490000
27573,64d5219df0415c9a7c609c19,1418,1,23,left-4,right,left-dark,dark-up,fewer-up,single,2026-03-03 21:04:52.8140000
27574,696add3f9b107451fc748dd3,750,1,28,left-1,right,left-dark,dark-up,fewer-up,dual,2026-03-03 21:04:57.7480000
27575,64d5219df0415c9a7c609c19,795,1,24,left-0,left,left-dark,dark-up,greater-up,single,2026-03-03 21:04:55.6230000
27576,696add3f9b107451fc748dd3,796,0,29,left-8,right,left-dark,light-up,fewer-up,dual,2026-03-03 21:05:00.3450000
27577,670181df01d5807d3bca5093,1014,1,20,right-0,right,right-dark,dark-up,greater-up,dual,2026-03-03 21:04:59.4590000
27578,64d5219df0415c9a7c609c19,955,1,25,left-6,right,left-dark,light-up,greater-up,single,2026-03-03 21:04:58.5770000
27579,696add3f9b107451fc748dd3,1368,1,30,left-4,right,left-dark,dark-up,fewer-up,dual,2026-03-03 21:05:03.6370000
27580,670181df01d5807d3bca5093,1571,1,21,left-3,right,left-dark,light-up,greater-up,dual,2026-03-03 21:05:03.2250000
27581,64d5219df0415c9a7c609c19,933,1,26,right-1,left,right-dark,light-up,greater-up,single,2026-03-03 21:05:02.1340000
27582,696add3f9b107451fc748dd3,808,1,31,right-3,left,right-dark,light-up,greater-up,dual,2026-03-03 21:05:06.0750000
27583,670181df01d5807d3bca5093,1415,1,22,left-1,left,left-dark,dark-up,greater-up,dual,2026-03-03 21:05:05.9230000
27584,64d5219df0415c9a7c609c19,1160,1,27,right-1,left,right-dark,dark-up,fewer-up,single,2026-03-03 21:05:04.8100000
27585,696add3f9b107451fc748dd3,1029,0,32,left-3,left,left-dark,dark-up,fewer-up,dual,2026-03-03 21:05:09.5080000
27586,64d5219df0415c9a7c609c19,900,1,28,left-0,right,left-dark,dark-up,fewer-up,single,2026-03-03 21:05:07.3390000
27587,670181df01d5807d3bca5093,1122,1,23,right-0,right,right-dark,light-up,fewer-up,dual,2026-03-03 21:05:08.9830000
27588,64d5219df0415c9a7c609c19,799,1,29,right-4,left,right-dark,light-up,greater-up,single,2026-03-03 21:05:10.1510000
27589,696add3f9b107451fc748dd3,1437,0,33,right-6,right,right-dark,dark-up,fewer-up,dual,2026-03-03 21:05:13.1690000
27590,670181df01d5807d3bca5093,949,0,24,right-7,right,right-dark,dark-up,fewer-up,dual,2026-03-03 21:05:12.1900000
27591,64d5219df0415c9a7c609c19,1072,1,30,left-9,right,left-dark,light-up,greater-up,single,2026-03-03 21:05:12.6240000
27592,696add3f9b107451fc748dd3,921,0,34,left-1,right,left-dark,light-up,fewer-up,dual,2026-03-03 21:05:15.7500000
27593,670181df01d5807d3bca5093,1135,0,25,left-7,right,left-dark,light-up,fewer-up,dual,2026-03-03 21:05:14.9870000
27594,64d5219df0415c9a7c609c19,949,1,31,right-8,right,right-dark,dark-up,greater-up,single,2026-03-03 21:05:15.9060000
27595,670181df01d5807d3bca5093,1325,0,26,left-6,right,left-dark,light-up,fewer-up,dual,2026-03-03 21:05:17.8700000
27596,696add3f9b107451fc748dd3,807,0,35,left-8,right,left-dark,dark-up,greater-up,dual,2026-03-03 21:05:19.3140000
27597,64d5219df0415c9a7c609c19,1072,1,32,left-8,right,left-dark,dark-up,fewer-up,single,2026-03-03 21:05:19.0870000
27598,696add3f9b107451fc748dd3,548,1,36,left-0,left,left-dark,light-up,fewer-up,dual,2026-03-03 21:05:22.2340000
27599,670181df01d5807d3bca5093,1876,1,27,left-7,right,left-dark,dark-up,fewer-up,dual,2026-03-03 21:05:21.5810000
27600,64d5219df0415c9a7c609c19,863,1,33,left-6,left,left-dark,dark-up,greater-up,single,2026-03-03 21:05:21.3000000
27601,696add3f9b107451fc748dd3,NULL,0,37,right-5,none,right-dark,light-up,greater-up,dual,2026-03-03 21:05:26.1850000
27602,670181df01d5807d3bca5093,871,1,28,right-9,left,right-dark,dark-up,fewer-up,dual,2026-03-03 21:05:24.9000000
27603,64d5219df0415c9a7c609c19,1059,1,34,right-6,right,right-dark,light-up,fewer-up,single,2026-03-03 21:05:23.8590000
27604,64d5219df0415c9a7c609c19,1103,1,35,left-7,right,left-dark,dark-up,fewer-up,single,2026-03-03 21:05:27.1610000
27605,670181df01d5807d3bca5093,1313,0,29,right-4,left,right-dark,dark-up,greater-up,dual,2026-03-03 21:05:28.5030000
27606,696add3f9b107451fc748dd3,550,0,38,right-4,left,right-dark,dark-up,greater-up,dual,2026-03-03 21:05:29.9170000
27607,64d5219df0415c9a7c609c19,1167,1,36,right-9,right,right-dark,dark-up,greater-up,single,2026-03-03 21:05:30.1350000
27608,670181df01d5807d3bca5093,1154,1,30,right-1,left,right-dark,light-up,greater-up,dual,2026-03-03 21:05:31.8260000
27609,696add3f9b107451fc748dd3,1870,0,39,left-4,right,left-dark,dark-up,greater-up,dual,2026-03-03 21:05:34.1840000
27610,64d5219df0415c9a7c609c19,1261,1,37,right-9,right,right-dark,light-up,fewer-up,single,2026-03-03 21:05:33.9780000
27611,670181df01d5807d3bca5093,931,1,31,left-4,right,left-dark,light-up,greater-up,dual,2026-03-03 21:05:35.5260000
27612,64d5219df0415c9a7c609c19,1057,1,38,right-1,right,right-dark,light-up,fewer-up,single,2026-03-03 21:05:36.5060000
27613,670181df01d5807d3bca5093,660,1,32,left-9,right,left-dark,light-up,greater-up,dual,2026-03-03 21:05:38.9410000
27614,64d5219df0415c9a7c609c19,1022,1,39,left-0,left,left-dark,light-up,fewer-up,single,2026-03-03 21:05:39.1560000
27615,670181df01d5807d3bca5093,750,1,33,left-2,right,left-dark,light-up,greater-up,dual,2026-03-03 21:05:41.8000000
27616,696add3f9b107451fc748dd3,1540,1,40,left-1,left,left-dark,dark-up,greater-up,dual,2026-03-03 21:05:46.1050000
27617,670181df01d5807d3bca5093,1186,1,34,left-4,left,left-dark,dark-up,greater-up,dual,2026-03-03 21:05:45.5400000
27618,696add3f9b107451fc748dd3,NULL,0,41,right-7,none,right-dark,light-up,fewer-up,dual,2026-03-03 21:05:48.7520000
27619,670181df01d5807d3bca5093,1108,1,35,right-2,right,right-dark,dark-up,greater-up,dual,2026-03-03 21:05:49.5230000
27620,696add3f9b107451fc748dd3,2002,1,42,left-5,right,left-dark,dark-up,fewer-up,dual,2026-03-03 21:05:52.8460000
27621,670181df01d5807d3bca5093,808,0,36,left-1,left,left-dark,light-up,greater-up,dual,2026-03-03 21:05:53.1230000
27622,64d5219df0415c9a7c609c19,1147,1,40,left-5,left,left-dark,light-up,fewer-up,single,2026-03-03 21:05:53.2030000
27623,696add3f9b107451fc748dd3,1540,1,43,right-4,left,right-dark,light-up,greater-up,dual,2026-03-03 21:05:56.0450000
27624,670181df01d5807d3bca5093,637,1,37,left-5,right,left-dark,light-up,greater-up,dual,2026-03-03 21:05:55.9220000
27625,64d5219df0415c9a7c609c19,819,1,41,right-6,right,right-dark,dark-up,greater-up,single,2026-03-03 21:05:55.6870000
27626,696add3f9b107451fc748dd3,1447,1,44,left-2,right,left-dark,light-up,greater-up,dual,2026-03-03 21:05:59.5090000
27627,64d5219df0415c9a7c609c19,931,1,42,right-3,left,right-dark,light-up,greater-up,single,2026-03-03 21:05:58.0630000
27628,670181df01d5807d3bca5093,728,1,38,right-8,right,right-dark,light-up,fewer-up,dual,2026-03-03 21:05:59.3860000
27629,696add3f9b107451fc748dd3,1636,0,45,left-6,right,left-dark,light-up,fewer-up,dual,2026-03-03 21:06:02.9800000
27630,64d5219df0415c9a7c609c19,1024,1,43,right-2,right,right-dark,dark-up,greater-up,single,2026-03-03 21:06:01.5620000
27631,670181df01d5807d3bca5093,1023,0,39,left-0,right,left-dark,dark-up,greater-up,dual,2026-03-03 21:06:03.1520000
27632,696add3f9b107451fc748dd3,1899,0,46,right-7,right,right-dark,dark-up,fewer-up,dual,2026-03-03 21:06:06.6860000
27633,64d5219df0415c9a7c609c19,813,1,44,right-9,left,right-dark,dark-up,fewer-up,single,2026-03-03 21:06:04.4370000
27634,64d5219df0415c9a7c609c19,947,1,45,left-6,left,left-dark,light-up,fewer-up,single,2026-03-03 21:06:06.7280000
27635,696add3f9b107451fc748dd3,1746,1,47,right-9,left,right-dark,dark-up,fewer-up,dual,2026-03-03 21:06:09.9730000
27636,670181df01d5807d3bca5093,1488,0,40,left-3,right,left-dark,dark-up,greater-up,dual,2026-03-03 21:06:09.1690000
27637,64d5219df0415c9a7c609c19,988,1,46,left-1,left,left-dark,dark-up,greater-up,single,2026-03-03 21:06:10.3100000
27638,696add3f9b107451fc748dd3,1474,1,48,right-7,right,right-dark,dark-up,greater-up,dual,2026-03-03 21:06:12.8720000
27639,670181df01d5807d3bca5093,1139,0,41,right-9,left,right-dark,dark-up,greater-up,dual,2026-03-03 21:06:12.2940000
27640,64d5219df0415c9a7c609c19,974,1,47,left-2,right,left-dark,dark-up,fewer-up,single,2026-03-03 21:06:12.8100000
27641,696add3f9b107451fc748dd3,1394,1,49,right-9,left,right-dark,light-up,greater-up,dual,2026-03-03 21:06:16.1210000
27642,670181df01d5807d3bca5093,1188,0,42,right-3,right,right-dark,light-up,greater-up,dual,2026-03-03 21:06:15.7050000
27643,64d5219df0415c9a7c609c19,890,1,48,right-6,left,right-dark,light-up,greater-up,single,2026-03-03 21:06:16.4160000
27644,670181df01d5807d3bca5093,585,1,43,right-9,right,right-dark,light-up,fewer-up,dual,2026-03-03 21:06:18.6500000
27645,696add3f9b107451fc748dd3,1612,1,50,left-1,right,left-dark,light-up,greater-up,dual,2026-03-03 21:06:20.2700000
27646,64d5219df0415c9a7c609c19,803,1,49,left-8,right,left-dark,light-up,greater-up,single,2026-03-03 21:06:18.9060000
27647,670181df01d5807d3bca5093,1230,0,44,left-8,right,left-dark,dark-up,greater-up,dual,2026-03-03 21:06:21.5840000
27648,696add3f9b107451fc748dd3,NULL,0,51,right-9,none,right-dark,light-up,fewer-up,dual,2026-03-03 21:06:23.4960000
27649,64d5219df0415c9a7c609c19,723,1,50,right-2,left,right-dark,light-up,greater-up,single,2026-03-03 21:06:22.2750000
27650,670181df01d5807d3bca5093,1077,1,45,right-4,left,right-dark,dark-up,fewer-up,dual,2026-03-03 21:06:24.8590000
27651,696add3f9b107451fc748dd3,1641,1,52,right-6,right,right-dark,light-up,fewer-up,dual,2026-03-03 21:06:27.1830000
27652,64d5219df0415c9a7c609c19,968,1,51,left-7,left,left-dark,light-up,fewer-up,single,2026-03-03 21:06:25.0650000
27653,670181df01d5807d3bca5093,872,0,46,right-4,left,right-dark,light-up,fewer-up,dual,2026-03-03 21:06:28.3960000
27654,64d5219df0415c9a7c609c19,924,1,52,left-7,left,left-dark,dark-up,greater-up,single,2026-03-03 21:06:27.9650000
27655,696add3f9b107451fc748dd3,NULL,0,53,right-4,none,right-dark,dark-up,fewer-up,dual,2026-03-03 21:06:31.1550000
27656,670181df01d5807d3bca5093,455,1,47,right-3,right,right-dark,light-up,fewer-up,dual,2026-03-03 21:06:30.3890000
27657,64d5219df0415c9a7c609c19,917,1,53,right-8,left,right-dark,dark-up,fewer-up,single,2026-03-03 21:06:30.4230000
27658,696add3f9b107451fc748dd3,1884,1,54,right-8,right,right-dark,light-up,fewer-up,dual,2026-03-03 21:06:35.4620000
27659,670181df01d5807d3bca5093,1381,1,48,right-7,right,right-dark,light-up,fewer-up,dual,2026-03-03 21:06:34.5970000
27660,64d5219df0415c9a7c609c19,1152,1,54,left-4,left,left-dark,light-up,fewer-up,single,2026-03-03 21:06:34.0240000
27661,696add3f9b107451fc748dd3,1454,1,55,right-5,right,right-dark,light-up,fewer-up,dual,2026-03-03 21:06:38.7110000
27662,64d5219df0415c9a7c609c19,1639,1,55,left-5,left,left-dark,dark-up,greater-up,single,2026-03-03 21:06:37.0190000
27663,670181df01d5807d3bca5093,1996,0,49,right-4,right,right-dark,light-up,greater-up,dual,2026-03-03 21:06:38.6130000
27664,6100ac178a474bfcc555379b,1329,1,0,right-8,left,right-dark,dark-up,fewer-up,dual,2026-03-03 21:06:38.0230000
27665,670181df01d5807d3bca5093,802,0,50,left-6,left,left-dark,light-up,greater-up,dual,2026-03-03 21:06:41.1410000
27666,696add3f9b107451fc748dd3,1656,1,56,right-8,left,right-dark,light-up,greater-up,dual,2026-03-03 21:06:43.0920000
27667,64d5219df0415c9a7c609c19,1200,1,56,right-5,left,right-dark,light-up,greater-up,single,2026-03-03 21:06:40.5790000
27668,6100ac178a474bfcc555379b,1538,1,1,right-3,left,right-dark,dark-up,fewer-up,dual,2026-03-03 21:06:42.2770000
27669,670181df01d5807d3bca5093,1492,1,51,left-3,right,left-dark,dark-up,fewer-up,dual,2026-03-03 21:06:44.7120000
27670,64d5219df0415c9a7c609c19,845,1,57,right-1,right,right-dark,dark-up,greater-up,single,2026-03-03 21:06:43.9300000
27671,696add3f9b107451fc748dd3,1659,1,57,right-0,left,right-dark,light-up,greater-up,dual,2026-03-03 21:06:47.2650000
27672,6100ac178a474bfcc555379b,1556,0,2,left-4,right,left-dark,light-up,fewer-up,dual,2026-03-03 21:06:46.2950000
27673,64d5219df0415c9a7c609c19,897,1,58,right-7,left,right-dark,light-up,greater-up,single,2026-03-03 21:06:46.7650000
27674,670181df01d5807d3bca5093,1677,1,52,left-9,right,left-dark,dark-up,fewer-up,dual,2026-03-03 21:06:48.6940000
27675,696add3f9b107451fc748dd3,NULL,0,58,left-3,none,left-dark,light-up,fewer-up,dual,2026-03-03 21:06:50.5490000
27676,6100ac178a474bfcc555379b,1294,0,3,right-4,left,right-dark,light-up,fewer-up,dual,2026-03-03 21:06:49.4970000
27677,64d5219df0415c9a7c609c19,1193,1,59,left-3,left,left-dark,dark-up,greater-up,single,2026-03-03 21:06:49.3780000
27678,670181df01d5807d3bca5093,1243,0,53,left-8,right,left-dark,light-up,fewer-up,dual,2026-03-03 21:06:51.3790000
27679,6100ac178a474bfcc555379b,1825,1,4,left-4,right,left-dark,light-up,greater-up,dual,2026-03-03 21:06:53.0560000
27680,670181df01d5807d3bca5093,445,0,54,left-1,left,left-dark,dark-up,fewer-up,dual,2026-03-03 21:06:54.5050000
27681,696add3f9b107451fc748dd3,1882,1,59,right-3,left,right-dark,dark-up,fewer-up,dual,2026-03-03 21:06:55.8880000
27682,670181df01d5807d3bca5093,374,1,55,left-8,right,left-dark,dark-up,fewer-up,dual,2026-03-03 21:06:56.7670000
27683,6100ac178a474bfcc555379b,1664,0,5,right-4,left,right-dark,dark-up,greater-up,dual,2026-03-03 21:06:57.3280000
27684,64d5219df0415c9a7c609c19,1183,1,60,left-9,right,left-dark,dark-up,fewer-up,single,2026-03-03 21:06:57.9730000
27685,670181df01d5807d3bca5093,783,0,56,right-0,right,right-dark,dark-up,fewer-up,dual,2026-03-03 21:06:59.9570000
27686,5ebe14249a676b1650b48531,728,1,0,left-0,left,left-dark,light-up,fewer-up,dual,2026-03-03 21:07:01.3990000
27687,6100ac178a474bfcc555379b,1315,1,6,right-8,right,right-dark,dark-up,greater-up,dual,2026-03-03 21:07:01.1620000
27688,64d5219df0415c9a7c609c19,870,1,61,right-6,left,right-dark,dark-up,fewer-up,single,2026-03-03 21:07:01.0440000
27689,670181df01d5807d3bca5093,765,0,57,right-8,right,right-dark,dark-up,fewer-up,dual,2026-03-03 21:07:02.5250000
27690,5ebe14249a676b1650b48531,745,1,1,right-0,left,right-dark,light-up,greater-up,dual,2026-03-03 21:07:04.6110000
27691,6100ac178a474bfcc555379b,1937,1,7,left-5,right,left-dark,light-up,greater-up,dual,2026-03-03 21:07:04.5990000
27692,64d5219df0415c9a7c609c19,1212,1,62,right-0,right,right-dark,light-up,fewer-up,single,2026-03-03 21:07:04.4390000
27693,670181df01d5807d3bca5093,1318,1,58,right-0,left,right-dark,light-up,greater-up,dual,2026-03-03 21:07:05.8570000
27694,5ebe14249a676b1650b48531,1067,1,2,left-2,left,left-dark,dark-up,greater-up,dual,2026-03-03 21:07:08.2150000
27695,64d5219df0415c9a7c609c19,915,1,63,left-5,right,left-dark,dark-up,fewer-up,single,2026-03-03 21:07:07.4770000
27696,6100ac178a474bfcc555379b,1618,1,8,right-4,left,right-dark,dark-up,fewer-up,dual,2026-03-03 21:07:08.2480000
27697,670181df01d5807d3bca5093,1382,1,59,left-0,right,left-dark,dark-up,fewer-up,dual,2026-03-03 21:07:09.4400000
27698,64d5219df0415c9a7c609c19,856,1,64,left-4,left,left-dark,dark-up,greater-up,single,2026-03-03 21:07:09.9080000
27699,5ebe14249a676b1650b48531,938,0,3,left-1,left,left-dark,light-up,greater-up,dual,2026-03-03 21:07:11.3640000
27700,6100ac178a474bfcc555379b,1842,1,9,left-0,left,left-dark,dark-up,greater-up,dual,2026-03-03 21:07:12.2870000
27701,64d5219df0415c9a7c609c19,981,1,65,right-4,left,right-dark,dark-up,fewer-up,single,2026-03-03 21:07:12.4930000
27702,5ebe14249a676b1650b48531,720,1,4,right-8,right,right-dark,dark-up,greater-up,dual,2026-03-03 21:07:14.9350000
27703,670181df01d5807d3bca5093,1445,0,60,left-5,right,left-dark,light-up,fewer-up,dual,2026-03-03 21:07:15.1800000
27704,6100ac178a474bfcc555379b,1676,1,10,left-7,right,left-dark,dark-up,fewer-up,dual,2026-03-03 21:07:15.3940000
27705,64d5219df0415c9a7c609c19,995,1,66,left-2,left,left-dark,dark-up,greater-up,single,2026-03-03 21:07:15.8930000
27706,696add3f9b107451fc748dd3,1779,1,60,left-7,left,left-dark,light-up,fewer-up,dual,2026-03-03 21:07:18.5310000
27707,5ebe14249a676b1650b48531,685,1,5,left-6,right,left-dark,dark-up,fewer-up,dual,2026-03-03 21:07:17.9550000
27708,670181df01d5807d3bca5093,1600,1,61,right-5,left,right-dark,dark-up,fewer-up,dual,2026-03-03 21:07:18.8960000
27709,696add3f9b107451fc748dd3,582,1,61,left-8,right,left-dark,light-up,greater-up,dual,2026-03-03 21:07:20.6310000
27710,6100ac178a474bfcc555379b,1404,1,11,right-2,right,right-dark,dark-up,greater-up,dual,2026-03-03 21:07:18.7920000
27711,64d5219df0415c9a7c609c19,1191,1,67,left-5,right,left-dark,light-up,greater-up,single,2026-03-03 21:07:19.0230000
27712,5ebe14249a676b1650b48531,1233,0,6,right-1,right,right-dark,dark-up,fewer-up,dual,2026-03-03 21:07:20.8670000
27713,696add3f9b107451fc748dd3,755,1,62,left-7,right,left-dark,light-up,greater-up,dual,2026-03-03 21:07:22.9070000
27714,6100ac178a474bfcc555379b,1229,1,12,left-2,left,left-dark,dark-up,greater-up,dual,2026-03-03 21:07:21.3480000
27715,670181df01d5807d3bca5093,1396,1,62,right-3,left,right-dark,dark-up,fewer-up,dual,2026-03-03 21:07:22.7220000
27716,5ebe14249a676b1650b48531,449,0,7,right-0,left,right-dark,dark-up,greater-up,dual,2026-03-03 21:07:23.0690000
27717,64d5219df0415c9a7c609c19,929,1,68,right-0,left,right-dark,light-up,greater-up,single,2026-03-03 21:07:22.1170000
27718,696add3f9b107451fc748dd3,607,1,63,right-1,right,right-dark,light-up,fewer-up,dual,2026-03-03 21:07:26.1980000
27719,5ebe14249a676b1650b48531,675,0,8,left-5,right,left-dark,dark-up,greater-up,dual,2026-03-03 21:07:25.8470000
27720,670181df01d5807d3bca5093,954,1,63,left-5,right,left-dark,dark-up,fewer-up,dual,2026-03-03 21:07:25.6740000
27721,6100ac178a474bfcc555379b,1503,1,13,right-1,right,right-dark,dark-up,greater-up,dual,2026-03-03 21:07:25.0000000
27722,64d5219df0415c9a7c609c19,879,1,69,left-3,right,left-dark,light-up,greater-up,single,2026-03-03 21:07:25.0940000
27723,696add3f9b107451fc748dd3,519,1,64,right-1,left,right-dark,light-up,greater-up,dual,2026-03-03 21:07:28.4100000
27724,5ebe14249a676b1650b48531,1033,1,9,left-1,left,left-dark,light-up,fewer-up,dual,2026-03-03 21:07:28.3940000
27725,670181df01d5807d3bca5093,1524,0,64,right-1,left,right-dark,dark-up,greater-up,dual,2026-03-03 21:07:29.1680000
27726,64d5219df0415c9a7c609c19,915,1,70,right-5,right,right-dark,dark-up,greater-up,single,2026-03-03 21:07:28.1430000
27727,6100ac178a474bfcc555379b,1786,1,14,left-8,left,left-dark,light-up,fewer-up,dual,2026-03-03 21:07:28.9170000
27728,696add3f9b107451fc748dd3,NULL,0,65,left-5,none,left-dark,dark-up,greater-up,dual,2026-03-03 21:07:31.4280000
27729,5ebe14249a676b1650b48531,1114,0,10,right-0,right,right-dark,dark-up,fewer-up,dual,2026-03-03 21:07:31.0110000
27730,64d5219df0415c9a7c609c19,750,1,71,right-5,left,right-dark,dark-up,fewer-up,single,2026-03-03 21:07:31.2030000
27731,670181df01d5807d3bca5093,1507,0,65,right-9,right,right-dark,light-up,greater-up,dual,2026-03-03 21:07:32.4790000
27732,696add3f9b107451fc748dd3,309,1,66,right-0,right,right-dark,dark-up,greater-up,dual,2026-03-03 21:07:34.1280000
27733,5ebe14249a676b1650b48531,660,1,11,right-8,left,right-dark,light-up,greater-up,dual,2026-03-03 21:07:33.8460000
27734,6100ac178a474bfcc555379b,1706,0,15,right-7,right,right-dark,dark-up,fewer-up,dual,2026-03-03 21:07:33.1740000
27735,64d5219df0415c9a7c609c19,1176,1,72,left-8,left,left-dark,light-up,fewer-up,single,2026-03-03 21:07:34.4070000
27736,670181df01d5807d3bca5093,1337,0,66,left-6,right,left-dark,dark-up,greater-up,dual,2026-03-03 21:07:35.8820000
27737,696add3f9b107451fc748dd3,NULL,0,67,left-0,none,left-dark,dark-up,greater-up,dual,2026-03-03 21:07:37.5490000
27738,6100ac178a474bfcc555379b,1483,1,16,right-2,right,right-dark,light-up,fewer-up,dual,2026-03-03 21:07:36.3960000
27739,64d5219df0415c9a7c609c19,1027,1,73,right-8,left,right-dark,light-up,greater-up,single,2026-03-03 21:07:36.7540000
27740,5ebe14249a676b1650b48531,1679,1,12,right-2,left,right-dark,dark-up,fewer-up,dual,2026-03-03 21:07:38.2180000
27741,696add3f9b107451fc748dd3,571,1,68,left-7,left,left-dark,dark-up,greater-up,dual,2026-03-03 21:07:41.4750000
27742,670181df01d5807d3bca5093,1928,0,67,left-8,left,left-dark,light-up,greater-up,dual,2026-03-03 21:07:40.1510000
27743,6100ac178a474bfcc555379b,1287,1,17,left-4,left,left-dark,dark-up,greater-up,dual,2026-03-03 21:07:39.3650000
27744,64d5219df0415c9a7c609c19,1051,1,74,left-4,right,left-dark,light-up,greater-up,single,2026-03-03 21:07:40.2820000
27745,5ebe14249a676b1650b48531,1386,0,13,right-6,left,right-dark,dark-up,greater-up,dual,2026-03-03 21:07:41.9190000
27746,670181df01d5807d3bca5093,1379,1,68,right-3,right,right-dark,dark-up,greater-up,dual,2026-03-03 21:07:43.1110000
27747,696add3f9b107451fc748dd3,1206,1,69,left-0,right,left-dark,light-up,greater-up,dual,2026-03-03 21:07:45.1410000
27748,6100ac178a474bfcc555379b,1916,1,18,right-6,left,right-dark,dark-up,fewer-up,dual,2026-03-03 21:07:43.1770000
27749,64d5219df0415c9a7c609c19,1122,1,75,left-1,right,left-dark,dark-up,fewer-up,single,2026-03-03 21:07:43.3300000
27750,5ebe14249a676b1650b48531,1577,1,14,left-2,left,left-dark,light-up,fewer-up,dual,2026-03-03 21:07:46.2670000
27751,696add3f9b107451fc748dd3,NULL,0,70,right-1,none,right-dark,dark-up,greater-up,dual,2026-03-03 21:07:47.9940000
27752,670181df01d5807d3bca5093,1395,0,69,right-2,right,right-dark,light-up,greater-up,dual,2026-03-03 21:07:47.1940000
27753,64d5219df0415c9a7c609c19,1011,1,76,right-4,right,right-dark,light-up,fewer-up,single,2026-03-03 21:07:46.7630000
27754,6100ac178a474bfcc555379b,1707,1,19,left-1,right,left-dark,dark-up,fewer-up,dual,2026-03-03 21:07:47.1000000
27755,670181df01d5807d3bca5093,467,1,70,right-5,left,right-dark,light-up,greater-up,dual,2026-03-03 21:07:49.0170000
27756,5ebe14249a676b1650b48531,1002,1,15,right-4,right,right-dark,light-up,fewer-up,dual,2026-03-03 21:07:49.4140000
27757,696add3f9b107451fc748dd3,494,1,71,left-9,right,left-dark,dark-up,fewer-up,dual,2026-03-03 21:07:51.1130000
27758,64d5219df0415c9a7c609c19,970,1,77,left-1,left,left-dark,light-up,fewer-up,single,2026-03-03 21:07:49.0920000
27759,670181df01d5807d3bca5093,949,1,71,left-2,left,left-dark,light-up,fewer-up,dual,2026-03-03 21:07:51.6360000
27760,5ebe14249a676b1650b48531,751,1,16,right-3,right,right-dark,dark-up,greater-up,dual,2026-03-03 21:07:52.1340000
27761,696add3f9b107451fc748dd3,584,1,72,left-5,left,left-dark,light-up,fewer-up,dual,2026-03-03 21:07:54.0720000
27762,64d5219df0415c9a7c609c19,1082,1,78,left-3,right,left-dark,dark-up,fewer-up,single,2026-03-03 21:07:52.2830000
27763,5ebe14249a676b1650b48531,467,1,17,left-9,left,left-dark,dark-up,greater-up,dual,2026-03-03 21:07:54.8230000
27764,670181df01d5807d3bca5093,796,1,72,right-1,left,right-dark,dark-up,fewer-up,dual,2026-03-03 21:07:54.9610000
27765,6100ac178a474bfcc555379b,1305,1,20,left-1,left,left-dark,dark-up,greater-up,dual,2026-03-03 21:07:54.3870000
27766,696add3f9b107451fc748dd3,NULL,0,73,right-2,none,right-dark,dark-up,greater-up,dual,2026-03-03 21:07:57.7630000
27767,64d5219df0415c9a7c609c19,1474,1,79,left-2,left,left-dark,light-up,fewer-up,single,2026-03-03 21:07:55.9010000
27768,5ebe14249a676b1650b48531,1083,1,18,left-6,left,left-dark,dark-up,greater-up,dual,2026-03-03 21:07:58.0000000
27769,670181df01d5807d3bca5093,886,1,73,right-1,right,right-dark,light-up,fewer-up,dual,2026-03-03 21:07:58.5120000
27770,6100ac178a474bfcc555379b,1251,1,21,right-6,right,right-dark,dark-up,greater-up,dual,2026-03-03 21:07:58.1860000
27771,5ebe14249a676b1650b48531,543,1,19,right-6,right,right-dark,light-up,fewer-up,dual,2026-03-03 21:08:00.2630000
27772,696add3f9b107451fc748dd3,1003,0,74,right-4,left,right-dark,light-up,fewer-up,dual,2026-03-03 21:08:01.3930000
27773,670181df01d5807d3bca5093,1385,1,74,right-2,right,right-dark,light-up,fewer-up,dual,2026-03-03 21:08:02.0800000
27774,6100ac178a474bfcc555379b,1261,1,22,left-7,right,left-dark,light-up,greater-up,dual,2026-03-03 21:08:01.7210000
27775,696add3f9b107451fc748dd3,790,0,75,left-9,right,left-dark,dark-up,greater-up,dual,2026-03-03 21:08:04.4860000
27776,670181df01d5807d3bca5093,1446,0,75,left-0,right,left-dark,light-up,fewer-up,dual,2026-03-03 21:08:05.5630000
27777,696add3f9b107451fc748dd3,544,0,76,right-6,right,right-dark,light-up,greater-up,dual,2026-03-03 21:08:07.4820000
27778,6100ac178a474bfcc555379b,1182,1,23,left-3,left,left-dark,dark-up,greater-up,dual,2026-03-03 21:08:05.2950000
27779,670181df01d5807d3bca5093,1403,0,76,left-7,right,left-dark,dark-up,greater-up,dual,2026-03-03 21:08:09.1240000
27780,6100ac178a474bfcc555379b,1703,1,24,right-5,right,right-dark,light-up,fewer-up,dual,2026-03-03 21:08:08.8490000
27781,696add3f9b107451fc748dd3,1898,0,77,right-0,left,right-dark,light-up,fewer-up,dual,2026-03-03 21:08:11.9960000
27782,670181df01d5807d3bca5093,615,1,77,left-3,left,left-dark,light-up,fewer-up,dual,2026-03-03 21:08:11.7330000
27783,6100ac178a474bfcc555379b,1366,0,25,right-4,right,right-dark,light-up,greater-up,dual,2026-03-03 21:08:12.6240000
27784,670181df01d5807d3bca5093,1403,1,78,left-5,left,left-dark,dark-up,greater-up,dual,2026-03-03 21:08:14.5770000
27785,696add3f9b107451fc748dd3,1892,1,78,left-9,left,left-dark,light-up,fewer-up,dual,2026-03-03 21:08:16.5090000
27786,6100ac178a474bfcc555379b,1011,1,26,right-5,left,right-dark,light-up,greater-up,dual,2026-03-03 21:08:15.0520000
27787,670181df01d5807d3bca5093,1107,0,79,left-6,left,left-dark,dark-up,fewer-up,dual,2026-03-03 21:08:17.9810000
27788,696add3f9b107451fc748dd3,NULL,0,79,right-8,none,right-dark,dark-up,greater-up,dual,2026-03-03 21:08:20.1660000
27789,6100ac178a474bfcc555379b,1088,1,27,right-3,left,right-dark,light-up,greater-up,dual,2026-03-03 21:08:18.3640000
27790,6100ac178a474bfcc555379b,1062,1,28,right-5,right,right-dark,dark-up,greater-up,dual,2026-03-03 21:08:21.8160000
27791,6100ac178a474bfcc555379b,1444,1,29,right-7,left,right-dark,light-up,greater-up,dual,2026-03-03 21:08:25.4380000
27792,6100ac178a474bfcc555379b,1746,1,30,left-2,right,left-dark,dark-up,fewer-up,dual,2026-03-03 21:08:28.9380000
27793,6100ac178a474bfcc555379b,1234,1,31,right-0,right,right-dark,dark-up,greater-up,dual,2026-03-03 21:08:31.8330000
27794,6100ac178a474bfcc555379b,1468,1,32,right-6,right,right-dark,light-up,fewer-up,dual,2026-03-03 21:08:35.9090000
27795,6100ac178a474bfcc555379b,1100,1,33,right-8,left,right-dark,light-up,greater-up,dual,2026-03-03 21:08:39.0220000
27796,6100ac178a474bfcc555379b,1549,1,34,right-2,left,right-dark,dark-up,fewer-up,dual,2026-03-03 21:08:43.0820000
27797,6100ac178a474bfcc555379b,1414,1,35,right-7,right,right-dark,dark-up,greater-up,dual,2026-03-03 21:08:46.3870000
27798,6100ac178a474bfcc555379b,1983,1,36,left-8,right,left-dark,light-up,greater-up,dual,2026-03-03 21:08:50.1450000
27799,6100ac178a474bfcc555379b,1820,1,37,right-9,left,right-dark,dark-up,fewer-up,dual,2026-03-03 21:08:54.4880000
27800,6100ac178a474bfcc555379b,1201,1,38,left-9,left,left-dark,dark-up,greater-up,dual,2026-03-03 21:08:57.5580000
27801,6100ac178a474bfcc555379b,1132,1,39,right-9,left,right-dark,light-up,greater-up,dual,2026-03-03 21:09:00.3100000
27802,6100ac178a474bfcc555379b,1529,1,40,left-5,left,left-dark,dark-up,greater-up,dual,2026-03-03 21:09:07.3750000
27803,6100ac178a474bfcc555379b,1186,1,41,right-2,left,right-dark,light-up,greater-up,dual,2026-03-03 21:09:10.0810000
27804,6100ac178a474bfcc555379b,1457,1,42,left-6,left,left-dark,light-up,fewer-up,dual,2026-03-03 21:09:13.0500000
27805,6100ac178a474bfcc555379b,1874,0,43,right-0,right,right-dark,dark-up,fewer-up,dual,2026-03-03 21:09:16.9300000
27806,6100ac178a474bfcc555379b,1364,1,44,right-1,right,right-dark,light-up,fewer-up,dual,2026-03-03 21:09:19.9610000
27807,6100ac178a474bfcc555379b,1255,1,45,right-5,left,right-dark,dark-up,fewer-up,dual,2026-03-03 21:09:22.7110000
27808,6100ac178a474bfcc555379b,1723,1,46,left-5,left,left-dark,light-up,fewer-up,dual,2026-03-03 21:09:25.8440000
27809,6100ac178a474bfcc555379b,1826,1,47,right-7,right,right-dark,light-up,fewer-up,dual,2026-03-03 21:09:30.2380000
27810,6100ac178a474bfcc555379b,1799,1,48,right-3,right,right-dark,dark-up,greater-up,dual,2026-03-03 21:09:34.4580000
27811,6100ac178a474bfcc555379b,1220,1,49,left-0,right,left-dark,dark-up,fewer-up,dual,2026-03-03 21:09:38.1840000
27812,6100ac178a474bfcc555379b,1441,1,50,right-6,left,right-dark,light-up,greater-up,dual,2026-03-03 21:09:42.1200000
27813,6100ac178a474bfcc555379b,NULL,0,51,left-2,none,left-dark,light-up,fewer-up,dual,2026-03-03 21:09:45.9470000
27814,6100ac178a474bfcc555379b,1188,1,52,right-3,right,right-dark,light-up,fewer-up,dual,2026-03-03 21:09:49.6650000
27815,6100ac178a474bfcc555379b,1268,1,53,left-7,left,left-dark,light-up,fewer-up,dual,2026-03-03 21:09:52.4510000
27816,6100ac178a474bfcc555379b,1803,1,54,left-2,right,left-dark,light-up,greater-up,dual,2026-03-03 21:09:56.2270000
27817,6100ac178a474bfcc555379b,1501,1,55,right-8,right,right-dark,light-up,fewer-up,dual,2026-03-03 21:09:59.5710000
27818,6100ac178a474bfcc555379b,1297,1,56,left-9,right,left-dark,light-up,greater-up,dual,2026-03-03 21:10:02.4130000
27819,6100ac178a474bfcc555379b,1120,1,57,right-9,right,right-dark,light-up,fewer-up,dual,2026-03-03 21:10:05.4890000
27820,6100ac178a474bfcc555379b,1834,1,58,left-6,right,left-dark,dark-up,fewer-up,dual,2026-03-03 21:10:09.8530000
27821,6100ac178a474bfcc555379b,NULL,0,59,right-1,none,right-dark,dark-up,fewer-up,dual,2026-03-03 21:10:12.5970000
27822,6100ac178a474bfcc555379b,1636,0,60,right-0,left,right-dark,light-up,fewer-up,dual,2026-03-03 21:10:22.5520000
27823,6100ac178a474bfcc555379b,1337,1,61,left-5,right,left-dark,dark-up,fewer-up,dual,2026-03-03 21:10:25.1860000
27824,6100ac178a474bfcc555379b,1307,1,62,left-4,right,left-dark,dark-up,fewer-up,dual,2026-03-03 21:10:27.8470000
27825,6100ac178a474bfcc555379b,1260,1,63,left-0,left,left-dark,light-up,fewer-up,dual,2026-03-03 21:10:30.6300000
27826,6100ac178a474bfcc555379b,1300,1,64,left-8,right,left-dark,dark-up,fewer-up,dual,2026-03-03 21:10:33.8250000
27827,6100ac178a474bfcc555379b,1496,1,65,left-3,right,left-dark,light-up,greater-up,dual,2026-03-03 21:10:37.6100000
27828,6100ac178a474bfcc555379b,1544,1,66,right-9,right,right-dark,dark-up,greater-up,dual,2026-03-03 21:10:41.4340000
27829,6100ac178a474bfcc555379b,1781,1,67,left-1,left,left-dark,light-up,fewer-up,dual,2026-03-03 21:10:45.5830000
27830,6100ac178a474bfcc555379b,1502,1,68,left-3,left,left-dark,light-up,fewer-up,dual,2026-03-03 21:10:49.6830000
27831,5ebe14249a676b1650b48531,670,0,20,left-9,left,left-dark,dark-up,fewer-up,dual,2026-03-03 21:10:51.1500000
27832,5ebe14249a676b1650b48531,611,1,21,left-7,left,left-dark,dark-up,greater-up,dual,2026-03-03 21:10:53.6850000
27833,6100ac178a474bfcc555379b,1732,1,69,left-0,right,left-dark,light-up,greater-up,dual,2026-03-03 21:10:53.7130000
27834,5ebe14249a676b1650b48531,786,0,22,right-9,right,right-dark,dark-up,fewer-up,dual,2026-03-03 21:10:56.3330000
27835,6100ac178a474bfcc555379b,NULL,0,70,left-9,none,left-dark,light-up,fewer-up,dual,2026-03-03 21:10:57.6490000
27836,5ebe14249a676b1650b48531,1196,0,23,left-1,left,left-dark,dark-up,fewer-up,dual,2026-03-03 21:10:59.8150000
27837,5ebe14249a676b1650b48531,747,1,24,left-6,left,left-dark,light-up,fewer-up,dual,2026-03-03 21:11:01.9950000
27838,6100ac178a474bfcc555379b,1322,1,71,left-7,left,left-dark,dark-up,greater-up,dual,2026-03-03 21:11:01.6650000
27839,5ebe14249a676b1650b48531,1241,0,25,right-5,right,right-dark,dark-up,fewer-up,dual,2026-03-03 21:11:04.7360000
27840,6100ac178a474bfcc555379b,1165,1,72,left-9,right,left-dark,dark-up,fewer-up,dual,2026-03-03 21:11:04.4100000
27841,5ebe14249a676b1650b48531,1334,0,26,left-7,left,left-dark,dark-up,fewer-up,dual,2026-03-03 21:11:08.5100000
27842,6100ac178a474bfcc555379b,1945,0,73,right-0,right,right-dark,light-up,greater-up,dual,2026-03-03 21:11:07.8890000
27843,6100ac178a474bfcc555379b,1229,1,74,left-6,right,left-dark,light-up,greater-up,dual,2026-03-03 21:11:10.4600000
27844,5ebe14249a676b1650b48531,1897,0,27,right-9,left,right-dark,dark-up,greater-up,dual,2026-03-03 21:11:12.3550000
27845,5ebe14249a676b1650b48531,583,0,28,right-3,right,right-dark,light-up,greater-up,dual,2026-03-03 21:11:15.0700000
27846,6100ac178a474bfcc555379b,1514,1,75,left-3,right,left-dark,dark-up,fewer-up,dual,2026-03-03 21:11:14.2010000
27847,5ebe14249a676b1650b48531,1405,1,29,right-5,left,right-dark,light-up,greater-up,dual,2026-03-03 21:11:18.3170000
27848,6100ac178a474bfcc555379b,1251,1,76,left-1,right,left-dark,light-up,greater-up,dual,2026-03-03 21:11:18.1110000
27849,5ebe14249a676b1650b48531,NULL,0,30,left-5,none,left-dark,light-up,greater-up,dual,2026-03-03 21:11:21.4690000
27850,6100ac178a474bfcc555379b,1225,1,77,right-1,left,right-dark,light-up,greater-up,dual,2026-03-03 21:11:21.1460000
27851,5ebe14249a676b1650b48531,715,0,31,right-2,left,right-dark,light-up,fewer-up,dual,2026-03-03 21:11:25.1030000
27852,6100ac178a474bfcc555379b,1255,1,78,left-6,left,left-dark,dark-up,greater-up,dual,2026-03-03 21:11:24.0930000
27853,6100ac178a474bfcc555379b,1191,1,79,left-8,left,left-dark,dark-up,greater-up,dual,2026-03-03 21:11:27.1330000
27854,5ebe14249a676b1650b48531,924,1,32,left-2,right,left-dark,dark-up,fewer-up,dual,2026-03-03 21:11:28.2450000
27855,5ebe14249a676b1650b48531,514,0,33,left-8,right,left-dark,dark-up,greater-up,dual,2026-03-03 21:11:31.5600000
27856,5ebe14249a676b1650b48531,745,1,34,left-3,left,left-dark,dark-up,greater-up,dual,2026-03-03 21:11:33.8330000
27857,5ebe14249a676b1650b48531,1216,0,35,left-7,right,left-dark,light-up,fewer-up,dual,2026-03-03 21:11:36.9410000
27858,5ebe14249a676b1650b48531,802,0,36,left-4,left,left-dark,dark-up,fewer-up,dual,2026-03-03 21:11:39.4170000
27859,5ebe14249a676b1650b48531,1277,1,37,left-4,left,left-dark,dark-up,greater-up,dual,2026-03-03 21:11:42.2370000
27860,5ebe14249a676b1650b48531,946,1,38,left-0,left,left-dark,dark-up,greater-up,dual,2026-03-03 21:11:44.9420000
27861,5ebe14249a676b1650b48531,934,1,39,right-9,right,right-dark,light-up,fewer-up,dual,2026-03-03 21:11:48.3350000
27862,5ebe14249a676b1650b48531,1624,1,40,right-1,right,right-dark,dark-up,greater-up,dual,2026-03-03 21:11:56.3940000
27863,5ebe14249a676b1650b48531,1893,1,41,right-7,left,right-dark,light-up,greater-up,dual,2026-03-03 21:12:00.6010000
27864,5ebe14249a676b1650b48531,1524,1,42,right-1,right,right-dark,light-up,fewer-up,dual,2026-03-03 21:12:03.9120000
27865,5ebe14249a676b1650b48531,1173,1,43,right-7,left,right-dark,dark-up,fewer-up,dual,2026-03-03 21:12:06.5670000
27866,5ebe14249a676b1650b48531,1384,1,44,left-3,left,left-dark,light-up,fewer-up,dual,2026-03-03 21:12:09.8570000
27867,5ebe14249a676b1650b48531,1299,1,45,left-4,right,left-dark,light-up,greater-up,dual,2026-03-03 21:12:13.2290000
27868,5ebe14249a676b1650b48531,1189,1,46,right-7,right,right-dark,light-up,fewer-up,dual,2026-03-03 21:12:16.6400000
27869,664d3ff00a00a73398ac3f4f,1728,1,0,right-4,left,right-dark,dark-up,fewer-up,single,2026-03-03 21:12:13.7920000
27870,5ebe14249a676b1650b48531,1242,1,47,left-0,right,left-dark,light-up,greater-up,dual,2026-03-03 21:12:20.6250000
27871,664d3ff00a00a73398ac3f4f,906,1,1,right-7,right,right-dark,light-up,fewer-up,single,2026-03-03 21:12:16.6230000
27872,5ebe14249a676b1650b48531,1137,1,48,left-5,right,left-dark,dark-up,fewer-up,dual,2026-03-03 21:12:24.4190000
27873,664d3ff00a00a73398ac3f4f,1315,0,2,left-9,left,left-dark,dark-up,fewer-up,single,2026-03-03 21:12:19.8370000
27874,5ebe14249a676b1650b48531,1589,1,49,right-3,right,right-dark,light-up,fewer-up,dual,2026-03-03 21:12:27.7880000
27875,664d3ff00a00a73398ac3f4f,1403,1,3,left-0,right,left-dark,dark-up,fewer-up,single,2026-03-03 21:12:23.5770000
27876,5ebe14249a676b1650b48531,1217,1,50,left-8,right,left-dark,light-up,greater-up,dual,2026-03-03 21:12:31.6500000
27877,664d3ff00a00a73398ac3f4f,1749,1,4,right-1,left,right-dark,light-up,greater-up,single,2026-03-03 21:12:27.4910000
27878,664d3ff00a00a73398ac3f4f,1104,1,5,right-4,right,right-dark,dark-up,greater-up,single,2026-03-03 21:12:30.2900000
27879,5ebe14249a676b1650b48531,1259,1,51,left-3,right,left-dark,light-up,greater-up,dual,2026-03-03 21:12:35.5730000
27880,664d3ff00a00a73398ac3f4f,1292,0,6,left-4,right,left-dark,light-up,fewer-up,single,2026-03-03 21:12:33.4490000
27881,5ebe14249a676b1650b48531,1283,1,52,right-4,right,right-dark,dark-up,greater-up,dual,2026-03-03 21:12:39.3650000
27882,664d3ff00a00a73398ac3f4f,1114,0,7,left-7,right,left-dark,dark-up,greater-up,single,2026-03-03 21:12:36.3600000
27883,5ebe14249a676b1650b48531,1338,1,53,left-9,left,left-dark,light-up,fewer-up,dual,2026-03-03 21:12:42.8430000
27884,664d3ff00a00a73398ac3f4f,778,1,8,left-4,left,left-dark,dark-up,greater-up,single,2026-03-03 21:12:39.0410000
27885,5ebe14249a676b1650b48531,1005,1,54,left-9,right,left-dark,light-up,greater-up,dual,2026-03-03 21:12:46.4680000
27886,664d3ff00a00a73398ac3f4f,902,1,9,left-4,right,left-dark,light-up,greater-up,single,2026-03-03 21:12:42.0190000
27887,664d3ff00a00a73398ac3f4f,1372,1,10,left-5,right,left-dark,dark-up,fewer-up,single,2026-03-03 21:12:44.7300000
27888,5ebe14249a676b1650b48531,1408,1,55,right-7,right,right-dark,dark-up,greater-up,dual,2026-03-03 21:12:49.9600000
27889,5ebe14249a676b1650b48531,968,1,56,right-5,right,right-dark,dark-up,greater-up,dual,2026-03-03 21:12:52.3790000
27890,664d3ff00a00a73398ac3f4f,1310,0,11,right-1,left,right-dark,light-up,fewer-up,single,2026-03-03 21:12:47.5880000
27891,664d3ff00a00a73398ac3f4f,1149,1,12,right-5,right,right-dark,dark-up,greater-up,single,2026-03-03 21:12:50.4520000
27892,5ebe14249a676b1650b48531,1013,1,57,right-6,left,right-dark,light-up,greater-up,dual,2026-03-03 21:12:56.0000000
27893,664d3ff00a00a73398ac3f4f,1221,1,13,right-2,right,right-dark,light-up,fewer-up,single,2026-03-03 21:12:53.1390000
27894,5ebe14249a676b1650b48531,1970,1,58,left-5,left,left-dark,light-up,fewer-up,dual,2026-03-03 21:13:00.1600000
27895,664d3ff00a00a73398ac3f4f,1155,0,14,left-9,left,left-dark,light-up,greater-up,single,2026-03-03 21:12:55.8590000
27896,5ebe14249a676b1650b48531,1589,1,59,left-8,left,left-dark,light-up,fewer-up,dual,2026-03-03 21:13:03.2310000
27897,664d3ff00a00a73398ac3f4f,730,1,15,right-1,left,right-dark,dark-up,fewer-up,single,2026-03-03 21:12:58.3920000
27898,664d3ff00a00a73398ac3f4f,576,0,16,left-3,left,left-dark,dark-up,fewer-up,single,2026-03-03 21:13:00.5450000
27899,664d3ff00a00a73398ac3f4f,1174,0,17,right-6,right,right-dark,dark-up,fewer-up,single,2026-03-03 21:13:04.2700000
27900,664d3ff00a00a73398ac3f4f,953,0,18,right-5,right,right-dark,light-up,greater-up,single,2026-03-03 21:13:07.1350000
27901,664d3ff00a00a73398ac3f4f,556,1,19,left-9,left,left-dark,light-up,fewer-up,single,2026-03-03 21:13:09.6190000
27902,664d3ff00a00a73398ac3f4f,1810,0,20,left-0,left,left-dark,light-up,greater-up,single,2026-03-03 21:13:18.0920000
27903,664d3ff00a00a73398ac3f4f,948,0,21,left-0,right,left-dark,light-up,fewer-up,single,2026-03-03 21:13:21.5400000
27904,699f6aab88622c6dcaa6200b,1396,1,0,left-7,right,left-dark,dark-up,fewer-up,single,2026-03-03 21:13:27.0580000
27905,664d3ff00a00a73398ac3f4f,722,1,22,right-7,left,right-dark,dark-up,fewer-up,single,2026-03-03 21:13:23.9530000
27906,699f6aab88622c6dcaa6200b,1441,1,1,right-8,left,right-dark,dark-up,fewer-up,single,2026-03-03 21:13:30.3160000
27907,664d3ff00a00a73398ac3f4f,1408,0,23,right-9,right,right-dark,dark-up,fewer-up,single,2026-03-03 21:13:27.3730000
27908,699f6aab88622c6dcaa6200b,1698,1,2,left-7,left,left-dark,light-up,fewer-up,single,2026-03-03 21:13:34.3880000
27909,664d3ff00a00a73398ac3f4f,646,0,24,right-9,left,right-dark,dark-up,greater-up,single,2026-03-03 21:13:30.2510000
27910,664d3ff00a00a73398ac3f4f,447,0,25,left-6,left,left-dark,dark-up,fewer-up,single,2026-03-03 21:13:32.8830000
27911,699f6aab88622c6dcaa6200b,1351,1,3,right-0,left,right-dark,dark-up,fewer-up,single,2026-03-03 21:13:37.5940000
27912,664d3ff00a00a73398ac3f4f,433,1,26,left-3,left,left-dark,dark-up,greater-up,single,2026-03-03 21:13:34.9190000
27913,699f6aab88622c6dcaa6200b,846,1,4,left-4,left,left-dark,dark-up,greater-up,single,2026-03-03 21:13:40.9420000
27914,664d3ff00a00a73398ac3f4f,1355,0,27,left-3,right,left-dark,light-up,fewer-up,single,2026-03-03 21:13:38.1030000
27915,699f6aab88622c6dcaa6200b,939,1,5,left-8,right,left-dark,dark-up,fewer-up,single,2026-03-03 21:13:43.7400000
27916,664d3ff00a00a73398ac3f4f,788,0,28,right-6,right,right-dark,light-up,greater-up,single,2026-03-03 21:13:41.0140000
27917,699f6aab88622c6dcaa6200b,847,1,6,right-8,right,right-dark,dark-up,greater-up,single,2026-03-03 21:13:46.2210000
27918,664d3ff00a00a73398ac3f4f,830,1,29,right-4,left,right-dark,light-up,greater-up,single,2026-03-03 21:13:43.5330000
27919,5ebe14249a676b1650b48531,NULL,0,60,right-1,none,right-dark,light-up,greater-up,dual,2026-03-03 21:13:48.4820000
27920,664d3ff00a00a73398ac3f4f,669,1,30,left-5,left,left-dark,light-up,fewer-up,single,2026-03-03 21:13:45.8490000
27921,699f6aab88622c6dcaa6200b,1376,1,7,left-8,left,left-dark,light-up,fewer-up,single,2026-03-03 21:13:50.2960000
27922,5ebe14249a676b1650b48531,1397,1,61,right-2,right,right-dark,dark-up,greater-up,dual,2026-03-03 21:13:52.2140000
27923,664d3ff00a00a73398ac3f4f,844,0,31,left-9,right,left-dark,dark-up,greater-up,single,2026-03-03 21:13:48.4710000
27924,699f6aab88622c6dcaa6200b,969,1,8,left-9,left,left-dark,dark-up,greater-up,single,2026-03-03 21:13:53.3700000
27925,664d3ff00a00a73398ac3f4f,459,0,32,left-2,left,left-dark,light-up,greater-up,single,2026-03-03 21:13:50.9730000
27926,5ebe14249a676b1650b48531,1820,1,62,left-0,right,left-dark,dark-up,fewer-up,dual,2026-03-03 21:13:56.6260000
27927,699f6aab88622c6dcaa6200b,657,1,9,right-4,right,right-dark,dark-up,greater-up,single,2026-03-03 21:13:56.4330000
27928,664d3ff00a00a73398ac3f4f,458,0,33,left-8,left,left-dark,dark-up,fewer-up,single,2026-03-03 21:13:53.3810000
27929,5ebe14249a676b1650b48531,NULL,0,63,right-3,none,right-dark,dark-up,fewer-up,dual,2026-03-03 21:13:59.5330000
27930,699f6aab88622c6dcaa6200b,774,0,10,left-1,left,left-dark,light-up,greater-up,single,2026-03-03 21:13:59.2140000
27931,664d3ff00a00a73398ac3f4f,445,1,34,right-4,right,right-dark,light-up,fewer-up,single,2026-03-03 21:13:55.6110000
27932,699f6aab88622c6dcaa6200b,1301,1,11,right-0,right,right-dark,dark-up,greater-up,single,2026-03-03 21:14:02.1890000
27933,699f6aab88622c6dcaa6200b,1086,1,12,right-4,left,right-dark,dark-up,fewer-up,single,2026-03-03 21:14:04.8810000
27934,5ebe14249a676b1650b48531,496,0,64,right-9,right,right-dark,light-up,greater-up,dual,2026-03-03 21:14:02.9300000
27935,5ebe14249a676b1650b48531,1235,1,65,right-8,right,right-dark,light-up,fewer-up,dual,2026-03-03 21:14:06.9640000
27936,664d3ff00a00a73398ac3f4f,844,1,35,right-2,left,right-dark,dark-up,fewer-up,single,2026-03-03 21:13:58.3750000
27937,699f6aab88622c6dcaa6200b,1662,1,13,right-2,left,right-dark,light-up,greater-up,single,2026-03-03 21:14:07.8960000
27938,664d3ff00a00a73398ac3f4f,969,0,36,left-1,left,left-dark,light-up,greater-up,single,2026-03-03 21:14:01.0300000
27939,664d3ff00a00a73398ac3f4f,610,1,37,right-0,left,right-dark,dark-up,fewer-up,single,2026-03-03 21:14:03.7460000
27940,5ebe14249a676b1650b48531,1173,1,66,left-8,right,left-dark,dark-up,fewer-up,dual,2026-03-03 21:14:10.6000000
27941,699f6aab88622c6dcaa6200b,782,1,14,left-3,left,left-dark,dark-up,greater-up,single,2026-03-03 21:14:11.2140000
27942,664d3ff00a00a73398ac3f4f,1064,1,38,right-8,right,right-dark,light-up,fewer-up,single,2026-03-03 21:14:07.3070000
27943,5ebe14249a676b1650b48531,1894,1,67,right-8,left,right-dark,dark-up,fewer-up,dual,2026-03-03 21:14:14.2060000
27944,699f6aab88622c6dcaa6200b,883,1,15,right-9,right,right-dark,dark-up,greater-up,single,2026-03-03 21:14:14.5770000
27945,664d3ff00a00a73398ac3f4f,961,1,39,right-9,right,right-dark,light-up,fewer-up,single,2026-03-03 21:14:10.4540000
27946,5ebe14249a676b1650b48531,1202,1,68,left-3,right,left-dark,dark-up,fewer-up,dual,2026-03-03 21:14:16.7700000
27947,699f6aab88622c6dcaa6200b,808,1,16,left-2,left,left-dark,dark-up,greater-up,single,2026-03-03 21:14:17.6700000
27948,5ebe14249a676b1650b48531,1150,1,69,right-5,right,right-dark,light-up,fewer-up,dual,2026-03-03 21:14:19.8480000
27949,699f6aab88622c6dcaa6200b,1230,1,17,right-6,left,right-dark,dark-up,fewer-up,single,2026-03-03 21:14:20.2910000
27950,664d3ff00a00a73398ac3f4f,1007,0,40,left-2,right,left-dark,dark-up,greater-up,single,2026-03-03 21:14:16.6950000
27951,5ebe14249a676b1650b48531,1293,0,70,right-2,right,right-dark,light-up,greater-up,dual,2026-03-03 21:14:23.0620000
27952,664d3ff00a00a73398ac3f4f,722,1,41,left-1,left,left-dark,light-up,fewer-up,single,2026-03-03 21:14:19.3010000
27953,699f6aab88622c6dcaa6200b,1375,1,18,left-2,right,left-dark,dark-up,fewer-up,single,2026-03-03 21:14:23.8650000
27954,5ebe14249a676b1650b48531,1031,1,71,left-1,left,left-dark,dark-up,greater-up,dual,2026-03-03 21:14:26.1500000
27955,664d3ff00a00a73398ac3f4f,922,0,42,right-5,left,right-dark,light-up,fewer-up,single,2026-03-03 21:14:22.6890000
27956,699f6aab88622c6dcaa6200b,1016,1,19,left-6,right,left-dark,dark-up,fewer-up,single,2026-03-03 21:14:26.9780000
27957,5ebe14249a676b1650b48531,1344,1,72,right-6,left,right-dark,dark-up,fewer-up,dual,2026-03-03 21:14:29.2700000
27958,664d3ff00a00a73398ac3f4f,1348,0,43,right-8,right,right-dark,light-up,greater-up,single,2026-03-03 21:14:25.3700000
27959,699ca1d819e8b3d00305124c,1281,1,0,right-5,right,right-dark,dark-up,greater-up,dual,2026-03-03 21:14:30.1960000
27960,5ebe14249a676b1650b48531,1619,0,73,right-4,right,right-dark,light-up,greater-up,dual,2026-03-03 21:14:32.2160000
27961,664d3ff00a00a73398ac3f4f,390,0,44,right-8,left,right-dark,dark-up,greater-up,single,2026-03-03 21:14:27.2980000
27962,664d3ff00a00a73398ac3f4f,364,0,45,left-6,right,left-dark,light-up,fewer-up,single,2026-03-03 21:14:28.9530000
27963,699ca1d819e8b3d00305124c,NULL,0,1,left-9,none,left-dark,dark-up,fewer-up,dual,2026-03-03 21:14:33.7280000
27964,5ebe14249a676b1650b48531,NULL,0,74,right-4,none,right-dark,dark-up,fewer-up,dual,2026-03-03 21:14:35.2630000
27965,664d3ff00a00a73398ac3f4f,439,1,46,right-2,right,right-dark,dark-up,greater-up,single,2026-03-03 21:14:31.5590000
27966,699ca1d819e8b3d00305124c,1268,0,2,left-1,right,left-dark,light-up,fewer-up,dual,2026-03-03 21:14:37.7230000
27967,5ebe14249a676b1650b48531,1438,1,75,left-7,right,left-dark,light-up,greater-up,dual,2026-03-03 21:14:39.2030000
27968,699f6aab88622c6dcaa6200b,834,1,20,left-8,left,left-dark,dark-up,greater-up,single,2026-03-03 21:14:39.2240000
27969,664d3ff00a00a73398ac3f4f,904,0,47,left-6,left,left-dark,light-up,greater-up,single,2026-03-03 21:14:35.1050000
27970,699ca1d819e8b3d00305124c,967,1,3,right-7,right,right-dark,dark-up,greater-up,dual,2026-03-03 21:14:40.8760000
27971,664d3ff00a00a73398ac3f4f,964,0,48,right-9,right,right-dark,light-up,greater-up,single,2026-03-03 21:14:38.1360000
27972,5ebe14249a676b1650b48531,1883,1,76,left-2,right,left-dark,light-up,greater-up,dual,2026-03-03 21:14:43.2400000
27973,699f6aab88622c6dcaa6200b,1031,1,21,left-0,right,left-dark,light-up,greater-up,single,2026-03-03 21:14:42.7300000
27974,699ca1d819e8b3d00305124c,805,0,4,right-4,right,right-dark,dark-up,fewer-up,dual,2026-03-03 21:14:43.4860000
27975,664d3ff00a00a73398ac3f4f,910,0,49,right-0,left,right-dark,light-up,fewer-up,single,2026-03-03 21:14:40.4000000
27976,699f6aab88622c6dcaa6200b,1127,1,22,right-3,left,right-dark,light-up,greater-up,single,2026-03-03 21:14:45.1930000
27977,5ebe14249a676b1650b48531,1672,1,77,left-6,right,left-dark,light-up,greater-up,dual,2026-03-03 21:14:46.3940000
27978,664d3ff00a00a73398ac3f4f,306,0,50,right-6,left,right-dark,light-up,fewer-up,single,2026-03-03 21:14:42.4200000
27979,699ca1d819e8b3d00305124c,592,1,5,left-9,left,left-dark,light-up,fewer-up,dual,2026-03-03 21:14:46.8350000
27980,699f6aab88622c6dcaa6200b,711,1,23,right-5,right,right-dark,dark-up,greater-up,single,2026-03-03 21:14:48.0910000
27981,5ebe14249a676b1650b48531,1467,1,78,right-0,right,right-dark,light-up,fewer-up,dual,2026-03-03 21:14:49.4280000
27982,664d3ff00a00a73398ac3f4f,453,1,51,left-8,left,left-dark,light-up,fewer-up,single,2026-03-03 21:14:44.9200000
27983,699ca1d819e8b3d00305124c,594,0,6,right-8,right,right-dark,dark-up,fewer-up,dual,2026-03-03 21:14:49.8000000
27984,699f6aab88622c6dcaa6200b,1066,1,24,right-9,left,right-dark,light-up,greater-up,single,2026-03-03 21:14:50.8270000
27985,664d3ff00a00a73398ac3f4f,1236,0,52,left-8,left,left-dark,light-up,greater-up,single,2026-03-03 21:14:47.4840000
27986,5ebe14249a676b1650b48531,NULL,0,79,left-4,none,left-dark,light-up,fewer-up,dual,2026-03-03 21:14:52.8710000
27987,699f6aab88622c6dcaa6200b,945,1,25,right-1,right,right-dark,light-up,fewer-up,single,2026-03-03 21:14:53.7180000
27988,664d3ff00a00a73398ac3f4f,657,0,53,right-3,right,right-dark,dark-up,fewer-up,single,2026-03-03 21:14:49.5540000
27989,699ca1d819e8b3d00305124c,997,0,7,right-0,left,right-dark,light-up,fewer-up,dual,2026-03-03 21:14:53.1830000
27990,664d3ff00a00a73398ac3f4f,318,1,54,right-6,right,right-dark,dark-up,greater-up,single,2026-03-03 21:14:52.0670000
27991,699f6aab88622c6dcaa6200b,828,1,26,right-6,left,right-dark,light-up,greater-up,single,2026-03-03 21:14:56.4750000
27992,699ca1d819e8b3d00305124c,1501,0,8,left-8,right,left-dark,dark-up,greater-up,dual,2026-03-03 21:14:56.2130000
27993,699ca1d819e8b3d00305124c,601,0,9,right-7,right,right-dark,dark-up,fewer-up,dual,2026-03-03 21:14:58.7070000
27994,699f6aab88622c6dcaa6200b,1075,0,27,left-0,left,left-dark,dark-up,fewer-up,single,2026-03-03 21:14:59.7020000
27995,664d3ff00a00a73398ac3f4f,1143,1,55,right-1,right,right-dark,dark-up,greater-up,single,2026-03-03 21:14:55.9230000
27996,699ca1d819e8b3d00305124c,800,0,10,right-5,right,right-dark,dark-up,fewer-up,dual,2026-03-03 21:15:00.9290000
27997,699f6aab88622c6dcaa6200b,951,1,28,left-2,right,left-dark,light-up,greater-up,single,2026-03-03 21:15:03.0800000
27998,664d3ff00a00a73398ac3f4f,1492,0,56,left-1,right,left-dark,dark-up,greater-up,single,2026-03-03 21:14:59.5510000
27999,699ca1d819e8b3d00305124c,894,1,11,right-8,right,right-dark,dark-up,greater-up,dual,2026-03-03 21:15:04.3850000
28000,699f6aab88622c6dcaa6200b,919,1,29,right-2,right,right-dark,dark-up,greater-up,single,2026-03-03 21:15:05.6160000
28001,664d3ff00a00a73398ac3f4f,456,0,57,left-7,left,left-dark,light-up,greater-up,single,2026-03-03 21:15:02.2270000
28002,699ca1d819e8b3d00305124c,1483,0,12,left-2,left,left-dark,light-up,greater-up,dual,2026-03-03 21:15:07.2930000
28003,699f6aab88622c6dcaa6200b,1122,1,30,left-3,right,left-dark,light-up,greater-up,single,2026-03-03 21:15:08.1950000
28004,664d3ff00a00a73398ac3f4f,376,1,58,right-0,right,right-dark,dark-up,greater-up,single,2026-03-03 21:15:04.7380000
28005,699ca1d819e8b3d00305124c,1030,1,13,right-2,right,right-dark,dark-up,greater-up,dual,2026-03-03 21:15:09.8300000
28006,699f6aab88622c6dcaa6200b,1131,1,31,left-5,left,left-dark,light-up,fewer-up,single,2026-03-03 21:15:10.8750000
28007,664d3ff00a00a73398ac3f4f,1205,1,59,right-2,left,right-dark,light-up,greater-up,single,2026-03-03 21:15:07.7250000
28008,699ca1d819e8b3d00305124c,637,0,14,left-6,right,left-dark,dark-up,greater-up,dual,2026-03-03 21:15:12.7110000
28009,699f6aab88622c6dcaa6200b,1160,1,32,right-8,left,right-dark,light-up,greater-up,single,2026-03-03 21:15:13.4140000
28010,699ca1d819e8b3d00305124c,1353,0,15,right-9,right,right-dark,dark-up,fewer-up,dual,2026-03-03 21:15:15.4960000
28011,699f6aab88622c6dcaa6200b,945,1,33,right-7,left,right-dark,light-up,greater-up,single,2026-03-03 21:15:16.4620000
28012,664d3ff00a00a73398ac3f4f,1644,1,60,right-7,right,right-dark,dark-up,greater-up,single,2026-03-03 21:15:13.7180000
28013,699f6aab88622c6dcaa6200b,1165,1,34,left-9,right,left-dark,dark-up,fewer-up,single,2026-03-03 21:15:19.8820000
28014,699ca1d819e8b3d00305124c,1629,1,16,right-6,left,right-dark,light-up,greater-up,dual,2026-03-03 21:15:19.5500000
28015,664d3ff00a00a73398ac3f4f,1124,1,61,right-0,left,right-dark,light-up,greater-up,single,2026-03-03 21:15:16.4140000
28016,699f6aab88622c6dcaa6200b,970,1,35,right-6,right,right-dark,dark-up,greater-up,single,2026-03-03 21:15:23.1250000
28017,664d3ff00a00a73398ac3f4f,1070,1,62,right-5,left,right-dark,dark-up,fewer-up,single,2026-03-03 21:15:19.7000000
28018,699ca1d819e8b3d00305124c,1647,1,17,left-7,right,left-dark,dark-up,fewer-up,dual,2026-03-03 21:15:23.6040000
28019,699f6aab88622c6dcaa6200b,1692,1,36,right-5,right,right-dark,light-up,fewer-up,single,2026-03-03 21:15:27.2290000
28020,664d3ff00a00a73398ac3f4f,1403,0,63,left-8,right,left-dark,dark-up,greater-up,single,2026-03-03 21:15:23.4660000
28021,699ca1d819e8b3d00305124c,1074,0,18,left-1,left,left-dark,dark-up,fewer-up,dual,2026-03-03 21:15:27.4290000
28022,699f6aab88622c6dcaa6200b,1422,1,37,right-2,right,right-dark,light-up,fewer-up,single,2026-03-03 21:15:30.1050000
28023,699ca1d819e8b3d00305124c,1122,0,19,right-9,left,right-dark,dark-up,greater-up,dual,2026-03-03 21:15:29.8540000
28024,664d3ff00a00a73398ac3f4f,1529,1,64,left-2,left,left-dark,light-up,fewer-up,single,2026-03-03 21:15:27.5800000
28025,699f6aab88622c6dcaa6200b,942,1,38,left-2,left,left-dark,light-up,fewer-up,single,2026-03-03 21:15:32.9900000
28026,664d3ff00a00a73398ac3f4f,444,0,65,left-0,right,left-dark,dark-up,greater-up,single,2026-03-03 21:15:30.6640000
28027,699ca1d819e8b3d00305124c,973,0,20,left-0,left,left-dark,dark-up,fewer-up,dual,2026-03-03 21:15:35.5770000
28028,664d3ff00a00a73398ac3f4f,594,0,66,left-3,left,left-dark,light-up,greater-up,single,2026-03-03 21:15:32.6250000
28029,699f6aab88622c6dcaa6200b,1403,0,39,left-3,left,left-dark,dark-up,fewer-up,single,2026-03-03 21:15:37.1370000
28030,699ca1d819e8b3d00305124c,632,0,21,right-9,left,right-dark,light-up,fewer-up,dual,2026-03-03 21:15:38.5990000
28031,664d3ff00a00a73398ac3f4f,953,1,67,right-7,left,right-dark,light-up,greater-up,single,2026-03-03 21:15:36.3300000
28032,699ca1d819e8b3d00305124c,667,1,22,left-4,left,left-dark,light-up,fewer-up,dual,2026-03-03 21:15:41.3250000
28033,664d3ff00a00a73398ac3f4f,804,0,68,left-5,right,left-dark,dark-up,greater-up,single,2026-03-03 21:15:39.2850000
28034,699f6aab88622c6dcaa6200b,1363,1,40,left-0,left,left-dark,light-up,fewer-up,single,2026-03-03 21:15:44.4460000
28035,699ca1d819e8b3d00305124c,757,1,23,left-4,right,left-dark,light-up,greater-up,dual,2026-03-03 21:15:44.5250000
28036,664d3ff00a00a73398ac3f4f,994,1,69,right-8,left,right-dark,dark-up,fewer-up,single,2026-03-03 21:15:41.5770000
28037,699f6aab88622c6dcaa6200b,865,1,41,right-9,right,right-dark,light-up,fewer-up,single,2026-03-03 21:15:47.7040000
28038,699ca1d819e8b3d00305124c,808,1,24,right-3,right,right-dark,dark-up,greater-up,dual,2026-03-03 21:15:48.1900000
28039,664d3ff00a00a73398ac3f4f,1459,1,70,left-7,left,left-dark,light-up,fewer-up,single,2026-03-03 21:15:45.2160000
28040,699f6aab88622c6dcaa6200b,1062,1,42,right-0,right,right-dark,light-up,fewer-up,single,2026-03-03 21:15:50.2420000
28041,699ca1d819e8b3d00305124c,766,0,25,left-4,left,left-dark,dark-up,fewer-up,dual,2026-03-03 21:15:50.6630000
28042,664d3ff00a00a73398ac3f4f,849,1,71,right-3,right,right-dark,dark-up,greater-up,single,2026-03-03 21:15:47.8530000
28043,699f6aab88622c6dcaa6200b,1255,1,43,left-4,right,left-dark,light-up,greater-up,single,2026-03-03 21:15:52.7770000
28044,699ca1d819e8b3d00305124c,524,1,26,right-0,left,right-dark,light-up,greater-up,dual,2026-03-03 21:15:54.0660000
28045,664d3ff00a00a73398ac3f4f,1220,0,72,right-3,right,right-dark,light-up,greater-up,single,2026-03-03 21:15:51.2140000
28046,699f6aab88622c6dcaa6200b,994,1,44,left-9,right,left-dark,light-up,greater-up,single,2026-03-03 21:15:55.6730000
28047,699ca1d819e8b3d00305124c,1309,0,27,left-2,right,left-dark,light-up,fewer-up,dual,2026-03-03 21:15:57.4720000
28048,664d3ff00a00a73398ac3f4f,680,0,73,left-2,left,left-dark,dark-up,fewer-up,single,2026-03-03 21:15:54.6290000
28049,699f6aab88622c6dcaa6200b,1198,1,45,right-2,left,right-dark,dark-up,fewer-up,single,2026-03-03 21:15:58.8720000
28050,664d3ff00a00a73398ac3f4f,802,0,74,left-5,left,left-dark,light-up,greater-up,single,2026-03-03 21:15:56.9460000
28051,699ca1d819e8b3d00305124c,1022,1,28,left-7,right,left-dark,light-up,greater-up,dual,2026-03-03 21:16:01.2000000
28052,699f6aab88622c6dcaa6200b,1275,1,46,right-6,right,right-dark,light-up,fewer-up,single,2026-03-03 21:16:02.5280000
28053,664d3ff00a00a73398ac3f4f,379,0,75,left-7,left,left-dark,dark-up,fewer-up,single,2026-03-03 21:15:59.7440000
28054,699ca1d819e8b3d00305124c,1740,1,29,left-0,left,left-dark,dark-up,greater-up,dual,2026-03-03 21:16:04.6910000
28055,699f6aab88622c6dcaa6200b,977,1,47,left-9,left,left-dark,light-up,fewer-up,single,2026-03-03 21:16:05.6640000
28056,664d3ff00a00a73398ac3f4f,638,1,76,left-4,right,left-dark,dark-up,fewer-up,single,2026-03-03 21:16:02.3700000
28057,699f6aab88622c6dcaa6200b,843,1,48,left-7,left,left-dark,dark-up,greater-up,single,2026-03-03 21:16:08.5930000
28058,699ca1d819e8b3d00305124c,1867,0,30,right-1,left,right-dark,light-up,fewer-up,dual,2026-03-03 21:16:08.0340000
28059,664d3ff00a00a73398ac3f4f,1055,0,77,left-6,right,left-dark,dark-up,greater-up,single,2026-03-03 21:16:06.1780000
28060,699ca1d819e8b3d00305124c,794,1,31,right-2,left,right-dark,light-up,greater-up,dual,2026-03-03 21:16:10.6450000
28061,699f6aab88622c6dcaa6200b,1514,1,49,right-5,left,right-dark,dark-up,fewer-up,single,2026-03-03 21:16:11.4670000
28062,664d3ff00a00a73398ac3f4f,900,1,78,right-3,right,right-dark,light-up,fewer-up,single,2026-03-03 21:16:09.4470000
28063,699ca1d819e8b3d00305124c,1209,1,32,left-9,right,left-dark,light-up,greater-up,dual,2026-03-03 21:16:13.8100000
28064,699f6aab88622c6dcaa6200b,1060,1,50,right-7,right,right-dark,dark-up,greater-up,single,2026-03-03 21:16:14.5500000
28065,664d3ff00a00a73398ac3f4f,993,0,79,left-1,left,left-dark,dark-up,fewer-up,single,2026-03-03 21:16:11.8190000
28066,699f6aab88622c6dcaa6200b,1297,1,51,right-1,left,right-dark,light-up,greater-up,single,2026-03-03 21:16:17.1310000
28067,699ca1d819e8b3d00305124c,1018,1,33,left-9,left,left-dark,dark-up,greater-up,dual,2026-03-03 21:16:16.5150000
28068,699ca1d819e8b3d00305124c,672,0,34,left-8,left,left-dark,light-up,greater-up,dual,2026-03-03 21:16:19.1970000
28069,699f6aab88622c6dcaa6200b,1137,1,52,right-7,right,right-dark,light-up,fewer-up,single,2026-03-03 21:16:19.9010000
28070,699ca1d819e8b3d00305124c,753,1,35,left-8,left,left-dark,light-up,fewer-up,dual,2026-03-03 21:16:21.7260000
28071,699f6aab88622c6dcaa6200b,865,1,53,left-1,left,left-dark,dark-up,greater-up,single,2026-03-03 21:16:22.4420000
28072,699ca1d819e8b3d00305124c,890,1,36,left-3,left,left-dark,dark-up,greater-up,dual,2026-03-03 21:16:24.3550000
28073,699f6aab88622c6dcaa6200b,864,1,54,right-5,left,right-dark,light-up,greater-up,single,2026-03-03 21:16:25.0960000
28074,699f6aab88622c6dcaa6200b,1095,1,55,right-4,right,right-dark,light-up,fewer-up,single,2026-03-03 21:16:27.5150000
28075,699ca1d819e8b3d00305124c,285,0,37,right-7,right,right-dark,light-up,greater-up,dual,2026-03-03 21:16:27.0090000
28076,699f6aab88622c6dcaa6200b,900,1,56,right-8,right,right-dark,light-up,fewer-up,single,2026-03-03 21:16:29.8160000
28077,699ca1d819e8b3d00305124c,1839,0,38,left-5,left,left-dark,light-up,greater-up,dual,2026-03-03 21:16:30.3290000
28078,699f6aab88622c6dcaa6200b,743,1,57,right-3,right,right-dark,light-up,fewer-up,single,2026-03-03 21:16:31.9380000
28079,699ca1d819e8b3d00305124c,580,1,39,left-7,left,left-dark,light-up,fewer-up,dual,2026-03-03 21:16:32.5710000
28080,699f6aab88622c6dcaa6200b,617,0,58,right-4,right,right-dark,light-up,greater-up,single,2026-03-03 21:16:34.0250000
28081,699f6aab88622c6dcaa6200b,1238,1,59,left-8,right,left-dark,light-up,greater-up,single,2026-03-03 21:16:37.2330000
28082,699ca1d819e8b3d00305124c,316,1,40,right-9,left,right-dark,light-up,greater-up,dual,2026-03-03 21:16:37.4170000
28083,699ca1d819e8b3d00305124c,508,1,41,right-3,right,right-dark,light-up,fewer-up,dual,2026-03-03 21:16:40.1030000
28084,699ca1d819e8b3d00305124c,438,1,42,left-0,left,left-dark,light-up,fewer-up,dual,2026-03-03 21:16:43.2000000
28085,699ca1d819e8b3d00305124c,354,1,43,right-5,right,right-dark,light-up,fewer-up,dual,2026-03-03 21:16:46.0100000
28086,699f6aab88622c6dcaa6200b,1900,1,60,left-5,right,left-dark,dark-up,fewer-up,single,2026-03-03 21:16:46.8260000
28087,66c164257fab16961369cc02,1337,1,0,left-0,left,left-dark,dark-up,greater-up,single,2026-03-03 21:16:49.7540000
28088,699f6aab88622c6dcaa6200b,949,1,61,left-1,left,left-dark,light-up,fewer-up,single,2026-03-03 21:16:49.7920000
28089,699ca1d819e8b3d00305124c,685,0,44,right-3,right,right-dark,dark-up,fewer-up,dual,2026-03-03 21:16:49.3140000
28090,699f6aab88622c6dcaa6200b,1184,1,62,right-0,left,right-dark,light-up,greater-up,single,2026-03-03 21:16:52.4430000
28091,699ca1d819e8b3d00305124c,713,1,45,left-1,left,left-dark,dark-up,greater-up,dual,2026-03-03 21:16:52.7110000
28092,66c164257fab16961369cc02,1597,0,1,right-5,right,right-dark,light-up,greater-up,single,2026-03-03 21:16:53.8940000
28093,699ca1d819e8b3d00305124c,777,1,46,right-7,right,right-dark,light-up,fewer-up,dual,2026-03-03 21:16:55.0130000
28094,699f6aab88622c6dcaa6200b,1046,1,63,left-5,right,left-dark,light-up,greater-up,single,2026-03-03 21:16:56.1840000
28095,66c164257fab16961369cc02,1637,1,2,left-3,left,left-dark,light-up,fewer-up,single,2026-03-03 21:16:57.4240000
28096,699ca1d819e8b3d00305124c,354,1,47,right-6,left,right-dark,dark-up,fewer-up,dual,2026-03-03 21:16:57.7930000
28097,699f6aab88622c6dcaa6200b,1649,1,64,left-4,left,left-dark,light-up,fewer-up,single,2026-03-03 21:16:59.5770000
28098,66c164257fab16961369cc02,1111,1,3,left-2,right,left-dark,dark-up,fewer-up,single,2026-03-03 21:17:00.9090000
28099,699ca1d819e8b3d00305124c,NULL,0,48,right-6,none,right-dark,light-up,fewer-up,dual,2026-03-03 21:17:00.7330000
28100,699f6aab88622c6dcaa6200b,977,1,65,left-0,left,left-dark,dark-up,greater-up,single,2026-03-03 21:17:02.3100000
28101,66c164257fab16961369cc02,1319,0,4,left-8,left,left-dark,light-up,greater-up,single,2026-03-03 21:17:04.5820000
28102,699ca1d819e8b3d00305124c,799,1,49,left-3,left,left-dark,light-up,fewer-up,dual,2026-03-03 21:17:04.3840000
28103,699f6aab88622c6dcaa6200b,774,1,66,right-3,right,right-dark,dark-up,greater-up,single,2026-03-03 21:17:05.3980000
28104,699ca1d819e8b3d00305124c,768,1,50,left-6,right,left-dark,dark-up,fewer-up,dual,2026-03-03 21:17:06.9380000
28105,66c164257fab16961369cc02,NULL,0,5,left-6,none,left-dark,dark-up,fewer-up,single,2026-03-03 21:17:07.7850000
28106,699f6aab88622c6dcaa6200b,1395,1,67,right-1,left,right-dark,dark-up,fewer-up,single,2026-03-03 21:17:09.5020000
28107,699ca1d819e8b3d00305124c,675,0,51,right-4,left,right-dark,dark-up,greater-up,dual,2026-03-03 21:17:09.1460000
28108,66c164257fab16961369cc02,518,1,6,left-9,left,left-dark,dark-up,greater-up,single,2026-03-03 21:17:11.1600000
28109,699ca1d819e8b3d00305124c,284,1,52,left-2,right,left-dark,dark-up,fewer-up,dual,2026-03-03 21:17:12.1690000
28110,699f6aab88622c6dcaa6200b,1402,1,68,right-9,left,right-dark,dark-up,fewer-up,single,2026-03-03 21:17:13.5590000
28111,66c164257fab16961369cc02,758,1,7,left-3,left,left-dark,dark-up,greater-up,single,2026-03-03 21:17:14.2510000
28112,63d7b81d79044b73bfb50952,1508,1,0,left-1,right,left-dark,light-up,greater-up,single,2026-03-03 21:17:07.4760000
28113,699ca1d819e8b3d00305124c,701,1,53,right-6,right,right-dark,dark-up,greater-up,dual,2026-03-03 21:17:15.1430000
28114,699f6aab88622c6dcaa6200b,1214,1,69,left-6,left,left-dark,light-up,fewer-up,single,2026-03-03 21:17:17.4050000
28115,66c164257fab16961369cc02,1296,1,8,right-3,right,right-dark,light-up,fewer-up,single,2026-03-03 21:17:17.8620000
28116,63d7b81d79044b73bfb50952,788,0,1,left-4,left,left-dark,dark-up,fewer-up,single,2026-03-03 21:17:10.2920000
28117,699ca1d819e8b3d00305124c,776,0,54,left-3,left,left-dark,light-up,greater-up,dual,2026-03-03 21:17:18.5000000
28118,699f6aab88622c6dcaa6200b,1342,1,70,left-4,right,left-dark,dark-up,fewer-up,single,2026-03-03 21:17:20.4130000
28119,63d7b81d79044b73bfb50952,1105,1,2,right-7,left,right-dark,light-up,greater-up,single,2026-03-03 21:17:13.7380000
28120,66c164257fab16961369cc02,1365,0,9,right-3,right,right-dark,dark-up,fewer-up,single,2026-03-03 21:17:21.6740000
28121,699ca1d819e8b3d00305124c,866,0,55,left-5,left,left-dark,dark-up,fewer-up,dual,2026-03-03 21:17:21.2300000
28122,699ca1d819e8b3d00305124c,610,0,56,right-1,right,right-dark,light-up,greater-up,dual,2026-03-03 21:17:23.2310000
28123,699f6aab88622c6dcaa6200b,986,1,71,left-5,left,left-dark,dark-up,greater-up,single,2026-03-03 21:17:24.0480000
28124,66c164257fab16961369cc02,NULL,0,10,left-9,none,left-dark,light-up,fewer-up,single,2026-03-03 21:17:24.2540000
28125,63d7b81d79044b73bfb50952,910,1,3,right-5,left,right-dark,light-up,greater-up,single,2026-03-03 21:17:17.3510000
28126,699ca1d819e8b3d00305124c,947,1,57,left-1,right,left-dark,light-up,greater-up,dual,2026-03-03 21:17:25.8650000
28127,699f6aab88622c6dcaa6200b,997,1,72,left-1,right,left-dark,dark-up,fewer-up,single,2026-03-03 21:17:27.4660000
28128,66c164257fab16961369cc02,877,0,11,left-3,left,left-dark,light-up,greater-up,single,2026-03-03 21:17:27.6590000
28129,63d7b81d79044b73bfb50952,1498,1,4,left-4,left,left-dark,light-up,fewer-up,single,2026-03-03 21:17:20.9170000
28130,699ca1d819e8b3d00305124c,822,1,58,left-8,right,left-dark,dark-up,fewer-up,dual,2026-03-03 21:17:28.3750000
28131,699f6aab88622c6dcaa6200b,1220,1,73,left-7,right,left-dark,light-up,greater-up,single,2026-03-03 21:17:30.0030000
28132,66c164257fab16961369cc02,985,1,12,right-8,left,right-dark,light-up,greater-up,single,2026-03-03 21:17:30.9880000
28133,63d7b81d79044b73bfb50952,1047,1,5,left-8,left,left-dark,dark-up,greater-up,single,2026-03-03 21:17:23.7170000
28134,699ca1d819e8b3d00305124c,586,0,59,left-3,left,left-dark,dark-up,fewer-up,dual,2026-03-03 21:17:31.2050000
28135,66c164257fab16961369cc02,756,1,13,right-6,right,right-dark,dark-up,greater-up,single,2026-03-03 21:17:33.5340000
28136,699f6aab88622c6dcaa6200b,1261,1,74,left-6,right,left-dark,light-up,greater-up,single,2026-03-03 21:17:33.9640000
28137,63d7b81d79044b73bfb50952,1150,1,6,left-9,right,left-dark,dark-up,fewer-up,single,2026-03-03 21:17:26.6440000
28138,699ca1d819e8b3d00305124c,544,1,60,right-2,right,right-dark,light-up,fewer-up,dual,2026-03-03 21:17:35.3630000
28139,66c164257fab16961369cc02,1389,1,14,right-8,right,right-dark,light-up,fewer-up,single,2026-03-03 21:17:36.8800000
28140,699f6aab88622c6dcaa6200b,1099,1,75,right-1,right,right-dark,dark-up,greater-up,single,2026-03-03 21:17:37.4960000
28141,63d7b81d79044b73bfb50952,1368,1,7,right-0,right,right-dark,light-up,fewer-up,single,2026-03-03 21:17:30.2810000
28142,699ca1d819e8b3d00305124c,544,1,61,right-1,left,right-dark,dark-up,fewer-up,dual,2026-03-03 21:17:37.6180000
28143,66c164257fab16961369cc02,934,1,15,right-0,left,right-dark,dark-up,fewer-up,single,2026-03-03 21:17:40.3490000
28144,699ca1d819e8b3d00305124c,1057,1,62,right-4,right,right-dark,light-up,fewer-up,dual,2026-03-03 21:17:40.3070000
28145,63d7b81d79044b73bfb50952,1026,1,8,left-5,right,left-dark,light-up,greater-up,single,2026-03-03 21:17:33.5050000
28146,699f6aab88622c6dcaa6200b,1441,1,76,left-6,left,left-dark,dark-up,greater-up,single,2026-03-03 21:17:41.1690000
28147,66c164257fab16961369cc02,1261,1,16,right-2,left,right-dark,light-up,greater-up,single,2026-03-03 21:17:43.0180000
28148,63d7b81d79044b73bfb50952,989,1,9,right-9,left,right-dark,light-up,greater-up,single,2026-03-03 21:17:35.9800000
28149,699ca1d819e8b3d00305124c,598,1,63,left-5,left,left-dark,light-up,fewer-up,dual,2026-03-03 21:17:43.3270000
28150,699f6aab88622c6dcaa6200b,1521,1,77,left-3,left,left-dark,light-up,fewer-up,single,2026-03-03 21:17:45.1580000
28151,66c164257fab16961369cc02,875,0,17,left-0,left,left-dark,light-up,greater-up,single,2026-03-03 21:17:45.5650000
28152,63d7b81d79044b73bfb50952,1112,1,10,right-1,right,right-dark,light-up,fewer-up,single,2026-03-03 21:17:38.8580000
28153,699ca1d819e8b3d00305124c,527,1,64,right-0,right,right-dark,dark-up,greater-up,dual,2026-03-03 21:17:46.8140000
28154,66c164257fab16961369cc02,1097,1,18,right-9,right,right-dark,light-up,fewer-up,single,2026-03-03 21:17:48.8160000
28155,699f6aab88622c6dcaa6200b,1428,1,78,right-7,left,right-dark,dark-up,fewer-up,single,2026-03-03 21:17:49.1500000
28156,699ca1d819e8b3d00305124c,554,1,65,left-4,left,left-dark,dark-up,greater-up,dual,2026-03-03 21:17:48.8100000
28157,63d7b81d79044b73bfb50952,875,1,11,left-3,left,left-dark,dark-up,greater-up,single,2026-03-03 21:17:42.0250000
28158,699ca1d819e8b3d00305124c,681,0,66,right-0,right,right-dark,dark-up,fewer-up,dual,2026-03-03 21:17:50.9350000
28159,66c164257fab16961369cc02,863,1,19,right-6,left,right-dark,dark-up,fewer-up,single,2026-03-03 21:17:52.0810000
28160,63d7b81d79044b73bfb50952,1508,1,12,left-2,left,left-dark,light-up,fewer-up,single,2026-03-03 21:17:45.0290000
28161,699f6aab88622c6dcaa6200b,1204,1,79,right-3,left,right-dark,dark-up,fewer-up,single,2026-03-03 21:17:53.0900000
28162,699ca1d819e8b3d00305124c,515,1,67,left-5,left,left-dark,dark-up,greater-up,dual,2026-03-03 21:17:53.8730000
28163,63d7b81d79044b73bfb50952,1321,1,13,right-5,left,right-dark,dark-up,fewer-up,single,2026-03-03 21:17:48.5320000
28164,699ca1d819e8b3d00305124c,1253,0,68,left-0,left,left-dark,light-up,greater-up,dual,2026-03-03 21:17:56.6850000
28165,699ca1d819e8b3d00305124c,264,1,69,right-8,left,right-dark,light-up,greater-up,dual,2026-03-03 21:17:59.1900000
28166,63d7b81d79044b73bfb50952,1049,1,14,left-7,left,left-dark,dark-up,greater-up,single,2026-03-03 21:17:52.3090000
28167,699ca1d819e8b3d00305124c,275,0,70,right-8,left,right-dark,light-up,fewer-up,dual,2026-03-03 21:18:02.0460000
28168,63d7b81d79044b73bfb50952,1375,1,15,left-3,left,left-dark,light-up,fewer-up,single,2026-03-03 21:17:56.0610000
28169,699ca1d819e8b3d00305124c,613,0,71,right-2,right,right-dark,dark-up,fewer-up,dual,2026-03-03 21:18:04.4700000
28170,63d7b81d79044b73bfb50952,1035,1,16,right-4,right,right-dark,dark-up,greater-up,single,2026-03-03 21:17:58.4900000
28171,699ca1d819e8b3d00305124c,378,0,72,left-7,right,left-dark,dark-up,greater-up,dual,2026-03-03 21:18:06.9790000
28172,63d7b81d79044b73bfb50952,1006,1,17,left-3,right,left-dark,light-up,greater-up,single,2026-03-03 21:18:00.9050000
28173,63d7b81d79044b73bfb50952,1064,1,18,right-3,right,right-dark,dark-up,greater-up,single,2026-03-03 21:18:03.8420000
28174,699ca1d819e8b3d00305124c,1174,0,73,left-6,left,left-dark,light-up,greater-up,dual,2026-03-03 21:18:11.0250000
28175,699ca1d819e8b3d00305124c,1274,1,74,left-6,left,left-dark,light-up,fewer-up,dual,2026-03-03 21:18:13.8200000
28176,63d7b81d79044b73bfb50952,1253,1,19,right-9,left,right-dark,dark-up,fewer-up,single,2026-03-03 21:18:07.3920000
28177,699ca1d819e8b3d00305124c,512,0,75,right-3,right,right-dark,light-up,greater-up,dual,2026-03-03 21:18:17.2060000
28178,699ca1d819e8b3d00305124c,310,0,76,right-1,left,right-dark,dark-up,greater-up,dual,2026-03-03 21:18:20.0890000
28179,63d7b81d79044b73bfb50952,1136,1,20,right-1,left,right-dark,light-up,greater-up,single,2026-03-03 21:18:13.8620000
28180,699ca1d819e8b3d00305124c,512,1,77,right-4,left,right-dark,light-up,greater-up,dual,2026-03-03 21:18:22.1830000
28181,63d7b81d79044b73bfb50952,1269,1,21,left-5,left,left-dark,light-up,fewer-up,single,2026-03-03 21:18:17.5040000
28182,699ca1d819e8b3d00305124c,863,0,78,right-5,right,right-dark,light-up,greater-up,dual,2026-03-03 21:18:24.6700000
28183,66c164257fab16961369cc02,1650,0,20,right-0,right,right-dark,light-up,greater-up,single,2026-03-03 21:18:26.0030000
28184,63d7b81d79044b73bfb50952,936,1,22,right-7,right,right-dark,dark-up,greater-up,single,2026-03-03 21:18:20.5620000
28185,66c164257fab16961369cc02,1491,1,21,left-5,right,left-dark,dark-up,fewer-up,single,2026-03-03 21:18:29.8630000
28186,699ca1d819e8b3d00305124c,1921,1,79,left-2,left,left-dark,dark-up,greater-up,dual,2026-03-03 21:18:29.2970000
28187,63d7b81d79044b73bfb50952,907,1,23,right-8,left,right-dark,light-up,greater-up,single,2026-03-03 21:18:24.1290000
28188,66c164257fab16961369cc02,1518,1,22,left-2,left,left-dark,dark-up,greater-up,single,2026-03-03 21:18:33.3940000
28189,63d7b81d79044b73bfb50952,950,1,24,left-6,left,left-dark,dark-up,greater-up,single,2026-03-03 21:18:27.4010000
28190,66c164257fab16961369cc02,1524,1,23,right-4,right,right-dark,dark-up,greater-up,single,2026-03-03 21:18:37.2590000
28191,63d7b81d79044b73bfb50952,1598,1,25,right-7,left,right-dark,dark-up,fewer-up,single,2026-03-03 21:18:30.9500000
28192,66c164257fab16961369cc02,1114,1,24,right-3,left,right-dark,light-up,greater-up,single,2026-03-03 21:18:40.3620000
28193,63d7b81d79044b73bfb50952,1261,1,26,right-9,right,right-dark,dark-up,greater-up,single,2026-03-03 21:18:34.1100000
28194,66c164257fab16961369cc02,1016,1,25,right-7,left,right-dark,light-up,greater-up,single,2026-03-03 21:18:44.0190000
28195,63d7b81d79044b73bfb50952,1314,1,27,right-8,left,right-dark,dark-up,fewer-up,single,2026-03-03 21:18:37.1610000
28196,66c164257fab16961369cc02,974,1,26,left-1,right,left-dark,light-up,greater-up,single,2026-03-03 21:18:47.0500000
28197,63d7b81d79044b73bfb50952,1195,1,28,right-0,left,right-dark,light-up,greater-up,single,2026-03-03 21:18:39.8270000
28198,66c164257fab16961369cc02,1975,1,27,right-4,left,right-dark,light-up,greater-up,single,2026-03-03 21:18:50.5020000
28199,63d7b81d79044b73bfb50952,1614,1,29,right-3,right,right-dark,light-up,fewer-up,single,2026-03-03 21:18:43.3720000
28200,66c164257fab16961369cc02,1085,1,28,left-6,left,left-dark,dark-up,greater-up,single,2026-03-03 21:18:53.6290000
28201,63d7b81d79044b73bfb50952,1048,1,30,left-0,right,left-dark,light-up,greater-up,single,2026-03-03 21:18:46.1970000
28202,66c164257fab16961369cc02,1116,1,29,left-8,right,left-dark,dark-up,fewer-up,single,2026-03-03 21:18:56.6120000
28203,63d7b81d79044b73bfb50952,933,1,31,left-7,right,left-dark,light-up,greater-up,single,2026-03-03 21:18:49.5260000
28204,63d7b81d79044b73bfb50952,1396,1,32,left-6,right,left-dark,dark-up,fewer-up,single,2026-03-03 21:18:52.3390000
28205,66c164257fab16961369cc02,1204,1,30,right-6,right,right-dark,light-up,fewer-up,single,2026-03-03 21:19:00.2050000
28206,63d7b81d79044b73bfb50952,1418,1,33,right-6,right,right-dark,dark-up,greater-up,single,2026-03-03 21:18:55.7300000
28207,66c164257fab16961369cc02,1076,1,31,right-0,right,right-dark,dark-up,greater-up,single,2026-03-03 21:19:04.0180000
28208,63d7b81d79044b73bfb50952,1154,1,34,right-2,left,right-dark,light-up,greater-up,single,2026-03-03 21:18:58.3770000
28209,66c164257fab16961369cc02,1554,1,32,left-2,right,left-dark,light-up,greater-up,single,2026-03-03 21:19:08.0040000
28210,63d7b81d79044b73bfb50952,849,1,35,left-2,right,left-dark,light-up,greater-up,single,2026-03-03 21:19:01.7650000
28211,66c164257fab16961369cc02,883,1,33,left-6,left,left-dark,light-up,fewer-up,single,2026-03-03 21:19:10.9090000
28212,63d7b81d79044b73bfb50952,979,1,36,left-9,left,left-dark,dark-up,greater-up,single,2026-03-03 21:19:04.9880000
28213,66c164257fab16961369cc02,1129,1,34,left-5,right,left-dark,light-up,greater-up,single,2026-03-03 21:19:14.1270000
28214,63d7b81d79044b73bfb50952,1286,1,37,left-1,left,left-dark,light-up,fewer-up,single,2026-03-03 21:19:08.1580000
28215,66c164257fab16961369cc02,1557,1,35,right-4,right,right-dark,light-up,fewer-up,single,2026-03-03 21:19:18.4260000
28216,63d7b81d79044b73bfb50952,1197,1,38,left-3,right,left-dark,dark-up,fewer-up,single,2026-03-03 21:19:11.4730000
28217,66c164257fab16961369cc02,1582,1,36,right-1,left,right-dark,dark-up,fewer-up,single,2026-03-03 21:19:21.5500000
28218,63d7b81d79044b73bfb50952,1349,1,39,left-7,right,left-dark,dark-up,fewer-up,single,2026-03-03 21:19:14.3100000
28219,66c164257fab16961369cc02,1102,1,37,left-3,right,left-dark,dark-up,fewer-up,single,2026-03-03 21:19:25.1130000
28220,66c164257fab16961369cc02,1182,1,38,left-9,right,left-dark,dark-up,fewer-up,single,2026-03-03 21:19:28.6110000
28221,63d7b81d79044b73bfb50952,1252,1,40,left-9,left,left-dark,light-up,fewer-up,single,2026-03-03 21:19:23.8070000
28222,66c164257fab16961369cc02,1879,1,39,right-7,right,right-dark,dark-up,greater-up,single,2026-03-03 21:19:32.4550000
28223,63d7b81d79044b73bfb50952,1439,1,41,left-7,left,left-dark,light-up,fewer-up,single,2026-03-03 21:19:26.5670000
28224,63d7b81d79044b73bfb50952,1564,1,42,left-1,right,left-dark,dark-up,fewer-up,single,2026-03-03 21:19:30.6060000
28225,63d7b81d79044b73bfb50952,1249,1,43,right-9,right,right-dark,light-up,fewer-up,single,2026-03-03 21:19:33.1540000
28226,66c164257fab16961369cc02,130,1,40,left-4,right,left-dark,dark-up,fewer-up,single,2026-03-03 21:19:41.4880000
28227,63d7b81d79044b73bfb50952,1494,1,44,right-4,right,right-dark,light-up,fewer-up,single,2026-03-03 21:19:36.0040000
28228,66c164257fab16961369cc02,1277,1,41,right-9,right,right-dark,dark-up,greater-up,single,2026-03-03 21:19:45.3790000
28229,63d7b81d79044b73bfb50952,1447,1,45,left-4,right,left-dark,light-up,greater-up,single,2026-03-03 21:19:39.4490000
28230,66c164257fab16961369cc02,1087,1,42,right-9,left,right-dark,dark-up,fewer-up,single,2026-03-03 21:19:48.5350000
28231,63d7b81d79044b73bfb50952,953,1,46,left-8,right,left-dark,light-up,greater-up,single,2026-03-03 21:19:42.5520000
28232,66c164257fab16961369cc02,1281,0,43,left-1,right,left-dark,dark-up,greater-up,single,2026-03-03 21:19:51.1120000
28233,63d7b81d79044b73bfb50952,1011,1,47,right-6,left,right-dark,light-up,greater-up,single,2026-03-03 21:19:45.3120000
28234,66c164257fab16961369cc02,1544,1,44,left-5,left,left-dark,light-up,fewer-up,single,2026-03-03 21:19:54.8160000
28235,63d7b81d79044b73bfb50952,1104,1,48,left-2,right,left-dark,dark-up,fewer-up,single,2026-03-03 21:19:48.9700000
28236,66c164257fab16961369cc02,1369,1,45,left-9,right,left-dark,light-up,greater-up,single,2026-03-03 21:19:57.8300000
28237,63d7b81d79044b73bfb50952,1225,1,49,left-4,left,left-dark,dark-up,greater-up,single,2026-03-03 21:19:51.6910000
28238,66c164257fab16961369cc02,1116,1,46,right-4,left,right-dark,dark-up,fewer-up,single,2026-03-03 21:20:00.9870000
28239,63d7b81d79044b73bfb50952,832,1,50,right-5,right,right-dark,dark-up,greater-up,single,2026-03-03 21:19:54.3120000
28240,66c164257fab16961369cc02,1053,1,47,right-3,right,right-dark,dark-up,greater-up,single,2026-03-03 21:20:03.6610000
28241,63d7b81d79044b73bfb50952,NULL,0,51,left-0,none,left-dark,light-up,fewer-up,single,2026-03-03 21:19:58.1570000
28242,66c164257fab16961369cc02,1218,1,48,left-1,right,left-dark,dark-up,fewer-up,single,2026-03-03 21:20:07.0650000
28243,63d7b81d79044b73bfb50952,1130,1,52,left-6,left,left-dark,light-up,fewer-up,single,2026-03-03 21:20:01.6110000
28244,66c164257fab16961369cc02,1128,1,49,left-7,left,left-dark,dark-up,greater-up,single,2026-03-03 21:20:10.5650000
28245,63d7b81d79044b73bfb50952,1233,1,53,right-1,right,right-dark,dark-up,greater-up,single,2026-03-03 21:20:05.6150000
28246,66c164257fab16961369cc02,1673,1,50,right-2,left,right-dark,dark-up,fewer-up,single,2026-03-03 21:20:14.0350000
28247,63d7b81d79044b73bfb50952,1066,1,54,right-2,left,right-dark,dark-up,fewer-up,single,2026-03-03 21:20:08.7110000
28248,66c164257fab16961369cc02,1119,1,51,left-7,right,left-dark,light-up,greater-up,single,2026-03-03 21:20:17.0050000
28249,66c164257fab16961369cc02,884,1,52,left-2,left,left-dark,light-up,fewer-up,single,2026-03-03 21:20:19.3610000
28250,63d7b81d79044b73bfb50952,1019,1,55,right-7,right,right-dark,light-up,fewer-up,single,2026-03-03 21:20:11.7470000
28251,66c164257fab16961369cc02,1026,1,53,left-7,right,left-dark,dark-up,fewer-up,single,2026-03-03 21:20:22.1900000
28252,63d7b81d79044b73bfb50952,1152,1,56,left-8,right,left-dark,dark-up,fewer-up,single,2026-03-03 21:20:14.8990000
28253,63d7b81d79044b73bfb50952,1677,1,57,left-9,right,left-dark,light-up,greater-up,single,2026-03-03 21:20:18.0900000
28254,66c164257fab16961369cc02,1390,1,54,left-4,right,left-dark,light-up,greater-up,single,2026-03-03 21:20:26.3330000
28255,66c164257fab16961369cc02,1200,1,55,right-5,left,right-dark,dark-up,fewer-up,single,2026-03-03 21:20:28.8630000
28256,63d7b81d79044b73bfb50952,1099,1,58,right-8,right,right-dark,dark-up,greater-up,single,2026-03-03 21:20:21.9050000
28257,66c164257fab16961369cc02,970,1,56,right-7,right,right-dark,light-up,fewer-up,single,2026-03-03 21:20:31.4100000
28258,63d7b81d79044b73bfb50952,1193,1,59,left-0,right,left-dark,dark-up,fewer-up,single,2026-03-03 21:20:24.9440000
28259,66c164257fab16961369cc02,1821,1,57,right-7,left,right-dark,dark-up,fewer-up,single,2026-03-03 21:20:34.5870000
28260,66c164257fab16961369cc02,1373,1,58,right-6,left,right-dark,light-up,greater-up,single,2026-03-03 21:20:38.1130000
28261,66c164257fab16961369cc02,1361,1,59,right-0,right,right-dark,light-up,fewer-up,single,2026-03-03 21:20:41.9880000
28262,63d7b81d79044b73bfb50952,1197,1,60,right-5,right,right-dark,light-up,fewer-up,single,2026-03-03 21:20:34.9730000
28263,63d7b81d79044b73bfb50952,1121,1,61,left-6,right,left-dark,light-up,greater-up,single,2026-03-03 21:20:38.8150000
28264,66c164257fab16961369cc02,1326,1,60,left-7,left,left-dark,light-up,fewer-up,single,2026-03-03 21:20:48.6430000
28265,63d7b81d79044b73bfb50952,1271,1,62,right-3,left,right-dark,light-up,greater-up,single,2026-03-03 21:20:42.6320000
28266,66c164257fab16961369cc02,1343,1,61,right-8,left,right-dark,dark-up,fewer-up,single,2026-03-03 21:20:51.8960000
28267,63d7b81d79044b73bfb50952,1710,1,63,right-0,left,right-dark,dark-up,fewer-up,single,2026-03-03 21:20:46.7650000
28268,66c164257fab16961369cc02,986,1,62,left-0,left,left-dark,light-up,fewer-up,single,2026-03-03 21:20:55.0490000
28269,63d7b81d79044b73bfb50952,1250,1,64,right-8,right,right-dark,light-up,fewer-up,single,2026-03-03 21:20:49.4420000
28270,66c164257fab16961369cc02,1546,1,63,right-5,right,right-dark,dark-up,greater-up,single,2026-03-03 21:20:58.2380000
28271,63d7b81d79044b73bfb50952,1123,1,65,right-6,left,right-dark,dark-up,fewer-up,single,2026-03-03 21:20:52.4440000
28272,66c164257fab16961369cc02,894,1,64,left-4,left,left-dark,dark-up,greater-up,single,2026-03-03 21:21:01.1270000
28273,63d7b81d79044b73bfb50952,1084,1,66,right-4,left,right-dark,dark-up,fewer-up,single,2026-03-03 21:20:55.9240000
28274,66c164257fab16961369cc02,1409,1,65,left-0,right,left-dark,dark-up,fewer-up,single,2026-03-03 21:21:03.8470000
28275,63d7b81d79044b73bfb50952,1153,1,67,right-1,left,right-dark,dark-up,fewer-up,single,2026-03-03 21:20:58.8630000
28276,66c164257fab16961369cc02,1068,1,66,left-1,left,left-dark,light-up,fewer-up,single,2026-03-03 21:21:06.9740000
28277,63d7b81d79044b73bfb50952,1227,0,68,right-0,left,right-dark,dark-up,greater-up,single,2026-03-03 21:21:02.4280000
28278,66c164257fab16961369cc02,1958,1,67,right-1,right,right-dark,dark-up,greater-up,single,2026-03-03 21:21:11.0020000
28279,63d7b81d79044b73bfb50952,851,1,69,right-4,left,right-dark,light-up,greater-up,single,2026-03-03 21:21:05.4270000
28280,66c164257fab16961369cc02,1135,1,68,left-8,left,left-dark,dark-up,greater-up,single,2026-03-03 21:21:14.6610000
28281,63d7b81d79044b73bfb50952,1835,1,70,right-3,left,right-dark,dark-up,fewer-up,single,2026-03-03 21:21:09.0460000
28282,66c164257fab16961369cc02,1999,1,69,right-1,right,right-dark,light-up,fewer-up,single,2026-03-03 21:21:17.9440000
28283,63d7b81d79044b73bfb50952,1310,1,71,right-2,right,right-dark,light-up,fewer-up,single,2026-03-03 21:21:12.7530000
28284,66c164257fab16961369cc02,1732,1,70,right-5,right,right-dark,light-up,fewer-up,single,2026-03-03 21:21:21.6120000
28285,63d7b81d79044b73bfb50952,1781,1,72,right-2,right,right-dark,dark-up,greater-up,single,2026-03-03 21:21:16.2200000
28286,66c164257fab16961369cc02,1376,1,71,right-8,right,right-dark,dark-up,greater-up,single,2026-03-03 21:21:25.3470000
28287,63d7b81d79044b73bfb50952,1353,1,73,left-5,right,left-dark,dark-up,fewer-up,single,2026-03-03 21:21:20.0340000
28288,66c164257fab16961369cc02,1518,1,72,right-2,right,right-dark,dark-up,greater-up,single,2026-03-03 21:21:28.2680000
28289,63d7b81d79044b73bfb50952,1134,1,74,left-1,left,left-dark,dark-up,greater-up,single,2026-03-03 21:21:22.8940000
28290,66c164257fab16961369cc02,1301,1,73,right-1,left,right-dark,light-up,greater-up,single,2026-03-03 21:21:31.4880000
28291,63d7b81d79044b73bfb50952,1554,1,75,right-6,right,right-dark,light-up,fewer-up,single,2026-03-03 21:21:26.2840000
28292,66c164257fab16961369cc02,1468,1,74,left-4,left,left-dark,light-up,fewer-up,single,2026-03-03 21:21:35.4710000
28293,63d7b81d79044b73bfb50952,1176,1,76,left-0,left,left-dark,dark-up,greater-up,single,2026-03-03 21:21:29.9780000
28294,66c164257fab16961369cc02,1144,1,75,left-8,left,left-dark,light-up,fewer-up,single,2026-03-03 21:21:38.4240000
28295,63d7b81d79044b73bfb50952,1420,1,77,left-5,left,left-dark,dark-up,greater-up,single,2026-03-03 21:21:34.1250000
28296,66c164257fab16961369cc02,1205,1,76,right-2,right,right-dark,light-up,fewer-up,single,2026-03-03 21:21:42.0990000
28297,63d7b81d79044b73bfb50952,1768,1,78,left-8,left,left-dark,light-up,fewer-up,single,2026-03-03 21:21:37.1760000
28298,66c164257fab16961369cc02,1557,1,77,right-9,left,right-dark,light-up,greater-up,single,2026-03-03 21:21:45.1880000
28299,66c164257fab16961369cc02,1230,1,78,left-6,right,left-dark,light-up,greater-up,single,2026-03-03 21:21:48.5650000
28300,63d7b81d79044b73bfb50952,1311,1,79,left-2,left,left-dark,dark-up,greater-up,single,2026-03-03 21:21:41.0230000
28301,66c164257fab16961369cc02,1292,1,79,left-5,left,left-dark,dark-up,greater-up,single,2026-03-03 21:21:51.5830000
28302,698e932beef10fc1f3bc13fb,706,1,0,right-8,right,right-dark,dark-up,greater-up,single,2026-03-03 21:41:30.0440000
28303,698e932beef10fc1f3bc13fb,715,1,1,right-6,right,right-dark,dark-up,greater-up,single,2026-03-03 21:41:32.2650000
28304,698e932beef10fc1f3bc13fb,953,1,2,left-4,right,left-dark,dark-up,fewer-up,single,2026-03-03 21:41:35.4420000
28305,698e932beef10fc1f3bc13fb,1154,1,3,left-4,left,left-dark,light-up,fewer-up,single,2026-03-03 21:41:38.1010000
28306,698e932beef10fc1f3bc13fb,1120,1,4,right-0,left,right-dark,dark-up,fewer-up,single,2026-03-03 21:41:40.5860000
28307,698e932beef10fc1f3bc13fb,1008,0,5,left-1,right,left-dark,light-up,fewer-up,single,2026-03-03 21:41:44.3560000
28308,698e932beef10fc1f3bc13fb,1023,1,6,left-2,left,left-dark,light-up,fewer-up,single,2026-03-03 21:41:47.0750000
28309,698e932beef10fc1f3bc13fb,743,1,7,left-2,left,left-dark,dark-up,greater-up,single,2026-03-03 21:41:49.6470000
28310,698e932beef10fc1f3bc13fb,1149,0,8,right-9,right,right-dark,dark-up,fewer-up,single,2026-03-03 21:41:52.7540000
28311,698e932beef10fc1f3bc13fb,1185,1,9,left-9,right,left-dark,dark-up,fewer-up,single,2026-03-03 21:41:56.5600000
28312,698e932beef10fc1f3bc13fb,998,1,10,right-0,left,right-dark,light-up,greater-up,single,2026-03-03 21:41:58.8780000
28313,698e932beef10fc1f3bc13fb,929,1,11,left-2,right,left-dark,dark-up,fewer-up,single,2026-03-03 21:42:01.4950000
28314,698e932beef10fc1f3bc13fb,696,1,12,left-4,right,left-dark,light-up,greater-up,single,2026-03-03 21:42:04.1960000
28315,698e932beef10fc1f3bc13fb,1010,1,13,left-1,right,left-dark,dark-up,fewer-up,single,2026-03-03 21:42:07.8300000
28316,698e932beef10fc1f3bc13fb,729,1,14,left-5,right,left-dark,light-up,greater-up,single,2026-03-03 21:42:10.6270000
28317,698e932beef10fc1f3bc13fb,868,1,15,right-3,left,right-dark,dark-up,fewer-up,single,2026-03-03 21:42:13.6260000
28318,698e932beef10fc1f3bc13fb,803,1,16,right-5,right,right-dark,light-up,fewer-up,single,2026-03-03 21:42:16.5680000
28319,698e932beef10fc1f3bc13fb,1026,1,17,right-2,left,right-dark,dark-up,fewer-up,single,2026-03-03 21:42:20.3220000
28320,698e932beef10fc1f3bc13fb,787,1,18,left-0,left,left-dark,dark-up,greater-up,single,2026-03-03 21:42:23.4770000
28321,698e932beef10fc1f3bc13fb,860,1,19,right-0,right,right-dark,dark-up,greater-up,single,2026-03-03 21:42:26.0470000
28322,698e932beef10fc1f3bc13fb,775,1,20,right-2,left,right-dark,light-up,greater-up,single,2026-03-03 21:42:35.7650000
28323,698e932beef10fc1f3bc13fb,1004,1,21,left-5,right,left-dark,dark-up,fewer-up,single,2026-03-03 21:42:39.2230000
28324,698e932beef10fc1f3bc13fb,701,1,22,left-6,right,left-dark,light-up,greater-up,single,2026-03-03 21:42:42.1260000
28325,698e932beef10fc1f3bc13fb,1014,1,23,left-8,left,left-dark,light-up,fewer-up,single,2026-03-03 21:42:45.0490000
28326,698e932beef10fc1f3bc13fb,840,1,24,left-0,right,left-dark,light-up,greater-up,single,2026-03-03 21:42:47.3230000
28327,698e932beef10fc1f3bc13fb,882,1,25,left-8,right,left-dark,dark-up,fewer-up,single,2026-03-03 21:42:50.6290000
28328,698e932beef10fc1f3bc13fb,727,1,26,right-3,left,right-dark,light-up,greater-up,single,2026-03-03 21:42:53.0220000
28329,698e932beef10fc1f3bc13fb,812,1,27,right-8,left,right-dark,light-up,greater-up,single,2026-03-03 21:42:55.3570000
28330,698e932beef10fc1f3bc13fb,948,1,28,right-5,left,right-dark,dark-up,fewer-up,single,2026-03-03 21:42:57.6750000
28331,698e932beef10fc1f3bc13fb,801,1,29,left-3,left,left-dark,dark-up,greater-up,single,2026-03-03 21:43:00.3090000
28332,698e932beef10fc1f3bc13fb,1073,1,30,left-6,left,left-dark,light-up,fewer-up,single,2026-03-03 21:43:02.6940000
28333,698e932beef10fc1f3bc13fb,707,1,31,right-3,right,right-dark,dark-up,greater-up,single,2026-03-03 21:43:05.5040000
28334,698e932beef10fc1f3bc13fb,901,1,32,right-1,left,right-dark,dark-up,fewer-up,single,2026-03-03 21:43:08.2040000
28335,698e932beef10fc1f3bc13fb,833,1,33,left-8,left,left-dark,dark-up,greater-up,single,2026-03-03 21:43:10.4590000
28336,698e932beef10fc1f3bc13fb,816,1,34,right-3,right,right-dark,light-up,fewer-up,single,2026-03-03 21:43:12.8280000
28337,698e932beef10fc1f3bc13fb,920,1,35,left-0,right,left-dark,dark-up,fewer-up,single,2026-03-03 21:43:15.6050000
28338,698e932beef10fc1f3bc13fb,846,1,36,right-1,right,right-dark,light-up,fewer-up,single,2026-03-03 21:43:18.4950000
28339,698e932beef10fc1f3bc13fb,933,1,37,right-4,right,right-dark,light-up,fewer-up,single,2026-03-03 21:43:20.9090000
28340,698e932beef10fc1f3bc13fb,733,1,38,right-4,right,right-dark,dark-up,greater-up,single,2026-03-03 21:43:24.1500000
28341,698e932beef10fc1f3bc13fb,834,1,39,left-7,left,left-dark,light-up,fewer-up,single,2026-03-03 21:43:27.0920000
28342,698e932beef10fc1f3bc13fb,1628,1,40,right-7,left,right-dark,light-up,greater-up,single,2026-03-03 21:43:34.0220000
28343,698e932beef10fc1f3bc13fb,999,1,41,left-7,right,left-dark,light-up,greater-up,single,2026-03-03 21:43:36.4880000
28344,698e932beef10fc1f3bc13fb,878,1,42,left-7,left,left-dark,dark-up,greater-up,single,2026-03-03 21:43:39.1360000
28345,698e932beef10fc1f3bc13fb,1194,1,43,right-6,left,right-dark,dark-up,fewer-up,single,2026-03-03 21:43:42.2610000
28346,698e932beef10fc1f3bc13fb,712,1,44,left-4,left,left-dark,dark-up,greater-up,single,2026-03-03 21:43:45.3210000
28347,698e932beef10fc1f3bc13fb,915,1,45,right-6,left,right-dark,light-up,greater-up,single,2026-03-03 21:43:48.6630000
28348,698e932beef10fc1f3bc13fb,1206,1,46,right-7,left,right-dark,dark-up,fewer-up,single,2026-03-03 21:43:51.9470000
28349,698e932beef10fc1f3bc13fb,1264,1,47,right-2,right,right-dark,light-up,fewer-up,single,2026-03-03 21:43:55.0660000
28350,698e932beef10fc1f3bc13fb,938,1,48,right-7,right,right-dark,light-up,fewer-up,single,2026-03-03 21:43:58.6680000
28351,698e932beef10fc1f3bc13fb,957,1,49,right-9,right,right-dark,light-up,fewer-up,single,2026-03-03 21:44:01.0670000
28352,698e932beef10fc1f3bc13fb,955,1,50,left-6,right,left-dark,dark-up,fewer-up,single,2026-03-03 21:44:04.4260000
28353,698e932beef10fc1f3bc13fb,757,1,51,right-5,right,right-dark,dark-up,greater-up,single,2026-03-03 21:44:07.6850000
28354,698e932beef10fc1f3bc13fb,875,1,52,right-8,left,right-dark,dark-up,fewer-up,single,2026-03-03 21:44:10.9720000
28355,698e932beef10fc1f3bc13fb,668,1,53,left-6,left,left-dark,dark-up,greater-up,single,2026-03-03 21:44:13.7750000
28356,698e932beef10fc1f3bc13fb,1328,1,54,right-5,left,right-dark,light-up,greater-up,single,2026-03-03 21:44:16.4040000
28357,698e932beef10fc1f3bc13fb,903,1,55,right-9,right,right-dark,dark-up,greater-up,single,2026-03-03 21:44:19.9950000
28358,698e932beef10fc1f3bc13fb,815,1,56,right-2,right,right-dark,dark-up,greater-up,single,2026-03-03 21:44:22.7770000
28359,698e932beef10fc1f3bc13fb,861,1,57,right-1,left,right-dark,light-up,greater-up,single,2026-03-03 21:44:25.3610000
28360,698e932beef10fc1f3bc13fb,849,1,58,left-2,right,left-dark,light-up,greater-up,single,2026-03-03 21:44:27.6660000
28361,698e932beef10fc1f3bc13fb,1296,1,59,right-0,right,right-dark,light-up,fewer-up,single,2026-03-03 21:44:30.5020000
28362,698e932beef10fc1f3bc13fb,1192,0,60,right-8,left,right-dark,light-up,fewer-up,single,2026-03-03 21:44:35.8130000
28363,698e932beef10fc1f3bc13fb,1099,1,61,left-9,left,left-dark,light-up,fewer-up,single,2026-03-03 21:44:38.3930000
28364,698e932beef10fc1f3bc13fb,868,1,62,left-3,left,left-dark,light-up,fewer-up,single,2026-03-03 21:44:41.2610000
28365,698e932beef10fc1f3bc13fb,1033,1,63,right-4,left,right-dark,dark-up,fewer-up,single,2026-03-03 21:44:44.6020000
28366,698e932beef10fc1f3bc13fb,1122,1,64,left-1,left,left-dark,dark-up,greater-up,single,2026-03-03 21:44:47.1350000
28367,698e932beef10fc1f3bc13fb,1020,1,65,left-5,left,left-dark,light-up,fewer-up,single,2026-03-03 21:44:49.9400000
28368,698e932beef10fc1f3bc13fb,1350,1,66,right-4,left,right-dark,light-up,greater-up,single,2026-03-03 21:44:53.8400000
28369,698e932beef10fc1f3bc13fb,778,1,67,right-7,right,right-dark,dark-up,greater-up,single,2026-03-03 21:44:56.5280000
28370,698e932beef10fc1f3bc13fb,807,1,68,left-8,right,left-dark,light-up,greater-up,single,2026-03-03 21:45:00.0370000
28371,698e932beef10fc1f3bc13fb,728,1,69,left-5,left,left-dark,dark-up,greater-up,single,2026-03-03 21:45:03.0910000
28372,698e932beef10fc1f3bc13fb,1085,1,70,right-9,left,right-dark,light-up,greater-up,single,2026-03-03 21:45:05.4740000
28373,698e932beef10fc1f3bc13fb,1117,1,71,left-9,right,left-dark,light-up,greater-up,single,2026-03-03 21:45:08.1640000
28374,698e932beef10fc1f3bc13fb,946,0,72,right-6,left,right-dark,light-up,fewer-up,single,2026-03-03 21:45:11.8010000
28375,698e932beef10fc1f3bc13fb,1269,1,73,left-3,right,left-dark,light-up,greater-up,single,2026-03-03 21:45:14.4250000
28376,698e932beef10fc1f3bc13fb,903,1,74,left-0,left,left-dark,light-up,fewer-up,single,2026-03-03 21:45:17.2830000
28377,698e932beef10fc1f3bc13fb,707,1,75,right-1,right,right-dark,dark-up,greater-up,single,2026-03-03 21:45:19.8640000
28378,698e932beef10fc1f3bc13fb,977,1,76,left-9,left,left-dark,dark-up,greater-up,single,2026-03-03 21:45:22.1920000
28379,698e932beef10fc1f3bc13fb,867,1,77,left-3,right,left-dark,dark-up,fewer-up,single,2026-03-03 21:45:25.2660000
28380,698e932beef10fc1f3bc13fb,987,1,78,left-7,right,left-dark,dark-up,fewer-up,single,2026-03-03 21:45:28.9780000
28381,698e932beef10fc1f3bc13fb,784,1,79,left-1,right,left-dark,light-up,greater-up,single,2026-03-03 21:45:31.6040000
28382,695f9adb2064ccdd40b77cdd,1270,1,0,right-2,left,right-dark,light-up,greater-up,single,2026-03-03 22:01:43.2390000
28383,695f9adb2064ccdd40b77cdd,1025,1,1,right-0,left,right-dark,dark-up,fewer-up,single,2026-03-03 22:01:46.6590000
28384,695f9adb2064ccdd40b77cdd,1005,1,2,right-9,left,right-dark,light-up,greater-up,single,2026-03-03 22:01:49.6660000
28385,695f9adb2064ccdd40b77cdd,829,1,3,left-4,left,left-dark,dark-up,greater-up,single,2026-03-03 22:01:53.2730000
28386,695f9adb2064ccdd40b77cdd,952,1,4,left-9,right,left-dark,light-up,greater-up,single,2026-03-03 22:01:56.8290000
28387,695f9adb2064ccdd40b77cdd,910,1,5,right-0,left,right-dark,light-up,greater-up,single,2026-03-03 22:01:59.2030000
28388,695f9adb2064ccdd40b77cdd,879,1,6,right-4,right,right-dark,dark-up,greater-up,single,2026-03-03 22:02:01.7480000
28389,695f9adb2064ccdd40b77cdd,1441,1,7,right-8,right,right-dark,light-up,fewer-up,single,2026-03-03 22:02:04.6240000
28390,695f9adb2064ccdd40b77cdd,970,1,8,left-0,right,left-dark,light-up,greater-up,single,2026-03-03 22:02:07.8820000
28391,695f9adb2064ccdd40b77cdd,949,1,9,left-7,right,left-dark,light-up,greater-up,single,2026-03-03 22:02:11.1510000
28392,695f9adb2064ccdd40b77cdd,1108,1,10,left-4,right,left-dark,light-up,greater-up,single,2026-03-03 22:02:14.4990000
28393,695f9adb2064ccdd40b77cdd,1255,1,11,left-9,left,left-dark,light-up,fewer-up,single,2026-03-03 22:02:17.4360000
28394,695f9adb2064ccdd40b77cdd,1413,1,12,right-6,right,right-dark,light-up,fewer-up,single,2026-03-03 22:02:20.3240000
28395,695f9adb2064ccdd40b77cdd,1311,1,13,left-8,left,left-dark,dark-up,greater-up,single,2026-03-03 22:02:23.0470000
28396,695f9adb2064ccdd40b77cdd,1223,1,14,left-9,right,left-dark,dark-up,fewer-up,single,2026-03-03 22:02:26.9370000
28397,695f9adb2064ccdd40b77cdd,1508,0,15,right-6,right,right-dark,light-up,greater-up,single,2026-03-03 22:02:30.5310000
28398,695f9adb2064ccdd40b77cdd,1032,1,16,right-7,left,right-dark,dark-up,fewer-up,single,2026-03-03 22:02:33.7230000
28399,695f9adb2064ccdd40b77cdd,1435,1,17,left-6,right,left-dark,dark-up,fewer-up,single,2026-03-03 22:02:37.6600000
28400,695f9adb2064ccdd40b77cdd,1556,1,18,left-1,left,left-dark,dark-up,greater-up,single,2026-03-03 22:02:40.8940000
28401,695f9adb2064ccdd40b77cdd,1302,1,19,left-0,right,left-dark,dark-up,fewer-up,single,2026-03-03 22:02:44.6420000
28402,695f9adb2064ccdd40b77cdd,1093,1,20,left-1,left,left-dark,light-up,fewer-up,single,2026-03-03 22:04:26.2830000
28403,695f9adb2064ccdd40b77cdd,1060,1,21,right-2,right,right-dark,dark-up,greater-up,single,2026-03-03 22:04:29.9610000
28404,695f9adb2064ccdd40b77cdd,1217,1,22,right-3,right,right-dark,dark-up,greater-up,single,2026-03-03 22:04:32.8230000
28405,695f9adb2064ccdd40b77cdd,1189,1,23,left-4,right,left-dark,dark-up,fewer-up,single,2026-03-03 22:04:35.3160000
28406,695f9adb2064ccdd40b77cdd,1222,1,24,right-0,right,right-dark,light-up,fewer-up,single,2026-03-03 22:04:38.3510000
28407,695f9adb2064ccdd40b77cdd,1172,1,25,left-2,right,left-dark,light-up,greater-up,single,2026-03-03 22:04:40.9420000
28408,695f9adb2064ccdd40b77cdd,1084,1,26,left-6,left,left-dark,light-up,fewer-up,single,2026-03-03 22:04:44.3260000
28409,695f9adb2064ccdd40b77cdd,1275,1,27,left-3,right,left-dark,dark-up,fewer-up,single,2026-03-03 22:04:47.3100000
28410,695f9adb2064ccdd40b77cdd,1426,1,28,left-4,left,left-dark,light-up,fewer-up,single,2026-03-03 22:04:51.1670000
28411,695f9adb2064ccdd40b77cdd,1293,0,29,right-0,left,right-dark,dark-up,greater-up,single,2026-03-03 22:04:53.8370000
28412,695f9adb2064ccdd40b77cdd,1050,1,30,right-7,left,right-dark,light-up,greater-up,single,2026-03-03 22:04:56.9110000
28413,695f9adb2064ccdd40b77cdd,1150,1,31,left-1,right,left-dark,dark-up,fewer-up,single,2026-03-03 22:05:00.5250000
28414,695f9adb2064ccdd40b77cdd,1123,1,32,left-8,left,left-dark,light-up,fewer-up,single,2026-03-03 22:05:03.4350000
28415,695f9adb2064ccdd40b77cdd,1355,1,33,right-9,left,right-dark,dark-up,fewer-up,single,2026-03-03 22:05:06.9860000
28416,695f9adb2064ccdd40b77cdd,1126,1,34,left-5,right,left-dark,dark-up,fewer-up,single,2026-03-03 22:05:09.9650000
28417,695f9adb2064ccdd40b77cdd,1228,1,35,left-5,left,left-dark,light-up,fewer-up,single,2026-03-03 22:05:13.7520000
28418,695f9adb2064ccdd40b77cdd,1004,1,36,left-2,left,left-dark,light-up,fewer-up,single,2026-03-03 22:05:17.0300000
28419,695f9adb2064ccdd40b77cdd,995,1,37,left-3,left,left-dark,dark-up,greater-up,single,2026-03-03 22:05:19.7850000
28420,695f9adb2064ccdd40b77cdd,1166,1,38,left-5,right,left-dark,light-up,greater-up,single,2026-03-03 22:05:22.7320000
28421,695f9adb2064ccdd40b77cdd,1465,1,39,right-1,right,right-dark,dark-up,greater-up,single,2026-03-03 22:05:26.7440000
28422,695f9adb2064ccdd40b77cdd,1239,1,40,left-2,left,left-dark,dark-up,greater-up,single,2026-03-03 22:06:54.7740000
28423,695f9adb2064ccdd40b77cdd,993,1,41,right-3,left,right-dark,dark-up,fewer-up,single,2026-03-03 22:06:58.1250000
28424,695f9adb2064ccdd40b77cdd,1123,1,42,left-8,right,left-dark,light-up,greater-up,single,2026-03-03 22:07:01.2500000
28425,695f9adb2064ccdd40b77cdd,1353,1,43,left-5,left,left-dark,dark-up,greater-up,single,2026-03-03 22:07:04.6200000
28426,695f9adb2064ccdd40b77cdd,1133,1,44,right-9,right,right-dark,light-up,fewer-up,single,2026-03-03 22:07:07.0960000
28427,695f9adb2064ccdd40b77cdd,917,1,45,left-7,left,left-dark,dark-up,greater-up,single,2026-03-03 22:07:10.7330000
28428,695f9adb2064ccdd40b77cdd,936,1,46,left-0,left,left-dark,light-up,fewer-up,single,2026-03-03 22:07:13.8030000
28429,695f9adb2064ccdd40b77cdd,884,1,47,right-9,right,right-dark,dark-up,greater-up,single,2026-03-03 22:07:16.3910000
28430,695f9adb2064ccdd40b77cdd,1187,1,48,right-1,left,right-dark,dark-up,fewer-up,single,2026-03-03 22:07:19.5240000
28431,695f9adb2064ccdd40b77cdd,814,1,49,right-8,right,right-dark,dark-up,greater-up,single,2026-03-03 22:07:22.2180000
28432,695f9adb2064ccdd40b77cdd,841,1,50,right-5,left,right-dark,light-up,greater-up,single,2026-03-03 22:07:25.0070000
28433,695f9adb2064ccdd40b77cdd,1783,0,51,right-8,right,right-dark,light-up,greater-up,single,2026-03-03 22:07:29.5040000
28434,695f9adb2064ccdd40b77cdd,1131,1,52,right-3,right,right-dark,light-up,fewer-up,single,2026-03-03 22:07:32.7480000
28435,695f9adb2064ccdd40b77cdd,1140,1,53,right-8,left,right-dark,dark-up,fewer-up,single,2026-03-03 22:07:36.3680000
28436,695f9adb2064ccdd40b77cdd,1503,1,54,left-9,left,left-dark,dark-up,greater-up,single,2026-03-03 22:07:40.3770000
28437,695f9adb2064ccdd40b77cdd,1162,1,55,right-2,left,right-dark,dark-up,fewer-up,single,2026-03-03 22:07:43.4200000
28438,695f9adb2064ccdd40b77cdd,1164,1,56,right-4,left,right-dark,light-up,greater-up,single,2026-03-03 22:07:47.0090000
28439,695f9adb2064ccdd40b77cdd,1084,1,57,right-5,right,right-dark,light-up,fewer-up,single,2026-03-03 22:07:50.3260000
28440,695f9adb2064ccdd40b77cdd,794,1,58,right-5,right,right-dark,dark-up,greater-up,single,2026-03-03 22:07:53.4610000
28441,695f9adb2064ccdd40b77cdd,1204,1,59,left-3,left,left-dark,light-up,fewer-up,single,2026-03-03 22:07:57.1350000
28442,695f9adb2064ccdd40b77cdd,994,1,60,left-0,left,left-dark,dark-up,greater-up,single,2026-03-03 22:08:03.9680000
28443,695f9adb2064ccdd40b77cdd,1074,1,61,left-7,left,left-dark,light-up,fewer-up,single,2026-03-03 22:08:07.5230000
28444,695f9adb2064ccdd40b77cdd,1392,1,62,left-3,right,left-dark,light-up,greater-up,single,2026-03-03 22:08:11.6770000
28445,695f9adb2064ccdd40b77cdd,1158,1,63,right-2,right,right-dark,light-up,fewer-up,single,2026-03-03 22:08:14.7140000
28446,695f9adb2064ccdd40b77cdd,1069,1,64,left-2,right,left-dark,dark-up,fewer-up,single,2026-03-03 22:08:18.4010000
28447,695f9adb2064ccdd40b77cdd,1086,1,65,right-4,left,right-dark,dark-up,fewer-up,single,2026-03-03 22:08:21.9900000
28448,695f9adb2064ccdd40b77cdd,1167,1,66,right-5,left,right-dark,dark-up,fewer-up,single,2026-03-03 22:08:25.0110000
28449,695f9adb2064ccdd40b77cdd,1923,1,67,left-6,left,left-dark,dark-up,greater-up,single,2026-03-03 22:08:28.3940000
28450,695f9adb2064ccdd40b77cdd,1024,1,68,right-7,right,right-dark,light-up,fewer-up,single,2026-03-03 22:08:31.6050000
28451,695f9adb2064ccdd40b77cdd,1115,1,69,right-1,right,right-dark,light-up,fewer-up,single,2026-03-03 22:08:35.0430000
28452,695f9adb2064ccdd40b77cdd,1439,1,70,left-8,right,left-dark,dark-up,fewer-up,single,2026-03-03 22:08:39.0840000
28453,695f9adb2064ccdd40b77cdd,1361,1,71,right-1,left,right-dark,light-up,greater-up,single,2026-03-03 22:08:42.0310000
28454,695f9adb2064ccdd40b77cdd,1192,1,72,left-7,right,left-dark,dark-up,fewer-up,single,2026-03-03 22:08:44.5050000
28455,695f9adb2064ccdd40b77cdd,1106,1,73,right-6,right,right-dark,dark-up,greater-up,single,2026-03-03 22:08:47.3920000
28456,695f9adb2064ccdd40b77cdd,952,1,74,left-6,right,left-dark,light-up,greater-up,single,2026-03-03 22:08:50.6240000
28457,695f9adb2064ccdd40b77cdd,955,1,75,right-7,right,right-dark,dark-up,greater-up,single,2026-03-03 22:08:53.4210000
28458,695f9adb2064ccdd40b77cdd,1028,1,76,left-1,right,left-dark,light-up,greater-up,single,2026-03-03 22:08:56.6980000
28459,695f9adb2064ccdd40b77cdd,1154,1,77,right-6,left,right-dark,dark-up,fewer-up,single,2026-03-03 22:09:00.3410000
28460,695f9adb2064ccdd40b77cdd,1164,1,78,right-3,left,right-dark,light-up,greater-up,single,2026-03-03 22:09:03.5330000
28461,695f9adb2064ccdd40b77cdd,1161,1,79,right-4,right,right-dark,light-up,fewer-up,single,2026-03-03 22:09:06.5490000
28462,697a73f8540ffc6503b18a26,977,1,0,left-9,left,left-dark,dark-up,greater-up,single,2026-03-03 22:11:18.6490000
28463,697a73f8540ffc6503b18a26,1068,1,1,left-4,right,left-dark,light-up,greater-up,single,2026-03-03 22:11:23.0210000
28464,697a73f8540ffc6503b18a26,1168,1,2,left-4,left,left-dark,light-up,fewer-up,single,2026-03-03 22:11:26.1880000
28465,697a73f8540ffc6503b18a26,1423,1,3,right-2,left,right-dark,dark-up,fewer-up,single,2026-03-03 22:11:29.0240000
28466,697a73f8540ffc6503b18a26,925,1,4,right-0,left,right-dark,light-up,greater-up,single,2026-03-03 22:11:32.7380000
28467,697a73f8540ffc6503b18a26,878,1,5,right-1,left,right-dark,dark-up,fewer-up,single,2026-03-03 22:11:35.8840000
28468,697a73f8540ffc6503b18a26,1253,1,6,right-4,right,right-dark,light-up,fewer-up,single,2026-03-03 22:11:38.5930000
28469,697a73f8540ffc6503b18a26,1084,1,7,left-0,left,left-dark,light-up,fewer-up,single,2026-03-03 22:11:41.7130000
28470,697a73f8540ffc6503b18a26,1074,1,8,right-0,right,right-dark,dark-up,greater-up,single,2026-03-03 22:11:44.6590000
28471,697a73f8540ffc6503b18a26,1153,1,9,right-3,left,right-dark,dark-up,fewer-up,single,2026-03-03 22:11:48.0770000
28472,697a73f8540ffc6503b18a26,1123,1,10,right-8,left,right-dark,dark-up,fewer-up,single,2026-03-03 22:11:51.0210000
28473,697a73f8540ffc6503b18a26,1321,0,11,left-6,left,left-dark,dark-up,fewer-up,single,2026-03-03 22:11:54.0080000
28474,697a73f8540ffc6503b18a26,1034,1,12,left-2,right,left-dark,light-up,greater-up,single,2026-03-03 22:11:57.6840000
28475,697a73f8540ffc6503b18a26,1160,0,13,right-7,right,right-dark,light-up,greater-up,single,2026-03-03 22:12:01.6000000
28476,697a73f8540ffc6503b18a26,1101,1,14,left-9,right,left-dark,light-up,greater-up,single,2026-03-03 22:12:05.2010000
28477,697a73f8540ffc6503b18a26,965,1,15,left-7,left,left-dark,light-up,fewer-up,single,2026-03-03 22:12:07.5510000
28478,697a73f8540ffc6503b18a26,939,1,16,left-6,right,left-dark,light-up,greater-up,single,2026-03-03 22:12:10.1920000
28479,697a73f8540ffc6503b18a26,989,1,17,left-9,left,left-dark,light-up,fewer-up,single,2026-03-03 22:12:12.7540000
28480,697a73f8540ffc6503b18a26,1077,1,18,left-6,left,left-dark,dark-up,greater-up,single,2026-03-03 22:12:15.2130000
28481,697a73f8540ffc6503b18a26,848,1,19,left-8,right,left-dark,light-up,greater-up,single,2026-03-03 22:12:18.7390000
28482,697a73f8540ffc6503b18a26,1037,1,20,right-4,left,right-dark,light-up,greater-up,single,2026-03-03 22:12:31.1230000
28483,697a73f8540ffc6503b18a26,1180,0,21,left-3,right,left-dark,dark-up,greater-up,single,2026-03-03 22:12:34.5760000
28484,697a73f8540ffc6503b18a26,1154,1,22,left-3,right,left-dark,dark-up,fewer-up,single,2026-03-03 22:12:37.4500000
28485,697a73f8540ffc6503b18a26,930,1,23,left-7,left,left-dark,dark-up,greater-up,single,2026-03-03 22:12:39.9240000
28486,697a73f8540ffc6503b18a26,942,1,24,right-9,right,right-dark,dark-up,greater-up,single,2026-03-03 22:12:43.4970000
28487,697a73f8540ffc6503b18a26,907,1,25,right-2,right,right-dark,light-up,fewer-up,single,2026-03-03 22:12:45.8770000
28488,697a73f8540ffc6503b18a26,1393,0,26,left-0,left,left-dark,light-up,greater-up,single,2026-03-03 22:12:48.6110000
28489,697a73f8540ffc6503b18a26,822,1,27,right-6,right,right-dark,dark-up,greater-up,single,2026-03-03 22:12:50.8560000
28490,697a73f8540ffc6503b18a26,1005,1,28,left-0,right,left-dark,dark-up,fewer-up,single,2026-03-03 22:12:53.7270000
28491,697a73f8540ffc6503b18a26,1235,1,29,left-3,left,left-dark,light-up,fewer-up,single,2026-03-03 22:12:56.5050000
28492,697a73f8540ffc6503b18a26,1179,1,30,right-5,left,right-dark,dark-up,fewer-up,single,2026-03-03 22:12:59.7420000
28493,697a73f8540ffc6503b18a26,1332,1,31,right-7,right,right-dark,light-up,fewer-up,single,2026-03-03 22:13:02.9910000
28494,697a73f8540ffc6503b18a26,1319,1,32,left-5,left,left-dark,dark-up,greater-up,single,2026-03-03 22:13:07.0280000
28495,697a73f8540ffc6503b18a26,958,1,33,left-3,right,left-dark,light-up,greater-up,single,2026-03-03 22:13:10.3900000
28496,697a73f8540ffc6503b18a26,850,1,34,left-4,right,left-dark,dark-up,fewer-up,single,2026-03-03 22:13:13.5660000
28497,697a73f8540ffc6503b18a26,1198,1,35,right-5,left,right-dark,light-up,greater-up,single,2026-03-03 22:13:17.3860000
28498,697a73f8540ffc6503b18a26,929,1,36,right-9,left,right-dark,dark-up,fewer-up,single,2026-03-03 22:13:20.8460000
28499,697a73f8540ffc6503b18a26,1554,1,37,right-6,right,right-dark,light-up,fewer-up,single,2026-03-03 22:13:24.7590000
28500,697a73f8540ffc6503b18a26,1098,1,38,right-0,right,right-dark,light-up,fewer-up,single,2026-03-03 22:13:28.1890000
28501,697a73f8540ffc6503b18a26,1103,1,39,left-8,left,left-dark,light-up,fewer-up,single,2026-03-03 22:13:31.8380000
28502,697a73f8540ffc6503b18a26,1273,1,40,right-9,right,right-dark,light-up,fewer-up,single,2026-03-03 22:13:44.0700000
28503,697a73f8540ffc6503b18a26,1185,0,41,left-4,right,left-dark,dark-up,greater-up,single,2026-03-03 22:13:47.6120000
28504,697a73f8540ffc6503b18a26,1240,1,42,left-1,right,left-dark,dark-up,fewer-up,single,2026-03-03 22:13:50.7150000
28505,697a73f8540ffc6503b18a26,1013,1,43,left-2,left,left-dark,dark-up,greater-up,single,2026-03-03 22:13:53.1860000
28506,697a73f8540ffc6503b18a26,1014,1,44,left-8,left,left-dark,dark-up,greater-up,single,2026-03-03 22:13:55.6750000
28507,697a73f8540ffc6503b18a26,1420,1,45,left-5,left,left-dark,light-up,fewer-up,single,2026-03-03 22:13:59.3740000
28508,697a73f8540ffc6503b18a26,1350,1,46,right-3,left,right-dark,light-up,greater-up,single,2026-03-03 22:14:02.3070000
28509,697a73f8540ffc6503b18a26,1105,1,47,right-8,right,right-dark,light-up,fewer-up,single,2026-03-03 22:14:04.8460000
28510,6949ca3d2fa32d8101dea6a7,991,1,0,left-4,left,left-dark,dark-up,greater-up,single,2026-03-03 22:14:03.2580000
28511,697a73f8540ffc6503b18a26,1177,1,48,right-7,right,right-dark,dark-up,greater-up,single,2026-03-03 22:14:08.1080000
28512,6949ca3d2fa32d8101dea6a7,1283,1,1,right-4,left,right-dark,dark-up,fewer-up,single,2026-03-03 22:14:06.7210000
28513,697a73f8540ffc6503b18a26,969,1,49,right-2,right,right-dark,dark-up,greater-up,single,2026-03-03 22:14:10.7640000
28514,6949ca3d2fa32d8101dea6a7,980,1,2,left-0,right,left-dark,light-up,greater-up,single,2026-03-03 22:14:09.4870000
28515,697a73f8540ffc6503b18a26,1221,1,50,right-8,left,right-dark,light-up,greater-up,single,2026-03-03 22:14:14.4840000
28516,6949ca3d2fa32d8101dea6a7,898,1,3,right-7,left,right-dark,light-up,greater-up,single,2026-03-03 22:14:12.8120000
28517,697a73f8540ffc6503b18a26,981,1,51,right-9,left,right-dark,light-up,greater-up,single,2026-03-03 22:14:16.8020000
28518,6949ca3d2fa32d8101dea6a7,738,1,4,right-9,left,right-dark,light-up,greater-up,single,2026-03-03 22:14:15.6090000
28519,697a73f8540ffc6503b18a26,1378,1,52,right-4,left,right-dark,dark-up,fewer-up,single,2026-03-03 22:14:19.7020000
28520,6949ca3d2fa32d8101dea6a7,1099,1,5,right-8,right,right-dark,dark-up,greater-up,single,2026-03-03 22:14:19.5380000
28521,697a73f8540ffc6503b18a26,1198,1,53,right-7,left,right-dark,dark-up,fewer-up,single,2026-03-03 22:14:22.7070000
28522,6949ca3d2fa32d8101dea6a7,743,0,6,left-2,left,left-dark,dark-up,fewer-up,single,2026-03-03 22:14:22.6770000
28523,697a73f8540ffc6503b18a26,976,1,54,left-1,right,left-dark,light-up,greater-up,single,2026-03-03 22:14:25.8790000
28524,6949ca3d2fa32d8101dea6a7,884,1,7,right-1,left,right-dark,dark-up,fewer-up,single,2026-03-03 22:14:26.3920000
28525,697a73f8540ffc6503b18a26,1248,1,55,right-1,right,right-dark,light-up,fewer-up,single,2026-03-03 22:14:29.4640000
28526,6949ca3d2fa32d8101dea6a7,732,1,8,right-6,left,right-dark,light-up,greater-up,single,2026-03-03 22:14:29.2110000
28527,697a73f8540ffc6503b18a26,1313,1,56,left-5,right,left-dark,light-up,greater-up,single,2026-03-03 22:14:33.1440000
28528,6949ca3d2fa32d8101dea6a7,932,1,9,right-3,right,right-dark,dark-up,greater-up,single,2026-03-03 22:14:32.8220000
28529,697a73f8540ffc6503b18a26,1390,1,57,left-1,left,left-dark,light-up,fewer-up,single,2026-03-03 22:14:35.9590000
28530,6949ca3d2fa32d8101dea6a7,1365,1,10,left-0,left,left-dark,light-up,fewer-up,single,2026-03-03 22:14:36.7760000
28531,697a73f8540ffc6503b18a26,1257,1,58,left-9,right,left-dark,dark-up,fewer-up,single,2026-03-03 22:14:39.8120000
28532,6949ca3d2fa32d8101dea6a7,1181,1,11,left-6,right,left-dark,dark-up,fewer-up,single,2026-03-03 22:14:39.5950000
28533,697a73f8540ffc6503b18a26,1211,1,59,left-5,right,left-dark,dark-up,fewer-up,single,2026-03-03 22:14:42.8980000
28534,6949ca3d2fa32d8101dea6a7,1264,1,12,right-1,right,right-dark,dark-up,greater-up,single,2026-03-03 22:14:43.1050000
28535,6949ca3d2fa32d8101dea6a7,807,0,13,left-6,left,left-dark,light-up,greater-up,single,2026-03-03 22:14:46.4570000
28536,697a73f8540ffc6503b18a26,1046,1,60,left-1,left,left-dark,dark-up,greater-up,single,2026-03-03 22:14:49.9750000
28537,6949ca3d2fa32d8101dea6a7,1220,1,14,right-0,left,right-dark,dark-up,fewer-up,single,2026-03-03 22:14:49.6740000
28538,697a73f8540ffc6503b18a26,920,1,61,right-3,right,right-dark,dark-up,greater-up,single,2026-03-03 22:14:53.4060000
28539,6949ca3d2fa32d8101dea6a7,1360,1,15,left-9,right,left-dark,dark-up,fewer-up,single,2026-03-03 22:14:52.7770000
28540,697a73f8540ffc6503b18a26,986,1,62,right-0,left,right-dark,dark-up,fewer-up,single,2026-03-03 22:14:56.2120000
28541,6949ca3d2fa32d8101dea6a7,1174,1,16,right-2,right,right-dark,dark-up,greater-up,single,2026-03-03 22:14:55.5650000
28542,697a73f8540ffc6503b18a26,849,1,63,right-8,right,right-dark,dark-up,greater-up,single,2026-03-03 22:14:59.6400000
28543,6949ca3d2fa32d8101dea6a7,797,0,17,right-3,right,right-dark,dark-up,fewer-up,single,2026-03-03 22:14:58.7650000
28544,697a73f8540ffc6503b18a26,953,1,64,left-6,left,left-dark,light-up,fewer-up,single,2026-03-03 22:15:03.1380000
28545,6949ca3d2fa32d8101dea6a7,834,1,18,left-2,left,left-dark,dark-up,greater-up,single,2026-03-03 22:15:02.1080000
28546,697a73f8540ffc6503b18a26,1073,1,65,left-2,left,left-dark,light-up,fewer-up,single,2026-03-03 22:15:06.8970000
28547,6949ca3d2fa32d8101dea6a7,983,1,19,left-1,right,left-dark,dark-up,fewer-up,single,2026-03-03 22:15:05.4140000
28548,697a73f8540ffc6503b18a26,976,1,66,left-0,left,left-dark,dark-up,greater-up,single,2026-03-03 22:15:10.1450000
28549,697a73f8540ffc6503b18a26,1036,1,67,right-2,left,right-dark,light-up,greater-up,single,2026-03-03 22:15:13.7580000
28550,6949ca3d2fa32d8101dea6a7,1608,1,20,right-0,right,right-dark,light-up,fewer-up,single,2026-03-03 22:15:12.1480000
28551,697a73f8540ffc6503b18a26,1007,1,68,right-3,right,right-dark,light-up,fewer-up,single,2026-03-03 22:15:16.8960000
28552,6949ca3d2fa32d8101dea6a7,1220,1,21,left-9,right,left-dark,light-up,greater-up,single,2026-03-03 22:15:15.3340000
28553,697a73f8540ffc6503b18a26,1072,1,69,right-4,right,right-dark,dark-up,greater-up,single,2026-03-03 22:15:19.3710000
28554,6949ca3d2fa32d8101dea6a7,1510,1,22,left-2,left,left-dark,light-up,fewer-up,single,2026-03-03 22:15:18.7000000
28555,697a73f8540ffc6503b18a26,1197,1,70,left-2,right,left-dark,dark-up,fewer-up,single,2026-03-03 22:15:22.2730000
28556,6949ca3d2fa32d8101dea6a7,NULL,0,23,left-4,none,left-dark,light-up,greater-up,single,2026-03-03 22:15:21.3490000
28557,697a73f8540ffc6503b18a26,1391,1,71,right-1,left,right-dark,light-up,greater-up,single,2026-03-03 22:15:25.1530000
28558,6949ca3d2fa32d8101dea6a7,1239,1,24,right-0,right,right-dark,dark-up,greater-up,single,2026-03-03 22:15:24.6980000
28559,697a73f8540ffc6503b18a26,858,1,72,left-7,right,left-dark,light-up,greater-up,single,2026-03-03 22:15:27.6730000
28560,6949ca3d2fa32d8101dea6a7,1244,1,25,left-7,right,left-dark,dark-up,fewer-up,single,2026-03-03 22:15:27.5830000
28561,697a73f8540ffc6503b18a26,1066,1,73,right-5,right,right-dark,light-up,fewer-up,single,2026-03-03 22:15:31.0210000
28562,6949ca3d2fa32d8101dea6a7,1209,1,26,left-3,left,left-dark,light-up,fewer-up,single,2026-03-03 22:15:31.3400000
28563,697a73f8540ffc6503b18a26,1521,1,74,left-8,right,left-dark,dark-up,fewer-up,single,2026-03-03 22:15:34.9720000
28564,6949ca3d2fa32d8101dea6a7,1404,1,27,right-7,right,right-dark,dark-up,greater-up,single,2026-03-03 22:15:35.4280000
28565,697a73f8540ffc6503b18a26,1133,1,75,right-6,left,right-dark,light-up,greater-up,single,2026-03-03 22:15:38.3790000
28566,6949ca3d2fa32d8101dea6a7,980,1,28,right-6,left,right-dark,dark-up,fewer-up,single,2026-03-03 22:15:38.9000000
28567,697a73f8540ffc6503b18a26,927,1,76,right-5,right,right-dark,dark-up,greater-up,single,2026-03-03 22:15:41.0940000
28568,697a73f8540ffc6503b18a26,1126,1,77,left-7,right,left-dark,dark-up,fewer-up,single,2026-03-03 22:15:43.9600000
28569,6949ca3d2fa32d8101dea6a7,888,0,29,left-3,right,left-dark,dark-up,greater-up,single,2026-03-03 22:15:42.5340000
28570,697a73f8540ffc6503b18a26,1144,1,78,right-1,right,right-dark,dark-up,greater-up,single,2026-03-03 22:15:46.5390000
28571,6949ca3d2fa32d8101dea6a7,1263,1,30,left-3,right,left-dark,light-up,greater-up,single,2026-03-03 22:15:46.3270000
28572,697a73f8540ffc6503b18a26,1072,1,79,right-6,left,right-dark,dark-up,fewer-up,single,2026-03-03 22:15:49.7390000
28573,6949ca3d2fa32d8101dea6a7,953,1,31,right-8,left,right-dark,light-up,greater-up,single,2026-03-03 22:15:49.8850000
28574,6949ca3d2fa32d8101dea6a7,888,1,32,left-1,left,left-dark,dark-up,greater-up,single,2026-03-03 22:15:52.7600000
28575,6949ca3d2fa32d8101dea6a7,1045,1,33,right-9,left,right-dark,dark-up,fewer-up,single,2026-03-03 22:15:56.4620000
28576,6949ca3d2fa32d8101dea6a7,851,1,34,left-8,right,left-dark,dark-up,fewer-up,single,2026-03-03 22:15:59.8510000
28577,6949ca3d2fa32d8101dea6a7,1040,0,35,right-1,left,right-dark,light-up,fewer-up,single,2026-03-03 22:16:02.9700000
28578,6949ca3d2fa32d8101dea6a7,1284,1,36,left-7,left,left-dark,dark-up,greater-up,single,2026-03-03 22:16:06.3190000
28579,6949ca3d2fa32d8101dea6a7,894,1,37,right-3,left,right-dark,light-up,greater-up,single,2026-03-03 22:16:09.3360000
28580,6949ca3d2fa32d8101dea6a7,997,1,38,left-1,right,left-dark,light-up,greater-up,single,2026-03-03 22:16:12.5710000
28581,6949ca3d2fa32d8101dea6a7,1053,1,39,left-7,right,left-dark,light-up,greater-up,single,2026-03-03 22:16:15.6950000
28582,6949ca3d2fa32d8101dea6a7,1367,1,40,right-4,right,right-dark,light-up,fewer-up,single,2026-03-03 22:16:25.1520000
28583,6949ca3d2fa32d8101dea6a7,995,1,41,right-7,right,right-dark,light-up,fewer-up,single,2026-03-03 22:16:27.9520000
28584,6949ca3d2fa32d8101dea6a7,1014,1,42,left-0,right,left-dark,dark-up,fewer-up,single,2026-03-03 22:16:31.6530000
28585,6949ca3d2fa32d8101dea6a7,1074,1,43,right-1,left,right-dark,light-up,greater-up,single,2026-03-03 22:16:34.9700000
28586,6949ca3d2fa32d8101dea6a7,904,1,44,left-0,left,left-dark,dark-up,greater-up,single,2026-03-03 22:16:37.2380000
28587,6949ca3d2fa32d8101dea6a7,833,1,45,right-4,left,right-dark,light-up,greater-up,single,2026-03-03 22:16:40.8380000
28588,6949ca3d2fa32d8101dea6a7,715,1,46,right-4,right,right-dark,dark-up,greater-up,single,2026-03-03 22:16:43.6560000
28589,6949ca3d2fa32d8101dea6a7,916,1,47,right-5,left,right-dark,dark-up,fewer-up,single,2026-03-03 22:16:46.1810000
28590,6949ca3d2fa32d8101dea6a7,1211,1,48,left-9,left,left-dark,dark-up,greater-up,single,2026-03-03 22:16:49.4530000
28591,6949ca3d2fa32d8101dea6a7,811,1,49,left-6,left,left-dark,dark-up,greater-up,single,2026-03-03 22:16:51.6230000
28592,6949ca3d2fa32d8101dea6a7,775,1,50,right-9,right,right-dark,dark-up,greater-up,single,2026-03-03 22:16:54.0390000
28593,6949ca3d2fa32d8101dea6a7,728,1,51,right-2,left,right-dark,light-up,greater-up,single,2026-03-03 22:16:56.4660000
28594,6949ca3d2fa32d8101dea6a7,741,1,52,left-5,left,left-dark,dark-up,greater-up,single,2026-03-03 22:16:59.8540000
28595,6949ca3d2fa32d8101dea6a7,734,1,53,right-5,right,right-dark,dark-up,greater-up,single,2026-03-03 22:17:03.1210000
28596,6949ca3d2fa32d8101dea6a7,820,1,54,right-6,right,right-dark,dark-up,greater-up,single,2026-03-03 22:17:05.7710000
28597,6949ca3d2fa32d8101dea6a7,1661,1,55,left-5,right,left-dark,dark-up,fewer-up,single,2026-03-03 22:17:08.8470000
28598,6949ca3d2fa32d8101dea6a7,830,1,56,right-8,right,right-dark,light-up,fewer-up,single,2026-03-03 22:17:11.2030000
28599,6949ca3d2fa32d8101dea6a7,863,1,57,left-1,left,left-dark,light-up,fewer-up,single,2026-03-03 22:17:13.6850000
28600,6949ca3d2fa32d8101dea6a7,1412,1,58,left-8,right,left-dark,light-up,greater-up,single,2026-03-03 22:17:16.8570000
28601,6949ca3d2fa32d8101dea6a7,1103,1,59,left-3,right,left-dark,dark-up,fewer-up,single,2026-03-03 22:17:19.3660000
28602,6949ca3d2fa32d8101dea6a7,1150,1,60,right-5,left,right-dark,light-up,greater-up,single,2026-03-03 22:17:24.8700000
28603,6949ca3d2fa32d8101dea6a7,939,1,61,right-9,right,right-dark,light-up,fewer-up,single,2026-03-03 22:17:27.9680000
28604,6949ca3d2fa32d8101dea6a7,808,1,62,left-6,left,left-dark,light-up,fewer-up,single,2026-03-03 22:17:30.6920000
28605,6949ca3d2fa32d8101dea6a7,721,1,63,right-5,right,right-dark,light-up,fewer-up,single,2026-03-03 22:17:34.0360000
28606,6949ca3d2fa32d8101dea6a7,921,1,64,left-5,right,left-dark,light-up,greater-up,single,2026-03-03 22:17:37.3410000
28607,6949ca3d2fa32d8101dea6a7,1085,1,65,right-3,right,right-dark,light-up,fewer-up,single,2026-03-03 22:17:39.9240000
28608,6949ca3d2fa32d8101dea6a7,837,1,66,left-8,left,left-dark,dark-up,greater-up,single,2026-03-03 22:17:42.6580000
28609,6949ca3d2fa32d8101dea6a7,891,1,67,left-7,left,left-dark,light-up,fewer-up,single,2026-03-03 22:17:46.3190000
28610,6949ca3d2fa32d8101dea6a7,797,1,68,left-4,left,left-dark,light-up,fewer-up,single,2026-03-03 22:17:49.0580000
28611,6949ca3d2fa32d8101dea6a7,1216,1,69,right-0,left,right-dark,light-up,greater-up,single,2026-03-03 22:17:52.8620000
28612,6949ca3d2fa32d8101dea6a7,1065,1,70,left-9,left,left-dark,light-up,fewer-up,single,2026-03-03 22:17:55.4870000
28613,6949ca3d2fa32d8101dea6a7,1336,1,71,left-4,right,left-dark,dark-up,fewer-up,single,2026-03-03 22:17:58.5090000
28614,6949ca3d2fa32d8101dea6a7,859,1,72,right-6,right,right-dark,light-up,fewer-up,single,2026-03-03 22:18:01.8870000
28615,6949ca3d2fa32d8101dea6a7,1158,1,73,left-5,left,left-dark,light-up,fewer-up,single,2026-03-03 22:18:05.2770000
28616,6949ca3d2fa32d8101dea6a7,852,1,74,left-8,left,left-dark,light-up,fewer-up,single,2026-03-03 22:18:08.1660000
28617,6949ca3d2fa32d8101dea6a7,986,1,75,right-8,left,right-dark,dark-up,fewer-up,single,2026-03-03 22:18:11.8700000
28618,6949ca3d2fa32d8101dea6a7,1000,1,76,right-7,left,right-dark,dark-up,fewer-up,single,2026-03-03 22:18:15.4060000
28619,6949ca3d2fa32d8101dea6a7,998,1,77,right-2,left,right-dark,dark-up,fewer-up,single,2026-03-03 22:18:17.7870000
28620,6949ca3d2fa32d8101dea6a7,959,1,78,left-2,right,left-dark,light-up,greater-up,single,2026-03-03 22:18:21.4730000
28621,6949ca3d2fa32d8101dea6a7,1010,1,79,right-2,right,right-dark,light-up,fewer-up,single,2026-03-03 22:18:23.9390000
