id,participant_id,duration,response_time,correct,trial_number,stimuli_number,response,heatmap_condition,legend_condition,label_condition,attention,time_when
724,6610490691f72e42aa124c90,1544.5,1544.5,1,0,left-1,left,left-dark,light-up,fewer-up,single,2026-02-13 18:43:02.2320000
725,6610490691f72e42aa124c90,3174.900000002235,3174.900000002235,1,1,left-1,right,left-dark,dark-up,fewer-up,single,2026-02-13 18:43:05.9090000
726,6610490691f72e42aa124c90,1608.7000000029802,1608.7000000029802,1,2,left-5,right,left-dark,light-up,greater-up,single,2026-02-13 18:43:08.0190000
727,6610490691f72e42aa124c90,1486.7000000029802,1486.7000000029802,1,3,right-2,right,right-dark,light-up,fewer-up,single,2026-02-13 18:43:10.0080000
728,6610490691f72e42aa124c90,1406.4000000022352,1406.4000000022352,1,4,right-4,right,right-dark,dark-up,greater-up,single,2026-02-13 18:43:11.9160000
729,6610490691f72e42aa124c90,1022.8999999985099,1022.8999999985099,1,5,right-5,left,right-dark,light-up,greater-up,single,2026-02-13 18:43:13.4400000
730,6610490691f72e42aa124c90,1326.6000000014901,1326.6000000014901,1,6,right-5,right,right-dark,dark-up,greater-up,single,2026-02-13 18:43:15.2700000
731,6610490691f72e42aa124c90,1773.2999999970198,1773.2999999970198,1,7,left-3,right,left-dark,dark-up,fewer-up,single,2026-02-13 18:43:17.5440000
732,6610490691f72e42aa124c90,1490.5999999977648,1490.5999999977648,1,8,right-9,right,right-dark,dark-up,greater-up,single,2026-02-13 18:43:19.5360000
733,6610490691f72e42aa124c90,1212.300000000745,1212.300000000745,1,9,right-3,left,right-dark,light-up,greater-up,single,2026-02-13 18:43:21.2500000
734,6610490691f72e42aa124c90,1887.9000000022352,1887.9000000022352,1,10,right-1,left,right-dark,light-up,greater-up,single,2026-02-13 18:43:23.6400000
735,6610490691f72e42aa124c90,1629.9000000022352,1629.9000000022352,0,11,left-5,right,left-dark,light-up,fewer-up,single,2026-02-13 18:43:25.7720000
736,6610490691f72e42aa124c90,1632.199999999255,1632.199999999255,1,12,left-6,left,left-dark,dark-up,greater-up,single,2026-02-13 18:43:28.9090000
737,6610490691f72e42aa124c90,1262,1262,1,13,left-8,left,left-dark,dark-up,greater-up,single,2026-02-13 18:43:30.6720000
738,6610490691f72e42aa124c90,1540,1540,1,14,left-4,left,left-dark,light-up,fewer-up,single,2026-02-13 18:43:32.7140000
739,6610490691f72e42aa124c90,1301,1301,1,15,right-2,right,right-dark,dark-up,greater-up,single,2026-02-13 18:43:34.5170000
740,6610490691f72e42aa124c90,1471.6000000014901,1471.6000000014901,1,16,left-7,left,left-dark,light-up,fewer-up,single,2026-02-13 18:43:36.4900000
741,6610490691f72e42aa124c90,1643.2999999970198,1643.2999999970198,1,17,left-5,left,left-dark,dark-up,greater-up,single,2026-02-13 18:43:38.6350000
742,6610490691f72e42aa124c90,2724.60000000149,2724.60000000149,1,18,right-0,left,right-dark,dark-up,fewer-up,single,2026-02-13 18:43:41.8610000
743,6610490691f72e42aa124c90,1283.199999999255,1283.199999999255,1,19,right-6,left,right-dark,dark-up,fewer-up,single,2026-02-13 18:43:43.6450000
744,6610490691f72e42aa124c90,2215.900000002235,2215.900000002235,1,20,left-3,right,left-dark,light-up,greater-up,single,2026-02-13 18:43:49.4530000
745,6610490691f72e42aa124c90,1126.7000000029802,1126.7000000029802,1,21,left-2,right,left-dark,light-up,greater-up,single,2026-02-13 18:43:51.0820000
746,6610490691f72e42aa124c90,1358.300000000745,1358.300000000745,1,22,left-2,left,left-dark,light-up,fewer-up,single,2026-02-13 18:43:52.9410000
747,6610490691f72e42aa124c90,1386.699999999255,1386.699999999255,1,23,right-4,right,right-dark,light-up,fewer-up,single,2026-02-13 18:43:54.8300000
748,6610490691f72e42aa124c90,1934.8999999985099,1934.8999999985099,1,24,left-9,right,left-dark,dark-up,fewer-up,single,2026-02-13 18:43:57.2670000
749,6610490691f72e42aa124c90,1559.800000000745,1559.800000000745,1,25,left-4,right,left-dark,light-up,greater-up,single,2026-02-13 18:43:59.3290000
750,6610490691f72e42aa124c90,1757.300000000745,1757.300000000745,1,26,right-3,left,right-dark,dark-up,fewer-up,single,2026-02-13 18:44:01.5880000
751,6610490691f72e42aa124c90,1576.6000000014901,1576.6000000014901,1,27,right-3,right,right-dark,dark-up,greater-up,single,2026-02-13 18:44:03.6660000
752,6610490691f72e42aa124c90,1904.9000000022352,1904.9000000022352,1,28,right-7,left,right-dark,dark-up,fewer-up,single,2026-02-13 18:44:06.0730000
753,6610490691f72e42aa124c90,1718.699999999255,1718.699999999255,1,29,right-4,left,right-dark,dark-up,fewer-up,single,2026-02-13 18:44:08.2940000
754,6610490691f72e42aa124c90,1662.8999999985099,1662.8999999985099,1,30,left-8,right,left-dark,light-up,greater-up,single,2026-02-13 18:44:10.4580000
755,6610490691f72e42aa124c90,1483.199999999255,1483.199999999255,1,31,right-1,right,right-dark,dark-up,greater-up,single,2026-02-13 18:44:12.4430000
756,6610490691f72e42aa124c90,1301.4000000022352,1301.4000000022352,1,32,right-7,right,right-dark,dark-up,greater-up,single,2026-02-13 18:44:14.2460000
757,6610490691f72e42aa124c90,1810,1810,1,33,right-4,left,right-dark,light-up,greater-up,single,2026-02-13 18:44:16.5580000
758,6610490691f72e42aa124c90,1363.9000000022352,1363.9000000022352,1,34,right-3,right,right-dark,light-up,fewer-up,single,2026-02-13 18:44:18.4240000
759,6610490691f72e42aa124c90,1111.6000000014901,1111.6000000014901,1,35,right-9,right,right-dark,light-up,fewer-up,single,2026-02-13 18:44:20.0380000
760,6610490691f72e42aa124c90,1594.199999999255,1594.199999999255,1,36,right-7,left,right-dark,light-up,greater-up,single,2026-02-13 18:44:22.1340000
761,6610490691f72e42aa124c90,1406.5999999977648,1406.5999999977648,1,37,right-9,left,right-dark,dark-up,fewer-up,single,2026-02-13 18:44:24.0430000
762,6610490691f72e42aa124c90,1828.2999999970198,1828.2999999970198,1,38,left-0,right,left-dark,dark-up,fewer-up,single,2026-02-13 18:44:26.3730000
763,6610490691f72e42aa124c90,1469.4000000022352,1469.4000000022352,1,39,left-0,left,left-dark,dark-up,greater-up,single,2026-02-13 18:44:28.3440000
764,6610490691f72e42aa124c90,1365.699999999255,1365.699999999255,1,40,left-4,left,left-dark,dark-up,greater-up,single,2026-02-13 18:44:33.5620000
765,6610490691f72e42aa124c90,1446.6000000014901,1446.6000000014901,1,41,left-3,left,left-dark,light-up,fewer-up,single,2026-02-13 18:44:35.5110000
766,6610490691f72e42aa124c90,2048.199999999255,2048.199999999255,1,42,right-8,left,right-dark,dark-up,fewer-up,single,2026-02-13 18:44:38.0610000
767,6610490691f72e42aa124c90,1535.5,1535.5,1,43,left-5,right,left-dark,dark-up,fewer-up,single,2026-02-13 18:44:40.0990000
768,6610490691f72e42aa124c90,1460.5,1460.5,1,44,left-7,right,left-dark,light-up,greater-up,single,2026-02-13 18:44:42.0610000
769,6610490691f72e42aa124c90,1089.699999999255,1089.699999999255,1,45,left-1,left,left-dark,dark-up,greater-up,single,2026-02-13 18:44:43.6510000
770,6610490691f72e42aa124c90,1370.5999999977648,1370.5999999977648,1,46,left-2,right,left-dark,dark-up,fewer-up,single,2026-02-13 18:44:45.5240000
771,6610490691f72e42aa124c90,1554.5,1554.5,1,47,right-2,left,right-dark,dark-up,fewer-up,single,2026-02-13 18:44:47.5800000
772,6610490691f72e42aa124c90,1614.2000000029802,1614.2000000029802,1,48,right-2,left,right-dark,light-up,greater-up,single,2026-02-13 18:44:49.6960000
773,6610490691f72e42aa124c90,1882.699999999255,1882.699999999255,1,49,left-7,right,left-dark,dark-up,fewer-up,single,2026-02-13 18:44:52.0810000
774,6610490691f72e42aa124c90,1712.199999999255,1712.199999999255,1,50,right-6,left,right-dark,light-up,greater-up,single,2026-02-13 18:44:54.2960000
775,6610490691f72e42aa124c90,1426.300000000745,1426.300000000745,1,51,left-9,right,left-dark,light-up,greater-up,single,2026-02-13 18:44:56.2230000
776,6610490691f72e42aa124c90,1347.5,1347.5,1,52,right-0,right,right-dark,dark-up,greater-up,single,2026-02-13 18:44:58.0720000
777,6610490691f72e42aa124c90,1389.1000000014901,1389.1000000014901,1,53,left-2,left,left-dark,dark-up,greater-up,single,2026-02-13 18:44:59.9630000
778,6610490691f72e42aa124c90,1465.9000000022352,1465.9000000022352,1,54,left-6,right,left-dark,dark-up,fewer-up,single,2026-02-13 18:45:01.9310000
779,6610490691f72e42aa124c90,1262.199999999255,1262.199999999255,1,55,left-6,left,left-dark,light-up,fewer-up,single,2026-02-13 18:45:03.6950000
780,6610490691f72e42aa124c90,1065.2999999970198,1065.2999999970198,1,56,right-8,right,right-dark,dark-up,greater-up,single,2026-02-13 18:45:05.2620000
781,6610490691f72e42aa124c90,1126.6000000014901,1126.6000000014901,1,57,left-0,left,left-dark,light-up,fewer-up,single,2026-02-13 18:45:06.8910000
782,6610490691f72e42aa124c90,1397.300000000745,1397.300000000745,1,58,left-1,right,left-dark,light-up,greater-up,single,2026-02-13 18:45:08.7900000
783,6610490691f72e42aa124c90,1498.1000000014901,1498.1000000014901,1,59,left-9,left,left-dark,light-up,fewer-up,single,2026-02-13 18:45:10.7900000
784,6610490691f72e42aa124c90,2070.400000002235,2070.400000002235,1,60,left-3,left,left-dark,dark-up,greater-up,single,2026-02-13 18:45:16.8550000
785,6610490691f72e42aa124c90,2118.800000000745,2118.800000000745,1,61,right-0,left,right-dark,light-up,greater-up,single,2026-02-13 18:45:19.4750000
786,6610490691f72e42aa124c90,1218.3999999985099,1218.3999999985099,1,62,right-8,right,right-dark,light-up,fewer-up,single,2026-02-13 18:45:21.1950000
787,6610490691f72e42aa124c90,1307.7999999970198,1307.7999999970198,1,63,left-0,right,left-dark,light-up,greater-up,single,2026-02-13 18:45:23.0050000
788,6610490691f72e42aa124c90,1693.300000000745,1693.300000000745,1,64,left-7,left,left-dark,dark-up,greater-up,single,2026-02-13 18:45:25.2000000
789,6610490691f72e42aa124c90,1663.199999999255,1663.199999999255,1,65,right-5,left,right-dark,dark-up,fewer-up,single,2026-02-13 18:45:27.3650000
790,6610490691f72e42aa124c90,1346.6000000014901,1346.6000000014901,1,66,right-8,left,right-dark,light-up,greater-up,single,2026-02-13 18:45:29.2140000
791,6610490691f72e42aa124c90,1842.300000000745,1842.300000000745,1,67,right-0,right,right-dark,light-up,fewer-up,single,2026-02-13 18:45:31.5580000
792,6610490691f72e42aa124c90,1218,1218,1,68,right-5,right,right-dark,light-up,fewer-up,single,2026-02-13 18:45:33.2780000
793,6610490691f72e42aa124c90,1581.300000000745,1581.300000000745,1,69,right-6,right,right-dark,dark-up,greater-up,single,2026-02-13 18:45:35.3600000
794,6610490691f72e42aa124c90,1144.800000000745,1144.800000000745,1,70,right-6,right,right-dark,light-up,fewer-up,single,2026-02-13 18:45:37.0070000
795,6610490691f72e42aa124c90,1501.699999999255,1501.699999999255,1,71,left-6,right,left-dark,light-up,greater-up,single,2026-02-13 18:45:39.0100000
796,6610490691f72e42aa124c90,1056,1056,1,72,right-9,left,right-dark,light-up,greater-up,single,2026-02-13 18:45:40.5680000
797,6610490691f72e42aa124c90,1472,1472,1,73,left-9,left,left-dark,dark-up,greater-up,single,2026-02-13 18:45:42.5410000
798,6610490691f72e42aa124c90,1315,1315,1,74,left-8,left,left-dark,light-up,fewer-up,single,2026-02-13 18:45:44.3570000
799,6610490691f72e42aa124c90,1688.800000000745,1688.800000000745,1,75,left-8,right,left-dark,dark-up,fewer-up,single,2026-02-13 18:45:46.5480000
800,6610490691f72e42aa124c90,1794.199999999255,1794.199999999255,1,76,right-1,right,right-dark,light-up,fewer-up,single,2026-02-13 18:45:48.8440000
801,6610490691f72e42aa124c90,1475.1000000014901,1475.1000000014901,1,77,left-4,right,left-dark,dark-up,fewer-up,single,2026-02-13 18:45:50.8210000
802,6610490691f72e42aa124c90,1663.800000000745,1663.800000000745,1,78,right-7,right,right-dark,light-up,fewer-up,single,2026-02-13 18:45:52.9870000
803,6610490691f72e42aa124c90,1807.699999999255,1807.699999999255,1,79,right-1,left,right-dark,dark-up,fewer-up,single,2026-02-13 18:45:55.2960000
804,5f285dc5b09b3715fa20a14c,4533,4533,1,0,right-2,right,right-dark,dark-up,greater-up,single,2026-02-13 19:38:29.6490000
805,5f285dc5b09b3715fa20a14c,3507.4000000003725,3507.4000000003725,1,1,right-1,left,right-dark,light-up,greater-up,single,2026-02-13 19:38:33.6610000
806,5f285dc5b09b3715fa20a14c,2002.9000000003725,2002.9000000003725,1,2,right-5,left,right-dark,dark-up,fewer-up,single,2026-02-13 19:38:36.1660000
807,5f285dc5b09b3715fa20a14c,1716,1716,1,3,left-3,left,left-dark,dark-up,greater-up,single,2026-02-13 19:38:38.3850000
808,5f285dc5b09b3715fa20a14c,1155.6000000014901,1155.6000000014901,1,4,left-4,left,left-dark,dark-up,greater-up,single,2026-02-13 19:38:40.0430000
809,5f285dc5b09b3715fa20a14c,4138.5999999996275,4138.5999999996275,1,5,right-2,left,right-dark,dark-up,fewer-up,single,2026-02-13 19:38:44.6840000
810,5f285dc5b09b3715fa20a14c,2729.7999999988824,2729.7999999988824,1,6,right-1,right,right-dark,light-up,fewer-up,single,2026-02-13 19:38:47.9170000
811,5f285dc5b09b3715fa20a14c,2532,2532,1,7,right-0,right,right-dark,light-up,fewer-up,single,2026-02-13 19:38:50.9520000
812,5f285dc5b09b3715fa20a14c,2656.0999999996275,2656.0999999996275,1,8,right-4,left,right-dark,light-up,greater-up,single,2026-02-13 19:38:54.1110000
813,5f285dc5b09b3715fa20a14c,1806.300000000745,1806.300000000745,1,9,right-6,right,right-dark,light-up,fewer-up,single,2026-02-13 19:38:56.4200000
814,5f285dc5b09b3715fa20a14c,1169.4000000003725,1169.4000000003725,1,10,right-5,left,right-dark,light-up,greater-up,single,2026-02-13 19:38:58.0930000
815,5f285dc5b09b3715fa20a14c,1947.699999999255,1947.699999999255,1,11,left-1,left,left-dark,light-up,fewer-up,single,2026-02-13 19:39:00.5430000
816,5f285dc5b09b3715fa20a14c,1355.7999999988824,1355.7999999988824,1,12,right-9,right,right-dark,dark-up,greater-up,single,2026-02-13 19:39:02.4020000
817,5f285dc5b09b3715fa20a14c,1271.2000000011176,1271.2000000011176,1,13,left-6,left,left-dark,dark-up,greater-up,single,2026-02-13 19:39:04.1760000
818,5f285dc5b09b3715fa20a14c,2403,2403,1,14,left-7,right,left-dark,light-up,greater-up,single,2026-02-13 19:39:07.0820000
819,5f285dc5b09b3715fa20a14c,1715,1715,1,15,right-1,left,right-dark,dark-up,fewer-up,single,2026-02-13 19:39:09.2990000
820,5f285dc5b09b3715fa20a14c,1552,1552,1,16,right-8,left,right-dark,light-up,greater-up,single,2026-02-13 19:39:11.3530000
821,5f285dc5b09b3715fa20a14c,1592.800000000745,1592.800000000745,1,17,right-5,right,right-dark,light-up,fewer-up,single,2026-02-13 19:39:13.4480000
822,5f285dc5b09b3715fa20a14c,1546.7000000011176,1546.7000000011176,1,18,left-3,right,left-dark,light-up,greater-up,single,2026-02-13 19:39:15.4970000
823,5f285dc5b09b3715fa20a14c,2281.4000000003725,2281.4000000003725,1,19,left-9,right,left-dark,dark-up,fewer-up,single,2026-02-13 19:39:18.2810000
824,5f285dc5b09b3715fa20a14c,3680.4000000003725,3680.4000000003725,1,20,right-4,right,right-dark,dark-up,greater-up,single,2026-02-13 19:39:25.2700000
825,5f285dc5b09b3715fa20a14c,2532.4000000003725,2532.4000000003725,1,21,left-8,right,left-dark,dark-up,fewer-up,single,2026-02-13 19:39:28.3040000
826,5f285dc5b09b3715fa20a14c,2165.800000000745,2165.800000000745,1,22,left-9,left,left-dark,light-up,fewer-up,single,2026-02-13 19:39:30.9730000
827,5f285dc5b09b3715fa20a14c,1770.5999999996275,1770.5999999996275,1,23,right-9,left,right-dark,light-up,greater-up,single,2026-02-13 19:39:33.2460000
828,5f285dc5b09b3715fa20a14c,1795.4000000003725,1795.4000000003725,1,24,left-5,right,left-dark,dark-up,fewer-up,single,2026-02-13 19:39:35.5430000
829,5f285dc5b09b3715fa20a14c,1170,1170,1,25,right-6,left,right-dark,light-up,greater-up,single,2026-02-13 19:39:37.2170000
830,5f285dc5b09b3715fa20a14c,1561.9000000003725,1561.9000000003725,1,26,left-2,right,left-dark,dark-up,fewer-up,single,2026-02-13 19:39:39.2820000
831,5f285dc5b09b3715fa20a14c,1451.0999999996275,1451.0999999996275,1,27,right-0,left,right-dark,light-up,greater-up,single,2026-02-13 19:39:41.2350000
832,5f285dc5b09b3715fa20a14c,2210.2999999988824,2210.2999999988824,1,28,right-4,right,right-dark,light-up,fewer-up,single,2026-02-13 19:39:43.9480000
833,5f285dc5b09b3715fa20a14c,1532.9000000003725,1532.9000000003725,1,29,left-0,right,left-dark,dark-up,fewer-up,single,2026-02-13 19:39:45.9840000
834,5f285dc5b09b3715fa20a14c,2094.199999999255,2094.199999999255,1,30,left-7,left,left-dark,light-up,fewer-up,single,2026-02-13 19:39:48.5810000
835,5f285dc5b09b3715fa20a14c,1774.5,1774.5,1,31,left-5,left,left-dark,light-up,fewer-up,single,2026-02-13 19:39:50.8580000
836,5f285dc5b09b3715fa20a14c,1141,1141,0,32,right-7,right,right-dark,light-up,greater-up,single,2026-02-13 19:39:52.5020000
837,5f285dc5b09b3715fa20a14c,2042.199999999255,2042.199999999255,1,33,left-9,left,left-dark,dark-up,greater-up,single,2026-02-13 19:39:56.0480000
838,5f285dc5b09b3715fa20a14c,2433.2999999988824,2433.2999999988824,1,34,left-2,left,left-dark,light-up,fewer-up,single,2026-02-13 19:39:58.9840000
839,5f285dc5b09b3715fa20a14c,1435.300000000745,1435.300000000745,1,35,left-4,right,left-dark,dark-up,fewer-up,single,2026-02-13 19:40:00.9220000
840,5f285dc5b09b3715fa20a14c,1609.5,1609.5,1,36,right-3,left,right-dark,light-up,greater-up,single,2026-02-13 19:40:03.0340000
841,5f285dc5b09b3715fa20a14c,2136.0999999996275,2136.0999999996275,1,37,left-3,left,left-dark,light-up,fewer-up,single,2026-02-13 19:40:05.6730000
842,5f285dc5b09b3715fa20a14c,2113.0999999996275,2113.0999999996275,1,38,right-3,left,right-dark,dark-up,fewer-up,single,2026-02-13 19:40:08.2890000
843,5f285dc5b09b3715fa20a14c,2847.9000000003725,2847.9000000003725,1,39,right-8,right,right-dark,light-up,fewer-up,single,2026-02-13 19:40:11.6390000
844,5f285dc5b09b3715fa20a14c,2272.5999999996275,2272.5999999996275,1,40,right-2,right,right-dark,light-up,fewer-up,single,2026-02-13 19:40:17.3500000
845,5f285dc5b09b3715fa20a14c,1631.5999999996275,1631.5999999996275,1,41,left-8,left,left-dark,dark-up,greater-up,single,2026-02-13 19:40:19.4850000
846,5f285dc5b09b3715fa20a14c,1045.0999999996275,1045.0999999996275,1,42,left-1,left,left-dark,dark-up,greater-up,single,2026-02-13 19:40:21.0320000
847,5f285dc5b09b3715fa20a14c,1178,1178,1,43,right-0,right,right-dark,dark-up,greater-up,single,2026-02-13 19:40:22.7130000
848,5f285dc5b09b3715fa20a14c,1592.6000000014901,1592.6000000014901,1,44,right-2,left,right-dark,light-up,greater-up,single,2026-02-13 19:40:24.8080000
849,5f285dc5b09b3715fa20a14c,1026.5999999996275,1026.5999999996275,1,45,left-4,right,left-dark,light-up,greater-up,single,2026-02-13 19:40:26.3370000
850,5f285dc5b09b3715fa20a14c,1554.2999999988824,1554.2999999988824,1,46,left-1,right,left-dark,dark-up,fewer-up,single,2026-02-13 19:40:28.3940000
851,5f285dc5b09b3715fa20a14c,1776.5999999996275,1776.5999999996275,1,47,right-8,right,right-dark,dark-up,greater-up,single,2026-02-13 19:40:30.6730000
852,5f285dc5b09b3715fa20a14c,1820.9000000003725,1820.9000000003725,1,48,right-4,left,right-dark,dark-up,fewer-up,single,2026-02-13 19:40:32.9960000
853,5f285dc5b09b3715fa20a14c,1528.5999999996275,1528.5999999996275,1,49,right-7,right,right-dark,dark-up,greater-up,single,2026-02-13 19:40:35.0270000
854,5f285dc5b09b3715fa20a14c,1364.300000000745,1364.300000000745,1,50,right-0,left,right-dark,dark-up,fewer-up,single,2026-02-13 19:40:36.8950000
855,5f285dc5b09b3715fa20a14c,2339.2999999988824,2339.2999999988824,1,51,left-8,right,left-dark,light-up,greater-up,single,2026-02-13 19:40:39.7370000
856,5f285dc5b09b3715fa20a14c,1562.199999999255,1562.199999999255,1,52,right-7,left,right-dark,dark-up,fewer-up,single,2026-02-13 19:40:41.8010000
857,5f285dc5b09b3715fa20a14c,1780.9000000003725,1780.9000000003725,1,53,right-9,left,right-dark,dark-up,fewer-up,single,2026-02-13 19:40:44.0840000
858,5f285dc5b09b3715fa20a14c,2527.2000000011176,2527.2000000011176,1,54,left-6,left,left-dark,light-up,fewer-up,single,2026-02-13 19:40:47.1150000
859,5f285dc5b09b3715fa20a14c,1735.9000000003725,1735.9000000003725,1,55,left-6,right,left-dark,dark-up,fewer-up,single,2026-02-13 19:40:49.3530000
860,5f285dc5b09b3715fa20a14c,2216.9000000003725,2216.9000000003725,1,56,right-5,right,right-dark,dark-up,greater-up,single,2026-02-13 19:40:52.0730000
861,5f285dc5b09b3715fa20a14c,1461.5,1461.5,1,57,left-7,right,left-dark,dark-up,fewer-up,single,2026-02-13 19:40:54.0370000
862,5f285dc5b09b3715fa20a14c,1396,1396,1,58,left-9,right,left-dark,light-up,greater-up,single,2026-02-13 19:40:55.9350000
863,5f285dc5b09b3715fa20a14c,3557.300000000745,3557.300000000745,1,59,right-1,right,right-dark,dark-up,greater-up,single,2026-02-13 19:40:59.9950000
864,5f285dc5b09b3715fa20a14c,3278.7999999988824,3278.7999999988824,1,60,left-0,right,left-dark,light-up,greater-up,single,2026-02-13 19:41:05.8050000
865,5f285dc5b09b3715fa20a14c,2222,2222,1,61,left-3,right,left-dark,dark-up,fewer-up,single,2026-02-13 19:41:08.5300000
866,5f285dc5b09b3715fa20a14c,1987.5999999996275,1987.5999999996275,1,62,left-1,right,left-dark,light-up,greater-up,single,2026-02-13 19:41:11.0210000
867,5f285dc5b09b3715fa20a14c,1320.3999999985099,1320.3999999985099,1,63,left-4,left,left-dark,light-up,fewer-up,single,2026-02-13 19:41:12.8440000
868,5f285dc5b09b3715fa20a14c,1388,1388,1,64,right-6,left,right-dark,dark-up,fewer-up,single,2026-02-13 19:41:14.7340000
869,5f285dc5b09b3715fa20a14c,1368.2999999988824,1368.2999999988824,1,65,left-0,left,left-dark,light-up,fewer-up,single,2026-02-13 19:41:16.6050000
870,5f285dc5b09b3715fa20a14c,3079.4000000003725,3079.4000000003725,1,66,left-5,left,left-dark,dark-up,greater-up,single,2026-02-13 19:41:20.1870000
871,5f285dc5b09b3715fa20a14c,1580.199999999255,1580.199999999255,1,67,left-2,left,left-dark,dark-up,greater-up,single,2026-02-13 19:41:22.2700000
872,5f285dc5b09b3715fa20a14c,1939.800000000745,1939.800000000745,1,68,right-9,right,right-dark,light-up,fewer-up,single,2026-02-13 19:41:24.7130000
873,5f285dc5b09b3715fa20a14c,1884.300000000745,1884.300000000745,1,69,left-6,right,left-dark,light-up,greater-up,single,2026-02-13 19:41:27.1000000
874,5f285dc5b09b3715fa20a14c,1549.2000000011176,1549.2000000011176,1,70,left-0,left,left-dark,dark-up,greater-up,single,2026-02-13 19:41:29.1520000
875,5f285dc5b09b3715fa20a14c,1474,1474,1,71,right-8,left,right-dark,dark-up,fewer-up,single,2026-02-13 19:41:31.1280000
876,5f285dc5b09b3715fa20a14c,1487.1000000014901,1487.1000000014901,1,72,left-2,right,left-dark,light-up,greater-up,single,2026-02-13 19:41:33.1180000
877,5f285dc5b09b3715fa20a14c,1129.300000000745,1129.300000000745,1,73,left-7,left,left-dark,dark-up,greater-up,single,2026-02-13 19:41:34.7490000
878,5f285dc5b09b3715fa20a14c,4387.0999999996275,4387.0999999996275,1,74,left-5,right,left-dark,light-up,greater-up,single,2026-02-13 19:41:39.6390000
879,5f285dc5b09b3715fa20a14c,1477.8999999985099,1477.8999999985099,1,75,left-8,left,left-dark,light-up,fewer-up,single,2026-02-13 19:41:41.6190000
880,5f285dc5b09b3715fa20a14c,2041.5999999996275,2041.5999999996275,1,76,right-7,right,right-dark,light-up,fewer-up,single,2026-02-13 19:41:44.1640000
881,5f285dc5b09b3715fa20a14c,1593.5,1593.5,1,77,right-3,right,right-dark,light-up,fewer-up,single,2026-02-13 19:41:46.2600000
882,5f285dc5b09b3715fa20a14c,1962.4000000003725,1962.4000000003725,1,78,right-3,right,right-dark,dark-up,greater-up,single,2026-02-13 19:41:48.7250000
883,5f285dc5b09b3715fa20a14c,1166.1000000014901,1166.1000000014901,1,79,right-6,right,right-dark,dark-up,greater-up,single,2026-02-13 19:41:50.3930000
884,5b0481d17ac6e4000107e12a,2148.7000000029802,2148.7000000029802,0,0,left-5,left,left-dark,light-up,greater-up,dual,2026-02-13 19:52:50.5440000
885,5b0481d17ac6e4000107e12a,508.5,508.5,0,1,right-7,right,right-dark,dark-up,fewer-up,dual,2026-02-13 19:52:52.5620000
886,5b0481d17ac6e4000107e12a,572.5,572.5,0,2,left-4,left,left-dark,dark-up,fewer-up,dual,2026-02-13 19:52:54.6560000
887,5b0481d17ac6e4000107e12a,667.8000000119209,667.8000000119209,1,3,left-8,left,left-dark,dark-up,greater-up,dual,2026-02-13 19:52:56.8450000
888,5b0481d17ac6e4000107e12a,945.5999999940395,945.5999999940395,0,4,right-4,right,right-dark,light-up,greater-up,dual,2026-02-13 19:52:58.2930000
889,5b0481d17ac6e4000107e12a,423.40000000596046,423.40000000596046,0,5,left-8,left,left-dark,light-up,greater-up,dual,2026-02-13 19:53:00.2270000
890,5b0481d17ac6e4000107e12a,395.40000000596046,395.40000000596046,1,6,left-8,left,left-dark,light-up,fewer-up,dual,2026-02-13 19:53:02.1500000
891,5b0481d17ac6e4000107e12a,551.1999999880791,551.1999999880791,0,7,left-6,left,left-dark,light-up,greater-up,dual,2026-02-13 19:53:03.2200000
892,5b0481d17ac6e4000107e12a,723.0999999940395,723.0999999940395,1,8,right-4,right,right-dark,light-up,fewer-up,dual,2026-02-13 19:53:05.4720000
893,5b0481d17ac6e4000107e12a,577.8999999910593,577.8999999910593,0,9,left-6,left,left-dark,dark-up,fewer-up,dual,2026-02-13 19:53:06.5510000
894,5b0481d17ac6e4000107e12a,467.6000000089407,467.6000000089407,1,10,right-8,right,right-dark,light-up,fewer-up,dual,2026-02-13 19:53:08.5460000
895,5b0481d17ac6e4000107e12a,1284.4000000059605,1284.4000000059605,0,11,left-0,left,left-dark,light-up,greater-up,dual,2026-02-13 19:53:10.3370000
896,5b0481d17ac6e4000107e12a,1046,1046,1,12,right-8,right,right-dark,dark-up,greater-up,dual,2026-02-13 19:53:12.9110000
897,5b0481d17ac6e4000107e12a,891.5999999940395,891.5999999940395,1,13,right-2,right,right-dark,light-up,fewer-up,dual,2026-02-13 19:53:14.3050000
898,5b0481d17ac6e4000107e12a,596.9000000059605,596.9000000059605,0,14,right-5,right,right-dark,light-up,greater-up,dual,2026-02-13 19:53:15.4170000
899,5b0481d17ac6e4000107e12a,740.0999999940395,740.0999999940395,1,15,right-1,right,right-dark,dark-up,greater-up,dual,2026-02-13 19:53:17.6690000
900,5b0481d17ac6e4000107e12a,669.2999999970198,669.2999999970198,1,16,right-6,right,right-dark,light-up,fewer-up,dual,2026-02-13 19:53:18.8450000
901,5b0481d17ac6e4000107e12a,1228.5,1228.5,1,17,left-2,left,left-dark,light-up,fewer-up,dual,2026-02-13 19:53:20.5750000
902,5b0481d17ac6e4000107e12a,430.70000000298023,430.70000000298023,0,18,left-5,left,left-dark,dark-up,fewer-up,dual,2026-02-13 19:53:21.5100000
903,5b0481d17ac6e4000107e12a,1284,1284,1,19,right-2,right,right-dark,dark-up,greater-up,dual,2026-02-13 19:53:24.3180000
904,5b0481d17ac6e4000107e12a,673.6000000089407,673.6000000089407,1,20,right-3,right,right-dark,dark-up,greater-up,dual,2026-02-13 19:53:29.6140000
905,5b0481d17ac6e4000107e12a,1353.5999999940395,1353.5999999940395,1,21,left-6,left,left-dark,light-up,fewer-up,dual,2026-02-13 19:53:31.4700000
906,5b0481d17ac6e4000107e12a,930.6000000089407,930.6000000089407,0,22,left-9,left,left-dark,light-up,greater-up,dual,2026-02-13 19:53:32.9060000
907,5b0481d17ac6e4000107e12a,760.2000000029802,760.2000000029802,1,23,right-3,right,right-dark,light-up,fewer-up,dual,2026-02-13 19:53:35.1790000
908,5b0481d17ac6e4000107e12a,476.40000000596046,476.40000000596046,0,24,right-3,right,right-dark,dark-up,fewer-up,dual,2026-02-13 19:53:36.1650000
909,5b0481d17ac6e4000107e12a,880,880,1,25,right-5,right,right-dark,dark-up,greater-up,dual,2026-02-13 19:53:38.5600000
910,5b0481d17ac6e4000107e12a,588.7000000029802,588.7000000029802,1,26,right-0,right,right-dark,dark-up,greater-up,dual,2026-02-13 19:53:39.6670000
911,5b0481d17ac6e4000107e12a,859.9000000059605,859.9000000059605,0,27,right-9,right,right-dark,light-up,greater-up,dual,2026-02-13 19:53:41.0350000
912,5b0481d17ac6e4000107e12a,505.5,505.5,0,28,right-7,right,right-dark,light-up,greater-up,dual,2026-02-13 19:53:43.0650000
913,5b0481d17ac6e4000107e12a,1179,1179,1,29,right-8,left,right-dark,dark-up,fewer-up,dual,2026-02-13 19:53:45.7480000
914,5b0481d17ac6e4000107e12a,656.2999999970198,656.2999999970198,1,30,left-7,left,left-dark,light-up,fewer-up,dual,2026-02-13 19:53:46.9110000
915,5b0481d17ac6e4000107e12a,501.1000000089407,501.1000000089407,1,31,right-4,right,right-dark,dark-up,greater-up,dual,2026-02-13 19:53:47.9300000
916,5b0481d17ac6e4000107e12a,1240,1240,0,32,left-7,left,left-dark,light-up,greater-up,dual,2026-02-13 19:53:49.6830000
917,5b0481d17ac6e4000107e12a,421.5,421.5,1,33,right-9,right,right-dark,dark-up,greater-up,dual,2026-02-13 19:53:51.6160000
918,5b0481d17ac6e4000107e12a,571.7000000029802,571.7000000029802,0,34,left-1,left,left-dark,dark-up,fewer-up,dual,2026-02-13 19:53:52.7010000
919,5b0481d17ac6e4000107e12a,495.8999999910593,495.8999999910593,1,35,left-3,left,left-dark,light-up,fewer-up,dual,2026-02-13 19:53:54.7210000
920,5b0481d17ac6e4000107e12a,462.70000000298023,462.70000000298023,0,36,right-6,right,right-dark,light-up,greater-up,dual,2026-02-13 19:53:55.6850000
921,5b0481d17ac6e4000107e12a,395.8999999910593,395.8999999910593,0,37,left-7,left,left-dark,dark-up,fewer-up,dual,2026-02-13 19:53:57.6030000
922,5b0481d17ac6e4000107e12a,571.7000000029802,571.7000000029802,1,38,left-1,left,left-dark,dark-up,greater-up,dual,2026-02-13 19:53:59.7010000
923,5b0481d17ac6e4000107e12a,940.5999999940395,940.5999999940395,1,39,left-3,left,left-dark,dark-up,greater-up,dual,2026-02-13 19:54:01.1490000
924,5b0481d17ac6e4000107e12a,582.3999999910593,582.3999999910593,1,40,right-7,right,right-dark,dark-up,greater-up,dual,2026-02-13 19:54:04.1020000
925,5b0481d17ac6e4000107e12a,1021,1021,0,41,right-2,right,right-dark,dark-up,fewer-up,dual,2026-02-13 19:54:05.6360000
926,5b0481d17ac6e4000107e12a,511.70000000298023,511.70000000298023,1,42,right-7,right,right-dark,light-up,fewer-up,dual,2026-02-13 19:54:07.6710000
927,5b0481d17ac6e4000107e12a,803.5,803.5,1,43,left-5,left,left-dark,light-up,fewer-up,dual,2026-02-13 19:54:08.9840000
928,5b0481d17ac6e4000107e12a,432.59999999403954,432.59999999403954,0,44,right-3,right,right-dark,light-up,greater-up,dual,2026-02-13 19:54:09.9210000
929,5b0481d17ac6e4000107e12a,496.59999999403954,496.59999999403954,0,45,left-3,left,left-dark,light-up,greater-up,dual,2026-02-13 19:54:11.9370000
930,5b0481d17ac6e4000107e12a,717.5,717.5,0,46,left-2,left,left-dark,light-up,greater-up,dual,2026-02-13 19:54:14.1660000
931,5b0481d17ac6e4000107e12a,754.7999999970198,754.7999999970198,0,47,right-1,right,right-dark,dark-up,fewer-up,dual,2026-02-13 19:54:16.4320000
932,5b0481d17ac6e4000107e12a,555.8000000119209,555.8000000119209,1,48,right-0,right,right-dark,light-up,fewer-up,dual,2026-02-13 19:54:18.5130000
933,5b0481d17ac6e4000107e12a,1044.5,1044.5,1,49,left-0,left,left-dark,light-up,fewer-up,dual,2026-02-13 19:54:20.0650000
934,5b0481d17ac6e4000107e12a,585.4000000059605,585.4000000059605,1,50,left-4,left,left-dark,dark-up,greater-up,dual,2026-02-13 19:54:21.1520000
935,5b0481d17ac6e4000107e12a,494.69999998807907,494.69999998807907,0,51,right-2,right,right-dark,light-up,greater-up,dual,2026-02-13 19:54:22.1560000
936,5b0481d17ac6e4000107e12a,515.9000000059605,515.9000000059605,0,52,right-5,right,right-dark,dark-up,fewer-up,dual,2026-02-13 19:54:24.1850000
937,5b0481d17ac6e4000107e12a,432.1000000089407,432.1000000089407,1,53,left-5,left,left-dark,dark-up,greater-up,dual,2026-02-13 19:54:26.1390000
938,5b0481d17ac6e4000107e12a,998.2999999970198,998.2999999970198,1,54,left-9,left,left-dark,dark-up,greater-up,dual,2026-02-13 19:54:27.6450000
939,5b0481d17ac6e4000107e12a,589.7999999970198,589.7999999970198,0,55,left-3,left,left-dark,dark-up,fewer-up,dual,2026-02-13 19:54:28.7510000
940,5b0481d17ac6e4000107e12a,1105.3999999910593,1105.3999999910593,1,56,left-6,left,left-dark,dark-up,greater-up,dual,2026-02-13 19:54:31.3610000
941,5b0481d17ac6e4000107e12a,404.70000000298023,404.70000000298023,1,57,right-5,right,right-dark,light-up,fewer-up,dual,2026-02-13 19:54:32.2690000
942,5b0481d17ac6e4000107e12a,455.6000000089407,455.6000000089407,0,58,left-2,left,left-dark,dark-up,fewer-up,dual,2026-02-13 19:54:33.2260000
943,5b0481d17ac6e4000107e12a,564.5999999940395,564.5999999940395,1,59,left-9,left,left-dark,light-up,fewer-up,dual,2026-02-13 19:54:35.3130000
944,5b0481d17ac6e4000107e12a,794.9000000059605,794.9000000059605,1,60,right-1,right,right-dark,light-up,fewer-up,dual,2026-02-13 19:54:37.9750000
945,5b0481d17ac6e4000107e12a,582.2000000029802,582.2000000029802,1,61,left-4,left,left-dark,light-up,fewer-up,dual,2026-02-13 19:54:39.0710000
946,5b0481d17ac6e4000107e12a,425.90000000596046,425.90000000596046,1,62,right-9,right,right-dark,light-up,fewer-up,dual,2026-02-13 19:54:40.0050000
947,5b0481d17ac6e4000107e12a,463.5,463.5,0,63,right-8,right,right-dark,light-up,greater-up,dual,2026-02-13 19:54:40.9700000
948,5b0481d17ac6e4000107e12a,410.20000000298023,410.20000000298023,1,64,left-7,left,left-dark,dark-up,greater-up,dual,2026-02-13 19:54:42.8860000
949,5b0481d17ac6e4000107e12a,384,384,0,65,right-0,right,right-dark,light-up,greater-up,dual,2026-02-13 19:54:43.7790000
950,5b0481d17ac6e4000107e12a,671,671,1,66,left-0,left,left-dark,dark-up,greater-up,dual,2026-02-13 19:54:45.9590000
951,5b0481d17ac6e4000107e12a,562.9000000059605,562.9000000059605,1,67,right-1,left,right-dark,light-up,greater-up,dual,2026-02-13 19:54:47.0370000
952,5b0481d17ac6e4000107e12a,549.2999999970198,549.2999999970198,0,68,left-9,left,left-dark,dark-up,fewer-up,dual,2026-02-13 19:54:48.1010000
953,5b0481d17ac6e4000107e12a,510.5,510.5,0,69,left-4,left,left-dark,light-up,greater-up,dual,2026-02-13 19:54:50.1350000
954,5b0481d17ac6e4000107e12a,504,504,1,70,left-1,left,left-dark,light-up,fewer-up,dual,2026-02-13 19:54:52.1650000
955,5b0481d17ac6e4000107e12a,603.4000000059605,603.4000000059605,0,71,left-1,left,left-dark,light-up,greater-up,dual,2026-02-13 19:54:53.2700000
956,5b0481d17ac6e4000107e12a,386.40000000596046,386.40000000596046,0,72,right-6,right,right-dark,dark-up,fewer-up,dual,2026-02-13 19:54:55.1730000
957,5b0481d17ac6e4000107e12a,469.20000000298023,469.20000000298023,0,73,right-9,right,right-dark,dark-up,fewer-up,dual,2026-02-13 19:54:57.1450000
958,5b0481d17ac6e4000107e12a,540,540,0,74,right-4,right,right-dark,dark-up,fewer-up,dual,2026-02-13 19:54:59.2030000
959,5b0481d17ac6e4000107e12a,724.9000000059605,724.9000000059605,1,75,right-0,left,right-dark,dark-up,fewer-up,dual,2026-02-13 19:55:01.4530000
960,5b0481d17ac6e4000107e12a,571.7999999970198,571.7999999970198,1,76,right-6,right,right-dark,dark-up,greater-up,dual,2026-02-13 19:55:02.5300000
961,5b0481d17ac6e4000107e12a,681.6000000089407,681.6000000089407,1,77,left-2,left,left-dark,dark-up,greater-up,dual,2026-02-13 19:55:03.7180000
962,5b0481d17ac6e4000107e12a,797.6000000089407,797.6000000089407,0,78,left-8,left,left-dark,dark-up,fewer-up,dual,2026-02-13 19:55:05.0220000
963,5b0481d17ac6e4000107e12a,345.70000000298023,345.70000000298023,1,79,left-0,right,left-dark,dark-up,fewer-up,dual,2026-02-13 19:55:06.8850000
964,6562177a48308eebbb6359ea,2619.2000000011176,2619.2000000011176,1,0,right-4,left,right-dark,dark-up,fewer-up,dual,2026-02-13 21:01:50.6640000
965,6562177a48308eebbb6359ea,2541.7999999988824,2541.7999999988824,1,1,right-8,left,right-dark,light-up,greater-up,dual,2026-02-13 21:01:53.7100000
966,6562177a48308eebbb6359ea,2173,2173,1,2,left-2,left,left-dark,dark-up,greater-up,dual,2026-02-13 21:01:56.3860000
967,6562177a48308eebbb6359ea,1265.2999999988824,1265.2999999988824,1,3,left-3,left,left-dark,light-up,fewer-up,dual,2026-02-13 21:01:58.1550000
968,6562177a48308eebbb6359ea,1983.0999999996275,1983.0999999996275,0,4,right-0,left,right-dark,light-up,fewer-up,dual,2026-02-13 21:02:00.6420000
969,6562177a48308eebbb6359ea,2497.9000000003725,2497.9000000003725,1,5,right-2,left,right-dark,dark-up,fewer-up,dual,2026-02-13 21:02:04.6450000
970,6562177a48308eebbb6359ea,2150,2150,1,6,right-5,right,right-dark,dark-up,greater-up,dual,2026-02-13 21:02:07.2990000
971,6562177a48308eebbb6359ea,1250.5999999996275,1250.5999999996275,1,7,left-1,left,left-dark,dark-up,greater-up,dual,2026-02-13 21:02:09.0540000
972,6562177a48308eebbb6359ea,1809.5999999996275,1809.5999999996275,1,8,left-9,left,left-dark,dark-up,greater-up,dual,2026-02-13 21:02:11.3670000
973,6562177a48308eebbb6359ea,1583.5999999996275,1583.5999999996275,0,9,right-3,left,right-dark,light-up,fewer-up,dual,2026-02-13 21:02:13.4540000
974,6562177a48308eebbb6359ea,1691.7999999988824,1691.7999999988824,1,10,right-6,left,right-dark,dark-up,fewer-up,dual,2026-02-13 21:02:16.6510000
975,6562177a48308eebbb6359ea,2616.2000000011176,2616.2000000011176,1,11,right-4,right,right-dark,light-up,fewer-up,dual,2026-02-13 21:02:19.7710000
976,6562177a48308eebbb6359ea,2667.199999999255,2667.199999999255,1,12,left-8,right,left-dark,light-up,greater-up,dual,2026-02-13 21:02:22.9400000
977,6562177a48308eebbb6359ea,1837.7999999988824,1837.7999999988824,1,13,left-0,left,left-dark,light-up,fewer-up,dual,2026-02-13 21:02:25.2820000
978,6562177a48308eebbb6359ea,1406.7999999988824,1406.7999999988824,1,14,right-2,right,right-dark,dark-up,greater-up,dual,2026-02-13 21:02:27.1920000
979,6562177a48308eebbb6359ea,2661.7000000011176,2661.7000000011176,1,15,right-4,left,right-dark,light-up,greater-up,dual,2026-02-13 21:02:30.3580000
980,6562177a48308eebbb6359ea,3095.2999999988824,3095.2999999988824,1,16,left-1,left,left-dark,light-up,fewer-up,dual,2026-02-13 21:02:33.9570000
981,6562177a48308eebbb6359ea,1566.7000000011176,1566.7000000011176,1,17,left-7,right,left-dark,light-up,greater-up,dual,2026-02-13 21:02:36.0270000
982,6562177a48308eebbb6359ea,1961.5999999996275,1961.5999999996275,1,18,left-5,left,left-dark,light-up,fewer-up,dual,2026-02-13 21:02:38.4920000
983,6562177a48308eebbb6359ea,1490.7999999988824,1490.7999999988824,1,19,right-3,left,right-dark,dark-up,fewer-up,dual,2026-02-13 21:02:40.4860000
984,6562177a48308eebbb6359ea,2127.5999999996275,2127.5999999996275,1,20,right-7,left,right-dark,dark-up,fewer-up,dual,2026-02-13 21:02:48.9100000
985,6562177a48308eebbb6359ea,1765,1765,1,21,left-5,right,left-dark,light-up,greater-up,dual,2026-02-13 21:02:51.1790000
986,6562177a48308eebbb6359ea,1567.2000000011176,1567.2000000011176,1,22,right-3,right,right-dark,dark-up,greater-up,dual,2026-02-13 21:02:53.2490000
987,6562177a48308eebbb6359ea,1402.4000000003725,1402.4000000003725,1,23,left-3,left,left-dark,dark-up,greater-up,dual,2026-02-13 21:02:55.1550000
988,6562177a48308eebbb6359ea,2247.4000000003725,2247.4000000003725,1,24,left-0,left,left-dark,dark-up,greater-up,dual,2026-02-13 21:02:57.9060000
989,6562177a48308eebbb6359ea,2634.0999999996275,2634.0999999996275,1,25,left-6,right,left-dark,dark-up,fewer-up,dual,2026-02-13 21:03:01.0440000
990,6562177a48308eebbb6359ea,1314.4000000003725,1314.4000000003725,1,26,right-5,right,right-dark,light-up,fewer-up,dual,2026-02-13 21:03:02.8630000
991,6562177a48308eebbb6359ea,1880.7999999988824,1880.7999999988824,1,27,left-8,left,left-dark,light-up,fewer-up,dual,2026-02-13 21:03:05.2460000
992,6562177a48308eebbb6359ea,1240.5,1240.5,1,28,left-7,left,left-dark,light-up,fewer-up,dual,2026-02-13 21:03:06.9900000
993,6562177a48308eebbb6359ea,2184.5999999996275,2184.5999999996275,1,29,right-7,right,right-dark,dark-up,greater-up,dual,2026-02-13 21:03:09.6790000
994,6562177a48308eebbb6359ea,2115.300000000745,2115.300000000745,1,30,left-5,left,left-dark,dark-up,greater-up,dual,2026-02-13 21:03:12.2980000
995,6562177a48308eebbb6359ea,1624,1624,1,31,right-7,right,right-dark,light-up,fewer-up,dual,2026-02-13 21:03:14.4260000
996,6562177a48308eebbb6359ea,2064.7000000011176,2064.7000000011176,1,32,left-6,left,left-dark,light-up,fewer-up,dual,2026-02-13 21:03:16.9960000
997,6562177a48308eebbb6359ea,1570.6000000014901,1570.6000000014901,1,33,right-5,left,right-dark,light-up,greater-up,dual,2026-02-13 21:03:19.0700000
998,6562177a48308eebbb6359ea,1516.2000000011176,1516.2000000011176,1,34,right-1,right,right-dark,light-up,fewer-up,dual,2026-02-13 21:03:21.0900000
999,6562177a48308eebbb6359ea,2169.0999999996275,2169.0999999996275,1,35,left-7,left,left-dark,dark-up,greater-up,dual,2026-02-13 21:03:23.7630000
1000,6562177a48308eebbb6359ea,1256.4000000003725,1256.4000000003725,1,36,left-2,right,left-dark,light-up,greater-up,dual,2026-02-13 21:03:25.5230000
1001,6562177a48308eebbb6359ea,1798.5999999996275,1798.5999999996275,1,37,left-4,left,left-dark,light-up,fewer-up,dual,2026-02-13 21:03:27.8250000
1002,6562177a48308eebbb6359ea,1434.9000000003725,1434.9000000003725,1,38,left-2,right,left-dark,dark-up,fewer-up,dual,2026-02-13 21:03:29.7640000
1003,6562177a48308eebbb6359ea,2208.7999999988824,2208.7999999988824,1,39,left-2,left,left-dark,light-up,fewer-up,dual,2026-02-13 21:03:32.4760000
1004,6562177a48308eebbb6359ea,1833.9000000003725,1833.9000000003725,1,40,left-9,right,left-dark,dark-up,fewer-up,dual,2026-02-13 21:03:38.8420000
1005,6562177a48308eebbb6359ea,1528.9000000003725,1528.9000000003725,1,41,right-9,right,right-dark,light-up,fewer-up,dual,2026-02-13 21:03:40.8740000
1006,6562177a48308eebbb6359ea,2011.7000000011176,2011.7000000011176,1,42,left-1,right,left-dark,dark-up,fewer-up,dual,2026-02-13 21:03:43.3890000
1007,6562177a48308eebbb6359ea,1337.5999999996275,1337.5999999996275,1,43,right-0,right,right-dark,dark-up,greater-up,dual,2026-02-13 21:03:45.2310000
1008,6562177a48308eebbb6359ea,1349.7000000011176,1349.7000000011176,1,44,left-8,left,left-dark,dark-up,greater-up,dual,2026-02-13 21:03:47.0860000
1009,6562177a48308eebbb6359ea,868.5999999996275,868.5999999996275,1,45,left-6,left,left-dark,dark-up,greater-up,dual,2026-02-13 21:03:48.4590000
1010,6562177a48308eebbb6359ea,1805.5,1805.5,1,46,left-6,right,left-dark,light-up,greater-up,dual,2026-02-13 21:03:50.7690000
1011,6562177a48308eebbb6359ea,1130.9000000003725,1130.9000000003725,1,47,right-6,right,right-dark,light-up,fewer-up,dual,2026-02-13 21:03:52.4040000
1012,6562177a48308eebbb6359ea,1987.0999999996275,1987.0999999996275,1,48,right-1,left,right-dark,light-up,greater-up,dual,2026-02-13 21:03:54.8940000
1013,6562177a48308eebbb6359ea,899.5999999996275,899.5999999996275,1,49,right-6,right,right-dark,dark-up,greater-up,dual,2026-02-13 21:03:56.2980000
1014,6562177a48308eebbb6359ea,1916.300000000745,1916.300000000745,1,50,left-4,right,left-dark,light-up,greater-up,dual,2026-02-13 21:03:58.7180000
1015,6562177a48308eebbb6359ea,1521.300000000745,1521.300000000745,0,51,right-9,right,right-dark,dark-up,fewer-up,dual,2026-02-13 21:04:00.7430000
1016,6562177a48308eebbb6359ea,1284.7000000011176,1284.7000000011176,1,52,right-2,left,right-dark,light-up,greater-up,dual,2026-02-13 21:04:03.5330000
1017,6562177a48308eebbb6359ea,1685.4000000003725,1685.4000000003725,1,53,left-3,right,left-dark,light-up,greater-up,dual,2026-02-13 21:04:05.7230000
1018,6562177a48308eebbb6359ea,1511.4000000003725,1511.4000000003725,1,54,right-9,left,right-dark,light-up,greater-up,dual,2026-02-13 21:04:07.7380000
1019,6562177a48308eebbb6359ea,1829.699999999255,1829.699999999255,1,55,left-4,left,left-dark,dark-up,greater-up,dual,2026-02-13 21:04:10.0710000
1020,6562177a48308eebbb6359ea,1311.800000000745,1311.800000000745,1,56,right-9,right,right-dark,dark-up,greater-up,dual,2026-02-13 21:04:11.8880000
1021,6562177a48308eebbb6359ea,1833.4000000003725,1833.4000000003725,1,57,left-9,left,left-dark,light-up,fewer-up,dual,2026-02-13 21:04:14.2250000
1022,6562177a48308eebbb6359ea,1181.699999999255,1181.699999999255,1,58,left-0,right,left-dark,dark-up,fewer-up,dual,2026-02-13 21:04:15.9110000
1023,6562177a48308eebbb6359ea,1872.6000000014901,1872.6000000014901,1,59,left-0,right,left-dark,light-up,greater-up,dual,2026-02-13 21:04:18.2880000
1024,6562177a48308eebbb6359ea,1725.7999999988824,1725.7999999988824,1,60,right-3,left,right-dark,light-up,greater-up,dual,2026-02-13 21:04:22.5520000
1025,6562177a48308eebbb6359ea,1557.0999999996275,1557.0999999996275,1,61,right-8,right,right-dark,dark-up,greater-up,dual,2026-02-13 21:04:24.6120000
1026,6562177a48308eebbb6359ea,809.0999999996275,809.0999999996275,1,62,right-4,right,right-dark,dark-up,greater-up,dual,2026-02-13 21:04:25.9240000
1027,6562177a48308eebbb6359ea,1370.4000000003725,1370.4000000003725,1,63,right-7,left,right-dark,light-up,greater-up,dual,2026-02-13 21:04:27.7980000
1028,6562177a48308eebbb6359ea,3128.300000000745,3128.300000000745,0,64,right-2,left,right-dark,light-up,fewer-up,dual,2026-02-13 21:04:31.4290000
1029,6562177a48308eebbb6359ea,1780,1780,1,65,right-8,left,right-dark,dark-up,fewer-up,dual,2026-02-13 21:04:34.7140000
1030,6562177a48308eebbb6359ea,1126.7000000011176,1126.7000000011176,1,66,right-5,left,right-dark,dark-up,fewer-up,dual,2026-02-13 21:04:36.3440000
1031,6562177a48308eebbb6359ea,1742,1742,1,67,right-0,left,right-dark,dark-up,fewer-up,dual,2026-02-13 21:04:38.5890000
1032,6562177a48308eebbb6359ea,1099.199999999255,1099.199999999255,1,68,right-6,left,right-dark,light-up,greater-up,dual,2026-02-13 21:04:40.1930000
1033,6562177a48308eebbb6359ea,1211.800000000745,1211.800000000745,1,69,right-1,right,right-dark,dark-up,greater-up,dual,2026-02-13 21:04:41.9090000
1034,6562177a48308eebbb6359ea,2506.0999999996275,2506.0999999996275,0,70,left-4,left,left-dark,dark-up,fewer-up,dual,2026-02-13 21:04:44.9190000
1035,6562177a48308eebbb6359ea,1706.5,1706.5,1,71,left-8,right,left-dark,dark-up,fewer-up,dual,2026-02-13 21:04:48.1300000
1036,6562177a48308eebbb6359ea,1108,1108,1,72,right-8,right,right-dark,light-up,fewer-up,dual,2026-02-13 21:04:49.7420000
1037,6562177a48308eebbb6359ea,2255.0999999996275,2255.0999999996275,1,73,left-7,right,left-dark,dark-up,fewer-up,dual,2026-02-13 21:04:52.5000000
1038,6562177a48308eebbb6359ea,1057.2000000011176,1057.2000000011176,1,74,right-1,left,right-dark,dark-up,fewer-up,dual,2026-02-13 21:04:54.0600000
1039,6562177a48308eebbb6359ea,2014.699999999255,2014.699999999255,1,75,left-9,right,left-dark,light-up,greater-up,dual,2026-02-13 21:04:56.5780000
1040,6562177a48308eebbb6359ea,2247.300000000745,2247.300000000745,1,76,left-5,right,left-dark,dark-up,fewer-up,dual,2026-02-13 21:04:59.3280000
1041,6562177a48308eebbb6359ea,1342.8999999985099,1342.8999999985099,0,77,left-3,left,left-dark,dark-up,fewer-up,dual,2026-02-13 21:05:01.1740000
1042,6562177a48308eebbb6359ea,1545,1545,1,78,left-1,right,left-dark,light-up,greater-up,dual,2026-02-13 21:05:04.2250000
1043,6562177a48308eebbb6359ea,2334.699999999255,2334.699999999255,1,79,right-0,left,right-dark,light-up,greater-up,dual,2026-02-13 21:05:07.0650000
1124,66e8b1b59be9621d5b1ecdb2,3227,3227,1,0,right-3,left,right-dark,light-up,greater-up,dual,2026-02-13 22:42:47.5010000
1125,66e8b1b59be9621d5b1ecdb2,3302,3302,1,1,right-7,left,right-dark,light-up,greater-up,dual,2026-02-13 22:42:51.3070000
1126,66e8b1b59be9621d5b1ecdb2,1882,1882,1,2,right-8,left,right-dark,light-up,greater-up,dual,2026-02-13 22:42:53.6920000
1127,66e8b1b59be9621d5b1ecdb2,1873,1873,1,3,left-3,right,left-dark,light-up,greater-up,dual,2026-02-13 22:42:56.0690000
1128,66e8b1b59be9621d5b1ecdb2,2233,2233,1,4,right-3,right,right-dark,light-up,fewer-up,dual,2026-02-13 22:42:58.8180000
1129,66e8b1b59be9621d5b1ecdb2,2957,2957,1,5,right-4,right,right-dark,light-up,fewer-up,dual,2026-02-13 22:43:02.2820000
1130,5d1ea7e579b687001af802c6,959.0999999940395,959.0999999940395,1,0,right-1,left,right-dark,light-up,greater-up,dual,2026-02-13 22:43:05.3290000
1131,5d1ea7e579b687001af802c6,985.9000000059605,985.9000000059605,0,1,left-7,left,left-dark,dark-up,fewer-up,dual,2026-02-13 22:43:06.8330000
1132,5d1ea7e579b687001af802c6,350.69999998807907,350.69999998807907,0,2,left-8,right,left-dark,dark-up,greater-up,dual,2026-02-13 22:43:08.7040000
1133,697ed2d83cce3f449a1439f5,2110.5,2110.5,1,0,right-0,right,right-dark,dark-up,greater-up,dual,2026-02-13 22:43:07.9230000
1134,66e8b1b59be9621d5b1ecdb2,4916,4916,1,6,right-1,left,right-dark,light-up,greater-up,dual,2026-02-13 22:43:07.7100000
1135,5d1ea7e579b687001af802c6,385.19999998807907,385.19999998807907,0,3,right-8,right,right-dark,light-up,greater-up,dual,2026-02-13 22:43:10.6080000
1136,697ed2d83cce3f449a1439f5,1624.5,1624.5,1,1,right-5,left,right-dark,light-up,greater-up,dual,2026-02-13 22:43:10.0540000
1137,66e8b1b59be9621d5b1ecdb2,2440,2440,0,7,left-8,right,left-dark,light-up,fewer-up,dual,2026-02-13 22:43:10.6570000
1138,5d1ea7e579b687001af802c6,306.5,306.5,1,4,right-0,left,right-dark,light-up,greater-up,dual,2026-02-13 22:43:12.4320000
1139,697ed2d83cce3f449a1439f5,2312,2312,1,2,right-0,left,right-dark,dark-up,fewer-up,dual,2026-02-13 22:43:12.8800000
1140,5d1ea7e579b687001af802c6,1054.199999988079,1054.199999988079,0,5,left-4,left,left-dark,dark-up,fewer-up,dual,2026-02-13 22:43:13.9930000
1141,697ed2d83cce3f449a1439f5,2132.7000000178814,2132.7000000178814,1,3,left-6,left,left-dark,dark-up,greater-up,dual,2026-02-13 22:43:15.5170000
1142,5d1ea7e579b687001af802c6,994.5,994.5,1,6,right-5,right,right-dark,light-up,fewer-up,dual,2026-02-13 22:43:16.5130000
1143,66e8b1b59be9621d5b1ecdb2,2696,2696,1,8,right-9,left,right-dark,dark-up,fewer-up,dual,2026-02-13 22:43:14.8570000
1144,5d1ea7e579b687001af802c6,1176.2000000178814,1176.2000000178814,0,7,right-9,right,right-dark,light-up,greater-up,dual,2026-02-13 22:43:18.1930000
1145,697ed2d83cce3f449a1439f5,1226.2000000178814,1226.2000000178814,1,4,right-2,right,right-dark,dark-up,greater-up,dual,2026-02-13 22:43:17.2570000
1146,66e8b1b59be9621d5b1ecdb2,2417,2417,1,9,left-2,right,left-dark,light-up,greater-up,dual,2026-02-13 22:43:17.7800000
1147,697ed2d83cce3f449a1439f5,1669.2000000178814,1669.2000000178814,1,5,left-9,left,left-dark,light-up,fewer-up,dual,2026-02-13 22:43:19.4380000
1148,5d1ea7e579b687001af802c6,917.5,917.5,1,8,left-2,right,left-dark,light-up,greater-up,dual,2026-02-13 22:43:20.6400000
1149,66e8b1b59be9621d5b1ecdb2,1939,1939,1,10,left-0,right,left-dark,dark-up,fewer-up,dual,2026-02-13 22:43:20.2300000
1150,697ed2d83cce3f449a1439f5,1757.9000000059605,1757.9000000059605,1,6,right-6,left,right-dark,light-up,greater-up,dual,2026-02-13 22:43:21.6980000
1151,62a6c39ce82d993784c0b352,1779.7000000001863,1779.7000000001863,0,0,right-5,right,right-dark,light-up,greater-up,dual,2026-02-13 22:43:23.3960000
1152,5d1ea7e579b687001af802c6,3039.199999988079,3039.199999988079,1,9,right-2,left,right-dark,dark-up,fewer-up,dual,2026-02-13 22:43:24.1920000
1153,66e8b1b59be9621d5b1ecdb2,1934,1934,0,11,left-7,right,left-dark,light-up,fewer-up,dual,2026-02-13 22:43:22.6760000
1154,697ed2d83cce3f449a1439f5,1508.5,1508.5,1,7,left-4,right,left-dark,dark-up,fewer-up,dual,2026-02-13 22:43:23.7140000
1155,5d1ea7e579b687001af802c6,1309.4000000059605,1309.4000000059605,1,10,right-6,left,right-dark,dark-up,fewer-up,dual,2026-02-13 22:43:26.0080000
1156,697ed2d83cce3f449a1439f5,1141.7000000178814,1141.7000000178814,1,8,left-0,right,left-dark,light-up,greater-up,dual,2026-02-13 22:43:25.3640000
1157,62a6c39ce82d993784c0b352,2144.2999999998137,2144.2999999998137,1,1,right-4,left,right-dark,dark-up,fewer-up,dual,2026-02-13 22:43:27.0530000
1158,5d1ea7e579b687001af802c6,1360.5999999940395,1360.5999999940395,1,11,right-7,left,right-dark,light-up,greater-up,dual,2026-02-13 22:43:27.8810000
1159,697ed2d83cce3f449a1439f5,1282.699999988079,1282.699999988079,1,9,left-1,left,left-dark,dark-up,greater-up,dual,2026-02-13 22:43:27.1520000
1160,66e8b1b59be9621d5b1ecdb2,2494,2494,1,12,left-1,left,left-dark,light-up,fewer-up,dual,2026-02-13 22:43:26.6810000
1161,62a6c39ce82d993784c0b352,1561.7999999998137,1561.7999999998137,0,2,left-9,left,left-dark,dark-up,fewer-up,dual,2026-02-13 22:43:29.1230000
1162,5d1ea7e579b687001af802c6,1387.9000000059605,1387.9000000059605,0,12,left-8,left,left-dark,light-up,greater-up,dual,2026-02-13 22:43:29.7850000
1163,679023f5b7572e2b6cb86bf7,2511.2000000178814,2511.2000000178814,1,0,left-6,right,left-dark,dark-up,fewer-up,dual,2026-02-13 22:43:30.4240000
1164,66e8b1b59be9621d5b1ecdb2,1796,1796,1,13,right-6,left,right-dark,light-up,greater-up,dual,2026-02-13 22:43:28.9810000
1165,697ed2d83cce3f449a1439f5,2048.5,2048.5,0,10,left-8,left,left-dark,light-up,greater-up,dual,2026-02-13 22:43:29.7050000
1166,62a6c39ce82d993784c0b352,1611.5999999996275,1611.5999999996275,1,3,right-8,left,right-dark,light-up,greater-up,dual,2026-02-13 22:43:32.2520000
1167,5d1ea7e579b687001af802c6,762.2999999821186,762.2999999821186,1,13,left-4,left,left-dark,dark-up,greater-up,dual,2026-02-13 22:43:32.0640000
1168,697ed2d83cce3f449a1439f5,960.0999999940395,960.0999999940395,1,11,left-5,left,left-dark,dark-up,greater-up,dual,2026-02-13 22:43:32.1870000
1169,66e8b1b59be9621d5b1ecdb2,2267,2267,0,14,right-6,right,right-dark,dark-up,fewer-up,dual,2026-02-13 22:43:31.7540000
1170,5d1ea7e579b687001af802c6,1129.199999988079,1129.199999988079,0,14,right-1,right,right-dark,dark-up,fewer-up,dual,2026-02-13 22:43:33.6960000
1171,62a6c39ce82d993784c0b352,2277.2999999998137,2277.2999999998137,0,4,right-5,left,right-dark,dark-up,greater-up,dual,2026-02-13 22:43:35.0400000
1172,679023f5b7572e2b6cb86bf7,3374,3374,1,1,right-1,left,right-dark,light-up,greater-up,dual,2026-02-13 22:43:34.3000000
1173,5d1ea7e579b687001af802c6,48.79999998211861,48.79999998211861,0,15,left-0,right,left-dark,dark-up,greater-up,dual,2026-02-13 22:43:35.2710000
1174,697ed2d83cce3f449a1439f5,1706.0999999940395,1706.0999999940395,1,12,left-8,left,left-dark,dark-up,greater-up,dual,2026-02-13 22:43:34.3960000
1175,698651b5bbcfef723824cb98,1328.5,1328.5,1,0,right-5,right,right-dark,dark-up,greater-up,dual,2026-02-13 22:43:35.5070000
1176,679023f5b7572e2b6cb86bf7,1585,1585,1,2,left-4,left,left-dark,light-up,fewer-up,dual,2026-02-13 22:43:36.3870000
1177,66e8b1b59be9621d5b1ecdb2,1825,1825,1,15,left-6,right,left-dark,light-up,greater-up,dual,2026-02-13 22:43:35.0920000
1178,697ed2d83cce3f449a1439f5,1383.6000000238419,1383.6000000238419,1,13,right-3,left,right-dark,light-up,greater-up,dual,2026-02-13 22:43:36.2890000
1179,62a6c39ce82d993784c0b352,1795.0999999996275,1795.0999999996275,1,5,left-4,right,left-dark,dark-up,fewer-up,dual,2026-02-13 22:43:38.3610000
1180,698651b5bbcfef723824cb98,1655.2000000178814,1655.2000000178814,1,1,left-4,right,left-dark,dark-up,fewer-up,dual,2026-02-13 22:43:37.6730000
1181,679023f5b7572e2b6cb86bf7,1605,1605,1,3,right-3,left,right-dark,dark-up,fewer-up,dual,2026-02-13 22:43:38.4940000
1182,66e8b1b59be9621d5b1ecdb2,1789,1789,1,16,left-4,left,left-dark,light-up,fewer-up,dual,2026-02-13 22:43:37.3920000
1183,5d1ea7e579b687001af802c6,2242.0999999940395,2242.0999999940395,0,16,left-3,left,left-dark,light-up,greater-up,dual,2026-02-13 22:43:39.0400000
1184,62a6c39ce82d993784c0b352,1014,1014,0,6,right-6,left,right-dark,dark-up,greater-up,dual,2026-02-13 22:43:39.8890000
1185,698651b5bbcfef723824cb98,1283.300000011921,1283.300000011921,1,2,right-4,left,right-dark,dark-up,fewer-up,dual,2026-02-13 22:43:39.4640000
1186,697ed2d83cce3f449a1439f5,2098.300000011921,2098.300000011921,1,14,right-2,left,right-dark,light-up,greater-up,dual,2026-02-13 22:43:38.8960000
1187,679023f5b7572e2b6cb86bf7,1580.300000011921,1580.300000011921,1,4,right-8,right,right-dark,dark-up,greater-up,dual,2026-02-13 22:43:40.5760000
1188,5d1ea7e579b687001af802c6,623.3000000119209,623.3000000119209,1,17,right-6,left,right-dark,light-up,greater-up,dual,2026-02-13 22:43:41.1850000
1189,698651b5bbcfef723824cb98,1122.7999999821186,1122.7999999821186,1,3,left-9,right,left-dark,light-up,greater-up,dual,2026-02-13 22:43:41.0930000
1190,697ed2d83cce3f449a1439f5,1295.7000000178814,1295.7000000178814,1,15,right-7,right,right-dark,dark-up,greater-up,dual,2026-02-13 22:43:40.6960000
1191,66e8b1b59be9621d5b1ecdb2,2504,2504,1,17,right-0,right,right-dark,light-up,fewer-up,dual,2026-02-13 22:43:40.3990000
1192,62a6c39ce82d993784c0b352,1413.2000000001863,1413.2000000001863,1,7,left-7,right,left-dark,dark-up,fewer-up,dual,2026-02-13 22:43:42.8270000
1193,5d1ea7e579b687001af802c6,1452.4000000059605,1452.4000000059605,0,18,left-1,left,left-dark,light-up,greater-up,dual,2026-02-13 22:43:43.1520000
1194,698651b5bbcfef723824cb98,1347.800000011921,1347.800000011921,1,4,left-3,right,left-dark,light-up,greater-up,dual,2026-02-13 22:43:42.9560000
1195,679023f5b7572e2b6cb86bf7,2595.4000000059605,2595.4000000059605,1,5,right-2,left,right-dark,light-up,greater-up,dual,2026-02-13 22:43:43.6740000
1196,66e8b1b59be9621d5b1ecdb2,1254,1254,1,18,right-0,right,right-dark,dark-up,greater-up,dual,2026-02-13 22:43:42.1600000
1197,697ed2d83cce3f449a1439f5,2027.5,2027.5,1,16,right-1,left,right-dark,light-up,greater-up,dual,2026-02-13 22:43:43.2280000
1198,62a6c39ce82d993784c0b352,2111.100000000559,2111.100000000559,1,8,right-0,left,right-dark,dark-up,fewer-up,dual,2026-02-13 22:43:45.4490000
1199,5d1ea7e579b687001af802c6,225.69999998807907,225.69999998807907,1,19,left-6,right,left-dark,light-up,greater-up,dual,2026-02-13 22:43:44.9030000
1200,698651b5bbcfef723824cb98,1153.7000000178814,1153.7000000178814,0,5,left-8,left,left-dark,dark-up,fewer-up,dual,2026-02-13 22:43:44.6150000
1201,679023f5b7572e2b6cb86bf7,1630.5,1630.5,1,6,left-6,left,left-dark,dark-up,greater-up,dual,2026-02-13 22:43:45.8070000
1202,697ed2d83cce3f449a1439f5,1367.1000000238419,1367.1000000238419,1,17,right-6,right,right-dark,dark-up,greater-up,dual,2026-02-13 22:43:45.1060000
1203,66e8b1b59be9621d5b1ecdb2,2030,2030,1,19,right-1,left,right-dark,dark-up,fewer-up,dual,2026-02-13 22:43:44.6950000
1204,697ed2d83cce3f449a1439f5,1565.9000000059605,1565.9000000059605,1,18,left-9,right,left-dark,light-up,greater-up,dual,2026-02-13 22:43:47.1860000
1205,698651b5bbcfef723824cb98,1679.699999988079,1679.699999988079,1,6,left-1,left,left-dark,dark-up,greater-up,dual,2026-02-13 22:43:47.8140000
1206,679023f5b7572e2b6cb86bf7,2132.199999988079,2132.199999988079,1,7,left-3,right,left-dark,light-up,greater-up,dual,2026-02-13 22:43:48.4420000
1207,62a6c39ce82d993784c0b352,4022.5,4022.5,1,9,right-2,left,right-dark,dark-up,fewer-up,dual,2026-02-13 22:43:49.9880000
1208,698651b5bbcfef723824cb98,939.0999999940395,939.0999999940395,1,7,right-1,right,right-dark,light-up,fewer-up,dual,2026-02-13 22:43:49.2670000
1209,697ed2d83cce3f449a1439f5,1486.4000000059605,1486.4000000059605,1,19,left-2,left,left-dark,light-up,fewer-up,dual,2026-02-13 22:43:49.1840000
1210,698651b5bbcfef723824cb98,1264.0999999940395,1264.0999999940395,1,8,right-4,right,right-dark,dark-up,greater-up,dual,2026-02-13 22:43:51.0430000
1211,679023f5b7572e2b6cb86bf7,2438.0999999940395,2438.0999999940395,1,8,right-7,left,right-dark,light-up,greater-up,dual,2026-02-13 22:43:51.3820000
1212,650b03136ab3d4c832d98b71,2092,2092,1,0,left-8,right,left-dark,dark-up,fewer-up,dual,2026-02-13 22:43:52.6140000
1213,5d1ea7e579b687001af802c6,298.2000000178814,298.2000000178814,1,20,left-5,left,left-dark,dark-up,greater-up,dual,2026-02-13 22:43:52.2970000
1214,62a6c39ce82d993784c0b352,2980.600000000559,2980.600000000559,1,10,right-7,left,right-dark,dark-up,fewer-up,dual,2026-02-13 22:43:53.4800000
1215,698651b5bbcfef723824cb98,1033.8999999761581,1033.8999999761581,1,9,right-6,right,right-dark,dark-up,greater-up,dual,2026-02-13 22:43:52.5860000
1216,679023f5b7572e2b6cb86bf7,1095.300000011921,1095.300000011921,1,9,right-3,right,right-dark,light-up,fewer-up,dual,2026-02-13 22:43:52.9800000
1217,5d1ea7e579b687001af802c6,1196.800000011921,1196.800000011921,1,21,left-1,left,left-dark,dark-up,greater-up,dual,2026-02-13 22:43:54.0070000
1218,66e8b1b59be9621d5b1ecdb2,4113,4113,1,20,left-0,left,left-dark,light-up,fewer-up,dual,2026-02-13 22:43:52.3160000
1219,698651b5bbcfef723824cb98,840.1999999880791,840.1999999880791,0,10,right-6,right,right-dark,light-up,greater-up,dual,2026-02-13 22:43:53.9330000
1220,650b03136ab3d4c832d98b71,2022.6000000014901,2022.6000000014901,1,1,left-0,right,left-dark,dark-up,fewer-up,dual,2026-02-13 22:43:55.1510000
1221,679023f5b7572e2b6cb86bf7,1662.2999999821186,1662.2999999821186,1,10,left-7,right,left-dark,dark-up,fewer-up,dual,2026-02-13 22:43:55.1450000
1222,5d1ea7e579b687001af802c6,1149.9000000059605,1149.9000000059605,0,22,right-0,left,right-dark,dark-up,greater-up,dual,2026-02-13 22:43:55.6640000
1223,62a6c39ce82d993784c0b352,3248.300000000745,3248.300000000745,1,11,right-3,left,right-dark,dark-up,fewer-up,dual,2026-02-13 22:43:57.2460000
1224,698651b5bbcfef723824cb98,719.8000000119209,719.8000000119209,1,11,left-6,left,left-dark,light-up,fewer-up,dual,2026-02-13 22:43:56.1740000
1225,66e8b1b59be9621d5b1ecdb2,2440,2440,1,21,left-9,right,left-dark,dark-up,fewer-up,dual,2026-02-13 22:43:55.2620000
1226,679023f5b7572e2b6cb86bf7,1562,1562,1,11,right-6,right,right-dark,light-up,fewer-up,dual,2026-02-13 22:43:57.2100000
1227,697ed2d83cce3f449a1439f5,2483.7000000178814,2483.7000000178814,1,20,left-2,left,left-dark,dark-up,greater-up,dual,2026-02-13 22:43:56.2470000
1228,650b03136ab3d4c832d98b71,2821,2821,1,2,right-2,right,right-dark,dark-up,greater-up,dual,2026-02-13 22:43:58.4880000
1229,698651b5bbcfef723824cb98,1027.9000000059605,1027.9000000059605,1,12,left-1,left,left-dark,light-up,fewer-up,dual,2026-02-13 22:43:57.7140000
1230,5d1ea7e579b687001af802c6,1731.199999988079,1731.199999988079,0,23,left-3,right,left-dark,dark-up,greater-up,dual,2026-02-13 22:43:58.9130000
1231,697ed2d83cce3f449a1439f5,1355.9000000059605,1355.9000000059605,1,21,right-1,right,right-dark,light-up,fewer-up,dual,2026-02-13 22:43:58.1180000
1232,679023f5b7572e2b6cb86bf7,1569.0999999940395,1569.0999999940395,1,12,right-5,right,right-dark,dark-up,greater-up,dual,2026-02-13 22:43:59.2810000
1233,698651b5bbcfef723824cb98,868.7000000178814,868.7000000178814,0,13,right-1,right,right-dark,dark-up,fewer-up,dual,2026-02-13 22:43:59.0900000
1234,66e8b1b59be9621d5b1ecdb2,2128,2128,1,22,right-5,right,right-dark,dark-up,greater-up,dual,2026-02-13 22:43:57.8930000
1235,650b03136ab3d4c832d98b71,2214.89999999851,2214.89999999851,1,3,left-9,left,left-dark,light-up,fewer-up,dual,2026-02-13 22:44:01.2080000
1236,697ed2d83cce3f449a1439f5,1449.9000000059605,1449.9000000059605,1,22,left-8,left,left-dark,light-up,fewer-up,dual,2026-02-13 22:44:00.0720000
1237,66e8b1b59be9621d5b1ecdb2,1501,1501,0,23,right-4,right,right-dark,light-up,greater-up,dual,2026-02-13 22:43:59.9020000
1238,698651b5bbcfef723824cb98,1127.5,1127.5,1,14,left-9,left,left-dark,dark-up,greater-up,dual,2026-02-13 22:44:01.7400000
1239,679023f5b7572e2b6cb86bf7,2788.800000011921,2788.800000011921,1,13,right-1,right,right-dark,dark-up,greater-up,dual,2026-02-13 22:44:02.5720000
1240,5d1ea7e579b687001af802c6,2339,2339,0,24,right-1,left,right-dark,dark-up,greater-up,dual,2026-02-13 22:44:02.7760000
1241,697ed2d83cce3f449a1439f5,1325.800000011921,1325.800000011921,1,23,right-9,right,right-dark,light-up,fewer-up,dual,2026-02-13 22:44:01.9040000
1242,650b03136ab3d4c832d98b71,2216.60000000149,2216.60000000149,0,4,right-1,right,right-dark,light-up,greater-up,dual,2026-02-13 22:44:03.9280000
1243,62a6c39ce82d993784c0b352,6481.799999999814,6481.799999999814,1,12,right-1,left,right-dark,dark-up,fewer-up,dual,2026-02-13 22:44:04.2380000
1244,698651b5bbcfef723824cb98,1397.4000000059605,1397.4000000059605,1,15,right-3,right,right-dark,dark-up,greater-up,dual,2026-02-13 22:44:03.6500000
1245,66e8b1b59be9621d5b1ecdb2,1947,1947,1,24,right-7,left,right-dark,dark-up,fewer-up,dual,2026-02-13 22:44:03.3610000
1246,697ed2d83cce3f449a1439f5,1874.800000011921,1874.800000011921,1,24,right-8,left,right-dark,dark-up,fewer-up,dual,2026-02-13 22:44:04.2820000
1247,679023f5b7572e2b6cb86bf7,2401.2999999821186,2401.2999999821186,1,14,right-3,left,right-dark,light-up,greater-up,dual,2026-02-13 22:44:05.4760000
1248,5d1ea7e579b687001af802c6,1559.8999999761581,1559.8999999761581,0,25,left-4,left,left-dark,light-up,greater-up,dual,2026-02-13 22:44:05.8570000
1249,698651b5bbcfef723824cb98,1437.199999988079,1437.199999988079,1,16,right-2,left,right-dark,light-up,greater-up,dual,2026-02-13 22:44:05.6030000
1250,650b03136ab3d4c832d98b71,1317.7000000029802,1317.7000000029802,1,5,right-9,right,right-dark,dark-up,greater-up,dual,2026-02-13 22:44:06.7670000
1251,66e8b1b59be9621d5b1ecdb2,1739,1739,1,25,right-1,right,right-dark,light-up,fewer-up,dual,2026-02-13 22:44:05.6100000
1252,697ed2d83cce3f449a1439f5,1647.5999999940395,1647.5999999940395,1,25,right-6,left,right-dark,dark-up,fewer-up,dual,2026-02-13 22:44:06.4420000
1253,62a6c39ce82d993784c0b352,3515.9000000003725,3515.9000000003725,1,13,right-7,left,right-dark,light-up,greater-up,dual,2026-02-13 22:44:08.2580000
1254,5d1ea7e579b687001af802c6,313.2000000178814,313.2000000178814,0,26,left-6,right,left-dark,dark-up,greater-up,dual,2026-02-13 22:44:07.6970000
1255,698651b5bbcfef723824cb98,1442.9000000059605,1442.9000000059605,1,17,right-0,right,right-dark,light-up,fewer-up,dual,2026-02-13 22:44:07.5550000
1256,679023f5b7572e2b6cb86bf7,2873.7999999821186,2873.7999999821186,1,15,left-7,left,left-dark,dark-up,greater-up,dual,2026-02-13 22:44:08.8520000
1257,650b03136ab3d4c832d98b71,2237,2237,0,6,left-8,left,left-dark,light-up,greater-up,dual,2026-02-13 22:44:09.5120000
1258,697ed2d83cce3f449a1439f5,1302.3999999761581,1302.3999999761581,1,26,left-3,right,left-dark,light-up,greater-up,dual,2026-02-13 22:44:08.2540000
1259,5d1ea7e579b687001af802c6,13.799999982118607,13.799999982118607,1,27,left-0,right,left-dark,dark-up,fewer-up,dual,2026-02-13 22:44:09.2320000
1260,66e8b1b59be9621d5b1ecdb2,2180,2180,1,26,left-4,left,left-dark,dark-up,greater-up,dual,2026-02-13 22:44:08.3020000
1261,698651b5bbcfef723824cb98,1824.7000000178814,1824.7000000178814,1,18,right-7,left,right-dark,dark-up,fewer-up,dual,2026-02-13 22:44:09.8860000
1262,5d1ea7e579b687001af802c6,675.8000000119209,675.8000000119209,0,28,right-4,right,right-dark,light-up,greater-up,dual,2026-02-13 22:44:10.4160000
1263,679023f5b7572e2b6cb86bf7,2010.9000000059605,2010.9000000059605,1,16,right-9,left,right-dark,light-up,greater-up,dual,2026-02-13 22:44:11.3650000
1264,697ed2d83cce3f449a1439f5,1990.2000000178814,1990.2000000178814,1,27,left-7,right,left-dark,dark-up,fewer-up,dual,2026-02-13 22:44:10.7460000
1265,5d1ea7e579b687001af802c6,109,109,0,29,right-4,left,right-dark,dark-up,greater-up,dual,2026-02-13 22:44:12.0400000
1266,650b03136ab3d4c832d98b71,1686.6999999955297,1686.6999999955297,0,7,right-0,right,right-dark,light-up,greater-up,dual,2026-02-13 22:44:12.7180000
1267,698651b5bbcfef723824cb98,1419.800000011921,1419.800000011921,0,19,right-9,right,right-dark,dark-up,fewer-up,dual,2026-02-13 22:44:11.8130000
1268,66e8b1b59be9621d5b1ecdb2,2093,2093,1,27,right-8,left,right-dark,dark-up,fewer-up,dual,2026-02-13 22:44:10.9040000
1269,697ed2d83cce3f449a1439f5,1217.7999999821186,1217.7999999821186,1,28,right-2,left,right-dark,dark-up,fewer-up,dual,2026-02-13 22:44:12.4690000
1270,679023f5b7572e2b6cb86bf7,2005,2005,1,17,left-6,right,left-dark,light-up,greater-up,dual,2026-02-13 22:44:13.8720000
1271,66e8b1b59be9621d5b1ecdb2,1565,1565,1,28,right-4,right,right-dark,dark-up,greater-up,dual,2026-02-13 22:44:12.9770000
1272,5d1ea7e579b687001af802c6,1516,1516,1,30,right-7,right,right-dark,dark-up,greater-up,dual,2026-02-13 22:44:15.0640000
1273,697ed2d83cce3f449a1439f5,1430.6000000238419,1430.6000000238419,1,29,right-0,left,right-dark,light-up,greater-up,dual,2026-02-13 22:44:14.4110000
1274,62a6c39ce82d993784c0b352,7443.600000000559,7443.600000000559,1,14,right-6,left,right-dark,dark-up,fewer-up,dual,2026-02-13 22:44:16.2100000
1275,66e8b1b59be9621d5b1ecdb2,1015,1015,1,29,right-6,right,right-dark,dark-up,greater-up,dual,2026-02-13 22:44:14.5060000
1276,650b03136ab3d4c832d98b71,2715.60000000149,2715.60000000149,1,8,right-0,left,right-dark,dark-up,fewer-up,dual,2026-02-13 22:44:16.9520000
1277,5d1ea7e579b687001af802c6,750.6999999880791,750.6999999880791,0,31,right-5,right,right-dark,light-up,greater-up,dual,2026-02-13 22:44:16.3280000
1278,679023f5b7572e2b6cb86bf7,2515.800000011921,2515.800000011921,1,18,right-1,left,right-dark,dark-up,fewer-up,dual,2026-02-13 22:44:16.8910000
1279,697ed2d83cce3f449a1439f5,1261.5999999940395,1261.5999999940395,1,30,right-2,right,right-dark,light-up,fewer-up,dual,2026-02-13 22:44:16.1840000
1280,5d7fd2a5987f70001602d95b,2734,2734,1,0,left-2,right,left-dark,light-up,greater-up,dual,2026-02-13 22:44:19.3540000
1281,62a6c39ce82d993784c0b352,2687.399999999441,2687.399999999441,1,15,right-6,left,right-dark,light-up,greater-up,dual,2026-02-13 22:44:19.4060000
1282,5d1ea7e579b687001af802c6,1809.2999999821186,1809.2999999821186,1,32,left-0,left,left-dark,light-up,fewer-up,dual,2026-02-13 22:44:19.6630000
1283,679023f5b7572e2b6cb86bf7,2286.5999999940395,2286.5999999940395,1,19,right-3,right,right-dark,dark-up,greater-up,dual,2026-02-13 22:44:19.6800000
1284,697ed2d83cce3f449a1439f5,2305.300000011921,2305.300000011921,1,31,left-9,right,left-dark,dark-up,fewer-up,dual,2026-02-13 22:44:19.0020000
1285,650b03136ab3d4c832d98b71,4115.4000000059605,4115.4000000059605,1,9,left-3,left,left-dark,light-up,fewer-up,dual,2026-02-13 22:44:21.5760000
1286,5d1ea7e579b687001af802c6,892.6999999880791,892.6999999880791,0,33,right-3,right,right-dark,light-up,greater-up,dual,2026-02-13 22:44:21.0650000
1287,697ed2d83cce3f449a1439f5,1200.300000011921,1200.300000011921,1,32,right-5,left,right-dark,dark-up,fewer-up,dual,2026-02-13 22:44:20.7140000
1288,5d7fd2a5987f70001602d95b,3596,3596,1,1,left-2,right,left-dark,dark-up,fewer-up,dual,2026-02-13 22:44:23.4600000
1289,66e8b1b59be9621d5b1ecdb2,2404,2404,1,30,left-2,left,left-dark,dark-up,greater-up,dual,2026-02-13 22:44:17.4250000
1290,62a6c39ce82d993784c0b352,3303.2000000001863,3303.2000000001863,1,16,left-3,left,left-dark,dark-up,greater-up,dual,2026-02-13 22:44:23.2120000
1291,5d1ea7e579b687001af802c6,134.2999999821186,134.2999999821186,0,34,right-2,left,right-dark,dark-up,greater-up,dual,2026-02-13 22:44:22.7130000
1292,698651b5bbcfef723824cb98,1288.800000011921,1288.800000011921,1,20,left-0,right,left-dark,dark-up,fewer-up,dual,2026-02-13 22:44:22.4020000
1293,66e8b1b59be9621d5b1ecdb2,3263,3263,0,31,left-1,left,left-dark,light-up,greater-up,dual,2026-02-13 22:44:21.5000000
1294,697ed2d83cce3f449a1439f5,1358.8999999761581,1358.8999999761581,1,33,left-5,right,left-dark,light-up,greater-up,dual,2026-02-13 22:44:22.5820000
1295,698651b5bbcfef723824cb98,1076.199999988079,1076.199999988079,1,21,right-0,left,right-dark,light-up,greater-up,dual,2026-02-13 22:44:23.9810000
1296,5d1ea7e579b687001af802c6,122.09999999403954,122.09999999403954,0,35,left-2,left,left-dark,dark-up,fewer-up,dual,2026-02-13 22:44:24.3660000
1297,5d7fd2a5987f70001602d95b,2435,2435,1,2,right-9,left,right-dark,light-up,greater-up,dual,2026-02-13 22:44:26.3990000
1298,697ed2d83cce3f449a1439f5,1507.2000000178814,1507.2000000178814,1,34,right-3,right,right-dark,light-up,fewer-up,dual,2026-02-13 22:44:24.5920000
1299,62a6c39ce82d993784c0b352,3532.600000000559,3532.600000000559,0,17,left-6,left,left-dark,dark-up,fewer-up,dual,2026-02-13 22:44:27.2530000
1300,698651b5bbcfef723824cb98,1699.5,1699.5,0,22,right-8,right,right-dark,light-up,greater-up,dual,2026-02-13 22:44:26.1950000
1301,66e8b1b59be9621d5b1ecdb2,2196,2196,1,32,left-1,left,left-dark,dark-up,greater-up,dual,2026-02-13 22:44:25.2170000
1302,650b03136ab3d4c832d98b71,5685.79999999702,5685.79999999702,1,10,left-1,left,left-dark,light-up,fewer-up,dual,2026-02-13 22:44:27.7740000
1303,5d1ea7e579b687001af802c6,1432.5,1432.5,1,36,right-7,left,right-dark,dark-up,fewer-up,dual,2026-02-13 22:44:27.3280000
1304,697ed2d83cce3f449a1439f5,1875.2000000178814,1875.2000000178814,1,35,left-6,left,left-dark,light-up,fewer-up,dual,2026-02-13 22:44:26.9780000
1305,66e8b1b59be9621d5b1ecdb2,931,931,1,33,right-3,right,right-dark,dark-up,greater-up,dual,2026-02-13 22:44:26.6510000
1306,5d1ea7e579b687001af802c6,763.1999999880791,763.1999999880791,0,37,left-6,left,left-dark,dark-up,fewer-up,dual,2026-02-13 22:44:28.6080000
1307,5d7fd2a5987f70001602d95b,3350,3350,1,3,right-1,right,right-dark,light-up,fewer-up,dual,2026-02-13 22:44:30.2550000
1308,698651b5bbcfef723824cb98,1542.7999999821186,1542.7999999821186,1,23,right-0,left,right-dark,dark-up,fewer-up,dual,2026-02-13 22:44:29.2500000
1309,697ed2d83cce3f449a1439f5,1554,1554,1,36,right-7,left,right-dark,light-up,greater-up,dual,2026-02-13 22:44:29.0460000
1310,62a6c39ce82d993784c0b352,2376.2000000001863,2376.2000000001863,1,18,right-0,right,right-dark,dark-up,greater-up,dual,2026-02-13 22:44:31.1550000
1311,66e8b1b59be9621d5b1ecdb2,2080,2080,1,34,right-5,left,right-dark,dark-up,fewer-up,dual,2026-02-13 22:44:29.2440000
1312,698651b5bbcfef723824cb98,1270,1270,1,24,left-3,left,left-dark,dark-up,greater-up,dual,2026-02-13 22:44:31.0290000
1313,5d1ea7e579b687001af802c6,1640.2999999821186,1640.2999999821186,1,38,left-8,right,left-dark,dark-up,fewer-up,dual,2026-02-13 22:44:31.7610000
1314,697ed2d83cce3f449a1439f5,1697,1697,1,37,right-7,left,right-dark,dark-up,fewer-up,dual,2026-02-13 22:44:31.2550000
1315,5d7fd2a5987f70001602d95b,3133,3133,1,4,right-1,left,right-dark,light-up,greater-up,dual,2026-02-13 22:44:33.8990000
1316,698651b5bbcfef723824cb98,784.5999999940395,784.5999999940395,0,25,right-5,right,right-dark,light-up,greater-up,dual,2026-02-13 22:44:32.3160000
1317,66e8b1b59be9621d5b1ecdb2,1714,1714,1,35,left-8,left,left-dark,dark-up,greater-up,dual,2026-02-13 22:44:31.4630000
1318,5d1ea7e579b687001af802c6,890.5999999940395,890.5999999940395,0,39,left-9,right,left-dark,light-up,fewer-up,dual,2026-02-13 22:44:33.1680000
1319,62a6c39ce82d993784c0b352,3758.5,3758.5,0,19,right-5,right,right-dark,dark-up,fewer-up,dual,2026-02-13 22:44:35.4210000
1320,697ed2d83cce3f449a1439f5,2438.5,2438.5,1,38,right-1,left,right-dark,dark-up,fewer-up,dual,2026-02-13 22:44:34.1990000
1321,698651b5bbcfef723824cb98,1221.9000000059605,1221.9000000059605,1,26,left-9,right,left-dark,dark-up,fewer-up,dual,2026-02-13 22:44:35.0530000
1322,66e8b1b59be9621d5b1ecdb2,2063,2063,1,36,left-4,right,left-dark,dark-up,fewer-up,dual,2026-02-13 22:44:34.0300000
1323,650b03136ab3d4c832d98b71,8165.39999999851,8165.39999999851,1,11,left-2,left,left-dark,dark-up,greater-up,dual,2026-02-13 22:44:36.4560000
1324,5d7fd2a5987f70001602d95b,3488,3488,1,5,right-0,left,right-dark,dark-up,fewer-up,dual,2026-02-13 22:44:37.8970000
1325,698651b5bbcfef723824cb98,1028.9000000059605,1028.9000000059605,1,27,left-7,left,left-dark,dark-up,greater-up,dual,2026-02-13 22:44:36.5950000
1326,697ed2d83cce3f449a1439f5,1576.800000011921,1576.800000011921,1,39,left-7,left,left-dark,light-up,fewer-up,dual,2026-02-13 22:44:36.2780000
1327,66e8b1b59be9621d5b1ecdb2,2215,2215,0,37,right-5,right,right-dark,light-up,greater-up,dual,2026-02-13 22:44:36.7610000
1328,698651b5bbcfef723824cb98,1124.5999999940395,1124.5999999940395,1,28,right-9,right,right-dark,dark-up,greater-up,dual,2026-02-13 22:44:38.2220000
1329,5d1ea7e579b687001af802c6,736.5999999940395,736.5999999940395,1,40,left-5,left,left-dark,light-up,fewer-up,dual,2026-02-13 22:44:40.1040000
1330,698651b5bbcfef723824cb98,1180.7000000178814,1180.7000000178814,1,29,right-3,right,right-dark,light-up,fewer-up,dual,2026-02-13 22:44:39.9160000
1331,62a6c39ce82d993784c0b352,1303.5999999996275,1303.5999999996275,0,20,left-2,left,left-dark,light-up,greater-up,dual,2026-02-13 22:44:41.3480000
1332,5d7fd2a5987f70001602d95b,3960,3960,1,6,left-4,left,left-dark,dark-up,greater-up,dual,2026-02-13 22:44:42.3650000
1333,5d1ea7e579b687001af802c6,880.0999999940395,880.0999999940395,0,41,right-6,left,right-dark,dark-up,greater-up,dual,2026-02-13 22:44:41.4890000
1334,650b03136ab3d4c832d98b71,5531.5,5531.5,1,12,left-2,left,left-dark,light-up,fewer-up,dual,2026-02-13 22:44:42.4940000
1335,698651b5bbcfef723824cb98,1204.4000000059605,1204.4000000059605,0,30,right-5,right,right-dark,dark-up,fewer-up,dual,2026-02-13 22:44:41.6230000
1336,66e8b1b59be9621d5b1ecdb2,3256,3256,1,38,left-6,right,left-dark,dark-up,fewer-up,dual,2026-02-13 22:44:41.5350000
1337,5d1ea7e579b687001af802c6,258.90000000596046,258.90000000596046,1,42,right-8,left,right-dark,dark-up,fewer-up,dual,2026-02-13 22:44:43.2560000
1338,697ed2d83cce3f449a1439f5,2089.199999988079,2089.199999988079,1,40,left-0,left,left-dark,light-up,fewer-up,dual,2026-02-13 22:44:42.9830000
1339,5d7fd2a5987f70001602d95b,2775,2775,1,7,right-0,right,right-dark,light-up,fewer-up,dual,2026-02-13 22:44:45.6430000
1340,62a6c39ce82d993784c0b352,2392.100000000559,2392.100000000559,1,21,right-6,right,right-dark,light-up,fewer-up,dual,2026-02-13 22:44:45.2540000
1341,698651b5bbcfef723824cb98,1147.7999999821186,1147.7999999821186,0,31,right-3,right,right-dark,light-up,greater-up,dual,2026-02-13 22:44:44.2870000
1342,5d1ea7e579b687001af802c6,1242.2999999821186,1242.2999999821186,0,43,right-7,left,right-dark,light-up,fewer-up,dual,2026-02-13 22:44:45.0170000
1343,697ed2d83cce3f449a1439f5,913.3999999761581,913.3999999761581,1,41,left-3,left,left-dark,dark-up,greater-up,dual,2026-02-13 22:44:44.4050000
1344,66e8b1b59be9621d5b1ecdb2,2614,2614,1,39,right-7,right,right-dark,light-up,fewer-up,dual,2026-02-13 22:44:44.6530000
1345,698651b5bbcfef723824cb98,798.1999999880791,798.1999999880791,0,32,left-6,left,left-dark,light-up,greater-up,dual,2026-02-13 22:44:46.6120000
1346,5d7fd2a5987f70001602d95b,2743,2743,1,8,right-2,left,right-dark,light-up,greater-up,dual,2026-02-13 22:44:48.8910000
1347,697ed2d83cce3f449a1439f5,1696,1696,1,42,left-6,right,left-dark,dark-up,fewer-up,dual,2026-02-13 22:44:46.6160000
1348,62a6c39ce82d993784c0b352,3164.600000000559,3164.600000000559,0,22,right-1,left,right-dark,light-up,fewer-up,dual,2026-02-13 22:44:48.9260000
1349,5d1ea7e579b687001af802c6,1843.800000011921,1843.800000011921,0,44,left-8,right,left-dark,light-up,fewer-up,dual,2026-02-13 22:44:48.3840000
1350,697ed2d83cce3f449a1439f5,1251.300000011921,1251.300000011921,1,43,left-1,right,left-dark,light-up,greater-up,dual,2026-02-13 22:44:48.3720000
1351,650b03136ab3d4c832d98b71,7228.89999999851,7228.89999999851,1,13,right-4,left,right-dark,dark-up,fewer-up,dual,2026-02-13 22:44:50.2300000
1352,698651b5bbcfef723824cb98,1373.300000011921,1373.300000011921,1,33,right-6,right,right-dark,light-up,fewer-up,dual,2026-02-13 22:44:49.5090000
1353,5d1ea7e579b687001af802c6,506.19999998807907,506.19999998807907,0,45,left-7,right,left-dark,dark-up,greater-up,dual,2026-02-13 22:44:50.4160000
1354,697ed2d83cce3f449a1439f5,1268.800000011921,1268.800000011921,1,44,left-4,left,left-dark,dark-up,greater-up,dual,2026-02-13 22:44:50.1450000
1355,66e8b1b59be9621d5b1ecdb2,1532,1532,1,40,right-2,right,right-dark,dark-up,greater-up,dual,2026-02-13 22:44:49.6490000
1356,62a6c39ce82d993784c0b352,2348,2348,0,23,left-9,right,left-dark,light-up,fewer-up,dual,2026-02-13 22:44:52.7930000
1357,5d7fd2a5987f70001602d95b,4139,4139,1,9,right-4,left,right-dark,dark-up,fewer-up,dual,2026-02-13 22:44:53.5350000
1358,5d1ea7e579b687001af802c6,345.2999999821186,345.2999999821186,1,46,left-1,left,left-dark,light-up,fewer-up,dual,2026-02-13 22:44:52.2880000
1359,698651b5bbcfef723824cb98,2046.0999999940395,2046.0999999940395,1,34,right-8,left,right-dark,dark-up,fewer-up,dual,2026-02-13 22:44:52.0680000
1360,697ed2d83cce3f449a1439f5,847,847,1,45,left-0,left,left-dark,dark-up,greater-up,dual,2026-02-13 22:44:51.4930000
1361,650b03136ab3d4c832d98b71,3312.7999999970198,3312.7999999970198,1,14,right-1,left,right-dark,dark-up,fewer-up,dual,2026-02-13 22:44:54.0480000
1362,5d1ea7e579b687001af802c6,1010,1010,1,47,right-3,right,right-dark,light-up,fewer-up,dual,2026-02-13 22:44:53.8070000
1363,698651b5bbcfef723824cb98,1475.5,1475.5,1,35,left-5,left,left-dark,light-up,fewer-up,dual,2026-02-13 22:44:54.0560000
1364,697ed2d83cce3f449a1439f5,2182.199999988079,2182.199999988079,1,46,right-0,right,right-dark,light-up,fewer-up,dual,2026-02-13 22:44:54.1820000
1365,5d7fd2a5987f70001602d95b,2562,2562,1,10,left-2,left,left-dark,dark-up,greater-up,dual,2026-02-13 22:44:56.6050000
1366,5d1ea7e579b687001af802c6,916.5999999940395,916.5999999940395,0,48,left-5,left,left-dark,dark-up,fewer-up,dual,2026-02-13 22:44:55.2390000
1367,66e8b1b59be9621d5b1ecdb2,2544,2544,1,41,right-9,right,right-dark,light-up,fewer-up,dual,2026-02-13 22:44:52.6990000
1368,62a6c39ce82d993784c0b352,2731.7999999998137,2731.7999999998137,1,24,right-9,left,right-dark,light-up,greater-up,dual,2026-02-13 22:44:57.0450000
1369,650b03136ab3d4c832d98b71,2527.60000000149,2527.60000000149,1,15,left-3,right,left-dark,dark-up,fewer-up,dual,2026-02-13 22:44:57.0880000
1370,697ed2d83cce3f449a1439f5,943.1000000238419,943.1000000238419,1,47,right-3,right,right-dark,dark-up,greater-up,dual,2026-02-13 22:44:55.6380000
1371,698651b5bbcfef723824cb98,2136,2136,1,36,left-2,right,left-dark,dark-up,fewer-up,dual,2026-02-13 22:44:56.6940000
1372,66e8b1b59be9621d5b1ecdb2,2203,2203,1,42,left-5,left,left-dark,light-up,fewer-up,dual,2026-02-13 22:44:55.4120000
1373,5d1ea7e579b687001af802c6,419.09999999403954,419.09999999403954,1,49,right-0,right,right-dark,light-up,fewer-up,dual,2026-02-13 22:44:57.1750000
1374,5d1ea7e579b687001af802c6,792.4000000059605,792.4000000059605,0,50,left-5,left,left-dark,light-up,greater-up,dual,2026-02-13 22:44:58.4790000
1375,5d7fd2a5987f70001602d95b,2988,2988,1,11,right-7,left,right-dark,light-up,greater-up,dual,2026-02-13 22:45:00.1050000
1376,66e8b1b59be9621d5b1ecdb2,1335,1335,1,43,right-9,left,right-dark,light-up,greater-up,dual,2026-02-13 22:44:57.2560000
1377,698651b5bbcfef723824cb98,1584.7000000178814,1584.7000000178814,1,37,left-0,left,left-dark,light-up,fewer-up,dual,2026-02-13 22:44:58.7800000
1378,697ed2d83cce3f449a1439f5,2228.0999999940395,2228.0999999940395,1,48,right-5,right,right-dark,light-up,fewer-up,dual,2026-02-13 22:44:58.3690000
1379,62a6c39ce82d993784c0b352,2625.100000000559,2625.100000000559,1,25,left-8,left,left-dark,dark-up,greater-up,dual,2026-02-13 22:45:00.1810000
1380,679023f5b7572e2b6cb86bf7,1642,1642,1,20,right-1,right,right-dark,light-up,fewer-up,dual,2026-02-13 22:45:00.3990000
1381,5d1ea7e579b687001af802c6,592.9000000059605,592.9000000059605,0,51,right-5,right,right-dark,dark-up,fewer-up,dual,2026-02-13 22:45:00.6000000
1382,66e8b1b59be9621d5b1ecdb2,1293,1293,1,44,left-9,right,left-dark,light-up,greater-up,dual,2026-02-13 22:44:59.0530000
1383,650b03136ab3d4c832d98b71,3870.7000000029802,3870.7000000029802,1,16,left-0,left,left-dark,dark-up,greater-up,dual,2026-02-13 22:45:01.4620000
1384,698651b5bbcfef723824cb98,1663,1663,1,38,left-8,left,left-dark,light-up,fewer-up,dual,2026-02-13 22:45:00.9580000
1385,697ed2d83cce3f449a1439f5,1829.300000011921,1829.300000011921,1,49,right-1,right,right-dark,dark-up,greater-up,dual,2026-02-13 22:45:00.7080000
1386,5d1ea7e579b687001af802c6,417.7000000178814,417.7000000178814,0,52,right-2,right,right-dark,light-up,greater-up,dual,2026-02-13 22:45:02.5340000
1387,679023f5b7572e2b6cb86bf7,1647.0999999940395,1647.0999999940395,1,21,left-0,left,left-dark,dark-up,greater-up,dual,2026-02-13 22:45:02.5480000
1388,66e8b1b59be9621d5b1ecdb2,1422,1422,1,45,left-9,left,left-dark,dark-up,greater-up,dual,2026-02-13 22:45:00.9830000
1389,698651b5bbcfef723824cb98,969,969,1,39,right-0,right,right-dark,dark-up,greater-up,dual,2026-02-13 22:45:02.4400000
1390,5d7fd2a5987f70001602d95b,3617,3617,1,12,left-5,right,left-dark,dark-up,fewer-up,dual,2026-02-13 22:45:04.2290000
1391,62a6c39ce82d993784c0b352,3218.0999999996275,3218.0999999996275,0,26,right-8,right,right-dark,dark-up,fewer-up,dual,2026-02-13 22:45:03.9050000
1392,697ed2d83cce3f449a1439f5,1021.4000000059605,1021.4000000059605,1,50,right-9,left,right-dark,light-up,greater-up,dual,2026-02-13 22:45:02.2380000
1393,679023f5b7572e2b6cb86bf7,327.09999999403954,327.09999999403954,0,22,left-4,left,left-dark,dark-up,fewer-up,dual,2026-02-13 22:45:03.3770000
1394,650b03136ab3d4c832d98b71,2558,2558,1,17,left-3,left,left-dark,dark-up,greater-up,dual,2026-02-13 22:45:04.5270000
1395,5d1ea7e579b687001af802c6,633.5,633.5,1,53,left-0,right,left-dark,light-up,greater-up,dual,2026-02-13 22:45:04.6870000
1396,697ed2d83cce3f449a1439f5,1485.3999999761581,1485.3999999761581,1,51,left-1,left,left-dark,light-up,fewer-up,dual,2026-02-13 22:45:04.2300000
1397,66e8b1b59be9621d5b1ecdb2,2330,2330,1,46,left-1,right,left-dark,dark-up,fewer-up,dual,2026-02-13 22:45:03.8260000
1398,5d1ea7e579b687001af802c6,590,590,1,54,left-7,right,left-dark,light-up,greater-up,dual,2026-02-13 22:45:05.7840000
1399,5d1ea7e579b687001af802c6,648,648,1,55,left-3,right,left-dark,dark-up,fewer-up,dual,2026-02-13 22:45:06.9360000
1400,697ed2d83cce3f449a1439f5,1290,1290,1,52,right-4,right,right-dark,light-up,fewer-up,dual,2026-02-13 22:45:06.0250000
1401,679023f5b7572e2b6cb86bf7,2318.2000000178814,2318.2000000178814,1,23,right-8,right,right-dark,light-up,fewer-up,dual,2026-02-13 22:45:07.2000000
1402,5d7fd2a5987f70001602d95b,4330,4330,1,13,left-0,left,left-dark,dark-up,greater-up,dual,2026-02-13 22:45:09.0620000
1403,650b03136ab3d4c832d98b71,3504.2999999970198,3504.2999999970198,1,18,left-4,left,left-dark,light-up,fewer-up,dual,2026-02-13 22:45:08.5350000
1404,62a6c39ce82d993784c0b352,3225.7999999998137,3225.7999999998137,1,27,right-3,right,right-dark,dark-up,greater-up,dual,2026-02-13 22:45:08.6430000
1405,5d1ea7e579b687001af802c6,689.0999999940395,689.0999999940395,1,56,right-3,left,right-dark,dark-up,fewer-up,dual,2026-02-13 22:45:08.1420000
1406,66e8b1b59be9621d5b1ecdb2,2530,2530,1,47,right-4,left,right-dark,dark-up,fewer-up,dual,2026-02-13 22:45:06.8650000
1407,697ed2d83cce3f449a1439f5,1206.7000000178814,1206.7000000178814,1,53,left-3,right,left-dark,dark-up,fewer-up,dual,2026-02-13 22:45:07.7430000
1408,5d1ea7e579b687001af802c6,644.3000000119209,644.3000000119209,1,57,right-4,left,right-dark,dark-up,fewer-up,dual,2026-02-13 22:45:09.2940000
1409,679023f5b7572e2b6cb86bf7,1746,1746,1,24,right-0,right,right-dark,light-up,fewer-up,dual,2026-02-13 22:45:09.4480000
1410,697ed2d83cce3f449a1439f5,1124.800000011921,1124.800000011921,1,54,right-8,right,right-dark,light-up,fewer-up,dual,2026-02-13 22:45:09.3710000
1411,5d1ea7e579b687001af802c6,700.5,700.5,0,58,left-6,right,left-dark,light-up,fewer-up,dual,2026-02-13 22:45:10.5040000
1412,650b03136ab3d4c832d98b71,2407.6999999955297,2407.6999999955297,1,19,right-7,right,right-dark,light-up,fewer-up,dual,2026-02-13 22:45:11.4480000
1413,66e8b1b59be9621d5b1ecdb2,2267,2267,1,48,left-5,right,left-dark,dark-up,fewer-up,dual,2026-02-13 22:45:09.6330000
1414,62a6c39ce82d993784c0b352,2973,2973,1,28,right-0,right,right-dark,light-up,fewer-up,dual,2026-02-13 22:45:12.1280000
1415,698651b5bbcfef723824cb98,2448.2000000178814,2448.2000000178814,1,40,left-3,left,left-dark,light-up,fewer-up,dual,2026-02-13 22:45:11.0750000
1416,679023f5b7572e2b6cb86bf7,1527.5,1527.5,1,25,right-8,left,right-dark,light-up,greater-up,dual,2026-02-13 22:45:11.4780000
1417,5d7fd2a5987f70001602d95b,3490,3490,1,14,left-3,left,left-dark,light-up,fewer-up,dual,2026-02-13 22:45:13.0570000
1418,697ed2d83cce3f449a1439f5,1251.5,1251.5,1,55,right-7,right,right-dark,light-up,fewer-up,dual,2026-02-13 22:45:11.1320000
1419,5d1ea7e579b687001af802c6,498,498,0,59,left-3,right,left-dark,light-up,fewer-up,dual,2026-02-13 22:45:12.5200000
1420,698651b5bbcfef723824cb98,1332,1332,1,41,left-6,right,left-dark,dark-up,fewer-up,dual,2026-02-13 22:45:12.9220000
1421,679023f5b7572e2b6cb86bf7,1447.300000011921,1447.300000011921,1,26,right-6,right,right-dark,dark-up,greater-up,dual,2026-02-13 22:45:13.4290000
1422,697ed2d83cce3f449a1439f5,1305.8999999761581,1305.8999999761581,1,56,left-2,right,left-dark,light-up,greater-up,dual,2026-02-13 22:45:12.9430000
1423,66e8b1b59be9621d5b1ecdb2,2980,2980,1,49,left-7,right,left-dark,light-up,greater-up,dual,2026-02-13 22:45:13.1280000
1424,698651b5bbcfef723824cb98,1115.0999999940395,1115.0999999940395,1,42,right-9,left,right-dark,light-up,greater-up,dual,2026-02-13 22:45:14.5450000
1425,62a6c39ce82d993784c0b352,3005.5,3005.5,0,29,left-0,left,left-dark,dark-up,fewer-up,dual,2026-02-13 22:45:15.6430000
1426,5d7fd2a5987f70001602d95b,3020,3020,1,15,left-1,right,left-dark,light-up,greater-up,dual,2026-02-13 22:45:16.5810000
1427,679023f5b7572e2b6cb86bf7,1408.0999999940395,1408.0999999940395,1,27,left-4,right,left-dark,light-up,greater-up,dual,2026-02-13 22:45:15.3390000
1428,697ed2d83cce3f449a1439f5,1521.699999988079,1521.699999988079,0,57,right-6,left,right-dark,light-up,fewer-up,dual,2026-02-13 22:45:14.9760000
1429,698651b5bbcfef723824cb98,1132.5,1132.5,1,43,left-3,right,left-dark,dark-up,fewer-up,dual,2026-02-13 22:45:16.1850000
1430,650b03136ab3d4c832d98b71,2761.2999999970198,2761.2999999970198,1,20,right-4,right,right-dark,dark-up,greater-up,dual,2026-02-13 22:45:17.8470000
1431,679023f5b7572e2b6cb86bf7,1601,1601,1,28,right-5,left,right-dark,dark-up,fewer-up,dual,2026-02-13 22:45:17.4430000
1432,5d7fd2a5987f70001602d95b,2537,2537,1,16,left-0,right,left-dark,light-up,greater-up,dual,2026-02-13 22:45:19.6260000
1433,698651b5bbcfef723824cb98,1178.300000011921,1178.300000011921,1,44,left-5,right,left-dark,light-up,greater-up,dual,2026-02-13 22:45:17.8680000
1434,66e8b1b59be9621d5b1ecdb2,2994,2994,1,50,left-6,left,left-dark,light-up,fewer-up,dual,2026-02-13 22:45:16.6320000
1435,697ed2d83cce3f449a1439f5,1176.300000011921,1176.300000011921,1,58,left-4,right,left-dark,light-up,greater-up,dual,2026-02-13 22:45:17.6650000
1436,650b03136ab3d4c832d98b71,1181.2999999970198,1181.2999999970198,1,21,left-4,left,left-dark,dark-up,greater-up,dual,2026-02-13 22:45:19.5440000
1437,62a6c39ce82d993784c0b352,2649.5,2649.5,0,30,left-7,right,left-dark,light-up,fewer-up,dual,2026-02-13 22:45:19.8140000
1438,5d1ea7e579b687001af802c6,668.1000000238419,668.1000000238419,1,60,right-8,right,right-dark,light-up,fewer-up,dual,2026-02-13 22:45:19.2550000
1439,679023f5b7572e2b6cb86bf7,1431,1431,1,29,left-9,left,left-dark,dark-up,greater-up,dual,2026-02-13 22:45:19.3760000
1440,698651b5bbcfef723824cb98,927.1000000238419,927.1000000238419,1,45,left-0,right,left-dark,light-up,greater-up,dual,2026-02-13 22:45:19.3010000
1441,697ed2d83cce3f449a1439f5,1025.2999999821186,1025.2999999821186,1,59,right-8,right,right-dark,dark-up,greater-up,dual,2026-02-13 22:45:19.1950000
1442,5d1ea7e579b687001af802c6,1045.7000000178814,1045.7000000178814,1,61,right-2,right,right-dark,light-up,fewer-up,dual,2026-02-13 22:45:20.8150000
1443,66e8b1b59be9621d5b1ecdb2,2193,2193,1,51,left-8,right,left-dark,dark-up,fewer-up,dual,2026-02-13 22:45:19.3420000
1444,679023f5b7572e2b6cb86bf7,1207.6000000238419,1207.6000000238419,1,30,left-0,right,left-dark,dark-up,fewer-up,dual,2026-02-13 22:45:21.0860000
1445,650b03136ab3d4c832d98b71,2160,2160,1,22,left-5,right,left-dark,dark-up,fewer-up,dual,2026-02-13 22:45:22.2160000
1446,5d7fd2a5987f70001602d95b,2875,2875,1,17,right-7,right,right-dark,light-up,fewer-up,dual,2026-02-13 22:45:23.0140000
1447,5d1ea7e579b687001af802c6,791.2000000178814,791.2000000178814,0,62,right-9,right,right-dark,dark-up,fewer-up,dual,2026-02-13 22:45:22.1120000
1448,698651b5bbcfef723824cb98,2293.600000023842,2293.600000023842,1,46,right-6,left,right-dark,dark-up,fewer-up,dual,2026-02-13 22:45:22.1040000
1449,62a6c39ce82d993784c0b352,2095.7999999998137,2095.7999999998137,0,31,left-3,left,left-dark,light-up,greater-up,dual,2026-02-13 22:45:23.4240000
1450,66e8b1b59be9621d5b1ecdb2,1517,1517,1,52,left-5,left,left-dark,dark-up,greater-up,dual,2026-02-13 22:45:21.3730000
1451,679023f5b7572e2b6cb86bf7,2220.300000011921,2220.300000011921,1,31,left-9,right,left-dark,dark-up,fewer-up,dual,2026-02-13 22:45:23.8090000
1452,698651b5bbcfef723824cb98,1171.699999988079,1171.699999988079,1,47,left-0,left,left-dark,dark-up,greater-up,dual,2026-02-13 22:45:23.7790000
1453,5d1ea7e579b687001af802c6,1011.6999999880791,1011.6999999880791,1,63,left-4,left,left-dark,light-up,fewer-up,dual,2026-02-13 22:45:24.6480000
1454,697ed2d83cce3f449a1439f5,1618.800000011921,1618.800000011921,1,60,left-9,left,left-dark,dark-up,greater-up,dual,2026-02-13 22:45:24.1630000
1455,698651b5bbcfef723824cb98,1109.300000011921,1109.300000011921,1,48,left-7,left,left-dark,light-up,fewer-up,dual,2026-02-13 22:45:25.4040000
1456,5d7fd2a5987f70001602d95b,3614,3614,1,18,left-9,left,left-dark,dark-up,greater-up,dual,2026-02-13 22:45:27.1800000
1457,679023f5b7572e2b6cb86bf7,1531.699999988079,1531.699999988079,1,32,left-8,right,left-dark,light-up,greater-up,dual,2026-02-13 22:45:25.8420000
1458,62a6c39ce82d993784c0b352,1872.4000000003725,1872.4000000003725,0,32,left-3,right,left-dark,light-up,fewer-up,dual,2026-02-13 22:45:26.8090000
1459,650b03136ab3d4c832d98b71,4076.5999999940395,4076.5999999940395,1,23,right-8,left,right-dark,dark-up,fewer-up,dual,2026-02-13 22:45:26.7990000
1460,66e8b1b59be9621d5b1ecdb2,1489,1489,1,53,left-0,left,left-dark,dark-up,greater-up,dual,2026-02-13 22:45:23.3700000
1461,5d1ea7e579b687001af802c6,1423.5,1423.5,0,64,right-9,left,right-dark,light-up,fewer-up,dual,2026-02-13 22:45:26.5750000
1462,697ed2d83cce3f449a1439f5,1088.5999999940395,1088.5999999940395,1,61,left-0,right,left-dark,dark-up,fewer-up,dual,2026-02-13 22:45:25.7580000
1463,66e8b1b59be9621d5b1ecdb2,1896,1896,1,54,right-1,right,right-dark,dark-up,greater-up,dual,2026-02-13 22:45:25.7670000
1464,679023f5b7572e2b6cb86bf7,1289,1289,1,33,left-5,right,left-dark,light-up,greater-up,dual,2026-02-13 22:45:27.6330000
1465,698651b5bbcfef723824cb98,1456.7999999821186,1456.7999999821186,1,49,left-1,right,left-dark,dark-up,fewer-up,dual,2026-02-13 22:45:27.3720000
1466,650b03136ab3d4c832d98b71,2007.1000000014901,2007.1000000014901,1,24,left-4,right,left-dark,light-up,greater-up,dual,2026-02-13 22:45:29.3110000
1467,697ed2d83cce3f449a1439f5,2333.699999988079,2333.699999988079,1,62,left-4,left,left-dark,light-up,fewer-up,dual,2026-02-13 22:45:28.6070000
1468,5d7fd2a5987f70001602d95b,3327,3327,1,19,right-5,right,right-dark,dark-up,greater-up,dual,2026-02-13 22:45:31.0130000
1469,66e8b1b59be9621d5b1ecdb2,1717,1717,1,55,right-8,right,right-dark,light-up,fewer-up,dual,2026-02-13 22:45:27.9890000
1470,62a6c39ce82d993784c0b352,2205.2999999998137,2205.2999999998137,1,33,left-5,left,left-dark,dark-up,greater-up,dual,2026-02-13 22:45:30.5290000
1471,698651b5bbcfef723824cb98,1608.2000000178814,1608.2000000178814,0,50,left-7,left,left-dark,dark-up,fewer-up,dual,2026-02-13 22:45:29.4880000
1472,679023f5b7572e2b6cb86bf7,1994.2000000178814,1994.2000000178814,1,34,right-7,left,right-dark,dark-up,fewer-up,dual,2026-02-13 22:45:30.1290000
1473,5d1ea7e579b687001af802c6,2086.9000000059605,2086.9000000059605,0,65,right-6,left,right-dark,light-up,fewer-up,dual,2026-02-13 22:45:30.1760000
1474,650b03136ab3d4c832d98b71,1304.7999999970198,1304.7999999970198,1,25,right-4,right,right-dark,light-up,fewer-up,dual,2026-02-13 22:45:31.1200000
1475,697ed2d83cce3f449a1439f5,1100.4000000059605,1100.4000000059605,1,63,left-2,right,left-dark,dark-up,fewer-up,dual,2026-02-13 22:45:30.2210000
1476,66e8b1b59be9621d5b1ecdb2,1371,1371,1,56,right-0,left,right-dark,light-up,greater-up,dual,2026-02-13 22:45:29.8700000
1477,5d1ea7e579b687001af802c6,369.5,369.5,0,66,left-1,left,left-dark,dark-up,fewer-up,dual,2026-02-13 22:45:32.0640000
1478,679023f5b7572e2b6cb86bf7,1955,1955,1,35,right-9,left,right-dark,dark-up,fewer-up,dual,2026-02-13 22:45:32.5860000
1479,697ed2d83cce3f449a1439f5,1035.9000000059605,1035.9000000059605,1,64,left-7,left,left-dark,dark-up,greater-up,dual,2026-02-13 22:45:31.7720000
1480,650b03136ab3d4c832d98b71,2000.2999999970198,2000.2999999970198,1,26,right-2,right,right-dark,light-up,fewer-up,dual,2026-02-13 22:45:33.6230000
1481,698651b5bbcfef723824cb98,1680,1680,1,51,left-9,left,left-dark,light-up,fewer-up,dual,2026-02-13 22:45:32.6890000
1482,62a6c39ce82d993784c0b352,3147.600000000559,3147.600000000559,1,34,left-7,left,left-dark,dark-up,greater-up,dual,2026-02-13 22:45:34.1920000
1483,697ed2d83cce3f449a1439f5,1094.2000000178814,1094.2000000178814,1,65,right-9,right,right-dark,dark-up,greater-up,dual,2026-02-13 22:45:33.3670000
1484,66e8b1b59be9621d5b1ecdb2,2403,2403,1,57,right-2,left,right-dark,light-up,greater-up,dual,2026-02-13 22:45:32.7870000
1485,698651b5bbcfef723824cb98,889.3000000119209,889.3000000119209,1,52,right-2,right,right-dark,dark-up,greater-up,dual,2026-02-13 22:45:34.0930000
1486,679023f5b7572e2b6cb86bf7,2130.800000011921,2130.800000011921,1,36,right-4,right,right-dark,dark-up,greater-up,dual,2026-02-13 22:45:35.2190000
1487,5d1ea7e579b687001af802c6,1853.5999999940395,1853.5999999940395,0,67,left-9,right,left-dark,dark-up,greater-up,dual,2026-02-13 22:45:35.4380000
1488,650b03136ab3d4c832d98b71,2071.8000000044703,2071.8000000044703,1,27,left-8,left,left-dark,light-up,fewer-up,dual,2026-02-13 22:45:36.2060000
1489,697ed2d83cce3f449a1439f5,1003.9000000059605,1003.9000000059605,1,66,right-4,right,right-dark,dark-up,greater-up,dual,2026-02-13 22:45:34.8790000
1490,698651b5bbcfef723824cb98,1362,1362,1,53,right-3,left,right-dark,dark-up,fewer-up,dual,2026-02-13 22:45:35.9560000
1491,66e8b1b59be9621d5b1ecdb2,1724,1724,1,58,left-0,right,left-dark,light-up,greater-up,dual,2026-02-13 22:45:35.0270000
1492,62a6c39ce82d993784c0b352,3222,3222,0,35,right-7,left,right-dark,dark-up,greater-up,dual,2026-02-13 22:45:37.9200000
1493,679023f5b7572e2b6cb86bf7,1780.7999999821186,1780.7999999821186,1,37,left-8,left,left-dark,light-up,fewer-up,dual,2026-02-13 22:45:37.5010000
1494,697ed2d83cce3f449a1439f5,1411.5999999940395,1411.5999999940395,1,67,left-7,right,left-dark,light-up,greater-up,dual,2026-02-13 22:45:36.7950000
1495,5d1ea7e579b687001af802c6,889.3000000119209,889.3000000119209,1,68,right-1,right,right-dark,light-up,fewer-up,dual,2026-02-13 22:45:37.8560000
1496,698651b5bbcfef723824cb98,1193.300000011921,1193.300000011921,1,54,right-8,right,right-dark,light-up,fewer-up,dual,2026-02-13 22:45:37.6530000
1497,650b03136ab3d4c832d98b71,2044.5,2044.5,1,28,right-6,left,right-dark,light-up,greater-up,dual,2026-02-13 22:45:38.7590000
1498,66e8b1b59be9621d5b1ecdb2,1957,1957,1,59,left-7,right,left-dark,dark-up,fewer-up,dual,2026-02-13 22:45:37.4960000
1499,697ed2d83cce3f449a1439f5,927.1999999880791,927.1999999880791,1,68,right-4,left,right-dark,light-up,greater-up,dual,2026-02-13 22:45:38.2350000
1500,5d1ea7e579b687001af802c6,860.0999999940395,860.0999999940395,0,69,left-7,right,left-dark,light-up,fewer-up,dual,2026-02-13 22:45:39.2400000
1501,679023f5b7572e2b6cb86bf7,1595.9000000059605,1595.9000000059605,1,38,left-1,right,left-dark,dark-up,fewer-up,dual,2026-02-13 22:45:39.5980000
1502,5d7fd2a5987f70001602d95b,4383,4383,1,20,right-5,left,right-dark,light-up,greater-up,dual,2026-02-13 22:45:41.0620000
1503,698651b5bbcfef723824cb98,1421.300000011921,1421.300000011921,1,55,left-5,right,left-dark,dark-up,fewer-up,dual,2026-02-13 22:45:39.5790000
1504,62a6c39ce82d993784c0b352,1815.2000000001863,1815.2000000001863,1,36,left-5,right,left-dark,light-up,greater-up,dual,2026-02-13 22:45:41.2570000
1505,5d1ea7e579b687001af802c6,55.099999994039536,55.099999994039536,1,70,left-9,right,left-dark,light-up,greater-up,dual,2026-02-13 22:45:40.8070000
1506,697ed2d83cce3f449a1439f5,1512.4000000059605,1512.4000000059605,1,69,right-4,left,right-dark,dark-up,fewer-up,dual,2026-02-13 22:45:40.2530000
1507,698651b5bbcfef723824cb98,1187.5,1187.5,1,56,right-1,left,right-dark,light-up,greater-up,dual,2026-02-13 22:45:41.2710000
1508,679023f5b7572e2b6cb86bf7,1829.9000000059605,1829.9000000059605,1,39,left-4,left,left-dark,dark-up,greater-up,dual,2026-02-13 22:45:41.9300000
1509,5d1ea7e579b687001af802c6,649.9000000059605,649.9000000059605,0,71,right-5,left,right-dark,dark-up,greater-up,dual,2026-02-13 22:45:41.9660000
1510,5d7fd2a5987f70001602d95b,2363,2363,1,21,right-3,right,right-dark,light-up,fewer-up,dual,2026-02-13 22:45:43.9370000
1511,697ed2d83cce3f449a1439f5,1270.4000000059605,1270.4000000059605,1,70,right-3,left,right-dark,dark-up,fewer-up,dual,2026-02-13 22:45:42.0300000
1512,650b03136ab3d4c832d98b71,4526.69999999553,4526.69999999553,1,29,left-9,right,left-dark,dark-up,fewer-up,dual,2026-02-13 22:45:43.7920000
1513,698651b5bbcfef723824cb98,1053.4000000059605,1053.4000000059605,1,57,right-9,right,right-dark,light-up,fewer-up,dual,2026-02-13 22:45:42.8380000
1514,66e8b1b59be9621d5b1ecdb2,1370,1370,1,60,left-4,right,left-dark,light-up,greater-up,dual,2026-02-13 22:45:42.5620000
1515,62a6c39ce82d993784c0b352,3670.7999999998137,3670.7999999998137,0,37,left-6,right,left-dark,dark-up,greater-up,dual,2026-02-13 22:45:45.4350000
1516,697ed2d83cce3f449a1439f5,1466.7000000178814,1466.7000000178814,1,71,left-5,left,left-dark,light-up,fewer-up,dual,2026-02-13 22:45:44.0100000
1517,5d1ea7e579b687001af802c6,1504.4000000059605,1504.4000000059605,0,72,right-4,left,right-dark,light-up,fewer-up,dual,2026-02-13 22:45:44.9840000
1518,698651b5bbcfef723824cb98,1311.4000000059605,1311.4000000059605,1,58,right-7,left,right-dark,light-up,greater-up,dual,2026-02-13 22:45:44.6590000
1519,650b03136ab3d4c832d98b71,1606.0999999940395,1606.0999999940395,1,30,right-3,left,right-dark,light-up,greater-up,dual,2026-02-13 22:45:45.9050000
1520,5d7fd2a5987f70001602d95b,2347,2347,1,22,right-4,right,right-dark,dark-up,greater-up,dual,2026-02-13 22:45:46.7910000
1521,66e8b1b59be9621d5b1ecdb2,1710,1710,1,61,left-2,left,left-dark,light-up,fewer-up,dual,2026-02-13 22:45:44.7850000
1522,698651b5bbcfef723824cb98,1342.2000000178814,1342.2000000178814,1,59,right-4,left,right-dark,light-up,greater-up,dual,2026-02-13 22:45:46.5100000
1523,697ed2d83cce3f449a1439f5,1458.199999988079,1458.199999988079,1,72,left-6,right,left-dark,light-up,greater-up,dual,2026-02-13 22:45:45.9710000
1524,650b03136ab3d4c832d98b71,1637.1999999955297,1637.1999999955297,1,31,left-6,left,left-dark,dark-up,greater-up,dual,2026-02-13 22:45:48.0560000
1525,5d1ea7e579b687001af802c6,1731.199999988079,1731.199999988079,1,73,left-9,right,left-dark,dark-up,fewer-up,dual,2026-02-13 22:45:48.2310000
1526,62a6c39ce82d993784c0b352,2133.600000000559,2133.600000000559,0,38,left-4,left,left-dark,light-up,greater-up,dual,2026-02-13 22:45:49.0830000
1527,697ed2d83cce3f449a1439f5,1032.2999999821186,1032.2999999821186,1,73,right-5,right,right-dark,dark-up,greater-up,dual,2026-02-13 22:45:47.5190000
1528,66e8b1b59be9621d5b1ecdb2,1902,1902,1,62,left-9,left,left-dark,light-up,fewer-up,dual,2026-02-13 22:45:47.1920000
1529,5d7fd2a5987f70001602d95b,2961,2961,1,23,right-6,left,right-dark,light-up,greater-up,dual,2026-02-13 22:45:50.2610000
1530,650b03136ab3d4c832d98b71,1455.5,1455.5,1,32,left-7,left,left-dark,light-up,fewer-up,dual,2026-02-13 22:45:50.0150000
1531,5d1ea7e579b687001af802c6,791,791,0,74,left-2,right,left-dark,dark-up,greater-up,dual,2026-02-13 22:45:49.5350000
1532,679023f5b7572e2b6cb86bf7,2932,2932,1,40,left-8,left,left-dark,dark-up,greater-up,dual,2026-02-13 22:45:49.8700000
1533,697ed2d83cce3f449a1439f5,1481.2000000178814,1481.2000000178814,1,74,left-5,right,left-dark,dark-up,fewer-up,dual,2026-02-13 22:45:49.5080000
1534,66e8b1b59be9621d5b1ecdb2,1692,1692,1,63,right-6,right,right-dark,light-up,fewer-up,dual,2026-02-13 22:45:49.3930000
1535,62a6c39ce82d993784c0b352,1720.7999999998137,1720.7999999998137,0,39,right-2,right,right-dark,light-up,greater-up,dual,2026-02-13 22:45:52.3160000
1536,679023f5b7572e2b6cb86bf7,1584.699999988079,1584.699999988079,0,41,left-7,right,left-dark,light-up,fewer-up,dual,2026-02-13 22:45:51.9560000
1537,697ed2d83cce3f449a1439f5,1266.3999999761581,1266.3999999761581,1,75,left-8,right,left-dark,dark-up,fewer-up,dual,2026-02-13 22:45:51.2910000
1538,5d1ea7e579b687001af802c6,1394.8999999761581,1394.8999999761581,1,75,right-0,left,right-dark,dark-up,fewer-up,dual,2026-02-13 22:45:52.4460000
1539,66e8b1b59be9621d5b1ecdb2,2010,2010,1,64,left-3,right,left-dark,dark-up,fewer-up,dual,2026-02-13 22:45:51.9200000
1540,5d1ea7e579b687001af802c6,774.4000000059605,774.4000000059605,0,76,right-9,left,right-dark,dark-up,greater-up,dual,2026-02-13 22:45:53.7270000
1541,697ed2d83cce3f449a1439f5,1107.3999999761581,1107.3999999761581,1,76,right-9,left,right-dark,dark-up,fewer-up,dual,2026-02-13 22:45:52.9040000
1542,5d7fd2a5987f70001602d95b,4620,4620,1,24,right-9,right,right-dark,dark-up,greater-up,dual,2026-02-13 22:45:55.3900000
1543,66e8b1b59be9621d5b1ecdb2,1219,1219,1,65,left-7,left,left-dark,dark-up,greater-up,dual,2026-02-13 22:45:53.6440000
1544,5d1ea7e579b687001af802c6,47.5,47.5,0,77,left-2,right,left-dark,light-up,fewer-up,dual,2026-02-13 22:45:55.2960000
1545,679023f5b7572e2b6cb86bf7,2039.4000000059605,2039.4000000059605,1,42,right-6,left,right-dark,light-up,greater-up,dual,2026-02-13 22:45:55.5000000
1546,697ed2d83cce3f449a1439f5,1184.199999988079,1184.199999988079,1,77,right-8,left,right-dark,light-up,greater-up,dual,2026-02-13 22:45:54.5980000
1547,650b03136ab3d4c832d98b71,5666,5666,1,33,left-5,left,left-dark,light-up,fewer-up,dual,2026-02-13 22:45:56.1980000
1548,5d7fd2a5987f70001602d95b,2562,2562,1,25,left-4,left,left-dark,light-up,fewer-up,dual,2026-02-13 22:45:58.4580000
1549,5d1ea7e579b687001af802c6,252.90000000596046,252.90000000596046,0,78,right-3,left,right-dark,dark-up,greater-up,dual,2026-02-13 22:45:57.0640000
1550,62a6c39ce82d993784c0b352,1540.2999999998137,1540.2999999998137,0,40,left-5,left,left-dark,dark-up,fewer-up,dual,2026-02-13 22:45:57.7130000
1551,697ed2d83cce3f449a1439f5,1314.5999999940395,1314.5999999940395,1,78,left-3,left,left-dark,light-up,fewer-up,dual,2026-02-13 22:45:56.4200000
1552,679023f5b7572e2b6cb86bf7,1361.5,1361.5,1,43,right-5,left,right-dark,light-up,greater-up,dual,2026-02-13 22:45:57.3650000
1553,698651b5bbcfef723824cb98,1265.7000000178814,1265.7000000178814,1,60,left-4,left,left-dark,dark-up,greater-up,dual,2026-02-13 22:45:57.1770000
1554,5d1ea7e579b687001af802c6,170.80000001192093,170.80000001192093,1,79,right-8,right,right-dark,dark-up,greater-up,dual,2026-02-13 22:45:58.7600000
1555,650b03136ab3d4c832d98b71,2890.89999999851,2890.89999999851,1,34,left-5,right,left-dark,light-up,greater-up,dual,2026-02-13 22:45:59.5990000
1556,698651b5bbcfef723824cb98,995.9000000059605,995.9000000059605,1,61,left-8,left,left-dark,dark-up,greater-up,dual,2026-02-13 22:45:58.6850000
1557,679023f5b7572e2b6cb86bf7,1254.5999999940395,1254.5999999940395,1,44,left-8,right,left-dark,dark-up,fewer-up,dual,2026-02-13 22:45:59.1220000
1558,697ed2d83cce3f449a1439f5,1447.800000011921,1447.800000011921,1,79,left-1,right,left-dark,dark-up,fewer-up,dual,2026-02-13 22:45:58.3720000
1559,66e8b1b59be9621d5b1ecdb2,2644,2644,1,66,right-2,left,right-dark,dark-up,fewer-up,dual,2026-02-13 22:45:56.7960000
1560,62a6c39ce82d993784c0b352,2021.2000000001863,2021.2000000001863,1,41,right-4,right,right-dark,light-up,fewer-up,dual,2026-02-13 22:46:01.2390000
1561,5d7fd2a5987f70001602d95b,3020,3020,1,26,left-4,right,left-dark,dark-up,fewer-up,dual,2026-02-13 22:46:01.9850000
1562,698651b5bbcfef723824cb98,1446.9000000059605,1446.9000000059605,1,62,left-2,right,left-dark,light-up,greater-up,dual,2026-02-13 22:46:00.6380000
1563,66e8b1b59be9621d5b1ecdb2,2298,2298,1,67,left-6,left,left-dark,dark-up,greater-up,dual,2026-02-13 22:45:59.6020000
1564,679023f5b7572e2b6cb86bf7,1708.199999988079,1708.199999988079,1,45,right-9,right,right-dark,dark-up,greater-up,dual,2026-02-13 22:46:01.3320000
1565,698651b5bbcfef723824cb98,1204.2000000178814,1204.2000000178814,1,63,left-4,left,left-dark,light-up,fewer-up,dual,2026-02-13 22:46:02.3440000
1566,679023f5b7572e2b6cb86bf7,1156.800000011921,1156.800000011921,1,46,right-2,right,right-dark,light-up,fewer-up,dual,2026-02-13 22:46:02.9920000
1567,66e8b1b59be9621d5b1ecdb2,1718,1718,1,68,left-8,right,left-dark,light-up,greater-up,dual,2026-02-13 22:46:01.8360000
1568,650b03136ab3d4c832d98b71,4120,4120,1,35,right-2,left,right-dark,dark-up,fewer-up,dual,2026-02-13 22:46:04.2230000
1569,62a6c39ce82d993784c0b352,2859.2999999998137,2859.2999999998137,1,42,left-8,right,left-dark,dark-up,fewer-up,dual,2026-02-13 22:46:04.6090000
1570,698651b5bbcfef723824cb98,1348.199999988079,1348.199999988079,0,64,left-1,left,left-dark,light-up,greater-up,dual,2026-02-13 22:46:04.2040000
1571,679023f5b7572e2b6cb86bf7,1067.0999999940395,1067.0999999940395,1,47,left-0,right,left-dark,light-up,greater-up,dual,2026-02-13 22:46:04.5610000
1572,5d7fd2a5987f70001602d95b,3688,3688,1,27,left-3,right,left-dark,dark-up,fewer-up,dual,2026-02-13 22:46:06.1790000
1573,66e8b1b59be9621d5b1ecdb2,1512,1512,1,69,left-2,right,left-dark,dark-up,fewer-up,dual,2026-02-13 22:46:03.8530000
1574,650b03136ab3d4c832d98b71,1859.2999999970198,1859.2999999970198,1,36,left-6,left,left-dark,light-up,fewer-up,dual,2026-02-13 22:46:06.5900000
1575,679023f5b7572e2b6cb86bf7,965.0999999940395,965.0999999940395,1,48,left-9,right,left-dark,light-up,greater-up,dual,2026-02-13 22:46:06.0280000
1576,698651b5bbcfef723824cb98,1015.1999999880791,1015.1999999880791,1,65,right-2,right,right-dark,light-up,fewer-up,dual,2026-02-13 22:46:06.7430000
1577,62a6c39ce82d993784c0b352,3351.2999999998137,3351.2999999998137,0,43,right-9,left,right-dark,dark-up,greater-up,dual,2026-02-13 22:46:08.4770000
1578,5d7fd2a5987f70001602d95b,2674,2674,1,28,right-6,right,right-dark,light-up,fewer-up,dual,2026-02-13 22:46:09.3580000
1579,679023f5b7572e2b6cb86bf7,1517.199999988079,1517.199999988079,1,49,right-7,right,right-dark,light-up,fewer-up,dual,2026-02-13 22:46:08.0480000
1580,66e8b1b59be9621d5b1ecdb2,2333,2333,1,70,left-3,left,left-dark,dark-up,greater-up,dual,2026-02-13 22:46:06.6890000
1581,698651b5bbcfef723824cb98,1267.7000000178814,1267.7000000178814,1,66,right-5,right,right-dark,light-up,fewer-up,dual,2026-02-13 22:46:08.5220000
1582,650b03136ab3d4c832d98b71,3545.2999999970198,3545.2999999970198,1,37,left-0,left,left-dark,light-up,fewer-up,dual,2026-02-13 22:46:10.6480000
1583,66e8b1b59be9621d5b1ecdb2,1252,1252,1,71,right-7,right,right-dark,dark-up,greater-up,dual,2026-02-13 22:46:08.4420000
1584,698651b5bbcfef723824cb98,1188.800000011921,1188.800000011921,1,67,right-7,right,right-dark,light-up,fewer-up,dual,2026-02-13 22:46:10.2230000
1585,5d7fd2a5987f70001602d95b,3071,3071,1,29,left-5,right,left-dark,light-up,greater-up,dual,2026-02-13 22:46:12.9360000
1586,62a6c39ce82d993784c0b352,2494.5,2494.5,0,44,left-0,right,left-dark,light-up,fewer-up,dual,2026-02-13 22:46:12.4820000
1587,679023f5b7572e2b6cb86bf7,3248,3248,1,50,right-5,right,right-dark,light-up,fewer-up,dual,2026-02-13 22:46:11.7970000
1588,698651b5bbcfef723824cb98,1149.3999999761581,1149.3999999761581,1,68,right-4,right,right-dark,light-up,fewer-up,dual,2026-02-13 22:46:11.8830000
1589,66e8b1b59be9621d5b1ecdb2,1710,1710,1,72,left-5,right,left-dark,light-up,greater-up,dual,2026-02-13 22:46:10.6600000
1590,650b03136ab3d4c832d98b71,2723.4000000059605,2723.4000000059605,1,38,right-6,left,right-dark,dark-up,fewer-up,dual,2026-02-13 22:46:13.8800000
1591,698651b5bbcfef723824cb98,805.0999999940395,805.0999999940395,1,69,right-8,right,right-dark,dark-up,greater-up,dual,2026-02-13 22:46:13.1910000
1592,679023f5b7572e2b6cb86bf7,1279,1279,1,51,right-8,left,right-dark,dark-up,fewer-up,dual,2026-02-13 22:46:13.5780000
1593,66e8b1b59be9621d5b1ecdb2,1466,1466,1,73,right-0,left,right-dark,dark-up,fewer-up,dual,2026-02-13 22:46:12.6350000
1594,698651b5bbcfef723824cb98,1059.5,1059.5,1,70,left-8,right,left-dark,light-up,greater-up,dual,2026-02-13 22:46:14.7550000
1595,650b03136ab3d4c832d98b71,1375.8999999985099,1375.8999999985099,1,39,left-6,right,left-dark,light-up,greater-up,dual,2026-02-13 22:46:15.7680000
1596,5d7fd2a5987f70001602d95b,3403,3403,1,30,left-9,right,left-dark,light-up,greater-up,dual,2026-02-13 22:46:16.8420000
1597,62a6c39ce82d993784c0b352,2223.0999999996275,2223.0999999996275,0,45,left-0,right,left-dark,dark-up,greater-up,dual,2026-02-13 22:46:16.2290000
1598,679023f5b7572e2b6cb86bf7,1454.3999999761581,1454.3999999761581,1,52,right-6,left,right-dark,dark-up,fewer-up,dual,2026-02-13 22:46:15.5350000
1599,66e8b1b59be9621d5b1ecdb2,1466,1466,1,74,right-9,right,right-dark,dark-up,greater-up,dual,2026-02-13 22:46:14.6100000
1600,698651b5bbcfef723824cb98,1414.7000000178814,1414.7000000178814,1,71,right-2,left,right-dark,dark-up,fewer-up,dual,2026-02-13 22:46:16.6860000
1601,679023f5b7572e2b6cb86bf7,1509.7999999821186,1509.7999999821186,1,53,left-5,right,left-dark,dark-up,fewer-up,dual,2026-02-13 22:46:17.5470000
1602,66e8b1b59be9621d5b1ecdb2,1515,1515,1,75,left-3,left,left-dark,light-up,fewer-up,dual,2026-02-13 22:46:16.6630000
1603,698651b5bbcfef723824cb98,1203.800000011921,1203.800000011921,1,72,left-6,left,left-dark,dark-up,greater-up,dual,2026-02-13 22:46:18.3900000
1604,5d7fd2a5987f70001602d95b,2795,2795,1,31,right-0,right,right-dark,dark-up,greater-up,dual,2026-02-13 22:46:20.1500000
1605,679023f5b7572e2b6cb86bf7,1149,1149,1,54,left-3,right,left-dark,dark-up,fewer-up,dual,2026-02-13 22:46:19.1970000
1606,66e8b1b59be9621d5b1ecdb2,1382,1382,1,76,right-5,right,right-dark,light-up,fewer-up,dual,2026-02-13 22:46:18.5570000
1607,698651b5bbcfef723824cb98,1177.5,1177.5,1,73,left-2,left,left-dark,light-up,fewer-up,dual,2026-02-13 22:46:20.0760000
1608,679023f5b7572e2b6cb86bf7,1543.8999999761581,1543.8999999761581,1,55,left-2,left,left-dark,light-up,fewer-up,dual,2026-02-13 22:46:21.2430000
1609,62a6c39ce82d993784c0b352,4740.5999999996275,4740.5999999996275,0,46,left-3,left,left-dark,dark-up,fewer-up,dual,2026-02-13 22:46:22.4850000
1610,698651b5bbcfef723824cb98,911.0999999940395,911.0999999940395,1,74,right-7,right,right-dark,dark-up,greater-up,dual,2026-02-13 22:46:21.4930000
1611,650b03136ab3d4c832d98b71,3123.39999999851,3123.39999999851,1,40,left-1,right,left-dark,dark-up,fewer-up,dual,2026-02-13 22:46:22.5360000
1612,66e8b1b59be9621d5b1ecdb2,1871,1871,1,77,right-8,right,right-dark,dark-up,greater-up,dual,2026-02-13 22:46:20.9420000
1613,5d7fd2a5987f70001602d95b,3621,3621,1,32,right-7,left,right-dark,dark-up,fewer-up,dual,2026-02-13 22:46:24.2760000
1614,679023f5b7572e2b6cb86bf7,1144.5999999940395,1144.5999999940395,1,56,right-9,right,right-dark,light-up,fewer-up,dual,2026-02-13 22:46:22.8900000
1615,650b03136ab3d4c832d98b71,1052,1052,1,41,left-9,left,left-dark,dark-up,greater-up,dual,2026-02-13 22:46:24.0950000
1616,698651b5bbcfef723824cb98,1481,1481,1,75,left-4,right,left-dark,light-up,greater-up,dual,2026-02-13 22:46:23.4830000
1617,679023f5b7572e2b6cb86bf7,1223.5,1223.5,1,57,right-7,right,right-dark,dark-up,greater-up,dual,2026-02-13 22:46:24.6150000
1618,66e8b1b59be9621d5b1ecdb2,1717,1717,0,78,right-2,left,right-dark,light-up,fewer-up,dual,2026-02-13 22:46:23.1670000
1619,62a6c39ce82d993784c0b352,2006.2000000001863,2006.2000000001863,0,47,left-1,right,left-dark,dark-up,greater-up,dual,2026-02-13 22:46:26.0060000
1620,694180d069557e7a626bbbfc,2826,2826,1,0,left-8,right,left-dark,dark-up,fewer-up,single,2026-02-13 22:46:25.3400000
1621,698651b5bbcfef723824cb98,1251.300000011921,1251.300000011921,1,76,right-1,right,right-dark,dark-up,greater-up,dual,2026-02-13 22:46:25.2410000
1622,650b03136ab3d4c832d98b71,1816.2000000029802,1816.2000000029802,1,42,left-2,right,left-dark,dark-up,fewer-up,dual,2026-02-13 22:46:26.4150000
1623,5d7fd2a5987f70001602d95b,3704,3704,1,33,left-3,left,left-dark,dark-up,greater-up,dual,2026-02-13 22:46:28.4950000
1624,679023f5b7572e2b6cb86bf7,2090.5999999940395,2090.5999999940395,1,58,left-3,left,left-dark,light-up,fewer-up,dual,2026-02-13 22:46:27.2080000
1625,698651b5bbcfef723824cb98,1238.5,1238.5,1,77,left-5,left,left-dark,dark-up,greater-up,dual,2026-02-13 22:46:26.9890000
1626,650b03136ab3d4c832d98b71,1427.3999999985099,1427.3999999985099,1,43,left-8,left,left-dark,dark-up,greater-up,dual,2026-02-13 22:46:28.3520000
1627,694180d069557e7a626bbbfc,2604,2604,1,1,left-3,left,left-dark,dark-up,greater-up,single,2026-02-13 22:46:28.4480000
1628,698651b5bbcfef723824cb98,767.6000000238419,767.6000000238419,1,78,left-2,left,left-dark,dark-up,greater-up,dual,2026-02-13 22:46:28.2640000
1629,62a6c39ce82d993784c0b352,2186.2999999998137,2186.2999999998137,0,48,left-1,left,left-dark,light-up,greater-up,dual,2026-02-13 22:46:29.7190000
1630,679023f5b7572e2b6cb86bf7,1712.699999988079,1712.699999988079,1,59,left-5,left,left-dark,dark-up,greater-up,dual,2026-02-13 22:46:29.4220000
1631,60fcbda8909f2ef8e0afa8ca,4824.199999999255,4824.199999999255,1,0,right-8,right,right-dark,light-up,fewer-up,single,2026-02-13 22:46:29.5170000
1632,650b03136ab3d4c832d98b71,1774.1000000014901,1774.1000000014901,1,44,right-5,right,right-dark,dark-up,greater-up,dual,2026-02-13 22:46:30.6390000
1633,698651b5bbcfef723824cb98,1364.300000011921,1364.300000011921,1,79,left-7,right,left-dark,light-up,greater-up,dual,2026-02-13 22:46:30.1290000
1634,5d7fd2a5987f70001602d95b,3169,3169,1,34,left-9,left,left-dark,light-up,fewer-up,dual,2026-02-13 22:46:32.1760000
1635,650b03136ab3d4c832d98b71,1445,1445,1,45,right-5,right,right-dark,light-up,fewer-up,dual,2026-02-13 22:46:32.6010000
1636,60fcbda8909f2ef8e0afa8ca,1906.7000000029802,1906.7000000029802,1,1,left-2,right,left-dark,light-up,greater-up,single,2026-02-13 22:46:31.9260000
1637,62a6c39ce82d993784c0b352,2738.7000000001863,2738.7000000001863,1,49,left-6,right,left-dark,light-up,greater-up,dual,2026-02-13 22:46:33.9700000
1638,694180d069557e7a626bbbfc,4181,4181,1,2,right-7,left,right-dark,light-up,greater-up,single,2026-02-13 22:46:33.1340000
1639,5d7fd2a5987f70001602d95b,2671,2671,1,35,right-9,right,right-dark,light-up,fewer-up,dual,2026-02-13 22:46:35.3550000
1640,60fcbda8909f2ef8e0afa8ca,2041.6000000014901,2041.6000000014901,1,2,left-6,right,left-dark,light-up,greater-up,single,2026-02-13 22:46:34.4700000
1641,650b03136ab3d4c832d98b71,2698.10000000149,2698.10000000149,1,46,left-7,right,left-dark,light-up,greater-up,dual,2026-02-13 22:46:35.8070000
1642,694180d069557e7a626bbbfc,2979,2979,1,3,left-5,left,left-dark,light-up,fewer-up,single,2026-02-13 22:46:36.6170000
1643,650b03136ab3d4c832d98b71,1452.1000000014901,1452.1000000014901,1,47,left-3,right,left-dark,light-up,greater-up,dual,2026-02-13 22:46:37.7760000
1644,62a6c39ce82d993784c0b352,3459.5999999996275,3459.5999999996275,1,50,left-7,right,left-dark,light-up,greater-up,dual,2026-02-13 22:46:37.9380000
1645,679023f5b7572e2b6cb86bf7,3370,3370,1,60,left-1,right,left-dark,light-up,greater-up,dual,2026-02-13 22:46:37.5410000
1646,5d7fd2a5987f70001602d95b,3475,3475,1,36,right-7,right,right-dark,dark-up,greater-up,dual,2026-02-13 22:46:39.3370000
1647,60fcbda8909f2ef8e0afa8ca,3232.699999999255,3232.699999999255,1,3,right-5,right,right-dark,light-up,fewer-up,single,2026-02-13 22:46:38.2060000
1648,650b03136ab3d4c832d98b71,1210.2000000029802,1210.2000000029802,1,48,right-5,left,right-dark,dark-up,fewer-up,dual,2026-02-13 22:46:39.4950000
1649,679023f5b7572e2b6cb86bf7,1120.800000011921,1120.800000011921,1,61,right-0,right,right-dark,dark-up,greater-up,dual,2026-02-13 22:46:39.1630000
1650,694180d069557e7a626bbbfc,2812,2812,1,4,left-7,left,left-dark,light-up,fewer-up,single,2026-02-13 22:46:39.9330000
1651,62a6c39ce82d993784c0b352,2899.699999999255,2899.699999999255,0,51,left-5,right,left-dark,light-up,fewer-up,dual,2026-02-13 22:46:41.3460000
1652,679023f5b7572e2b6cb86bf7,1145.7000000178814,1145.7000000178814,1,62,right-4,left,right-dark,dark-up,fewer-up,dual,2026-02-13 22:46:40.8110000
1653,60fcbda8909f2ef8e0afa8ca,2203.199999999255,2203.199999999255,1,4,left-6,left,left-dark,light-up,fewer-up,single,2026-02-13 22:46:40.9120000
1654,650b03136ab3d4c832d98b71,2105.89999999851,2105.89999999851,1,49,right-1,right,right-dark,light-up,fewer-up,dual,2026-02-13 22:46:42.1040000
1655,5d7fd2a5987f70001602d95b,4073,4073,1,37,left-6,left,left-dark,light-up,fewer-up,dual,2026-02-13 22:46:43.9200000
1656,679023f5b7572e2b6cb86bf7,1199.5,1199.5,1,63,left-7,right,left-dark,light-up,greater-up,dual,2026-02-13 22:46:42.5120000
1657,60fcbda8909f2ef8e0afa8ca,1281.300000000745,1281.300000000745,1,5,left-4,left,left-dark,dark-up,greater-up,single,2026-02-13 22:46:42.6950000
1658,694180d069557e7a626bbbfc,2414,2414,1,5,right-8,right,right-dark,dark-up,greater-up,single,2026-02-13 22:46:42.8500000
1659,679023f5b7572e2b6cb86bf7,1403.7000000178814,1403.7000000178814,1,64,left-2,left,left-dark,dark-up,greater-up,dual,2026-02-13 22:46:44.4180000
1660,650b03136ab3d4c832d98b71,2531.5,2531.5,1,50,right-9,left,right-dark,dark-up,fewer-up,dual,2026-02-13 22:46:45.1440000
1661,62a6c39ce82d993784c0b352,2351.5,2351.5,0,52,left-9,left,left-dark,light-up,greater-up,dual,2026-02-13 22:46:45.2100000
1662,60fcbda8909f2ef8e0afa8ca,2800.2000000029802,2800.2000000029802,1,6,right-5,left,right-dark,dark-up,fewer-up,single,2026-02-13 22:46:45.9980000
1663,650b03136ab3d4c832d98b71,1091.7000000029802,1091.7000000029802,1,51,right-8,left,right-dark,light-up,greater-up,dual,2026-02-13 22:46:46.7440000
1664,5d7fd2a5987f70001602d95b,3254,3254,1,38,right-1,left,right-dark,dark-up,fewer-up,dual,2026-02-13 22:46:47.6790000
1665,679023f5b7572e2b6cb86bf7,1399.9000000059605,1399.9000000059605,1,65,right-0,left,right-dark,light-up,greater-up,dual,2026-02-13 22:46:46.3190000
1666,694180d069557e7a626bbbfc,2969,2969,1,6,right-8,right,right-dark,light-up,fewer-up,single,2026-02-13 22:46:46.3210000
1667,679023f5b7572e2b6cb86bf7,1688.9000000059605,1688.9000000059605,1,66,left-1,left,left-dark,dark-up,greater-up,dual,2026-02-13 22:46:48.5110000
1668,62a6c39ce82d993784c0b352,2791.2000000001863,2791.2000000001863,0,53,right-0,right,right-dark,light-up,greater-up,dual,2026-02-13 22:46:49.5140000
1669,60fcbda8909f2ef8e0afa8ca,2458.39999999851,2458.39999999851,1,7,right-2,left,right-dark,dark-up,fewer-up,single,2026-02-13 22:46:48.9590000
1670,5d7fd2a5987f70001602d95b,2605,2605,1,39,left-6,right,left-dark,dark-up,fewer-up,dual,2026-02-13 22:46:50.7920000
1671,650b03136ab3d4c832d98b71,3396.5,3396.5,1,52,right-3,left,right-dark,dark-up,fewer-up,dual,2026-02-13 22:46:50.6480000
1672,694180d069557e7a626bbbfc,3326,3326,1,7,right-7,left,right-dark,dark-up,fewer-up,single,2026-02-13 22:46:50.1510000
1673,679023f5b7572e2b6cb86bf7,1304.9000000059605,1304.9000000059605,1,67,right-2,left,right-dark,dark-up,fewer-up,dual,2026-02-13 22:46:50.3180000
1674,62a6c39ce82d993784c0b352,1550,1550,1,54,left-4,left,left-dark,dark-up,greater-up,dual,2026-02-13 22:46:52.5850000
1675,679023f5b7572e2b6cb86bf7,1206,1206,1,68,left-0,left,left-dark,light-up,fewer-up,dual,2026-02-13 22:46:52.0260000
1676,60fcbda8909f2ef8e0afa8ca,2644.300000000745,2644.300000000745,1,8,right-2,right,right-dark,dark-up,greater-up,single,2026-02-13 22:46:52.1060000
1677,650b03136ab3d4c832d98b71,1991.3999999985099,1991.3999999985099,1,53,right-5,left,right-dark,light-up,greater-up,dual,2026-02-13 22:46:53.1440000
1678,60fcbda8909f2ef8e0afa8ca,1614.199999999255,1614.199999999255,1,9,left-4,left,left-dark,light-up,fewer-up,single,2026-02-13 22:46:54.2240000
1679,679023f5b7572e2b6cb86bf7,1717.199999988079,1717.199999988079,1,69,left-5,left,left-dark,light-up,fewer-up,dual,2026-02-13 22:46:54.2460000
1680,650b03136ab3d4c832d98b71,1275.0999999940395,1275.0999999940395,1,54,left-5,left,left-dark,dark-up,greater-up,dual,2026-02-13 22:46:54.9280000
1681,694180d069557e7a626bbbfc,3697,3697,1,8,left-9,left,left-dark,light-up,fewer-up,single,2026-02-13 22:46:54.3520000
1682,62a6c39ce82d993784c0b352,2949.5999999996275,2949.5999999996275,0,55,right-9,left,right-dark,light-up,fewer-up,dual,2026-02-13 22:46:56.0360000
1683,679023f5b7572e2b6cb86bf7,1319.699999988079,1319.699999988079,1,70,left-2,right,left-dark,dark-up,fewer-up,dual,2026-02-13 22:46:56.0680000
1684,60fcbda8909f2ef8e0afa8ca,1679.800000000745,1679.800000000745,1,10,right-3,right,right-dark,dark-up,greater-up,single,2026-02-13 22:46:56.4060000
1685,5d7fd2a5987f70001602d95b,3334,3334,1,40,left-7,right,left-dark,dark-up,fewer-up,dual,2026-02-13 22:46:58.1170000
1686,650b03136ab3d4c832d98b71,2101.2999999970198,2101.2999999970198,1,55,right-6,right,right-dark,light-up,fewer-up,dual,2026-02-13 22:46:57.5360000
1687,694180d069557e7a626bbbfc,3030.000000000029,3030.000000000029,1,9,right-2,right,right-dark,light-up,fewer-up,single,2026-02-13 22:46:57.8860000
1688,679023f5b7572e2b6cb86bf7,1604.800000011921,1604.800000011921,1,71,left-6,left,left-dark,light-up,fewer-up,dual,2026-02-13 22:46:58.1750000
1689,650b03136ab3d4c832d98b71,1163.3999999985099,1163.3999999985099,1,56,right-8,right,right-dark,dark-up,greater-up,dual,2026-02-13 22:46:59.2080000
1690,62a6c39ce82d993784c0b352,2173,2173,0,56,left-6,right,left-dark,light-up,fewer-up,dual,2026-02-13 22:46:59.7340000
1691,679023f5b7572e2b6cb86bf7,1404.3999999761581,1404.3999999761581,1,72,right-4,right,right-dark,light-up,fewer-up,dual,2026-02-13 22:47:00.0820000
1692,60fcbda8909f2ef8e0afa8ca,3250.800000000745,3250.800000000745,1,11,right-7,left,right-dark,dark-up,fewer-up,single,2026-02-13 22:47:00.1590000
1693,650b03136ab3d4c832d98b71,1190.8000000044703,1190.8000000044703,1,57,left-2,right,left-dark,light-up,greater-up,dual,2026-02-13 22:47:00.9040000
1694,5d7fd2a5987f70001602d95b,3769,3769,1,41,right-1,right,right-dark,dark-up,greater-up,dual,2026-02-13 22:47:02.3930000
1695,679023f5b7572e2b6cb86bf7,1419.2999999821186,1419.2999999821186,1,73,left-2,right,left-dark,light-up,greater-up,dual,2026-02-13 22:47:02.0030000
1696,650b03136ab3d4c832d98b71,1310.7999999970198,1310.7999999970198,1,58,right-3,right,right-dark,light-up,fewer-up,dual,2026-02-13 22:47:02.7280000
1697,62a6c39ce82d993784c0b352,1863.4000000003725,1863.4000000003725,1,57,left-9,left,left-dark,dark-up,greater-up,dual,2026-02-13 22:47:03.1190000
1698,694180d069557e7a626bbbfc,4025,4025,1,10,right-6,right,right-dark,light-up,fewer-up,single,2026-02-13 22:47:02.4890000
1699,60fcbda8909f2ef8e0afa8ca,2265.60000000149,2265.60000000149,1,12,left-4,right,left-dark,dark-up,fewer-up,single,2026-02-13 22:47:02.9270000
1700,5d7fd2a5987f70001602d95b,2219,2219,1,42,left-7,right,left-dark,light-up,greater-up,dual,2026-02-13 22:47:05.1200000
1701,679023f5b7572e2b6cb86bf7,1267,1267,1,74,left-1,left,left-dark,light-up,fewer-up,dual,2026-02-13 22:47:03.7720000
1702,679023f5b7572e2b6cb86bf7,1225,1225,1,75,right-0,left,right-dark,dark-up,fewer-up,dual,2026-02-13 22:47:05.4990000
1703,650b03136ab3d4c832d98b71,3032.6999999955297,3032.6999999955297,1,59,right-3,right,right-dark,dark-up,greater-up,dual,2026-02-13 22:47:06.2640000
1704,60fcbda8909f2ef8e0afa8ca,2158.699999999255,2158.699999999255,1,13,left-7,left,left-dark,light-up,fewer-up,single,2026-02-13 22:47:05.5880000
1705,694180d069557e7a626bbbfc,2675.999999999971,2675.999999999971,1,11,right-6,left,right-dark,dark-up,fewer-up,single,2026-02-13 22:47:05.6670000
1706,5d7fd2a5987f70001602d95b,3105,3105,1,43,left-0,right,left-dark,dark-up,fewer-up,dual,2026-02-13 22:47:08.7280000
1707,679023f5b7572e2b6cb86bf7,1327,1327,0,76,right-4,right,right-dark,light-up,greater-up,dual,2026-02-13 22:47:07.3280000
1708,60fcbda8909f2ef8e0afa8ca,1581.6000000014901,1581.6000000014901,1,14,left-8,left,left-dark,light-up,fewer-up,single,2026-02-13 22:47:07.6720000
1709,650b03136ab3d4c832d98b71,1851.7000000029802,1851.7000000029802,1,60,right-9,left,right-dark,light-up,greater-up,dual,2026-02-13 22:47:10.3280000
1710,694180d069557e7a626bbbfc,3631,3631,1,12,left-5,right,left-dark,dark-up,fewer-up,single,2026-02-13 22:47:09.7990000
1711,62a6c39ce82d993784c0b352,6923.899999999441,6923.899999999441,0,58,left-2,right,left-dark,dark-up,greater-up,dual,2026-02-13 22:47:10.5590000
1712,60fcbda8909f2ef8e0afa8ca,2042.800000000745,2042.800000000745,1,15,left-9,right,left-dark,dark-up,fewer-up,single,2026-02-13 22:47:10.2170000
1713,5d7fd2a5987f70001602d95b,3721,3721,1,44,right-2,right,right-dark,light-up,fewer-up,dual,2026-02-13 22:47:12.9620000
1714,679023f5b7572e2b6cb86bf7,3069.4000000059605,3069.4000000059605,1,77,left-9,left,left-dark,light-up,fewer-up,dual,2026-02-13 22:47:11.9020000
1715,650b03136ab3d4c832d98b71,1976.1999999955297,1976.1999999955297,1,61,right-7,right,right-dark,dark-up,greater-up,dual,2026-02-13 22:47:12.8060000
1716,60fcbda8909f2ef8e0afa8ca,2148.5,2148.5,1,16,right-9,right,right-dark,dark-up,greater-up,single,2026-02-13 22:47:12.8680000
1717,694180d069557e7a626bbbfc,2670,2670,1,13,left-3,right,left-dark,dark-up,fewer-up,single,2026-02-13 22:47:12.9720000
1718,62a6c39ce82d993784c0b352,2337.5,2337.5,1,59,right-1,left,right-dark,light-up,greater-up,dual,2026-02-13 22:47:14.4080000
1719,679023f5b7572e2b6cb86bf7,1352.5,1352.5,1,78,right-2,right,right-dark,dark-up,greater-up,dual,2026-02-13 22:47:13.7570000
1720,5d7fd2a5987f70001602d95b,3075,3075,1,45,right-8,right,right-dark,dark-up,greater-up,dual,2026-02-13 22:47:16.5400000
1721,650b03136ab3d4c832d98b71,2467.10000000149,2467.10000000149,1,62,right-7,left,right-dark,dark-up,fewer-up,dual,2026-02-13 22:47:15.7760000
1722,679023f5b7572e2b6cb86bf7,1383.199999988079,1383.199999988079,1,79,left-3,left,left-dark,dark-up,greater-up,dual,2026-02-13 22:47:15.6430000
1723,694180d069557e7a626bbbfc,2330,2330,1,14,left-7,right,left-dark,light-up,greater-up,single,2026-02-13 22:47:15.8050000
1724,60fcbda8909f2ef8e0afa8ca,3112.400000002235,3112.400000002235,1,17,right-1,right,right-dark,light-up,fewer-up,single,2026-02-13 22:47:16.4820000
1725,650b03136ab3d4c832d98b71,1797.5999999940395,1797.5999999940395,1,63,left-9,right,left-dark,light-up,greater-up,dual,2026-02-13 22:47:18.0870000
1726,62a6c39ce82d993784c0b352,1496.0999999996275,1496.0999999996275,0,60,right-4,left,right-dark,dark-up,greater-up,dual,2026-02-13 22:47:18.7110000
1727,694180d069557e7a626bbbfc,1821,1821,1,15,left-0,left,left-dark,dark-up,greater-up,single,2026-02-13 22:47:18.1300000
1728,60fcbda8909f2ef8e0afa8ca,1310.199999999255,1310.199999999255,1,18,right-4,right,right-dark,light-up,fewer-up,single,2026-02-13 22:47:18.2950000
1729,5d7fd2a5987f70001602d95b,3101,3101,1,46,left-6,right,left-dark,light-up,greater-up,dual,2026-02-13 22:47:20.1500000
1730,650b03136ab3d4c832d98b71,948,948,1,64,left-1,right,left-dark,light-up,greater-up,dual,2026-02-13 22:47:19.5500000
1731,694180d069557e7a626bbbfc,2374,2374,1,16,left-1,right,left-dark,dark-up,fewer-up,single,2026-02-13 22:47:21.0080000
1732,650b03136ab3d4c832d98b71,1948.8999999985099,1948.8999999985099,1,65,right-1,right,right-dark,dark-up,greater-up,dual,2026-02-13 22:47:22.0080000
1733,62a6c39ce82d993784c0b352,2223.2999999998137,2223.2999999998137,1,61,right-1,right,right-dark,dark-up,greater-up,dual,2026-02-13 22:47:22.4670000
1734,60fcbda8909f2ef8e0afa8ca,3227.5,3227.5,0,19,left-1,left,left-dark,light-up,greater-up,single,2026-02-13 22:47:22.0260000
1735,5d7fd2a5987f70001602d95b,3408,3408,1,47,left-7,left,left-dark,dark-up,greater-up,dual,2026-02-13 22:47:24.0710000
1736,650b03136ab3d4c832d98b71,808.8999999985099,808.8999999985099,1,66,left-7,left,left-dark,dark-up,greater-up,dual,2026-02-13 22:47:23.3200000
1737,694180d069557e7a626bbbfc,2679,2679,1,17,right-9,right,right-dark,dark-up,greater-up,single,2026-02-13 22:47:24.1910000
1738,650b03136ab3d4c832d98b71,1589.3999999985099,1589.3999999985099,1,67,right-2,left,right-dark,light-up,greater-up,dual,2026-02-13 22:47:25.4240000
1739,62a6c39ce82d993784c0b352,2814.5999999996275,2814.5999999996275,1,62,left-4,left,left-dark,light-up,fewer-up,dual,2026-02-13 22:47:25.7920000
1740,5d7fd2a5987f70001602d95b,2941,2941,1,48,left-8,left,left-dark,dark-up,greater-up,dual,2026-02-13 22:47:27.5160000
1741,650b03136ab3d4c832d98b71,1246,1246,1,68,right-0,right,right-dark,light-up,fewer-up,dual,2026-02-13 22:47:27.1760000
1742,694180d069557e7a626bbbfc,2768,2768,1,18,left-0,right,left-dark,light-up,greater-up,single,2026-02-13 22:47:27.4630000
1743,650b03136ab3d4c832d98b71,2027.3999999985099,2027.3999999985099,1,69,right-9,right,right-dark,light-up,fewer-up,dual,2026-02-13 22:47:29.7120000
1744,62a6c39ce82d993784c0b352,3809.7000000001863,3809.7000000001863,1,63,right-2,right,right-dark,light-up,fewer-up,dual,2026-02-13 22:47:30.1100000
1745,5d7fd2a5987f70001602d95b,3324,3324,1,49,left-9,right,left-dark,dark-up,fewer-up,dual,2026-02-13 22:47:31.3500000
1746,650b03136ab3d4c832d98b71,1185.7999999970198,1185.7999999970198,0,70,left-0,left,left-dark,light-up,greater-up,dual,2026-02-13 22:47:31.4070000
1747,694180d069557e7a626bbbfc,3076,3076,1,19,right-3,right,right-dark,light-up,fewer-up,single,2026-02-13 22:47:31.0430000
1748,62a6c39ce82d993784c0b352,2651.199999999255,2651.199999999255,0,64,right-2,left,right-dark,dark-up,greater-up,dual,2026-02-13 22:47:33.2690000
1749,650b03136ab3d4c832d98b71,1216.1000000014901,1216.1000000014901,1,71,left-7,right,left-dark,dark-up,fewer-up,dual,2026-02-13 22:47:34.1360000
1750,5d7fd2a5987f70001602d95b,3406,3406,1,50,right-5,right,right-dark,light-up,fewer-up,dual,2026-02-13 22:47:35.2730000
1751,62a6c39ce82d993784c0b352,2294.7999999998137,2294.7999999998137,1,65,left-2,right,left-dark,dark-up,fewer-up,dual,2026-02-13 22:47:37.0890000
1752,650b03136ab3d4c832d98b71,2515.89999999851,2515.89999999851,1,72,left-1,left,left-dark,dark-up,greater-up,dual,2026-02-13 22:47:37.1680000
1753,5d7fd2a5987f70001602d95b,3190,3190,1,51,right-9,left,right-dark,dark-up,fewer-up,dual,2026-02-13 22:47:38.9760000
1754,650b03136ab3d4c832d98b71,1151.3999999985099,1151.3999999985099,1,73,right-7,left,right-dark,light-up,greater-up,dual,2026-02-13 22:47:38.8230000
1755,62a6c39ce82d993784c0b352,3009,3009,1,66,left-8,right,left-dark,light-up,greater-up,dual,2026-02-13 22:47:40.6080000
1756,650b03136ab3d4c832d98b71,1677.0999999940395,1677.0999999940395,1,74,left-6,right,left-dark,dark-up,fewer-up,dual,2026-02-13 22:47:41.0080000
1757,5d7fd2a5987f70001602d95b,3341,3341,1,52,left-7,left,left-dark,light-up,fewer-up,dual,2026-02-13 22:47:42.8290000
1758,650b03136ab3d4c832d98b71,1291,1291,1,75,left-4,right,left-dark,dark-up,fewer-up,dual,2026-02-13 22:47:42.8140000
1759,62a6c39ce82d993784c0b352,3428.300000000745,3428.300000000745,0,67,right-8,left,right-dark,light-up,fewer-up,dual,2026-02-13 22:47:44.5530000
1760,650b03136ab3d4c832d98b71,2095.60000000149,2095.60000000149,1,76,right-0,right,right-dark,dark-up,greater-up,dual,2026-02-13 22:47:45.4220000
1761,5d7fd2a5987f70001602d95b,3222,3222,1,53,right-3,left,right-dark,dark-up,fewer-up,dual,2026-02-13 22:47:46.5600000
1762,650b03136ab3d4c832d98b71,1737.6000000014901,1737.6000000014901,1,77,right-4,left,right-dark,light-up,greater-up,dual,2026-02-13 22:47:47.6700000
1763,62a6c39ce82d993784c0b352,3095.2000000001863,3095.2000000001863,0,68,left-1,right,left-dark,light-up,fewer-up,dual,2026-02-13 22:47:49.1710000
1764,5d7fd2a5987f70001602d95b,2800,2800,1,54,left-2,left,left-dark,light-up,fewer-up,dual,2026-02-13 22:47:49.8680000
1765,650b03136ab3d4c832d98b71,1144.8999999985099,1144.8999999985099,1,78,right-8,right,right-dark,light-up,fewer-up,dual,2026-02-13 22:47:49.3280000
1766,694180d069557e7a626bbbfc,3238,3238,1,20,right-6,right,right-dark,dark-up,greater-up,single,2026-02-13 22:47:48.9570000
1767,650b03136ab3d4c832d98b71,1126.9000000059605,1126.9000000059605,1,79,right-6,right,right-dark,dark-up,greater-up,dual,2026-02-13 22:47:50.9580000
1768,694180d069557e7a626bbbfc,1872.000000000029,1872.000000000029,1,21,right-1,right,right-dark,light-up,fewer-up,single,2026-02-13 22:47:51.3340000
1769,5d7fd2a5987f70001602d95b,2961,2961,1,55,right-6,left,right-dark,dark-up,fewer-up,dual,2026-02-13 22:47:53.3350000
1770,62a6c39ce82d993784c0b352,2059.0999999996275,2059.0999999996275,0,69,left-0,left,left-dark,light-up,greater-up,dual,2026-02-13 22:47:52.7550000
1771,60fcbda8909f2ef8e0afa8ca,2336.199999999255,2336.199999999255,1,20,right-0,right,right-dark,light-up,fewer-up,single,2026-02-13 22:47:53.5810000
1772,694180d069557e7a626bbbfc,2273,2273,1,22,right-8,left,right-dark,dark-up,fewer-up,single,2026-02-13 22:47:54.1110000
1773,62a6c39ce82d993784c0b352,1556.9000000003725,1556.9000000003725,1,70,right-3,right,right-dark,light-up,fewer-up,dual,2026-02-13 22:47:55.8350000
1774,5d7fd2a5987f70001602d95b,3297,3297,1,56,left-0,left,left-dark,light-up,fewer-up,dual,2026-02-13 22:47:57.1390000
1775,60fcbda8909f2ef8e0afa8ca,2589.60000000149,2589.60000000149,1,21,left-4,right,left-dark,light-up,greater-up,single,2026-02-13 22:47:56.6720000
1776,694180d069557e7a626bbbfc,2108.999999999971,2108.999999999971,1,23,right-4,right,right-dark,dark-up,greater-up,single,2026-02-13 22:47:56.7230000
1777,60fcbda8909f2ef8e0afa8ca,1690.1000000014901,1690.1000000014901,1,22,left-0,right,left-dark,light-up,greater-up,single,2026-02-13 22:47:58.8640000
1778,5d7fd2a5987f70001602d95b,3430,3430,1,57,right-5,left,right-dark,dark-up,fewer-up,dual,2026-02-13 22:48:01.0750000
1779,694180d069557e7a626bbbfc,2788,2788,1,24,left-6,right,left-dark,light-up,greater-up,single,2026-02-13 22:48:00.0150000
1780,62a6c39ce82d993784c0b352,4714.600000000559,4714.600000000559,1,71,right-9,left,right-dark,dark-up,fewer-up,dual,2026-02-13 22:48:01.0630000
1781,60fcbda8909f2ef8e0afa8ca,2921.800000000745,2921.800000000745,1,23,left-2,right,left-dark,dark-up,fewer-up,single,2026-02-13 22:48:02.2880000
1782,694180d069557e7a626bbbfc,2276,2276,1,25,left-9,left,left-dark,dark-up,greater-up,single,2026-02-13 22:48:02.7940000
1783,62a6c39ce82d993784c0b352,2413.399999999441,2413.399999999441,1,72,right-4,left,right-dark,light-up,greater-up,dual,2026-02-13 22:48:03.9880000
1784,5d7fd2a5987f70001602d95b,3188,3188,1,58,right-4,right,right-dark,light-up,fewer-up,dual,2026-02-13 22:48:04.7710000
1785,60fcbda8909f2ef8e0afa8ca,1784.1000000014901,1784.1000000014901,1,24,right-0,left,right-dark,light-up,greater-up,single,2026-02-13 22:48:04.5750000
1786,694180d069557e7a626bbbfc,2259,2259,1,26,right-4,left,right-dark,light-up,greater-up,single,2026-02-13 22:48:05.5570000
1787,62a6c39ce82d993784c0b352,2527.699999999255,2527.699999999255,0,73,right-8,left,right-dark,dark-up,greater-up,dual,2026-02-13 22:48:07.0210000
1788,60fcbda8909f2ef8e0afa8ca,1818.800000000745,1818.800000000745,1,25,left-8,left,left-dark,dark-up,greater-up,single,2026-02-13 22:48:06.8960000
1789,5d7fd2a5987f70001602d95b,3859,3859,1,59,left-3,right,left-dark,light-up,greater-up,dual,2026-02-13 22:48:09.1370000
1790,694180d069557e7a626bbbfc,3128,3128,1,27,right-9,left,right-dark,dark-up,fewer-up,single,2026-02-13 22:48:09.1890000
1791,60fcbda8909f2ef8e0afa8ca,1979.3999999985099,1979.3999999985099,1,26,right-8,left,right-dark,dark-up,fewer-up,single,2026-02-13 22:48:09.3790000
1792,62a6c39ce82d993784c0b352,1969.5,1969.5,1,74,right-5,right,right-dark,light-up,fewer-up,dual,2026-02-13 22:48:10.5200000
1793,694180d069557e7a626bbbfc,2151,2151,1,28,left-5,right,left-dark,light-up,greater-up,single,2026-02-13 22:48:11.8430000
1794,60fcbda8909f2ef8e0afa8ca,2110.2999999970198,2110.2999999970198,1,27,left-5,right,left-dark,light-up,greater-up,single,2026-02-13 22:48:11.9910000
1795,5d7fd2a5987f70001602d95b,2518,2518,1,60,left-5,left,left-dark,dark-up,greater-up,dual,2026-02-13 22:48:14.4890000
1796,62a6c39ce82d993784c0b352,3270,3270,1,75,right-7,right,right-dark,light-up,fewer-up,dual,2026-02-13 22:48:14.2950000
1797,60fcbda8909f2ef8e0afa8ca,1620.5,1620.5,1,28,right-4,left,right-dark,light-up,greater-up,single,2026-02-13 22:48:14.1130000
1798,694180d069557e7a626bbbfc,2170,2170,1,29,left-2,right,left-dark,light-up,greater-up,single,2026-02-13 22:48:14.5160000
1799,5d7fd2a5987f70001602d95b,3375,3375,1,61,right-2,left,right-dark,dark-up,fewer-up,dual,2026-02-13 22:48:18.3680000
1800,60fcbda8909f2ef8e0afa8ca,2346.5,2346.5,1,29,left-2,left,left-dark,light-up,fewer-up,single,2026-02-13 22:48:16.9620000
1801,694180d069557e7a626bbbfc,2010,2010,1,30,left-4,left,left-dark,light-up,fewer-up,single,2026-02-13 22:48:17.0290000
1802,62a6c39ce82d993784c0b352,3224.7000000001863,3224.7000000001863,0,76,left-1,left,left-dark,dark-up,fewer-up,dual,2026-02-13 22:48:18.0290000
1803,60fcbda8909f2ef8e0afa8ca,1475.6000000014901,1475.6000000014901,1,30,left-3,left,left-dark,dark-up,greater-up,single,2026-02-13 22:48:18.9400000
1804,694180d069557e7a626bbbfc,1984,1984,1,31,left-8,left,left-dark,light-up,fewer-up,single,2026-02-13 22:48:19.5160000
1805,5d7fd2a5987f70001602d95b,3315,3315,1,62,left-8,left,left-dark,light-up,fewer-up,dual,2026-02-13 22:48:22.1890000
1806,62a6c39ce82d993784c0b352,2038.1000000005588,2038.1000000005588,0,77,left-2,right,left-dark,light-up,fewer-up,dual,2026-02-13 22:48:21.5750000
1807,60fcbda8909f2ef8e0afa8ca,1491.800000000745,1491.800000000745,1,31,left-5,left,left-dark,light-up,fewer-up,single,2026-02-13 22:48:20.9340000
1808,694180d069557e7a626bbbfc,2047,2047,1,32,left-1,right,left-dark,light-up,greater-up,single,2026-02-13 22:48:22.0660000
1809,60fcbda8909f2ef8e0afa8ca,2369.2999999970198,2369.2999999970198,1,32,left-0,left,left-dark,dark-up,greater-up,single,2026-02-13 22:48:23.8060000
1810,694180d069557e7a626bbbfc,1625,1625,1,33,right-8,left,right-dark,light-up,greater-up,single,2026-02-13 22:48:24.1940000
1811,5d7fd2a5987f70001602d95b,3102,3102,1,63,right-8,left,right-dark,dark-up,fewer-up,dual,2026-02-13 22:48:25.7990000
1812,62a6c39ce82d993784c0b352,2450.5,2450.5,1,78,right-3,left,right-dark,light-up,greater-up,dual,2026-02-13 22:48:25.5510000
1813,60fcbda8909f2ef8e0afa8ca,1776.1000000014901,1776.1000000014901,1,33,right-7,right,right-dark,light-up,fewer-up,single,2026-02-13 22:48:26.0840000
1814,694180d069557e7a626bbbfc,1897,1897,1,34,right-1,left,right-dark,light-up,greater-up,single,2026-02-13 22:48:26.5940000
1815,5d7fd2a5987f70001602d95b,3730,3730,1,64,right-6,right,right-dark,dark-up,greater-up,dual,2026-02-13 22:48:30.0380000
1816,60fcbda8909f2ef8e0afa8ca,2182.599999997765,2182.599999997765,1,34,left-9,left,left-dark,light-up,fewer-up,single,2026-02-13 22:48:28.7690000
1817,694180d069557e7a626bbbfc,1864,1864,1,35,right-5,right,right-dark,light-up,fewer-up,single,2026-02-13 22:48:28.9620000
1818,60fcbda8909f2ef8e0afa8ca,1592.2000000029802,1592.2000000029802,0,35,right-8,right,right-dark,light-up,greater-up,single,2026-02-13 22:48:30.8640000
1819,694180d069557e7a626bbbfc,2715,2715,1,36,right-2,left,right-dark,dark-up,fewer-up,single,2026-02-13 22:48:32.1810000
1820,62a6c39ce82d993784c0b352,7305.9000000003725,7305.9000000003725,1,79,left-8,left,left-dark,light-up,fewer-up,dual,2026-02-13 22:48:33.3660000
1821,5d7fd2a5987f70001602d95b,3717,3717,1,65,left-5,left,left-dark,light-up,fewer-up,dual,2026-02-13 22:48:34.2700000
1822,60fcbda8909f2ef8e0afa8ca,1506.300000000745,1506.300000000745,1,36,right-7,right,right-dark,dark-up,greater-up,single,2026-02-13 22:48:33.8760000
1823,694180d069557e7a626bbbfc,1721,1721,1,37,left-7,left,left-dark,dark-up,greater-up,single,2026-02-13 22:48:34.4040000
1824,5d7fd2a5987f70001602d95b,2515,2515,1,66,left-1,right,left-dark,dark-up,fewer-up,dual,2026-02-13 22:48:37.3000000
1825,60fcbda8909f2ef8e0afa8ca,2225.300000000745,2225.300000000745,1,37,left-0,left,left-dark,light-up,fewer-up,single,2026-02-13 22:48:36.6040000
1826,694180d069557e7a626bbbfc,2140,2140,1,38,left-4,right,left-dark,dark-up,fewer-up,single,2026-02-13 22:48:37.0480000
1827,60fcbda8909f2ef8e0afa8ca,1177.300000000745,1177.300000000745,1,38,right-5,right,right-dark,dark-up,greater-up,single,2026-02-13 22:48:38.2840000
1828,694180d069557e7a626bbbfc,1723.9999999999418,1723.9999999999418,1,39,left-1,left,left-dark,light-up,fewer-up,single,2026-02-13 22:48:39.2740000
1829,5d7fd2a5987f70001602d95b,3634,3634,1,67,left-1,left,left-dark,light-up,fewer-up,dual,2026-02-13 22:48:41.4430000
1830,60fcbda8909f2ef8e0afa8ca,1658.7999999970198,1658.7999999970198,1,39,left-5,right,left-dark,dark-up,fewer-up,single,2026-02-13 22:48:40.4450000
1831,5d7fd2a5987f70001602d95b,3146,3146,1,68,left-4,right,left-dark,light-up,greater-up,dual,2026-02-13 22:48:45.0990000
1832,694180d069557e7a626bbbfc,4174,4174,1,40,right-3,left,right-dark,dark-up,fewer-up,single,2026-02-13 22:48:46.2030000
1833,5d7fd2a5987f70001602d95b,4022,4022,1,69,right-2,right,right-dark,dark-up,greater-up,dual,2026-02-13 22:48:49.6290000
1834,694180d069557e7a626bbbfc,1554,1554,1,41,right-7,right,right-dark,light-up,fewer-up,single,2026-02-13 22:48:48.2600000
1835,60fcbda8909f2ef8e0afa8ca,2223.900000002235,2223.900000002235,1,40,right-3,right,right-dark,light-up,fewer-up,single,2026-02-13 22:48:48.6830000
1836,694180d069557e7a626bbbfc,2059,2059,1,42,left-6,left,left-dark,dark-up,greater-up,single,2026-02-13 22:48:50.8220000
1837,60fcbda8909f2ef8e0afa8ca,1887.1000000014901,1887.1000000014901,1,41,right-0,left,right-dark,dark-up,fewer-up,single,2026-02-13 22:48:51.0730000
1838,5d7fd2a5987f70001602d95b,2629,2629,1,70,left-8,right,left-dark,dark-up,fewer-up,dual,2026-02-13 22:48:52.7690000
1839,694180d069557e7a626bbbfc,1666.9999999999418,1666.9999999999418,1,43,right-1,right,right-dark,dark-up,greater-up,single,2026-02-13 22:48:52.9920000
1840,60fcbda8909f2ef8e0afa8ca,1577.5,1577.5,1,42,left-5,left,left-dark,dark-up,greater-up,single,2026-02-13 22:48:53.1530000
1841,694180d069557e7a626bbbfc,1402,1402,1,44,left-2,left,left-dark,dark-up,greater-up,single,2026-02-13 22:48:54.8980000
1842,5d7fd2a5987f70001602d95b,3264,3264,1,71,right-4,left,right-dark,light-up,greater-up,dual,2026-02-13 22:48:56.5600000
1843,60fcbda8909f2ef8e0afa8ca,1616.800000000745,1616.800000000745,0,43,left-1,right,left-dark,light-up,fewer-up,single,2026-02-13 22:48:55.2710000
1844,694180d069557e7a626bbbfc,1826,1826,1,45,left-3,right,left-dark,light-up,greater-up,single,2026-02-13 22:48:57.2270000
1845,60fcbda8909f2ef8e0afa8ca,1917.300000000745,1917.300000000745,1,44,left-1,right,left-dark,dark-up,fewer-up,single,2026-02-13 22:48:58.6940000
1846,5d7fd2a5987f70001602d95b,3372,3372,1,72,left-1,left,left-dark,dark-up,greater-up,dual,2026-02-13 22:49:00.5000000
1847,694180d069557e7a626bbbfc,2354,2354,1,46,left-3,left,left-dark,light-up,fewer-up,single,2026-02-13 22:49:00.0850000
1848,60fcbda8909f2ef8e0afa8ca,2115.10000000149,2115.10000000149,1,45,right-6,left,right-dark,dark-up,fewer-up,single,2026-02-13 22:49:01.3120000
1849,694180d069557e7a626bbbfc,1767.9999999999418,1767.9999999999418,1,47,left-2,right,left-dark,dark-up,fewer-up,single,2026-02-13 22:49:02.3560000
1850,5d7fd2a5987f70001602d95b,3419,3419,1,73,left-8,right,left-dark,light-up,greater-up,dual,2026-02-13 22:49:04.4230000
1851,60fcbda8909f2ef8e0afa8ca,1712.3999999985099,1712.3999999985099,1,46,left-7,left,left-dark,dark-up,greater-up,single,2026-02-13 22:49:03.5270000
1852,694180d069557e7a626bbbfc,3049,3049,1,48,right-5,left,right-dark,light-up,greater-up,single,2026-02-13 22:49:05.9070000
1853,60fcbda8909f2ef8e0afa8ca,2086.10000000149,2086.10000000149,1,47,right-1,left,right-dark,light-up,greater-up,single,2026-02-13 22:49:06.1160000
1854,5d7fd2a5987f70001602d95b,2800,2800,1,74,right-0,left,right-dark,light-up,greater-up,dual,2026-02-13 22:49:07.7370000
1855,694180d069557e7a626bbbfc,1891,1891,1,49,left-0,right,left-dark,dark-up,fewer-up,single,2026-02-13 22:49:08.3010000
1856,60fcbda8909f2ef8e0afa8ca,1773,1773,1,48,right-2,left,right-dark,light-up,greater-up,single,2026-02-13 22:49:08.3900000
1857,60fcbda8909f2ef8e0afa8ca,1001.2000000029802,1001.2000000029802,1,49,right-5,left,right-dark,light-up,greater-up,single,2026-02-13 22:49:09.8940000
1858,694180d069557e7a626bbbfc,1642,1642,1,50,right-0,right,right-dark,dark-up,greater-up,single,2026-02-13 22:49:10.4460000
1859,5d7fd2a5987f70001602d95b,3812,3812,1,75,right-3,right,right-dark,dark-up,greater-up,dual,2026-02-13 22:49:12.1250000
1860,60fcbda8909f2ef8e0afa8ca,1166.800000000745,1166.800000000745,1,50,right-6,left,right-dark,light-up,greater-up,single,2026-02-13 22:49:11.5630000
1861,694180d069557e7a626bbbfc,1706,1706,1,51,left-6,left,left-dark,light-up,fewer-up,single,2026-02-13 22:49:12.6530000
1862,60fcbda8909f2ef8e0afa8ca,1497.300000000745,1497.300000000745,1,51,right-2,right,right-dark,light-up,fewer-up,single,2026-02-13 22:49:13.5620000
1863,5d7fd2a5987f70001602d95b,2716,2716,1,76,right-8,right,right-dark,light-up,fewer-up,dual,2026-02-13 22:49:15.3460000
1864,694180d069557e7a626bbbfc,2451,2451,1,52,right-5,right,right-dark,dark-up,greater-up,single,2026-02-13 22:49:15.6060000
1865,60fcbda8909f2ef8e0afa8ca,2124.800000000745,2124.800000000745,1,52,right-1,left,right-dark,dark-up,fewer-up,single,2026-02-13 22:49:16.1900000
1866,5d7fd2a5987f70001602d95b,2981,2981,1,77,right-3,left,right-dark,light-up,greater-up,dual,2026-02-13 22:49:18.8410000
1867,60fcbda8909f2ef8e0afa8ca,1359.800000000745,1359.800000000745,1,53,right-9,left,right-dark,light-up,greater-up,single,2026-02-13 22:49:18.0510000
1868,694180d069557e7a626bbbfc,2248,2248,1,53,left-9,right,left-dark,light-up,greater-up,single,2026-02-13 22:49:18.3570000
1869,60fcbda8909f2ef8e0afa8ca,1294.699999999255,1294.699999999255,1,54,left-6,right,left-dark,dark-up,fewer-up,single,2026-02-13 22:49:19.8470000
1870,694180d069557e7a626bbbfc,2244,2244,1,54,right-7,right,right-dark,dark-up,greater-up,single,2026-02-13 22:49:21.1030000
1871,5d7fd2a5987f70001602d95b,4347,4347,1,78,left-6,left,left-dark,dark-up,greater-up,dual,2026-02-13 22:49:23.6990000
1872,60fcbda8909f2ef8e0afa8ca,2409.5,2409.5,1,55,right-4,right,right-dark,dark-up,greater-up,single,2026-02-13 22:49:22.7590000
1873,694180d069557e7a626bbbfc,1882,1882,1,55,right-3,right,right-dark,dark-up,greater-up,single,2026-02-13 22:49:23.4870000
1874,694180d069557e7a626bbbfc,1662,1662,1,56,left-8,left,left-dark,dark-up,greater-up,single,2026-02-13 22:49:25.6500000
1875,60fcbda8909f2ef8e0afa8ca,2435.39999999851,2435.39999999851,1,56,left-8,right,left-dark,light-up,greater-up,single,2026-02-13 22:49:25.6970000
1876,694180d069557e7a626bbbfc,1641,1641,1,57,right-2,right,right-dark,dark-up,greater-up,single,2026-02-13 22:49:27.7920000
1877,60fcbda8909f2ef8e0afa8ca,2046.300000000745,2046.300000000745,1,57,right-4,left,right-dark,dark-up,fewer-up,single,2026-02-13 22:49:28.2460000
1878,694180d069557e7a626bbbfc,1926,1926,1,58,left-8,right,left-dark,light-up,greater-up,single,2026-02-13 22:49:30.2210000
1879,60fcbda8909f2ef8e0afa8ca,1852,1852,1,58,left-0,right,left-dark,dark-up,fewer-up,single,2026-02-13 22:49:30.6000000
1880,694180d069557e7a626bbbfc,1409,1409,1,59,right-0,right,right-dark,light-up,fewer-up,single,2026-02-13 22:49:32.1320000
1881,60fcbda8909f2ef8e0afa8ca,2493.2000000029802,2493.2000000029802,1,59,right-1,right,right-dark,dark-up,greater-up,single,2026-02-13 22:49:33.5950000
1882,694180d069557e7a626bbbfc,3477,3477,1,60,right-2,left,right-dark,light-up,greater-up,single,2026-02-13 22:49:37.9530000
1883,694180d069557e7a626bbbfc,1254,1254,1,61,left-0,left,left-dark,light-up,fewer-up,single,2026-02-13 22:49:39.7090000
1884,694180d069557e7a626bbbfc,2327,2327,1,62,right-6,left,right-dark,light-up,greater-up,single,2026-02-13 22:49:42.5410000
1885,694180d069557e7a626bbbfc,1980,1980,0,63,left-4,left,left-dark,light-up,greater-up,single,2026-02-13 22:49:45.0240000
1886,694180d069557e7a626bbbfc,2136,2136,1,64,left-6,right,left-dark,dark-up,fewer-up,single,2026-02-13 22:49:48.6640000
1887,694180d069557e7a626bbbfc,1670.9999999999418,1670.9999999999418,1,65,right-9,right,right-dark,light-up,fewer-up,single,2026-02-13 22:49:50.8370000
1888,694180d069557e7a626bbbfc,2684,2684,1,66,left-9,right,left-dark,dark-up,fewer-up,single,2026-02-13 22:49:54.0250000
1889,694180d069557e7a626bbbfc,1428.9999999999418,1428.9999999999418,1,67,right-0,left,right-dark,dark-up,fewer-up,single,2026-02-13 22:49:55.9580000
1890,694180d069557e7a626bbbfc,1780,1780,1,68,right-3,left,right-dark,light-up,greater-up,single,2026-02-13 22:49:58.2410000
1891,60fcbda8909f2ef8e0afa8ca,2122.699999999255,2122.699999999255,1,60,right-3,left,right-dark,dark-up,fewer-up,single,2026-02-13 22:50:00.3190000
1892,694180d069557e7a626bbbfc,2315,2315,1,69,left-4,left,left-dark,dark-up,greater-up,single,2026-02-13 22:50:01.0590000
1893,60fcbda8909f2ef8e0afa8ca,1419.4000000022352,1419.4000000022352,1,61,right-9,right,right-dark,light-up,fewer-up,single,2026-02-13 22:50:02.2410000
1894,694180d069557e7a626bbbfc,2452,2452,1,70,right-9,left,right-dark,light-up,greater-up,single,2026-02-13 22:50:04.0140000
1895,60fcbda8909f2ef8e0afa8ca,1362,1362,1,62,left-3,right,left-dark,light-up,greater-up,single,2026-02-13 22:50:04.1050000
1896,60fcbda8909f2ef8e0afa8ca,1223,1223,1,63,left-3,left,left-dark,light-up,fewer-up,single,2026-02-13 22:50:05.8310000
1897,694180d069557e7a626bbbfc,1745,1745,1,71,left-2,left,left-dark,light-up,fewer-up,single,2026-02-13 22:50:06.2630000
1898,60fcbda8909f2ef8e0afa8ca,1418.7999999970198,1418.7999999970198,1,64,left-9,right,left-dark,light-up,greater-up,single,2026-02-13 22:50:07.7520000
1899,694180d069557e7a626bbbfc,2409,2409,1,72,right-0,left,right-dark,light-up,greater-up,single,2026-02-13 22:50:09.1760000
1900,60fcbda8909f2ef8e0afa8ca,1448,1448,1,65,left-7,right,left-dark,dark-up,fewer-up,single,2026-02-13 22:50:09.7020000
1901,694180d069557e7a626bbbfc,1805.9999999999418,1805.9999999999418,1,73,left-7,right,left-dark,dark-up,fewer-up,single,2026-02-13 22:50:11.4850000
1902,60fcbda8909f2ef8e0afa8ca,1617.8999999985099,1617.8999999985099,1,66,right-7,left,right-dark,light-up,greater-up,single,2026-02-13 22:50:11.8220000
1903,694180d069557e7a626bbbfc,1590.9999999999418,1590.9999999999418,1,74,right-4,right,right-dark,light-up,fewer-up,single,2026-02-13 22:50:13.5800000
1904,60fcbda8909f2ef8e0afa8ca,2051.699999999255,2051.699999999255,1,67,left-9,left,left-dark,dark-up,greater-up,single,2026-02-13 22:50:14.3770000
1905,60fcbda8909f2ef8e0afa8ca,1182.800000000745,1182.800000000745,1,68,right-0,right,right-dark,dark-up,greater-up,single,2026-02-13 22:50:16.0620000
1906,694180d069557e7a626bbbfc,2298.999999999942,2298.999999999942,1,75,left-5,left,left-dark,dark-up,greater-up,single,2026-02-13 22:50:16.3810000
1907,694180d069557e7a626bbbfc,1286,1286,1,76,left-1,left,left-dark,dark-up,greater-up,single,2026-02-13 22:50:18.1690000
1908,60fcbda8909f2ef8e0afa8ca,1766.1000000014901,1766.1000000014901,1,69,right-3,left,right-dark,light-up,greater-up,single,2026-02-13 22:50:18.3300000
1909,60fcbda8909f2ef8e0afa8ca,1334.699999999255,1334.699999999255,1,70,right-8,right,right-dark,dark-up,greater-up,single,2026-02-13 22:50:20.1670000
1910,60fcbda8909f2ef8e0afa8ca,1364.2000000029802,1364.2000000029802,1,71,right-6,right,right-dark,light-up,fewer-up,single,2026-02-13 22:50:22.0340000
1911,694180d069557e7a626bbbfc,3708.000000000058,3708.000000000058,1,77,right-1,left,right-dark,dark-up,fewer-up,single,2026-02-13 22:50:22.3810000
1912,60fcbda8909f2ef8e0afa8ca,1916.300000000745,1916.300000000745,1,72,left-3,right,left-dark,dark-up,fewer-up,single,2026-02-13 22:50:24.4530000
1913,694180d069557e7a626bbbfc,1576,1576,1,78,right-4,left,right-dark,dark-up,fewer-up,single,2026-02-13 22:50:24.4600000
1914,60fcbda8909f2ef8e0afa8ca,1638.6000000014901,1638.6000000014901,1,73,left-8,right,left-dark,dark-up,fewer-up,single,2026-02-13 22:50:26.5930000
1915,694180d069557e7a626bbbfc,1674.0000000000582,1674.0000000000582,1,79,right-5,left,right-dark,dark-up,fewer-up,single,2026-02-13 22:50:26.6380000
1916,60fcbda8909f2ef8e0afa8ca,2125.7000000029802,2125.7000000029802,1,74,left-1,left,left-dark,dark-up,greater-up,single,2026-02-13 22:50:29.2210000
1917,60fcbda8909f2ef8e0afa8ca,1443.5,1443.5,1,75,left-2,left,left-dark,dark-up,greater-up,single,2026-02-13 22:50:31.1670000
1918,60fcbda8909f2ef8e0afa8ca,1894.699999999255,1894.699999999255,0,76,right-9,right,right-dark,dark-up,fewer-up,single,2026-02-13 22:50:33.5630000
1919,60fcbda8909f2ef8e0afa8ca,2441.800000000745,2441.800000000745,1,77,left-6,left,left-dark,dark-up,greater-up,single,2026-02-13 22:50:37.5110000
1920,60fcbda8909f2ef8e0afa8ca,1710.5999999977648,1710.5999999977648,1,78,left-7,right,left-dark,light-up,greater-up,single,2026-02-13 22:50:39.7240000
1921,60fcbda8909f2ef8e0afa8ca,2648.5,2648.5,1,79,right-6,right,right-dark,dark-up,greater-up,single,2026-02-13 22:50:42.8740000
1922,698a2168ae1740fefdcbb3ba,4274,4274,1,0,left-7,right,left-dark,light-up,greater-up,single,2026-02-13 22:50:43.7800000
1923,698a2168ae1740fefdcbb3ba,1877,1877,1,1,right-6,left,right-dark,light-up,greater-up,single,2026-02-13 22:50:46.1680000
1924,698a2168ae1740fefdcbb3ba,1649.4000000059605,1649.4000000059605,1,2,left-3,left,left-dark,dark-up,greater-up,single,2026-02-13 22:50:48.3240000
1925,698a2168ae1740fefdcbb3ba,1512.699999988079,1512.699999988079,1,3,right-4,right,right-dark,light-up,fewer-up,single,2026-02-13 22:50:50.3420000
1926,698a2168ae1740fefdcbb3ba,1344.4000000059605,1344.4000000059605,1,4,left-8,right,left-dark,light-up,greater-up,single,2026-02-13 22:50:52.1880000
1927,698a2168ae1740fefdcbb3ba,2264.800000011921,2264.800000011921,1,5,left-5,left,left-dark,dark-up,greater-up,single,2026-02-13 22:50:54.9660000
1928,698a2168ae1740fefdcbb3ba,1414.7000000178814,1414.7000000178814,1,6,left-6,left,left-dark,dark-up,greater-up,single,2026-02-13 22:50:56.8960000
1929,698a2168ae1740fefdcbb3ba,1187.2000000178814,1187.2000000178814,1,7,right-0,left,right-dark,dark-up,fewer-up,single,2026-02-13 22:50:58.5920000
1930,698a2168ae1740fefdcbb3ba,1018.6000000238419,1018.6000000238419,1,8,left-7,left,left-dark,dark-up,greater-up,single,2026-02-13 22:51:00.1160000
1931,698a2168ae1740fefdcbb3ba,1459.5999999940395,1459.5999999940395,1,9,right-1,left,right-dark,dark-up,fewer-up,single,2026-02-13 22:51:02.0840000
1932,698a2168ae1740fefdcbb3ba,1003.4000000059605,1003.4000000059605,1,10,right-6,right,right-dark,dark-up,greater-up,single,2026-02-13 22:51:03.5980000
1933,698a2168ae1740fefdcbb3ba,1221.9000000059605,1221.9000000059605,1,11,left-5,right,left-dark,dark-up,fewer-up,single,2026-02-13 22:51:05.3240000
1934,698a2168ae1740fefdcbb3ba,1235.7999999821186,1235.7999999821186,1,12,left-6,left,left-dark,light-up,fewer-up,single,2026-02-13 22:51:07.0750000
1935,698a2168ae1740fefdcbb3ba,1411.3999999761581,1411.3999999761581,1,13,left-8,left,left-dark,dark-up,greater-up,single,2026-02-13 22:51:08.9900000
1936,698a2168ae1740fefdcbb3ba,1234.3999999761581,1234.3999999761581,1,14,left-5,left,left-dark,light-up,fewer-up,single,2026-02-13 22:51:10.7340000
1937,698a2168ae1740fefdcbb3ba,1376.800000011921,1376.800000011921,1,15,right-7,right,right-dark,light-up,fewer-up,single,2026-02-13 22:51:12.6140000
1938,698a2168ae1740fefdcbb3ba,2068.5,2068.5,1,16,left-0,right,left-dark,dark-up,fewer-up,single,2026-02-13 22:51:15.1980000
1939,698a2168ae1740fefdcbb3ba,1743,1743,1,17,right-3,right,right-dark,light-up,fewer-up,single,2026-02-13 22:51:17.4440000
1940,698a2168ae1740fefdcbb3ba,1415.5,1415.5,1,18,right-5,right,right-dark,dark-up,greater-up,single,2026-02-13 22:51:19.3620000
1941,698a2168ae1740fefdcbb3ba,2840.5999999940395,2840.5999999940395,1,19,right-8,left,right-dark,dark-up,fewer-up,single,2026-02-13 22:51:22.7120000
1942,698a2168ae1740fefdcbb3ba,3645.800000011921,3645.800000011921,1,20,right-8,right,right-dark,dark-up,greater-up,single,2026-02-13 22:51:31.7750000
1943,698a2168ae1740fefdcbb3ba,1510.7999999821186,1510.7999999821186,1,21,right-1,left,right-dark,light-up,greater-up,single,2026-02-13 22:51:33.7890000
1944,698a2168ae1740fefdcbb3ba,1948.300000011921,1948.300000011921,1,22,right-3,left,right-dark,dark-up,fewer-up,single,2026-02-13 22:51:36.2430000
1945,698a2168ae1740fefdcbb3ba,2022.5999999940395,2022.5999999940395,1,23,left-4,left,left-dark,dark-up,greater-up,single,2026-02-13 22:51:38.7790000
1946,698a2168ae1740fefdcbb3ba,1736.199999988079,1736.199999988079,1,24,left-1,right,left-dark,dark-up,fewer-up,single,2026-02-13 22:51:41.0310000
1947,698a2168ae1740fefdcbb3ba,1523.5999999940395,1523.5999999940395,1,25,left-5,right,left-dark,light-up,greater-up,single,2026-02-13 22:51:43.0650000
1948,698a2168ae1740fefdcbb3ba,1166.699999988079,1166.699999988079,1,26,left-1,right,left-dark,light-up,greater-up,single,2026-02-13 22:51:44.7370000
1949,698a2168ae1740fefdcbb3ba,1336.5999999940395,1336.5999999940395,1,27,right-8,right,right-dark,light-up,fewer-up,single,2026-02-13 22:51:46.5870000
1950,698a2168ae1740fefdcbb3ba,1481.0999999940395,1481.0999999940395,1,28,left-8,left,left-dark,light-up,fewer-up,single,2026-02-13 22:51:48.5790000
1951,698a2168ae1740fefdcbb3ba,1696.300000011921,1696.300000011921,1,29,right-9,left,right-dark,dark-up,fewer-up,single,2026-02-13 22:51:50.7770000
1952,698a2168ae1740fefdcbb3ba,1043.0999999940395,1043.0999999940395,1,30,right-5,right,right-dark,light-up,fewer-up,single,2026-02-13 22:51:52.3230000
1953,698a2168ae1740fefdcbb3ba,1223.5999999940395,1223.5999999940395,1,31,left-1,left,left-dark,dark-up,greater-up,single,2026-02-13 22:51:54.0570000
1954,698a2168ae1740fefdcbb3ba,1276.5999999940395,1276.5999999940395,1,32,right-8,left,right-dark,light-up,greater-up,single,2026-02-13 22:51:55.8470000
1955,698a2168ae1740fefdcbb3ba,1345.9000000059605,1345.9000000059605,1,33,left-2,left,left-dark,dark-up,greater-up,single,2026-02-13 22:51:57.7010000
1956,698a2168ae1740fefdcbb3ba,1648.7000000178814,1648.7000000178814,1,34,left-9,right,left-dark,light-up,greater-up,single,2026-02-13 22:51:59.8630000
1957,698a2168ae1740fefdcbb3ba,1611.2000000178814,1611.2000000178814,1,35,right-0,left,right-dark,light-up,greater-up,single,2026-02-13 22:52:01.9770000
1958,698a2168ae1740fefdcbb3ba,1857,1857,1,36,right-2,left,right-dark,dark-up,fewer-up,single,2026-02-13 22:52:04.3450000
1959,698a2168ae1740fefdcbb3ba,1449.5,1449.5,1,37,left-7,right,left-dark,dark-up,fewer-up,single,2026-02-13 22:52:06.3030000
1960,698a2168ae1740fefdcbb3ba,1214.9000000059605,1214.9000000059605,1,38,right-4,left,right-dark,dark-up,fewer-up,single,2026-02-13 22:52:08.0230000
1961,698a2168ae1740fefdcbb3ba,1572.300000011921,1572.300000011921,1,39,left-1,left,left-dark,light-up,fewer-up,single,2026-02-13 22:52:10.1010000
1962,698a2168ae1740fefdcbb3ba,2566.9000000059605,2566.9000000059605,1,40,left-0,left,left-dark,light-up,fewer-up,single,2026-02-13 22:52:18.0170000
1963,698a2168ae1740fefdcbb3ba,1195.0999999940395,1195.0999999940395,1,41,right-5,left,right-dark,dark-up,fewer-up,single,2026-02-13 22:52:19.7230000
1964,698a2168ae1740fefdcbb3ba,1244.4000000059605,1244.4000000059605,1,42,right-5,left,right-dark,light-up,greater-up,single,2026-02-13 22:52:21.4790000
1965,698a2168ae1740fefdcbb3ba,1018.5999999940395,1018.5999999940395,1,43,left-9,right,left-dark,dark-up,fewer-up,single,2026-02-13 22:52:23.0070000
1966,698a2168ae1740fefdcbb3ba,1053.8999999761581,1053.8999999761581,1,44,left-3,right,left-dark,light-up,greater-up,single,2026-02-13 22:52:24.5630000
1967,698a2168ae1740fefdcbb3ba,1702.9000000059605,1702.9000000059605,1,45,left-0,left,left-dark,dark-up,greater-up,single,2026-02-13 22:52:26.7810000
1968,698a2168ae1740fefdcbb3ba,1707.300000011921,1707.300000011921,1,46,left-6,right,left-dark,light-up,greater-up,single,2026-02-13 22:52:28.9970000
1969,698a2168ae1740fefdcbb3ba,1480.9000000059605,1480.9000000059605,1,47,left-8,right,left-dark,dark-up,fewer-up,single,2026-02-13 22:52:30.9870000
1970,698a2168ae1740fefdcbb3ba,1544,1544,1,48,right-1,right,right-dark,dark-up,greater-up,single,2026-02-13 22:52:33.0330000
1971,698a2168ae1740fefdcbb3ba,1388.2999999821186,1388.2999999821186,1,49,right-7,right,right-dark,dark-up,greater-up,single,2026-02-13 22:52:34.9230000
1972,698a2168ae1740fefdcbb3ba,1073.699999988079,1073.699999988079,1,50,right-2,right,right-dark,light-up,fewer-up,single,2026-02-13 22:52:36.4990000
1973,698a2168ae1740fefdcbb3ba,1265.5999999940395,1265.5999999940395,1,51,left-9,left,left-dark,dark-up,greater-up,single,2026-02-13 22:52:38.2790000
1974,698a2168ae1740fefdcbb3ba,1592.1000000238419,1592.1000000238419,1,52,right-3,right,right-dark,dark-up,greater-up,single,2026-02-13 22:52:40.3730000
1975,698a2168ae1740fefdcbb3ba,1415.699999988079,1415.699999988079,1,53,left-9,left,left-dark,light-up,fewer-up,single,2026-02-13 22:52:42.2910000
1976,698a2168ae1740fefdcbb3ba,1134.5,1134.5,1,54,left-3,right,left-dark,dark-up,fewer-up,single,2026-02-13 22:52:43.9350000
1977,698a2168ae1740fefdcbb3ba,1012.7999999821186,1012.7999999821186,1,55,right-9,left,right-dark,light-up,greater-up,single,2026-02-13 22:52:45.4570000
1978,698a2168ae1740fefdcbb3ba,1150.800000011921,1150.800000011921,1,56,right-6,left,right-dark,dark-up,fewer-up,single,2026-02-13 22:52:47.1170000
1979,698a2168ae1740fefdcbb3ba,1170,1170,1,57,left-7,left,left-dark,light-up,fewer-up,single,2026-02-13 22:52:48.7950000
1980,698a2168ae1740fefdcbb3ba,1088.4000000059605,1088.4000000059605,1,58,right-3,left,right-dark,light-up,greater-up,single,2026-02-13 22:52:50.3930000
1981,698a2168ae1740fefdcbb3ba,1219.300000011921,1219.300000011921,1,59,left-2,right,left-dark,dark-up,fewer-up,single,2026-02-13 22:52:52.1230000
1982,698a2168ae1740fefdcbb3ba,2736.2999999821186,2736.2999999821186,1,60,right-0,right,right-dark,light-up,fewer-up,single,2026-02-13 22:52:58.3390000
1983,630981b0f861918e8174a43e,3800,3800,1,0,left-6,right,left-dark,dark-up,fewer-up,single,2026-02-13 22:52:58.3130000
1984,698a2168ae1740fefdcbb3ba,1122.699999988079,1122.699999988079,1,61,right-9,right,right-dark,light-up,fewer-up,single,2026-02-13 22:52:59.9710000
1985,630981b0f861918e8174a43e,1775,1775,1,1,right-4,left,right-dark,dark-up,fewer-up,single,2026-02-13 22:53:00.6030000
1986,698a2168ae1740fefdcbb3ba,1020.9000000059605,1020.9000000059605,1,62,right-4,right,right-dark,dark-up,greater-up,single,2026-02-13 22:53:01.4990000
1987,630981b0f861918e8174a43e,1377,1377,1,2,left-3,left,left-dark,light-up,fewer-up,single,2026-02-13 22:53:02.4880000
1988,698a2168ae1740fefdcbb3ba,1341.2000000178814,1341.2000000178814,1,63,left-4,right,left-dark,dark-up,fewer-up,single,2026-02-13 22:53:03.3430000
1989,698a2168ae1740fefdcbb3ba,1130.5999999940395,1130.5999999940395,1,64,left-3,left,left-dark,light-up,fewer-up,single,2026-02-13 22:53:04.9770000
1990,630981b0f861918e8174a43e,1828,1828,1,3,left-5,left,left-dark,dark-up,greater-up,single,2026-02-13 22:53:04.8200000
1991,698a2168ae1740fefdcbb3ba,1710,1710,1,65,left-4,right,left-dark,light-up,greater-up,single,2026-02-13 22:53:07.2010000
1992,630981b0f861918e8174a43e,1228,1228,1,4,left-2,left,left-dark,dark-up,greater-up,single,2026-02-13 22:53:06.5640000
1993,630981b0f861918e8174a43e,1313,1313,1,5,right-2,right,right-dark,light-up,fewer-up,single,2026-02-13 22:53:08.4420000
1994,698a2168ae1740fefdcbb3ba,1598.8999999761581,1598.8999999761581,1,66,right-1,right,right-dark,light-up,fewer-up,single,2026-02-13 22:53:09.3040000
1995,630981b0f861918e8174a43e,1273,1273,1,6,left-7,left,left-dark,light-up,fewer-up,single,2026-02-13 22:53:10.2280000
1996,698a2168ae1740fefdcbb3ba,1275.5999999940395,1275.5999999940395,1,67,left-2,left,left-dark,light-up,fewer-up,single,2026-02-13 22:53:11.0890000
1997,630981b0f861918e8174a43e,1224,1224,1,7,right-3,right,right-dark,light-up,fewer-up,single,2026-02-13 22:53:11.9640000
1998,698a2168ae1740fefdcbb3ba,2502.5999999940395,2502.5999999940395,1,68,right-7,left,right-dark,dark-up,fewer-up,single,2026-02-13 22:53:14.1010000
1999,630981b0f861918e8174a43e,1356,1356,1,8,right-8,right,right-dark,dark-up,greater-up,single,2026-02-13 22:53:13.8270000
2000,698a2168ae1740fefdcbb3ba,1040.300000011921,1040.300000011921,1,69,right-9,right,right-dark,dark-up,greater-up,single,2026-02-13 22:53:15.6550000
2001,630981b0f861918e8174a43e,996,996,1,9,left-6,left,left-dark,light-up,fewer-up,single,2026-02-13 22:53:15.3330000
2002,698a2168ae1740fefdcbb3ba,1048.1000000238419,1048.1000000238419,1,70,right-2,right,right-dark,dark-up,greater-up,single,2026-02-13 22:53:17.2130000
2003,630981b0f861918e8174a43e,1019,1019,1,10,left-3,left,left-dark,dark-up,greater-up,single,2026-02-13 22:53:16.8620000
2004,698a2168ae1740fefdcbb3ba,1039.5,1039.5,1,71,right-6,right,right-dark,light-up,fewer-up,single,2026-02-13 22:53:18.7570000
2005,630981b0f861918e8174a43e,1283,1283,1,11,left-7,right,left-dark,dark-up,fewer-up,single,2026-02-13 22:53:18.6500000
2006,698a2168ae1740fefdcbb3ba,1274.2000000178814,1274.2000000178814,1,72,left-0,right,left-dark,light-up,greater-up,single,2026-02-13 22:53:20.5470000
2007,630981b0f861918e8174a43e,1181,1181,1,12,left-8,left,left-dark,dark-up,greater-up,single,2026-02-13 22:53:20.3490000
2008,698a2168ae1740fefdcbb3ba,1003.2000000178814,1003.2000000178814,1,73,right-4,left,right-dark,light-up,greater-up,single,2026-02-13 22:53:22.0570000
2009,630981b0f861918e8174a43e,996,996,1,13,right-0,right,right-dark,light-up,fewer-up,single,2026-02-13 22:53:21.8490000
2010,698a2168ae1740fefdcbb3ba,1290.5,1290.5,1,74,left-2,right,left-dark,light-up,greater-up,single,2026-02-13 22:53:23.8510000
2011,630981b0f861918e8174a43e,962,962,1,14,left-0,left,left-dark,dark-up,greater-up,single,2026-02-13 22:53:23.3140000
2012,698a2168ae1740fefdcbb3ba,1390.4000000059605,1390.4000000059605,1,75,right-2,left,right-dark,light-up,greater-up,single,2026-02-13 22:53:25.7490000
2013,630981b0f861918e8174a43e,1275,1275,1,15,right-2,left,right-dark,light-up,greater-up,single,2026-02-13 22:53:25.0980000
2014,630981b0f861918e8174a43e,1907,1907,1,16,right-7,right,right-dark,dark-up,greater-up,single,2026-02-13 22:53:27.5190000
2015,698a2168ae1740fefdcbb3ba,2432.399999976158,2432.399999976158,1,76,left-4,left,left-dark,light-up,fewer-up,single,2026-02-13 22:53:28.6830000
2016,630981b0f861918e8174a43e,1631,1631,1,17,right-1,left,right-dark,light-up,greater-up,single,2026-02-13 22:53:29.6560000
2017,698a2168ae1740fefdcbb3ba,2907.5999999940395,2907.5999999940395,1,77,left-6,right,left-dark,dark-up,fewer-up,single,2026-02-13 22:53:32.0940000
2018,630981b0f861918e8174a43e,1560,1560,1,18,right-4,left,right-dark,light-up,greater-up,single,2026-02-13 22:53:31.7190000
2019,698a2168ae1740fefdcbb3ba,1079.8999999761581,1079.8999999761581,1,78,right-7,left,right-dark,light-up,greater-up,single,2026-02-13 22:53:33.6820000
2020,630981b0f861918e8174a43e,1224,1224,1,19,left-8,right,left-dark,light-up,greater-up,single,2026-02-13 22:53:33.4470000
2021,698a2168ae1740fefdcbb3ba,932,932,1,79,right-0,right,right-dark,dark-up,greater-up,single,2026-02-13 22:53:35.1180000
2022,630981b0f861918e8174a43e,1555,1555,1,20,right-2,left,right-dark,dark-up,fewer-up,single,2026-02-13 22:53:38.2550000
2023,630981b0f861918e8174a43e,1557,1557,1,21,left-4,right,left-dark,dark-up,fewer-up,single,2026-02-13 22:53:40.3220000
2024,630981b0f861918e8174a43e,1214,1214,1,22,left-5,right,left-dark,light-up,greater-up,single,2026-02-13 22:53:42.0470000
2025,630981b0f861918e8174a43e,1278,1278,1,23,left-9,right,left-dark,dark-up,fewer-up,single,2026-02-13 22:53:43.8410000
2026,630981b0f861918e8174a43e,1284,1284,1,24,right-4,right,right-dark,dark-up,greater-up,single,2026-02-13 22:53:45.6280000
2027,630981b0f861918e8174a43e,1100,1100,1,25,right-3,left,right-dark,dark-up,fewer-up,single,2026-02-13 22:53:47.2380000
2028,630981b0f861918e8174a43e,1123,1123,1,26,right-5,left,right-dark,dark-up,fewer-up,single,2026-02-13 22:53:48.8630000
2029,630981b0f861918e8174a43e,1004,1004,1,27,left-2,right,left-dark,dark-up,fewer-up,single,2026-02-13 22:53:50.3780000
2030,630981b0f861918e8174a43e,971,971,1,28,left-2,right,left-dark,light-up,greater-up,single,2026-02-13 22:53:51.8530000
2031,630981b0f861918e8174a43e,1708,1708,1,29,right-2,right,right-dark,dark-up,greater-up,single,2026-02-13 22:53:54.0640000
2032,630981b0f861918e8174a43e,1372,1372,1,30,left-5,left,left-dark,light-up,fewer-up,single,2026-02-13 22:53:55.9530000
2033,630981b0f861918e8174a43e,2432,2432,1,31,left-1,left,left-dark,light-up,fewer-up,single,2026-02-13 22:53:58.8880000
2034,630981b0f861918e8174a43e,1208,1208,1,32,right-9,right,right-dark,dark-up,greater-up,single,2026-02-13 22:54:00.6110000
2035,630981b0f861918e8174a43e,2214,2214,1,33,left-7,right,left-dark,light-up,greater-up,single,2026-02-13 22:54:03.3360000
2036,630981b0f861918e8174a43e,1239,1239,1,34,right-3,right,right-dark,dark-up,greater-up,single,2026-02-13 22:54:05.0850000
2037,630981b0f861918e8174a43e,1188,1188,1,35,right-4,right,right-dark,light-up,fewer-up,single,2026-02-13 22:54:06.7840000
2038,630981b0f861918e8174a43e,900,900,1,36,left-6,right,left-dark,light-up,greater-up,single,2026-02-13 22:54:08.1930000
2039,630981b0f861918e8174a43e,1356,1356,1,37,left-0,left,left-dark,light-up,fewer-up,single,2026-02-13 22:54:10.0590000
2040,630981b0f861918e8174a43e,1056,1056,1,38,left-8,left,left-dark,light-up,fewer-up,single,2026-02-13 22:54:11.6220000
2041,630981b0f861918e8174a43e,1117,1117,1,39,right-8,left,right-dark,dark-up,fewer-up,single,2026-02-13 22:54:13.2500000
2042,630981b0f861918e8174a43e,1316,1316,1,40,right-9,left,right-dark,dark-up,fewer-up,single,2026-02-13 22:54:16.8920000
2043,630981b0f861918e8174a43e,971,971,1,41,left-9,right,left-dark,light-up,greater-up,single,2026-02-13 22:54:18.3730000
2044,630981b0f861918e8174a43e,990,990,1,42,left-3,right,left-dark,light-up,greater-up,single,2026-02-13 22:54:19.8670000
2045,630981b0f861918e8174a43e,1178,1178,1,43,left-7,left,left-dark,dark-up,greater-up,single,2026-02-13 22:54:21.5570000
2046,630981b0f861918e8174a43e,1220,1220,1,44,left-1,right,left-dark,light-up,greater-up,single,2026-02-13 22:54:23.2800000
2047,630981b0f861918e8174a43e,1146,1146,1,45,left-3,right,left-dark,dark-up,fewer-up,single,2026-02-13 22:54:24.9350000
2048,630981b0f861918e8174a43e,1319,1319,1,46,right-7,left,right-dark,dark-up,fewer-up,single,2026-02-13 22:54:26.7570000
2049,630981b0f861918e8174a43e,1179,1179,1,47,right-1,right,right-dark,dark-up,greater-up,single,2026-02-13 22:54:28.4410000
2050,630981b0f861918e8174a43e,1065,1065,1,48,left-1,left,left-dark,dark-up,greater-up,single,2026-02-13 22:54:30.0460000
2051,630981b0f861918e8174a43e,1604,1604,1,49,left-8,right,left-dark,dark-up,fewer-up,single,2026-02-13 22:54:32.1550000
2052,630981b0f861918e8174a43e,1625,1625,1,50,left-1,right,left-dark,dark-up,fewer-up,single,2026-02-13 22:54:34.2900000
2053,630981b0f861918e8174a43e,1213,1213,1,51,right-5,right,right-dark,dark-up,greater-up,single,2026-02-13 22:54:36.0090000
2054,630981b0f861918e8174a43e,1179,1179,1,52,left-0,right,left-dark,dark-up,fewer-up,single,2026-02-13 22:54:37.6940000
2055,630981b0f861918e8174a43e,1545,1545,1,53,left-4,left,left-dark,light-up,fewer-up,single,2026-02-13 22:54:39.7550000
2056,630981b0f861918e8174a43e,1137,1137,1,54,right-3,left,right-dark,light-up,greater-up,single,2026-02-13 22:54:41.3990000
2057,630981b0f861918e8174a43e,1211,1211,1,55,left-2,left,left-dark,light-up,fewer-up,single,2026-02-13 22:54:43.1720000
2058,630981b0f861918e8174a43e,951,951,1,56,right-8,right,right-dark,light-up,fewer-up,single,2026-02-13 22:54:44.6380000
2059,630981b0f861918e8174a43e,1072,1072,1,57,right-6,right,right-dark,dark-up,greater-up,single,2026-02-13 22:54:46.2180000
2060,630981b0f861918e8174a43e,953,953,1,58,right-9,right,right-dark,light-up,fewer-up,single,2026-02-13 22:54:47.6820000
2061,630981b0f861918e8174a43e,1025,1025,1,59,right-6,left,right-dark,dark-up,fewer-up,single,2026-02-13 22:54:49.2130000
2062,630981b0f861918e8174a43e,2215,2215,1,60,right-0,left,right-dark,dark-up,fewer-up,single,2026-02-13 22:54:53.3520000
2063,630981b0f861918e8174a43e,931,931,1,61,right-0,left,right-dark,light-up,greater-up,single,2026-02-13 22:54:54.7920000
2064,630981b0f861918e8174a43e,835,835,1,62,right-0,right,right-dark,dark-up,greater-up,single,2026-02-13 22:54:56.2030000
2065,630981b0f861918e8174a43e,1020,1020,1,63,right-7,left,right-dark,light-up,greater-up,single,2026-02-13 22:54:57.7360000
2066,630981b0f861918e8174a43e,995,995,1,64,right-6,right,right-dark,light-up,fewer-up,single,2026-02-13 22:54:59.2470000
2067,630981b0f861918e8174a43e,1813,1813,1,65,left-4,right,left-dark,light-up,greater-up,single,2026-02-13 22:55:01.5760000
2068,630981b0f861918e8174a43e,1301,1301,1,66,left-5,right,left-dark,dark-up,fewer-up,single,2026-02-13 22:55:03.3900000
2069,630981b0f861918e8174a43e,1533,1533,1,67,left-6,left,left-dark,dark-up,greater-up,single,2026-02-13 22:55:05.4340000
2070,630981b0f861918e8174a43e,1323,1323,1,68,right-8,left,right-dark,light-up,greater-up,single,2026-02-13 22:55:07.2730000
2071,630981b0f861918e8174a43e,1093,1093,1,69,left-4,left,left-dark,dark-up,greater-up,single,2026-02-13 22:55:08.8780000
2072,630981b0f861918e8174a43e,965,965,1,70,right-5,left,right-dark,light-up,greater-up,single,2026-02-13 22:55:10.3460000
2073,630981b0f861918e8174a43e,989,989,1,71,right-1,right,right-dark,light-up,fewer-up,single,2026-02-13 22:55:11.8710000
2074,630981b0f861918e8174a43e,1107,1107,1,72,right-1,left,right-dark,dark-up,fewer-up,single,2026-02-13 22:55:13.4820000
2075,630981b0f861918e8174a43e,835,835,1,73,left-0,right,left-dark,light-up,greater-up,single,2026-02-13 22:55:14.8220000
2076,630981b0f861918e8174a43e,1254,1254,1,74,left-9,left,left-dark,dark-up,greater-up,single,2026-02-13 22:55:16.5900000
2077,630981b0f861918e8174a43e,1046,1046,1,75,right-6,left,right-dark,light-up,greater-up,single,2026-02-13 22:55:18.1590000
2078,630981b0f861918e8174a43e,1166,1166,1,76,right-7,right,right-dark,light-up,fewer-up,single,2026-02-13 22:55:19.8390000
2079,630981b0f861918e8174a43e,1444,1444,1,77,right-9,left,right-dark,light-up,greater-up,single,2026-02-13 22:55:21.7870000
2080,630981b0f861918e8174a43e,974,974,1,78,left-9,left,left-dark,light-up,fewer-up,single,2026-02-13 22:55:23.2710000
2081,659daa1ed4e13d6428103c1f,4538.0999999940395,4538.0999999940395,1,0,right-8,left,right-dark,light-up,greater-up,dual,2026-02-13 22:58:18.3860000
2082,659daa1ed4e13d6428103c1f,3358.800000011921,3358.800000011921,1,1,left-5,right,left-dark,dark-up,fewer-up,dual,2026-02-13 22:58:22.2560000
2083,659daa1ed4e13d6428103c1f,2166.5999999940395,2166.5999999940395,1,2,left-4,left,left-dark,light-up,fewer-up,dual,2026-02-13 22:58:24.9380000
2084,659daa1ed4e13d6428103c1f,1931.6000000238419,1931.6000000238419,1,3,left-2,left,left-dark,light-up,fewer-up,dual,2026-02-13 22:58:27.3720000
2085,659daa1ed4e13d6428103c1f,3314.2000000178814,3314.2000000178814,1,4,left-5,right,left-dark,light-up,greater-up,dual,2026-02-13 22:58:31.1920000
2086,659daa1ed4e13d6428103c1f,3268.300000011921,3268.300000011921,1,5,right-9,left,right-dark,dark-up,fewer-up,dual,2026-02-13 22:58:34.9750000
2087,659daa1ed4e13d6428103c1f,2142.7999999821186,2142.7999999821186,1,6,left-3,right,left-dark,light-up,greater-up,dual,2026-02-13 22:58:37.6220000
2088,659daa1ed4e13d6428103c1f,1989.5,1989.5,1,7,right-1,right,right-dark,light-up,fewer-up,dual,2026-02-13 22:58:40.1210000
2089,659daa1ed4e13d6428103c1f,2408.199999988079,2408.199999988079,1,8,left-7,left,left-dark,dark-up,greater-up,dual,2026-02-13 22:58:43.0370000
2090,659daa1ed4e13d6428103c1f,3018.5,3018.5,1,9,right-0,left,right-dark,light-up,greater-up,dual,2026-02-13 22:58:46.5680000
2091,659daa1ed4e13d6428103c1f,2885.5,2885.5,1,10,left-5,left,left-dark,dark-up,greater-up,dual,2026-02-13 22:58:49.9690000
2092,659daa1ed4e13d6428103c1f,4081,4081,1,11,left-5,left,left-dark,light-up,fewer-up,dual,2026-02-13 22:58:54.5690000
2093,659daa1ed4e13d6428103c1f,2032.9000000059605,2032.9000000059605,1,12,left-3,left,left-dark,dark-up,greater-up,dual,2026-02-13 22:58:57.1230000
2094,659daa1ed4e13d6428103c1f,2205.9000000059605,2205.9000000059605,1,13,right-4,right,right-dark,dark-up,greater-up,dual,2026-02-13 22:58:59.8380000
2095,659daa1ed4e13d6428103c1f,1658.0999999940395,1658.0999999940395,1,14,left-0,left,left-dark,light-up,fewer-up,dual,2026-02-13 22:59:02.0100000
2096,659daa1ed4e13d6428103c1f,1727.7999999821186,1727.7999999821186,1,15,left-8,left,left-dark,light-up,fewer-up,dual,2026-02-13 22:59:04.2480000
2097,659daa1ed4e13d6428103c1f,2545.0999999940395,2545.0999999940395,1,16,right-6,left,right-dark,dark-up,fewer-up,dual,2026-02-13 22:59:07.3000000
2098,659daa1ed4e13d6428103c1f,3058.5999999940395,3058.5999999940395,1,17,left-9,right,left-dark,light-up,greater-up,dual,2026-02-13 22:59:10.8630000
2099,659daa1ed4e13d6428103c1f,3230.699999988079,3230.699999988079,1,18,right-3,left,right-dark,light-up,greater-up,dual,2026-02-13 22:59:14.6030000
2100,659daa1ed4e13d6428103c1f,3144.7000000178814,3144.7000000178814,1,19,right-9,right,right-dark,light-up,fewer-up,dual,2026-02-13 22:59:18.2650000
2101,659daa1ed4e13d6428103c1f,2411.699999988079,2411.699999988079,1,20,right-0,right,right-dark,light-up,fewer-up,dual,2026-02-13 22:59:26.2920000
2102,659daa1ed4e13d6428103c1f,2645.5,2645.5,1,21,left-2,right,left-dark,dark-up,fewer-up,dual,2026-02-13 22:59:29.4500000
2103,659daa1ed4e13d6428103c1f,2455.300000011921,2455.300000011921,1,22,left-4,right,left-dark,light-up,greater-up,dual,2026-02-13 22:59:32.4130000
2104,659daa1ed4e13d6428103c1f,3030.0999999940395,3030.0999999940395,1,23,right-8,left,right-dark,dark-up,fewer-up,dual,2026-02-13 22:59:35.9570000
2105,659daa1ed4e13d6428103c1f,1662.699999988079,1662.699999988079,1,24,right-8,right,right-dark,light-up,fewer-up,dual,2026-02-13 22:59:38.1350000
2106,659daa1ed4e13d6428103c1f,2909.699999988079,2909.699999988079,1,25,right-9,right,right-dark,dark-up,greater-up,dual,2026-02-13 22:59:41.5530000
2107,659daa1ed4e13d6428103c1f,1989.0999999940395,1989.0999999940395,1,26,left-1,left,left-dark,dark-up,greater-up,dual,2026-02-13 22:59:44.0550000
2108,659daa1ed4e13d6428103c1f,1649.9000000059605,1649.9000000059605,1,27,left-7,right,left-dark,dark-up,fewer-up,dual,2026-02-13 22:59:46.2160000
2109,659daa1ed4e13d6428103c1f,2418.399999976158,2418.399999976158,1,28,left-6,right,left-dark,light-up,greater-up,dual,2026-02-13 22:59:49.1410000
2110,659daa1ed4e13d6428103c1f,3037.600000023842,3037.600000023842,1,29,right-4,left,right-dark,dark-up,fewer-up,dual,2026-02-13 22:59:52.6820000
2111,659daa1ed4e13d6428103c1f,2801.4000000059605,2801.4000000059605,1,30,right-6,left,right-dark,light-up,greater-up,dual,2026-02-13 22:59:55.9940000
2112,659daa1ed4e13d6428103c1f,1981.9000000059605,1981.9000000059605,1,31,left-0,left,left-dark,dark-up,greater-up,dual,2026-02-13 22:59:58.4870000
2113,659daa1ed4e13d6428103c1f,2076.100000023842,2076.100000023842,1,32,left-6,left,left-dark,light-up,fewer-up,dual,2026-02-13 23:00:01.0810000
2114,659daa1ed4e13d6428103c1f,2066.9000000059605,2066.9000000059605,0,33,right-2,right,right-dark,light-up,greater-up,dual,2026-02-13 23:00:03.6640000
2115,659daa1ed4e13d6428103c1f,2531.0999999940395,2531.0999999940395,1,34,left-1,right,left-dark,dark-up,fewer-up,dual,2026-02-13 23:00:07.7250000
2116,659daa1ed4e13d6428103c1f,1937.300000011921,1937.300000011921,1,35,left-6,left,left-dark,dark-up,greater-up,dual,2026-02-13 23:00:10.1780000
2117,659daa1ed4e13d6428103c1f,3421.2999999821186,3421.2999999821186,1,36,right-5,left,right-dark,dark-up,fewer-up,dual,2026-02-13 23:00:14.1150000
2118,659daa1ed4e13d6428103c1f,3287.300000011921,3287.300000011921,1,37,left-4,left,left-dark,dark-up,greater-up,dual,2026-02-13 23:00:17.9160000
2119,659daa1ed4e13d6428103c1f,1954.5,1954.5,1,38,left-1,right,left-dark,light-up,greater-up,dual,2026-02-13 23:00:20.3820000
2120,659daa1ed4e13d6428103c1f,1549.5,1549.5,1,39,right-5,right,right-dark,dark-up,greater-up,dual,2026-02-13 23:00:22.4440000
2121,659daa1ed4e13d6428103c1f,6503.9000000059605,6503.9000000059605,1,40,left-8,right,left-dark,dark-up,fewer-up,dual,2026-02-13 23:00:39.3170000
2122,659daa1ed4e13d6428103c1f,2658.800000011921,2658.800000011921,1,41,right-7,right,right-dark,dark-up,greater-up,dual,2026-02-13 23:00:42.4910000
2123,659daa1ed4e13d6428103c1f,1328.199999988079,1328.199999988079,1,42,right-8,right,right-dark,dark-up,greater-up,dual,2026-02-13 23:00:44.3360000
2124,659daa1ed4e13d6428103c1f,2192.5,2192.5,1,43,left-2,left,left-dark,dark-up,greater-up,dual,2026-02-13 23:00:47.0400000
2125,659daa1ed4e13d6428103c1f,1751.2999999821186,1751.2999999821186,1,44,left-9,left,left-dark,light-up,fewer-up,dual,2026-02-13 23:00:49.3020000
2126,659daa1ed4e13d6428103c1f,3898.600000023842,3898.600000023842,1,45,right-3,left,right-dark,dark-up,fewer-up,dual,2026-02-13 23:00:53.7180000
2127,659daa1ed4e13d6428103c1f,2388,2388,1,46,right-1,left,right-dark,dark-up,fewer-up,dual,2026-02-13 23:00:56.6220000
2128,659daa1ed4e13d6428103c1f,2430.5,2430.5,1,47,right-4,left,right-dark,light-up,greater-up,dual,2026-02-13 23:00:59.5610000
2129,659daa1ed4e13d6428103c1f,1524.5,1524.5,1,48,left-7,left,left-dark,light-up,fewer-up,dual,2026-02-13 23:01:01.5910000
2130,659daa1ed4e13d6428103c1f,2716.5999999940395,2716.5999999940395,1,49,right-1,left,right-dark,light-up,greater-up,dual,2026-02-13 23:01:04.8150000
2131,659daa1ed4e13d6428103c1f,3051.9000000059605,3051.9000000059605,1,50,right-6,right,right-dark,light-up,fewer-up,dual,2026-02-13 23:01:08.3700000
2132,659daa1ed4e13d6428103c1f,1536,1536,1,51,left-9,left,left-dark,dark-up,greater-up,dual,2026-02-13 23:01:10.4170000
2133,659daa1ed4e13d6428103c1f,1569.300000011921,1569.300000011921,1,52,right-3,right,right-dark,dark-up,greater-up,dual,2026-02-13 23:01:12.4930000
2134,659daa1ed4e13d6428103c1f,5240.9000000059605,5240.9000000059605,1,53,right-4,right,right-dark,light-up,fewer-up,dual,2026-02-13 23:01:18.2600000
2135,659daa1ed4e13d6428103c1f,2670.2000000178814,2670.2000000178814,1,54,left-1,left,left-dark,light-up,fewer-up,dual,2026-02-13 23:01:21.4540000
2136,659daa1ed4e13d6428103c1f,1894.199999988079,1894.199999988079,1,55,right-5,left,right-dark,light-up,greater-up,dual,2026-02-13 23:01:23.8680000
2137,659daa1ed4e13d6428103c1f,1311.9000000059605,1311.9000000059605,1,56,right-6,right,right-dark,dark-up,greater-up,dual,2026-02-13 23:01:25.6960000
2138,659daa1ed4e13d6428103c1f,2787.7000000178814,2787.7000000178814,1,57,right-7,left,right-dark,light-up,greater-up,dual,2026-02-13 23:01:28.9950000
2139,659daa1ed4e13d6428103c1f,1788.7999999821186,1788.7999999821186,1,58,left-3,right,left-dark,dark-up,fewer-up,dual,2026-02-13 23:01:31.2920000
2140,659daa1ed4e13d6428103c1f,2381.7000000178814,2381.7000000178814,1,59,right-0,right,right-dark,dark-up,greater-up,dual,2026-02-13 23:01:34.1820000
2141,659daa1ed4e13d6428103c1f,1947.2999999821186,1947.2999999821186,1,60,left-8,right,left-dark,light-up,greater-up,dual,2026-02-13 23:01:40.8080000
2142,659daa1ed4e13d6428103c1f,1819.5999999940395,1819.5999999940395,1,61,right-9,left,right-dark,light-up,greater-up,dual,2026-02-13 23:01:43.1420000
2143,659daa1ed4e13d6428103c1f,2104.800000011921,2104.800000011921,1,62,left-0,right,left-dark,light-up,greater-up,dual,2026-02-13 23:01:45.7510000
2144,659daa1ed4e13d6428103c1f,1910.300000011921,1910.300000011921,1,63,right-7,left,right-dark,dark-up,fewer-up,dual,2026-02-13 23:01:48.1640000
2145,659daa1ed4e13d6428103c1f,3002.899999976158,3002.899999976158,1,64,right-1,right,right-dark,dark-up,greater-up,dual,2026-02-13 23:01:51.6780000
2146,659daa1ed4e13d6428103c1f,1834.800000011921,1834.800000011921,1,65,left-4,right,left-dark,dark-up,fewer-up,dual,2026-02-13 23:01:54.0260000
2147,659daa1ed4e13d6428103c1f,1463.800000011921,1463.800000011921,1,66,right-5,right,right-dark,light-up,fewer-up,dual,2026-02-13 23:01:56.0140000
2148,659daa1ed4e13d6428103c1f,1995.699999988079,1995.699999988079,1,67,left-2,right,left-dark,light-up,greater-up,dual,2026-02-13 23:01:58.5140000
2149,659daa1ed4e13d6428103c1f,2364.2999999821186,2364.2999999821186,1,68,right-2,left,right-dark,dark-up,fewer-up,dual,2026-02-13 23:02:01.3990000
2150,659daa1ed4e13d6428103c1f,3158.800000011921,3158.800000011921,1,69,right-7,right,right-dark,light-up,fewer-up,dual,2026-02-13 23:02:05.0690000
2151,659daa1ed4e13d6428103c1f,1824.5999999940395,1824.5999999940395,1,70,right-0,left,right-dark,dark-up,fewer-up,dual,2026-02-13 23:02:07.4030000
2152,659daa1ed4e13d6428103c1f,1555.2000000178814,1555.2000000178814,1,71,left-3,left,left-dark,light-up,fewer-up,dual,2026-02-13 23:02:09.4650000
2153,659daa1ed4e13d6428103c1f,1629.4000000059605,1629.4000000059605,1,72,right-2,right,right-dark,dark-up,greater-up,dual,2026-02-13 23:02:11.6010000
2154,659daa1ed4e13d6428103c1f,1968.300000011921,1968.300000011921,1,73,right-3,right,right-dark,light-up,fewer-up,dual,2026-02-13 23:02:14.0820000
2155,659daa1ed4e13d6428103c1f,1626.800000011921,1626.800000011921,1,74,left-6,right,left-dark,dark-up,fewer-up,dual,2026-02-13 23:02:16.2280000
2156,659daa1ed4e13d6428103c1f,1647.199999988079,1647.199999988079,1,75,left-0,right,left-dark,dark-up,fewer-up,dual,2026-02-13 23:02:18.3880000
2157,659daa1ed4e13d6428103c1f,2210.899999976158,2210.899999976158,1,76,left-8,left,left-dark,dark-up,greater-up,dual,2026-02-13 23:02:21.1050000
2158,659daa1ed4e13d6428103c1f,1852.300000011921,1852.300000011921,1,77,left-9,right,left-dark,dark-up,fewer-up,dual,2026-02-13 23:02:23.4660000
2159,659daa1ed4e13d6428103c1f,2895.300000011921,2895.300000011921,1,78,left-7,right,left-dark,light-up,greater-up,dual,2026-02-13 23:02:26.8660000
2160,659daa1ed4e13d6428103c1f,1883.300000011921,1883.300000011921,1,79,right-2,right,right-dark,light-up,fewer-up,dual,2026-02-13 23:02:29.2590000
2161,65ccca52871269168cc029b5,1690,1690,1,0,right-5,right,right-dark,dark-up,greater-up,single,2026-02-13 23:24:13.4100000
2162,65ccca52871269168cc029b5,1646.4000000059605,1646.4000000059605,1,1,left-1,left,left-dark,dark-up,greater-up,single,2026-02-13 23:24:15.5610000
2163,65ccca52871269168cc029b5,1725.5,1725.5,1,2,right-7,right,right-dark,light-up,fewer-up,single,2026-02-13 23:24:17.7900000
2164,65ccca52871269168cc029b5,1249.2999999821186,1249.2999999821186,1,3,left-3,left,left-dark,dark-up,greater-up,single,2026-02-13 23:24:19.5430000
2165,65ccca52871269168cc029b5,1308.3999999761581,1308.3999999761581,1,4,right-4,right,right-dark,light-up,fewer-up,single,2026-02-13 23:24:21.3530000
2166,5aebbea402d69a0001f1f487,3168.5,3168.5,1,0,right-6,left,right-dark,dark-up,fewer-up,single,2026-02-13 23:24:23.4710000
2167,65ccca52871269168cc029b5,1670.4000000059605,1670.4000000059605,1,5,right-2,left,right-dark,light-up,greater-up,single,2026-02-13 23:24:23.5270000
2168,5aebbea402d69a0001f1f487,2438.699999809265,2438.699999809265,1,1,left-8,left,left-dark,light-up,fewer-up,single,2026-02-13 23:24:26.4230000
2169,65ccca52871269168cc029b5,1583.4000000059605,1583.4000000059605,1,6,right-9,right,right-dark,dark-up,greater-up,single,2026-02-13 23:24:25.6140000
2170,5aebbea402d69a0001f1f487,2567.800000190735,2567.800000190735,1,2,left-5,left,left-dark,light-up,fewer-up,single,2026-02-13 23:24:29.5030000
2171,65ccca52871269168cc029b5,3154.9000000059605,3154.9000000059605,1,7,left-0,right,left-dark,dark-up,fewer-up,single,2026-02-13 23:24:29.2730000
2172,5aebbea402d69a0001f1f487,3966.800000190735,3966.800000190735,1,3,right-4,left,right-dark,dark-up,fewer-up,single,2026-02-13 23:24:33.9760000
2173,5aebbea402d69a0001f1f487,1512.5,1512.5,1,4,right-1,right,right-dark,light-up,fewer-up,single,2026-02-13 23:24:35.9910000
2174,65ccca52871269168cc029b5,5227,5227,1,8,right-2,right,right-dark,light-up,fewer-up,single,2026-02-13 23:24:35.0040000
2175,65ccca52871269168cc029b5,1055.5,1055.5,1,9,left-2,left,left-dark,dark-up,greater-up,single,2026-02-13 23:24:36.5670000
2176,5aebbea402d69a0001f1f487,1611.8000001907349,1611.8000001907349,1,5,right-7,right,right-dark,light-up,fewer-up,single,2026-02-13 23:24:38.1200000
2177,65ccca52871269168cc029b5,1042.800000011921,1042.800000011921,1,10,right-8,right,right-dark,light-up,fewer-up,single,2026-02-13 23:24:38.1150000
2178,65ccca52871269168cc029b5,1376.199999988079,1376.199999988079,1,11,left-7,right,left-dark,dark-up,fewer-up,single,2026-02-13 23:24:39.9990000
2179,5aebbea402d69a0001f1f487,3481.2999997138977,3481.2999997138977,1,6,left-1,right,left-dark,dark-up,fewer-up,single,2026-02-13 23:24:42.1110000
2180,5aebbea402d69a0001f1f487,1329.7000002861023,1329.7000002861023,1,7,right-9,left,right-dark,dark-up,fewer-up,single,2026-02-13 23:24:43.9510000
2181,65ccca52871269168cc029b5,3384.9000000059605,3384.9000000059605,1,12,left-5,right,left-dark,dark-up,fewer-up,single,2026-02-13 23:24:43.8870000
2182,65ccca52871269168cc029b5,694.1999999880791,694.1999999880791,1,13,left-1,right,left-dark,dark-up,fewer-up,single,2026-02-13 23:24:45.0840000
2183,5aebbea402d69a0001f1f487,2767.800000190735,2767.800000190735,1,8,right-7,left,right-dark,light-up,greater-up,single,2026-02-13 23:24:47.2310000
2184,65ccca52871269168cc029b5,867.6000000238419,867.6000000238419,1,14,right-4,left,right-dark,light-up,greater-up,single,2026-02-13 23:24:46.4540000
2185,6743e31b8d80b64c6fad696f,3602.1000003814697,3602.1000003814697,1,0,left-1,right,left-dark,light-up,greater-up,single,2026-02-13 23:24:48.5380000
2186,65ccca52871269168cc029b5,1347.5,1347.5,1,15,left-0,left,left-dark,dark-up,greater-up,single,2026-02-13 23:24:48.3050000
2187,5aebbea402d69a0001f1f487,2030.4000000953674,2030.4000000953674,1,9,left-6,left,left-dark,dark-up,greater-up,single,2026-02-13 23:24:49.7750000
2188,6743e31b8d80b64c6fad696f,2434,2434,1,1,right-3,right,right-dark,dark-up,greater-up,single,2026-02-13 23:24:51.4740000
2189,5aebbea402d69a0001f1f487,2769.2000002861023,2769.2000002861023,1,10,left-9,right,left-dark,dark-up,fewer-up,single,2026-02-13 23:24:53.0530000
2190,6743e31b8d80b64c6fad696f,2018,2018,1,2,right-9,right,right-dark,light-up,fewer-up,single,2026-02-13 23:24:53.9940000
2191,6743e31b8d80b64c6fad696f,1514.2000007629395,1514.2000007629395,1,3,right-7,left,right-dark,dark-up,fewer-up,single,2026-02-13 23:24:56.0090000
2192,65ccca52871269168cc029b5,6823.800000011921,6823.800000011921,1,16,left-8,right,left-dark,dark-up,fewer-up,single,2026-02-13 23:24:55.6330000
2193,5aebbea402d69a0001f1f487,3372.7999997138977,3372.7999997138977,1,11,left-1,right,left-dark,light-up,greater-up,single,2026-02-13 23:24:56.9350000
2194,65ccca52871269168cc029b5,1299.2000000178814,1299.2000000178814,1,17,left-7,left,left-dark,light-up,fewer-up,single,2026-02-13 23:24:57.4400000
2195,6743e31b8d80b64c6fad696f,1282.1000003814697,1282.1000003814697,1,4,left-8,right,left-dark,dark-up,fewer-up,single,2026-02-13 23:24:57.7940000
2196,5aebbea402d69a0001f1f487,1337.4000000953674,1337.4000000953674,1,12,right-5,right,right-dark,dark-up,greater-up,single,2026-02-13 23:24:58.7840000
2197,65ccca52871269168cc029b5,1317.2999999821186,1317.2999999821186,1,18,right-9,left,right-dark,light-up,greater-up,single,2026-02-13 23:24:59.2600000
2198,5aebbea402d69a0001f1f487,1563.4000000953674,1563.4000000953674,1,13,left-1,left,left-dark,dark-up,greater-up,single,2026-02-13 23:25:00.8550000
2199,6743e31b8d80b64c6fad696f,2010.3999996185303,2010.3999996185303,1,5,left-8,left,left-dark,dark-up,greater-up,single,2026-02-13 23:25:00.3060000
2200,65ccca52871269168cc029b5,1143.699999988079,1143.699999988079,1,19,left-2,right,left-dark,light-up,greater-up,single,2026-02-13 23:25:00.9070000
2201,5aebbea402d69a0001f1f487,804.3000001907349,804.3000001907349,0,14,right-1,right,right-dark,light-up,greater-up,single,2026-02-13 23:25:02.1670000
2202,6743e31b8d80b64c6fad696f,1226.5,1226.5,1,6,left-4,right,left-dark,light-up,greater-up,single,2026-02-13 23:25:02.0340000
2203,6743e31b8d80b64c6fad696f,1650.3999996185303,1650.3999996185303,1,7,left-9,right,left-dark,light-up,greater-up,single,2026-02-13 23:25:04.1850000
2204,6743e31b8d80b64c6fad696f,1209.8999996185303,1209.8999996185303,1,8,right-1,left,right-dark,light-up,greater-up,single,2026-02-13 23:25:05.8970000
2205,5aebbea402d69a0001f1f487,2910.699999809265,2910.699999809265,1,15,right-3,right,right-dark,light-up,fewer-up,single,2026-02-13 23:25:06.5980000
2206,6743e31b8d80b64c6fad696f,1585.7999992370605,1585.7999992370605,0,9,left-5,left,left-dark,dark-up,fewer-up,single,2026-02-13 23:25:07.9850000
2207,5aebbea402d69a0001f1f487,2415.199999809265,2415.199999809265,1,16,left-4,right,left-dark,dark-up,fewer-up,single,2026-02-13 23:25:09.5270000
2208,5aebbea402d69a0001f1f487,1991.8000001907349,1991.8000001907349,1,17,left-3,right,left-dark,light-up,greater-up,single,2026-02-13 23:25:12.0230000
2209,6743e31b8d80b64c6fad696f,2592.300001144409,2592.300001144409,1,10,right-8,right,right-dark,light-up,fewer-up,single,2026-02-13 23:25:12.0820000
2210,5aebbea402d69a0001f1f487,1605.6999998092651,1605.6999998092651,1,18,left-6,right,left-dark,light-up,greater-up,single,2026-02-13 23:25:14.1430000
2211,6743e31b8d80b64c6fad696f,1665.6999988555908,1665.6999988555908,1,11,left-4,right,left-dark,dark-up,fewer-up,single,2026-02-13 23:25:14.2490000
2212,6743e31b8d80b64c6fad696f,1394.7000007629395,1394.7000007629395,1,12,left-9,right,left-dark,dark-up,fewer-up,single,2026-02-13 23:25:16.1450000
2213,5aebbea402d69a0001f1f487,3623,3623,1,19,left-3,right,left-dark,dark-up,fewer-up,single,2026-02-13 23:25:18.2790000
2214,6743e31b8d80b64c6fad696f,1626.3999996185303,1626.3999996185303,1,13,left-4,left,left-dark,light-up,fewer-up,single,2026-02-13 23:25:18.2730000
2215,6743e31b8d80b64c6fad696f,1961.8999996185303,1961.8999996185303,1,14,left-2,right,left-dark,light-up,greater-up,single,2026-02-13 23:25:20.7370000
2216,6743e31b8d80b64c6fad696f,1778.1000003814697,1778.1000003814697,1,15,right-0,right,right-dark,dark-up,greater-up,single,2026-02-13 23:25:23.0170000
2217,6743e31b8d80b64c6fad696f,1785.8999996185303,1785.8999996185303,1,16,right-4,right,right-dark,dark-up,greater-up,single,2026-02-13 23:25:25.3050000
2218,5aebbea402d69a0001f1f487,1749,1749,1,20,left-9,left,left-dark,dark-up,greater-up,single,2026-02-13 23:25:26.5560000
2219,6743e31b8d80b64c6fad696f,1090.1000003814697,1090.1000003814697,1,17,left-6,left,left-dark,dark-up,greater-up,single,2026-02-13 23:25:26.8970000
2220,5aebbea402d69a0001f1f487,1766.5,1766.5,1,21,left-5,left,left-dark,dark-up,greater-up,single,2026-02-13 23:25:28.8310000
2221,6743e31b8d80b64c6fad696f,978.2000007629395,978.2000007629395,1,18,left-1,right,left-dark,dark-up,fewer-up,single,2026-02-13 23:25:28.3770000
2222,5aebbea402d69a0001f1f487,1059.6999998092651,1059.6999998092651,1,22,right-9,right,right-dark,dark-up,greater-up,single,2026-02-13 23:25:30.4000000
2223,6743e31b8d80b64c6fad696f,1106.5,1106.5,1,19,left-0,left,left-dark,dark-up,greater-up,single,2026-02-13 23:25:29.9850000
2224,5aebbea402d69a0001f1f487,2990,2990,1,23,left-1,left,left-dark,light-up,fewer-up,single,2026-02-13 23:25:33.8950000
2225,6743e31b8d80b64c6fad696f,1810.6000003814697,1810.6000003814697,1,20,right-1,right,right-dark,light-up,fewer-up,single,2026-02-13 23:25:35.1530000
2226,5aebbea402d69a0001f1f487,1740.9000000953674,1740.9000000953674,0,24,right-6,right,right-dark,light-up,greater-up,single,2026-02-13 23:25:36.1430000
2227,6743e31b8d80b64c6fad696f,961.7000007629395,961.7000007629395,1,21,right-6,right,right-dark,dark-up,greater-up,single,2026-02-13 23:25:36.6170000
2228,6743e31b8d80b64c6fad696f,1042.2999992370605,1042.2999992370605,1,22,right-2,right,right-dark,dark-up,greater-up,single,2026-02-13 23:25:38.1610000
2229,5aebbea402d69a0001f1f487,2971.300000190735,2971.300000190735,1,25,left-2,right,left-dark,light-up,greater-up,single,2026-02-13 23:25:40.6400000
2230,6743e31b8d80b64c6fad696f,1473.5,1473.5,0,23,left-5,left,left-dark,light-up,greater-up,single,2026-02-13 23:25:40.1370000
2231,5aebbea402d69a0001f1f487,1903.2000002861023,1903.2000002861023,1,26,left-2,left,left-dark,dark-up,greater-up,single,2026-02-13 23:25:43.0480000
2232,6743e31b8d80b64c6fad696f,2151.7000007629395,2151.7000007629395,1,24,left-7,left,left-dark,light-up,fewer-up,single,2026-02-13 23:25:43.7930000
2233,6743e31b8d80b64c6fad696f,801.8999996185303,801.8999996185303,1,25,right-8,right,right-dark,dark-up,greater-up,single,2026-02-13 23:25:45.0970000
2234,5aebbea402d69a0001f1f487,2666.4000000953674,2666.4000000953674,1,27,left-2,left,left-dark,light-up,fewer-up,single,2026-02-13 23:25:46.2240000
2235,6743e31b8d80b64c6fad696f,1042.6000003814697,1042.6000003814697,1,26,left-6,right,left-dark,light-up,greater-up,single,2026-02-13 23:25:46.6410000
2236,65ccca52871269168cc029b5,936.1999999880791,936.1999999880791,1,20,right-2,right,right-dark,dark-up,greater-up,single,2026-02-13 23:25:46.2900000
2237,6743e31b8d80b64c6fad696f,1146,1146,1,27,right-1,left,right-dark,dark-up,fewer-up,single,2026-02-13 23:25:48.2890000
2238,5aebbea402d69a0001f1f487,2414.800000190735,2414.800000190735,0,28,right-4,right,right-dark,light-up,greater-up,single,2026-02-13 23:25:49.1410000
2239,6743e31b8d80b64c6fad696f,1025.5,1025.5,1,28,left-0,right,left-dark,dark-up,fewer-up,single,2026-02-13 23:25:49.8170000
2240,6743e31b8d80b64c6fad696f,849.6999988555908,849.6999988555908,1,29,right-6,left,right-dark,light-up,greater-up,single,2026-02-13 23:25:51.1690000
2241,5aebbea402d69a0001f1f487,1459.5999999046326,1459.5999999046326,1,29,right-4,right,right-dark,dark-up,greater-up,single,2026-02-13 23:25:52.1270000
2242,6743e31b8d80b64c6fad696f,1441.8000011444092,1441.8000011444092,1,30,right-7,right,right-dark,dark-up,greater-up,single,2026-02-13 23:25:53.1130000
2243,65ccca52871269168cc029b5,6892,6892,1,21,right-3,right,right-dark,dark-up,greater-up,single,2026-02-13 23:25:53.6850000
2244,6743e31b8d80b64c6fad696f,1138.2999992370605,1138.2999992370605,1,31,left-2,right,left-dark,dark-up,fewer-up,single,2026-02-13 23:25:54.7520000
2245,5aebbea402d69a0001f1f487,3017.2000002861023,3017.2000002861023,1,30,left-7,right,left-dark,dark-up,fewer-up,single,2026-02-13 23:25:55.6560000
2246,65ccca52871269168cc029b5,1283.7000000178814,1283.7000000178814,1,22,left-3,right,left-dark,dark-up,fewer-up,single,2026-02-13 23:25:55.4740000
2247,6743e31b8d80b64c6fad696f,1515.5,1515.5,1,32,right-8,left,right-dark,light-up,greater-up,single,2026-02-13 23:25:56.7690000
2248,65ccca52871269168cc029b5,1909.7999999821186,1909.7999999821186,1,23,right-8,right,right-dark,dark-up,greater-up,single,2026-02-13 23:25:57.8870000
2249,6743e31b8d80b64c6fad696f,970.2000007629395,970.2000007629395,1,33,left-0,right,left-dark,light-up,greater-up,single,2026-02-13 23:25:58.2410000
2250,5aebbea402d69a0001f1f487,2864.4000000953674,2864.4000000953674,1,31,left-2,right,left-dark,dark-up,fewer-up,single,2026-02-13 23:25:59.0310000
2251,6743e31b8d80b64c6fad696f,1097.900001525879,1097.900001525879,1,34,right-9,right,right-dark,dark-up,greater-up,single,2026-02-13 23:25:59.8410000
2252,5aebbea402d69a0001f1f487,2144.199999809265,2144.199999809265,1,32,right-2,right,right-dark,light-up,fewer-up,single,2026-02-13 23:26:01.6790000
2253,6743e31b8d80b64c6fad696f,1130.2000007629395,1130.2000007629395,1,35,right-0,right,right-dark,light-up,fewer-up,single,2026-02-13 23:26:01.4720000
2254,6743e31b8d80b64c6fad696f,1129.5,1129.5,1,36,left-9,left,left-dark,light-up,fewer-up,single,2026-02-13 23:26:03.1040000
2255,5aebbea402d69a0001f1f487,2713,2713,1,33,left-0,right,left-dark,light-up,greater-up,single,2026-02-13 23:26:04.8960000
2256,6743e31b8d80b64c6fad696f,2091,2091,1,37,right-3,left,right-dark,dark-up,fewer-up,single,2026-02-13 23:26:05.6970000
2257,65ccca52871269168cc029b5,7548.5999999940395,7548.5999999940395,1,24,left-4,left,left-dark,dark-up,greater-up,single,2026-02-13 23:26:05.9390000
2258,6743e31b8d80b64c6fad696f,1682.400001525879,1682.400001525879,1,38,left-2,left,left-dark,dark-up,greater-up,single,2026-02-13 23:26:07.8800000
2259,5aebbea402d69a0001f1f487,4381.400000095367,4381.400000095367,1,34,left-6,left,left-dark,light-up,fewer-up,single,2026-02-13 23:26:09.7830000
2260,65ccca52871269168cc029b5,2487.7000000178814,2487.7000000178814,1,25,left-8,left,left-dark,light-up,fewer-up,single,2026-02-13 23:26:08.9290000
2261,6743e31b8d80b64c6fad696f,1106.6000003814697,1106.6000003814697,1,39,right-6,left,right-dark,dark-up,fewer-up,single,2026-02-13 23:26:09.4880000
2262,5aebbea402d69a0001f1f487,1739.3999996185303,1739.3999996185303,1,35,left-5,right,left-dark,light-up,greater-up,single,2026-02-13 23:26:12.0390000
2263,65ccca52871269168cc029b5,1929.5,1929.5,1,26,right-4,right,right-dark,dark-up,greater-up,single,2026-02-13 23:26:11.3620000
2264,6743e31b8d80b64c6fad696f,1227.6999988555908,1227.6999988555908,1,40,left-4,left,left-dark,dark-up,greater-up,single,2026-02-13 23:26:12.8560000
2265,65ccca52871269168cc029b5,892.4000000059605,892.4000000059605,1,27,left-1,left,left-dark,light-up,fewer-up,single,2026-02-13 23:26:12.7570000
2266,6743e31b8d80b64c6fad696f,985.7999992370605,985.7999992370605,1,41,right-7,right,right-dark,light-up,fewer-up,single,2026-02-13 23:26:14.3440000
2267,65ccca52871269168cc029b5,1104.5999999940395,1104.5999999940395,1,28,left-5,right,left-dark,light-up,greater-up,single,2026-02-13 23:26:14.3650000
2268,5aebbea402d69a0001f1f487,3908,3908,1,36,right-6,right,right-dark,light-up,fewer-up,single,2026-02-13 23:26:16.4550000
2269,65ccca52871269168cc029b5,699.8999999761581,699.8999999761581,1,29,right-8,left,right-dark,light-up,greater-up,single,2026-02-13 23:26:15.5690000
2270,6743e31b8d80b64c6fad696f,1385.7999992370605,1385.7999992370605,1,42,right-3,right,right-dark,light-up,fewer-up,single,2026-02-13 23:26:16.2320000
2271,65ccca52871269168cc029b5,1563.2000000178814,1563.2000000178814,1,30,right-0,right,right-dark,dark-up,greater-up,single,2026-02-13 23:26:17.6360000
2272,6743e31b8d80b64c6fad696f,1282.2999992370605,1282.2999992370605,1,43,right-1,right,right-dark,dark-up,greater-up,single,2026-02-13 23:26:18.0160000
2273,6743e31b8d80b64c6fad696f,1177.7999992370605,1177.7999992370605,1,44,left-3,right,left-dark,dark-up,fewer-up,single,2026-02-13 23:26:19.6960000
2274,6743e31b8d80b64c6fad696f,1161.6000003814697,1161.6000003814697,1,45,right-0,left,right-dark,dark-up,fewer-up,single,2026-02-13 23:26:21.3600000
2275,6743e31b8d80b64c6fad696f,1090.1999988555908,1090.1999988555908,1,46,right-8,left,right-dark,dark-up,fewer-up,single,2026-02-13 23:26:22.9520000
2276,65ccca52871269168cc029b5,4643.5,4643.5,1,31,right-6,left,right-dark,dark-up,fewer-up,single,2026-02-13 23:26:22.7850000
2277,6743e31b8d80b64c6fad696f,874.1999988555908,874.1999988555908,1,47,right-4,left,right-dark,dark-up,fewer-up,single,2026-02-13 23:26:24.3280000
2278,65ccca52871269168cc029b5,1023.0999999940395,1023.0999999940395,1,32,right-0,right,right-dark,light-up,fewer-up,single,2026-02-13 23:26:24.3120000
2279,5aebbea402d69a0001f1f487,8297.700000286102,8297.700000286102,1,37,right-5,right,right-dark,light-up,fewer-up,single,2026-02-13 23:26:25.2560000
2280,65ccca52871269168cc029b5,977.8000000119209,977.8000000119209,1,33,right-0,left,right-dark,light-up,greater-up,single,2026-02-13 23:26:25.7910000
2281,6743e31b8d80b64c6fad696f,1490.8000011444092,1490.8000011444092,1,48,right-2,left,right-dark,dark-up,fewer-up,single,2026-02-13 23:26:26.3200000
2282,5aebbea402d69a0001f1f487,2284.9000000953674,2284.9000000953674,1,38,left-0,left,left-dark,light-up,fewer-up,single,2026-02-13 23:26:28.0550000
2283,6743e31b8d80b64c6fad696f,1105.7999992370605,1105.7999992370605,1,49,left-7,left,left-dark,dark-up,greater-up,single,2026-02-13 23:26:27.9280000
2284,65ccca52871269168cc029b5,1831.8999999761581,1831.8999999761581,1,34,right-1,left,right-dark,light-up,greater-up,single,2026-02-13 23:26:28.1240000
2285,5aebbea402d69a0001f1f487,1167.2999997138977,1167.2999997138977,1,39,left-4,left,left-dark,light-up,fewer-up,single,2026-02-13 23:26:29.7270000
2286,6743e31b8d80b64c6fad696f,1809.900001525879,1809.900001525879,1,50,left-8,right,left-dark,light-up,greater-up,single,2026-02-13 23:26:30.2400000
2287,6743e31b8d80b64c6fad696f,1362.2000007629395,1362.2000007629395,1,51,left-1,left,left-dark,light-up,fewer-up,single,2026-02-13 23:26:32.1040000
2288,6743e31b8d80b64c6fad696f,1545.8999996185303,1545.8999996185303,1,52,left-7,right,left-dark,light-up,greater-up,single,2026-02-13 23:26:34.1520000
2289,65ccca52871269168cc029b5,6838.5999999940395,6838.5999999940395,1,35,left-6,left,left-dark,dark-up,greater-up,single,2026-02-13 23:26:35.4650000
2290,6743e31b8d80b64c6fad696f,1521.8000011444092,1521.8000011444092,0,53,right-4,left,right-dark,light-up,fewer-up,single,2026-02-13 23:26:36.1760000
2291,65ccca52871269168cc029b5,1827,1827,1,36,left-6,right,left-dark,light-up,greater-up,single,2026-02-13 23:26:37.7950000
2292,5aebbea402d69a0001f1f487,2664.800000190735,2664.800000190735,1,40,right-8,left,right-dark,dark-up,fewer-up,single,2026-02-13 23:26:40.2770000
2293,65ccca52871269168cc029b5,1806.3999999761581,1806.3999999761581,1,37,left-9,right,left-dark,dark-up,fewer-up,single,2026-02-13 23:26:40.1060000
2294,6743e31b8d80b64c6fad696f,2760.7999992370605,2760.7999992370605,0,54,right-7,right,right-dark,light-up,greater-up,single,2026-02-13 23:26:40.4410000
2295,5aebbea402d69a0001f1f487,1420,1420,1,41,left-8,right,left-dark,dark-up,fewer-up,single,2026-02-13 23:26:42.2070000
2296,65ccca52871269168cc029b5,1291.5999999940395,1291.5999999940395,1,38,right-7,left,right-dark,light-up,greater-up,single,2026-02-13 23:26:41.9010000
2297,6743e31b8d80b64c6fad696f,1240,1240,1,55,left-5,left,left-dark,light-up,fewer-up,single,2026-02-13 23:26:43.1840000
2298,5aebbea402d69a0001f1f487,1565.8000001907349,1565.8000001907349,1,42,right-6,right,right-dark,dark-up,greater-up,single,2026-02-13 23:26:44.2870000
2299,65ccca52871269168cc029b5,1401.699999988079,1401.699999988079,1,39,left-2,left,left-dark,light-up,fewer-up,single,2026-02-13 23:26:43.8050000
2300,5aebbea402d69a0001f1f487,1319.0999999046326,1319.0999999046326,1,43,right-8,right,right-dark,dark-up,greater-up,single,2026-02-13 23:26:46.1110000
2301,6743e31b8d80b64c6fad696f,2154,2154,1,56,right-5,left,right-dark,dark-up,fewer-up,single,2026-02-13 23:26:45.8400000
2302,5aebbea402d69a0001f1f487,1194,1194,1,44,left-3,left,left-dark,dark-up,greater-up,single,2026-02-13 23:26:47.8080000
2303,6743e31b8d80b64c6fad696f,1545.7999992370605,1545.7999992370605,1,57,left-1,left,left-dark,dark-up,greater-up,single,2026-02-13 23:26:47.8880000
2304,6743e31b8d80b64c6fad696f,1258.3999996185303,1258.3999996185303,1,58,left-6,right,left-dark,dark-up,fewer-up,single,2026-02-13 23:26:49.6480000
2305,5aebbea402d69a0001f1f487,2167,2167,1,45,left-7,right,left-dark,light-up,greater-up,single,2026-02-13 23:26:50.4850000
2306,65ccca52871269168cc029b5,1250.4000000059605,1250.4000000059605,1,40,right-1,right,right-dark,dark-up,greater-up,single,2026-02-13 23:26:50.7580000
2307,6743e31b8d80b64c6fad696f,2138.7999992370605,2138.7999992370605,1,59,right-5,right,right-dark,dark-up,greater-up,single,2026-02-13 23:26:52.2880000
2308,65ccca52871269168cc029b5,846.6999999880791,846.6999999880791,1,41,right-9,left,right-dark,dark-up,fewer-up,single,2026-02-13 23:26:52.1080000
2309,5aebbea402d69a0001f1f487,2985.2999997138977,2985.2999997138977,1,46,right-5,left,right-dark,light-up,greater-up,single,2026-02-13 23:26:53.9750000
2310,5aebbea402d69a0001f1f487,1393.4000000953674,1393.4000000953674,0,47,right-2,left,right-dark,dark-up,greater-up,single,2026-02-13 23:26:55.8790000
2311,65ccca52871269168cc029b5,2264.7999999821186,2264.7999999821186,1,42,right-3,left,right-dark,light-up,greater-up,single,2026-02-13 23:26:54.8750000
2312,6743e31b8d80b64c6fad696f,1865.1999988555908,1865.1999988555908,1,60,right-5,right,right-dark,light-up,fewer-up,single,2026-02-13 23:26:56.7430000
2313,6743e31b8d80b64c6fad696f,986.7999992370605,986.7999992370605,1,61,right-2,left,right-dark,light-up,greater-up,single,2026-02-13 23:26:58.2310000
2314,65ccca52871269168cc029b5,2846.0999999940395,2846.0999999940395,1,43,right-1,right,right-dark,light-up,fewer-up,single,2026-02-13 23:26:58.2260000
2315,5aebbea402d69a0001f1f487,2436.7999997138977,2436.7999997138977,1,48,right-8,left,right-dark,light-up,greater-up,single,2026-02-13 23:26:59.8310000
2316,6743e31b8d80b64c6fad696f,1386.8000011444092,1386.8000011444092,1,62,left-8,left,left-dark,light-up,fewer-up,single,2026-02-13 23:27:00.1190000
2317,65ccca52871269168cc029b5,1307.1000000238419,1307.1000000238419,1,44,left-4,left,left-dark,light-up,fewer-up,single,2026-02-13 23:27:00.0370000
2318,5aebbea402d69a0001f1f487,1977.5,1977.5,1,49,right-8,right,right-dark,light-up,fewer-up,single,2026-02-13 23:27:02.3190000
2319,6743e31b8d80b64c6fad696f,1139,1139,1,63,right-2,right,right-dark,light-up,fewer-up,single,2026-02-13 23:27:01.7590000
2320,65ccca52871269168cc029b5,974.5,974.5,1,45,left-6,left,left-dark,light-up,fewer-up,single,2026-02-13 23:27:01.5150000
2321,6743e31b8d80b64c6fad696f,1314.3999996185303,1314.3999996185303,1,64,left-3,right,left-dark,light-up,greater-up,single,2026-02-13 23:27:03.5760000
2322,5aebbea402d69a0001f1f487,1569.0999999046326,1569.0999999046326,1,50,left-7,left,left-dark,dark-up,greater-up,single,2026-02-13 23:27:04.3990000
2323,65ccca52871269168cc029b5,2197.2000000178814,2197.2000000178814,1,46,right-8,left,right-dark,dark-up,fewer-up,single,2026-02-13 23:27:04.2170000
2324,6743e31b8d80b64c6fad696f,1322.3999996185303,1322.3999996185303,1,65,left-5,left,left-dark,dark-up,greater-up,single,2026-02-13 23:27:05.3990000
2325,5aebbea402d69a0001f1f487,1254.6999998092651,1254.6999998092651,1,51,right-0,left,right-dark,light-up,greater-up,single,2026-02-13 23:27:06.1580000
2326,65ccca52871269168cc029b5,1148.300000011921,1148.300000011921,1,47,right-4,left,right-dark,dark-up,fewer-up,single,2026-02-13 23:27:05.8690000
2327,6743e31b8d80b64c6fad696f,1490.6000003814697,1490.6000003814697,1,66,left-9,left,left-dark,dark-up,greater-up,single,2026-02-13 23:27:07.3910000
2328,65ccca52871269168cc029b5,925,925,1,48,right-3,right,right-dark,light-up,fewer-up,single,2026-02-13 23:27:07.2970000
2329,5aebbea402d69a0001f1f487,2612.2999997138977,2612.2999997138977,1,52,right-1,left,right-dark,dark-up,fewer-up,single,2026-02-13 23:27:09.2800000
2330,65ccca52871269168cc029b5,1009.6000000238419,1009.6000000238419,1,49,left-8,left,left-dark,dark-up,greater-up,single,2026-02-13 23:27:08.8110000
2331,6743e31b8d80b64c6fad696f,1594.2999992370605,1594.2999992370605,0,67,right-4,right,right-dark,light-up,greater-up,single,2026-02-13 23:27:09.4870000
2332,65ccca52871269168cc029b5,926.3000000119209,926.3000000119209,1,50,right-2,left,right-dark,dark-up,fewer-up,single,2026-02-13 23:27:10.2400000
2333,5aebbea402d69a0001f1f487,1713.5,1713.5,1,53,left-5,right,left-dark,dark-up,fewer-up,single,2026-02-13 23:27:11.5030000
2334,65ccca52871269168cc029b5,769.8000000119209,769.8000000119209,1,51,left-4,right,left-dark,light-up,greater-up,single,2026-02-13 23:27:11.5140000
2335,6743e31b8d80b64c6fad696f,1304.3000011444092,1304.3000011444092,1,68,left-6,left,left-dark,light-up,fewer-up,single,2026-02-13 23:27:12.2950000
2336,65ccca52871269168cc029b5,1505.800000011921,1505.800000011921,1,52,left-2,right,left-dark,dark-up,fewer-up,single,2026-02-13 23:27:13.5270000
2337,6743e31b8d80b64c6fad696f,1154.2000007629395,1154.2000007629395,1,69,left-0,left,left-dark,light-up,fewer-up,single,2026-02-13 23:27:13.9510000
2338,65ccca52871269168cc029b5,1353.5999999940395,1353.5999999940395,1,53,left-8,right,left-dark,light-up,greater-up,single,2026-02-13 23:27:15.3840000
2339,6743e31b8d80b64c6fad696f,1346.2000007629395,1346.2000007629395,1,70,right-3,left,right-dark,light-up,greater-up,single,2026-02-13 23:27:15.7990000
2340,5aebbea402d69a0001f1f487,5025.89999961853,5025.89999961853,1,54,left-9,right,left-dark,light-up,greater-up,single,2026-02-13 23:27:17.0450000
2341,65ccca52871269168cc029b5,1215.4000000059605,1215.4000000059605,1,54,left-5,left,left-dark,light-up,fewer-up,single,2026-02-13 23:27:17.1040000
2342,6743e31b8d80b64c6fad696f,1322.3000011444092,1322.3000011444092,1,71,right-9,left,right-dark,dark-up,fewer-up,single,2026-02-13 23:27:17.6230000
2343,65ccca52871269168cc029b5,979,979,1,55,right-7,left,right-dark,dark-up,fewer-up,single,2026-02-13 23:27:18.5870000
2344,6743e31b8d80b64c6fad696f,778.2999992370605,778.2999992370605,1,72,right-9,left,right-dark,light-up,greater-up,single,2026-02-13 23:27:18.9030000
2345,5aebbea402d69a0001f1f487,2449.7999997138977,2449.7999997138977,1,55,left-3,left,left-dark,light-up,fewer-up,single,2026-02-13 23:27:20.0070000
2346,6743e31b8d80b64c6fad696f,1035.2000007629395,1035.2000007629395,1,73,right-6,right,right-dark,light-up,fewer-up,single,2026-02-13 23:27:20.4400000
2347,65ccca52871269168cc029b5,1186.8999999761581,1186.8999999761581,1,56,left-6,right,left-dark,dark-up,fewer-up,single,2026-02-13 23:27:20.2770000
2348,65ccca52871269168cc029b5,854.5999999940395,854.5999999940395,1,57,right-1,left,right-dark,dark-up,fewer-up,single,2026-02-13 23:27:21.6340000
2349,6743e31b8d80b64c6fad696f,1225.6000003814697,1225.6000003814697,1,74,right-0,left,right-dark,light-up,greater-up,single,2026-02-13 23:27:22.1670000
2350,5aebbea402d69a0001f1f487,3050,3050,1,56,right-5,left,right-dark,dark-up,fewer-up,single,2026-02-13 23:27:23.5600000
2351,65ccca52871269168cc029b5,1261.699999988079,1261.699999988079,1,58,right-6,left,right-dark,light-up,greater-up,single,2026-02-13 23:27:23.4000000
2352,6743e31b8d80b64c6fad696f,1362.1999988555908,1362.1999988555908,1,75,left-7,right,left-dark,dark-up,fewer-up,single,2026-02-13 23:27:24.0310000
2353,5aebbea402d69a0001f1f487,1709,1709,1,57,left-7,left,left-dark,light-up,fewer-up,single,2026-02-13 23:27:25.7750000
2354,65ccca52871269168cc029b5,1785,1785,1,59,left-7,left,left-dark,dark-up,greater-up,single,2026-02-13 23:27:25.6880000
2355,6743e31b8d80b64c6fad696f,1562,1562,1,76,right-5,left,right-dark,light-up,greater-up,single,2026-02-13 23:27:26.0950000
2356,5aebbea402d69a0001f1f487,1846.9000000953674,1846.9000000953674,1,58,right-0,right,right-dark,light-up,fewer-up,single,2026-02-13 23:27:28.1270000
2357,6743e31b8d80b64c6fad696f,1778.3999996185303,1778.3999996185303,1,77,left-3,left,left-dark,dark-up,greater-up,single,2026-02-13 23:27:28.3750000
2358,6743e31b8d80b64c6fad696f,1209.6000003814697,1209.6000003814697,1,78,left-2,left,left-dark,light-up,fewer-up,single,2026-02-13 23:27:30.0870000
2359,65ccca52871269168cc029b5,2134,2134,1,60,left-7,right,left-dark,light-up,greater-up,single,2026-02-13 23:27:30.5510000
2360,6743e31b8d80b64c6fad696f,1042.5,1042.5,1,79,left-3,left,left-dark,light-up,fewer-up,single,2026-02-13 23:27:31.6310000
2361,65ccca52871269168cc029b5,769.3000000119209,769.3000000119209,1,61,right-5,left,right-dark,dark-up,fewer-up,single,2026-02-13 23:27:31.8240000
2362,65ccca52871269168cc029b5,736,736,1,62,left-1,right,left-dark,light-up,greater-up,single,2026-02-13 23:27:33.0640000
2363,65ccca52871269168cc029b5,1097.699999988079,1097.699999988079,1,63,right-7,right,right-dark,dark-up,greater-up,single,2026-02-13 23:27:34.6650000
2364,65ccca52871269168cc029b5,972.5999999940395,972.5999999940395,1,64,left-9,left,left-dark,light-up,fewer-up,single,2026-02-13 23:27:36.1410000
2365,65ccca52871269168cc029b5,819.5,819.5,1,65,right-5,left,right-dark,light-up,greater-up,single,2026-02-13 23:27:37.4640000
2366,65ccca52871269168cc029b5,891.6999999880791,891.6999999880791,1,66,left-4,right,left-dark,dark-up,fewer-up,single,2026-02-13 23:27:38.8600000
2367,65ccca52871269168cc029b5,899.1999999880791,899.1999999880791,1,67,right-6,right,right-dark,dark-up,greater-up,single,2026-02-13 23:27:40.2640000
2368,5aebbea402d69a0001f1f487,13389.39999961853,13389.39999961853,1,59,left-4,right,left-dark,light-up,greater-up,single,2026-02-13 23:27:42.0310000
2369,65ccca52871269168cc029b5,898.7000000178814,898.7000000178814,1,68,right-5,right,right-dark,light-up,fewer-up,single,2026-02-13 23:27:41.6670000
2370,65ccca52871269168cc029b5,1876.300000011921,1876.300000011921,1,69,left-3,right,left-dark,light-up,greater-up,single,2026-02-13 23:27:44.0480000
2371,65ccca52871269168cc029b5,1307.4000000059605,1307.4000000059605,1,70,left-5,left,left-dark,dark-up,greater-up,single,2026-02-13 23:27:45.8590000
2372,5aebbea402d69a0001f1f487,1812.5999999046326,1812.5999999046326,1,60,right-9,right,right-dark,light-up,fewer-up,single,2026-02-13 23:27:47.4710000
2373,65ccca52871269168cc029b5,839.6999999880791,839.6999999880791,1,71,left-0,right,left-dark,light-up,greater-up,single,2026-02-13 23:27:47.2020000
2374,5aebbea402d69a0001f1f487,1265.5999999046326,1265.5999999046326,1,61,left-0,left,left-dark,dark-up,greater-up,single,2026-02-13 23:27:49.2390000
2375,65ccca52871269168cc029b5,989.8999999761581,989.8999999761581,1,72,right-0,left,right-dark,dark-up,fewer-up,single,2026-02-13 23:27:48.6950000
2376,65ccca52871269168cc029b5,962.3000000119209,962.3000000119209,1,73,left-3,left,left-dark,light-up,fewer-up,single,2026-02-13 23:27:50.1630000
2377,5aebbea402d69a0001f1f487,1345.5999999046326,1345.5999999046326,1,62,right-2,left,right-dark,light-up,greater-up,single,2026-02-13 23:27:51.0950000
2378,65ccca52871269168cc029b5,1167.2000000178814,1167.2000000178814,1,74,left-0,left,left-dark,light-up,fewer-up,single,2026-02-13 23:27:51.8340000
2379,5aebbea402d69a0001f1f487,1234.5999999046326,1234.5999999046326,1,63,left-8,right,left-dark,light-up,greater-up,single,2026-02-13 23:27:52.8390000
2380,65ccca52871269168cc029b5,1086.5,1086.5,1,75,right-3,left,right-dark,dark-up,fewer-up,single,2026-02-13 23:27:53.4250000
2381,65ccca52871269168cc029b5,818.6999999880791,818.6999999880791,1,76,right-6,right,right-dark,light-up,fewer-up,single,2026-02-13 23:27:54.7480000
2382,5aebbea402d69a0001f1f487,2432.9000000953674,2432.9000000953674,1,64,right-7,left,right-dark,dark-up,fewer-up,single,2026-02-13 23:27:55.7880000
2383,65ccca52871269168cc029b5,1086.4000000059605,1086.4000000059605,1,77,left-9,left,left-dark,dark-up,greater-up,single,2026-02-13 23:27:56.3380000
2384,5aebbea402d69a0001f1f487,1319.3999996185303,1319.3999996185303,1,65,right-3,right,right-dark,dark-up,greater-up,single,2026-02-13 23:27:57.6230000
2385,65ccca52871269168cc029b5,1024.9000000059605,1024.9000000059605,1,78,left-9,right,left-dark,light-up,greater-up,single,2026-02-13 23:27:57.8690000
2386,5aebbea402d69a0001f1f487,1617.0999999046326,1617.0999999046326,1,66,right-4,right,right-dark,light-up,fewer-up,single,2026-02-13 23:27:59.7430000
2387,65ccca52871269168cc029b5,850.0999999940395,850.0999999940395,1,79,right-9,right,right-dark,light-up,fewer-up,single,2026-02-13 23:27:59.2220000
2388,5aebbea402d69a0001f1f487,1980.5,1980.5,1,67,left-4,left,left-dark,dark-up,greater-up,single,2026-02-13 23:28:02.2310000
2389,5aebbea402d69a0001f1f487,2576.0999999046326,2576.0999999046326,1,68,left-9,left,left-dark,light-up,fewer-up,single,2026-02-13 23:28:05.3200000
2390,5aebbea402d69a0001f1f487,2985.4000000953674,2985.4000000953674,1,69,right-2,left,right-dark,dark-up,fewer-up,single,2026-02-13 23:28:08.8070000
2391,5aebbea402d69a0001f1f487,8062.400000095367,8062.400000095367,1,70,left-6,right,left-dark,dark-up,fewer-up,single,2026-02-13 23:28:17.3810000
2392,5aebbea402d69a0001f1f487,1803.5999999046326,1803.5999999046326,1,71,left-8,left,left-dark,dark-up,greater-up,single,2026-02-13 23:28:19.6860000
2393,5aebbea402d69a0001f1f487,3522.5999999046326,3522.5999999046326,1,72,right-9,left,right-dark,light-up,greater-up,single,2026-02-13 23:28:23.7110000
2394,5aebbea402d69a0001f1f487,2240.300000190735,2240.300000190735,1,73,left-0,right,left-dark,dark-up,fewer-up,single,2026-02-13 23:28:26.4540000
2395,5aebbea402d69a0001f1f487,1582.5999999046326,1582.5999999046326,1,74,right-7,right,right-dark,dark-up,greater-up,single,2026-02-13 23:28:28.5520000
2396,5aebbea402d69a0001f1f487,2005.1999998092651,2005.1999998092651,1,75,right-3,left,right-dark,dark-up,fewer-up,single,2026-02-13 23:28:31.0630000
2397,5aebbea402d69a0001f1f487,10781.300000190735,10781.300000190735,1,76,right-0,right,right-dark,dark-up,greater-up,single,2026-02-13 23:28:42.3590000
2398,5aebbea402d69a0001f1f487,1670.0999999046326,1670.0999999046326,1,77,right-0,left,right-dark,dark-up,fewer-up,single,2026-02-13 23:28:44.5350000
2399,5aebbea402d69a0001f1f487,1453.4000000953674,1453.4000000953674,1,78,right-3,left,right-dark,light-up,greater-up,single,2026-02-13 23:28:46.4950000
2400,5aebbea402d69a0001f1f487,1586.8999996185303,1586.8999996185303,1,79,right-1,right,right-dark,dark-up,greater-up,single,2026-02-13 23:28:48.5970000
2401,6980e62c2e406af9a4bd1fb0,1870.5999999940395,1870.5999999940395,1,0,left-1,left,left-dark,light-up,fewer-up,single,2026-02-14 01:33:57.9010000
2402,6980e62c2e406af9a4bd1fb0,970.2999999821186,970.2999999821186,1,1,left-9,left,left-dark,light-up,fewer-up,single,2026-02-14 01:33:59.3830000
2403,6980e62c2e406af9a4bd1fb0,1219.5,1219.5,1,2,right-4,left,right-dark,light-up,greater-up,single,2026-02-14 01:34:01.1180000
2404,6980e62c2e406af9a4bd1fb0,969.8000000119209,969.8000000119209,1,3,right-3,left,right-dark,light-up,greater-up,single,2026-02-14 01:34:02.5990000
2405,6980e62c2e406af9a4bd1fb0,767.5999999940395,767.5999999940395,1,4,right-1,right,right-dark,dark-up,greater-up,single,2026-02-14 01:34:03.8750000
2406,6980e62c2e406af9a4bd1fb0,1423.7999999821186,1423.7999999821186,1,5,left-3,right,left-dark,dark-up,fewer-up,single,2026-02-14 01:34:05.8140000
2407,6980e62c2e406af9a4bd1fb0,1312.199999988079,1312.199999988079,1,6,right-8,right,right-dark,light-up,fewer-up,single,2026-02-14 01:34:07.6370000
2408,6980e62c2e406af9a4bd1fb0,1288,1288,1,7,right-1,left,right-dark,light-up,greater-up,single,2026-02-14 01:34:09.4380000
2409,6980e62c2e406af9a4bd1fb0,1308.300000011921,1308.300000011921,1,8,left-8,right,left-dark,dark-up,fewer-up,single,2026-02-14 01:34:11.2580000
2410,6980e62c2e406af9a4bd1fb0,2345.9000000059605,2345.9000000059605,1,9,left-9,right,left-dark,dark-up,fewer-up,single,2026-02-14 01:34:14.1060000
2411,6980e62c2e406af9a4bd1fb0,1429.800000011921,1429.800000011921,1,10,left-4,right,left-dark,light-up,greater-up,single,2026-02-14 01:34:16.0490000
2412,6980e62c2e406af9a4bd1fb0,1902.5,1902.5,1,11,right-4,right,right-dark,light-up,fewer-up,single,2026-02-14 01:34:18.4640000
2413,6980e62c2e406af9a4bd1fb0,963.9000000059605,963.9000000059605,1,12,right-6,left,right-dark,light-up,greater-up,single,2026-02-14 01:34:19.9430000
2414,6980e62c2e406af9a4bd1fb0,744.0999999940395,744.0999999940395,0,13,left-5,right,left-dark,dark-up,greater-up,single,2026-02-14 01:34:21.2040000
2415,6980e62c2e406af9a4bd1fb0,776.8000000119209,776.8000000119209,1,14,right-6,right,right-dark,dark-up,greater-up,single,2026-02-14 01:34:23.5060000
2416,6980e62c2e406af9a4bd1fb0,835.0999999940395,835.0999999940395,1,15,right-0,right,right-dark,dark-up,greater-up,single,2026-02-14 01:34:24.8450000
2417,6980e62c2e406af9a4bd1fb0,887.0999999940395,887.0999999940395,1,16,left-7,left,left-dark,dark-up,greater-up,single,2026-02-14 01:34:26.2400000
2418,6980e62c2e406af9a4bd1fb0,814.7999999821186,814.7999999821186,1,17,right-5,right,right-dark,dark-up,greater-up,single,2026-02-14 01:34:27.5720000
2419,6980e62c2e406af9a4bd1fb0,1365.699999988079,1365.699999988079,1,18,right-1,right,right-dark,light-up,fewer-up,single,2026-02-14 01:34:29.4490000
2420,6980e62c2e406af9a4bd1fb0,1053.199999988079,1053.199999988079,1,19,right-6,left,right-dark,dark-up,fewer-up,single,2026-02-14 01:34:31.0180000
2421,6980e62c2e406af9a4bd1fb0,1266.9000000059605,1266.9000000059605,1,20,right-0,left,right-dark,light-up,greater-up,single,2026-02-14 01:34:35.3390000
2422,6980e62c2e406af9a4bd1fb0,1393.300000011921,1393.300000011921,0,21,right-6,left,right-dark,light-up,fewer-up,single,2026-02-14 01:34:37.2410000
2423,6980e62c2e406af9a4bd1fb0,877.3000000119209,877.3000000119209,1,22,left-9,left,left-dark,dark-up,greater-up,single,2026-02-14 01:34:39.6370000
2424,6980e62c2e406af9a4bd1fb0,1282.2999999821186,1282.2999999821186,1,23,right-8,left,right-dark,light-up,greater-up,single,2026-02-14 01:34:41.4300000
2425,6980e62c2e406af9a4bd1fb0,996.5,996.5,1,24,right-7,right,right-dark,light-up,fewer-up,single,2026-02-14 01:34:42.9400000
2426,6980e62c2e406af9a4bd1fb0,1007,1007,1,25,right-7,left,right-dark,dark-up,fewer-up,single,2026-02-14 01:34:44.4500000
2427,6980e62c2e406af9a4bd1fb0,830.5999999940395,830.5999999940395,1,26,right-3,right,right-dark,dark-up,greater-up,single,2026-02-14 01:34:45.7850000
2428,6980e62c2e406af9a4bd1fb0,1531,1531,1,27,left-6,left,left-dark,light-up,fewer-up,single,2026-02-14 01:34:47.8240000
2429,6980e62c2e406af9a4bd1fb0,780.4000000059605,780.4000000059605,1,28,right-4,right,right-dark,dark-up,greater-up,single,2026-02-14 01:34:49.1100000
2430,6980e62c2e406af9a4bd1fb0,1204.0999999940395,1204.0999999940395,1,29,left-0,right,left-dark,dark-up,fewer-up,single,2026-02-14 01:34:50.8170000
2431,6980e62c2e406af9a4bd1fb0,1051.9000000059605,1051.9000000059605,1,30,right-9,left,right-dark,light-up,greater-up,single,2026-02-14 01:34:52.3850000
2432,6980e62c2e406af9a4bd1fb0,935.0999999940395,935.0999999940395,1,31,left-1,right,left-dark,light-up,greater-up,single,2026-02-14 01:34:53.8400000
2433,6980e62c2e406af9a4bd1fb0,1227,1227,1,32,right-2,right,right-dark,light-up,fewer-up,single,2026-02-14 01:34:55.5820000
2434,6980e62c2e406af9a4bd1fb0,2086.300000011921,2086.300000011921,1,33,left-7,right,left-dark,dark-up,fewer-up,single,2026-02-14 01:34:58.1810000
2435,6980e62c2e406af9a4bd1fb0,1152,1152,1,34,left-0,left,left-dark,dark-up,greater-up,single,2026-02-14 01:34:59.8510000
2436,6980e62c2e406af9a4bd1fb0,1075.300000011921,1075.300000011921,1,35,right-5,right,right-dark,light-up,fewer-up,single,2026-02-14 01:35:01.4430000
2437,6980e62c2e406af9a4bd1fb0,1190.5,1190.5,1,36,left-7,right,left-dark,light-up,greater-up,single,2026-02-14 01:35:03.1480000
2438,6980e62c2e406af9a4bd1fb0,933.3999999761581,933.3999999761581,1,37,left-9,right,left-dark,light-up,greater-up,single,2026-02-14 01:35:04.5870000
2439,6980e62c2e406af9a4bd1fb0,1184.7999999821186,1184.7999999821186,1,38,right-7,left,right-dark,light-up,greater-up,single,2026-02-14 01:35:06.2770000
2440,6980e62c2e406af9a4bd1fb0,1193.5,1193.5,1,39,right-3,right,right-dark,light-up,fewer-up,single,2026-02-14 01:35:07.9850000
2441,6980e62c2e406af9a4bd1fb0,1454.699999988079,1454.699999988079,1,40,right-2,left,right-dark,dark-up,fewer-up,single,2026-02-14 01:35:12.8980000
2442,6980e62c2e406af9a4bd1fb0,1303.199999988079,1303.199999988079,1,41,left-8,left,left-dark,light-up,fewer-up,single,2026-02-14 01:35:14.7190000
2443,6980e62c2e406af9a4bd1fb0,934.2000000178814,934.2000000178814,1,42,left-2,right,left-dark,light-up,greater-up,single,2026-02-14 01:35:16.1700000
2444,6980e62c2e406af9a4bd1fb0,786.1000000238419,786.1000000238419,1,43,left-8,left,left-dark,dark-up,greater-up,single,2026-02-14 01:35:17.4630000
2445,6980e62c2e406af9a4bd1fb0,1406.699999988079,1406.699999988079,1,44,left-5,left,left-dark,light-up,fewer-up,single,2026-02-14 01:35:19.3740000
2446,6980e62c2e406af9a4bd1fb0,966.3000000119209,966.3000000119209,1,45,right-5,left,right-dark,light-up,greater-up,single,2026-02-14 01:35:20.8430000
2447,6980e62c2e406af9a4bd1fb0,1185.699999988079,1185.699999988079,1,46,left-4,left,left-dark,light-up,fewer-up,single,2026-02-14 01:35:22.5420000
2448,6980e62c2e406af9a4bd1fb0,877.0999999940395,877.0999999940395,1,47,right-0,right,right-dark,light-up,fewer-up,single,2026-02-14 01:35:23.9280000
2449,6980e62c2e406af9a4bd1fb0,758.5,758.5,1,48,right-9,right,right-dark,dark-up,greater-up,single,2026-02-14 01:35:25.1940000
2450,6980e62c2e406af9a4bd1fb0,798.3000000119209,798.3000000119209,1,49,left-8,right,left-dark,light-up,greater-up,single,2026-02-14 01:35:26.5030000
2451,6980e62c2e406af9a4bd1fb0,762.1999999880791,762.1999999880791,1,50,left-6,right,left-dark,light-up,greater-up,single,2026-02-14 01:35:27.7700000
2452,6980e62c2e406af9a4bd1fb0,864.5,864.5,1,51,left-4,right,left-dark,dark-up,fewer-up,single,2026-02-14 01:35:29.1510000
2453,6980e62c2e406af9a4bd1fb0,945.1000000238419,945.1000000238419,1,52,right-5,left,right-dark,dark-up,fewer-up,single,2026-02-14 01:35:30.6070000
2454,6980e62c2e406af9a4bd1fb0,867.3000000119209,867.3000000119209,0,53,left-7,right,left-dark,light-up,fewer-up,single,2026-02-14 01:35:31.9890000
2455,6980e62c2e406af9a4bd1fb0,1619.4000000059605,1619.4000000059605,1,54,left-5,right,left-dark,dark-up,fewer-up,single,2026-02-14 01:35:35.1170000
2456,6980e62c2e406af9a4bd1fb0,771,771,1,55,right-8,right,right-dark,dark-up,greater-up,single,2026-02-14 01:35:36.3920000
2457,6980e62c2e406af9a4bd1fb0,873.1999999880791,873.1999999880791,1,56,left-3,left,left-dark,light-up,fewer-up,single,2026-02-14 01:35:37.7810000
2458,6980e62c2e406af9a4bd1fb0,946.0999999940395,946.0999999940395,1,57,left-5,right,left-dark,light-up,greater-up,single,2026-02-14 01:35:39.2380000
2459,6980e62c2e406af9a4bd1fb0,744.2999999821186,744.2999999821186,1,58,right-2,left,right-dark,light-up,greater-up,single,2026-02-14 01:35:40.5000000
2460,6980e62c2e406af9a4bd1fb0,865.6999999880791,865.6999999880791,1,59,right-2,right,right-dark,dark-up,greater-up,single,2026-02-14 01:35:41.8810000
2461,6980e62c2e406af9a4bd1fb0,1309.0999999940395,1309.0999999940395,1,60,left-4,left,left-dark,dark-up,greater-up,single,2026-02-14 01:38:17.2120000
2462,6980e62c2e406af9a4bd1fb0,736.7999999821186,736.7999999821186,1,61,right-7,right,right-dark,dark-up,greater-up,single,2026-02-14 01:38:18.4590000
2463,6980e62c2e406af9a4bd1fb0,741,741,1,62,left-3,left,left-dark,dark-up,greater-up,single,2026-02-14 01:38:19.7070000
2464,6980e62c2e406af9a4bd1fb0,833.4000000059605,833.4000000059605,1,63,left-3,right,left-dark,light-up,greater-up,single,2026-02-14 01:38:21.0450000
2465,6980e62c2e406af9a4bd1fb0,818,818,1,64,left-0,right,left-dark,light-up,greater-up,single,2026-02-14 01:38:22.3690000
2466,6980e62c2e406af9a4bd1fb0,1388.0999999940395,1388.0999999940395,1,65,left-6,right,left-dark,dark-up,fewer-up,single,2026-02-14 01:38:24.2680000
2467,6980e62c2e406af9a4bd1fb0,1061.7999999821186,1061.7999999821186,1,66,left-2,right,left-dark,dark-up,fewer-up,single,2026-02-14 01:38:25.8330000
2468,6980e62c2e406af9a4bd1fb0,1219.5,1219.5,1,67,left-6,left,left-dark,dark-up,greater-up,single,2026-02-14 01:38:27.5710000
2469,6980e62c2e406af9a4bd1fb0,1055.199999988079,1055.199999988079,1,68,right-0,left,right-dark,dark-up,fewer-up,single,2026-02-14 01:38:29.1390000
2470,6980e62c2e406af9a4bd1fb0,917.9000000059605,917.9000000059605,1,69,right-8,left,right-dark,dark-up,fewer-up,single,2026-02-14 01:38:30.5730000
2471,6980e62c2e406af9a4bd1fb0,1167.3999999761581,1167.3999999761581,1,70,right-3,left,right-dark,dark-up,fewer-up,single,2026-02-14 01:38:32.2500000
2472,6980e62c2e406af9a4bd1fb0,1048.800000011921,1048.800000011921,1,71,left-2,left,left-dark,dark-up,greater-up,single,2026-02-14 01:38:33.8050000
2473,6980e62c2e406af9a4bd1fb0,1036.2999999821186,1036.2999999821186,1,72,right-4,left,right-dark,dark-up,fewer-up,single,2026-02-14 01:38:35.3570000
2474,6980e62c2e406af9a4bd1fb0,1165.2999999821186,1165.2999999821186,1,73,left-1,left,left-dark,dark-up,greater-up,single,2026-02-14 01:38:37.0400000
2475,6980e62c2e406af9a4bd1fb0,1260.8999999761581,1260.8999999761581,1,74,left-2,left,left-dark,light-up,fewer-up,single,2026-02-14 01:38:38.8030000
2476,6980e62c2e406af9a4bd1fb0,1508.199999988079,1508.199999988079,1,75,right-9,left,right-dark,dark-up,fewer-up,single,2026-02-14 01:38:40.8230000
2477,6980e62c2e406af9a4bd1fb0,1199.199999988079,1199.199999988079,1,76,left-0,left,left-dark,light-up,fewer-up,single,2026-02-14 01:38:42.5370000
2478,6980e62c2e406af9a4bd1fb0,1404.4000000059605,1404.4000000059605,1,77,right-9,right,right-dark,light-up,fewer-up,single,2026-02-14 01:38:44.4470000
2479,6980e62c2e406af9a4bd1fb0,1255.7000000178814,1255.7000000178814,1,78,right-1,left,right-dark,dark-up,fewer-up,single,2026-02-14 01:38:46.2180000
2480,6980e62c2e406af9a4bd1fb0,1359.5999999940395,1359.5999999940395,1,79,left-1,right,left-dark,dark-up,fewer-up,single,2026-02-14 01:38:48.0930000
2481,694cbb08da7aaa317d9c2853,3734,3734,1,0,right-3,right,right-dark,dark-up,greater-up,dual,2026-02-14 02:47:43.5380000
2482,694cbb08da7aaa317d9c2853,1837,1837,1,1,right-9,right,right-dark,dark-up,greater-up,dual,2026-02-14 02:47:45.8810000
2483,694cbb08da7aaa317d9c2853,1634,1634,1,2,right-1,right,right-dark,dark-up,greater-up,dual,2026-02-14 02:47:48.0230000
2484,694cbb08da7aaa317d9c2853,1636,1636,1,3,left-2,left,left-dark,dark-up,greater-up,dual,2026-02-14 02:47:50.1610000
2485,5848ad3bdb871400012da095,948.5,948.5,0,0,right-2,right,right-dark,light-up,greater-up,dual,2026-02-14 02:47:52.1330000
2486,694cbb08da7aaa317d9c2853,2523,2523,1,4,left-8,right,left-dark,light-up,greater-up,dual,2026-02-14 02:47:53.1880000
2487,5848ad3bdb871400012da095,989.3999999761581,989.3999999761581,1,1,right-9,right,right-dark,light-up,fewer-up,dual,2026-02-14 02:47:54.6570000
2488,694cbb08da7aaa317d9c2853,1606,1606,1,5,left-9,left,left-dark,light-up,fewer-up,dual,2026-02-14 02:47:55.3010000
2489,5848ad3bdb871400012da095,1244.300000011921,1244.300000011921,1,2,right-5,right,right-dark,light-up,fewer-up,dual,2026-02-14 02:47:56.4180000
2490,694cbb08da7aaa317d9c2853,2120,2120,1,6,left-3,right,left-dark,dark-up,fewer-up,dual,2026-02-14 02:47:57.9260000
2491,5848ad3bdb871400012da095,1034.5999999642372,1034.5999999642372,1,3,right-5,right,right-dark,dark-up,greater-up,dual,2026-02-14 02:47:57.9700000
2492,694cbb08da7aaa317d9c2853,1658,1658,1,7,left-7,left,left-dark,dark-up,greater-up,dual,2026-02-14 02:48:00.0860000
2493,5848ad3bdb871400012da095,1564,1564,0,4,left-5,left,left-dark,dark-up,fewer-up,dual,2026-02-14 02:48:00.0500000
2494,694cbb08da7aaa317d9c2853,1156,1156,1,8,right-6,right,right-dark,dark-up,greater-up,dual,2026-02-14 02:48:01.7490000
2495,5848ad3bdb871400012da095,566.0999999642372,566.0999999642372,0,5,right-1,right,right-dark,dark-up,fewer-up,dual,2026-02-14 02:48:02.1360000
2496,694cbb08da7aaa317d9c2853,2130,2130,1,9,left-5,right,left-dark,dark-up,fewer-up,dual,2026-02-14 02:48:04.3830000
2497,5848ad3bdb871400012da095,551.2999999523163,551.2999999523163,1,6,left-3,left,left-dark,dark-up,greater-up,dual,2026-02-14 02:48:04.2230000
2498,5848ad3bdb871400012da095,1035.8999999761581,1035.8999999761581,1,7,left-0,left,left-dark,light-up,fewer-up,dual,2026-02-14 02:48:05.7700000
2499,694cbb08da7aaa317d9c2853,1357,1357,1,10,right-5,left,right-dark,light-up,greater-up,dual,2026-02-14 02:48:06.2430000
2500,5848ad3bdb871400012da095,1510.7000000476837,1510.7000000476837,1,8,left-7,left,left-dark,dark-up,greater-up,dual,2026-02-14 02:48:07.7940000
2501,694cbb08da7aaa317d9c2853,1628,1628,1,11,right-4,left,right-dark,light-up,greater-up,dual,2026-02-14 02:48:08.3780000
2502,5848ad3bdb871400012da095,1147,1147,0,9,right-4,right,right-dark,dark-up,fewer-up,dual,2026-02-14 02:48:09.4530000
2503,694cbb08da7aaa317d9c2853,1296,1296,1,12,right-8,right,right-dark,dark-up,greater-up,dual,2026-02-14 02:48:10.1770000
2504,694cbb08da7aaa317d9c2853,1325,1325,1,13,right-6,left,right-dark,dark-up,fewer-up,dual,2026-02-14 02:48:12.0060000
2505,5848ad3bdb871400012da095,699.8000000119209,699.8000000119209,0,10,left-1,left,left-dark,light-up,greater-up,dual,2026-02-14 02:48:11.6850000
2506,694cbb08da7aaa317d9c2853,1447,1447,1,14,right-8,left,right-dark,light-up,greater-up,dual,2026-02-14 02:48:13.9560000
2507,694cbb08da7aaa317d9c2853,1310,1310,1,15,right-2,right,right-dark,dark-up,greater-up,dual,2026-02-14 02:48:15.7740000
2508,5848ad3bdb871400012da095,2975.400000035763,2975.400000035763,0,11,left-3,left,left-dark,light-up,greater-up,dual,2026-02-14 02:48:16.1800000
2509,694cbb08da7aaa317d9c2853,1260,1260,1,16,right-4,right,right-dark,light-up,fewer-up,dual,2026-02-14 02:48:17.5410000
2510,694cbb08da7aaa317d9c2853,2021,2021,1,17,left-0,right,left-dark,light-up,greater-up,dual,2026-02-14 02:48:20.0660000
2511,5848ad3bdb871400012da095,2537.7999999523163,2537.7999999523163,0,12,left-8,left,left-dark,dark-up,fewer-up,dual,2026-02-14 02:48:20.2370000
2512,694cbb08da7aaa317d9c2853,1296,1296,1,18,left-9,left,left-dark,dark-up,greater-up,dual,2026-02-14 02:48:21.8640000
2513,694cbb08da7aaa317d9c2853,1176,1176,1,19,left-5,right,left-dark,light-up,greater-up,dual,2026-02-14 02:48:23.5420000
2514,5848ad3bdb871400012da095,3743.699999988079,3743.699999988079,1,13,right-4,right,right-dark,light-up,fewer-up,dual,2026-02-14 02:48:25.4970000
2515,5848ad3bdb871400012da095,2273.5,2273.5,1,14,right-9,left,right-dark,dark-up,fewer-up,dual,2026-02-14 02:48:28.2820000
2516,694cbb08da7aaa317d9c2853,2359,2359,1,20,right-5,left,right-dark,dark-up,fewer-up,dual,2026-02-14 02:48:30.6870000
2517,5848ad3bdb871400012da095,2093.100000023842,2093.100000023842,1,15,left-0,left,left-dark,dark-up,greater-up,dual,2026-02-14 02:48:30.8790000
2518,694cbb08da7aaa317d9c2853,1361,1361,1,21,left-6,right,left-dark,dark-up,fewer-up,dual,2026-02-14 02:48:32.5500000
2519,5848ad3bdb871400012da095,1936.8999999761581,1936.8999999761581,1,16,left-6,right,left-dark,dark-up,fewer-up,dual,2026-02-14 02:48:33.3340000
2520,694cbb08da7aaa317d9c2853,1322,1322,1,22,left-8,left,left-dark,dark-up,greater-up,dual,2026-02-14 02:48:34.3780000
2521,694cbb08da7aaa317d9c2853,1118,1118,1,23,left-2,left,left-dark,light-up,fewer-up,dual,2026-02-14 02:48:36.0030000
2522,5848ad3bdb871400012da095,1879.6000000238419,1879.6000000238419,1,17,left-0,right,left-dark,dark-up,fewer-up,dual,2026-02-14 02:48:35.7250000
2523,694cbb08da7aaa317d9c2853,1574,1574,1,24,left-4,right,left-dark,dark-up,fewer-up,dual,2026-02-14 02:48:38.0860000
2524,5848ad3bdb871400012da095,2568.7000000476837,2568.7000000476837,1,18,right-1,right,right-dark,dark-up,greater-up,dual,2026-02-14 02:48:38.8030000
2525,694cbb08da7aaa317d9c2853,1414,1414,1,25,left-7,right,left-dark,dark-up,fewer-up,dual,2026-02-14 02:48:40.0640000
2526,5848ad3bdb871400012da095,1509.2999999523163,1509.2999999523163,1,19,left-2,right,left-dark,dark-up,fewer-up,dual,2026-02-14 02:48:40.8170000
2527,694cbb08da7aaa317d9c2853,946,946,1,26,left-6,left,left-dark,light-up,fewer-up,dual,2026-02-14 02:48:41.5140000
2528,694cbb08da7aaa317d9c2853,1545,1545,1,27,left-5,left,left-dark,dark-up,greater-up,dual,2026-02-14 02:48:43.5680000
2529,694cbb08da7aaa317d9c2853,1884,1884,1,28,right-7,left,right-dark,light-up,greater-up,dual,2026-02-14 02:48:45.9560000
2530,694cbb08da7aaa317d9c2853,1462,1462,1,29,right-5,right,right-dark,light-up,fewer-up,dual,2026-02-14 02:48:47.9250000
2531,694cbb08da7aaa317d9c2853,1011,1011,1,30,right-7,right,right-dark,dark-up,greater-up,dual,2026-02-14 02:48:49.4380000
2532,694cbb08da7aaa317d9c2853,1861,1861,1,31,right-3,left,right-dark,light-up,greater-up,dual,2026-02-14 02:48:51.8020000
2533,694cbb08da7aaa317d9c2853,1901,1901,1,32,right-9,right,right-dark,light-up,fewer-up,dual,2026-02-14 02:48:54.2060000
2534,694cbb08da7aaa317d9c2853,1812,1812,1,33,right-5,right,right-dark,dark-up,greater-up,dual,2026-02-14 02:48:56.5260000
2535,5848ad3bdb871400012da095,1690.3999999761581,1690.3999999761581,1,20,left-6,left,left-dark,dark-up,greater-up,dual,2026-02-14 02:48:56.8950000
2536,694cbb08da7aaa317d9c2853,1047,1047,1,34,right-4,right,right-dark,dark-up,greater-up,dual,2026-02-14 02:48:58.0760000
2537,5848ad3bdb871400012da095,1371.699999988079,1371.699999988079,1,21,left-7,left,left-dark,light-up,fewer-up,dual,2026-02-14 02:48:58.7790000
2538,694cbb08da7aaa317d9c2853,1448,1448,1,35,left-4,left,left-dark,dark-up,greater-up,dual,2026-02-14 02:49:00.0310000
2539,5848ad3bdb871400012da095,1843.300000011921,1843.300000011921,1,22,left-0,right,left-dark,light-up,greater-up,dual,2026-02-14 02:49:01.1380000
2540,694cbb08da7aaa317d9c2853,1606,1606,0,36,right-2,right,right-dark,light-up,greater-up,dual,2026-02-14 02:49:02.1660000
2541,5848ad3bdb871400012da095,1458.199999988079,1458.199999988079,1,23,right-8,right,right-dark,light-up,fewer-up,dual,2026-02-14 02:49:03.1080000
2542,694cbb08da7aaa317d9c2853,1277,1277,1,37,right-7,left,right-dark,dark-up,fewer-up,dual,2026-02-14 02:49:04.9560000
2543,5848ad3bdb871400012da095,1378.3999999761581,1378.3999999761581,1,24,right-7,right,right-dark,dark-up,greater-up,dual,2026-02-14 02:49:05.0020000
2544,5848ad3bdb871400012da095,1311.5,1311.5,1,25,left-9,right,left-dark,dark-up,fewer-up,dual,2026-02-14 02:49:06.8260000
2545,694cbb08da7aaa317d9c2853,2242,2242,1,38,left-0,right,left-dark,dark-up,fewer-up,dual,2026-02-14 02:49:07.7060000
2546,5848ad3bdb871400012da095,1088,1088,1,26,left-3,right,left-dark,dark-up,fewer-up,dual,2026-02-14 02:49:08.4210000
2547,694cbb08da7aaa317d9c2853,1916,1916,1,39,left-3,left,left-dark,dark-up,greater-up,dual,2026-02-14 02:49:10.1240000
2548,5848ad3bdb871400012da095,1562.699999988079,1562.699999988079,1,27,right-6,left,right-dark,light-up,greater-up,dual,2026-02-14 02:49:10.5020000
2549,5848ad3bdb871400012da095,1763.1000000238419,1763.1000000238419,1,28,right-0,left,right-dark,dark-up,fewer-up,dual,2026-02-14 02:49:12.7730000
2550,5848ad3bdb871400012da095,932.2999999523163,932.2999999523163,1,29,right-5,left,right-dark,dark-up,fewer-up,dual,2026-02-14 02:49:14.2100000
2551,694cbb08da7aaa317d9c2853,1365,1365,1,40,left-7,right,left-dark,light-up,greater-up,dual,2026-02-14 02:49:16.1990000
2552,5848ad3bdb871400012da095,2636.100000023842,2636.100000023842,1,30,left-4,left,left-dark,light-up,fewer-up,dual,2026-02-14 02:49:17.3580000
2553,694cbb08da7aaa317d9c2853,1392,1392,1,41,right-1,right,right-dark,light-up,fewer-up,dual,2026-02-14 02:49:18.0940000
2554,5848ad3bdb871400012da095,1391,1391,1,31,left-7,right,left-dark,light-up,greater-up,dual,2026-02-14 02:49:19.2540000
2555,694cbb08da7aaa317d9c2853,1760,1760,1,42,right-7,right,right-dark,light-up,fewer-up,dual,2026-02-14 02:49:20.3570000
2556,694cbb08da7aaa317d9c2853,1004,1004,1,43,left-0,left,left-dark,dark-up,greater-up,dual,2026-02-14 02:49:21.8690000
2557,5848ad3bdb871400012da095,2640.7999999523163,2640.7999999523163,1,32,right-3,right,right-dark,dark-up,greater-up,dual,2026-02-14 02:49:22.4040000
2558,694cbb08da7aaa317d9c2853,1252,1252,1,44,left-3,left,left-dark,light-up,fewer-up,dual,2026-02-14 02:49:23.6270000
2559,5848ad3bdb871400012da095,1397,1397,1,33,left-3,left,left-dark,light-up,fewer-up,dual,2026-02-14 02:49:24.3180000
2560,694cbb08da7aaa317d9c2853,1006,1006,1,45,right-8,right,right-dark,light-up,fewer-up,dual,2026-02-14 02:49:25.1370000
2561,5848ad3bdb871400012da095,1381.5999999642372,1381.5999999642372,1,34,right-8,left,right-dark,light-up,greater-up,dual,2026-02-14 02:49:26.2150000
2562,694cbb08da7aaa317d9c2853,1120,1120,1,46,right-9,left,right-dark,dark-up,fewer-up,dual,2026-02-14 02:49:26.7610000
2563,694cbb08da7aaa317d9c2853,1398,1398,1,47,right-8,left,right-dark,dark-up,fewer-up,dual,2026-02-14 02:49:28.6670000
2564,5848ad3bdb871400012da095,2041.9000000357628,2041.9000000357628,1,35,left-5,left,left-dark,dark-up,greater-up,dual,2026-02-14 02:49:28.7650000
2565,694cbb08da7aaa317d9c2853,1027,1027,1,48,left-1,left,left-dark,dark-up,greater-up,dual,2026-02-14 02:49:30.1970000
2566,5848ad3bdb871400012da095,1191,1191,1,36,left-8,left,left-dark,dark-up,greater-up,dual,2026-02-14 02:49:30.4620000
2567,694cbb08da7aaa317d9c2853,2091,2091,1,49,left-4,right,left-dark,light-up,greater-up,dual,2026-02-14 02:49:32.7950000
2568,5848ad3bdb871400012da095,1600.5999999642372,1600.5999999642372,1,37,right-9,right,right-dark,dark-up,greater-up,dual,2026-02-14 02:49:32.5700000
2569,694cbb08da7aaa317d9c2853,969,969,1,50,left-1,left,left-dark,light-up,fewer-up,dual,2026-02-14 02:49:34.2700000
2570,5848ad3bdb871400012da095,1358.800000011921,1358.800000011921,1,38,left-2,right,left-dark,light-up,greater-up,dual,2026-02-14 02:49:34.4320000
2571,694cbb08da7aaa317d9c2853,1368,1368,1,51,left-7,left,left-dark,light-up,fewer-up,dual,2026-02-14 02:49:36.1670000
2572,5848ad3bdb871400012da095,1282.300000011921,1282.300000011921,0,39,right-0,left,right-dark,dark-up,greater-up,dual,2026-02-14 02:49:36.2230000
2573,694cbb08da7aaa317d9c2853,1092,1092,1,52,right-0,left,right-dark,dark-up,fewer-up,dual,2026-02-14 02:49:37.7660000
2574,694cbb08da7aaa317d9c2853,1939,1939,1,53,right-3,right,right-dark,light-up,fewer-up,dual,2026-02-14 02:49:40.2060000
2575,694cbb08da7aaa317d9c2853,1208,1208,1,54,right-2,right,right-dark,light-up,fewer-up,dual,2026-02-14 02:49:41.9170000
2576,694cbb08da7aaa317d9c2853,1765,1765,1,55,right-4,left,right-dark,dark-up,fewer-up,dual,2026-02-14 02:49:44.1860000
2577,694cbb08da7aaa317d9c2853,1284,1284,1,56,right-9,left,right-dark,light-up,greater-up,dual,2026-02-14 02:49:45.9740000
2578,694cbb08da7aaa317d9c2853,1599,1599,1,57,left-4,left,left-dark,light-up,fewer-up,dual,2026-02-14 02:49:48.0760000
2579,694cbb08da7aaa317d9c2853,1168,1168,1,58,left-9,right,left-dark,light-up,greater-up,dual,2026-02-14 02:49:49.7470000
2580,694cbb08da7aaa317d9c2853,1611,1611,1,59,right-3,left,right-dark,dark-up,fewer-up,dual,2026-02-14 02:49:51.8650000
2581,694cbb08da7aaa317d9c2853,1285,1285,1,60,left-6,right,left-dark,light-up,greater-up,dual,2026-02-14 02:49:58.0440000
2582,694cbb08da7aaa317d9c2853,1222,1222,1,61,left-2,right,left-dark,dark-up,fewer-up,dual,2026-02-14 02:49:59.7690000
2583,694cbb08da7aaa317d9c2853,1742,1742,1,62,right-1,left,right-dark,light-up,greater-up,dual,2026-02-14 02:50:02.0670000
2584,694cbb08da7aaa317d9c2853,1563,1563,1,63,left-1,right,left-dark,dark-up,fewer-up,dual,2026-02-14 02:50:04.1380000
2585,694cbb08da7aaa317d9c2853,1457,1457,1,64,left-8,left,left-dark,light-up,fewer-up,dual,2026-02-14 02:50:06.0970000
2586,694cbb08da7aaa317d9c2853,924,924,1,65,left-0,left,left-dark,light-up,fewer-up,dual,2026-02-14 02:50:07.5700000
2587,694cbb08da7aaa317d9c2853,1644,1644,1,66,right-0,right,right-dark,dark-up,greater-up,dual,2026-02-14 02:50:09.7170000
2588,694cbb08da7aaa317d9c2853,1149,1149,1,67,left-8,right,left-dark,dark-up,fewer-up,dual,2026-02-14 02:50:11.3690000
2589,694cbb08da7aaa317d9c2853,1978,1978,1,68,left-5,left,left-dark,light-up,fewer-up,dual,2026-02-14 02:50:13.8550000
2590,694cbb08da7aaa317d9c2853,867,867,1,69,right-6,right,right-dark,light-up,fewer-up,dual,2026-02-14 02:50:15.2250000
2591,694cbb08da7aaa317d9c2853,1564,1564,0,70,right-0,right,right-dark,light-up,greater-up,dual,2026-02-14 02:50:17.2980000
2592,694cbb08da7aaa317d9c2853,995,995,1,71,right-6,left,right-dark,light-up,greater-up,dual,2026-02-14 02:50:19.8050000
2593,694cbb08da7aaa317d9c2853,1296,1296,1,72,left-3,right,left-dark,light-up,greater-up,dual,2026-02-14 02:50:21.6040000
2594,694cbb08da7aaa317d9c2853,949,949,1,73,left-2,right,left-dark,light-up,greater-up,dual,2026-02-14 02:50:23.0560000
2595,694cbb08da7aaa317d9c2853,1712,1712,1,74,left-9,right,left-dark,dark-up,fewer-up,dual,2026-02-14 02:50:25.2770000
2596,694cbb08da7aaa317d9c2853,1164,1164,1,75,left-1,right,left-dark,light-up,greater-up,dual,2026-02-14 02:50:26.9440000
2597,694cbb08da7aaa317d9c2853,1399,1399,1,76,right-0,right,right-dark,light-up,fewer-up,dual,2026-02-14 02:50:28.8480000
2598,694cbb08da7aaa317d9c2853,1186,1186,1,77,right-1,left,right-dark,dark-up,fewer-up,dual,2026-02-14 02:50:30.5370000
2599,5848ad3bdb871400012da095,1066.699999988079,1066.699999988079,1,40,right-8,right,right-dark,dark-up,greater-up,dual,2026-02-14 02:50:30.3790000
2600,5848ad3bdb871400012da095,1474.9000000357628,1474.9000000357628,1,41,left-1,left,left-dark,dark-up,greater-up,dual,2026-02-14 02:50:32.3630000
2601,694cbb08da7aaa317d9c2853,1746,1746,1,78,left-6,left,left-dark,dark-up,greater-up,dual,2026-02-14 02:50:32.7910000
2602,5848ad3bdb871400012da095,1097.699999988079,1097.699999988079,1,42,left-4,left,left-dark,dark-up,greater-up,dual,2026-02-14 02:50:33.9740000
2603,694cbb08da7aaa317d9c2853,1127,1127,1,79,right-2,left,right-dark,dark-up,fewer-up,dual,2026-02-14 02:50:34.4250000
2604,5848ad3bdb871400012da095,1122.800000011921,1122.800000011921,1,43,left-4,right,left-dark,dark-up,fewer-up,dual,2026-02-14 02:50:35.6120000
2605,5848ad3bdb871400012da095,2196.199999988079,2196.199999988079,1,44,right-8,left,right-dark,dark-up,fewer-up,dual,2026-02-14 02:50:38.3240000
2606,5848ad3bdb871400012da095,1916.699999988079,1916.699999988079,1,45,left-2,left,left-dark,light-up,fewer-up,dual,2026-02-14 02:50:40.7460000
2607,5848ad3bdb871400012da095,1581.4000000357628,1581.4000000357628,1,46,right-2,right,right-dark,light-up,fewer-up,dual,2026-02-14 02:50:42.8430000
2608,5848ad3bdb871400012da095,1169.2000000476837,1169.2000000476837,1,47,right-4,right,right-dark,dark-up,greater-up,dual,2026-02-14 02:50:44.5230000
2609,5848ad3bdb871400012da095,1133.5,1133.5,1,48,left-1,left,left-dark,light-up,fewer-up,dual,2026-02-14 02:50:46.1690000
2610,5848ad3bdb871400012da095,1377.0999999642372,1377.0999999642372,1,49,right-3,left,right-dark,light-up,greater-up,dual,2026-02-14 02:50:48.0570000
2611,5848ad3bdb871400012da095,1745.6000000238419,1745.6000000238419,1,50,left-5,left,left-dark,light-up,fewer-up,dual,2026-02-14 02:50:50.3200000
2612,5848ad3bdb871400012da095,1527.800000011921,1527.800000011921,1,51,left-2,left,left-dark,dark-up,greater-up,dual,2026-02-14 02:50:52.3520000
2613,5848ad3bdb871400012da095,2084.5,2084.5,1,52,right-0,left,right-dark,light-up,greater-up,dual,2026-02-14 02:50:54.9390000
2614,5848ad3bdb871400012da095,1602.0999999642372,1602.0999999642372,1,53,right-6,right,right-dark,dark-up,greater-up,dual,2026-02-14 02:50:57.0590000
2615,5848ad3bdb871400012da095,2016.199999988079,2016.199999988079,1,54,right-5,left,right-dark,light-up,greater-up,dual,2026-02-14 02:50:59.5810000
2616,5848ad3bdb871400012da095,2741.7000000476837,2741.7000000476837,1,55,right-3,right,right-dark,light-up,fewer-up,dual,2026-02-14 02:51:02.8370000
2617,5848ad3bdb871400012da095,2279.899999976158,2279.899999976158,1,56,right-0,right,right-dark,light-up,fewer-up,dual,2026-02-14 02:51:05.6210000
2618,5848ad3bdb871400012da095,1206.800000011921,1206.800000011921,1,57,right-1,right,right-dark,light-up,fewer-up,dual,2026-02-14 02:51:07.3460000
2619,5848ad3bdb871400012da095,1410.5999999642372,1410.5999999642372,1,58,right-9,left,right-dark,light-up,greater-up,dual,2026-02-14 02:51:09.2610000
2620,5848ad3bdb871400012da095,1133.800000011921,1133.800000011921,1,59,left-5,right,left-dark,light-up,greater-up,dual,2026-02-14 02:51:10.9080000
2621,5848ad3bdb871400012da095,1784.699999988079,1784.699999988079,1,60,right-2,right,right-dark,dark-up,greater-up,dual,2026-02-14 02:51:15.0190000
2622,5848ad3bdb871400012da095,1030,1030,1,61,left-8,left,left-dark,light-up,fewer-up,dual,2026-02-14 02:51:16.5670000
2623,5848ad3bdb871400012da095,2666.399999976158,2666.399999976158,1,62,left-9,left,left-dark,light-up,fewer-up,dual,2026-02-14 02:51:19.7420000
2624,5848ad3bdb871400012da095,3364.599999964237,3364.599999964237,1,63,left-9,right,left-dark,light-up,greater-up,dual,2026-02-14 02:51:23.6120000
2625,5848ad3bdb871400012da095,1710.0999999642372,1710.0999999642372,1,64,left-8,right,left-dark,light-up,greater-up,dual,2026-02-14 02:51:25.8240000
2626,5848ad3bdb871400012da095,1258,1258,1,65,right-2,left,right-dark,dark-up,fewer-up,dual,2026-02-14 02:51:27.5990000
2627,5848ad3bdb871400012da095,1852.300000011921,1852.300000011921,1,66,left-1,right,left-dark,dark-up,fewer-up,dual,2026-02-14 02:51:29.9590000
2628,5848ad3bdb871400012da095,1097,1097,1,67,right-1,left,right-dark,light-up,greater-up,dual,2026-02-14 02:51:31.5670000
2629,5848ad3bdb871400012da095,4896.300000011921,4896.300000011921,1,68,left-4,right,left-dark,light-up,greater-up,dual,2026-02-14 02:51:36.9810000
2630,5848ad3bdb871400012da095,1153.0999999642372,1153.0999999642372,1,69,right-7,left,right-dark,light-up,greater-up,dual,2026-02-14 02:51:38.6510000
2631,5848ad3bdb871400012da095,2111.800000011921,2111.800000011921,0,70,right-7,left,right-dark,light-up,fewer-up,dual,2026-02-14 02:51:41.2740000
2632,5848ad3bdb871400012da095,2353.800000011921,2353.800000011921,1,71,left-7,right,left-dark,dark-up,fewer-up,dual,2026-02-14 02:51:45.1430000
2633,5848ad3bdb871400012da095,1270.2000000476837,1270.2000000476837,1,72,right-6,right,right-dark,light-up,fewer-up,dual,2026-02-14 02:51:46.9250000
2634,5848ad3bdb871400012da095,1368.199999988079,1368.199999988079,1,73,left-6,right,left-dark,light-up,greater-up,dual,2026-02-14 02:51:48.8040000
2635,5848ad3bdb871400012da095,1187.2999999523163,1187.2999999523163,1,74,right-6,left,right-dark,dark-up,fewer-up,dual,2026-02-14 02:51:50.5030000
2636,5848ad3bdb871400012da095,1235.699999988079,1235.699999988079,1,75,right-3,left,right-dark,dark-up,fewer-up,dual,2026-02-14 02:51:52.2420000
2637,5848ad3bdb871400012da095,944.5999999642372,944.5999999642372,1,76,right-7,left,right-dark,dark-up,fewer-up,dual,2026-02-14 02:51:53.6950000
2638,5848ad3bdb871400012da095,1886.699999988079,1886.699999988079,1,77,left-9,left,left-dark,dark-up,greater-up,dual,2026-02-14 02:51:56.0920000
2639,5848ad3bdb871400012da095,1376.699999988079,1376.699999988079,1,78,left-6,left,left-dark,light-up,fewer-up,dual,2026-02-14 02:51:57.9870000
2640,5848ad3bdb871400012da095,1940.800000011921,1940.800000011921,1,79,right-4,left,right-dark,light-up,greater-up,dual,2026-02-14 02:52:00.4410000
2641,641359b5040c453203e2c088,3666.2999999998137,3666.2999999998137,1,0,right-6,right,right-dark,light-up,fewer-up,dual,2026-02-14 02:53:45.1650000
2642,641359b5040c453203e2c088,1618.2000000001863,1618.2000000001863,1,1,left-0,left,left-dark,dark-up,greater-up,dual,2026-02-14 02:53:47.3050000
2643,641359b5040c453203e2c088,734.3999999999069,734.3999999999069,1,2,right-1,right,right-dark,dark-up,greater-up,dual,2026-02-14 02:53:48.5450000
2644,641359b5040c453203e2c088,1923.1999999997206,1923.1999999997206,0,3,left-2,left,left-dark,dark-up,fewer-up,dual,2026-02-14 02:53:50.9740000
2645,641359b5040c453203e2c088,2703,2703,1,4,left-5,right,left-dark,dark-up,fewer-up,dual,2026-02-14 02:53:55.1860000
2646,641359b5040c453203e2c088,2083.7000000001863,2083.7000000001863,1,5,right-7,right,right-dark,dark-up,greater-up,dual,2026-02-14 02:53:57.7760000
2647,641359b5040c453203e2c088,3283.5,3283.5,1,6,right-5,right,right-dark,light-up,fewer-up,dual,2026-02-14 02:54:01.5730000
2648,641359b5040c453203e2c088,1879.5,1879.5,1,7,left-4,left,left-dark,dark-up,greater-up,dual,2026-02-14 02:54:03.9560000
2649,641359b5040c453203e2c088,2147.100000000093,2147.100000000093,1,8,right-5,right,right-dark,dark-up,greater-up,dual,2026-02-14 02:54:06.6150000
2650,641359b5040c453203e2c088,1914.8999999999069,1914.8999999999069,1,9,left-2,left,left-dark,light-up,fewer-up,dual,2026-02-14 02:54:09.0380000
2651,641359b5040c453203e2c088,2579.2999999998137,2579.2999999998137,1,10,right-4,left,right-dark,light-up,greater-up,dual,2026-02-14 02:54:12.1260000
2652,641359b5040c453203e2c088,3544.7000000001863,3544.7000000001863,1,11,right-9,left,right-dark,light-up,greater-up,dual,2026-02-14 02:54:16.1870000
2653,641359b5040c453203e2c088,3691.600000000093,3691.600000000093,1,12,left-1,left,left-dark,dark-up,greater-up,dual,2026-02-14 02:54:20.3840000
2654,641359b5040c453203e2c088,2514.7999999998137,2514.7999999998137,0,13,left-1,left,left-dark,light-up,greater-up,dual,2026-02-14 02:54:23.4040000
2655,641359b5040c453203e2c088,4334.600000000093,4334.600000000093,0,14,left-7,left,left-dark,light-up,greater-up,dual,2026-02-14 02:54:29.2560000
2656,641359b5040c453203e2c088,2755.5,2755.5,1,15,right-7,left,right-dark,dark-up,fewer-up,dual,2026-02-14 02:54:33.5350000
2657,641359b5040c453203e2c088,3699,3699,1,16,left-7,right,left-dark,dark-up,fewer-up,dual,2026-02-14 02:54:37.7440000
2658,641359b5040c453203e2c088,2638.899999999907,2638.899999999907,1,17,left-4,right,left-dark,dark-up,fewer-up,dual,2026-02-14 02:54:40.8870000
2659,641359b5040c453203e2c088,1671.7999999998137,1671.7999999998137,1,18,left-0,right,left-dark,dark-up,fewer-up,dual,2026-02-14 02:54:43.0770000
2660,641359b5040c453203e2c088,2574,2574,1,19,left-5,left,left-dark,light-up,fewer-up,dual,2026-02-14 02:54:46.1680000
2661,641359b5040c453203e2c088,5788.700000000186,5788.700000000186,1,20,right-1,left,right-dark,light-up,greater-up,dual,2026-02-14 02:54:54.7880000
2662,641359b5040c453203e2c088,1496.2000000001863,1496.2000000001863,1,21,left-7,left,left-dark,light-up,fewer-up,dual,2026-02-14 02:54:56.8070000
2663,641359b5040c453203e2c088,2153.2999999998137,2153.2999999998137,1,22,right-5,left,right-dark,light-up,greater-up,dual,2026-02-14 02:54:59.4680000
2664,641359b5040c453203e2c088,2393,2393,1,23,right-7,left,right-dark,light-up,greater-up,dual,2026-02-14 02:55:02.3750000
2665,641359b5040c453203e2c088,5279.700000000186,5279.700000000186,1,24,right-8,left,right-dark,dark-up,fewer-up,dual,2026-02-14 02:55:08.1580000
2666,641359b5040c453203e2c088,2956.5,2956.5,1,25,left-7,left,left-dark,dark-up,greater-up,dual,2026-02-14 02:55:11.6270000
2667,641359b5040c453203e2c088,1396.0999999996275,1396.0999999996275,1,26,right-8,right,right-dark,dark-up,greater-up,dual,2026-02-14 02:55:13.5370000
2668,641359b5040c453203e2c088,3745,3745,1,27,right-9,right,right-dark,light-up,fewer-up,dual,2026-02-14 02:55:17.7970000
2669,641359b5040c453203e2c088,2077.100000000093,2077.100000000093,1,28,left-9,right,left-dark,light-up,greater-up,dual,2026-02-14 02:55:20.3880000
2670,641359b5040c453203e2c088,1545.9000000003725,1545.9000000003725,0,29,right-2,left,right-dark,dark-up,greater-up,dual,2026-02-14 02:55:22.4370000
2671,641359b5040c453203e2c088,2416.7000000001863,2416.7000000001863,1,30,right-2,left,right-dark,dark-up,fewer-up,dual,2026-02-14 02:55:26.3670000
2672,641359b5040c453203e2c088,1438.1000000000931,1438.1000000000931,1,31,left-3,right,left-dark,dark-up,fewer-up,dual,2026-02-14 02:55:28.3280000
2673,641359b5040c453203e2c088,3317.100000000093,3317.100000000093,1,32,right-6,left,right-dark,light-up,greater-up,dual,2026-02-14 02:55:32.1580000
2674,641359b5040c453203e2c088,4340.899999999907,4340.899999999907,1,33,left-4,left,left-dark,light-up,fewer-up,dual,2026-02-14 02:55:37.0180000
2675,641359b5040c453203e2c088,2537.5,2537.5,1,34,right-6,left,right-dark,dark-up,fewer-up,dual,2026-02-14 02:55:40.0680000
2676,641359b5040c453203e2c088,1312.6999999997206,1312.6999999997206,1,35,left-9,right,left-dark,dark-up,fewer-up,dual,2026-02-14 02:55:41.8880000
2677,641359b5040c453203e2c088,2055.899999999907,2055.899999999907,1,36,left-4,right,left-dark,light-up,greater-up,dual,2026-02-14 02:55:44.4760000
2678,641359b5040c453203e2c088,1015.5,1015.5,1,37,left-0,right,left-dark,light-up,greater-up,dual,2026-02-14 02:55:45.9960000
2679,641359b5040c453203e2c088,1218.7000000001863,1218.7000000001863,1,38,right-0,left,right-dark,light-up,greater-up,dual,2026-02-14 02:55:47.7180000
2680,641359b5040c453203e2c088,988.7999999998137,988.7999999998137,1,39,right-8,left,right-dark,light-up,greater-up,dual,2026-02-14 02:55:49.2370000
2681,641359b5040c453203e2c088,2322.0999999996275,2322.0999999996275,1,40,left-9,left,left-dark,light-up,fewer-up,dual,2026-02-14 02:56:00.0090000
2682,641359b5040c453203e2c088,19946.100000000093,19946.100000000093,1,41,left-3,left,left-dark,dark-up,greater-up,dual,2026-02-14 02:56:20.4610000
2683,641359b5040c453203e2c088,2356.100000000093,2356.100000000093,1,42,right-2,right,right-dark,light-up,fewer-up,dual,2026-02-14 02:56:23.3380000
2684,641359b5040c453203e2c088,16626.399999999907,16626.399999999907,1,43,left-3,left,left-dark,light-up,fewer-up,dual,2026-02-14 02:56:40.4690000
2685,641359b5040c453203e2c088,2556.899999999907,2556.899999999907,1,44,left-2,right,left-dark,light-up,greater-up,dual,2026-02-14 02:56:43.5380000
2686,641359b5040c453203e2c088,1969.2999999998137,1969.2999999998137,1,45,right-7,right,right-dark,light-up,fewer-up,dual,2026-02-14 02:56:46.0290000
2687,641359b5040c453203e2c088,1464.2000000001863,1464.2000000001863,1,46,right-1,right,right-dark,light-up,fewer-up,dual,2026-02-14 02:56:47.9990000
2688,641359b5040c453203e2c088,4404.899999999907,4404.899999999907,0,47,right-0,right,right-dark,dark-up,fewer-up,dual,2026-02-14 02:56:52.9190000
2689,641359b5040c453203e2c088,1874.7999999998137,1874.7999999998137,1,48,right-3,right,right-dark,light-up,fewer-up,dual,2026-02-14 02:56:56.3090000
2690,641359b5040c453203e2c088,1792.2000000001863,1792.2000000001863,1,49,left-5,right,left-dark,light-up,greater-up,dual,2026-02-14 02:56:58.6100000
2691,641359b5040c453203e2c088,1406.4000000003725,1406.4000000003725,1,50,left-8,left,left-dark,dark-up,greater-up,dual,2026-02-14 02:57:00.5310000
2692,641359b5040c453203e2c088,834.2000000001863,834.2000000001863,1,51,right-9,right,right-dark,dark-up,greater-up,dual,2026-02-14 02:57:01.8700000
2693,641359b5040c453203e2c088,961.6000000000931,961.6000000000931,1,52,left-9,left,left-dark,dark-up,greater-up,dual,2026-02-14 02:57:03.3510000
2694,641359b5040c453203e2c088,1524.1000000000931,1524.1000000000931,1,53,left-6,left,left-dark,light-up,fewer-up,dual,2026-02-14 02:57:05.3820000
2695,641359b5040c453203e2c088,1011.7000000001863,1011.7000000001863,0,54,right-9,right,right-dark,dark-up,fewer-up,dual,2026-02-14 02:57:06.9020000
2696,641359b5040c453203e2c088,1550.8999999999069,1550.8999999999069,1,55,left-6,right,left-dark,dark-up,fewer-up,dual,2026-02-14 02:57:09.9910000
2697,641359b5040c453203e2c088,1418,1418,1,56,left-8,left,left-dark,light-up,fewer-up,dual,2026-02-14 02:57:11.9210000
2698,641359b5040c453203e2c088,1433.3999999999069,1433.3999999999069,1,57,right-3,left,right-dark,light-up,greater-up,dual,2026-02-14 02:57:13.8630000
2699,641359b5040c453203e2c088,1168.3000000002794,1168.3000000002794,1,58,left-3,right,left-dark,light-up,greater-up,dual,2026-02-14 02:57:15.5420000
2700,641359b5040c453203e2c088,1530.7999999998137,1530.7999999998137,1,59,left-8,right,left-dark,dark-up,fewer-up,dual,2026-02-14 02:57:17.5920000
2701,641359b5040c453203e2c088,1220.3999999999069,1220.3999999999069,1,60,left-8,right,left-dark,light-up,greater-up,dual,2026-02-14 02:57:20.5000000
2702,641359b5040c453203e2c088,1276.7999999998137,1276.7999999998137,1,61,left-6,left,left-dark,dark-up,greater-up,dual,2026-02-14 02:57:22.2900000
2703,641359b5040c453203e2c088,1635.1000000000931,1635.1000000000931,1,62,right-4,left,right-dark,dark-up,fewer-up,dual,2026-02-14 02:57:24.4410000
2704,641359b5040c453203e2c088,1219.5,1219.5,1,63,left-6,right,left-dark,light-up,greater-up,dual,2026-02-14 02:57:26.1710000
2705,641359b5040c453203e2c088,1374.5999999996275,1374.5999999996275,1,64,right-0,right,right-dark,light-up,fewer-up,dual,2026-02-14 02:57:28.0600000
2706,641359b5040c453203e2c088,1605.5999999996275,1605.5999999996275,1,65,left-2,left,left-dark,dark-up,greater-up,dual,2026-02-14 02:57:30.1800000
2707,641359b5040c453203e2c088,2064.399999999907,2064.399999999907,1,66,left-1,right,left-dark,dark-up,fewer-up,dual,2026-02-14 02:57:32.7500000
2708,641359b5040c453203e2c088,1237.7999999998137,1237.7999999998137,1,67,right-3,left,right-dark,dark-up,fewer-up,dual,2026-02-14 02:57:34.5000000
2709,641359b5040c453203e2c088,1334.8999999999069,1334.8999999999069,1,68,left-0,left,left-dark,light-up,fewer-up,dual,2026-02-14 02:57:36.3490000
2710,641359b5040c453203e2c088,1183.6000000000931,1183.6000000000931,1,69,right-4,right,right-dark,light-up,fewer-up,dual,2026-02-14 02:57:38.0400000
2711,641359b5040c453203e2c088,844.8999999999069,844.8999999999069,1,70,right-8,right,right-dark,light-up,fewer-up,dual,2026-02-14 02:57:39.3900000
2712,641359b5040c453203e2c088,1557.5,1557.5,1,71,right-5,left,right-dark,dark-up,fewer-up,dual,2026-02-14 02:57:41.4620000
2713,641359b5040c453203e2c088,1473.5,1473.5,1,72,right-6,right,right-dark,dark-up,greater-up,dual,2026-02-14 02:57:43.4410000
2714,641359b5040c453203e2c088,1353.8999999999069,1353.8999999999069,1,73,right-2,left,right-dark,light-up,greater-up,dual,2026-02-14 02:57:45.3110000
2715,641359b5040c453203e2c088,1733.1999999997206,1733.1999999997206,1,74,right-0,right,right-dark,dark-up,greater-up,dual,2026-02-14 02:57:47.5610000
2716,641359b5040c453203e2c088,1264.7999999998137,1264.7999999998137,1,75,right-4,right,right-dark,dark-up,greater-up,dual,2026-02-14 02:57:49.3420000
2717,641359b5040c453203e2c088,843.6000000000931,843.6000000000931,1,76,right-3,right,right-dark,dark-up,greater-up,dual,2026-02-14 02:57:50.7010000
2718,641359b5040c453203e2c088,1664.5,1664.5,1,77,right-1,left,right-dark,dark-up,fewer-up,dual,2026-02-14 02:57:52.8820000
2719,641359b5040c453203e2c088,1726.1999999997206,1726.1999999997206,1,78,left-1,left,left-dark,light-up,fewer-up,dual,2026-02-14 02:57:55.1310000
2720,641359b5040c453203e2c088,2843,2843,0,79,left-5,right,left-dark,dark-up,greater-up,dual,2026-02-14 02:57:58.4820000
2831,5c3c1617f5ebd500018596cb,1794,1794,1,0,left-0,right,left-dark,light-up,greater-up,dual,2026-02-16 20:37:41.3720000
2832,5c3c1617f5ebd500018596cb,2707,2707,1,1,left-2,right,left-dark,light-up,greater-up,dual,2026-02-16 20:37:44.5800000
2833,5c3c1617f5ebd500018596cb,3418,3418,1,2,left-3,right,left-dark,dark-up,fewer-up,dual,2026-02-16 20:37:48.5000000
2834,5c3c1617f5ebd500018596cb,1650,1650,1,3,right-7,right,right-dark,light-up,fewer-up,dual,2026-02-16 20:37:50.6520000
2835,5c3c1617f5ebd500018596cb,3058,3058,1,4,left-3,right,left-dark,light-up,greater-up,dual,2026-02-16 20:37:54.2120000
2836,5c3c1617f5ebd500018596cb,3330,3330,1,5,right-0,left,right-dark,light-up,greater-up,dual,2026-02-16 20:37:58.0450000
2837,5c3c1617f5ebd500018596cb,3305,3305,1,6,left-2,left,left-dark,dark-up,greater-up,dual,2026-02-16 20:38:01.8530000
2838,5c3c1617f5ebd500018596cb,2155,2155,1,7,left-6,left,left-dark,light-up,fewer-up,dual,2026-02-16 20:38:04.5080000
2839,5c3c1617f5ebd500018596cb,1339,1339,1,8,right-4,right,right-dark,light-up,fewer-up,dual,2026-02-16 20:38:06.3480000
2840,5c3c1617f5ebd500018596cb,1745,1745,1,9,right-5,right,right-dark,dark-up,greater-up,dual,2026-02-16 20:38:08.5960000
2841,5c3c1617f5ebd500018596cb,1938,1938,1,10,right-6,right,right-dark,dark-up,greater-up,dual,2026-02-16 20:38:11.0360000
2842,5c3c1617f5ebd500018596cb,2018,2018,1,11,left-0,left,left-dark,dark-up,greater-up,dual,2026-02-16 20:38:13.5560000
2843,5c3c1617f5ebd500018596cb,1588,1588,1,12,right-8,right,right-dark,dark-up,greater-up,dual,2026-02-16 20:38:15.6440000
2844,5c3c1617f5ebd500018596cb,1604,1604,1,13,right-4,left,right-dark,light-up,greater-up,dual,2026-02-16 20:38:17.7480000
2845,5c3c1617f5ebd500018596cb,3218,3218,1,14,left-1,left,left-dark,dark-up,greater-up,dual,2026-02-16 20:38:21.4690000
2846,5c3c1617f5ebd500018596cb,2153,2153,0,15,right-7,right,right-dark,dark-up,fewer-up,dual,2026-02-16 20:38:24.1250000
2847,5c3c1617f5ebd500018596cb,3729,3729,1,16,right-2,left,right-dark,light-up,greater-up,dual,2026-02-16 20:38:29.3560000
2848,5c3c1617f5ebd500018596cb,2929,2929,1,17,left-8,right,left-dark,light-up,greater-up,dual,2026-02-16 20:38:32.7880000
2849,5c3c1617f5ebd500018596cb,4867,4867,1,18,left-5,left,left-dark,dark-up,greater-up,dual,2026-02-16 20:38:38.1560000
2850,5c3c1617f5ebd500018596cb,2019,2019,1,19,right-1,left,right-dark,dark-up,fewer-up,dual,2026-02-16 20:38:40.6760000
2851,5c3c1617f5ebd500018596cb,4603,4603,1,20,left-7,right,left-dark,light-up,greater-up,dual,2026-02-16 20:38:50.5480000
2852,5c3c1617f5ebd500018596cb,2385,2385,1,21,right-5,left,right-dark,light-up,greater-up,dual,2026-02-16 20:38:53.4360000
2853,5c3c1617f5ebd500018596cb,2500,2500,1,22,left-9,right,left-dark,dark-up,fewer-up,dual,2026-02-16 20:38:56.4370000
2854,5c3c1617f5ebd500018596cb,1930,1930,1,23,left-6,right,left-dark,dark-up,fewer-up,dual,2026-02-16 20:38:58.8690000
2855,5c3c1617f5ebd500018596cb,1819,1819,0,24,right-6,right,right-dark,dark-up,fewer-up,dual,2026-02-16 20:39:01.1880000
2856,5c3c1617f5ebd500018596cb,1591,1591,1,25,left-8,left,left-dark,dark-up,greater-up,dual,2026-02-16 20:39:04.2840000
2857,5c3c1617f5ebd500018596cb,3251,3251,1,26,right-4,left,right-dark,dark-up,fewer-up,dual,2026-02-16 20:39:08.0370000
2858,5c3c1617f5ebd500018596cb,2083,2083,1,27,right-2,right,right-dark,light-up,fewer-up,dual,2026-02-16 20:39:10.6210000
2859,5c3c1617f5ebd500018596cb,1105,1105,1,28,left-0,left,left-dark,light-up,fewer-up,dual,2026-02-16 20:39:12.2280000
2860,5c3c1617f5ebd500018596cb,1459,1459,0,29,right-7,right,right-dark,light-up,greater-up,dual,2026-02-16 20:39:14.1880000
2861,5c3c1617f5ebd500018596cb,1745,1745,1,30,left-0,right,left-dark,dark-up,fewer-up,dual,2026-02-16 20:39:17.4370000
2862,5c3c1617f5ebd500018596cb,2042,2042,1,31,right-0,right,right-dark,dark-up,greater-up,dual,2026-02-16 20:39:19.9800000
2863,5c3c1617f5ebd500018596cb,1233,1233,1,32,left-3,left,left-dark,dark-up,greater-up,dual,2026-02-16 20:39:21.7160000
2864,5c3c1617f5ebd500018596cb,1531,1531,1,33,right-4,right,right-dark,dark-up,greater-up,dual,2026-02-16 20:39:23.7480000
2865,5c3c1617f5ebd500018596cb,3250,3250,1,34,right-9,left,right-dark,light-up,greater-up,dual,2026-02-16 20:39:27.5010000
2866,5c3c1617f5ebd500018596cb,1970,1970,0,35,left-5,left,left-dark,dark-up,fewer-up,dual,2026-02-16 20:39:29.9720000
2867,5c3c1617f5ebd500018596cb,1360,1360,1,36,right-9,right,right-dark,light-up,fewer-up,dual,2026-02-16 20:39:32.8360000
2868,5c3c1617f5ebd500018596cb,3306,3306,1,37,left-1,right,left-dark,dark-up,fewer-up,dual,2026-02-16 20:39:36.6440000
2869,5c3c1617f5ebd500018596cb,2723,2723,1,38,left-8,right,left-dark,dark-up,fewer-up,dual,2026-02-16 20:39:39.8690000
2870,5c3c1617f5ebd500018596cb,1618,1618,1,39,right-6,right,right-dark,light-up,fewer-up,dual,2026-02-16 20:39:41.9890000
2871,5c3c1617f5ebd500018596cb,1481,1481,1,40,right-5,right,right-dark,light-up,fewer-up,dual,2026-02-16 20:39:46.7080000
2872,5c3c1617f5ebd500018596cb,1770,1770,0,41,right-5,right,right-dark,dark-up,fewer-up,dual,2026-02-16 20:39:48.9810000
2873,5c3c1617f5ebd500018596cb,2737,2737,1,42,right-8,left,right-dark,dark-up,fewer-up,dual,2026-02-16 20:39:53.2210000
2874,5c3c1617f5ebd500018596cb,1683,1683,0,43,right-0,right,right-dark,dark-up,fewer-up,dual,2026-02-16 20:39:55.4050000
2875,5c3c1617f5ebd500018596cb,1368,1368,1,44,left-2,right,left-dark,dark-up,fewer-up,dual,2026-02-16 20:39:58.2760000
2876,5c3c1617f5ebd500018596cb,2449,2449,1,45,right-0,right,right-dark,light-up,fewer-up,dual,2026-02-16 20:40:01.2280000
2877,5c3c1617f5ebd500018596cb,2393,2393,1,46,left-8,left,left-dark,light-up,fewer-up,dual,2026-02-16 20:40:04.1240000
2878,5c3c1617f5ebd500018596cb,1714,1714,1,47,right-8,left,right-dark,light-up,greater-up,dual,2026-02-16 20:40:06.3400000
2879,5c3c1617f5ebd500018596cb,1929,1929,1,48,right-1,right,right-dark,light-up,fewer-up,dual,2026-02-16 20:40:08.7720000
2880,5c3c1617f5ebd500018596cb,1554,1554,1,49,left-2,left,left-dark,light-up,fewer-up,dual,2026-02-16 20:40:10.8280000
2881,5c3c1617f5ebd500018596cb,1427,1427,1,50,left-5,right,left-dark,light-up,greater-up,dual,2026-02-16 20:40:12.7560000
2882,5c3c1617f5ebd500018596cb,1546,1546,1,51,right-6,left,right-dark,light-up,greater-up,dual,2026-02-16 20:40:14.8050000
2883,5c3c1617f5ebd500018596cb,1810,1810,1,52,right-3,right,right-dark,light-up,fewer-up,dual,2026-02-16 20:40:17.1160000
2884,5c3c1617f5ebd500018596cb,6234,6234,0,53,left-6,left,left-dark,light-up,greater-up,dual,2026-02-16 20:40:23.8520000
2885,5c3c1617f5ebd500018596cb,1240,1240,1,54,left-7,left,left-dark,dark-up,greater-up,dual,2026-02-16 20:40:26.5960000
2886,5c3c1617f5ebd500018596cb,1844,1844,1,55,left-6,left,left-dark,dark-up,greater-up,dual,2026-02-16 20:40:28.9400000
2887,5c3c1617f5ebd500018596cb,2690,2690,1,56,right-1,left,right-dark,light-up,greater-up,dual,2026-02-16 20:40:32.1320000
2888,5c3c1617f5ebd500018596cb,2347,2347,1,57,left-7,right,left-dark,dark-up,fewer-up,dual,2026-02-16 20:40:34.9810000
2889,5c3c1617f5ebd500018596cb,2898,2898,1,58,left-4,left,left-dark,light-up,fewer-up,dual,2026-02-16 20:40:38.3800000
2890,5c3c1617f5ebd500018596cb,2657,2657,1,59,left-1,right,left-dark,light-up,greater-up,dual,2026-02-16 20:40:41.5400000
2891,5c3c1617f5ebd500018596cb,2930,2930,1,60,left-7,left,left-dark,light-up,fewer-up,dual,2026-02-16 20:40:47.2520000
2892,5c3c1617f5ebd500018596cb,3369,3369,1,61,left-5,left,left-dark,light-up,fewer-up,dual,2026-02-16 20:40:51.1250000
2893,5c3c1617f5ebd500018596cb,1499,1499,1,62,right-3,left,right-dark,light-up,greater-up,dual,2026-02-16 20:40:53.1240000
2894,5c3c1617f5ebd500018596cb,1186,1186,1,63,left-4,left,left-dark,dark-up,greater-up,dual,2026-02-16 20:40:54.8120000
2895,5c3c1617f5ebd500018596cb,2169,2169,1,64,left-1,left,left-dark,light-up,fewer-up,dual,2026-02-16 20:40:57.4840000
2896,5c3c1617f5ebd500018596cb,2256,2256,1,65,left-4,right,left-dark,dark-up,fewer-up,dual,2026-02-16 20:41:00.2440000
2897,5c3c1617f5ebd500018596cb,2112,2112,1,66,left-3,left,left-dark,light-up,fewer-up,dual,2026-02-16 20:41:02.8610000
2898,5c3c1617f5ebd500018596cb,1858,1858,1,67,right-7,right,right-dark,dark-up,greater-up,dual,2026-02-16 20:41:05.2210000
2899,5c3c1617f5ebd500018596cb,2393,2393,1,68,right-8,right,right-dark,light-up,fewer-up,dual,2026-02-16 20:41:08.1170000
2900,5c3c1617f5ebd500018596cb,1954,1954,0,69,right-3,right,right-dark,dark-up,fewer-up,dual,2026-02-16 20:41:10.5720000
2901,5c3c1617f5ebd500018596cb,1826,1826,1,70,left-4,right,left-dark,light-up,greater-up,dual,2026-02-16 20:41:13.9000000
2902,5c3c1617f5ebd500018596cb,2699,2699,1,71,right-1,right,right-dark,dark-up,greater-up,dual,2026-02-16 20:41:17.1010000
2903,5c3c1617f5ebd500018596cb,1338,1338,1,72,right-9,right,right-dark,dark-up,greater-up,dual,2026-02-16 20:41:18.9400000
2904,5c3c1617f5ebd500018596cb,1682,1682,1,73,left-9,left,left-dark,light-up,fewer-up,dual,2026-02-16 20:41:21.1250000
2905,5c3c1617f5ebd500018596cb,2282,2282,1,74,right-2,right,right-dark,dark-up,greater-up,dual,2026-02-16 20:41:23.9090000
2906,5c3c1617f5ebd500018596cb,1922,1922,1,75,left-9,left,left-dark,dark-up,greater-up,dual,2026-02-16 20:41:26.3330000
2907,5c3c1617f5ebd500018596cb,1353,1353,1,76,right-3,right,right-dark,dark-up,greater-up,dual,2026-02-16 20:41:28.1880000
2908,5c3c1617f5ebd500018596cb,2001,2001,0,77,right-2,right,right-dark,dark-up,fewer-up,dual,2026-02-16 20:41:30.6920000
2909,5c3c1617f5ebd500018596cb,2058,2058,1,78,right-9,left,right-dark,dark-up,fewer-up,dual,2026-02-16 20:41:34.2530000
2910,5c3c1617f5ebd500018596cb,4161,4161,1,79,left-9,right,left-dark,light-up,greater-up,dual,2026-02-16 20:41:38.9170000
2911,62fbdda6e4b5a034b71296f8,1607,1607,1,0,right-3,left,right-dark,light-up,greater-up,dual,2026-02-16 20:42:03.6840000
2912,62fbdda6e4b5a034b71296f8,2078,2078,0,1,right-1,left,right-dark,light-up,fewer-up,dual,2026-02-16 20:42:06.2720000
2913,62fbdda6e4b5a034b71296f8,1267,1267,1,2,right-5,right,right-dark,light-up,fewer-up,dual,2026-02-16 20:42:09.0570000
2914,62fbdda6e4b5a034b71296f8,2460,2460,1,3,left-8,right,left-dark,dark-up,fewer-up,dual,2026-02-16 20:42:12.0340000
2915,62fbdda6e4b5a034b71296f8,1925,1925,1,4,right-4,left,right-dark,dark-up,fewer-up,dual,2026-02-16 20:42:14.4780000
2916,62fbdda6e4b5a034b71296f8,1822,1822,1,5,left-6,right,left-dark,dark-up,fewer-up,dual,2026-02-16 20:42:16.8130000
2917,62fbdda6e4b5a034b71296f8,3374,3374,0,6,right-0,left,right-dark,dark-up,greater-up,dual,2026-02-16 20:42:20.6910000
2918,62fbdda6e4b5a034b71296f8,1299,1299,1,7,left-0,left,left-dark,light-up,fewer-up,dual,2026-02-16 20:42:23.5500000
2919,62fbdda6e4b5a034b71296f8,2809,2809,0,8,right-7,right,right-dark,dark-up,fewer-up,dual,2026-02-16 20:42:26.8660000
2920,62fbdda6e4b5a034b71296f8,2040,2040,1,9,left-2,right,left-dark,dark-up,fewer-up,dual,2026-02-16 20:42:30.4280000
2921,62fbdda6e4b5a034b71296f8,2230,2230,0,10,right-0,left,right-dark,light-up,fewer-up,dual,2026-02-16 20:42:33.1680000
2922,62fbdda6e4b5a034b71296f8,1592,1592,1,11,right-4,right,right-dark,light-up,fewer-up,dual,2026-02-16 20:42:36.2840000
2923,663a8c84b8e7c046d854c8dd,2557.099999964237,2557.099999964237,1,0,right-1,right,right-dark,dark-up,greater-up,dual,2026-02-16 20:42:39.6160000
2924,62fbdda6e4b5a034b71296f8,2430,2430,1,12,left-9,right,left-dark,light-up,greater-up,dual,2026-02-16 20:42:39.2220000
2925,663a8c84b8e7c046d854c8dd,1575,1575,1,1,right-5,left,right-dark,dark-up,fewer-up,dual,2026-02-16 20:42:41.7070000
2926,62fbdda6e4b5a034b71296f8,1792,1792,1,13,left-0,right,left-dark,light-up,greater-up,dual,2026-02-16 20:42:41.5180000
2927,663a8c84b8e7c046d854c8dd,3177.399999976158,3177.399999976158,1,2,left-3,right,left-dark,dark-up,fewer-up,dual,2026-02-16 20:42:45.3930000
2928,62fbdda6e4b5a034b71296f8,2817,2817,1,14,left-4,left,left-dark,dark-up,greater-up,dual,2026-02-16 20:42:44.8450000
2929,663a8c84b8e7c046d854c8dd,1348.8999999761581,1348.8999999761581,1,3,right-2,right,right-dark,dark-up,greater-up,dual,2026-02-16 20:42:47.2480000
2930,663a8c84b8e7c046d854c8dd,1552.5,1552.5,1,4,right-0,left,right-dark,light-up,greater-up,dual,2026-02-16 20:42:49.3120000
2931,62fbdda6e4b5a034b71296f8,3372,3372,0,15,right-2,right,right-dark,dark-up,fewer-up,dual,2026-02-16 20:42:48.7290000
2932,663a8c84b8e7c046d854c8dd,2361.100000023842,2361.100000023842,1,5,right-6,left,right-dark,dark-up,fewer-up,dual,2026-02-16 20:42:52.1830000
2933,62fbdda6e4b5a034b71296f8,2263,2263,1,16,right-1,right,right-dark,dark-up,greater-up,dual,2026-02-16 20:42:52.5090000
2934,663a8c84b8e7c046d854c8dd,2225.600000023842,2225.600000023842,1,6,left-3,left,left-dark,light-up,fewer-up,dual,2026-02-16 20:42:54.9170000
2935,62fbdda6e4b5a034b71296f8,1809,1809,1,17,right-8,right,right-dark,dark-up,greater-up,dual,2026-02-16 20:42:54.8370000
2936,663a8c84b8e7c046d854c8dd,1168.800000011921,1168.800000011921,1,7,right-9,right,right-dark,dark-up,greater-up,dual,2026-02-16 20:42:56.6010000
2937,62fbdda6e4b5a034b71296f8,1761,1761,0,18,right-1,right,right-dark,dark-up,fewer-up,dual,2026-02-16 20:42:57.1110000
2938,663a8c84b8e7c046d854c8dd,1930.199999988079,1930.199999988079,1,8,left-8,right,left-dark,dark-up,fewer-up,dual,2026-02-16 20:42:59.0390000
2939,62fbdda6e4b5a034b71296f8,2093,2093,1,19,right-4,left,right-dark,light-up,greater-up,dual,2026-02-16 20:43:00.7200000
2940,663a8c84b8e7c046d854c8dd,2177.699999988079,2177.699999988079,1,9,right-4,left,right-dark,dark-up,fewer-up,dual,2026-02-16 20:43:01.7280000
2941,663a8c84b8e7c046d854c8dd,1436.4000000357628,1436.4000000357628,1,10,left-2,right,left-dark,light-up,greater-up,dual,2026-02-16 20:43:03.6770000
2942,663a8c84b8e7c046d854c8dd,3292,3292,1,11,left-6,right,left-dark,dark-up,fewer-up,dual,2026-02-16 20:43:07.4770000
2943,62fbdda6e4b5a034b71296f8,1888,1888,1,20,right-9,right,right-dark,dark-up,greater-up,dual,2026-02-16 20:43:08.1700000
2944,663a8c84b8e7c046d854c8dd,1291,1291,0,12,right-4,right,right-dark,light-up,greater-up,dual,2026-02-16 20:43:09.2780000
2945,62fbdda6e4b5a034b71296f8,3122,3122,1,21,left-7,right,left-dark,dark-up,fewer-up,dual,2026-02-16 20:43:11.8010000
2946,663a8c84b8e7c046d854c8dd,3899.800000011921,3899.800000011921,1,13,left-5,left,left-dark,dark-up,greater-up,dual,2026-02-16 20:43:14.6910000
2947,62fbdda6e4b5a034b71296f8,1921,1921,1,22,left-3,left,left-dark,light-up,fewer-up,dual,2026-02-16 20:43:14.2350000
2948,663a8c84b8e7c046d854c8dd,1748.2999999523163,1748.2999999523163,1,14,right-1,right,right-dark,light-up,fewer-up,dual,2026-02-16 20:43:16.9530000
2949,62fbdda6e4b5a034b71296f8,2722,2722,1,23,left-7,left,left-dark,dark-up,greater-up,dual,2026-02-16 20:43:17.4730000
2950,663a8c84b8e7c046d854c8dd,1330.4000000357628,1330.4000000357628,1,15,left-7,left,left-dark,dark-up,greater-up,dual,2026-02-16 20:43:18.7860000
2951,62fbdda6e4b5a034b71296f8,1547,1547,1,24,left-0,right,left-dark,dark-up,fewer-up,dual,2026-02-16 20:43:19.5310000
2952,663a8c84b8e7c046d854c8dd,2426.099999964237,2426.099999964237,1,16,left-3,left,left-dark,dark-up,greater-up,dual,2026-02-16 20:43:21.7300000
2953,62fbdda6e4b5a034b71296f8,1621,1621,1,25,right-5,left,right-dark,dark-up,fewer-up,dual,2026-02-16 20:43:21.6570000
2954,663a8c84b8e7c046d854c8dd,1695.3999999761581,1695.3999999761581,1,17,left-5,right,left-dark,light-up,greater-up,dual,2026-02-16 20:43:23.9440000
2955,62fbdda6e4b5a034b71296f8,1742,1742,0,26,right-3,left,right-dark,light-up,fewer-up,dual,2026-02-16 20:43:23.9060000
2956,663a8c84b8e7c046d854c8dd,1692.1000000238419,1692.1000000238419,1,18,right-2,left,right-dark,dark-up,fewer-up,dual,2026-02-16 20:43:26.1420000
2957,663a8c84b8e7c046d854c8dd,1298.300000011921,1298.300000011921,1,19,right-0,right,right-dark,dark-up,greater-up,dual,2026-02-16 20:43:27.9450000
2958,62fbdda6e4b5a034b71296f8,2465,2465,1,27,left-2,left,left-dark,light-up,fewer-up,dual,2026-02-16 20:43:27.8990000
2959,62fbdda6e4b5a034b71296f8,1548,1548,1,28,left-1,left,left-dark,light-up,fewer-up,dual,2026-02-16 20:43:29.9610000
2960,663a8c84b8e7c046d854c8dd,1862.300000011921,1862.300000011921,1,20,left-7,right,left-dark,light-up,greater-up,dual,2026-02-16 20:43:33.1270000
2961,62fbdda6e4b5a034b71296f8,1887,1887,1,29,left-6,right,left-dark,light-up,greater-up,dual,2026-02-16 20:43:32.3530000
2962,663a8c84b8e7c046d854c8dd,1018,1018,1,21,right-8,right,right-dark,dark-up,greater-up,dual,2026-02-16 20:43:34.6600000
2963,62fbdda6e4b5a034b71296f8,2489,2489,1,30,left-9,right,left-dark,dark-up,fewer-up,dual,2026-02-16 20:43:35.3470000
2964,663a8c84b8e7c046d854c8dd,2759.100000023842,2759.100000023842,1,22,left-0,right,left-dark,dark-up,fewer-up,dual,2026-02-16 20:43:37.9300000
2965,62fbdda6e4b5a034b71296f8,3107,3107,1,31,left-7,left,left-dark,light-up,fewer-up,dual,2026-02-16 20:43:38.9640000
2966,663a8c84b8e7c046d854c8dd,1744.5999999642372,1744.5999999642372,1,23,left-0,left,left-dark,light-up,fewer-up,dual,2026-02-16 20:43:40.1820000
2967,62fbdda6e4b5a034b71296f8,1312,1312,1,32,left-6,left,left-dark,light-up,fewer-up,dual,2026-02-16 20:43:40.7950000
2968,663a8c84b8e7c046d854c8dd,1463.300000011921,1463.300000011921,1,24,left-1,left,left-dark,dark-up,greater-up,dual,2026-02-16 20:43:42.1610000
2969,62fbdda6e4b5a034b71296f8,1893,1893,1,33,left-1,right,left-dark,dark-up,fewer-up,dual,2026-02-16 20:43:43.1970000
2970,663a8c84b8e7c046d854c8dd,2532.300000011921,2532.300000011921,1,25,left-9,left,left-dark,dark-up,greater-up,dual,2026-02-16 20:43:45.2030000
2971,663a8c84b8e7c046d854c8dd,1299.699999988079,1299.699999988079,1,26,left-8,left,left-dark,dark-up,greater-up,dual,2026-02-16 20:43:47.0090000
2972,62fbdda6e4b5a034b71296f8,2687,2687,1,34,right-5,left,right-dark,light-up,greater-up,dual,2026-02-16 20:43:46.3950000
2973,663a8c84b8e7c046d854c8dd,1448.0999999642372,1448.0999999642372,0,27,right-7,left,right-dark,light-up,fewer-up,dual,2026-02-16 20:43:48.9650000
2974,62fbdda6e4b5a034b71296f8,3166,3166,0,35,right-3,right,right-dark,dark-up,fewer-up,dual,2026-02-16 20:43:50.0680000
2975,663a8c84b8e7c046d854c8dd,1289.5,1289.5,1,28,left-1,right,left-dark,light-up,greater-up,dual,2026-02-16 20:43:51.7750000
2976,663a8c84b8e7c046d854c8dd,1923.2999999523163,1923.2999999523163,1,29,right-1,left,right-dark,dark-up,fewer-up,dual,2026-02-16 20:43:54.2080000
2977,62fbdda6e4b5a034b71296f8,2295,2295,1,36,left-3,right,left-dark,dark-up,fewer-up,dual,2026-02-16 20:43:53.8780000
2978,663a8c84b8e7c046d854c8dd,1810.5,1810.5,1,30,right-0,left,right-dark,dark-up,fewer-up,dual,2026-02-16 20:43:56.5360000
2979,62fbdda6e4b5a034b71296f8,2810,2810,1,37,right-7,right,right-dark,dark-up,greater-up,dual,2026-02-16 20:43:57.2010000
2980,663a8c84b8e7c046d854c8dd,2207.399999976158,2207.399999976158,1,31,left-6,left,left-dark,light-up,fewer-up,dual,2026-02-16 20:43:59.2470000
2981,62fbdda6e4b5a034b71296f8,2455,2455,1,38,right-1,left,right-dark,light-up,greater-up,dual,2026-02-16 20:44:00.1650000
2982,663a8c84b8e7c046d854c8dd,2753.199999988079,2753.199999988079,1,32,left-5,right,left-dark,dark-up,fewer-up,dual,2026-02-16 20:44:02.5170000
2983,62fbdda6e4b5a034b71296f8,1782,1782,1,39,left-7,right,left-dark,light-up,greater-up,dual,2026-02-16 20:44:02.4520000
2984,663a8c84b8e7c046d854c8dd,1308.6000000238419,1308.6000000238419,1,33,left-6,left,left-dark,dark-up,greater-up,dual,2026-02-16 20:44:04.3340000
2985,663a8c84b8e7c046d854c8dd,1506.300000011921,1506.300000011921,1,34,left-2,right,left-dark,dark-up,fewer-up,dual,2026-02-16 20:44:06.3520000
2986,62fbdda6e4b5a034b71296f8,1869,1869,1,40,right-9,left,right-dark,light-up,greater-up,dual,2026-02-16 20:44:07.5510000
2987,663a8c84b8e7c046d854c8dd,1671.4000000357628,1671.4000000357628,1,35,right-5,right,right-dark,dark-up,greater-up,dual,2026-02-16 20:44:08.5390000
2988,62fbdda6e4b5a034b71296f8,1599,1599,1,41,left-1,left,left-dark,dark-up,greater-up,dual,2026-02-16 20:44:09.6680000
2989,663a8c84b8e7c046d854c8dd,2379.2000000476837,2379.2000000476837,1,36,right-6,left,right-dark,light-up,greater-up,dual,2026-02-16 20:44:11.4290000
2990,62fbdda6e4b5a034b71296f8,1874,1874,0,42,left-5,right,left-dark,light-up,fewer-up,dual,2026-02-16 20:44:12.0490000
2991,663a8c84b8e7c046d854c8dd,2049.099999964237,2049.099999964237,1,37,right-8,right,right-dark,light-up,fewer-up,dual,2026-02-16 20:44:13.9850000
2992,62fbdda6e4b5a034b71296f8,1498,1498,1,43,right-4,right,right-dark,dark-up,greater-up,dual,2026-02-16 20:44:15.0850000
2993,663a8c84b8e7c046d854c8dd,1712.699999988079,1712.699999988079,1,38,right-9,left,right-dark,dark-up,fewer-up,dual,2026-02-16 20:44:16.2060000
2994,663a8c84b8e7c046d854c8dd,1432.8999999761581,1432.8999999761581,1,39,right-9,right,right-dark,light-up,fewer-up,dual,2026-02-16 20:44:18.1430000
2995,62fbdda6e4b5a034b71296f8,3164,3164,1,44,left-8,left,left-dark,dark-up,greater-up,dual,2026-02-16 20:44:18.7690000
2996,62fbdda6e4b5a034b71296f8,2029,2029,0,45,right-0,right,right-dark,light-up,greater-up,dual,2026-02-16 20:44:21.3070000
2997,663a8c84b8e7c046d854c8dd,2391,2391,1,40,left-9,left,left-dark,light-up,fewer-up,dual,2026-02-16 20:44:23.6600000
2998,663a8c84b8e7c046d854c8dd,1010.3999999761581,1010.3999999761581,1,41,left-4,right,left-dark,light-up,greater-up,dual,2026-02-16 20:44:25.1870000
2999,62fbdda6e4b5a034b71296f8,1565,1565,1,46,right-2,right,right-dark,dark-up,greater-up,dual,2026-02-16 20:44:24.3970000
3000,663a8c84b8e7c046d854c8dd,1994.800000011921,1994.800000011921,1,42,left-1,left,left-dark,light-up,fewer-up,dual,2026-02-16 20:44:27.6920000
3001,62fbdda6e4b5a034b71296f8,2511,2511,0,47,right-6,right,right-dark,light-up,greater-up,dual,2026-02-16 20:44:27.4240000
3002,663a8c84b8e7c046d854c8dd,993.1000000238419,993.1000000238419,1,43,right-8,left,right-dark,light-up,greater-up,dual,2026-02-16 20:44:29.1960000
3003,62fbdda6e4b5a034b71296f8,1200,1200,1,48,left-4,right,left-dark,dark-up,fewer-up,dual,2026-02-16 20:44:30.1520000
3004,663a8c84b8e7c046d854c8dd,2208.300000011921,2208.300000011921,1,44,left-1,right,left-dark,dark-up,fewer-up,dual,2026-02-16 20:44:31.9080000
3005,62fbdda6e4b5a034b71296f8,1971,1971,1,49,right-9,right,right-dark,light-up,fewer-up,dual,2026-02-16 20:44:32.6480000
3006,663a8c84b8e7c046d854c8dd,1452.1000000238419,1452.1000000238419,1,45,right-8,left,right-dark,dark-up,fewer-up,dual,2026-02-16 20:44:33.8760000
3007,663a8c84b8e7c046d854c8dd,2240,2240,1,46,left-4,left,left-dark,light-up,fewer-up,dual,2026-02-16 20:44:36.6240000
3008,62fbdda6e4b5a034b71296f8,3070,3070,1,50,right-7,left,right-dark,light-up,greater-up,dual,2026-02-16 20:44:36.2260000
3009,663a8c84b8e7c046d854c8dd,1773,1773,1,47,left-6,right,left-dark,light-up,greater-up,dual,2026-02-16 20:44:38.9140000
3010,62fbdda6e4b5a034b71296f8,2720,2720,1,51,right-5,right,right-dark,dark-up,greater-up,dual,2026-02-16 20:44:39.4570000
3011,663a8c84b8e7c046d854c8dd,1029.9000000357628,1029.9000000357628,1,48,left-8,right,left-dark,light-up,greater-up,dual,2026-02-16 20:44:40.4530000
3012,62fbdda6e4b5a034b71296f8,1734,1734,1,52,left-2,left,left-dark,dark-up,greater-up,dual,2026-02-16 20:44:41.7110000
3013,663a8c84b8e7c046d854c8dd,1956.199999988079,1956.199999988079,1,49,right-7,right,right-dark,dark-up,greater-up,dual,2026-02-16 20:44:42.9180000
3014,62fbdda6e4b5a034b71296f8,969,969,1,53,left-9,left,left-dark,dark-up,greater-up,dual,2026-02-16 20:44:43.1910000
3015,663a8c84b8e7c046d854c8dd,1221.6000000238419,1221.6000000238419,1,50,right-3,right,right-dark,light-up,fewer-up,dual,2026-02-16 20:44:44.6510000
3016,62fbdda6e4b5a034b71296f8,2554,2554,1,54,right-8,left,right-dark,dark-up,fewer-up,dual,2026-02-16 20:44:46.2760000
3017,663a8c84b8e7c046d854c8dd,2081.400000035763,2081.400000035763,0,51,left-0,right,left-dark,dark-up,greater-up,dual,2026-02-16 20:44:47.2350000
3018,62fbdda6e4b5a034b71296f8,1252,1252,1,55,left-2,right,left-dark,light-up,greater-up,dual,2026-02-16 20:44:48.0370000
3019,663a8c84b8e7c046d854c8dd,2774.100000023842,2774.100000023842,1,52,right-9,left,right-dark,light-up,greater-up,dual,2026-02-16 20:44:51.5450000
3020,62fbdda6e4b5a034b71296f8,2768,2768,1,56,right-2,left,right-dark,light-up,greater-up,dual,2026-02-16 20:44:51.3120000
3021,663a8c84b8e7c046d854c8dd,1932.199999988079,1932.199999988079,1,53,left-5,left,left-dark,light-up,fewer-up,dual,2026-02-16 20:44:53.9860000
3022,62fbdda6e4b5a034b71296f8,2505,2505,1,57,left-5,right,left-dark,dark-up,fewer-up,dual,2026-02-16 20:44:54.3270000
3023,663a8c84b8e7c046d854c8dd,1458.9000000357628,1458.9000000357628,1,54,left-9,right,left-dark,light-up,greater-up,dual,2026-02-16 20:44:55.9570000
3024,62fbdda6e4b5a034b71296f8,2189,2189,1,58,right-6,left,right-dark,dark-up,fewer-up,dual,2026-02-16 20:44:57.0300000
3025,663a8c84b8e7c046d854c8dd,2308,2308,1,55,right-6,right,right-dark,light-up,fewer-up,dual,2026-02-16 20:44:58.7780000
3026,62fbdda6e4b5a034b71296f8,1777,1777,0,59,left-6,right,left-dark,dark-up,greater-up,dual,2026-02-16 20:44:59.3200000
3027,663a8c84b8e7c046d854c8dd,3040,3040,1,56,left-9,right,left-dark,dark-up,fewer-up,dual,2026-02-16 20:45:02.3340000
3028,663a8c84b8e7c046d854c8dd,1293.800000011921,1293.800000011921,1,57,right-5,right,right-dark,light-up,fewer-up,dual,2026-02-16 20:45:04.1460000
3029,62fbdda6e4b5a034b71296f8,1438,1438,1,60,right-6,right,right-dark,light-up,fewer-up,dual,2026-02-16 20:45:05.2630000
3030,663a8c84b8e7c046d854c8dd,1676.800000011921,1676.800000011921,1,58,left-0,right,left-dark,light-up,greater-up,dual,2026-02-16 20:45:06.3270000
3031,663a8c84b8e7c046d854c8dd,2521.400000035763,2521.400000035763,1,59,right-3,right,right-dark,dark-up,greater-up,dual,2026-02-16 20:45:09.3560000
3032,62fbdda6e4b5a034b71296f8,4970,4970,1,61,right-8,left,right-dark,light-up,greater-up,dual,2026-02-16 20:45:10.7490000
3033,62fbdda6e4b5a034b71296f8,2079,2079,1,62,right-9,left,right-dark,dark-up,fewer-up,dual,2026-02-16 20:45:13.3340000
3034,663a8c84b8e7c046d854c8dd,2532.399999976158,2532.399999976158,1,60,left-4,right,left-dark,dark-up,fewer-up,dual,2026-02-16 20:45:14.4380000
3035,62fbdda6e4b5a034b71296f8,1336,1336,1,63,left-3,right,left-dark,light-up,greater-up,dual,2026-02-16 20:45:15.1900000
3036,663a8c84b8e7c046d854c8dd,2311.399999976158,2311.399999976158,1,61,left-7,right,left-dark,dark-up,fewer-up,dual,2026-02-16 20:45:17.2620000
3037,62fbdda6e4b5a034b71296f8,1790,1790,1,64,left-4,left,left-dark,light-up,fewer-up,dual,2026-02-16 20:45:17.4870000
3038,663a8c84b8e7c046d854c8dd,1752.800000011921,1752.800000011921,1,62,right-1,left,right-dark,light-up,greater-up,dual,2026-02-16 20:45:19.5320000
3039,62fbdda6e4b5a034b71296f8,2234,2234,0,65,right-2,left,right-dark,light-up,fewer-up,dual,2026-02-16 20:45:20.2240000
3040,663a8c84b8e7c046d854c8dd,1283.5999999642372,1283.5999999642372,1,63,right-6,right,right-dark,dark-up,greater-up,dual,2026-02-16 20:45:21.3250000
3041,663a8c84b8e7c046d854c8dd,1258.1000000238419,1258.1000000238419,1,64,left-2,left,left-dark,light-up,fewer-up,dual,2026-02-16 20:45:23.0970000
3042,62fbdda6e4b5a034b71296f8,1467,1467,1,66,right-0,left,right-dark,dark-up,fewer-up,dual,2026-02-16 20:45:23.2170000
3043,663a8c84b8e7c046d854c8dd,1020.1000000238419,1020.1000000238419,1,65,left-3,right,left-dark,light-up,greater-up,dual,2026-02-16 20:45:24.6210000
3044,62fbdda6e4b5a034b71296f8,1887,1887,0,67,left-8,left,left-dark,light-up,greater-up,dual,2026-02-16 20:45:25.6140000
3045,663a8c84b8e7c046d854c8dd,1918.699999988079,1918.699999988079,1,66,left-7,left,left-dark,light-up,fewer-up,dual,2026-02-16 20:45:27.0430000
3046,663a8c84b8e7c046d854c8dd,1192,1192,1,67,right-2,right,right-dark,light-up,fewer-up,dual,2026-02-16 20:45:28.7380000
3047,62fbdda6e4b5a034b71296f8,1119,1119,1,68,right-6,right,right-dark,dark-up,greater-up,dual,2026-02-16 20:45:28.2410000
3048,663a8c84b8e7c046d854c8dd,1168.699999988079,1168.699999988079,1,68,right-4,right,right-dark,dark-up,greater-up,dual,2026-02-16 20:45:30.4250000
3049,62fbdda6e4b5a034b71296f8,1408,1408,1,69,left-5,left,left-dark,dark-up,greater-up,dual,2026-02-16 20:45:30.1640000
3050,663a8c84b8e7c046d854c8dd,2266.100000023842,2266.100000023842,1,69,right-3,left,right-dark,dark-up,fewer-up,dual,2026-02-16 20:45:33.2010000
3051,62fbdda6e4b5a034b71296f8,1902,1902,1,70,left-1,right,left-dark,light-up,greater-up,dual,2026-02-16 20:45:32.5840000
3052,663a8c84b8e7c046d854c8dd,1132.3999999761581,1132.3999999761581,1,70,right-7,left,right-dark,light-up,greater-up,dual,2026-02-16 20:45:34.8380000
3053,62fbdda6e4b5a034b71296f8,1552,1552,1,71,left-8,left,left-dark,light-up,fewer-up,dual,2026-02-16 20:45:34.6480000
3054,663a8c84b8e7c046d854c8dd,1358.3999999761581,1358.3999999761581,1,71,left-8,left,left-dark,light-up,fewer-up,dual,2026-02-16 20:45:36.7190000
3055,62fbdda6e4b5a034b71296f8,1051,1051,1,72,left-0,left,left-dark,dark-up,greater-up,dual,2026-02-16 20:45:36.2070000
3056,663a8c84b8e7c046d854c8dd,1334.5999999642372,1334.5999999642372,1,72,right-5,left,right-dark,light-up,greater-up,dual,2026-02-16 20:45:38.5640000
3057,62fbdda6e4b5a034b71296f8,1003,1003,1,73,left-3,left,left-dark,dark-up,greater-up,dual,2026-02-16 20:45:37.7280000
3058,663a8c84b8e7c046d854c8dd,1172.300000011921,1172.300000011921,1,73,left-4,left,left-dark,dark-up,greater-up,dual,2026-02-16 20:45:40.2410000
3059,62fbdda6e4b5a034b71296f8,1616,1616,1,74,right-8,right,right-dark,light-up,fewer-up,dual,2026-02-16 20:45:39.8510000
3060,663a8c84b8e7c046d854c8dd,1227.9000000357628,1227.9000000357628,1,74,right-4,right,right-dark,light-up,fewer-up,dual,2026-02-16 20:45:41.9750000
3061,62fbdda6e4b5a034b71296f8,1271,1271,1,75,right-7,right,right-dark,light-up,fewer-up,dual,2026-02-16 20:45:41.6330000
3062,663a8c84b8e7c046d854c8dd,1164.4000000357628,1164.4000000357628,1,75,right-2,left,right-dark,light-up,greater-up,dual,2026-02-16 20:45:43.6440000
3063,62fbdda6e4b5a034b71296f8,1990,1990,1,76,left-5,right,left-dark,light-up,greater-up,dual,2026-02-16 20:45:44.1300000
3064,663a8c84b8e7c046d854c8dd,1547.199999988079,1547.199999988079,1,76,left-2,left,left-dark,dark-up,greater-up,dual,2026-02-16 20:45:45.7080000
3065,62fbdda6e4b5a034b71296f8,2092,2092,1,77,left-9,left,left-dark,light-up,fewer-up,dual,2026-02-16 20:45:46.7340000
3066,663a8c84b8e7c046d854c8dd,2961.100000023842,2961.100000023842,1,77,right-0,right,right-dark,light-up,fewer-up,dual,2026-02-16 20:45:49.1840000
3067,62fbdda6e4b5a034b71296f8,1745,1745,1,78,left-4,right,left-dark,light-up,greater-up,dual,2026-02-16 20:45:48.9850000
3068,663a8c84b8e7c046d854c8dd,1972.199999988079,1972.199999988079,1,78,right-7,left,right-dark,dark-up,fewer-up,dual,2026-02-16 20:45:51.6600000
3069,62fbdda6e4b5a034b71296f8,2273,2273,1,79,right-3,right,right-dark,dark-up,greater-up,dual,2026-02-16 20:45:51.7610000
3070,663a8c84b8e7c046d854c8dd,1868.699999988079,1868.699999988079,1,79,right-3,left,right-dark,light-up,greater-up,dual,2026-02-16 20:45:54.0320000
3071,67a8d4209cbe02ab001f208a,5213.200000017881,5213.200000017881,1,0,right-2,left,right-dark,dark-up,fewer-up,dual,2026-02-16 20:47:21.0000000
3072,67a8d4209cbe02ab001f208a,1941,1941,1,1,left-2,right,left-dark,light-up,greater-up,dual,2026-02-16 20:47:23.4480000
3073,67a8d4209cbe02ab001f208a,3222.899999976158,3222.899999976158,1,2,right-7,left,right-dark,light-up,greater-up,dual,2026-02-16 20:47:27.1800000
3074,67a8d4209cbe02ab001f208a,2039.300000011921,2039.300000011921,1,3,right-3,left,right-dark,light-up,greater-up,dual,2026-02-16 20:47:29.7280000
3075,67a8d4209cbe02ab001f208a,2406.4000000059605,2406.4000000059605,1,4,right-0,right,right-dark,light-up,fewer-up,dual,2026-02-16 20:47:32.6390000
3076,67a8d4209cbe02ab001f208a,1739.5999999940395,1739.5999999940395,1,5,left-8,left,left-dark,light-up,fewer-up,dual,2026-02-16 20:47:34.8900000
3077,67a8d4209cbe02ab001f208a,1691.7999999821186,1691.7999999821186,1,6,left-6,right,left-dark,dark-up,fewer-up,dual,2026-02-16 20:47:37.0910000
3078,67a8d4209cbe02ab001f208a,1107.0999999940395,1107.0999999940395,1,7,left-6,left,left-dark,dark-up,greater-up,dual,2026-02-16 20:47:38.7050000
3079,67a8d4209cbe02ab001f208a,1698.5,1698.5,1,8,left-2,left,left-dark,light-up,fewer-up,dual,2026-02-16 20:47:40.9150000
3080,67a8d4209cbe02ab001f208a,2915.2000000178814,2915.2000000178814,1,9,left-8,left,left-dark,dark-up,greater-up,dual,2026-02-16 20:47:44.3320000
3081,67a8d4209cbe02ab001f208a,2346.5,2346.5,1,10,right-8,right,right-dark,dark-up,greater-up,dual,2026-02-16 20:47:47.1930000
3082,67a8d4209cbe02ab001f208a,1402.4000000059605,1402.4000000059605,1,11,right-1,right,right-dark,dark-up,greater-up,dual,2026-02-16 20:47:49.1070000
3083,67a8d4209cbe02ab001f208a,3598.300000011921,3598.300000011921,1,12,left-9,right,left-dark,light-up,greater-up,dual,2026-02-16 20:47:53.2230000
3084,67a8d4209cbe02ab001f208a,1559.6000000238419,1559.6000000238419,1,13,left-4,right,left-dark,dark-up,fewer-up,dual,2026-02-16 20:47:55.2930000
3085,67a8d4209cbe02ab001f208a,2132.2999999821186,2132.2999999821186,1,14,left-7,left,left-dark,dark-up,greater-up,dual,2026-02-16 20:47:57.9280000
3086,67a8d4209cbe02ab001f208a,6053.700000017881,6053.700000017881,1,15,left-4,left,left-dark,light-up,fewer-up,dual,2026-02-16 20:48:04.4870000
3087,67a8d4209cbe02ab001f208a,2473.699999988079,2473.699999988079,1,16,right-8,left,right-dark,light-up,greater-up,dual,2026-02-16 20:48:07.4750000
3088,67a8d4209cbe02ab001f208a,1292.699999988079,1292.699999988079,1,17,right-8,left,right-dark,dark-up,fewer-up,dual,2026-02-16 20:48:09.2710000
3089,67a8d4209cbe02ab001f208a,5900.5,5900.5,1,18,right-2,right,right-dark,light-up,fewer-up,dual,2026-02-16 20:48:15.6750000
3090,67a8d4209cbe02ab001f208a,3180.699999988079,3180.699999988079,1,19,left-3,left,left-dark,light-up,fewer-up,dual,2026-02-16 20:48:19.3700000
3091,67a8d4209cbe02ab001f208a,4444.299999982119,4444.299999982119,1,20,right-4,right,right-dark,light-up,fewer-up,dual,2026-02-16 20:48:28.5680000
3092,67a8d4209cbe02ab001f208a,2655.0999999940395,2655.0999999940395,1,21,left-0,left,left-dark,light-up,fewer-up,dual,2026-02-16 20:48:31.7280000
3093,67a8d4209cbe02ab001f208a,1493,1493,1,22,left-1,left,left-dark,dark-up,greater-up,dual,2026-02-16 20:48:33.7260000
3094,67a8d4209cbe02ab001f208a,1443.4000000059605,1443.4000000059605,1,23,left-7,right,left-dark,dark-up,fewer-up,dual,2026-02-16 20:48:35.6830000
3095,67a8d4209cbe02ab001f208a,2209.199999988079,2209.199999988079,1,24,left-7,right,left-dark,light-up,greater-up,dual,2026-02-16 20:48:38.3970000
3096,67a8d4209cbe02ab001f208a,1374.5999999940395,1374.5999999940395,1,25,left-5,left,left-dark,light-up,fewer-up,dual,2026-02-16 20:48:40.2770000
3097,67a8d4209cbe02ab001f208a,5076.5999999940395,5076.5999999940395,1,26,right-3,right,right-dark,light-up,fewer-up,dual,2026-02-16 20:48:45.8570000
3098,67a8d4209cbe02ab001f208a,1781.9000000059605,1781.9000000059605,1,27,right-7,right,right-dark,dark-up,greater-up,dual,2026-02-16 20:48:48.1480000
3099,67a8d4209cbe02ab001f208a,2930.0999999940395,2930.0999999940395,1,28,left-2,left,left-dark,dark-up,greater-up,dual,2026-02-16 20:48:51.5860000
3100,67a8d4209cbe02ab001f208a,1762.199999988079,1762.199999988079,1,29,right-6,left,right-dark,dark-up,fewer-up,dual,2026-02-16 20:48:53.8620000
3101,67a8d4209cbe02ab001f208a,2399.5999999940395,2399.5999999940395,1,30,left-1,right,left-dark,dark-up,fewer-up,dual,2026-02-16 20:48:56.7670000
3102,67a8d4209cbe02ab001f208a,905.3000000119209,905.3000000119209,1,31,left-5,right,left-dark,dark-up,fewer-up,dual,2026-02-16 20:48:58.1900000
3103,67a8d4209cbe02ab001f208a,2411.9000000059605,2411.9000000059605,1,32,right-5,left,right-dark,light-up,greater-up,dual,2026-02-16 20:49:01.1150000
3104,67a8d4209cbe02ab001f208a,2974,2974,0,33,right-7,right,right-dark,dark-up,fewer-up,dual,2026-02-16 20:49:04.5980000
3105,67a8d4209cbe02ab001f208a,1843,1843,1,34,left-4,right,left-dark,light-up,greater-up,dual,2026-02-16 20:49:07.9700000
3106,67a8d4209cbe02ab001f208a,6233.699999988079,6233.699999988079,1,35,left-9,right,left-dark,dark-up,fewer-up,dual,2026-02-16 20:49:14.7060000
3107,67a8d4209cbe02ab001f208a,2327.2000000178814,2327.2000000178814,1,36,left-7,left,left-dark,light-up,fewer-up,dual,2026-02-16 20:49:17.5440000
3108,67a8d4209cbe02ab001f208a,1448,1448,1,37,right-4,left,right-dark,dark-up,fewer-up,dual,2026-02-16 20:49:19.4990000
3109,67a8d4209cbe02ab001f208a,1734.4000000059605,1734.4000000059605,1,38,left-1,right,left-dark,light-up,greater-up,dual,2026-02-16 20:49:21.7510000
3110,67a8d4209cbe02ab001f208a,976.4000000059605,976.4000000059605,1,39,left-3,right,left-dark,light-up,greater-up,dual,2026-02-16 20:49:23.2410000
3111,67a8d4209cbe02ab001f208a,2542.2999999821186,2542.2999999821186,1,40,left-8,right,left-dark,light-up,greater-up,dual,2026-02-16 20:49:31.5050000
3112,67a8d4209cbe02ab001f208a,1340.5999999940395,1340.5999999940395,1,41,left-2,right,left-dark,dark-up,fewer-up,dual,2026-02-16 20:49:33.3530000
3113,67a8d4209cbe02ab001f208a,2896.7000000178814,2896.7000000178814,1,42,right-6,right,right-dark,dark-up,greater-up,dual,2026-02-16 20:49:36.7580000
3114,67a8d4209cbe02ab001f208a,1959.300000011921,1959.300000011921,1,43,left-3,right,left-dark,dark-up,fewer-up,dual,2026-02-16 20:49:39.2300000
3115,67a8d4209cbe02ab001f208a,1563.300000011921,1563.300000011921,1,44,left-6,left,left-dark,light-up,fewer-up,dual,2026-02-16 20:49:41.3100000
3116,67a8d4209cbe02ab001f208a,1478.5,1478.5,1,45,right-9,right,right-dark,light-up,fewer-up,dual,2026-02-16 20:49:43.3070000
3117,67a8d4209cbe02ab001f208a,1463.8999999761581,1463.8999999761581,1,46,left-0,right,left-dark,light-up,greater-up,dual,2026-02-16 20:49:45.2760000
3118,67a8d4209cbe02ab001f208a,2100.800000011921,2100.800000011921,1,47,right-6,left,right-dark,light-up,greater-up,dual,2026-02-16 20:49:47.8810000
3119,67a8d4209cbe02ab001f208a,1549.4000000059605,1549.4000000059605,1,48,left-4,left,left-dark,dark-up,greater-up,dual,2026-02-16 20:49:49.9430000
3120,67a8d4209cbe02ab001f208a,812.4000000059605,812.4000000059605,1,49,left-9,left,left-dark,dark-up,greater-up,dual,2026-02-16 20:49:51.2750000
3121,67a8d4209cbe02ab001f208a,749.5999999940395,749.5999999940395,1,50,left-0,left,left-dark,dark-up,greater-up,dual,2026-02-16 20:49:52.5300000
3122,67a8d4209cbe02ab001f208a,3561.5999999940395,3561.5999999940395,1,51,right-1,left,right-dark,light-up,greater-up,dual,2026-02-16 20:49:56.6080000
3123,67a8d4209cbe02ab001f208a,1358.9000000059605,1358.9000000059605,1,52,right-3,left,right-dark,dark-up,fewer-up,dual,2026-02-16 20:49:58.4790000
3124,67a8d4209cbe02ab001f208a,1335.699999988079,1335.699999988079,1,53,right-2,right,right-dark,dark-up,greater-up,dual,2026-02-16 20:50:00.3270000
3125,6754246c81ce61cb6ffe887f,3458.5999999046326,3458.5999999046326,0,0,left-2,left,left-dark,dark-up,fewer-up,dual,2026-02-16 20:50:01.0180000
3126,67a8d4209cbe02ab001f208a,1674.800000011921,1674.800000011921,1,54,left-6,right,left-dark,light-up,greater-up,dual,2026-02-16 20:50:02.5170000
3127,67a8d4209cbe02ab001f208a,1220.699999988079,1220.699999988079,1,55,right-7,right,right-dark,light-up,fewer-up,dual,2026-02-16 20:50:04.2550000
3128,6754246c81ce61cb6ffe887f,3413.800000190735,3413.800000190735,0,1,right-2,right,right-dark,dark-up,fewer-up,dual,2026-02-16 20:50:05.9560000
3129,67a8d4209cbe02ab001f208a,2268.5,2268.5,1,56,left-9,left,left-dark,light-up,fewer-up,dual,2026-02-16 20:50:07.0290000
3130,6754246c81ce61cb6ffe887f,1626,1626,0,2,right-2,left,right-dark,light-up,fewer-up,dual,2026-02-16 20:50:09.1050000
3131,67a8d4209cbe02ab001f208a,3260.2999999821186,3260.2999999821186,1,57,right-6,right,right-dark,light-up,fewer-up,dual,2026-02-16 20:50:10.8010000
3132,67a8d4209cbe02ab001f208a,2114.699999988079,2114.699999988079,1,58,right-3,right,right-dark,dark-up,greater-up,dual,2026-02-16 20:50:13.4320000
3133,67a8d4209cbe02ab001f208a,913.6999999880791,913.6999999880791,1,59,right-5,right,right-dark,light-up,fewer-up,dual,2026-02-16 20:50:14.8520000
3134,6754246c81ce61cb6ffe887f,3680.7999999523163,3680.7999999523163,0,3,right-6,left,right-dark,dark-up,greater-up,dual,2026-02-16 20:50:14.3070000
3135,6754246c81ce61cb6ffe887f,2502.5999999046326,2502.5999999046326,1,4,right-6,right,right-dark,light-up,fewer-up,dual,2026-02-16 20:50:18.3330000
3136,6754246c81ce61cb6ffe887f,2635.4000000953674,2635.4000000953674,1,5,left-0,left,left-dark,light-up,fewer-up,dual,2026-02-16 20:50:21.4770000
3137,6754246c81ce61cb6ffe887f,3149.0999999046326,3149.0999999046326,1,6,right-9,left,right-dark,light-up,greater-up,dual,2026-02-16 20:50:25.1430000
3138,67a8d4209cbe02ab001f208a,3378.800000011921,3378.800000011921,1,60,left-3,left,left-dark,dark-up,greater-up,dual,2026-02-16 20:50:27.1030000
3139,6754246c81ce61cb6ffe887f,2760.2000000476837,2760.2000000476837,1,7,left-4,left,left-dark,light-up,fewer-up,dual,2026-02-16 20:50:28.4070000
3140,67a8d4209cbe02ab001f208a,3419.0999999940395,3419.0999999940395,1,61,right-8,right,right-dark,light-up,fewer-up,dual,2026-02-16 20:50:31.0390000
3141,6754246c81ce61cb6ffe887f,2600.0999999046326,2600.0999999046326,0,8,right-6,right,right-dark,dark-up,fewer-up,dual,2026-02-16 20:50:31.5140000
3142,67a8d4209cbe02ab001f208a,2070.800000011921,2070.800000011921,1,62,right-9,right,right-dark,dark-up,greater-up,dual,2026-02-16 20:50:33.6130000
3143,67a8d4209cbe02ab001f208a,743.7999999821186,743.7999999821186,1,63,right-5,right,right-dark,dark-up,greater-up,dual,2026-02-16 20:50:34.8630000
3144,67a8d4209cbe02ab001f208a,2039.800000011921,2039.800000011921,1,64,right-9,left,right-dark,dark-up,fewer-up,dual,2026-02-16 20:50:37.4200000
3145,67a8d4209cbe02ab001f208a,932.4000000059605,932.4000000059605,1,65,left-0,right,left-dark,dark-up,fewer-up,dual,2026-02-16 20:50:38.8700000
3146,67a8d4209cbe02ab001f208a,2029.7999999821186,2029.7999999821186,1,66,right-1,left,right-dark,dark-up,fewer-up,dual,2026-02-16 20:50:41.4150000
3147,67a8d4209cbe02ab001f208a,2566.300000011921,2566.300000011921,1,67,right-4,right,right-dark,dark-up,greater-up,dual,2026-02-16 20:50:44.4980000
3148,67a8d4209cbe02ab001f208a,1004.2000000178814,1004.2000000178814,1,68,right-0,left,right-dark,dark-up,fewer-up,dual,2026-02-16 20:50:46.0110000
3149,6754246c81ce61cb6ffe887f,5076.099999904633,5076.099999904633,0,9,left-9,left,left-dark,dark-up,fewer-up,dual,2026-02-16 20:50:38.1050000
3150,6754246c81ce61cb6ffe887f,6227.799999952316,6227.799999952316,1,10,left-0,left,left-dark,dark-up,greater-up,dual,2026-02-16 20:50:45.8520000
3151,67a8d4209cbe02ab001f208a,958.1999999880791,958.1999999880791,1,69,right-0,left,right-dark,light-up,greater-up,dual,2026-02-16 20:50:47.4800000
3152,6754246c81ce61cb6ffe887f,2324,2324,0,11,left-2,left,left-dark,light-up,greater-up,dual,2026-02-16 20:50:48.6850000
3153,67a8d4209cbe02ab001f208a,2291.7000000178814,2291.7000000178814,1,70,right-5,left,right-dark,dark-up,fewer-up,dual,2026-02-16 20:50:50.2860000
3154,67a8d4209cbe02ab001f208a,2560.7000000178814,2560.7000000178814,1,71,right-4,left,right-dark,light-up,greater-up,dual,2026-02-16 20:50:53.3640000
3155,6754246c81ce61cb6ffe887f,3975,3975,1,12,left-3,left,left-dark,light-up,fewer-up,dual,2026-02-16 20:50:54.1760000
3156,67a8d4209cbe02ab001f208a,1395.5,1395.5,1,72,left-1,left,left-dark,light-up,fewer-up,dual,2026-02-16 20:50:55.2740000
3157,6754246c81ce61cb6ffe887f,3241.800000190735,3241.800000190735,1,13,right-3,right,right-dark,dark-up,greater-up,dual,2026-02-16 20:50:57.9270000
3158,67a8d4209cbe02ab001f208a,3572.5999999940395,3572.5999999940395,1,73,right-0,right,right-dark,dark-up,greater-up,dual,2026-02-16 20:50:59.3540000
3159,6754246c81ce61cb6ffe887f,1215.5999999046326,1215.5999999046326,0,14,left-3,left,left-dark,light-up,greater-up,dual,2026-02-16 20:50:59.6470000
3160,67a8d4209cbe02ab001f208a,1195.300000011921,1195.300000011921,1,74,right-9,left,right-dark,light-up,greater-up,dual,2026-02-16 20:51:01.0610000
3161,67a8d4209cbe02ab001f208a,2534.800000011921,2534.800000011921,1,75,left-8,right,left-dark,dark-up,fewer-up,dual,2026-02-16 20:51:04.1110000
3162,6754246c81ce61cb6ffe887f,2784.2000000476837,2784.2000000476837,0,15,left-8,left,left-dark,light-up,greater-up,dual,2026-02-16 20:51:03.9370000
3163,67a8d4209cbe02ab001f208a,2569.899999976158,2569.899999976158,1,76,left-5,right,left-dark,light-up,greater-up,dual,2026-02-16 20:51:07.1930000
3164,6754246c81ce61cb6ffe887f,3609.300000190735,3609.300000190735,0,16,left-6,left,left-dark,light-up,greater-up,dual,2026-02-16 20:51:09.0610000
3165,67a8d4209cbe02ab001f208a,2272.9000000059605,2272.9000000059605,1,77,left-5,left,left-dark,dark-up,greater-up,dual,2026-02-16 20:51:09.9710000
3166,6754246c81ce61cb6ffe887f,2310.4000000953674,2310.4000000953674,1,17,right-8,right,right-dark,light-up,fewer-up,dual,2026-02-16 20:51:12.8890000
3167,67a8d4209cbe02ab001f208a,4618.4000000059605,4618.4000000059605,1,78,right-2,left,right-dark,light-up,greater-up,dual,2026-02-16 20:51:15.1000000
3168,6754246c81ce61cb6ffe887f,1716.5999999046326,1716.5999999046326,1,18,right-9,left,right-dark,dark-up,fewer-up,dual,2026-02-16 20:51:15.1250000
3169,67a8d4209cbe02ab001f208a,1550.5999999940395,1550.5999999940395,1,79,right-1,right,right-dark,light-up,fewer-up,dual,2026-02-16 20:51:17.1630000
3170,6754246c81ce61cb6ffe887f,3845.300000190735,3845.300000190735,0,19,right-0,right,right-dark,light-up,greater-up,dual,2026-02-16 20:51:19.4840000
3171,6754246c81ce61cb6ffe887f,4995.900000095367,4995.900000095367,1,20,left-7,left,left-dark,dark-up,greater-up,dual,2026-02-16 20:51:31.7580000
3172,6754246c81ce61cb6ffe887f,2620.100000143051,2620.100000143051,0,21,left-7,left,left-dark,light-up,greater-up,dual,2026-02-16 20:51:34.8960000
3173,6754246c81ce61cb6ffe887f,1216.7999999523163,1216.7999999523163,0,22,left-0,left,left-dark,light-up,greater-up,dual,2026-02-16 20:51:37.6260000
3174,6754246c81ce61cb6ffe887f,2042.5,2042.5,0,23,right-2,right,right-dark,light-up,greater-up,dual,2026-02-16 20:51:41.1790000
3175,6754246c81ce61cb6ffe887f,2764.7999999523163,2764.7999999523163,0,24,left-4,left,left-dark,dark-up,fewer-up,dual,2026-02-16 20:51:45.4620000
3176,6754246c81ce61cb6ffe887f,2192.9000000953674,2192.9000000953674,0,25,right-0,left,right-dark,light-up,fewer-up,dual,2026-02-16 20:51:49.1710000
3177,6754246c81ce61cb6ffe887f,2420.5,2420.5,0,26,left-1,left,left-dark,dark-up,fewer-up,dual,2026-02-16 20:51:53.1130000
3178,6754246c81ce61cb6ffe887f,2875.7999999523163,2875.7999999523163,1,27,right-7,right,right-dark,light-up,fewer-up,dual,2026-02-16 20:51:57.5140000
3179,6754246c81ce61cb6ffe887f,2636.7999999523163,2636.7999999523163,0,28,left-4,left,left-dark,light-up,greater-up,dual,2026-02-16 20:52:00.6580000
3180,6754246c81ce61cb6ffe887f,1799.2000000476837,1799.2000000476837,1,29,left-4,left,left-dark,dark-up,greater-up,dual,2026-02-16 20:52:03.9840000
3181,6754246c81ce61cb6ffe887f,1884.5999999046326,1884.5999999046326,1,30,right-3,right,right-dark,light-up,fewer-up,dual,2026-02-16 20:52:06.3800000
3182,6754246c81ce61cb6ffe887f,1244.5,1244.5,0,31,left-1,right,left-dark,dark-up,greater-up,dual,2026-02-16 20:52:08.1390000
3183,6754246c81ce61cb6ffe887f,2028.9000000953674,2028.9000000953674,1,32,right-4,left,right-dark,dark-up,fewer-up,dual,2026-02-16 20:52:11.6870000
3184,6754246c81ce61cb6ffe887f,5224.299999952316,5224.299999952316,1,33,left-6,left,left-dark,light-up,fewer-up,dual,2026-02-16 20:52:17.4220000
3185,6754246c81ce61cb6ffe887f,1836.5999999046326,1836.5999999046326,0,34,left-2,right,left-dark,dark-up,greater-up,dual,2026-02-16 20:52:19.7710000
3186,6754246c81ce61cb6ffe887f,2684.7000000476837,2684.7000000476837,1,35,left-6,left,left-dark,dark-up,greater-up,dual,2026-02-16 20:52:23.9700000
3187,6754246c81ce61cb6ffe887f,2563.4000000953674,2563.4000000953674,1,36,left-8,left,left-dark,light-up,fewer-up,dual,2026-02-16 20:52:27.0440000
3188,6754246c81ce61cb6ffe887f,2083.0999999046326,2083.0999999046326,1,37,right-1,right,right-dark,dark-up,greater-up,dual,2026-02-16 20:52:29.6440000
3189,6754246c81ce61cb6ffe887f,2363.100000143051,2363.100000143051,1,38,right-7,right,right-dark,dark-up,greater-up,dual,2026-02-16 20:52:32.5250000
3190,6754246c81ce61cb6ffe887f,1379.9000000953674,1379.9000000953674,1,39,right-3,left,right-dark,dark-up,fewer-up,dual,2026-02-16 20:52:34.4110000
3191,6754246c81ce61cb6ffe887f,6116.399999856949,6116.399999856949,0,40,left-3,left,left-dark,dark-up,fewer-up,dual,2026-02-16 20:52:45.7500000
3192,6754246c81ce61cb6ffe887f,2036.5,2036.5,1,41,left-7,left,left-dark,light-up,fewer-up,dual,2026-02-16 20:52:49.3110000
3193,6754246c81ce61cb6ffe887f,1137.7999999523163,1137.7999999523163,1,42,left-9,left,left-dark,dark-up,greater-up,dual,2026-02-16 20:52:50.9620000
3194,6754246c81ce61cb6ffe887f,1990.5,1990.5,0,43,right-8,right,right-dark,light-up,greater-up,dual,2026-02-16 20:52:53.4680000
3195,6754246c81ce61cb6ffe887f,2175.7000000476837,2175.7000000476837,1,44,left-3,left,left-dark,dark-up,greater-up,dual,2026-02-16 20:52:57.1570000
3196,6754246c81ce61cb6ffe887f,4181.200000047684,4181.200000047684,1,45,right-1,right,right-dark,light-up,fewer-up,dual,2026-02-16 20:53:01.8490000
3197,6754246c81ce61cb6ffe887f,3154.699999809265,3154.699999809265,0,46,right-4,right,right-dark,light-up,greater-up,dual,2026-02-16 20:53:05.5180000
3198,6754246c81ce61cb6ffe887f,1780.2999999523163,1780.2999999523163,1,47,left-9,left,left-dark,light-up,fewer-up,dual,2026-02-16 20:53:08.8180000
3199,6754246c81ce61cb6ffe887f,2072.300000190735,2072.300000190735,1,48,left-2,left,left-dark,light-up,fewer-up,dual,2026-02-16 20:53:11.3940000
3200,6754246c81ce61cb6ffe887f,3603,3603,1,49,right-5,right,right-dark,light-up,fewer-up,dual,2026-02-16 20:53:15.5060000
3201,6754246c81ce61cb6ffe887f,2930.5999999046326,2930.5999999046326,1,50,right-5,left,right-dark,light-up,greater-up,dual,2026-02-16 20:53:18.9470000
3202,6754246c81ce61cb6ffe887f,3324,3324,0,51,left-5,left,left-dark,dark-up,fewer-up,dual,2026-02-16 20:53:22.7760000
3203,6754246c81ce61cb6ffe887f,2950.5999999046326,2950.5999999046326,0,52,left-5,right,left-dark,light-up,fewer-up,dual,2026-02-16 20:53:27.2620000
3204,6754246c81ce61cb6ffe887f,2088.600000143051,2088.600000143051,1,53,right-6,left,right-dark,light-up,greater-up,dual,2026-02-16 20:53:30.8590000
3205,6754246c81ce61cb6ffe887f,3718.4000000953674,3718.4000000953674,1,54,left-1,left,left-dark,light-up,fewer-up,dual,2026-02-16 20:53:35.0890000
3206,6754246c81ce61cb6ffe887f,1179.7000000476837,1179.7000000476837,1,55,right-4,right,right-dark,light-up,fewer-up,dual,2026-02-16 20:53:36.7780000
3207,6754246c81ce61cb6ffe887f,3001.7000000476837,3001.7000000476837,0,56,left-5,left,left-dark,light-up,greater-up,dual,2026-02-16 20:53:40.3000000
3208,6754246c81ce61cb6ffe887f,2938.9000000953674,2938.9000000953674,1,57,right-0,right,right-dark,dark-up,greater-up,dual,2026-02-16 20:53:44.7540000
3209,6754246c81ce61cb6ffe887f,1462.5999999046326,1462.5999999046326,0,58,left-9,left,left-dark,light-up,greater-up,dual,2026-02-16 20:53:46.7280000
3210,6754246c81ce61cb6ffe887f,1284.5999999046326,1284.5999999046326,1,59,left-5,left,left-dark,dark-up,greater-up,dual,2026-02-16 20:53:49.5260000
3211,6754246c81ce61cb6ffe887f,4659.799999952316,4659.799999952316,1,60,right-5,right,right-dark,dark-up,greater-up,dual,2026-02-16 20:53:58.5610000
3212,6754246c81ce61cb6ffe887f,5803.800000190735,5803.800000190735,0,61,right-7,right,right-dark,dark-up,fewer-up,dual,2026-02-16 20:54:04.8700000
3213,6754246c81ce61cb6ffe887f,2070.899999856949,2070.899999856949,1,62,right-5,left,right-dark,dark-up,fewer-up,dual,2026-02-16 20:54:08.4660000
3214,6754246c81ce61cb6ffe887f,3160,3160,0,63,right-7,right,right-dark,light-up,greater-up,dual,2026-02-16 20:54:12.1400000
3215,6754246c81ce61cb6ffe887f,3932.800000190735,3932.800000190735,1,64,left-8,left,left-dark,dark-up,greater-up,dual,2026-02-16 20:54:17.6070000
3216,6754246c81ce61cb6ffe887f,2929.0999999046326,2929.0999999046326,0,65,left-1,left,left-dark,light-up,greater-up,dual,2026-02-16 20:54:21.0430000
3217,6754246c81ce61cb6ffe887f,4707.099999904633,4707.099999904633,1,66,right-2,right,right-dark,dark-up,greater-up,dual,2026-02-16 20:54:27.2680000
3218,6754246c81ce61cb6ffe887f,1105.4000000953674,1105.4000000953674,0,67,left-8,left,left-dark,dark-up,fewer-up,dual,2026-02-16 20:54:28.8790000
3219,6754246c81ce61cb6ffe887f,2003.7000000476837,2003.7000000476837,0,68,left-6,left,left-dark,dark-up,fewer-up,dual,2026-02-16 20:54:32.4060000
3220,6754246c81ce61cb6ffe887f,3009.4000000953674,3009.4000000953674,0,69,right-8,right,right-dark,dark-up,fewer-up,dual,2026-02-16 20:54:36.9270000
3221,6754246c81ce61cb6ffe887f,104.40000009536743,104.40000009536743,1,70,right-3,left,right-dark,light-up,greater-up,dual,2026-02-16 20:54:38.5500000
3222,6754246c81ce61cb6ffe887f,2962,2962,0,71,left-7,left,left-dark,dark-up,fewer-up,dual,2026-02-16 20:54:42.0170000
3223,6754246c81ce61cb6ffe887f,1304.2999999523163,1304.2999999523163,1,72,right-8,right,right-dark,dark-up,greater-up,dual,2026-02-16 20:54:44.8440000
3224,6754246c81ce61cb6ffe887f,3527.600000143051,3527.600000143051,0,73,right-9,left,right-dark,light-up,fewer-up,dual,2026-02-16 20:54:48.8860000
3225,6754246c81ce61cb6ffe887f,2816.7000000476837,2816.7000000476837,0,74,left-0,left,left-dark,dark-up,fewer-up,dual,2026-02-16 20:54:53.2190000
3226,6754246c81ce61cb6ffe887f,1318.5999999046326,1318.5999999046326,0,75,right-1,right,right-dark,dark-up,fewer-up,dual,2026-02-16 20:54:56.0530000
3227,6754246c81ce61cb6ffe887f,2158.7000000476837,2158.7000000476837,0,76,right-4,left,right-dark,dark-up,greater-up,dual,2026-02-16 20:54:59.7400000
3228,6754246c81ce61cb6ffe887f,2769.9000000953674,2769.9000000953674,1,77,right-0,left,right-dark,dark-up,fewer-up,dual,2026-02-16 20:55:04.0310000
3229,6754246c81ce61cb6ffe887f,2235.4000000953674,2235.4000000953674,1,78,right-1,left,right-dark,light-up,greater-up,dual,2026-02-16 20:55:06.7770000
3230,6754246c81ce61cb6ffe887f,3271.7999999523163,3271.7999999523163,0,79,right-9,left,right-dark,dark-up,greater-up,dual,2026-02-16 20:55:10.5550000
3231,67e8aa454848956e5e32c19d,1046,1046,0,0,left-5,left,left-dark,light-up,greater-up,single,2026-02-16 21:11:34.7360000
3232,67e8aa454848956e5e32c19d,1347,1347,1,1,right-3,right,right-dark,light-up,fewer-up,single,2026-02-16 21:11:37.5860000
3233,67e8aa454848956e5e32c19d,513.9999999999854,513.9999999999854,1,2,left-3,left,left-dark,dark-up,greater-up,single,2026-02-16 21:11:38.6020000
3234,627a65a2439f59544115d476,746.5999994277954,746.5999994277954,0,0,left-6,left,left-dark,light-up,greater-up,single,2026-02-16 21:11:38.5160000
3235,67e8aa454848956e5e32c19d,448,448,0,3,left-2,left,left-dark,light-up,greater-up,single,2026-02-16 21:11:39.5520000
3236,627a65a2439f59544115d476,57,57,0,1,left-3,left,left-dark,light-up,greater-up,single,2026-02-16 21:11:40.0950000
3237,67e8aa454848956e5e32c19d,462,462,0,4,right-6,right,right-dark,light-up,greater-up,single,2026-02-16 21:11:41.5170000
3238,627a65a2439f59544115d476,28,28,1,2,left-2,left,left-dark,dark-up,greater-up,single,2026-02-16 21:11:41.6310000
3239,627a65a2439f59544115d476,67.60000038146973,67.60000038146973,1,3,right-9,right,right-dark,dark-up,greater-up,single,2026-02-16 21:11:42.2060000
3240,627a65a2439f59544115d476,91.09999942779541,91.09999942779541,1,4,left-6,left,left-dark,light-up,fewer-up,single,2026-02-16 21:11:42.8070000
3241,67e8aa454848956e5e32c19d,483,483,1,5,left-9,left,left-dark,dark-up,greater-up,single,2026-02-16 21:11:43.5020000
3242,627a65a2439f59544115d476,140.10000038146973,140.10000038146973,0,5,left-4,left,left-dark,light-up,greater-up,single,2026-02-16 21:11:43.4550000
3243,67e8aa454848956e5e32c19d,488,488,0,6,right-1,right,right-dark,dark-up,fewer-up,single,2026-02-16 21:11:44.4920000
3244,627a65a2439f59544115d476,87.59999942779541,87.59999942779541,1,6,right-4,left,right-dark,dark-up,fewer-up,single,2026-02-16 21:11:45.0590000
3245,627a65a2439f59544115d476,174.30000019073486,174.30000019073486,0,7,left-0,left,left-dark,dark-up,fewer-up,single,2026-02-16 21:11:45.7390000
3246,67e8aa454848956e5e32c19d,499,499,0,7,right-1,right,right-dark,light-up,greater-up,single,2026-02-16 21:11:46.4940000
3247,627a65a2439f59544115d476,72.39999961853027,72.39999961853027,1,8,right-6,left,right-dark,dark-up,fewer-up,single,2026-02-16 21:11:47.3290000
3248,627a65a2439f59544115d476,176.29999923706055,176.29999923706055,1,9,left-1,right,left-dark,dark-up,fewer-up,single,2026-02-16 21:11:48.0100000
3249,67e8aa454848956e5e32c19d,489,489,1,8,right-7,right,right-dark,light-up,fewer-up,single,2026-02-16 21:11:48.4860000
3250,627a65a2439f59544115d476,71.10000038146973,71.10000038146973,1,10,right-1,left,right-dark,dark-up,fewer-up,single,2026-02-16 21:11:48.5930000
3251,627a65a2439f59544115d476,38.20000076293945,38.20000076293945,0,11,left-8,right,left-dark,light-up,fewer-up,single,2026-02-16 21:11:49.1380000
3252,67e8aa454848956e5e32c19d,498,498,1,9,right-0,right,right-dark,dark-up,greater-up,single,2026-02-16 21:11:49.4870000
3253,67e8aa454848956e5e32c19d,497,497,0,10,left-2,left,left-dark,dark-up,fewer-up,single,2026-02-16 21:11:50.4860000
3254,627a65a2439f59544115d476,10.600000381469727,10.600000381469727,0,12,left-3,left,left-dark,dark-up,fewer-up,single,2026-02-16 21:11:50.6670000
3255,627a65a2439f59544115d476,19.40000057220459,19.40000057220459,1,13,right-3,right,right-dark,dark-up,greater-up,single,2026-02-16 21:11:52.2020000
3256,67e8aa454848956e5e32c19d,555,555,1,11,left-1,left,left-dark,dark-up,greater-up,single,2026-02-16 21:11:52.5450000
3257,627a65a2439f59544115d476,138.10000038146973,138.10000038146973,0,14,left-1,left,left-dark,light-up,greater-up,single,2026-02-16 21:11:52.8490000
3258,67e8aa454848956e5e32c19d,444,444,0,12,left-4,left,left-dark,light-up,greater-up,single,2026-02-16 21:11:53.4920000
3259,627a65a2439f59544115d476,131,131,0,15,left-5,right,left-dark,light-up,fewer-up,single,2026-02-16 21:11:54.5000000
3260,67e8aa454848956e5e32c19d,466,466,0,13,left-8,left,left-dark,dark-up,fewer-up,single,2026-02-16 21:11:55.4620000
3261,627a65a2439f59544115d476,10.300000190734863,10.300000190734863,0,16,right-6,right,right-dark,light-up,greater-up,single,2026-02-16 21:11:56.0330000
3262,67e8aa454848956e5e32c19d,478,478,0,14,right-0,right,right-dark,dark-up,fewer-up,single,2026-02-16 21:11:57.4430000
3263,627a65a2439f59544115d476,45.80000019073486,45.80000019073486,1,17,left-4,left,left-dark,dark-up,greater-up,single,2026-02-16 21:11:57.6010000
3264,627a65a2439f59544115d476,85.10000038146973,85.10000038146973,0,18,left-6,left,left-dark,dark-up,fewer-up,single,2026-02-16 21:11:58.2010000
3265,67e8aa454848956e5e32c19d,436,436,1,15,left-2,left,left-dark,light-up,fewer-up,single,2026-02-16 21:11:59.3820000
3266,627a65a2439f59544115d476,206,206,1,19,left-9,left,left-dark,light-up,fewer-up,single,2026-02-16 21:11:59.9260000
3267,67e8aa454848956e5e32c19d,397,397,0,16,left-5,left,left-dark,dark-up,fewer-up,single,2026-02-16 21:12:00.2820000
3268,67e8aa454848956e5e32c19d,599,599,0,17,right-5,right,right-dark,light-up,greater-up,single,2026-02-16 21:12:02.3840000
3269,67e8aa454848956e5e32c19d,457.00000000001455,457.00000000001455,1,18,right-1,right,right-dark,light-up,fewer-up,single,2026-02-16 21:12:04.3430000
3270,67e8aa454848956e5e32c19d,466,466,0,19,right-4,right,right-dark,light-up,greater-up,single,2026-02-16 21:12:05.3120000
3271,627a65a2439f59544115d476,837.3999996185303,837.3999996185303,1,20,left-9,left,left-dark,dark-up,greater-up,single,2026-02-16 21:12:05.3650000
3272,627a65a2439f59544115d476,157.20000076293945,157.20000076293945,0,21,left-7,right,left-dark,light-up,fewer-up,single,2026-02-16 21:12:06.0330000
3273,627a65a2439f59544115d476,275.69999980926514,275.69999980926514,0,22,right-6,left,right-dark,light-up,fewer-up,single,2026-02-16 21:12:07.8240000
3274,67e8aa454848956e5e32c19d,663,663,0,20,right-6,left,right-dark,dark-up,greater-up,single,2026-02-16 21:12:09.9150000
3275,627a65a2439f59544115d476,746.1000003814697,746.1000003814697,1,23,left-8,right,left-dark,light-up,greater-up,single,2026-02-16 21:12:10.0930000
3276,627a65a2439f59544115d476,702.8000001907349,702.8000001907349,0,24,right-0,right,right-dark,light-up,greater-up,single,2026-02-16 21:12:11.3120000
3277,67e8aa454848956e5e32c19d,480.99999999998545,480.99999999998545,1,21,left-0,right,left-dark,dark-up,fewer-up,single,2026-02-16 21:12:11.9000000
3278,67e8aa454848956e5e32c19d,410.9999999999709,410.9999999999709,0,22,right-4,left,right-dark,dark-up,greater-up,single,2026-02-16 21:12:12.8130000
3279,627a65a2439f59544115d476,1144.3000001907349,1144.3000001907349,1,25,right-5,left,right-dark,dark-up,fewer-up,single,2026-02-16 21:12:13.9800000
3280,60dbf4d94a3b5564b68881e8,2178,2178,0,0,right-4,right,right-dark,dark-up,fewer-up,dual,2026-02-16 21:12:14.6160000
3281,67e8aa454848956e5e32c19d,397,397,1,23,right-3,right,right-dark,dark-up,greater-up,single,2026-02-16 21:12:14.7120000
3282,627a65a2439f59544115d476,530.5,530.5,0,26,right-3,left,right-dark,light-up,fewer-up,single,2026-02-16 21:12:15.0230000
3283,67e8aa454848956e5e32c19d,513,513,0,24,right-0,right,right-dark,light-up,greater-up,single,2026-02-16 21:12:15.7270000
3284,627a65a2439f59544115d476,70.19999980926514,70.19999980926514,1,27,left-0,left,left-dark,dark-up,greater-up,single,2026-02-16 21:12:16.6160000
3285,627a65a2439f59544115d476,42.5,42.5,1,28,right-4,right,right-dark,light-up,fewer-up,single,2026-02-16 21:12:17.1650000
3286,627a65a2439f59544115d476,82.69999980926514,82.69999980926514,1,29,left-7,left,left-dark,dark-up,greater-up,single,2026-02-16 21:12:17.7500000
3287,60dbf4d94a3b5564b68881e8,1881.7999997138977,1881.7999997138977,1,1,right-9,left,right-dark,dark-up,fewer-up,dual,2026-02-16 21:12:18.0200000
3288,627a65a2439f59544115d476,284.5,284.5,0,30,right-6,left,right-dark,dark-up,greater-up,single,2026-02-16 21:12:18.5370000
3289,67e8aa454848956e5e32c19d,1867,1867,1,25,right-1,right,right-dark,dark-up,greater-up,single,2026-02-16 21:12:19.0970000
3290,60dbf4d94a3b5564b68881e8,1490.4000000953674,1490.4000000953674,1,2,left-3,left,left-dark,dark-up,greater-up,dual,2026-02-16 21:12:20.0280000
3291,627a65a2439f59544115d476,193.80000019073486,193.80000019073486,1,31,left-1,left,left-dark,dark-up,greater-up,single,2026-02-16 21:12:20.2470000
3292,627a65a2439f59544115d476,189,189,0,32,right-9,left,right-dark,light-up,fewer-up,single,2026-02-16 21:12:20.9510000
3293,67e8aa454848956e5e32c19d,2327.000000000029,2327.000000000029,1,26,left-1,right,left-dark,dark-up,fewer-up,single,2026-02-16 21:12:21.9260000
3294,60dbf4d94a3b5564b68881e8,1662.3000001907349,1662.3000001907349,1,3,left-9,left,left-dark,dark-up,greater-up,dual,2026-02-16 21:12:22.1950000
3295,627a65a2439f59544115d476,38.69999980926514,38.69999980926514,0,33,left-9,left,left-dark,light-up,greater-up,single,2026-02-16 21:12:22.5090000
3296,66aafcc3d4f933f032778877,1879.0999999642372,1879.0999999642372,0,0,right-3,left,right-dark,dark-up,greater-up,single,2026-02-16 21:12:23.4390000
3297,60dbf4d94a3b5564b68881e8,907.9000000953674,907.9000000953674,1,4,right-8,right,right-dark,dark-up,greater-up,dual,2026-02-16 21:12:23.6050000
3298,67e8aa454848956e5e32c19d,1533,1533,1,27,left-7,left,left-dark,dark-up,greater-up,single,2026-02-16 21:12:23.9610000
3299,627a65a2439f59544115d476,168.30000019073486,168.30000019073486,0,34,right-5,left,right-dark,light-up,fewer-up,single,2026-02-16 21:12:24.1950000
3300,66aafcc3d4f933f032778877,1328.300000011921,1328.300000011921,1,1,left-2,left,left-dark,dark-up,greater-up,single,2026-02-16 21:12:26.2970000
3301,60dbf4d94a3b5564b68881e8,1681.5,1681.5,1,5,left-4,right,left-dark,dark-up,fewer-up,dual,2026-02-16 21:12:25.7980000
3302,627a65a2439f59544115d476,39.19999980926514,39.19999980926514,1,35,right-5,left,right-dark,light-up,greater-up,single,2026-02-16 21:12:25.7600000
3303,627a65a2439f59544115d476,18.600000381469727,18.600000381469727,0,36,left-5,left,left-dark,light-up,greater-up,single,2026-02-16 21:12:26.2850000
3304,67e8aa454848956e5e32c19d,2214,2214,1,28,left-8,left,left-dark,dark-up,greater-up,single,2026-02-16 21:12:26.6780000
3305,66aafcc3d4f933f032778877,768.5,768.5,0,2,right-5,left,right-dark,dark-up,greater-up,single,2026-02-16 21:12:27.5810000
3306,60dbf4d94a3b5564b68881e8,1556.1999998092651,1556.1999998092651,1,6,right-0,left,right-dark,light-up,greater-up,dual,2026-02-16 21:12:27.8610000
3307,627a65a2439f59544115d476,10.800000190734863,10.800000190734863,0,37,right-8,right,right-dark,light-up,greater-up,single,2026-02-16 21:12:27.8190000
3308,67e8aa454848956e5e32c19d,1243,1243,1,29,right-5,left,right-dark,dark-up,fewer-up,single,2026-02-16 21:12:28.4230000
3309,66aafcc3d4f933f032778877,527.1999999880791,527.1999999880791,1,3,left-7,left,left-dark,light-up,fewer-up,single,2026-02-16 21:12:29.6190000
3310,643480e93c33701dfe923abd,945.0999999940395,945.0999999940395,0,0,left-4,left,left-dark,light-up,greater-up,dual,2026-02-16 21:12:29.1890000
3311,627a65a2439f59544115d476,242.30000019073486,242.30000019073486,0,38,left-8,left,left-dark,dark-up,fewer-up,single,2026-02-16 21:12:29.5700000
3312,60dbf4d94a3b5564b68881e8,1412.2000002861023,1412.2000002861023,1,7,left-3,left,left-dark,light-up,fewer-up,dual,2026-02-16 21:12:29.7910000
3313,66aafcc3d4f933f032778877,797.1000000238419,797.1000000238419,0,4,right-7,right,right-dark,light-up,greater-up,single,2026-02-16 21:12:30.9720000
3314,67e8aa454848956e5e32c19d,1743,1743,1,30,left-9,left,left-dark,light-up,fewer-up,single,2026-02-16 21:12:30.6680000
3315,60dbf4d94a3b5564b68881e8,993.6999998092651,993.6999998092651,1,8,right-0,right,right-dark,dark-up,greater-up,dual,2026-02-16 21:12:31.3030000
3316,627a65a2439f59544115d476,102.69999980926514,102.69999980926514,1,39,right-5,right,right-dark,dark-up,greater-up,single,2026-02-16 21:12:31.1970000
3317,643480e93c33701dfe923abd,652,652,1,1,right-4,right,right-dark,light-up,fewer-up,dual,2026-02-16 21:12:31.3470000
3318,66aafcc3d4f933f032778877,848.1999999880791,848.1999999880791,1,5,right-8,left,right-dark,light-up,greater-up,single,2026-02-16 21:12:33.3320000
3319,67e8aa454848956e5e32c19d,1628.999999999971,1628.999999999971,1,31,right-7,right,right-dark,dark-up,greater-up,single,2026-02-16 21:12:32.8000000
3320,60dbf4d94a3b5564b68881e8,1110.0999999046326,1110.0999999046326,1,9,right-6,left,right-dark,light-up,greater-up,dual,2026-02-16 21:12:32.9300000
3321,66aafcc3d4f933f032778877,961.5,961.5,1,6,left-6,right,left-dark,dark-up,fewer-up,single,2026-02-16 21:12:34.8020000
3322,60dbf4d94a3b5564b68881e8,953.9000000953674,953.9000000953674,1,10,left-7,right,left-dark,light-up,greater-up,dual,2026-02-16 21:12:34.3910000
3323,67e8aa454848956e5e32c19d,1309.999999999971,1309.999999999971,1,32,left-3,left,left-dark,light-up,fewer-up,single,2026-02-16 21:12:34.6110000
3324,643480e93c33701dfe923abd,2750.5,2750.5,1,2,left-4,left,left-dark,light-up,fewer-up,dual,2026-02-16 21:12:34.6010000
3325,66aafcc3d4f933f032778877,915,915,0,7,left-9,right,left-dark,light-up,fewer-up,single,2026-02-16 21:12:36.2210000
3326,627a65a2439f59544115d476,879.7000007629395,879.7000007629395,0,40,right-2,right,right-dark,dark-up,fewer-up,single,2026-02-16 21:12:35.5340000
3327,643480e93c33701dfe923abd,1112.0999999940395,1112.0999999940395,0,3,right-4,right,right-dark,light-up,greater-up,dual,2026-02-16 21:12:36.2160000
3328,60dbf4d94a3b5564b68881e8,1497.0999999046326,1497.0999999046326,1,11,left-2,right,left-dark,light-up,greater-up,dual,2026-02-16 21:12:36.4020000
3329,67e8aa454848956e5e32c19d,1673,1673,1,33,left-3,right,left-dark,dark-up,fewer-up,single,2026-02-16 21:12:36.7860000
3330,66aafcc3d4f933f032778877,599.1999999880791,599.1999999880791,0,8,left-9,left,left-dark,dark-up,fewer-up,single,2026-02-16 21:12:38.3310000
3331,627a65a2439f59544115d476,524.1000003814697,524.1000003814697,0,41,left-2,left,left-dark,light-up,greater-up,single,2026-02-16 21:12:37.5850000
3332,60dbf4d94a3b5564b68881e8,1039.1999998092651,1039.1999998092651,1,12,left-5,right,left-dark,light-up,greater-up,dual,2026-02-16 21:12:37.9440000
3333,643480e93c33701dfe923abd,745.6999999880791,745.6999999880791,1,4,left-5,left,left-dark,dark-up,greater-up,dual,2026-02-16 21:12:38.4650000
3334,67e8aa454848956e5e32c19d,1635.999999999971,1635.999999999971,1,34,left-6,right,left-dark,dark-up,fewer-up,single,2026-02-16 21:12:38.9260000
3335,66aafcc3d4f933f032778877,426.80000001192093,426.80000001192093,1,9,left-6,left,left-dark,light-up,fewer-up,single,2026-02-16 21:12:40.2730000
3336,627a65a2439f59544115d476,617.2999992370605,617.2999992370605,0,42,right-9,right,right-dark,dark-up,fewer-up,single,2026-02-16 21:12:39.7220000
3337,60dbf4d94a3b5564b68881e8,1485.5,1485.5,0,13,right-9,right,right-dark,light-up,greater-up,dual,2026-02-16 21:12:39.9410000
3338,67e8aa454848956e5e32c19d,1219.000000000029,1219.000000000029,1,35,left-2,left,left-dark,dark-up,greater-up,single,2026-02-16 21:12:40.6460000
3339,66aafcc3d4f933f032778877,909.3999999761581,909.3999999761581,0,10,right-7,left,right-dark,light-up,fewer-up,single,2026-02-16 21:12:41.6960000
3340,643480e93c33701dfe923abd,2331.199999988079,2331.199999988079,0,5,left-9,left,left-dark,dark-up,fewer-up,dual,2026-02-16 21:12:41.2990000
3341,627a65a2439f59544115d476,715,715,1,43,left-4,left,left-dark,light-up,fewer-up,single,2026-02-16 21:12:41.9510000
3342,67e8aa454848956e5e32c19d,1675,1675,1,36,right-9,left,right-dark,dark-up,fewer-up,single,2026-02-16 21:12:42.8230000
3343,60dbf4d94a3b5564b68881e8,1422,1422,1,14,right-5,left,right-dark,dark-up,fewer-up,dual,2026-02-16 21:12:42.8940000
3344,627a65a2439f59544115d476,350.9000005722046,350.9000005722046,1,44,left-4,right,left-dark,dark-up,fewer-up,single,2026-02-16 21:12:42.8130000
3345,66aafcc3d4f933f032778877,962.4000000357628,962.4000000357628,1,11,left-7,right,left-dark,light-up,greater-up,single,2026-02-16 21:12:44.1690000
3346,627a65a2439f59544115d476,86.5,86.5,1,45,right-7,left,right-dark,light-up,greater-up,single,2026-02-16 21:12:43.4110000
3347,627a65a2439f59544115d476,92.39999961853027,92.39999961853027,0,46,right-4,right,right-dark,light-up,greater-up,single,2026-02-16 21:12:44.0110000
3348,643480e93c33701dfe923abd,1755.7000000178814,1755.7000000178814,1,6,right-0,right,right-dark,dark-up,greater-up,dual,2026-02-16 21:12:44.5600000
3349,67e8aa454848956e5e32c19d,1402,1402,1,37,right-8,left,right-dark,light-up,greater-up,single,2026-02-16 21:12:44.7260000
3350,60dbf4d94a3b5564b68881e8,1872,1872,1,15,left-7,left,left-dark,dark-up,greater-up,dual,2026-02-16 21:12:45.2780000
3351,66aafcc3d4f933f032778877,1501.800000011921,1501.800000011921,1,12,left-1,right,left-dark,dark-up,fewer-up,single,2026-02-16 21:12:46.1870000
3352,627a65a2439f59544115d476,391.5,391.5,1,47,right-2,right,right-dark,dark-up,greater-up,single,2026-02-16 21:12:45.9190000
3353,693f0f6b4c24d768f41c9941,2305,2305,1,0,right-4,left,right-dark,light-up,greater-up,single,2026-02-16 21:12:46.5120000
3354,67e8aa454848956e5e32c19d,1427,1427,1,38,right-4,left,right-dark,dark-up,fewer-up,single,2026-02-16 21:12:46.6560000
3355,66aafcc3d4f933f032778877,685.3000000119209,685.3000000119209,1,13,right-9,left,right-dark,dark-up,fewer-up,single,2026-02-16 21:12:47.3830000
3356,60dbf4d94a3b5564b68881e8,944.5,944.5,1,16,left-1,left,left-dark,dark-up,greater-up,dual,2026-02-16 21:12:46.7250000
3357,643480e93c33701dfe923abd,2002.8999999761581,2002.8999999761581,1,7,left-9,left,left-dark,light-up,fewer-up,dual,2026-02-16 21:12:47.0640000
3358,627a65a2439f59544115d476,574.2999992370605,574.2999992370605,1,48,right-2,left,right-dark,light-up,greater-up,single,2026-02-16 21:12:47.0020000
3359,627a65a2439f59544115d476,63.60000038146973,63.60000038146973,1,49,left-5,right,left-dark,dark-up,fewer-up,single,2026-02-16 21:12:47.5770000
3360,693f0f6b4c24d768f41c9941,1160.999999999971,1160.999999999971,1,1,left-8,left,left-dark,dark-up,greater-up,single,2026-02-16 21:12:48.1760000
3361,66aafcc3d4f933f032778877,976.7999999523163,976.7999999523163,0,14,left-9,right,left-dark,dark-up,greater-up,single,2026-02-16 21:12:48.8630000
3362,67e8aa454848956e5e32c19d,1313.999999999971,1313.999999999971,1,39,right-8,right,right-dark,dark-up,greater-up,single,2026-02-16 21:12:48.4720000
3363,627a65a2439f59544115d476,637,637,0,50,left-2,left,left-dark,dark-up,fewer-up,single,2026-02-16 21:12:48.7300000
3364,60dbf4d94a3b5564b68881e8,2170.1000003814697,2170.1000003814697,1,17,right-9,right,right-dark,light-up,fewer-up,dual,2026-02-16 21:12:49.3990000
3365,643480e93c33701dfe923abd,2140.399999976158,2140.399999976158,0,8,right-9,right,right-dark,light-up,greater-up,dual,2026-02-16 21:12:49.7070000
3366,627a65a2439f59544115d476,217.4000005722046,217.4000005722046,1,51,right-1,right,right-dark,dark-up,greater-up,single,2026-02-16 21:12:50.4650000
3367,693f0f6b4c24d768f41c9941,2382,2382,0,2,left-9,right,left-dark,light-up,fewer-up,single,2026-02-16 21:12:51.0610000
3368,60dbf4d94a3b5564b68881e8,1125.2999997138977,1125.2999997138977,1,18,left-3,right,left-dark,light-up,greater-up,dual,2026-02-16 21:12:51.0290000
3369,627a65a2439f59544115d476,114.40000057220459,114.40000057220459,1,52,left-6,left,left-dark,dark-up,greater-up,single,2026-02-16 21:12:51.0840000
3370,66aafcc3d4f933f032778877,1822.5,1822.5,1,15,left-3,left,left-dark,dark-up,greater-up,single,2026-02-16 21:12:52.2010000
3371,627a65a2439f59544115d476,26.90000057220459,26.90000057220459,0,53,right-1,right,right-dark,light-up,greater-up,single,2026-02-16 21:12:51.6240000
3372,643480e93c33701dfe923abd,663.2000000178814,663.2000000178814,0,9,left-0,left,left-dark,dark-up,fewer-up,dual,2026-02-16 21:12:51.8770000
3373,66aafcc3d4f933f032778877,706.6000000238419,706.6000000238419,1,16,left-5,right,left-dark,light-up,greater-up,single,2026-02-16 21:12:53.4200000
3374,67e8aa454848956e5e32c19d,1663,1663,1,40,left-9,right,left-dark,dark-up,fewer-up,single,2026-02-16 21:12:53.0310000
3375,60dbf4d94a3b5564b68881e8,1627.5,1627.5,1,19,left-6,left,left-dark,light-up,fewer-up,dual,2026-02-16 21:12:53.1750000
3376,627a65a2439f59544115d476,96.19999980926514,96.19999980926514,1,54,right-7,left,right-dark,dark-up,fewer-up,single,2026-02-16 21:12:53.2390000
3377,693f0f6b4c24d768f41c9941,1233,1233,1,3,right-9,left,right-dark,dark-up,fewer-up,single,2026-02-16 21:12:53.7980000
3378,66aafcc3d4f933f032778877,446.19999998807907,446.19999998807907,0,17,left-5,right,left-dark,light-up,fewer-up,single,2026-02-16 21:12:54.3960000
3379,627a65a2439f59544115d476,33.5,33.5,1,55,right-9,left,right-dark,light-up,greater-up,single,2026-02-16 21:12:53.7860000
3380,627a65a2439f59544115d476,29.300000190734863,29.300000190734863,0,56,left-3,right,left-dark,light-up,fewer-up,single,2026-02-16 21:12:54.3240000
3381,67e8aa454848956e5e32c19d,1304,1304,1,41,right-9,right,right-dark,light-up,fewer-up,single,2026-02-16 21:12:54.8370000
3382,693f0f6b4c24d768f41c9941,901,901,1,4,right-6,right,right-dark,dark-up,greater-up,single,2026-02-16 21:12:55.2020000
3383,627a65a2439f59544115d476,32.30000019073486,32.30000019073486,1,57,right-4,right,right-dark,dark-up,greater-up,single,2026-02-16 21:12:55.8690000
3384,66aafcc3d4f933f032778877,976.1999999880791,976.1999999880791,0,18,right-8,right,right-dark,dark-up,fewer-up,single,2026-02-16 21:12:56.8980000
3385,627a65a2439f59544115d476,78.69999980926514,78.69999980926514,0,58,right-8,left,right-dark,light-up,fewer-up,single,2026-02-16 21:12:56.4600000
3386,643480e93c33701dfe923abd,3836.4000000059605,3836.4000000059605,1,10,left-1,left,left-dark,light-up,fewer-up,dual,2026-02-16 21:12:57.2180000
3387,67e8aa454848956e5e32c19d,1917,1917,1,42,right-3,left,right-dark,light-up,greater-up,single,2026-02-16 21:12:57.2560000
3388,693f0f6b4c24d768f41c9941,1719,1719,1,5,right-7,left,right-dark,dark-up,fewer-up,single,2026-02-16 21:12:57.4240000
3389,627a65a2439f59544115d476,10.399999618530273,10.399999618530273,1,59,right-3,left,right-dark,dark-up,fewer-up,single,2026-02-16 21:12:57.9920000
3390,66aafcc3d4f933f032778877,601.5,601.5,1,19,left-2,left,left-dark,light-up,fewer-up,single,2026-02-16 21:12:59.0320000
3391,643480e93c33701dfe923abd,789.5,789.5,0,11,right-1,right,right-dark,light-up,greater-up,dual,2026-02-16 21:12:58.5110000
3392,67e8aa454848956e5e32c19d,1235,1235,1,43,right-2,left,right-dark,light-up,greater-up,single,2026-02-16 21:12:58.9940000
3393,693f0f6b4c24d768f41c9941,1182,1182,1,6,left-4,right,left-dark,light-up,greater-up,single,2026-02-16 21:12:59.1090000
3394,67e8aa454848956e5e32c19d,1100,1100,1,44,right-6,right,right-dark,light-up,fewer-up,single,2026-02-16 21:13:00.5950000
3395,643480e93c33701dfe923abd,578.5999999940395,578.5999999940395,0,12,left-4,left,left-dark,dark-up,fewer-up,dual,2026-02-16 21:13:00.5930000
3396,693f0f6b4c24d768f41c9941,1292,1292,1,7,right-2,right,right-dark,dark-up,greater-up,single,2026-02-16 21:13:00.9050000
3397,67d8b5e7ceb82869824198a2,2862.5,2862.5,1,0,right-1,right,right-dark,dark-up,greater-up,single,2026-02-16 21:13:05.3040000
3398,627a65a2439f59544115d476,1048.5,1048.5,0,60,left-2,right,left-dark,light-up,fewer-up,single,2026-02-16 21:13:01.5660000
3399,693f0f6b4c24d768f41c9941,836,836,1,8,right-3,right,right-dark,dark-up,greater-up,single,2026-02-16 21:13:02.2450000
3400,67e8aa454848956e5e32c19d,1594,1594,1,45,right-7,left,right-dark,dark-up,fewer-up,single,2026-02-16 21:13:02.6920000
3401,67d8b5e7ceb82869824198a2,1339.699999988079,1339.699999988079,1,1,right-7,right,right-dark,dark-up,greater-up,single,2026-02-16 21:13:07.1470000
3402,627a65a2439f59544115d476,244.69999980926514,244.69999980926514,1,61,right-2,right,right-dark,light-up,fewer-up,single,2026-02-16 21:13:03.3250000
3403,66aafcc3d4f933f032778877,1203.7000000476837,1203.7000000476837,0,20,left-5,left,left-dark,dark-up,fewer-up,single,2026-02-16 21:13:04.2620000
3404,693f0f6b4c24d768f41c9941,1050,1050,1,9,left-0,right,left-dark,light-up,greater-up,single,2026-02-16 21:13:03.7980000
3405,627a65a2439f59544115d476,137,137,1,62,right-8,left,right-dark,dark-up,fewer-up,single,2026-02-16 21:13:03.9750000
3406,627a65a2439f59544115d476,75.19999980926514,75.19999980926514,0,63,left-0,right,left-dark,light-up,fewer-up,single,2026-02-16 21:13:04.5560000
3407,67e8aa454848956e5e32c19d,1629,1629,1,46,left-7,right,left-dark,dark-up,fewer-up,single,2026-02-16 21:13:04.8220000
3408,693f0f6b4c24d768f41c9941,848,848,1,10,left-5,left,left-dark,dark-up,greater-up,single,2026-02-16 21:13:05.1500000
3409,67d8b5e7ceb82869824198a2,1640.0999999642372,1640.0999999642372,1,2,left-4,left,left-dark,dark-up,greater-up,single,2026-02-16 21:13:09.2990000
3410,643480e93c33701dfe923abd,3285.800000011921,3285.800000011921,1,13,right-7,right,right-dark,light-up,fewer-up,dual,2026-02-16 21:13:05.3830000
3411,66aafcc3d4f933f032778877,481.80000001192093,481.80000001192093,1,21,left-3,right,left-dark,dark-up,fewer-up,single,2026-02-16 21:13:06.2670000
3412,67e8aa454848956e5e32c19d,1005,1005,1,47,left-7,left,left-dark,light-up,fewer-up,single,2026-02-16 21:13:06.3300000
3413,627a65a2439f59544115d476,95.59999942779541,95.59999942779541,0,64,right-0,left,right-dark,light-up,fewer-up,single,2026-02-16 21:13:06.1650000
3414,693f0f6b4c24d768f41c9941,1046,1046,1,11,right-0,right,right-dark,dark-up,greater-up,single,2026-02-16 21:13:06.6990000
3415,67d8b5e7ceb82869824198a2,1220.199999988079,1220.199999988079,1,3,right-8,right,right-dark,dark-up,greater-up,single,2026-02-16 21:13:11.0310000
3416,66aafcc3d4f933f032778877,1201.9000000357628,1201.9000000357628,0,22,right-6,right,right-dark,dark-up,fewer-up,single,2026-02-16 21:13:07.9730000
3417,643480e93c33701dfe923abd,1908.4000000059605,1908.4000000059605,1,14,left-8,left,left-dark,dark-up,greater-up,dual,2026-02-16 21:13:07.7940000
3418,67e8aa454848956e5e32c19d,1023.9999999999709,1023.9999999999709,1,48,right-5,right,right-dark,light-up,fewer-up,single,2026-02-16 21:13:07.8550000
3419,693f0f6b4c24d768f41c9941,882,882,1,12,right-9,right,right-dark,dark-up,greater-up,single,2026-02-16 21:13:08.0850000
3420,627a65a2439f59544115d476,627,627,0,65,left-9,left,left-dark,dark-up,fewer-up,single,2026-02-16 21:13:08.3060000
3421,67d8b5e7ceb82869824198a2,1787.199999988079,1787.199999988079,1,4,left-4,right,left-dark,light-up,greater-up,single,2026-02-16 21:13:13.3280000
3422,67e8aa454848956e5e32c19d,1097,1097,1,49,left-6,left,left-dark,light-up,fewer-up,single,2026-02-16 21:13:09.4540000
3423,693f0f6b4c24d768f41c9941,1185,1185,1,13,left-4,left,left-dark,light-up,fewer-up,single,2026-02-16 21:13:09.7720000
3424,627a65a2439f59544115d476,351.9000005722046,351.9000005722046,0,66,left-8,right,left-dark,dark-up,greater-up,single,2026-02-16 21:13:10.1810000
3425,66aafcc3d4f933f032778877,1722.5,1722.5,0,23,right-9,left,right-dark,dark-up,greater-up,single,2026-02-16 21:13:11.2060000
3426,60dbf4d94a3b5564b68881e8,1054.5999999046326,1054.5999999046326,1,20,left-7,left,left-dark,light-up,fewer-up,dual,2026-02-16 21:13:10.7900000
3427,693f0f6b4c24d768f41c9941,928,928,1,14,left-0,left,left-dark,dark-up,greater-up,single,2026-02-16 21:13:11.2030000
3428,67e8aa454848956e5e32c19d,1404,1404,1,50,right-2,left,right-dark,dark-up,fewer-up,single,2026-02-16 21:13:11.3590000
3429,643480e93c33701dfe923abd,3685.199999988079,3685.199999988079,1,15,left-4,left,left-dark,dark-up,greater-up,dual,2026-02-16 21:13:11.9820000
3430,67d8b5e7ceb82869824198a2,2550.699999988079,2550.699999988079,1,5,left-8,left,left-dark,light-up,fewer-up,single,2026-02-16 21:13:16.3920000
3431,627a65a2439f59544115d476,998.4000005722046,998.4000005722046,0,67,right-1,left,right-dark,light-up,fewer-up,single,2026-02-16 21:13:12.6890000
3432,60dbf4d94a3b5564b68881e8,1739.8000001907349,1739.8000001907349,0,21,left-0,left,left-dark,dark-up,fewer-up,dual,2026-02-16 21:13:13.0400000
3433,66aafcc3d4f933f032778877,1048,1048,0,24,left-6,right,left-dark,dark-up,greater-up,single,2026-02-16 21:13:13.7680000
3434,693f0f6b4c24d768f41c9941,1422,1422,1,15,left-1,right,left-dark,dark-up,fewer-up,single,2026-02-16 21:13:13.1290000
3435,67e8aa454848956e5e32c19d,1625,1625,1,51,left-5,left,left-dark,light-up,fewer-up,single,2026-02-16 21:13:13.4860000
3436,643480e93c33701dfe923abd,1474.2999999821186,1474.2999999821186,1,16,left-6,left,left-dark,dark-up,greater-up,dual,2026-02-16 21:13:13.9590000
3437,693f0f6b4c24d768f41c9941,1301,1301,1,16,left-8,right,left-dark,dark-up,fewer-up,single,2026-02-16 21:13:14.9330000
3438,66aafcc3d4f933f032778877,571.1999999880791,571.1999999880791,1,25,right-6,left,right-dark,light-up,greater-up,single,2026-02-16 21:13:15.8550000
3439,627a65a2439f59544115d476,757.5,757.5,1,68,right-7,right,right-dark,light-up,fewer-up,single,2026-02-16 21:13:14.9710000
3440,67e8aa454848956e5e32c19d,1299,1299,1,52,right-3,left,right-dark,dark-up,fewer-up,single,2026-02-16 21:13:15.2880000
3441,60dbf4d94a3b5564b68881e8,1123.5999999046326,1123.5999999046326,1,22,right-6,right,right-dark,dark-up,greater-up,dual,2026-02-16 21:13:15.6720000
3442,627a65a2439f59544115d476,142.5,142.5,0,69,right-0,left,right-dark,dark-up,greater-up,single,2026-02-16 21:13:15.6260000
3443,66aafcc3d4f933f032778877,655.1999999880791,655.1999999880791,0,26,right-5,right,right-dark,dark-up,fewer-up,single,2026-02-16 21:13:17.0200000
3444,67d8b5e7ceb82869824198a2,3658.5,3658.5,1,6,right-6,right,right-dark,dark-up,greater-up,single,2026-02-16 21:13:20.5650000
3445,643480e93c33701dfe923abd,1936.5999999940395,1936.5999999940395,0,17,right-5,right,right-dark,dark-up,fewer-up,dual,2026-02-16 21:13:16.3980000
3446,693f0f6b4c24d768f41c9941,1108.000000000029,1108.000000000029,1,17,left-7,left,left-dark,light-up,fewer-up,single,2026-02-16 21:13:16.5450000
3447,60dbf4d94a3b5564b68881e8,913.8999996185303,913.8999996185303,1,23,right-9,right,right-dark,dark-up,greater-up,dual,2026-02-16 21:13:17.0990000
3448,67e8aa454848956e5e32c19d,1419,1419,1,53,left-1,right,left-dark,light-up,greater-up,single,2026-02-16 21:13:17.2100000
3449,693f0f6b4c24d768f41c9941,1016,1016,1,18,left-1,left,left-dark,dark-up,greater-up,single,2026-02-16 21:13:18.0650000
3450,66aafcc3d4f933f032778877,447,447,0,27,right-2,left,right-dark,light-up,fewer-up,single,2026-02-16 21:13:18.9920000
3451,67e8aa454848956e5e32c19d,1372.999999999971,1372.999999999971,1,54,right-8,left,right-dark,dark-up,fewer-up,single,2026-02-16 21:13:19.0860000
3452,67d8b5e7ceb82869824198a2,2389.699999988079,2389.699999988079,1,7,right-7,left,right-dark,dark-up,fewer-up,single,2026-02-16 21:13:23.4640000
3453,60dbf4d94a3b5564b68881e8,1723.1999998092651,1723.1999998092651,1,24,left-2,left,left-dark,light-up,fewer-up,dual,2026-02-16 21:13:19.3330000
3454,643480e93c33701dfe923abd,1957.3999999761581,1957.3999999761581,1,18,right-0,right,right-dark,light-up,fewer-up,dual,2026-02-16 21:13:19.8600000
3455,693f0f6b4c24d768f41c9941,1344,1344,1,19,right-9,left,right-dark,light-up,greater-up,single,2026-02-16 21:13:19.9110000
3456,66aafcc3d4f933f032778877,518.1000000238419,518.1000000238419,0,28,right-4,right,right-dark,dark-up,fewer-up,single,2026-02-16 21:13:21.0400000
3457,67e8aa454848956e5e32c19d,1377.999999999971,1377.999999999971,1,55,left-0,left,left-dark,dark-up,greater-up,single,2026-02-16 21:13:20.9660000
3458,60dbf4d94a3b5564b68881e8,1581.4000000953674,1581.4000000953674,1,25,left-6,right,left-dark,dark-up,fewer-up,dual,2026-02-16 21:13:21.4170000
3459,643480e93c33701dfe923abd,1059.5,1059.5,0,19,right-5,right,right-dark,light-up,greater-up,dual,2026-02-16 21:13:21.4220000
3460,67d8b5e7ceb82869824198a2,1942.5,1942.5,1,8,left-6,right,left-dark,light-up,greater-up,single,2026-02-16 21:13:25.9160000
3461,66aafcc3d4f933f032778877,445.69999998807907,445.69999998807907,1,29,left-8,right,left-dark,light-up,greater-up,single,2026-02-16 21:13:23.0060000
3462,67e8aa454848956e5e32c19d,1794.999999999971,1794.999999999971,1,56,left-7,right,left-dark,light-up,greater-up,single,2026-02-16 21:13:23.2630000
3463,66aafcc3d4f933f032778877,503.60000002384186,503.60000002384186,0,30,left-4,left,left-dark,dark-up,fewer-up,single,2026-02-16 21:13:24.0170000
3464,67d8b5e7ceb82869824198a2,1918.800000011921,1918.800000011921,1,9,right-5,left,right-dark,dark-up,fewer-up,single,2026-02-16 21:13:28.3430000
3465,60dbf4d94a3b5564b68881e8,2613.4000000953674,2613.4000000953674,1,26,right-3,right,right-dark,dark-up,greater-up,dual,2026-02-16 21:13:24.5460000
3466,693f0f6b4c24d768f41c9941,2139,2139,1,20,right-8,right,right-dark,dark-up,greater-up,single,2026-02-16 21:13:24.7990000
3467,67e8aa454848956e5e32c19d,1274,1274,1,57,left-4,left,left-dark,light-up,fewer-up,single,2026-02-16 21:13:25.0400000
3468,66aafcc3d4f933f032778877,583.6999999880791,583.6999999880791,0,31,left-8,left,left-dark,dark-up,fewer-up,single,2026-02-16 21:13:26.1250000
3469,693f0f6b4c24d768f41c9941,906,906,1,21,left-8,right,left-dark,light-up,greater-up,single,2026-02-16 21:13:26.2090000
3470,60dbf4d94a3b5564b68881e8,1474.6999998092651,1474.6999998092651,1,27,right-7,left,right-dark,light-up,greater-up,dual,2026-02-16 21:13:26.5290000
3471,67e8aa454848956e5e32c19d,1131,1131,1,58,right-4,right,right-dark,light-up,fewer-up,single,2026-02-16 21:13:26.6730000
3472,643480e93c33701dfe923abd,915.6999999880791,915.6999999880791,0,20,right-7,right,right-dark,dark-up,fewer-up,dual,2026-02-16 21:13:26.7560000
3473,675f29c1c465ee80225d15e3,3710.300000011921,3710.300000011921,1,0,right-1,left,right-dark,light-up,greater-up,single,2026-02-16 21:13:27.0520000
3474,66aafcc3d4f933f032778877,431.69999998807907,431.69999998807907,0,32,right-4,right,right-dark,light-up,greater-up,single,2026-02-16 21:13:28.0850000
3475,693f0f6b4c24d768f41c9941,830,830,1,22,right-8,right,right-dark,light-up,fewer-up,single,2026-02-16 21:13:27.5400000
3476,67d8b5e7ceb82869824198a2,3030.399999976158,3030.399999976158,1,10,left-2,left,left-dark,light-up,fewer-up,single,2026-02-16 21:13:31.8880000
3477,60dbf4d94a3b5564b68881e8,1149.5,1149.5,1,28,right-7,right,right-dark,light-up,fewer-up,dual,2026-02-16 21:13:28.1900000
3478,67e8aa454848956e5e32c19d,1650,1650,1,59,right-7,left,right-dark,light-up,greater-up,single,2026-02-16 21:13:28.8250000
3479,693f0f6b4c24d768f41c9941,827,827,1,23,left-3,left,left-dark,dark-up,greater-up,single,2026-02-16 21:13:28.8700000
3480,643480e93c33701dfe923abd,1317,1317,0,21,right-0,right,right-dark,dark-up,fewer-up,dual,2026-02-16 21:13:29.5780000
3481,675f29c1c465ee80225d15e3,2010.4000000357628,2010.4000000357628,1,1,left-9,left,left-dark,dark-up,greater-up,single,2026-02-16 21:13:29.5720000
3482,67d8b5e7ceb82869824198a2,1606.1000000238419,1606.1000000238419,1,11,right-4,right,right-dark,dark-up,greater-up,single,2026-02-16 21:13:33.9970000
3483,66aafcc3d4f933f032778877,1355.5,1355.5,1,33,right-7,left,right-dark,dark-up,fewer-up,single,2026-02-16 21:13:30.9680000
3484,693f0f6b4c24d768f41c9941,934.0000000000291,934.0000000000291,1,24,left-6,left,left-dark,light-up,fewer-up,single,2026-02-16 21:13:30.3070000
3485,60dbf4d94a3b5564b68881e8,1871.3000001907349,1871.3000001907349,1,29,left-1,right,left-dark,light-up,greater-up,dual,2026-02-16 21:13:30.5640000
3486,643480e93c33701dfe923abd,565.7000000178814,565.7000000178814,1,22,left-2,left,left-dark,dark-up,greater-up,dual,2026-02-16 21:13:31.6490000
3487,66aafcc3d4f933f032778877,897.3999999761581,897.3999999761581,0,34,right-7,left,right-dark,dark-up,greater-up,single,2026-02-16 21:13:32.3810000
3488,675f29c1c465ee80225d15e3,1630.800000011921,1630.800000011921,1,2,left-6,right,left-dark,light-up,greater-up,single,2026-02-16 21:13:31.7080000
3489,693f0f6b4c24d768f41c9941,1314,1314,1,25,right-0,right,right-dark,light-up,fewer-up,single,2026-02-16 21:13:32.1230000
3490,67d8b5e7ceb82869824198a2,2332,2332,1,12,left-0,right,left-dark,light-up,greater-up,single,2026-02-16 21:13:36.8390000
3491,60dbf4d94a3b5564b68881e8,1773.7999997138977,1773.7999997138977,1,30,left-5,left,left-dark,light-up,fewer-up,dual,2026-02-16 21:13:32.8490000
3492,66aafcc3d4f933f032778877,551.1000000238419,551.1000000238419,0,35,right-2,right,right-dark,dark-up,fewer-up,single,2026-02-16 21:13:34.4620000
3493,675f29c1c465ee80225d15e3,1693.2999999523163,1693.2999999523163,1,3,right-6,right,right-dark,dark-up,greater-up,single,2026-02-16 21:13:33.9040000
3494,67e8aa454848956e5e32c19d,1538.999999999971,1538.999999999971,1,60,right-9,right,right-dark,dark-up,greater-up,single,2026-02-16 21:13:34.1210000
3495,643480e93c33701dfe923abd,2490,2490,1,23,right-9,right,right-dark,dark-up,greater-up,dual,2026-02-16 21:13:34.6410000
3496,60dbf4d94a3b5564b68881e8,1513.4000000953674,1513.4000000953674,1,31,left-9,right,left-dark,light-up,greater-up,dual,2026-02-16 21:13:34.8710000
3497,627a65a2439f59544115d476,17628.89999961853,17628.89999961853,0,70,right-8,left,right-dark,dark-up,greater-up,single,2026-02-16 21:13:34.7740000
3498,67d8b5e7ceb82869824198a2,2406.2999999523163,2406.2999999523163,1,13,right-2,left,right-dark,dark-up,fewer-up,single,2026-02-16 21:13:39.7630000
3499,67e8aa454848956e5e32c19d,1327.000000000029,1327.000000000029,1,61,left-0,right,left-dark,light-up,greater-up,single,2026-02-16 21:13:35.9500000
3500,675f29c1c465ee80225d15e3,1592.9000000357628,1592.9000000357628,1,4,left-4,right,left-dark,light-up,greater-up,single,2026-02-16 21:13:36.0050000
3501,693f0f6b4c24d768f41c9941,3155,3155,1,26,right-7,left,right-dark,light-up,greater-up,single,2026-02-16 21:13:35.7800000
3502,627a65a2439f59544115d476,126.80000019073486,126.80000019073486,1,71,left-1,left,left-dark,light-up,fewer-up,single,2026-02-16 21:13:36.4270000
3503,643480e93c33701dfe923abd,1526.699999988079,1526.699999988079,1,24,left-0,left,left-dark,light-up,fewer-up,dual,2026-02-16 21:13:36.6710000
3504,66aafcc3d4f933f032778877,1386.6000000238419,1386.6000000238419,1,36,right-9,left,right-dark,light-up,greater-up,single,2026-02-16 21:13:37.3760000
3505,627a65a2439f59544115d476,25.199999809265137,25.199999809265137,1,72,left-3,left,left-dark,dark-up,greater-up,single,2026-02-16 21:13:36.9680000
3506,693f0f6b4c24d768f41c9941,928.9999999999709,928.9999999999709,1,27,left-3,left,left-dark,light-up,fewer-up,single,2026-02-16 21:13:37.2120000
3507,67d8b5e7ceb82869824198a2,1594.4000000357628,1594.4000000357628,1,14,left-1,left,left-dark,dark-up,greater-up,single,2026-02-16 21:13:41.8680000
3508,627a65a2439f59544115d476,53,53,1,73,left-7,right,left-dark,dark-up,fewer-up,single,2026-02-16 21:13:37.5260000
3509,67e8aa454848956e5e32c19d,1516.000000000029,1516.000000000029,1,62,right-9,left,right-dark,light-up,greater-up,single,2026-02-16 21:13:37.9680000
3510,66aafcc3d4f933f032778877,819.1000000238419,819.1000000238419,0,37,right-5,right,right-dark,light-up,greater-up,single,2026-02-16 21:13:38.6990000
3511,60dbf4d94a3b5564b68881e8,2728,2728,1,32,left-7,right,left-dark,dark-up,fewer-up,dual,2026-02-16 21:13:38.1030000
3512,675f29c1c465ee80225d15e3,1670.800000011921,1670.800000011921,1,5,right-5,left,right-dark,dark-up,fewer-up,single,2026-02-16 21:13:38.1850000
3513,627a65a2439f59544115d476,127.80000019073486,127.80000019073486,1,74,right-0,left,right-dark,dark-up,fewer-up,single,2026-02-16 21:13:38.1590000
3514,693f0f6b4c24d768f41c9941,924,924,1,28,right-0,left,right-dark,light-up,greater-up,single,2026-02-16 21:13:38.6380000
3515,627a65a2439f59544115d476,82.19999980926514,82.19999980926514,1,75,right-7,right,right-dark,dark-up,greater-up,single,2026-02-16 21:13:38.7560000
3516,643480e93c33701dfe923abd,2121.800000011921,2121.800000011921,0,25,right-9,right,right-dark,dark-up,fewer-up,dual,2026-02-16 21:13:39.2940000
3517,627a65a2439f59544115d476,93.30000019073486,93.30000019073486,0,76,left-7,left,left-dark,light-up,greater-up,single,2026-02-16 21:13:39.3550000
3518,60dbf4d94a3b5564b68881e8,1121.4000000953674,1121.4000000953674,1,33,left-6,left,left-dark,dark-up,greater-up,dual,2026-02-16 21:13:39.7270000
3519,67e8aa454848956e5e32c19d,1299,1299,1,63,left-4,right,left-dark,dark-up,fewer-up,single,2026-02-16 21:13:39.7700000
3520,693f0f6b4c24d768f41c9941,831.9999999999709,831.9999999999709,1,29,left-4,right,left-dark,dark-up,fewer-up,single,2026-02-16 21:13:39.9720000
3521,66aafcc3d4f933f032778877,594.1000000238419,594.1000000238419,0,38,right-4,left,right-dark,light-up,fewer-up,single,2026-02-16 21:13:40.8150000
3522,67d8b5e7ceb82869824198a2,2310.7000000476837,2310.7000000476837,1,15,right-0,left,right-dark,dark-up,fewer-up,single,2026-02-16 21:13:44.6840000
3523,675f29c1c465ee80225d15e3,1817,1817,1,6,left-9,left,left-dark,light-up,fewer-up,single,2026-02-16 21:13:40.5140000
3524,627a65a2439f59544115d476,126.19999980926514,126.19999980926514,1,77,left-5,left,left-dark,dark-up,greater-up,single,2026-02-16 21:13:40.9910000
3525,693f0f6b4c24d768f41c9941,765,765,1,30,left-1,right,left-dark,light-up,greater-up,single,2026-02-16 21:13:41.2390000
3526,60dbf4d94a3b5564b68881e8,1326,1326,1,34,left-2,right,left-dark,dark-up,fewer-up,dual,2026-02-16 21:13:41.5680000
3527,66aafcc3d4f933f032778877,44.60000002384186,44.60000002384186,0,39,right-6,left,right-dark,light-up,fewer-up,single,2026-02-16 21:13:42.3860000
3528,627a65a2439f59544115d476,17,17,1,78,left-0,right,left-dark,light-up,greater-up,single,2026-02-16 21:13:41.5250000
3529,643480e93c33701dfe923abd,1449.3999999761581,1449.3999999761581,0,26,left-8,left,left-dark,dark-up,fewer-up,dual,2026-02-16 21:13:42.2490000
3530,627a65a2439f59544115d476,129.5,129.5,0,79,right-3,right,right-dark,light-up,greater-up,single,2026-02-16 21:13:42.1660000
3531,67e8aa454848956e5e32c19d,2435,2435,1,64,left-9,right,left-dark,light-up,greater-up,single,2026-02-16 21:13:42.7070000
3532,693f0f6b4c24d768f41c9941,1141.999999999971,1141.999999999971,1,31,left-9,right,left-dark,dark-up,fewer-up,single,2026-02-16 21:13:42.8840000
3533,60dbf4d94a3b5564b68881e8,1180.8000001907349,1180.8000001907349,0,35,left-0,left,left-dark,light-up,greater-up,dual,2026-02-16 21:13:43.2600000
3534,675f29c1c465ee80225d15e3,2492.899999976158,2492.899999976158,1,7,right-9,left,right-dark,dark-up,fewer-up,single,2026-02-16 21:13:43.5220000
3535,67d8b5e7ceb82869824198a2,2706.699999988079,2706.699999988079,1,16,right-5,left,right-dark,light-up,greater-up,single,2026-02-16 21:13:47.8990000
3536,693f0f6b4c24d768f41c9941,890.0000000000291,890.0000000000291,1,32,right-2,left,right-dark,dark-up,fewer-up,single,2026-02-16 21:13:44.2780000
3537,67e8aa454848956e5e32c19d,1237,1237,1,65,left-8,right,left-dark,light-up,greater-up,single,2026-02-16 21:13:44.4460000
3538,643480e93c33701dfe923abd,1787.7000000178814,1787.7000000178814,1,27,left-5,right,left-dark,dark-up,fewer-up,dual,2026-02-16 21:13:45.5410000
3539,693f0f6b4c24d768f41c9941,816,816,1,33,left-7,right,left-dark,dark-up,fewer-up,single,2026-02-16 21:13:45.5960000
3540,67d8b5e7ceb82869824198a2,1651.699999988079,1651.699999988079,1,17,right-4,right,right-dark,light-up,fewer-up,single,2026-02-16 21:13:50.0580000
3541,60dbf4d94a3b5564b68881e8,1127.8000001907349,1127.8000001907349,1,36,left-5,right,left-dark,dark-up,fewer-up,dual,2026-02-16 21:13:45.9090000
3542,675f29c1c465ee80225d15e3,1968.0999999642372,1968.0999999642372,1,8,right-2,left,right-dark,dark-up,fewer-up,single,2026-02-16 21:13:45.9970000
3543,67e8aa454848956e5e32c19d,1313,1313,1,66,left-4,left,left-dark,dark-up,greater-up,single,2026-02-16 21:13:46.2610000
3544,66aafcc3d4f933f032778877,865.6999999880791,865.6999999880791,1,40,right-1,left,right-dark,dark-up,fewer-up,single,2026-02-16 21:13:47.0770000
3545,693f0f6b4c24d768f41c9941,984,984,1,34,right-9,right,right-dark,light-up,fewer-up,single,2026-02-16 21:13:47.0830000
3546,60dbf4d94a3b5564b68881e8,1071.4000000953674,1071.4000000953674,1,37,left-4,right,left-dark,light-up,greater-up,dual,2026-02-16 21:13:47.4840000
3547,66aafcc3d4f933f032778877,685.3999999761581,685.3999999761581,1,41,right-8,right,right-dark,light-up,fewer-up,single,2026-02-16 21:13:48.2670000
3548,643480e93c33701dfe923abd,2112.0999999940395,2112.0999999940395,1,28,right-8,right,right-dark,dark-up,greater-up,dual,2026-02-16 21:13:48.1550000
3549,675f29c1c465ee80225d15e3,1706.4000000357628,1706.4000000357628,0,9,left-0,right,left-dark,light-up,fewer-up,single,2026-02-16 21:13:48.2200000
3550,693f0f6b4c24d768f41c9941,967.9999999999709,967.9999999999709,1,35,right-8,left,right-dark,dark-up,fewer-up,single,2026-02-16 21:13:48.5540000
3551,67e8aa454848956e5e32c19d,1891,1891,1,67,right-2,right,right-dark,light-up,fewer-up,single,2026-02-16 21:13:48.6540000
3552,67d8b5e7ceb82869824198a2,2381.2999999523163,2381.2999999523163,1,18,left-9,right,left-dark,light-up,greater-up,single,2026-02-16 21:13:52.9520000
3553,66aafcc3d4f933f032778877,699.4000000357628,699.4000000357628,0,42,left-1,left,left-dark,light-up,greater-up,single,2026-02-16 21:13:49.4710000
3554,60dbf4d94a3b5564b68881e8,1335.4000000953674,1335.4000000953674,1,38,right-4,right,right-dark,dark-up,greater-up,dual,2026-02-16 21:13:49.3320000
3555,693f0f6b4c24d768f41c9941,916,916,1,36,right-2,right,right-dark,light-up,fewer-up,single,2026-02-16 21:13:49.9740000
3556,67e8aa454848956e5e32c19d,1232,1232,1,68,right-2,right,right-dark,dark-up,greater-up,single,2026-02-16 21:13:50.3880000
3557,67d8b5e7ceb82869824198a2,1348.2000000476837,1348.2000000476837,1,19,left-6,left,left-dark,dark-up,greater-up,single,2026-02-16 21:13:54.8070000
3558,66aafcc3d4f933f032778877,346.39999997615814,346.39999997615814,0,43,right-0,left,right-dark,light-up,fewer-up,single,2026-02-16 21:13:51.3400000
3559,60dbf4d94a3b5564b68881e8,1278.5,1278.5,1,39,right-0,right,right-dark,light-up,fewer-up,dual,2026-02-16 21:13:51.1250000
3560,693f0f6b4c24d768f41c9941,780,780,1,37,left-6,left,left-dark,dark-up,greater-up,single,2026-02-16 21:13:51.2560000
3561,675f29c1c465ee80225d15e3,1632,1632,1,10,left-2,right,left-dark,dark-up,fewer-up,single,2026-02-16 21:13:51.3620000
3562,67e8aa454848956e5e32c19d,1208,1208,1,69,left-0,left,left-dark,light-up,fewer-up,single,2026-02-16 21:13:52.0980000
3563,643480e93c33701dfe923abd,3630.100000023842,3630.100000023842,0,29,left-8,left,left-dark,light-up,greater-up,dual,2026-02-16 21:13:52.2880000
3564,693f0f6b4c24d768f41c9941,935,935,1,38,left-9,left,left-dark,dark-up,greater-up,single,2026-02-16 21:13:52.6930000
3565,66aafcc3d4f933f032778877,886.8000000119209,886.8000000119209,1,44,left-0,left,left-dark,dark-up,greater-up,single,2026-02-16 21:13:53.7450000
3566,67e8aa454848956e5e32c19d,1134.999999999971,1134.999999999971,1,70,left-1,left,left-dark,light-up,fewer-up,single,2026-02-16 21:13:53.7350000
3567,66aafcc3d4f933f032778877,617.3999999761581,617.3999999761581,0,45,left-3,right,left-dark,light-up,fewer-up,single,2026-02-16 21:13:54.8810000
3568,693f0f6b4c24d768f41c9941,966,966,1,39,right-5,left,right-dark,light-up,greater-up,single,2026-02-16 21:13:54.1620000
3569,643480e93c33701dfe923abd,734.5,734.5,0,30,right-3,right,right-dark,dark-up,fewer-up,dual,2026-02-16 21:13:54.5280000
3570,675f29c1c465ee80225d15e3,2879.2000000476837,2879.2000000476837,1,11,right-7,left,right-dark,light-up,greater-up,single,2026-02-16 21:13:54.7440000
3571,67e8aa454848956e5e32c19d,1270,1270,1,71,right-0,right,right-dark,light-up,fewer-up,single,2026-02-16 21:13:55.5080000
3572,66aafcc3d4f933f032778877,141.80000001192093,141.80000001192093,1,46,left-4,left,left-dark,dark-up,greater-up,single,2026-02-16 21:13:56.5410000
3573,643480e93c33701dfe923abd,729,729,0,31,left-2,left,left-dark,light-up,greater-up,dual,2026-02-16 21:13:56.7620000
3574,67e8aa454848956e5e32c19d,1230.999999999971,1230.999999999971,1,72,right-6,left,right-dark,dark-up,fewer-up,single,2026-02-16 21:13:57.2410000
3575,675f29c1c465ee80225d15e3,2085,2085,1,12,left-5,right,left-dark,dark-up,fewer-up,single,2026-02-16 21:13:57.3310000
3576,66aafcc3d4f933f032778877,1561,1561,1,47,left-0,right,left-dark,dark-up,fewer-up,single,2026-02-16 21:13:58.6210000
3577,693f0f6b4c24d768f41c9941,1858.000000000029,1858.000000000029,1,40,left-2,right,left-dark,dark-up,fewer-up,single,2026-02-16 21:13:58.5030000
3578,67e8aa454848956e5e32c19d,1237,1237,1,73,right-5,right,right-dark,dark-up,greater-up,single,2026-02-16 21:13:58.9790000
3579,643480e93c33701dfe923abd,1097,1097,1,32,left-0,left,left-dark,dark-up,greater-up,dual,2026-02-16 21:13:59.3650000
3580,675f29c1c465ee80225d15e3,1687.300000011921,1687.300000011921,1,13,right-3,left,right-dark,dark-up,fewer-up,single,2026-02-16 21:13:59.5330000
3581,60dbf4d94a3b5564b68881e8,864.7000002861023,864.7000002861023,1,40,left-0,left,left-dark,dark-up,greater-up,dual,2026-02-16 21:13:59.5180000
3582,693f0f6b4c24d768f41c9941,946,946,1,41,right-0,left,right-dark,dark-up,fewer-up,single,2026-02-16 21:13:59.9530000
3583,66aafcc3d4f933f032778877,1535.5,1535.5,1,48,right-3,left,right-dark,light-up,greater-up,single,2026-02-16 21:14:00.6750000
3584,67e8aa454848956e5e32c19d,1234.999999999971,1234.999999999971,1,74,right-8,right,right-dark,light-up,fewer-up,single,2026-02-16 21:14:00.7160000
3585,60dbf4d94a3b5564b68881e8,1242.1999998092651,1242.1999998092651,1,41,left-1,left,left-dark,light-up,fewer-up,dual,2026-02-16 21:14:01.2630000
3586,67d8b5e7ceb82869824198a2,2995.100000023842,2995.100000023842,1,20,left-1,left,left-dark,light-up,fewer-up,single,2026-02-16 21:14:05.5210000
3587,675f29c1c465ee80225d15e3,1631.5,1631.5,1,14,right-1,right,right-dark,dark-up,greater-up,single,2026-02-16 21:14:01.6760000
3588,693f0f6b4c24d768f41c9941,1423.000000000029,1423.000000000029,1,42,left-4,left,left-dark,dark-up,greater-up,single,2026-02-16 21:14:01.8780000
3589,66aafcc3d4f933f032778877,1693.1000000238419,1693.1000000238419,0,49,left-1,right,left-dark,light-up,fewer-up,single,2026-02-16 21:14:02.8830000
3590,67e8aa454848956e5e32c19d,1267,1267,1,75,left-5,left,left-dark,dark-up,greater-up,single,2026-02-16 21:14:02.4850000
3591,693f0f6b4c24d768f41c9941,753,753,1,43,left-2,right,left-dark,light-up,greater-up,single,2026-02-16 21:14:03.1340000
3592,60dbf4d94a3b5564b68881e8,2429.2000002861023,2429.2000002861023,1,42,right-4,right,right-dark,light-up,fewer-up,dual,2026-02-16 21:14:04.1970000
3593,67e8aa454848956e5e32c19d,1285.999999999971,1285.999999999971,1,76,left-8,left,left-dark,light-up,fewer-up,single,2026-02-16 21:14:04.2730000
3594,693f0f6b4c24d768f41c9941,668,668,1,44,left-7,right,left-dark,light-up,greater-up,single,2026-02-16 21:14:04.3060000
3595,67d8b5e7ceb82869824198a2,2559.100000023842,2559.100000023842,1,21,right-9,left,right-dark,dark-up,fewer-up,single,2026-02-16 21:14:08.5830000
3596,675f29c1c465ee80225d15e3,2298.399999976158,2298.399999976158,1,15,right-6,right,right-dark,light-up,fewer-up,single,2026-02-16 21:14:04.4770000
3597,643480e93c33701dfe923abd,5380.0999999940395,5380.0999999940395,0,33,right-0,right,right-dark,light-up,greater-up,dual,2026-02-16 21:14:05.2470000
3598,66aafcc3d4f933f032778877,1518.3999999761581,1518.3999999761581,1,50,right-2,left,right-dark,light-up,greater-up,single,2026-02-16 21:14:06.0570000
3599,693f0f6b4c24d768f41c9941,830,830,1,45,right-7,right,right-dark,dark-up,greater-up,single,2026-02-16 21:14:05.6390000
3600,60dbf4d94a3b5564b68881e8,1218.3000001907349,1218.3000001907349,1,43,left-1,right,left-dark,dark-up,fewer-up,dual,2026-02-16 21:14:05.9200000
3601,67e8aa454848956e5e32c19d,1417,1417,1,77,left-6,left,left-dark,dark-up,greater-up,single,2026-02-16 21:14:06.1920000
3602,66aafcc3d4f933f032778877,802.2000000476837,802.2000000476837,0,51,left-2,left,left-dark,dark-up,fewer-up,single,2026-02-16 21:14:07.3720000
3603,693f0f6b4c24d768f41c9941,790,790,1,46,left-9,right,left-dark,light-up,greater-up,single,2026-02-16 21:14:06.9310000
3604,675f29c1c465ee80225d15e3,1954.1000000238419,1954.1000000238419,1,16,left-5,left,left-dark,light-up,fewer-up,single,2026-02-16 21:14:06.9340000
3605,67d8b5e7ceb82869824198a2,2397.800000011921,2397.800000011921,1,22,left-0,right,left-dark,dark-up,fewer-up,single,2026-02-16 21:14:11.4870000
3606,643480e93c33701dfe923abd,916.4000000059605,916.4000000059605,0,34,left-6,left,left-dark,light-up,greater-up,dual,2026-02-16 21:14:07.6680000
3607,67e8aa454848956e5e32c19d,1388.000000000029,1388.000000000029,1,78,left-6,right,left-dark,light-up,greater-up,single,2026-02-16 21:14:08.0830000
3608,693f0f6b4c24d768f41c9941,968.0000000000291,968.0000000000291,1,47,right-1,right,right-dark,dark-up,greater-up,single,2026-02-16 21:14:08.4030000
3609,60dbf4d94a3b5564b68881e8,2102.1000003814697,2102.1000003814697,1,44,right-2,right,right-dark,light-up,fewer-up,dual,2026-02-16 21:14:08.5240000
3610,66aafcc3d4f933f032778877,1032.9000000357628,1032.9000000357628,1,52,left-0,left,left-dark,light-up,fewer-up,single,2026-02-16 21:14:09.9260000
3611,675f29c1c465ee80225d15e3,1817.6000000238419,1817.6000000238419,1,17,left-8,right,left-dark,light-up,greater-up,single,2026-02-16 21:14:09.2630000
3612,693f0f6b4c24d768f41c9941,737,737,1,48,right-5,right,right-dark,dark-up,greater-up,single,2026-02-16 21:14:09.6430000
3613,643480e93c33701dfe923abd,652.0999999940395,652.0999999940395,1,35,left-2,left,left-dark,light-up,fewer-up,dual,2026-02-16 21:14:09.8250000
3614,67e8aa454848956e5e32c19d,1406,1406,1,79,left-3,right,left-dark,light-up,greater-up,single,2026-02-16 21:14:09.9910000
3615,67d8b5e7ceb82869824198a2,2341.600000023842,2341.600000023842,1,23,left-2,right,left-dark,dark-up,fewer-up,single,2026-02-16 21:14:14.3320000
3616,66aafcc3d4f933f032778877,541.5999999642372,541.5999999642372,0,53,right-1,right,right-dark,light-up,greater-up,single,2026-02-16 21:14:10.9850000
3617,60dbf4d94a3b5564b68881e8,1541.5,1541.5,1,45,right-7,left,right-dark,dark-up,fewer-up,dual,2026-02-16 21:14:10.5820000
3618,693f0f6b4c24d768f41c9941,755,755,1,49,right-4,right,right-dark,light-up,fewer-up,single,2026-02-16 21:14:10.9010000
3619,675f29c1c465ee80225d15e3,1414.9000000357628,1414.9000000357628,1,18,right-9,left,right-dark,light-up,greater-up,single,2026-02-16 21:14:11.1950000
3620,643480e93c33701dfe923abd,1006.5999999940395,1006.5999999940395,1,36,right-7,right,right-dark,dark-up,greater-up,dual,2026-02-16 21:14:11.3340000
3621,67d8b5e7ceb82869824198a2,1540,1540,1,24,left-5,left,left-dark,dark-up,greater-up,single,2026-02-16 21:14:16.3800000
3622,66aafcc3d4f933f032778877,426.10000002384186,426.10000002384186,1,54,right-0,left,right-dark,dark-up,fewer-up,single,2026-02-16 21:14:12.9370000
3623,60dbf4d94a3b5564b68881e8,1508.4000000953674,1508.4000000953674,1,46,left-8,right,left-dark,dark-up,fewer-up,dual,2026-02-16 21:14:12.5990000
3624,693f0f6b4c24d768f41c9941,1230,1230,1,50,right-3,left,right-dark,dark-up,fewer-up,single,2026-02-16 21:14:12.6330000
3625,643480e93c33701dfe923abd,1189.4000000059605,1189.4000000059605,0,37,right-3,right,right-dark,light-up,greater-up,dual,2026-02-16 21:14:13.0270000
3626,66aafcc3d4f933f032778877,655.8000000119209,655.8000000119209,1,55,left-1,left,left-dark,dark-up,greater-up,single,2026-02-16 21:14:14.1060000
3627,675f29c1c465ee80225d15e3,1725.8999999761581,1725.8999999761581,1,19,left-8,right,left-dark,dark-up,fewer-up,single,2026-02-16 21:14:13.4370000
3628,693f0f6b4c24d768f41c9941,658,658,1,51,left-5,right,left-dark,light-up,greater-up,single,2026-02-16 21:14:13.7950000
3629,60dbf4d94a3b5564b68881e8,1527.8000001907349,1527.8000001907349,1,47,left-2,left,left-dark,dark-up,greater-up,dual,2026-02-16 21:14:14.6330000
3630,66aafcc3d4f933f032778877,729.2999999523163,729.2999999523163,1,56,left-0,right,left-dark,light-up,greater-up,single,2026-02-16 21:14:15.3540000
3631,67d8b5e7ceb82869824198a2,2126.399999976158,2126.399999976158,1,25,left-3,right,left-dark,dark-up,fewer-up,single,2026-02-16 21:14:19.0160000
3632,693f0f6b4c24d768f41c9941,916,916,1,52,left-2,left,left-dark,light-up,fewer-up,single,2026-02-16 21:14:15.2140000
3633,66aafcc3d4f933f032778877,1013.2999999523163,1013.2999999523163,0,57,right-0,right,right-dark,light-up,greater-up,single,2026-02-16 21:14:16.8840000
3634,643480e93c33701dfe923abd,1664.199999988079,1664.199999988079,0,38,left-0,left,left-dark,light-up,greater-up,dual,2026-02-16 21:14:16.1950000
3635,693f0f6b4c24d768f41c9941,739,739,1,53,left-0,left,left-dark,light-up,fewer-up,single,2026-02-16 21:14:16.4570000
3636,60dbf4d94a3b5564b68881e8,1699.9000000953674,1699.9000000953674,1,48,right-3,right,right-dark,light-up,fewer-up,dual,2026-02-16 21:14:16.8400000
3637,67d8b5e7ceb82869824198a2,2119.699999988079,2119.699999988079,1,26,right-0,right,right-dark,light-up,fewer-up,single,2026-02-16 21:14:21.6440000
3638,693f0f6b4c24d768f41c9941,832,832,1,54,left-8,left,left-dark,light-up,fewer-up,single,2026-02-16 21:14:17.7910000
3639,66aafcc3d4f933f032778877,405.19999998807907,405.19999998807907,0,58,right-2,left,right-dark,dark-up,greater-up,single,2026-02-16 21:14:18.8040000
3640,60dbf4d94a3b5564b68881e8,1624.5999999046326,1624.5999999046326,1,49,right-7,right,right-dark,dark-up,greater-up,dual,2026-02-16 21:14:18.9760000
3641,693f0f6b4c24d768f41c9941,934,934,1,55,left-5,right,left-dark,dark-up,fewer-up,single,2026-02-16 21:14:19.2260000
3642,67d8b5e7ceb82869824198a2,1994.699999988079,1994.699999988079,1,27,left-1,right,left-dark,dark-up,fewer-up,single,2026-02-16 21:14:24.1530000
3643,643480e93c33701dfe923abd,2350.0999999940395,2350.0999999940395,0,39,right-6,right,right-dark,dark-up,fewer-up,dual,2026-02-16 21:14:20.0500000
3644,66aafcc3d4f933f032778877,790.6999999880791,790.6999999880791,1,59,left-9,right,left-dark,light-up,greater-up,single,2026-02-16 21:14:21.1190000
3645,60dbf4d94a3b5564b68881e8,1445.2999997138977,1445.2999997138977,1,50,right-1,left,right-dark,dark-up,fewer-up,dual,2026-02-16 21:14:20.9240000
3646,693f0f6b4c24d768f41c9941,1270,1270,1,56,left-7,left,left-dark,dark-up,greater-up,single,2026-02-16 21:14:20.9980000
3647,675f29c1c465ee80225d15e3,3442.399999976158,3442.399999976158,1,20,left-4,right,left-dark,dark-up,fewer-up,single,2026-02-16 21:14:21.6210000
3648,67d8b5e7ceb82869824198a2,1819.699999988079,1819.699999988079,1,28,right-6,right,right-dark,light-up,fewer-up,single,2026-02-16 21:14:26.4780000
3649,693f0f6b4c24d768f41c9941,1104.000000000029,1104.000000000029,1,57,left-6,right,left-dark,light-up,greater-up,single,2026-02-16 21:14:22.6050000
3650,675f29c1c465ee80225d15e3,1737.5,1737.5,1,21,right-2,right,right-dark,dark-up,greater-up,single,2026-02-16 21:14:23.8680000
3651,60dbf4d94a3b5564b68881e8,2753.300000190735,2753.300000190735,1,51,right-5,left,right-dark,light-up,greater-up,dual,2026-02-16 21:14:24.1940000
3652,693f0f6b4c24d768f41c9941,1077,1077,1,58,right-7,right,right-dark,light-up,fewer-up,single,2026-02-16 21:14:24.1850000
3653,66aafcc3d4f933f032778877,858.3000000119209,858.3000000119209,0,60,right-9,left,right-dark,light-up,fewer-up,single,2026-02-16 21:14:25.0460000
3654,67d8b5e7ceb82869824198a2,1646.300000011921,1646.300000011921,1,29,right-9,right,right-dark,light-up,fewer-up,single,2026-02-16 21:14:28.6390000
3655,693f0f6b4c24d768f41c9941,754,754,1,59,left-2,left,left-dark,dark-up,greater-up,single,2026-02-16 21:14:25.4410000
3656,675f29c1c465ee80225d15e3,1347.8999999761581,1347.8999999761581,1,22,left-1,right,left-dark,dark-up,fewer-up,single,2026-02-16 21:14:25.7260000
3657,60dbf4d94a3b5564b68881e8,1133.1999998092651,1133.1999998092651,1,52,left-6,right,left-dark,light-up,greater-up,dual,2026-02-16 21:14:25.8450000
3658,67d8b5e7ceb82869824198a2,1328.300000011921,1328.300000011921,1,30,left-5,right,left-dark,dark-up,fewer-up,single,2026-02-16 21:14:30.4710000
3659,66aafcc3d4f933f032778877,710.8000000119209,710.8000000119209,1,61,left-6,right,left-dark,light-up,greater-up,single,2026-02-16 21:14:27.2790000
3660,60dbf4d94a3b5564b68881e8,1057.7999997138977,1057.7999997138977,1,53,right-4,left,right-dark,light-up,greater-up,dual,2026-02-16 21:14:27.4200000
3661,675f29c1c465ee80225d15e3,1524.300000011921,1524.300000011921,1,23,left-3,left,left-dark,light-up,fewer-up,single,2026-02-16 21:14:27.7550000
3662,66aafcc3d4f933f032778877,842,842,1,62,right-6,right,right-dark,dark-up,greater-up,single,2026-02-16 21:14:28.6270000
3663,67d8b5e7ceb82869824198a2,1993.300000011921,1993.300000011921,1,31,left-8,right,left-dark,dark-up,fewer-up,single,2026-02-16 21:14:32.9710000
3664,60dbf4d94a3b5564b68881e8,1087.2999997138977,1087.2999997138977,1,54,left-0,left,left-dark,light-up,fewer-up,dual,2026-02-16 21:14:29.0150000
3665,66aafcc3d4f933f032778877,580.3000000119209,580.3000000119209,0,63,left-5,right,left-dark,dark-up,greater-up,single,2026-02-16 21:14:29.7240000
3666,693f0f6b4c24d768f41c9941,1403.000000000029,1403.000000000029,1,60,right-6,right,right-dark,light-up,fewer-up,single,2026-02-16 21:14:29.0540000
3667,675f29c1c465ee80225d15e3,1271.9000000357628,1271.9000000357628,1,24,left-4,left,left-dark,dark-up,greater-up,single,2026-02-16 21:14:29.5360000
3668,643480e93c33701dfe923abd,1880.699999988079,1880.699999988079,0,40,left-3,left,left-dark,light-up,greater-up,dual,2026-02-16 21:14:29.7170000
3669,693f0f6b4c24d768f41c9941,793,793,1,61,right-1,right,right-dark,light-up,fewer-up,single,2026-02-16 21:14:30.3500000
3670,60dbf4d94a3b5564b68881e8,1574.3000001907349,1574.3000001907349,1,55,right-1,right,right-dark,light-up,fewer-up,dual,2026-02-16 21:14:31.1050000
3671,675f29c1c465ee80225d15e3,1292,1292,1,25,right-1,left,right-dark,dark-up,fewer-up,single,2026-02-16 21:14:31.3370000
3672,67d8b5e7ceb82869824198a2,2121.199999988079,2121.199999988079,1,32,right-9,left,right-dark,light-up,greater-up,single,2026-02-16 21:14:35.5970000
3673,693f0f6b4c24d768f41c9941,1163,1163,1,62,right-2,left,right-dark,light-up,greater-up,single,2026-02-16 21:14:32.0160000
3674,643480e93c33701dfe923abd,936.8999999761581,936.8999999761581,1,41,left-6,right,left-dark,dark-up,fewer-up,dual,2026-02-16 21:14:32.1590000
3675,66aafcc3d4f933f032778877,1653,1653,1,64,left-3,right,left-dark,light-up,greater-up,single,2026-02-16 21:14:32.8940000
3676,60dbf4d94a3b5564b68881e8,1456.9000000953674,1456.9000000953674,1,56,left-3,right,left-dark,dark-up,fewer-up,dual,2026-02-16 21:14:33.0700000
3677,675f29c1c465ee80225d15e3,1324.5,1324.5,1,26,left-5,right,left-dark,light-up,greater-up,single,2026-02-16 21:14:33.1700000
3678,66aafcc3d4f933f032778877,570.4000000357628,570.4000000357628,0,65,right-0,left,right-dark,dark-up,greater-up,single,2026-02-16 21:14:33.9740000
3679,693f0f6b4c24d768f41c9941,795,795,1,63,left-3,right,left-dark,dark-up,fewer-up,single,2026-02-16 21:14:33.3130000
3680,67d8b5e7ceb82869824198a2,1501.8999999761581,1501.8999999761581,1,33,left-4,left,left-dark,light-up,fewer-up,single,2026-02-16 21:14:37.6100000
3681,643480e93c33701dfe923abd,2309.699999988079,2309.699999988079,0,42,right-2,right,right-dark,light-up,greater-up,dual,2026-02-16 21:14:34.9710000
3682,675f29c1c465ee80225d15e3,1274.300000011921,1274.300000011921,1,27,left-9,right,left-dark,light-up,greater-up,single,2026-02-16 21:14:34.9530000
3683,60dbf4d94a3b5564b68881e8,1475.6999998092651,1475.6999998092651,1,57,left-4,left,left-dark,dark-up,greater-up,dual,2026-02-16 21:14:35.0580000
3684,693f0f6b4c24d768f41c9941,1560,1560,1,64,left-6,right,left-dark,dark-up,fewer-up,single,2026-02-16 21:14:35.3770000
3685,60dbf4d94a3b5564b68881e8,897.6999998092651,897.6999998092651,1,58,right-5,right,right-dark,dark-up,greater-up,dual,2026-02-16 21:14:36.4630000
3686,675f29c1c465ee80225d15e3,1406.300000011921,1406.300000011921,1,28,right-8,left,right-dark,dark-up,fewer-up,single,2026-02-16 21:14:36.8700000
3687,67d8b5e7ceb82869824198a2,3023.5,3023.5,1,34,right-3,right,right-dark,light-up,fewer-up,single,2026-02-16 21:14:41.1500000
3688,693f0f6b4c24d768f41c9941,1344,1344,1,65,left-1,left,left-dark,light-up,fewer-up,single,2026-02-16 21:14:37.2220000
3689,643480e93c33701dfe923abd,1096,1096,1,43,right-1,right,right-dark,light-up,fewer-up,dual,2026-02-16 21:14:37.5720000
3690,60dbf4d94a3b5564b68881e8,1689.1999998092651,1689.1999998092651,1,59,left-9,right,left-dark,dark-up,fewer-up,dual,2026-02-16 21:14:38.6540000
3691,675f29c1c465ee80225d15e3,1433.800000011921,1433.800000011921,1,29,left-5,left,left-dark,dark-up,greater-up,single,2026-02-16 21:14:38.8150000
3692,693f0f6b4c24d768f41c9941,1429,1429,1,66,right-5,left,right-dark,dark-up,fewer-up,single,2026-02-16 21:14:39.1540000
3693,66aafcc3d4f933f032778877,1593.3999999761581,1593.3999999761581,1,66,left-4,left,left-dark,light-up,fewer-up,single,2026-02-16 21:14:37.0930000
3694,67d8b5e7ceb82869824198a2,2004.4000000357628,2004.4000000357628,1,35,right-5,right,right-dark,dark-up,greater-up,single,2026-02-16 21:14:43.6640000
3695,66aafcc3d4f933f032778877,2926.400000035763,2926.400000035763,1,67,right-8,right,right-dark,dark-up,greater-up,single,2026-02-16 21:14:40.5250000
3696,693f0f6b4c24d768f41c9941,733,733,0,67,left-5,right,left-dark,light-up,fewer-up,single,2026-02-16 21:14:40.3900000
3697,675f29c1c465ee80225d15e3,1568.5,1568.5,1,30,right-4,right,right-dark,light-up,fewer-up,single,2026-02-16 21:14:40.8980000
3698,66aafcc3d4f933f032778877,826,826,1,68,right-4,right,right-dark,dark-up,greater-up,single,2026-02-16 21:14:41.8590000
3699,643480e93c33701dfe923abd,3182.199999988079,3182.199999988079,1,44,left-9,left,left-dark,dark-up,greater-up,dual,2026-02-16 21:14:41.2570000
3700,67d8b5e7ceb82869824198a2,1844.199999988079,1844.199999988079,1,36,left-9,left,left-dark,dark-up,greater-up,single,2026-02-16 21:14:46.0190000
3701,66aafcc3d4f933f032778877,754.3000000119209,754.3000000119209,1,69,right-5,right,right-dark,light-up,fewer-up,single,2026-02-16 21:14:43.1210000
3702,675f29c1c465ee80225d15e3,1219,1219,1,31,left-2,left,left-dark,dark-up,greater-up,single,2026-02-16 21:14:42.6320000
3703,693f0f6b4c24d768f41c9941,987,987,1,68,right-1,left,right-dark,dark-up,fewer-up,single,2026-02-16 21:14:42.8830000
3704,66aafcc3d4f933f032778877,731.2999999523163,731.2999999523163,1,70,right-1,right,right-dark,dark-up,greater-up,single,2026-02-16 21:14:44.3600000
3705,643480e93c33701dfe923abd,2029.9000000059605,2029.9000000059605,1,45,left-7,left,left-dark,dark-up,greater-up,dual,2026-02-16 21:14:43.7900000
3706,60dbf4d94a3b5564b68881e8,1128.5,1128.5,1,60,right-1,left,right-dark,light-up,greater-up,dual,2026-02-16 21:14:44.3450000
3707,693f0f6b4c24d768f41c9941,1067,1067,1,69,right-1,left,right-dark,light-up,greater-up,single,2026-02-16 21:14:44.4520000
3708,675f29c1c465ee80225d15e3,1488.5,1488.5,1,32,right-0,left,right-dark,light-up,greater-up,single,2026-02-16 21:14:44.6350000
3709,66aafcc3d4f933f032778877,760.4000000357628,760.4000000357628,1,71,left-8,left,left-dark,light-up,fewer-up,single,2026-02-16 21:14:45.6220000
3710,67d8b5e7ceb82869824198a2,3204.7999999523163,3204.7999999523163,1,37,right-8,left,right-dark,dark-up,fewer-up,single,2026-02-16 21:14:49.7290000
3711,693f0f6b4c24d768f41c9941,857,857,1,70,left-0,right,left-dark,dark-up,fewer-up,single,2026-02-16 21:14:45.8130000
3712,60dbf4d94a3b5564b68881e8,1374.9000000953674,1374.9000000953674,1,61,right-5,right,right-dark,light-up,fewer-up,dual,2026-02-16 21:14:46.2280000
3713,66aafcc3d4f933f032778877,1000.5999999642372,1000.5999999642372,0,72,left-2,left,left-dark,light-up,greater-up,single,2026-02-16 21:14:47.1370000
3714,643480e93c33701dfe923abd,2542.7000000178814,2542.7000000178814,0,46,right-2,right,right-dark,dark-up,fewer-up,dual,2026-02-16 21:14:46.8350000
3715,675f29c1c465ee80225d15e3,1717.1000000238419,1717.1000000238419,1,33,left-6,right,left-dark,dark-up,fewer-up,single,2026-02-16 21:14:46.8640000
3716,693f0f6b4c24d768f41c9941,1206,1206,1,71,right-6,left,right-dark,light-up,greater-up,single,2026-02-16 21:14:47.5220000
3717,693f0f6b4c24d768f41c9941,808.9999999999418,808.9999999999418,1,72,right-4,left,right-dark,dark-up,fewer-up,single,2026-02-16 21:14:48.8340000
3718,60dbf4d94a3b5564b68881e8,2166.5999999046326,2166.5999999046326,1,62,left-9,left,left-dark,light-up,fewer-up,dual,2026-02-16 21:14:48.9080000
3719,66aafcc3d4f933f032778877,992.6999999880791,992.6999999880791,1,73,right-3,right,right-dark,light-up,fewer-up,single,2026-02-16 21:14:49.6510000
3720,675f29c1c465ee80225d15e3,1699.3999999761581,1699.3999999761581,1,34,right-5,right,right-dark,dark-up,greater-up,single,2026-02-16 21:14:49.0810000
3721,67d8b5e7ceb82869824198a2,3824.600000023842,3824.600000023842,1,38,left-5,right,left-dark,light-up,greater-up,single,2026-02-16 21:14:54.0660000
3722,693f0f6b4c24d768f41c9941,715,715,1,73,right-5,right,right-dark,light-up,fewer-up,single,2026-02-16 21:14:50.0520000
3723,66aafcc3d4f933f032778877,686.3999999761581,686.3999999761581,1,74,left-7,left,left-dark,dark-up,greater-up,single,2026-02-16 21:14:50.8410000
3724,643480e93c33701dfe923abd,1854.1000000238419,1854.1000000238419,1,47,left-2,right,left-dark,dark-up,fewer-up,dual,2026-02-16 21:14:50.1940000
3725,675f29c1c465ee80225d15e3,1266.0999999642372,1266.0999999642372,1,35,left-2,right,left-dark,light-up,greater-up,single,2026-02-16 21:14:50.8490000
3726,66aafcc3d4f933f032778877,669.7999999523163,669.7999999523163,1,75,left-8,left,left-dark,dark-up,greater-up,single,2026-02-16 21:14:52.0270000
3727,693f0f6b4c24d768f41c9941,963,963,1,74,right-8,left,right-dark,light-up,greater-up,single,2026-02-16 21:14:51.5180000
3728,60dbf4d94a3b5564b68881e8,2167.699999809265,2167.699999809265,1,63,right-2,left,right-dark,light-up,greater-up,dual,2026-02-16 21:14:51.5890000
3729,67d8b5e7ceb82869824198a2,1417.800000011921,1417.800000011921,1,39,right-4,left,right-dark,light-up,greater-up,single,2026-02-16 21:14:55.9920000
3730,66aafcc3d4f933f032778877,653.8000000119209,653.8000000119209,0,76,left-7,left,left-dark,dark-up,fewer-up,single,2026-02-16 21:14:53.1960000
3731,675f29c1c465ee80225d15e3,1735.8999999761581,1735.8999999761581,1,36,right-8,right,right-dark,light-up,fewer-up,single,2026-02-16 21:14:53.0990000
3732,693f0f6b4c24d768f41c9941,1211,1211,1,75,right-3,right,right-dark,light-up,fewer-up,single,2026-02-16 21:14:53.2320000
3733,60dbf4d94a3b5564b68881e8,1280.7000002861023,1280.7000002861023,1,64,right-6,right,right-dark,light-up,fewer-up,dual,2026-02-16 21:14:53.3720000
3734,643480e93c33701dfe923abd,2819.4000000059605,2819.4000000059605,1,48,right-8,right,right-dark,light-up,fewer-up,dual,2026-02-16 21:14:53.5160000
3735,693f0f6b4c24d768f41c9941,743,743,1,76,left-3,right,left-dark,light-up,greater-up,single,2026-02-16 21:14:54.4780000
3736,66aafcc3d4f933f032778877,681,681,0,77,right-1,left,right-dark,light-up,fewer-up,single,2026-02-16 21:14:55.4030000
3737,675f29c1c465ee80225d15e3,1318.300000011921,1318.300000011921,1,37,right-6,left,right-dark,light-up,greater-up,single,2026-02-16 21:14:54.9320000
3738,643480e93c33701dfe923abd,1510,1510,1,49,left-5,left,left-dark,light-up,fewer-up,dual,2026-02-16 21:14:55.5280000
3739,693f0f6b4c24d768f41c9941,617.0000000000582,617.0000000000582,1,77,right-3,left,right-dark,light-up,greater-up,single,2026-02-16 21:14:55.5970000
3740,60dbf4d94a3b5564b68881e8,2251.7999997138977,2251.7999997138977,1,65,right-0,left,right-dark,dark-up,fewer-up,dual,2026-02-16 21:14:56.1270000
3741,66aafcc3d4f933f032778877,406.5,406.5,0,78,right-3,right,right-dark,dark-up,fewer-up,single,2026-02-16 21:14:57.3270000
3742,693f0f6b4c24d768f41c9941,849.0000000000582,849.0000000000582,1,78,right-6,left,right-dark,dark-up,fewer-up,single,2026-02-16 21:14:56.9470000
3743,675f29c1c465ee80225d15e3,1488.699999988079,1488.699999988079,1,38,left-0,right,left-dark,light-up,greater-up,single,2026-02-16 21:14:56.9360000
3744,643480e93c33701dfe923abd,1509.8999999761581,1509.8999999761581,0,50,left-5,left,left-dark,light-up,greater-up,dual,2026-02-16 21:14:57.5410000
3745,693f0f6b4c24d768f41c9941,569,569,1,79,right-4,right,right-dark,dark-up,greater-up,single,2026-02-16 21:14:58.0190000
3746,67d8b5e7ceb82869824198a2,2429.199999988079,2429.199999988079,1,40,left-3,right,left-dark,light-up,greater-up,single,2026-02-16 21:15:02.0760000
3747,60dbf4d94a3b5564b68881e8,1935.9000000953674,1935.9000000953674,1,66,right-1,right,right-dark,dark-up,greater-up,dual,2026-02-16 21:14:58.5750000
3748,66aafcc3d4f933f032778877,491.89999997615814,491.89999997615814,0,79,left-4,left,left-dark,light-up,greater-up,single,2026-02-16 21:14:59.3400000
3749,675f29c1c465ee80225d15e3,1432.1000000238419,1432.1000000238419,1,39,right-2,right,right-dark,light-up,fewer-up,single,2026-02-16 21:14:58.8720000
3750,67d8b5e7ceb82869824198a2,2345,2345,1,41,left-4,right,left-dark,dark-up,fewer-up,single,2026-02-16 21:15:04.9360000
3751,60dbf4d94a3b5564b68881e8,1883.5999999046326,1883.5999999046326,1,67,left-8,right,left-dark,light-up,greater-up,dual,2026-02-16 21:15:00.9740000
3752,643480e93c33701dfe923abd,2227.0999999940395,2227.0999999940395,0,51,left-3,left,left-dark,dark-up,fewer-up,dual,2026-02-16 21:15:01.2720000
3753,60dbf4d94a3b5564b68881e8,933.0999999046326,933.0999999046326,1,68,right-8,left,right-dark,dark-up,fewer-up,dual,2026-02-16 21:15:02.4140000
3754,67d8b5e7ceb82869824198a2,2009.9000000357628,2009.9000000357628,1,42,left-9,right,left-dark,dark-up,fewer-up,single,2026-02-16 21:15:07.4480000
3755,643480e93c33701dfe923abd,796.2000000178814,796.2000000178814,0,52,right-7,right,right-dark,light-up,greater-up,dual,2026-02-16 21:15:03.5720000
3756,60dbf4d94a3b5564b68881e8,990.2999997138977,990.2999997138977,1,69,left-8,left,left-dark,dark-up,greater-up,dual,2026-02-16 21:15:03.9170000
3757,67d8b5e7ceb82869824198a2,1747.7000000476837,1747.7000000476837,1,43,right-9,right,right-dark,dark-up,greater-up,single,2026-02-16 21:15:09.7060000
3758,60dbf4d94a3b5564b68881e8,1408,1408,1,70,right-3,left,right-dark,light-up,greater-up,dual,2026-02-16 21:15:05.8340000
3759,643480e93c33701dfe923abd,1728.300000011921,1728.300000011921,1,53,left-8,left,left-dark,light-up,fewer-up,dual,2026-02-16 21:15:06.8050000
3760,60dbf4d94a3b5564b68881e8,2284.0999999046326,2284.0999999046326,1,71,right-2,left,right-dark,dark-up,fewer-up,dual,2026-02-16 21:15:08.6280000
3761,643480e93c33701dfe923abd,1679,1679,0,54,left-7,left,left-dark,dark-up,fewer-up,dual,2026-02-16 21:15:08.9870000
3762,67d8b5e7ceb82869824198a2,3160.600000023842,3160.600000023842,1,44,right-8,right,right-dark,light-up,fewer-up,single,2026-02-16 21:15:13.3700000
3763,60dbf4d94a3b5564b68881e8,1599.1999998092651,1599.1999998092651,1,72,right-8,left,right-dark,light-up,greater-up,dual,2026-02-16 21:15:10.7320000
3764,643480e93c33701dfe923abd,929.9000000059605,929.9000000059605,0,55,right-8,right,right-dark,light-up,greater-up,dual,2026-02-16 21:15:11.4220000
3765,67d8b5e7ceb82869824198a2,2441.199999988079,2441.199999988079,1,45,left-8,right,left-dark,light-up,greater-up,single,2026-02-16 21:15:16.3150000
3766,60dbf4d94a3b5564b68881e8,1835.8000001907349,1835.8000001907349,1,73,right-8,right,right-dark,light-up,fewer-up,dual,2026-02-16 21:15:13.0810000
3767,60dbf4d94a3b5564b68881e8,1302.7999997138977,1302.7999997138977,1,74,left-4,left,left-dark,light-up,fewer-up,dual,2026-02-16 21:15:14.8880000
3768,67d8b5e7ceb82869824198a2,2319.300000011921,2319.300000011921,1,46,right-6,left,right-dark,dark-up,fewer-up,single,2026-02-16 21:15:19.1440000
3769,643480e93c33701dfe923abd,3311.4000000059605,3311.4000000059605,1,56,left-1,left,left-dark,dark-up,greater-up,dual,2026-02-16 21:15:16.2380000
3770,60dbf4d94a3b5564b68881e8,1573.9000000953674,1573.9000000953674,1,75,right-6,left,right-dark,dark-up,fewer-up,dual,2026-02-16 21:15:16.9690000
3771,67d8b5e7ceb82869824198a2,2021,2021,1,47,left-0,left,left-dark,light-up,fewer-up,single,2026-02-16 21:15:21.6670000
3772,60dbf4d94a3b5564b68881e8,1402.1000003814697,1402.1000003814697,1,76,left-8,left,left-dark,light-up,fewer-up,dual,2026-02-16 21:15:18.8820000
3773,675f29c1c465ee80225d15e3,1497.800000011921,1497.800000011921,1,40,right-9,right,right-dark,light-up,fewer-up,single,2026-02-16 21:15:19.5780000
3774,67d8b5e7ceb82869824198a2,2260.100000023842,2260.100000023842,1,48,left-6,right,left-dark,dark-up,fewer-up,single,2026-02-16 21:15:24.4350000
3775,643480e93c33701dfe923abd,3642.0999999940395,3642.0999999940395,1,57,left-7,left,left-dark,light-up,fewer-up,dual,2026-02-16 21:15:20.3790000
3776,60dbf4d94a3b5564b68881e8,1347.9000000953674,1347.9000000953674,1,77,right-3,left,right-dark,dark-up,fewer-up,dual,2026-02-16 21:15:20.7330000
3777,675f29c1c465ee80225d15e3,1206.300000011921,1206.300000011921,1,41,left-1,left,left-dark,light-up,fewer-up,single,2026-02-16 21:15:21.3030000
3778,643480e93c33701dfe923abd,1251.9000000059605,1251.9000000059605,0,58,left-3,right,left-dark,light-up,fewer-up,dual,2026-02-16 21:15:22.1330000
3779,67d8b5e7ceb82869824198a2,1929.3999999761581,1929.3999999761581,1,49,right-6,left,right-dark,light-up,greater-up,single,2026-02-16 21:15:26.8690000
3780,60dbf4d94a3b5564b68881e8,2435.8999996185303,2435.8999996185303,0,78,left-5,right,left-dark,dark-up,greater-up,dual,2026-02-16 21:15:23.6720000
3781,675f29c1c465ee80225d15e3,2249.7999999523163,2249.7999999523163,1,42,left-0,right,left-dark,dark-up,fewer-up,single,2026-02-16 21:15:24.0620000
3782,643480e93c33701dfe923abd,738.6999999880791,738.6999999880791,1,59,right-2,right,right-dark,dark-up,greater-up,dual,2026-02-16 21:15:24.3750000
3783,67d8b5e7ceb82869824198a2,2210.699999988079,2210.699999988079,1,50,right-2,right,right-dark,dark-up,greater-up,single,2026-02-16 21:15:29.5840000
3784,675f29c1c465ee80225d15e3,1519.5999999642372,1519.5999999642372,1,43,left-7,right,left-dark,light-up,greater-up,single,2026-02-16 21:15:26.0990000
3785,60dbf4d94a3b5564b68881e8,1259,1259,1,79,right-2,right,right-dark,dark-up,greater-up,dual,2026-02-16 21:15:26.4410000
3786,675f29c1c465ee80225d15e3,1241.5,1241.5,1,44,left-0,left,left-dark,dark-up,greater-up,single,2026-02-16 21:15:27.8530000
3787,63d176dbaef5e7827cd86954,1822.6000000238419,1822.6000000238419,1,0,left-7,right,left-dark,dark-up,fewer-up,single,2026-02-16 21:15:26.9390000
3788,67d8b5e7ceb82869824198a2,2394.600000023842,2394.600000023842,1,51,right-0,right,right-dark,dark-up,greater-up,single,2026-02-16 21:15:32.4880000
3789,675f29c1c465ee80225d15e3,1434.2000000476837,1434.2000000476837,1,45,left-6,left,left-dark,dark-up,greater-up,single,2026-02-16 21:15:29.7960000
3790,63d176dbaef5e7827cd86954,2083.899999976158,2083.899999976158,1,1,right-8,right,right-dark,light-up,fewer-up,single,2026-02-16 21:15:29.5250000
3791,67d8b5e7ceb82869824198a2,2998.100000023842,2998.100000023842,1,52,left-5,left,left-dark,light-up,fewer-up,single,2026-02-16 21:15:35.9890000
3792,675f29c1c465ee80225d15e3,1766.6000000238419,1766.6000000238419,1,46,left-3,right,left-dark,dark-up,fewer-up,single,2026-02-16 21:15:32.0790000
3793,63d176dbaef5e7827cd86954,1835.3999999761581,1835.3999999761581,1,2,left-3,left,left-dark,dark-up,greater-up,single,2026-02-16 21:15:31.8620000
3794,675f29c1c465ee80225d15e3,1603.7999999523163,1603.7999999523163,1,47,right-3,right,right-dark,light-up,fewer-up,single,2026-02-16 21:15:34.1990000
3795,67d8b5e7ceb82869824198a2,2077.300000011921,2077.300000011921,1,53,right-3,right,right-dark,dark-up,greater-up,single,2026-02-16 21:15:38.5690000
3796,63d176dbaef5e7827cd86954,1068.8999999761581,1068.8999999761581,1,3,left-9,left,left-dark,dark-up,greater-up,single,2026-02-16 21:15:33.4340000
3797,643480e93c33701dfe923abd,2497.899999976158,2497.899999976158,0,60,right-8,right,right-dark,dark-up,fewer-up,dual,2026-02-16 21:15:34.7450000
3798,675f29c1c465ee80225d15e3,1348.1000000238419,1348.1000000238419,1,48,left-8,left,left-dark,dark-up,greater-up,single,2026-02-16 21:15:36.0600000
3799,63d176dbaef5e7827cd86954,1088.2999999523163,1088.2999999523163,1,4,right-2,right,right-dark,dark-up,greater-up,single,2026-02-16 21:15:35.0250000
3800,67d8b5e7ceb82869824198a2,2089.399999976158,2089.399999976158,1,54,left-7,right,left-dark,light-up,greater-up,single,2026-02-16 21:15:41.1640000
3801,643480e93c33701dfe923abd,1092.4000000059605,1092.4000000059605,1,61,right-2,right,right-dark,light-up,fewer-up,dual,2026-02-16 21:15:37.3410000
3802,675f29c1c465ee80225d15e3,1451.199999988079,1451.199999988079,1,49,left-7,right,left-dark,dark-up,fewer-up,single,2026-02-16 21:15:38.0150000
3803,63d176dbaef5e7827cd86954,1829.6000000238419,1829.6000000238419,1,5,left-7,right,left-dark,light-up,greater-up,single,2026-02-16 21:15:37.3570000
3804,67d8b5e7ceb82869824198a2,1810.5999999642372,1810.5999999642372,1,55,right-3,left,right-dark,light-up,greater-up,single,2026-02-16 21:15:43.4850000
3805,643480e93c33701dfe923abd,1789,1789,1,62,right-9,right,right-dark,light-up,fewer-up,dual,2026-02-16 21:15:39.6310000
3806,675f29c1c465ee80225d15e3,1535.1000000238419,1535.1000000238419,1,50,right-7,left,right-dark,dark-up,fewer-up,single,2026-02-16 21:15:40.0650000
3807,63d176dbaef5e7827cd86954,1407.7000000476837,1407.7000000476837,1,6,left-4,left,left-dark,light-up,fewer-up,single,2026-02-16 21:15:39.2680000
3808,67d8b5e7ceb82869824198a2,1899.5999999642372,1899.5999999642372,1,56,left-3,left,left-dark,dark-up,greater-up,single,2026-02-16 21:15:45.8940000
3809,63d176dbaef5e7827cd86954,1025.8000000715256,1025.8000000715256,1,7,right-9,right,right-dark,dark-up,greater-up,single,2026-02-16 21:15:40.7960000
3810,675f29c1c465ee80225d15e3,1448.6000000238419,1448.6000000238419,1,51,right-0,right,right-dark,light-up,fewer-up,single,2026-02-16 21:15:42.0270000
3811,643480e93c33701dfe923abd,2061.800000011921,2061.800000011921,0,63,right-1,left,right-dark,dark-up,greater-up,dual,2026-02-16 21:15:42.1960000
3812,63d176dbaef5e7827cd86954,1153.5,1153.5,1,8,left-2,left,left-dark,light-up,fewer-up,single,2026-02-16 21:15:42.4520000
3813,675f29c1c465ee80225d15e3,1298,1298,1,52,right-2,left,right-dark,light-up,greater-up,single,2026-02-16 21:15:43.8270000
3814,67d8b5e7ceb82869824198a2,2211,2211,1,57,left-7,right,left-dark,dark-up,fewer-up,single,2026-02-16 21:15:48.6180000
3815,643480e93c33701dfe923abd,1535.5999999940395,1535.5999999940395,0,64,left-1,left,left-dark,dark-up,fewer-up,dual,2026-02-16 21:15:45.2370000
3816,63d176dbaef5e7827cd86954,1212.7000000476837,1212.7000000476837,1,9,left-0,left,left-dark,dark-up,greater-up,single,2026-02-16 21:15:44.1670000
3817,675f29c1c465ee80225d15e3,1405.7000000476837,1405.7000000476837,1,53,right-8,left,right-dark,light-up,greater-up,single,2026-02-16 21:15:45.7360000
3818,63d176dbaef5e7827cd86954,959.5,959.5,1,10,left-8,right,left-dark,light-up,greater-up,single,2026-02-16 21:15:45.6280000
3819,67d8b5e7ceb82869824198a2,2231.2000000476837,2231.2000000476837,1,58,right-8,left,right-dark,light-up,greater-up,single,2026-02-16 21:15:51.3560000
3820,675f29c1c465ee80225d15e3,1197.0999999642372,1197.0999999642372,1,54,right-4,right,right-dark,dark-up,greater-up,single,2026-02-16 21:15:47.4420000
3821,643480e93c33701dfe923abd,1325.800000011921,1325.800000011921,1,65,right-5,right,right-dark,light-up,fewer-up,dual,2026-02-16 21:15:48.0660000
3822,675a1c9c5cac55bc951ff999,9086.10000000149,9086.10000000149,0,0,right-0,right,right-dark,light-up,greater-up,dual,2026-02-16 21:15:47.7000000
3823,63d176dbaef5e7827cd86954,1186.0999999046326,1186.0999999046326,1,11,left-5,left,left-dark,light-up,fewer-up,single,2026-02-16 21:15:47.3160000
3824,67d8b5e7ceb82869824198a2,1517.9000000357628,1517.9000000357628,1,59,right-0,left,right-dark,light-up,greater-up,single,2026-02-16 21:15:53.3910000
3825,675f29c1c465ee80225d15e3,1463.6000000238419,1463.6000000238419,1,55,left-2,left,left-dark,light-up,fewer-up,single,2026-02-16 21:15:49.4080000
3826,643480e93c33701dfe923abd,1428.699999988079,1428.699999988079,0,66,right-4,right,right-dark,dark-up,fewer-up,dual,2026-02-16 21:15:49.9970000
3827,63d176dbaef5e7827cd86954,1392.5,1392.5,1,12,left-2,right,left-dark,light-up,greater-up,single,2026-02-16 21:15:49.2120000
3828,675f29c1c465ee80225d15e3,1520.5,1520.5,1,56,right-7,right,right-dark,dark-up,greater-up,single,2026-02-16 21:15:51.4330000
3829,675a1c9c5cac55bc951ff999,2718,2718,1,1,right-5,left,right-dark,dark-up,fewer-up,dual,2026-02-16 21:15:51.9240000
3830,63d176dbaef5e7827cd86954,1768.7999999523163,1768.7999999523163,1,13,left-6,right,left-dark,dark-up,fewer-up,single,2026-02-16 21:15:51.4830000
3831,643480e93c33701dfe923abd,1585.5999999940395,1585.5999999940395,0,67,left-9,left,left-dark,light-up,greater-up,dual,2026-02-16 21:15:53.0860000
3832,675f29c1c465ee80225d15e3,1410.699999988079,1410.699999988079,1,57,right-4,left,right-dark,light-up,greater-up,single,2026-02-16 21:15:53.3560000
3833,63d176dbaef5e7827cd86954,1043.2000000476837,1043.2000000476837,1,14,right-3,left,right-dark,light-up,greater-up,single,2026-02-16 21:15:53.0290000
3834,67d8b5e7ceb82869824198a2,2306.899999976158,2306.899999976158,1,60,left-7,left,left-dark,dark-up,greater-up,single,2026-02-16 21:15:58.4210000
3835,675f29c1c465ee80225d15e3,1590.800000011921,1590.800000011921,1,58,right-9,right,right-dark,dark-up,greater-up,single,2026-02-16 21:15:55.4540000
3836,643480e93c33701dfe923abd,1509.9000000059605,1509.9000000059605,1,68,right-3,right,right-dark,light-up,fewer-up,dual,2026-02-16 21:15:56.1010000
3837,63d176dbaef5e7827cd86954,1444.9000000953674,1444.9000000953674,1,15,left-9,left,left-dark,light-up,fewer-up,single,2026-02-16 21:15:54.9770000
3838,67d8b5e7ceb82869824198a2,1619.1000000238419,1619.1000000238419,1,61,right-7,left,right-dark,light-up,greater-up,single,2026-02-16 21:16:00.5450000
3839,675a1c9c5cac55bc951ff999,3869.5999999940395,3869.5999999940395,1,2,left-0,right,left-dark,dark-up,fewer-up,dual,2026-02-16 21:15:56.2970000
3840,675f29c1c465ee80225d15e3,1325.6000000238419,1325.6000000238419,1,59,left-6,left,left-dark,light-up,fewer-up,single,2026-02-16 21:15:57.2880000
3841,63d176dbaef5e7827cd86954,1283,1283,1,16,right-8,left,right-dark,dark-up,fewer-up,single,2026-02-16 21:15:56.7630000
3842,643480e93c33701dfe923abd,2097.0999999940395,2097.0999999940395,0,69,left-7,left,left-dark,light-up,greater-up,dual,2026-02-16 21:15:58.7000000
3843,67d8b5e7ceb82869824198a2,2147.100000023842,2147.100000023842,1,62,right-2,right,right-dark,light-up,fewer-up,single,2026-02-16 21:16:03.2050000
3844,63d176dbaef5e7827cd86954,1482,1482,1,17,left-2,left,left-dark,dark-up,greater-up,single,2026-02-16 21:15:58.7470000
3845,67d8b5e7ceb82869824198a2,2049,2049,1,63,left-2,right,left-dark,light-up,greater-up,single,2026-02-16 21:16:05.7580000
3846,63d176dbaef5e7827cd86954,1260.1999999284744,1260.1999999284744,1,18,left-3,left,left-dark,light-up,fewer-up,single,2026-02-16 21:16:00.5090000
3847,675a1c9c5cac55bc951ff999,4901.10000000149,4901.10000000149,1,3,right-5,left,right-dark,light-up,greater-up,dual,2026-02-16 21:16:01.7030000
3848,643480e93c33701dfe923abd,2379.0999999940395,2379.0999999940395,0,70,left-3,right,left-dark,dark-up,greater-up,dual,2026-02-16 21:16:02.5840000
3849,63d176dbaef5e7827cd86954,1189.6999999284744,1189.6999999284744,1,19,right-5,right,right-dark,light-up,fewer-up,single,2026-02-16 21:16:02.2010000
3850,67d8b5e7ceb82869824198a2,2421.300000011921,2421.300000011921,1,64,right-3,left,right-dark,dark-up,fewer-up,single,2026-02-16 21:16:08.6970000
3851,643480e93c33701dfe923abd,1384.4000000059605,1384.4000000059605,1,71,right-6,right,right-dark,dark-up,greater-up,dual,2026-02-16 21:16:05.4740000
3852,643480e93c33701dfe923abd,724.4000000059605,724.4000000059605,0,72,left-1,left,left-dark,light-up,greater-up,dual,2026-02-16 21:16:06.7000000
3853,675f29c1c465ee80225d15e3,3546.5,3546.5,1,60,right-4,left,right-dark,dark-up,fewer-up,single,2026-02-16 21:16:06.5270000
3854,67d8b5e7ceb82869824198a2,1919.4000000357628,1919.4000000357628,1,65,right-7,right,right-dark,light-up,fewer-up,single,2026-02-16 21:16:11.1280000
3855,675a1c9c5cac55bc951ff999,5575,5575,0,4,left-6,left,left-dark,dark-up,fewer-up,dual,2026-02-16 21:16:07.7820000
3856,675f29c1c465ee80225d15e3,1853,1853,1,61,right-3,right,right-dark,dark-up,greater-up,single,2026-02-16 21:16:08.8840000
3857,67d8b5e7ceb82869824198a2,2179.699999988079,2179.699999988079,1,66,left-3,left,left-dark,light-up,fewer-up,single,2026-02-16 21:16:13.8220000
3858,643480e93c33701dfe923abd,1789.199999988079,1789.199999988079,1,73,right-6,right,right-dark,light-up,fewer-up,dual,2026-02-16 21:16:09.9930000
3859,675f29c1c465ee80225d15e3,1195.5,1195.5,1,62,left-7,left,left-dark,light-up,fewer-up,single,2026-02-16 21:16:10.5880000
3860,643480e93c33701dfe923abd,1441.9000000059605,1441.9000000059605,1,74,left-6,left,left-dark,light-up,fewer-up,dual,2026-02-16 21:16:11.9370000
3861,675f29c1c465ee80225d15e3,1514.5,1514.5,1,63,right-0,left,right-dark,dark-up,fewer-up,single,2026-02-16 21:16:12.6120000
3862,67d8b5e7ceb82869824198a2,2555.699999988079,2555.699999988079,1,67,left-1,right,left-dark,light-up,greater-up,single,2026-02-16 21:16:16.8790000
3863,675a1c9c5cac55bc951ff999,3572.7000000029802,3572.7000000029802,1,5,left-3,right,left-dark,dark-up,fewer-up,dual,2026-02-16 21:16:12.8600000
3864,643480e93c33701dfe923abd,1320.4000000059605,1320.4000000059605,0,75,right-1,right,right-dark,dark-up,fewer-up,dual,2026-02-16 21:16:13.7590000
3865,675f29c1c465ee80225d15e3,1271.5,1271.5,1,64,left-4,left,left-dark,light-up,fewer-up,single,2026-02-16 21:16:14.3980000
3866,67d8b5e7ceb82869824198a2,1564.699999988079,1564.699999988079,1,68,left-2,left,left-dark,dark-up,greater-up,single,2026-02-16 21:16:18.9520000
3867,675f29c1c465ee80225d15e3,1173.6000000238419,1173.6000000238419,1,65,left-3,left,left-dark,dark-up,greater-up,single,2026-02-16 21:16:16.0880000
3868,67d8b5e7ceb82869824198a2,1648.7000000476837,1648.7000000476837,1,69,right-1,left,right-dark,light-up,greater-up,single,2026-02-16 21:16:21.1080000
3869,675a1c9c5cac55bc951ff999,3384.10000000149,3384.10000000149,1,6,right-4,right,right-dark,light-up,fewer-up,dual,2026-02-16 21:16:16.7480000
3870,675f29c1c465ee80225d15e3,1132.5999999642372,1132.5999999642372,1,66,right-0,right,right-dark,dark-up,greater-up,single,2026-02-16 21:16:17.7290000
3871,643480e93c33701dfe923abd,2802.5,2802.5,1,76,right-6,left,right-dark,light-up,greater-up,dual,2026-02-16 21:16:18.0670000
3872,675f29c1c465ee80225d15e3,1119.7999999523163,1119.7999999523163,1,67,left-1,left,left-dark,dark-up,greater-up,single,2026-02-16 21:16:19.3650000
3873,643480e93c33701dfe923abd,1143.9000000059605,1143.9000000059605,1,77,right-3,right,right-dark,dark-up,greater-up,dual,2026-02-16 21:16:19.7130000
3874,675a1c9c5cac55bc951ff999,1988.3999999985099,1988.3999999985099,0,7,right-9,right,right-dark,light-up,greater-up,dual,2026-02-16 21:16:19.2410000
3875,675f29c1c465ee80225d15e3,1084.5,1084.5,1,68,left-7,left,left-dark,dark-up,greater-up,single,2026-02-16 21:16:20.9640000
3876,67d8b5e7ceb82869824198a2,3708.900000035763,3708.900000035763,1,70,right-1,left,right-dark,dark-up,fewer-up,single,2026-02-16 21:16:25.3330000
3877,643480e93c33701dfe923abd,1262.2000000178814,1262.2000000178814,1,78,right-5,right,right-dark,dark-up,greater-up,dual,2026-02-16 21:16:21.4770000
3878,675f29c1c465ee80225d15e3,1286.8999999761581,1286.8999999761581,1,69,right-5,left,right-dark,light-up,greater-up,single,2026-02-16 21:16:22.7660000
3879,675a1c9c5cac55bc951ff999,2307.5,2307.5,1,8,left-2,right,left-dark,light-up,greater-up,dual,2026-02-16 21:16:23.0540000
3880,67d8b5e7ceb82869824198a2,2014.4000000357628,2014.4000000357628,1,71,left-0,left,left-dark,dark-up,greater-up,single,2026-02-16 21:16:27.8560000
3881,643480e93c33701dfe923abd,1975.5999999940395,1975.5999999940395,1,79,right-4,right,right-dark,dark-up,greater-up,dual,2026-02-16 21:16:23.9550000
3882,675f29c1c465ee80225d15e3,1346.1000000238419,1346.1000000238419,1,70,right-1,right,right-dark,light-up,fewer-up,single,2026-02-16 21:16:24.6270000
3883,67d8b5e7ceb82869824198a2,2402.5,2402.5,1,72,right-2,left,right-dark,light-up,greater-up,single,2026-02-16 21:16:30.7620000
3884,675f29c1c465ee80225d15e3,1444.2000000476837,1444.2000000476837,1,71,left-1,right,left-dark,light-up,greater-up,single,2026-02-16 21:16:26.5770000
3885,675a1c9c5cac55bc951ff999,3697.6999999955297,3697.6999999955297,0,9,left-3,right,left-dark,light-up,fewer-up,dual,2026-02-16 21:16:27.2560000
3886,675f29c1c465ee80225d15e3,1182.5,1182.5,1,72,left-3,right,left-dark,light-up,greater-up,single,2026-02-16 21:16:28.2640000
3887,67d8b5e7ceb82869824198a2,2037.5999999642372,2037.5999999642372,1,73,left-7,left,left-dark,light-up,fewer-up,single,2026-02-16 21:16:33.3110000
3888,675f29c1c465ee80225d15e3,1101.800000011921,1101.800000011921,1,73,right-3,left,right-dark,light-up,greater-up,single,2026-02-16 21:16:29.8830000
3889,675a1c9c5cac55bc951ff999,1743.3999999985099,1743.3999999985099,1,10,right-7,right,right-dark,light-up,fewer-up,dual,2026-02-16 21:16:30.5060000
3890,675f29c1c465ee80225d15e3,1219.0999999642372,1219.0999999642372,1,74,right-8,right,right-dark,dark-up,greater-up,single,2026-02-16 21:16:31.6150000
3891,67d8b5e7ceb82869824198a2,2518.599999964237,2518.599999964237,1,74,right-4,left,right-dark,dark-up,fewer-up,single,2026-02-16 21:16:36.3440000
3892,675a1c9c5cac55bc951ff999,1999.8999999985099,1999.8999999985099,0,11,right-3,right,right-dark,dark-up,fewer-up,dual,2026-02-16 21:16:33.0090000
3893,675f29c1c465ee80225d15e3,1465.5999999642372,1465.5999999642372,1,75,left-9,right,left-dark,dark-up,fewer-up,single,2026-02-16 21:16:33.5960000
3894,67d8b5e7ceb82869824198a2,2372.199999988079,2372.199999988079,1,75,right-1,right,right-dark,light-up,fewer-up,single,2026-02-16 21:16:39.2300000
3895,675f29c1c465ee80225d15e3,1344.5,1344.5,1,76,right-6,left,right-dark,dark-up,fewer-up,single,2026-02-16 21:16:35.4580000
3896,675f29c1c465ee80225d15e3,1359.4000000357628,1359.4000000357628,1,77,left-8,left,left-dark,light-up,fewer-up,single,2026-02-16 21:16:37.3220000
3897,675a1c9c5cac55bc951ff999,2544.2000000029802,2544.2000000029802,0,12,left-5,left,left-dark,light-up,greater-up,dual,2026-02-16 21:16:37.0590000
3898,67d8b5e7ceb82869824198a2,2895.899999976158,2895.899999976158,1,76,left-6,left,left-dark,light-up,fewer-up,single,2026-02-16 21:16:42.6390000
3899,675f29c1c465ee80225d15e3,1373.6000000238419,1373.6000000238419,1,78,right-5,right,right-dark,light-up,fewer-up,single,2026-02-16 21:16:39.1990000
3900,675f29c1c465ee80225d15e3,1550.3999999761581,1550.3999999761581,1,79,right-7,right,right-dark,light-up,fewer-up,single,2026-02-16 21:16:41.2630000
3901,67d8b5e7ceb82869824198a2,2736.800000011921,2736.800000011921,1,77,right-5,right,right-dark,light-up,fewer-up,single,2026-02-16 21:16:45.8790000
3902,675a1c9c5cac55bc951ff999,2652.5,2652.5,0,13,left-0,right,left-dark,dark-up,greater-up,dual,2026-02-16 21:16:41.2170000
3903,675a1c9c5cac55bc951ff999,1145.6000000014901,1145.6000000014901,0,14,right-0,left,right-dark,light-up,fewer-up,dual,2026-02-16 21:16:43.8670000
3904,67d8b5e7ceb82869824198a2,3016.099999964237,3016.099999964237,1,78,left-9,left,left-dark,light-up,fewer-up,single,2026-02-16 21:16:49.4070000
3905,675a1c9c5cac55bc951ff999,391.29999999701977,391.29999999701977,1,15,right-3,right,right-dark,light-up,fewer-up,dual,2026-02-16 21:16:45.7640000
3906,67d8b5e7ceb82869824198a2,2683.5,2683.5,1,79,left-8,left,left-dark,dark-up,greater-up,single,2026-02-16 21:16:52.6070000
3907,675a1c9c5cac55bc951ff999,3048.5,3048.5,0,16,right-9,left,right-dark,light-up,fewer-up,dual,2026-02-16 21:16:49.3170000
3908,675a1c9c5cac55bc951ff999,1231.2999999970198,1231.2999999970198,0,17,left-8,right,left-dark,dark-up,greater-up,dual,2026-02-16 21:16:52.0540000
3909,675a1c9c5cac55bc951ff999,419.90000000596046,419.90000000596046,0,18,right-0,left,right-dark,dark-up,greater-up,dual,2026-02-16 21:16:53.9780000
3910,675a1c9c5cac55bc951ff999,628.6000000014901,628.6000000014901,0,19,left-5,right,left-dark,dark-up,greater-up,dual,2026-02-16 21:16:56.1110000
3911,63d176dbaef5e7827cd86954,1105.6999999284744,1105.6999999284744,1,20,left-0,left,left-dark,light-up,fewer-up,single,2026-02-16 21:17:09.6270000
3912,675a1c9c5cac55bc951ff999,6650.39999999851,6650.39999999851,1,20,right-5,right,right-dark,light-up,fewer-up,dual,2026-02-16 21:17:11.4670000
3913,63d176dbaef5e7827cd86954,2076.5,2076.5,1,21,left-4,left,left-dark,dark-up,greater-up,single,2026-02-16 21:17:12.2060000
3914,675a1c9c5cac55bc951ff999,1997,1997,1,21,right-1,left,right-dark,light-up,greater-up,dual,2026-02-16 21:17:13.9680000
3915,63d176dbaef5e7827cd86954,1178.2000000476837,1178.2000000476837,1,22,left-3,right,left-dark,dark-up,fewer-up,single,2026-02-16 21:17:13.8860000
3916,63d176dbaef5e7827cd86954,1056.6999999284744,1056.6999999284744,1,23,right-9,right,right-dark,light-up,fewer-up,single,2026-02-16 21:17:15.4460000
3917,63d176dbaef5e7827cd86954,1081.5999999046326,1081.5999999046326,1,24,right-6,left,right-dark,light-up,greater-up,single,2026-02-16 21:17:17.0300000
3918,675a1c9c5cac55bc951ff999,3873.1999999955297,3873.1999999955297,1,22,right-3,right,right-dark,dark-up,greater-up,dual,2026-02-16 21:17:18.3450000
3919,63d176dbaef5e7827cd86954,1348,1348,1,25,left-8,left,left-dark,dark-up,greater-up,single,2026-02-16 21:17:18.8800000
3920,63d176dbaef5e7827cd86954,1013.2000000476837,1013.2000000476837,1,26,left-7,left,left-dark,light-up,fewer-up,single,2026-02-16 21:17:20.3960000
3921,675a1c9c5cac55bc951ff999,3224.7999999970198,3224.7999999970198,0,23,left-8,left,left-dark,light-up,greater-up,dual,2026-02-16 21:17:22.0740000
3922,63d176dbaef5e7827cd86954,1099,1099,1,27,left-1,right,left-dark,light-up,greater-up,single,2026-02-16 21:17:21.9970000
3923,63d176dbaef5e7827cd86954,1233.3999999761581,1233.3999999761581,1,28,left-8,right,left-dark,dark-up,fewer-up,single,2026-02-16 21:17:23.7330000
3924,675a1c9c5cac55bc951ff999,1706.4000000059605,1706.4000000059605,0,24,right-4,right,right-dark,light-up,greater-up,dual,2026-02-16 21:17:25.2850000
3925,63d176dbaef5e7827cd86954,1469.2000000476837,1469.2000000476837,1,29,right-2,left,right-dark,dark-up,fewer-up,single,2026-02-16 21:17:25.7040000
3926,63d176dbaef5e7827cd86954,1226.3999999761581,1226.3999999761581,1,30,right-6,right,right-dark,dark-up,greater-up,single,2026-02-16 21:17:27.4330000
3927,675a1c9c5cac55bc951ff999,1754.3999999985099,1754.3999999985099,0,25,right-9,left,right-dark,dark-up,greater-up,dual,2026-02-16 21:17:28.5440000
3928,63d176dbaef5e7827cd86954,1546.5,1546.5,1,31,left-0,right,left-dark,dark-up,fewer-up,single,2026-02-16 21:17:29.4820000
3929,675a1c9c5cac55bc951ff999,1493.3000000044703,1493.3000000044703,1,26,right-7,left,right-dark,dark-up,fewer-up,dual,2026-02-16 21:17:31.5430000
3930,63d176dbaef5e7827cd86954,1769.6999999284744,1769.6999999284744,1,32,left-9,right,left-dark,light-up,greater-up,single,2026-02-16 21:17:31.7540000
3931,63d176dbaef5e7827cd86954,1348.2000000476837,1348.2000000476837,1,33,left-6,right,left-dark,light-up,greater-up,single,2026-02-16 21:17:33.6040000
3932,63d176dbaef5e7827cd86954,1411.1999999284744,1411.1999999284744,1,34,left-1,right,left-dark,dark-up,fewer-up,single,2026-02-16 21:17:35.5170000
3933,675a1c9c5cac55bc951ff999,4311.20000000298,4311.20000000298,1,27,right-2,left,right-dark,dark-up,fewer-up,dual,2026-02-16 21:17:36.3580000
3934,671d553e0d035028da7d29a1,2683.0999999940395,2683.0999999940395,1,0,left-2,left,left-dark,dark-up,greater-up,dual,2026-02-16 21:17:38.0300000
3935,63d176dbaef5e7827cd86954,1109.3000000715256,1109.3000000715256,1,35,right-3,left,right-dark,dark-up,fewer-up,single,2026-02-16 21:17:37.1280000
3936,671d553e0d035028da7d29a1,1554.5,1554.5,0,1,right-6,right,right-dark,dark-up,fewer-up,dual,2026-02-16 21:17:40.1020000
3937,675a1c9c5cac55bc951ff999,2585,2585,0,28,right-6,right,right-dark,light-up,greater-up,dual,2026-02-16 21:17:39.4460000
3938,63d176dbaef5e7827cd86954,1290.8999999761581,1290.8999999761581,1,36,left-8,left,left-dark,light-up,fewer-up,single,2026-02-16 21:17:38.9210000
3939,63d176dbaef5e7827cd86954,1095,1095,1,37,left-7,left,left-dark,dark-up,greater-up,single,2026-02-16 21:17:40.5190000
3940,675a1c9c5cac55bc951ff999,1020.7000000029802,1020.7000000029802,0,29,right-5,left,right-dark,dark-up,greater-up,dual,2026-02-16 21:17:41.9720000
3941,671d553e0d035028da7d29a1,2637.2999999970198,2637.2999999970198,0,2,left-4,left,left-dark,light-up,greater-up,dual,2026-02-16 21:17:44.2500000
3942,63d176dbaef5e7827cd86954,2094.7999999523163,2094.7999999523163,1,38,right-5,left,right-dark,light-up,greater-up,single,2026-02-16 21:17:43.1160000
3943,675a1c9c5cac55bc951ff999,2457.2000000029802,2457.2000000029802,1,30,left-7,right,left-dark,light-up,greater-up,dual,2026-02-16 21:17:45.9330000
3944,63d176dbaef5e7827cd86954,2193.6999999284744,2193.6999999284744,1,39,left-9,right,left-dark,dark-up,fewer-up,single,2026-02-16 21:17:45.8120000
3945,671d553e0d035028da7d29a1,3556.4000000059605,3556.4000000059605,1,3,right-7,left,right-dark,light-up,greater-up,dual,2026-02-16 21:17:49.3180000
3946,675a1c9c5cac55bc951ff999,2948.2000000029802,2948.2000000029802,0,31,right-8,right,right-dark,dark-up,fewer-up,dual,2026-02-16 21:17:49.3850000
3947,671d553e0d035028da7d29a1,1075.2000000029802,1075.2000000029802,1,4,right-4,right,right-dark,light-up,fewer-up,dual,2026-02-16 21:17:50.9010000
3948,671d553e0d035028da7d29a1,1675,1675,1,5,left-3,right,left-dark,dark-up,fewer-up,dual,2026-02-16 21:17:53.0860000
3949,675a1c9c5cac55bc951ff999,2395.7000000029802,2395.7000000029802,1,32,right-0,left,right-dark,dark-up,fewer-up,dual,2026-02-16 21:17:53.2860000
3950,671d553e0d035028da7d29a1,2778.89999999851,2778.89999999851,1,6,right-1,left,right-dark,dark-up,fewer-up,dual,2026-02-16 21:17:56.3770000
3951,675a1c9c5cac55bc951ff999,2139.10000000149,2139.10000000149,0,33,right-9,right,right-dark,dark-up,fewer-up,dual,2026-02-16 21:17:55.9290000
3952,671d553e0d035028da7d29a1,1053.1999999955297,1053.1999999955297,1,7,right-1,left,right-dark,light-up,greater-up,dual,2026-02-16 21:17:57.9400000
3953,675a1c9c5cac55bc951ff999,1961.7000000029802,1961.7000000029802,0,34,right-8,right,right-dark,light-up,greater-up,dual,2026-02-16 21:17:59.3960000
3954,671d553e0d035028da7d29a1,2423.39999999851,2423.39999999851,1,8,left-5,left,left-dark,dark-up,greater-up,dual,2026-02-16 21:18:00.8730000
3955,675a1c9c5cac55bc951ff999,991.3999999985099,991.3999999985099,1,35,left-5,right,left-dark,dark-up,fewer-up,dual,2026-02-16 21:18:01.8920000
3956,671d553e0d035028da7d29a1,2419,2419,1,9,left-3,right,left-dark,light-up,greater-up,dual,2026-02-16 21:18:03.8050000
3957,675a1c9c5cac55bc951ff999,2308,2308,1,36,left-1,right,left-dark,light-up,greater-up,dual,2026-02-16 21:18:04.7040000
3958,671d553e0d035028da7d29a1,2784.9000000059605,2784.9000000059605,0,10,right-6,left,right-dark,light-up,fewer-up,dual,2026-02-16 21:18:07.1000000
3959,675a1c9c5cac55bc951ff999,2678.6999999955297,2678.6999999955297,1,37,left-1,left,left-dark,dark-up,greater-up,dual,2026-02-16 21:18:07.8870000
3960,671d553e0d035028da7d29a1,3234,3234,1,11,right-2,left,right-dark,dark-up,fewer-up,dual,2026-02-16 21:18:11.8440000
3961,675a1c9c5cac55bc951ff999,3186.10000000149,3186.10000000149,1,38,left-2,right,left-dark,dark-up,fewer-up,dual,2026-02-16 21:18:11.5770000
3962,671d553e0d035028da7d29a1,1688.5,1688.5,1,12,left-8,left,left-dark,light-up,fewer-up,dual,2026-02-16 21:18:14.0430000
3963,675a1c9c5cac55bc951ff999,1214.8000000044703,1214.8000000044703,1,39,left-9,right,left-dark,dark-up,fewer-up,dual,2026-02-16 21:18:13.2960000
3964,671d553e0d035028da7d29a1,1629.5999999940395,1629.5999999940395,1,13,right-7,left,right-dark,dark-up,fewer-up,dual,2026-02-16 21:18:16.1800000
3965,671d553e0d035028da7d29a1,1668.0999999940395,1668.0999999940395,1,14,right-6,right,right-dark,dark-up,greater-up,dual,2026-02-16 21:18:18.3580000
3966,671d553e0d035028da7d29a1,1429.6999999955297,1429.6999999955297,1,15,left-6,right,left-dark,dark-up,fewer-up,dual,2026-02-16 21:18:20.2990000
3967,675a1c9c5cac55bc951ff999,2615.1999999955297,2615.1999999955297,1,40,right-6,right,right-dark,dark-up,greater-up,dual,2026-02-16 21:18:20.0400000
3968,63d176dbaef5e7827cd86954,1430.8000000715256,1430.8000000715256,1,40,right-0,left,right-dark,dark-up,fewer-up,single,2026-02-16 21:18:20.3320000
3969,671d553e0d035028da7d29a1,1489.9000000059605,1489.9000000059605,1,16,right-4,left,right-dark,dark-up,fewer-up,dual,2026-02-16 21:18:22.3000000
3970,63d176dbaef5e7827cd86954,1322.6000000238419,1322.6000000238419,1,41,left-4,right,left-dark,light-up,greater-up,single,2026-02-16 21:18:22.1570000
3971,671d553e0d035028da7d29a1,1641.2000000029802,1641.2000000029802,1,17,left-9,left,left-dark,dark-up,greater-up,dual,2026-02-16 21:18:24.4510000
3972,675a1c9c5cac55bc951ff999,3360.2999999970198,3360.2999999970198,0,41,left-6,right,left-dark,light-up,fewer-up,dual,2026-02-16 21:18:23.9040000
3973,63d176dbaef5e7827cd86954,1095.5,1095.5,1,42,right-4,right,right-dark,light-up,fewer-up,single,2026-02-16 21:18:23.7540000
3974,671d553e0d035028da7d29a1,1668.5,1668.5,1,18,right-0,right,right-dark,light-up,fewer-up,dual,2026-02-16 21:18:26.6300000
3975,63d176dbaef5e7827cd86954,1084.2999999523163,1084.2999999523163,1,43,right-4,left,right-dark,dark-up,fewer-up,single,2026-02-16 21:18:25.3410000
3976,675a1c9c5cac55bc951ff999,2045.8000000044703,2045.8000000044703,1,42,left-0,right,left-dark,light-up,greater-up,dual,2026-02-16 21:18:27.4550000
3977,63d176dbaef5e7827cd86954,1111.8999999761581,1111.8999999761581,1,44,right-7,left,right-dark,dark-up,fewer-up,single,2026-02-16 21:18:26.9550000
3978,671d553e0d035028da7d29a1,2309.60000000149,2309.60000000149,1,19,right-5,left,right-dark,light-up,greater-up,dual,2026-02-16 21:18:29.4500000
3979,675a1c9c5cac55bc951ff999,989.7000000029802,989.7000000029802,0,43,right-1,left,right-dark,dark-up,greater-up,dual,2026-02-16 21:18:28.9490000
3980,63d176dbaef5e7827cd86954,1163.2999999523163,1163.2999999523163,1,45,right-7,right,right-dark,light-up,fewer-up,single,2026-02-16 21:18:28.6200000
3981,675a1c9c5cac55bc951ff999,739.5,739.5,1,44,right-2,right,right-dark,dark-up,greater-up,dual,2026-02-16 21:18:31.1930000
3982,63d176dbaef5e7827cd86954,1389.7999999523163,1389.7999999523163,1,46,right-6,left,right-dark,dark-up,fewer-up,single,2026-02-16 21:18:30.5130000
3983,63d176dbaef5e7827cd86954,1205.3999999761581,1205.3999999761581,1,47,left-4,right,left-dark,dark-up,fewer-up,single,2026-02-16 21:18:32.2200000
3984,675a1c9c5cac55bc951ff999,2462,2462,0,45,right-3,right,right-dark,light-up,greater-up,dual,2026-02-16 21:18:34.1590000
3985,63d176dbaef5e7827cd86954,1015.7000000476837,1015.7000000476837,1,48,right-9,left,right-dark,dark-up,fewer-up,single,2026-02-16 21:18:33.7380000
3986,63d176dbaef5e7827cd86954,1229.1000000238419,1229.1000000238419,1,49,left-6,left,left-dark,light-up,fewer-up,single,2026-02-16 21:18:35.4700000
3987,671d553e0d035028da7d29a1,2162,2162,1,20,left-6,left,left-dark,light-up,fewer-up,dual,2026-02-16 21:18:37.0180000
3988,675a1c9c5cac55bc951ff999,1956,1956,0,46,right-4,left,right-dark,dark-up,greater-up,dual,2026-02-16 21:18:37.6200000
3989,671d553e0d035028da7d29a1,1311.7999999970198,1311.7999999970198,1,21,left-2,right,left-dark,dark-up,fewer-up,dual,2026-02-16 21:18:38.8400000
3990,63d176dbaef5e7827cd86954,1377.3999999761581,1377.3999999761581,1,50,left-1,left,left-dark,dark-up,greater-up,single,2026-02-16 21:18:37.3500000
3991,63d176dbaef5e7827cd86954,1512.2999999523163,1512.2999999523163,1,51,right-1,right,right-dark,light-up,fewer-up,single,2026-02-16 21:18:39.3650000
3992,671d553e0d035028da7d29a1,1658.2000000029802,1658.2000000029802,1,22,right-6,left,right-dark,light-up,greater-up,dual,2026-02-16 21:18:41.0080000
3993,675a1c9c5cac55bc951ff999,1400.5,1400.5,1,47,right-6,right,right-dark,light-up,fewer-up,dual,2026-02-16 21:18:40.5260000
3994,671d553e0d035028da7d29a1,1126.4000000059605,1126.4000000059605,1,23,right-1,right,right-dark,dark-up,greater-up,dual,2026-02-16 21:18:42.6440000
3995,63d176dbaef5e7827cd86954,1294,1294,1,52,left-5,right,left-dark,light-up,greater-up,single,2026-02-16 21:18:41.1610000
3996,671d553e0d035028da7d29a1,1418.0999999940395,1418.0999999940395,1,24,left-5,left,left-dark,light-up,fewer-up,dual,2026-02-16 21:18:44.5730000
3997,675a1c9c5cac55bc951ff999,3144.5,3144.5,1,48,right-2,left,right-dark,light-up,greater-up,dual,2026-02-16 21:18:44.1740000
3998,671d553e0d035028da7d29a1,1312.8000000044703,1312.8000000044703,1,25,left-8,right,left-dark,dark-up,fewer-up,dual,2026-02-16 21:18:46.3960000
3999,63d176dbaef5e7827cd86954,4876.100000023842,4876.100000023842,1,53,right-2,right,right-dark,light-up,fewer-up,single,2026-02-16 21:18:46.5400000
4000,671d553e0d035028da7d29a1,1659.7999999970198,1659.7999999970198,1,26,right-3,left,right-dark,light-up,greater-up,dual,2026-02-16 21:18:48.5670000
4001,675a1c9c5cac55bc951ff999,3182.39999999851,3182.39999999851,1,49,left-6,right,left-dark,light-up,greater-up,dual,2026-02-16 21:18:47.8600000
4002,63d176dbaef5e7827cd86954,1295.1999999284744,1295.1999999284744,1,54,right-8,right,right-dark,dark-up,greater-up,single,2026-02-16 21:18:48.3370000
4003,671d553e0d035028da7d29a1,2618.3000000044703,2618.3000000044703,1,27,left-1,right,left-dark,light-up,greater-up,dual,2026-02-16 21:18:51.6950000
4004,63d176dbaef5e7827cd86954,1523.5,1523.5,1,55,right-7,left,right-dark,light-up,greater-up,single,2026-02-16 21:18:50.3620000
4005,675a1c9c5cac55bc951ff999,3000.1999999955297,3000.1999999955297,0,50,left-0,right,left-dark,light-up,fewer-up,dual,2026-02-16 21:18:51.3640000
4006,63d176dbaef5e7827cd86954,964.2000000476837,964.2000000476837,1,56,right-0,left,right-dark,light-up,greater-up,single,2026-02-16 21:18:51.8280000
4007,671d553e0d035028da7d29a1,1426.8999999985099,1426.8999999985099,1,28,left-1,right,left-dark,dark-up,fewer-up,dual,2026-02-16 21:18:53.6320000
4008,675a1c9c5cac55bc951ff999,728.7000000029802,728.7000000029802,0,51,left-3,right,left-dark,dark-up,greater-up,dual,2026-02-16 21:18:53.5990000
4009,63d176dbaef5e7827cd86954,1950.6999999284744,1950.6999999284744,1,57,right-5,right,right-dark,dark-up,greater-up,single,2026-02-16 21:18:54.2820000
4010,671d553e0d035028da7d29a1,1791.2999999970198,1791.2999999970198,1,29,right-3,left,right-dark,dark-up,fewer-up,dual,2026-02-16 21:18:55.9320000
4011,63d176dbaef5e7827cd86954,1164.1000000238419,1164.1000000238419,1,58,right-6,right,right-dark,light-up,fewer-up,single,2026-02-16 21:18:55.9470000
4012,671d553e0d035028da7d29a1,1305.3000000044703,1305.3000000044703,0,30,left-7,right,left-dark,dark-up,greater-up,dual,2026-02-16 21:18:57.7450000
4013,675a1c9c5cac55bc951ff999,2917.60000000149,2917.60000000149,1,52,right-7,left,right-dark,light-up,greater-up,dual,2026-02-16 21:18:58.0200000
4014,63d176dbaef5e7827cd86954,1520.1999999284744,1520.1999999284744,1,59,left-5,right,left-dark,dark-up,fewer-up,single,2026-02-16 21:18:57.9700000
4015,671d553e0d035028da7d29a1,1162.7999999970198,1162.7999999970198,1,31,right-5,left,right-dark,dark-up,fewer-up,dual,2026-02-16 21:19:00.4180000
4016,671d553e0d035028da7d29a1,2535.0999999940395,2535.0999999940395,1,32,left-0,left,left-dark,dark-up,greater-up,dual,2026-02-16 21:19:03.4630000
4017,675a1c9c5cac55bc951ff999,4173.70000000298,4173.70000000298,0,53,left-4,left,left-dark,light-up,greater-up,dual,2026-02-16 21:19:02.7000000
4018,671d553e0d035028da7d29a1,1955.5,1955.5,1,33,left-6,right,left-dark,light-up,greater-up,dual,2026-02-16 21:19:05.9300000
4019,675a1c9c5cac55bc951ff999,2264.60000000149,2264.60000000149,0,54,left-9,left,left-dark,light-up,greater-up,dual,2026-02-16 21:19:06.4690000
4020,671d553e0d035028da7d29a1,1536.1999999955297,1536.1999999955297,1,34,left-2,right,left-dark,light-up,greater-up,dual,2026-02-16 21:19:07.9740000
4021,675a1c9c5cac55bc951ff999,846.8999999985099,846.8999999985099,0,55,left-1,left,left-dark,dark-up,fewer-up,dual,2026-02-16 21:19:08.8210000
4022,671d553e0d035028da7d29a1,2489,2489,1,35,left-5,right,left-dark,light-up,greater-up,dual,2026-02-16 21:19:10.9760000
4023,675a1c9c5cac55bc951ff999,1403.2000000029802,1403.2000000029802,1,56,left-2,left,left-dark,light-up,fewer-up,dual,2026-02-16 21:19:11.7290000
4024,671d553e0d035028da7d29a1,1273.3999999985099,1273.3999999985099,1,36,right-7,right,right-dark,light-up,fewer-up,dual,2026-02-16 21:19:12.7620000
4025,671d553e0d035028da7d29a1,1364.8000000044703,1364.8000000044703,1,37,right-1,right,right-dark,light-up,fewer-up,dual,2026-02-16 21:19:14.6360000
4026,675a1c9c5cac55bc951ff999,2844.3000000044703,2844.3000000044703,0,57,left-9,right,left-dark,dark-up,greater-up,dual,2026-02-16 21:19:15.0780000
4027,671d553e0d035028da7d29a1,1427.2000000029802,1427.2000000029802,1,38,right-5,right,right-dark,dark-up,greater-up,dual,2026-02-16 21:19:16.5740000
4028,63d176dbaef5e7827cd86954,1993.7000000476837,1993.7000000476837,1,60,right-4,right,right-dark,dark-up,greater-up,single,2026-02-16 21:19:15.9900000
4029,63d176dbaef5e7827cd86954,921.2000000476837,921.2000000476837,1,61,right-0,right,right-dark,dark-up,greater-up,single,2026-02-16 21:19:17.4140000
4030,675a1c9c5cac55bc951ff999,2027.4000000059605,2027.4000000059605,0,58,right-8,left,right-dark,light-up,fewer-up,dual,2026-02-16 21:19:18.6110000
4031,671d553e0d035028da7d29a1,2493.2000000029802,2493.2000000029802,1,39,left-5,right,left-dark,dark-up,fewer-up,dual,2026-02-16 21:19:19.5780000
4032,63d176dbaef5e7827cd86954,1463.5,1463.5,1,62,right-1,left,right-dark,light-up,greater-up,single,2026-02-16 21:19:19.3800000
4033,63d176dbaef5e7827cd86954,1116.5,1116.5,1,63,right-5,left,right-dark,dark-up,fewer-up,single,2026-02-16 21:19:20.9990000
4034,675a1c9c5cac55bc951ff999,1819.3999999985099,1819.3999999985099,1,59,right-8,right,right-dark,dark-up,greater-up,dual,2026-02-16 21:19:21.9350000
4035,63d176dbaef5e7827cd86954,1163.8999999761581,1163.8999999761581,1,64,left-2,right,left-dark,dark-up,fewer-up,single,2026-02-16 21:19:22.6650000
4036,63d176dbaef5e7827cd86954,1293,1293,1,65,right-9,left,right-dark,light-up,greater-up,single,2026-02-16 21:19:24.4600000
4037,63d176dbaef5e7827cd86954,1550.3999999761581,1550.3999999761581,1,66,left-1,left,left-dark,light-up,fewer-up,single,2026-02-16 21:19:26.5130000
4038,63d176dbaef5e7827cd86954,966.1999999284744,966.1999999284744,1,67,left-5,left,left-dark,dark-up,greater-up,single,2026-02-16 21:19:27.9820000
4039,63d176dbaef5e7827cd86954,897.1999999284744,897.1999999284744,0,68,right-4,right,right-dark,light-up,greater-up,single,2026-02-16 21:19:29.3820000
4040,675a1c9c5cac55bc951ff999,3280,3280,1,60,right-1,right,right-dark,light-up,fewer-up,dual,2026-02-16 21:19:29.8550000
4041,675a1c9c5cac55bc951ff999,2034.8000000044703,2034.8000000044703,0,61,left-7,right,left-dark,light-up,fewer-up,dual,2026-02-16 21:19:32.3930000
4042,63d176dbaef5e7827cd86954,1714.2999999523163,1714.2999999523163,1,69,right-1,left,right-dark,dark-up,fewer-up,single,2026-02-16 21:19:32.6020000
4043,63d176dbaef5e7827cd86954,1167.1000000238419,1167.1000000238419,1,70,right-3,right,right-dark,dark-up,greater-up,single,2026-02-16 21:19:34.2720000
4044,675a1c9c5cac55bc951ff999,1122,1122,1,62,left-7,right,left-dark,dark-up,fewer-up,dual,2026-02-16 21:19:35.0200000
4045,63d176dbaef5e7827cd86954,979.6000000238419,979.6000000238419,1,71,right-7,right,right-dark,dark-up,greater-up,single,2026-02-16 21:19:35.7540000
4046,675a1c9c5cac55bc951ff999,2080.10000000149,2080.10000000149,0,63,left-4,right,left-dark,dark-up,greater-up,dual,2026-02-16 21:19:37.6050000
4047,63d176dbaef5e7827cd86954,1009.2000000476837,1009.2000000476837,1,72,right-1,right,right-dark,dark-up,greater-up,single,2026-02-16 21:19:37.2660000
4048,63d176dbaef5e7827cd86954,1022,1022,1,73,right-3,right,right-dark,light-up,fewer-up,single,2026-02-16 21:19:38.7910000
4049,63d176dbaef5e7827cd86954,1400,1400,1,74,left-0,right,left-dark,light-up,greater-up,single,2026-02-16 21:19:40.6940000
4050,675a1c9c5cac55bc951ff999,3630.1999999955297,3630.1999999955297,0,64,right-1,right,right-dark,dark-up,fewer-up,dual,2026-02-16 21:19:42.7410000
4051,63d176dbaef5e7827cd86954,1111.6000000238419,1111.6000000238419,1,75,right-2,left,right-dark,light-up,greater-up,single,2026-02-16 21:19:42.3080000
4052,63d176dbaef5e7827cd86954,1099.8999999761581,1099.8999999761581,1,76,right-0,right,right-dark,light-up,fewer-up,single,2026-02-16 21:19:43.9100000
4053,63d176dbaef5e7827cd86954,2233.6999999284744,2233.6999999284744,1,77,right-8,left,right-dark,light-up,greater-up,single,2026-02-16 21:19:46.6470000
4054,675a1c9c5cac55bc951ff999,3219.10000000149,3219.10000000149,1,65,left-5,left,left-dark,light-up,fewer-up,dual,2026-02-16 21:19:47.4650000
4055,63d176dbaef5e7827cd86954,1823.5,1823.5,1,78,left-3,right,left-dark,light-up,greater-up,single,2026-02-16 21:19:48.9730000
4056,675a1c9c5cac55bc951ff999,1971.5999999940395,1971.5999999940395,0,66,right-2,left,right-dark,light-up,fewer-up,dual,2026-02-16 21:19:49.9400000
4057,63d176dbaef5e7827cd86954,951.1000000238419,951.1000000238419,1,79,left-6,left,left-dark,dark-up,greater-up,single,2026-02-16 21:19:50.4260000
4058,675a1c9c5cac55bc951ff999,2102.7000000029802,2102.7000000029802,1,67,left-8,right,left-dark,dark-up,fewer-up,dual,2026-02-16 21:19:53.5480000
4059,675a1c9c5cac55bc951ff999,3335.10000000149,3335.10000000149,1,68,left-9,left,left-dark,light-up,fewer-up,dual,2026-02-16 21:19:57.3870000
4060,675a1c9c5cac55bc951ff999,2776.39999999851,2776.39999999851,1,69,right-7,right,right-dark,dark-up,greater-up,dual,2026-02-16 21:20:00.6670000
4061,675a1c9c5cac55bc951ff999,4111.30000000447,4111.30000000447,0,70,left-2,right,left-dark,dark-up,greater-up,dual,2026-02-16 21:20:05.2820000
4062,671d553e0d035028da7d29a1,2210.39999999851,2210.39999999851,1,40,left-8,left,left-dark,dark-up,greater-up,dual,2026-02-16 21:20:06.2990000
4063,671d553e0d035028da7d29a1,1249.2999999970198,1249.2999999970198,1,41,left-9,left,left-dark,light-up,fewer-up,dual,2026-02-16 21:20:08.0560000
4064,675a1c9c5cac55bc951ff999,2136.89999999851,2136.89999999851,0,71,left-8,right,left-dark,light-up,fewer-up,dual,2026-02-16 21:20:08.9250000
4065,671d553e0d035028da7d29a1,1789.8999999985099,1789.8999999985099,1,42,left-7,right,left-dark,light-up,greater-up,dual,2026-02-16 21:20:10.3560000
4066,675a1c9c5cac55bc951ff999,1125.2999999970198,1125.2999999970198,1,72,left-7,left,left-dark,dark-up,greater-up,dual,2026-02-16 21:20:11.5560000
4067,671d553e0d035028da7d29a1,2664.39999999851,2664.39999999851,1,43,right-8,right,right-dark,light-up,fewer-up,dual,2026-02-16 21:20:13.5330000
4068,675a1c9c5cac55bc951ff999,1970.3000000044703,1970.3000000044703,0,73,left-1,right,left-dark,light-up,fewer-up,dual,2026-02-16 21:20:14.0310000
4069,671d553e0d035028da7d29a1,1225.2999999970198,1225.2999999970198,1,44,right-7,right,right-dark,dark-up,greater-up,dual,2026-02-16 21:20:15.2680000
4070,671d553e0d035028da7d29a1,1358.7999999970198,1358.7999999970198,1,45,right-2,right,right-dark,dark-up,greater-up,dual,2026-02-16 21:20:17.1380000
4071,675a1c9c5cac55bc951ff999,2196.5,2196.5,0,74,left-4,right,left-dark,light-up,fewer-up,dual,2026-02-16 21:20:17.7320000
4072,671d553e0d035028da7d29a1,972.3999999985099,972.3999999985099,1,46,right-3,right,right-dark,dark-up,greater-up,dual,2026-02-16 21:20:18.6210000
4073,671d553e0d035028da7d29a1,1904.3999999985099,1904.3999999985099,1,47,left-1,left,left-dark,light-up,fewer-up,dual,2026-02-16 21:20:21.0530000
4074,675a1c9c5cac55bc951ff999,1885.1000000014901,1885.1000000014901,1,75,left-3,right,left-dark,light-up,greater-up,dual,2026-02-16 21:20:21.1220000
4075,671d553e0d035028da7d29a1,871.8999999985099,871.8999999985099,1,48,left-3,left,left-dark,dark-up,greater-up,dual,2026-02-16 21:20:22.4360000
4076,671d553e0d035028da7d29a1,1416.8999999985099,1416.8999999985099,1,49,left-9,right,left-dark,dark-up,fewer-up,dual,2026-02-16 21:20:24.3650000
4077,675a1c9c5cac55bc951ff999,3925.2999999970198,3925.2999999970198,1,76,right-4,left,right-dark,dark-up,fewer-up,dual,2026-02-16 21:20:25.5520000
4078,671d553e0d035028da7d29a1,1759.5,1759.5,1,50,left-0,left,left-dark,light-up,fewer-up,dual,2026-02-16 21:20:26.6340000
4079,671d553e0d035028da7d29a1,1608.5,1608.5,1,51,right-9,left,right-dark,light-up,greater-up,dual,2026-02-16 21:20:28.7510000
4080,675a1c9c5cac55bc951ff999,2416.5,2416.5,0,77,left-6,right,left-dark,dark-up,greater-up,dual,2026-02-16 21:20:28.4720000
4081,671d553e0d035028da7d29a1,1631.3999999985099,1631.3999999985099,1,52,right-8,left,right-dark,dark-up,fewer-up,dual,2026-02-16 21:20:30.8910000
4082,675a1c9c5cac55bc951ff999,1903.5,1903.5,1,78,right-6,left,right-dark,dark-up,fewer-up,dual,2026-02-16 21:20:31.8820000
4083,671d553e0d035028da7d29a1,2036.8999999985099,2036.8999999985099,1,53,right-4,left,right-dark,light-up,greater-up,dual,2026-02-16 21:20:33.4370000
4084,671d553e0d035028da7d29a1,2479.60000000149,2479.60000000149,1,54,right-3,right,right-dark,light-up,fewer-up,dual,2026-02-16 21:20:36.4280000
4085,675a1c9c5cac55bc951ff999,3413.6999999955297,3413.6999999955297,1,79,left-4,right,left-dark,dark-up,fewer-up,dual,2026-02-16 21:20:35.8000000
4086,671d553e0d035028da7d29a1,2724.1999999955297,2724.1999999955297,1,55,left-0,right,left-dark,dark-up,fewer-up,dual,2026-02-16 21:20:39.6610000
4087,671d553e0d035028da7d29a1,1217,1217,1,56,left-1,left,left-dark,dark-up,greater-up,dual,2026-02-16 21:20:41.3900000
4088,671d553e0d035028da7d29a1,1762.6999999955297,1762.6999999955297,1,57,right-0,right,right-dark,dark-up,greater-up,dual,2026-02-16 21:20:43.6610000
4089,695fa9d847aaaf15279b5285,1774.1000000238419,1774.1000000238419,1,0,right-6,left,right-dark,light-up,greater-up,single,2026-02-16 21:20:44.2990000
4090,671d553e0d035028da7d29a1,1215.2999999970198,1215.2999999970198,1,58,right-9,right,right-dark,dark-up,greater-up,dual,2026-02-16 21:20:45.3860000
4091,695fa9d847aaaf15279b5285,958.7000000476837,958.7000000476837,1,1,right-7,right,right-dark,dark-up,greater-up,single,2026-02-16 21:20:45.7620000
4092,695fa9d847aaaf15279b5285,1140.1000000238419,1140.1000000238419,1,2,left-5,right,left-dark,light-up,greater-up,single,2026-02-16 21:20:47.4030000
4093,671d553e0d035028da7d29a1,2593,2593,1,59,left-9,right,left-dark,light-up,greater-up,dual,2026-02-16 21:20:48.4890000
4094,695fa9d847aaaf15279b5285,1105.3999999761581,1105.3999999761581,1,3,left-7,left,left-dark,dark-up,greater-up,single,2026-02-16 21:20:49.0110000
4095,695fa9d847aaaf15279b5285,1314.6000000238419,1314.6000000238419,1,4,right-6,right,right-dark,light-up,fewer-up,single,2026-02-16 21:20:50.8270000
4096,671d553e0d035028da7d29a1,2026.7000000029802,2026.7000000029802,1,60,left-6,left,left-dark,dark-up,greater-up,dual,2026-02-16 21:20:52.8000000
4097,695fa9d847aaaf15279b5285,1480.1999999284744,1480.1999999284744,1,5,left-4,right,left-dark,dark-up,fewer-up,single,2026-02-16 21:20:52.8090000
4098,695fa9d847aaaf15279b5285,1050.1000000238419,1050.1000000238419,1,6,left-1,right,left-dark,light-up,greater-up,single,2026-02-16 21:20:54.3620000
4099,671d553e0d035028da7d29a1,1734.2000000029802,1734.2000000029802,1,61,right-2,left,right-dark,light-up,greater-up,dual,2026-02-16 21:20:55.0440000
4100,695fa9d847aaaf15279b5285,1442.8999999761581,1442.8999999761581,1,7,right-9,right,right-dark,light-up,fewer-up,single,2026-02-16 21:20:56.3070000
4101,671d553e0d035028da7d29a1,2209.7000000029802,2209.7000000029802,1,62,right-5,right,right-dark,light-up,fewer-up,dual,2026-02-16 21:20:57.7650000
4102,695fa9d847aaaf15279b5285,1305.5,1305.5,1,8,right-8,right,right-dark,light-up,fewer-up,single,2026-02-16 21:20:58.1150000
4103,695fa9d847aaaf15279b5285,1804.1000000238419,1804.1000000238419,1,9,right-5,left,right-dark,light-up,greater-up,single,2026-02-16 21:21:00.4220000
4104,671d553e0d035028da7d29a1,2826.60000000149,2826.60000000149,1,63,left-3,left,left-dark,light-up,fewer-up,dual,2026-02-16 21:21:01.1020000
4105,695fa9d847aaaf15279b5285,1297.3000000715256,1297.3000000715256,1,10,left-7,right,left-dark,light-up,greater-up,single,2026-02-16 21:21:02.2220000
4106,671d553e0d035028da7d29a1,1030,1030,1,64,left-4,left,left-dark,light-up,fewer-up,dual,2026-02-16 21:21:02.6420000
4107,695fa9d847aaaf15279b5285,1660.2000000476837,1660.2000000476837,1,11,left-6,left,left-dark,dark-up,greater-up,single,2026-02-16 21:21:04.3840000
4108,671d553e0d035028da7d29a1,2228.10000000149,2228.10000000149,1,65,right-0,left,right-dark,light-up,greater-up,dual,2026-02-16 21:21:05.3800000
4109,695fa9d847aaaf15279b5285,1437,1437,1,12,right-4,left,right-dark,dark-up,fewer-up,single,2026-02-16 21:21:06.3230000
4110,5e52a7cc53ecf12b883e1e1f,2871.099999997765,2871.099999997765,1,0,left-2,right,left-dark,dark-up,fewer-up,single,2026-02-16 21:21:05.4800000
4111,671d553e0d035028da7d29a1,2138.5,2138.5,1,66,right-8,right,right-dark,dark-up,greater-up,dual,2026-02-16 21:21:08.0300000
4112,695fa9d847aaaf15279b5285,1521.3999999761581,1521.3999999761581,1,13,right-9,right,right-dark,dark-up,greater-up,single,2026-02-16 21:21:08.3470000
4113,671d553e0d035028da7d29a1,1456.8000000044703,1456.8000000044703,1,67,right-2,right,right-dark,light-up,fewer-up,dual,2026-02-16 21:21:09.9960000
4114,5e52a7cc53ecf12b883e1e1f,2906.39999999851,2906.39999999851,1,1,right-6,right,right-dark,light-up,fewer-up,single,2026-02-16 21:21:08.8920000
4115,695fa9d847aaaf15279b5285,1391.6999999284744,1391.6999999284744,1,14,right-7,left,right-dark,light-up,greater-up,single,2026-02-16 21:21:10.2410000
4116,671d553e0d035028da7d29a1,1768.3000000044703,1768.3000000044703,1,68,right-8,left,right-dark,light-up,greater-up,dual,2026-02-16 21:21:12.2750000
4117,5e52a7cc53ecf12b883e1e1f,2008.199999999255,2008.199999999255,1,2,left-0,right,left-dark,dark-up,fewer-up,single,2026-02-16 21:21:11.4050000
4118,695fa9d847aaaf15279b5285,2327.600000023842,2327.600000023842,1,15,right-7,left,right-dark,dark-up,fewer-up,single,2026-02-16 21:21:13.0700000
4119,5e52a7cc53ecf12b883e1e1f,1503.4000000022352,1503.4000000022352,1,3,left-2,left,left-dark,light-up,fewer-up,single,2026-02-16 21:21:13.4120000
4120,671d553e0d035028da7d29a1,2283.3000000044703,2283.3000000044703,1,69,right-9,left,right-dark,dark-up,fewer-up,dual,2026-02-16 21:21:15.0670000
4121,695fa9d847aaaf15279b5285,1929.8999999761581,1929.8999999761581,1,16,left-4,left,left-dark,light-up,fewer-up,single,2026-02-16 21:21:15.5030000
4122,5e52a7cc53ecf12b883e1e1f,1627.3999999985099,1627.3999999985099,1,4,left-3,left,left-dark,light-up,fewer-up,single,2026-02-16 21:21:15.5440000
4123,671d553e0d035028da7d29a1,1926.9000000059605,1926.9000000059605,1,70,right-4,right,right-dark,dark-up,greater-up,dual,2026-02-16 21:21:17.5030000
4124,695fa9d847aaaf15279b5285,1321.1999999284744,1321.1999999284744,1,17,left-8,left,left-dark,dark-up,greater-up,single,2026-02-16 21:21:17.3250000
4125,695fa9d847aaaf15279b5285,987.3999999761581,987.3999999761581,1,18,left-1,left,left-dark,dark-up,greater-up,single,2026-02-16 21:21:18.8150000
4126,671d553e0d035028da7d29a1,1715.7999999970198,1715.7999999970198,1,71,left-4,right,left-dark,dark-up,fewer-up,dual,2026-02-16 21:21:19.7310000
4127,5e52a7cc53ecf12b883e1e1f,3096.5,3096.5,1,5,right-1,left,right-dark,dark-up,fewer-up,single,2026-02-16 21:21:19.1440000
4128,695fa9d847aaaf15279b5285,988.3999999761581,988.3999999761581,1,19,right-4,right,right-dark,light-up,fewer-up,single,2026-02-16 21:21:20.3060000
4129,671d553e0d035028da7d29a1,1414.6000000014901,1414.6000000014901,1,72,left-4,left,left-dark,dark-up,greater-up,dual,2026-02-16 21:21:21.6550000
4130,5e52a7cc53ecf12b883e1e1f,1730.1000000014901,1730.1000000014901,1,6,right-7,left,right-dark,light-up,greater-up,single,2026-02-16 21:21:21.3780000
4131,671d553e0d035028da7d29a1,1780.3999999985099,1780.3999999985099,1,73,left-2,left,left-dark,light-up,fewer-up,dual,2026-02-16 21:21:23.9450000
4132,5e52a7cc53ecf12b883e1e1f,2362.800000000745,2362.800000000745,1,7,left-4,left,left-dark,dark-up,greater-up,single,2026-02-16 21:21:24.2450000
4133,671d553e0d035028da7d29a1,1132.0999999940395,1132.0999999940395,1,74,left-7,left,left-dark,light-up,fewer-up,dual,2026-02-16 21:21:25.5860000
4134,695fa9d847aaaf15279b5285,1511.6000000238419,1511.6000000238419,1,20,left-8,left,left-dark,light-up,fewer-up,single,2026-02-16 21:21:25.6100000
4135,671d553e0d035028da7d29a1,2024.1000000014901,2024.1000000014901,1,75,left-0,right,left-dark,light-up,greater-up,dual,2026-02-16 21:21:28.1280000
4136,5e52a7cc53ecf12b883e1e1f,2252.199999999255,2252.199999999255,1,8,right-2,left,right-dark,dark-up,fewer-up,single,2026-02-16 21:21:27.0010000
4137,695fa9d847aaaf15279b5285,2243.899999976158,2243.899999976158,1,21,left-5,left,left-dark,dark-up,greater-up,single,2026-02-16 21:21:28.3560000
4138,695fa9d847aaaf15279b5285,1192.5,1192.5,1,22,left-0,right,left-dark,light-up,greater-up,single,2026-02-16 21:21:30.0510000
4139,5e52a7cc53ecf12b883e1e1f,2242.89999999851,2242.89999999851,1,9,left-5,left,left-dark,light-up,fewer-up,single,2026-02-16 21:21:29.7480000
4140,695fa9d847aaaf15279b5285,1225.5,1225.5,1,23,right-0,left,right-dark,light-up,greater-up,single,2026-02-16 21:21:31.7790000
4141,671d553e0d035028da7d29a1,3651,3651,1,76,left-8,right,left-dark,light-up,greater-up,dual,2026-02-16 21:21:32.2870000
4142,695fa9d847aaaf15279b5285,963,963,1,24,right-5,right,right-dark,dark-up,greater-up,single,2026-02-16 21:21:33.2440000
4143,5e52a7cc53ecf12b883e1e1f,2166.699999999255,2166.699999999255,1,10,left-4,right,left-dark,light-up,greater-up,single,2026-02-16 21:21:32.4190000
4144,695fa9d847aaaf15279b5285,1279.2000000476837,1279.2000000476837,1,25,left-2,right,left-dark,light-up,greater-up,single,2026-02-16 21:21:35.0250000
4145,671d553e0d035028da7d29a1,2618.7999999970198,2618.7999999970198,1,77,left-7,right,left-dark,dark-up,fewer-up,dual,2026-02-16 21:21:35.4160000
4146,5e52a7cc53ecf12b883e1e1f,1698.1000000014901,1698.1000000014901,1,11,left-0,left,left-dark,dark-up,greater-up,single,2026-02-16 21:21:34.6210000
4147,695fa9d847aaaf15279b5285,969.1000000238419,969.1000000238419,1,26,right-6,right,right-dark,dark-up,greater-up,single,2026-02-16 21:21:36.4970000
4148,671d553e0d035028da7d29a1,1682.7999999970198,1682.7999999970198,1,78,right-0,left,right-dark,dark-up,fewer-up,dual,2026-02-16 21:21:37.6090000
4149,5e52a7cc53ecf12b883e1e1f,2276.900000002235,2276.900000002235,0,12,right-5,left,right-dark,dark-up,greater-up,single,2026-02-16 21:21:37.4020000
4150,695fa9d847aaaf15279b5285,2177.399999976158,2177.399999976158,1,27,left-1,right,left-dark,dark-up,fewer-up,single,2026-02-16 21:21:39.1770000
4151,671d553e0d035028da7d29a1,1572.8999999985099,1572.8999999985099,1,79,right-9,right,right-dark,light-up,fewer-up,dual,2026-02-16 21:21:39.6930000
4152,695fa9d847aaaf15279b5285,989.1999999284744,989.1999999284744,1,28,left-4,right,left-dark,light-up,greater-up,single,2026-02-16 21:21:40.6680000
4153,695fa9d847aaaf15279b5285,1023.7000000476837,1023.7000000476837,1,29,left-3,left,left-dark,dark-up,greater-up,single,2026-02-16 21:21:42.1940000
4154,5e52a7cc53ecf12b883e1e1f,3236.699999999255,3236.699999999255,1,13,left-7,left,left-dark,dark-up,greater-up,single,2026-02-16 21:21:42.1430000
4155,695fa9d847aaaf15279b5285,1198.2000000476837,1198.2000000476837,1,30,left-3,left,left-dark,light-up,fewer-up,single,2026-02-16 21:21:43.8950000
4156,5e52a7cc53ecf12b883e1e1f,1765.2000000029802,1765.2000000029802,1,14,left-0,left,left-dark,light-up,fewer-up,single,2026-02-16 21:21:44.4130000
4157,695fa9d847aaaf15279b5285,1140.6999999284744,1140.6999999284744,1,31,right-9,left,right-dark,light-up,greater-up,single,2026-02-16 21:21:45.5380000
4158,695fa9d847aaaf15279b5285,1427.1999999284744,1427.1999999284744,1,32,right-5,right,right-dark,light-up,fewer-up,single,2026-02-16 21:21:47.4670000
4159,5e52a7cc53ecf12b883e1e1f,2139.099999997765,2139.099999997765,1,15,left-8,left,left-dark,light-up,fewer-up,single,2026-02-16 21:21:47.0560000
4160,695fa9d847aaaf15279b5285,1160.3999999761581,1160.3999999761581,1,33,right-2,right,right-dark,light-up,fewer-up,single,2026-02-16 21:21:49.1300000
4161,5e52a7cc53ecf12b883e1e1f,1952.5999999977648,1952.5999999977648,1,16,left-1,left,left-dark,dark-up,greater-up,single,2026-02-16 21:21:49.5140000
4162,695fa9d847aaaf15279b5285,1249.2000000476837,1249.2000000476837,1,34,left-5,left,left-dark,light-up,fewer-up,single,2026-02-16 21:21:50.8800000
4163,695fa9d847aaaf15279b5285,1256,1256,1,35,left-6,left,left-dark,light-up,fewer-up,single,2026-02-16 21:21:52.6380000
4164,5e52a7cc53ecf12b883e1e1f,1813,1813,0,17,right-6,right,right-dark,dark-up,fewer-up,single,2026-02-16 21:21:51.8310000
4165,695fa9d847aaaf15279b5285,1280.1000000238419,1280.1000000238419,1,36,right-8,left,right-dark,dark-up,fewer-up,single,2026-02-16 21:21:54.4210000
4166,695fa9d847aaaf15279b5285,1040.8000000715256,1040.8000000715256,1,37,left-2,left,left-dark,light-up,fewer-up,single,2026-02-16 21:21:55.9650000
4167,695fa9d847aaaf15279b5285,1199.2999999523163,1199.2999999523163,1,38,left-4,left,left-dark,dark-up,greater-up,single,2026-02-16 21:21:57.6660000
4168,5e52a7cc53ecf12b883e1e1f,4787.300000000745,4787.300000000745,1,18,right-9,right,right-dark,light-up,fewer-up,single,2026-02-16 21:21:58.1240000
4169,695fa9d847aaaf15279b5285,1141.2999999523163,1141.2999999523163,1,39,left-7,left,left-dark,light-up,fewer-up,single,2026-02-16 21:21:59.3100000
4170,5e52a7cc53ecf12b883e1e1f,3608.10000000149,3608.10000000149,1,19,right-2,left,right-dark,light-up,greater-up,single,2026-02-16 21:22:02.2370000
4171,695fa9d847aaaf15279b5285,3524.9000000953674,3524.9000000953674,1,40,right-6,left,right-dark,dark-up,fewer-up,single,2026-02-16 21:22:06.1450000
4172,695fa9d847aaaf15279b5285,1224.2000000476837,1224.2000000476837,1,41,left-6,right,left-dark,light-up,greater-up,single,2026-02-16 21:22:07.8700000
4173,695fa9d847aaaf15279b5285,1010.6999999284744,1010.6999999284744,1,42,left-9,right,left-dark,dark-up,fewer-up,single,2026-02-16 21:22:09.3820000
4174,695fa9d847aaaf15279b5285,1128.1999999284744,1128.1999999284744,1,43,left-6,right,left-dark,dark-up,fewer-up,single,2026-02-16 21:22:11.0130000
4175,695fa9d847aaaf15279b5285,1185.1000000238419,1185.1000000238419,1,44,right-2,left,right-dark,dark-up,fewer-up,single,2026-02-16 21:22:12.7000000
4176,695fa9d847aaaf15279b5285,1242.2000000476837,1242.2000000476837,1,45,right-0,left,right-dark,dark-up,fewer-up,single,2026-02-16 21:22:14.4440000
4177,695fa9d847aaaf15279b5285,1341.9000000953674,1341.9000000953674,1,46,right-8,right,right-dark,dark-up,greater-up,single,2026-02-16 21:22:16.2890000
4178,695fa9d847aaaf15279b5285,1056.4000000953674,1056.4000000953674,1,47,left-9,right,left-dark,light-up,greater-up,single,2026-02-16 21:22:17.8470000
4179,5e52a7cc53ecf12b883e1e1f,1865.7999999970198,1865.7999999970198,1,20,left-2,left,left-dark,dark-up,greater-up,single,2026-02-16 21:22:17.4840000
4180,695fa9d847aaaf15279b5285,1379.2000000476837,1379.2000000476837,1,48,right-3,left,right-dark,dark-up,fewer-up,single,2026-02-16 21:22:19.7280000
4181,695fa9d847aaaf15279b5285,1318.1000000238419,1318.1000000238419,1,49,right-1,right,right-dark,dark-up,greater-up,single,2026-02-16 21:22:21.5490000
4182,5e52a7cc53ecf12b883e1e1f,3374.2999999970198,3374.2999999970198,1,21,left-1,left,left-dark,light-up,fewer-up,single,2026-02-16 21:22:21.3620000
4183,695fa9d847aaaf15279b5285,1153.2999999523163,1153.2999999523163,1,50,left-9,left,left-dark,light-up,fewer-up,single,2026-02-16 21:22:23.2050000
4184,695fa9d847aaaf15279b5285,1148.8999999761581,1148.8999999761581,1,51,right-8,left,right-dark,light-up,greater-up,single,2026-02-16 21:22:24.8560000
4185,5e52a7cc53ecf12b883e1e1f,2504.699999999255,2504.699999999255,1,22,left-1,right,left-dark,light-up,greater-up,single,2026-02-16 21:22:24.3710000
4186,695fa9d847aaaf15279b5285,1110.7000000476837,1110.7000000476837,1,52,right-2,left,right-dark,light-up,greater-up,single,2026-02-16 21:22:26.4690000
4187,5e52a7cc53ecf12b883e1e1f,2047.800000000745,2047.800000000745,1,23,left-3,left,left-dark,dark-up,greater-up,single,2026-02-16 21:22:26.9210000
4188,695fa9d847aaaf15279b5285,1206,1206,1,53,right-5,left,right-dark,dark-up,fewer-up,single,2026-02-16 21:22:28.1770000
4189,5e52a7cc53ecf12b883e1e1f,1463,1463,1,24,right-3,left,right-dark,dark-up,fewer-up,single,2026-02-16 21:22:28.8880000
4190,695fa9d847aaaf15279b5285,1269.3999999761581,1269.3999999761581,1,54,right-4,right,right-dark,dark-up,greater-up,single,2026-02-16 21:22:29.9490000
4191,695fa9d847aaaf15279b5285,1543.7000000476837,1543.7000000476837,1,55,left-7,right,left-dark,dark-up,fewer-up,single,2026-02-16 21:22:31.9940000
4192,5e52a7cc53ecf12b883e1e1f,1741.6000000014901,1741.6000000014901,1,25,left-5,left,left-dark,dark-up,greater-up,single,2026-02-16 21:22:31.1340000
4193,695fa9d847aaaf15279b5285,1459,1459,1,56,left-2,left,left-dark,dark-up,greater-up,single,2026-02-16 21:22:33.9560000
4194,5e52a7cc53ecf12b883e1e1f,1658.300000000745,1658.300000000745,1,26,left-9,right,left-dark,light-up,greater-up,single,2026-02-16 21:22:33.2950000
4195,5e52a7cc53ecf12b883e1e1f,1291.0999999977648,1291.0999999977648,1,27,right-4,left,right-dark,light-up,greater-up,single,2026-02-16 21:22:35.0910000
4196,695fa9d847aaaf15279b5285,1806.2999999523163,1806.2999999523163,1,57,right-1,left,right-dark,dark-up,fewer-up,single,2026-02-16 21:22:36.2640000
4197,695fa9d847aaaf15279b5285,1447.1000000238419,1447.1000000238419,1,58,left-3,right,left-dark,dark-up,fewer-up,single,2026-02-16 21:22:38.2130000
4198,5e52a7cc53ecf12b883e1e1f,2128.60000000149,2128.60000000149,1,28,left-9,left,left-dark,dark-up,greater-up,single,2026-02-16 21:22:37.7230000
4199,695fa9d847aaaf15279b5285,1290,1290,1,59,right-9,left,right-dark,dark-up,fewer-up,single,2026-02-16 21:22:40.0040000
4200,5e52a7cc53ecf12b883e1e1f,2593.5,2593.5,1,29,right-3,right,right-dark,dark-up,greater-up,single,2026-02-16 21:22:40.8210000
4201,5e52a7cc53ecf12b883e1e1f,2353.39999999851,2353.39999999851,1,30,right-5,right,right-dark,light-up,fewer-up,single,2026-02-16 21:22:43.6790000
4202,695fa9d847aaaf15279b5285,1583.3999999761581,1583.3999999761581,1,60,right-7,right,right-dark,light-up,fewer-up,single,2026-02-16 21:22:46.3420000
4203,5e52a7cc53ecf12b883e1e1f,2002.699999999255,2002.699999999255,1,31,right-0,left,right-dark,light-up,greater-up,single,2026-02-16 21:22:46.1860000
4204,695fa9d847aaaf15279b5285,1506.5,1506.5,1,61,left-8,right,left-dark,dark-up,fewer-up,single,2026-02-16 21:22:48.3500000
4205,5e52a7cc53ecf12b883e1e1f,2646.5,2646.5,1,32,right-7,left,right-dark,dark-up,fewer-up,single,2026-02-16 21:22:49.3370000
4206,695fa9d847aaaf15279b5285,1698.6000000238419,1698.6000000238419,1,62,left-5,right,left-dark,dark-up,fewer-up,single,2026-02-16 21:22:50.5510000
4207,695fa9d847aaaf15279b5285,868.3999999761581,868.3999999761581,1,63,left-2,right,left-dark,dark-up,fewer-up,single,2026-02-16 21:22:51.9210000
4208,5e52a7cc53ecf12b883e1e1f,1956.300000000745,1956.300000000745,1,33,left-3,right,left-dark,light-up,greater-up,single,2026-02-16 21:22:51.7980000
4209,695fa9d847aaaf15279b5285,1147.7999999523163,1147.7999999523163,1,64,right-3,right,right-dark,dark-up,greater-up,single,2026-02-16 21:22:53.5710000
4210,695fa9d847aaaf15279b5285,1674.5,1674.5,1,65,right-3,right,right-dark,light-up,fewer-up,single,2026-02-16 21:22:55.7480000
4211,695fa9d847aaaf15279b5285,1175.9000000953674,1175.9000000953674,1,66,left-0,right,left-dark,dark-up,fewer-up,single,2026-02-16 21:22:57.4260000
4212,5e52a7cc53ecf12b883e1e1f,4661.5,4661.5,1,34,left-7,left,left-dark,light-up,fewer-up,single,2026-02-16 21:22:56.9630000
4213,695fa9d847aaaf15279b5285,1623.8999999761581,1623.8999999761581,1,67,left-0,left,left-dark,light-up,fewer-up,single,2026-02-16 21:22:59.5530000
4214,5e52a7cc53ecf12b883e1e1f,2358.099999997765,2358.099999997765,1,35,right-1,right,right-dark,dark-up,greater-up,single,2026-02-16 21:22:59.8240000
4215,695fa9d847aaaf15279b5285,1544.7000000476837,1544.7000000476837,1,68,right-4,left,right-dark,light-up,greater-up,single,2026-02-16 21:23:01.5990000
4216,695fa9d847aaaf15279b5285,1856.6000000238419,1856.6000000238419,1,69,left-1,left,left-dark,light-up,fewer-up,single,2026-02-16 21:23:03.9580000
4217,5e52a7cc53ecf12b883e1e1f,3129,3129,1,36,right-2,right,right-dark,light-up,fewer-up,single,2026-02-16 21:23:03.4570000
4218,695fa9d847aaaf15279b5285,1256,1256,1,70,right-1,right,right-dark,light-up,fewer-up,single,2026-02-16 21:23:05.7160000
4219,695fa9d847aaaf15279b5285,1015.5,1015.5,1,71,right-0,right,right-dark,light-up,fewer-up,single,2026-02-16 21:23:07.2340000
4220,5e52a7cc53ecf12b883e1e1f,2313.5,2313.5,1,37,left-8,right,left-dark,dark-up,fewer-up,single,2026-02-16 21:23:06.2750000
4221,695fa9d847aaaf15279b5285,996.8999999761581,996.8999999761581,1,72,right-1,left,right-dark,light-up,greater-up,single,2026-02-16 21:23:08.7330000
4222,695fa9d847aaaf15279b5285,1217.5999999046326,1217.5999999046326,1,73,right-2,right,right-dark,dark-up,greater-up,single,2026-02-16 21:23:10.4530000
4223,5e52a7cc53ecf12b883e1e1f,3579,3579,1,38,right-4,right,right-dark,dark-up,greater-up,single,2026-02-16 21:23:10.3580000
4224,695fa9d847aaaf15279b5285,1323.6999999284744,1323.6999999284744,1,74,left-3,right,left-dark,light-up,greater-up,single,2026-02-16 21:23:12.2790000
4225,5e52a7cc53ecf12b883e1e1f,2589,2589,1,39,right-7,right,right-dark,light-up,fewer-up,single,2026-02-16 21:23:13.4520000
4226,695fa9d847aaaf15279b5285,2813.399999976158,2813.399999976158,1,75,right-0,right,right-dark,dark-up,greater-up,single,2026-02-16 21:23:15.5940000
4227,695fa9d847aaaf15279b5285,2317.399999976158,2317.399999976158,1,76,left-9,left,left-dark,dark-up,greater-up,single,2026-02-16 21:23:18.4150000
4228,695fa9d847aaaf15279b5285,1108.6000000238419,1108.6000000238419,1,77,left-0,left,left-dark,dark-up,greater-up,single,2026-02-16 21:23:20.0250000
4229,695fa9d847aaaf15279b5285,1348,1348,1,78,left-8,right,left-dark,light-up,greater-up,single,2026-02-16 21:23:21.8750000
4230,695fa9d847aaaf15279b5285,1514.1000000238419,1514.1000000238419,1,79,right-3,left,right-dark,light-up,greater-up,single,2026-02-16 21:23:23.8910000
4231,5e52a7cc53ecf12b883e1e1f,1848.199999999255,1848.199999999255,1,40,right-6,right,right-dark,dark-up,greater-up,single,2026-02-16 21:23:24.1490000
4232,5e52a7cc53ecf12b883e1e1f,1621.199999999255,1621.199999999255,1,41,left-6,right,left-dark,light-up,greater-up,single,2026-02-16 21:23:26.2740000
4233,5e52a7cc53ecf12b883e1e1f,983.9000000022352,983.9000000022352,1,42,right-1,left,right-dark,light-up,greater-up,single,2026-02-16 21:23:27.7610000
4234,5e52a7cc53ecf12b883e1e1f,1459.800000000745,1459.800000000745,1,43,left-6,left,left-dark,light-up,fewer-up,single,2026-02-16 21:23:29.7250000
4235,5e52a7cc53ecf12b883e1e1f,2149.2999999970198,2149.2999999970198,1,44,right-8,right,right-dark,light-up,fewer-up,single,2026-02-16 21:23:32.3780000
4236,5e52a7cc53ecf12b883e1e1f,1735.1000000014901,1735.1000000014901,1,45,left-5,right,left-dark,dark-up,fewer-up,single,2026-02-16 21:23:34.6180000
4237,5e52a7cc53ecf12b883e1e1f,1677.8999999985099,1677.8999999985099,1,46,left-9,left,left-dark,light-up,fewer-up,single,2026-02-16 21:23:36.7990000
4238,5e52a7cc53ecf12b883e1e1f,1711,1711,1,47,right-8,right,right-dark,dark-up,greater-up,single,2026-02-16 21:23:39.0140000
4239,5e52a7cc53ecf12b883e1e1f,1833.199999999255,1833.199999999255,1,48,right-5,left,right-dark,dark-up,fewer-up,single,2026-02-16 21:23:41.3520000
4240,5e52a7cc53ecf12b883e1e1f,3896.199999999255,3896.199999999255,1,49,left-1,right,left-dark,dark-up,fewer-up,single,2026-02-16 21:23:45.7520000
4241,5e52a7cc53ecf12b883e1e1f,3211.60000000149,3211.60000000149,1,50,right-0,left,right-dark,dark-up,fewer-up,single,2026-02-16 21:23:49.4680000
4242,5e52a7cc53ecf12b883e1e1f,1344.199999999255,1344.199999999255,1,51,right-0,right,right-dark,light-up,fewer-up,single,2026-02-16 21:23:51.3160000
4243,5e52a7cc53ecf12b883e1e1f,1184.699999999255,1184.699999999255,1,52,right-9,left,right-dark,dark-up,fewer-up,single,2026-02-16 21:23:53.0050000
4244,5e52a7cc53ecf12b883e1e1f,1011.5999999977648,1011.5999999977648,1,53,right-4,left,right-dark,dark-up,fewer-up,single,2026-02-16 21:23:54.5210000
4245,5e52a7cc53ecf12b883e1e1f,1163.199999999255,1163.199999999255,1,54,left-5,right,left-dark,light-up,greater-up,single,2026-02-16 21:23:56.1880000
4246,5e52a7cc53ecf12b883e1e1f,2170.199999999255,2170.199999999255,1,55,right-4,right,right-dark,light-up,fewer-up,single,2026-02-16 21:23:58.8630000
4247,5e52a7cc53ecf12b883e1e1f,1619,1619,1,56,right-2,right,right-dark,dark-up,greater-up,single,2026-02-16 21:24:00.9860000
4248,5e52a7cc53ecf12b883e1e1f,4258.60000000149,4258.60000000149,1,57,left-2,right,left-dark,light-up,greater-up,single,2026-02-16 21:24:05.7490000
4249,5e52a7cc53ecf12b883e1e1f,1622.199999999255,1622.199999999255,1,58,left-4,left,left-dark,light-up,fewer-up,single,2026-02-16 21:24:07.8750000
4250,5e52a7cc53ecf12b883e1e1f,8218.300000000745,8218.300000000745,1,59,left-6,right,left-dark,dark-up,fewer-up,single,2026-02-16 21:24:16.5970000
4251,5e52a7cc53ecf12b883e1e1f,1653.3999999985099,1653.3999999985099,1,60,right-7,right,right-dark,dark-up,greater-up,single,2026-02-16 21:24:36.7180000
4252,5e52a7cc53ecf12b883e1e1f,1852.300000000745,1852.300000000745,1,61,right-3,left,right-dark,light-up,greater-up,single,2026-02-16 21:24:39.0750000
4253,5e52a7cc53ecf12b883e1e1f,1136.5,1136.5,1,62,left-3,right,left-dark,dark-up,fewer-up,single,2026-02-16 21:24:40.7160000
4254,5e52a7cc53ecf12b883e1e1f,2052.699999999255,2052.699999999255,1,63,right-0,right,right-dark,dark-up,greater-up,single,2026-02-16 21:24:43.2720000
4255,5e52a7cc53ecf12b883e1e1f,2763.300000000745,2763.300000000745,1,64,right-8,left,right-dark,dark-up,fewer-up,single,2026-02-16 21:24:46.5390000
4256,5e52a7cc53ecf12b883e1e1f,1857.1000000014901,1857.1000000014901,1,65,left-9,right,left-dark,dark-up,fewer-up,single,2026-02-16 21:24:48.9000000
4257,5e52a7cc53ecf12b883e1e1f,2242.400000002235,2242.400000002235,1,66,right-1,right,right-dark,light-up,fewer-up,single,2026-02-16 21:24:51.6470000
4258,5e52a7cc53ecf12b883e1e1f,1205.199999999255,1205.199999999255,1,67,left-4,right,left-dark,dark-up,fewer-up,single,2026-02-16 21:24:53.3570000
4259,5e52a7cc53ecf12b883e1e1f,1703.3999999985099,1703.3999999985099,1,68,right-3,right,right-dark,light-up,fewer-up,single,2026-02-16 21:24:55.5650000
4260,5e52a7cc53ecf12b883e1e1f,1502.800000000745,1502.800000000745,1,69,right-8,left,right-dark,light-up,greater-up,single,2026-02-16 21:24:57.5720000
4261,5e52a7cc53ecf12b883e1e1f,1553,1553,1,70,right-5,left,right-dark,light-up,greater-up,single,2026-02-16 21:24:59.6290000
4262,5e52a7cc53ecf12b883e1e1f,2075.5,2075.5,1,71,left-6,left,left-dark,dark-up,greater-up,single,2026-02-16 21:25:02.2090000
4263,5e52a7cc53ecf12b883e1e1f,1589.7999999970198,1589.7999999970198,1,72,right-9,left,right-dark,light-up,greater-up,single,2026-02-16 21:25:04.3030000
4264,5e52a7cc53ecf12b883e1e1f,2045.699999999255,2045.699999999255,1,73,left-0,right,left-dark,light-up,greater-up,single,2026-02-16 21:25:06.8530000
4265,5e52a7cc53ecf12b883e1e1f,1648.1000000014901,1648.1000000014901,1,74,right-6,left,right-dark,light-up,greater-up,single,2026-02-16 21:25:09.0050000
4266,5e52a7cc53ecf12b883e1e1f,1907.8999999985099,1907.8999999985099,1,75,left-8,left,left-dark,dark-up,greater-up,single,2026-02-16 21:25:11.4170000
4267,5e52a7cc53ecf12b883e1e1f,1795.699999999255,1795.699999999255,1,76,left-7,right,left-dark,light-up,greater-up,single,2026-02-16 21:25:13.7170000
4268,5e52a7cc53ecf12b883e1e1f,3091.7999999970198,3091.7999999970198,1,77,right-9,right,right-dark,dark-up,greater-up,single,2026-02-16 21:25:17.3130000
4269,5e52a7cc53ecf12b883e1e1f,1922.199999999255,1922.199999999255,1,78,left-7,right,left-dark,dark-up,fewer-up,single,2026-02-16 21:25:19.7390000
4270,5e52a7cc53ecf12b883e1e1f,2655.300000000745,2655.300000000745,1,79,left-8,right,left-dark,light-up,greater-up,single,2026-02-16 21:25:22.8980000
4271,66e05f2a0ec721282adc76de,3776.5,3776.5,1,0,right-1,right,right-dark,light-up,fewer-up,dual,2026-02-16 21:50:12.6420000
4272,66e05f2a0ec721282adc76de,2066,2066,0,1,right-9,left,right-dark,light-up,fewer-up,dual,2026-02-16 21:50:15.2180000
4273,66e05f2a0ec721282adc76de,2129.100000000093,2129.100000000093,0,2,right-2,right,right-dark,light-up,greater-up,dual,2026-02-16 21:50:18.8580000
4274,66e05f2a0ec721282adc76de,2680.7999999998137,2680.7999999998137,1,3,left-7,left,left-dark,dark-up,greater-up,dual,2026-02-16 21:50:23.0500000
4275,66e05f2a0ec721282adc76de,2880.5999999996275,2880.5999999996275,1,4,right-7,right,right-dark,dark-up,greater-up,dual,2026-02-16 21:50:26.4330000
4276,66e05f2a0ec721282adc76de,2176.7000000001863,2176.7000000001863,1,5,left-6,right,left-dark,light-up,greater-up,dual,2026-02-16 21:50:29.1140000
4277,66e05f2a0ec721282adc76de,2312.100000000093,2312.100000000093,1,6,left-2,left,left-dark,light-up,fewer-up,dual,2026-02-16 21:50:31.9290000
4278,66e05f2a0ec721282adc76de,1800,1800,0,7,right-5,right,right-dark,dark-up,fewer-up,dual,2026-02-16 21:50:34.2330000
4279,66e05f2a0ec721282adc76de,2696.5,2696.5,0,8,left-8,left,left-dark,dark-up,fewer-up,dual,2026-02-16 21:50:38.4410000
4280,66e05f2a0ec721282adc76de,3089,3089,0,9,left-0,left,left-dark,light-up,greater-up,dual,2026-02-16 21:50:43.0410000
4281,66e05f2a0ec721282adc76de,1496.0999999996275,1496.0999999996275,0,10,left-1,right,left-dark,light-up,fewer-up,dual,2026-02-16 21:50:46.0490000
4282,66e05f2a0ec721282adc76de,1032,1032,0,11,left-2,right,left-dark,dark-up,greater-up,dual,2026-02-16 21:50:48.5930000
4283,66e05f2a0ec721282adc76de,623.9000000003725,623.9000000003725,0,12,right-0,left,right-dark,light-up,fewer-up,dual,2026-02-16 21:50:50.7290000
4284,66e05f2a0ec721282adc76de,1584.3999999999069,1584.3999999999069,0,13,left-7,left,left-dark,dark-up,fewer-up,dual,2026-02-16 21:50:53.8250000
4285,66e05f2a0ec721282adc76de,2072.100000000093,2072.100000000093,1,14,left-4,right,left-dark,light-up,greater-up,dual,2026-02-16 21:50:57.4090000
4286,66e05f2a0ec721282adc76de,2951.899999999907,2951.899999999907,0,15,left-0,right,left-dark,light-up,fewer-up,dual,2026-02-16 21:51:00.8650000
4287,66e05f2a0ec721282adc76de,824.5,824.5,1,16,right-4,right,right-dark,dark-up,greater-up,dual,2026-02-16 21:51:03.2010000
4288,66e05f2a0ec721282adc76de,1504.6000000000931,1504.6000000000931,1,17,left-3,left,left-dark,light-up,fewer-up,dual,2026-02-16 21:51:05.2090000
4289,66e05f2a0ec721282adc76de,1816.3000000002794,1816.3000000002794,0,18,right-4,right,right-dark,light-up,greater-up,dual,2026-02-16 21:51:07.5290000
4290,66e05f2a0ec721282adc76de,2120.3000000002794,2120.3000000002794,0,19,left-9,right,left-dark,light-up,fewer-up,dual,2026-02-16 21:51:11.1610000
4291,66e05f2a0ec721282adc76de,1183.6000000000931,1183.6000000000931,0,20,right-4,right,right-dark,dark-up,fewer-up,dual,2026-02-16 21:51:18.2160000
4292,66e05f2a0ec721282adc76de,2719.600000000093,2719.600000000093,0,21,right-7,right,right-dark,light-up,greater-up,dual,2026-02-16 21:51:22.4480000
4293,66e05f2a0ec721282adc76de,1303.1000000000931,1303.1000000000931,0,22,left-9,left,left-dark,light-up,greater-up,dual,2026-02-16 21:51:25.2640000
4294,66e05f2a0ec721282adc76de,927,927,1,23,left-9,left,left-dark,dark-up,greater-up,dual,2026-02-16 21:51:27.7040000
4295,66e05f2a0ec721282adc76de,2376,2376,0,24,right-8,right,right-dark,light-up,greater-up,dual,2026-02-16 21:51:30.5840000
4296,66e05f2a0ec721282adc76de,3063.5999999996275,3063.5999999996275,0,25,left-8,right,left-dark,dark-up,greater-up,dual,2026-02-16 21:51:35.1600000
4297,66e05f2a0ec721282adc76de,1492.7000000001863,1492.7000000001863,0,26,right-1,right,right-dark,dark-up,fewer-up,dual,2026-02-16 21:51:38.1760000
4298,66e05f2a0ec721282adc76de,1447.2999999998137,1447.2999999998137,0,27,left-5,left,left-dark,light-up,greater-up,dual,2026-02-16 21:51:41.1360000
4299,66e05f2a0ec721282adc76de,686.7999999998137,686.7999999998137,1,28,right-8,right,right-dark,dark-up,greater-up,dual,2026-02-16 21:51:43.3360000
4300,66e05f2a0ec721282adc76de,1247,1247,0,29,left-3,left,left-dark,light-up,greater-up,dual,2026-02-16 21:51:45.0880000
4301,66e05f2a0ec721282adc76de,1959.3000000002794,1959.3000000002794,1,30,right-5,right,right-dark,light-up,fewer-up,dual,2026-02-16 21:51:48.5600000
4302,66e05f2a0ec721282adc76de,2277,2277,0,31,right-3,right,right-dark,light-up,greater-up,dual,2026-02-16 21:51:51.3440000
4303,66e05f2a0ec721282adc76de,774.8000000002794,774.8000000002794,1,32,right-8,right,right-dark,light-up,fewer-up,dual,2026-02-16 21:51:53.6320000
4304,66e05f2a0ec721282adc76de,2391.399999999907,2391.399999999907,0,33,left-1,left,left-dark,dark-up,fewer-up,dual,2026-02-16 21:51:56.5280000
4305,66e05f2a0ec721282adc76de,1151.5,1151.5,1,34,right-7,right,right-dark,light-up,fewer-up,dual,2026-02-16 21:51:59.1920000
4306,66e05f2a0ec721282adc76de,1231,1231,0,35,right-7,right,right-dark,dark-up,fewer-up,dual,2026-02-16 21:52:00.9280000
4307,66e05f2a0ec721282adc76de,2526.600000000093,2526.600000000093,0,36,left-5,right,left-dark,light-up,fewer-up,dual,2026-02-16 21:52:04.9680000
4308,66e05f2a0ec721282adc76de,1253.5,1253.5,1,37,left-7,left,left-dark,light-up,fewer-up,dual,2026-02-16 21:52:07.7360000
4309,66e05f2a0ec721282adc76de,2339.3000000002794,2339.3000000002794,0,38,right-9,left,right-dark,dark-up,greater-up,dual,2026-02-16 21:52:10.5850000
4310,66e05f2a0ec721282adc76de,989.7000000001863,989.7000000001863,0,39,left-4,left,left-dark,dark-up,fewer-up,dual,2026-02-16 21:52:13.0880000
4311,66e05f2a0ec721282adc76de,2334.5,2334.5,1,40,left-4,left,left-dark,dark-up,greater-up,dual,2026-02-16 21:52:22.4870000
4312,66e05f2a0ec721282adc76de,1302.0999999996275,1302.0999999996275,0,41,left-2,left,left-dark,light-up,greater-up,dual,2026-02-16 21:52:24.2950000
4313,66e05f2a0ec721282adc76de,1382.1999999997206,1382.1999999997206,0,42,left-3,left,left-dark,dark-up,fewer-up,dual,2026-02-16 21:52:27.1910000
4314,66e05f2a0ec721282adc76de,598,598,1,43,left-8,right,left-dark,light-up,greater-up,dual,2026-02-16 21:52:29.3030000
4315,66e05f2a0ec721282adc76de,1342.0999999996275,1342.0999999996275,0,44,left-3,right,left-dark,dark-up,greater-up,dual,2026-02-16 21:52:31.1510000
4316,66e05f2a0ec721282adc76de,557.8000000002794,557.8000000002794,0,45,left-0,right,left-dark,dark-up,greater-up,dual,2026-02-16 21:52:33.2230000
4317,66e05f2a0ec721282adc76de,831,831,0,46,left-7,left,left-dark,light-up,greater-up,dual,2026-02-16 21:52:35.5690000
4318,66e05f2a0ec721282adc76de,949.3999999999069,949.3999999999069,1,47,right-6,left,right-dark,dark-up,fewer-up,dual,2026-02-16 21:52:38.0310000
4319,66e05f2a0ec721282adc76de,2413.2999999998137,2413.2999999998137,0,48,right-6,left,right-dark,dark-up,greater-up,dual,2026-02-16 21:52:40.9510000
4320,66e05f2a0ec721282adc76de,1005.3000000002794,1005.3000000002794,1,49,left-5,left,left-dark,dark-up,greater-up,dual,2026-02-16 21:52:43.4710000
4321,66e05f2a0ec721282adc76de,1951.7999999998137,1951.7999999998137,1,50,left-2,right,left-dark,dark-up,fewer-up,dual,2026-02-16 21:52:45.9270000
4322,66e05f2a0ec721282adc76de,1550.7999999998137,1550.7999999998137,1,51,right-0,right,right-dark,dark-up,greater-up,dual,2026-02-16 21:52:47.9840000
4323,66e05f2a0ec721282adc76de,1509.7999999998137,1509.7999999998137,0,52,right-6,left,right-dark,light-up,fewer-up,dual,2026-02-16 21:52:49.9990000
4324,66e05f2a0ec721282adc76de,741.8999999999069,741.8999999999069,1,53,left-1,right,left-dark,light-up,greater-up,dual,2026-02-16 21:52:52.2470000
4325,66e05f2a0ec721282adc76de,1397.3999999999069,1397.3999999999069,0,54,right-9,right,right-dark,light-up,greater-up,dual,2026-02-16 21:52:54.1510000
4326,66e05f2a0ec721282adc76de,1021.1000000000931,1021.1000000000931,0,55,right-2,left,right-dark,dark-up,greater-up,dual,2026-02-16 21:52:56.6780000
4327,66e05f2a0ec721282adc76de,588.8999999999069,588.8999999999069,0,56,right-0,right,right-dark,dark-up,fewer-up,dual,2026-02-16 21:52:58.7740000
4328,66e05f2a0ec721282adc76de,1413,1413,1,57,left-6,left,left-dark,light-up,fewer-up,dual,2026-02-16 21:53:01.6940000
4329,66e05f2a0ec721282adc76de,1357.2999999998137,1357.2999999998137,0,58,right-0,right,right-dark,light-up,greater-up,dual,2026-02-16 21:53:03.5590000
4330,66e05f2a0ec721282adc76de,605,605,1,59,right-9,left,right-dark,dark-up,fewer-up,dual,2026-02-16 21:53:05.6790000
4331,66e05f2a0ec721282adc76de,1893.7999999998137,1893.7999999998137,0,60,right-5,right,right-dark,light-up,greater-up,dual,2026-02-16 21:53:13.1110000
4332,66e05f2a0ec721282adc76de,628.8999999999069,628.8999999999069,0,61,right-8,right,right-dark,dark-up,fewer-up,dual,2026-02-16 21:53:15.2460000
4333,66e05f2a0ec721282adc76de,444.89999999990687,444.89999999990687,1,62,right-3,left,right-dark,dark-up,fewer-up,dual,2026-02-16 21:53:17.1980000
4334,66e05f2a0ec721282adc76de,1327.6000000000931,1327.6000000000931,0,63,left-1,right,left-dark,dark-up,greater-up,dual,2026-02-16 21:53:19.0330000
4335,66e05f2a0ec721282adc76de,500.6999999997206,500.6999999997206,1,64,right-3,right,right-dark,light-up,fewer-up,dual,2026-02-16 21:53:21.0460000
4336,66e05f2a0ec721282adc76de,2388.600000000093,2388.600000000093,1,65,left-4,left,left-dark,light-up,fewer-up,dual,2026-02-16 21:53:23.9420000
4337,66e05f2a0ec721282adc76de,732.1999999997206,732.1999999997206,1,66,right-6,left,right-dark,light-up,greater-up,dual,2026-02-16 21:53:25.1820000
4338,66e05f2a0ec721282adc76de,2472.3000000002794,2472.3000000002794,1,67,right-1,left,right-dark,light-up,greater-up,dual,2026-02-16 21:53:28.1620000
4339,66e05f2a0ec721282adc76de,1995.8000000002794,1995.8000000002794,0,68,right-2,left,right-dark,light-up,fewer-up,dual,2026-02-16 21:53:30.6620000
4340,66e05f2a0ec721282adc76de,1611.5,1611.5,1,69,left-5,right,left-dark,dark-up,fewer-up,dual,2026-02-16 21:53:33.7810000
4341,66e05f2a0ec721282adc76de,955.7000000001863,955.7000000001863,1,70,right-5,right,right-dark,dark-up,greater-up,dual,2026-02-16 21:53:35.2460000
4342,66e05f2a0ec721282adc76de,1003.2999999998137,1003.2999999998137,1,71,left-6,left,left-dark,dark-up,greater-up,dual,2026-02-16 21:53:36.7570000
4343,66e05f2a0ec721282adc76de,1308.6999999997206,1308.6999999997206,1,72,left-8,left,left-dark,light-up,fewer-up,dual,2026-02-16 21:53:38.5740000
4344,66e05f2a0ec721282adc76de,1300.5,1300.5,0,73,left-6,left,left-dark,dark-up,fewer-up,dual,2026-02-16 21:53:40.3810000
4345,66e05f2a0ec721282adc76de,571.2999999998137,571.2999999998137,1,74,right-4,right,right-dark,light-up,fewer-up,dual,2026-02-16 21:53:42.4850000
4346,66e05f2a0ec721282adc76de,980,980,1,75,right-3,right,right-dark,dark-up,greater-up,dual,2026-02-16 21:53:43.9730000
4347,66e05f2a0ec721282adc76de,1699.6999999997206,1699.6999999997206,0,76,left-9,left,left-dark,dark-up,fewer-up,dual,2026-02-16 21:53:46.1810000
4348,66e05f2a0ec721282adc76de,739.3999999999069,739.3999999999069,0,77,right-2,right,right-dark,dark-up,fewer-up,dual,2026-02-16 21:53:48.4290000
4349,66e05f2a0ec721282adc76de,891.3999999999069,891.3999999999069,1,78,right-1,right,right-dark,dark-up,greater-up,dual,2026-02-16 21:53:50.8290000
4350,66e05f2a0ec721282adc76de,947.5,947.5,0,79,left-0,left,left-dark,dark-up,fewer-up,dual,2026-02-16 21:53:52.2850000
4351,62ab399e15b98baaf3099d60,4846.60000038147,4846.60000038147,1,0,right-3,left,right-dark,light-up,greater-up,single,2026-02-17 15:21:46.1130000
4352,62ab399e15b98baaf3099d60,2142.199999809265,2142.199999809265,1,1,right-6,right,right-dark,dark-up,greater-up,single,2026-02-17 15:21:48.7590000
4353,62ab399e15b98baaf3099d60,1686.1000003814697,1686.1000003814697,1,2,left-5,left,left-dark,dark-up,greater-up,single,2026-02-17 15:21:50.9620000
4354,62ab399e15b98baaf3099d60,3064.5,3064.5,1,3,right-2,right,right-dark,dark-up,greater-up,single,2026-02-17 15:21:54.5300000
4355,62ab399e15b98baaf3099d60,1394.3000001907349,1394.3000001907349,0,4,right-0,right,right-dark,dark-up,fewer-up,single,2026-02-17 15:21:56.4320000
4356,62ab399e15b98baaf3099d60,4103.199999809265,4103.199999809265,1,5,right-8,left,right-dark,dark-up,fewer-up,single,2026-02-17 15:22:02.0560000
4357,62ab399e15b98baaf3099d60,2555.5,2555.5,1,6,right-4,right,right-dark,light-up,fewer-up,single,2026-02-17 15:22:05.1280000
4358,62ab399e15b98baaf3099d60,6310.900000572205,6310.900000572205,1,7,right-9,left,right-dark,light-up,greater-up,single,2026-02-17 15:22:11.9500000
4359,62ab399e15b98baaf3099d60,2455.199999809265,2455.199999809265,1,8,left-5,left,left-dark,light-up,fewer-up,single,2026-02-17 15:22:14.9190000
4360,62ab399e15b98baaf3099d60,2748.8999996185303,2748.8999996185303,1,9,right-2,left,right-dark,dark-up,fewer-up,single,2026-02-17 15:22:18.1740000
4361,62ab399e15b98baaf3099d60,2861,2861,1,10,left-2,left,left-dark,dark-up,greater-up,single,2026-02-17 15:22:21.5440000
4362,62ab399e15b98baaf3099d60,52.80000019073486,52.80000019073486,1,11,right-4,left,right-dark,dark-up,fewer-up,single,2026-02-17 15:22:22.1130000
4363,62ab399e15b98baaf3099d60,3472.8999996185303,3472.8999996185303,1,12,left-8,right,left-dark,light-up,greater-up,single,2026-02-17 15:22:26.1010000
4364,62ab399e15b98baaf3099d60,2093.0999994277954,2093.0999994277954,1,13,right-0,left,right-dark,light-up,greater-up,single,2026-02-17 15:22:28.7020000
4365,62ab399e15b98baaf3099d60,1585,1585,1,14,right-8,right,right-dark,dark-up,greater-up,single,2026-02-17 15:22:30.7990000
4366,62ab399e15b98baaf3099d60,2403.5,2403.5,1,15,left-7,right,left-dark,dark-up,fewer-up,single,2026-02-17 15:22:33.7060000
4367,62ab399e15b98baaf3099d60,737.3000001907349,737.3000001907349,1,16,right-9,right,right-dark,light-up,fewer-up,single,2026-02-17 15:22:34.9500000
4368,62ab399e15b98baaf3099d60,3312,3312,1,17,right-8,right,right-dark,light-up,fewer-up,single,2026-02-17 15:22:38.7750000
4369,62ab399e15b98baaf3099d60,2184.300000190735,2184.300000190735,1,18,right-5,left,right-dark,light-up,greater-up,single,2026-02-17 15:22:41.4620000
4370,62ab399e15b98baaf3099d60,5178.60000038147,5178.60000038147,1,19,left-9,left,left-dark,light-up,fewer-up,single,2026-02-17 15:22:47.1420000
4371,62ab399e15b98baaf3099d60,5054.200000762939,5054.200000762939,1,20,right-5,right,right-dark,light-up,fewer-up,single,2026-02-17 15:23:14.2780000
4372,62ab399e15b98baaf3099d60,2287.0999994277954,2287.0999994277954,1,21,right-0,right,right-dark,dark-up,greater-up,single,2026-02-17 15:23:17.0710000
4373,62ab399e15b98baaf3099d60,3456.699999809265,3456.699999809265,1,22,left-4,left,left-dark,light-up,fewer-up,single,2026-02-17 15:23:21.0380000
4374,62ab399e15b98baaf3099d60,3879.300000190735,3879.300000190735,0,23,right-6,right,right-dark,dark-up,fewer-up,single,2026-02-17 15:23:25.4270000
4375,62ab399e15b98baaf3099d60,5900.10000038147,5900.10000038147,1,24,right-0,right,right-dark,light-up,fewer-up,single,2026-02-17 15:23:32.8490000
4376,62ab399e15b98baaf3099d60,8276.39999961853,8276.39999961853,1,25,left-4,left,left-dark,dark-up,greater-up,single,2026-02-17 15:23:41.6310000
4377,62ab399e15b98baaf3099d60,2256.5,2256.5,1,26,right-6,right,right-dark,light-up,fewer-up,single,2026-02-17 15:23:44.3910000
4378,62ab399e15b98baaf3099d60,2583.1000003814697,2583.1000003814697,1,27,right-5,right,right-dark,dark-up,greater-up,single,2026-02-17 15:23:47.4800000
4379,62ab399e15b98baaf3099d60,1672.9000005722046,1672.9000005722046,1,28,left-7,left,left-dark,dark-up,greater-up,single,2026-02-17 15:23:49.6560000
4380,62ab399e15b98baaf3099d60,2764.800000190735,2764.800000190735,1,29,left-0,right,left-dark,dark-up,fewer-up,single,2026-02-17 15:23:52.9350000
4381,62ab399e15b98baaf3099d60,3919,3919,1,30,right-4,right,right-dark,dark-up,greater-up,single,2026-02-17 15:23:57.3580000
4382,62ab399e15b98baaf3099d60,2801.4000005722046,2801.4000005722046,1,31,right-2,right,right-dark,light-up,fewer-up,single,2026-02-17 15:24:00.6640000
4383,62ab399e15b98baaf3099d60,1769.1999998092651,1769.1999998092651,1,32,right-3,right,right-dark,dark-up,greater-up,single,2026-02-17 15:24:02.9360000
4384,62ab399e15b98baaf3099d60,9126.10000038147,9126.10000038147,1,33,left-6,left,left-dark,dark-up,greater-up,single,2026-02-17 15:24:12.5760000
4385,62ab399e15b98baaf3099d60,3426.7000007629395,3426.7000007629395,1,34,left-8,left,left-dark,light-up,fewer-up,single,2026-02-17 15:24:16.5190000
4386,62ab399e15b98baaf3099d60,4437.700000762939,4437.700000762939,1,35,left-3,right,left-dark,dark-up,fewer-up,single,2026-02-17 15:24:21.4700000
4387,62ab399e15b98baaf3099d60,2803.8999996185303,2803.8999996185303,1,36,left-2,right,left-dark,dark-up,fewer-up,single,2026-02-17 15:24:24.7910000
4388,62ab399e15b98baaf3099d60,1577,1577,1,37,left-8,right,left-dark,dark-up,fewer-up,single,2026-02-17 15:24:26.8770000
4389,62ab399e15b98baaf3099d60,440.8999996185303,440.8999996185303,0,38,right-5,right,right-dark,dark-up,fewer-up,single,2026-02-17 15:24:27.8290000
4390,62ab399e15b98baaf3099d60,3049.300000190735,3049.300000190735,1,39,right-2,left,right-dark,light-up,greater-up,single,2026-02-17 15:24:32.3990000
4391,62ab399e15b98baaf3099d60,5673.10000038147,5673.10000038147,1,40,left-7,left,left-dark,light-up,fewer-up,single,2026-02-17 15:24:48.9240000
4392,62ab399e15b98baaf3099d60,2190.800000190735,2190.800000190735,1,41,right-7,right,right-dark,dark-up,greater-up,single,2026-02-17 15:24:51.6220000
4393,62ab399e15b98baaf3099d60,4209,4209,1,42,right-3,left,right-dark,dark-up,fewer-up,single,2026-02-17 15:24:56.3420000
4394,62ab399e15b98baaf3099d60,15229.800000190735,15229.800000190735,1,43,left-1,left,left-dark,light-up,fewer-up,single,2026-02-17 15:25:12.0780000
4395,62ab399e15b98baaf3099d60,2668.800000190735,2668.800000190735,0,44,right-7,left,right-dark,light-up,fewer-up,single,2026-02-17 15:25:15.2550000
4396,62ab399e15b98baaf3099d60,2818.4000005722046,2818.4000005722046,1,45,right-1,left,right-dark,dark-up,fewer-up,single,2026-02-17 15:25:19.5920000
4397,62ab399e15b98baaf3099d60,1733.8999996185303,1733.8999996185303,1,46,left-5,right,left-dark,light-up,greater-up,single,2026-02-17 15:25:21.8300000
4398,62ab399e15b98baaf3099d60,1137.1999998092651,1137.1999998092651,1,47,left-4,right,left-dark,light-up,greater-up,single,2026-02-17 15:25:23.4700000
4399,62ab399e15b98baaf3099d60,1685.8999996185303,1685.8999996185303,1,48,right-9,right,right-dark,dark-up,greater-up,single,2026-02-17 15:25:25.6700000
4400,62ab399e15b98baaf3099d60,1680.2999992370605,1680.2999992370605,1,49,left-3,left,left-dark,light-up,fewer-up,single,2026-02-17 15:25:27.8560000
4401,62ab399e15b98baaf3099d60,2678.8999996185303,2678.8999996185303,1,50,right-6,left,right-dark,light-up,greater-up,single,2026-02-17 15:25:31.0480000
4402,62ab399e15b98baaf3099d60,2637.199999809265,2637.199999809265,1,51,left-3,left,left-dark,dark-up,greater-up,single,2026-02-17 15:25:34.1970000
4403,62ab399e15b98baaf3099d60,2299.2999992370605,2299.2999992370605,1,52,left-4,right,left-dark,dark-up,fewer-up,single,2026-02-17 15:25:37.0130000
4404,62ab399e15b98baaf3099d60,2709,2709,1,53,left-6,right,left-dark,dark-up,fewer-up,single,2026-02-17 15:25:40.2310000
4405,62ab399e15b98baaf3099d60,1885.1999998092651,1885.1999998092651,1,54,left-9,right,left-dark,light-up,greater-up,single,2026-02-17 15:25:42.6310000
4406,62ab399e15b98baaf3099d60,2038,2038,1,55,left-1,left,left-dark,dark-up,greater-up,single,2026-02-17 15:25:45.1760000
4407,62ab399e15b98baaf3099d60,3446.300000190735,3446.300000190735,1,56,left-9,right,left-dark,dark-up,fewer-up,single,2026-02-17 15:25:49.1280000
4408,62ab399e15b98baaf3099d60,2375.6000003814697,2375.6000003814697,1,57,right-9,left,right-dark,dark-up,fewer-up,single,2026-02-17 15:25:52.0080000
4409,62ab399e15b98baaf3099d60,3102.800000190735,3102.800000190735,1,58,left-6,left,left-dark,light-up,fewer-up,single,2026-02-17 15:25:55.6150000
4410,62ab399e15b98baaf3099d60,2170.3999996185303,2170.3999996185303,1,59,left-0,right,left-dark,light-up,greater-up,single,2026-02-17 15:25:58.2950000
4411,62ab399e15b98baaf3099d60,3553.8999996185303,3553.8999996185303,1,60,right-8,left,right-dark,light-up,greater-up,single,2026-02-17 15:26:07.3990000
4412,62ab399e15b98baaf3099d60,1888.6000003814697,1888.6000003814697,1,61,left-1,right,left-dark,light-up,greater-up,single,2026-02-17 15:26:09.8050000
4413,62ab399e15b98baaf3099d60,5665.700000762939,5665.700000762939,1,62,right-1,right,right-dark,light-up,fewer-up,single,2026-02-17 15:26:15.9750000
4414,62ab399e15b98baaf3099d60,1985.3999996185303,1985.3999996185303,1,63,right-4,left,right-dark,light-up,greater-up,single,2026-02-17 15:26:18.4640000
4415,62ab399e15b98baaf3099d60,1811.6999998092651,1811.6999998092651,1,64,left-6,right,left-dark,light-up,greater-up,single,2026-02-17 15:26:20.7910000
4416,62ab399e15b98baaf3099d60,1487.6999998092651,1487.6999998092651,1,65,right-1,left,right-dark,light-up,greater-up,single,2026-02-17 15:26:22.7820000
4417,62ab399e15b98baaf3099d60,1845.5,1845.5,1,66,right-7,left,right-dark,dark-up,fewer-up,single,2026-02-17 15:26:25.1420000
4418,62ab399e15b98baaf3099d60,5233.099999427795,5233.099999427795,1,67,right-3,right,right-dark,light-up,fewer-up,single,2026-02-17 15:26:30.8780000
4419,62ab399e15b98baaf3099d60,3659.3999996185303,3659.3999996185303,1,68,left-3,right,left-dark,light-up,greater-up,single,2026-02-17 15:26:35.0530000
4420,62ab399e15b98baaf3099d60,1864.5,1864.5,1,69,left-9,left,left-dark,dark-up,greater-up,single,2026-02-17 15:26:37.4250000
4421,62ab399e15b98baaf3099d60,6946.60000038147,6946.60000038147,1,70,left-2,right,left-dark,light-up,greater-up,single,2026-02-17 15:26:44.8870000
4422,62ab399e15b98baaf3099d60,2525.800000190735,2525.800000190735,1,71,left-0,left,left-dark,light-up,fewer-up,single,2026-02-17 15:26:47.9260000
4423,62ab399e15b98baaf3099d60,3568.1000003814697,3568.1000003814697,1,72,left-8,left,left-dark,dark-up,greater-up,single,2026-02-17 15:26:52.0090000
4424,62ab399e15b98baaf3099d60,2190,2190,1,73,right-1,right,right-dark,dark-up,greater-up,single,2026-02-17 15:26:54.7020000
4425,62ab399e15b98baaf3099d60,7570.60000038147,7570.60000038147,1,74,left-5,right,left-dark,dark-up,fewer-up,single,2026-02-17 15:27:02.7830000
4426,62ab399e15b98baaf3099d60,4777.39999961853,4777.39999961853,1,75,left-1,right,left-dark,dark-up,fewer-up,single,2026-02-17 15:27:08.0710000
4427,62ab399e15b98baaf3099d60,4570,4570,1,76,right-7,left,right-dark,light-up,greater-up,single,2026-02-17 15:27:13.1570000
4428,62ab399e15b98baaf3099d60,2249.9000005722046,2249.9000005722046,1,77,left-0,left,left-dark,dark-up,greater-up,single,2026-02-17 15:27:15.9110000
4429,62ab399e15b98baaf3099d60,2310.699999809265,2310.699999809265,1,78,left-7,right,left-dark,light-up,greater-up,single,2026-02-17 15:27:18.7350000
4430,62ab399e15b98baaf3099d60,2225.9000005722046,2225.9000005722046,1,79,left-2,left,left-dark,light-up,fewer-up,single,2026-02-17 15:27:21.4690000
4431,5e7072e5fb136c63e94f3fa4,2897.100000143051,2897.100000143051,1,0,left-8,left,left-dark,dark-up,greater-up,single,2026-02-17 21:30:15.1380000
4432,5e7072e5fb136c63e94f3fa4,2069.2999999523163,2069.2999999523163,1,1,left-8,right,left-dark,light-up,greater-up,single,2026-02-17 21:30:17.7100000
4433,5e7072e5fb136c63e94f3fa4,1103.5999999046326,1103.5999999046326,1,2,right-6,right,right-dark,dark-up,greater-up,single,2026-02-17 21:30:19.3160000
4434,5e7072e5fb136c63e94f3fa4,1058.7999999523163,1058.7999999523163,1,3,left-4,left,left-dark,dark-up,greater-up,single,2026-02-17 21:30:20.8760000
4435,5e7072e5fb136c63e94f3fa4,1258.2000000476837,1258.2000000476837,1,4,right-5,right,right-dark,dark-up,greater-up,single,2026-02-17 21:30:22.6370000
4436,5e7072e5fb136c63e94f3fa4,1856,1856,1,5,left-2,left,left-dark,light-up,fewer-up,single,2026-02-17 21:30:24.9960000
4437,5e7072e5fb136c63e94f3fa4,1414.6999998092651,1414.6999998092651,1,6,right-2,right,right-dark,dark-up,greater-up,single,2026-02-17 21:30:26.9130000
4438,5e7072e5fb136c63e94f3fa4,1527.7000000476837,1527.7000000476837,1,7,left-7,left,left-dark,light-up,fewer-up,single,2026-02-17 21:30:28.9440000
4439,5e7072e5fb136c63e94f3fa4,1496.8999998569489,1496.8999998569489,1,8,right-0,right,right-dark,light-up,fewer-up,single,2026-02-17 21:30:30.9440000
4440,5e7072e5fb136c63e94f3fa4,1165.3000001907349,1165.3000001907349,1,9,left-6,left,left-dark,dark-up,greater-up,single,2026-02-17 21:30:32.6130000
4441,614dd9c7fe3afb375e947a27,3840.600000000093,3840.600000000093,1,0,left-3,right,left-dark,dark-up,fewer-up,single,2026-02-17 21:30:33.8280000
4442,5e7072e5fb136c63e94f3fa4,1673.6000001430511,1673.6000001430511,1,10,right-0,left,right-dark,dark-up,fewer-up,single,2026-02-17 21:30:34.7890000
4443,614dd9c7fe3afb375e947a27,847.7000000001863,847.7000000001863,1,1,left-4,right,left-dark,dark-up,fewer-up,single,2026-02-17 21:30:35.1790000
4444,5e7072e5fb136c63e94f3fa4,1414.1000001430511,1414.1000001430511,1,11,left-3,right,left-dark,light-up,greater-up,single,2026-02-17 21:30:36.7070000
4445,614dd9c7fe3afb375e947a27,1154.1000000000931,1154.1000000000931,1,2,right-0,left,right-dark,light-up,greater-up,single,2026-02-17 21:30:36.8360000
4446,614dd9c7fe3afb375e947a27,965.7999999998137,965.7999999998137,1,3,right-6,left,right-dark,light-up,greater-up,single,2026-02-17 21:30:38.3040000
4447,5e7072e5fb136c63e94f3fa4,1184.9000000953674,1184.9000000953674,1,12,left-7,right,left-dark,light-up,greater-up,single,2026-02-17 21:30:38.3940000
4448,5e7072e5fb136c63e94f3fa4,1581.2999999523163,1581.2999999523163,1,13,left-0,right,left-dark,dark-up,fewer-up,single,2026-02-17 21:30:40.4790000
4449,614dd9c7fe3afb375e947a27,1599.9000000003725,1599.9000000003725,1,4,right-1,right,right-dark,dark-up,greater-up,single,2026-02-17 21:30:40.4070000
4450,614dd9c7fe3afb375e947a27,1513.8999999999069,1513.8999999999069,1,5,right-8,left,right-dark,light-up,greater-up,single,2026-02-17 21:30:42.4230000
4451,5e7072e5fb136c63e94f3fa4,2755.2000000476837,2755.2000000476837,1,14,left-1,right,left-dark,light-up,greater-up,single,2026-02-17 21:30:43.7360000
4452,614dd9c7fe3afb375e947a27,995.5,995.5,1,6,right-7,left,right-dark,light-up,greater-up,single,2026-02-17 21:30:43.9210000
4453,5e7072e5fb136c63e94f3fa4,1494.4000000953674,1494.4000000953674,1,15,left-0,right,left-dark,light-up,greater-up,single,2026-02-17 21:30:45.7320000
4454,614dd9c7fe3afb375e947a27,1847.2999999998137,1847.2999999998137,1,7,right-8,left,right-dark,dark-up,fewer-up,single,2026-02-17 21:30:46.2710000
4455,614dd9c7fe3afb375e947a27,1088.8999999999069,1088.8999999999069,1,8,right-3,right,right-dark,light-up,fewer-up,single,2026-02-17 21:30:47.8620000
4456,5e7072e5fb136c63e94f3fa4,1798.4000000953674,1798.4000000953674,1,16,left-6,left,left-dark,light-up,fewer-up,single,2026-02-17 21:30:48.0330000
4457,5e7072e5fb136c63e94f3fa4,1101,1101,1,17,left-7,left,left-dark,dark-up,greater-up,single,2026-02-17 21:30:49.6370000
4458,5e9e19d808b9931ef37373c6,1851.5,1851.5,1,0,left-8,left,left-dark,light-up,fewer-up,dual,2026-02-17 21:30:51.1460000
4459,614dd9c7fe3afb375e947a27,2802.399999999907,2802.399999999907,1,9,left-4,left,left-dark,dark-up,greater-up,single,2026-02-17 21:30:51.1670000
4460,5e7072e5fb136c63e94f3fa4,1399.5,1399.5,1,18,left-9,left,left-dark,dark-up,greater-up,single,2026-02-17 21:30:51.5380000
4461,614dd9c7fe3afb375e947a27,1294.7000000001863,1294.7000000001863,0,10,right-3,right,right-dark,dark-up,fewer-up,single,2026-02-17 21:30:52.9640000
4462,5e9e19d808b9931ef37373c6,2288.699999999255,2288.699999999255,1,1,left-7,left,left-dark,light-up,fewer-up,dual,2026-02-17 21:30:53.9380000
4463,5e7072e5fb136c63e94f3fa4,2162.899999856949,2162.899999856949,1,19,left-1,left,left-dark,light-up,fewer-up,single,2026-02-17 21:30:54.2040000
4464,5e9e19d808b9931ef37373c6,1416.5,1416.5,1,2,right-9,left,right-dark,light-up,greater-up,dual,2026-02-17 21:30:55.8570000
4465,614dd9c7fe3afb375e947a27,2585.100000000093,2585.100000000093,1,11,left-3,right,left-dark,light-up,greater-up,single,2026-02-17 21:30:57.0550000
4466,5e9e19d808b9931ef37373c6,1808.199999999255,1808.199999999255,1,3,right-0,left,right-dark,dark-up,fewer-up,dual,2026-02-17 21:30:58.1680000
4467,614dd9c7fe3afb375e947a27,1200.6000000000931,1200.6000000000931,1,12,left-4,right,left-dark,light-up,greater-up,single,2026-02-17 21:30:58.7580000
4468,5e7072e5fb136c63e94f3fa4,1887.2000000476837,1887.2000000476837,1,20,left-8,right,left-dark,dark-up,fewer-up,single,2026-02-17 21:31:00.2130000
4469,5e9e19d808b9931ef37373c6,1658.300000000745,1658.300000000745,1,4,left-5,left,left-dark,dark-up,greater-up,dual,2026-02-17 21:31:00.3280000
4470,6706aba2e8cd3166492dd09f,3212,3212,1,0,right-7,left,right-dark,dark-up,fewer-up,single,2026-02-17 21:30:52.9680000
4471,614dd9c7fe3afb375e947a27,1632.9000000003725,1632.9000000003725,1,13,left-9,left,left-dark,dark-up,greater-up,single,2026-02-17 21:31:00.8940000
4472,5e9e19d808b9931ef37373c6,1613.2000000029802,1613.2000000029802,1,5,left-1,right,left-dark,light-up,greater-up,dual,2026-02-17 21:31:02.4430000
4473,6706aba2e8cd3166492dd09f,1527,1527,1,1,right-6,left,right-dark,light-up,greater-up,single,2026-02-17 21:30:54.9980000
4474,5e7072e5fb136c63e94f3fa4,2369.5999999046326,2369.5999999046326,1,21,right-6,left,right-dark,light-up,greater-up,single,2026-02-17 21:31:03.0850000
4475,614dd9c7fe3afb375e947a27,1761,1761,1,14,left-0,left,left-dark,dark-up,greater-up,single,2026-02-17 21:31:03.1580000
4476,5ec17a2e02be030625eaff6e,1485.199999999255,1485.199999999255,1,0,right-7,left,right-dark,light-up,greater-up,single,2026-02-17 21:31:03.1790000
4477,6706aba2e8cd3166492dd09f,962,962,1,2,right-4,right,right-dark,dark-up,greater-up,single,2026-02-17 21:30:56.4660000
4478,5e9e19d808b9931ef37373c6,1311.699999999255,1311.699999999255,1,6,right-9,right,right-dark,light-up,fewer-up,dual,2026-02-17 21:31:04.2570000
4479,5ec17a2e02be030625eaff6e,1155.0999999996275,1155.0999999996275,1,1,right-9,left,right-dark,light-up,greater-up,single,2026-02-17 21:31:04.8380000
4480,5e9e19d808b9931ef37373c6,1030.2000000029802,1030.2000000029802,1,7,left-1,left,left-dark,dark-up,greater-up,dual,2026-02-17 21:31:05.7890000
4481,614dd9c7fe3afb375e947a27,2149.2000000001863,2149.2000000001863,1,15,right-4,right,right-dark,dark-up,greater-up,single,2026-02-17 21:31:05.8100000
4482,5e7072e5fb136c63e94f3fa4,2441,2441,1,22,left-5,left,left-dark,dark-up,greater-up,single,2026-02-17 21:31:06.0290000
4483,6706aba2e8cd3166492dd09f,1594,1594,1,3,left-5,left,left-dark,light-up,fewer-up,single,2026-02-17 21:30:58.5960000
4484,614dd9c7fe3afb375e947a27,909.8999999999069,909.8999999999069,1,16,left-0,left,left-dark,light-up,fewer-up,single,2026-02-17 21:31:07.2220000
4485,5e9e19d808b9931ef37373c6,1240.699999999255,1240.699999999255,1,8,left-8,right,left-dark,dark-up,fewer-up,dual,2026-02-17 21:31:07.5320000
4486,5ec17a2e02be030625eaff6e,1562.2999999988824,1562.2999999988824,1,2,left-1,left,left-dark,dark-up,greater-up,single,2026-02-17 21:31:06.9050000
4487,6706aba2e8cd3166492dd09f,1088,1088,1,4,left-2,right,left-dark,light-up,greater-up,single,2026-02-17 21:31:00.1990000
4488,5e7072e5fb136c63e94f3fa4,1529.3999998569489,1529.3999998569489,1,23,right-7,left,right-dark,dark-up,fewer-up,single,2026-02-17 21:31:08.0610000
4489,614dd9c7fe3afb375e947a27,988.8999999999069,988.8999999999069,1,17,left-2,left,left-dark,dark-up,greater-up,single,2026-02-17 21:31:08.7140000
4490,6706aba2e8cd3166492dd09f,896,896,1,5,right-9,right,right-dark,dark-up,greater-up,single,2026-02-17 21:31:01.6000000
4491,5e9e19d808b9931ef37373c6,1476,1476,1,9,left-4,left,left-dark,dark-up,greater-up,dual,2026-02-17 21:31:09.5100000
4492,5ec17a2e02be030625eaff6e,2177.199999999255,2177.199999999255,1,3,right-5,left,right-dark,light-up,greater-up,single,2026-02-17 21:31:09.5860000
4493,614dd9c7fe3afb375e947a27,1246.2000000001863,1246.2000000001863,1,18,left-7,right,left-dark,dark-up,fewer-up,single,2026-02-17 21:31:10.4630000
4494,5e7072e5fb136c63e94f3fa4,2242.5,2242.5,1,24,left-6,right,left-dark,light-up,greater-up,single,2026-02-17 21:31:10.8060000
4495,5e9e19d808b9931ef37373c6,1160.5999999977648,1160.5999999977648,1,10,right-7,left,right-dark,light-up,greater-up,dual,2026-02-17 21:31:11.1720000
4496,6706aba2e8cd3166492dd09f,1338,1338,1,6,right-8,right,right-dark,light-up,fewer-up,single,2026-02-17 21:31:03.4510000
4497,5ec17a2e02be030625eaff6e,1255.4000000003725,1255.4000000003725,1,4,right-8,left,right-dark,dark-up,fewer-up,single,2026-02-17 21:31:11.3450000
4498,614dd9c7fe3afb375e947a27,1542.9000000003725,1542.9000000003725,1,19,left-1,right,left-dark,light-up,greater-up,single,2026-02-17 21:31:12.5080000
4499,5e7072e5fb136c63e94f3fa4,1459.2999999523163,1459.2999999523163,1,25,right-0,left,right-dark,light-up,greater-up,single,2026-02-17 21:31:12.7680000
4500,6706aba2e8cd3166492dd09f,1328,1328,1,7,right-6,left,right-dark,dark-up,fewer-up,single,2026-02-17 21:31:05.2850000
4501,5e9e19d808b9931ef37373c6,1349.8999999985099,1349.8999999985099,1,11,right-2,right,right-dark,light-up,fewer-up,dual,2026-02-17 21:31:13.0240000
4502,6310dbdfda69599720736665,1923.5,1923.5,1,0,left-9,right,left-dark,light-up,greater-up,single,2026-02-17 21:31:13.7170000
4503,5ec17a2e02be030625eaff6e,1143.2000000011176,1143.2000000011176,1,5,left-1,left,left-dark,light-up,fewer-up,single,2026-02-17 21:31:12.9920000
4504,5e7072e5fb136c63e94f3fa4,1253.5,1253.5,1,26,left-3,left,left-dark,dark-up,greater-up,single,2026-02-17 21:31:14.5240000
4505,6706aba2e8cd3166492dd09f,1536,1536,1,8,left-3,left,left-dark,dark-up,greater-up,single,2026-02-17 21:31:07.3360000
4506,5e9e19d808b9931ef37373c6,1890.5,1890.5,1,12,right-5,left,right-dark,light-up,greater-up,dual,2026-02-17 21:31:15.4160000
4507,5ec17a2e02be030625eaff6e,1531.199999999255,1531.199999999255,1,6,right-9,right,right-dark,dark-up,greater-up,single,2026-02-17 21:31:15.0270000
4508,6310dbdfda69599720736665,2071.7999999523163,2071.7999999523163,1,1,left-1,right,left-dark,dark-up,fewer-up,single,2026-02-17 21:31:16.3010000
4509,6706aba2e8cd3166492dd09f,812,812,1,9,left-6,left,left-dark,dark-up,greater-up,single,2026-02-17 21:31:08.6610000
4510,5e7072e5fb136c63e94f3fa4,1266.3999998569489,1266.3999998569489,1,27,right-6,right,right-dark,light-up,fewer-up,single,2026-02-17 21:31:16.2930000
4511,5e9e19d808b9931ef37373c6,1285.1000000014901,1285.1000000014901,1,13,left-8,right,left-dark,light-up,greater-up,dual,2026-02-17 21:31:17.2040000
4512,5ec17a2e02be030625eaff6e,1302.300000000745,1302.300000000745,1,7,right-7,right,right-dark,light-up,fewer-up,single,2026-02-17 21:31:16.8330000
4513,6706aba2e8cd3166492dd09f,1061,1061,0,10,right-0,right,right-dark,light-up,greater-up,single,2026-02-17 21:31:10.2350000
4514,614dd9c7fe3afb375e947a27,2181.399999999907,2181.399999999907,1,20,right-6,left,right-dark,dark-up,fewer-up,single,2026-02-17 21:31:17.9950000
4515,6310dbdfda69599720736665,1772.5,1772.5,1,2,left-4,left,left-dark,light-up,fewer-up,single,2026-02-17 21:31:18.5870000
4516,5e7072e5fb136c63e94f3fa4,1589,1589,1,28,right-7,right,right-dark,light-up,fewer-up,single,2026-02-17 21:31:18.3850000
4517,5e9e19d808b9931ef37373c6,1013.8000000007451,1013.8000000007451,1,14,right-1,left,right-dark,light-up,greater-up,dual,2026-02-17 21:31:18.7190000
4518,614dd9c7fe3afb375e947a27,1166.3000000002794,1166.3000000002794,1,21,left-4,left,left-dark,light-up,fewer-up,single,2026-02-17 21:31:19.6650000
4519,5ec17a2e02be030625eaff6e,1945.5999999996275,1945.5999999996275,1,8,right-8,left,right-dark,light-up,greater-up,single,2026-02-17 21:31:19.2820000
4520,6310dbdfda69599720736665,1572.3000001907349,1572.3000001907349,1,3,left-3,left,left-dark,dark-up,greater-up,single,2026-02-17 21:31:20.6730000
4521,5e9e19d808b9931ef37373c6,1475.199999999255,1475.199999999255,1,15,right-8,right,right-dark,dark-up,greater-up,dual,2026-02-17 21:31:20.6960000
4522,6706aba2e8cd3166492dd09f,1819,1819,1,11,left-7,right,left-dark,light-up,greater-up,single,2026-02-17 21:31:13.6680000
4523,5e7072e5fb136c63e94f3fa4,2966.300000190735,2966.300000190735,1,29,right-9,left,right-dark,dark-up,fewer-up,single,2026-02-17 21:31:21.8540000
4524,614dd9c7fe3afb375e947a27,1866.7999999998137,1866.7999999998137,1,22,right-1,left,right-dark,dark-up,fewer-up,single,2026-02-17 21:31:22.0350000
4525,6310dbdfda69599720736665,1729.5,1729.5,1,4,left-5,left,left-dark,light-up,fewer-up,single,2026-02-17 21:31:22.9160000
4526,6706aba2e8cd3166492dd09f,845,845,1,12,left-5,left,left-dark,dark-up,greater-up,single,2026-02-17 21:31:15.0240000
4527,641370f5a8d3826956778170,1628.5,1628.5,1,0,right-7,right,right-dark,dark-up,greater-up,single,2026-02-17 21:31:22.7270000
4528,5e9e19d808b9931ef37373c6,1705.4000000022352,1705.4000000022352,1,16,left-9,right,left-dark,light-up,greater-up,dual,2026-02-17 21:31:22.9040000
4529,5ec17a2e02be030625eaff6e,2030.2999999988824,2030.2999999988824,0,9,right-3,left,right-dark,dark-up,greater-up,single,2026-02-17 21:31:21.8170000
4530,641370f5a8d3826956778170,1158.800000011921,1158.800000011921,1,1,left-4,left,left-dark,light-up,fewer-up,single,2026-02-17 21:31:24.3920000
4531,6310dbdfda69599720736665,1703.1000001430511,1703.1000001430511,1,5,right-8,left,right-dark,dark-up,fewer-up,single,2026-02-17 21:31:25.1270000
4532,6706aba2e8cd3166492dd09f,1617,1617,1,13,right-3,right,right-dark,light-up,fewer-up,single,2026-02-17 21:31:17.1550000
4533,5e9e19d808b9931ef37373c6,1430.7999999970198,1430.7999999970198,1,17,left-0,right,left-dark,dark-up,fewer-up,dual,2026-02-17 21:31:24.8370000
4534,614dd9c7fe3afb375e947a27,2230.2000000001863,2230.2000000001863,1,23,left-6,left,left-dark,dark-up,greater-up,single,2026-02-17 21:31:24.7680000
4535,697cb8ffcfbeef0652884528,3215.900000035763,3215.900000035763,0,0,left-2,right,left-dark,light-up,fewer-up,dual,2026-02-17 21:31:25.9520000
4536,5e7072e5fb136c63e94f3fa4,2595.4000000953674,2595.4000000953674,1,30,left-2,right,left-dark,light-up,greater-up,single,2026-02-17 21:31:24.9520000
4537,5ec17a2e02be030625eaff6e,1244.300000000745,1244.300000000745,1,10,right-0,left,right-dark,light-up,greater-up,single,2026-02-17 21:31:24.5670000
4538,641370f5a8d3826956778170,1119.7000000029802,1119.7000000029802,1,2,left-5,left,left-dark,dark-up,greater-up,single,2026-02-17 21:31:26.0230000
4539,614dd9c7fe3afb375e947a27,1208.6000000000931,1208.6000000000931,1,24,right-4,right,right-dark,light-up,fewer-up,single,2026-02-17 21:31:26.4790000
4540,6706aba2e8cd3166492dd09f,1367,1367,1,14,right-7,right,right-dark,light-up,fewer-up,single,2026-02-17 21:31:19.0250000
4541,5e9e19d808b9931ef37373c6,1403,1403,1,18,right-3,right,right-dark,light-up,fewer-up,dual,2026-02-17 21:31:26.7420000
4542,6310dbdfda69599720736665,1521.0999999046326,1521.0999999046326,1,6,left-5,right,left-dark,dark-up,fewer-up,single,2026-02-17 21:31:27.1610000
4543,5ec17a2e02be030625eaff6e,1176.199999999255,1176.199999999255,1,11,right-4,right,right-dark,light-up,fewer-up,single,2026-02-17 21:31:26.2460000
4544,5e7072e5fb136c63e94f3fa4,1770,1770,1,31,left-9,right,left-dark,light-up,greater-up,single,2026-02-17 21:31:27.2250000
4545,641370f5a8d3826956778170,1369.5999999940395,1369.5999999940395,1,3,right-1,right,right-dark,light-up,fewer-up,single,2026-02-17 21:31:27.8960000
4546,614dd9c7fe3afb375e947a27,1159.5,1159.5,1,25,right-2,right,right-dark,light-up,fewer-up,single,2026-02-17 21:31:28.1410000
4547,5e9e19d808b9931ef37373c6,1478.5999999977648,1478.5999999977648,1,19,right-0,left,right-dark,light-up,greater-up,dual,2026-02-17 21:31:28.7230000
4548,697cb8ffcfbeef0652884528,2378.400000035763,2378.400000035763,1,1,left-6,right,left-dark,light-up,greater-up,dual,2026-02-17 21:31:29.8390000
4549,5ec17a2e02be030625eaff6e,1168.2999999988824,1168.2999999988824,1,12,left-1,right,left-dark,light-up,greater-up,single,2026-02-17 21:31:27.9190000
4550,6310dbdfda69599720736665,1658.0999999046326,1658.0999999046326,1,7,right-3,left,right-dark,light-up,greater-up,single,2026-02-17 21:31:29.3360000
4551,641370f5a8d3826956778170,1052.7999999970198,1052.7999999970198,1,4,left-6,left,left-dark,dark-up,greater-up,single,2026-02-17 21:31:29.4640000
4552,6706aba2e8cd3166492dd09f,2390,2390,1,15,left-8,right,left-dark,dark-up,fewer-up,single,2026-02-17 21:31:21.9200000
4553,5e7072e5fb136c63e94f3fa4,2028.2000000476837,2028.2000000476837,1,32,left-4,right,left-dark,light-up,greater-up,single,2026-02-17 21:31:29.7560000
4554,614dd9c7fe3afb375e947a27,1944.3999999999069,1944.3999999999069,1,26,right-4,left,right-dark,dark-up,fewer-up,single,2026-02-17 21:31:30.5880000
4555,5ec17a2e02be030625eaff6e,1478.5,1478.5,1,13,left-9,right,left-dark,light-up,greater-up,single,2026-02-17 21:31:29.9010000
4556,6310dbdfda69599720736665,1509.0999999046326,1509.0999999046326,1,8,right-2,right,right-dark,dark-up,greater-up,single,2026-02-17 21:31:31.3550000
4557,641370f5a8d3826956778170,1299.1000000089407,1299.1000000089407,1,5,left-1,right,left-dark,light-up,greater-up,single,2026-02-17 21:31:31.2720000
4558,6706aba2e8cd3166492dd09f,1314,1314,1,16,right-1,left,right-dark,light-up,greater-up,single,2026-02-17 21:31:23.7400000
4559,697cb8ffcfbeef0652884528,3343.699999988079,3343.699999988079,1,2,right-4,left,right-dark,dark-up,fewer-up,dual,2026-02-17 21:31:33.6860000
4560,6310dbdfda69599720736665,1321.9000000953674,1321.9000000953674,1,9,left-0,right,left-dark,light-up,greater-up,single,2026-02-17 21:31:33.1850000
4561,6706aba2e8cd3166492dd09f,970,970,1,17,left-3,right,left-dark,light-up,greater-up,single,2026-02-17 21:31:25.2200000
4562,5ec17a2e02be030625eaff6e,1464.699999999255,1464.699999999255,1,14,right-2,left,right-dark,light-up,greater-up,single,2026-02-17 21:31:31.8700000
4563,641370f5a8d3826956778170,1370.7000000029802,1370.7000000029802,1,6,left-1,left,left-dark,light-up,fewer-up,single,2026-02-17 21:31:33.1520000
4564,5ec17a2e02be030625eaff6e,1096.199999999255,1096.199999999255,1,15,right-5,right,right-dark,dark-up,greater-up,single,2026-02-17 21:31:33.4700000
4565,614dd9c7fe3afb375e947a27,3262.5999999996275,3262.5999999996275,1,27,left-9,right,left-dark,light-up,greater-up,single,2026-02-17 21:31:34.3540000
4566,6706aba2e8cd3166492dd09f,1235,1235,1,18,right-4,right,right-dark,light-up,fewer-up,single,2026-02-17 21:31:26.9790000
4567,5e7072e5fb136c63e94f3fa4,4452,4452,1,33,right-1,right,right-dark,dark-up,greater-up,single,2026-02-17 21:31:34.7110000
4568,6310dbdfda69599720736665,1458.7000000476837,1458.7000000476837,1,10,right-8,left,right-dark,light-up,greater-up,single,2026-02-17 21:31:35.1570000
4569,641370f5a8d3826956778170,1425.5999999940395,1425.5999999940395,1,7,right-2,right,right-dark,light-up,fewer-up,single,2026-02-17 21:31:35.0790000
4570,697cb8ffcfbeef0652884528,2693.800000011921,2693.800000011921,1,3,right-7,left,right-dark,light-up,greater-up,dual,2026-02-17 21:31:36.8810000
4571,5ec17a2e02be030625eaff6e,1193.9000000003725,1193.9000000003725,1,16,left-2,right,left-dark,light-up,greater-up,single,2026-02-17 21:31:35.1680000
4572,6706aba2e8cd3166492dd09f,1153,1153,1,19,left-6,left,left-dark,light-up,fewer-up,single,2026-02-17 21:31:28.6390000
4573,641370f5a8d3826956778170,986.8000000119209,986.8000000119209,1,8,right-8,right,right-dark,dark-up,greater-up,single,2026-02-17 21:31:36.5760000
4574,6310dbdfda69599720736665,1688,1688,1,11,left-7,left,left-dark,light-up,fewer-up,single,2026-02-17 21:31:37.3570000
4575,614dd9c7fe3afb375e947a27,2095.100000000093,2095.100000000093,1,28,left-5,right,left-dark,dark-up,fewer-up,single,2026-02-17 21:31:36.9510000
4576,5ec17a2e02be030625eaff6e,960.6999999992549,960.6999999992549,1,17,left-3,right,left-dark,light-up,greater-up,single,2026-02-17 21:31:36.6320000
4577,641370f5a8d3826956778170,2115.2000000029802,2115.2000000029802,1,9,right-3,left,right-dark,dark-up,fewer-up,single,2026-02-17 21:31:39.2070000
4578,697cb8ffcfbeef0652884528,2808.800000011921,2808.800000011921,1,4,left-3,right,left-dark,light-up,greater-up,dual,2026-02-17 21:31:40.2060000
4579,6310dbdfda69599720736665,1707.7000000476837,1707.7000000476837,1,12,left-6,left,left-dark,dark-up,greater-up,single,2026-02-17 21:31:39.5700000
4580,5ec17a2e02be030625eaff6e,1160.5,1160.5,1,18,left-2,left,left-dark,light-up,fewer-up,single,2026-02-17 21:31:38.2970000
4581,5e7072e5fb136c63e94f3fa4,4618.5,4618.5,1,34,right-7,left,right-dark,light-up,greater-up,single,2026-02-17 21:31:39.8320000
4582,6706aba2e8cd3166492dd09f,1270,1270,1,20,right-1,right,right-dark,dark-up,greater-up,single,2026-02-17 21:31:32.2760000
4583,5ec17a2e02be030625eaff6e,984.8000000007451,984.8000000007451,1,19,right-5,right,right-dark,light-up,fewer-up,single,2026-02-17 21:31:39.7860000
4584,614dd9c7fe3afb375e947a27,3148.2000000001863,3148.2000000001863,1,29,right-9,right,right-dark,dark-up,greater-up,single,2026-02-17 21:31:40.6020000
4585,641370f5a8d3826956778170,1054.3999999910593,1054.3999999910593,1,10,right-8,left,right-dark,light-up,greater-up,single,2026-02-17 21:31:40.7680000
4586,6310dbdfda69599720736665,1385.5999999046326,1385.5999999046326,1,13,left-0,right,left-dark,dark-up,fewer-up,single,2026-02-17 21:31:41.4740000
4587,5e7072e5fb136c63e94f3fa4,1554.2999999523163,1554.2999999523163,1,35,left-0,left,left-dark,light-up,fewer-up,single,2026-02-17 21:31:41.8890000
4588,697cb8ffcfbeef0652884528,2540.800000011921,2540.800000011921,1,5,left-8,left,left-dark,dark-up,greater-up,dual,2026-02-17 21:31:43.2600000
4589,641370f5a8d3826956778170,1120.9000000059605,1120.9000000059605,1,11,right-0,right,right-dark,light-up,fewer-up,single,2026-02-17 21:31:42.3990000
4590,6706aba2e8cd3166492dd09f,1968,1968,1,21,right-5,right,right-dark,light-up,fewer-up,single,2026-02-17 21:31:34.7540000
4591,6310dbdfda69599720736665,1379.7000000476837,1379.7000000476837,1,14,right-2,left,right-dark,light-up,greater-up,single,2026-02-17 21:31:43.3700000
4592,614dd9c7fe3afb375e947a27,1818.6000000000931,1818.6000000000931,1,30,right-7,right,right-dark,dark-up,greater-up,single,2026-02-17 21:31:42.9230000
4593,641370f5a8d3826956778170,1221.4000000059605,1221.4000000059605,1,12,right-9,right,right-dark,light-up,fewer-up,single,2026-02-17 21:31:44.1350000
4594,6706aba2e8cd3166492dd09f,1530,1530,1,22,left-5,right,left-dark,dark-up,fewer-up,single,2026-02-17 21:31:36.7870000
4595,614dd9c7fe3afb375e947a27,1011.6999999997206,1011.6999999997206,1,31,right-6,right,right-dark,dark-up,greater-up,single,2026-02-17 21:31:44.4380000
4596,6310dbdfda69599720736665,1521.7000000476837,1521.7000000476837,1,15,left-4,right,left-dark,dark-up,fewer-up,single,2026-02-17 21:31:45.3980000
4597,697cb8ffcfbeef0652884528,2275.399999976158,2275.399999976158,1,6,left-2,right,left-dark,dark-up,fewer-up,dual,2026-02-17 21:31:46.0420000
4598,641370f5a8d3826956778170,1461.5,1461.5,1,13,left-0,left,left-dark,dark-up,greater-up,single,2026-02-17 21:31:46.1030000
4599,5ec17a2e02be030625eaff6e,1627.699999999255,1627.699999999255,1,20,right-4,left,right-dark,dark-up,fewer-up,single,2026-02-17 21:31:45.2000000
4600,6706aba2e8cd3166492dd09f,1324,1324,1,23,left-4,left,left-dark,light-up,fewer-up,single,2026-02-17 21:31:38.6230000
4601,614dd9c7fe3afb375e947a27,1355.7000000001863,1355.7000000001863,1,32,left-5,right,left-dark,light-up,greater-up,single,2026-02-17 21:31:46.2960000
4602,6310dbdfda69599720736665,1550,1550,1,16,left-2,left,left-dark,light-up,fewer-up,single,2026-02-17 21:31:47.4620000
4603,5ec17a2e02be030625eaff6e,987.3999999985099,987.3999999985099,1,21,right-7,left,right-dark,dark-up,fewer-up,single,2026-02-17 21:31:46.6920000
4604,614dd9c7fe3afb375e947a27,973.5,973.5,1,33,left-3,left,left-dark,dark-up,greater-up,single,2026-02-17 21:31:47.7720000
4605,5e7072e5fb136c63e94f3fa4,5549.800000190735,5549.800000190735,1,36,left-5,right,left-dark,dark-up,fewer-up,single,2026-02-17 21:31:47.9420000
4606,641370f5a8d3826956778170,1466,1466,1,14,right-1,right,right-dark,dark-up,greater-up,single,2026-02-17 21:31:48.0720000
4607,6706aba2e8cd3166492dd09f,1373,1373,1,24,right-9,left,right-dark,dark-up,fewer-up,single,2026-02-17 21:31:40.5100000
4608,697cb8ffcfbeef0652884528,2961.400000035763,2961.400000035763,1,7,left-6,left,left-dark,light-up,fewer-up,dual,2026-02-17 21:31:49.5090000
4609,6310dbdfda69599720736665,1195.0999999046326,1195.0999999046326,1,17,left-1,left,left-dark,light-up,fewer-up,single,2026-02-17 21:31:49.1750000
4610,5ec17a2e02be030625eaff6e,896.3999999985099,896.3999999985099,1,22,left-2,right,left-dark,dark-up,fewer-up,single,2026-02-17 21:31:48.0920000
4611,641370f5a8d3826956778170,1221.2000000029802,1221.2000000029802,1,15,right-0,right,right-dark,dark-up,greater-up,single,2026-02-17 21:31:49.8080000
4612,6706aba2e8cd3166492dd09f,1055,1055,1,25,right-6,right,right-dark,light-up,fewer-up,single,2026-02-17 21:31:42.0770000
4613,5e7072e5fb136c63e94f3fa4,1408.1000001430511,1408.1000001430511,1,37,right-3,left,right-dark,dark-up,fewer-up,single,2026-02-17 21:31:49.8530000
4614,614dd9c7fe3afb375e947a27,1487,1487,1,34,left-6,left,left-dark,light-up,fewer-up,single,2026-02-17 21:31:49.7620000
4615,5ec17a2e02be030625eaff6e,1038.5,1038.5,1,23,right-5,left,right-dark,dark-up,fewer-up,single,2026-02-17 21:31:49.6350000
4616,6310dbdfda69599720736665,1367.5999999046326,1367.5999999046326,1,18,right-0,left,right-dark,light-up,greater-up,single,2026-02-17 21:31:51.0490000
4617,641370f5a8d3826956778170,1331.0999999940395,1331.0999999940395,1,16,left-4,right,left-dark,dark-up,fewer-up,single,2026-02-17 21:31:51.6470000
4618,697cb8ffcfbeef0652884528,2667.099999964237,2667.099999964237,0,8,right-4,right,right-dark,light-up,greater-up,dual,2026-02-17 21:31:52.6850000
4619,5e7072e5fb136c63e94f3fa4,1420.6999998092651,1420.6999998092651,1,38,left-7,right,left-dark,dark-up,fewer-up,single,2026-02-17 21:31:51.7770000
4620,6706aba2e8cd3166492dd09f,1820,1820,1,26,left-1,right,left-dark,dark-up,fewer-up,single,2026-02-17 21:31:44.4100000
4621,694179d88301c400c4bbdb4d,2644.300000011921,2644.300000011921,1,0,right-9,right,right-dark,light-up,fewer-up,single,2026-02-17 21:30:48.1790000
4622,614dd9c7fe3afb375e947a27,1764.6000000000931,1764.6000000000931,1,35,right-5,left,right-dark,dark-up,fewer-up,single,2026-02-17 21:31:52.0290000
4623,5ec17a2e02be030625eaff6e,1236,1236,1,24,right-0,right,right-dark,light-up,fewer-up,single,2026-02-17 21:31:51.3750000
4624,6310dbdfda69599720736665,1504,1504,1,19,left-0,left,left-dark,light-up,fewer-up,single,2026-02-17 21:31:53.0690000
4625,641370f5a8d3826956778170,1381.9000000059605,1381.9000000059605,1,17,left-7,left,left-dark,light-up,fewer-up,single,2026-02-17 21:31:53.5350000
4626,5e7072e5fb136c63e94f3fa4,1239.7000000476837,1239.7000000476837,1,39,left-3,left,left-dark,light-up,fewer-up,single,2026-02-17 21:31:53.5190000
4627,5ec17a2e02be030625eaff6e,1231.5,1231.5,1,25,left-7,left,left-dark,light-up,fewer-up,single,2026-02-17 21:31:53.1110000
4628,614dd9c7fe3afb375e947a27,1596.9000000003725,1596.9000000003725,1,36,left-7,left,left-dark,light-up,fewer-up,single,2026-02-17 21:31:54.1290000
4629,6706aba2e8cd3166492dd09f,2362,2362,1,27,right-9,right,right-dark,light-up,fewer-up,single,2026-02-17 21:31:47.2770000
4630,641370f5a8d3826956778170,1080.800000011921,1080.800000011921,1,18,right-6,right,right-dark,light-up,fewer-up,single,2026-02-17 21:31:55.1190000
4631,694179d88301c400c4bbdb4d,2671.300000011921,2671.300000011921,1,1,left-9,left,left-dark,light-up,fewer-up,single,2026-02-17 21:30:51.3530000
4632,5ec17a2e02be030625eaff6e,999.2999999988824,999.2999999988824,1,26,right-6,left,right-dark,light-up,greater-up,single,2026-02-17 21:31:54.6130000
4633,697cb8ffcfbeef0652884528,3235.800000011921,3235.800000011921,1,9,right-7,right,right-dark,light-up,fewer-up,dual,2026-02-17 21:31:57.4390000
4634,641370f5a8d3826956778170,1349.7999999970198,1349.7999999970198,1,19,left-7,right,left-dark,light-up,greater-up,single,2026-02-17 21:31:56.9760000
4635,5ec17a2e02be030625eaff6e,1033.7999999988824,1033.7999999988824,1,27,right-4,left,right-dark,light-up,greater-up,single,2026-02-17 21:31:56.1510000
4636,6706aba2e8cd3166492dd09f,1657,1657,0,28,left-2,right,left-dark,dark-up,greater-up,single,2026-02-17 21:31:49.4390000
4637,614dd9c7fe3afb375e947a27,2615.600000000093,2615.600000000093,0,37,right-7,right,right-dark,dark-up,fewer-up,single,2026-02-17 21:31:57.2460000
4638,694179d88301c400c4bbdb4d,1673.2999999821186,1673.2999999821186,1,2,right-7,left,right-dark,light-up,greater-up,single,2026-02-17 21:30:53.5290000
4639,5e7072e5fb136c63e94f3fa4,1838.7000000476837,1838.7000000476837,1,40,right-8,left,right-dark,light-up,greater-up,single,2026-02-17 21:31:57.9270000
4640,5ec17a2e02be030625eaff6e,921.1999999992549,921.1999999992549,1,28,right-8,right,right-dark,dark-up,greater-up,single,2026-02-17 21:31:57.5760000
4641,697cb8ffcfbeef0652884528,1714.699999988079,1714.699999988079,1,10,left-5,right,left-dark,dark-up,fewer-up,dual,2026-02-17 21:31:59.6640000
4642,5e7072e5fb136c63e94f3fa4,1171.7999999523163,1171.7999999523163,1,41,right-9,right,right-dark,light-up,fewer-up,single,2026-02-17 21:31:59.6030000
4643,694179d88301c400c4bbdb4d,1724.5,1724.5,1,3,right-8,right,right-dark,dark-up,greater-up,single,2026-02-17 21:30:55.7560000
4644,6706aba2e8cd3166492dd09f,1174,1174,1,29,left-7,left,left-dark,dark-up,greater-up,single,2026-02-17 21:31:52.1310000
4645,614dd9c7fe3afb375e947a27,1724.7000000001863,1724.7000000001863,0,38,right-2,right,right-dark,dark-up,fewer-up,single,2026-02-17 21:32:00.4770000
4646,5ec17a2e02be030625eaff6e,1700.699999999255,1700.699999999255,1,29,left-0,right,left-dark,dark-up,fewer-up,single,2026-02-17 21:31:59.7800000
4647,697cb8ffcfbeef0652884528,1970.300000011921,1970.300000011921,1,11,right-4,right,right-dark,dark-up,greater-up,dual,2026-02-17 21:32:02.1390000
4648,5e7072e5fb136c63e94f3fa4,1109.5,1109.5,1,42,right-6,left,right-dark,dark-up,fewer-up,single,2026-02-17 21:32:01.2150000
4649,694179d88301c400c4bbdb4d,1932.2000000178814,1932.2000000178814,1,4,right-1,right,right-dark,light-up,fewer-up,single,2026-02-17 21:30:58.1900000
4650,6706aba2e8cd3166492dd09f,1898,1898,1,30,left-2,left,left-dark,light-up,fewer-up,single,2026-02-17 21:31:54.5430000
4651,5ec17a2e02be030625eaff6e,1046.0999999996275,1046.0999999996275,1,30,right-2,left,right-dark,dark-up,fewer-up,single,2026-02-17 21:32:01.3310000
4652,5e7072e5fb136c63e94f3fa4,1128,1128,1,43,right-2,left,right-dark,light-up,greater-up,single,2026-02-17 21:32:02.8450000
4653,697cb8ffcfbeef0652884528,1763.3999999761581,1763.3999999761581,1,12,right-8,left,right-dark,light-up,greater-up,dual,2026-02-17 21:32:04.4050000
4654,6310dbdfda69599720736665,1680.4000000953674,1680.4000000953674,1,20,right-9,right,right-dark,light-up,fewer-up,single,2026-02-17 21:32:03.9810000
4655,694179d88301c400c4bbdb4d,1639,1639,1,5,right-5,left,right-dark,dark-up,fewer-up,single,2026-02-17 21:31:00.3310000
4656,614dd9c7fe3afb375e947a27,2273.100000000093,2273.100000000093,1,39,right-8,right,right-dark,dark-up,greater-up,single,2026-02-17 21:32:04.2560000
4657,5ec17a2e02be030625eaff6e,1634.5,1634.5,1,31,left-5,left,left-dark,light-up,fewer-up,single,2026-02-17 21:32:03.4690000
4658,6706aba2e8cd3166492dd09f,1746,1746,1,31,right-1,left,right-dark,dark-up,fewer-up,single,2026-02-17 21:31:56.7950000
4659,5e7072e5fb136c63e94f3fa4,1094.9000000953674,1094.9000000953674,1,44,left-2,right,left-dark,dark-up,fewer-up,single,2026-02-17 21:32:04.4440000
4660,641370f5a8d3826956778170,1561.6000000089407,1561.6000000089407,1,20,right-3,right,right-dark,light-up,fewer-up,single,2026-02-17 21:32:04.5120000
4661,6310dbdfda69599720736665,1344.1000001430511,1344.1000001430511,1,21,right-0,left,right-dark,dark-up,fewer-up,single,2026-02-17 21:32:05.8400000
4662,5ec17a2e02be030625eaff6e,1045.5,1045.5,1,32,right-1,right,right-dark,dark-up,greater-up,single,2026-02-17 21:32:05.0170000
4663,641370f5a8d3826956778170,1401.4000000059605,1401.4000000059605,1,21,left-2,left,left-dark,dark-up,greater-up,single,2026-02-17 21:32:06.4230000
4664,694179d88301c400c4bbdb4d,1717.4000000059605,1717.4000000059605,1,6,left-6,right,left-dark,dark-up,fewer-up,single,2026-02-17 21:31:02.5500000
4665,697cb8ffcfbeef0652884528,2621.5,2621.5,1,13,left-5,left,left-dark,dark-up,greater-up,dual,2026-02-17 21:32:07.5440000
4666,5e7072e5fb136c63e94f3fa4,1639.1000001430511,1639.1000001430511,1,45,left-3,right,left-dark,dark-up,fewer-up,single,2026-02-17 21:32:06.5860000
4667,6706aba2e8cd3166492dd09f,1651,1651,1,32,left-6,right,left-dark,light-up,greater-up,single,2026-02-17 21:31:58.9590000
4668,6310dbdfda69599720736665,1266.7999999523163,1266.7999999523163,1,22,left-7,right,left-dark,dark-up,fewer-up,single,2026-02-17 21:32:07.6150000
4669,5ec17a2e02be030625eaff6e,1192.199999999255,1192.199999999255,1,33,left-5,right,left-dark,dark-up,fewer-up,single,2026-02-17 21:32:06.7130000
4670,641370f5a8d3826956778170,1231.5999999940395,1231.5999999940395,1,22,left-2,left,left-dark,light-up,fewer-up,single,2026-02-17 21:32:08.1600000
4671,6706aba2e8cd3166492dd09f,1193,1193,1,33,right-9,left,right-dark,light-up,greater-up,single,2026-02-17 21:32:00.6660000
4672,694179d88301c400c4bbdb4d,1924.9000000059605,1924.9000000059605,1,7,right-2,right,right-dark,dark-up,greater-up,single,2026-02-17 21:31:04.9770000
4673,697cb8ffcfbeef0652884528,1886.699999988079,1886.699999988079,1,14,left-0,right,left-dark,light-up,greater-up,dual,2026-02-17 21:32:09.9470000
4674,5e7072e5fb136c63e94f3fa4,1877.2999999523163,1877.2999999523163,1,46,right-3,left,right-dark,light-up,greater-up,single,2026-02-17 21:32:08.9670000
4675,5ec17a2e02be030625eaff6e,1019.0999999996275,1019.0999999996275,1,34,right-1,left,right-dark,light-up,greater-up,single,2026-02-17 21:32:08.2360000
4676,6310dbdfda69599720736665,1429.5,1429.5,1,23,left-2,right,left-dark,dark-up,fewer-up,single,2026-02-17 21:32:09.5630000
4677,641370f5a8d3826956778170,1002.4000000059605,1002.4000000059605,1,23,left-1,left,left-dark,dark-up,greater-up,single,2026-02-17 21:32:09.6720000
4678,694179d88301c400c4bbdb4d,1317.199999988079,1317.199999988079,1,8,right-4,left,right-dark,dark-up,fewer-up,single,2026-02-17 21:31:06.7960000
4679,5e7072e5fb136c63e94f3fa4,1282,1282,1,47,left-8,left,left-dark,light-up,fewer-up,single,2026-02-17 21:32:10.7510000
4680,5ec17a2e02be030625eaff6e,1295.300000000745,1295.300000000745,1,35,left-7,left,left-dark,dark-up,greater-up,single,2026-02-17 21:32:10.0350000
4681,6310dbdfda69599720736665,1517.8999998569489,1517.8999998569489,1,24,right-1,right,right-dark,dark-up,greater-up,single,2026-02-17 21:32:11.5860000
4682,6706aba2e8cd3166492dd09f,2446,2446,1,34,left-9,left,left-dark,dark-up,greater-up,single,2026-02-17 21:32:03.6210000
4683,641370f5a8d3826956778170,1467.9000000059605,1467.9000000059605,1,24,right-0,left,right-dark,dark-up,fewer-up,single,2026-02-17 21:32:11.6400000
4684,697cb8ffcfbeef0652884528,2594.199999988079,2594.199999988079,1,15,right-2,left,right-dark,dark-up,fewer-up,dual,2026-02-17 21:32:13.0450000
4685,5ec17a2e02be030625eaff6e,917.6000000014901,917.6000000014901,1,36,right-3,right,right-dark,light-up,fewer-up,single,2026-02-17 21:32:11.4570000
4686,614dd9c7fe3afb375e947a27,1843.7000000001863,1843.7000000001863,1,40,left-8,left,left-dark,light-up,fewer-up,single,2026-02-17 21:32:12.6930000
4687,6310dbdfda69599720736665,1326.2000000476837,1326.2000000476837,1,25,right-9,right,right-dark,dark-up,greater-up,single,2026-02-17 21:32:13.4190000
4688,5e7072e5fb136c63e94f3fa4,1951.5,1951.5,1,48,right-4,left,right-dark,light-up,greater-up,single,2026-02-17 21:32:13.2060000
4689,694179d88301c400c4bbdb4d,2208.0999999940395,2208.0999999940395,1,9,left-3,left,left-dark,dark-up,greater-up,single,2026-02-17 21:31:09.5070000
4690,641370f5a8d3826956778170,1592.0999999940395,1592.0999999940395,1,25,right-3,right,right-dark,dark-up,greater-up,single,2026-02-17 21:32:13.7430000
4691,5ec17a2e02be030625eaff6e,1081,1081,1,37,right-6,left,right-dark,dark-up,fewer-up,single,2026-02-17 21:32:13.0420000
4692,6706aba2e8cd3166492dd09f,2582,2582,1,35,left-0,right,left-dark,dark-up,fewer-up,single,2026-02-17 21:32:06.7090000
4693,614dd9c7fe3afb375e947a27,1230.7000000001863,1230.7000000001863,1,41,right-0,right,right-dark,dark-up,greater-up,single,2026-02-17 21:32:14.4260000
4694,697cb8ffcfbeef0652884528,2376.5,2376.5,1,16,right-5,left,right-dark,light-up,greater-up,dual,2026-02-17 21:32:15.9290000
4695,694179d88301c400c4bbdb4d,1198.2000000178814,1198.2000000178814,1,10,right-5,right,right-dark,dark-up,greater-up,single,2026-02-17 21:31:11.2080000
4696,6310dbdfda69599720736665,1778.6000001430511,1778.6000001430511,1,26,left-6,right,left-dark,dark-up,fewer-up,single,2026-02-17 21:32:15.7020000
4697,5e7072e5fb136c63e94f3fa4,1654.7999999523163,1654.7999999523163,1,49,left-4,right,left-dark,dark-up,fewer-up,single,2026-02-17 21:32:15.3640000
4698,5ec17a2e02be030625eaff6e,1115.699999999255,1115.699999999255,1,38,left-8,right,left-dark,dark-up,fewer-up,single,2026-02-17 21:32:14.6610000
4699,641370f5a8d3826956778170,1355,1355,1,26,right-1,left,right-dark,light-up,greater-up,single,2026-02-17 21:32:15.6090000
4700,614dd9c7fe3afb375e947a27,747.8999999999069,747.8999999999069,1,42,right-5,right,right-dark,dark-up,greater-up,single,2026-02-17 21:32:15.6770000
4701,5ec17a2e02be030625eaff6e,1113.6000000014901,1113.6000000014901,1,39,right-1,left,right-dark,dark-up,fewer-up,single,2026-02-17 21:32:16.2780000
4702,614dd9c7fe3afb375e947a27,1081.5,1081.5,1,43,left-1,left,left-dark,light-up,fewer-up,single,2026-02-17 21:32:17.2610000
4703,697cb8ffcfbeef0652884528,1959,1959,1,17,left-3,right,left-dark,dark-up,fewer-up,dual,2026-02-17 21:32:18.3990000
4704,6706aba2e8cd3166492dd09f,2577,2577,1,36,left-8,right,left-dark,light-up,greater-up,single,2026-02-17 21:32:09.8020000
4705,5e7072e5fb136c63e94f3fa4,1614.4000000953674,1614.4000000953674,1,50,right-9,right,right-dark,dark-up,greater-up,single,2026-02-17 21:32:17.4810000
4706,694179d88301c400c4bbdb4d,1930.699999988079,1930.699999988079,1,11,right-6,right,right-dark,light-up,fewer-up,single,2026-02-17 21:31:13.6410000
4707,6310dbdfda69599720736665,1598.8999998569489,1598.8999998569489,1,27,left-0,left,left-dark,dark-up,greater-up,single,2026-02-17 21:32:17.8060000
4708,641370f5a8d3826956778170,1465,1465,1,27,left-2,right,left-dark,light-up,greater-up,single,2026-02-17 21:32:17.5910000
4709,641370f5a8d3826956778170,1277.800000011921,1277.800000011921,1,28,left-9,left,left-dark,light-up,fewer-up,single,2026-02-17 21:32:19.3780000
4710,6310dbdfda69599720736665,1414.7000000476837,1414.7000000476837,1,28,left-8,right,left-dark,dark-up,fewer-up,single,2026-02-17 21:32:19.7400000
4711,5e7072e5fb136c63e94f3fa4,1456.6000001430511,1456.6000001430511,1,51,right-1,right,right-dark,light-up,fewer-up,single,2026-02-17 21:32:19.4400000
4712,614dd9c7fe3afb375e947a27,1855,1855,1,44,right-5,right,right-dark,light-up,fewer-up,single,2026-02-17 21:32:19.6180000
4713,6706aba2e8cd3166492dd09f,2144,2144,1,37,left-0,left,left-dark,dark-up,greater-up,single,2026-02-17 21:32:12.4590000
4714,694179d88301c400c4bbdb4d,2169.9000000059605,2169.9000000059605,1,12,left-3,left,left-dark,light-up,fewer-up,single,2026-02-17 21:31:16.3140000
4715,641370f5a8d3826956778170,1097.2999999970198,1097.2999999970198,1,29,right-6,right,right-dark,dark-up,greater-up,single,2026-02-17 21:32:20.9830000
4716,5e7072e5fb136c63e94f3fa4,1210.7000000476837,1210.7000000476837,1,52,left-9,left,left-dark,light-up,fewer-up,single,2026-02-17 21:32:21.1530000
4717,614dd9c7fe3afb375e947a27,1005,1005,1,45,right-8,right,right-dark,light-up,fewer-up,single,2026-02-17 21:32:21.1260000
4718,697cb8ffcfbeef0652884528,3723.699999988079,3723.699999988079,1,18,left-8,right,left-dark,light-up,greater-up,dual,2026-02-17 21:32:22.6270000
4719,5ec17a2e02be030625eaff6e,1448.800000000745,1448.800000000745,1,40,right-0,left,right-dark,dark-up,fewer-up,single,2026-02-17 21:32:20.7180000
4720,6310dbdfda69599720736665,2149.699999809265,2149.699999809265,1,29,left-1,right,left-dark,light-up,greater-up,single,2026-02-17 21:32:22.4050000
4721,694179d88301c400c4bbdb4d,1329.6000000238419,1329.6000000238419,1,13,right-0,right,right-dark,dark-up,greater-up,single,2026-02-17 21:31:18.1460000
4722,6706aba2e8cd3166492dd09f,1648,1648,1,38,right-2,right,right-dark,dark-up,greater-up,single,2026-02-17 21:32:14.6190000
4723,641370f5a8d3826956778170,1257,1257,1,30,left-9,left,left-dark,dark-up,greater-up,single,2026-02-17 21:32:22.7450000
4724,5e7072e5fb136c63e94f3fa4,1129.2999999523163,1129.2999999523163,1,53,left-5,left,left-dark,light-up,fewer-up,single,2026-02-17 21:32:22.7840000
4725,5ec17a2e02be030625eaff6e,776.3000000007451,776.3000000007451,1,41,left-5,left,left-dark,dark-up,greater-up,single,2026-02-17 21:32:21.9980000
4726,697cb8ffcfbeef0652884528,1425.5,1425.5,1,19,right-3,right,right-dark,light-up,fewer-up,dual,2026-02-17 21:32:24.5550000
4727,5e9e19d808b9931ef37373c6,1373.7000000029802,1373.7000000029802,1,20,right-1,left,right-dark,dark-up,fewer-up,dual,2026-02-17 21:32:23.6060000
4728,614dd9c7fe3afb375e947a27,2396.5,2396.5,1,46,left-3,left,left-dark,light-up,fewer-up,single,2026-02-17 21:32:24.0250000
4729,5ec17a2e02be030625eaff6e,930.5999999996275,930.5999999996275,1,42,left-6,left,left-dark,light-up,fewer-up,single,2026-02-17 21:32:23.4320000
4730,5e7072e5fb136c63e94f3fa4,1123.0999999046326,1123.0999999046326,1,54,right-3,right,right-dark,dark-up,greater-up,single,2026-02-17 21:32:24.4100000
4731,6706aba2e8cd3166492dd09f,1699,1699,1,39,right-5,left,right-dark,light-up,greater-up,single,2026-02-17 21:32:16.8270000
4732,641370f5a8d3826956778170,1328.5,1328.5,1,31,left-4,right,left-dark,light-up,greater-up,single,2026-02-17 21:32:24.5840000
4733,694179d88301c400c4bbdb4d,2441.5,2441.5,1,14,left-5,right,left-dark,dark-up,fewer-up,single,2026-02-17 21:31:21.0900000
4734,6310dbdfda69599720736665,2562.9000000953674,2562.9000000953674,0,30,right-8,left,right-dark,dark-up,greater-up,single,2026-02-17 21:32:25.4770000
4735,5e9e19d808b9931ef37373c6,1280,1280,1,21,right-5,right,right-dark,light-up,fewer-up,dual,2026-02-17 21:32:25.3920000
4736,5ec17a2e02be030625eaff6e,860.4000000003725,860.4000000003725,1,43,left-8,left,left-dark,light-up,fewer-up,single,2026-02-17 21:32:24.7960000
4737,614dd9c7fe3afb375e947a27,1121.1000000000931,1121.1000000000931,1,47,right-7,right,right-dark,light-up,fewer-up,single,2026-02-17 21:32:25.6490000
4738,641370f5a8d3826956778170,1183.0999999940395,1183.0999999940395,1,32,right-4,right,right-dark,light-up,fewer-up,single,2026-02-17 21:32:26.2710000
4739,5e7072e5fb136c63e94f3fa4,2099.100000143051,2099.100000143051,1,55,right-9,left,right-dark,light-up,greater-up,single,2026-02-17 21:32:27.0130000
4740,5ec17a2e02be030625eaff6e,1016.1999999992549,1016.1999999992549,1,44,left-3,right,left-dark,dark-up,fewer-up,single,2026-02-17 21:32:26.3160000
4741,5e9e19d808b9931ef37373c6,1432.800000000745,1432.800000000745,1,22,right-2,left,right-dark,light-up,greater-up,dual,2026-02-17 21:32:27.3270000
4742,694179d88301c400c4bbdb4d,2299.0999999940395,2299.0999999940395,1,15,left-5,right,left-dark,light-up,greater-up,single,2026-02-17 21:31:23.8910000
4743,641370f5a8d3826956778170,1186.9000000059605,1186.9000000059605,1,33,left-7,right,left-dark,dark-up,fewer-up,single,2026-02-17 21:32:27.9680000
4744,5ec17a2e02be030625eaff6e,984,984,1,45,left-8,left,left-dark,dark-up,greater-up,single,2026-02-17 21:32:27.8040000
4745,6310dbdfda69599720736665,2031.2999999523163,2031.2999999523163,1,31,right-4,right,right-dark,light-up,fewer-up,single,2026-02-17 21:32:29.0380000
4746,5e9e19d808b9931ef37373c6,1028.2999999970198,1028.2999999970198,1,23,left-3,right,left-dark,light-up,greater-up,dual,2026-02-17 21:32:28.8570000
4747,6706aba2e8cd3166492dd09f,2080,2080,1,40,left-3,left,left-dark,light-up,fewer-up,single,2026-02-17 21:32:21.6190000
4748,5e7072e5fb136c63e94f3fa4,2081.2000000476837,2081.2000000476837,1,56,left-6,right,left-dark,dark-up,fewer-up,single,2026-02-17 21:32:29.5970000
4749,641370f5a8d3826956778170,1358.300000011921,1358.300000011921,1,34,right-2,right,right-dark,dark-up,greater-up,single,2026-02-17 21:32:29.8390000
4750,5ec17a2e02be030625eaff6e,808.1000000014901,808.1000000014901,1,46,right-6,right,right-dark,dark-up,greater-up,single,2026-02-17 21:32:29.1160000
4751,6310dbdfda69599720736665,1264.9000000953674,1264.9000000953674,1,32,left-4,right,left-dark,light-up,greater-up,single,2026-02-17 21:32:30.8190000
4752,694179d88301c400c4bbdb4d,2350.2000000178814,2350.2000000178814,1,16,left-8,right,left-dark,light-up,greater-up,single,2026-02-17 21:31:26.7440000
4753,614dd9c7fe3afb375e947a27,4372.9000000003725,4372.9000000003725,1,48,left-9,right,left-dark,dark-up,fewer-up,single,2026-02-17 21:32:30.5240000
4754,5e9e19d808b9931ef37373c6,1747,1747,1,24,right-9,left,right-dark,dark-up,fewer-up,dual,2026-02-17 21:32:31.1070000
4755,641370f5a8d3826956778170,1349.8999999910593,1349.8999999910593,1,35,right-3,left,right-dark,light-up,greater-up,single,2026-02-17 21:32:31.6990000
4756,5ec17a2e02be030625eaff6e,1152.300000000745,1152.300000000745,1,47,left-4,right,left-dark,dark-up,fewer-up,single,2026-02-17 21:32:30.7720000
4757,697cb8ffcfbeef0652884528,2480.199999988079,2480.199999988079,1,20,left-4,right,left-dark,dark-up,fewer-up,dual,2026-02-17 21:32:32.8500000
4758,5e7072e5fb136c63e94f3fa4,1718.8999998569489,1718.8999998569489,0,57,right-7,left,right-dark,dark-up,greater-up,single,2026-02-17 21:32:31.8190000
4759,6706aba2e8cd3166492dd09f,2095,2095,1,41,right-0,left,right-dark,dark-up,fewer-up,single,2026-02-17 21:32:24.2240000
4760,614dd9c7fe3afb375e947a27,1240.1000000000931,1240.1000000000931,1,49,right-4,left,right-dark,light-up,greater-up,single,2026-02-17 21:32:32.2660000
4761,6310dbdfda69599720736665,1563.1000001430511,1563.1000001430511,1,33,right-5,left,right-dark,dark-up,fewer-up,single,2026-02-17 21:32:32.9010000
4762,694179d88301c400c4bbdb4d,1508.199999988079,1508.199999988079,1,17,left-4,left,left-dark,dark-up,greater-up,single,2026-02-17 21:31:28.7540000
4763,5e9e19d808b9931ef37373c6,1251.5,1251.5,1,25,left-5,left,left-dark,light-up,fewer-up,dual,2026-02-17 21:32:32.8610000
4764,641370f5a8d3826956778170,855.8999999910593,855.8999999910593,1,36,right-0,left,right-dark,light-up,greater-up,single,2026-02-17 21:32:33.0630000
4765,5ec17a2e02be030625eaff6e,1116.4000000003725,1116.4000000003725,1,48,right-9,left,right-dark,dark-up,fewer-up,single,2026-02-17 21:32:32.3920000
4766,6706aba2e8cd3166492dd09f,1527,1527,1,42,left-4,right,left-dark,dark-up,fewer-up,single,2026-02-17 21:32:26.2690000
4767,614dd9c7fe3afb375e947a27,1595.6999999997206,1595.6999999997206,1,50,left-8,left,left-dark,dark-up,greater-up,single,2026-02-17 21:32:34.3650000
4768,697cb8ffcfbeef0652884528,2208.7000000476837,2208.7000000476837,1,21,left-9,right,left-dark,dark-up,fewer-up,dual,2026-02-17 21:32:35.5620000
4769,5ec17a2e02be030625eaff6e,953.2999999988824,953.2999999988824,1,49,right-9,right,right-dark,light-up,fewer-up,single,2026-02-17 21:32:33.8490000
4770,5e7072e5fb136c63e94f3fa4,1436.5,1436.5,1,58,left-0,left,left-dark,dark-up,greater-up,single,2026-02-17 21:32:34.7620000
4771,641370f5a8d3826956778170,1395.2000000029802,1395.2000000029802,1,37,left-6,left,left-dark,light-up,fewer-up,single,2026-02-17 21:32:34.9750000
4772,6310dbdfda69599720736665,2424.4000000953674,2424.4000000953674,1,34,left-2,right,left-dark,light-up,greater-up,single,2026-02-17 21:32:35.8340000
4773,6706aba2e8cd3166492dd09f,1058,1058,1,43,left-6,right,left-dark,dark-up,fewer-up,single,2026-02-17 21:32:27.8420000
4774,694179d88301c400c4bbdb4d,2377.199999988079,2377.199999988079,0,18,right-4,right,right-dark,light-up,greater-up,single,2026-02-17 21:31:31.6330000
4775,5e9e19d808b9931ef37373c6,2318.60000000149,2318.60000000149,1,26,right-8,left,right-dark,light-up,greater-up,dual,2026-02-17 21:32:35.6810000
4776,614dd9c7fe3afb375e947a27,1067.3999999999069,1067.3999999999069,1,51,left-5,left,left-dark,light-up,fewer-up,single,2026-02-17 21:32:35.9350000
4777,5ec17a2e02be030625eaff6e,870.3999999985099,870.3999999985099,1,50,right-8,right,right-dark,light-up,fewer-up,single,2026-02-17 21:32:35.2230000
4778,697cb8ffcfbeef0652884528,1390.8999999761581,1390.8999999761581,1,22,right-8,right,right-dark,dark-up,greater-up,dual,2026-02-17 21:32:37.4600000
4779,5e7072e5fb136c63e94f3fa4,1358.3999998569489,1358.3999998569489,1,59,right-2,left,right-dark,dark-up,fewer-up,single,2026-02-17 21:32:36.6240000
4780,641370f5a8d3826956778170,1257.3999999910593,1257.3999999910593,1,38,left-2,right,left-dark,dark-up,fewer-up,single,2026-02-17 21:32:36.7360000
4781,6706aba2e8cd3166492dd09f,1000,1000,1,44,left-9,left,left-dark,light-up,fewer-up,single,2026-02-17 21:32:29.3580000
4782,5e9e19d808b9931ef37373c6,907.5,907.5,1,27,left-8,left,left-dark,dark-up,greater-up,dual,2026-02-17 21:32:37.0910000
4783,5ec17a2e02be030625eaff6e,1157.2999999988824,1157.2999999988824,1,51,right-3,left,right-dark,dark-up,fewer-up,single,2026-02-17 21:32:36.8840000
4784,6310dbdfda69599720736665,1974,1974,1,35,right-2,right,right-dark,light-up,fewer-up,single,2026-02-17 21:32:38.3200000
4785,641370f5a8d3826956778170,1058.300000011921,1058.300000011921,1,39,left-0,left,left-dark,light-up,fewer-up,single,2026-02-17 21:32:38.3000000
4786,614dd9c7fe3afb375e947a27,1935.7999999998137,1935.7999999998137,1,52,left-7,left,left-dark,dark-up,greater-up,single,2026-02-17 21:32:38.3730000
4787,6706aba2e8cd3166492dd09f,1454,1454,1,45,left-7,left,left-dark,light-up,fewer-up,single,2026-02-17 21:32:31.3170000
4788,5ec17a2e02be030625eaff6e,817.5999999996275,817.5999999996275,1,52,left-9,right,left-dark,dark-up,fewer-up,single,2026-02-17 21:32:38.2050000
4789,5e9e19d808b9931ef37373c6,1959.6000000014901,1959.6000000014901,1,28,left-3,right,left-dark,dark-up,fewer-up,dual,2026-02-17 21:32:39.5510000
4790,694179d88301c400c4bbdb4d,2621.9000000059605,2621.9000000059605,1,19,left-2,right,left-dark,dark-up,fewer-up,single,2026-02-17 21:31:35.7600000
4791,6310dbdfda69599720736665,1687.1999998092651,1687.1999998092651,1,36,right-6,left,right-dark,dark-up,fewer-up,single,2026-02-17 21:32:40.5180000
4792,697cb8ffcfbeef0652884528,3583.300000011921,3583.300000011921,1,23,right-9,left,right-dark,light-up,greater-up,dual,2026-02-17 21:32:41.5600000
4793,5ec17a2e02be030625eaff6e,972.5999999996275,972.5999999996275,1,53,left-9,left,left-dark,light-up,fewer-up,single,2026-02-17 21:32:39.6820000
4794,6706aba2e8cd3166492dd09f,1265,1265,1,46,right-8,left,right-dark,light-up,greater-up,single,2026-02-17 21:32:33.0930000
4795,5e9e19d808b9931ef37373c6,1254.8999999985099,1254.8999999985099,1,29,left-0,left,left-dark,light-up,fewer-up,dual,2026-02-17 21:32:41.3080000
4796,5ec17a2e02be030625eaff6e,952.7999999988824,952.7999999988824,1,54,left-0,left,left-dark,light-up,fewer-up,single,2026-02-17 21:32:41.1380000
4797,614dd9c7fe3afb375e947a27,3378.2000000001863,3378.2000000001863,1,53,right-1,left,right-dark,light-up,greater-up,single,2026-02-17 21:32:42.2540000
4798,6706aba2e8cd3166492dd09f,1225,1225,1,47,right-5,left,right-dark,dark-up,fewer-up,single,2026-02-17 21:32:34.8310000
4799,6310dbdfda69599720736665,2190.699999809265,2190.699999809265,1,37,left-3,right,left-dark,light-up,greater-up,single,2026-02-17 21:32:43.2220000
4800,5e9e19d808b9931ef37373c6,1148.5,1148.5,1,30,right-6,right,right-dark,light-up,fewer-up,dual,2026-02-17 21:32:42.9580000
4801,697cb8ffcfbeef0652884528,2208.599999964237,2208.599999964237,1,24,right-2,right,right-dark,dark-up,greater-up,dual,2026-02-17 21:32:44.2830000
4802,5ec17a2e02be030625eaff6e,865.2000000011176,865.2000000011176,1,55,left-4,left,left-dark,light-up,fewer-up,single,2026-02-17 21:32:42.5070000
4803,641370f5a8d3826956778170,1347.4000000059605,1347.4000000059605,1,40,left-7,left,left-dark,dark-up,greater-up,single,2026-02-17 21:32:43.6630000
4804,6706aba2e8cd3166492dd09f,1355,1355,1,48,left-5,right,left-dark,light-up,greater-up,single,2026-02-17 21:32:36.6960000
4805,614dd9c7fe3afb375e947a27,1837.2999999998137,1837.2999999998137,0,54,left-0,left,left-dark,light-up,greater-up,single,2026-02-17 21:32:44.5950000
4806,5ec17a2e02be030625eaff6e,979.6999999992549,979.6999999992549,1,56,left-7,right,left-dark,light-up,greater-up,single,2026-02-17 21:32:43.9900000
4807,641370f5a8d3826956778170,1089.800000011921,1089.800000011921,1,41,left-4,left,left-dark,dark-up,greater-up,single,2026-02-17 21:32:45.2630000
4808,697cb8ffcfbeef0652884528,1565.2999999523163,1565.2999999523163,1,25,left-4,left,left-dark,light-up,fewer-up,dual,2026-02-17 21:32:46.3550000
4809,6310dbdfda69599720736665,1986.6000001430511,1986.6000001430511,1,38,right-5,right,right-dark,dark-up,greater-up,single,2026-02-17 21:32:45.7250000
4810,6706aba2e8cd3166492dd09f,1087,1087,1,49,left-8,left,left-dark,light-up,fewer-up,single,2026-02-17 21:32:38.2840000
4811,5ec17a2e02be030625eaff6e,935.5999999996275,935.5999999996275,1,57,left-9,left,left-dark,dark-up,greater-up,single,2026-02-17 21:32:45.4300000
4812,5e9e19d808b9931ef37373c6,2945.60000000149,2945.60000000149,1,31,right-3,left,right-dark,dark-up,fewer-up,dual,2026-02-17 21:32:46.4050000
4813,641370f5a8d3826956778170,1255.7999999970198,1255.7999999970198,1,42,right-8,left,right-dark,dark-up,fewer-up,single,2026-02-17 21:32:47.0240000
4814,6706aba2e8cd3166492dd09f,839,839,1,50,right-0,right,right-dark,dark-up,greater-up,single,2026-02-17 21:32:39.6300000
4815,5ec17a2e02be030625eaff6e,969.8000000007451,969.8000000007451,1,58,left-0,right,left-dark,light-up,greater-up,single,2026-02-17 21:32:46.9030000
4816,697cb8ffcfbeef0652884528,2069.199999988079,2069.199999988079,0,26,left-8,left,left-dark,dark-up,fewer-up,dual,2026-02-17 21:32:48.9290000
4817,6310dbdfda69599720736665,2240.5999999046326,2240.5999999046326,1,39,right-7,left,right-dark,dark-up,fewer-up,single,2026-02-17 21:32:48.4800000
4818,694179d88301c400c4bbdb4d,2618.800000011921,2618.800000011921,1,20,right-2,right,right-dark,light-up,fewer-up,single,2026-02-17 21:31:44.8260000
4819,641370f5a8d3826956778170,1312.800000011921,1312.800000011921,1,43,right-7,right,right-dark,light-up,fewer-up,single,2026-02-17 21:32:48.8390000
4820,5e9e19d808b9931ef37373c6,2093.300000000745,2093.300000000745,1,32,right-7,right,right-dark,light-up,fewer-up,dual,2026-02-17 21:32:49.0010000
4821,5ec17a2e02be030625eaff6e,802.7999999988824,802.7999999988824,1,59,left-6,right,left-dark,light-up,greater-up,single,2026-02-17 21:32:48.2100000
4822,6706aba2e8cd3166492dd09f,1474,1474,1,51,right-3,left,right-dark,dark-up,fewer-up,single,2026-02-17 21:32:41.6060000
4823,641370f5a8d3826956778170,1031.1000000089407,1031.1000000089407,1,44,right-5,left,right-dark,light-up,greater-up,single,2026-02-17 21:32:50.3750000
4824,694179d88301c400c4bbdb4d,1548.9000000059605,1548.9000000059605,1,21,right-3,right,right-dark,light-up,fewer-up,single,2026-02-17 21:31:46.8780000
4825,5e9e19d808b9931ef37373c6,1374.8999999985099,1374.8999999985099,1,33,left-1,right,left-dark,dark-up,fewer-up,dual,2026-02-17 21:32:50.8780000
4826,697cb8ffcfbeef0652884528,2249.800000011921,2249.800000011921,1,27,right-9,left,right-dark,dark-up,fewer-up,dual,2026-02-17 21:32:52.7050000
4827,641370f5a8d3826956778170,1107.7000000029802,1107.7000000029802,1,45,left-6,right,left-dark,light-up,greater-up,single,2026-02-17 21:32:51.9910000
4828,5ec17a2e02be030625eaff6e,861.3000000007451,861.3000000007451,1,60,left-4,right,left-dark,light-up,greater-up,single,2026-02-17 21:32:51.2460000
4829,5e9e19d808b9931ef37373c6,1237.5,1237.5,1,34,right-9,right,right-dark,dark-up,greater-up,dual,2026-02-17 21:32:52.6170000
4830,694179d88301c400c4bbdb4d,1448.800000011921,1448.800000011921,1,22,right-6,left,right-dark,light-up,greater-up,single,2026-02-17 21:31:48.8280000
4831,6706aba2e8cd3166492dd09f,3047,3047,1,52,left-4,right,left-dark,light-up,greater-up,single,2026-02-17 21:32:45.1600000
4832,5ec17a2e02be030625eaff6e,710.8999999985099,710.8999999985099,1,61,left-4,left,left-dark,dark-up,greater-up,single,2026-02-17 21:32:52.4610000
4833,641370f5a8d3826956778170,1581,1581,1,46,left-8,right,left-dark,dark-up,fewer-up,single,2026-02-17 21:32:54.0800000
4834,5e9e19d808b9931ef37373c6,1058,1058,1,35,left-6,left,left-dark,dark-up,greater-up,dual,2026-02-17 21:32:54.1770000
4835,694179d88301c400c4bbdb4d,1122.3999999761581,1122.3999999761581,1,23,left-9,left,left-dark,dark-up,greater-up,single,2026-02-17 21:31:50.4530000
4836,697cb8ffcfbeef0652884528,2388.199999988079,2388.199999988079,1,28,right-1,left,right-dark,dark-up,fewer-up,dual,2026-02-17 21:32:55.6070000
4837,614dd9c7fe3afb375e947a27,8460.200000000186,8460.200000000186,0,55,right-2,right,right-dark,light-up,greater-up,single,2026-02-17 21:32:54.5610000
4838,5ec17a2e02be030625eaff6e,1124.0999999996275,1124.0999999996275,1,62,right-6,right,right-dark,light-up,fewer-up,single,2026-02-17 21:32:54.0880000
4839,641370f5a8d3826956778170,1271.2000000029802,1271.2000000029802,1,47,left-3,left,left-dark,dark-up,greater-up,single,2026-02-17 21:32:55.8550000
4840,5e9e19d808b9931ef37373c6,1268.5,1268.5,1,36,right-4,right,right-dark,light-up,fewer-up,dual,2026-02-17 21:32:55.9470000
4841,694179d88301c400c4bbdb4d,1096.4000000059605,1096.4000000059605,1,24,right-3,right,right-dark,dark-up,greater-up,single,2026-02-17 21:31:52.0520000
4842,6310dbdfda69599720736665,1780.7000000476837,1780.7000000476837,1,40,left-6,left,left-dark,light-up,fewer-up,single,2026-02-17 21:32:56.5620000
4843,6706aba2e8cd3166492dd09f,2932,2932,1,53,right-7,right,right-dark,dark-up,greater-up,single,2026-02-17 21:32:48.6060000
4844,697cb8ffcfbeef0652884528,1672.2999999523163,1672.2999999523163,1,29,right-5,right,right-dark,light-up,fewer-up,dual,2026-02-17 21:32:57.7890000
4845,5ec17a2e02be030625eaff6e,1279.4000000003725,1279.4000000003725,1,63,right-3,left,right-dark,light-up,greater-up,single,2026-02-17 21:32:55.8720000
4846,614dd9c7fe3afb375e947a27,1449.5,1449.5,1,56,right-5,left,right-dark,light-up,greater-up,single,2026-02-17 21:32:57.5150000
4847,6706aba2e8cd3166492dd09f,1077,1077,1,54,right-6,right,right-dark,dark-up,greater-up,single,2026-02-17 21:32:50.1870000
4848,641370f5a8d3826956778170,1653.2000000029802,1653.2000000029802,1,48,left-9,right,left-dark,light-up,greater-up,single,2026-02-17 21:32:58.0160000
4849,6310dbdfda69599720736665,1271.0999999046326,1271.0999999046326,1,41,left-3,left,left-dark,light-up,fewer-up,single,2026-02-17 21:32:58.3440000
4850,5ec17a2e02be030625eaff6e,875.5999999996275,875.5999999996275,1,64,right-2,right,right-dark,light-up,fewer-up,single,2026-02-17 21:32:57.2510000
4851,694179d88301c400c4bbdb4d,1833,1833,1,25,left-8,right,left-dark,dark-up,fewer-up,single,2026-02-17 21:31:54.3870000
4852,5e9e19d808b9931ef37373c6,2033,2033,1,37,left-5,right,left-dark,light-up,greater-up,dual,2026-02-17 21:32:58.4820000
4853,614dd9c7fe3afb375e947a27,1225.6999999997206,1225.6999999997206,1,57,left-7,right,left-dark,light-up,greater-up,single,2026-02-17 21:32:59.2440000
4854,697cb8ffcfbeef0652884528,2282.699999988079,2282.699999988079,1,30,right-1,left,right-dark,light-up,greater-up,dual,2026-02-17 21:33:00.5750000
4855,5ec17a2e02be030625eaff6e,1278.2000000011176,1278.2000000011176,1,65,right-4,right,right-dark,dark-up,greater-up,single,2026-02-17 21:32:59.0330000
4856,641370f5a8d3826956778170,1491.2000000029802,1491.2000000029802,1,49,right-9,left,right-dark,light-up,greater-up,single,2026-02-17 21:33:00.0230000
4857,6310dbdfda69599720736665,1568.1000001430511,1568.1000001430511,1,42,right-4,left,right-dark,dark-up,fewer-up,single,2026-02-17 21:33:00.4210000
4858,6706aba2e8cd3166492dd09f,1732,1732,1,55,right-3,left,right-dark,light-up,greater-up,single,2026-02-17 21:32:52.4340000
4859,5e9e19d808b9931ef37373c6,1342.9000000022352,1342.9000000022352,1,38,right-1,right,right-dark,light-up,fewer-up,dual,2026-02-17 21:33:00.3270000
4860,614dd9c7fe3afb375e947a27,1206.3999999999069,1206.3999999999069,1,58,left-6,right,left-dark,light-up,greater-up,single,2026-02-17 21:33:00.9530000
4861,694179d88301c400c4bbdb4d,2754.2000000178814,2754.2000000178814,1,26,left-6,right,left-dark,light-up,greater-up,single,2026-02-17 21:31:57.6430000
4862,641370f5a8d3826956778170,1063.6000000089407,1063.6000000089407,1,50,left-3,right,left-dark,light-up,greater-up,single,2026-02-17 21:33:01.6030000
4863,6706aba2e8cd3166492dd09f,1308,1308,1,56,right-2,left,right-dark,dark-up,fewer-up,single,2026-02-17 21:32:54.2550000
4864,6310dbdfda69599720736665,1328.8999998569489,1328.8999998569489,1,43,right-7,right,right-dark,light-up,fewer-up,single,2026-02-17 21:33:02.2640000
4865,697cb8ffcfbeef0652884528,1881.6000000238419,1881.6000000238419,1,31,right-4,right,right-dark,light-up,fewer-up,dual,2026-02-17 21:33:02.9700000
4866,5ec17a2e02be030625eaff6e,1809.699999999255,1809.699999999255,1,66,left-7,right,left-dark,dark-up,fewer-up,single,2026-02-17 21:33:01.3460000
4867,5e9e19d808b9931ef37373c6,1494.300000000745,1494.300000000745,1,39,left-5,right,left-dark,dark-up,fewer-up,dual,2026-02-17 21:33:02.3230000
4868,614dd9c7fe3afb375e947a27,1093.7000000001863,1093.7000000001863,1,59,left-8,right,left-dark,light-up,greater-up,single,2026-02-17 21:33:02.5480000
4869,641370f5a8d3826956778170,1006.2000000029802,1006.2000000029802,1,51,left-8,left,left-dark,light-up,fewer-up,single,2026-02-17 21:33:03.1200000
4870,694179d88301c400c4bbdb4d,1092.699999988079,1092.699999988079,1,27,left-2,left,left-dark,dark-up,greater-up,single,2026-02-17 21:31:59.2390000
4871,6706aba2e8cd3166492dd09f,1165,1165,1,57,left-2,right,left-dark,dark-up,fewer-up,single,2026-02-17 21:32:55.9360000
4872,6310dbdfda69599720736665,1512.2000000476837,1512.2000000476837,1,44,left-6,right,left-dark,light-up,greater-up,single,2026-02-17 21:33:04.2850000
4873,694179d88301c400c4bbdb4d,842.4000000059605,842.4000000059605,1,28,right-9,left,right-dark,light-up,greater-up,single,2026-02-17 21:32:00.5840000
4874,641370f5a8d3826956778170,1033.7000000029802,1033.7000000029802,1,52,left-8,right,left-dark,light-up,greater-up,single,2026-02-17 21:33:04.6640000
4875,5ec17a2e02be030625eaff6e,1918,1918,1,67,right-0,right,right-dark,dark-up,greater-up,single,2026-02-17 21:33:03.7680000
4876,697cb8ffcfbeef0652884528,2234.7000000476837,2234.7000000476837,1,32,left-1,right,left-dark,dark-up,fewer-up,dual,2026-02-17 21:33:05.7180000
4877,6706aba2e8cd3166492dd09f,1113,1113,1,58,left-0,left,left-dark,light-up,fewer-up,single,2026-02-17 21:32:57.5530000
4878,6310dbdfda69599720736665,1316.8000001907349,1316.8000001907349,1,45,left-1,left,left-dark,dark-up,greater-up,single,2026-02-17 21:33:06.1090000
4879,694179d88301c400c4bbdb4d,1031.5999999940395,1031.5999999940395,1,29,left-1,right,left-dark,light-up,greater-up,single,2026-02-17 21:32:02.1180000
4880,641370f5a8d3826956778170,947.7999999970198,947.7999999970198,1,53,right-8,right,right-dark,light-up,fewer-up,single,2026-02-17 21:33:06.1190000
4881,5ec17a2e02be030625eaff6e,1114.699999999255,1114.699999999255,1,68,right-1,right,right-dark,light-up,fewer-up,single,2026-02-17 21:33:05.3870000
4882,6706aba2e8cd3166492dd09f,1153,1153,1,59,left-3,right,left-dark,dark-up,fewer-up,single,2026-02-17 21:32:59.2100000
4883,614dd9c7fe3afb375e947a27,1789.5,1789.5,1,60,left-6,right,left-dark,dark-up,fewer-up,single,2026-02-17 21:33:06.9210000
4884,697cb8ffcfbeef0652884528,1939.3999999761581,1939.3999999761581,1,33,right-9,right,right-dark,light-up,fewer-up,dual,2026-02-17 21:33:08.1710000
4885,5ec17a2e02be030625eaff6e,817.0999999996275,817.0999999996275,1,69,left-3,left,left-dark,light-up,fewer-up,single,2026-02-17 21:33:06.7080000
4886,694179d88301c400c4bbdb4d,1180.0999999940395,1180.0999999940395,1,30,left-4,right,left-dark,dark-up,fewer-up,single,2026-02-17 21:32:03.8000000
4887,641370f5a8d3826956778170,1486.9000000059605,1486.9000000059605,1,54,left-9,right,left-dark,dark-up,fewer-up,single,2026-02-17 21:33:08.1080000
4888,614dd9c7fe3afb375e947a27,825.2000000001863,825.2000000001863,0,61,right-2,left,right-dark,dark-up,greater-up,single,2026-02-17 21:33:08.2480000
4889,6310dbdfda69599720736665,1998.6999998092651,1998.6999998092651,1,46,right-9,left,right-dark,dark-up,fewer-up,single,2026-02-17 21:33:08.6230000
4890,5ec17a2e02be030625eaff6e,949.2000000011176,949.2000000011176,1,70,left-2,left,left-dark,dark-up,greater-up,single,2026-02-17 21:33:08.1610000
4891,694179d88301c400c4bbdb4d,918.0999999940395,918.0999999940395,1,31,right-4,right,right-dark,dark-up,greater-up,single,2026-02-17 21:32:05.2210000
4892,697cb8ffcfbeef0652884528,2274.100000023842,2274.100000023842,1,34,left-4,right,left-dark,light-up,greater-up,dual,2026-02-17 21:33:10.9620000
4893,641370f5a8d3826956778170,1521.2000000029802,1521.2000000029802,1,55,left-1,right,left-dark,dark-up,fewer-up,single,2026-02-17 21:33:10.1350000
4894,5ec17a2e02be030625eaff6e,719.4000000003725,719.4000000003725,1,71,left-3,left,left-dark,dark-up,greater-up,single,2026-02-17 21:33:09.3840000
4895,6706aba2e8cd3166492dd09f,1636,1636,1,60,right-2,left,right-dark,light-up,greater-up,single,2026-02-17 21:33:03.1080000
4896,694179d88301c400c4bbdb4d,1261.300000011921,1261.300000011921,1,32,left-3,right,left-dark,dark-up,fewer-up,single,2026-02-17 21:32:06.9840000
4897,5e7072e5fb136c63e94f3fa4,2420.7000000476837,2420.7000000476837,1,60,right-1,left,right-dark,dark-up,fewer-up,single,2026-02-17 21:33:11.3810000
4898,6310dbdfda69599720736665,2861.5,2861.5,1,47,left-5,right,left-dark,light-up,greater-up,single,2026-02-17 21:33:11.9890000
4899,697cb8ffcfbeef0652884528,1358.9000000357628,1358.9000000357628,1,35,right-1,right,right-dark,dark-up,greater-up,dual,2026-02-17 21:33:12.8360000
4900,5ec17a2e02be030625eaff6e,1184.300000000745,1184.300000000745,1,72,left-1,right,left-dark,dark-up,fewer-up,single,2026-02-17 21:33:11.0730000
4901,641370f5a8d3826956778170,1645.2000000029802,1645.2000000029802,1,56,right-7,left,right-dark,light-up,greater-up,single,2026-02-17 21:33:12.2870000
4902,614dd9c7fe3afb375e947a27,2620.8000000002794,2620.8000000002794,1,62,left-8,right,left-dark,dark-up,fewer-up,single,2026-02-17 21:33:12.3730000
4903,694179d88301c400c4bbdb4d,1471.800000011921,1471.800000011921,1,33,left-5,left,left-dark,light-up,fewer-up,single,2026-02-17 21:32:08.9580000
4904,6706aba2e8cd3166492dd09f,1777,1777,1,61,right-8,right,right-dark,dark-up,greater-up,single,2026-02-17 21:33:05.3860000
4905,6310dbdfda69599720736665,1251.2999999523163,1251.2999999523163,1,48,left-5,left,left-dark,dark-up,greater-up,single,2026-02-17 21:33:13.7490000
4906,5e7072e5fb136c63e94f3fa4,1773.7999999523163,1773.7999999523163,1,61,right-4,right,right-dark,dark-up,greater-up,single,2026-02-17 21:33:13.6580000
4907,614dd9c7fe3afb375e947a27,918.6999999997206,918.6999999997206,1,63,left-9,left,left-dark,light-up,fewer-up,single,2026-02-17 21:33:13.7940000
4908,5ec17a2e02be030625eaff6e,1282.300000000745,1282.300000000745,1,73,left-6,right,left-dark,dark-up,fewer-up,single,2026-02-17 21:33:12.8600000
4909,641370f5a8d3826956778170,1175.7000000029802,1175.7000000029802,1,57,left-5,right,left-dark,dark-up,fewer-up,single,2026-02-17 21:33:13.9760000
4910,694179d88301c400c4bbdb4d,885.3000000119209,885.3000000119209,1,34,right-3,left,right-dark,light-up,greater-up,single,2026-02-17 21:32:10.3460000
4911,697cb8ffcfbeef0652884528,2330.199999988079,2330.199999988079,1,36,right-8,right,right-dark,light-up,fewer-up,dual,2026-02-17 21:33:15.6710000
4912,6706aba2e8cd3166492dd09f,1357,1357,1,62,left-1,left,left-dark,dark-up,greater-up,single,2026-02-17 21:33:07.2470000
4913,6310dbdfda69599720736665,1474.7999999523163,1474.7999999523163,1,49,left-7,left,left-dark,dark-up,greater-up,single,2026-02-17 21:33:15.7400000
4914,5ec17a2e02be030625eaff6e,1159.2999999988824,1159.2999999988824,1,74,left-5,right,left-dark,light-up,greater-up,single,2026-02-17 21:33:14.5230000
4915,641370f5a8d3826956778170,1389.1000000089407,1389.1000000089407,1,58,left-0,right,left-dark,light-up,greater-up,single,2026-02-17 21:33:15.8800000
4916,694179d88301c400c4bbdb4d,1299.300000011921,1299.300000011921,1,35,right-1,left,right-dark,dark-up,fewer-up,single,2026-02-17 21:32:12.1470000
4917,5e7072e5fb136c63e94f3fa4,2223.199999809265,2223.199999809265,1,62,right-1,left,right-dark,light-up,greater-up,single,2026-02-17 21:33:16.3830000
4918,6706aba2e8cd3166492dd09f,1044,1044,1,63,left-9,right,left-dark,light-up,greater-up,single,2026-02-17 21:33:08.7990000
4919,5ec17a2e02be030625eaff6e,828.5,828.5,1,75,right-7,right,right-dark,dark-up,greater-up,single,2026-02-17 21:33:15.8550000
4920,614dd9c7fe3afb375e947a27,2916.2000000001863,2916.2000000001863,1,64,right-9,left,right-dark,dark-up,fewer-up,single,2026-02-17 21:33:17.2130000
4921,67325d10b9e0c58d803cd7ba,1720.0999999046326,1720.0999999046326,1,0,left-2,right,left-dark,dark-up,fewer-up,dual,2026-02-17 21:33:17.1310000
4922,6310dbdfda69599720736665,1605.6000001430511,1605.6000001430511,1,50,right-3,right,right-dark,dark-up,greater-up,single,2026-02-17 21:33:17.8570000
4923,694179d88301c400c4bbdb4d,1087.0999999940395,1087.0999999940395,1,36,right-9,right,right-dark,dark-up,greater-up,single,2026-02-17 21:32:13.7360000
4924,641370f5a8d3826956778170,1320,1320,1,59,right-7,left,right-dark,dark-up,fewer-up,single,2026-02-17 21:33:17.7110000
4925,697cb8ffcfbeef0652884528,2812.899999976158,2812.899999976158,1,37,right-0,left,right-dark,light-up,greater-up,dual,2026-02-17 21:33:18.9960000
4926,6706aba2e8cd3166492dd09f,1049,1049,1,64,left-4,left,left-dark,dark-up,greater-up,single,2026-02-17 21:33:10.3620000
4927,5ec17a2e02be030625eaff6e,879,879,1,76,right-2,right,right-dark,dark-up,greater-up,single,2026-02-17 21:33:17.2380000
4928,5e7072e5fb136c63e94f3fa4,1261.2999999523163,1261.2999999523163,1,63,right-4,right,right-dark,light-up,fewer-up,single,2026-02-17 21:33:18.1470000
4929,588e02b13326830001bc29cd,5456.799999952316,5456.799999952316,1,0,right-5,left,right-dark,light-up,greater-up,single,2026-02-17 21:33:18.5570000
4930,694179d88301c400c4bbdb4d,1444.800000011921,1444.800000011921,1,37,left-4,right,left-dark,light-up,greater-up,single,2026-02-17 21:32:15.6830000
4931,5ec17a2e02be030625eaff6e,1255.0999999996275,1255.0999999996275,1,77,left-8,right,left-dark,light-up,greater-up,single,2026-02-17 21:33:18.9970000
4932,5e7072e5fb136c63e94f3fa4,1485.3999998569489,1485.3999998569489,1,64,left-1,left,left-dark,dark-up,greater-up,single,2026-02-17 21:33:20.1350000
4933,6310dbdfda69599720736665,2179.5999999046326,2179.5999999046326,1,51,right-0,right,right-dark,light-up,fewer-up,single,2026-02-17 21:33:20.5510000
4934,6706aba2e8cd3166492dd09f,1669,1669,1,65,right-2,right,right-dark,light-up,fewer-up,single,2026-02-17 21:33:12.5470000
4935,67325d10b9e0c58d803cd7ba,2258.1000003814697,2258.1000003814697,1,1,left-1,right,left-dark,dark-up,fewer-up,dual,2026-02-17 21:33:19.9150000
4936,614dd9c7fe3afb375e947a27,2554.3000000002794,2554.3000000002794,1,65,left-2,right,left-dark,light-up,greater-up,single,2026-02-17 21:33:20.2700000
4937,588e02b13326830001bc29cd,1531.9000000953674,1531.9000000953674,1,1,right-7,right,right-dark,light-up,fewer-up,single,2026-02-17 21:33:20.6000000
4938,697cb8ffcfbeef0652884528,2324.300000011921,2324.300000011921,1,38,right-5,left,right-dark,dark-up,fewer-up,dual,2026-02-17 21:33:21.8230000
4939,694179d88301c400c4bbdb4d,1015.5,1015.5,1,38,left-1,left,left-dark,dark-up,greater-up,single,2026-02-17 21:32:17.2010000
4940,5ec17a2e02be030625eaff6e,712.1000000014901,712.1000000014901,1,78,left-6,left,left-dark,dark-up,greater-up,single,2026-02-17 21:33:20.2120000
4941,6310dbdfda69599720736665,1027,1027,1,52,right-6,right,right-dark,dark-up,greater-up,single,2026-02-17 21:33:22.0830000
4942,5e7072e5fb136c63e94f3fa4,1301.1000001430511,1301.1000001430511,1,65,right-2,right,right-dark,light-up,fewer-up,single,2026-02-17 21:33:21.9390000
4943,6706aba2e8cd3166492dd09f,1430,1430,1,66,right-1,right,right-dark,light-up,fewer-up,single,2026-02-17 21:33:14.4780000
4944,5ec17a2e02be030625eaff6e,784.5999999996275,784.5999999996275,1,79,left-0,left,left-dark,dark-up,greater-up,single,2026-02-17 21:33:21.5010000
4945,641370f5a8d3826956778170,1587.7000000029802,1587.7000000029802,1,60,right-4,right,right-dark,dark-up,greater-up,single,2026-02-17 21:33:22.5350000
4946,67325d10b9e0c58d803cd7ba,1878.8000001907349,1878.8000001907349,0,2,left-6,right,left-dark,light-up,fewer-up,dual,2026-02-17 21:33:22.3070000
4947,614dd9c7fe3afb375e947a27,2037.8000000002794,2037.8000000002794,1,66,right-6,right,right-dark,light-up,fewer-up,single,2026-02-17 21:33:22.8100000
4948,697cb8ffcfbeef0652884528,1849.2000000476837,1849.2000000476837,1,39,left-5,left,left-dark,light-up,fewer-up,dual,2026-02-17 21:33:24.1780000
4949,588e02b13326830001bc29cd,2103.0999999046326,2103.0999999046326,1,2,right-5,left,right-dark,dark-up,fewer-up,single,2026-02-17 21:33:23.2100000
4950,694179d88301c400c4bbdb4d,1673.5999999940395,1673.5999999940395,1,39,left-9,right,left-dark,light-up,greater-up,single,2026-02-17 21:32:19.3770000
4951,6310dbdfda69599720736665,1064.6000001430511,1064.6000001430511,1,53,right-7,right,right-dark,dark-up,greater-up,single,2026-02-17 21:33:23.6580000
4952,5e7072e5fb136c63e94f3fa4,1151.7999999523163,1151.7999999523163,1,66,left-4,left,left-dark,light-up,fewer-up,single,2026-02-17 21:33:23.5930000
4953,641370f5a8d3826956778170,1077.5,1077.5,1,61,right-5,right,right-dark,light-up,fewer-up,single,2026-02-17 21:33:24.1200000
4954,6706aba2e8cd3166492dd09f,1577,1577,1,67,right-4,left,right-dark,dark-up,fewer-up,single,2026-02-17 21:33:16.5580000
4955,614dd9c7fe3afb375e947a27,1575.2000000001863,1575.2000000001863,1,67,left-1,left,left-dark,dark-up,greater-up,single,2026-02-17 21:33:24.8880000
4956,6310dbdfda69599720736665,1323.7000000476837,1323.7000000476837,1,54,right-1,right,right-dark,light-up,fewer-up,single,2026-02-17 21:33:25.5020000
4957,588e02b13326830001bc29cd,1630.2999999523163,1630.2999999523163,1,3,left-3,right,left-dark,dark-up,fewer-up,single,2026-02-17 21:33:25.3430000
4958,641370f5a8d3826956778170,1503.8999999910593,1503.8999999910593,1,62,right-5,right,right-dark,dark-up,greater-up,single,2026-02-17 21:33:26.1350000
4959,67325d10b9e0c58d803cd7ba,2106.7000002861023,2106.7000002861023,1,3,left-4,left,left-dark,dark-up,greater-up,dual,2026-02-17 21:33:25.9270000
4960,5e7072e5fb136c63e94f3fa4,2223.899999856949,2223.899999856949,1,67,left-9,right,left-dark,dark-up,fewer-up,single,2026-02-17 21:33:26.3200000
4961,6706aba2e8cd3166492dd09f,1797,1797,1,68,left-7,right,left-dark,dark-up,fewer-up,single,2026-02-17 21:33:18.8600000
4962,6310dbdfda69599720736665,1152.6999998092651,1152.6999998092651,1,55,right-6,left,right-dark,light-up,greater-up,single,2026-02-17 21:33:27.1660000
4963,588e02b13326830001bc29cd,1633.7000000476837,1633.7000000476837,1,4,left-2,right,left-dark,dark-up,fewer-up,single,2026-02-17 21:33:27.4900000
4964,641370f5a8d3826956778170,1240.5,1240.5,1,63,left-3,right,left-dark,dark-up,fewer-up,single,2026-02-17 21:33:27.8800000
4965,5e7072e5fb136c63e94f3fa4,1242.4000000953674,1242.4000000953674,1,68,right-3,right,right-dark,light-up,fewer-up,single,2026-02-17 21:33:28.0660000
4966,6706aba2e8cd3166492dd09f,1128,1128,1,69,right-4,left,right-dark,light-up,greater-up,single,2026-02-17 21:33:20.4940000
4967,67325d10b9e0c58d803cd7ba,1712.4000000953674,1712.4000000953674,1,4,right-9,right,right-dark,light-up,fewer-up,dual,2026-02-17 21:33:28.1470000
4968,614dd9c7fe3afb375e947a27,3119.899999999907,3119.899999999907,1,68,left-1,right,left-dark,dark-up,fewer-up,single,2026-02-17 21:33:28.5100000
4969,6310dbdfda69599720736665,1418.9000000953674,1418.9000000953674,0,56,left-8,right,left-dark,dark-up,greater-up,single,2026-02-17 21:33:29.0990000
4970,694179d88301c400c4bbdb4d,1352.8999999761581,1352.8999999761581,1,40,left-7,left,left-dark,light-up,fewer-up,single,2026-02-17 21:32:25.0190000
4971,6706aba2e8cd3166492dd09f,760,760,1,70,left-0,right,left-dark,light-up,greater-up,single,2026-02-17 21:33:21.7600000
4972,5e7072e5fb136c63e94f3fa4,1094.7999999523163,1094.7999999523163,1,69,right-5,right,right-dark,light-up,fewer-up,single,2026-02-17 21:33:29.6630000
4973,641370f5a8d3826956778170,1572.9000000059605,1572.9000000059605,1,64,right-6,left,right-dark,light-up,greater-up,single,2026-02-17 21:33:29.9540000
4974,694179d88301c400c4bbdb4d,844.0999999940395,844.0999999940395,1,41,right-6,right,right-dark,dark-up,greater-up,single,2026-02-17 21:32:26.3650000
4975,67325d10b9e0c58d803cd7ba,1808.0999999046326,1808.0999999046326,1,5,left-9,right,left-dark,light-up,greater-up,dual,2026-02-17 21:33:30.4670000
4976,641370f5a8d3826956778170,1034.0999999940395,1034.0999999940395,1,65,left-3,left,left-dark,light-up,fewer-up,single,2026-02-17 21:33:31.5030000
4977,6706aba2e8cd3166492dd09f,1626,1626,1,71,right-3,right,right-dark,dark-up,greater-up,single,2026-02-17 21:33:23.8900000
4978,6310dbdfda69599720736665,1462.2999999523163,1462.2999999523163,1,57,right-8,right,right-dark,light-up,fewer-up,single,2026-02-17 21:33:32.0790000
4979,694179d88301c400c4bbdb4d,1028.800000011921,1028.800000011921,1,42,left-0,right,left-dark,light-up,greater-up,single,2026-02-17 21:32:27.8960000
4980,614dd9c7fe3afb375e947a27,2768.899999999907,2768.899999999907,1,69,right-0,right,right-dark,light-up,fewer-up,single,2026-02-17 21:33:31.7820000
4981,697cb8ffcfbeef0652884528,2383.400000035763,2383.400000035763,1,40,right-2,right,right-dark,light-up,fewer-up,dual,2026-02-17 21:33:32.9910000
4982,5e7072e5fb136c63e94f3fa4,1952.8000001907349,1952.8000001907349,0,70,left-5,left,left-dark,light-up,greater-up,single,2026-02-17 21:33:32.1190000
4983,588e02b13326830001bc29cd,4120.5,4120.5,0,5,right-9,left,right-dark,light-up,fewer-up,single,2026-02-17 21:33:32.1170000
4984,641370f5a8d3826956778170,1059.5,1059.5,1,66,right-9,right,right-dark,dark-up,greater-up,single,2026-02-17 21:33:33.0720000
4985,6706aba2e8cd3166492dd09f,1005,1005,1,72,right-0,right,right-dark,light-up,fewer-up,single,2026-02-17 21:33:25.4090000
4986,694179d88301c400c4bbdb4d,999.9000000059605,999.9000000059605,1,43,right-8,left,right-dark,light-up,greater-up,single,2026-02-17 21:32:29.3990000
4987,614dd9c7fe3afb375e947a27,1478.0999999996275,1478.0999999996275,1,70,right-3,right,right-dark,dark-up,greater-up,single,2026-02-17 21:33:33.7630000
4988,6310dbdfda69599720736665,1667.5,1667.5,1,58,right-3,left,right-dark,dark-up,fewer-up,single,2026-02-17 21:33:34.2500000
4989,6706aba2e8cd3166492dd09f,783,783,1,73,left-8,left,left-dark,dark-up,greater-up,single,2026-02-17 21:33:26.6940000
4990,641370f5a8d3826956778170,1193,1193,1,67,left-6,right,left-dark,dark-up,fewer-up,single,2026-02-17 21:33:34.7750000
4991,5e7072e5fb136c63e94f3fa4,1107.7000000476837,1107.7000000476837,1,71,left-2,left,left-dark,dark-up,greater-up,single,2026-02-17 21:33:34.7330000
4992,588e02b13326830001bc29cd,1096.2999999523163,1096.2999999523163,1,6,right-2,right,right-dark,dark-up,greater-up,single,2026-02-17 21:33:34.7280000
4993,67325d10b9e0c58d803cd7ba,3690.9000000953674,3690.9000000953674,1,6,left-5,right,left-dark,dark-up,fewer-up,dual,2026-02-17 21:33:34.6740000
4994,694179d88301c400c4bbdb4d,1335.4000000059605,1335.4000000059605,1,44,right-4,right,right-dark,light-up,fewer-up,single,2026-02-17 21:32:31.2360000
4995,6706aba2e8cd3166492dd09f,791,791,1,74,right-5,right,right-dark,dark-up,greater-up,single,2026-02-17 21:33:27.9950000
4996,614dd9c7fe3afb375e947a27,1423.4000000003725,1423.4000000003725,1,71,left-5,left,left-dark,dark-up,greater-up,single,2026-02-17 21:33:35.6890000
4997,697cb8ffcfbeef0652884528,3410.2999999523163,3410.2999999523163,1,41,right-6,right,right-dark,light-up,fewer-up,dual,2026-02-17 21:33:36.9040000
4998,6310dbdfda69599720736665,1681.2999999523163,1681.2999999523163,1,59,right-1,left,right-dark,light-up,greater-up,single,2026-02-17 21:33:36.4450000
4999,588e02b13326830001bc29cd,1098.2000000476837,1098.2000000476837,1,7,right-1,right,right-dark,dark-up,greater-up,single,2026-02-17 21:33:36.3390000
5000,641370f5a8d3826956778170,1505.9000000059605,1505.9000000059605,1,68,right-4,left,right-dark,dark-up,fewer-up,single,2026-02-17 21:33:36.7850000
5001,5e7072e5fb136c63e94f3fa4,1545.6000001430511,1545.6000001430511,1,72,right-5,left,right-dark,light-up,greater-up,single,2026-02-17 21:33:36.7810000
5002,694179d88301c400c4bbdb4d,1498.0999999940395,1498.0999999940395,1,45,right-2,left,right-dark,dark-up,fewer-up,single,2026-02-17 21:32:33.2370000
5003,67325d10b9e0c58d803cd7ba,2360.199999809265,2360.199999809265,1,7,left-1,right,left-dark,light-up,greater-up,dual,2026-02-17 21:33:37.5500000
5004,6706aba2e8cd3166492dd09f,2224,2224,1,75,left-1,right,left-dark,light-up,greater-up,single,2026-02-17 21:33:30.7250000
5005,697cb8ffcfbeef0652884528,2059.800000011921,2059.800000011921,1,42,left-9,left,left-dark,light-up,fewer-up,dual,2026-02-17 21:33:39.4670000
5006,5e7072e5fb136c63e94f3fa4,1247.7999999523163,1247.7999999523163,1,73,right-4,left,right-dark,dark-up,fewer-up,single,2026-02-17 21:33:38.5320000
5007,641370f5a8d3826956778170,1494.1000000089407,1494.1000000089407,1,69,left-8,left,left-dark,dark-up,greater-up,single,2026-02-17 21:33:38.7910000
5008,694179d88301c400c4bbdb4d,1268.1000000238419,1268.1000000238419,1,46,right-9,left,right-dark,dark-up,fewer-up,single,2026-02-17 21:32:35.0070000
5009,588e02b13326830001bc29cd,2089.0999999046326,2089.0999999046326,1,8,left-7,left,left-dark,light-up,fewer-up,single,2026-02-17 21:33:38.9300000
5010,614dd9c7fe3afb375e947a27,3370.7999999998137,3370.7999999998137,1,72,right-1,right,right-dark,light-up,fewer-up,single,2026-02-17 21:33:39.5620000
5011,6706aba2e8cd3166492dd09f,1316,1316,1,76,left-1,left,left-dark,light-up,fewer-up,single,2026-02-17 21:33:32.5570000
5012,697cb8ffcfbeef0652884528,1275.1000000238419,1275.1000000238419,1,43,left-0,left,left-dark,light-up,fewer-up,dual,2026-02-17 21:33:41.2590000
5013,5e7072e5fb136c63e94f3fa4,1404.2000000476837,1404.2000000476837,1,74,right-5,left,right-dark,dark-up,fewer-up,single,2026-02-17 21:33:40.4380000
5014,694179d88301c400c4bbdb4d,1099,1099,1,47,right-5,right,right-dark,light-up,fewer-up,single,2026-02-17 21:32:36.6090000
5015,5a4ff86beedc32000141f232,4450.299999952316,4450.299999952316,1,0,right-8,left,right-dark,light-up,greater-up,single,2026-02-17 21:33:40.5200000
5016,67325d10b9e0c58d803cd7ba,2378,2378,1,8,right-7,left,right-dark,dark-up,fewer-up,dual,2026-02-17 21:33:40.4420000
5017,641370f5a8d3826956778170,1801.7999999970198,1801.7999999970198,1,70,right-6,left,right-dark,dark-up,fewer-up,single,2026-02-17 21:33:41.0950000
5018,6706aba2e8cd3166492dd09f,1072,1072,1,77,left-9,right,left-dark,dark-up,fewer-up,single,2026-02-17 21:33:34.1400000
5019,588e02b13326830001bc29cd,2277.600000143051,2277.600000143051,1,9,right-8,left,right-dark,light-up,greater-up,single,2026-02-17 21:33:41.7100000
5020,694179d88301c400c4bbdb4d,861.4000000059605,861.4000000059605,0,48,left-3,left,left-dark,light-up,greater-up,single,2026-02-17 21:32:37.9730000
5021,6310dbdfda69599720736665,1258.9000000953674,1258.9000000953674,1,60,left-7,right,left-dark,light-up,greater-up,single,2026-02-17 21:33:42.7630000
5022,5e7072e5fb136c63e94f3fa4,1684.8999998569489,1684.8999998569489,1,75,right-8,right,right-dark,dark-up,greater-up,single,2026-02-17 21:33:42.6260000
5023,641370f5a8d3826956778170,1276.0999999940395,1276.0999999940395,1,71,right-9,left,right-dark,dark-up,fewer-up,single,2026-02-17 21:33:42.8790000
5024,614dd9c7fe3afb375e947a27,2901.7999999998137,2901.7999999998137,1,73,left-2,left,left-dark,light-up,fewer-up,single,2026-02-17 21:33:42.9670000
5025,6706aba2e8cd3166492dd09f,1023,1023,1,78,right-8,left,right-dark,dark-up,fewer-up,single,2026-02-17 21:33:35.6640000
5026,67325d10b9e0c58d803cd7ba,2253.199999809265,2253.199999809265,1,9,right-2,right,right-dark,light-up,fewer-up,dual,2026-02-17 21:33:43.2030000
5027,697cb8ffcfbeef0652884528,2963.199999988079,2963.199999988079,1,44,left-3,left,left-dark,dark-up,greater-up,dual,2026-02-17 21:33:44.7340000
5028,588e02b13326830001bc29cd,1594.5,1594.5,1,10,right-3,left,right-dark,light-up,greater-up,single,2026-02-17 21:33:43.8090000
5029,6310dbdfda69599720736665,1497.3999998569489,1497.3999998569489,1,61,left-2,left,left-dark,dark-up,greater-up,single,2026-02-17 21:33:44.7750000
5030,5a4ff86beedc32000141f232,3260.400000035763,3260.400000035763,1,1,left-3,right,left-dark,light-up,greater-up,single,2026-02-17 21:33:44.2960000
5031,641370f5a8d3826956778170,1175.2999999970198,1175.2999999970198,1,72,left-5,right,left-dark,light-up,greater-up,single,2026-02-17 21:33:44.5590000
5032,5e7072e5fb136c63e94f3fa4,1398.5,1398.5,1,76,right-0,right,right-dark,dark-up,greater-up,single,2026-02-17 21:33:44.5270000
5033,694179d88301c400c4bbdb4d,1544,1544,1,49,right-8,left,right-dark,dark-up,fewer-up,single,2026-02-17 21:32:41.0210000
5034,614dd9c7fe3afb375e947a27,1484.9000000003725,1484.9000000003725,1,74,left-2,right,left-dark,dark-up,fewer-up,single,2026-02-17 21:33:44.9550000
5035,6706aba2e8cd3166492dd09f,1498,1498,1,79,right-7,left,right-dark,light-up,greater-up,single,2026-02-17 21:33:37.6710000
5036,67325d10b9e0c58d803cd7ba,1453.2999997138977,1453.2999997138977,1,10,right-6,right,right-dark,light-up,fewer-up,dual,2026-02-17 21:33:45.1630000
5037,5e7072e5fb136c63e94f3fa4,1067.5,1067.5,0,77,left-1,left,left-dark,dark-up,fewer-up,single,2026-02-17 21:33:46.0960000
5038,641370f5a8d3826956778170,1237.0999999940395,1237.0999999940395,1,73,right-2,left,right-dark,light-up,greater-up,single,2026-02-17 21:33:46.3030000
5039,588e02b13326830001bc29cd,1941.5,1941.5,0,11,right-4,left,right-dark,light-up,fewer-up,single,2026-02-17 21:33:46.2640000
5040,6310dbdfda69599720736665,1482.0999999046326,1482.0999999046326,1,62,left-4,left,left-dark,dark-up,greater-up,single,2026-02-17 21:33:46.7630000
5041,694179d88301c400c4bbdb4d,1316.2999999821186,1316.2999999821186,1,50,right-7,right,right-dark,light-up,fewer-up,single,2026-02-17 21:32:42.8390000
5042,5a4ff86beedc32000141f232,1878.2000000476837,1878.2000000476837,1,2,left-6,left,left-dark,dark-up,greater-up,single,2026-02-17 21:33:46.6800000
5043,697cb8ffcfbeef0652884528,2660.899999976158,2660.899999976158,1,45,right-0,right,right-dark,dark-up,greater-up,dual,2026-02-17 21:33:47.8990000
5044,641370f5a8d3826956778170,1161.5,1161.5,1,74,left-5,left,left-dark,light-up,fewer-up,single,2026-02-17 21:33:47.9670000
5045,694179d88301c400c4bbdb4d,1282.3999999761581,1282.3999999761581,1,51,left-0,left,left-dark,light-up,fewer-up,single,2026-02-17 21:32:44.6240000
5046,67325d10b9e0c58d803cd7ba,2563.4000000953674,2563.4000000953674,1,11,left-9,right,left-dark,dark-up,fewer-up,dual,2026-02-17 21:33:48.2300000
5047,6310dbdfda69599720736665,1772.2000000476837,1772.2000000476837,1,63,right-3,right,right-dark,light-up,fewer-up,single,2026-02-17 21:33:49.0530000
5048,588e02b13326830001bc29cd,1301.2999999523163,1301.2999999523163,1,12,left-2,left,left-dark,dark-up,greater-up,single,2026-02-17 21:33:49.0780000
5049,641370f5a8d3826956778170,1079.7999999970198,1079.7999999970198,1,75,left-0,right,left-dark,dark-up,fewer-up,single,2026-02-17 21:33:49.5520000
5050,5e7072e5fb136c63e94f3fa4,1935.5,1935.5,1,78,right-8,right,right-dark,light-up,fewer-up,single,2026-02-17 21:33:49.5390000
5051,614dd9c7fe3afb375e947a27,4416,4416,1,75,right-3,left,right-dark,light-up,greater-up,single,2026-02-17 21:33:49.8730000
5052,694179d88301c400c4bbdb4d,1046.699999988079,1046.699999988079,1,52,right-7,right,right-dark,dark-up,greater-up,single,2026-02-17 21:32:46.1730000
5053,6310dbdfda69599720736665,1435.7999999523163,1435.7999999523163,1,64,left-9,left,left-dark,light-up,fewer-up,single,2026-02-17 21:33:51.0050000
5054,5a4ff86beedc32000141f232,3329.5,3329.5,1,3,left-9,right,left-dark,light-up,greater-up,single,2026-02-17 21:33:50.5190000
5055,588e02b13326830001bc29cd,1239.5999999046326,1239.5999999046326,1,13,left-9,left,left-dark,dark-up,greater-up,single,2026-02-17 21:33:50.8320000
5056,641370f5a8d3826956778170,1016.6999999880791,1016.6999999880791,1,76,right-1,left,right-dark,dark-up,fewer-up,single,2026-02-17 21:33:51.0710000
5057,67325d10b9e0c58d803cd7ba,2045.3000001907349,2045.3000001907349,1,12,left-0,right,left-dark,dark-up,fewer-up,dual,2026-02-17 21:33:50.7790000
5058,697cb8ffcfbeef0652884528,4033.5,4033.5,1,46,right-3,right,right-dark,dark-up,greater-up,dual,2026-02-17 21:33:52.4370000
5059,5e7072e5fb136c63e94f3fa4,1542.2999999523163,1542.2999999523163,0,79,right-8,right,right-dark,dark-up,fewer-up,single,2026-02-17 21:33:51.5840000
5060,694179d88301c400c4bbdb4d,1447.9000000059605,1447.9000000059605,1,53,left-6,left,left-dark,light-up,fewer-up,single,2026-02-17 21:32:48.1240000
5061,6310dbdfda69599720736665,1039,1039,1,65,left-8,left,left-dark,light-up,fewer-up,single,2026-02-17 21:33:52.5580000
5062,641370f5a8d3826956778170,1101.2999999970198,1101.2999999970198,1,77,right-5,left,right-dark,dark-up,fewer-up,single,2026-02-17 21:33:52.6790000
5063,588e02b13326830001bc29cd,2093,2093,1,14,left-4,right,left-dark,dark-up,fewer-up,single,2026-02-17 21:33:53.4370000
5064,694179d88301c400c4bbdb4d,1032.5,1032.5,1,54,left-8,left,left-dark,dark-up,greater-up,single,2026-02-17 21:32:49.6590000
5065,67325d10b9e0c58d803cd7ba,2230.4000000953674,2230.4000000953674,1,13,left-2,left,left-dark,dark-up,greater-up,dual,2026-02-17 21:33:53.5150000
5066,6310dbdfda69599720736665,1382.7999999523163,1382.7999999523163,1,66,right-7,left,right-dark,light-up,greater-up,single,2026-02-17 21:33:54.4530000
5067,641370f5a8d3826956778170,960.7999999970198,960.7999999970198,1,78,right-2,left,right-dark,dark-up,fewer-up,single,2026-02-17 21:33:54.1430000
5068,5a4ff86beedc32000141f232,3165.600000023842,3165.600000023842,1,4,right-3,left,right-dark,dark-up,fewer-up,single,2026-02-17 21:33:54.1910000
5069,697cb8ffcfbeef0652884528,2496.699999988079,2496.699999988079,1,47,right-6,left,right-dark,dark-up,fewer-up,dual,2026-02-17 21:33:55.4400000
5070,614dd9c7fe3afb375e947a27,4198.899999999907,4198.899999999907,1,76,right-9,left,right-dark,light-up,greater-up,single,2026-02-17 21:33:54.5750000
5071,694179d88301c400c4bbdb4d,1129,1129,1,55,right-8,right,right-dark,light-up,fewer-up,single,2026-02-17 21:32:51.2890000
5072,6310dbdfda69599720736665,1454.5,1454.5,1,67,right-0,right,right-dark,dark-up,greater-up,single,2026-02-17 21:33:56.4140000
5073,588e02b13326830001bc29cd,2141.100000143051,2141.100000143051,1,15,left-4,left,left-dark,dark-up,greater-up,single,2026-02-17 21:33:56.0800000
5074,67325d10b9e0c58d803cd7ba,1863.8999996185303,1863.8999996185303,1,14,right-0,left,right-dark,light-up,greater-up,dual,2026-02-17 21:33:55.8820000
5075,641370f5a8d3826956778170,1687.699999988079,1687.699999988079,1,79,right-4,left,right-dark,light-up,greater-up,single,2026-02-17 21:33:56.3430000
5076,697cb8ffcfbeef0652884528,1567.3999999761581,1567.3999999761581,1,48,left-7,right,left-dark,dark-up,fewer-up,dual,2026-02-17 21:33:57.5120000
5077,614dd9c7fe3afb375e947a27,1759,1759,1,77,left-0,right,left-dark,dark-up,fewer-up,single,2026-02-17 21:33:56.8370000
5078,694179d88301c400c4bbdb4d,1514.9000000059605,1514.9000000059605,1,56,right-5,left,right-dark,light-up,greater-up,single,2026-02-17 21:32:53.3070000
5079,5e9e19d808b9931ef37373c6,3335.699999999255,3335.699999999255,1,40,right-5,left,right-dark,dark-up,fewer-up,dual,2026-02-17 21:33:57.7610000
5080,588e02b13326830001bc29cd,1135.1000001430511,1135.1000001430511,0,16,right-6,right,right-dark,light-up,greater-up,single,2026-02-17 21:33:57.7160000
5081,5a4ff86beedc32000141f232,2958.800000011921,2958.800000011921,1,5,left-1,left,left-dark,dark-up,greater-up,single,2026-02-17 21:33:57.6560000
5082,6310dbdfda69599720736665,1656.8999998569489,1656.8999998569489,1,68,right-5,right,right-dark,light-up,fewer-up,single,2026-02-17 21:33:58.5850000
5083,694179d88301c400c4bbdb4d,1017.6999999880791,1017.6999999880791,1,57,left-7,left,left-dark,dark-up,greater-up,single,2026-02-17 21:32:54.8260000
5084,67325d10b9e0c58d803cd7ba,2701.7000002861023,2701.7000002861023,1,15,right-4,left,right-dark,light-up,greater-up,dual,2026-02-17 21:33:59.0960000
5085,697cb8ffcfbeef0652884528,2951.300000011921,2951.300000011921,1,49,left-0,left,left-dark,dark-up,greater-up,dual,2026-02-17 21:34:00.9780000
5086,5e9e19d808b9931ef37373c6,1748,1748,1,41,left-4,right,left-dark,dark-up,fewer-up,dual,2026-02-17 21:34:00.0110000
5087,6310dbdfda69599720736665,1486.5,1486.5,1,69,right-9,left,right-dark,light-up,greater-up,single,2026-02-17 21:34:00.5820000
5088,694179d88301c400c4bbdb4d,1118.699999988079,1118.699999988079,1,58,right-0,right,right-dark,light-up,fewer-up,single,2026-02-17 21:32:56.4470000
5089,614dd9c7fe3afb375e947a27,2982,2982,1,78,right-0,left,right-dark,dark-up,fewer-up,single,2026-02-17 21:34:00.3210000
5090,5e9e19d808b9931ef37373c6,1178.8999999985099,1178.8999999985099,1,42,left-0,left,left-dark,dark-up,greater-up,dual,2026-02-17 21:34:01.6920000
5091,588e02b13326830001bc29cd,2470.0999999046326,2470.0999999046326,1,17,right-0,right,right-dark,light-up,fewer-up,single,2026-02-17 21:34:01.6950000
5092,67325d10b9e0c58d803cd7ba,1854.6999998092651,1854.6999998092651,1,16,left-9,left,left-dark,light-up,fewer-up,dual,2026-02-17 21:34:01.4660000
5093,6310dbdfda69599720736665,1547.7000000476837,1547.7000000476837,1,70,right-4,right,right-dark,dark-up,greater-up,single,2026-02-17 21:34:02.6470000
5094,694179d88301c400c4bbdb4d,1439.699999988079,1439.699999988079,1,59,left-2,right,left-dark,light-up,greater-up,single,2026-02-17 21:32:58.3900000
5095,697cb8ffcfbeef0652884528,1987,1987,1,50,left-7,left,left-dark,light-up,fewer-up,dual,2026-02-17 21:34:03.4790000
5096,614dd9c7fe3afb375e947a27,1616.2999999998137,1616.2999999998137,1,79,right-9,right,right-dark,light-up,fewer-up,single,2026-02-17 21:34:02.4410000
5097,5a4ff86beedc32000141f232,4524.199999988079,4524.199999988079,1,6,left-9,right,left-dark,dark-up,fewer-up,single,2026-02-17 21:34:02.6870000
5098,67325d10b9e0c58d803cd7ba,1220.8000001907349,1220.8000001907349,1,17,left-8,left,left-dark,light-up,fewer-up,dual,2026-02-17 21:34:03.1940000
5099,6310dbdfda69599720736665,1283.2999999523163,1283.2999999523163,1,71,right-2,left,right-dark,dark-up,fewer-up,single,2026-02-17 21:34:04.4470000
5100,5e9e19d808b9931ef37373c6,2048,2048,1,43,right-7,left,right-dark,dark-up,fewer-up,dual,2026-02-17 21:34:04.2420000
5101,697cb8ffcfbeef0652884528,1594.1000000238419,1594.1000000238419,1,51,right-1,right,right-dark,light-up,fewer-up,dual,2026-02-17 21:34:05.5820000
5102,67325d10b9e0c58d803cd7ba,1247.5,1247.5,0,18,left-8,left,left-dark,dark-up,fewer-up,dual,2026-02-17 21:34:04.9460000
5103,588e02b13326830001bc29cd,3489.100000143051,3489.100000143051,1,18,left-5,left,left-dark,dark-up,greater-up,single,2026-02-17 21:34:05.7000000
5104,5e9e19d808b9931ef37373c6,1149.8999999985099,1149.8999999985099,1,44,right-4,left,right-dark,dark-up,fewer-up,dual,2026-02-17 21:34:05.8940000
5105,6310dbdfda69599720736665,1327.9000000953674,1327.9000000953674,1,72,left-8,right,left-dark,light-up,greater-up,single,2026-02-17 21:34:06.2930000
5106,694179d88301c400c4bbdb4d,1304.300000011921,1304.300000011921,1,60,right-3,left,right-dark,dark-up,fewer-up,single,2026-02-17 21:33:02.5110000
5107,697cb8ffcfbeef0652884528,1891.699999988079,1891.699999988079,1,52,right-6,left,right-dark,light-up,greater-up,dual,2026-02-17 21:34:07.9800000
5108,5a4ff86beedc32000141f232,3895.199999988079,3895.199999988079,1,7,left-4,right,left-dark,dark-up,fewer-up,single,2026-02-17 21:34:07.0950000
5109,6310dbdfda69599720736665,1545.5,1545.5,1,73,right-1,left,right-dark,dark-up,fewer-up,single,2026-02-17 21:34:08.3490000
5110,694179d88301c400c4bbdb4d,1435.6000000238419,1435.6000000238419,1,61,right-6,left,right-dark,dark-up,fewer-up,single,2026-02-17 21:33:04.4480000
5111,5e9e19d808b9931ef37373c6,2031.7000000029802,2031.7000000029802,1,45,left-2,right,left-dark,light-up,greater-up,dual,2026-02-17 21:34:08.4280000
5112,588e02b13326830001bc29cd,2629.5,2629.5,1,19,left-5,right,left-dark,light-up,greater-up,single,2026-02-17 21:34:08.8430000
5113,697cb8ffcfbeef0652884528,1860.1000000238419,1860.1000000238419,0,53,left-2,left,left-dark,light-up,greater-up,dual,2026-02-17 21:34:10.3510000
5114,67325d10b9e0c58d803cd7ba,2797.5999999046326,2797.5999999046326,1,19,left-6,right,left-dark,dark-up,fewer-up,dual,2026-02-17 21:34:09.2650000
5115,6310dbdfda69599720736665,1272.7000000476837,1272.7000000476837,1,74,right-4,left,right-dark,light-up,greater-up,single,2026-02-17 21:34:10.1270000
5116,694179d88301c400c4bbdb4d,1071.2999999821186,1071.2999999821186,1,62,right-1,left,right-dark,light-up,greater-up,single,2026-02-17 21:33:06.0220000
5117,5a4ff86beedc32000141f232,2774.099999964237,2774.099999964237,1,8,right-7,left,right-dark,dark-up,fewer-up,single,2026-02-17 21:34:10.3760000
5118,5e9e19d808b9931ef37373c6,2498.89999999851,2498.89999999851,1,46,right-8,left,right-dark,dark-up,fewer-up,dual,2026-02-17 21:34:11.4290000
5119,694179d88301c400c4bbdb4d,1216.300000011921,1216.300000011921,1,63,left-8,left,left-dark,light-up,fewer-up,single,2026-02-17 21:33:07.7400000
5120,6310dbdfda69599720736665,1458.7000000476837,1458.7000000476837,1,75,right-5,left,right-dark,light-up,greater-up,single,2026-02-17 21:34:12.0970000
5121,5e9e19d808b9931ef37373c6,1341.1000000014901,1341.1000000014901,1,47,left-7,right,left-dark,dark-up,fewer-up,dual,2026-02-17 21:34:13.2720000
5122,697cb8ffcfbeef0652884528,2423.599999964237,2423.599999964237,1,54,left-7,right,left-dark,light-up,greater-up,dual,2026-02-17 21:34:14.2900000
5123,694179d88301c400c4bbdb4d,1273.699999988079,1273.699999988079,1,64,right-1,right,right-dark,dark-up,greater-up,single,2026-02-17 21:33:09.5150000
5124,6310dbdfda69599720736665,1505.2000000476837,1505.2000000476837,1,76,left-9,left,left-dark,dark-up,greater-up,single,2026-02-17 21:34:14.1130000
5125,697cb8ffcfbeef0652884528,1779.6000000238419,1779.6000000238419,1,55,left-8,left,left-dark,light-up,fewer-up,dual,2026-02-17 21:34:16.5720000
5126,5e9e19d808b9931ef37373c6,1839.5,1839.5,1,48,left-6,right,left-dark,light-up,greater-up,dual,2026-02-17 21:34:15.6130000
5127,6310dbdfda69599720736665,1566.2000000476837,1566.2000000476837,1,77,right-6,right,right-dark,light-up,fewer-up,single,2026-02-17 21:34:16.1950000
5128,694179d88301c400c4bbdb4d,2072.800000011921,2072.800000011921,1,65,left-9,right,left-dark,dark-up,fewer-up,single,2026-02-17 21:33:12.0900000
5129,588e02b13326830001bc29cd,1790.2999999523163,1790.2999999523163,1,20,left-9,right,left-dark,light-up,greater-up,single,2026-02-17 21:34:16.0480000
5130,5a4ff86beedc32000141f232,5422.199999988079,5422.199999988079,1,9,left-8,left,left-dark,light-up,fewer-up,single,2026-02-17 21:34:16.3110000
5131,5e9e19d808b9931ef37373c6,1010.5999999977648,1010.5999999977648,1,49,left-4,left,left-dark,light-up,fewer-up,dual,2026-02-17 21:34:17.1270000
5132,694179d88301c400c4bbdb4d,1203,1203,1,66,left-5,left,left-dark,dark-up,greater-up,single,2026-02-17 21:33:13.7960000
5133,6310dbdfda69599720736665,1755.5999999046326,1755.5999999046326,1,78,left-9,right,left-dark,dark-up,fewer-up,single,2026-02-17 21:34:18.4650000
5134,697cb8ffcfbeef0652884528,2256.899999976158,2256.899999976158,1,56,left-0,right,left-dark,dark-up,fewer-up,dual,2026-02-17 21:34:19.3340000
5135,588e02b13326830001bc29cd,2093.2999999523163,2093.2999999523163,1,21,left-9,right,left-dark,dark-up,fewer-up,single,2026-02-17 21:34:18.6550000
5136,5e9e19d808b9931ef37373c6,1781,1781,1,50,left-3,left,left-dark,dark-up,greater-up,dual,2026-02-17 21:34:19.4100000
5137,694179d88301c400c4bbdb4d,1265.6000000238419,1265.6000000238419,1,67,right-2,left,right-dark,light-up,greater-up,single,2026-02-17 21:33:15.5640000
5138,67325d10b9e0c58d803cd7ba,3417,3417,1,20,right-8,left,right-dark,light-up,greater-up,dual,2026-02-17 21:34:19.3720000
5139,6310dbdfda69599720736665,1588,1588,1,79,left-3,right,left-dark,dark-up,fewer-up,single,2026-02-17 21:34:20.5680000
5140,588e02b13326830001bc29cd,1556,1556,1,22,left-4,right,left-dark,light-up,greater-up,single,2026-02-17 21:34:20.7140000
5141,697cb8ffcfbeef0652884528,2151.699999988079,2151.699999988079,1,57,left-2,left,left-dark,dark-up,greater-up,dual,2026-02-17 21:34:21.9920000
5142,5e9e19d808b9931ef37373c6,1188.7999999970198,1188.7999999970198,1,51,right-8,right,right-dark,light-up,fewer-up,dual,2026-02-17 21:34:21.1010000
5143,5a4ff86beedc32000141f232,4598.699999988079,4598.699999988079,1,10,right-8,right,right-dark,light-up,fewer-up,single,2026-02-17 21:34:21.4150000
5144,694179d88301c400c4bbdb4d,1623.199999988079,1623.199999988079,1,68,left-7,right,left-dark,dark-up,fewer-up,single,2026-02-17 21:33:17.6890000
5145,67325d10b9e0c58d803cd7ba,1978.0999999046326,1978.0999999046326,1,21,left-6,left,left-dark,dark-up,greater-up,dual,2026-02-17 21:34:21.8580000
5146,588e02b13326830001bc29cd,1799.5999999046326,1799.5999999046326,1,23,left-0,left,left-dark,light-up,fewer-up,single,2026-02-17 21:34:23.0280000
5147,694179d88301c400c4bbdb4d,1146.699999988079,1146.699999988079,1,69,left-1,left,left-dark,light-up,fewer-up,single,2026-02-17 21:33:19.3390000
5148,5e9e19d808b9931ef37373c6,2184.199999999255,2184.199999999255,1,52,right-3,left,right-dark,light-up,greater-up,dual,2026-02-17 21:34:23.7870000
5149,697cb8ffcfbeef0652884528,2702.300000011921,2702.300000011921,1,58,left-3,left,left-dark,light-up,fewer-up,dual,2026-02-17 21:34:25.1960000
5150,66dcb77e1afbc2e7fa393b87,3194.5999999046326,3194.5999999046326,1,0,left-0,left,left-dark,light-up,fewer-up,dual,2026-02-17 21:34:24.4040000
5151,67325d10b9e0c58d803cd7ba,1802.4000000953674,1802.4000000953674,1,22,right-5,right,right-dark,dark-up,greater-up,dual,2026-02-17 21:34:24.1620000
5152,694179d88301c400c4bbdb4d,1432.4000000059605,1432.4000000059605,1,70,right-0,left,right-dark,light-up,greater-up,single,2026-02-17 21:33:21.2730000
5153,588e02b13326830001bc29cd,1796.3999998569489,1796.3999998569489,1,24,right-2,left,right-dark,light-up,greater-up,single,2026-02-17 21:34:25.3410000
5154,5a4ff86beedc32000141f232,3439.100000023842,3439.100000023842,1,11,right-3,left,right-dark,light-up,greater-up,single,2026-02-17 21:34:25.3670000
5155,66dcb77e1afbc2e7fa393b87,1556.9000000953674,1556.9000000953674,1,1,right-2,left,right-dark,dark-up,fewer-up,dual,2026-02-17 21:34:26.4690000
5156,67325d10b9e0c58d803cd7ba,1601.5999999046326,1601.5999999046326,1,23,left-5,left,left-dark,dark-up,greater-up,dual,2026-02-17 21:34:26.2660000
5157,694179d88301c400c4bbdb4d,1096.5,1096.5,1,71,left-1,right,left-dark,dark-up,fewer-up,single,2026-02-17 21:33:22.8720000
5158,5e9e19d808b9931ef37373c6,2532.199999999255,2532.199999999255,1,53,left-2,right,left-dark,dark-up,fewer-up,dual,2026-02-17 21:34:26.8220000
5159,697cb8ffcfbeef0652884528,2293.5,2293.5,1,59,right-0,left,right-dark,dark-up,fewer-up,dual,2026-02-17 21:34:27.9930000
5160,588e02b13326830001bc29cd,1568,1568,1,25,right-1,left,right-dark,light-up,greater-up,single,2026-02-17 21:34:27.4140000
5161,66dcb77e1afbc2e7fa393b87,1435.7000000476837,1435.7000000476837,1,2,right-3,left,right-dark,dark-up,fewer-up,dual,2026-02-17 21:34:28.4100000
5162,694179d88301c400c4bbdb4d,1165,1165,1,72,left-2,left,left-dark,light-up,fewer-up,single,2026-02-17 21:33:24.5390000
5163,5e9e19d808b9931ef37373c6,1382.7999999970198,1382.7999999970198,1,54,right-4,left,right-dark,light-up,greater-up,dual,2026-02-17 21:34:28.7060000
5164,67325d10b9e0c58d803cd7ba,1607.5999999046326,1607.5999999046326,1,24,left-7,left,left-dark,light-up,fewer-up,dual,2026-02-17 21:34:28.3790000
5165,5a4ff86beedc32000141f232,3561,3561,1,12,right-3,right,right-dark,light-up,fewer-up,single,2026-02-17 21:34:29.4310000
5166,588e02b13326830001bc29cd,1702.9000000953674,1702.9000000953674,1,26,left-5,right,left-dark,dark-up,fewer-up,single,2026-02-17 21:34:29.6310000
5167,694179d88301c400c4bbdb4d,1116.4000000059605,1116.4000000059605,1,73,left-4,left,left-dark,light-up,fewer-up,single,2026-02-17 21:33:26.1580000
5168,66dcb77e1afbc2e7fa393b87,1389.1000001430511,1389.1000001430511,1,3,left-4,right,left-dark,light-up,greater-up,dual,2026-02-17 21:34:30.3160000
5169,67325d10b9e0c58d803cd7ba,1747.0999999046326,1747.0999999046326,1,25,right-7,right,right-dark,light-up,fewer-up,dual,2026-02-17 21:34:30.6420000
5170,5e9e19d808b9931ef37373c6,2228.39999999851,2228.39999999851,1,55,right-0,right,right-dark,dark-up,greater-up,dual,2026-02-17 21:34:31.4370000
5171,588e02b13326830001bc29cd,1600.5,1600.5,1,27,right-0,left,right-dark,light-up,greater-up,single,2026-02-17 21:34:31.7410000
5172,694179d88301c400c4bbdb4d,1398.199999988079,1398.199999988079,1,74,right-0,left,right-dark,dark-up,fewer-up,single,2026-02-17 21:33:28.0590000
5173,66dcb77e1afbc2e7fa393b87,1736.8999998569489,1736.8999998569489,1,4,left-9,left,left-dark,dark-up,greater-up,dual,2026-02-17 21:34:32.5690000
5174,67325d10b9e0c58d803cd7ba,1811.7000002861023,1811.7000002861023,1,26,left-1,left,left-dark,dark-up,greater-up,dual,2026-02-17 21:34:32.9630000
5175,5a4ff86beedc32000141f232,3717.599999964237,3717.599999964237,1,13,left-1,right,left-dark,dark-up,fewer-up,single,2026-02-17 21:34:33.6630000
5176,694179d88301c400c4bbdb4d,1346.0999999940395,1346.0999999940395,1,75,left-7,right,left-dark,light-up,greater-up,single,2026-02-17 21:33:29.9070000
5177,588e02b13326830001bc29cd,1907.5,1907.5,0,28,left-8,right,left-dark,light-up,fewer-up,single,2026-02-17 21:34:34.1520000
5178,5e9e19d808b9931ef37373c6,2467.699999999255,2467.699999999255,1,56,right-6,right,right-dark,dark-up,greater-up,dual,2026-02-17 21:34:34.4070000
5179,66dcb77e1afbc2e7fa393b87,2281.899999856949,2281.899999856949,1,5,left-4,right,left-dark,dark-up,fewer-up,dual,2026-02-17 21:34:35.3660000
5180,694179d88301c400c4bbdb4d,1299.3999999761581,1299.3999999761581,1,76,left-0,right,left-dark,dark-up,fewer-up,single,2026-02-17 21:33:31.7080000
5181,67325d10b9e0c58d803cd7ba,1988.0999999046326,1988.0999999046326,1,27,left-3,left,left-dark,light-up,fewer-up,dual,2026-02-17 21:34:35.4580000
5182,5e9e19d808b9931ef37373c6,1267,1267,1,57,left-6,right,left-dark,dark-up,fewer-up,dual,2026-02-17 21:34:36.1760000
5183,697cb8ffcfbeef0652884528,1870.3999999761581,1870.3999999761581,1,60,right-3,left,right-dark,dark-up,fewer-up,dual,2026-02-17 21:34:38.2080000
5184,694179d88301c400c4bbdb4d,1263.4000000059605,1263.4000000059605,1,77,left-0,left,left-dark,dark-up,greater-up,single,2026-02-17 21:33:33.4730000
5185,588e02b13326830001bc29cd,1734.8999998569489,1734.8999998569489,1,29,right-9,left,right-dark,light-up,greater-up,single,2026-02-17 21:34:37.4100000
5186,67325d10b9e0c58d803cd7ba,1336,1336,1,28,left-2,right,left-dark,light-up,greater-up,dual,2026-02-17 21:34:37.3070000
5187,5a4ff86beedc32000141f232,3451.399999976158,3451.399999976158,1,14,right-5,left,right-dark,light-up,greater-up,single,2026-02-17 21:34:37.6240000
5188,5e9e19d808b9931ef37373c6,1136.7000000029802,1136.7000000029802,1,58,left-1,left,left-dark,light-up,fewer-up,dual,2026-02-17 21:34:37.8140000
5189,66dcb77e1afbc2e7fa393b87,2057.7999999523163,2057.7999999523163,1,6,right-2,right,right-dark,light-up,fewer-up,dual,2026-02-17 21:34:37.9380000
5190,697cb8ffcfbeef0652884528,1124.199999988079,1124.199999988079,1,61,right-7,right,right-dark,dark-up,greater-up,dual,2026-02-17 21:34:39.8430000
5191,694179d88301c400c4bbdb4d,1357.699999988079,1357.699999988079,1,78,right-7,left,right-dark,dark-up,fewer-up,single,2026-02-17 21:33:35.3320000
5192,5e9e19d808b9931ef37373c6,1040.7000000029802,1040.7000000029802,1,59,right-2,right,right-dark,dark-up,greater-up,dual,2026-02-17 21:34:39.3570000
5193,588e02b13326830001bc29cd,1777.0999999046326,1777.0999999046326,1,30,left-6,right,left-dark,dark-up,fewer-up,single,2026-02-17 21:34:39.6910000
5194,66dcb77e1afbc2e7fa393b87,1421.8999998569489,1421.8999998569489,1,7,left-3,left,left-dark,light-up,fewer-up,dual,2026-02-17 21:34:39.8800000
5195,67325d10b9e0c58d803cd7ba,1687.6000003814697,1687.6000003814697,1,29,left-4,right,left-dark,dark-up,fewer-up,dual,2026-02-17 21:34:39.4990000
5196,697cb8ffcfbeef0652884528,1975.5,1975.5,1,62,right-0,right,right-dark,light-up,fewer-up,dual,2026-02-17 21:34:42.3330000
5197,66dcb77e1afbc2e7fa393b87,1310.7000000476837,1310.7000000476837,0,8,right-8,right,right-dark,light-up,greater-up,dual,2026-02-17 21:34:41.7060000
5198,67325d10b9e0c58d803cd7ba,1310.2000002861023,1310.2000002861023,1,30,left-0,right,left-dark,light-up,greater-up,dual,2026-02-17 21:34:41.3230000
5199,588e02b13326830001bc29cd,1573,1573,1,31,left-7,right,left-dark,light-up,greater-up,single,2026-02-17 21:34:41.7710000
5200,694179d88301c400c4bbdb4d,2032.2999999821186,2032.2999999821186,0,79,left-6,right,left-dark,dark-up,greater-up,single,2026-02-17 21:33:37.8670000
5201,5a4ff86beedc32000141f232,3630,3630,1,15,right-2,right,right-dark,dark-up,greater-up,single,2026-02-17 21:34:41.7600000
5202,697cb8ffcfbeef0652884528,1722.5,1722.5,1,63,left-6,right,left-dark,dark-up,fewer-up,dual,2026-02-17 21:34:44.5670000
5203,588e02b13326830001bc29cd,1304.1000001430511,1304.1000001430511,1,32,right-0,right,right-dark,dark-up,greater-up,single,2026-02-17 21:34:43.5790000
5204,67325d10b9e0c58d803cd7ba,2351.300000190735,2351.300000190735,1,31,right-9,right,right-dark,dark-up,greater-up,dual,2026-02-17 21:34:44.1790000
5205,5a4ff86beedc32000141f232,2794,2794,1,16,left-7,left,left-dark,dark-up,greater-up,single,2026-02-17 21:34:45.0650000
5206,66dcb77e1afbc2e7fa393b87,2096.4000000953674,2096.4000000953674,1,9,right-9,right,right-dark,dark-up,greater-up,dual,2026-02-17 21:34:45.3350000
5207,588e02b13326830001bc29cd,2269.7000000476837,2269.7000000476837,1,33,right-2,left,right-dark,dark-up,fewer-up,single,2026-02-17 21:34:46.3600000
5208,697cb8ffcfbeef0652884528,2562.100000023842,2562.100000023842,1,64,right-8,left,right-dark,dark-up,fewer-up,dual,2026-02-17 21:34:47.6310000
5209,67325d10b9e0c58d803cd7ba,1585.1999998092651,1585.1999998092651,1,32,right-2,right,right-dark,dark-up,greater-up,dual,2026-02-17 21:34:46.2750000
5210,588e02b13326830001bc29cd,1038.2999999523163,1038.2999999523163,1,34,right-3,right,right-dark,dark-up,greater-up,single,2026-02-17 21:34:47.9020000
5211,5a4ff86beedc32000141f232,2565.900000035763,2565.900000035763,1,17,left-1,left,left-dark,light-up,fewer-up,single,2026-02-17 21:34:48.1360000
5212,67325d10b9e0c58d803cd7ba,1662.5999999046326,1662.5999999046326,1,33,right-3,right,right-dark,dark-up,greater-up,dual,2026-02-17 21:34:48.4510000
5213,66dcb77e1afbc2e7fa393b87,3278.2000000476837,3278.2000000476837,1,10,right-3,right,right-dark,dark-up,greater-up,dual,2026-02-17 21:34:49.1270000
5214,588e02b13326830001bc29cd,1316.8999998569489,1316.8999998569489,1,35,right-7,right,right-dark,dark-up,greater-up,single,2026-02-17 21:34:49.7290000
5215,697cb8ffcfbeef0652884528,3029.600000023842,3029.600000023842,1,65,left-5,right,left-dark,light-up,greater-up,dual,2026-02-17 21:34:51.1740000
5216,67325d10b9e0c58d803cd7ba,1344.1999998092651,1344.1999998092651,1,34,left-5,right,left-dark,light-up,greater-up,dual,2026-02-17 21:34:50.3070000
5217,588e02b13326830001bc29cd,896.9000000953674,896.9000000953674,1,36,left-3,left,left-dark,dark-up,greater-up,single,2026-02-17 21:34:51.1420000
5218,66dcb77e1afbc2e7fa393b87,2175.600000143051,2175.600000143051,1,11,left-2,left,left-dark,dark-up,greater-up,dual,2026-02-17 21:34:51.8200000
5219,5a4ff86beedc32000141f232,3804.199999988079,3804.199999988079,1,18,left-7,right,left-dark,light-up,greater-up,single,2026-02-17 21:34:52.4480000
5220,67325d10b9e0c58d803cd7ba,1764.4000000953674,1764.4000000953674,1,35,right-0,left,right-dark,dark-up,fewer-up,dual,2026-02-17 21:34:52.5750000
5221,697cb8ffcfbeef0652884528,2372.399999976158,2372.399999976158,1,66,right-9,right,right-dark,dark-up,greater-up,dual,2026-02-17 21:34:54.0600000
5222,588e02b13326830001bc29cd,1583.5,1583.5,1,37,left-0,right,left-dark,dark-up,fewer-up,single,2026-02-17 21:34:53.2360000
5223,588e02b13326830001bc29cd,1257.2999999523163,1257.2999999523163,1,38,right-7,left,right-dark,light-up,greater-up,single,2026-02-17 21:34:54.9990000
5224,67325d10b9e0c58d803cd7ba,1793.6999998092651,1793.6999998092651,1,36,right-0,right,right-dark,dark-up,greater-up,dual,2026-02-17 21:34:54.8830000
5225,5a4ff86beedc32000141f232,2471,2471,1,19,right-0,left,right-dark,light-up,greater-up,single,2026-02-17 21:34:55.4240000
5226,588e02b13326830001bc29cd,1144.5,1144.5,1,39,left-7,left,left-dark,dark-up,greater-up,single,2026-02-17 21:34:56.6530000
5227,697cb8ffcfbeef0652884528,3369.800000011921,3369.800000011921,1,67,left-7,left,left-dark,dark-up,greater-up,dual,2026-02-17 21:34:57.9340000
5228,67325d10b9e0c58d803cd7ba,1364.2000002861023,1364.2000002861023,1,37,right-6,left,right-dark,dark-up,fewer-up,dual,2026-02-17 21:34:56.7550000
5229,66dcb77e1afbc2e7fa393b87,1890.2999999523163,1890.2999999523163,1,12,right-4,right,right-dark,light-up,fewer-up,dual,2026-02-17 21:34:54.2220000
5230,66dcb77e1afbc2e7fa393b87,1760.7999999523163,1760.7999999523163,1,13,left-9,left,left-dark,light-up,fewer-up,dual,2026-02-17 21:34:56.5000000
5231,66dcb77e1afbc2e7fa393b87,1211.7999999523163,1211.7999999523163,1,14,right-3,right,right-dark,light-up,fewer-up,dual,2026-02-17 21:34:58.2170000
5232,697cb8ffcfbeef0652884528,1392,1392,1,68,right-5,right,right-dark,dark-up,greater-up,dual,2026-02-17 21:34:59.8400000
5233,67325d10b9e0c58d803cd7ba,3133.5999999046326,3133.5999999046326,1,38,left-8,left,left-dark,dark-up,greater-up,dual,2026-02-17 21:35:00.4100000
5234,66dcb77e1afbc2e7fa393b87,2379,2379,1,15,right-4,left,right-dark,light-up,greater-up,dual,2026-02-17 21:35:01.1180000
5235,697cb8ffcfbeef0652884528,1900.300000011921,1900.300000011921,1,69,left-1,left,left-dark,light-up,fewer-up,dual,2026-02-17 21:35:02.2480000
5236,698e1bdaffae8699322bb097,3911.699999999255,3911.699999999255,1,0,right-5,right,right-dark,dark-up,greater-up,dual,2026-02-17 21:35:01.8600000
5237,588e02b13326830001bc29cd,1968.0999999046326,1968.0999999046326,1,40,left-1,left,left-dark,light-up,fewer-up,single,2026-02-17 21:35:02.0210000
5238,66dcb77e1afbc2e7fa393b87,1115.2999999523163,1115.2999999523163,1,16,right-7,right,right-dark,dark-up,greater-up,dual,2026-02-17 21:35:02.7450000
5239,67325d10b9e0c58d803cd7ba,2138.5,2138.5,1,39,left-6,right,left-dark,light-up,greater-up,dual,2026-02-17 21:35:03.0630000
5240,588e02b13326830001bc29cd,1059.0999999046326,1059.0999999046326,1,41,right-6,right,right-dark,dark-up,greater-up,single,2026-02-17 21:35:03.5840000
5241,66dcb77e1afbc2e7fa393b87,1250.0999999046326,1250.0999999046326,1,17,left-6,right,left-dark,light-up,greater-up,dual,2026-02-17 21:35:04.5040000
5242,697cb8ffcfbeef0652884528,3050.199999988079,3050.199999988079,1,70,left-9,left,left-dark,dark-up,greater-up,dual,2026-02-17 21:35:05.8130000
5243,698e1bdaffae8699322bb097,2502.699999999255,2502.699999999255,1,1,right-4,left,right-dark,dark-up,fewer-up,dual,2026-02-17 21:35:04.8660000
5244,588e02b13326830001bc29cd,1002.7999999523163,1002.7999999523163,1,42,left-1,left,left-dark,dark-up,greater-up,single,2026-02-17 21:35:05.0960000
5245,588e02b13326830001bc29cd,1089.2999999523163,1089.2999999523163,1,43,right-2,right,right-dark,light-up,fewer-up,single,2026-02-17 21:35:06.7010000
5246,66dcb77e1afbc2e7fa393b87,2079.600000143051,2079.600000143051,1,18,right-1,left,right-dark,light-up,greater-up,dual,2026-02-17 21:35:07.0930000
5247,697cb8ffcfbeef0652884528,2083.800000011921,2083.800000011921,1,71,left-9,right,left-dark,light-up,greater-up,dual,2026-02-17 21:35:08.4020000
5248,698e1bdaffae8699322bb097,2431.199999999255,2431.199999999255,1,2,right-3,right,right-dark,light-up,fewer-up,dual,2026-02-17 21:35:07.7990000
5249,588e02b13326830001bc29cd,1793.2999999523163,1793.2999999523163,1,44,right-9,left,right-dark,dark-up,fewer-up,single,2026-02-17 21:35:08.9960000
5250,66dcb77e1afbc2e7fa393b87,1775.7000000476837,1775.7000000476837,1,19,right-5,right,right-dark,light-up,fewer-up,dual,2026-02-17 21:35:09.3750000
5251,697cb8ffcfbeef0652884528,1768.800000011921,1768.800000011921,1,72,left-1,left,left-dark,dark-up,greater-up,dual,2026-02-17 21:35:10.6840000
5252,588e02b13326830001bc29cd,1773.7000000476837,1773.7000000476837,1,45,left-2,left,left-dark,light-up,fewer-up,single,2026-02-17 21:35:11.2820000
5253,67325d10b9e0c58d803cd7ba,1521.3000001907349,1521.3000001907349,1,40,left-3,right,left-dark,light-up,greater-up,dual,2026-02-17 21:35:11.4580000
5254,698e1bdaffae8699322bb097,3591.39999999851,3591.39999999851,0,3,left-2,left,left-dark,dark-up,fewer-up,dual,2026-02-17 21:35:11.8920000
5255,697cb8ffcfbeef0652884528,2147.699999988079,2147.699999988079,1,73,right-2,left,right-dark,light-up,greater-up,dual,2026-02-17 21:35:13.3460000
5256,588e02b13326830001bc29cd,1441.5,1441.5,1,46,right-4,left,right-dark,dark-up,fewer-up,single,2026-02-17 21:35:13.2260000
5257,67325d10b9e0c58d803cd7ba,1380.4000000953674,1380.4000000953674,1,41,left-7,left,left-dark,dark-up,greater-up,dual,2026-02-17 21:35:13.3410000
5258,697cb8ffcfbeef0652884528,1568.699999988079,1568.699999988079,1,74,left-4,left,left-dark,dark-up,greater-up,dual,2026-02-17 21:35:15.4320000
5259,698e1bdaffae8699322bb097,1417.199999999255,1417.199999999255,1,4,left-2,left,left-dark,dark-up,greater-up,dual,2026-02-17 21:35:14.8140000
5260,588e02b13326830001bc29cd,1503,1503,1,47,right-6,right,right-dark,light-up,fewer-up,single,2026-02-17 21:35:15.2430000
5261,66dcb77e1afbc2e7fa393b87,1232.8999998569489,1232.8999998569489,1,20,left-2,right,left-dark,dark-up,fewer-up,dual,2026-02-17 21:35:15.2680000
5262,67325d10b9e0c58d803cd7ba,1440.6999998092651,1440.6999998092651,1,42,left-8,right,left-dark,light-up,greater-up,dual,2026-02-17 21:35:15.2980000
5263,697cb8ffcfbeef0652884528,1462.6000000238419,1462.6000000238419,1,75,right-6,right,right-dark,dark-up,greater-up,dual,2026-02-17 21:35:17.4070000
5264,698e1bdaffae8699322bb097,1650.800000000745,1650.800000000745,0,5,left-3,right,left-dark,light-up,fewer-up,dual,2026-02-17 21:35:16.9680000
5265,66dcb77e1afbc2e7fa393b87,1420.9000000953674,1420.9000000953674,1,21,right-6,left,right-dark,dark-up,fewer-up,dual,2026-02-17 21:35:17.2060000
5266,588e02b13326830001bc29cd,1425.5999999046326,1425.5999999046326,1,48,right-1,right,right-dark,light-up,fewer-up,single,2026-02-17 21:35:17.1830000
5267,67325d10b9e0c58d803cd7ba,2067.9000000953674,2067.9000000953674,1,43,right-1,right,right-dark,dark-up,greater-up,dual,2026-02-17 21:35:17.8740000
5268,697cb8ffcfbeef0652884528,1971.0999999642372,1971.0999999642372,1,76,right-7,left,right-dark,dark-up,fewer-up,dual,2026-02-17 21:35:19.8920000
5269,588e02b13326830001bc29cd,1166.7999999523163,1166.7999999523163,1,49,left-9,left,left-dark,light-up,fewer-up,single,2026-02-17 21:35:18.8630000
5270,66dcb77e1afbc2e7fa393b87,1340.5999999046326,1340.5999999046326,1,22,left-6,left,left-dark,light-up,fewer-up,dual,2026-02-17 21:35:19.0640000
5271,698e1bdaffae8699322bb097,954.1999999992549,954.1999999992549,0,6,left-5,right,left-dark,dark-up,greater-up,dual,2026-02-17 21:35:19.4260000
5272,67325d10b9e0c58d803cd7ba,1942.5999999046326,1942.5999999046326,1,44,left-0,left,left-dark,light-up,fewer-up,dual,2026-02-17 21:35:20.3220000
5273,588e02b13326830001bc29cd,1535.5,1535.5,1,50,left-2,right,left-dark,light-up,greater-up,single,2026-02-17 21:35:20.9060000
5274,66dcb77e1afbc2e7fa393b87,1793.7000000476837,1793.7000000476837,1,23,right-9,left,right-dark,light-up,greater-up,dual,2026-02-17 21:35:21.3760000
5275,697cb8ffcfbeef0652884528,2116.300000011921,2116.300000011921,0,77,right-3,right,right-dark,light-up,greater-up,dual,2026-02-17 21:35:22.5240000
5276,698e1bdaffae8699322bb097,924.4000000022352,924.4000000022352,0,7,right-8,right,right-dark,dark-up,fewer-up,dual,2026-02-17 21:35:21.8560000
5277,67325d10b9e0c58d803cd7ba,1494.6999998092651,1494.6999998092651,1,45,right-6,right,right-dark,dark-up,greater-up,dual,2026-02-17 21:35:22.3220000
5278,588e02b13326830001bc29cd,1734.3000001907349,1734.3000001907349,1,51,right-3,right,right-dark,light-up,fewer-up,single,2026-02-17 21:35:23.1430000
5279,66dcb77e1afbc2e7fa393b87,1565.2000000476837,1565.2000000476837,1,24,left-6,left,left-dark,dark-up,greater-up,dual,2026-02-17 21:35:23.4590000
5280,698e1bdaffae8699322bb097,870.0999999977648,870.0999999977648,0,8,right-1,left,right-dark,dark-up,greater-up,dual,2026-02-17 21:35:24.2310000
5281,697cb8ffcfbeef0652884528,1465.1000000238419,1465.1000000238419,1,78,left-6,left,left-dark,dark-up,greater-up,dual,2026-02-17 21:35:25.5060000
5282,66dcb77e1afbc2e7fa393b87,1142.2999999523163,1142.2999999523163,1,25,right-6,right,right-dark,dark-up,greater-up,dual,2026-02-17 21:35:25.1150000
5283,67325d10b9e0c58d803cd7ba,2281.800000190735,2281.800000190735,1,46,right-1,right,right-dark,light-up,fewer-up,dual,2026-02-17 21:35:25.1060000
5284,588e02b13326830001bc29cd,1856.6000001430511,1856.6000001430511,1,52,right-4,right,right-dark,dark-up,greater-up,single,2026-02-17 21:35:25.5140000
5285,698e1bdaffae8699322bb097,843.6999999992549,843.6999999992549,0,9,right-6,right,right-dark,dark-up,fewer-up,dual,2026-02-17 21:35:26.5790000
5286,697cb8ffcfbeef0652884528,1689.2999999523163,1689.2999999523163,1,79,left-1,right,left-dark,light-up,greater-up,dual,2026-02-17 21:35:27.6980000
5287,588e02b13326830001bc29cd,1333.4000000953674,1333.4000000953674,1,53,left-6,left,left-dark,dark-up,greater-up,single,2026-02-17 21:35:27.3490000
5288,67325d10b9e0c58d803cd7ba,1662.0999999046326,1662.0999999046326,1,47,left-3,left,left-dark,dark-up,greater-up,dual,2026-02-17 21:35:27.2820000
5289,66dcb77e1afbc2e7fa393b87,2389.899999856949,2389.899999856949,1,26,left-7,left,left-dark,light-up,fewer-up,dual,2026-02-17 21:35:28.0190000
5290,66305c77f66c14d7ca20647d,3494.800000190735,3494.800000190735,1,0,right-5,right,right-dark,light-up,fewer-up,dual,2026-02-17 21:35:27.9240000
5291,698e1bdaffae8699322bb097,588.8999999985099,588.8999999985099,0,10,right-6,right,right-dark,light-up,greater-up,dual,2026-02-17 21:35:28.6730000
5292,67325d10b9e0c58d803cd7ba,861,861,0,48,right-6,right,right-dark,light-up,greater-up,dual,2026-02-17 21:35:28.6500000
5293,588e02b13326830001bc29cd,1532.3999998569489,1532.3999998569489,1,54,left-8,right,left-dark,dark-up,fewer-up,single,2026-02-17 21:35:29.3920000
5294,66dcb77e1afbc2e7fa393b87,1155,1155,1,27,right-1,right,right-dark,light-up,fewer-up,dual,2026-02-17 21:35:29.6770000
5295,588e02b13326830001bc29cd,1112.0999999046326,1112.0999999046326,1,55,left-0,left,left-dark,dark-up,greater-up,single,2026-02-17 21:35:31.0110000
5296,67325d10b9e0c58d803cd7ba,1182.7000002861023,1182.7000002861023,1,49,right-9,left,right-dark,light-up,greater-up,dual,2026-02-17 21:35:31.3540000
5297,66305c77f66c14d7ca20647d,2757,2757,0,1,right-0,right,right-dark,dark-up,fewer-up,dual,2026-02-17 21:35:31.1860000
5298,66dcb77e1afbc2e7fa393b87,2175.7000000476837,2175.7000000476837,1,28,left-5,left,left-dark,light-up,fewer-up,dual,2026-02-17 21:35:32.3840000
5299,588e02b13326830001bc29cd,1341.9000000953674,1341.9000000953674,1,56,right-8,right,right-dark,dark-up,greater-up,single,2026-02-17 21:35:32.8620000
5300,67325d10b9e0c58d803cd7ba,1432.5,1432.5,0,50,right-1,right,right-dark,dark-up,fewer-up,dual,2026-02-17 21:35:33.2910000
5301,588e02b13326830001bc29cd,1029.2999999523163,1029.2999999523163,1,57,right-9,right,right-dark,dark-up,greater-up,single,2026-02-17 21:35:34.4050000
5302,66305c77f66c14d7ca20647d,2023,2023,1,2,right-8,right,right-dark,light-up,fewer-up,dual,2026-02-17 21:35:34.7360000
5303,66dcb77e1afbc2e7fa393b87,2660.5999999046326,2660.5999999046326,1,29,left-0,right,left-dark,dark-up,fewer-up,dual,2026-02-17 21:35:35.5560000
5304,698e1bdaffae8699322bb097,5273.599999997765,5273.599999997765,0,11,right-2,right,right-dark,light-up,greater-up,dual,2026-02-17 21:35:35.4510000
5305,588e02b13326830001bc29cd,2059.4000000953674,2059.4000000953674,1,58,right-7,left,right-dark,dark-up,fewer-up,single,2026-02-17 21:35:36.9720000
5306,67325d10b9e0c58d803cd7ba,2053.800000190735,2053.800000190735,1,51,right-4,left,right-dark,dark-up,fewer-up,dual,2026-02-17 21:35:36.8560000
5307,66dcb77e1afbc2e7fa393b87,1328.7000000476837,1328.7000000476837,1,30,right-9,right,right-dark,light-up,fewer-up,dual,2026-02-17 21:35:37.3900000
5308,698e1bdaffae8699322bb097,1026.800000000745,1026.800000000745,1,12,right-4,right,right-dark,light-up,fewer-up,dual,2026-02-17 21:35:37.9820000
5309,66dcb77e1afbc2e7fa393b87,1468.7999999523163,1468.7999999523163,1,31,right-6,right,right-dark,light-up,fewer-up,dual,2026-02-17 21:35:39.3640000
5310,588e02b13326830001bc29cd,1792.5999999046326,1792.5999999046326,1,59,right-0,left,right-dark,dark-up,fewer-up,single,2026-02-17 21:35:39.2720000
5311,67325d10b9e0c58d803cd7ba,1863.1999998092651,1863.1999998092651,1,52,right-2,left,right-dark,light-up,greater-up,dual,2026-02-17 21:35:39.2340000
5312,698e1bdaffae8699322bb097,1440.3999999985099,1440.3999999985099,0,13,right-9,left,right-dark,light-up,fewer-up,dual,2026-02-17 21:35:39.9250000
5313,66305c77f66c14d7ca20647d,4307.699999809265,4307.699999809265,1,3,right-1,right,right-dark,light-up,fewer-up,dual,2026-02-17 21:35:39.5500000
5314,66dcb77e1afbc2e7fa393b87,1029.5999999046326,1029.5999999046326,1,32,right-8,right,right-dark,light-up,fewer-up,dual,2026-02-17 21:35:40.9100000
5315,67325d10b9e0c58d803cd7ba,1938.2000002861023,1938.2000002861023,1,53,left-7,right,left-dark,dark-up,fewer-up,dual,2026-02-17 21:35:41.6820000
5316,698e1bdaffae8699322bb097,590.3000000007451,590.3000000007451,1,14,right-1,left,right-dark,light-up,greater-up,dual,2026-02-17 21:35:42.0200000
5317,66305c77f66c14d7ca20647d,2336.199999809265,2336.199999809265,0,4,left-6,left,left-dark,light-up,greater-up,dual,2026-02-17 21:35:42.3980000
5318,66dcb77e1afbc2e7fa393b87,1778.0999999046326,1778.0999999046326,1,33,right-5,left,right-dark,dark-up,fewer-up,dual,2026-02-17 21:35:43.2060000
5319,698e1bdaffae8699322bb097,1242.800000000745,1242.800000000745,1,15,left-0,right,left-dark,light-up,greater-up,dual,2026-02-17 21:35:43.7650000
5320,67325d10b9e0c58d803cd7ba,1448.2999997138977,1448.2999997138977,1,54,right-3,right,right-dark,light-up,fewer-up,dual,2026-02-17 21:35:43.6430000
5321,66dcb77e1afbc2e7fa393b87,1519.2000000476837,1519.2000000476837,1,34,left-4,left,left-dark,dark-up,greater-up,dual,2026-02-17 21:35:45.2430000
5322,698e1bdaffae8699322bb097,996.8000000007451,996.8000000007451,0,16,left-9,right,left-dark,dark-up,greater-up,dual,2026-02-17 21:35:45.2640000
5323,67325d10b9e0c58d803cd7ba,1692.4000000953674,1692.4000000953674,1,55,right-4,right,right-dark,dark-up,greater-up,dual,2026-02-17 21:35:45.8510000
5324,698e1bdaffae8699322bb097,520.4000000022352,520.4000000022352,1,17,left-8,left,left-dark,dark-up,greater-up,dual,2026-02-17 21:35:47.2880000
5325,67325d10b9e0c58d803cd7ba,1160.4000000953674,1160.4000000953674,1,56,left-2,left,left-dark,light-up,fewer-up,dual,2026-02-17 21:35:47.5200000
5326,66dcb77e1afbc2e7fa393b87,2806.2999999523163,2806.2999999523163,1,35,left-2,left,left-dark,light-up,fewer-up,dual,2026-02-17 21:35:48.5770000
5327,67325d10b9e0c58d803cd7ba,1181.4000000953674,1181.4000000953674,1,57,right-3,left,right-dark,light-up,greater-up,dual,2026-02-17 21:35:49.2110000
5328,66305c77f66c14d7ca20647d,5051.299999952316,5051.299999952316,1,5,right-6,right,right-dark,dark-up,greater-up,dual,2026-02-17 21:35:48.9610000
5329,698e1bdaffae8699322bb097,1999.2000000029802,1999.2000000029802,1,18,left-5,left,left-dark,light-up,fewer-up,dual,2026-02-17 21:35:49.7900000
5330,67325d10b9e0c58d803cd7ba,1052.4000000953674,1052.4000000953674,1,58,right-5,left,right-dark,light-up,greater-up,dual,2026-02-17 21:35:50.7790000
5331,698e1bdaffae8699322bb097,1037.800000000745,1037.800000000745,1,19,right-1,left,right-dark,dark-up,fewer-up,dual,2026-02-17 21:35:51.3300000
5332,66dcb77e1afbc2e7fa393b87,3257.2999999523163,3257.2999999523163,1,36,left-5,right,left-dark,dark-up,fewer-up,dual,2026-02-17 21:35:52.3410000
5333,67325d10b9e0c58d803cd7ba,1525.6000003814697,1525.6000003814697,1,59,right-5,right,right-dark,light-up,fewer-up,dual,2026-02-17 21:35:52.8110000
5334,66305c77f66c14d7ca20647d,4252.700000047684,4252.700000047684,1,6,left-6,left,left-dark,dark-up,greater-up,dual,2026-02-17 21:35:53.7240000
5335,66dcb77e1afbc2e7fa393b87,2233.300000190735,2233.300000190735,1,37,left-2,right,left-dark,light-up,greater-up,dual,2026-02-17 21:35:55.0810000
5336,5a4ff86beedc32000141f232,3642.899999976158,3642.899999976158,1,20,left-4,left,left-dark,light-up,fewer-up,single,2026-02-17 21:35:55.2410000
5337,698e1bdaffae8699322bb097,1472.7999999970198,1472.7999999970198,0,20,left-8,right,left-dark,light-up,fewer-up,dual,2026-02-17 21:35:56.3290000
5338,588e02b13326830001bc29cd,1645.5,1645.5,1,60,left-1,right,left-dark,dark-up,fewer-up,single,2026-02-17 21:35:56.5010000
5339,5a4ff86beedc32000141f232,2029.8999999761581,2029.8999999761581,1,21,left-6,right,left-dark,light-up,greater-up,single,2026-02-17 21:35:57.7770000
5340,66dcb77e1afbc2e7fa393b87,2534.7000000476837,2534.7000000476837,1,38,right-4,left,right-dark,dark-up,fewer-up,dual,2026-02-17 21:35:58.1290000
5341,588e02b13326830001bc29cd,1291.5999999046326,1291.5999999046326,1,61,left-5,left,left-dark,light-up,fewer-up,single,2026-02-17 21:35:58.3010000
5342,698e1bdaffae8699322bb097,532.9000000022352,532.9000000022352,1,21,right-5,right,right-dark,light-up,fewer-up,dual,2026-02-17 21:35:58.3680000
5343,66305c77f66c14d7ca20647d,3840.300000190735,3840.300000190735,1,7,left-8,left,left-dark,light-up,fewer-up,dual,2026-02-17 21:35:58.0690000
5344,66dcb77e1afbc2e7fa393b87,1165.0999999046326,1165.0999999046326,1,39,left-0,right,left-dark,light-up,greater-up,dual,2026-02-17 21:35:59.8090000
5345,588e02b13326830001bc29cd,1465,1465,1,62,right-6,left,right-dark,dark-up,fewer-up,single,2026-02-17 21:36:00.2740000
5346,698e1bdaffae8699322bb097,1496.5,1496.5,1,22,right-3,left,right-dark,light-up,greater-up,dual,2026-02-17 21:36:00.3660000
5347,67325d10b9e0c58d803cd7ba,2214.7999997138977,2214.7999997138977,1,60,left-1,left,left-dark,light-up,fewer-up,dual,2026-02-17 21:36:00.0660000
5348,5a4ff86beedc32000141f232,2100.600000023842,2100.600000023842,1,22,right-5,left,right-dark,dark-up,fewer-up,single,2026-02-17 21:36:00.3850000
5349,698e1bdaffae8699322bb097,861.3000000007451,861.3000000007451,0,23,left-4,left,left-dark,light-up,greater-up,dual,2026-02-17 21:36:01.7300000
5350,67325d10b9e0c58d803cd7ba,1328.3000001907349,1328.3000001907349,1,61,left-9,left,left-dark,dark-up,greater-up,dual,2026-02-17 21:36:01.8990000
5351,588e02b13326830001bc29cd,1554.5,1554.5,1,63,left-7,right,left-dark,dark-up,fewer-up,single,2026-02-17 21:36:02.3320000
5352,5a4ff86beedc32000141f232,2040.1000000238419,2040.1000000238419,1,23,left-3,left,left-dark,dark-up,greater-up,single,2026-02-17 21:36:02.9290000
5353,66305c77f66c14d7ca20647d,4191.200000047684,4191.200000047684,1,8,left-0,left,left-dark,dark-up,greater-up,dual,2026-02-17 21:36:02.7680000
5354,66dcb77e1afbc2e7fa393b87,1455.5,1455.5,1,40,right-8,right,right-dark,dark-up,greater-up,dual,2026-02-17 21:36:03.7720000
5355,67325d10b9e0c58d803cd7ba,1090.9000000953674,1090.9000000953674,1,62,left-0,left,left-dark,dark-up,greater-up,dual,2026-02-17 21:36:03.4990000
5356,698e1bdaffae8699322bb097,919.8000000007451,919.8000000007451,1,24,right-7,right,right-dark,light-up,fewer-up,dual,2026-02-17 21:36:04.1550000
5357,5a4ff86beedc32000141f232,1446.800000011921,1446.800000011921,1,24,left-2,left,left-dark,dark-up,greater-up,single,2026-02-17 21:36:04.8890000
5358,588e02b13326830001bc29cd,2153.600000143051,2153.600000143051,1,64,right-8,right,right-dark,light-up,fewer-up,single,2026-02-17 21:36:04.9980000
5359,66dcb77e1afbc2e7fa393b87,1416.8000001907349,1416.8000001907349,1,41,left-9,right,left-dark,dark-up,fewer-up,dual,2026-02-17 21:36:05.7020000
5360,698e1bdaffae8699322bb097,1135.5,1135.5,1,25,left-9,right,left-dark,light-up,greater-up,dual,2026-02-17 21:36:05.7930000
5361,67325d10b9e0c58d803cd7ba,1557.7999997138977,1557.7999997138977,1,63,right-7,right,right-dark,dark-up,greater-up,dual,2026-02-17 21:36:05.5710000
5362,66305c77f66c14d7ca20647d,2696.5999999046326,2696.5999999046326,1,9,right-9,left,right-dark,dark-up,fewer-up,dual,2026-02-17 21:36:05.9780000
5363,588e02b13326830001bc29cd,1216.1999998092651,1216.1999998092651,1,65,left-8,right,left-dark,light-up,greater-up,single,2026-02-17 21:36:06.7250000
5364,5a4ff86beedc32000141f232,1690,1690,1,25,right-8,right,right-dark,dark-up,greater-up,single,2026-02-17 21:36:07.0890000
5365,698e1bdaffae8699322bb097,2052.699999999255,2052.699999999255,1,26,right-8,right,right-dark,light-up,fewer-up,dual,2026-02-17 21:36:08.3480000
5366,66dcb77e1afbc2e7fa393b87,2541.399999856949,2541.399999856949,1,42,left-1,right,left-dark,dark-up,fewer-up,dual,2026-02-17 21:36:08.7650000
5367,588e02b13326830001bc29cd,1595.2000000476837,1595.2000000476837,1,66,right-1,left,right-dark,dark-up,fewer-up,single,2026-02-17 21:36:08.8360000
5368,5a4ff86beedc32000141f232,1529.699999988079,1529.699999988079,1,26,right-9,right,right-dark,dark-up,greater-up,single,2026-02-17 21:36:09.1210000
5369,698e1bdaffae8699322bb097,1526,1526,1,27,right-2,left,right-dark,dark-up,fewer-up,dual,2026-02-17 21:36:10.3760000
5370,67325d10b9e0c58d803cd7ba,4005.6000003814697,4005.6000003814697,1,64,left-5,left,left-dark,light-up,fewer-up,dual,2026-02-17 21:36:10.0900000
5371,588e02b13326830001bc29cd,1200.2999999523163,1200.2999999523163,1,67,right-5,right,right-dark,light-up,fewer-up,single,2026-02-17 21:36:10.5410000
5372,66dcb77e1afbc2e7fa393b87,1473,1473,1,43,left-9,right,left-dark,light-up,greater-up,dual,2026-02-17 21:36:10.7420000
5373,5a4ff86beedc32000141f232,1535,1535,1,27,left-8,right,left-dark,light-up,greater-up,single,2026-02-17 21:36:11.1690000
5374,698e1bdaffae8699322bb097,687.1000000014901,687.1000000014901,0,28,right-6,left,right-dark,dark-up,greater-up,dual,2026-02-17 21:36:11.5650000
5375,588e02b13326830001bc29cd,1386.1000001430511,1386.1000001430511,1,68,right-4,left,right-dark,light-up,greater-up,single,2026-02-17 21:36:12.4320000
5376,67325d10b9e0c58d803cd7ba,1562.5999999046326,1562.5999999046326,1,65,right-4,right,right-dark,light-up,fewer-up,dual,2026-02-17 21:36:12.1630000
5377,5a4ff86beedc32000141f232,1415.699999988079,1415.699999988079,1,28,left-4,right,left-dark,light-up,greater-up,single,2026-02-17 21:36:13.0890000
5378,66dcb77e1afbc2e7fa393b87,2127.2999999523163,2127.2999999523163,1,44,left-3,right,left-dark,light-up,greater-up,dual,2026-02-17 21:36:13.3810000
5379,66305c77f66c14d7ca20647d,6575.600000143051,6575.600000143051,0,10,right-8,left,right-dark,dark-up,greater-up,dual,2026-02-17 21:36:13.0660000
5380,698e1bdaffae8699322bb097,1151,1151,1,29,left-1,left,left-dark,light-up,fewer-up,dual,2026-02-17 21:36:14.2210000
5381,67325d10b9e0c58d803cd7ba,1381.3000001907349,1381.3000001907349,1,66,right-8,right,right-dark,dark-up,greater-up,dual,2026-02-17 21:36:14.0590000
5382,588e02b13326830001bc29cd,1445.3999998569489,1445.3999998569489,1,69,left-4,left,left-dark,light-up,fewer-up,single,2026-02-17 21:36:14.3880000
5383,66dcb77e1afbc2e7fa393b87,1497.8999998569489,1497.8999998569489,0,45,right-3,right,right-dark,light-up,greater-up,dual,2026-02-17 21:36:15.3940000
5384,5a4ff86beedc32000141f232,1801.0999999642372,1801.0999999642372,1,29,right-9,left,right-dark,light-up,greater-up,single,2026-02-17 21:36:15.3930000
5385,698e1bdaffae8699322bb097,1117.5,1117.5,1,30,left-9,right,left-dark,dark-up,fewer-up,dual,2026-02-17 21:36:15.8400000
5386,67325d10b9e0c58d803cd7ba,1491.9000000953674,1491.9000000953674,1,67,left-7,right,left-dark,light-up,greater-up,dual,2026-02-17 21:36:16.0590000
5387,588e02b13326830001bc29cd,1759.5,1759.5,1,70,left-6,right,left-dark,light-up,greater-up,single,2026-02-17 21:36:16.6500000
5388,66305c77f66c14d7ca20647d,2576.5,2576.5,0,11,right-7,left,right-dark,dark-up,greater-up,dual,2026-02-17 21:36:17.1700000
5389,5a4ff86beedc32000141f232,2106.100000023842,2106.100000023842,1,30,right-0,right,right-dark,dark-up,greater-up,single,2026-02-17 21:36:18.0090000
5390,66dcb77e1afbc2e7fa393b87,1627,1627,1,46,left-7,right,left-dark,dark-up,fewer-up,dual,2026-02-17 21:36:18.5540000
5391,698e1bdaffae8699322bb097,2241,2241,1,31,left-1,right,left-dark,light-up,greater-up,dual,2026-02-17 21:36:18.5840000
5392,588e02b13326830001bc29cd,1823.5,1823.5,1,71,left-3,left,left-dark,light-up,fewer-up,single,2026-02-17 21:36:18.9820000
5393,67325d10b9e0c58d803cd7ba,2317.9000000953674,2317.9000000953674,1,68,right-8,right,right-dark,light-up,fewer-up,dual,2026-02-17 21:36:18.8830000
5394,698e1bdaffae8699322bb097,1050.0999999977648,1050.0999999977648,0,32,right-2,left,right-dark,dark-up,greater-up,dual,2026-02-17 21:36:20.1360000
5395,5a4ff86beedc32000141f232,2043.1000000238419,2043.1000000238419,1,31,right-8,left,right-dark,dark-up,fewer-up,single,2026-02-17 21:36:20.5610000
5396,66dcb77e1afbc2e7fa393b87,1811.5,1811.5,1,47,left-4,left,left-dark,light-up,fewer-up,dual,2026-02-17 21:36:20.8780000
5397,66305c77f66c14d7ca20647d,2303.9000000953674,2303.9000000953674,1,12,right-6,right,right-dark,light-up,fewer-up,dual,2026-02-17 21:36:20.9860000
5398,588e02b13326830001bc29cd,2634.0999999046326,2634.0999999046326,1,72,right-5,right,right-dark,dark-up,greater-up,single,2026-02-17 21:36:22.1300000
5399,698e1bdaffae8699322bb097,791.5,791.5,1,33,left-0,left,left-dark,light-up,fewer-up,dual,2026-02-17 21:36:22.4330000
5400,66dcb77e1afbc2e7fa393b87,1323.7000000476837,1323.7000000476837,1,48,right-7,left,right-dark,dark-up,fewer-up,dual,2026-02-17 21:36:22.7180000
5401,67325d10b9e0c58d803cd7ba,2936.5,2936.5,1,69,right-5,left,right-dark,dark-up,fewer-up,dual,2026-02-17 21:36:22.3270000
5402,5a4ff86beedc32000141f232,1919.5,1919.5,1,32,left-5,left,left-dark,dark-up,greater-up,single,2026-02-17 21:36:22.9930000
5403,66305c77f66c14d7ca20647d,1629,1629,1,13,left-6,left,left-dark,light-up,fewer-up,dual,2026-02-17 21:36:23.1190000
5404,698e1bdaffae8699322bb097,942,942,0,34,left-3,left,left-dark,dark-up,fewer-up,dual,2026-02-17 21:36:23.8780000
5405,67325d10b9e0c58d803cd7ba,1429.8000001907349,1429.8000001907349,1,70,right-3,left,right-dark,dark-up,fewer-up,dual,2026-02-17 21:36:24.2750000
5406,588e02b13326830001bc29cd,1956.7000000476837,1956.7000000476837,1,73,right-8,left,right-dark,dark-up,fewer-up,single,2026-02-17 21:36:24.6000000
5407,66dcb77e1afbc2e7fa393b87,2003.5,2003.5,1,49,left-1,left,left-dark,light-up,fewer-up,dual,2026-02-17 21:36:25.2260000
5408,698e1bdaffae8699322bb097,884.5,884.5,0,35,left-6,right,left-dark,light-up,fewer-up,dual,2026-02-17 21:36:26.2670000
5409,5a4ff86beedc32000141f232,2677.5,2677.5,1,33,left-7,right,left-dark,dark-up,fewer-up,single,2026-02-17 21:36:26.1850000
5410,66305c77f66c14d7ca20647d,2825.7999999523163,2825.7999999523163,1,14,right-2,right,right-dark,light-up,fewer-up,dual,2026-02-17 21:36:26.4530000
5411,67325d10b9e0c58d803cd7ba,2145.9000000953674,2145.9000000953674,1,71,right-9,left,right-dark,dark-up,fewer-up,dual,2026-02-17 21:36:26.9300000
5412,588e02b13326830001bc29cd,2546.100000143051,2546.100000143051,1,74,left-0,right,left-dark,light-up,greater-up,single,2026-02-17 21:36:27.6500000
5413,66dcb77e1afbc2e7fa393b87,2414,2414,1,50,right-1,right,right-dark,dark-up,greater-up,dual,2026-02-17 21:36:28.1520000
5414,698e1bdaffae8699322bb097,1205.5999999977648,1205.5999999977648,1,36,right-2,right,right-dark,light-up,fewer-up,dual,2026-02-17 21:36:28.9780000
5415,5a4ff86beedc32000141f232,2593.5,2593.5,1,34,right-6,left,right-dark,dark-up,fewer-up,single,2026-02-17 21:36:29.2890000
5416,66dcb77e1afbc2e7fa393b87,1028.4000000953674,1028.4000000953674,1,51,left-3,left,left-dark,dark-up,greater-up,dual,2026-02-17 21:36:29.6860000
5417,588e02b13326830001bc29cd,1554.8999998569489,1554.8999998569489,1,75,left-3,right,left-dark,light-up,greater-up,single,2026-02-17 21:36:29.7170000
5418,698e1bdaffae8699322bb097,900.7999999970198,900.7999999970198,1,37,left-1,right,left-dark,dark-up,fewer-up,dual,2026-02-17 21:36:30.3810000
5419,67325d10b9e0c58d803cd7ba,2629.300000190735,2629.300000190735,1,72,left-4,right,left-dark,light-up,greater-up,dual,2026-02-17 21:36:30.0740000
5420,588e02b13326830001bc29cd,1693.3999998569489,1693.3999998569489,1,76,left-8,left,left-dark,dark-up,greater-up,single,2026-02-17 21:36:31.9220000
5421,5a4ff86beedc32000141f232,2547.399999976158,2547.399999976158,1,35,left-6,right,left-dark,dark-up,fewer-up,single,2026-02-17 21:36:32.3440000
5422,66dcb77e1afbc2e7fa393b87,2585.5999999046326,2585.5999999046326,1,52,right-6,left,right-dark,light-up,greater-up,dual,2026-02-17 21:36:32.7760000
5423,66305c77f66c14d7ca20647d,5365.700000047684,5365.700000047684,1,15,right-3,left,right-dark,dark-up,fewer-up,dual,2026-02-17 21:36:32.3270000
5424,698e1bdaffae8699322bb097,2196.199999999255,2196.199999999255,1,38,right-8,right,right-dark,dark-up,greater-up,dual,2026-02-17 21:36:33.0790000
5425,588e02b13326830001bc29cd,1833.6000001430511,1833.6000001430511,1,77,left-1,right,left-dark,light-up,greater-up,single,2026-02-17 21:36:34.2690000
5426,67325d10b9e0c58d803cd7ba,3370.6000003814697,3370.6000003814697,1,73,right-7,left,right-dark,light-up,greater-up,dual,2026-02-17 21:36:33.9600000
5427,698e1bdaffae8699322bb097,711.8999999985099,711.8999999985099,1,39,left-3,left,left-dark,dark-up,greater-up,dual,2026-02-17 21:36:34.2930000
5428,66dcb77e1afbc2e7fa393b87,1426,1426,1,53,left-8,right,left-dark,dark-up,fewer-up,dual,2026-02-17 21:36:34.7100000
5429,5a4ff86beedc32000141f232,1748.5999999642372,1748.5999999642372,1,36,left-8,left,left-dark,dark-up,greater-up,single,2026-02-17 21:36:34.6090000
5430,588e02b13326830001bc29cd,1025.5,1025.5,1,78,left-6,left,left-dark,light-up,fewer-up,single,2026-02-17 21:36:35.8010000
5431,66305c77f66c14d7ca20647d,2610.2000000476837,2610.2000000476837,0,16,right-5,right,right-dark,light-up,greater-up,dual,2026-02-17 21:36:35.4420000
5432,66dcb77e1afbc2e7fa393b87,1180,1180,1,54,right-7,left,right-dark,light-up,greater-up,dual,2026-02-17 21:36:36.4060000
5433,5a4ff86beedc32000141f232,2449.899999976158,2449.899999976158,1,37,right-7,right,right-dark,light-up,fewer-up,single,2026-02-17 21:36:37.5690000
5434,67325d10b9e0c58d803cd7ba,3750.5,3750.5,1,74,right-1,left,right-dark,light-up,greater-up,dual,2026-02-17 21:36:38.2260000
5435,588e02b13326830001bc29cd,2373.2000000476837,2373.2000000476837,1,79,right-3,left,right-dark,dark-up,fewer-up,single,2026-02-17 21:36:38.6880000
5436,66dcb77e1afbc2e7fa393b87,2480.2000000476837,2480.2000000476837,1,55,left-3,right,left-dark,dark-up,fewer-up,dual,2026-02-17 21:36:39.3900000
5437,698e1bdaffae8699322bb097,3231.89999999851,3231.89999999851,1,40,right-9,right,right-dark,dark-up,greater-up,dual,2026-02-17 21:36:40.8060000
5438,67325d10b9e0c58d803cd7ba,1786,1786,1,75,right-0,right,right-dark,light-up,fewer-up,dual,2026-02-17 21:36:40.5140000
5439,66305c77f66c14d7ca20647d,3385.199999809265,3385.199999809265,0,17,right-2,left,right-dark,dark-up,greater-up,dual,2026-02-17 21:36:40.3370000
5440,66dcb77e1afbc2e7fa393b87,1206.7000000476837,1206.7000000476837,1,56,right-2,left,right-dark,light-up,greater-up,dual,2026-02-17 21:36:41.1010000
5441,5a4ff86beedc32000141f232,3593.800000011921,3593.800000011921,1,38,right-1,left,right-dark,dark-up,fewer-up,single,2026-02-17 21:36:41.6660000
5442,66dcb77e1afbc2e7fa393b87,1347.5999999046326,1347.5999999046326,1,57,right-7,right,right-dark,light-up,fewer-up,dual,2026-02-17 21:36:42.9610000
5443,698e1bdaffae8699322bb097,1836.4000000022352,1836.4000000022352,1,41,right-0,left,right-dark,light-up,greater-up,dual,2026-02-17 21:36:43.1450000
5444,67325d10b9e0c58d803cd7ba,1866.3000001907349,1866.3000001907349,1,76,left-3,right,left-dark,dark-up,fewer-up,dual,2026-02-17 21:36:42.8900000
5445,66305c77f66c14d7ca20647d,1613.0999999046326,1613.0999999046326,1,18,right-0,right,right-dark,light-up,fewer-up,dual,2026-02-17 21:36:43.4710000
5446,698e1bdaffae8699322bb097,748.4000000022352,748.4000000022352,1,42,right-5,left,right-dark,dark-up,fewer-up,dual,2026-02-17 21:36:44.3960000
5447,67325d10b9e0c58d803cd7ba,1438.8000001907349,1438.8000001907349,1,77,left-4,left,left-dark,light-up,fewer-up,dual,2026-02-17 21:36:44.8450000
5448,66dcb77e1afbc2e7fa393b87,1862.8000001907349,1862.8000001907349,1,58,left-1,right,left-dark,light-up,greater-up,dual,2026-02-17 21:36:45.3370000
5449,5a4ff86beedc32000141f232,3412,3412,1,39,right-7,left,right-dark,light-up,greater-up,single,2026-02-17 21:36:45.5940000
5450,698e1bdaffae8699322bb097,1077.8999999985099,1077.8999999985099,0,43,right-0,right,right-dark,dark-up,fewer-up,dual,2026-02-17 21:36:45.9760000
5451,67325d10b9e0c58d803cd7ba,1603.5,1603.5,1,78,right-2,left,right-dark,dark-up,fewer-up,dual,2026-02-17 21:36:46.9540000
5452,66dcb77e1afbc2e7fa393b87,1553.2999999523163,1553.2999999523163,1,59,left-5,right,left-dark,light-up,greater-up,dual,2026-02-17 21:36:47.4010000
5453,698e1bdaffae8699322bb097,775.2000000029802,775.2000000029802,1,44,left-7,left,left-dark,dark-up,greater-up,dual,2026-02-17 21:36:48.2560000
5454,698e1bdaffae8699322bb097,490.70000000298023,490.70000000298023,1,45,left-4,left,left-dark,light-up,fewer-up,dual,2026-02-17 21:36:49.2490000
5455,67325d10b9e0c58d803cd7ba,1538.7000002861023,1538.7000002861023,1,79,right-8,left,right-dark,dark-up,fewer-up,dual,2026-02-17 21:36:49.0100000
5456,5e9e19d808b9931ef37373c6,1824.2999999970198,1824.2999999970198,1,60,right-3,right,right-dark,dark-up,greater-up,dual,2026-02-17 21:36:49.7820000
5457,66305c77f66c14d7ca20647d,5337.399999856949,5337.399999856949,1,19,left-3,left,left-dark,light-up,fewer-up,dual,2026-02-17 21:36:49.3150000
5458,698e1bdaffae8699322bb097,633.7000000029802,633.7000000029802,0,46,right-8,right,right-dark,light-up,greater-up,dual,2026-02-17 21:36:50.3850000
5459,66dcb77e1afbc2e7fa393b87,2022.7000000476837,2022.7000000476837,1,60,left-1,left,left-dark,dark-up,greater-up,dual,2026-02-17 21:36:51.7470000
5460,5e9e19d808b9931ef37373c6,1821.3999999985099,1821.3999999985099,1,61,left-9,left,left-dark,light-up,fewer-up,dual,2026-02-17 21:36:52.1050000
5461,698e1bdaffae8699322bb097,609,609,1,47,left-3,right,left-dark,light-up,greater-up,dual,2026-02-17 21:36:52.4990000
5462,66dcb77e1afbc2e7fa393b87,1280,1280,1,61,right-1,left,right-dark,dark-up,fewer-up,dual,2026-02-17 21:36:53.5370000
5463,698e1bdaffae8699322bb097,723.3000000007451,723.3000000007451,1,48,right-4,left,right-dark,light-up,greater-up,dual,2026-02-17 21:36:53.7240000
5464,5e9e19d808b9931ef37373c6,1537.9000000022352,1537.9000000022352,1,62,right-6,left,right-dark,dark-up,fewer-up,dual,2026-02-17 21:36:54.1450000
5465,66dcb77e1afbc2e7fa393b87,912.9000000953674,912.9000000953674,1,62,right-5,right,right-dark,dark-up,greater-up,dual,2026-02-17 21:36:54.9640000
5466,5a4ff86beedc32000141f232,2372.199999988079,2372.199999988079,1,40,right-6,right,right-dark,light-up,fewer-up,single,2026-02-17 21:36:55.2420000
5467,698e1bdaffae8699322bb097,1768.300000000745,1768.300000000745,1,49,left-5,right,left-dark,dark-up,fewer-up,dual,2026-02-17 21:36:55.9940000
5468,5e9e19d808b9931ef37373c6,1419.199999999255,1419.199999999255,0,63,left-4,left,left-dark,light-up,greater-up,dual,2026-02-17 21:36:56.0670000
5469,66dcb77e1afbc2e7fa393b87,1151.1000001430511,1151.1000001430511,1,63,right-0,right,right-dark,dark-up,greater-up,dual,2026-02-17 21:36:56.6250000
5470,5a4ff86beedc32000141f232,1542.800000011921,1542.800000011921,1,41,left-9,left,left-dark,dark-up,greater-up,single,2026-02-17 21:36:57.2980000
5471,698e1bdaffae8699322bb097,1013.1000000014901,1013.1000000014901,1,50,right-0,right,right-dark,light-up,fewer-up,dual,2026-02-17 21:36:57.5090000
5472,66dcb77e1afbc2e7fa393b87,1123.2999999523163,1123.2999999523163,1,64,right-8,left,right-dark,dark-up,fewer-up,dual,2026-02-17 21:36:58.2670000
5473,5e9e19d808b9931ef37373c6,1316.8999999985099,1316.8999999985099,1,64,left-7,right,left-dark,light-up,greater-up,dual,2026-02-17 21:36:58.8880000
5474,698e1bdaffae8699322bb097,1124,1124,1,51,right-1,right,right-dark,light-up,fewer-up,dual,2026-02-17 21:36:59.1350000
5475,5a4ff86beedc32000141f232,1967.9000000357628,1967.9000000357628,1,42,left-3,left,left-dark,light-up,fewer-up,single,2026-02-17 21:36:59.7780000
5476,66dcb77e1afbc2e7fa393b87,2507.399999856949,2507.399999856949,1,65,right-0,left,right-dark,dark-up,fewer-up,dual,2026-02-17 21:37:01.2920000
5477,5e9e19d808b9931ef37373c6,2047.1000000014901,2047.1000000014901,1,65,left-0,right,left-dark,light-up,greater-up,dual,2026-02-17 21:37:01.4370000
5478,5a4ff86beedc32000141f232,1448,1448,1,43,left-0,left,left-dark,light-up,fewer-up,single,2026-02-17 21:37:01.7300000
5479,698e1bdaffae8699322bb097,2641.900000002235,2641.900000002235,1,52,right-9,left,right-dark,dark-up,fewer-up,dual,2026-02-17 21:37:02.2800000
5480,66dcb77e1afbc2e7fa393b87,911.3000001907349,911.3000001907349,1,66,left-5,left,left-dark,dark-up,greater-up,dual,2026-02-17 21:37:02.7190000
5481,5e9e19d808b9931ef37373c6,952,952,1,66,right-1,right,right-dark,dark-up,greater-up,dual,2026-02-17 21:37:02.8920000
5482,698e1bdaffae8699322bb097,657,657,0,53,left-1,right,left-dark,dark-up,greater-up,dual,2026-02-17 21:37:03.4380000
5483,5a4ff86beedc32000141f232,1826.5,1826.5,1,44,right-4,right,right-dark,light-up,fewer-up,single,2026-02-17 21:37:04.0580000
5484,66dcb77e1afbc2e7fa393b87,1380.6999998092651,1380.6999998092651,1,67,right-5,left,right-dark,light-up,greater-up,dual,2026-02-17 21:37:04.6180000
5485,5e9e19d808b9931ef37373c6,1627.7000000029802,1627.7000000029802,1,67,left-7,left,left-dark,dark-up,greater-up,dual,2026-02-17 21:37:05.0210000
5486,698e1bdaffae8699322bb097,1259.800000000745,1259.800000000745,1,54,right-3,right,right-dark,dark-up,greater-up,dual,2026-02-17 21:37:06.2030000
5487,5e9e19d808b9931ef37373c6,1132.1000000014901,1132.1000000014901,1,68,left-9,right,left-dark,dark-up,fewer-up,dual,2026-02-17 21:37:06.6550000
5488,66dcb77e1afbc2e7fa393b87,2273.9000000953674,2273.9000000953674,1,68,left-6,right,left-dark,dark-up,fewer-up,dual,2026-02-17 21:37:07.3970000
5489,5a4ff86beedc32000141f232,2868.899999976158,2868.899999976158,1,45,left-8,right,left-dark,dark-up,fewer-up,single,2026-02-17 21:37:07.4340000
5490,698e1bdaffae8699322bb097,937.5,937.5,0,55,right-7,right,right-dark,light-up,greater-up,dual,2026-02-17 21:37:07.6420000
5491,5e9e19d808b9931ef37373c6,1960.8999999985099,1960.8999999985099,1,69,left-9,left,left-dark,dark-up,greater-up,dual,2026-02-17 21:37:09.1180000
5492,66dcb77e1afbc2e7fa393b87,1410.1000001430511,1410.1000001430511,1,69,right-0,right,right-dark,light-up,fewer-up,dual,2026-02-17 21:37:09.3210000
5493,5a4ff86beedc32000141f232,1322,1322,1,46,right-5,right,right-dark,dark-up,greater-up,single,2026-02-17 21:37:09.2580000
5494,698e1bdaffae8699322bb097,612.5,612.5,1,56,right-3,left,right-dark,dark-up,fewer-up,dual,2026-02-17 21:37:09.7600000
5495,5e9e19d808b9931ef37373c6,1011.2000000029802,1011.2000000029802,0,70,left-3,right,left-dark,light-up,fewer-up,dual,2026-02-17 21:37:10.6310000
5496,66dcb77e1afbc2e7fa393b87,1110.5,1110.5,1,70,left-8,left,left-dark,light-up,fewer-up,dual,2026-02-17 21:37:10.9580000
5497,698e1bdaffae8699322bb097,716,716,0,57,left-9,right,left-dark,light-up,fewer-up,dual,2026-02-17 21:37:10.9780000
5498,5a4ff86beedc32000141f232,1152.199999988079,1152.199999988079,1,47,right-4,right,right-dark,dark-up,greater-up,single,2026-02-17 21:37:10.9140000
5499,66dcb77e1afbc2e7fa393b87,1008.8999998569489,1008.8999998569489,1,71,left-7,left,left-dark,dark-up,greater-up,dual,2026-02-17 21:37:12.4820000
5500,698e1bdaffae8699322bb097,517,517,0,58,right-9,right,right-dark,light-up,greater-up,dual,2026-02-17 21:37:13.0000000
5501,5a4ff86beedc32000141f232,1956.3999999761581,1956.3999999761581,1,48,left-9,left,left-dark,light-up,fewer-up,single,2026-02-17 21:37:13.3860000
5502,5e9e19d808b9931ef37373c6,2321,2321,1,71,left-2,left,left-dark,light-up,fewer-up,dual,2026-02-17 21:37:14.4570000
5503,66dcb77e1afbc2e7fa393b87,1526.6000001430511,1526.6000001430511,1,72,left-8,right,left-dark,light-up,greater-up,dual,2026-02-17 21:37:14.5180000
5504,698e1bdaffae8699322bb097,791,791,0,59,right-4,left,right-dark,dark-up,greater-up,dual,2026-02-17 21:37:15.2950000
5505,66dcb77e1afbc2e7fa393b87,1131.6000001430511,1131.6000001430511,1,73,right-0,left,right-dark,light-up,greater-up,dual,2026-02-17 21:37:16.1670000
5506,5e9e19d808b9931ef37373c6,1749.300000000745,1749.300000000745,1,72,right-5,right,right-dark,dark-up,greater-up,dual,2026-02-17 21:37:16.7070000
5507,5a4ff86beedc32000141f232,2924.099999964237,2924.099999964237,1,49,right-4,left,right-dark,dark-up,fewer-up,single,2026-02-17 21:37:16.8260000
5508,5e9e19d808b9931ef37373c6,786.3999999985099,786.3999999985099,1,73,right-6,left,right-dark,light-up,greater-up,dual,2026-02-17 21:37:17.9950000
5509,66dcb77e1afbc2e7fa393b87,1548.3000001907349,1548.3000001907349,1,74,left-8,left,left-dark,dark-up,greater-up,dual,2026-02-17 21:37:18.2230000
5510,5a4ff86beedc32000141f232,1510.8999999761581,1510.8999999761581,1,50,right-5,right,right-dark,light-up,fewer-up,single,2026-02-17 21:37:18.8500000
5511,5e9e19d808b9931ef37373c6,953.8999999985099,953.8999999985099,1,74,left-2,left,left-dark,dark-up,greater-up,dual,2026-02-17 21:37:19.4510000
5512,66dcb77e1afbc2e7fa393b87,1041.9000000953674,1041.9000000953674,1,75,right-4,right,right-dark,dark-up,greater-up,dual,2026-02-17 21:37:19.7790000
5513,698e1bdaffae8699322bb097,1810.1000000014901,1810.1000000014901,0,60,left-0,left,left-dark,dark-up,fewer-up,dual,2026-02-17 21:37:20.3230000
5514,5e9e19d808b9931ef37373c6,1310.699999999255,1310.699999999255,1,75,right-2,left,right-dark,dark-up,fewer-up,dual,2026-02-17 21:37:21.2640000
5515,5a4ff86beedc32000141f232,1858,1858,1,51,left-0,right,left-dark,light-up,greater-up,single,2026-02-17 21:37:21.2100000
5516,66dcb77e1afbc2e7fa393b87,2014.2000000476837,2014.2000000476837,1,76,right-9,left,right-dark,dark-up,fewer-up,dual,2026-02-17 21:37:22.3010000
5517,5e9e19d808b9931ef37373c6,908.1999999992549,908.1999999992549,1,76,right-7,right,right-dark,dark-up,greater-up,dual,2026-02-17 21:37:22.6750000
5518,698e1bdaffae8699322bb097,865.8999999985099,865.8999999985099,1,61,left-5,right,left-dark,light-up,greater-up,dual,2026-02-17 21:37:22.6930000
5519,5a4ff86beedc32000141f232,1978.7000000476837,1978.7000000476837,1,52,left-7,left,left-dark,light-up,fewer-up,single,2026-02-17 21:37:23.6980000
5520,66dcb77e1afbc2e7fa393b87,1078,1078,1,77,right-2,right,right-dark,dark-up,greater-up,dual,2026-02-17 21:37:23.8950000
5521,698e1bdaffae8699322bb097,1342.0999999977648,1342.0999999977648,0,62,left-0,right,left-dark,dark-up,greater-up,dual,2026-02-17 21:37:24.5370000
5522,5e9e19d808b9931ef37373c6,1782.199999999255,1782.199999999255,1,77,right-0,right,right-dark,light-up,fewer-up,dual,2026-02-17 21:37:24.9590000
5523,66dcb77e1afbc2e7fa393b87,1069.7999999523163,1069.7999999523163,1,78,left-0,left,left-dark,dark-up,greater-up,dual,2026-02-17 21:37:25.4800000
5524,5e9e19d808b9931ef37373c6,1176.5,1176.5,1,78,left-6,left,left-dark,light-up,fewer-up,dual,2026-02-17 21:37:26.6370000
5525,698e1bdaffae8699322bb097,653.7999999970198,653.7999999970198,1,63,left-7,left,left-dark,light-up,fewer-up,dual,2026-02-17 21:37:26.6950000
5526,66dcb77e1afbc2e7fa393b87,876.5,876.5,1,79,left-7,right,left-dark,light-up,greater-up,dual,2026-02-17 21:37:26.8660000
5527,5a4ff86beedc32000141f232,2591.600000023842,2591.600000023842,1,53,left-1,right,left-dark,light-up,greater-up,single,2026-02-17 21:37:26.7940000
5528,5e9e19d808b9931ef37373c6,1087,1087,1,79,right-4,right,right-dark,dark-up,greater-up,dual,2026-02-17 21:37:28.2260000
5529,698e1bdaffae8699322bb097,999.5999999977648,999.5999999977648,0,64,left-4,left,left-dark,dark-up,fewer-up,dual,2026-02-17 21:37:28.1970000
5530,5a4ff86beedc32000141f232,2421.5,2421.5,1,54,left-3,right,left-dark,dark-up,fewer-up,single,2026-02-17 21:37:29.7220000
5531,698e1bdaffae8699322bb097,695.8999999985099,695.8999999985099,1,65,left-7,right,left-dark,light-up,greater-up,dual,2026-02-17 21:37:30.3970000
5532,698e1bdaffae8699322bb097,602,602,1,66,left-6,right,left-dark,dark-up,fewer-up,dual,2026-02-17 21:37:31.5020000
5533,5a4ff86beedc32000141f232,2189.5,2189.5,1,55,right-4,left,right-dark,light-up,greater-up,single,2026-02-17 21:37:32.4180000
5534,698e1bdaffae8699322bb097,635.3000000007451,635.3000000007451,1,67,right-5,left,right-dark,light-up,greater-up,dual,2026-02-17 21:37:32.6390000
5535,698e1bdaffae8699322bb097,572.9000000022352,572.9000000022352,1,68,left-2,right,left-dark,light-up,greater-up,dual,2026-02-17 21:37:33.7140000
5536,5a4ff86beedc32000141f232,1667.1000000238419,1667.1000000238419,1,56,left-0,left,left-dark,dark-up,greater-up,single,2026-02-17 21:37:34.6020000
5537,698e1bdaffae8699322bb097,533.3000000007451,533.3000000007451,0,69,right-6,left,right-dark,light-up,fewer-up,dual,2026-02-17 21:37:34.7500000
5538,5a4ff86beedc32000141f232,2140,2140,1,57,right-1,right,right-dark,light-up,fewer-up,single,2026-02-17 21:37:37.2580000
5539,698e1bdaffae8699322bb097,1394.5,1394.5,0,70,left-2,right,left-dark,light-up,fewer-up,dual,2026-02-17 21:37:37.6490000
5540,5a4ff86beedc32000141f232,1916.2000000476837,1916.2000000476837,1,58,left-2,left,left-dark,light-up,fewer-up,single,2026-02-17 21:37:39.6890000
5541,698e1bdaffae8699322bb097,1903.1000000014901,1903.1000000014901,0,71,left-6,right,left-dark,dark-up,greater-up,dual,2026-02-17 21:37:41.0570000
5542,5a4ff86beedc32000141f232,2802.599999964237,2802.599999964237,1,59,left-5,right,left-dark,light-up,greater-up,single,2026-02-17 21:37:42.9950000
5543,698e1bdaffae8699322bb097,627.8999999985099,627.8999999985099,0,72,left-8,left,left-dark,dark-up,fewer-up,dual,2026-02-17 21:37:43.1900000
5544,698e1bdaffae8699322bb097,544.1999999992549,544.1999999992549,1,73,right-7,right,right-dark,dark-up,greater-up,dual,2026-02-17 21:37:45.2390000
5545,698e1bdaffae8699322bb097,942.8999999985099,942.8999999985099,1,74,right-7,left,right-dark,dark-up,fewer-up,dual,2026-02-17 21:37:46.6840000
5546,698e1bdaffae8699322bb097,878.1999999992549,878.1999999992549,1,75,left-4,left,left-dark,dark-up,greater-up,dual,2026-02-17 21:37:48.0640000
5547,698e1bdaffae8699322bb097,1077.5,1077.5,1,76,left-8,right,left-dark,light-up,greater-up,dual,2026-02-17 21:37:49.6440000
5548,5a4ff86beedc32000141f232,2582,2582,1,60,left-5,left,left-dark,light-up,fewer-up,single,2026-02-17 21:37:50.7230000
5549,698e1bdaffae8699322bb097,1441,1441,1,77,right-0,right,right-dark,dark-up,greater-up,dual,2026-02-17 21:37:51.5870000
5550,698e1bdaffae8699322bb097,773.8999999985099,773.8999999985099,0,78,left-6,left,left-dark,light-up,greater-up,dual,2026-02-17 21:37:52.8630000
5551,5a4ff86beedc32000141f232,1726.2999999523163,1726.2999999523163,1,61,right-9,left,right-dark,dark-up,fewer-up,single,2026-02-17 21:37:52.9630000
5552,698e1bdaffae8699322bb097,655.5,655.5,0,79,left-7,left,left-dark,dark-up,fewer-up,dual,2026-02-17 21:37:55.0230000
5553,5a4ff86beedc32000141f232,2121.399999976158,2121.399999976158,1,62,right-6,right,right-dark,dark-up,greater-up,single,2026-02-17 21:37:55.5950000
5554,5a4ff86beedc32000141f232,1626.9000000357628,1626.9000000357628,1,63,right-2,right,right-dark,light-up,fewer-up,single,2026-02-17 21:37:57.7310000
5555,5a4ff86beedc32000141f232,1926.6000000238419,1926.6000000238419,1,64,left-6,left,left-dark,light-up,fewer-up,single,2026-02-17 21:38:00.1710000
5556,5a4ff86beedc32000141f232,1659.5999999642372,1659.5999999642372,1,65,right-9,right,right-dark,light-up,fewer-up,single,2026-02-17 21:38:02.3390000
5557,5a4ff86beedc32000141f232,2296,2296,1,66,right-0,left,right-dark,dark-up,fewer-up,single,2026-02-17 21:38:05.1470000
5558,5a4ff86beedc32000141f232,1648.699999988079,1648.699999988079,1,67,left-2,right,left-dark,light-up,greater-up,single,2026-02-17 21:38:07.3070000
5559,5a4ff86beedc32000141f232,1852.8999999761581,1852.8999999761581,1,68,right-7,right,right-dark,dark-up,greater-up,single,2026-02-17 21:38:09.6750000
5560,5a4ff86beedc32000141f232,1771.699999988079,1771.699999988079,1,69,right-6,left,right-dark,light-up,greater-up,single,2026-02-17 21:38:11.9630000
5561,5a4ff86beedc32000141f232,1701.0999999642372,1701.0999999642372,1,70,right-3,right,right-dark,dark-up,greater-up,single,2026-02-17 21:38:14.1710000
5562,66305c77f66c14d7ca20647d,2080.7999999523163,2080.7999999523163,1,20,left-2,left,left-dark,light-up,fewer-up,dual,2026-02-17 21:38:14.9740000
5563,5a4ff86beedc32000141f232,2205.7000000476837,2205.7000000476837,1,71,left-5,right,left-dark,dark-up,fewer-up,single,2026-02-17 21:38:16.8830000
5564,66305c77f66c14d7ca20647d,1492.9000000953674,1492.9000000953674,0,21,right-6,right,right-dark,light-up,greater-up,dual,2026-02-17 21:38:16.9840000
5565,5a4ff86beedc32000141f232,2084.899999976158,2084.899999976158,1,72,right-1,right,right-dark,dark-up,greater-up,single,2026-02-17 21:38:19.4830000
5566,66305c77f66c14d7ca20647d,2219.399999856949,2219.399999856949,1,22,left-4,left,left-dark,light-up,fewer-up,dual,2026-02-17 21:38:20.7280000
5567,5a4ff86beedc32000141f232,2372.800000011921,2372.800000011921,1,73,right-2,left,right-dark,light-up,greater-up,single,2026-02-17 21:38:22.3630000
5568,5a4ff86beedc32000141f232,1772.2999999523163,1772.2999999523163,1,74,left-4,left,left-dark,dark-up,greater-up,single,2026-02-17 21:38:24.6500000
5569,66305c77f66c14d7ca20647d,5806.099999904633,5806.099999904633,0,23,left-5,left,left-dark,light-up,greater-up,dual,2026-02-17 21:38:27.0490000
5570,5a4ff86beedc32000141f232,2742,2742,1,75,right-0,right,right-dark,light-up,fewer-up,single,2026-02-17 21:38:27.8990000
5571,5a4ff86beedc32000141f232,3835.899999976158,3835.899999976158,1,76,right-1,left,right-dark,light-up,greater-up,single,2026-02-17 21:38:32.2510000
5572,66305c77f66c14d7ca20647d,1868.9000000953674,1868.9000000953674,1,24,left-8,left,left-dark,dark-up,greater-up,dual,2026-02-17 21:38:30.4330000
5573,66305c77f66c14d7ca20647d,1769.7000000476837,1769.7000000476837,0,25,right-0,right,right-dark,light-up,greater-up,dual,2026-02-17 21:38:32.7150000
5574,5a4ff86beedc32000141f232,2936.300000011921,2936.300000011921,1,77,right-2,left,right-dark,dark-up,fewer-up,single,2026-02-17 21:38:35.6980000
5575,66305c77f66c14d7ca20647d,2693.2999999523163,2693.2999999523163,0,26,left-1,right,left-dark,dark-up,greater-up,dual,2026-02-17 21:38:36.9190000
5576,5a4ff86beedc32000141f232,2298,2298,1,78,left-2,right,left-dark,dark-up,fewer-up,single,2026-02-17 21:38:38.5060000
5577,5a4ff86beedc32000141f232,1694.0999999642372,1694.0999999642372,1,79,left-0,right,left-dark,dark-up,fewer-up,single,2026-02-17 21:38:40.7140000
5578,66305c77f66c14d7ca20647d,3955.0999999046326,3955.0999999046326,1,27,left-5,left,left-dark,light-up,fewer-up,dual,2026-02-17 21:38:42.3940000
5579,66305c77f66c14d7ca20647d,3624.0999999046326,3624.0999999046326,0,28,right-3,left,right-dark,light-up,fewer-up,dual,2026-02-17 21:38:46.5190000
5580,66305c77f66c14d7ca20647d,5311.099999904633,5311.099999904633,1,29,right-8,left,right-dark,dark-up,fewer-up,dual,2026-02-17 21:38:53.3390000
5581,67f02740d233a50f479c4e20,5261.5,5261.5,1,0,left-5,right,left-dark,dark-up,fewer-up,dual,2026-02-17 21:38:57.5590000
5582,66305c77f66c14d7ca20647d,3637.0999999046326,3637.0999999046326,0,30,left-2,left,left-dark,dark-up,fewer-up,dual,2026-02-17 21:38:57.4820000
5583,66305c77f66c14d7ca20647d,3666.7999999523163,3666.7999999523163,1,31,right-7,right,right-dark,light-up,fewer-up,dual,2026-02-17 21:39:02.6760000
5584,67f02740d233a50f479c4e20,6465.5,6465.5,1,1,right-2,left,right-dark,light-up,greater-up,dual,2026-02-17 21:39:04.5280000
5585,66305c77f66c14d7ca20647d,4421.5,4421.5,0,32,left-9,left,left-dark,dark-up,fewer-up,dual,2026-02-17 21:39:07.6130000
5586,67f02740d233a50f479c4e20,2690.899999856949,2690.899999856949,1,2,left-0,right,left-dark,light-up,greater-up,dual,2026-02-17 21:39:07.7230000
5587,66305c77f66c14d7ca20647d,2590.5999999046326,2590.5999999046326,1,33,left-7,left,left-dark,light-up,fewer-up,dual,2026-02-17 21:39:11.7200000
5588,67f02740d233a50f479c4e20,5344.299999952316,5344.299999952316,1,3,right-8,right,right-dark,dark-up,greater-up,dual,2026-02-17 21:39:13.5750000
5589,67f02740d233a50f479c4e20,4777,4777,1,4,left-9,left,left-dark,light-up,fewer-up,dual,2026-02-17 21:39:18.8570000
5590,66305c77f66c14d7ca20647d,7502.799999952316,7502.799999952316,1,34,left-9,left,left-dark,dark-up,greater-up,dual,2026-02-17 21:39:19.7280000
5591,67f02740d233a50f479c4e20,3964.2000000476837,3964.2000000476837,1,5,right-0,left,right-dark,light-up,greater-up,dual,2026-02-17 21:39:23.3270000
5592,66305c77f66c14d7ca20647d,4295.200000047684,4295.200000047684,1,35,right-1,right,right-dark,dark-up,greater-up,dual,2026-02-17 21:39:24.5390000
5593,67f02740d233a50f479c4e20,2037.8999998569489,2037.8999998569489,1,6,right-1,left,right-dark,light-up,greater-up,dual,2026-02-17 21:39:25.8790000
5594,67f02740d233a50f479c4e20,2549.2000000476837,2549.2000000476837,1,7,right-3,right,right-dark,dark-up,greater-up,dual,2026-02-17 21:39:28.9410000
5595,66305c77f66c14d7ca20647d,2395.2999999523163,2395.2999999523163,1,36,right-4,right,right-dark,light-up,fewer-up,dual,2026-02-17 21:39:27.4430000
5596,66305c77f66c14d7ca20647d,1326.1999998092651,1326.1999998092651,0,37,right-6,right,right-dark,dark-up,fewer-up,dual,2026-02-17 21:39:29.2720000
5597,67f02740d233a50f479c4e20,1957.2000000476837,1957.2000000476837,1,8,right-4,right,right-dark,dark-up,greater-up,dual,2026-02-17 21:39:31.4020000
5598,66305c77f66c14d7ca20647d,2084.0999999046326,2084.0999999046326,1,38,left-3,left,left-dark,dark-up,greater-up,dual,2026-02-17 21:39:32.8800000
5599,67f02740d233a50f479c4e20,1981.2999999523163,1981.2999999523163,1,9,right-6,right,right-dark,dark-up,greater-up,dual,2026-02-17 21:39:33.8920000
5600,67f02740d233a50f479c4e20,3252.7999999523163,3252.7999999523163,1,10,left-6,left,left-dark,light-up,fewer-up,dual,2026-02-17 21:39:37.6640000
5601,67f02740d233a50f479c4e20,1562.8000001907349,1562.8000001907349,1,11,right-0,right,right-dark,dark-up,greater-up,dual,2026-02-17 21:39:39.7410000
5602,66305c77f66c14d7ca20647d,7840.799999952316,7840.799999952316,0,39,left-6,left,left-dark,dark-up,fewer-up,dual,2026-02-17 21:39:41.2230000
5603,67f02740d233a50f479c4e20,5217.199999809265,5217.199999809265,1,12,right-5,right,right-dark,light-up,fewer-up,dual,2026-02-17 21:39:45.4760000
5604,67f02740d233a50f479c4e20,2868.2000000476837,2868.2000000476837,1,13,left-0,right,left-dark,dark-up,fewer-up,dual,2026-02-17 21:39:48.8590000
5605,67f02740d233a50f479c4e20,1560.2000000476837,1560.2000000476837,1,14,left-9,left,left-dark,dark-up,greater-up,dual,2026-02-17 21:39:50.9240000
5606,67f02740d233a50f479c4e20,1455.7999999523163,1455.7999999523163,1,15,right-8,right,right-dark,light-up,fewer-up,dual,2026-02-17 21:39:52.8830000
5607,5ac1209968b65b00018d301d,2605.5,2605.5,1,0,right-5,left,right-dark,light-up,greater-up,single,2026-02-17 21:39:58.7080000
5608,67f02740d233a50f479c4e20,5865,5865,1,16,left-7,left,left-dark,light-up,fewer-up,dual,2026-02-17 21:39:59.2540000
5609,5ac1209968b65b00018d301d,2889.10000000149,2889.10000000149,1,1,right-8,left,right-dark,light-up,greater-up,single,2026-02-17 21:40:02.1150000
5610,67f02740d233a50f479c4e20,3306.5999999046326,3306.5999999046326,1,17,left-6,right,left-dark,light-up,greater-up,dual,2026-02-17 21:40:03.0640000
5611,5ac1209968b65b00018d301d,3213.7000000029802,3213.7000000029802,1,2,right-4,left,right-dark,dark-up,fewer-up,single,2026-02-17 21:40:05.8330000
5612,67f02740d233a50f479c4e20,4951.5,4951.5,1,18,left-1,right,left-dark,dark-up,fewer-up,dual,2026-02-17 21:40:08.5290000
5613,5ac1209968b65b00018d301d,2879.60000000149,2879.60000000149,1,3,left-8,left,left-dark,light-up,fewer-up,single,2026-02-17 21:40:09.2170000
5614,5ac1209968b65b00018d301d,3324.9000000059605,3324.9000000059605,1,4,left-0,left,left-dark,light-up,fewer-up,single,2026-02-17 21:40:13.0460000
5615,67f02740d233a50f479c4e20,5103.299999952316,5103.299999952316,1,19,left-2,right,left-dark,dark-up,fewer-up,dual,2026-02-17 21:40:14.1430000
5616,5ac1209968b65b00018d301d,2731.10000000149,2731.10000000149,0,5,right-6,left,right-dark,dark-up,greater-up,single,2026-02-17 21:40:16.2800000
5617,5ac1209968b65b00018d301d,4208.79999999702,4208.79999999702,1,6,left-4,left,left-dark,light-up,fewer-up,single,2026-02-17 21:40:21.9940000
5618,5ac1209968b65b00018d301d,2163.1999999955297,2163.1999999955297,1,7,left-7,left,left-dark,dark-up,greater-up,single,2026-02-17 21:40:24.6600000
5619,5ac1209968b65b00018d301d,2086,2086,1,8,left-7,right,left-dark,dark-up,fewer-up,single,2026-02-17 21:40:27.2490000
5620,67f02740d233a50f479c4e20,4986.200000047684,4986.200000047684,1,20,right-0,right,right-dark,light-up,fewer-up,dual,2026-02-17 21:40:30.4080000
5621,5ac1209968b65b00018d301d,2833,2833,1,9,left-1,right,left-dark,dark-up,fewer-up,single,2026-02-17 21:40:30.5860000
5622,5ac1209968b65b00018d301d,2051.6999999955297,2051.6999999955297,1,10,right-7,right,right-dark,dark-up,greater-up,single,2026-02-17 21:40:33.1400000
5623,67f02740d233a50f479c4e20,4162.600000143051,4162.600000143051,1,21,left-0,left,left-dark,light-up,fewer-up,dual,2026-02-17 21:40:35.0860000
5624,5ac1209968b65b00018d301d,1580.0999999940395,1580.0999999940395,1,11,right-2,right,right-dark,dark-up,greater-up,single,2026-02-17 21:40:35.2230000
5625,5ac1209968b65b00018d301d,1882.5,1882.5,1,12,right-0,left,right-dark,dark-up,fewer-up,single,2026-02-17 21:40:37.6090000
5626,5ac1209968b65b00018d301d,4199.39999999851,4199.39999999851,1,13,left-6,right,left-dark,light-up,greater-up,single,2026-02-17 21:40:42.3120000
5627,5ac1209968b65b00018d301d,1883.8999999985099,1883.8999999985099,1,14,right-6,left,right-dark,dark-up,fewer-up,single,2026-02-17 21:40:44.7000000
5628,5ac1209968b65b00018d301d,2370.39999999851,2370.39999999851,1,15,right-6,right,right-dark,light-up,fewer-up,single,2026-02-17 21:40:47.5760000
5629,5ac1209968b65b00018d301d,1564.1000000014901,1564.1000000014901,1,16,right-1,left,right-dark,light-up,greater-up,single,2026-02-17 21:40:49.6440000
5630,5ac1209968b65b00018d301d,2536.60000000149,2536.60000000149,1,17,right-3,right,right-dark,dark-up,greater-up,single,2026-02-17 21:40:52.6840000
5631,5ac1209968b65b00018d301d,3133.8000000044703,3133.8000000044703,1,18,right-4,right,right-dark,light-up,fewer-up,single,2026-02-17 21:40:56.3210000
5632,5ac1209968b65b00018d301d,1833,1833,1,19,right-5,right,right-dark,light-up,fewer-up,single,2026-02-17 21:40:58.6570000
5633,5ac1209968b65b00018d301d,1446.1000000014901,1446.1000000014901,1,20,left-1,left,left-dark,dark-up,greater-up,single,2026-02-17 21:41:06.0370000
5634,66305c77f66c14d7ca20647d,2722.7000000476837,2722.7000000476837,1,40,right-4,left,right-dark,light-up,greater-up,dual,2026-02-17 21:41:06.3710000
5635,5ac1209968b65b00018d301d,1732.3000000044703,1732.3000000044703,1,21,left-6,left,left-dark,dark-up,greater-up,single,2026-02-17 21:41:08.2720000
5636,66305c77f66c14d7ca20647d,2933,2933,1,41,right-9,left,right-dark,light-up,greater-up,dual,2026-02-17 21:41:09.8130000
5637,5ac1209968b65b00018d301d,1513.5,1513.5,1,22,left-8,right,left-dark,dark-up,fewer-up,single,2026-02-17 21:41:10.2900000
5638,5ac1209968b65b00018d301d,1880,1880,1,23,right-3,left,right-dark,dark-up,fewer-up,single,2026-02-17 21:41:12.6740000
5639,66305c77f66c14d7ca20647d,3441.0999999046326,3441.0999999046326,1,42,left-9,right,left-dark,light-up,greater-up,dual,2026-02-17 21:41:13.7580000
5640,5ac1209968b65b00018d301d,2313.7000000029802,2313.7000000029802,1,24,left-3,right,left-dark,dark-up,fewer-up,single,2026-02-17 21:41:15.4910000
5641,66305c77f66c14d7ca20647d,2172.2999999523163,2172.2999999523163,0,43,left-5,left,left-dark,dark-up,fewer-up,dual,2026-02-17 21:41:16.4360000
5642,5ac1209968b65b00018d301d,2062.2999999970198,2062.2999999970198,1,25,right-1,right,right-dark,dark-up,greater-up,single,2026-02-17 21:41:18.0570000
5643,67f02740d233a50f479c4e20,5119.700000047684,5119.700000047684,1,22,right-9,left,right-dark,dark-up,fewer-up,dual,2026-02-17 21:40:40.7240000
5644,66305c77f66c14d7ca20647d,1507.5,1507.5,1,44,left-2,right,left-dark,light-up,greater-up,dual,2026-02-17 21:41:19.4590000
5645,5ac1209968b65b00018d301d,2108.10000000149,2108.10000000149,1,26,right-7,left,right-dark,dark-up,fewer-up,single,2026-02-17 21:41:20.6690000
5646,5ac1209968b65b00018d301d,1987.6000000014901,1987.6000000014901,1,27,right-2,left,right-dark,light-up,greater-up,single,2026-02-17 21:41:23.1600000
5647,66aa8d04719b0f5ef3433e9c,3850.7000000001863,3850.7000000001863,1,0,right-0,right,right-dark,light-up,fewer-up,dual,2026-02-17 21:41:24.0130000
5648,66305c77f66c14d7ca20647d,5358.399999856949,5358.399999856949,0,45,left-0,left,left-dark,dark-up,fewer-up,dual,2026-02-17 21:41:25.3270000
5649,5ac1209968b65b00018d301d,2775,2775,0,28,left-8,right,left-dark,dark-up,greater-up,single,2026-02-17 21:41:26.4380000
5650,67f02740d233a50f479c4e20,1884.6999998092651,1884.6999998092651,1,23,left-7,left,left-dark,dark-up,greater-up,dual,2026-02-17 21:40:43.1180000
5651,67f02740d233a50f479c4e20,3308.5,3308.5,1,24,right-3,left,right-dark,dark-up,fewer-up,dual,2026-02-17 21:40:46.9300000
5652,67f02740d233a50f479c4e20,2138.300000190735,2138.300000190735,1,25,right-1,left,right-dark,dark-up,fewer-up,dual,2026-02-17 21:40:49.5770000
5653,67f02740d233a50f479c4e20,1420.5,1420.5,1,26,right-3,right,right-dark,light-up,fewer-up,dual,2026-02-17 21:40:51.5100000
5654,67f02740d233a50f479c4e20,2670.2999999523163,2670.2999999523163,1,27,left-5,right,left-dark,light-up,greater-up,dual,2026-02-17 21:40:54.6880000
5655,67f02740d233a50f479c4e20,2793.2999999523163,2793.2999999523163,1,28,left-8,left,left-dark,light-up,fewer-up,dual,2026-02-17 21:40:57.9950000
5656,67f02740d233a50f479c4e20,2159.100000143051,2159.100000143051,1,29,right-3,left,right-dark,light-up,greater-up,dual,2026-02-17 21:41:00.6610000
5657,67f02740d233a50f479c4e20,4437.799999952316,4437.799999952316,1,30,right-8,left,right-dark,dark-up,fewer-up,dual,2026-02-17 21:41:05.6070000
5658,67f02740d233a50f479c4e20,2316.2000000476837,2316.2000000476837,1,31,left-9,right,left-dark,light-up,greater-up,dual,2026-02-17 21:41:08.4370000
5659,67f02740d233a50f479c4e20,1643,1643,1,32,left-5,left,left-dark,light-up,fewer-up,dual,2026-02-17 21:41:10.5810000
5660,67f02740d233a50f479c4e20,3568.0999999046326,3568.0999999046326,1,33,left-7,right,left-dark,dark-up,fewer-up,dual,2026-02-17 21:41:14.6540000
5661,67f02740d233a50f479c4e20,5166.799999952316,5166.799999952316,1,34,right-7,right,right-dark,light-up,fewer-up,dual,2026-02-17 21:41:20.3340000
5662,67f02740d233a50f479c4e20,2865.100000143051,2865.100000143051,1,35,left-2,left,left-dark,light-up,fewer-up,dual,2026-02-17 21:41:23.7160000
5663,67f02740d233a50f479c4e20,1503.5,1503.5,1,36,left-5,left,left-dark,dark-up,greater-up,dual,2026-02-17 21:41:25.7340000
5664,66aa8d04719b0f5ef3433e9c,4031.3000000002794,4031.3000000002794,1,1,right-6,left,right-dark,light-up,greater-up,dual,2026-02-17 21:41:28.5550000
5665,67f02740d233a50f479c4e20,1416,1416,1,37,left-8,right,left-dark,dark-up,fewer-up,dual,2026-02-17 21:41:27.6660000
5666,67f02740d233a50f479c4e20,1540,1540,1,38,left-8,right,left-dark,light-up,greater-up,dual,2026-02-17 21:41:29.7200000
5667,5ac1209968b65b00018d301d,2074.10000000149,2074.10000000149,1,29,right-3,left,right-dark,light-up,greater-up,single,2026-02-17 21:41:30.0170000
5668,66305c77f66c14d7ca20647d,3592.4000000953674,3592.4000000953674,1,46,right-4,right,right-dark,dark-up,greater-up,dual,2026-02-17 21:41:30.4400000
5669,66aa8d04719b0f5ef3433e9c,2453.5,2453.5,1,2,right-2,right,right-dark,light-up,fewer-up,dual,2026-02-17 21:41:31.5230000
5670,67f02740d233a50f479c4e20,1888.0999999046326,1888.0999999046326,1,39,right-7,left,right-dark,dark-up,fewer-up,dual,2026-02-17 21:41:32.1230000
5671,5ac1209968b65b00018d301d,1650.4000000059605,1650.4000000059605,1,30,right-6,left,right-dark,light-up,greater-up,single,2026-02-17 21:41:32.1710000
5672,66305c77f66c14d7ca20647d,1963.0999999046326,1963.0999999046326,0,47,left-4,left,left-dark,dark-up,fewer-up,dual,2026-02-17 21:41:32.9140000
5673,5ac1209968b65b00018d301d,2554.6999999955297,2554.6999999955297,1,31,left-7,left,left-dark,light-up,fewer-up,single,2026-02-17 21:41:35.2300000
5674,66aa8d04719b0f5ef3433e9c,4782.399999999907,4782.399999999907,1,3,right-7,left,right-dark,dark-up,fewer-up,dual,2026-02-17 21:41:36.8160000
5675,66305c77f66c14d7ca20647d,2328.600000143051,2328.600000143051,1,48,left-2,left,left-dark,dark-up,greater-up,dual,2026-02-17 21:41:36.7540000
5676,5ac1209968b65b00018d301d,3569.2999999970198,3569.2999999970198,1,32,left-9,left,left-dark,dark-up,greater-up,single,2026-02-17 21:41:39.3020000
5677,66aa8d04719b0f5ef3433e9c,3276.8000000002794,3276.8000000002794,0,4,right-3,right,right-dark,light-up,greater-up,dual,2026-02-17 21:41:40.5970000
5678,66305c77f66c14d7ca20647d,4132,4132,1,49,left-8,right,left-dark,dark-up,fewer-up,dual,2026-02-17 21:41:41.4040000
5679,66aa8d04719b0f5ef3433e9c,2117.399999999907,2117.399999999907,1,5,right-2,right,right-dark,dark-up,greater-up,dual,2026-02-17 21:41:44.2370000
5680,5ac1209968b65b00018d301d,4065.5,4065.5,1,33,right-9,right,right-dark,light-up,fewer-up,single,2026-02-17 21:41:43.8710000
5681,67f02740d233a50f479c4e20,7884.900000095367,7884.900000095367,1,40,left-4,left,left-dark,dark-up,greater-up,dual,2026-02-17 21:41:45.8060000
5682,66aa8d04719b0f5ef3433e9c,2483.399999999907,2483.399999999907,1,6,right-3,right,right-dark,light-up,fewer-up,dual,2026-02-17 21:41:47.2380000
5683,5ac1209968b65b00018d301d,2128,2128,1,34,left-0,right,left-dark,light-up,greater-up,single,2026-02-17 21:41:46.5020000
5684,66305c77f66c14d7ca20647d,5458,5458,0,50,left-0,left,left-dark,light-up,greater-up,dual,2026-02-17 21:41:47.3760000
5685,67f02740d233a50f479c4e20,1353,1353,1,41,left-6,left,left-dark,dark-up,greater-up,dual,2026-02-17 21:41:47.6700000
5686,5ac1209968b65b00018d301d,2241.8000000044703,2241.8000000044703,1,35,right-8,left,right-dark,dark-up,fewer-up,single,2026-02-17 21:41:49.2470000
5687,66aa8d04719b0f5ef3433e9c,3114.9000000003725,3114.9000000003725,1,7,left-8,left,left-dark,dark-up,greater-up,dual,2026-02-17 21:41:50.8670000
5688,67f02740d233a50f479c4e20,1211.3999998569489,1211.3999998569489,1,42,left-1,left,left-dark,dark-up,greater-up,dual,2026-02-17 21:41:49.3880000
5689,66305c77f66c14d7ca20647d,2663.2999999523163,2663.2999999523163,1,51,right-9,right,right-dark,dark-up,greater-up,dual,2026-02-17 21:41:51.5750000
5690,5ac1209968b65b00018d301d,2359.2000000029802,2359.2000000029802,1,36,left-9,right,left-dark,light-up,greater-up,single,2026-02-17 21:41:52.1100000
5691,5ac1209968b65b00018d301d,1521.7000000029802,1521.7000000029802,1,37,left-4,left,left-dark,dark-up,greater-up,single,2026-02-17 21:41:54.1350000
5692,67f02740d233a50f479c4e20,4694.600000143051,4694.600000143051,1,43,right-2,left,right-dark,dark-up,fewer-up,dual,2026-02-17 21:41:54.5910000
5693,66aa8d04719b0f5ef3433e9c,4098.5,4098.5,1,8,right-0,left,right-dark,light-up,greater-up,dual,2026-02-17 21:41:55.4700000
5694,66305c77f66c14d7ca20647d,2705.0999999046326,2705.0999999046326,1,52,right-0,right,right-dark,dark-up,greater-up,dual,2026-02-17 21:41:54.7860000
5695,5ac1209968b65b00018d301d,2378.1999999955297,2378.1999999955297,1,38,left-6,left,left-dark,light-up,fewer-up,single,2026-02-17 21:41:57.0170000
5696,67f02740d233a50f479c4e20,2363.4000000953674,2363.4000000953674,1,44,left-8,left,left-dark,dark-up,greater-up,dual,2026-02-17 21:41:57.4600000
5697,66aa8d04719b0f5ef3433e9c,2447.0999999996275,2447.0999999996275,1,9,right-7,right,right-dark,light-up,fewer-up,dual,2026-02-17 21:41:58.4200000
5698,66305c77f66c14d7ca20647d,2847.7999999523163,2847.7999999523163,1,53,right-3,right,right-dark,dark-up,greater-up,dual,2026-02-17 21:41:58.1450000
5699,67f02740d233a50f479c4e20,2161.4000000953674,2161.4000000953674,1,45,left-9,right,left-dark,dark-up,fewer-up,dual,2026-02-17 21:42:00.1290000
5700,5ac1209968b65b00018d301d,2063.2999999970198,2063.2999999970198,1,39,left-1,left,left-dark,light-up,fewer-up,single,2026-02-17 21:41:59.5840000
5701,66305c77f66c14d7ca20647d,2182.4000000953674,2182.4000000953674,0,54,right-8,right,right-dark,light-up,greater-up,dual,2026-02-17 21:42:00.8450000
5702,66aa8d04719b0f5ef3433e9c,3643.399999999907,3643.399999999907,1,10,right-1,left,right-dark,light-up,greater-up,dual,2026-02-17 21:42:02.5680000
5703,67f02740d233a50f479c4e20,1486.8000001907349,1486.8000001907349,1,46,left-1,right,left-dark,light-up,greater-up,dual,2026-02-17 21:42:02.1190000
5704,66305c77f66c14d7ca20647d,1727.5,1727.5,1,55,left-5,left,left-dark,dark-up,greater-up,dual,2026-02-17 21:42:04.0920000
5705,5ac1209968b65b00018d301d,2429.10000000149,2429.10000000149,1,40,left-3,left,left-dark,light-up,fewer-up,single,2026-02-17 21:42:05.4150000
5706,67f02740d233a50f479c4e20,3207.199999809265,3207.199999809265,1,47,right-4,right,right-dark,light-up,fewer-up,dual,2026-02-17 21:42:05.8370000
5707,66aa8d04719b0f5ef3433e9c,4444.700000000186,4444.700000000186,1,11,left-1,left,left-dark,light-up,fewer-up,dual,2026-02-17 21:42:07.5160000
5708,66305c77f66c14d7ca20647d,2249,2249,0,56,right-2,right,right-dark,light-up,greater-up,dual,2026-02-17 21:42:06.8450000
5709,5ac1209968b65b00018d301d,1432.8999999985099,1432.8999999985099,1,41,right-4,right,right-dark,dark-up,greater-up,single,2026-02-17 21:42:07.3510000
5710,67f02740d233a50f479c4e20,1728.2999999523163,1728.2999999523163,1,48,right-1,right,right-dark,light-up,fewer-up,dual,2026-02-17 21:42:08.0760000
5711,5ac1209968b65b00018d301d,1307.7000000029802,1307.7000000029802,1,42,left-9,left,left-dark,light-up,fewer-up,single,2026-02-17 21:42:09.1620000
5712,66305c77f66c14d7ca20647d,1015.2999999523163,1015.2999999523163,0,57,left-3,left,left-dark,light-up,greater-up,dual,2026-02-17 21:42:09.3650000
5713,67f02740d233a50f479c4e20,1643.5,1643.5,1,49,right-9,left,right-dark,light-up,greater-up,dual,2026-02-17 21:42:10.2260000
5714,5ac1209968b65b00018d301d,1534.8999999985099,1534.8999999985099,1,43,right-7,left,right-dark,light-up,greater-up,single,2026-02-17 21:42:11.2010000
5715,66aa8d04719b0f5ef3433e9c,4502.600000000093,4502.600000000093,1,12,right-5,right,right-dark,light-up,fewer-up,dual,2026-02-17 21:42:12.5340000
5716,66305c77f66c14d7ca20647d,1658.4000000953674,1658.4000000953674,1,58,right-9,right,right-dark,light-up,fewer-up,dual,2026-02-17 21:42:12.5390000
5717,5ac1209968b65b00018d301d,2231,2231,1,44,left-5,right,left-dark,dark-up,fewer-up,single,2026-02-17 21:42:13.9360000
5718,66305c77f66c14d7ca20647d,1051.7999999523163,1051.7999999523163,0,59,left-3,left,left-dark,dark-up,fewer-up,dual,2026-02-17 21:42:14.0980000
5719,67f02740d233a50f479c4e20,4118.600000143051,4118.600000143051,1,50,left-3,right,left-dark,dark-up,fewer-up,dual,2026-02-17 21:42:14.8490000
5720,5ac1209968b65b00018d301d,1615.5,1615.5,1,45,left-0,right,left-dark,dark-up,fewer-up,single,2026-02-17 21:42:16.0560000
5721,638144b112820e51c06fb151,6238.5999999940395,6238.5999999940395,1,0,left-6,right,left-dark,dark-up,fewer-up,dual,2026-02-17 21:42:17.7230000
5722,66aa8d04719b0f5ef3433e9c,5067.100000000093,5067.100000000093,0,13,right-6,right,right-dark,dark-up,fewer-up,dual,2026-02-17 21:42:18.1120000
5723,67f02740d233a50f479c4e20,2358.2000000476837,2358.2000000476837,1,51,left-2,right,left-dark,light-up,greater-up,dual,2026-02-17 21:42:17.7230000
5724,5ac1209968b65b00018d301d,2193.5,2193.5,1,46,left-2,left,left-dark,dark-up,greater-up,single,2026-02-17 21:42:18.7550000
5725,638144b112820e51c06fb151,2386.199999988079,2386.199999988079,1,1,right-1,right,right-dark,light-up,fewer-up,dual,2026-02-17 21:42:20.6200000
5726,67f02740d233a50f479c4e20,1785.7999999523163,1785.7999999523163,1,52,left-2,left,left-dark,dark-up,greater-up,dual,2026-02-17 21:42:20.0170000
5727,5ac1209968b65b00018d301d,2413.60000000149,2413.60000000149,1,47,left-4,right,left-dark,light-up,greater-up,single,2026-02-17 21:42:21.6730000
5728,638144b112820e51c06fb151,2570,2570,1,2,left-7,left,left-dark,dark-up,greater-up,dual,2026-02-17 21:42:23.7080000
5729,66305c77f66c14d7ca20647d,2400.0999999046326,2400.0999999046326,1,60,left-7,left,left-dark,dark-up,greater-up,dual,2026-02-17 21:42:23.1800000
5730,5ac1209968b65b00018d301d,2027.2999999970198,2027.2999999970198,1,48,right-2,left,right-dark,dark-up,fewer-up,single,2026-02-17 21:42:24.2040000
5731,67f02740d233a50f479c4e20,4216.200000047684,4216.200000047684,1,53,right-2,right,right-dark,dark-up,greater-up,dual,2026-02-17 21:42:24.7450000
5732,638144b112820e51c06fb151,1865.9000000059605,1865.9000000059605,1,3,left-0,right,left-dark,light-up,greater-up,dual,2026-02-17 21:42:26.0830000
5733,66305c77f66c14d7ca20647d,1979,1979,0,61,left-4,left,left-dark,light-up,greater-up,dual,2026-02-17 21:42:25.6770000
5734,638144b112820e51c06fb151,1682.699999988079,1682.699999988079,1,4,right-5,right,right-dark,light-up,fewer-up,dual,2026-02-17 21:42:28.2830000
5735,5ac1209968b65b00018d301d,2346.5,2346.5,1,49,right-5,left,right-dark,dark-up,fewer-up,single,2026-02-17 21:42:27.0540000
5736,66305c77f66c14d7ca20647d,1679.0999999046326,1679.0999999046326,0,62,left-8,left,left-dark,light-up,greater-up,dual,2026-02-17 21:42:28.8870000
5737,5ac1209968b65b00018d301d,1745.5999999940395,1745.5999999940395,1,50,right-3,right,right-dark,light-up,fewer-up,single,2026-02-17 21:42:29.3030000
5738,67f02740d233a50f479c4e20,4619.200000047684,4619.200000047684,1,54,right-5,left,right-dark,light-up,greater-up,dual,2026-02-17 21:42:29.8800000
5739,638144b112820e51c06fb151,3278.2000000178814,3278.2000000178814,1,5,right-1,right,right-dark,dark-up,greater-up,dual,2026-02-17 21:42:32.0670000
5740,5ac1209968b65b00018d301d,1661.7999999970198,1661.7999999970198,1,51,right-5,right,right-dark,dark-up,greater-up,single,2026-02-17 21:42:31.4690000
5741,67f02740d233a50f479c4e20,2492,2492,1,55,left-3,left,left-dark,dark-up,greater-up,dual,2026-02-17 21:42:32.8790000
5742,638144b112820e51c06fb151,2262.5999999940395,2262.5999999940395,0,6,right-1,right,right-dark,light-up,greater-up,dual,2026-02-17 21:42:34.8440000
5743,66305c77f66c14d7ca20647d,3372.2999999523163,3372.2999999523163,0,63,right-1,right,right-dark,dark-up,fewer-up,dual,2026-02-17 21:42:33.7710000
5744,5ac1209968b65b00018d301d,2644.1999999955297,2644.1999999955297,1,52,left-1,right,left-dark,light-up,greater-up,single,2026-02-17 21:42:34.6170000
5745,66305c77f66c14d7ca20647d,1008.1999998092651,1008.1999998092651,0,64,left-7,left,left-dark,dark-up,fewer-up,dual,2026-02-17 21:42:36.2900000
5746,5ac1209968b65b00018d301d,1782.2000000029802,1782.2000000029802,1,53,left-0,left,left-dark,dark-up,greater-up,single,2026-02-17 21:42:36.9030000
5747,638144b112820e51c06fb151,2616.5,2616.5,1,7,left-6,left,left-dark,dark-up,greater-up,dual,2026-02-17 21:42:38.9710000
5748,638144b112820e51c06fb151,1143.7000000178814,1143.7000000178814,1,8,right-8,right,right-dark,light-up,fewer-up,dual,2026-02-17 21:42:40.6270000
5749,66aa8d04719b0f5ef3433e9c,20321.600000000093,20321.600000000093,0,14,left-7,left,left-dark,light-up,greater-up,dual,2026-02-17 21:42:39.9590000
5750,66305c77f66c14d7ca20647d,1685.2999999523163,1685.2999999523163,1,65,right-5,left,right-dark,dark-up,fewer-up,dual,2026-02-17 21:42:39.4860000
5751,5ac1209968b65b00018d301d,2079,2079,1,54,right-0,left,right-dark,light-up,greater-up,single,2026-02-17 21:42:39.4860000
5752,67f02740d233a50f479c4e20,6864.199999809265,6864.199999809265,1,56,right-7,left,right-dark,light-up,greater-up,dual,2026-02-17 21:42:40.2480000
5753,5ac1209968b65b00018d301d,2413.89999999851,2413.89999999851,1,55,left-2,right,left-dark,light-up,greater-up,single,2026-02-17 21:42:42.4030000
5754,67f02740d233a50f479c4e20,2321,2321,1,57,right-5,left,right-dark,dark-up,fewer-up,dual,2026-02-17 21:42:43.0840000
5755,638144b112820e51c06fb151,3196.4000000059605,3196.4000000059605,1,9,right-6,right,right-dark,dark-up,greater-up,dual,2026-02-17 21:42:44.3310000
5756,638144b112820e51c06fb151,1698.800000011921,1698.800000011921,1,10,right-6,left,right-dark,light-up,greater-up,dual,2026-02-17 21:42:46.5480000
5757,5ac1209968b65b00018d301d,2742.3000000044703,2742.3000000044703,1,56,left-6,right,left-dark,dark-up,fewer-up,single,2026-02-17 21:42:45.6490000
5758,66305c77f66c14d7ca20647d,6522.299999952316,6522.299999952316,0,66,right-3,right,right-dark,light-up,greater-up,dual,2026-02-17 21:42:46.5140000
5759,67f02740d233a50f479c4e20,2954.600000143051,2954.600000143051,1,58,left-3,left,left-dark,light-up,fewer-up,dual,2026-02-17 21:42:46.5500000
5760,66aa8d04719b0f5ef3433e9c,6067.600000000093,6067.600000000093,0,15,right-4,right,right-dark,dark-up,fewer-up,dual,2026-02-17 21:42:47.5340000
5761,638144b112820e51c06fb151,2640.0999999940395,2640.0999999940395,1,11,right-9,left,right-dark,dark-up,fewer-up,dual,2026-02-17 21:42:49.6990000
5762,5ac1209968b65b00018d301d,2430.5999999940395,2430.5999999940395,1,57,right-9,left,right-dark,dark-up,fewer-up,single,2026-02-17 21:42:48.5840000
5763,66305c77f66c14d7ca20647d,1595.9000000953674,1595.9000000953674,0,67,left-1,left,left-dark,light-up,greater-up,dual,2026-02-17 21:42:49.6250000
5764,638144b112820e51c06fb151,1751.2000000178814,1751.2000000178814,1,12,right-2,right,right-dark,dark-up,greater-up,dual,2026-02-17 21:42:51.9550000
5765,67f02740d233a50f479c4e20,4074.4000000953674,4074.4000000953674,1,59,right-6,right,right-dark,light-up,fewer-up,dual,2026-02-17 21:42:51.1350000
5766,5ac1209968b65b00018d301d,2659.60000000149,2659.60000000149,1,58,left-3,right,left-dark,light-up,greater-up,single,2026-02-17 21:42:51.7470000
5767,638144b112820e51c06fb151,1164.5999999940395,1164.5999999940395,1,13,left-9,left,left-dark,light-up,fewer-up,dual,2026-02-17 21:42:53.6350000
5768,5ac1209968b65b00018d301d,2160.10000000149,2160.10000000149,1,59,left-5,left,left-dark,dark-up,greater-up,single,2026-02-17 21:42:54.4090000
5769,638144b112820e51c06fb151,2666.800000011921,2666.800000011921,0,14,right-0,right,right-dark,light-up,greater-up,dual,2026-02-17 21:42:56.8200000
5770,66305c77f66c14d7ca20647d,6013.200000047684,6013.200000047684,1,68,left-4,left,left-dark,dark-up,greater-up,dual,2026-02-17 21:42:57.1480000
5771,66aa8d04719b0f5ef3433e9c,9758.600000000093,9758.600000000093,1,16,right-9,right,right-dark,dark-up,greater-up,dual,2026-02-17 21:42:58.8180000
5772,638144b112820e51c06fb151,2213.5999999940395,2213.5999999940395,0,15,right-0,left,right-dark,dark-up,greater-up,dual,2026-02-17 21:43:00.5470000
5773,5ac1209968b65b00018d301d,2154.5,2154.5,1,60,right-1,right,right-dark,light-up,fewer-up,single,2026-02-17 21:43:01.2380000
5774,638144b112820e51c06fb151,963.7000000178814,963.7000000178814,0,16,left-1,right,left-dark,dark-up,greater-up,dual,2026-02-17 21:43:03.0430000
5775,66305c77f66c14d7ca20647d,4083.2999999523163,4083.2999999523163,1,69,right-7,left,right-dark,dark-up,fewer-up,dual,2026-02-17 21:43:01.7450000
5776,5ac1209968b65b00018d301d,2221.5,2221.5,1,61,right-4,left,right-dark,light-up,greater-up,single,2026-02-17 21:43:03.9630000
5777,66aa8d04719b0f5ef3433e9c,5166.299999999814,5166.299999999814,1,17,left-8,left,left-dark,light-up,fewer-up,dual,2026-02-17 21:43:04.4990000
5778,638144b112820e51c06fb151,1951.5,1951.5,0,17,right-3,left,right-dark,dark-up,greater-up,dual,2026-02-17 21:43:06.5140000
5779,5ac1209968b65b00018d301d,1997.3000000044703,1997.3000000044703,1,62,right-0,right,right-dark,light-up,fewer-up,single,2026-02-17 21:43:06.4640000
5780,66aa8d04719b0f5ef3433e9c,2692.600000000093,2692.600000000093,1,18,left-9,right,left-dark,light-up,greater-up,dual,2026-02-17 21:43:07.7030000
5781,638144b112820e51c06fb151,1339.300000011921,1339.300000011921,1,18,right-2,right,right-dark,light-up,fewer-up,dual,2026-02-17 21:43:09.3710000
5782,5ac1209968b65b00018d301d,1550.2999999970198,1550.2999999970198,1,63,left-5,right,left-dark,light-up,greater-up,single,2026-02-17 21:43:08.5200000
5783,66305c77f66c14d7ca20647d,6601.900000095367,6601.900000095367,0,70,right-5,left,right-dark,dark-up,greater-up,dual,2026-02-17 21:43:08.8650000
5784,638144b112820e51c06fb151,2246,2246,1,19,left-3,left,left-dark,dark-up,greater-up,dual,2026-02-17 21:43:12.1310000
5785,5ac1209968b65b00018d301d,1828.8999999985099,1828.8999999985099,1,64,left-8,right,left-dark,light-up,greater-up,single,2026-02-17 21:43:10.8520000
5786,67f02740d233a50f479c4e20,5480.900000095367,5480.900000095367,1,60,right-6,left,right-dark,dark-up,fewer-up,dual,2026-02-17 21:43:12.6550000
5787,5ac1209968b65b00018d301d,1708.2000000029802,1708.2000000029802,1,65,left-7,right,left-dark,light-up,greater-up,single,2026-02-17 21:43:13.0630000
5788,66aa8d04719b0f5ef3433e9c,5934.799999999814,5934.799999999814,1,19,left-1,right,left-dark,light-up,greater-up,dual,2026-02-17 21:43:14.1420000
5789,5ac1209968b65b00018d301d,1689.8000000044703,1689.8000000044703,1,66,left-2,left,left-dark,light-up,fewer-up,single,2026-02-17 21:43:15.2570000
5790,66305c77f66c14d7ca20647d,5314,5314,1,71,left-9,left,left-dark,light-up,fewer-up,dual,2026-02-17 21:43:15.6960000
5791,66305c77f66c14d7ca20647d,1273.5,1273.5,1,72,left-1,left,left-dark,light-up,fewer-up,dual,2026-02-17 21:43:17.4900000
5792,5ac1209968b65b00018d301d,1953.6000000014901,1953.6000000014901,1,67,right-9,right,right-dark,dark-up,greater-up,single,2026-02-17 21:43:17.7140000
5793,638144b112820e51c06fb151,1976.300000011921,1976.300000011921,0,20,left-2,left,left-dark,light-up,greater-up,dual,2026-02-17 21:43:20.3070000
5794,5ac1209968b65b00018d301d,1494.3999999985099,1494.3999999985099,1,68,left-3,left,left-dark,dark-up,greater-up,single,2026-02-17 21:43:19.7120000
5795,66305c77f66c14d7ca20647d,2059.0999999046326,2059.0999999046326,0,73,left-7,left,left-dark,light-up,greater-up,dual,2026-02-17 21:43:20.0560000
5796,5ac1209968b65b00018d301d,1327.7000000029802,1327.7000000029802,1,69,right-7,right,right-dark,light-up,fewer-up,single,2026-02-17 21:43:21.5440000
5797,638144b112820e51c06fb151,1509.800000011921,1509.800000011921,1,21,left-6,left,left-dark,light-up,fewer-up,dual,2026-02-17 21:43:23.3390000
5798,66305c77f66c14d7ca20647d,2332.5,2332.5,1,74,left-0,left,left-dark,light-up,fewer-up,dual,2026-02-17 21:43:23.9010000
5799,638144b112820e51c06fb151,1865.800000011921,1865.800000011921,1,22,left-7,left,left-dark,light-up,fewer-up,dual,2026-02-17 21:43:25.7150000
5800,5ac1209968b65b00018d301d,2486.8000000044703,2486.8000000044703,1,70,right-1,left,right-dark,dark-up,fewer-up,single,2026-02-17 21:43:24.5340000
5801,638144b112820e51c06fb151,1438,1438,0,23,right-2,right,right-dark,dark-up,fewer-up,dual,2026-02-17 21:43:27.6670000
5802,5ac1209968b65b00018d301d,1931.3999999985099,1931.3999999985099,1,71,right-8,right,right-dark,light-up,fewer-up,single,2026-02-17 21:43:26.9680000
5803,66305c77f66c14d7ca20647d,2702.2000000476837,2702.2000000476837,0,75,right-1,right,right-dark,light-up,greater-up,dual,2026-02-17 21:43:27.1110000
5804,638144b112820e51c06fb151,1075.8999999761581,1075.8999999761581,1,24,left-0,left,left-dark,light-up,fewer-up,dual,2026-02-17 21:43:30.2590000
5805,5ac1209968b65b00018d301d,2755.89999999851,2755.89999999851,1,72,left-4,right,left-dark,dark-up,fewer-up,single,2026-02-17 21:43:30.2270000
5806,638144b112820e51c06fb151,2845.800000011921,2845.800000011921,1,25,right-3,left,right-dark,light-up,greater-up,dual,2026-02-17 21:43:33.6110000
5807,66aa8d04719b0f5ef3433e9c,7046.699999999721,7046.699999999721,1,20,left-6,left,left-dark,light-up,fewer-up,dual,2026-02-17 21:43:33.1850000
5808,5ac1209968b65b00018d301d,2175,2175,1,73,left-5,left,left-dark,light-up,fewer-up,single,2026-02-17 21:43:32.9050000
5809,638144b112820e51c06fb151,1921.9000000059605,1921.9000000059605,1,26,right-4,right,right-dark,light-up,fewer-up,dual,2026-02-17 21:43:36.0420000
5810,66305c77f66c14d7ca20647d,6421.600000143051,6421.600000143051,1,76,right-2,left,right-dark,dark-up,fewer-up,dual,2026-02-17 21:43:35.0540000
5811,5ac1209968b65b00018d301d,2029.2999999970198,2029.2999999970198,1,74,right-2,right,right-dark,light-up,fewer-up,single,2026-02-17 21:43:35.4370000
5812,638144b112820e51c06fb151,1285.5,1285.5,1,27,right-3,right,right-dark,light-up,fewer-up,dual,2026-02-17 21:43:37.8350000
5813,67f02740d233a50f479c4e20,22572.60000014305,22572.60000014305,1,61,left-7,right,left-dark,light-up,greater-up,dual,2026-02-17 21:43:35.7310000
5814,5ac1209968b65b00018d301d,2334.5,2334.5,1,75,right-0,right,right-dark,dark-up,greater-up,single,2026-02-17 21:43:38.2760000
5815,66aa8d04719b0f5ef3433e9c,5887.4000000003725,5887.4000000003725,1,21,left-0,left,left-dark,light-up,fewer-up,dual,2026-02-17 21:43:39.5850000
5816,638144b112820e51c06fb151,1769.199999988079,1769.199999988079,0,28,right-8,right,right-dark,light-up,greater-up,dual,2026-02-17 21:43:40.1230000
5817,66305c77f66c14d7ca20647d,3552.800000190735,3552.800000190735,1,77,left-1,right,left-dark,dark-up,fewer-up,dual,2026-02-17 21:43:39.1110000
5818,638144b112820e51c06fb151,1019.2999999821186,1019.2999999821186,0,29,left-3,left,left-dark,light-up,greater-up,dual,2026-02-17 21:43:42.6510000
5819,5ac1209968b65b00018d301d,2551,2551,1,76,left-9,right,left-dark,dark-up,fewer-up,single,2026-02-17 21:43:41.3310000
5820,67f02740d233a50f479c4e20,5998.900000095367,5998.900000095367,1,62,right-8,left,right-dark,light-up,greater-up,dual,2026-02-17 21:43:42.2460000
5821,66305c77f66c14d7ca20647d,2279.9000000953674,2279.9000000953674,0,78,right-4,right,right-dark,dark-up,fewer-up,dual,2026-02-17 21:43:41.9090000
5822,638144b112820e51c06fb151,1808.7000000178814,1808.7000000178814,0,30,right-7,left,right-dark,dark-up,greater-up,dual,2026-02-17 21:43:45.9880000
5823,66aa8d04719b0f5ef3433e9c,5097.899999999907,5097.899999999907,1,22,right-6,right,right-dark,dark-up,greater-up,dual,2026-02-17 21:43:45.1910000
5824,5ac1209968b65b00018d301d,3480.10000000149,3480.10000000149,1,77,left-2,right,left-dark,dark-up,fewer-up,single,2026-02-17 21:43:45.3180000
5825,66305c77f66c14d7ca20647d,2887.2999999523163,2887.2999999523163,1,79,right-7,left,right-dark,light-up,greater-up,dual,2026-02-17 21:43:46.3190000
5826,638144b112820e51c06fb151,1771.300000011921,1771.300000011921,1,31,left-5,right,left-dark,dark-up,fewer-up,dual,2026-02-17 21:43:49.2750000
5827,5ac1209968b65b00018d301d,3017.89999999851,3017.89999999851,1,78,right-8,right,right-dark,dark-up,greater-up,single,2026-02-17 21:43:48.8420000
5828,638144b112820e51c06fb151,839.3000000119209,839.3000000119209,1,32,left-1,left,left-dark,light-up,fewer-up,dual,2026-02-17 21:43:50.6270000
5829,66aa8d04719b0f5ef3433e9c,3693.7999999998137,3693.7999999998137,1,23,right-3,right,right-dark,dark-up,greater-up,dual,2026-02-17 21:43:49.3990000
5830,5ac1209968b65b00018d301d,1834.9000000059605,1834.9000000059605,1,79,right-9,left,right-dark,light-up,greater-up,single,2026-02-17 21:43:51.1800000
5831,638144b112820e51c06fb151,1578.8999999761581,1578.8999999761581,0,33,left-9,left,left-dark,light-up,greater-up,dual,2026-02-17 21:43:52.7150000
5832,66aa8d04719b0f5ef3433e9c,4325.699999999721,4325.699999999721,1,24,left-2,left,left-dark,light-up,fewer-up,dual,2026-02-17 21:43:54.2400000
5833,638144b112820e51c06fb151,1205,1205,1,34,right-9,right,right-dark,dark-up,greater-up,dual,2026-02-17 21:43:55.4430000
5834,638144b112820e51c06fb151,1701.5,1701.5,0,35,left-6,left,left-dark,light-up,greater-up,dual,2026-02-17 21:43:57.6520000
5835,638144b112820e51c06fb151,586.0999999940395,586.0999999940395,1,36,left-4,right,left-dark,light-up,greater-up,dual,2026-02-17 21:43:59.7550000
5836,66aa8d04719b0f5ef3433e9c,5916.899999999907,5916.899999999907,1,25,left-6,right,left-dark,dark-up,fewer-up,dual,2026-02-17 21:44:00.6620000
5837,638144b112820e51c06fb151,1293.5,1293.5,1,37,left-4,left,left-dark,dark-up,greater-up,dual,2026-02-17 21:44:01.5630000
5838,638144b112820e51c06fb151,1467.9000000059605,1467.9000000059605,0,38,left-5,left,left-dark,light-up,greater-up,dual,2026-02-17 21:44:03.5390000
5839,638144b112820e51c06fb151,889.6999999880791,889.6999999880791,0,39,left-8,left,left-dark,light-up,greater-up,dual,2026-02-17 21:44:05.9470000
5840,66aa8d04719b0f5ef3433e9c,4098,4098,1,26,left-9,right,left-dark,dark-up,fewer-up,dual,2026-02-17 21:44:05.2750000
5841,66aa8d04719b0f5ef3433e9c,5735.600000000093,5735.600000000093,1,27,left-5,left,left-dark,light-up,fewer-up,dual,2026-02-17 21:44:11.5200000
5842,66aa8d04719b0f5ef3433e9c,3400.600000000093,3400.600000000093,1,28,left-2,right,left-dark,light-up,greater-up,dual,2026-02-17 21:44:15.4280000
5843,67f02740d233a50f479c4e20,28791.299999952316,28791.299999952316,1,63,right-2,right,right-dark,light-up,fewer-up,dual,2026-02-17 21:44:11.5400000
5844,67f02740d233a50f479c4e20,5833.700000047684,5833.700000047684,1,64,right-5,right,right-dark,dark-up,greater-up,dual,2026-02-17 21:44:17.8890000
5845,66aa8d04719b0f5ef3433e9c,2864.3000000002794,2864.3000000002794,1,29,left-4,right,left-dark,dark-up,fewer-up,dual,2026-02-17 21:44:18.8060000
5846,66aa8d04719b0f5ef3433e9c,3159,3159,1,30,left-8,right,left-dark,light-up,greater-up,dual,2026-02-17 21:44:22.4790000
5847,67f02740d233a50f479c4e20,3301.0999999046326,3301.0999999046326,1,65,left-3,right,left-dark,light-up,greater-up,dual,2026-02-17 21:44:21.7060000
5848,66aa8d04719b0f5ef3433e9c,3440.8000000002794,3440.8000000002794,1,31,right-1,right,right-dark,dark-up,greater-up,dual,2026-02-17 21:44:26.4240000
5849,67f02740d233a50f479c4e20,5194.099999904633,5194.099999904633,1,66,left-1,left,left-dark,light-up,fewer-up,dual,2026-02-17 21:44:27.4160000
5850,66aa8d04719b0f5ef3433e9c,2312.7999999998137,2312.7999999998137,1,32,right-0,left,right-dark,dark-up,fewer-up,dual,2026-02-17 21:44:29.2440000
5851,67f02740d233a50f479c4e20,3907.7000000476837,3907.7000000476837,1,67,left-4,right,left-dark,light-up,greater-up,dual,2026-02-17 21:44:31.8360000
5852,66aa8d04719b0f5ef3433e9c,3329.2000000001863,3329.2000000001863,1,33,left-4,left,left-dark,light-up,fewer-up,dual,2026-02-17 21:44:33.0890000
5853,67f02740d233a50f479c4e20,2002.9000000953674,2002.9000000953674,1,68,right-7,right,right-dark,dark-up,greater-up,dual,2026-02-17 21:44:34.3560000
5854,67f02740d233a50f479c4e20,3719.100000143051,3719.100000143051,1,69,left-0,left,left-dark,dark-up,greater-up,dual,2026-02-17 21:44:38.5880000
5855,66aa8d04719b0f5ef3433e9c,5904.699999999721,5904.699999999721,1,34,right-8,left,right-dark,light-up,greater-up,dual,2026-02-17 21:44:39.5100000
5856,638144b112820e51c06fb151,1479.4000000059605,1479.4000000059605,1,40,right-0,left,right-dark,dark-up,fewer-up,dual,2026-02-17 21:44:40.4820000
5857,67f02740d233a50f479c4e20,2613.4000000953674,2613.4000000953674,1,70,right-1,right,right-dark,dark-up,greater-up,dual,2026-02-17 21:44:41.7140000
5858,638144b112820e51c06fb151,2507.699999988079,2507.699999988079,0,41,right-0,left,right-dark,light-up,fewer-up,dual,2026-02-17 21:44:43.5070000
5859,66aa8d04719b0f5ef3433e9c,2979.9000000003725,2979.9000000003725,1,35,right-8,left,right-dark,dark-up,fewer-up,dual,2026-02-17 21:44:43.0000000
5860,638144b112820e51c06fb151,2089.5999999940395,2089.5999999940395,0,42,left-1,left,left-dark,light-up,greater-up,dual,2026-02-17 21:44:47.1070000
5861,67f02740d233a50f479c4e20,3984.5999999046326,3984.5999999046326,1,71,left-6,right,left-dark,dark-up,fewer-up,dual,2026-02-17 21:44:46.2110000
5862,66aa8d04719b0f5ef3433e9c,4132.299999999814,4132.299999999814,1,36,left-3,left,left-dark,dark-up,greater-up,dual,2026-02-17 21:44:47.6380000
5863,638144b112820e51c06fb151,762.3000000119209,762.3000000119209,1,43,right-4,right,right-dark,dark-up,greater-up,dual,2026-02-17 21:44:49.3800000
5864,67f02740d233a50f479c4e20,1742.2999999523163,1742.2999999523163,1,72,right-9,right,right-dark,dark-up,greater-up,dual,2026-02-17 21:44:48.4610000
5865,638144b112820e51c06fb151,1166.5,1166.5,0,44,left-1,left,left-dark,dark-up,fewer-up,dual,2026-02-17 21:44:51.0500000
5866,66aa8d04719b0f5ef3433e9c,2819.5,2819.5,1,37,right-2,left,right-dark,light-up,greater-up,dual,2026-02-17 21:44:50.9720000
5867,67f02740d233a50f479c4e20,2295.5,2295.5,1,73,right-9,right,right-dark,light-up,fewer-up,dual,2026-02-17 21:44:51.2780000
5868,638144b112820e51c06fb151,1369.2999999821186,1369.2999999821186,0,45,left-2,right,left-dark,light-up,fewer-up,dual,2026-02-17 21:44:53.9390000
5869,66aa8d04719b0f5ef3433e9c,2607.2999999998137,2607.2999999998137,1,38,right-9,right,right-dark,light-up,fewer-up,dual,2026-02-17 21:44:54.0960000
5870,67f02740d233a50f479c4e20,1685.8999998569489,1685.8999998569489,1,74,left-4,left,left-dark,light-up,fewer-up,dual,2026-02-17 21:44:53.4720000
5871,638144b112820e51c06fb151,574.5999999940395,574.5999999940395,1,46,right-7,right,right-dark,light-up,fewer-up,dual,2026-02-17 21:44:56.0270000
5872,67f02740d233a50f479c4e20,1527,1527,1,75,left-4,right,left-dark,dark-up,fewer-up,dual,2026-02-17 21:44:55.5230000
5873,638144b112820e51c06fb151,2093.199999988079,2093.199999988079,1,47,left-5,left,left-dark,dark-up,greater-up,dual,2026-02-17 21:44:58.6270000
5874,66aa8d04719b0f5ef3433e9c,3824.100000000093,3824.100000000093,1,39,right-2,left,right-dark,dark-up,fewer-up,dual,2026-02-17 21:44:58.4280000
5875,638144b112820e51c06fb151,702.5999999940395,702.5999999940395,0,48,right-2,right,right-dark,light-up,greater-up,dual,2026-02-17 21:44:59.8350000
5876,66343f7910c04370761ae595,4041.099999997765,4041.099999997765,1,0,right-6,right,right-dark,dark-up,greater-up,dual,2026-02-17 21:44:58.9130000
5877,67f02740d233a50f479c4e20,5496.199999809265,5496.199999809265,1,76,right-4,left,right-dark,light-up,greater-up,dual,2026-02-17 21:45:01.5460000
5878,66343f7910c04370761ae595,2497.199999999255,2497.199999999255,1,1,right-8,left,right-dark,light-up,greater-up,dual,2026-02-17 21:45:01.9140000
5879,638144b112820e51c06fb151,2116.800000011921,2116.800000011921,0,49,left-0,left,left-dark,dark-up,fewer-up,dual,2026-02-17 21:45:03.4670000
5880,638144b112820e51c06fb151,984.6999999880791,984.6999999880791,1,50,right-8,right,right-dark,dark-up,greater-up,dual,2026-02-17 21:45:05.9620000
5881,66343f7910c04370761ae595,3801.800000000745,3801.800000000745,1,2,right-5,right,right-dark,dark-up,greater-up,dual,2026-02-17 21:45:06.2290000
5882,66aa8d04719b0f5ef3433e9c,3485.5999999996275,3485.5999999996275,1,40,left-8,right,left-dark,dark-up,fewer-up,dual,2026-02-17 21:45:08.6770000
5883,638144b112820e51c06fb151,3507.800000011921,3507.800000011921,1,51,right-5,right,right-dark,dark-up,greater-up,dual,2026-02-17 21:45:09.9860000
5884,66343f7910c04370761ae595,2606.900000002235,2606.900000002235,1,3,left-8,right,left-dark,light-up,greater-up,dual,2026-02-17 21:45:09.3420000
5885,66aa8d04719b0f5ef3433e9c,2873.2999999998137,2873.2999999998137,1,41,left-0,left,left-dark,dark-up,greater-up,dual,2026-02-17 21:45:12.0550000
5886,638144b112820e51c06fb151,2443.600000023842,2443.600000023842,1,52,right-6,right,right-dark,light-up,fewer-up,dual,2026-02-17 21:45:12.9460000
5887,638144b112820e51c06fb151,1104.699999988079,1104.699999988079,0,53,right-9,right,right-dark,light-up,greater-up,dual,2026-02-17 21:45:14.5550000
5888,66343f7910c04370761ae595,4047.800000000745,4047.800000000745,0,4,left-6,left,left-dark,light-up,greater-up,dual,2026-02-17 21:45:13.8990000
5889,66aa8d04719b0f5ef3433e9c,4352.899999999907,4352.899999999907,1,42,right-7,left,right-dark,light-up,greater-up,dual,2026-02-17 21:45:16.9240000
5890,638144b112820e51c06fb151,2576.5,2576.5,1,54,left-8,left,left-dark,light-up,fewer-up,dual,2026-02-17 21:45:18.6510000
5891,66343f7910c04370761ae595,2678.400000002235,2678.400000002235,1,5,right-0,right,right-dark,light-up,fewer-up,dual,2026-02-17 21:45:18.0980000
5892,638144b112820e51c06fb151,1279.2000000178814,1279.2000000178814,0,55,right-9,left,right-dark,light-up,fewer-up,dual,2026-02-17 21:45:20.4350000
5893,66aa8d04719b0f5ef3433e9c,3531,3531,1,43,left-2,left,left-dark,dark-up,greater-up,dual,2026-02-17 21:45:20.9620000
5894,66343f7910c04370761ae595,2706.800000000745,2706.800000000745,1,6,left-6,right,left-dark,dark-up,fewer-up,dual,2026-02-17 21:45:21.3090000
5895,638144b112820e51c06fb151,2274.699999988079,2274.699999988079,1,56,left-2,left,left-dark,dark-up,greater-up,dual,2026-02-17 21:45:24.2350000
5896,66343f7910c04370761ae595,3185.900000002235,3185.900000002235,1,7,left-9,right,left-dark,dark-up,fewer-up,dual,2026-02-17 21:45:25.0020000
5897,638144b112820e51c06fb151,2178.9000000059605,2178.9000000059605,1,57,right-4,left,right-dark,dark-up,fewer-up,dual,2026-02-17 21:45:26.9310000
5898,66aa8d04719b0f5ef3433e9c,6293.100000000093,6293.100000000093,1,44,left-6,left,left-dark,dark-up,greater-up,dual,2026-02-17 21:45:27.7690000
5899,67f02740d233a50f479c4e20,17513.700000047684,17513.700000047684,1,77,right-6,left,right-dark,light-up,greater-up,dual,2026-02-17 21:45:19.5700000
5900,638144b112820e51c06fb151,1742.3999999761581,1742.3999999761581,1,58,left-4,right,left-dark,dark-up,fewer-up,dual,2026-02-17 21:45:29.1870000
5901,66343f7910c04370761ae595,3301.7000000029802,3301.7000000029802,0,8,left-3,left,left-dark,light-up,greater-up,dual,2026-02-17 21:45:28.8170000
5902,67f02740d233a50f479c4e20,2763.5,2763.5,1,78,right-4,left,right-dark,dark-up,fewer-up,dual,2026-02-17 21:45:22.8480000
5903,67f02740d233a50f479c4e20,3757,3757,1,79,right-0,left,right-dark,dark-up,fewer-up,dual,2026-02-17 21:45:27.1220000
5904,638144b112820e51c06fb151,1695.0999999940395,1695.0999999940395,0,59,left-3,left,left-dark,dark-up,fewer-up,dual,2026-02-17 21:45:31.3950000
5905,66343f7910c04370761ae595,3089,3089,0,9,left-4,right,left-dark,dark-up,greater-up,dual,2026-02-17 21:45:33.4300000
5906,66aa8d04719b0f5ef3433e9c,6080.399999999907,6080.399999999907,0,45,right-9,right,right-dark,dark-up,fewer-up,dual,2026-02-17 21:45:34.3650000
5907,66343f7910c04370761ae595,3202.599999997765,3202.599999997765,0,10,left-7,right,left-dark,light-up,fewer-up,dual,2026-02-17 21:45:38.1490000
5908,66aa8d04719b0f5ef3433e9c,3415.100000000093,3415.100000000093,1,46,left-4,left,left-dark,dark-up,greater-up,dual,2026-02-17 21:45:39.2940000
5909,66343f7910c04370761ae595,2205.599999997765,2205.599999997765,1,11,right-7,right,right-dark,dark-up,greater-up,dual,2026-02-17 21:45:41.8740000
5910,66aa8d04719b0f5ef3433e9c,4264.100000000093,4264.100000000093,1,47,left-1,left,left-dark,dark-up,greater-up,dual,2026-02-17 21:45:44.0720000
5911,66343f7910c04370761ae595,3343,3343,1,12,right-3,left,right-dark,light-up,greater-up,dual,2026-02-17 21:45:45.7280000
5912,638144b112820e51c06fb151,2298.0999999940395,2298.0999999940395,0,60,left-5,right,left-dark,light-up,fewer-up,dual,2026-02-17 21:45:48.4670000
5913,66aa8d04719b0f5ef3433e9c,2875.2000000001863,2875.2000000001863,1,48,right-6,right,right-dark,light-up,fewer-up,dual,2026-02-17 21:45:47.4590000
5914,66343f7910c04370761ae595,3897.60000000149,3897.60000000149,1,13,right-7,left,right-dark,light-up,greater-up,dual,2026-02-17 21:45:50.1390000
5915,638144b112820e51c06fb151,1701.300000011921,1701.300000011921,1,61,left-2,right,left-dark,dark-up,fewer-up,dual,2026-02-17 21:45:51.6990000
5916,66aa8d04719b0f5ef3433e9c,4137.100000000093,4137.100000000093,1,49,right-5,right,right-dark,dark-up,greater-up,dual,2026-02-17 21:45:52.1050000
5917,66343f7910c04370761ae595,1512.300000000745,1512.300000000745,1,14,right-0,right,right-dark,dark-up,greater-up,dual,2026-02-17 21:45:52.1600000
5918,638144b112820e51c06fb151,1991,1991,0,62,right-4,right,right-dark,light-up,greater-up,dual,2026-02-17 21:45:54.1940000
5919,66343f7910c04370761ae595,2349.800000000745,2349.800000000745,1,15,left-0,right,left-dark,light-up,greater-up,dual,2026-02-17 21:45:55.0210000
5920,66aa8d04719b0f5ef3433e9c,2858.899999999907,2858.899999999907,1,50,right-5,left,right-dark,dark-up,fewer-up,dual,2026-02-17 21:45:55.4740000
5921,638144b112820e51c06fb151,1358.9000000059605,1358.9000000059605,0,63,right-7,right,right-dark,dark-up,fewer-up,dual,2026-02-17 21:45:57.0750000
5922,638144b112820e51c06fb151,1335.5999999940395,1335.5999999940395,0,64,left-7,left,left-dark,light-up,greater-up,dual,2026-02-17 21:45:59.9390000
5923,66aa8d04719b0f5ef3433e9c,2877.1999999997206,2877.1999999997206,1,51,right-1,right,right-dark,light-up,fewer-up,dual,2026-02-17 21:45:58.8540000
5924,66343f7910c04370761ae595,3112.199999999255,3112.199999999255,1,16,left-3,right,left-dark,dark-up,fewer-up,dual,2026-02-17 21:45:58.6360000
5925,638144b112820e51c06fb151,566.0999999940395,566.0999999940395,1,65,left-3,left,left-dark,light-up,fewer-up,dual,2026-02-17 21:46:02.0190000
5926,66343f7910c04370761ae595,2021.0999999977648,2021.0999999977648,1,17,right-2,left,right-dark,dark-up,fewer-up,dual,2026-02-17 21:46:01.1610000
5927,638144b112820e51c06fb151,1426.5,1426.5,0,66,left-7,left,left-dark,dark-up,fewer-up,dual,2026-02-17 21:46:03.9630000
5928,66aa8d04719b0f5ef3433e9c,3508.899999999907,3508.899999999907,1,52,left-5,right,left-dark,light-up,greater-up,dual,2026-02-17 21:46:02.8700000
5929,66343f7910c04370761ae595,3738.10000000149,3738.10000000149,1,18,left-4,right,left-dark,light-up,greater-up,dual,2026-02-17 21:46:05.4110000
5930,66aa8d04719b0f5ef3433e9c,3339.9000000003725,3339.9000000003725,1,53,left-0,right,left-dark,light-up,greater-up,dual,2026-02-17 21:46:06.7230000
5931,638144b112820e51c06fb151,2798.5,2798.5,0,67,left-4,right,left-dark,light-up,fewer-up,dual,2026-02-17 21:46:08.2830000
5932,638144b112820e51c06fb151,1652.199999988079,1652.199999988079,1,68,right-6,left,right-dark,dark-up,fewer-up,dual,2026-02-17 21:46:11.4670000
5933,66343f7910c04370761ae595,4058.10000000149,4058.10000000149,1,19,left-6,left,left-dark,light-up,fewer-up,dual,2026-02-17 21:46:09.9790000
5934,66aa8d04719b0f5ef3433e9c,3900,3900,1,54,left-3,left,left-dark,light-up,fewer-up,dual,2026-02-17 21:46:11.1360000
5935,638144b112820e51c06fb151,2986.699999988079,2986.699999988079,0,69,left-8,right,left-dark,dark-up,greater-up,dual,2026-02-17 21:46:14.9700000
5936,66aa8d04719b0f5ef3433e9c,3852.100000000093,3852.100000000093,1,55,right-4,right,right-dark,light-up,fewer-up,dual,2026-02-17 21:46:15.4960000
5937,638144b112820e51c06fb151,2218.0999999940395,2218.0999999940395,0,70,right-3,right,right-dark,dark-up,fewer-up,dual,2026-02-17 21:46:18.7140000
5938,66343f7910c04370761ae595,2332.800000000745,2332.800000000745,1,20,right-3,right,right-dark,dark-up,greater-up,dual,2026-02-17 21:46:19.2320000
5939,638144b112820e51c06fb151,1682.9000000059605,1682.9000000059605,1,71,right-7,left,right-dark,light-up,greater-up,dual,2026-02-17 21:46:21.9230000
5940,66343f7910c04370761ae595,1765.300000000745,1765.300000000745,1,21,right-6,left,right-dark,dark-up,fewer-up,dual,2026-02-17 21:46:21.5010000
5941,66aa8d04719b0f5ef3433e9c,9257.399999999907,9257.399999999907,1,56,left-7,right,left-dark,dark-up,fewer-up,dual,2026-02-17 21:46:25.2650000
5942,638144b112820e51c06fb151,3447.5,3447.5,1,72,left-9,left,left-dark,dark-up,greater-up,dual,2026-02-17 21:46:25.8820000
5943,66343f7910c04370761ae595,2536.199999999255,2536.199999999255,1,22,left-1,right,left-dark,light-up,greater-up,dual,2026-02-17 21:46:24.5470000
5944,638144b112820e51c06fb151,1326.300000011921,1326.300000011921,1,73,right-5,left,right-dark,dark-up,fewer-up,dual,2026-02-17 21:46:27.7140000
5945,66343f7910c04370761ae595,3159.89999999851,3159.89999999851,1,23,right-6,right,right-dark,light-up,fewer-up,dual,2026-02-17 21:46:28.2100000
5946,638144b112820e51c06fb151,2224.300000011921,2224.300000011921,0,74,left-0,right,left-dark,dark-up,greater-up,dual,2026-02-17 21:46:30.4430000
5947,66aa8d04719b0f5ef3433e9c,4457.200000000186,4457.200000000186,0,57,left-4,left,left-dark,light-up,greater-up,dual,2026-02-17 21:46:30.2350000
5948,66343f7910c04370761ae595,2466,2466,1,24,right-2,right,right-dark,light-up,fewer-up,dual,2026-02-17 21:46:31.1770000
5949,638144b112820e51c06fb151,1361.300000011921,1361.300000011921,1,75,right-5,left,right-dark,light-up,greater-up,dual,2026-02-17 21:46:33.3300000
5950,66aa8d04719b0f5ef3433e9c,1999.5999999996275,1999.5999999996275,0,58,left-0,left,left-dark,dark-up,fewer-up,dual,2026-02-17 21:46:33.7560000
5951,638144b112820e51c06fb151,1037.2000000178814,1037.2000000178814,1,76,left-9,right,left-dark,dark-up,fewer-up,dual,2026-02-17 21:46:34.8740000
5952,66343f7910c04370761ae595,3215.300000000745,3215.300000000745,0,25,left-3,right,left-dark,dark-up,greater-up,dual,2026-02-17 21:46:34.8960000
5953,638144b112820e51c06fb151,1336.2999999821186,1336.2999999821186,0,77,left-8,left,left-dark,dark-up,fewer-up,dual,2026-02-17 21:46:36.7230000
5954,66aa8d04719b0f5ef3433e9c,2111,2111,0,59,right-9,right,right-dark,light-up,greater-up,dual,2026-02-17 21:46:37.3880000
5955,66343f7910c04370761ae595,2078.89999999851,2078.89999999851,1,26,right-9,right,right-dark,dark-up,greater-up,dual,2026-02-17 21:46:38.4980000
5956,638144b112820e51c06fb151,2726.0999999940395,2726.0999999940395,0,78,right-8,right,right-dark,dark-up,fewer-up,dual,2026-02-17 21:46:40.9790000
5957,66343f7910c04370761ae595,2785.39999999851,2785.39999999851,0,27,left-9,left,left-dark,light-up,greater-up,dual,2026-02-17 21:46:41.7850000
5958,638144b112820e51c06fb151,2169.199999988079,2169.199999988079,0,79,right-1,right,right-dark,dark-up,fewer-up,dual,2026-02-17 21:46:44.6580000
5959,66343f7910c04370761ae595,1780.4000000022352,1780.4000000022352,1,28,right-1,right,right-dark,dark-up,greater-up,dual,2026-02-17 21:46:45.0920000
5960,66aa8d04719b0f5ef3433e9c,3820.5,3820.5,1,60,left-5,left,left-dark,dark-up,greater-up,dual,2026-02-17 21:46:47.0350000
5961,66343f7910c04370761ae595,2554.10000000149,2554.10000000149,1,29,right-3,right,right-dark,light-up,fewer-up,dual,2026-02-17 21:46:48.1590000
5962,66aa8d04719b0f5ef3433e9c,2609.3000000002794,2609.3000000002794,1,61,right-5,left,right-dark,light-up,greater-up,dual,2026-02-17 21:46:50.1590000
5963,66343f7910c04370761ae595,2896.300000000745,2896.300000000745,1,30,right-3,left,right-dark,dark-up,fewer-up,dual,2026-02-17 21:46:51.5630000
5964,66aa8d04719b0f5ef3433e9c,3819.3000000002794,3819.3000000002794,1,62,left-7,left,left-dark,dark-up,greater-up,dual,2026-02-17 21:46:54.4900000
5965,66aa8d04719b0f5ef3433e9c,2855.899999999907,2855.899999999907,0,63,right-4,right,right-dark,light-up,greater-up,dual,2026-02-17 21:46:57.8570000
5966,66343f7910c04370761ae595,5183.10000000149,5183.10000000149,1,31,left-0,right,left-dark,dark-up,fewer-up,dual,2026-02-17 21:46:57.2550000
5967,66343f7910c04370761ae595,1989,1989,1,32,right-4,right,right-dark,dark-up,greater-up,dual,2026-02-17 21:46:59.7530000
5968,66aa8d04719b0f5ef3433e9c,3384.7999999998137,3384.7999999998137,1,64,left-9,left,left-dark,dark-up,greater-up,dual,2026-02-17 21:47:02.7670000
5969,66343f7910c04370761ae595,2796.800000000745,2796.800000000745,1,33,left-5,left,left-dark,light-up,fewer-up,dual,2026-02-17 21:47:03.0650000
5970,66aa8d04719b0f5ef3433e9c,2033.3999999999069,2033.3999999999069,1,65,right-4,right,right-dark,dark-up,greater-up,dual,2026-02-17 21:47:05.3130000
5971,66343f7910c04370761ae595,1352.1000000014901,1352.1000000014901,1,34,right-2,right,right-dark,dark-up,greater-up,dual,2026-02-17 21:47:04.9180000
5972,66343f7910c04370761ae595,2897,2897,1,35,right-9,left,right-dark,dark-up,fewer-up,dual,2026-02-17 21:47:08.3230000
5973,66aa8d04719b0f5ef3433e9c,4105.600000000093,4105.600000000093,1,66,left-2,right,left-dark,dark-up,fewer-up,dual,2026-02-17 21:47:09.9300000
5974,66343f7910c04370761ae595,1919.8999999985099,1919.8999999985099,1,36,right-8,right,right-dark,light-up,fewer-up,dual,2026-02-17 21:47:10.7440000
5975,66aa8d04719b0f5ef3433e9c,3356.600000000093,3356.600000000093,1,67,left-9,left,left-dark,light-up,fewer-up,dual,2026-02-17 21:47:13.7950000
5976,66343f7910c04370761ae595,2657.699999999255,2657.699999999255,1,37,right-1,right,right-dark,light-up,fewer-up,dual,2026-02-17 21:47:13.9150000
5977,66aa8d04719b0f5ef3433e9c,3044.5,3044.5,1,68,right-3,left,right-dark,dark-up,fewer-up,dual,2026-02-17 21:47:17.3550000
5978,66343f7910c04370761ae595,3137.699999999255,3137.699999999255,1,38,left-5,left,left-dark,dark-up,greater-up,dual,2026-02-17 21:47:17.5640000
5979,66343f7910c04370761ae595,1771.1000000014901,1771.1000000014901,1,39,left-4,right,left-dark,dark-up,fewer-up,dual,2026-02-17 21:47:19.8470000
5980,66aa8d04719b0f5ef3433e9c,3336.2000000001863,3336.2000000001863,1,69,left-5,right,left-dark,dark-up,fewer-up,dual,2026-02-17 21:47:21.2000000
5981,66aa8d04719b0f5ef3433e9c,5997.700000000186,5997.700000000186,1,70,left-7,left,left-dark,light-up,fewer-up,dual,2026-02-17 21:47:27.7040000
5982,66343f7910c04370761ae595,2829,2829,0,40,left-4,right,left-dark,light-up,fewer-up,dual,2026-02-17 21:47:27.6280000
5983,66aa8d04719b0f5ef3433e9c,3981.899999999907,3981.899999999907,1,71,right-1,left,right-dark,dark-up,fewer-up,dual,2026-02-17 21:47:32.1960000
5984,66343f7910c04370761ae595,2209.39999999851,2209.39999999851,1,41,right-1,left,right-dark,light-up,greater-up,dual,2026-02-17 21:47:31.3630000
5985,66aa8d04719b0f5ef3433e9c,3247.7000000001863,3247.7000000001863,0,72,left-1,left,left-dark,dark-up,fewer-up,dual,2026-02-17 21:47:35.9610000
5986,66343f7910c04370761ae595,4262.699999999255,4262.699999999255,0,42,left-2,right,left-dark,light-up,fewer-up,dual,2026-02-17 21:47:36.1360000
5987,66aa8d04719b0f5ef3433e9c,2711.399999999907,2711.399999999907,1,73,right-7,right,right-dark,dark-up,greater-up,dual,2026-02-17 21:47:40.2030000
5988,66343f7910c04370761ae595,3002.2000000029802,3002.2000000029802,1,43,right-5,right,right-dark,light-up,fewer-up,dual,2026-02-17 21:47:40.6530000
5989,66343f7910c04370761ae595,3048.199999999255,3048.199999999255,1,44,right-6,left,right-dark,light-up,greater-up,dual,2026-02-17 21:47:44.2140000
5990,66aa8d04719b0f5ef3433e9c,5878.399999999907,5878.399999999907,1,74,left-3,right,left-dark,dark-up,fewer-up,dual,2026-02-17 21:47:46.5850000
5991,66343f7910c04370761ae595,2351.39999999851,2351.39999999851,0,45,right-0,right,right-dark,dark-up,fewer-up,dual,2026-02-17 21:47:47.0720000
5992,66aa8d04719b0f5ef3433e9c,3098.2000000001863,3098.2000000001863,1,75,right-8,right,right-dark,light-up,fewer-up,dual,2026-02-17 21:47:50.1870000
5993,66343f7910c04370761ae595,1982.8999999985099,1982.8999999985099,1,46,left-1,left,left-dark,light-up,fewer-up,dual,2026-02-17 21:47:50.5730000
5994,66aa8d04719b0f5ef3433e9c,2826.7000000001863,2826.7000000001863,1,76,right-0,right,right-dark,dark-up,greater-up,dual,2026-02-17 21:47:53.5260000
5995,66343f7910c04370761ae595,3602.800000000745,3602.800000000745,1,47,left-7,right,left-dark,dark-up,fewer-up,dual,2026-02-17 21:47:54.6860000
5996,66aa8d04719b0f5ef3433e9c,3266.899999999907,3266.899999999907,1,77,left-6,right,left-dark,light-up,greater-up,dual,2026-02-17 21:47:57.3090000
5997,66343f7910c04370761ae595,2568.199999999255,2568.199999999255,1,48,right-1,left,right-dark,dark-up,fewer-up,dual,2026-02-17 21:47:57.7700000
5998,66343f7910c04370761ae595,3386.39999999851,3386.39999999851,1,49,right-8,left,right-dark,dark-up,fewer-up,dual,2026-02-17 21:48:01.6710000
5999,66aa8d04719b0f5ef3433e9c,4316.199999999721,4316.199999999721,1,78,left-3,right,left-dark,light-up,greater-up,dual,2026-02-17 21:48:02.1380000
6000,66343f7910c04370761ae595,2923.699999999255,2923.699999999255,1,50,left-1,right,left-dark,dark-up,fewer-up,dual,2026-02-17 21:48:05.1070000
6001,66343f7910c04370761ae595,1360.8999999985099,1360.8999999985099,1,51,left-2,left,left-dark,dark-up,greater-up,dual,2026-02-17 21:48:06.9800000
6002,66aa8d04719b0f5ef3433e9c,4663.699999999721,4663.699999999721,1,79,right-8,right,right-dark,dark-up,greater-up,dual,2026-02-17 21:48:07.3140000
6003,66343f7910c04370761ae595,3908,3908,0,52,right-2,right,right-dark,light-up,greater-up,dual,2026-02-17 21:48:11.3980000
6004,66343f7910c04370761ae595,1643.3999999985099,1643.3999999985099,1,53,right-7,right,right-dark,light-up,fewer-up,dual,2026-02-17 21:48:14.5650000
6005,66343f7910c04370761ae595,3369.5,3369.5,1,54,left-7,right,left-dark,light-up,greater-up,dual,2026-02-17 21:48:18.4430000
6006,66343f7910c04370761ae595,1526.699999999255,1526.699999999255,1,55,left-2,right,left-dark,light-up,greater-up,dual,2026-02-17 21:48:20.4790000
6007,66343f7910c04370761ae595,3530.199999999255,3530.199999999255,1,56,left-1,left,left-dark,dark-up,greater-up,dual,2026-02-17 21:48:24.5140000
6008,66343f7910c04370761ae595,3201.800000000745,3201.800000000745,1,57,left-7,left,left-dark,dark-up,greater-up,dual,2026-02-17 21:48:28.2270000
6009,66343f7910c04370761ae595,1942.8999999985099,1942.8999999985099,1,58,left-8,left,left-dark,dark-up,greater-up,dual,2026-02-17 21:48:30.6770000
6010,66343f7910c04370761ae595,4060.89999999851,4060.89999999851,0,59,left-8,right,left-dark,light-up,fewer-up,dual,2026-02-17 21:48:35.2510000
6011,66343f7910c04370761ae595,3131.300000000745,3131.300000000745,1,60,right-9,left,right-dark,light-up,greater-up,dual,2026-02-17 21:48:48.9970000
6012,66343f7910c04370761ae595,1832.7000000029802,1832.7000000029802,1,61,right-0,left,right-dark,light-up,greater-up,dual,2026-02-17 21:48:51.3330000
6013,66343f7910c04370761ae595,3340.900000002235,3340.900000002235,0,62,left-9,right,left-dark,light-up,fewer-up,dual,2026-02-17 21:48:55.1870000
6014,66343f7910c04370761ae595,2776.10000000149,2776.10000000149,0,63,left-9,right,left-dark,dark-up,greater-up,dual,2026-02-17 21:48:59.4730000
6015,66343f7910c04370761ae595,1735.699999999255,1735.699999999255,1,64,left-2,right,left-dark,dark-up,fewer-up,dual,2026-02-17 21:49:02.7340000
6016,66343f7910c04370761ae595,3415.300000000745,3415.300000000745,0,65,right-8,left,right-dark,dark-up,greater-up,dual,2026-02-17 21:49:06.6610000
6017,66343f7910c04370761ae595,2911.699999999255,2911.699999999255,0,66,left-5,left,left-dark,dark-up,fewer-up,dual,2026-02-17 21:49:11.0930000
6018,66343f7910c04370761ae595,3526.199999999255,3526.199999999255,1,67,left-0,left,left-dark,light-up,fewer-up,dual,2026-02-17 21:49:16.1420000
6019,66343f7910c04370761ae595,2287.699999999255,2287.699999999255,0,68,right-4,right,right-dark,dark-up,fewer-up,dual,2026-02-17 21:49:18.9410000
6020,66343f7910c04370761ae595,3890.5,3890.5,1,69,left-0,left,left-dark,dark-up,greater-up,dual,2026-02-17 21:49:24.3360000
6021,66343f7910c04370761ae595,3013.400000002235,3013.400000002235,1,70,right-4,right,right-dark,light-up,fewer-up,dual,2026-02-17 21:49:27.8540000
6022,66343f7910c04370761ae595,3471.10000000149,3471.10000000149,1,71,left-8,right,left-dark,dark-up,fewer-up,dual,2026-02-17 21:49:31.8300000
6023,66343f7910c04370761ae595,2287.89999999851,2287.89999999851,0,72,left-3,right,left-dark,light-up,fewer-up,dual,2026-02-17 21:49:34.6320000
6024,66343f7910c04370761ae595,1257.800000000745,1257.800000000745,1,73,left-6,left,left-dark,dark-up,greater-up,dual,2026-02-17 21:49:37.4180000
6025,66343f7910c04370761ae595,3411.699999999255,3411.699999999255,1,74,right-5,left,right-dark,light-up,greater-up,dual,2026-02-17 21:49:41.3360000
6026,66343f7910c04370761ae595,1805.800000000745,1805.800000000745,1,75,left-5,right,left-dark,light-up,greater-up,dual,2026-02-17 21:49:43.6430000
6027,66343f7910c04370761ae595,2487.800000000745,2487.800000000745,1,76,right-9,right,right-dark,light-up,fewer-up,dual,2026-02-17 21:49:46.6330000
6028,66343f7910c04370761ae595,3275.199999999255,3275.199999999255,1,77,right-7,left,right-dark,dark-up,fewer-up,dual,2026-02-17 21:49:50.4180000
6029,66343f7910c04370761ae595,2296.900000002235,2296.900000002235,1,78,right-4,left,right-dark,light-up,greater-up,dual,2026-02-17 21:49:53.2270000
6030,66343f7910c04370761ae595,3344.300000000745,3344.300000000745,1,79,right-5,left,right-dark,dark-up,fewer-up,dual,2026-02-17 21:49:57.0740000
6031,631c8e97db06f601f81bd82f,2508.7999999988824,2508.7999999988824,1,0,left-3,right,left-dark,light-up,greater-up,dual,2026-02-17 23:55:30.1080000
6032,631c8e97db06f601f81bd82f,1506.5,1506.5,1,1,right-2,left,right-dark,light-up,greater-up,dual,2026-02-17 23:55:32.1230000
6033,631c8e97db06f601f81bd82f,2042.300000000745,2042.300000000745,0,2,right-9,right,right-dark,dark-up,fewer-up,dual,2026-02-17 23:55:34.6790000
6034,631c8e97db06f601f81bd82f,2445.0999999996275,2445.0999999996275,1,3,right-8,right,right-dark,light-up,fewer-up,dual,2026-02-17 23:55:38.6520000
6035,631c8e97db06f601f81bd82f,2591.5999999996275,2591.5999999996275,1,4,left-0,left,left-dark,dark-up,greater-up,dual,2026-02-17 23:55:41.7500000
6036,631c8e97db06f601f81bd82f,2080.300000000745,2080.300000000745,1,5,right-5,left,right-dark,dark-up,fewer-up,dual,2026-02-17 23:55:44.3430000
6037,631c8e97db06f601f81bd82f,4308.9000000003725,4308.9000000003725,1,6,right-4,right,right-dark,light-up,fewer-up,dual,2026-02-17 23:55:49.1570000
6038,631c8e97db06f601f81bd82f,4330.299999998882,4330.299999998882,1,7,right-8,right,right-dark,dark-up,greater-up,dual,2026-02-17 23:55:54.0030000
6039,631c8e97db06f601f81bd82f,2338.0999999996275,2338.0999999996275,1,8,left-2,right,left-dark,dark-up,fewer-up,dual,2026-02-17 23:55:56.8480000
6040,631c8e97db06f601f81bd82f,4648.60000000149,4648.60000000149,1,9,right-8,left,right-dark,light-up,greater-up,dual,2026-02-17 23:56:02.0130000
6041,631c8e97db06f601f81bd82f,1884,1884,1,10,left-3,left,left-dark,light-up,fewer-up,dual,2026-02-17 23:56:04.4060000
6042,631c8e97db06f601f81bd82f,3785.699999999255,3785.699999999255,1,11,left-3,right,left-dark,dark-up,fewer-up,dual,2026-02-17 23:56:08.6970000
6043,631c8e97db06f601f81bd82f,2790.39999999851,2790.39999999851,1,12,right-7,left,right-dark,dark-up,fewer-up,dual,2026-02-17 23:56:11.9970000
6044,631c8e97db06f601f81bd82f,1881.5,1881.5,1,13,left-2,left,left-dark,dark-up,greater-up,dual,2026-02-17 23:56:14.3790000
6045,631c8e97db06f601f81bd82f,2181.2000000011176,2181.2000000011176,1,14,right-6,right,right-dark,light-up,fewer-up,dual,2026-02-17 23:56:17.0630000
6046,631c8e97db06f601f81bd82f,1985.5,1985.5,1,15,right-3,left,right-dark,dark-up,fewer-up,dual,2026-02-17 23:56:19.5690000
6047,631c8e97db06f601f81bd82f,2122.5999999996275,2122.5999999996275,1,16,left-8,left,left-dark,light-up,fewer-up,dual,2026-02-17 23:56:22.1960000
6048,631c8e97db06f601f81bd82f,1856.199999999255,1856.199999999255,1,17,right-5,right,right-dark,light-up,fewer-up,dual,2026-02-17 23:56:24.5620000
6049,631c8e97db06f601f81bd82f,2006.5999999996275,2006.5999999996275,1,18,left-9,right,left-dark,dark-up,fewer-up,dual,2026-02-17 23:56:27.0810000
6050,631c8e97db06f601f81bd82f,2901,2901,1,19,left-1,right,left-dark,dark-up,fewer-up,dual,2026-02-17 23:56:30.4890000
6051,631c8e97db06f601f81bd82f,2768.9000000003725,2768.9000000003725,1,20,left-8,right,left-dark,dark-up,fewer-up,dual,2026-02-17 23:56:36.2070000
6052,631c8e97db06f601f81bd82f,3707.89999999851,3707.89999999851,1,21,left-2,left,left-dark,light-up,fewer-up,dual,2026-02-17 23:56:40.4260000
6053,631c8e97db06f601f81bd82f,3793,3793,1,22,left-0,right,left-dark,light-up,greater-up,dual,2026-02-17 23:56:44.7270000
6054,631c8e97db06f601f81bd82f,1752.300000000745,1752.300000000745,1,23,left-1,left,left-dark,light-up,fewer-up,dual,2026-02-17 23:56:46.9820000
6055,631c8e97db06f601f81bd82f,2002.699999999255,2002.699999999255,1,24,left-6,left,left-dark,dark-up,greater-up,dual,2026-02-17 23:56:49.4920000
6056,631c8e97db06f601f81bd82f,3216.9000000003725,3216.9000000003725,1,25,left-4,right,left-dark,dark-up,fewer-up,dual,2026-02-17 23:56:53.2200000
6057,631c8e97db06f601f81bd82f,1770.2000000011176,1770.2000000011176,1,26,right-2,right,right-dark,light-up,fewer-up,dual,2026-02-17 23:56:55.5030000
6058,631c8e97db06f601f81bd82f,2308.199999999255,2308.199999999255,1,27,right-4,left,right-dark,dark-up,fewer-up,dual,2026-02-17 23:56:58.3270000
6059,631c8e97db06f601f81bd82f,1634.5,1634.5,1,28,right-6,right,right-dark,dark-up,greater-up,dual,2026-02-17 23:57:00.4660000
6060,631c8e97db06f601f81bd82f,2006.9000000003725,2006.9000000003725,1,29,right-5,right,right-dark,dark-up,greater-up,dual,2026-02-17 23:57:02.9810000
6061,631c8e97db06f601f81bd82f,2937.4000000003725,2937.4000000003725,1,30,left-4,left,left-dark,light-up,fewer-up,dual,2026-02-17 23:57:06.4250000
6062,631c8e97db06f601f81bd82f,1621.5999999996275,1621.5999999996275,1,31,left-0,right,left-dark,dark-up,fewer-up,dual,2026-02-17 23:57:08.5560000
6063,631c8e97db06f601f81bd82f,2437.7999999988824,2437.7999999988824,1,32,left-7,left,left-dark,light-up,fewer-up,dual,2026-02-17 23:57:11.5040000
6064,631c8e97db06f601f81bd82f,1534.2000000011176,1534.2000000011176,1,33,left-7,right,left-dark,light-up,greater-up,dual,2026-02-17 23:57:13.5400000
6065,631c8e97db06f601f81bd82f,1718.1000000014901,1718.1000000014901,1,34,right-9,right,right-dark,light-up,fewer-up,dual,2026-02-17 23:57:15.7730000
6066,631c8e97db06f601f81bd82f,2742.5,2742.5,1,35,left-2,right,left-dark,light-up,greater-up,dual,2026-02-17 23:57:19.0300000
6067,631c8e97db06f601f81bd82f,3214.800000000745,3214.800000000745,1,36,left-8,left,left-dark,dark-up,greater-up,dual,2026-02-17 23:57:22.7570000
6068,631c8e97db06f601f81bd82f,1772.5,1772.5,1,37,left-1,left,left-dark,dark-up,greater-up,dual,2026-02-17 23:57:25.0410000
6069,631c8e97db06f601f81bd82f,1441.199999999255,1441.199999999255,1,38,right-3,right,right-dark,light-up,fewer-up,dual,2026-02-17 23:57:26.9920000
6070,631c8e97db06f601f81bd82f,2138.9000000003725,2138.9000000003725,1,39,right-3,right,right-dark,dark-up,greater-up,dual,2026-02-17 23:57:29.6450000
6071,631c8e97db06f601f81bd82f,2681.5999999996275,2681.5999999996275,1,40,right-0,right,right-dark,dark-up,greater-up,dual,2026-02-17 23:57:35.0220000
6072,631c8e97db06f601f81bd82f,2376,2376,0,41,left-4,left,left-dark,light-up,greater-up,dual,2026-02-17 23:57:37.9120000
6073,631c8e97db06f601f81bd82f,2609.2999999988824,2609.2999999988824,1,42,right-7,right,right-dark,dark-up,greater-up,dual,2026-02-17 23:57:42.0370000
6074,631c8e97db06f601f81bd82f,1991.0999999996275,1991.0999999996275,1,43,right-6,left,right-dark,dark-up,fewer-up,dual,2026-02-17 23:57:44.5350000
6075,631c8e97db06f601f81bd82f,1692.5999999996275,1692.5999999996275,1,44,left-6,right,left-dark,dark-up,fewer-up,dual,2026-02-17 23:57:46.7450000
6076,631c8e97db06f601f81bd82f,3111.9000000003725,3111.9000000003725,1,45,right-4,right,right-dark,dark-up,greater-up,dual,2026-02-17 23:57:50.3580000
6077,631c8e97db06f601f81bd82f,1850.800000000745,1850.800000000745,1,46,left-7,right,left-dark,dark-up,fewer-up,dual,2026-02-17 23:57:52.7250000
6078,631c8e97db06f601f81bd82f,2086.5999999996275,2086.5999999996275,1,47,right-4,left,right-dark,light-up,greater-up,dual,2026-02-17 23:57:55.3210000
6079,631c8e97db06f601f81bd82f,3131.5999999996275,3131.5999999996275,0,48,right-3,right,right-dark,light-up,greater-up,dual,2026-02-17 23:57:58.9680000
6080,631c8e97db06f601f81bd82f,2371.39999999851,2371.39999999851,1,49,right-6,left,right-dark,light-up,greater-up,dual,2026-02-17 23:58:02.8700000
6081,631c8e97db06f601f81bd82f,2715.699999999255,2715.699999999255,1,50,right-5,left,right-dark,light-up,greater-up,dual,2026-02-17 23:58:06.0970000
6082,631c8e97db06f601f81bd82f,2494.0999999996275,2494.0999999996275,1,51,left-1,right,left-dark,light-up,greater-up,dual,2026-02-17 23:58:09.0990000
6083,631c8e97db06f601f81bd82f,2428.800000000745,2428.800000000745,1,52,left-9,right,left-dark,light-up,greater-up,dual,2026-02-17 23:58:12.0410000
6084,631c8e97db06f601f81bd82f,2347.4000000003725,2347.4000000003725,1,53,left-9,left,left-dark,light-up,fewer-up,dual,2026-02-17 23:58:14.8980000
6085,631c8e97db06f601f81bd82f,1655.1000000014901,1655.1000000014901,1,54,left-5,right,left-dark,dark-up,fewer-up,dual,2026-02-17 23:58:17.0650000
6086,631c8e97db06f601f81bd82f,3986.0999999996275,3986.0999999996275,1,55,right-1,left,right-dark,dark-up,fewer-up,dual,2026-02-17 23:58:21.5590000
6087,631c8e97db06f601f81bd82f,2840.699999999255,2840.699999999255,1,56,right-9,right,right-dark,dark-up,greater-up,dual,2026-02-17 23:58:24.9090000
6088,631c8e97db06f601f81bd82f,6463.0999999996275,6463.0999999996275,1,57,right-7,left,right-dark,light-up,greater-up,dual,2026-02-17 23:58:31.8770000
6089,631c8e97db06f601f81bd82f,2958.199999999255,2958.199999999255,1,58,right-0,right,right-dark,light-up,fewer-up,dual,2026-02-17 23:58:35.3370000
6090,631c8e97db06f601f81bd82f,1839.9000000003725,1839.9000000003725,1,59,left-5,left,left-dark,dark-up,greater-up,dual,2026-02-17 23:58:37.6800000
6091,661e47e87d86f5629af43921,3381.699999988079,3381.699999988079,1,0,left-5,right,left-dark,light-up,greater-up,dual,2026-02-17 23:58:40.6310000
6092,631c8e97db06f601f81bd82f,3278.300000000745,3278.300000000745,1,60,left-3,left,left-dark,dark-up,greater-up,dual,2026-02-17 23:58:43.2840000
6093,661e47e87d86f5629af43921,2528.2000000029802,2528.2000000029802,1,1,right-9,right,right-dark,light-up,fewer-up,dual,2026-02-17 23:58:43.6640000
6094,631c8e97db06f601f81bd82f,1484.1000000014901,1484.1000000014901,1,61,right-8,left,right-dark,dark-up,fewer-up,dual,2026-02-17 23:58:45.2850000
6095,661e47e87d86f5629af43921,3090.5999999940395,3090.5999999940395,0,2,left-7,left,left-dark,dark-up,fewer-up,dual,2026-02-17 23:58:47.2580000
6096,631c8e97db06f601f81bd82f,2699.9000000003725,2699.9000000003725,1,62,right-2,left,right-dark,dark-up,fewer-up,dual,2026-02-17 23:58:48.5020000
6097,661e47e87d86f5629af43921,2018,2018,1,3,right-9,right,right-dark,dark-up,greater-up,dual,2026-02-17 23:58:50.7820000
6098,661e47e87d86f5629af43921,1441.4000000059605,1441.4000000059605,1,4,right-8,left,right-dark,dark-up,fewer-up,dual,2026-02-17 23:58:52.7260000
6099,631c8e97db06f601f81bd82f,5409.4000000003725,5409.4000000003725,1,63,right-0,left,right-dark,dark-up,fewer-up,dual,2026-02-17 23:58:54.4130000
6100,661e47e87d86f5629af43921,1301.2000000029802,1301.2000000029802,1,5,left-9,right,left-dark,light-up,greater-up,dual,2026-02-17 23:58:54.5300000
6101,661e47e87d86f5629af43921,1269.0999999940395,1269.0999999940395,1,6,right-7,left,right-dark,dark-up,fewer-up,dual,2026-02-17 23:58:56.3020000
6102,661e47e87d86f5629af43921,1537.7999999970198,1537.7999999970198,1,7,left-9,left,left-dark,dark-up,greater-up,dual,2026-02-17 23:58:58.3430000
6103,677c5e96582459bcf49e80da,4962.10000000149,4962.10000000149,0,0,right-1,right,right-dark,dark-up,fewer-up,dual,2026-02-17 23:58:58.4420000
6104,631c8e97db06f601f81bd82f,3634.2000000011176,3634.2000000011176,1,64,left-6,right,left-dark,light-up,greater-up,dual,2026-02-17 23:58:58.5510000
6105,661e47e87d86f5629af43921,936.8999999910593,936.8999999910593,1,8,left-3,left,left-dark,dark-up,greater-up,dual,2026-02-17 23:58:59.7820000
6106,631c8e97db06f601f81bd82f,2641.60000000149,2641.60000000149,1,65,right-0,left,right-dark,light-up,greater-up,dual,2026-02-17 23:59:01.7050000
6107,661e47e87d86f5629af43921,1440,1440,1,9,left-5,left,left-dark,light-up,fewer-up,dual,2026-02-17 23:59:01.7250000
6108,661e47e87d86f5629af43921,1046.699999988079,1046.699999988079,1,10,left-3,right,left-dark,light-up,greater-up,dual,2026-02-17 23:59:03.2750000
6109,631c8e97db06f601f81bd82f,3175.39999999851,3175.39999999851,1,66,left-0,left,left-dark,light-up,fewer-up,dual,2026-02-17 23:59:05.3880000
6110,661e47e87d86f5629af43921,1914.7999999970198,1914.7999999970198,1,11,right-1,right,right-dark,light-up,fewer-up,dual,2026-02-17 23:59:05.6930000
6111,661e47e87d86f5629af43921,1106.7000000029802,1106.7000000029802,1,12,left-4,left,left-dark,light-up,fewer-up,dual,2026-02-17 23:59:07.3020000
6112,677c5e96582459bcf49e80da,8604.5,8604.5,0,1,right-8,right,right-dark,dark-up,fewer-up,dual,2026-02-17 23:59:08.5500000
6113,631c8e97db06f601f81bd82f,4351.0999999996275,4351.0999999996275,1,67,right-9,left,right-dark,light-up,greater-up,dual,2026-02-17 23:59:10.2450000
6114,661e47e87d86f5629af43921,3033.5999999940395,3033.5999999940395,0,13,right-1,right,right-dark,light-up,greater-up,dual,2026-02-17 23:59:10.8390000
6115,631c8e97db06f601f81bd82f,2338.5999999996275,2338.5999999996275,1,68,left-4,left,left-dark,dark-up,greater-up,dual,2026-02-17 23:59:13.0980000
6116,661e47e87d86f5629af43921,1458.4000000059605,1458.4000000059605,1,14,right-4,right,right-dark,light-up,fewer-up,dual,2026-02-17 23:59:13.8030000
6117,661e47e87d86f5629af43921,3242.0999999940395,3242.0999999940395,1,15,right-6,left,right-dark,dark-up,fewer-up,dual,2026-02-17 23:59:17.5470000
6118,631c8e97db06f601f81bd82f,3996.7000000011176,3996.7000000011176,1,69,left-7,left,left-dark,dark-up,greater-up,dual,2026-02-17 23:59:17.6090000
6119,661e47e87d86f5629af43921,1298.1000000089407,1298.1000000089407,1,16,left-8,left,left-dark,light-up,fewer-up,dual,2026-02-17 23:59:19.3480000
6120,631c8e97db06f601f81bd82f,2199.9000000003725,2199.9000000003725,1,70,right-1,right,right-dark,light-up,fewer-up,dual,2026-02-17 23:59:20.3110000
6121,661e47e87d86f5629af43921,963.2000000029802,963.2000000029802,1,17,right-8,right,right-dark,dark-up,greater-up,dual,2026-02-17 23:59:20.8130000
6122,661e47e87d86f5629af43921,1026.2999999970198,1026.2999999970198,1,18,left-7,right,left-dark,light-up,greater-up,dual,2026-02-17 23:59:22.3420000
6123,631c8e97db06f601f81bd82f,2722.4000000003725,2722.4000000003725,1,71,right-2,right,right-dark,dark-up,greater-up,dual,2026-02-17 23:59:23.5490000
6124,661e47e87d86f5629af43921,1626.199999988079,1626.199999988079,1,19,left-1,left,left-dark,dark-up,greater-up,dual,2026-02-17 23:59:24.4710000
6125,631c8e97db06f601f81bd82f,1377,1377,1,72,left-5,left,left-dark,light-up,fewer-up,dual,2026-02-17 23:59:25.4320000
6126,677c5e96582459bcf49e80da,17877.89999999851,17877.89999999851,1,2,left-3,right,left-dark,light-up,greater-up,dual,2026-02-17 23:59:27.9310000
6127,631c8e97db06f601f81bd82f,2290.9000000003725,2290.9000000003725,1,73,right-1,right,right-dark,dark-up,greater-up,dual,2026-02-17 23:59:28.2330000
6128,661e47e87d86f5629af43921,3010.2000000029802,3010.2000000029802,1,20,left-2,right,left-dark,dark-up,fewer-up,dual,2026-02-17 23:59:30.6860000
6129,677c5e96582459bcf49e80da,3260.699999999255,3260.699999999255,1,3,right-4,right,right-dark,light-up,fewer-up,dual,2026-02-17 23:59:31.6950000
6130,661e47e87d86f5629af43921,917,917,1,21,right-6,right,right-dark,dark-up,greater-up,dual,2026-02-17 23:59:32.1060000
6131,631c8e97db06f601f81bd82f,3527.7999999988824,3527.7999999988824,1,74,right-7,right,right-dark,light-up,fewer-up,dual,2026-02-17 23:59:32.2650000
6132,661e47e87d86f5629af43921,1725.3999999910593,1725.3999999910593,1,22,left-3,left,left-dark,light-up,fewer-up,dual,2026-02-17 23:59:34.3340000
6133,631c8e97db06f601f81bd82f,3168,3168,1,75,left-6,left,left-dark,light-up,fewer-up,dual,2026-02-17 23:59:35.9450000
6134,661e47e87d86f5629af43921,1771.4000000059605,1771.4000000059605,1,23,left-6,right,left-dark,dark-up,fewer-up,dual,2026-02-17 23:59:36.6080000
6135,661e47e87d86f5629af43921,1256.9000000059605,1256.9000000059605,1,24,right-5,left,right-dark,dark-up,fewer-up,dual,2026-02-17 23:59:38.3670000
6136,661e47e87d86f5629af43921,871.0999999940395,871.0999999940395,1,25,left-8,right,left-dark,dark-up,fewer-up,dual,2026-02-17 23:59:39.7410000
6137,631c8e97db06f601f81bd82f,3519.10000000149,3519.10000000149,1,76,left-8,right,left-dark,light-up,greater-up,dual,2026-02-17 23:59:39.9770000
6138,661e47e87d86f5629af43921,877,877,1,26,left-7,left,left-dark,dark-up,greater-up,dual,2026-02-17 23:59:41.1200000
6139,661e47e87d86f5629af43921,1862.3999999910593,1862.3999999910593,1,27,right-0,left,right-dark,light-up,greater-up,dual,2026-02-17 23:59:43.4860000
6140,631c8e97db06f601f81bd82f,4192.5,4192.5,1,77,left-5,right,left-dark,light-up,greater-up,dual,2026-02-17 23:59:44.6790000
6141,677c5e96582459bcf49e80da,12697.60000000149,12697.60000000149,0,4,right-8,right,right-dark,light-up,greater-up,dual,2026-02-17 23:59:44.8950000
6142,661e47e87d86f5629af43921,1292.7000000029802,1292.7000000029802,1,28,right-5,left,right-dark,light-up,greater-up,dual,2026-02-17 23:59:45.2820000
6143,5e27727328b7b698b037ee6c,970,970,0,0,left-6,right,left-dark,dark-up,greater-up,dual,2026-02-17 23:59:48.1510000
6144,661e47e87d86f5629af43921,1960.3999999910593,1960.3999999910593,1,29,right-2,right,right-dark,dark-up,greater-up,dual,2026-02-17 23:59:47.7440000
6145,631c8e97db06f601f81bd82f,3299.300000000745,3299.300000000745,1,78,right-1,left,right-dark,light-up,greater-up,dual,2026-02-17 23:59:48.4810000
6146,661e47e87d86f5629af43921,1600,1600,1,30,left-5,right,left-dark,dark-up,fewer-up,dual,2026-02-17 23:59:49.8460000
6147,5e27727328b7b698b037ee6c,1595,1595,0,1,right-2,left,right-dark,dark-up,greater-up,dual,2026-02-17 23:59:51.2650000
6148,631c8e97db06f601f81bd82f,2259.5999999996275,2259.5999999996275,1,79,left-9,left,left-dark,dark-up,greater-up,dual,2026-02-17 23:59:51.2470000
6149,661e47e87d86f5629af43921,1982.9000000059605,1982.9000000059605,1,31,left-1,right,left-dark,light-up,greater-up,dual,2026-02-17 23:59:52.3310000
6150,5e27727328b7b698b037ee6c,1612,1612,0,2,right-3,right,right-dark,light-up,greater-up,dual,2026-02-17 23:59:54.3930000
6151,661e47e87d86f5629af43921,1169.2000000029802,1169.2000000029802,1,32,right-3,right,right-dark,dark-up,greater-up,dual,2026-02-17 23:59:54.0030000
6152,677c5e96582459bcf49e80da,7660.099999997765,7660.099999997765,1,5,right-0,right,right-dark,light-up,fewer-up,dual,2026-02-17 23:59:54.0580000
6153,661e47e87d86f5629af43921,1277.2000000029802,1277.2000000029802,1,33,left-2,left,left-dark,dark-up,greater-up,dual,2026-02-17 23:59:55.7820000
6154,5e27727328b7b698b037ee6c,1211,1211,1,3,right-6,left,right-dark,light-up,greater-up,dual,2026-02-17 23:59:57.1310000
6155,661e47e87d86f5629af43921,1560.2999999970198,1560.2999999970198,1,34,left-9,left,left-dark,light-up,fewer-up,dual,2026-02-17 23:59:57.8450000
6156,5e27727328b7b698b037ee6c,877,877,1,4,left-0,right,left-dark,light-up,greater-up,dual,2026-02-17 23:59:58.5150000
6157,661e47e87d86f5629af43921,835,835,1,35,left-2,left,left-dark,light-up,fewer-up,dual,2026-02-17 23:59:59.1820000
6158,5e27727328b7b698b037ee6c,1684,1684,1,5,left-4,right,left-dark,dark-up,fewer-up,dual,2026-02-18 00:00:00.7080000
6159,661e47e87d86f5629af43921,830,830,0,36,left-8,right,left-dark,dark-up,greater-up,dual,2026-02-18 00:00:00.5140000
6160,5e27727328b7b698b037ee6c,1382,1382,0,6,right-9,left,right-dark,light-up,fewer-up,dual,2026-02-18 00:00:02.6050000
6161,5e27727328b7b698b037ee6c,815,815,1,7,left-0,right,left-dark,dark-up,fewer-up,dual,2026-02-18 00:00:05.0210000
6162,677c5e96582459bcf49e80da,11057.900000002235,11057.900000002235,1,6,left-2,left,left-dark,dark-up,greater-up,dual,2026-02-18 00:00:05.6180000
6163,5e27727328b7b698b037ee6c,841,841,0,8,left-1,right,left-dark,light-up,fewer-up,dual,2026-02-18 00:00:06.3710000
6164,661e47e87d86f5629af43921,4790.5,4790.5,1,37,right-2,left,right-dark,dark-up,fewer-up,dual,2026-02-18 00:00:06.8100000
6165,5e27727328b7b698b037ee6c,937,937,0,9,left-9,right,left-dark,light-up,fewer-up,dual,2026-02-18 00:00:08.8420000
6166,661e47e87d86f5629af43921,1750.7000000029802,1750.7000000029802,1,38,right-2,right,right-dark,light-up,fewer-up,dual,2026-02-18 00:00:09.0630000
6167,661e47e87d86f5629af43921,1056.2999999970198,1056.2999999970198,1,39,right-0,left,right-dark,dark-up,fewer-up,dual,2026-02-18 00:00:10.6220000
6168,5e27727328b7b698b037ee6c,1020,1020,0,10,left-5,left,left-dark,dark-up,fewer-up,dual,2026-02-18 00:00:11.3830000
6169,5e27727328b7b698b037ee6c,897,897,1,11,right-1,left,right-dark,dark-up,fewer-up,dual,2026-02-18 00:00:13.8020000
6170,677c5e96582459bcf49e80da,7782.099999997765,7782.099999997765,1,7,left-6,right,left-dark,light-up,greater-up,dual,2026-02-18 00:00:13.9030000
6171,5e27727328b7b698b037ee6c,1631,1631,1,12,left-2,right,left-dark,light-up,greater-up,dual,2026-02-18 00:00:15.9420000
6172,661e47e87d86f5629af43921,2535.9000000059605,2535.9000000059605,1,40,left-1,right,left-dark,dark-up,fewer-up,dual,2026-02-18 00:00:15.8540000
6173,661e47e87d86f5629af43921,982.5,982.5,1,41,right-7,left,right-dark,light-up,greater-up,dual,2026-02-18 00:00:17.3390000
6174,5e27727328b7b698b037ee6c,1699,1699,1,13,left-4,left,left-dark,dark-up,greater-up,dual,2026-02-18 00:00:18.1860000
6175,677c5e96582459bcf49e80da,3780.89999999851,3780.89999999851,1,8,right-8,right,right-dark,dark-up,greater-up,dual,2026-02-18 00:00:18.1860000
6176,5e27727328b7b698b037ee6c,1332,1332,1,14,right-0,right,right-dark,light-up,fewer-up,dual,2026-02-18 00:00:20.0250000
6177,661e47e87d86f5629af43921,1533.5999999940395,1533.5999999940395,1,42,left-6,left,left-dark,dark-up,greater-up,dual,2026-02-18 00:00:19.3750000
6178,661e47e87d86f5629af43921,805,805,1,43,right-4,right,right-dark,dark-up,greater-up,dual,2026-02-18 00:00:20.6830000
6179,5e27727328b7b698b037ee6c,975,975,1,15,left-2,right,left-dark,dark-up,fewer-up,dual,2026-02-18 00:00:21.5070000
6180,5e27727328b7b698b037ee6c,2001,2001,1,16,left-9,right,left-dark,dark-up,fewer-up,dual,2026-02-18 00:00:24.0170000
6181,661e47e87d86f5629af43921,2264,2264,1,44,right-8,left,right-dark,light-up,greater-up,dual,2026-02-18 00:00:23.4500000
6182,661e47e87d86f5629af43921,856.7999999970198,856.7999999970198,1,45,right-4,left,right-dark,light-up,greater-up,dual,2026-02-18 00:00:24.8100000
6183,5e27727328b7b698b037ee6c,2112,2112,1,17,left-9,right,left-dark,light-up,greater-up,dual,2026-02-18 00:00:26.6450000
6184,661e47e87d86f5629af43921,1193.5999999940395,1193.5999999940395,1,46,right-3,left,right-dark,light-up,greater-up,dual,2026-02-18 00:00:26.5060000
6185,661e47e87d86f5629af43921,918,918,1,47,right-1,left,right-dark,dark-up,fewer-up,dual,2026-02-18 00:00:27.9270000
6186,5e27727328b7b698b037ee6c,1388,1388,0,18,left-6,right,left-dark,light-up,fewer-up,dual,2026-02-18 00:00:28.5430000
6187,661e47e87d86f5629af43921,774.9000000059605,774.9000000059605,0,48,left-1,right,left-dark,light-up,fewer-up,dual,2026-02-18 00:00:29.2050000
6188,677c5e96582459bcf49e80da,10677.900000002235,10677.900000002235,1,9,left-0,right,left-dark,dark-up,fewer-up,dual,2026-02-18 00:00:29.3670000
6189,5e27727328b7b698b037ee6c,1045,1045,1,19,right-5,left,right-dark,dark-up,fewer-up,dual,2026-02-18 00:00:31.1160000
6190,661e47e87d86f5629af43921,1062,1062,1,49,right-4,left,right-dark,dark-up,fewer-up,dual,2026-02-18 00:00:31.7720000
6191,661e47e87d86f5629af43921,2195.2999999970198,2195.2999999970198,1,50,right-9,left,right-dark,light-up,greater-up,dual,2026-02-18 00:00:34.4700000
6192,5e27727328b7b698b037ee6c,950,950,1,20,left-8,right,left-dark,light-up,greater-up,dual,2026-02-18 00:00:36.4040000
6193,661e47e87d86f5629af43921,934.5999999940395,934.5999999940395,1,51,left-2,right,left-dark,light-up,greater-up,dual,2026-02-18 00:00:35.9070000
6194,677c5e96582459bcf49e80da,6292.79999999702,6292.79999999702,1,10,left-9,right,left-dark,dark-up,fewer-up,dual,2026-02-18 00:00:36.1630000
6195,661e47e87d86f5629af43921,1227.0999999940395,1227.0999999940395,1,52,right-7,right,right-dark,light-up,fewer-up,dual,2026-02-18 00:00:37.6370000
6196,5e27727328b7b698b037ee6c,1373,1373,0,21,left-7,right,left-dark,light-up,fewer-up,dual,2026-02-18 00:00:38.2920000
6197,661e47e87d86f5629af43921,1308.2000000029802,1308.2000000029802,1,53,left-0,right,left-dark,light-up,greater-up,dual,2026-02-18 00:00:39.4470000
6198,5e27727328b7b698b037ee6c,572,572,1,22,right-4,left,right-dark,light-up,greater-up,dual,2026-02-18 00:00:40.3850000
6199,661e47e87d86f5629af43921,1197.199999988079,1197.199999988079,1,54,left-4,right,left-dark,dark-up,fewer-up,dual,2026-02-18 00:00:41.1470000
6200,5e27727328b7b698b037ee6c,1353,1353,0,23,right-9,left,right-dark,dark-up,greater-up,dual,2026-02-18 00:00:42.2520000
6201,677c5e96582459bcf49e80da,5182.10000000149,5182.10000000149,1,11,right-5,left,right-dark,light-up,greater-up,dual,2026-02-18 00:00:41.8470000
6202,661e47e87d86f5629af43921,1126.8999999910593,1126.8999999910593,1,55,right-7,right,right-dark,dark-up,greater-up,dual,2026-02-18 00:00:42.7760000
6203,661e47e87d86f5629af43921,974.2999999970198,974.2999999970198,1,56,left-4,left,left-dark,dark-up,greater-up,dual,2026-02-18 00:00:44.2530000
6204,5e27727328b7b698b037ee6c,1842,1842,1,24,left-2,left,left-dark,dark-up,greater-up,dual,2026-02-18 00:00:45.6210000
6205,677c5e96582459bcf49e80da,3276.800000000745,3276.800000000745,1,12,left-8,right,left-dark,light-up,greater-up,dual,2026-02-18 00:00:45.6270000
6206,661e47e87d86f5629af43921,1066,1066,1,57,left-0,left,left-dark,dark-up,greater-up,dual,2026-02-18 00:00:45.8210000
6207,5e27727328b7b698b037ee6c,986,986,0,25,left-5,left,left-dark,light-up,greater-up,dual,2026-02-18 00:00:47.1130000
6208,661e47e87d86f5629af43921,1179.3999999910593,1179.3999999910593,1,58,left-6,left,left-dark,light-up,fewer-up,dual,2026-02-18 00:00:47.5030000
6209,5e27727328b7b698b037ee6c,998,998,1,26,left-3,right,left-dark,light-up,greater-up,dual,2026-02-18 00:00:49.6360000
6210,661e47e87d86f5629af43921,1438.2999999970198,1438.2999999970198,1,59,right-9,left,right-dark,dark-up,fewer-up,dual,2026-02-18 00:00:49.4440000
6211,677c5e96582459bcf49e80da,3489.5,3489.5,1,13,right-7,right,right-dark,dark-up,greater-up,dual,2026-02-18 00:00:49.6190000
6212,5e27727328b7b698b037ee6c,739,739,1,27,right-1,left,right-dark,light-up,greater-up,dual,2026-02-18 00:00:50.8870000
6213,677c5e96582459bcf49e80da,1973.7000000029802,1973.7000000029802,1,14,left-4,left,left-dark,dark-up,greater-up,dual,2026-02-18 00:00:52.0950000
6214,5e27727328b7b698b037ee6c,1539,1539,1,28,left-7,right,left-dark,light-up,greater-up,dual,2026-02-18 00:00:52.9360000
6215,661e47e87d86f5629af43921,2018.5,2018.5,1,60,left-6,right,left-dark,light-up,greater-up,dual,2026-02-18 00:00:53.9670000
6216,5e27727328b7b698b037ee6c,1394,1394,0,29,right-7,right,right-dark,light-up,greater-up,dual,2026-02-18 00:00:54.8360000
6217,661e47e87d86f5629af43921,1419.7999999970198,1419.7999999970198,1,61,left-7,left,left-dark,light-up,fewer-up,dual,2026-02-18 00:00:55.8890000
6218,677c5e96582459bcf49e80da,3669.199999999255,3669.199999999255,1,15,left-1,right,left-dark,dark-up,fewer-up,dual,2026-02-18 00:00:56.2670000
6219,5e27727328b7b698b037ee6c,2331,2331,1,30,right-2,left,right-dark,dark-up,fewer-up,dual,2026-02-18 00:00:58.6750000
6220,661e47e87d86f5629af43921,1881.4000000059605,1881.4000000059605,1,62,right-6,left,right-dark,light-up,greater-up,dual,2026-02-18 00:00:58.2730000
6221,661e47e87d86f5629af43921,839.4000000059605,839.4000000059605,1,63,right-6,right,right-dark,light-up,fewer-up,dual,2026-02-18 00:00:59.6150000
6222,677c5e96582459bcf49e80da,3145.5,3145.5,1,16,right-0,right,right-dark,dark-up,greater-up,dual,2026-02-18 00:00:59.9150000
6223,5e27727328b7b698b037ee6c,2540,2540,0,31,right-3,left,right-dark,light-up,fewer-up,dual,2026-02-18 00:01:01.7310000
6224,661e47e87d86f5629af43921,1896.5,1896.5,1,64,left-3,right,left-dark,dark-up,fewer-up,dual,2026-02-18 00:01:02.0150000
6225,677c5e96582459bcf49e80da,2662.199999999255,2662.199999999255,1,17,left-5,right,left-dark,dark-up,fewer-up,dual,2026-02-18 00:01:03.0800000
6226,661e47e87d86f5629af43921,1023,1023,1,65,right-0,right,right-dark,light-up,fewer-up,dual,2026-02-18 00:01:03.5410000
6227,5e27727328b7b698b037ee6c,1071,1071,1,32,left-3,right,left-dark,dark-up,fewer-up,dual,2026-02-18 00:01:04.3230000
6228,677c5e96582459bcf49e80da,1988.5,1988.5,1,18,right-2,left,right-dark,dark-up,fewer-up,dual,2026-02-18 00:01:05.5710000
6229,5e27727328b7b698b037ee6c,1510,1510,1,33,right-7,right,right-dark,light-up,fewer-up,dual,2026-02-18 00:01:06.3460000
6230,661e47e87d86f5629af43921,1704.7999999970198,1704.7999999970198,1,66,left-8,right,left-dark,light-up,greater-up,dual,2026-02-18 00:01:05.7490000
6231,661e47e87d86f5629af43921,670.6999999880791,670.6999999880791,1,67,left-4,right,left-dark,light-up,greater-up,dual,2026-02-18 00:01:06.9230000
6232,5e27727328b7b698b037ee6c,806,806,1,34,right-8,left,right-dark,dark-up,fewer-up,dual,2026-02-18 00:01:07.6550000
6233,661e47e87d86f5629af43921,744.7000000029802,744.7000000029802,1,68,right-0,right,right-dark,dark-up,greater-up,dual,2026-02-18 00:01:08.1710000
6234,5e27727328b7b698b037ee6c,945,945,0,35,right-1,left,right-dark,light-up,fewer-up,dual,2026-02-18 00:01:09.1150000
6235,677c5e96582459bcf49e80da,3193.699999999255,3193.699999999255,0,19,right-1,right,right-dark,light-up,greater-up,dual,2026-02-18 00:01:09.2670000
6236,661e47e87d86f5629af43921,1212.7999999970198,1212.7999999970198,1,69,left-9,right,left-dark,dark-up,fewer-up,dual,2026-02-18 00:01:09.8870000
6237,661e47e87d86f5629af43921,946.5999999940395,946.5999999940395,1,70,right-3,right,right-dark,light-up,fewer-up,dual,2026-02-18 00:01:11.3360000
6238,5e27727328b7b698b037ee6c,1455,1455,0,36,left-3,right,left-dark,light-up,fewer-up,dual,2026-02-18 00:01:12.0750000
6239,5e27727328b7b698b037ee6c,637,637,0,37,right-6,left,right-dark,dark-up,greater-up,dual,2026-02-18 00:01:14.2410000
6240,661e47e87d86f5629af43921,2019,2019,1,71,right-2,left,right-dark,light-up,greater-up,dual,2026-02-18 00:01:13.8580000
6241,661e47e87d86f5629af43921,1263.699999988079,1263.699999988079,1,72,right-8,right,right-dark,light-up,fewer-up,dual,2026-02-18 00:01:15.6250000
6242,5e27727328b7b698b037ee6c,776,776,1,38,left-1,right,left-dark,dark-up,fewer-up,dual,2026-02-18 00:01:16.5320000
6243,5e27727328b7b698b037ee6c,687,687,1,39,right-7,left,right-dark,dark-up,fewer-up,dual,2026-02-18 00:01:17.7310000
6244,661e47e87d86f5629af43921,1495.2000000029802,1495.2000000029802,1,73,left-0,left,left-dark,light-up,fewer-up,dual,2026-02-18 00:01:17.6230000
6245,661e47e87d86f5629af43921,899.6999999880791,899.6999999880791,1,74,left-0,right,left-dark,dark-up,fewer-up,dual,2026-02-18 00:01:19.0250000
6246,661e47e87d86f5629af43921,1386.2000000029802,1386.2000000029802,1,75,left-5,left,left-dark,dark-up,greater-up,dual,2026-02-18 00:01:20.9140000
6247,5e27727328b7b698b037ee6c,684,684,1,40,right-6,left,right-dark,dark-up,fewer-up,dual,2026-02-18 00:01:21.5930000
6248,661e47e87d86f5629af43921,741.2000000029802,741.2000000029802,1,76,right-5,right,right-dark,dark-up,greater-up,dual,2026-02-18 00:01:22.1570000
6249,661e47e87d86f5629af43921,1342.7999999970198,1342.7999999970198,1,77,right-3,left,right-dark,dark-up,fewer-up,dual,2026-02-18 00:01:24.0020000
6250,677c5e96582459bcf49e80da,6311.800000000745,6311.800000000745,1,20,left-7,right,left-dark,dark-up,fewer-up,dual,2026-02-18 00:01:24.7160000
6251,661e47e87d86f5629af43921,1270.7999999970198,1270.7999999970198,1,78,right-5,right,right-dark,light-up,fewer-up,dual,2026-02-18 00:01:25.7750000
6252,5e27727328b7b698b037ee6c,4498,4498,1,41,right-4,left,right-dark,dark-up,fewer-up,dual,2026-02-18 00:01:26.5950000
6253,5e27727328b7b698b037ee6c,1093,1093,1,42,left-4,left,left-dark,light-up,fewer-up,dual,2026-02-18 00:01:28.1980000
6254,661e47e87d86f5629af43921,1457.3999999910593,1457.3999999910593,1,79,right-1,right,right-dark,dark-up,greater-up,dual,2026-02-18 00:01:27.7350000
6255,5e27727328b7b698b037ee6c,607,607,1,43,right-0,left,right-dark,dark-up,fewer-up,dual,2026-02-18 00:01:29.3070000
6256,677c5e96582459bcf49e80da,3605,3605,1,21,right-3,left,right-dark,light-up,greater-up,dual,2026-02-18 00:01:28.8240000
6257,5e27727328b7b698b037ee6c,1298,1298,0,44,right-0,left,right-dark,dark-up,greater-up,dual,2026-02-18 00:01:31.1190000
6258,677c5e96582459bcf49e80da,2588.10000000149,2588.10000000149,1,22,right-1,right,right-dark,light-up,fewer-up,dual,2026-02-18 00:01:31.9150000
6259,5e27727328b7b698b037ee6c,2479,2479,1,45,right-3,right,right-dark,dark-up,greater-up,dual,2026-02-18 00:01:35.1010000
6260,677c5e96582459bcf49e80da,2585.5,2585.5,1,23,right-5,right,right-dark,dark-up,greater-up,dual,2026-02-18 00:01:35.0030000
6261,5e27727328b7b698b037ee6c,591,591,0,46,left-5,right,left-dark,dark-up,greater-up,dual,2026-02-18 00:01:36.1960000
6262,677c5e96582459bcf49e80da,2105.5,2105.5,1,24,left-8,left,left-dark,dark-up,greater-up,dual,2026-02-18 00:01:37.6110000
6263,5e27727328b7b698b037ee6c,752,752,0,47,left-8,right,left-dark,light-up,fewer-up,dual,2026-02-18 00:01:38.4760000
6264,677c5e96582459bcf49e80da,2670.099999997765,2670.099999997765,1,25,left-8,left,left-dark,light-up,fewer-up,dual,2026-02-18 00:01:40.7840000
6265,5e27727328b7b698b037ee6c,1482,1482,1,48,left-8,right,left-dark,dark-up,fewer-up,dual,2026-02-18 00:01:41.4860000
6266,5e27727328b7b698b037ee6c,1325,1325,0,49,right-1,left,right-dark,dark-up,greater-up,dual,2026-02-18 00:01:43.3160000
6267,677c5e96582459bcf49e80da,2068.800000000745,2068.800000000745,1,26,left-6,right,left-dark,dark-up,fewer-up,dual,2026-02-18 00:01:43.3550000
6268,5e27727328b7b698b037ee6c,829,829,0,50,left-7,right,left-dark,dark-up,greater-up,dual,2026-02-18 00:01:45.6760000
6269,677c5e96582459bcf49e80da,2489.5,2489.5,1,27,right-6,right,right-dark,dark-up,greater-up,dual,2026-02-18 00:01:46.3470000
6270,5e27727328b7b698b037ee6c,1072,1072,1,51,left-6,right,left-dark,light-up,greater-up,dual,2026-02-18 00:01:48.2610000
6271,677c5e96582459bcf49e80da,2825.5,2825.5,1,28,right-2,right,right-dark,light-up,fewer-up,dual,2026-02-18 00:01:49.6750000
6272,5e27727328b7b698b037ee6c,1667,1667,0,52,right-6,left,right-dark,light-up,fewer-up,dual,2026-02-18 00:01:50.4340000
6273,5e27727328b7b698b037ee6c,877,877,0,53,left-0,right,left-dark,light-up,fewer-up,dual,2026-02-18 00:01:52.8240000
6274,677c5e96582459bcf49e80da,2638,2638,1,29,left-0,right,left-dark,light-up,greater-up,dual,2026-02-18 00:01:52.8160000
6275,5e27727328b7b698b037ee6c,578,578,1,54,right-5,left,right-dark,light-up,greater-up,dual,2026-02-18 00:01:55.0460000
6276,5e27727328b7b698b037ee6c,1598,1598,0,55,left-1,right,left-dark,dark-up,greater-up,dual,2026-02-18 00:01:57.1590000
6277,677c5e96582459bcf49e80da,3356.900000002235,3356.900000002235,1,30,right-9,right,right-dark,dark-up,greater-up,dual,2026-02-18 00:01:56.6750000
6278,5e27727328b7b698b037ee6c,780,780,0,56,right-8,left,right-dark,light-up,fewer-up,dual,2026-02-18 00:01:59.4620000
6279,677c5e96582459bcf49e80da,3089.400000002235,3089.400000002235,1,31,left-1,left,left-dark,dark-up,greater-up,dual,2026-02-18 00:02:00.2670000
6280,5e27727328b7b698b037ee6c,784,784,1,57,left-9,left,left-dark,dark-up,greater-up,dual,2026-02-18 00:02:01.7900000
6281,5e27727328b7b698b037ee6c,695,695,0,58,left-0,right,left-dark,dark-up,greater-up,dual,2026-02-18 00:02:02.9950000
6282,677c5e96582459bcf49e80da,1817.4000000022352,1817.4000000022352,1,32,left-0,left,left-dark,dark-up,greater-up,dual,2026-02-18 00:02:02.5870000
6283,5e27727328b7b698b037ee6c,842,842,0,59,right-2,left,right-dark,light-up,fewer-up,dual,2026-02-18 00:02:05.3540000
6284,677c5e96582459bcf49e80da,2582,2582,1,33,right-7,left,right-dark,light-up,greater-up,dual,2026-02-18 00:02:05.6720000
6285,677c5e96582459bcf49e80da,2900.89999999851,2900.89999999851,1,34,right-3,right,right-dark,light-up,fewer-up,dual,2026-02-18 00:02:09.0750000
6286,5e27727328b7b698b037ee6c,911,911,1,60,right-2,left,right-dark,light-up,greater-up,dual,2026-02-18 00:02:09.8700000
6287,677c5e96582459bcf49e80da,2473.5,2473.5,1,35,right-8,right,right-dark,light-up,fewer-up,dual,2026-02-18 00:02:12.0520000
6288,5e27727328b7b698b037ee6c,3967,3967,0,61,right-5,left,right-dark,light-up,fewer-up,dual,2026-02-18 00:02:14.3540000
6289,677c5e96582459bcf49e80da,1209.300000000745,1209.300000000745,1,36,right-9,right,right-dark,light-up,fewer-up,dual,2026-02-18 00:02:13.7630000
6290,677c5e96582459bcf49e80da,1401.4000000022352,1401.4000000022352,1,37,right-5,right,right-dark,light-up,fewer-up,dual,2026-02-18 00:02:15.6680000
6291,5e27727328b7b698b037ee6c,759,759,1,62,left-4,right,left-dark,light-up,greater-up,dual,2026-02-18 00:02:16.6680000
6292,5e27727328b7b698b037ee6c,1092,1092,1,63,right-0,left,right-dark,light-up,greater-up,dual,2026-02-18 00:02:18.2680000
6293,677c5e96582459bcf49e80da,2014.0999999977648,2014.0999999977648,1,38,right-2,left,right-dark,light-up,greater-up,dual,2026-02-18 00:02:18.1840000
6294,5e27727328b7b698b037ee6c,549,549,1,64,right-3,left,right-dark,dark-up,fewer-up,dual,2026-02-18 00:02:19.3290000
6295,5e27727328b7b698b037ee6c,615,615,0,65,right-8,right,right-dark,light-up,greater-up,dual,2026-02-18 00:02:20.4610000
6296,677c5e96582459bcf49e80da,1668.4000000022352,1668.4000000022352,0,39,left-7,right,left-dark,light-up,fewer-up,dual,2026-02-18 00:02:20.3560000
6297,5e27727328b7b698b037ee6c,611,611,0,66,left-6,left,left-dark,dark-up,fewer-up,dual,2026-02-18 00:02:22.5850000
6298,5e27727328b7b698b037ee6c,487,487,0,67,left-3,right,left-dark,dark-up,greater-up,dual,2026-02-18 00:02:24.5990000
6299,5e27727328b7b698b037ee6c,574,574,0,68,right-5,left,right-dark,dark-up,greater-up,dual,2026-02-18 00:02:26.7000000
6300,5e27727328b7b698b037ee6c,568,568,1,69,right-8,right,right-dark,dark-up,greater-up,dual,2026-02-18 00:02:28.8130000
6301,5e27727328b7b698b037ee6c,1285,1285,0,70,right-4,left,right-dark,light-up,fewer-up,dual,2026-02-18 00:02:30.6070000
6302,677c5e96582459bcf49e80da,3454,3454,1,40,right-9,left,right-dark,light-up,greater-up,dual,2026-02-18 00:02:30.0710000
6303,677c5e96582459bcf49e80da,2541.7999999970198,2541.7999999970198,1,41,right-5,left,right-dark,dark-up,fewer-up,dual,2026-02-18 00:02:33.1160000
6304,5e27727328b7b698b037ee6c,2064,2064,1,71,right-9,left,right-dark,light-up,greater-up,dual,2026-02-18 00:02:34.1870000
6305,5e27727328b7b698b037ee6c,999,999,1,72,right-9,left,right-dark,dark-up,fewer-up,dual,2026-02-18 00:02:35.6980000
6306,677c5e96582459bcf49e80da,2329.5,2329.5,1,42,left-3,left,left-dark,light-up,fewer-up,dual,2026-02-18 00:02:35.9480000
6307,677c5e96582459bcf49e80da,2177.5,2177.5,1,43,right-4,right,right-dark,dark-up,greater-up,dual,2026-02-18 00:02:38.6280000
6308,5e27727328b7b698b037ee6c,3733,3733,1,73,left-1,right,left-dark,light-up,greater-up,dual,2026-02-18 00:02:39.9420000
6309,677c5e96582459bcf49e80da,2622,2622,1,44,right-0,left,right-dark,light-up,greater-up,dual,2026-02-18 00:02:41.7520000
6310,5e27727328b7b698b037ee6c,2887,2887,0,74,left-5,right,left-dark,light-up,fewer-up,dual,2026-02-18 00:02:43.3380000
6311,677c5e96582459bcf49e80da,2076.800000000745,2076.800000000745,1,45,left-4,right,left-dark,dark-up,fewer-up,dual,2026-02-18 00:02:44.3320000
6312,5e27727328b7b698b037ee6c,1270,1270,1,75,right-7,right,right-dark,dark-up,greater-up,dual,2026-02-18 00:02:46.1420000
6313,677c5e96582459bcf49e80da,2273.400000002235,2273.400000002235,1,46,right-6,right,right-dark,light-up,fewer-up,dual,2026-02-18 00:02:47.1080000
6314,5e27727328b7b698b037ee6c,1718,1718,1,76,left-8,left,left-dark,dark-up,greater-up,dual,2026-02-18 00:02:48.3670000
6315,5e27727328b7b698b037ee6c,810,810,1,77,right-4,right,right-dark,dark-up,greater-up,dual,2026-02-18 00:02:49.6890000
6316,677c5e96582459bcf49e80da,1641.5,1641.5,1,47,left-3,left,left-dark,dark-up,greater-up,dual,2026-02-18 00:02:49.2520000
6317,5e27727328b7b698b037ee6c,2194,2194,1,78,left-7,right,left-dark,dark-up,fewer-up,dual,2026-02-18 00:02:52.3950000
6318,677c5e96582459bcf49e80da,2246,2246,1,48,left-5,left,left-dark,light-up,fewer-up,dual,2026-02-18 00:02:52.0000000
6319,677c5e96582459bcf49e80da,2164.800000000745,2164.800000000745,1,49,right-7,left,right-dark,dark-up,fewer-up,dual,2026-02-18 00:02:54.6680000
6320,5e27727328b7b698b037ee6c,2531,2531,1,79,left-2,left,left-dark,light-up,fewer-up,dual,2026-02-18 00:02:55.4290000
6321,677c5e96582459bcf49e80da,2409.5,2409.5,1,50,left-2,right,left-dark,dark-up,fewer-up,dual,2026-02-18 00:02:57.5800000
6322,677c5e96582459bcf49e80da,5897.5,5897.5,1,51,left-9,left,left-dark,light-up,fewer-up,dual,2026-02-18 00:03:03.9800000
6323,677c5e96582459bcf49e80da,2233.599999997765,2233.599999997765,0,52,right-2,left,right-dark,dark-up,greater-up,dual,2026-02-18 00:03:06.7160000
6324,677c5e96582459bcf49e80da,1513.0999999977648,1513.0999999977648,1,53,left-6,left,left-dark,dark-up,greater-up,dual,2026-02-18 00:03:09.7320000
6325,677c5e96582459bcf49e80da,3029.800000000745,3029.800000000745,1,54,left-7,right,left-dark,light-up,greater-up,dual,2026-02-18 00:03:13.2650000
6326,677c5e96582459bcf49e80da,2045,2045,1,55,right-6,left,right-dark,light-up,greater-up,dual,2026-02-18 00:03:15.8120000
6327,677c5e96582459bcf49e80da,2033.6000000014901,2033.6000000014901,1,56,left-8,right,left-dark,dark-up,fewer-up,dual,2026-02-18 00:03:18.3480000
6328,677c5e96582459bcf49e80da,1696.300000000745,1696.300000000745,1,57,left-4,right,left-dark,light-up,greater-up,dual,2026-02-18 00:03:20.5480000
6329,677c5e96582459bcf49e80da,2421.699999999255,2421.699999999255,1,58,right-4,left,right-dark,dark-up,fewer-up,dual,2026-02-18 00:03:23.4730000
6330,677c5e96582459bcf49e80da,2292.800000000745,2292.800000000745,1,59,left-6,left,left-dark,light-up,fewer-up,dual,2026-02-18 00:03:26.2680000
6331,671c5ad0eb30c87c11b22ec4,1166.2000000476837,1166.2000000476837,0,0,right-7,right,right-dark,dark-up,fewer-up,dual,2026-02-18 00:03:36.6890000
6332,677c5e96582459bcf49e80da,4382.800000000745,4382.800000000745,1,60,left-9,left,left-dark,dark-up,greater-up,dual,2026-02-18 00:03:36.8810000
6333,677c5e96582459bcf49e80da,1661,1661,1,61,left-7,left,left-dark,dark-up,greater-up,dual,2026-02-18 00:03:39.0440000
6334,671c5ad0eb30c87c11b22ec4,842,842,1,1,left-5,left,left-dark,light-up,fewer-up,dual,2026-02-18 00:03:39.0370000
6335,671c5ad0eb30c87c11b22ec4,1334.2000000476837,1334.2000000476837,1,2,right-3,left,right-dark,dark-up,fewer-up,dual,2026-02-18 00:03:40.8740000
6336,677c5e96582459bcf49e80da,1785.6000000014901,1785.6000000014901,1,62,left-1,right,left-dark,light-up,greater-up,dual,2026-02-18 00:03:41.3320000
6337,671c5ad0eb30c87c11b22ec4,1680.2000000476837,1680.2000000476837,0,3,right-7,right,right-dark,light-up,greater-up,dual,2026-02-18 00:03:43.0560000
6338,677c5e96582459bcf49e80da,1793.5,1793.5,0,63,right-3,left,right-dark,dark-up,greater-up,dual,2026-02-18 00:03:43.6280000
6339,671c5ad0eb30c87c11b22ec4,1327.6000000238419,1327.6000000238419,0,4,left-4,left,left-dark,light-up,greater-up,dual,2026-02-18 00:03:45.8900000
6340,677c5e96582459bcf49e80da,2149.800000000745,2149.800000000745,1,64,right-0,left,right-dark,dark-up,fewer-up,dual,2026-02-18 00:03:47.2810000
6341,671c5ad0eb30c87c11b22ec4,1755.9000000953674,1755.9000000953674,0,5,left-3,right,left-dark,light-up,fewer-up,dual,2026-02-18 00:03:49.1500000
6342,677c5e96582459bcf49e80da,1917.199999999255,1917.199999999255,1,65,left-3,right,left-dark,dark-up,fewer-up,dual,2026-02-18 00:03:49.7000000
6343,671c5ad0eb30c87c11b22ec4,2378.5999999046326,2378.5999999046326,1,6,right-8,left,right-dark,dark-up,fewer-up,dual,2026-02-18 00:03:53.0330000
6344,677c5e96582459bcf49e80da,3233.5,3233.5,1,66,left-5,left,left-dark,dark-up,greater-up,dual,2026-02-18 00:03:53.4360000
6345,671c5ad0eb30c87c11b22ec4,1597.2000000476837,1597.2000000476837,0,7,left-2,left,left-dark,dark-up,fewer-up,dual,2026-02-18 00:03:55.1330000
6346,677c5e96582459bcf49e80da,1985.8999999985099,1985.8999999985099,1,67,right-9,left,right-dark,dark-up,fewer-up,dual,2026-02-18 00:03:55.9250000
6347,671c5ad0eb30c87c11b22ec4,1377.8999999761581,1377.8999999761581,1,8,left-9,right,left-dark,dark-up,fewer-up,dual,2026-02-18 00:03:58.0150000
6348,677c5e96582459bcf49e80da,2094.10000000149,2094.10000000149,1,68,left-4,left,left-dark,light-up,fewer-up,dual,2026-02-18 00:03:58.5210000
6349,671c5ad0eb30c87c11b22ec4,1943.2000000476837,1943.2000000476837,0,9,left-7,right,left-dark,light-up,fewer-up,dual,2026-02-18 00:04:00.4610000
6350,677c5e96582459bcf49e80da,2181.099999997765,2181.099999997765,1,69,right-4,left,right-dark,light-up,greater-up,dual,2026-02-18 00:04:01.2050000
6351,671c5ad0eb30c87c11b22ec4,1869.8999999761581,1869.8999999761581,0,10,right-6,left,right-dark,light-up,fewer-up,dual,2026-02-18 00:04:03.8360000
6352,677c5e96582459bcf49e80da,2505.39999999851,2505.39999999851,1,70,left-1,left,left-dark,light-up,fewer-up,dual,2026-02-18 00:04:04.2130000
6353,671c5ad0eb30c87c11b22ec4,925.8999999761581,925.8999999761581,1,11,left-7,left,left-dark,dark-up,greater-up,dual,2026-02-18 00:04:06.2670000
6354,677c5e96582459bcf49e80da,2465.400000002235,2465.400000002235,0,71,right-6,right,right-dark,dark-up,fewer-up,dual,2026-02-18 00:04:07.1810000
6355,671c5ad0eb30c87c11b22ec4,1541.3999999761581,1541.3999999761581,0,12,right-8,left,right-dark,light-up,fewer-up,dual,2026-02-18 00:04:08.3110000
6356,677c5e96582459bcf49e80da,2029.8999999985099,2029.8999999985099,1,72,left-2,right,left-dark,light-up,greater-up,dual,2026-02-18 00:04:10.7130000
6357,671c5ad0eb30c87c11b22ec4,1826.6000000238419,1826.6000000238419,1,13,left-5,left,left-dark,dark-up,greater-up,dual,2026-02-18 00:04:11.6420000
6358,677c5e96582459bcf49e80da,1844.9000000022352,1844.9000000022352,1,73,right-7,right,right-dark,light-up,fewer-up,dual,2026-02-18 00:04:13.0610000
6359,671c5ad0eb30c87c11b22ec4,2296.7000000476837,2296.7000000476837,1,14,right-1,left,right-dark,light-up,greater-up,dual,2026-02-18 00:04:14.4410000
6360,677c5e96582459bcf49e80da,2553.900000002235,2553.900000002235,0,74,left-9,left,left-dark,light-up,greater-up,dual,2026-02-18 00:04:16.1170000
6361,671c5ad0eb30c87c11b22ec4,1420.6999999284744,1420.6999999284744,0,15,left-0,left,left-dark,light-up,greater-up,dual,2026-02-18 00:04:16.3650000
6362,671c5ad0eb30c87c11b22ec4,991.5,991.5,0,16,right-1,left,right-dark,light-up,fewer-up,dual,2026-02-18 00:04:18.8600000
6363,677c5e96582459bcf49e80da,3413.60000000149,3413.60000000149,1,75,right-3,left,right-dark,dark-up,fewer-up,dual,2026-02-18 00:04:21.0330000
6364,671c5ad0eb30c87c11b22ec4,904,904,0,17,right-4,right,right-dark,dark-up,fewer-up,dual,2026-02-18 00:04:21.2690000
6365,671c5ad0eb30c87c11b22ec4,814.8999999761581,814.8999999761581,0,18,right-9,left,right-dark,dark-up,greater-up,dual,2026-02-18 00:04:23.5880000
6366,677c5e96582459bcf49e80da,2253,2253,1,76,left-5,right,left-dark,light-up,greater-up,dual,2026-02-18 00:04:23.7890000
6367,677c5e96582459bcf49e80da,1625.7000000029802,1625.7000000029802,1,77,left-0,left,left-dark,light-up,fewer-up,dual,2026-02-18 00:04:25.9170000
6368,671c5ad0eb30c87c11b22ec4,1719.1000000238419,1719.1000000238419,1,19,left-4,left,left-dark,dark-up,greater-up,dual,2026-02-18 00:04:26.8130000
6369,677c5e96582459bcf49e80da,2529.400000002235,2529.400000002235,1,78,right-1,right,right-dark,dark-up,greater-up,dual,2026-02-18 00:04:28.9490000
6370,677c5e96582459bcf49e80da,2165.89999999851,2165.89999999851,1,79,left-2,left,left-dark,light-up,fewer-up,dual,2026-02-18 00:04:31.6170000
6371,671c5ad0eb30c87c11b22ec4,2213.5,2213.5,0,20,left-3,right,left-dark,dark-up,greater-up,dual,2026-02-18 00:04:37.5630000
6372,671c5ad0eb30c87c11b22ec4,2163,2163,0,21,right-7,left,right-dark,light-up,fewer-up,dual,2026-02-18 00:04:41.2310000
6373,671c5ad0eb30c87c11b22ec4,2369.7999999523163,2369.7999999523163,0,22,left-2,right,left-dark,light-up,fewer-up,dual,2026-02-18 00:04:45.1050000
6374,671c5ad0eb30c87c11b22ec4,898.6000000238419,898.6000000238419,0,23,left-1,left,left-dark,light-up,greater-up,dual,2026-02-18 00:04:47.5080000
6375,671c5ad0eb30c87c11b22ec4,1472.2000000476837,1472.2000000476837,1,24,right-3,left,right-dark,light-up,greater-up,dual,2026-02-18 00:04:50.4840000
6376,671c5ad0eb30c87c11b22ec4,2733,2733,1,25,left-1,left,left-dark,dark-up,greater-up,dual,2026-02-18 00:04:53.7200000
6377,671c5ad0eb30c87c11b22ec4,11040.100000023842,11040.100000023842,1,26,right-6,left,right-dark,dark-up,fewer-up,dual,2026-02-18 00:05:05.2620000
6378,671c5ad0eb30c87c11b22ec4,1096.7000000476837,1096.7000000476837,1,27,left-4,left,left-dark,light-up,fewer-up,dual,2026-02-18 00:05:06.8610000
6379,671c5ad0eb30c87c11b22ec4,2206.1999999284744,2206.1999999284744,0,28,right-0,left,right-dark,light-up,fewer-up,dual,2026-02-18 00:05:09.5690000
6380,671c5ad0eb30c87c11b22ec4,1389.6999999284744,1389.6999999284744,1,29,right-9,left,right-dark,light-up,greater-up,dual,2026-02-18 00:05:12.4640000
6381,671c5ad0eb30c87c11b22ec4,1748.3999999761581,1748.3999999761581,0,30,right-0,left,right-dark,dark-up,greater-up,dual,2026-02-18 00:05:14.7150000
6382,671c5ad0eb30c87c11b22ec4,832.4000000953674,832.4000000953674,1,31,right-8,right,right-dark,dark-up,greater-up,dual,2026-02-18 00:05:17.0520000
6383,671c5ad0eb30c87c11b22ec4,1413.5,1413.5,1,32,right-5,right,right-dark,light-up,fewer-up,dual,2026-02-18 00:05:18.9680000
6384,671c5ad0eb30c87c11b22ec4,1510.4000000953674,1510.4000000953674,0,33,right-2,left,right-dark,dark-up,greater-up,dual,2026-02-18 00:05:20.9800000
6385,671c5ad0eb30c87c11b22ec4,1407.3999999761581,1407.3999999761581,1,34,left-8,left,left-dark,dark-up,greater-up,dual,2026-02-18 00:05:23.8920000
6386,671c5ad0eb30c87c11b22ec4,1108.7000000476837,1108.7000000476837,1,35,left-2,right,left-dark,light-up,greater-up,dual,2026-02-18 00:05:25.5030000
6387,671c5ad0eb30c87c11b22ec4,1797.1999999284744,1797.1999999284744,0,36,right-8,right,right-dark,light-up,greater-up,dual,2026-02-18 00:05:27.8020000
6388,671c5ad0eb30c87c11b22ec4,1392.5,1392.5,1,37,left-4,right,left-dark,dark-up,fewer-up,dual,2026-02-18 00:05:30.7010000
6389,671c5ad0eb30c87c11b22ec4,1528.6000000238419,1528.6000000238419,1,38,right-7,right,right-dark,dark-up,greater-up,dual,2026-02-18 00:05:32.7310000
6390,671c5ad0eb30c87c11b22ec4,1902,1902,0,39,right-9,left,right-dark,light-up,fewer-up,dual,2026-02-18 00:05:35.1350000
6391,671c5ad0eb30c87c11b22ec4,1652.1999999284744,1652.1999999284744,1,40,left-0,left,left-dark,dark-up,greater-up,dual,2026-02-18 00:05:41.8470000
6392,671c5ad0eb30c87c11b22ec4,1277,1277,1,41,right-6,left,right-dark,light-up,greater-up,dual,2026-02-18 00:05:43.6270000
6393,671c5ad0eb30c87c11b22ec4,2024.1000000238419,2024.1000000238419,1,42,right-1,left,right-dark,dark-up,fewer-up,dual,2026-02-18 00:05:46.1530000
6394,671c5ad0eb30c87c11b22ec4,1873.5999999046326,1873.5999999046326,1,43,left-3,right,left-dark,dark-up,fewer-up,dual,2026-02-18 00:05:48.5280000
6395,671c5ad0eb30c87c11b22ec4,1546.6000000238419,1546.6000000238419,1,44,right-2,left,right-dark,light-up,greater-up,dual,2026-02-18 00:05:50.5770000
6396,671c5ad0eb30c87c11b22ec4,2665.600000023842,2665.600000023842,0,45,right-4,right,right-dark,light-up,greater-up,dual,2026-02-18 00:05:53.7440000
6397,671c5ad0eb30c87c11b22ec4,1093.8000000715256,1093.8000000715256,0,46,left-9,left,left-dark,light-up,greater-up,dual,2026-02-18 00:05:56.3430000
6398,671c5ad0eb30c87c11b22ec4,1322.1999999284744,1322.1999999284744,0,47,right-1,left,right-dark,dark-up,greater-up,dual,2026-02-18 00:05:59.1690000
6399,671c5ad0eb30c87c11b22ec4,1014.1999999284744,1014.1999999284744,1,48,left-2,left,left-dark,dark-up,greater-up,dual,2026-02-18 00:06:01.6870000
6400,671c5ad0eb30c87c11b22ec4,1070.3999999761581,1070.3999999761581,0,49,right-2,left,right-dark,light-up,fewer-up,dual,2026-02-18 00:06:03.2600000
6401,671c5ad0eb30c87c11b22ec4,1273.4000000953674,1273.4000000953674,1,50,right-0,left,right-dark,light-up,greater-up,dual,2026-02-18 00:06:06.0380000
6402,671c5ad0eb30c87c11b22ec4,2384.3000000715256,2384.3000000715256,1,51,left-6,right,left-dark,dark-up,fewer-up,dual,2026-02-18 00:06:08.9260000
6403,671c5ad0eb30c87c11b22ec4,1509,1509,0,52,left-6,right,left-dark,light-up,fewer-up,dual,2026-02-18 00:06:10.9370000
6404,671c5ad0eb30c87c11b22ec4,1030.5999999046326,1030.5999999046326,0,53,right-3,left,right-dark,dark-up,greater-up,dual,2026-02-18 00:06:13.4730000
6405,671c5ad0eb30c87c11b22ec4,1851.9000000953674,1851.9000000953674,0,54,left-0,left,left-dark,dark-up,fewer-up,dual,2026-02-18 00:06:16.8290000
6406,671c5ad0eb30c87c11b22ec4,2324.7999999523163,2324.7999999523163,1,55,left-3,right,left-dark,light-up,greater-up,dual,2026-02-18 00:06:20.6580000
6407,671c5ad0eb30c87c11b22ec4,1377.1000000238419,1377.1000000238419,1,56,right-6,right,right-dark,dark-up,greater-up,dual,2026-02-18 00:06:22.5380000
6408,671c5ad0eb30c87c11b22ec4,1588.7999999523163,1588.7999999523163,1,57,right-5,left,right-dark,light-up,greater-up,dual,2026-02-18 00:06:24.6290000
6409,671c5ad0eb30c87c11b22ec4,2898.2999999523163,2898.2999999523163,0,58,left-8,left,left-dark,light-up,greater-up,dual,2026-02-18 00:06:28.0290000
6410,671c5ad0eb30c87c11b22ec4,1284.5999999046326,1284.5999999046326,1,59,left-9,left,left-dark,dark-up,greater-up,dual,2026-02-18 00:06:30.8180000
6411,671c5ad0eb30c87c11b22ec4,1021.1999999284744,1021.1999999284744,1,60,left-1,left,left-dark,light-up,fewer-up,dual,2026-02-18 00:06:37.4940000
6412,671c5ad0eb30c87c11b22ec4,1147.3999999761581,1147.3999999761581,0,61,right-5,left,right-dark,dark-up,greater-up,dual,2026-02-18 00:06:39.1440000
6413,671c5ad0eb30c87c11b22ec4,8784,8784,0,62,left-1,left,left-dark,dark-up,fewer-up,dual,2026-02-18 00:06:49.4330000
6414,671c5ad0eb30c87c11b22ec4,20653.599999904633,20653.599999904633,1,63,right-5,left,right-dark,dark-up,fewer-up,dual,2026-02-18 00:07:11.5910000
6415,671c5ad0eb30c87c11b22ec4,2935.899999976158,2935.899999976158,0,64,left-8,right,left-dark,light-up,fewer-up,dual,2026-02-18 00:07:15.0280000
6416,671c5ad0eb30c87c11b22ec4,1502.5999999046326,1502.5999999046326,0,65,right-4,left,right-dark,dark-up,greater-up,dual,2026-02-18 00:07:18.0370000
6417,671c5ad0eb30c87c11b22ec4,8186.300000071526,8186.300000071526,1,66,right-0,left,right-dark,dark-up,fewer-up,dual,2026-02-18 00:07:27.7280000
6418,671c5ad0eb30c87c11b22ec4,1083.7999999523163,1083.7999999523163,0,67,right-3,left,right-dark,light-up,fewer-up,dual,2026-02-18 00:07:29.3140000
6419,671c5ad0eb30c87c11b22ec4,1284.6999999284744,1284.6999999284744,0,68,left-6,left,left-dark,light-up,greater-up,dual,2026-02-18 00:07:32.1030000
6420,671c5ad0eb30c87c11b22ec4,1108.1999999284744,1108.1999999284744,1,69,left-7,right,left-dark,dark-up,fewer-up,dual,2026-02-18 00:07:34.7160000
6421,671c5ad0eb30c87c11b22ec4,1173.7000000476837,1173.7000000476837,1,70,left-5,right,left-dark,dark-up,fewer-up,dual,2026-02-18 00:07:36.3920000
6422,671c5ad0eb30c87c11b22ec4,1523,1523,0,71,left-6,right,left-dark,dark-up,greater-up,dual,2026-02-18 00:07:38.4170000
6423,671c5ad0eb30c87c11b22ec4,1679.1000000238419,1679.1000000238419,1,72,right-2,left,right-dark,dark-up,fewer-up,dual,2026-02-18 00:07:41.6020000
6424,671c5ad0eb30c87c11b22ec4,2334.3000000715256,2334.3000000715256,0,73,left-0,right,left-dark,light-up,fewer-up,dual,2026-02-18 00:07:44.4380000
6425,671c5ad0eb30c87c11b22ec4,882.1000000238419,882.1000000238419,1,74,right-9,left,right-dark,dark-up,fewer-up,dual,2026-02-18 00:07:46.8250000
6426,671c5ad0eb30c87c11b22ec4,1594.1999999284744,1594.1999999284744,0,75,left-7,left,left-dark,light-up,greater-up,dual,2026-02-18 00:07:48.9210000
6427,671c5ad0eb30c87c11b22ec4,2302.600000023842,2302.600000023842,1,76,left-8,right,left-dark,dark-up,fewer-up,dual,2026-02-18 00:07:52.7290000
6428,671c5ad0eb30c87c11b22ec4,1136.5999999046326,1136.5999999046326,0,77,left-9,right,left-dark,light-up,fewer-up,dual,2026-02-18 00:07:54.3680000
6429,671c5ad0eb30c87c11b22ec4,1548.3999999761581,1548.3999999761581,1,78,right-4,right,right-dark,light-up,fewer-up,dual,2026-02-18 00:07:57.4220000
6430,671c5ad0eb30c87c11b22ec4,2323.5,2323.5,1,79,left-5,right,left-dark,light-up,greater-up,dual,2026-02-18 00:08:00.2470000
6431,673d4f9efa7de7d961e6b272,1382,1382,0,0,left-6,right,left-dark,light-up,fewer-up,dual,2026-02-18 00:23:49.5660000
6432,673d4f9efa7de7d961e6b272,2322,2322,1,1,left-2,left,left-dark,light-up,fewer-up,dual,2026-02-18 00:23:53.4050000
6433,673d4f9efa7de7d961e6b272,1567,1567,1,2,left-2,left,left-dark,dark-up,greater-up,dual,2026-02-18 00:23:55.4750000
6434,673d4f9efa7de7d961e6b272,1106,1106,0,3,right-7,right,right-dark,dark-up,fewer-up,dual,2026-02-18 00:23:57.0850000
6435,673d4f9efa7de7d961e6b272,1349,1349,1,4,left-6,right,left-dark,light-up,greater-up,dual,2026-02-18 00:24:00.0600000
6436,673d4f9efa7de7d961e6b272,3876,3876,1,5,left-0,right,left-dark,dark-up,fewer-up,dual,2026-02-18 00:24:04.4380000
6437,673d4f9efa7de7d961e6b272,1616,1616,1,6,right-8,right,right-dark,dark-up,greater-up,dual,2026-02-18 00:24:06.5640000
6438,673d4f9efa7de7d961e6b272,2213,2213,1,7,left-5,right,left-dark,dark-up,fewer-up,dual,2026-02-18 00:24:09.2870000
6439,673d4f9efa7de7d961e6b272,2890,2890,1,8,left-1,right,left-dark,dark-up,fewer-up,dual,2026-02-18 00:24:12.6780000
6440,673d4f9efa7de7d961e6b272,1885,1885,1,9,left-8,right,left-dark,dark-up,fewer-up,dual,2026-02-18 00:24:15.0700000
6441,673d4f9efa7de7d961e6b272,3047,3047,1,10,left-1,left,left-dark,dark-up,greater-up,dual,2026-02-18 00:24:18.6230000
6442,673d4f9efa7de7d961e6b272,1729,1729,1,11,right-5,right,right-dark,light-up,fewer-up,dual,2026-02-18 00:24:20.9100000
6443,673d4f9efa7de7d961e6b272,3195,3195,1,12,right-0,left,right-dark,dark-up,fewer-up,dual,2026-02-18 00:24:24.6150000
6444,673d4f9efa7de7d961e6b272,2668,2668,1,13,left-9,right,left-dark,dark-up,fewer-up,dual,2026-02-18 00:24:27.7900000
6445,673d4f9efa7de7d961e6b272,1832,1832,1,14,right-0,right,right-dark,dark-up,greater-up,dual,2026-02-18 00:24:30.1240000
6446,673d4f9efa7de7d961e6b272,1775,1775,1,15,left-5,left,left-dark,dark-up,greater-up,dual,2026-02-18 00:24:32.4220000
6447,673d4f9efa7de7d961e6b272,2593,2593,1,16,left-1,left,left-dark,light-up,fewer-up,dual,2026-02-18 00:24:35.5320000
6448,673d4f9efa7de7d961e6b272,2140,2140,1,17,right-0,left,right-dark,light-up,greater-up,dual,2026-02-18 00:24:38.1740000
6449,673d4f9efa7de7d961e6b272,2556,2556,1,18,right-3,left,right-dark,dark-up,fewer-up,dual,2026-02-18 00:24:41.2460000
6450,673d4f9efa7de7d961e6b272,1458,1458,1,19,right-5,right,right-dark,dark-up,greater-up,dual,2026-02-18 00:24:43.2150000
6451,673d4f9efa7de7d961e6b272,3779,3779,1,20,right-1,left,right-dark,light-up,greater-up,dual,2026-02-18 00:24:52.4830000
6452,673d4f9efa7de7d961e6b272,1226,1226,1,21,left-8,right,left-dark,light-up,greater-up,dual,2026-02-18 00:24:54.2230000
6453,673d4f9efa7de7d961e6b272,1573,1573,1,22,right-9,right,right-dark,dark-up,greater-up,dual,2026-02-18 00:24:56.3020000
6454,673d4f9efa7de7d961e6b272,1935,1935,1,23,right-5,left,right-dark,light-up,greater-up,dual,2026-02-18 00:24:58.7400000
6455,673d4f9efa7de7d961e6b272,1715,1715,1,24,right-7,right,right-dark,dark-up,greater-up,dual,2026-02-18 00:25:00.9720000
6456,673d4f9efa7de7d961e6b272,1427,1427,1,25,right-2,right,right-dark,dark-up,greater-up,dual,2026-02-18 00:25:02.9020000
6457,673d4f9efa7de7d961e6b272,1414,1414,1,26,left-1,right,left-dark,light-up,greater-up,dual,2026-02-18 00:25:04.8300000
6458,673d4f9efa7de7d961e6b272,1510,1510,1,27,right-3,right,right-dark,dark-up,greater-up,dual,2026-02-18 00:25:06.8430000
6459,673d4f9efa7de7d961e6b272,1759,1759,1,28,right-4,left,right-dark,dark-up,fewer-up,dual,2026-02-18 00:25:09.1160000
6460,673d4f9efa7de7d961e6b272,1786,1786,1,29,right-9,right,right-dark,light-up,fewer-up,dual,2026-02-18 00:25:11.4150000
6461,673d4f9efa7de7d961e6b272,915,915,1,30,right-6,right,right-dark,light-up,fewer-up,dual,2026-02-18 00:25:12.8400000
6462,673d4f9efa7de7d961e6b272,1729,1729,1,31,right-8,left,right-dark,dark-up,fewer-up,dual,2026-02-18 00:25:15.0790000
6463,673d4f9efa7de7d961e6b272,2476,2476,1,32,right-7,left,right-dark,light-up,greater-up,dual,2026-02-18 00:25:18.0620000
6464,673d4f9efa7de7d961e6b272,2882,2882,1,33,right-3,left,right-dark,light-up,greater-up,dual,2026-02-18 00:25:21.4460000
6465,673d4f9efa7de7d961e6b272,1472,1472,1,34,left-0,right,left-dark,light-up,greater-up,dual,2026-02-18 00:25:23.4230000
6466,673d4f9efa7de7d961e6b272,1527,1527,0,35,right-3,left,right-dark,light-up,fewer-up,dual,2026-02-18 00:25:25.4520000
6467,673d4f9efa7de7d961e6b272,1684,1684,1,36,right-9,left,right-dark,light-up,greater-up,dual,2026-02-18 00:25:28.6620000
6468,673d4f9efa7de7d961e6b272,1398,1398,1,37,right-1,right,right-dark,dark-up,greater-up,dual,2026-02-18 00:25:30.5740000
6469,673d4f9efa7de7d961e6b272,1627,1627,1,38,left-5,right,left-dark,light-up,greater-up,dual,2026-02-18 00:25:32.7100000
6470,673d4f9efa7de7d961e6b272,1784,1784,1,39,right-0,right,right-dark,light-up,fewer-up,dual,2026-02-18 00:25:35.0030000
6471,673d4f9efa7de7d961e6b272,2418,2418,1,40,left-8,left,left-dark,light-up,fewer-up,dual,2026-02-18 00:25:43.6140000
6472,673d4f9efa7de7d961e6b272,1425,1425,1,41,left-3,left,left-dark,light-up,fewer-up,dual,2026-02-18 00:25:45.5400000
6473,673d4f9efa7de7d961e6b272,1518,1518,0,42,right-5,right,right-dark,dark-up,fewer-up,dual,2026-02-18 00:25:47.5630000
6474,673d4f9efa7de7d961e6b272,2033,2033,1,43,left-7,left,left-dark,dark-up,greater-up,dual,2026-02-18 00:25:51.1160000
6475,673d4f9efa7de7d961e6b272,2068,2068,1,44,left-9,left,left-dark,light-up,fewer-up,dual,2026-02-18 00:25:53.7000000
6476,673d4f9efa7de7d961e6b272,1341,1341,1,45,right-4,right,right-dark,dark-up,greater-up,dual,2026-02-18 00:25:55.5500000
6477,673d4f9efa7de7d961e6b272,1371,1371,1,46,left-2,right,left-dark,dark-up,fewer-up,dual,2026-02-18 00:25:57.4360000
6478,673d4f9efa7de7d961e6b272,3038,3038,1,47,right-2,left,right-dark,dark-up,fewer-up,dual,2026-02-18 00:26:00.9880000
6479,673d4f9efa7de7d961e6b272,1782,1782,1,48,left-3,left,left-dark,dark-up,greater-up,dual,2026-02-18 00:26:03.2840000
6480,673d4f9efa7de7d961e6b272,1626,1626,1,49,left-5,left,left-dark,light-up,fewer-up,dual,2026-02-18 00:26:05.4200000
6481,673d4f9efa7de7d961e6b272,2565,2565,1,50,right-8,left,right-dark,light-up,greater-up,dual,2026-02-18 00:26:08.4920000
6482,673d4f9efa7de7d961e6b272,1611,1611,0,51,right-1,left,right-dark,light-up,fewer-up,dual,2026-02-18 00:26:10.6060000
6483,673d4f9efa7de7d961e6b272,1920,1920,1,52,left-7,right,left-dark,dark-up,fewer-up,dual,2026-02-18 00:26:14.0440000
6484,673d4f9efa7de7d961e6b272,1943,1943,1,53,right-8,right,right-dark,light-up,fewer-up,dual,2026-02-18 00:26:16.4920000
6485,673d4f9efa7de7d961e6b272,1709,1709,1,54,right-6,right,right-dark,dark-up,greater-up,dual,2026-02-18 00:26:18.7020000
6486,673d4f9efa7de7d961e6b272,1891,1891,1,55,left-0,left,left-dark,dark-up,greater-up,dual,2026-02-18 00:26:21.0940000
6487,673d4f9efa7de7d961e6b272,3827,3827,1,56,right-1,left,right-dark,dark-up,fewer-up,dual,2026-02-18 00:26:25.4350000
6488,673d4f9efa7de7d961e6b272,2010,2010,0,57,left-0,right,left-dark,light-up,fewer-up,dual,2026-02-18 00:26:27.9500000
6489,673d4f9efa7de7d961e6b272,2080,2080,1,58,right-7,right,right-dark,light-up,fewer-up,dual,2026-02-18 00:26:31.5560000
6490,673d4f9efa7de7d961e6b272,2423,2423,1,59,left-3,right,left-dark,dark-up,fewer-up,dual,2026-02-18 00:26:34.4920000
6491,673d4f9efa7de7d961e6b272,2185,2185,1,60,left-8,left,left-dark,dark-up,greater-up,dual,2026-02-18 00:26:44.1740000
6492,673d4f9efa7de7d961e6b272,2918,2918,1,61,left-6,right,left-dark,dark-up,fewer-up,dual,2026-02-18 00:26:47.5980000
6493,673d4f9efa7de7d961e6b272,2389,2389,1,62,right-2,left,right-dark,light-up,greater-up,dual,2026-02-18 00:26:50.4910000
6494,673d4f9efa7de7d961e6b272,2276,2276,0,63,left-6,right,left-dark,dark-up,greater-up,dual,2026-02-18 00:26:53.2760000
6495,673d4f9efa7de7d961e6b272,2129,2129,1,64,right-6,left,right-dark,light-up,greater-up,dual,2026-02-18 00:26:56.9160000
6496,673d4f9efa7de7d961e6b272,2781,2781,1,65,right-2,right,right-dark,light-up,fewer-up,dual,2026-02-18 00:27:00.2040000
6497,673d4f9efa7de7d961e6b272,2814,2814,1,66,left-2,right,left-dark,light-up,greater-up,dual,2026-02-18 00:27:03.5240000
6498,673d4f9efa7de7d961e6b272,2731,2731,1,67,left-7,left,left-dark,light-up,fewer-up,dual,2026-02-18 00:27:06.7560000
6499,673d4f9efa7de7d961e6b272,1462,1462,1,68,left-9,right,left-dark,light-up,greater-up,dual,2026-02-18 00:27:08.7260000
6500,673d4f9efa7de7d961e6b272,2557,2557,1,69,left-3,right,left-dark,light-up,greater-up,dual,2026-02-18 00:27:11.7950000
6501,673d4f9efa7de7d961e6b272,2594,2594,1,70,right-4,left,right-dark,light-up,greater-up,dual,2026-02-18 00:27:14.9020000
6502,673d4f9efa7de7d961e6b272,1827,1827,1,71,right-4,right,right-dark,light-up,fewer-up,dual,2026-02-18 00:27:17.2460000
6503,673d4f9efa7de7d961e6b272,2349,2349,1,72,right-9,left,right-dark,dark-up,fewer-up,dual,2026-02-18 00:27:20.1000000
6504,673d4f9efa7de7d961e6b272,1498,1498,1,73,left-7,right,left-dark,light-up,greater-up,dual,2026-02-18 00:27:22.1010000
6505,673d4f9efa7de7d961e6b272,1562,1562,1,74,left-4,right,left-dark,light-up,greater-up,dual,2026-02-18 00:27:24.1800000
6506,673d4f9efa7de7d961e6b272,1804,1804,1,75,left-4,left,left-dark,light-up,fewer-up,dual,2026-02-18 00:27:26.4910000
6507,673d4f9efa7de7d961e6b272,2536,2536,1,76,left-9,left,left-dark,dark-up,greater-up,dual,2026-02-18 00:27:29.5340000
6508,673d4f9efa7de7d961e6b272,1276,1276,1,77,left-4,right,left-dark,dark-up,fewer-up,dual,2026-02-18 00:27:31.3100000
6509,673d4f9efa7de7d961e6b272,1951,1951,1,78,left-4,left,left-dark,dark-up,greater-up,dual,2026-02-18 00:27:33.7730000
6510,673d4f9efa7de7d961e6b272,2077,2077,1,79,right-6,left,right-dark,dark-up,fewer-up,dual,2026-02-18 00:27:36.3880000
