id,participant_id,response_time,correct,trial_number,stimuli_number,response,task,color,attention,time_when
2711,697cd720a414418e49c8d1e7,1017,1,0,barchart-first-61-double-tallest-0,left,tallest,double,single,2026-04-11 18:22:09.5880000
2712,697cd720a414418e49c8d1e7,1057,1,1,barchart-first-95-random-tallest-1,right,tallest,random,single,2026-04-11 18:22:11.3950000
2713,697cd720a414418e49c8d1e7,866,1,2,barchart-first-56-double-tallest-2,left,tallest,double,single,2026-04-11 18:22:12.9560000
2714,697cd720a414418e49c8d1e7,580,1,3,barchart-first-86-double-tallest-3,left,tallest,double,single,2026-04-11 18:22:14.2280000
2715,697cd720a414418e49c8d1e7,547,1,4,barchart-first-07-same-tallest-4,left,tallest,same,single,2026-04-11 18:22:15.4410000
2716,697cd720a414418e49c8d1e7,680,1,5,barchart-first-05-same-tallest-5,right,tallest,same,single,2026-04-11 18:22:16.8170000
2717,697cd720a414418e49c8d1e7,657,1,6,barchart-first-25-double-tallest-6,right,tallest,double,single,2026-04-11 18:22:18.2010000
2718,697cd720a414418e49c8d1e7,571,1,7,barchart-first-49-double-tallest-7,left,tallest,double,single,2026-04-11 18:22:19.4480000
2719,697cd720a414418e49c8d1e7,614,1,8,barchart-first-29-same-tallest-8,left,tallest,same,single,2026-04-11 18:22:20.7500000
2720,697cd720a414418e49c8d1e7,542,1,9,barchart-first-37-random-tallest-9,left,tallest,random,single,2026-04-11 18:22:21.9780000
2721,697cd720a414418e49c8d1e7,1073,1,10,barchart-first-41-random-tallest-10,right,tallest,random,single,2026-04-11 18:22:23.6910000
2722,697cd720a414418e49c8d1e7,794,1,11,barchart-first-21-same-tallest-11,right,tallest,same,single,2026-04-11 18:22:25.1610000
2723,697cd720a414418e49c8d1e7,583,1,12,barchart-first-72-same-tallest-12,left,tallest,same,single,2026-04-11 18:22:26.3880000
2724,697cd720a414418e49c8d1e7,850,1,13,barchart-first-22-double-tallest-13,left,tallest,double,single,2026-04-11 18:22:27.9370000
2725,697cd720a414418e49c8d1e7,539,1,14,barchart-first-81-double-tallest-14,left,tallest,double,single,2026-04-11 18:22:29.2560000
2726,697cd720a414418e49c8d1e7,567,1,15,barchart-first-88-same-tallest-15,right,tallest,same,single,2026-04-11 18:22:30.4760000
2727,697cd720a414418e49c8d1e7,578,1,16,barchart-first-91-double-tallest-16,left,tallest,double,single,2026-04-11 18:22:31.7500000
2728,697cd720a414418e49c8d1e7,743,1,17,barchart-first-27-random-tallest-17,left,tallest,random,single,2026-04-11 18:22:33.1370000
2729,697cd720a414418e49c8d1e7,602,1,18,barchart-first-94-same-tallest-18,right,tallest,same,single,2026-04-11 18:22:34.3910000
2730,697cd720a414418e49c8d1e7,885,1,19,barchart-first-09-random-tallest-19,right,tallest,random,single,2026-04-11 18:22:35.9590000
2731,697cd720a414418e49c8d1e7,568,1,20,barchart-first-85-same-tallest-20,left,tallest,same,single,2026-04-11 18:22:37.1930000
2732,697cd720a414418e49c8d1e7,741,1,21,barchart-first-28-same-tallest-21,right,tallest,same,single,2026-04-11 18:22:38.5770000
2733,697cd720a414418e49c8d1e7,677,1,22,barchart-first-83-random-tallest-22,left,tallest,random,single,2026-04-11 18:22:39.9820000
2734,697cd720a414418e49c8d1e7,581,1,23,barchart-first-78-random-tallest-23,left,tallest,random,single,2026-04-11 18:22:41.3690000
2735,697cd720a414418e49c8d1e7,1005,1,24,barchart-first-19-same-tallest-24,left,tallest,same,single,2026-04-11 18:22:45.2600000
2736,697cd720a414418e49c8d1e7,790,1,25,barchart-first-76-same-tallest-25,right,tallest,same,single,2026-04-11 18:22:46.7690000
2737,697cd720a414418e49c8d1e7,504,1,26,barchart-first-68-double-tallest-26,right,tallest,double,single,2026-04-11 18:22:48.0140000
2738,697cd720a414418e49c8d1e7,895,1,27,barchart-first-06-random-tallest-27,right,tallest,random,single,2026-04-11 18:22:49.6000000
2739,697cd720a414418e49c8d1e7,683,1,28,barchart-first-93-random-tallest-28,left,tallest,random,single,2026-04-11 18:22:50.9560000
2740,697cd720a414418e49c8d1e7,1143,1,29,barchart-first-90-same-tallest-29,right,tallest,same,single,2026-04-11 18:22:52.7870000
2741,697cd720a414418e49c8d1e7,649,1,30,barchart-first-54-same-tallest-30,right,tallest,same,single,2026-04-11 18:22:54.1360000
2742,697cd720a414418e49c8d1e7,514,1,31,barchart-first-75-same-tallest-31,left,tallest,same,single,2026-04-11 18:22:55.4330000
2743,697cd720a414418e49c8d1e7,583,1,32,barchart-first-71-random-tallest-32,right,tallest,random,single,2026-04-11 18:22:56.6850000
2744,697cd720a414418e49c8d1e7,606,1,33,barchart-first-30-same-tallest-33,left,tallest,same,single,2026-04-11 18:22:58.0390000
2745,697cd720a414418e49c8d1e7,565,1,34,barchart-first-47-double-tallest-34,right,tallest,double,single,2026-04-11 18:22:59.4770000
2746,697cd720a414418e49c8d1e7,836,1,35,barchart-first-60-double-tallest-35,right,tallest,double,single,2026-04-11 18:23:01.0090000
2747,697cd720a414418e49c8d1e7,670,1,36,barchart-first-55-double-tallest-36,left,tallest,double,single,2026-04-11 18:23:02.3550000
2748,697cd720a414418e49c8d1e7,647,1,37,barchart-first-20-double-tallest-37,right,tallest,double,single,2026-04-11 18:23:03.6520000
2749,697cd720a414418e49c8d1e7,596,1,38,barchart-first-00-random-tallest-38,left,tallest,random,single,2026-04-11 18:23:04.9110000
2750,697cd720a414418e49c8d1e7,540,1,39,barchart-first-33-random-tallest-39,left,tallest,random,single,2026-04-11 18:23:06.1680000
2751,697cd720a414418e49c8d1e7,719,1,40,barchart-first-53-random-tallest-40,left,tallest,random,single,2026-04-11 18:23:07.5380000
2752,697cd720a414418e49c8d1e7,887,1,41,barchart-first-03-random-tallest-41,right,tallest,random,single,2026-04-11 18:23:09.1410000
2753,697cd720a414418e49c8d1e7,666,1,42,barchart-first-48-double-tallest-42,right,tallest,double,single,2026-04-11 18:23:10.4630000
2754,697cd720a414418e49c8d1e7,575,1,43,barchart-first-63-same-tallest-43,left,tallest,same,single,2026-04-11 18:23:11.7240000
2755,697cd720a414418e49c8d1e7,858,1,44,barchart-first-84-double-tallest-44,right,tallest,double,single,2026-04-11 18:23:13.2970000
2756,697cd720a414418e49c8d1e7,922,1,45,barchart-first-65-random-tallest-45,right,tallest,random,single,2026-04-11 18:23:14.8950000
2757,697cd720a414418e49c8d1e7,858,1,46,barchart-first-18-random-tallest-46,right,tallest,random,single,2026-04-11 18:23:16.4450000
2758,697cd720a414418e49c8d1e7,1011,1,47,barchart-first-26-double-tallest-47,right,tallest,double,single,2026-04-11 18:23:18.3230000
2759,58f390b1e174d70001585a94,1116,1,0,barchart-first-60-same-tallest-0,right,tallest,same,single,2026-04-11 18:23:51.3270000
2760,58f390b1e174d70001585a94,896,1,1,barchart-first-11-double-tallest-1,left,tallest,double,single,2026-04-11 18:23:52.7720000
2761,697cd720a414418e49c8d1e7,1599,1,48,barchart-second-52-random-shortest-0,right,shortest,random,single,2026-04-11 18:23:53.3370000
2762,58f390b1e174d70001585a94,992,1,2,barchart-first-71-random-tallest-2,right,tallest,random,single,2026-04-11 18:23:54.3050000
2763,697cd720a414418e49c8d1e7,994,1,49,barchart-second-31-same-shortest-1,right,shortest,same,single,2026-04-11 18:23:55.0200000
2764,58f390b1e174d70001585a94,989,1,3,barchart-first-41-double-tallest-3,right,tallest,double,single,2026-04-11 18:23:55.8490000
2765,697cd720a414418e49c8d1e7,941,1,50,barchart-second-15-same-shortest-2,right,shortest,same,single,2026-04-11 18:23:56.6370000
2766,58f390b1e174d70001585a94,1389,1,4,barchart-first-28-random-tallest-4,right,tallest,random,single,2026-04-11 18:23:57.8150000
2767,697cd720a414418e49c8d1e7,1111,1,51,barchart-second-73-random-shortest-3,left,shortest,random,single,2026-04-11 18:23:58.4050000
2768,58f390b1e174d70001585a94,1284,1,5,barchart-first-65-double-tallest-5,right,tallest,double,single,2026-04-11 18:23:59.6460000
2769,697cd720a414418e49c8d1e7,1380,1,52,barchart-second-46-same-shortest-4,left,shortest,same,single,2026-04-11 18:24:00.4950000
2770,58f390b1e174d70001585a94,1798,1,6,barchart-first-31-random-tallest-6,left,tallest,random,single,2026-04-11 18:24:01.9930000
2771,697cd720a414418e49c8d1e7,1078,1,53,barchart-second-24-double-shortest-5,left,shortest,double,single,2026-04-11 18:24:02.2170000
2772,58f390b1e174d70001585a94,975,1,7,barchart-first-56-double-tallest-7,left,tallest,double,single,2026-04-11 18:24:03.5110000
2773,697cd720a414418e49c8d1e7,1235,1,54,barchart-second-69-random-shortest-6,right,shortest,random,single,2026-04-11 18:24:04.1780000
2774,58f390b1e174d70001585a94,1464,1,8,barchart-first-55-double-tallest-8,left,tallest,double,single,2026-04-11 18:24:05.5260000
2775,697cd720a414418e49c8d1e7,906,1,55,barchart-second-62-double-shortest-7,right,shortest,double,single,2026-04-11 18:24:05.7690000
2776,697cd720a414418e49c8d1e7,882,1,56,barchart-second-42-double-shortest-8,right,shortest,double,single,2026-04-11 18:24:07.3110000
2777,58f390b1e174d70001585a94,1927,1,9,barchart-first-75-random-tallest-9,left,tallest,random,single,2026-04-11 18:24:07.9980000
2778,697cd720a414418e49c8d1e7,1007,1,57,barchart-second-51-double-shortest-9,right,shortest,double,single,2026-04-11 18:24:08.9620000
2779,697cd720a414418e49c8d1e7,864,1,58,barchart-second-82-double-shortest-10,right,shortest,double,single,2026-04-11 18:24:10.4860000
2780,58f390b1e174d70001585a94,2639,1,10,barchart-first-64-same-tallest-10,left,tallest,same,single,2026-04-11 18:24:11.1820000
2781,697cd720a414418e49c8d1e7,1115,1,59,barchart-second-01-double-shortest-11,right,shortest,double,single,2026-04-11 18:24:12.3100000
2782,58f390b1e174d70001585a94,1717,1,11,barchart-first-04-same-tallest-11,right,tallest,same,single,2026-04-11 18:24:13.4390000
2783,697cd720a414418e49c8d1e7,949,1,60,barchart-second-87-random-shortest-12,left,shortest,random,single,2026-04-11 18:24:13.9960000
2784,58f390b1e174d70001585a94,1219,1,12,barchart-first-20-double-tallest-12,right,tallest,double,single,2026-04-11 18:24:15.2040000
2785,697cd720a414418e49c8d1e7,1154,1,61,barchart-second-39-same-shortest-13,right,shortest,same,single,2026-04-11 18:24:15.7900000
2786,58f390b1e174d70001585a94,1145,1,13,barchart-first-35-same-tallest-13,left,tallest,same,single,2026-04-11 18:24:16.9730000
2787,697cd720a414418e49c8d1e7,1204,1,62,barchart-second-67-double-shortest-14,left,shortest,double,single,2026-04-11 18:24:17.6540000
2788,58f390b1e174d70001585a94,935,1,14,barchart-first-66-random-tallest-14,right,tallest,random,single,2026-04-11 18:24:18.4670000
2789,697cd720a414418e49c8d1e7,1221,0,63,barchart-second-17-same-shortest-15,left,shortest,same,single,2026-04-11 18:24:19.5470000
2790,58f390b1e174d70001585a94,1238,1,15,barchart-first-29-same-tallest-15,left,tallest,same,single,2026-04-11 18:24:20.2470000
2791,58f390b1e174d70001585a94,1164,1,16,barchart-first-40-double-tallest-16,left,tallest,double,single,2026-04-11 18:24:21.9540000
2792,697cd720a414418e49c8d1e7,1228,1,64,barchart-second-23-random-shortest-16,right,shortest,random,single,2026-04-11 18:24:22.4450000
2793,58f390b1e174d70001585a94,1093,1,17,barchart-first-68-double-tallest-17,right,tallest,double,single,2026-04-11 18:24:23.5940000
2794,697cd720a414418e49c8d1e7,787,1,65,barchart-second-66-same-shortest-17,left,shortest,same,single,2026-04-11 18:24:23.9380000
2795,58f390b1e174d70001585a94,1127,1,18,barchart-first-78-double-tallest-18,left,tallest,double,single,2026-04-11 18:24:25.3480000
2796,697cd720a414418e49c8d1e7,891,1,66,barchart-second-92-double-shortest-18,right,shortest,double,single,2026-04-11 18:24:25.4770000
2797,58f390b1e174d70001585a94,987,1,19,barchart-first-50-random-tallest-19,right,tallest,random,single,2026-04-11 18:24:26.8760000
2798,697cd720a414418e49c8d1e7,843,1,67,barchart-second-50-random-shortest-19,right,shortest,random,single,2026-04-11 18:24:26.9500000
2799,58f390b1e174d70001585a94,1030,1,20,barchart-first-53-random-tallest-20,left,tallest,random,single,2026-04-11 18:24:28.4480000
2800,697cd720a414418e49c8d1e7,767,1,68,barchart-second-43-same-shortest-20,left,shortest,same,single,2026-04-11 18:24:28.4120000
2801,58f390b1e174d70001585a94,1237,1,21,barchart-first-01-random-tallest-21,left,tallest,random,single,2026-04-11 18:24:30.2300000
2802,697cd720a414418e49c8d1e7,1193,1,69,barchart-second-58-random-shortest-21,left,shortest,random,single,2026-04-11 18:24:30.2810000
2803,58f390b1e174d70001585a94,719,1,22,barchart-first-16-same-tallest-22,right,tallest,same,single,2026-04-11 18:24:31.4950000
2804,697cd720a414418e49c8d1e7,802,1,70,barchart-second-57-same-shortest-22,right,shortest,same,single,2026-04-11 18:24:31.7370000
2805,58f390b1e174d70001585a94,843,1,23,barchart-first-52-random-tallest-23,right,tallest,random,single,2026-04-11 18:24:33.1230000
2806,697cd720a414418e49c8d1e7,809,1,71,barchart-second-80-random-shortest-23,left,shortest,random,single,2026-04-11 18:24:33.2290000
2807,697cd720a414418e49c8d1e7,1340,1,72,barchart-second-74-random-shortest-24,left,shortest,random,single,2026-04-11 18:24:37.0610000
2808,697cd720a414418e49c8d1e7,1013,1,73,barchart-second-79-same-shortest-25,right,shortest,same,single,2026-04-11 18:24:38.7590000
2809,58f390b1e174d70001585a94,1299,1,24,barchart-first-77-random-tallest-24,left,tallest,random,single,2026-04-11 18:24:39.7200000
2810,697cd720a414418e49c8d1e7,743,1,74,barchart-second-45-same-shortest-26,left,shortest,same,single,2026-04-11 18:24:40.1890000
2811,58f390b1e174d70001585a94,1049,1,25,barchart-first-44-random-tallest-25,right,tallest,random,single,2026-04-11 18:24:41.3110000
2812,697cd720a414418e49c8d1e7,1064,1,75,barchart-second-14-same-shortest-27,right,shortest,same,single,2026-04-11 18:24:41.9720000
2813,58f390b1e174d70001585a94,876,1,26,barchart-first-03-same-tallest-26,right,tallest,same,single,2026-04-11 18:24:42.7300000
2814,697cd720a414418e49c8d1e7,901,1,76,barchart-second-77-random-shortest-28,left,shortest,random,single,2026-04-11 18:24:43.6280000
2815,58f390b1e174d70001585a94,955,1,27,barchart-first-09-double-tallest-27,right,tallest,double,single,2026-04-11 18:24:44.2310000
2816,697cd720a414418e49c8d1e7,948,1,77,barchart-second-59-double-shortest-29,left,shortest,double,single,2026-04-11 18:24:45.2350000
2817,58f390b1e174d70001585a94,716,1,28,barchart-first-26-double-tallest-28,right,tallest,double,single,2026-04-11 18:24:45.4880000
2818,697cd720a414418e49c8d1e7,812,1,78,barchart-second-04-same-shortest-30,left,shortest,same,single,2026-04-11 18:24:46.6990000
2819,58f390b1e174d70001585a94,833,1,29,barchart-first-54-double-tallest-29,right,tallest,double,single,2026-04-11 18:24:46.8670000
2820,58f390b1e174d70001585a94,671,1,30,barchart-first-86-random-tallest-30,left,tallest,random,single,2026-04-11 18:24:48.0820000
2821,697cd720a414418e49c8d1e7,856,1,79,barchart-second-10-double-shortest-31,left,shortest,double,single,2026-04-11 18:24:48.2180000
2822,58f390b1e174d70001585a94,865,1,31,barchart-first-10-random-tallest-31,right,tallest,random,single,2026-04-11 18:24:49.4870000
2823,697cd720a414418e49c8d1e7,1320,1,80,barchart-second-16-random-shortest-32,right,shortest,random,single,2026-04-11 18:24:50.2520000
2824,58f390b1e174d70001585a94,841,1,32,barchart-first-05-same-tallest-32,right,tallest,same,single,2026-04-11 18:24:50.8710000
2825,697cd720a414418e49c8d1e7,1057,1,81,barchart-second-13-double-shortest-33,left,shortest,double,single,2026-04-11 18:24:51.9530000
2826,58f390b1e174d70001585a94,662,1,33,barchart-first-59-double-tallest-33,left,tallest,double,single,2026-04-11 18:24:52.1420000
2827,58f390b1e174d70001585a94,963,1,34,barchart-first-18-double-tallest-34,right,tallest,double,single,2026-04-11 18:24:53.6560000
2828,697cd720a414418e49c8d1e7,928,1,82,barchart-second-40-same-shortest-34,right,shortest,same,single,2026-04-11 18:24:53.5620000
2829,58f390b1e174d70001585a94,744,1,35,barchart-first-13-random-tallest-35,left,tallest,random,single,2026-04-11 18:24:54.9390000
2830,697cd720a414418e49c8d1e7,826,1,83,barchart-second-38-double-shortest-35,left,shortest,double,single,2026-04-11 18:24:55.1090000
2831,58f390b1e174d70001585a94,974,1,36,barchart-first-89-same-tallest-36,left,tallest,same,single,2026-04-11 18:24:56.4600000
2832,697cd720a414418e49c8d1e7,943,1,84,barchart-second-36-same-shortest-36,left,shortest,same,single,2026-04-11 18:24:56.7600000
2833,58f390b1e174d70001585a94,936,1,37,barchart-first-33-double-tallest-37,left,tallest,double,single,2026-04-11 18:24:57.9400000
2834,697cd720a414418e49c8d1e7,930,1,85,barchart-second-70-random-shortest-37,right,shortest,random,single,2026-04-11 18:24:58.3490000
2835,58f390b1e174d70001585a94,656,1,38,barchart-first-61-same-tallest-38,left,tallest,same,single,2026-04-11 18:24:59.1380000
2836,697cd720a414418e49c8d1e7,760,1,86,barchart-second-89-double-shortest-38,right,shortest,double,single,2026-04-11 18:24:59.7930000
2837,58f390b1e174d70001585a94,627,1,39,barchart-first-39-same-tallest-39,right,tallest,same,single,2026-04-11 18:25:00.3070000
2838,58f390b1e174d70001585a94,613,1,40,barchart-first-87-same-tallest-40,right,tallest,same,single,2026-04-11 18:25:01.5220000
2839,697cd720a414418e49c8d1e7,1070,1,87,barchart-second-11-random-shortest-39,right,shortest,random,single,2026-04-11 18:25:01.5440000
2840,58f390b1e174d70001585a94,959,1,41,barchart-first-69-same-tallest-41,left,tallest,same,single,2026-04-11 18:25:03.0310000
2841,697cd720a414418e49c8d1e7,798,1,88,barchart-second-32-random-shortest-40,right,shortest,random,single,2026-04-11 18:25:02.9680000
2842,58f390b1e174d70001585a94,834,1,42,barchart-first-25-same-tallest-42,right,tallest,same,single,2026-04-11 18:25:04.4150000
2843,697cd720a414418e49c8d1e7,708,1,89,barchart-second-02-double-shortest-41,right,shortest,double,single,2026-04-11 18:25:04.3490000
2844,58f390b1e174d70001585a94,817,1,43,barchart-first-79-random-tallest-43,right,tallest,random,single,2026-04-11 18:25:05.7760000
2845,697cd720a414418e49c8d1e7,731,1,90,barchart-second-08-double-shortest-42,left,shortest,double,single,2026-04-11 18:25:05.9040000
2846,58f390b1e174d70001585a94,704,1,44,barchart-first-24-same-tallest-44,left,tallest,same,single,2026-04-11 18:25:07.0410000
2847,697cd720a414418e49c8d1e7,888,1,91,barchart-second-34-same-shortest-43,left,shortest,same,single,2026-04-11 18:25:07.3910000
2848,58f390b1e174d70001585a94,806,1,45,barchart-first-81-double-tallest-45,left,tallest,double,single,2026-04-11 18:25:08.3930000
2849,697cd720a414418e49c8d1e7,1045,1,92,barchart-second-35-random-shortest-44,left,shortest,random,single,2026-04-11 18:25:09.1030000
2850,58f390b1e174d70001585a94,795,1,46,barchart-first-45-random-tallest-46,left,tallest,random,single,2026-04-11 18:25:09.7310000
2851,697cd720a414418e49c8d1e7,1098,1,93,barchart-second-44-double-shortest-45,left,shortest,double,single,2026-04-11 18:25:10.8350000
2852,58f390b1e174d70001585a94,724,1,47,barchart-first-82-same-tallest-47,left,tallest,same,single,2026-04-11 18:25:11.0760000
2853,697cd720a414418e49c8d1e7,997,1,94,barchart-second-64-random-shortest-46,left,shortest,random,single,2026-04-11 18:25:12.4760000
2854,697cd720a414418e49c8d1e7,994,1,95,barchart-second-12-same-shortest-47,left,shortest,same,single,2026-04-11 18:25:14.1170000
2855,58f390b1e174d70001585a94,2017,1,48,barchart-second-22-double-shortest-0,right,shortest,double,single,2026-04-11 18:25:48.5560000
2856,58f390b1e174d70001585a94,1219,1,49,barchart-second-91-same-shortest-1,right,shortest,same,single,2026-04-11 18:25:50.3820000
2857,58f390b1e174d70001585a94,979,1,50,barchart-second-48-random-shortest-2,right,shortest,random,single,2026-04-11 18:25:51.9120000
2858,58f390b1e174d70001585a94,1365,1,51,barchart-second-85-double-shortest-3,left,shortest,double,single,2026-04-11 18:25:53.8340000
2859,58f390b1e174d70001585a94,1458,1,52,barchart-second-72-random-shortest-4,right,shortest,random,single,2026-04-11 18:25:55.8670000
2860,58f390b1e174d70001585a94,1105,1,53,barchart-second-27-double-shortest-5,left,shortest,double,single,2026-04-11 18:25:57.6100000
2861,58f390b1e174d70001585a94,1658,1,54,barchart-second-67-same-shortest-6,left,shortest,same,single,2026-04-11 18:25:59.8260000
2862,58f390b1e174d70001585a94,3927,1,55,barchart-second-32-random-shortest-7,right,shortest,random,single,2026-04-11 18:26:04.2560000
2863,58f390b1e174d70001585a94,1053,1,56,barchart-second-94-same-shortest-8,right,shortest,same,single,2026-04-11 18:26:05.9460000
2864,58f390b1e174d70001585a94,1064,1,57,barchart-second-02-double-shortest-9,right,shortest,double,single,2026-04-11 18:26:07.5710000
2865,58f390b1e174d70001585a94,1147,1,58,barchart-second-74-same-shortest-10,left,shortest,same,single,2026-04-11 18:26:09.2680000
2866,58f390b1e174d70001585a94,1678,1,59,barchart-second-51-random-shortest-11,right,shortest,random,single,2026-04-11 18:26:11.5030000
2867,58f390b1e174d70001585a94,955,1,60,barchart-second-06-double-shortest-12,right,shortest,double,single,2026-04-11 18:26:13.0150000
2868,58f390b1e174d70001585a94,1023,1,61,barchart-second-08-same-shortest-13,left,shortest,same,single,2026-04-11 18:26:14.5880000
2869,58f390b1e174d70001585a94,1270,1,62,barchart-second-92-double-shortest-14,right,shortest,double,single,2026-04-11 18:26:16.4150000
2870,58f390b1e174d70001585a94,1275,1,63,barchart-second-15-same-shortest-15,right,shortest,same,single,2026-04-11 18:26:18.2520000
2871,58f390b1e174d70001585a94,1417,1,64,barchart-second-37-random-shortest-16,left,shortest,random,single,2026-04-11 18:26:20.2210000
2872,58f390b1e174d70001585a94,1136,1,65,barchart-second-88-same-shortest-17,left,shortest,same,single,2026-04-11 18:26:21.9130000
2873,58f390b1e174d70001585a94,1267,1,66,barchart-second-70-random-shortest-18,right,shortest,random,single,2026-04-11 18:26:23.7430000
2874,58f390b1e174d70001585a94,2467,1,67,barchart-second-63-same-shortest-19,right,shortest,same,single,2026-04-11 18:26:26.7670000
2875,58f390b1e174d70001585a94,1829,1,68,barchart-second-38-double-shortest-20,left,shortest,double,single,2026-04-11 18:26:29.2160000
2876,58f390b1e174d70001585a94,1111,1,69,barchart-second-80-same-shortest-21,left,shortest,same,single,2026-04-11 18:26:30.8830000
2877,58f390b1e174d70001585a94,1544,1,70,barchart-second-36-random-shortest-22,left,shortest,random,single,2026-04-11 18:26:32.9780000
2878,58f390b1e174d70001585a94,1546,1,71,barchart-second-23-double-shortest-23,right,shortest,double,single,2026-04-11 18:26:35.0760000
2879,58f390b1e174d70001585a94,1025,1,72,barchart-second-58-same-shortest-24,left,shortest,same,single,2026-04-11 18:26:39.6960000
2880,58f390b1e174d70001585a94,863,1,73,barchart-second-93-double-shortest-25,right,shortest,double,single,2026-04-11 18:26:41.1190000
2881,58f390b1e174d70001585a94,935,1,74,barchart-second-14-same-shortest-26,right,shortest,same,single,2026-04-11 18:26:42.6090000
2882,58f390b1e174d70001585a94,900,1,75,barchart-second-62-same-shortest-27,right,shortest,same,single,2026-04-11 18:26:44.0610000
2883,58f390b1e174d70001585a94,1375,1,76,barchart-second-17-same-shortest-28,right,shortest,same,single,2026-04-11 18:26:46.0700000
2884,58f390b1e174d70001585a94,820,1,77,barchart-second-43-random-shortest-29,left,shortest,random,single,2026-04-11 18:26:47.4450000
2885,58f390b1e174d70001585a94,1020,1,78,barchart-second-34-same-shortest-30,left,shortest,same,single,2026-04-11 18:26:48.9690000
2886,58f390b1e174d70001585a94,1954,1,79,barchart-second-95-double-shortest-31,left,shortest,double,single,2026-04-11 18:26:51.4760000
2887,58f390b1e174d70001585a94,1307,1,80,barchart-second-90-double-shortest-32,left,shortest,double,single,2026-04-11 18:26:53.3920000
2888,58f390b1e174d70001585a94,1404,1,81,barchart-second-46-random-shortest-33,left,shortest,random,single,2026-04-11 18:26:55.3480000
2889,58f390b1e174d70001585a94,1201,1,82,barchart-second-83-random-shortest-34,left,shortest,random,single,2026-04-11 18:26:57.1050000
2890,58f390b1e174d70001585a94,969,1,83,barchart-second-76-double-shortest-35,left,shortest,double,single,2026-04-11 18:26:58.6430000
2891,58f390b1e174d70001585a94,1070,1,84,barchart-second-19-double-shortest-36,left,shortest,double,single,2026-04-11 18:27:00.2700000
2892,58f390b1e174d70001585a94,1272,1,85,barchart-second-21-random-shortest-37,right,shortest,random,single,2026-04-11 18:27:02.0990000
2893,58f390b1e174d70001585a94,1330,1,86,barchart-second-42-double-shortest-38,right,shortest,double,single,2026-04-11 18:27:03.9880000
2894,58f390b1e174d70001585a94,1131,1,87,barchart-second-73-random-shortest-39,left,shortest,random,single,2026-04-11 18:27:05.7480000
2895,58f390b1e174d70001585a94,2303,1,88,barchart-second-47-random-shortest-40,left,shortest,random,single,2026-04-11 18:27:08.6030000
2896,58f390b1e174d70001585a94,1890,1,89,barchart-second-12-random-shortest-41,left,shortest,random,single,2026-04-11 18:27:11.0480000
2897,58f390b1e174d70001585a94,1235,1,90,barchart-second-49-double-shortest-42,right,shortest,double,single,2026-04-11 18:27:12.8350000
2898,58f390b1e174d70001585a94,1142,1,91,barchart-second-30-random-shortest-43,right,shortest,random,single,2026-04-11 18:27:14.5300000
2899,58f390b1e174d70001585a94,1079,1,92,barchart-second-57-same-shortest-44,right,shortest,same,single,2026-04-11 18:27:16.2300000
2900,58f390b1e174d70001585a94,1726,1,93,barchart-second-07-same-shortest-45,left,shortest,same,single,2026-04-11 18:27:18.5130000
2901,58f390b1e174d70001585a94,1389,1,94,barchart-second-84-random-shortest-46,right,shortest,random,single,2026-04-11 18:27:20.4600000
2902,58f390b1e174d70001585a94,1093,1,95,barchart-second-00-double-shortest-47,left,shortest,double,single,2026-04-11 18:27:22.1040000
2903,6998bda4ed63e85917285fd8,1150,1,0,barchart-first-14-random-tallest-0,left,tallest,random,single,2026-04-11 18:30:00.2050000
2904,6998bda4ed63e85917285fd8,641,1,1,barchart-first-30-random-tallest-1,left,tallest,random,single,2026-04-11 18:30:01.3820000
2905,6998bda4ed63e85917285fd8,975,1,2,barchart-first-95-same-tallest-2,right,tallest,same,single,2026-04-11 18:30:02.8910000
2906,6998bda4ed63e85917285fd8,897,1,3,barchart-first-67-random-tallest-3,right,tallest,random,single,2026-04-11 18:30:04.3220000
2907,6998bda4ed63e85917285fd8,612,1,4,barchart-first-35-random-tallest-4,left,tallest,random,single,2026-04-11 18:30:05.4670000
2908,6998bda4ed63e85917285fd8,635,1,5,barchart-first-51-double-tallest-5,left,tallest,double,single,2026-04-11 18:30:06.6380000
2909,6998bda4ed63e85917285fd8,614,1,6,barchart-first-59-random-tallest-6,left,tallest,random,single,2026-04-11 18:30:07.7890000
2910,6998bda4ed63e85917285fd8,670,1,7,barchart-first-05-same-tallest-7,right,tallest,same,single,2026-04-11 18:30:09.0020000
2911,6998bda4ed63e85917285fd8,522,1,8,barchart-first-12-same-tallest-8,left,tallest,same,single,2026-04-11 18:30:10.0590000
2912,6998bda4ed63e85917285fd8,972,1,9,barchart-first-80-random-tallest-9,left,tallest,random,single,2026-04-11 18:30:11.5680000
2913,6998bda4ed63e85917285fd8,844,1,10,barchart-first-25-random-tallest-10,right,tallest,random,single,2026-04-11 18:30:12.9470000
2914,6998bda4ed63e85917285fd8,546,1,11,barchart-first-82-same-tallest-11,left,tallest,same,single,2026-04-11 18:30:14.0280000
2915,6998bda4ed63e85917285fd8,682,1,12,barchart-first-78-random-tallest-12,left,tallest,random,single,2026-04-11 18:30:15.2440000
2916,6998bda4ed63e85917285fd8,1001,1,13,barchart-first-84-double-tallest-13,right,tallest,double,single,2026-04-11 18:30:16.7810000
2917,6998bda4ed63e85917285fd8,668,1,14,barchart-first-64-double-tallest-14,left,tallest,double,single,2026-04-11 18:30:17.9880000
2918,6998bda4ed63e85917285fd8,944,1,15,barchart-first-63-double-tallest-15,left,tallest,double,single,2026-04-11 18:30:19.4670000
2919,6998bda4ed63e85917285fd8,897,1,16,barchart-first-54-same-tallest-16,right,tallest,same,single,2026-04-11 18:30:20.8970000
2920,6998bda4ed63e85917285fd8,793,1,17,barchart-first-53-same-tallest-17,left,tallest,same,single,2026-04-11 18:30:22.2270000
2921,6998bda4ed63e85917285fd8,678,1,18,barchart-first-87-double-tallest-18,right,tallest,double,single,2026-04-11 18:30:23.4380000
2922,6998bda4ed63e85917285fd8,759,1,19,barchart-first-90-double-tallest-19,right,tallest,double,single,2026-04-11 18:30:24.7330000
2923,6998bda4ed63e85917285fd8,748,1,20,barchart-first-58-same-tallest-20,right,tallest,same,single,2026-04-11 18:30:26.0140000
2924,6998bda4ed63e85917285fd8,708,1,21,barchart-first-48-same-tallest-21,right,tallest,same,single,2026-04-11 18:30:27.2550000
2925,6998bda4ed63e85917285fd8,994,1,22,barchart-first-04-random-tallest-22,right,tallest,random,single,2026-04-11 18:30:28.7850000
2926,6998bda4ed63e85917285fd8,851,1,23,barchart-first-43-random-tallest-23,right,tallest,random,single,2026-04-11 18:30:30.1700000
2927,6998bda4ed63e85917285fd8,844,1,24,barchart-first-65-random-tallest-24,right,tallest,random,single,2026-04-11 18:30:34.8930000
2928,6998bda4ed63e85917285fd8,565,1,25,barchart-first-66-double-tallest-25,right,tallest,double,single,2026-04-11 18:30:36.0580000
2929,6998bda4ed63e85917285fd8,722,1,26,barchart-first-83-double-tallest-26,left,tallest,double,single,2026-04-11 18:30:37.3160000
2930,6998bda4ed63e85917285fd8,791,1,27,barchart-first-81-same-tallest-27,left,tallest,same,single,2026-04-11 18:30:38.6390000
2931,6998bda4ed63e85917285fd8,645,1,28,barchart-first-02-random-tallest-28,right,tallest,random,single,2026-04-11 18:30:39.8330000
2932,6998bda4ed63e85917285fd8,790,1,29,barchart-first-29-same-tallest-29,left,tallest,same,single,2026-04-11 18:30:41.1560000
2933,6998bda4ed63e85917285fd8,567,1,30,barchart-first-86-same-tallest-30,left,tallest,same,single,2026-04-11 18:30:42.2610000
2934,6998bda4ed63e85917285fd8,675,1,31,barchart-first-21-double-tallest-31,right,tallest,double,single,2026-04-11 18:30:43.4720000
2935,6998bda4ed63e85917285fd8,720,1,32,barchart-first-79-double-tallest-32,right,tallest,double,single,2026-04-11 18:30:44.7650000
2936,6998bda4ed63e85917285fd8,527,1,33,barchart-first-55-same-tallest-33,left,tallest,same,single,2026-04-11 18:30:45.8280000
2937,6998bda4ed63e85917285fd8,606,1,34,barchart-first-19-same-tallest-34,left,tallest,same,single,2026-04-11 18:30:46.9690000
2938,6998bda4ed63e85917285fd8,610,1,35,barchart-first-33-random-tallest-35,left,tallest,random,single,2026-04-11 18:30:48.1140000
2939,6998bda4ed63e85917285fd8,559,1,36,barchart-first-57-double-tallest-36,left,tallest,double,single,2026-04-11 18:30:49.2060000
2940,6998bda4ed63e85917285fd8,555,1,37,barchart-first-60-random-tallest-37,right,tallest,random,single,2026-04-11 18:30:50.2970000
2941,6998bda4ed63e85917285fd8,794,1,38,barchart-first-46-double-tallest-38,right,tallest,double,single,2026-04-11 18:30:51.6270000
2942,6998bda4ed63e85917285fd8,499,1,39,barchart-first-24-double-tallest-39,left,tallest,double,single,2026-04-11 18:30:52.6610000
2943,6998bda4ed63e85917285fd8,696,1,40,barchart-first-31-double-tallest-40,left,tallest,double,single,2026-04-11 18:30:53.9020000
2944,6998bda4ed63e85917285fd8,687,1,41,barchart-first-52-double-tallest-41,right,tallest,double,single,2026-04-11 18:30:55.1250000
2945,6998bda4ed63e85917285fd8,604,1,42,barchart-first-16-same-tallest-42,right,tallest,same,single,2026-04-11 18:30:56.2630000
2946,6998bda4ed63e85917285fd8,748,1,43,barchart-first-42-same-tallest-43,right,tallest,same,single,2026-04-11 18:30:57.5460000
2947,6998bda4ed63e85917285fd8,516,1,44,barchart-first-75-random-tallest-44,left,tallest,random,single,2026-04-11 18:30:58.6280000
2948,6998bda4ed63e85917285fd8,753,1,45,barchart-first-62-random-tallest-45,right,tallest,random,single,2026-04-11 18:30:59.9150000
2949,6998bda4ed63e85917285fd8,809,1,46,barchart-first-09-same-tallest-46,right,tallest,same,single,2026-04-11 18:31:01.2560000
2950,6998bda4ed63e85917285fd8,521,1,47,barchart-first-13-double-tallest-47,left,tallest,double,single,2026-04-11 18:31:02.3250000
2951,6998bda4ed63e85917285fd8,1256,1,48,barchart-second-17-same-shortest-0,right,shortest,same,single,2026-04-11 18:31:35.7920000
2952,6998bda4ed63e85917285fd8,917,1,49,barchart-second-23-double-shortest-1,right,shortest,double,single,2026-04-11 18:31:37.2420000
2953,6998bda4ed63e85917285fd8,872,1,50,barchart-second-56-double-shortest-2,left,shortest,double,single,2026-04-11 18:31:38.6370000
2954,6998bda4ed63e85917285fd8,786,1,51,barchart-second-03-same-shortest-3,left,shortest,same,single,2026-04-11 18:31:39.9560000
2955,6998bda4ed63e85917285fd8,808,1,52,barchart-second-26-same-shortest-4,left,shortest,same,single,2026-04-11 18:31:41.3270000
2956,6998bda4ed63e85917285fd8,1124,1,53,barchart-second-88-random-shortest-5,left,shortest,random,single,2026-04-11 18:31:42.9790000
2957,6998bda4ed63e85917285fd8,860,1,54,barchart-second-70-same-shortest-6,right,shortest,same,single,2026-04-11 18:31:44.3680000
2958,6998bda4ed63e85917285fd8,951,1,55,barchart-second-11-random-shortest-7,right,shortest,random,single,2026-04-11 18:31:45.8470000
2959,6998bda4ed63e85917285fd8,1252,1,56,barchart-second-27-random-shortest-8,left,shortest,random,single,2026-04-11 18:31:47.6460000
2960,6998bda4ed63e85917285fd8,1000,1,57,barchart-second-91-random-shortest-9,right,shortest,random,single,2026-04-11 18:31:49.2490000
2961,6998bda4ed63e85917285fd8,831,1,58,barchart-second-77-same-shortest-10,left,shortest,same,single,2026-04-11 18:31:50.6160000
2962,6998bda4ed63e85917285fd8,913,1,59,barchart-second-68-double-shortest-11,right,shortest,double,single,2026-04-11 18:31:52.0590000
2963,6998bda4ed63e85917285fd8,1091,1,60,barchart-second-72-random-shortest-12,right,shortest,random,single,2026-04-11 18:31:53.7220000
2964,6998bda4ed63e85917285fd8,1080,1,61,barchart-second-44-same-shortest-13,left,shortest,same,single,2026-04-11 18:31:55.3300000
2965,6998bda4ed63e85917285fd8,923,1,62,barchart-second-71-double-shortest-14,left,shortest,double,single,2026-04-11 18:31:56.7840000
2966,6998bda4ed63e85917285fd8,1060,1,63,barchart-second-10-random-shortest-15,left,shortest,random,single,2026-04-11 18:31:58.3760000
2967,6998bda4ed63e85917285fd8,1144,1,64,barchart-second-76-double-shortest-16,left,shortest,double,single,2026-04-11 18:32:00.0630000
2968,6998bda4ed63e85917285fd8,925,1,65,barchart-second-36-same-shortest-17,left,shortest,same,single,2026-04-11 18:32:01.5160000
2969,6998bda4ed63e85917285fd8,836,1,66,barchart-second-28-random-shortest-18,right,shortest,random,single,2026-04-11 18:32:02.8810000
2970,6998bda4ed63e85917285fd8,2169,1,67,barchart-second-07-random-shortest-19,left,shortest,random,single,2026-04-11 18:32:05.6370000
2971,6998bda4ed63e85917285fd8,1155,1,68,barchart-second-32-same-shortest-20,right,shortest,same,single,2026-04-11 18:32:07.3230000
2972,6998bda4ed63e85917285fd8,978,1,69,barchart-second-18-same-shortest-21,right,shortest,same,single,2026-04-11 18:32:08.8310000
2973,6998bda4ed63e85917285fd8,1053,1,70,barchart-second-74-same-shortest-22,left,shortest,same,single,2026-04-11 18:32:10.4110000
2974,6998bda4ed63e85917285fd8,1192,1,71,barchart-second-89-double-shortest-23,right,shortest,double,single,2026-04-11 18:32:12.1390000
2975,6998bda4ed63e85917285fd8,1097,1,72,barchart-second-85-double-shortest-24,left,shortest,double,single,2026-04-11 18:32:15.4530000
2976,6998bda4ed63e85917285fd8,1055,1,73,barchart-second-06-double-shortest-25,right,shortest,double,single,2026-04-11 18:32:17.0390000
2977,6998bda4ed63e85917285fd8,980,1,74,barchart-second-47-double-shortest-26,left,shortest,double,single,2026-04-11 18:32:18.5520000
2978,6998bda4ed63e85917285fd8,870,1,75,barchart-second-69-same-shortest-27,right,shortest,same,single,2026-04-11 18:32:19.9520000
2979,6998bda4ed63e85917285fd8,814,1,76,barchart-second-08-random-shortest-28,left,shortest,random,single,2026-04-11 18:32:21.2950000
2980,6998bda4ed63e85917285fd8,847,1,77,barchart-second-94-random-shortest-29,right,shortest,random,single,2026-04-11 18:32:22.7130000
2981,6998bda4ed63e85917285fd8,814,1,78,barchart-second-34-same-shortest-30,left,shortest,same,single,2026-04-11 18:32:24.0560000
2982,6998bda4ed63e85917285fd8,830,1,79,barchart-second-73-random-shortest-31,left,shortest,random,single,2026-04-11 18:32:25.4160000
2983,6998bda4ed63e85917285fd8,803,1,80,barchart-second-00-same-shortest-32,left,shortest,same,single,2026-04-11 18:32:26.7530000
2984,6998bda4ed63e85917285fd8,911,1,81,barchart-second-01-random-shortest-33,right,shortest,random,single,2026-04-11 18:32:28.2020000
2985,6998bda4ed63e85917285fd8,1364,1,82,barchart-second-22-same-shortest-34,right,shortest,same,single,2026-04-11 18:32:30.0940000
2986,6998bda4ed63e85917285fd8,838,1,83,barchart-second-93-double-shortest-35,right,shortest,double,single,2026-04-11 18:32:31.4590000
2987,6998bda4ed63e85917285fd8,1094,1,84,barchart-second-61-double-shortest-36,left,shortest,double,single,2026-04-11 18:32:33.0800000
2988,6998bda4ed63e85917285fd8,1121,1,85,barchart-second-92-double-shortest-37,right,shortest,double,single,2026-04-11 18:32:34.7310000
2989,6998bda4ed63e85917285fd8,787,1,86,barchart-second-41-same-shortest-38,right,shortest,same,single,2026-04-11 18:32:36.0490000
2990,6998bda4ed63e85917285fd8,979,1,87,barchart-second-15-random-shortest-39,right,shortest,random,single,2026-04-11 18:32:37.5580000
2991,6998bda4ed63e85917285fd8,1068,1,88,barchart-second-50-double-shortest-40,right,shortest,double,single,2026-04-11 18:32:39.1540000
2992,6998bda4ed63e85917285fd8,1042,1,89,barchart-second-20-double-shortest-41,left,shortest,double,single,2026-04-11 18:32:40.7580000
2993,6998bda4ed63e85917285fd8,1088,1,90,barchart-second-37-random-shortest-42,left,shortest,random,single,2026-04-11 18:32:42.3800000
2994,6998bda4ed63e85917285fd8,820,1,91,barchart-second-38-random-shortest-43,left,shortest,random,single,2026-04-11 18:32:43.7350000
2995,6998bda4ed63e85917285fd8,794,1,92,barchart-second-45-double-shortest-44,left,shortest,double,single,2026-04-11 18:32:45.0580000
2996,6998bda4ed63e85917285fd8,766,1,93,barchart-second-49-same-shortest-45,right,shortest,same,single,2026-04-11 18:32:46.3530000
2997,6998bda4ed63e85917285fd8,1077,1,94,barchart-second-39-random-shortest-46,right,shortest,random,single,2026-04-11 18:32:47.9690000
2998,6998bda4ed63e85917285fd8,1145,1,95,barchart-second-40-double-shortest-47,right,shortest,double,single,2026-04-11 18:32:49.6490000
2999,63e5b536fe14fec39a9a9361,2026,1,0,barchart-first-28-same-tallest-0,right,tallest,same,single,2026-04-11 18:34:35.3340000
3000,63e5b536fe14fec39a9a9361,1487,1,1,barchart-first-48-double-tallest-1,right,tallest,double,single,2026-04-11 18:34:37.4170000
3001,63e5b536fe14fec39a9a9361,1738,1,2,barchart-first-06-random-tallest-2,right,tallest,random,single,2026-04-11 18:34:39.7510000
3002,63e5b536fe14fec39a9a9361,1783,1,3,barchart-first-65-same-tallest-3,right,tallest,same,single,2026-04-11 18:34:42.1360000
3003,63e5b536fe14fec39a9a9361,1722,1,4,barchart-first-15-same-tallest-4,right,tallest,same,single,2026-04-11 18:34:44.4620000
3004,63e5b536fe14fec39a9a9361,1638,1,5,barchart-first-89-same-tallest-5,left,tallest,same,single,2026-04-11 18:34:46.7040000
3005,63e5b536fe14fec39a9a9361,2197,1,6,barchart-first-78-double-tallest-6,left,tallest,double,single,2026-04-11 18:34:49.5050000
3006,63e5b536fe14fec39a9a9361,2193,1,7,barchart-first-00-random-tallest-7,left,tallest,random,single,2026-04-11 18:34:52.3910000
3007,63e5b536fe14fec39a9a9361,1331,1,8,barchart-first-38-double-tallest-8,right,tallest,double,single,2026-04-11 18:34:54.4680000
3008,63e5b536fe14fec39a9a9361,1753,1,9,barchart-first-73-double-tallest-9,right,tallest,double,single,2026-04-11 18:34:56.9470000
3009,63e5b536fe14fec39a9a9361,2442,1,10,barchart-first-12-same-tallest-10,left,tallest,same,single,2026-04-11 18:34:59.9850000
3010,63e5b536fe14fec39a9a9361,1578,1,11,barchart-first-88-random-tallest-11,right,tallest,random,single,2026-04-11 18:35:02.1740000
3011,63e5b536fe14fec39a9a9361,1908,1,12,barchart-first-74-random-tallest-12,right,tallest,random,single,2026-04-11 18:35:04.6870000
3012,63e5b536fe14fec39a9a9361,3318,1,13,barchart-first-46-random-tallest-13,right,tallest,random,single,2026-04-11 18:35:08.6650000
3013,63e5b536fe14fec39a9a9361,2048,1,14,barchart-first-56-random-tallest-14,left,tallest,random,single,2026-04-11 18:35:11.3110000
3014,63e5b536fe14fec39a9a9361,2619,1,15,barchart-first-45-same-tallest-15,left,tallest,same,single,2026-04-11 18:35:14.5930000
3015,63e5b536fe14fec39a9a9361,2420,1,16,barchart-first-29-random-tallest-16,left,tallest,random,single,2026-04-11 18:35:17.6160000
3016,63e5b536fe14fec39a9a9361,1549,1,17,barchart-first-81-random-tallest-17,left,tallest,random,single,2026-04-11 18:35:19.7540000
3017,63e5b536fe14fec39a9a9361,1504,1,18,barchart-first-53-random-tallest-18,left,tallest,random,single,2026-04-11 18:35:21.8670000
3018,63e5b536fe14fec39a9a9361,1338,1,19,barchart-first-09-double-tallest-19,right,tallest,double,single,2026-04-11 18:35:23.8060000
3019,63e5b536fe14fec39a9a9361,1585,1,20,barchart-first-69-same-tallest-20,left,tallest,same,single,2026-04-11 18:35:26.5430000
3020,63e5b536fe14fec39a9a9361,1293,1,21,barchart-first-14-double-tallest-21,left,tallest,double,single,2026-04-11 18:35:28.4370000
3021,63e5b536fe14fec39a9a9361,1547,1,22,barchart-first-21-random-tallest-22,right,tallest,random,single,2026-04-11 18:35:30.5770000
3022,63e5b536fe14fec39a9a9361,1304,1,23,barchart-first-84-random-tallest-23,right,tallest,random,single,2026-04-11 18:35:32.4790000
3023,69aa6fa9ac8d4eca02d5dd7b,1377,1,0,barchart-first-78-random-tallest-0,left,tallest,random,single,2026-04-11 18:36:08.1100000
3024,69aa6fa9ac8d4eca02d5dd7b,934,1,1,barchart-first-09-same-tallest-1,right,tallest,same,single,2026-04-11 18:36:09.6440000
3025,69aa6fa9ac8d4eca02d5dd7b,628,1,2,barchart-first-79-random-tallest-2,right,tallest,random,single,2026-04-11 18:36:10.8760000
3026,63e5b536fe14fec39a9a9361,2823,1,24,barchart-first-07-double-tallest-24,left,tallest,double,single,2026-04-11 18:36:11.0800000
3027,69aa6fa9ac8d4eca02d5dd7b,688,1,3,barchart-first-74-double-tallest-3,right,tallest,double,single,2026-04-11 18:36:12.1650000
3028,63e5b536fe14fec39a9a9361,1093,1,25,barchart-first-41-double-tallest-25,right,tallest,double,single,2026-04-11 18:36:12.7630000
3029,69aa6fa9ac8d4eca02d5dd7b,1005,1,4,barchart-first-32-double-tallest-4,right,tallest,double,single,2026-04-11 18:36:13.8430000
3030,69aa6fa9ac8d4eca02d5dd7b,753,1,5,barchart-first-62-double-tallest-5,right,tallest,double,single,2026-04-11 18:36:15.1780000
3031,63e5b536fe14fec39a9a9361,2118,1,26,barchart-first-63-random-tallest-26,left,tallest,random,single,2026-04-11 18:36:15.5220000
3032,69aa6fa9ac8d4eca02d5dd7b,902,1,6,barchart-first-88-same-tallest-6,right,tallest,same,single,2026-04-11 18:36:16.6680000
3033,63e5b536fe14fec39a9a9361,1869,1,27,barchart-first-85-double-tallest-27,left,tallest,double,single,2026-04-11 18:36:17.9860000
3034,69aa6fa9ac8d4eca02d5dd7b,770,1,7,barchart-first-92-same-tallest-7,right,tallest,same,single,2026-04-11 18:36:18.0290000
3035,69aa6fa9ac8d4eca02d5dd7b,956,1,8,barchart-first-28-random-tallest-8,right,tallest,random,single,2026-04-11 18:36:19.5740000
3036,63e5b536fe14fec39a9a9361,2212,1,28,barchart-first-55-random-tallest-28,left,tallest,random,single,2026-04-11 18:36:20.7930000
3037,69aa6fa9ac8d4eca02d5dd7b,1380,1,9,barchart-first-40-random-tallest-9,left,tallest,random,single,2026-04-11 18:36:21.5820000
3038,69aa6fa9ac8d4eca02d5dd7b,745,1,10,barchart-first-10-random-tallest-10,right,tallest,random,single,2026-04-11 18:36:22.9390000
3039,63e5b536fe14fec39a9a9361,1603,1,29,barchart-first-19-double-tallest-29,left,tallest,double,single,2026-04-11 18:36:22.9870000
3040,69aa6fa9ac8d4eca02d5dd7b,945,1,11,barchart-first-95-random-tallest-11,right,tallest,random,single,2026-04-11 18:36:24.4740000
3041,63e5b536fe14fec39a9a9361,1421,1,30,barchart-first-95-same-tallest-30,right,tallest,same,single,2026-04-11 18:36:25.0060000
3042,69aa6fa9ac8d4eca02d5dd7b,984,1,12,barchart-first-21-random-tallest-12,right,tallest,random,single,2026-04-11 18:36:26.0510000
3043,63e5b536fe14fec39a9a9361,1514,1,31,barchart-first-25-same-tallest-31,right,tallest,same,single,2026-04-11 18:36:27.1250000
3044,69aa6fa9ac8d4eca02d5dd7b,996,1,13,barchart-first-68-random-tallest-13,right,tallest,random,single,2026-04-11 18:36:27.6670000
3045,69aa6fa9ac8d4eca02d5dd7b,719,1,14,barchart-first-61-double-tallest-14,left,tallest,double,single,2026-04-11 18:36:28.9790000
3046,63e5b536fe14fec39a9a9361,1595,1,32,barchart-first-05-same-tallest-32,right,tallest,same,single,2026-04-11 18:36:29.3150000
3047,69aa6fa9ac8d4eca02d5dd7b,581,1,15,barchart-first-39-same-tallest-15,right,tallest,same,single,2026-04-11 18:36:30.1560000
3048,69aa6fa9ac8d4eca02d5dd7b,850,1,16,barchart-first-41-double-tallest-16,right,tallest,double,single,2026-04-11 18:36:31.6110000
3049,63e5b536fe14fec39a9a9361,1807,1,33,barchart-first-08-same-tallest-33,left,tallest,same,single,2026-04-11 18:36:31.8160000
3050,69aa6fa9ac8d4eca02d5dd7b,616,1,17,barchart-first-55-random-tallest-17,left,tallest,random,single,2026-04-11 18:36:32.8420000
3051,63e5b536fe14fec39a9a9361,1550,1,34,barchart-first-31-double-tallest-34,left,tallest,double,single,2026-04-11 18:36:33.9580000
3052,69aa6fa9ac8d4eca02d5dd7b,1065,1,18,barchart-first-57-same-tallest-18,left,tallest,same,single,2026-04-11 18:36:34.5080000
3053,69aa6fa9ac8d4eca02d5dd7b,835,1,19,barchart-first-03-double-tallest-19,right,tallest,double,single,2026-04-11 18:36:35.9370000
3054,63e5b536fe14fec39a9a9361,1444,1,35,barchart-first-10-random-tallest-35,right,tallest,random,single,2026-04-11 18:36:35.9950000
3055,69aa6fa9ac8d4eca02d5dd7b,900,1,20,barchart-first-13-double-tallest-20,left,tallest,double,single,2026-04-11 18:36:37.4260000
3056,63e5b536fe14fec39a9a9361,1761,1,36,barchart-first-51-same-tallest-36,left,tallest,same,single,2026-04-11 18:36:38.3480000
3057,69aa6fa9ac8d4eca02d5dd7b,920,1,21,barchart-first-24-random-tallest-21,left,tallest,random,single,2026-04-11 18:36:38.9430000
3058,63e5b536fe14fec39a9a9361,1660,1,37,barchart-first-82-random-tallest-37,left,tallest,random,single,2026-04-11 18:36:40.6060000
3059,69aa6fa9ac8d4eca02d5dd7b,1114,1,22,barchart-first-82-double-tallest-22,left,tallest,double,single,2026-04-11 18:36:40.6650000
3060,69aa6fa9ac8d4eca02d5dd7b,1094,1,23,barchart-first-81-random-tallest-23,left,tallest,random,single,2026-04-11 18:36:42.3440000
3061,63e5b536fe14fec39a9a9361,1220,1,38,barchart-first-54-double-tallest-38,right,tallest,double,single,2026-04-11 18:36:42.4220000
3062,63e5b536fe14fec39a9a9361,1399,1,39,barchart-first-40-double-tallest-39,left,tallest,double,single,2026-04-11 18:36:44.4200000
3063,69aa6fa9ac8d4eca02d5dd7b,1181,1,24,barchart-first-83-random-tallest-24,left,tallest,random,single,2026-04-11 18:36:46.5990000
3064,63e5b536fe14fec39a9a9361,1863,1,40,barchart-first-61-double-tallest-40,left,tallest,double,single,2026-04-11 18:36:46.8900000
3065,69aa6fa9ac8d4eca02d5dd7b,713,1,25,barchart-first-38-same-tallest-25,right,tallest,same,single,2026-04-11 18:36:47.9050000
3066,63e5b536fe14fec39a9a9361,1378,1,41,barchart-first-67-same-tallest-41,right,tallest,same,single,2026-04-11 18:36:48.9230000
3067,69aa6fa9ac8d4eca02d5dd7b,759,1,26,barchart-first-66-random-tallest-26,right,tallest,random,single,2026-04-11 18:36:49.2880000
3068,69aa6fa9ac8d4eca02d5dd7b,860,1,27,barchart-first-04-double-tallest-27,right,tallest,double,single,2026-04-11 18:36:50.7510000
3069,63e5b536fe14fec39a9a9361,1346,1,42,barchart-first-59-same-tallest-42,left,tallest,same,single,2026-04-11 18:36:50.8690000
3070,69aa6fa9ac8d4eca02d5dd7b,1474,1,28,barchart-first-76-same-tallest-28,right,tallest,same,single,2026-04-11 18:36:52.8150000
3071,63e5b536fe14fec39a9a9361,1778,1,43,barchart-first-33-same-tallest-43,left,tallest,same,single,2026-04-11 18:36:53.2360000
3072,69aa6fa9ac8d4eca02d5dd7b,923,1,29,barchart-first-94-double-tallest-29,right,tallest,double,single,2026-04-11 18:36:54.3270000
3073,63e5b536fe14fec39a9a9361,1449,1,44,barchart-first-68-double-tallest-44,right,tallest,double,single,2026-04-11 18:36:55.2810000
3074,69aa6fa9ac8d4eca02d5dd7b,1053,1,30,barchart-first-89-double-tallest-30,left,tallest,double,single,2026-04-11 18:36:55.9810000
3075,69aa6fa9ac8d4eca02d5dd7b,883,1,31,barchart-first-45-same-tallest-31,left,tallest,same,single,2026-04-11 18:36:57.4560000
3076,63e5b536fe14fec39a9a9361,1643,1,45,barchart-first-17-random-tallest-45,right,tallest,random,single,2026-04-11 18:36:57.6160000
3077,69aa6fa9ac8d4eca02d5dd7b,765,1,32,barchart-first-59-same-tallest-32,left,tallest,same,single,2026-04-11 18:36:58.8220000
3078,63e5b536fe14fec39a9a9361,1338,1,46,barchart-first-94-double-tallest-46,right,tallest,double,single,2026-04-11 18:36:59.5470000
3079,69aa6fa9ac8d4eca02d5dd7b,714,1,33,barchart-first-50-same-tallest-33,right,tallest,same,single,2026-04-11 18:37:00.1320000
3080,69aa6fa9ac8d4eca02d5dd7b,1433,1,34,barchart-first-77-double-tallest-34,left,tallest,double,single,2026-04-11 18:37:02.1810000
3081,673e5b754122ce32036dc8ef,1679,1,0,barchart-first-52-same-shortest-0,right,shortest,same,single,2026-04-11 18:37:03.2130000
3082,69aa6fa9ac8d4eca02d5dd7b,800,1,35,barchart-first-90-random-tallest-35,right,tallest,random,single,2026-04-11 18:37:03.5890000
3083,673e5b754122ce32036dc8ef,1544,1,1,barchart-first-05-double-shortest-1,right,shortest,double,single,2026-04-11 18:37:05.3870000
3084,69aa6fa9ac8d4eca02d5dd7b,922,1,36,barchart-first-58-double-tallest-36,right,tallest,double,single,2026-04-11 18:37:05.1170000
3085,69aa6fa9ac8d4eca02d5dd7b,1087,1,37,barchart-first-42-same-tallest-37,right,tallest,same,single,2026-04-11 18:37:06.8050000
3086,63e5b536fe14fec39a9a9361,7916,1,47,barchart-first-90-same-tallest-47,right,tallest,same,single,2026-04-11 18:37:08.0550000
3087,69aa6fa9ac8d4eca02d5dd7b,826,1,38,barchart-first-69-random-tallest-38,left,tallest,random,single,2026-04-11 18:37:08.2280000
3088,673e5b754122ce32036dc8ef,2726,1,2,barchart-first-71-double-shortest-2,left,shortest,double,single,2026-04-11 18:37:08.8220000
3089,69aa6fa9ac8d4eca02d5dd7b,887,1,39,barchart-first-22-double-tallest-39,left,tallest,double,single,2026-04-11 18:37:09.6930000
3090,69aa6fa9ac8d4eca02d5dd7b,794,1,40,barchart-first-86-same-tallest-40,left,tallest,same,single,2026-04-11 18:37:11.0840000
3091,673e5b754122ce32036dc8ef,3451,1,3,barchart-first-28-random-shortest-3,right,shortest,random,single,2026-04-11 18:37:12.9100000
3092,69aa6fa9ac8d4eca02d5dd7b,1019,1,41,barchart-first-63-double-tallest-41,left,tallest,double,single,2026-04-11 18:37:12.6930000
3093,69aa6fa9ac8d4eca02d5dd7b,938,1,42,barchart-first-93-random-tallest-42,left,tallest,random,single,2026-04-11 18:37:14.2200000
3094,69aa6fa9ac8d4eca02d5dd7b,1130,1,43,barchart-first-37-same-tallest-43,left,tallest,same,single,2026-04-11 18:37:15.9640000
3095,673e5b754122ce32036dc8ef,2792,1,4,barchart-first-27-same-shortest-4,left,shortest,same,single,2026-04-11 18:37:16.3160000
3096,69aa6fa9ac8d4eca02d5dd7b,957,1,44,barchart-first-08-double-tallest-44,left,tallest,double,single,2026-04-11 18:37:17.5880000
3097,673e5b754122ce32036dc8ef,1823,0,5,barchart-first-70-same-shortest-5,left,shortest,same,single,2026-04-11 18:37:18.7800000
3098,69aa6fa9ac8d4eca02d5dd7b,1027,1,45,barchart-first-19-same-tallest-45,left,tallest,same,single,2026-04-11 18:37:19.2210000
3099,69aa6fa9ac8d4eca02d5dd7b,1027,1,46,barchart-first-11-same-tallest-46,left,tallest,same,single,2026-04-11 18:37:20.8690000
3100,673e5b754122ce32036dc8ef,2096,1,6,barchart-first-79-double-shortest-6,right,shortest,double,single,2026-04-11 18:37:22.5400000
3101,69aa6fa9ac8d4eca02d5dd7b,1079,1,47,barchart-first-30-same-tallest-47,left,tallest,same,single,2026-04-11 18:37:22.5790000
3102,673e5b754122ce32036dc8ef,3249,1,7,barchart-first-61-random-shortest-7,left,shortest,random,single,2026-04-11 18:37:26.4210000
3103,673e5b754122ce32036dc8ef,3374,1,8,barchart-first-26-double-shortest-8,left,shortest,double,single,2026-04-11 18:37:30.4370000
3104,673e5b754122ce32036dc8ef,1772,1,9,barchart-first-08-double-shortest-9,left,shortest,double,single,2026-04-11 18:37:32.8280000
3105,673e5b754122ce32036dc8ef,1701,1,10,barchart-first-73-same-shortest-10,left,shortest,same,single,2026-04-11 18:37:35.1470000
3106,673e5b754122ce32036dc8ef,3375,1,11,barchart-first-54-same-shortest-11,left,shortest,same,single,2026-04-11 18:37:39.1390000
3107,673e5b754122ce32036dc8ef,1835,1,12,barchart-first-06-double-shortest-12,right,shortest,double,single,2026-04-11 18:37:41.6440000
3108,673e5b754122ce32036dc8ef,2450,1,13,barchart-first-09-random-shortest-13,left,shortest,random,single,2026-04-11 18:37:44.7080000
3109,673e5b754122ce32036dc8ef,2220,1,14,barchart-first-55-double-shortest-14,left,shortest,double,single,2026-04-11 18:37:47.5460000
3110,673e5b754122ce32036dc8ef,2662,1,15,barchart-first-66-random-shortest-15,left,shortest,random,single,2026-04-11 18:37:50.8130000
3111,673e5b754122ce32036dc8ef,1476,1,16,barchart-first-59-same-shortest-16,left,shortest,same,single,2026-04-11 18:37:52.9320000
3112,673e5b754122ce32036dc8ef,2962,1,17,barchart-first-19-random-shortest-17,left,shortest,random,single,2026-04-11 18:37:56.5000000
3113,673e5b754122ce32036dc8ef,1478,1,18,barchart-first-95-double-shortest-18,left,shortest,double,single,2026-04-11 18:37:58.5800000
3114,69aa6fa9ac8d4eca02d5dd7b,2173,1,48,barchart-second-70-same-shortest-0,right,shortest,same,single,2026-04-11 18:38:00.5900000
3115,673e5b754122ce32036dc8ef,3055,1,19,barchart-first-00-double-shortest-19,left,shortest,double,single,2026-04-11 18:38:02.2690000
3116,69aa6fa9ac8d4eca02d5dd7b,1447,1,49,barchart-second-15-same-shortest-1,right,shortest,same,single,2026-04-11 18:38:02.6290000
3117,69aa6fa9ac8d4eca02d5dd7b,1263,1,50,barchart-second-46-same-shortest-2,left,shortest,same,single,2026-04-11 18:38:04.4940000
3118,673e5b754122ce32036dc8ef,2031,1,20,barchart-first-24-same-shortest-20,left,shortest,same,single,2026-04-11 18:38:04.9380000
3119,69aa6fa9ac8d4eca02d5dd7b,758,1,51,barchart-second-73-double-shortest-3,left,shortest,double,single,2026-04-11 18:38:05.8610000
3120,673e5b754122ce32036dc8ef,1863,1,21,barchart-first-50-random-shortest-21,right,shortest,random,single,2026-04-11 18:38:07.4040000
3121,69aa6fa9ac8d4eca02d5dd7b,956,1,52,barchart-second-33-double-shortest-4,right,shortest,double,single,2026-04-11 18:38:07.4460000
3122,673e5b754122ce32036dc8ef,1891,1,22,barchart-first-78-random-shortest-22,right,shortest,random,single,2026-04-11 18:38:09.9080000
3123,69aa6fa9ac8d4eca02d5dd7b,1856,1,53,barchart-second-36-same-shortest-5,left,shortest,same,single,2026-04-11 18:38:09.9010000
3124,69aa6fa9ac8d4eca02d5dd7b,922,1,54,barchart-second-49-random-shortest-6,right,shortest,random,single,2026-04-11 18:38:11.4610000
3125,673e5b754122ce32036dc8ef,2450,1,23,barchart-first-44-random-shortest-23,left,shortest,random,single,2026-04-11 18:38:12.9560000
3126,69aa6fa9ac8d4eca02d5dd7b,1085,1,55,barchart-second-72-random-shortest-7,right,shortest,random,single,2026-04-11 18:38:13.1810000
3127,69aa6fa9ac8d4eca02d5dd7b,1300,1,56,barchart-second-47-double-shortest-8,left,shortest,double,single,2026-04-11 18:38:15.1250000
3128,69aa6fa9ac8d4eca02d5dd7b,875,1,57,barchart-second-26-double-shortest-9,left,shortest,double,single,2026-04-11 18:38:16.6120000
3129,69aa6fa9ac8d4eca02d5dd7b,804,1,58,barchart-second-71-same-shortest-10,left,shortest,same,single,2026-04-11 18:38:18.0200000
3130,69aa6fa9ac8d4eca02d5dd7b,916,1,59,barchart-second-16-double-shortest-11,right,shortest,double,single,2026-04-11 18:38:19.5560000
3131,69aa6fa9ac8d4eca02d5dd7b,798,1,60,barchart-second-64-double-shortest-12,left,shortest,double,single,2026-04-11 18:38:20.9790000
3132,69aa6fa9ac8d4eca02d5dd7b,1569,1,61,barchart-second-65-random-shortest-13,right,shortest,random,single,2026-04-11 18:38:23.1560000
3133,69aa6fa9ac8d4eca02d5dd7b,944,1,62,barchart-second-91-same-shortest-14,right,shortest,same,single,2026-04-11 18:38:24.7070000
3134,69aa6fa9ac8d4eca02d5dd7b,1052,1,63,barchart-second-14-same-shortest-15,right,shortest,same,single,2026-04-11 18:38:26.3630000
3135,69aa6fa9ac8d4eca02d5dd7b,747,1,64,barchart-second-27-random-shortest-16,left,shortest,random,single,2026-04-11 18:38:27.6890000
3136,69aa6fa9ac8d4eca02d5dd7b,952,1,65,barchart-second-48-double-shortest-17,right,shortest,double,single,2026-04-11 18:38:29.2430000
3137,69aa6fa9ac8d4eca02d5dd7b,916,1,66,barchart-second-20-random-shortest-18,left,shortest,random,single,2026-04-11 18:38:30.7630000
3138,69aa6fa9ac8d4eca02d5dd7b,901,1,67,barchart-second-51-double-shortest-19,right,shortest,double,single,2026-04-11 18:38:32.2650000
3139,69aa6fa9ac8d4eca02d5dd7b,1088,1,68,barchart-second-06-random-shortest-20,right,shortest,random,single,2026-04-11 18:38:33.9460000
3140,69aa6fa9ac8d4eca02d5dd7b,894,1,69,barchart-second-35-double-shortest-21,left,shortest,double,single,2026-04-11 18:38:35.4420000
3141,69aa6fa9ac8d4eca02d5dd7b,795,1,70,barchart-second-53-same-shortest-22,right,shortest,same,single,2026-04-11 18:38:36.8510000
3142,69aa6fa9ac8d4eca02d5dd7b,1029,1,71,barchart-second-25-random-shortest-23,left,shortest,random,single,2026-04-11 18:38:38.4810000
3143,69aa6fa9ac8d4eca02d5dd7b,1039,1,72,barchart-second-02-double-shortest-24,right,shortest,double,single,2026-04-11 18:38:42.7360000
3144,69aa6fa9ac8d4eca02d5dd7b,778,1,73,barchart-second-05-random-shortest-25,right,shortest,random,single,2026-04-11 18:38:44.1050000
3145,69aa6fa9ac8d4eca02d5dd7b,1186,1,74,barchart-second-85-random-shortest-26,left,shortest,random,single,2026-04-11 18:38:45.8960000
3146,69aa6fa9ac8d4eca02d5dd7b,885,1,75,barchart-second-18-double-shortest-27,right,shortest,double,single,2026-04-11 18:38:47.3680000
3147,69aa6fa9ac8d4eca02d5dd7b,1194,1,76,barchart-second-23-random-shortest-28,right,shortest,random,single,2026-04-11 18:38:49.1670000
3148,69aa6fa9ac8d4eca02d5dd7b,1130,1,77,barchart-second-29-double-shortest-29,right,shortest,double,single,2026-04-11 18:38:50.9030000
3149,69aa6fa9ac8d4eca02d5dd7b,1949,1,78,barchart-second-07-double-shortest-30,left,shortest,double,single,2026-04-11 18:38:53.4550000
3150,69aa6fa9ac8d4eca02d5dd7b,1022,1,79,barchart-second-75-same-shortest-31,left,shortest,same,single,2026-04-11 18:38:55.0780000
3151,69aa6fa9ac8d4eca02d5dd7b,986,1,80,barchart-second-34-double-shortest-32,left,shortest,double,single,2026-04-11 18:38:56.6620000
3152,69aa6fa9ac8d4eca02d5dd7b,838,1,81,barchart-second-43-random-shortest-33,left,shortest,random,single,2026-04-11 18:38:58.0860000
3153,69aa6fa9ac8d4eca02d5dd7b,846,1,82,barchart-second-52-same-shortest-34,right,shortest,same,single,2026-04-11 18:38:59.5270000
3154,69aa6fa9ac8d4eca02d5dd7b,1208,1,83,barchart-second-84-same-shortest-35,right,shortest,same,single,2026-04-11 18:39:01.3410000
3155,69aa6fa9ac8d4eca02d5dd7b,1214,1,84,barchart-second-01-random-shortest-36,right,shortest,random,single,2026-04-11 18:39:03.1580000
3156,69aa6fa9ac8d4eca02d5dd7b,952,1,85,barchart-second-00-same-shortest-37,left,shortest,same,single,2026-04-11 18:39:04.7090000
3157,69aa6fa9ac8d4eca02d5dd7b,1286,1,86,barchart-second-67-same-shortest-38,left,shortest,same,single,2026-04-11 18:39:06.5900000
3158,673e5b754122ce32036dc8ef,2453,1,24,barchart-first-64-double-shortest-24,left,shortest,double,single,2026-04-11 18:39:07.7220000
3159,69aa6fa9ac8d4eca02d5dd7b,1025,1,87,barchart-second-60-same-shortest-39,right,shortest,same,single,2026-04-11 18:39:08.2150000
3160,69aa6fa9ac8d4eca02d5dd7b,862,1,88,barchart-second-44-double-shortest-40,left,shortest,double,single,2026-04-11 18:39:09.7090000
3161,673e5b754122ce32036dc8ef,1907,1,25,barchart-first-37-same-shortest-25,left,shortest,same,single,2026-04-11 18:39:10.2340000
3162,69aa6fa9ac8d4eca02d5dd7b,1062,1,89,barchart-second-31-double-shortest-41,right,shortest,double,single,2026-04-11 18:39:11.3650000
3163,673e5b754122ce32036dc8ef,1808,1,26,barchart-first-15-same-shortest-26,right,shortest,same,single,2026-04-11 18:39:12.6660000
3164,69aa6fa9ac8d4eca02d5dd7b,1517,1,90,barchart-second-56-same-shortest-42,left,shortest,same,single,2026-04-11 18:39:13.4930000
3165,673e5b754122ce32036dc8ef,1395,1,27,barchart-first-16-random-shortest-27,right,shortest,random,single,2026-04-11 18:39:14.7040000
3166,69aa6fa9ac8d4eca02d5dd7b,2297,1,91,barchart-second-12-random-shortest-43,left,shortest,random,single,2026-04-11 18:39:16.3880000
3167,673e5b754122ce32036dc8ef,1443,1,28,barchart-first-69-double-shortest-28,right,shortest,double,single,2026-04-11 18:39:16.7620000
3168,69aa6fa9ac8d4eca02d5dd7b,929,1,92,barchart-second-80-random-shortest-44,left,shortest,random,single,2026-04-11 18:39:17.9240000
3169,673e5b754122ce32036dc8ef,1227,1,29,barchart-first-01-same-shortest-29,right,shortest,same,single,2026-04-11 18:39:18.5940000
3170,69aa6fa9ac8d4eca02d5dd7b,1338,1,93,barchart-second-87-random-shortest-45,left,shortest,random,single,2026-04-11 18:39:19.8520000
3171,673e5b754122ce32036dc8ef,1060,1,30,barchart-first-91-same-shortest-30,right,shortest,same,single,2026-04-11 18:39:20.2820000
3172,673e5b754122ce32036dc8ef,1329,1,31,barchart-first-49-double-shortest-31,right,shortest,double,single,2026-04-11 18:39:22.2090000
3173,69aa6fa9ac8d4eca02d5dd7b,1520,1,94,barchart-second-54-same-shortest-46,left,shortest,same,single,2026-04-11 18:39:21.9970000
3174,69aa6fa9ac8d4eca02d5dd7b,1394,1,95,barchart-second-17-random-shortest-47,right,shortest,random,single,2026-04-11 18:39:23.9950000
3175,673e5b754122ce32036dc8ef,2476,1,32,barchart-first-86-double-shortest-32,right,shortest,double,single,2026-04-11 18:39:25.2820000
3176,673e5b754122ce32036dc8ef,1738,1,33,barchart-first-93-random-shortest-33,right,shortest,random,single,2026-04-11 18:39:27.6160000
3177,673e5b754122ce32036dc8ef,1226,1,34,barchart-first-56-random-shortest-34,left,shortest,random,single,2026-04-11 18:39:29.4660000
3178,673e5b754122ce32036dc8ef,1806,1,35,barchart-first-41-double-shortest-35,right,shortest,double,single,2026-04-11 18:39:31.8980000
3179,673e5b754122ce32036dc8ef,1367,1,36,barchart-first-10-same-shortest-36,left,shortest,same,single,2026-04-11 18:39:33.8820000
3180,673e5b754122ce32036dc8ef,1959,1,37,barchart-first-58-double-shortest-37,left,shortest,double,single,2026-04-11 18:39:36.4500000
3181,673e5b754122ce32036dc8ef,1570,1,38,barchart-first-60-random-shortest-38,right,shortest,random,single,2026-04-11 18:39:38.6800000
3182,673e5b754122ce32036dc8ef,1589,1,39,barchart-first-33-random-shortest-39,right,shortest,random,single,2026-04-11 18:39:40.8820000
3183,673e5b754122ce32036dc8ef,1148,0,40,barchart-first-21-same-shortest-40,left,shortest,same,single,2026-04-11 18:39:42.6500000
3184,673e5b754122ce32036dc8ef,1385,0,41,barchart-first-13-random-shortest-41,right,shortest,random,single,2026-04-11 18:39:45.6730000
3185,673e5b754122ce32036dc8ef,1336,1,42,barchart-first-20-random-shortest-42,left,shortest,random,single,2026-04-11 18:39:48.6660000
3186,673e5b754122ce32036dc8ef,1203,1,43,barchart-first-63-same-shortest-43,right,shortest,same,single,2026-04-11 18:39:50.4740000
3187,699f277cf14210e6de23fe23,2668,1,0,barchart-first-44-random-shortest-0,left,shortest,random,single,2026-04-11 18:39:50.8360000
3188,673e5b754122ce32036dc8ef,1099,1,44,barchart-first-04-same-shortest-44,left,shortest,same,single,2026-04-11 18:39:52.1780000
3189,699f277cf14210e6de23fe23,1382,1,1,barchart-first-87-same-shortest-1,left,shortest,same,single,2026-04-11 18:39:52.8110000
3190,673e5b754122ce32036dc8ef,1269,1,45,barchart-first-02-same-shortest-45,right,shortest,same,single,2026-04-11 18:39:54.0500000
3191,699f277cf14210e6de23fe23,1352,1,2,barchart-first-80-random-shortest-2,left,shortest,random,single,2026-04-11 18:39:54.7440000
3192,699f277cf14210e6de23fe23,1388,1,3,barchart-first-49-double-shortest-3,right,shortest,double,single,2026-04-11 18:39:56.7780000
3193,673e5b754122ce32036dc8ef,2871,1,46,barchart-first-89-random-shortest-46,right,shortest,random,single,2026-04-11 18:39:57.5300000
3194,673e5b754122ce32036dc8ef,1063,0,47,barchart-first-82-double-shortest-47,left,shortest,double,single,2026-04-11 18:39:59.2090000
3195,699f277cf14210e6de23fe23,1623,1,4,barchart-first-63-double-shortest-4,right,shortest,double,single,2026-04-11 18:39:58.9850000
3196,699f277cf14210e6de23fe23,973,1,5,barchart-first-08-double-shortest-5,left,shortest,double,single,2026-04-11 18:40:00.5640000
3197,699f277cf14210e6de23fe23,1407,1,6,barchart-first-02-random-shortest-6,right,shortest,random,single,2026-04-11 18:40:02.5490000
3198,699f277cf14210e6de23fe23,1690,1,7,barchart-first-94-double-shortest-7,right,shortest,double,single,2026-04-11 18:40:04.8140000
3199,699f277cf14210e6de23fe23,1208,1,8,barchart-first-71-double-shortest-8,left,shortest,double,single,2026-04-11 18:40:06.6340000
3200,699f277cf14210e6de23fe23,1626,1,9,barchart-first-55-random-shortest-9,left,shortest,random,single,2026-04-11 18:40:08.8340000
3201,699f277cf14210e6de23fe23,2005,1,10,barchart-first-38-double-shortest-10,left,shortest,double,single,2026-04-11 18:40:11.4040000
3202,699f277cf14210e6de23fe23,1154,1,11,barchart-first-48-same-shortest-11,right,shortest,same,single,2026-04-11 18:40:13.1410000
3203,699f277cf14210e6de23fe23,1627,1,12,barchart-first-20-same-shortest-12,left,shortest,same,single,2026-04-11 18:40:15.3530000
3204,699f277cf14210e6de23fe23,1691,1,13,barchart-first-66-double-shortest-13,left,shortest,double,single,2026-04-11 18:40:17.6320000
3205,699f277cf14210e6de23fe23,1832,1,14,barchart-first-90-double-shortest-14,left,shortest,double,single,2026-04-11 18:40:20.0610000
3206,699f277cf14210e6de23fe23,2488,1,15,barchart-first-14-same-shortest-15,right,shortest,same,single,2026-04-11 18:40:23.1170000
3207,699f277cf14210e6de23fe23,1386,1,16,barchart-first-69-double-shortest-16,right,shortest,double,single,2026-04-11 18:40:25.1440000
3208,699f277cf14210e6de23fe23,2073,1,17,barchart-first-16-double-shortest-17,right,shortest,double,single,2026-04-11 18:40:27.8090000
3209,699f277cf14210e6de23fe23,1337,1,18,barchart-first-36-double-shortest-18,left,shortest,double,single,2026-04-11 18:40:29.7440000
3210,699f277cf14210e6de23fe23,1237,1,19,barchart-first-62-same-shortest-19,right,shortest,same,single,2026-04-11 18:40:31.5760000
3211,699f277cf14210e6de23fe23,1609,1,20,barchart-first-05-same-shortest-20,right,shortest,same,single,2026-04-11 18:40:33.7590000
3212,699f277cf14210e6de23fe23,959,1,21,barchart-first-21-double-shortest-21,right,shortest,double,single,2026-04-11 18:40:35.2870000
3213,699f277cf14210e6de23fe23,1200,1,22,barchart-first-50-double-shortest-22,right,shortest,double,single,2026-04-11 18:40:37.1400000
3214,673e5b754122ce32036dc8ef,2274,1,48,barchart-second-72-same-tallest-0,left,tallest,same,single,2026-04-11 18:40:38.6880000
3215,699f277cf14210e6de23fe23,1107,1,23,barchart-first-86-same-shortest-23,right,shortest,same,single,2026-04-11 18:40:38.8140000
3216,673e5b754122ce32036dc8ef,1042,1,49,barchart-second-87-random-tallest-1,right,tallest,random,single,2026-04-11 18:40:40.3360000
3217,673e5b754122ce32036dc8ef,1224,1,50,barchart-second-14-double-tallest-2,left,tallest,double,single,2026-04-11 18:40:42.2000000
3218,673e5b754122ce32036dc8ef,1521,1,51,barchart-second-76-same-tallest-3,right,tallest,same,single,2026-04-11 18:40:44.3210000
3219,699f277cf14210e6de23fe23,2202,1,24,barchart-first-57-double-shortest-24,right,shortest,double,single,2026-04-11 18:40:44.9030000
3220,673e5b754122ce32036dc8ef,1620,1,52,barchart-second-77-same-tallest-4,left,tallest,same,single,2026-04-11 18:40:46.5440000
3221,673e5b754122ce32036dc8ef,1253,1,53,barchart-second-46-random-tallest-5,right,tallest,random,single,2026-04-11 18:40:48.3920000
3222,699f277cf14210e6de23fe23,2524,1,25,barchart-first-12-same-shortest-25,left,shortest,same,single,2026-04-11 18:40:48.2280000
3223,673e5b754122ce32036dc8ef,808,1,54,barchart-second-29-random-tallest-6,left,tallest,random,single,2026-04-11 18:40:49.8250000
3224,699f277cf14210e6de23fe23,1805,1,26,barchart-first-58-same-shortest-26,left,shortest,same,single,2026-04-11 18:40:50.6820000
3225,673e5b754122ce32036dc8ef,838,1,55,barchart-second-81-random-tallest-7,left,tallest,random,single,2026-04-11 18:40:51.2800000
3226,673e5b754122ce32036dc8ef,930,1,56,barchart-second-47-same-tallest-8,right,tallest,same,single,2026-04-11 18:40:52.8480000
3227,699f277cf14210e6de23fe23,3052,1,27,barchart-first-24-double-shortest-27,left,shortest,double,single,2026-04-11 18:40:54.3070000
3228,673e5b754122ce32036dc8ef,1213,1,57,barchart-second-39-double-tallest-9,right,tallest,double,single,2026-04-11 18:40:54.6800000
3229,673e5b754122ce32036dc8ef,1205,1,58,barchart-second-34-same-tallest-10,left,tallest,same,single,2026-04-11 18:40:56.4880000
3230,699f277cf14210e6de23fe23,1948,1,28,barchart-first-30-random-shortest-28,right,shortest,random,single,2026-04-11 18:40:56.8740000
3231,673e5b754122ce32036dc8ef,1086,1,59,barchart-second-94-random-tallest-11,right,tallest,random,single,2026-04-11 18:40:58.1990000
3232,699f277cf14210e6de23fe23,1039,1,29,barchart-first-70-random-shortest-29,right,shortest,random,single,2026-04-11 18:40:58.5250000
3233,673e5b754122ce32036dc8ef,984,1,60,barchart-second-83-random-tallest-12,left,tallest,random,single,2026-04-11 18:40:59.7980000
3234,699f277cf14210e6de23fe23,1351,1,30,barchart-first-84-same-shortest-30,right,shortest,same,single,2026-04-11 18:41:00.4520000
3235,673e5b754122ce32036dc8ef,923,1,61,barchart-second-85-double-tallest-13,left,tallest,double,single,2026-04-11 18:41:01.3370000
3236,673e5b754122ce32036dc8ef,767,1,62,barchart-second-11-double-tallest-14,left,tallest,double,single,2026-04-11 18:41:02.7120000
3237,699f277cf14210e6de23fe23,2255,1,31,barchart-first-85-same-shortest-31,left,shortest,same,single,2026-04-11 18:41:03.2850000
3238,673e5b754122ce32036dc8ef,1072,1,63,barchart-second-88-same-tallest-15,right,tallest,same,single,2026-04-11 18:41:04.3920000
3239,699f277cf14210e6de23fe23,1011,1,32,barchart-first-42-random-shortest-32,right,shortest,random,single,2026-04-11 18:41:04.8860000
3240,673e5b754122ce32036dc8ef,908,1,64,barchart-second-31-random-tallest-16,left,tallest,random,single,2026-04-11 18:41:05.9090000
3241,673e5b754122ce32036dc8ef,715,1,65,barchart-second-75-random-tallest-17,left,tallest,random,single,2026-04-11 18:41:07.2710000
3242,699f277cf14210e6de23fe23,1565,1,33,barchart-first-35-same-shortest-33,left,shortest,same,single,2026-04-11 18:41:07.0270000
3243,673e5b754122ce32036dc8ef,1085,1,66,barchart-second-23-same-tallest-18,left,tallest,same,single,2026-04-11 18:41:08.9990000
3244,699f277cf14210e6de23fe23,1250,1,34,barchart-first-75-random-shortest-34,left,shortest,random,single,2026-04-11 18:41:08.8640000
3245,699f277cf14210e6de23fe23,2075,1,35,barchart-first-93-same-shortest-35,right,shortest,same,single,2026-04-11 18:41:11.5200000
3246,673e5b754122ce32036dc8ef,2523,1,67,barchart-second-25-double-tallest-19,right,tallest,double,single,2026-04-11 18:41:12.1350000
3247,699f277cf14210e6de23fe23,1125,1,36,barchart-first-11-random-shortest-36,right,shortest,random,single,2026-04-11 18:41:13.2840000
3248,673e5b754122ce32036dc8ef,1297,1,68,barchart-second-74-same-tallest-20,right,tallest,same,single,2026-04-11 18:41:14.0710000
3249,673e5b754122ce32036dc8ef,1028,1,69,barchart-second-17-same-tallest-21,right,tallest,same,single,2026-04-11 18:41:15.7190000
3250,699f277cf14210e6de23fe23,1399,1,37,barchart-first-15-random-shortest-37,right,shortest,random,single,2026-04-11 18:41:15.3590000
3251,673e5b754122ce32036dc8ef,1222,1,70,barchart-second-48-same-tallest-22,right,tallest,same,single,2026-04-11 18:41:17.5590000
3252,699f277cf14210e6de23fe23,2594,1,38,barchart-first-46-same-shortest-38,left,shortest,same,single,2026-04-11 18:41:18.5340000
3253,673e5b754122ce32036dc8ef,1076,1,71,barchart-second-51-same-tallest-23,left,tallest,same,single,2026-04-11 18:41:19.2460000
3254,699f277cf14210e6de23fe23,1496,1,39,barchart-first-81-same-shortest-39,left,shortest,same,single,2026-04-11 18:41:20.6150000
3255,63e5b536fe14fec39a9a9361,4566,1,48,barchart-second-86-random-shortest-0,right,shortest,random,single,2026-04-11 18:41:21.7660000
3256,699f277cf14210e6de23fe23,2510,1,40,barchart-first-37-random-shortest-40,left,shortest,random,single,2026-04-11 18:41:23.7750000
3257,673e5b754122ce32036dc8ef,1976,1,72,barchart-second-18-same-tallest-24,right,tallest,same,single,2026-04-11 18:41:25.3350000
3258,63e5b536fe14fec39a9a9361,3016,1,49,barchart-second-66-double-shortest-1,left,shortest,double,single,2026-04-11 18:41:25.3750000
3259,699f277cf14210e6de23fe23,1788,1,41,barchart-first-73-random-shortest-41,left,shortest,random,single,2026-04-11 18:41:26.1430000
3260,673e5b754122ce32036dc8ef,658,1,73,barchart-second-12-double-tallest-25,left,tallest,double,single,2026-04-11 18:41:26.5740000
3261,673e5b754122ce32036dc8ef,936,1,74,barchart-second-32-random-tallest-26,right,tallest,random,single,2026-04-11 18:41:28.1430000
3262,699f277cf14210e6de23fe23,1372,1,42,barchart-first-54-random-shortest-42,left,shortest,random,single,2026-04-11 18:41:28.2060000
3263,63e5b536fe14fec39a9a9361,2661,1,50,barchart-second-44-same-shortest-2,left,shortest,same,single,2026-04-11 18:41:28.7040000
3264,673e5b754122ce32036dc8ef,1033,1,75,barchart-second-30-random-tallest-27,left,tallest,random,single,2026-04-11 18:41:29.8390000
3265,673e5b754122ce32036dc8ef,767,1,76,barchart-second-38-random-tallest-28,right,tallest,random,single,2026-04-11 18:41:31.2220000
3266,699f277cf14210e6de23fe23,2262,1,43,barchart-first-07-double-shortest-43,left,shortest,double,single,2026-04-11 18:41:31.0450000
3267,63e5b536fe14fec39a9a9361,2907,1,51,barchart-second-16-double-shortest-3,right,shortest,double,single,2026-04-11 18:41:32.2120000
3268,673e5b754122ce32036dc8ef,519,1,77,barchart-second-07-random-tallest-29,left,tallest,random,single,2026-04-11 18:41:32.3830000
3269,673e5b754122ce32036dc8ef,545,1,78,barchart-second-43-double-tallest-30,right,tallest,double,single,2026-04-11 18:41:33.5270000
3270,673e5b754122ce32036dc8ef,637,1,79,barchart-second-57-random-tallest-31,left,tallest,random,single,2026-04-11 18:41:34.7980000
3271,63e5b536fe14fec39a9a9361,2066,1,52,barchart-second-02-random-shortest-4,right,shortest,random,single,2026-04-11 18:41:34.8840000
3272,699f277cf14210e6de23fe23,3253,1,44,barchart-first-26-random-shortest-44,left,shortest,random,single,2026-04-11 18:41:34.8900000
3273,673e5b754122ce32036dc8ef,990,1,80,barchart-second-42-double-tallest-32,right,tallest,double,single,2026-04-11 18:41:36.4470000
3274,699f277cf14210e6de23fe23,1057,1,45,barchart-first-31-random-shortest-45,right,shortest,random,single,2026-04-11 18:41:36.5680000
3275,63e5b536fe14fec39a9a9361,2372,1,53,barchart-second-01-double-shortest-5,right,shortest,double,single,2026-04-11 18:41:37.9630000
3276,699f277cf14210e6de23fe23,898,1,46,barchart-first-01-same-shortest-46,right,shortest,same,single,2026-04-11 18:41:38.0730000
3277,673e5b754122ce32036dc8ef,1969,1,81,barchart-second-40-double-tallest-33,left,tallest,double,single,2026-04-11 18:41:39.0830000
3278,673e5b754122ce32036dc8ef,1365,1,82,barchart-second-62-random-tallest-34,right,tallest,random,single,2026-04-11 18:41:41.0470000
3279,63e5b536fe14fec39a9a9361,2256,1,54,barchart-second-72-same-shortest-6,right,shortest,same,single,2026-04-11 18:41:41.3150000
3280,699f277cf14210e6de23fe23,3302,1,47,barchart-first-60-random-shortest-47,right,shortest,random,single,2026-04-11 18:41:41.9540000
3281,673e5b754122ce32036dc8ef,1098,1,83,barchart-second-92-same-tallest-35,right,tallest,same,single,2026-04-11 18:41:42.7910000
3282,63e5b536fe14fec39a9a9361,2317,1,55,barchart-second-11-random-shortest-7,right,shortest,random,single,2026-04-11 18:41:44.2520000
3283,673e5b754122ce32036dc8ef,1553,1,84,barchart-second-84-double-tallest-36,right,tallest,double,single,2026-04-11 18:41:44.9990000
3284,673e5b754122ce32036dc8ef,948,1,85,barchart-second-03-double-tallest-37,right,tallest,double,single,2026-04-11 18:41:46.5430000
3285,63e5b536fe14fec39a9a9361,1975,1,56,barchart-second-57-random-shortest-8,right,shortest,random,single,2026-04-11 18:41:46.8190000
3286,673e5b754122ce32036dc8ef,795,1,86,barchart-second-35-same-tallest-38,left,tallest,same,single,2026-04-11 18:41:47.9570000
3287,63e5b536fe14fec39a9a9361,1829,1,57,barchart-second-79-same-shortest-9,right,shortest,same,single,2026-04-11 18:41:49.2510000
3288,673e5b754122ce32036dc8ef,911,0,87,barchart-second-53-double-tallest-39,right,tallest,double,single,2026-04-11 18:41:49.4870000
3289,673e5b754122ce32036dc8ef,1120,1,88,barchart-second-90-random-tallest-40,right,tallest,random,single,2026-04-11 18:41:52.2310000
3290,63e5b536fe14fec39a9a9361,3440,1,58,barchart-second-42-random-shortest-10,right,shortest,random,single,2026-04-11 18:41:53.2850000
3291,673e5b754122ce32036dc8ef,730,1,89,barchart-second-80-same-tallest-41,left,tallest,same,single,2026-04-11 18:41:53.5750000
3292,673e5b754122ce32036dc8ef,820,1,90,barchart-second-36-double-tallest-42,left,tallest,double,single,2026-04-11 18:41:55.0150000
3293,63e5b536fe14fec39a9a9361,2623,1,59,barchart-second-47-same-shortest-11,left,shortest,same,single,2026-04-11 18:41:56.5060000
3294,673e5b754122ce32036dc8ef,988,1,91,barchart-second-22-same-tallest-43,left,tallest,same,single,2026-04-11 18:41:56.6300000
3295,63e5b536fe14fec39a9a9361,61,1,60,barchart-second-43-double-shortest-12,left,shortest,double,single,2026-04-11 18:41:57.1710000
3296,63e5b536fe14fec39a9a9361,68,1,61,barchart-second-76-double-shortest-13,left,shortest,double,single,2026-04-11 18:41:57.8420000
3297,673e5b754122ce32036dc8ef,1437,1,92,barchart-second-67-double-tallest-44,right,tallest,double,single,2026-04-11 18:41:58.6950000
3298,673e5b754122ce32036dc8ef,790,1,93,barchart-second-68-random-tallest-45,right,tallest,random,single,2026-04-11 18:42:00.1020000
3299,63e5b536fe14fec39a9a9361,2860,1,62,barchart-second-20-random-shortest-14,left,shortest,random,single,2026-04-11 18:42:01.3780000
3300,673e5b754122ce32036dc8ef,1252,1,94,barchart-second-65-double-tallest-46,right,tallest,double,single,2026-04-11 18:42:01.9750000
3301,673e5b754122ce32036dc8ef,1604,1,95,barchart-second-45-double-tallest-47,left,tallest,double,single,2026-04-11 18:42:04.1900000
3302,63e5b536fe14fec39a9a9361,2239,1,63,barchart-second-26-random-shortest-15,left,shortest,random,single,2026-04-11 18:42:04.2170000
3303,63e5b536fe14fec39a9a9361,1883,1,64,barchart-second-93-same-shortest-16,right,shortest,same,single,2026-04-11 18:42:06.6980000
3304,63e5b536fe14fec39a9a9361,2083,1,65,barchart-second-37-double-shortest-17,left,shortest,double,single,2026-04-11 18:42:09.3780000
3305,699f277cf14210e6de23fe23,1620,1,48,barchart-second-22-same-tallest-0,left,tallest,same,single,2026-04-11 18:43:09.5020000
3306,699f277cf14210e6de23fe23,889,1,49,barchart-second-76-random-tallest-1,right,tallest,random,single,2026-04-11 18:43:10.9920000
3307,699f277cf14210e6de23fe23,872,1,50,barchart-second-45-random-tallest-2,left,tallest,random,single,2026-04-11 18:43:12.4610000
3308,699f277cf14210e6de23fe23,937,1,51,barchart-second-67-double-tallest-3,right,tallest,double,single,2026-04-11 18:43:13.9740000
3309,699f277cf14210e6de23fe23,746,1,52,barchart-second-65-double-tallest-4,right,tallest,double,single,2026-04-11 18:43:15.3050000
3310,699f277cf14210e6de23fe23,1011,1,53,barchart-second-09-random-tallest-5,right,tallest,random,single,2026-04-11 18:43:16.9160000
3311,63e5b536fe14fec39a9a9361,68277,1,66,barchart-second-49-same-shortest-18,right,shortest,same,single,2026-04-11 18:43:18.2680000
3312,699f277cf14210e6de23fe23,937,1,54,barchart-second-32-double-tallest-6,right,tallest,double,single,2026-04-11 18:43:18.4960000
3313,699f277cf14210e6de23fe23,1237,1,55,barchart-second-40-double-tallest-7,left,tallest,double,single,2026-04-11 18:43:20.3100000
3314,63e5b536fe14fec39a9a9361,3003,1,67,barchart-second-36-same-shortest-19,left,shortest,same,single,2026-04-11 18:43:21.8690000
3315,699f277cf14210e6de23fe23,1670,1,56,barchart-second-95-double-tallest-8,right,tallest,double,single,2026-04-11 18:43:22.5540000
3316,63e5b536fe14fec39a9a9361,1959,1,68,barchart-second-22-double-shortest-20,right,shortest,double,single,2026-04-11 18:43:24.4200000
3317,699f277cf14210e6de23fe23,964,1,57,barchart-second-61-same-tallest-9,left,tallest,same,single,2026-04-11 18:43:24.1100000
3318,699f277cf14210e6de23fe23,2007,1,58,barchart-second-72-same-tallest-10,left,tallest,same,single,2026-04-11 18:43:26.7180000
3319,63e5b536fe14fec39a9a9361,2626,1,69,barchart-second-24-same-shortest-21,left,shortest,same,single,2026-04-11 18:43:27.6470000
3320,699f277cf14210e6de23fe23,1090,1,59,barchart-second-51-double-tallest-11,left,tallest,double,single,2026-04-11 18:43:28.3790000
3321,63e5b536fe14fec39a9a9361,2347,1,70,barchart-second-64-random-shortest-22,left,shortest,random,single,2026-04-11 18:43:30.5950000
3322,699f277cf14210e6de23fe23,2170,1,60,barchart-second-52-double-tallest-12,right,tallest,double,single,2026-04-11 18:43:31.1690000
3323,699f277cf14210e6de23fe23,739,1,61,barchart-second-92-random-tallest-13,right,tallest,random,single,2026-04-11 18:43:32.5020000
3324,63e5b536fe14fec39a9a9361,2920,1,71,barchart-second-18-double-shortest-23,right,shortest,double,single,2026-04-11 18:43:34.1220000
3325,699f277cf14210e6de23fe23,1269,1,62,barchart-second-78-random-tallest-14,left,tallest,random,single,2026-04-11 18:43:34.3630000
3326,699f277cf14210e6de23fe23,1413,1,63,barchart-second-82-double-tallest-15,left,tallest,double,single,2026-04-11 18:43:36.3960000
3327,699f277cf14210e6de23fe23,1510,1,64,barchart-second-19-same-tallest-16,left,tallest,same,single,2026-04-11 18:43:38.5060000
3328,699f277cf14210e6de23fe23,1102,1,65,barchart-second-00-same-tallest-17,left,tallest,same,single,2026-04-11 18:43:40.1740000
3329,699f277cf14210e6de23fe23,1038,1,66,barchart-second-77-double-tallest-18,left,tallest,double,single,2026-04-11 18:43:41.8130000
3330,699f277cf14210e6de23fe23,847,1,67,barchart-second-03-same-tallest-19,right,tallest,same,single,2026-04-11 18:43:43.2590000
3331,669a431df516aa06fd2f355e,1629,1,0,barchart-first-10-random-shortest-0,left,shortest,random,single,2026-04-11 18:43:43.7240000
3332,699f277cf14210e6de23fe23,1050,1,68,barchart-second-34-random-tallest-20,left,tallest,random,single,2026-04-11 18:43:44.9080000
3333,669a431df516aa06fd2f355e,1641,1,1,barchart-first-15-same-shortest-1,right,shortest,same,single,2026-04-11 18:43:45.9600000
3334,699f277cf14210e6de23fe23,730,1,69,barchart-second-18-same-tallest-21,right,tallest,same,single,2026-04-11 18:43:46.2320000
3335,63e5b536fe14fec39a9a9361,2769,1,72,barchart-second-34-random-shortest-24,left,shortest,random,single,2026-04-11 18:43:46.6190000
3336,669a431df516aa06fd2f355e,1817,1,2,barchart-first-61-double-shortest-2,left,shortest,double,single,2026-04-11 18:43:48.3800000
3337,699f277cf14210e6de23fe23,1498,1,70,barchart-second-89-double-tallest-22,left,tallest,double,single,2026-04-11 18:43:48.3060000
3338,63e5b536fe14fec39a9a9361,2467,1,73,barchart-second-83-random-shortest-25,left,shortest,random,single,2026-04-11 18:43:49.6780000
3339,669a431df516aa06fd2f355e,1026,1,3,barchart-first-08-same-shortest-3,left,shortest,same,single,2026-04-11 18:43:50.0040000
3340,699f277cf14210e6de23fe23,977,1,71,barchart-second-29-random-tallest-23,left,tallest,random,single,2026-04-11 18:43:49.9420000
3341,669a431df516aa06fd2f355e,1254,1,4,barchart-first-19-same-shortest-4,left,shortest,same,single,2026-04-11 18:43:51.8600000
3342,669a431df516aa06fd2f355e,962,1,5,barchart-first-41-double-shortest-5,right,shortest,double,single,2026-04-11 18:43:53.4300000
3343,63e5b536fe14fec39a9a9361,3410,1,74,barchart-second-62-random-shortest-26,right,shortest,random,single,2026-04-11 18:43:53.6840000
3344,669a431df516aa06fd2f355e,1602,1,6,barchart-first-59-random-shortest-6,left,shortest,random,single,2026-04-11 18:43:55.6480000
3345,63e5b536fe14fec39a9a9361,2050,1,75,barchart-second-71-same-shortest-27,left,shortest,same,single,2026-04-11 18:43:56.3460000
3346,669a431df516aa06fd2f355e,1508,1,7,barchart-first-76-random-shortest-7,left,shortest,random,single,2026-04-11 18:43:57.7440000
3347,63e5b536fe14fec39a9a9361,2120,1,76,barchart-second-70-double-shortest-28,right,shortest,double,single,2026-04-11 18:43:59.0850000
3348,669a431df516aa06fd2f355e,1366,0,8,barchart-first-91-same-shortest-8,left,shortest,same,single,2026-04-11 18:43:59.7060000
3349,63e5b536fe14fec39a9a9361,2042,1,77,barchart-second-39-same-shortest-29,right,shortest,same,single,2026-04-11 18:44:01.7220000
3350,669a431df516aa06fd2f355e,1064,1,9,barchart-first-03-double-shortest-9,left,shortest,double,single,2026-04-11 18:44:02.3860000
3351,669a431df516aa06fd2f355e,1185,1,10,barchart-first-69-random-shortest-10,right,shortest,random,single,2026-04-11 18:44:04.1830000
3352,63e5b536fe14fec39a9a9361,2430,1,78,barchart-second-77-double-shortest-30,left,shortest,double,single,2026-04-11 18:44:04.8510000
3353,669a431df516aa06fd2f355e,1472,1,11,barchart-first-57-double-shortest-11,right,shortest,double,single,2026-04-11 18:44:06.2620000
3354,63e5b536fe14fec39a9a9361,2077,1,79,barchart-second-80-double-shortest-31,left,shortest,double,single,2026-04-11 18:44:07.5200000
3355,669a431df516aa06fd2f355e,1411,1,12,barchart-first-88-same-shortest-12,left,shortest,same,single,2026-04-11 18:44:08.2750000
3356,669a431df516aa06fd2f355e,1303,1,13,barchart-first-17-same-shortest-13,right,shortest,same,single,2026-04-11 18:44:10.2000000
3357,63e5b536fe14fec39a9a9361,2379,1,80,barchart-second-27-same-shortest-32,left,shortest,same,single,2026-04-11 18:44:10.4930000
3358,669a431df516aa06fd2f355e,1575,1,14,barchart-first-42-random-shortest-14,right,shortest,random,single,2026-04-11 18:44:12.3960000
3359,63e5b536fe14fec39a9a9361,2757,1,81,barchart-second-50-same-shortest-33,right,shortest,same,single,2026-04-11 18:44:13.8580000
3360,669a431df516aa06fd2f355e,1113,1,15,barchart-first-21-double-shortest-15,right,shortest,double,single,2026-04-11 18:44:14.0160000
3361,669a431df516aa06fd2f355e,1445,1,16,barchart-first-68-random-shortest-16,right,shortest,random,single,2026-04-11 18:44:16.0770000
3362,669a431df516aa06fd2f355e,1579,1,17,barchart-first-74-random-shortest-17,left,shortest,random,single,2026-04-11 18:44:18.2590000
3363,63e5b536fe14fec39a9a9361,3872,1,82,barchart-second-91-double-shortest-34,right,shortest,double,single,2026-04-11 18:44:18.3240000
3364,669a431df516aa06fd2f355e,1267,1,18,barchart-first-64-same-shortest-18,left,shortest,same,single,2026-04-11 18:44:20.1320000
3365,63e5b536fe14fec39a9a9361,2815,1,83,barchart-second-04-random-shortest-35,left,shortest,random,single,2026-04-11 18:44:21.7410000
3366,669a431df516aa06fd2f355e,1227,1,19,barchart-first-02-random-shortest-19,right,shortest,random,single,2026-04-11 18:44:21.9510000
3367,669a431df516aa06fd2f355e,1140,1,20,barchart-first-11-random-shortest-20,right,shortest,random,single,2026-04-11 18:44:23.6740000
3368,63e5b536fe14fec39a9a9361,2391,1,84,barchart-second-03-double-shortest-36,left,shortest,double,single,2026-04-11 18:44:24.7280000
3369,669a431df516aa06fd2f355e,899,1,21,barchart-first-00-random-shortest-21,left,shortest,random,single,2026-04-11 18:44:25.1830000
3370,669a431df516aa06fd2f355e,1147,1,22,barchart-first-56-double-shortest-22,left,shortest,double,single,2026-04-11 18:44:26.9270000
3371,669a431df516aa06fd2f355e,1262,1,23,barchart-first-29-double-shortest-23,right,shortest,double,single,2026-04-11 18:44:28.7830000
3372,669a431df516aa06fd2f355e,1553,1,24,barchart-first-80-double-shortest-24,left,shortest,double,single,2026-04-11 18:44:33.7350000
3373,669a431df516aa06fd2f355e,985,1,25,barchart-first-84-double-shortest-25,right,shortest,double,single,2026-04-11 18:44:35.3040000
3374,669a431df516aa06fd2f355e,867,1,26,barchart-first-82-double-shortest-26,right,shortest,double,single,2026-04-11 18:44:36.7700000
3375,669a431df516aa06fd2f355e,776,1,27,barchart-first-66-double-shortest-27,left,shortest,double,single,2026-04-11 18:44:38.1590000
3376,669a431df516aa06fd2f355e,932,1,28,barchart-first-67-double-shortest-28,left,shortest,double,single,2026-04-11 18:44:39.6990000
3377,669a431df516aa06fd2f355e,1349,1,29,barchart-first-48-double-shortest-29,right,shortest,double,single,2026-04-11 18:44:41.6320000
3378,669a431df516aa06fd2f355e,859,1,30,barchart-first-73-same-shortest-30,left,shortest,same,single,2026-04-11 18:44:43.1040000
3379,669a431df516aa06fd2f355e,896,1,31,barchart-first-53-same-shortest-31,right,shortest,same,single,2026-04-11 18:44:44.5970000
3380,669a431df516aa06fd2f355e,749,1,32,barchart-first-34-random-shortest-32,left,shortest,random,single,2026-04-11 18:44:45.9650000
3381,669a431df516aa06fd2f355e,643,1,33,barchart-first-01-double-shortest-33,right,shortest,double,single,2026-04-11 18:44:47.2010000
3382,669a431df516aa06fd2f355e,1057,1,34,barchart-first-72-random-shortest-34,right,shortest,random,single,2026-04-11 18:44:48.8660000
3383,669a431df516aa06fd2f355e,1475,1,35,barchart-first-47-same-shortest-35,left,shortest,same,single,2026-04-11 18:44:50.9380000
3384,63e5b536fe14fec39a9a9361,26113,1,85,barchart-second-30-random-shortest-37,right,shortest,random,single,2026-04-11 18:44:51.4460000
3385,669a431df516aa06fd2f355e,1210,1,36,barchart-first-44-same-shortest-36,left,shortest,same,single,2026-04-11 18:44:52.7580000
3386,669a431df516aa06fd2f355e,1245,1,37,barchart-first-46-random-shortest-37,left,shortest,random,single,2026-04-11 18:44:54.6020000
3387,63e5b536fe14fec39a9a9361,3042,1,86,barchart-second-58-random-shortest-38,left,shortest,random,single,2026-04-11 18:44:55.0880000
3388,669a431df516aa06fd2f355e,1018,1,38,barchart-first-28-same-shortest-38,right,shortest,same,single,2026-04-11 18:44:56.2260000
3389,669a431df516aa06fd2f355e,721,1,39,barchart-first-35-same-shortest-39,left,shortest,same,single,2026-04-11 18:44:57.5450000
3390,699f277cf14210e6de23fe23,1490,1,72,barchart-second-04-same-tallest-24,right,tallest,same,single,2026-04-11 18:44:58.1070000
3391,669a431df516aa06fd2f355e,1198,1,40,barchart-first-37-random-shortest-40,left,shortest,random,single,2026-04-11 18:44:59.3450000
3392,699f277cf14210e6de23fe23,1105,1,73,barchart-second-88-double-tallest-25,right,tallest,double,single,2026-04-11 18:44:59.8200000
3393,669a431df516aa06fd2f355e,1379,1,41,barchart-first-86-same-shortest-41,right,shortest,same,single,2026-04-11 18:45:01.3170000
3394,699f277cf14210e6de23fe23,1178,1,74,barchart-second-91-same-tallest-26,left,tallest,same,single,2026-04-11 18:45:01.5780000
3395,669a431df516aa06fd2f355e,1568,1,42,barchart-first-05-random-shortest-42,right,shortest,random,single,2026-04-11 18:45:03.4890000
3396,699f277cf14210e6de23fe23,1095,1,75,barchart-second-10-random-tallest-27,right,tallest,random,single,2026-04-11 18:45:03.2630000
3397,669a431df516aa06fd2f355e,909,1,43,barchart-first-65-same-shortest-43,right,shortest,same,single,2026-04-11 18:45:04.9900000
3398,699f277cf14210e6de23fe23,1327,1,76,barchart-second-56-double-tallest-28,left,tallest,double,single,2026-04-11 18:45:05.1700000
3399,669a431df516aa06fd2f355e,844,1,44,barchart-first-30-same-shortest-44,right,shortest,same,single,2026-04-11 18:45:06.4370000
3400,699f277cf14210e6de23fe23,1109,1,77,barchart-second-41-same-tallest-29,right,tallest,same,single,2026-04-11 18:45:06.8640000
3401,669a431df516aa06fd2f355e,905,1,45,barchart-first-31-random-shortest-45,right,shortest,random,single,2026-04-11 18:45:07.9490000
3402,699f277cf14210e6de23fe23,1008,1,78,barchart-second-43-same-tallest-30,right,tallest,same,single,2026-04-11 18:45:08.4510000
3403,669a431df516aa06fd2f355e,1104,1,46,barchart-first-54-double-shortest-46,left,shortest,double,single,2026-04-11 18:45:09.6440000
3404,699f277cf14210e6de23fe23,999,1,79,barchart-second-27-double-tallest-31,left,tallest,double,single,2026-04-11 18:45:10.0240000
3405,669a431df516aa06fd2f355e,919,1,47,barchart-first-55-double-shortest-47,left,shortest,double,single,2026-04-11 18:45:11.1720000
3406,699f277cf14210e6de23fe23,1213,1,80,barchart-second-53-same-tallest-32,left,tallest,same,single,2026-04-11 18:45:11.8820000
3407,699f277cf14210e6de23fe23,874,1,81,barchart-second-13-random-tallest-33,left,tallest,random,single,2026-04-11 18:45:13.3340000
3408,699f277cf14210e6de23fe23,706,1,82,barchart-second-83-random-tallest-34,left,tallest,random,single,2026-04-11 18:45:14.6270000
3409,699f277cf14210e6de23fe23,1506,1,83,barchart-second-33-random-tallest-35,left,tallest,random,single,2026-04-11 18:45:16.7130000
3410,699f277cf14210e6de23fe23,870,1,84,barchart-second-59-same-tallest-36,left,tallest,same,single,2026-04-11 18:45:18.2070000
3411,699f277cf14210e6de23fe23,1158,1,85,barchart-second-25-random-tallest-37,right,tallest,random,single,2026-04-11 18:45:20.0330000
3412,699f277cf14210e6de23fe23,945,1,86,barchart-second-47-same-tallest-38,right,tallest,same,single,2026-04-11 18:45:21.5530000
3413,699f277cf14210e6de23fe23,729,1,87,barchart-second-64-double-tallest-39,left,tallest,double,single,2026-04-11 18:45:22.8540000
3414,699f277cf14210e6de23fe23,1385,1,88,barchart-second-23-random-tallest-40,left,tallest,random,single,2026-04-11 18:45:24.8180000
3415,699f277cf14210e6de23fe23,1035,1,89,barchart-second-28-double-tallest-41,right,tallest,double,single,2026-04-11 18:45:26.4640000
3416,699f277cf14210e6de23fe23,1188,1,90,barchart-second-17-random-tallest-42,right,tallest,random,single,2026-04-11 18:45:28.2520000
3417,699f277cf14210e6de23fe23,1011,1,91,barchart-second-68-same-tallest-43,right,tallest,same,single,2026-04-11 18:45:29.8400000
3418,63e5b536fe14fec39a9a9361,35695,1,87,barchart-second-87-same-shortest-39,left,shortest,same,single,2026-04-11 18:45:31.3790000
3419,699f277cf14210e6de23fe23,769,1,92,barchart-second-79-random-tallest-44,right,tallest,random,single,2026-04-11 18:45:31.2020000
3420,699f277cf14210e6de23fe23,1122,1,93,barchart-second-39-random-tallest-45,right,tallest,random,single,2026-04-11 18:45:32.8990000
3421,63e5b536fe14fec39a9a9361,2238,1,88,barchart-second-52-double-shortest-40,right,shortest,double,single,2026-04-11 18:45:34.2190000
3422,699f277cf14210e6de23fe23,1053,1,94,barchart-second-06-same-tallest-46,right,tallest,same,single,2026-04-11 18:45:34.5300000
3423,669a431df516aa06fd2f355e,602,1,48,barchart-second-39-same-tallest-0,right,tallest,same,single,2026-04-11 18:45:35.0780000
3424,669a431df516aa06fd2f355e,522,1,49,barchart-second-14-random-tallest-1,left,tallest,random,single,2026-04-11 18:45:36.1980000
3425,699f277cf14210e6de23fe23,862,1,95,barchart-second-74-double-tallest-47,right,tallest,double,single,2026-04-11 18:45:35.9820000
3426,669a431df516aa06fd2f355e,550,1,50,barchart-second-49-random-tallest-2,left,tallest,random,single,2026-04-11 18:45:37.3510000
3427,63e5b536fe14fec39a9a9361,2708,1,89,barchart-second-23-same-shortest-41,right,shortest,same,single,2026-04-11 18:45:37.5320000
3428,669a431df516aa06fd2f355e,479,1,51,barchart-second-16-double-tallest-3,right,tallest,double,single,2026-04-11 18:45:38.4400000
3429,669a431df516aa06fd2f355e,500,1,52,barchart-second-07-random-tallest-4,left,tallest,random,single,2026-04-11 18:45:39.6210000
3430,63e5b536fe14fec39a9a9361,1815,1,90,barchart-second-60-same-shortest-42,right,shortest,same,single,2026-04-11 18:45:39.9400000
3431,669a431df516aa06fd2f355e,540,1,53,barchart-second-85-same-tallest-5,left,tallest,same,single,2026-04-11 18:45:40.7650000
3432,669a431df516aa06fd2f355e,889,1,54,barchart-second-20-same-tallest-6,right,tallest,same,single,2026-04-11 18:45:42.1610000
3433,698619d6261805d947bdaef1,1320,1,0,barchart-first-66-same-tallest-0,right,tallest,same,single,2026-04-11 18:45:44.0260000
3434,63e5b536fe14fec39a9a9361,2124,1,91,barchart-second-32-random-shortest-43,right,shortest,random,single,2026-04-11 18:45:42.6500000
3435,669a431df516aa06fd2f355e,575,1,55,barchart-second-04-double-tallest-7,right,tallest,double,single,2026-04-11 18:45:43.3710000
3436,698619d6261805d947bdaef1,1350,1,1,barchart-first-83-random-tallest-1,left,tallest,random,single,2026-04-11 18:45:46.3300000
3437,669a431df516aa06fd2f355e,601,1,56,barchart-second-40-same-tallest-8,left,tallest,same,single,2026-04-11 18:45:44.5910000
3438,63e5b536fe14fec39a9a9361,1939,1,92,barchart-second-35-double-shortest-44,left,shortest,double,single,2026-04-11 18:45:45.1830000
3439,669a431df516aa06fd2f355e,691,1,57,barchart-second-38-same-tallest-9,right,tallest,same,single,2026-04-11 18:45:45.8840000
3440,669a431df516aa06fd2f355e,499,1,58,barchart-second-89-double-tallest-10,left,tallest,double,single,2026-04-11 18:45:46.9850000
3441,698619d6261805d947bdaef1,2365,1,2,barchart-first-85-double-tallest-2,left,tallest,double,single,2026-04-11 18:45:49.2770000
3442,669a431df516aa06fd2f355e,448,1,59,barchart-second-94-double-tallest-11,right,tallest,double,single,2026-04-11 18:45:48.0280000
3443,63e5b536fe14fec39a9a9361,2257,1,93,barchart-second-75-random-shortest-45,left,shortest,random,single,2026-04-11 18:45:48.0380000
3444,698619d6261805d947bdaef1,923,1,3,barchart-first-71-double-tallest-3,right,tallest,double,single,2026-04-11 18:45:50.7870000
3445,669a431df516aa06fd2f355e,591,1,60,barchart-second-33-random-tallest-12,left,tallest,random,single,2026-04-11 18:45:49.2110000
3446,698619d6261805d947bdaef1,912,1,4,barchart-first-82-same-tallest-4,left,tallest,same,single,2026-04-11 18:45:52.2930000
3447,669a431df516aa06fd2f355e,730,1,61,barchart-second-70-same-tallest-13,left,tallest,same,single,2026-04-11 18:45:50.6120000
3448,669a431df516aa06fd2f355e,731,1,62,barchart-second-36-random-tallest-14,left,tallest,random,single,2026-04-11 18:45:51.9270000
3449,698619d6261805d947bdaef1,1020,1,5,barchart-first-05-same-tallest-5,right,tallest,same,single,2026-04-11 18:45:53.9080000
3450,669a431df516aa06fd2f355e,538,1,63,barchart-second-75-double-tallest-15,left,tallest,double,single,2026-04-11 18:45:53.0710000
3451,698619d6261805d947bdaef1,1149,1,6,barchart-first-35-random-tallest-6,left,tallest,random,single,2026-04-11 18:45:55.6530000
3452,669a431df516aa06fd2f355e,666,1,64,barchart-second-71-random-tallest-16,right,tallest,random,single,2026-04-11 18:45:54.4710000
3453,669a431df516aa06fd2f355e,648,1,65,barchart-second-09-same-tallest-17,right,tallest,same,single,2026-04-11 18:45:55.7600000
3454,698619d6261805d947bdaef1,1494,1,7,barchart-first-21-same-tallest-7,right,tallest,same,single,2026-04-11 18:45:57.7380000
3455,669a431df516aa06fd2f355e,635,1,66,barchart-second-23-double-tallest-18,left,tallest,double,single,2026-04-11 18:45:57.0090000
3456,698619d6261805d947bdaef1,1492,1,8,barchart-first-55-same-tallest-8,left,tallest,same,single,2026-04-11 18:45:59.8180000
3457,669a431df516aa06fd2f355e,726,1,67,barchart-second-32-same-tallest-19,right,tallest,same,single,2026-04-11 18:45:58.4000000
3458,698619d6261805d947bdaef1,928,1,9,barchart-first-57-double-tallest-9,left,tallest,double,single,2026-04-11 18:46:01.3540000
3459,669a431df516aa06fd2f355e,506,1,68,barchart-second-81-double-tallest-20,left,tallest,double,single,2026-04-11 18:45:59.5170000
3460,669a431df516aa06fd2f355e,552,1,69,barchart-second-78-same-tallest-21,left,tallest,same,single,2026-04-11 18:46:00.6990000
3461,698619d6261805d947bdaef1,1025,1,10,barchart-first-94-random-tallest-10,right,tallest,random,single,2026-04-11 18:46:02.9680000
3462,669a431df516aa06fd2f355e,613,1,70,barchart-second-13-double-tallest-22,left,tallest,double,single,2026-04-11 18:46:01.9240000
3463,698619d6261805d947bdaef1,982,1,11,barchart-first-12-same-tallest-11,left,tallest,same,single,2026-04-11 18:46:04.5300000
3464,669a431df516aa06fd2f355e,910,1,71,barchart-second-45-same-tallest-23,left,tallest,same,single,2026-04-11 18:46:03.4280000
3465,698619d6261805d947bdaef1,1305,1,12,barchart-first-25-random-tallest-12,right,tallest,random,single,2026-04-11 18:46:06.6710000
3466,669a431df516aa06fd2f355e,567,1,72,barchart-second-92-random-tallest-24,right,tallest,random,single,2026-04-11 18:46:06.2860000
3467,698619d6261805d947bdaef1,1074,1,13,barchart-first-30-random-tallest-13,left,tallest,random,single,2026-04-11 18:46:08.4080000
3468,669a431df516aa06fd2f355e,544,1,73,barchart-second-43-same-tallest-25,right,tallest,same,single,2026-04-11 18:46:07.4230000
3469,669a431df516aa06fd2f355e,536,1,74,barchart-second-24-random-tallest-26,left,tallest,random,single,2026-04-11 18:46:08.5560000
3470,698619d6261805d947bdaef1,1571,1,14,barchart-first-06-random-tallest-14,right,tallest,random,single,2026-04-11 18:46:10.5650000
3471,669a431df516aa06fd2f355e,906,1,75,barchart-second-51-random-tallest-27,left,tallest,random,single,2026-04-11 18:46:10.0740000
3472,698619d6261805d947bdaef1,1748,1,15,barchart-first-51-random-tallest-15,left,tallest,random,single,2026-04-11 18:46:12.8920000
3473,669a431df516aa06fd2f355e,524,1,76,barchart-second-90-random-tallest-28,right,tallest,random,single,2026-04-11 18:46:11.1810000
3474,669a431df516aa06fd2f355e,632,1,77,barchart-second-06-random-tallest-29,right,tallest,random,single,2026-04-11 18:46:12.4190000
3475,698619d6261805d947bdaef1,1226,1,16,barchart-first-23-random-tallest-16,left,tallest,random,single,2026-04-11 18:46:14.7070000
3476,669a431df516aa06fd2f355e,548,1,78,barchart-second-87-double-tallest-30,right,tallest,double,single,2026-04-11 18:46:13.5730000
3477,698619d6261805d947bdaef1,969,1,17,barchart-first-43-random-tallest-17,right,tallest,random,single,2026-04-11 18:46:16.2500000
3478,669a431df516aa06fd2f355e,632,1,79,barchart-second-62-random-tallest-31,right,tallest,random,single,2026-04-11 18:46:14.8200000
3479,669a431df516aa06fd2f355e,489,0,80,barchart-second-93-double-tallest-32,right,tallest,double,single,2026-04-11 18:46:15.9210000
3480,698619d6261805d947bdaef1,1164,1,18,barchart-first-58-random-tallest-18,right,tallest,random,single,2026-04-11 18:46:18.0020000
3481,698619d6261805d947bdaef1,918,1,19,barchart-first-88-random-tallest-19,right,tallest,random,single,2026-04-11 18:46:19.4980000
3482,669a431df516aa06fd2f355e,1598,1,81,barchart-second-22-same-tallest-33,left,tallest,same,single,2026-04-11 18:46:19.1230000
3483,698619d6261805d947bdaef1,885,1,20,barchart-first-00-double-tallest-20,left,tallest,double,single,2026-04-11 18:46:20.9720000
3484,669a431df516aa06fd2f355e,489,1,82,barchart-second-52-double-tallest-34,right,tallest,double,single,2026-04-11 18:46:20.2110000
3485,698619d6261805d947bdaef1,886,1,21,barchart-first-48-double-tallest-21,right,tallest,double,single,2026-04-11 18:46:22.4440000
3486,669a431df516aa06fd2f355e,570,1,83,barchart-second-25-double-tallest-35,right,tallest,double,single,2026-04-11 18:46:21.3990000
3487,698619d6261805d947bdaef1,918,1,22,barchart-first-42-double-tallest-22,right,tallest,double,single,2026-04-11 18:46:23.9800000
3488,669a431df516aa06fd2f355e,546,1,84,barchart-second-60-same-tallest-36,right,tallest,same,single,2026-04-11 18:46:22.5500000
3489,698619d6261805d947bdaef1,961,1,23,barchart-first-52-double-tallest-23,right,tallest,double,single,2026-04-11 18:46:25.5320000
3490,669a431df516aa06fd2f355e,1032,1,85,barchart-second-27-same-tallest-37,left,tallest,same,single,2026-04-11 18:46:24.1940000
3491,669a431df516aa06fd2f355e,850,1,86,barchart-second-63-double-tallest-38,left,tallest,double,single,2026-04-11 18:46:25.6720000
3492,669a431df516aa06fd2f355e,826,1,87,barchart-second-12-random-tallest-39,left,tallest,random,single,2026-04-11 18:46:27.1070000
3493,669a431df516aa06fd2f355e,545,1,88,barchart-second-26-random-tallest-40,right,tallest,random,single,2026-04-11 18:46:28.2580000
3494,669a431df516aa06fd2f355e,510,0,89,barchart-second-77-same-tallest-41,right,tallest,same,single,2026-04-11 18:46:29.3690000
3495,669a431df516aa06fd2f355e,481,1,90,barchart-second-18-same-tallest-42,right,tallest,same,single,2026-04-11 18:46:31.4670000
3496,669a431df516aa06fd2f355e,452,1,91,barchart-second-50-double-tallest-43,right,tallest,double,single,2026-04-11 18:46:32.5180000
3497,669a431df516aa06fd2f355e,747,1,92,barchart-second-79-random-tallest-44,right,tallest,random,single,2026-04-11 18:46:33.8800000
3498,669a431df516aa06fd2f355e,591,1,93,barchart-second-58-random-tallest-45,right,tallest,random,single,2026-04-11 18:46:35.0750000
3499,669a431df516aa06fd2f355e,601,1,94,barchart-second-95-double-tallest-46,right,tallest,double,single,2026-04-11 18:46:36.2820000
3500,669a431df516aa06fd2f355e,836,1,95,barchart-second-83-double-tallest-47,left,tallest,double,single,2026-04-11 18:46:37.7210000
3501,698619d6261805d947bdaef1,1509,1,24,barchart-first-02-double-tallest-24,right,tallest,double,single,2026-04-11 18:46:46.8860000
3502,698619d6261805d947bdaef1,1046,1,25,barchart-first-53-same-tallest-25,left,tallest,same,single,2026-04-11 18:46:48.5270000
3503,698619d6261805d947bdaef1,1070,1,26,barchart-first-09-same-tallest-26,right,tallest,same,single,2026-04-11 18:46:50.1740000
3504,698619d6261805d947bdaef1,975,1,27,barchart-first-01-same-tallest-27,left,tallest,same,single,2026-04-11 18:46:51.7600000
3505,698619d6261805d947bdaef1,913,1,28,barchart-first-93-same-tallest-28,left,tallest,same,single,2026-04-11 18:46:53.2570000
3506,63e5b536fe14fec39a9a9361,63012,1,94,barchart-second-13-same-shortest-46,left,shortest,same,single,2026-04-11 18:46:51.6540000
3507,698619d6261805d947bdaef1,1320,1,29,barchart-first-75-same-tallest-29,left,tallest,same,single,2026-04-11 18:46:55.1680000
3508,63e5b536fe14fec39a9a9361,2002,1,95,barchart-second-92-double-shortest-47,right,shortest,double,single,2026-04-11 18:46:54.2520000
3509,698619d6261805d947bdaef1,1002,1,30,barchart-first-59-random-tallest-30,left,tallest,random,single,2026-04-11 18:46:56.7600000
3510,698619d6261805d947bdaef1,1022,1,31,barchart-first-07-random-tallest-31,left,tallest,random,single,2026-04-11 18:46:58.3680000
3511,698619d6261805d947bdaef1,906,1,32,barchart-first-46-same-tallest-32,right,tallest,same,single,2026-04-11 18:46:59.8630000
3512,698619d6261805d947bdaef1,1009,1,33,barchart-first-34-same-tallest-33,left,tallest,same,single,2026-04-11 18:47:01.3810000
3513,698619d6261805d947bdaef1,1251,1,34,barchart-first-74-same-tallest-34,right,tallest,same,single,2026-04-11 18:47:03.2260000
3514,698619d6261805d947bdaef1,1004,1,35,barchart-first-78-double-tallest-35,left,tallest,double,single,2026-04-11 18:47:04.8200000
3515,698619d6261805d947bdaef1,897,1,36,barchart-first-90-double-tallest-36,right,tallest,double,single,2026-04-11 18:47:06.3870000
3516,698619d6261805d947bdaef1,1013,1,37,barchart-first-64-double-tallest-37,left,tallest,double,single,2026-04-11 18:47:07.9880000
3517,698619d6261805d947bdaef1,1021,1,38,barchart-first-80-double-tallest-38,left,tallest,double,single,2026-04-11 18:47:09.6110000
3518,698619d6261805d947bdaef1,866,1,39,barchart-first-38-double-tallest-39,right,tallest,double,single,2026-04-11 18:47:11.0830000
3519,698619d6261805d947bdaef1,1300,1,40,barchart-first-31-random-tallest-40,left,tallest,random,single,2026-04-11 18:47:12.9880000
3520,698619d6261805d947bdaef1,1225,1,41,barchart-first-70-double-tallest-41,left,tallest,double,single,2026-04-11 18:47:15.0340000
3521,698619d6261805d947bdaef1,1536,1,42,barchart-first-41-random-tallest-42,right,tallest,random,single,2026-04-11 18:47:17.1590000
3522,698619d6261805d947bdaef1,1492,1,43,barchart-first-89-double-tallest-43,left,tallest,double,single,2026-04-11 18:47:19.2400000
3523,5d1511f1e814b800016108a6,2817,1,0,barchart-first-14-double-tallest-0,left,tallest,double,single,2026-04-11 18:47:26.9520000
3524,698619d6261805d947bdaef1,1081,1,44,barchart-first-68-same-tallest-44,right,tallest,same,single,2026-04-11 18:47:20.9110000
3525,698619d6261805d947bdaef1,946,1,45,barchart-first-60-random-tallest-45,right,tallest,random,single,2026-04-11 18:47:22.4610000
3526,5d1511f1e814b800016108a6,2715,1,1,barchart-first-61-double-tallest-1,left,tallest,double,single,2026-04-11 18:47:30.3360000
3527,698619d6261805d947bdaef1,970,1,46,barchart-first-79-same-tallest-46,right,tallest,same,single,2026-04-11 18:47:24.0210000
3528,698619d6261805d947bdaef1,1170,1,47,barchart-first-20-double-tallest-47,right,tallest,double,single,2026-04-11 18:47:25.7720000
3529,5d1511f1e814b800016108a6,2265,1,2,barchart-first-06-same-tallest-2,right,tallest,same,single,2026-04-11 18:47:33.2000000
3530,5d1511f1e814b800016108a6,2023,1,3,barchart-first-78-random-tallest-3,left,tallest,random,single,2026-04-11 18:47:35.8230000
3531,5d1511f1e814b800016108a6,2110,1,4,barchart-first-52-same-tallest-4,right,tallest,same,single,2026-04-11 18:47:38.5750000
3532,5d1511f1e814b800016108a6,2985,1,5,barchart-first-54-random-tallest-5,right,tallest,random,single,2026-04-11 18:47:42.1590000
3533,5d1511f1e814b800016108a6,2258,1,6,barchart-first-26-double-tallest-6,right,tallest,double,single,2026-04-11 18:47:45.0150000
3534,5d1511f1e814b800016108a6,2165,1,7,barchart-first-85-random-tallest-7,left,tallest,random,single,2026-04-11 18:47:47.7850000
3535,5ba3e0889ac9510001bf1c00,2637,1,0,barchart-first-32-random-shortest-0,right,shortest,random,single,2026-04-11 18:47:41.7080000
3536,5d1511f1e814b800016108a6,2891,1,8,barchart-first-60-double-tallest-8,right,tallest,double,single,2026-04-11 18:47:51.2790000
3537,5ba3e0889ac9510001bf1c00,963,1,1,barchart-first-77-double-shortest-1,left,shortest,double,single,2026-04-11 18:47:43.2460000
3538,5ba3e0889ac9510001bf1c00,1033,1,2,barchart-first-31-same-shortest-2,right,shortest,same,single,2026-04-11 18:47:44.8430000
3539,5ba3e0889ac9510001bf1c00,1416,1,3,barchart-first-47-double-shortest-3,left,shortest,double,single,2026-04-11 18:47:46.8190000
3540,5d1511f1e814b800016108a6,3754,1,9,barchart-first-34-same-tallest-9,left,tallest,same,single,2026-04-11 18:47:55.6230000
3541,5ba3e0889ac9510001bf1c00,1292,1,4,barchart-first-86-same-shortest-4,right,shortest,same,single,2026-04-11 18:47:48.6710000
3542,5d1511f1e814b800016108a6,2137,1,10,barchart-first-77-same-tallest-10,left,tallest,same,single,2026-04-11 18:47:58.3510000
3543,5ba3e0889ac9510001bf1c00,1084,1,5,barchart-first-11-double-shortest-5,right,shortest,double,single,2026-04-11 18:47:50.3100000
3544,5ba3e0889ac9510001bf1c00,1001,1,6,barchart-first-71-random-shortest-6,left,shortest,random,single,2026-04-11 18:47:51.8790000
3545,5d1511f1e814b800016108a6,2442,1,11,barchart-first-38-random-tallest-11,right,tallest,random,single,2026-04-11 18:48:01.3990000
3546,5ba3e0889ac9510001bf1c00,1095,1,7,barchart-first-67-double-shortest-7,left,shortest,double,single,2026-04-11 18:47:53.5350000
3547,5d1511f1e814b800016108a6,1875,1,12,barchart-first-79-random-tallest-12,right,tallest,random,single,2026-04-11 18:48:03.8640000
3548,5ba3e0889ac9510001bf1c00,1209,1,8,barchart-first-90-random-shortest-8,left,shortest,random,single,2026-04-11 18:47:55.3070000
3549,5ba3e0889ac9510001bf1c00,1251,1,9,barchart-first-91-double-shortest-9,right,shortest,double,single,2026-04-11 18:47:57.1190000
3550,5d1511f1e814b800016108a6,2489,1,13,barchart-first-84-double-tallest-13,right,tallest,double,single,2026-04-11 18:48:06.9440000
3551,5ba3e0889ac9510001bf1c00,1199,1,10,barchart-first-17-random-shortest-10,right,shortest,random,single,2026-04-11 18:47:58.8830000
3552,6341b7b2e340e467cab1363b,1463,1,0,barchart-first-00-same-tallest-0,left,tallest,same,single,2026-04-11 18:47:57.2510000
3553,5d1511f1e814b800016108a6,1860,1,14,barchart-first-48-random-tallest-14,right,tallest,random,single,2026-04-11 18:48:09.3980000
3554,5ba3e0889ac9510001bf1c00,1758,1,11,barchart-first-22-same-shortest-11,right,shortest,same,single,2026-04-11 18:48:01.2080000
3555,6341b7b2e340e467cab1363b,2347,1,1,barchart-first-39-same-tallest-1,right,tallest,same,single,2026-04-11 18:48:00.1630000
3556,5d1511f1e814b800016108a6,2391,1,15,barchart-first-31-same-tallest-15,left,tallest,same,single,2026-04-11 18:48:12.3830000
3557,6341b7b2e340e467cab1363b,1333,1,2,barchart-first-89-same-tallest-2,left,tallest,same,single,2026-04-11 18:48:02.0510000
3558,5ba3e0889ac9510001bf1c00,3161,1,12,barchart-first-01-random-shortest-12,right,shortest,random,single,2026-04-11 18:48:04.9300000
3559,6341b7b2e340e467cab1363b,905,1,3,barchart-first-24-double-tallest-3,left,tallest,double,single,2026-04-11 18:48:03.5230000
3560,5d1511f1e814b800016108a6,1946,1,16,barchart-first-92-same-tallest-16,right,tallest,same,single,2026-04-11 18:48:14.9350000
3561,5ba3e0889ac9510001bf1c00,939,1,13,barchart-first-34-same-shortest-13,left,shortest,same,single,2026-04-11 18:48:06.3730000
3562,6341b7b2e340e467cab1363b,890,1,4,barchart-first-04-same-tallest-4,right,tallest,same,single,2026-04-11 18:48:04.9790000
3563,5ba3e0889ac9510001bf1c00,845,1,14,barchart-first-73-double-shortest-14,left,shortest,double,single,2026-04-11 18:48:07.7790000
3564,5d1511f1e814b800016108a6,2083,1,17,barchart-first-23-same-tallest-17,left,tallest,same,single,2026-04-11 18:48:17.6150000
3565,5ba3e0889ac9510001bf1c00,1182,1,15,barchart-first-12-same-shortest-15,left,shortest,same,single,2026-04-11 18:48:09.5490000
3566,6341b7b2e340e467cab1363b,1689,1,5,barchart-first-08-same-tallest-5,left,tallest,same,single,2026-04-11 18:48:07.2360000
3567,6341b7b2e340e467cab1363b,782,1,6,barchart-first-76-double-tallest-6,right,tallest,double,single,2026-04-11 18:48:08.5720000
3568,5ba3e0889ac9510001bf1c00,1707,1,16,barchart-first-18-same-shortest-16,right,shortest,same,single,2026-04-11 18:48:11.8080000
3569,5d1511f1e814b800016108a6,2658,1,18,barchart-first-68-random-tallest-18,right,tallest,random,single,2026-04-11 18:48:20.8690000
3570,6341b7b2e340e467cab1363b,687,1,7,barchart-first-59-same-tallest-7,left,tallest,same,single,2026-04-11 18:48:09.8200000
3571,698619d6261805d947bdaef1,3112,1,48,barchart-second-17-same-shortest-0,right,shortest,same,single,2026-04-11 18:48:14.5490000
3572,5ba3e0889ac9510001bf1c00,1266,1,17,barchart-first-55-random-shortest-17,left,shortest,random,single,2026-04-11 18:48:13.6390000
3573,6341b7b2e340e467cab1363b,1139,1,8,barchart-first-83-double-tallest-8,left,tallest,double,single,2026-04-11 18:48:11.5240000
3574,698619d6261805d947bdaef1,1058,1,49,barchart-second-72-same-shortest-1,right,shortest,same,single,2026-04-11 18:48:16.2140000
3575,5d1511f1e814b800016108a6,2320,1,19,barchart-first-36-same-tallest-19,left,tallest,same,single,2026-04-11 18:48:23.7910000
3576,5ba3e0889ac9510001bf1c00,860,1,18,barchart-first-93-double-shortest-18,right,shortest,double,single,2026-04-11 18:48:15.0770000
3577,6341b7b2e340e467cab1363b,1357,1,9,barchart-first-55-double-tallest-9,left,tallest,double,single,2026-04-11 18:48:13.4370000
3578,698619d6261805d947bdaef1,1275,1,50,barchart-second-19-same-shortest-2,left,shortest,same,single,2026-04-11 18:48:18.0780000
3579,5ba3e0889ac9510001bf1c00,900,1,19,barchart-first-75-random-shortest-19,left,shortest,random,single,2026-04-11 18:48:16.5410000
3580,6341b7b2e340e467cab1363b,832,1,10,barchart-first-73-random-tallest-10,right,tallest,random,single,2026-04-11 18:48:14.8290000
3581,5d1511f1e814b800016108a6,1599,1,20,barchart-first-44-same-tallest-20,right,tallest,same,single,2026-04-11 18:48:25.9910000
3582,5ba3e0889ac9510001bf1c00,1232,1,20,barchart-first-83-same-shortest-20,left,shortest,same,single,2026-04-11 18:48:18.3390000
3583,698619d6261805d947bdaef1,1432,1,51,barchart-second-26-double-shortest-3,left,shortest,double,single,2026-04-11 18:48:20.1010000
3584,6341b7b2e340e467cab1363b,709,1,11,barchart-first-53-random-tallest-11,left,tallest,random,single,2026-04-11 18:48:16.0930000
3585,5d1511f1e814b800016108a6,1577,1,21,barchart-first-71-double-tallest-21,right,tallest,double,single,2026-04-11 18:48:28.1670000
3586,6341b7b2e340e467cab1363b,952,1,12,barchart-first-44-same-tallest-12,right,tallest,same,single,2026-04-11 18:48:17.6060000
3587,698619d6261805d947bdaef1,1190,1,52,barchart-second-33-random-shortest-4,right,shortest,random,single,2026-04-11 18:48:21.8910000
3588,5ba3e0889ac9510001bf1c00,2695,1,21,barchart-first-72-random-shortest-21,right,shortest,random,single,2026-04-11 18:48:21.6030000
3589,6341b7b2e340e467cab1363b,1084,1,13,barchart-first-95-random-tallest-13,right,tallest,random,single,2026-04-11 18:48:19.2540000
3590,698619d6261805d947bdaef1,1366,1,53,barchart-second-45-same-shortest-5,left,shortest,same,single,2026-04-11 18:48:23.8440000
3591,5d1511f1e814b800016108a6,2402,1,22,barchart-first-89-double-tallest-22,left,tallest,double,single,2026-04-11 18:48:31.2250000
3592,5ba3e0889ac9510001bf1c00,799,1,22,barchart-first-84-random-shortest-22,right,shortest,random,single,2026-04-11 18:48:22.9690000
3593,6341b7b2e340e467cab1363b,1255,1,14,barchart-first-49-double-tallest-14,left,tallest,double,single,2026-04-11 18:48:21.0700000
3594,698619d6261805d947bdaef1,1365,1,54,barchart-second-81-double-shortest-6,left,shortest,double,single,2026-04-11 18:48:25.8340000
3595,5ba3e0889ac9510001bf1c00,921,1,23,barchart-first-36-random-shortest-23,left,shortest,random,single,2026-04-11 18:48:24.4520000
3596,5d1511f1e814b800016108a6,1604,1,23,barchart-first-04-same-tallest-23,right,tallest,same,single,2026-04-11 18:48:33.4310000
3597,6341b7b2e340e467cab1363b,1113,1,15,barchart-first-94-double-tallest-15,right,tallest,double,single,2026-04-11 18:48:22.7430000
3598,698619d6261805d947bdaef1,1108,1,55,barchart-second-54-double-shortest-7,left,shortest,double,single,2026-04-11 18:48:27.5230000
3599,6341b7b2e340e467cab1363b,1063,1,16,barchart-first-34-random-tallest-16,left,tallest,random,single,2026-04-11 18:48:24.3660000
3600,698619d6261805d947bdaef1,1350,1,56,barchart-second-86-same-shortest-8,right,shortest,same,single,2026-04-11 18:48:29.4560000
3601,6341b7b2e340e467cab1363b,1048,1,17,barchart-first-13-random-tallest-17,left,tallest,random,single,2026-04-11 18:48:25.9750000
3602,5ba3e0889ac9510001bf1c00,1957,1,24,barchart-first-94-double-shortest-24,right,shortest,double,single,2026-04-11 18:48:29.0900000
3603,6341b7b2e340e467cab1363b,804,1,18,barchart-first-88-same-tallest-18,right,tallest,same,single,2026-04-11 18:48:27.3350000
3604,698619d6261805d947bdaef1,1581,1,57,barchart-second-84-random-shortest-9,right,shortest,random,single,2026-04-11 18:48:31.6300000
3605,5ba3e0889ac9510001bf1c00,1096,1,25,barchart-first-54-same-shortest-25,left,shortest,same,single,2026-04-11 18:48:30.7520000
3606,6341b7b2e340e467cab1363b,1243,1,19,barchart-first-68-double-tallest-19,right,tallest,double,single,2026-04-11 18:48:29.1350000
3607,5ba3e0889ac9510001bf1c00,780,1,26,barchart-first-41-same-shortest-26,right,shortest,same,single,2026-04-11 18:48:32.0980000
3608,698619d6261805d947bdaef1,2138,1,58,barchart-second-67-double-shortest-10,left,shortest,double,single,2026-04-11 18:48:34.3470000
3609,6341b7b2e340e467cab1363b,718,1,20,barchart-first-50-double-tallest-20,right,tallest,double,single,2026-04-11 18:48:30.4150000
3610,5ba3e0889ac9510001bf1c00,859,1,27,barchart-first-04-double-shortest-27,left,shortest,double,single,2026-04-11 18:48:33.5240000
3611,6341b7b2e340e467cab1363b,874,1,21,barchart-first-66-double-tallest-21,right,tallest,double,single,2026-04-11 18:48:31.8550000
3612,698619d6261805d947bdaef1,1720,1,59,barchart-second-14-double-shortest-11,right,shortest,double,single,2026-04-11 18:48:36.6550000
3613,6341b7b2e340e467cab1363b,810,1,22,barchart-first-45-same-tallest-22,left,tallest,same,single,2026-04-11 18:48:33.2230000
3614,5ba3e0889ac9510001bf1c00,1565,1,28,barchart-first-07-double-shortest-28,left,shortest,double,single,2026-04-11 18:48:35.6570000
3615,698619d6261805d947bdaef1,1475,1,60,barchart-second-08-random-shortest-12,left,shortest,random,single,2026-04-11 18:48:38.7270000
3616,5ba3e0889ac9510001bf1c00,1022,1,29,barchart-first-80-same-shortest-29,left,shortest,same,single,2026-04-11 18:48:37.2490000
3617,6341b7b2e340e467cab1363b,1091,1,23,barchart-first-31-double-tallest-23,left,tallest,double,single,2026-04-11 18:48:34.8800000
3618,698619d6261805d947bdaef1,1126,1,61,barchart-second-04-same-shortest-13,left,shortest,same,single,2026-04-11 18:48:40.4460000
3619,5ba3e0889ac9510001bf1c00,1049,1,30,barchart-first-63-double-shortest-30,right,shortest,double,single,2026-04-11 18:48:38.8880000
3620,5ba3e0889ac9510001bf1c00,1039,1,31,barchart-first-16-double-shortest-31,right,shortest,double,single,2026-04-11 18:48:40.4890000
3621,698619d6261805d947bdaef1,1421,1,62,barchart-second-77-double-shortest-14,left,shortest,double,single,2026-04-11 18:48:42.4450000
3622,5ba3e0889ac9510001bf1c00,750,1,32,barchart-first-13-double-shortest-32,left,shortest,double,single,2026-04-11 18:48:41.8020000
3623,698619d6261805d947bdaef1,1340,1,63,barchart-second-29-double-shortest-15,right,shortest,double,single,2026-04-11 18:48:44.3780000
3624,5ba3e0889ac9510001bf1c00,801,1,33,barchart-first-52-same-shortest-33,right,shortest,same,single,2026-04-11 18:48:43.1630000
3625,698619d6261805d947bdaef1,1124,1,64,barchart-second-49-double-shortest-16,right,shortest,double,single,2026-04-11 18:48:46.0980000
3626,5ba3e0889ac9510001bf1c00,896,1,34,barchart-first-87-same-shortest-34,left,shortest,same,single,2026-04-11 18:48:44.6300000
3627,5ba3e0889ac9510001bf1c00,868,1,35,barchart-first-79-double-shortest-35,right,shortest,double,single,2026-04-11 18:48:46.0610000
3628,698619d6261805d947bdaef1,1623,1,65,barchart-second-18-double-shortest-17,right,shortest,double,single,2026-04-11 18:48:48.3110000
3629,5ba3e0889ac9510001bf1c00,943,1,36,barchart-first-20-same-shortest-36,left,shortest,same,single,2026-04-11 18:48:47.5080000
3630,698619d6261805d947bdaef1,1374,1,66,barchart-second-73-double-shortest-18,left,shortest,double,single,2026-04-11 18:48:50.3200000
3631,6341b7b2e340e467cab1363b,1194,1,24,barchart-first-61-double-tallest-24,left,tallest,double,single,2026-04-11 18:48:46.3450000
3632,5ba3e0889ac9510001bf1c00,959,1,37,barchart-first-76-random-shortest-37,left,shortest,random,single,2026-04-11 18:48:49.0290000
3633,6341b7b2e340e467cab1363b,709,1,25,barchart-first-92-same-tallest-25,right,tallest,same,single,2026-04-11 18:48:47.6250000
3634,5ba3e0889ac9510001bf1c00,1198,1,38,barchart-first-95-same-shortest-38,left,shortest,same,single,2026-04-11 18:48:50.7870000
3635,698619d6261805d947bdaef1,1960,1,67,barchart-second-39-random-shortest-19,right,shortest,random,single,2026-04-11 18:48:52.8580000
3636,6341b7b2e340e467cab1363b,675,1,26,barchart-first-43-double-tallest-26,right,tallest,double,single,2026-04-11 18:48:48.8660000
3637,5ba3e0889ac9510001bf1c00,1121,1,39,barchart-first-81-random-shortest-39,left,shortest,random,single,2026-04-11 18:48:52.4780000
3638,6341b7b2e340e467cab1363b,728,1,27,barchart-first-40-same-tallest-27,left,tallest,same,single,2026-04-11 18:48:50.1690000
3639,698619d6261805d947bdaef1,1545,1,68,barchart-second-24-same-shortest-20,left,shortest,same,single,2026-04-11 18:48:54.9860000
3640,5ba3e0889ac9510001bf1c00,890,1,40,barchart-first-49-random-shortest-40,right,shortest,random,single,2026-04-11 18:48:53.9360000
3641,6341b7b2e340e467cab1363b,919,1,28,barchart-first-72-double-tallest-28,left,tallest,double,single,2026-04-11 18:48:51.6580000
3642,698619d6261805d947bdaef1,1257,1,69,barchart-second-65-same-shortest-21,right,shortest,same,single,2026-04-11 18:48:56.8310000
3643,6341b7b2e340e467cab1363b,657,1,29,barchart-first-90-random-tallest-29,right,tallest,random,single,2026-04-11 18:48:52.8820000
3644,5ba3e0889ac9510001bf1c00,1252,1,41,barchart-first-24-double-shortest-41,left,shortest,double,single,2026-04-11 18:48:55.7550000
3645,6341b7b2e340e467cab1363b,613,1,30,barchart-first-16-same-tallest-30,right,tallest,same,single,2026-04-11 18:48:54.0580000
3646,5ba3e0889ac9510001bf1c00,852,1,42,barchart-first-88-random-shortest-42,left,shortest,random,single,2026-04-11 18:48:57.1850000
3647,698619d6261805d947bdaef1,1720,1,70,barchart-second-87-same-shortest-22,left,shortest,same,single,2026-04-11 18:48:59.1500000
3648,6341b7b2e340e467cab1363b,905,1,31,barchart-first-18-random-tallest-31,right,tallest,random,single,2026-04-11 18:48:55.5230000
3649,5ba3e0889ac9510001bf1c00,1030,1,43,barchart-first-48-same-shortest-43,right,shortest,same,single,2026-04-11 18:48:58.7850000
3650,6341b7b2e340e467cab1363b,741,1,32,barchart-first-38-same-tallest-32,right,tallest,same,single,2026-04-11 18:48:56.8430000
3651,698619d6261805d947bdaef1,1593,1,71,barchart-second-63-random-shortest-23,right,shortest,random,single,2026-04-11 18:49:01.3460000
3652,5ba3e0889ac9510001bf1c00,1161,1,44,barchart-first-51-same-shortest-44,right,shortest,same,single,2026-04-11 18:49:00.5020000
3653,6341b7b2e340e467cab1363b,849,1,33,barchart-first-60-random-tallest-33,right,tallest,random,single,2026-04-11 18:48:58.2510000
3654,5ba3e0889ac9510001bf1c00,967,1,45,barchart-first-57-random-shortest-45,right,shortest,random,single,2026-04-11 18:49:02.0360000
3655,6341b7b2e340e467cab1363b,823,1,34,barchart-first-27-random-tallest-34,left,tallest,random,single,2026-04-11 18:48:59.6430000
3656,5ba3e0889ac9510001bf1c00,694,1,46,barchart-first-68-double-shortest-46,right,shortest,double,single,2026-04-11 18:49:03.2940000
3657,6341b7b2e340e467cab1363b,1006,1,35,barchart-first-51-random-tallest-35,left,tallest,random,single,2026-04-11 18:49:01.2200000
3658,6341b7b2e340e467cab1363b,670,1,36,barchart-first-69-same-tallest-36,left,tallest,same,single,2026-04-11 18:49:02.4600000
3659,5ba3e0889ac9510001bf1c00,1412,1,47,barchart-first-62-random-shortest-47,right,shortest,random,single,2026-04-11 18:49:05.2650000
3660,6341b7b2e340e467cab1363b,725,1,37,barchart-first-09-double-tallest-37,right,tallest,double,single,2026-04-11 18:49:03.7480000
3661,6341b7b2e340e467cab1363b,690,1,38,barchart-first-23-random-tallest-38,left,tallest,random,single,2026-04-11 18:49:05.0030000
3662,698619d6261805d947bdaef1,1826,1,72,barchart-second-36-random-shortest-24,left,shortest,random,single,2026-04-11 18:49:09.8320000
3663,6341b7b2e340e467cab1363b,722,1,39,barchart-first-91-random-tallest-39,left,tallest,random,single,2026-04-11 18:49:06.3000000
3664,6341b7b2e340e467cab1363b,958,1,40,barchart-first-63-same-tallest-40,left,tallest,same,single,2026-04-11 18:49:07.8280000
3665,698619d6261805d947bdaef1,1603,1,73,barchart-second-76-random-shortest-25,left,shortest,random,single,2026-04-11 18:49:12.1080000
3666,6341b7b2e340e467cab1363b,728,1,41,barchart-first-42-random-tallest-41,right,tallest,random,single,2026-04-11 18:49:09.1240000
3667,698619d6261805d947bdaef1,1444,1,74,barchart-second-37-same-shortest-26,left,shortest,same,single,2026-04-11 18:49:14.1400000
3668,6341b7b2e340e467cab1363b,956,1,42,barchart-first-30-double-tallest-42,left,tallest,double,single,2026-04-11 18:49:10.6450000
3669,6341b7b2e340e467cab1363b,653,1,43,barchart-first-62-same-tallest-43,right,tallest,same,single,2026-04-11 18:49:11.8610000
3670,698619d6261805d947bdaef1,1621,1,75,barchart-second-22-random-shortest-27,right,shortest,random,single,2026-04-11 18:49:16.3600000
3671,6341b7b2e340e467cab1363b,664,1,44,barchart-first-87-random-tallest-44,right,tallest,random,single,2026-04-11 18:49:13.0850000
3672,698619d6261805d947bdaef1,1310,1,76,barchart-second-40-double-shortest-28,right,shortest,double,single,2026-04-11 18:49:18.2460000
3673,6341b7b2e340e467cab1363b,624,1,45,barchart-first-36-random-tallest-45,left,tallest,random,single,2026-04-11 18:49:14.2690000
3674,6341b7b2e340e467cab1363b,573,1,46,barchart-first-48-double-tallest-46,right,tallest,double,single,2026-04-11 18:49:15.4050000
3675,698619d6261805d947bdaef1,1452,1,77,barchart-second-10-random-shortest-29,left,shortest,random,single,2026-04-11 18:49:20.2860000
3676,6341b7b2e340e467cab1363b,897,1,47,barchart-first-84-random-tallest-47,right,tallest,random,single,2026-04-11 18:49:16.8700000
3677,698619d6261805d947bdaef1,1288,1,78,barchart-second-69-same-shortest-30,right,shortest,same,single,2026-04-11 18:49:22.1640000
3678,698619d6261805d947bdaef1,1162,1,79,barchart-second-11-same-shortest-31,right,shortest,same,single,2026-04-11 18:49:23.9070000
3679,698619d6261805d947bdaef1,1566,1,80,barchart-second-91-random-shortest-32,right,shortest,random,single,2026-04-11 18:49:26.0570000
3680,698619d6261805d947bdaef1,1116,1,81,barchart-second-13-double-shortest-33,left,shortest,double,single,2026-04-11 18:49:27.7610000
3681,698619d6261805d947bdaef1,1192,1,82,barchart-second-50-double-shortest-34,right,shortest,double,single,2026-04-11 18:49:29.5520000
3682,695fb3678de780f2824eecf5,3120,1,0,barchart-first-63-random-shortest-0,right,shortest,random,single,2026-04-11 18:49:28.0970000
3683,698619d6261805d947bdaef1,1276,1,83,barchart-second-61-double-shortest-35,left,shortest,double,single,2026-04-11 18:49:31.4160000
3684,5ba3e0889ac9510001bf1c00,1440,1,48,barchart-second-50-same-tallest-0,right,tallest,same,single,2026-04-11 18:49:30.4300000
3685,695fb3678de780f2824eecf5,2003,1,1,barchart-first-68-double-shortest-1,right,shortest,double,single,2026-04-11 18:49:30.6830000
3686,698619d6261805d947bdaef1,952,1,84,barchart-second-27-random-shortest-36,left,shortest,random,single,2026-04-11 18:49:32.9530000
3687,5d1511f1e814b800016108a6,2768,1,24,barchart-first-07-random-tallest-24,left,tallest,random,single,2026-04-11 18:49:40.6850000
3688,5ba3e0889ac9510001bf1c00,1219,1,49,barchart-second-25-same-tallest-1,right,tallest,same,single,2026-04-11 18:49:32.2050000
3689,698619d6261805d947bdaef1,1408,1,85,barchart-second-95-random-shortest-37,left,shortest,random,single,2026-04-11 18:49:34.9580000
3690,5ba3e0889ac9510001bf1c00,648,1,50,barchart-second-23-random-tallest-2,left,tallest,random,single,2026-04-11 18:49:33.4100000
3691,5ba3e0889ac9510001bf1c00,620,1,51,barchart-second-05-same-tallest-3,right,tallest,same,single,2026-04-11 18:49:34.5900000
3692,5d1511f1e814b800016108a6,2434,1,25,barchart-first-46-double-tallest-25,right,tallest,double,single,2026-04-11 18:49:43.7160000
3693,695fb3678de780f2824eecf5,3622,1,2,barchart-first-92-random-shortest-2,right,shortest,random,single,2026-04-11 18:49:34.8890000
3694,698619d6261805d947bdaef1,1565,1,86,barchart-second-32-same-shortest-38,right,shortest,same,single,2026-04-11 18:49:37.1150000
3695,5ba3e0889ac9510001bf1c00,839,1,52,barchart-second-70-double-tallest-4,left,tallest,double,single,2026-04-11 18:49:36.0090000
3696,698619d6261805d947bdaef1,1131,1,87,barchart-second-03-same-shortest-39,left,shortest,same,single,2026-04-11 18:49:38.8280000
3697,5ba3e0889ac9510001bf1c00,691,1,53,barchart-second-10-double-tallest-5,right,tallest,double,single,2026-04-11 18:49:37.2630000
3698,5d1511f1e814b800016108a6,1937,1,26,barchart-first-00-random-tallest-26,left,tallest,random,single,2026-04-11 18:49:46.2590000
3699,695fb3678de780f2824eecf5,2344,1,3,barchart-first-57-same-shortest-3,right,shortest,same,single,2026-04-11 18:49:37.8090000
3700,5ba3e0889ac9510001bf1c00,936,1,54,barchart-second-02-random-tallest-6,right,tallest,random,single,2026-04-11 18:49:38.7600000
3701,698619d6261805d947bdaef1,1104,1,88,barchart-second-15-same-shortest-40,right,shortest,same,single,2026-04-11 18:49:40.5220000
3702,695fb3678de780f2824eecf5,1740,1,4,barchart-first-81-same-shortest-4,left,shortest,same,single,2026-04-11 18:49:40.1270000
3703,5d1511f1e814b800016108a6,2188,1,27,barchart-first-11-double-tallest-27,left,tallest,double,single,2026-04-11 18:49:49.0600000
3704,698619d6261805d947bdaef1,2062,1,89,barchart-second-62-random-shortest-41,right,shortest,random,single,2026-04-11 18:49:43.1740000
3705,695fb3678de780f2824eecf5,2143,1,5,barchart-first-87-double-shortest-5,left,shortest,double,single,2026-04-11 18:49:42.8410000
3706,5d1511f1e814b800016108a6,2107,1,28,barchart-first-53-same-tallest-28,left,tallest,same,single,2026-04-11 18:49:51.7800000
3707,698619d6261805d947bdaef1,1718,1,90,barchart-second-16-random-shortest-42,right,shortest,random,single,2026-04-11 18:49:45.4910000
3708,5ba3e0889ac9510001bf1c00,4791,1,55,barchart-second-69-random-tallest-7,left,tallest,random,single,2026-04-11 18:49:44.1080000
3709,695fb3678de780f2824eecf5,1282,1,6,barchart-first-69-same-shortest-6,right,shortest,same,single,2026-04-11 18:49:44.6870000
3710,5ba3e0889ac9510001bf1c00,636,1,56,barchart-second-29-double-tallest-8,left,tallest,double,single,2026-04-11 18:49:45.3040000
3711,5d1511f1e814b800016108a6,2240,1,29,barchart-first-47-same-tallest-29,right,tallest,same,single,2026-04-11 18:49:54.6280000
3712,698619d6261805d947bdaef1,1812,1,91,barchart-second-44-random-shortest-43,left,shortest,random,single,2026-04-11 18:49:47.8980000
3713,695fb3678de780f2824eecf5,1064,1,7,barchart-first-19-double-shortest-7,left,shortest,double,single,2026-04-11 18:49:46.3170000
3714,5ba3e0889ac9510001bf1c00,664,1,57,barchart-second-61-same-tallest-9,left,tallest,same,single,2026-04-11 18:49:46.5270000
3715,5ba3e0889ac9510001bf1c00,959,1,58,barchart-second-42-double-tallest-10,right,tallest,double,single,2026-04-11 18:49:48.0430000
3716,698619d6261805d947bdaef1,1351,1,92,barchart-second-47-same-shortest-44,left,shortest,same,single,2026-04-11 18:49:49.8320000
3717,5ba3e0889ac9510001bf1c00,986,1,59,barchart-second-58-random-tallest-11,right,tallest,random,single,2026-04-11 18:49:49.5880000
3718,695fb3678de780f2824eecf5,2560,1,8,barchart-first-64-double-shortest-8,left,shortest,double,single,2026-04-11 18:49:49.4550000
3719,698619d6261805d947bdaef1,1159,1,93,barchart-second-28-double-shortest-45,right,shortest,double,single,2026-04-11 18:49:51.5820000
3720,5d1511f1e814b800016108a6,3420,1,30,barchart-first-90-same-tallest-30,right,tallest,same,single,2026-04-11 18:49:58.6600000
3721,5ba3e0889ac9510001bf1c00,810,1,60,barchart-second-60-random-tallest-12,right,tallest,random,single,2026-04-11 18:49:50.9650000
3722,695fb3678de780f2824eecf5,1678,1,9,barchart-first-18-same-shortest-9,right,shortest,same,single,2026-04-11 18:49:51.7100000
3723,698619d6261805d947bdaef1,1629,1,94,barchart-second-92-double-shortest-46,right,shortest,double,single,2026-04-11 18:49:53.7960000
3724,5ba3e0889ac9510001bf1c00,738,1,61,barchart-second-00-double-tallest-13,left,tallest,double,single,2026-04-11 18:49:52.2610000
3725,5d1511f1e814b800016108a6,1710,1,31,barchart-first-82-random-tallest-31,left,tallest,random,single,2026-04-11 18:50:00.9630000
3726,5ba3e0889ac9510001bf1c00,717,1,62,barchart-second-78-same-tallest-14,left,tallest,same,single,2026-04-11 18:49:53.5400000
3727,698619d6261805d947bdaef1,2329,1,95,barchart-second-56-random-shortest-47,left,shortest,random,single,2026-04-11 18:49:56.7450000
3728,5ba3e0889ac9510001bf1c00,1114,1,63,barchart-second-09-random-tallest-15,right,tallest,random,single,2026-04-11 18:49:55.2130000
3729,695fb3678de780f2824eecf5,3013,1,10,barchart-first-72-same-shortest-10,right,shortest,same,single,2026-04-11 18:49:55.3000000
3730,5d1511f1e814b800016108a6,2865,1,32,barchart-first-40-random-tallest-32,left,tallest,random,single,2026-04-11 18:50:04.4360000
3731,5ba3e0889ac9510001bf1c00,761,1,64,barchart-second-33-same-tallest-16,left,tallest,same,single,2026-04-11 18:49:56.5350000
3732,695fb3678de780f2824eecf5,1944,1,11,barchart-first-88-same-shortest-11,left,shortest,same,single,2026-04-11 18:49:57.8220000
3733,5ba3e0889ac9510001bf1c00,1112,1,65,barchart-second-45-random-tallest-17,left,tallest,random,single,2026-04-11 18:49:58.2040000
3734,5d1511f1e814b800016108a6,1986,1,33,barchart-first-32-same-tallest-33,right,tallest,same,single,2026-04-11 18:50:07.0280000
3735,5ba3e0889ac9510001bf1c00,1098,1,66,barchart-second-19-same-tallest-18,left,tallest,same,single,2026-04-11 18:49:59.8570000
3736,5ba3e0889ac9510001bf1c00,545,1,67,barchart-second-82-double-tallest-19,left,tallest,double,single,2026-04-11 18:50:00.9590000
3737,695fb3678de780f2824eecf5,2426,1,12,barchart-first-49-double-shortest-12,right,shortest,double,single,2026-04-11 18:50:00.8230000
3738,5d1511f1e814b800016108a6,2504,1,34,barchart-first-18-double-tallest-34,right,tallest,double,single,2026-04-11 18:50:10.1390000
3739,5ba3e0889ac9510001bf1c00,690,1,68,barchart-second-06-double-tallest-20,right,tallest,double,single,2026-04-11 18:50:02.2200000
3740,695fb3678de780f2824eecf5,1510,1,13,barchart-first-09-same-shortest-13,left,shortest,same,single,2026-04-11 18:50:02.9050000
3741,5ba3e0889ac9510001bf1c00,689,1,69,barchart-second-30-double-tallest-21,left,tallest,double,single,2026-04-11 18:50:03.4710000
3742,5ba3e0889ac9510001bf1c00,646,1,70,barchart-second-43-same-tallest-22,right,tallest,same,single,2026-04-11 18:50:04.6770000
3743,5d1511f1e814b800016108a6,2591,1,35,barchart-first-19-double-tallest-35,left,tallest,double,single,2026-04-11 18:50:13.4030000
3744,695fb3678de780f2824eecf5,1333,1,14,barchart-first-55-random-shortest-14,left,shortest,random,single,2026-04-11 18:50:04.8110000
3745,5ba3e0889ac9510001bf1c00,882,1,71,barchart-second-74-random-tallest-23,right,tallest,random,single,2026-04-11 18:50:06.1200000
3746,6341b7b2e340e467cab1363b,1364,1,48,barchart-second-20-same-shortest-0,left,shortest,same,single,2026-04-11 18:50:03.8450000
3747,695fb3678de780f2824eecf5,1378,1,15,barchart-first-00-random-shortest-15,left,shortest,random,single,2026-04-11 18:50:06.7540000
3748,5d1511f1e814b800016108a6,1799,1,36,barchart-first-75-double-tallest-36,left,tallest,double,single,2026-04-11 18:50:15.8030000
3749,6341b7b2e340e467cab1363b,1279,1,49,barchart-second-46-double-shortest-1,left,shortest,double,single,2026-04-11 18:50:05.6850000
3750,695fb3678de780f2824eecf5,1089,1,16,barchart-first-48-random-shortest-16,right,shortest,random,single,2026-04-11 18:50:08.4180000
3751,5ba3e0889ac9510001bf1c00,673,1,72,barchart-second-44-same-tallest-24,right,tallest,same,single,2026-04-11 18:50:08.8760000
3752,5ba3e0889ac9510001bf1c00,721,1,73,barchart-second-03-same-tallest-25,right,tallest,same,single,2026-04-11 18:50:10.1680000
3753,5d1511f1e814b800016108a6,2548,1,37,barchart-first-45-double-tallest-37,left,tallest,double,single,2026-04-11 18:50:18.9550000
3754,6341b7b2e340e467cab1363b,1883,1,50,barchart-second-07-same-shortest-2,left,shortest,same,single,2026-04-11 18:50:08.1250000
3755,695fb3678de780f2824eecf5,1411,1,17,barchart-first-53-random-shortest-17,right,shortest,random,single,2026-04-11 18:50:10.3940000
3756,5ba3e0889ac9510001bf1c00,553,1,74,barchart-second-28-random-tallest-26,right,tallest,random,single,2026-04-11 18:50:11.2790000
3757,5ba3e0889ac9510001bf1c00,551,1,75,barchart-second-39-random-tallest-27,right,tallest,random,single,2026-04-11 18:50:12.3840000
3758,6341b7b2e340e467cab1363b,1302,1,51,barchart-second-75-random-shortest-3,left,shortest,random,single,2026-04-11 18:50:09.9970000
3759,695fb3678de780f2824eecf5,1963,1,18,barchart-first-35-double-shortest-18,left,shortest,double,single,2026-04-11 18:50:12.9320000
3760,5d1511f1e814b800016108a6,2596,1,38,barchart-first-76-random-tallest-38,right,tallest,random,single,2026-04-11 18:50:22.1550000
3761,5ba3e0889ac9510001bf1c00,593,1,76,barchart-second-26-random-tallest-28,right,tallest,random,single,2026-04-11 18:50:13.5440000
3762,6341b7b2e340e467cab1363b,1434,1,52,barchart-second-14-same-shortest-4,right,shortest,same,single,2026-04-11 18:50:11.9980000
3763,5ba3e0889ac9510001bf1c00,726,1,77,barchart-second-37-same-tallest-29,left,tallest,same,single,2026-04-11 18:50:14.8330000
3764,695fb3678de780f2824eecf5,1996,1,19,barchart-first-80-same-shortest-19,left,shortest,same,single,2026-04-11 18:50:15.5050000
3765,5d1511f1e814b800016108a6,1931,1,39,barchart-first-03-double-tallest-39,right,tallest,double,single,2026-04-11 18:50:24.6830000
3766,6341b7b2e340e467cab1363b,1157,1,53,barchart-second-82-random-shortest-5,right,shortest,random,single,2026-04-11 18:50:13.7170000
3767,5ba3e0889ac9510001bf1c00,794,1,78,barchart-second-89-same-tallest-30,left,tallest,same,single,2026-04-11 18:50:16.1970000
3768,5ba3e0889ac9510001bf1c00,696,1,79,barchart-second-08-random-tallest-31,left,tallest,random,single,2026-04-11 18:50:17.4450000
3769,6341b7b2e340e467cab1363b,1550,1,54,barchart-second-85-double-shortest-6,left,shortest,double,single,2026-04-11 18:50:15.8300000
3770,5ba3e0889ac9510001bf1c00,625,1,80,barchart-second-66-double-tallest-32,right,tallest,double,single,2026-04-11 18:50:18.6270000
3771,5d1511f1e814b800016108a6,3022,1,40,barchart-first-22-double-tallest-40,left,tallest,double,single,2026-04-11 18:50:28.3070000
3772,6341b7b2e340e467cab1363b,990,1,55,barchart-second-03-same-shortest-7,left,shortest,same,single,2026-04-11 18:50:17.3820000
3773,5ba3e0889ac9510001bf1c00,626,1,81,barchart-second-59-random-tallest-33,left,tallest,random,single,2026-04-11 18:50:19.8120000
3774,695fb3678de780f2824eecf5,4574,1,20,barchart-first-50-random-shortest-20,right,shortest,random,single,2026-04-11 18:50:20.6530000
3775,5ba3e0889ac9510001bf1c00,648,1,82,barchart-second-14-random-tallest-34,left,tallest,random,single,2026-04-11 18:50:21.0130000
3776,6341b7b2e340e467cab1363b,1040,1,56,barchart-second-25-double-shortest-8,left,shortest,double,single,2026-04-11 18:50:18.9900000
3777,5ba3e0889ac9510001bf1c00,804,1,83,barchart-second-27-double-tallest-35,left,tallest,double,single,2026-04-11 18:50:22.3730000
3778,5d1511f1e814b800016108a6,2300,1,41,barchart-first-12-random-tallest-41,left,tallest,random,single,2026-04-11 18:50:31.2030000
3779,6341b7b2e340e467cab1363b,975,1,57,barchart-second-41-same-shortest-9,right,shortest,same,single,2026-04-11 18:50:20.5260000
3780,5ba3e0889ac9510001bf1c00,615,1,84,barchart-second-38-double-tallest-36,right,tallest,double,single,2026-04-11 18:50:23.5440000
3781,5ba3e0889ac9510001bf1c00,627,1,85,barchart-second-92-double-tallest-37,right,tallest,double,single,2026-04-11 18:50:24.7250000
3782,695fb3678de780f2824eecf5,3333,1,21,barchart-first-56-double-shortest-21,left,shortest,double,single,2026-04-11 18:50:24.5690000
3783,6341b7b2e340e467cab1363b,1240,1,58,barchart-second-52-double-shortest-10,right,shortest,double,single,2026-04-11 18:50:22.3270000
3784,6942cf2f7af91fcf562c0996,2819,1,0,barchart-first-08-random-shortest-0,left,shortest,random,single,2026-04-11 18:50:23.9530000
3785,5d1511f1e814b800016108a6,1712,1,42,barchart-first-17-random-tallest-42,right,tallest,random,single,2026-04-11 18:50:33.5230000
3786,5ba3e0889ac9510001bf1c00,943,1,86,barchart-second-65-same-tallest-38,right,tallest,same,single,2026-04-11 18:50:26.2740000
3787,6341b7b2e340e467cab1363b,1341,1,59,barchart-second-11-random-shortest-11,right,shortest,random,single,2026-04-11 18:50:24.2870000
3788,695fb3678de780f2824eecf5,1897,1,22,barchart-first-04-same-shortest-22,left,shortest,same,single,2026-04-11 18:50:27.0940000
3789,6942cf2f7af91fcf562c0996,2208,1,1,barchart-first-78-random-shortest-1,right,shortest,random,single,2026-04-11 18:50:26.8190000
3790,5d1511f1e814b800016108a6,2383,1,43,barchart-first-55-same-tallest-43,left,tallest,same,single,2026-04-11 18:50:36.5620000
3791,5ba3e0889ac9510001bf1c00,1402,1,87,barchart-second-53-same-tallest-39,left,tallest,same,single,2026-04-11 18:50:28.2380000
3792,6341b7b2e340e467cab1363b,1205,1,60,barchart-second-56-random-shortest-12,left,shortest,random,single,2026-04-11 18:50:26.0470000
3793,5ba3e0889ac9510001bf1c00,1010,1,88,barchart-second-40-random-tallest-40,left,tallest,random,single,2026-04-11 18:50:29.8030000
3794,695fb3678de780f2824eecf5,2103,1,23,barchart-first-24-random-shortest-23,left,shortest,random,single,2026-04-11 18:50:29.7710000
3795,6942cf2f7af91fcf562c0996,1783,1,2,barchart-first-52-same-shortest-2,right,shortest,same,single,2026-04-11 18:50:29.1970000
3796,6341b7b2e340e467cab1363b,1139,1,61,barchart-second-17-double-shortest-13,right,shortest,double,single,2026-04-11 18:50:27.7520000
3797,5ba3e0889ac9510001bf1c00,983,1,89,barchart-second-46-double-tallest-41,right,tallest,double,single,2026-04-11 18:50:31.3430000
3798,5d1511f1e814b800016108a6,2912,1,44,barchart-first-43-random-tallest-44,right,tallest,random,single,2026-04-11 18:50:40.0820000
3799,6341b7b2e340e467cab1363b,928,1,62,barchart-second-10-double-shortest-14,left,shortest,double,single,2026-04-11 18:50:29.2480000
3800,6942cf2f7af91fcf562c0996,1853,1,3,barchart-first-56-double-shortest-3,left,shortest,double,single,2026-04-11 18:50:31.6410000
3801,5ba3e0889ac9510001bf1c00,758,1,90,barchart-second-35-double-tallest-42,left,tallest,double,single,2026-04-11 18:50:32.6600000
3802,5d1511f1e814b800016108a6,1689,1,45,barchart-first-70-random-tallest-45,left,tallest,random,single,2026-04-11 18:50:42.3780000
3803,6341b7b2e340e467cab1363b,1642,1,63,barchart-second-58-same-shortest-15,left,shortest,same,single,2026-04-11 18:50:31.4560000
3804,5ba3e0889ac9510001bf1c00,756,1,91,barchart-second-64-random-tallest-43,left,tallest,random,single,2026-04-11 18:50:33.9760000
3805,5ba3e0889ac9510001bf1c00,717,1,92,barchart-second-56-same-tallest-44,left,tallest,same,single,2026-04-11 18:50:35.2520000
3806,6942cf2f7af91fcf562c0996,2386,1,4,barchart-first-64-random-shortest-4,left,shortest,random,single,2026-04-11 18:50:34.6110000
3807,6341b7b2e340e467cab1363b,1143,1,64,barchart-second-35-random-shortest-16,left,shortest,random,single,2026-04-11 18:50:33.1600000
3808,5d1511f1e814b800016108a6,2286,1,46,barchart-first-72-same-tallest-46,left,tallest,same,single,2026-04-11 18:50:45.2730000
3809,5ba3e0889ac9510001bf1c00,1094,1,93,barchart-second-21-same-tallest-45,right,tallest,same,single,2026-04-11 18:50:36.9060000
3810,6341b7b2e340e467cab1363b,1625,1,65,barchart-second-93-same-shortest-17,right,shortest,same,single,2026-04-11 18:50:35.3520000
3811,6942cf2f7af91fcf562c0996,2406,1,5,barchart-first-21-random-shortest-5,right,shortest,random,single,2026-04-11 18:50:37.5920000
3812,5ba3e0889ac9510001bf1c00,932,1,94,barchart-second-15-double-tallest-46,right,tallest,double,single,2026-04-11 18:50:38.3980000
3813,6341b7b2e340e467cab1363b,1262,1,66,barchart-second-32-double-shortest-18,right,shortest,double,single,2026-04-11 18:50:37.1770000
3814,5ba3e0889ac9510001bf1c00,844,1,95,barchart-second-85-double-tallest-47,left,tallest,double,single,2026-04-11 18:50:39.8060000
3815,6341b7b2e340e467cab1363b,1052,1,67,barchart-second-33-double-shortest-19,right,shortest,double,single,2026-04-11 18:50:38.7930000
3816,5d1511f1e814b800016108a6,4315,1,47,barchart-first-39-double-tallest-47,right,tallest,double,single,2026-04-11 18:50:50.1850000
3817,6942cf2f7af91fcf562c0996,2944,1,6,barchart-first-47-same-shortest-6,left,shortest,same,single,2026-04-11 18:50:41.1200000
3818,6341b7b2e340e467cab1363b,1078,1,68,barchart-second-01-double-shortest-20,right,shortest,double,single,2026-04-11 18:50:40.4330000
3819,695fb3678de780f2824eecf5,4255,1,24,barchart-first-91-same-shortest-24,right,shortest,same,single,2026-04-11 18:50:43.7360000
3820,6341b7b2e340e467cab1363b,1121,1,69,barchart-second-21-random-shortest-21,right,shortest,random,single,2026-04-11 18:50:42.1220000
3821,6942cf2f7af91fcf562c0996,2083,1,7,barchart-first-48-same-shortest-7,right,shortest,same,single,2026-04-11 18:50:43.7790000
3822,695fb3678de780f2824eecf5,2118,1,25,barchart-first-44-double-shortest-25,left,shortest,double,single,2026-04-11 18:50:46.4270000
3823,6341b7b2e340e467cab1363b,1541,1,70,barchart-second-47-random-shortest-22,left,shortest,random,single,2026-04-11 18:50:44.2340000
3824,6942cf2f7af91fcf562c0996,2218,1,8,barchart-first-33-random-shortest-8,right,shortest,random,single,2026-04-11 18:50:46.5730000
3825,695fb3678de780f2824eecf5,983,1,26,barchart-first-90-random-shortest-26,left,shortest,random,single,2026-04-11 18:50:47.9900000
3826,6341b7b2e340e467cab1363b,1165,1,71,barchart-second-74-random-shortest-23,left,shortest,random,single,2026-04-11 18:50:45.9700000
3827,6942cf2f7af91fcf562c0996,1998,1,9,barchart-first-43-double-shortest-9,left,shortest,double,single,2026-04-11 18:50:49.1580000
3828,695fb3678de780f2824eecf5,1378,1,27,barchart-first-17-double-shortest-27,right,shortest,double,single,2026-04-11 18:50:49.9400000
3829,695fb3678de780f2824eecf5,1470,1,28,barchart-first-23-double-shortest-28,right,shortest,double,single,2026-04-11 18:50:51.9740000
3830,6942cf2f7af91fcf562c0996,2066,1,10,barchart-first-54-double-shortest-10,left,shortest,double,single,2026-04-11 18:50:51.7970000
3831,6341b7b2e340e467cab1363b,1285,1,72,barchart-second-02-random-shortest-24,right,shortest,random,single,2026-04-11 18:50:51.1630000
3832,695fb3678de780f2824eecf5,2152,1,29,barchart-first-14-random-shortest-29,right,shortest,random,single,2026-04-11 18:50:54.7100000
3833,6942cf2f7af91fcf562c0996,1876,1,11,barchart-first-01-double-shortest-11,right,shortest,double,single,2026-04-11 18:50:54.2510000
3834,6341b7b2e340e467cab1363b,1305,1,73,barchart-second-15-same-shortest-25,right,shortest,same,single,2026-04-11 18:50:53.0270000
3835,695fb3678de780f2824eecf5,1140,1,30,barchart-first-08-random-shortest-30,left,shortest,random,single,2026-04-11 18:50:56.4270000
3836,6341b7b2e340e467cab1363b,1432,1,74,barchart-second-54-random-shortest-26,left,shortest,random,single,2026-04-11 18:50:55.0270000
3837,6942cf2f7af91fcf562c0996,2160,1,12,barchart-first-71-random-shortest-12,left,shortest,random,single,2026-04-11 18:50:56.9960000
3838,6341b7b2e340e467cab1363b,930,1,75,barchart-second-06-same-shortest-27,right,shortest,same,single,2026-04-11 18:50:56.5230000
3839,695fb3678de780f2824eecf5,3156,1,31,barchart-first-67-same-shortest-31,left,shortest,same,single,2026-04-11 18:51:00.1620000
3840,6341b7b2e340e467cab1363b,1208,1,76,barchart-second-19-double-shortest-28,left,shortest,double,single,2026-04-11 18:50:58.3000000
3841,6942cf2f7af91fcf562c0996,2977,1,13,barchart-first-13-random-shortest-13,left,shortest,random,single,2026-04-11 18:51:00.5520000
3842,6341b7b2e340e467cab1363b,1322,1,77,barchart-second-22-double-shortest-29,right,shortest,double,single,2026-04-11 18:51:00.1800000
3843,695fb3678de780f2824eecf5,1849,1,32,barchart-first-39-same-shortest-32,right,shortest,same,single,2026-04-11 18:51:02.5910000
3844,6942cf2f7af91fcf562c0996,1779,1,14,barchart-first-18-same-shortest-14,right,shortest,same,single,2026-04-11 18:51:02.9110000
3845,6341b7b2e340e467cab1363b,1003,1,78,barchart-second-67-random-shortest-30,left,shortest,random,single,2026-04-11 18:51:01.7480000
3846,695fb3678de780f2824eecf5,1663,1,33,barchart-first-65-random-shortest-33,right,shortest,random,single,2026-04-11 18:51:04.8290000
3847,6341b7b2e340e467cab1363b,953,1,79,barchart-second-12-same-shortest-31,left,shortest,same,single,2026-04-11 18:51:03.2600000
3848,6942cf2f7af91fcf562c0996,1609,1,15,barchart-first-31-same-shortest-15,right,shortest,same,single,2026-04-11 18:51:05.0930000
3849,695fb3678de780f2824eecf5,1122,1,34,barchart-first-06-double-shortest-34,right,shortest,double,single,2026-04-11 18:51:06.5300000
3850,6341b7b2e340e467cab1363b,1098,1,80,barchart-second-70-same-shortest-32,right,shortest,same,single,2026-04-11 18:51:04.9250000
3851,6942cf2f7af91fcf562c0996,1446,1,16,barchart-first-26-same-shortest-16,left,shortest,same,single,2026-04-11 18:51:07.1200000
3852,6341b7b2e340e467cab1363b,1162,1,81,barchart-second-65-double-shortest-33,right,shortest,double,single,2026-04-11 18:51:06.6450000
3853,695fb3678de780f2824eecf5,1984,1,35,barchart-first-58-double-shortest-35,left,shortest,double,single,2026-04-11 18:51:09.0950000
3854,698e932beef10fc1f3bc13fb,1388,1,0,barchart-first-69-same-shortest-0,right,shortest,same,single,2026-04-11 18:51:06.6210000
3855,6341b7b2e340e467cab1363b,1069,1,82,barchart-second-78-same-shortest-34,right,shortest,same,single,2026-04-11 18:51:08.2770000
3856,695fb3678de780f2824eecf5,1642,1,36,barchart-first-74-double-shortest-36,left,shortest,double,single,2026-04-11 18:51:11.3130000
3857,698e932beef10fc1f3bc13fb,1683,1,1,barchart-first-54-same-shortest-1,left,shortest,same,single,2026-04-11 18:51:08.8450000
3858,6942cf2f7af91fcf562c0996,3388,1,17,barchart-first-88-same-shortest-17,left,shortest,same,single,2026-04-11 18:51:11.0840000
3859,6341b7b2e340e467cab1363b,984,1,83,barchart-second-64-same-shortest-35,left,shortest,same,single,2026-04-11 18:51:09.8210000
3860,698e932beef10fc1f3bc13fb,1354,1,2,barchart-first-71-random-shortest-2,left,shortest,random,single,2026-04-11 18:51:10.8150000
3861,695fb3678de780f2824eecf5,1963,1,37,barchart-first-61-same-shortest-37,left,shortest,same,single,2026-04-11 18:51:13.8540000
3862,6341b7b2e340e467cab1363b,1479,1,84,barchart-second-79-same-shortest-36,right,shortest,same,single,2026-04-11 18:51:11.8700000
3863,698e932beef10fc1f3bc13fb,905,1,3,barchart-first-40-random-shortest-3,right,shortest,random,single,2026-04-11 18:51:12.3410000
3864,6341b7b2e340e467cab1363b,1082,1,85,barchart-second-77-double-shortest-37,left,shortest,double,single,2026-04-11 18:51:13.5100000
3865,695fb3678de780f2824eecf5,1386,1,38,barchart-first-16-double-shortest-38,right,shortest,double,single,2026-04-11 18:51:15.8210000
3866,6942cf2f7af91fcf562c0996,4255,1,18,barchart-first-07-double-shortest-18,left,shortest,double,single,2026-04-11 18:51:15.9210000
3867,698e932beef10fc1f3bc13fb,1691,1,4,barchart-first-89-double-shortest-4,right,shortest,double,single,2026-04-11 18:51:14.5820000
3868,6341b7b2e340e467cab1363b,1147,1,86,barchart-second-37-double-shortest-38,left,shortest,double,single,2026-04-11 18:51:15.2140000
3869,695fb3678de780f2824eecf5,1117,0,39,barchart-first-70-random-shortest-39,left,shortest,random,single,2026-04-11 18:51:17.5060000
3870,698e932beef10fc1f3bc13fb,1321,1,5,barchart-first-25-same-shortest-5,left,shortest,same,single,2026-04-11 18:51:16.4610000
3871,6341b7b2e340e467cab1363b,1739,1,87,barchart-second-57-random-shortest-39,right,shortest,random,single,2026-04-11 18:51:17.5100000
3872,6942cf2f7af91fcf562c0996,2789,1,19,barchart-first-24-same-shortest-19,left,shortest,same,single,2026-04-11 18:51:19.3040000
3873,6341b7b2e340e467cab1363b,1349,1,88,barchart-second-26-same-shortest-40,left,shortest,same,single,2026-04-11 18:51:19.4310000
3874,698e932beef10fc1f3bc13fb,2518,1,6,barchart-first-95-same-shortest-6,left,shortest,same,single,2026-04-11 18:51:19.5250000
3875,695fb3678de780f2824eecf5,3994,1,40,barchart-first-03-random-shortest-40,left,shortest,random,single,2026-04-11 18:51:23.0960000
3876,6942cf2f7af91fcf562c0996,2656,1,20,barchart-first-62-double-shortest-20,right,shortest,double,single,2026-04-11 18:51:22.5500000
3877,6341b7b2e340e467cab1363b,1683,1,89,barchart-second-29-random-shortest-41,right,shortest,random,single,2026-04-11 18:51:21.6710000
3878,698e932beef10fc1f3bc13fb,1781,1,7,barchart-first-11-same-shortest-7,right,shortest,same,single,2026-04-11 18:51:21.8530000
3879,6341b7b2e340e467cab1363b,1369,1,90,barchart-second-28-random-shortest-42,right,shortest,random,single,2026-04-11 18:51:23.6070000
3880,6942cf2f7af91fcf562c0996,2714,1,21,barchart-first-32-double-shortest-21,right,shortest,double,single,2026-04-11 18:51:25.8470000
3881,698e932beef10fc1f3bc13fb,1449,1,8,barchart-first-60-random-shortest-8,right,shortest,random,single,2026-04-11 18:51:23.8610000
3882,695fb3678de780f2824eecf5,2901,1,41,barchart-first-30-double-shortest-41,right,shortest,double,single,2026-04-11 18:51:26.5760000
3883,654a86d08714f739c9fcea21,3540,1,0,barchart-first-61-same-shortest-0,left,shortest,same,single,2026-04-11 18:51:27.4810000
3884,6341b7b2e340e467cab1363b,1409,1,91,barchart-second-81-same-shortest-43,left,shortest,same,single,2026-04-11 18:51:25.5750000
3885,695fb3678de780f2824eecf5,1141,1,42,barchart-first-12-same-shortest-42,left,shortest,same,single,2026-04-11 18:51:28.2860000
3886,698e932beef10fc1f3bc13fb,1413,1,9,barchart-first-80-random-shortest-9,left,shortest,random,single,2026-04-11 18:51:25.8130000
3887,6942cf2f7af91fcf562c0996,2114,1,22,barchart-first-25-random-shortest-22,left,shortest,random,single,2026-04-11 18:51:28.5360000
3888,6341b7b2e340e467cab1363b,1226,1,92,barchart-second-80-random-shortest-44,left,shortest,random,single,2026-04-11 18:51:27.3600000
3889,695fb3678de780f2824eecf5,1802,1,43,barchart-first-78-double-shortest-43,right,shortest,double,single,2026-04-11 18:51:30.6630000
3890,698e932beef10fc1f3bc13fb,2257,1,10,barchart-first-44-random-shortest-10,left,shortest,random,single,2026-04-11 18:51:28.6340000
3891,654a86d08714f739c9fcea21,3718,1,1,barchart-first-86-double-shortest-1,right,shortest,double,single,2026-04-11 18:51:31.7420000
3892,6341b7b2e340e467cab1363b,1971,1,93,barchart-second-86-double-shortest-45,right,shortest,double,single,2026-04-11 18:51:29.8960000
3893,6942cf2f7af91fcf562c0996,3076,1,23,barchart-first-14-double-shortest-23,right,shortest,double,single,2026-04-11 18:51:32.1890000
3894,698e932beef10fc1f3bc13fb,1847,1,11,barchart-first-33-same-shortest-11,right,shortest,same,single,2026-04-11 18:51:31.0270000
3895,6341b7b2e340e467cab1363b,1213,1,94,barchart-second-05-random-shortest-46,right,shortest,random,single,2026-04-11 18:51:31.6640000
3896,695fb3678de780f2824eecf5,2785,1,44,barchart-first-43-random-shortest-44,left,shortest,random,single,2026-04-11 18:51:34.0210000
3897,6341b7b2e340e467cab1363b,1179,1,95,barchart-second-71-double-shortest-47,left,shortest,double,single,2026-04-11 18:51:33.4090000
3898,698e932beef10fc1f3bc13fb,1633,1,12,barchart-first-70-double-shortest-12,right,shortest,double,single,2026-04-11 18:51:33.2060000
3899,695fb3678de780f2824eecf5,1894,1,45,barchart-first-84-same-shortest-45,right,shortest,same,single,2026-04-11 18:51:36.4840000
3900,69d1792ab955b741a9779e5f,7408,1,0,barchart-first-20-same-shortest-0,left,shortest,same,single,2026-04-11 18:51:36.4140000
3901,654a86d08714f739c9fcea21,5249,1,2,barchart-first-71-random-shortest-2,left,shortest,random,single,2026-04-11 18:51:37.5340000
3902,698e932beef10fc1f3bc13fb,2607,1,13,barchart-first-29-random-shortest-13,right,shortest,random,single,2026-04-11 18:51:36.3730000
3903,695fb3678de780f2824eecf5,2040,1,46,barchart-first-10-random-shortest-46,left,shortest,random,single,2026-04-11 18:51:39.1020000
3904,695fb3678de780f2824eecf5,1192,1,47,barchart-first-52-same-shortest-47,right,shortest,same,single,2026-04-11 18:51:40.8670000
3905,69d1792ab955b741a9779e5f,3819,1,1,barchart-first-58-double-shortest-1,left,shortest,double,single,2026-04-11 18:51:41.8300000
3906,698e932beef10fc1f3bc13fb,1573,1,14,barchart-first-66-random-shortest-14,left,shortest,random,single,2026-04-11 18:51:38.5020000
3907,654a86d08714f739c9fcea21,4209,1,3,barchart-first-50-same-shortest-3,right,shortest,same,single,2026-04-11 18:51:42.3100000
3908,6942cf2f7af91fcf562c0996,6612,1,24,barchart-first-63-double-shortest-24,right,shortest,double,single,2026-04-11 18:51:41.7730000
3909,698e932beef10fc1f3bc13fb,2535,1,15,barchart-first-51-double-shortest-15,right,shortest,double,single,2026-04-11 18:51:41.5860000
3910,69d1792ab955b741a9779e5f,3527,1,2,barchart-first-44-same-shortest-2,left,shortest,same,single,2026-04-11 18:51:46.1420000
3911,6942cf2f7af91fcf562c0996,3949,1,25,barchart-first-74-same-shortest-25,left,shortest,same,single,2026-04-11 18:51:46.2940000
3912,654a86d08714f739c9fcea21,4602,1,4,barchart-first-25-same-shortest-4,left,shortest,same,single,2026-04-11 18:51:47.4700000
3913,698e932beef10fc1f3bc13fb,2750,1,16,barchart-first-76-double-shortest-16,left,shortest,double,single,2026-04-11 18:51:44.9140000
3914,6942cf2f7af91fcf562c0996,1894,1,26,barchart-first-58-random-shortest-26,left,shortest,random,single,2026-04-11 18:51:48.7710000
3915,698e932beef10fc1f3bc13fb,1742,1,17,barchart-first-24-same-shortest-17,left,shortest,same,single,2026-04-11 18:51:47.2110000
3916,69d1792ab955b741a9779e5f,4039,1,3,barchart-first-35-random-shortest-3,left,shortest,random,single,2026-04-11 18:51:50.9660000
3917,6942cf2f7af91fcf562c0996,1893,1,27,barchart-first-75-double-shortest-27,left,shortest,double,single,2026-04-11 18:51:51.2400000
3918,698e932beef10fc1f3bc13fb,1602,1,18,barchart-first-84-same-shortest-18,right,shortest,same,single,2026-04-11 18:51:49.3650000
3919,654a86d08714f739c9fcea21,4389,1,5,barchart-first-30-same-shortest-5,right,shortest,same,single,2026-04-11 18:51:52.4140000
3920,698e932beef10fc1f3bc13fb,1810,1,19,barchart-first-90-double-shortest-19,left,shortest,double,single,2026-04-11 18:51:51.7330000
3921,6942cf2f7af91fcf562c0996,2415,1,28,barchart-first-29-double-shortest-28,right,shortest,double,single,2026-04-11 18:51:54.2410000
3922,698e932beef10fc1f3bc13fb,1661,1,20,barchart-first-75-random-shortest-20,left,shortest,random,single,2026-04-11 18:51:53.9380000
3923,69d1792ab955b741a9779e5f,5984,1,4,barchart-first-42-same-shortest-4,right,shortest,same,single,2026-04-11 18:51:57.7380000
3924,5d1511f1e814b800016108a6,3095,1,48,barchart-second-86-double-shortest-0,right,shortest,double,single,2026-04-11 18:52:07.6340000
3925,6942cf2f7af91fcf562c0996,3986,1,29,barchart-first-37-random-shortest-29,left,shortest,random,single,2026-04-11 18:51:58.8070000
3926,698e932beef10fc1f3bc13fb,2356,1,21,barchart-first-79-random-shortest-21,right,shortest,random,single,2026-04-11 18:51:56.8810000
3927,654a86d08714f739c9fcea21,7265,1,6,barchart-first-07-double-shortest-6,left,shortest,double,single,2026-04-11 18:52:00.2380000
3928,69d1792ab955b741a9779e5f,4107,1,5,barchart-first-21-double-shortest-5,right,shortest,double,single,2026-04-11 18:52:02.3530000
3929,698e932beef10fc1f3bc13fb,2030,1,22,barchart-first-23-random-shortest-22,right,shortest,random,single,2026-04-11 18:51:59.4610000
3930,5d1511f1e814b800016108a6,2776,1,49,barchart-second-42-double-shortest-1,right,shortest,double,single,2026-04-11 18:52:11.3270000
3931,6942cf2f7af91fcf562c0996,2783,1,30,barchart-first-39-same-shortest-30,right,shortest,same,single,2026-04-11 18:52:02.1590000
3932,654a86d08714f739c9fcea21,2744,1,7,barchart-first-91-double-shortest-7,right,shortest,double,single,2026-04-11 18:52:03.5340000
3933,698e932beef10fc1f3bc13fb,1600,1,23,barchart-first-17-double-shortest-23,right,shortest,double,single,2026-04-11 18:52:01.6210000
3934,6942cf2f7af91fcf562c0996,2734,1,31,barchart-first-40-same-shortest-31,right,shortest,same,single,2026-04-11 18:52:05.4650000
3935,69d1792ab955b741a9779e5f,4054,1,6,barchart-first-16-random-shortest-6,right,shortest,random,single,2026-04-11 18:52:07.1910000
3936,654a86d08714f739c9fcea21,4169,1,8,barchart-first-47-same-shortest-8,left,shortest,same,single,2026-04-11 18:52:08.2500000
3937,698e932beef10fc1f3bc13fb,1369,1,24,barchart-first-31-same-shortest-24,right,shortest,same,single,2026-04-11 18:52:06.6940000
3938,6942cf2f7af91fcf562c0996,3086,1,32,barchart-first-55-same-shortest-32,left,shortest,same,single,2026-04-11 18:52:09.1340000
3939,5d1511f1e814b800016108a6,3198,1,50,barchart-second-74-same-shortest-2,left,shortest,same,single,2026-04-11 18:52:18.9100000
3940,698e932beef10fc1f3bc13fb,3149,0,25,barchart-first-07-double-shortest-25,right,shortest,double,single,2026-04-11 18:52:10.4010000
3941,5d1511f1e814b800016108a6,2928,1,51,barchart-second-08-same-shortest-3,left,shortest,same,single,2026-04-11 18:52:22.5430000
3942,654a86d08714f739c9fcea21,5291,1,9,barchart-first-18-same-shortest-9,right,shortest,same,single,2026-04-11 18:52:14.0870000
3943,6942cf2f7af91fcf562c0996,3696,1,33,barchart-first-95-random-shortest-33,left,shortest,random,single,2026-04-11 18:52:13.4130000
3944,69d1792ab955b741a9779e5f,6441,1,7,barchart-first-08-double-shortest-7,left,shortest,double,single,2026-04-11 18:52:15.2310000
3945,5d1511f1e814b800016108a6,1850,1,52,barchart-second-64-same-shortest-4,left,shortest,same,single,2026-04-11 18:52:24.9920000
3946,698e932beef10fc1f3bc13fb,1578,1,26,barchart-first-50-random-shortest-26,right,shortest,random,single,2026-04-11 18:52:13.5330000
3947,6942cf2f7af91fcf562c0996,2646,1,34,barchart-first-87-double-shortest-34,left,shortest,double,single,2026-04-11 18:52:16.6340000
3948,698e932beef10fc1f3bc13fb,1300,1,27,barchart-first-02-random-shortest-27,right,shortest,random,single,2026-04-11 18:52:15.4140000
3949,69d1792ab955b741a9779e5f,2735,1,8,barchart-first-53-double-shortest-8,right,shortest,double,single,2026-04-11 18:52:19.6370000
3950,5d1511f1e814b800016108a6,2236,1,53,barchart-second-80-random-shortest-5,left,shortest,random,single,2026-04-11 18:52:27.8140000
3951,654a86d08714f739c9fcea21,5423,1,10,barchart-first-93-random-shortest-10,right,shortest,random,single,2026-04-11 18:52:20.0620000
3952,6942cf2f7af91fcf562c0996,2242,1,35,barchart-first-02-random-shortest-35,right,shortest,random,single,2026-04-11 18:52:19.4590000
3953,698e932beef10fc1f3bc13fb,2610,1,28,barchart-first-34-random-shortest-28,left,shortest,random,single,2026-04-11 18:52:18.5810000
3954,5d1511f1e814b800016108a6,2862,1,54,barchart-second-59-double-shortest-6,left,shortest,double,single,2026-04-11 18:52:31.3290000
3955,69d1792ab955b741a9779e5f,3102,1,9,barchart-first-26-double-shortest-9,left,shortest,double,single,2026-04-11 18:52:23.5360000
3956,654a86d08714f739c9fcea21,2568,1,11,barchart-first-90-same-shortest-11,left,shortest,same,single,2026-04-11 18:52:23.1820000
3957,6942cf2f7af91fcf562c0996,2520,1,36,barchart-first-16-random-shortest-36,right,shortest,random,single,2026-04-11 18:52:22.5550000
3958,698e932beef10fc1f3bc13fb,1737,1,29,barchart-first-93-random-shortest-29,right,shortest,random,single,2026-04-11 18:52:20.8930000
3959,698e932beef10fc1f3bc13fb,1660,1,30,barchart-first-28-double-shortest-30,right,shortest,double,single,2026-04-11 18:52:23.0990000
3960,6942cf2f7af91fcf562c0996,2132,1,37,barchart-first-36-same-shortest-37,left,shortest,same,single,2026-04-11 18:52:25.2650000
3961,5d1511f1e814b800016108a6,2834,1,55,barchart-second-13-double-shortest-7,left,shortest,double,single,2026-04-11 18:52:34.7750000
3962,698e932beef10fc1f3bc13fb,1673,1,31,barchart-first-88-same-shortest-31,left,shortest,same,single,2026-04-11 18:52:25.3330000
3963,654a86d08714f739c9fcea21,4571,1,12,barchart-first-68-random-shortest-12,right,shortest,random,single,2026-04-11 18:52:28.3020000
3964,6942cf2f7af91fcf562c0996,2124,1,38,barchart-first-46-double-shortest-38,left,shortest,double,single,2026-04-11 18:52:27.9690000
3965,5d1511f1e814b800016108a6,2526,1,56,barchart-second-94-same-shortest-8,right,shortest,same,single,2026-04-11 18:52:37.8950000
3966,698e932beef10fc1f3bc13fb,1238,1,32,barchart-first-46-double-shortest-32,left,shortest,double,single,2026-04-11 18:52:27.1180000
3967,6942cf2f7af91fcf562c0996,1823,1,39,barchart-first-12-double-shortest-39,left,shortest,double,single,2026-04-11 18:52:30.3730000
3968,695fb3678de780f2824eecf5,1367,1,48,barchart-second-93-same-tallest-0,left,tallest,same,single,2026-04-11 18:52:31.0020000
3969,5d1511f1e814b800016108a6,2038,1,57,barchart-second-37-random-shortest-9,left,shortest,random,single,2026-04-11 18:52:40.5750000
3970,698e932beef10fc1f3bc13fb,1577,1,33,barchart-first-55-random-shortest-33,left,shortest,random,single,2026-04-11 18:52:29.2370000
3971,654a86d08714f739c9fcea21,3560,1,13,barchart-first-32-double-shortest-13,right,shortest,double,single,2026-04-11 18:52:32.4140000
3972,6942cf2f7af91fcf562c0996,2334,1,40,barchart-first-77-same-shortest-40,left,shortest,same,single,2026-04-11 18:52:33.2770000
3973,698e932beef10fc1f3bc13fb,1695,1,34,barchart-first-35-same-shortest-34,left,shortest,same,single,2026-04-11 18:52:31.4840000
3974,69d1792ab955b741a9779e5f,10252,1,10,barchart-first-67-double-shortest-10,left,shortest,double,single,2026-04-11 18:52:34.5570000
3975,695fb3678de780f2824eecf5,3396,1,49,barchart-second-54-double-tallest-1,right,tallest,double,single,2026-04-11 18:52:34.9660000
3976,5d1511f1e814b800016108a6,2649,1,58,barchart-second-15-same-shortest-10,right,shortest,same,single,2026-04-11 18:52:43.8330000
3977,654a86d08714f739c9fcea21,2177,1,14,barchart-first-01-double-shortest-14,right,shortest,double,single,2026-04-11 18:52:35.1400000
3978,698e932beef10fc1f3bc13fb,2063,1,35,barchart-first-61-same-shortest-35,left,shortest,same,single,2026-04-11 18:52:34.0980000
3979,695fb3678de780f2824eecf5,1310,1,50,barchart-second-34-random-tallest-2,left,tallest,random,single,2026-04-11 18:52:36.9230000
3980,6942cf2f7af91fcf562c0996,2639,1,41,barchart-first-49-random-shortest-41,right,shortest,random,single,2026-04-11 18:52:36.4980000
3981,5d1511f1e814b800016108a6,2392,1,59,barchart-second-50-same-shortest-11,right,shortest,same,single,2026-04-11 18:52:46.8860000
3982,695fb3678de780f2824eecf5,1247,1,51,barchart-second-45-random-tallest-3,left,tallest,random,single,2026-04-11 18:52:38.7470000
3983,698e932beef10fc1f3bc13fb,1499,1,36,barchart-first-32-same-shortest-36,right,shortest,same,single,2026-04-11 18:52:36.1540000
3984,6942cf2f7af91fcf562c0996,2360,1,42,barchart-first-50-double-shortest-42,right,shortest,double,single,2026-04-11 18:52:39.4280000
3985,5d1511f1e814b800016108a6,1641,1,60,barchart-second-51-random-shortest-12,right,shortest,random,single,2026-04-11 18:52:49.1260000
3986,698e932beef10fc1f3bc13fb,1353,1,37,barchart-first-27-double-shortest-37,left,shortest,double,single,2026-04-11 18:52:38.0700000
3987,695fb3678de780f2824eecf5,1514,1,52,barchart-second-11-same-tallest-4,left,tallest,same,single,2026-04-11 18:52:40.8450000
3988,654a86d08714f739c9fcea21,5811,1,15,barchart-first-69-random-shortest-15,right,shortest,random,single,2026-04-11 18:52:41.5500000
3989,6942cf2f7af91fcf562c0996,1639,1,43,barchart-first-53-same-shortest-43,right,shortest,same,single,2026-04-11 18:52:41.6460000
3990,695fb3678de780f2824eecf5,1439,1,53,barchart-second-83-double-tallest-5,left,tallest,double,single,2026-04-11 18:52:42.8520000
3991,698e932beef10fc1f3bc13fb,1574,1,38,barchart-first-48-double-shortest-38,right,shortest,double,single,2026-04-11 18:52:40.1990000
3992,69d1792ab955b741a9779e5f,6790,1,11,barchart-first-45-double-shortest-11,left,shortest,double,single,2026-04-11 18:52:42.9680000
3993,5d1511f1e814b800016108a6,2634,1,61,barchart-second-62-random-shortest-13,right,shortest,random,single,2026-04-11 18:52:52.3590000
3994,698e932beef10fc1f3bc13fb,1184,1,39,barchart-first-64-double-shortest-39,left,shortest,double,single,2026-04-11 18:52:41.9580000
3995,695fb3678de780f2824eecf5,1455,1,54,barchart-second-27-random-tallest-6,left,tallest,random,single,2026-04-11 18:52:44.8780000
3996,6942cf2f7af91fcf562c0996,2148,1,44,barchart-first-60-double-shortest-44,right,shortest,double,single,2026-04-11 18:52:44.3770000
3997,5d1511f1e814b800016108a6,1562,1,62,barchart-second-30-double-shortest-14,right,shortest,double,single,2026-04-11 18:52:54.5100000
3998,654a86d08714f739c9fcea21,4837,1,16,barchart-first-41-double-shortest-16,right,shortest,double,single,2026-04-11 18:52:46.9410000
3999,695fb3678de780f2824eecf5,1413,1,55,barchart-second-31-double-tallest-7,left,tallest,double,single,2026-04-11 18:52:46.8690000
4000,69d1792ab955b741a9779e5f,2606,1,12,barchart-first-71-random-shortest-12,left,shortest,random,single,2026-04-11 18:52:47.6900000
4001,698e932beef10fc1f3bc13fb,1865,1,40,barchart-first-03-random-shortest-40,left,shortest,random,single,2026-04-11 18:52:44.3670000
4002,6942cf2f7af91fcf562c0996,2379,1,45,barchart-first-41-random-shortest-45,right,shortest,random,single,2026-04-11 18:52:47.3360000
4003,5d1511f1e814b800016108a6,1958,1,63,barchart-second-73-double-shortest-15,left,shortest,double,single,2026-04-11 18:52:57.0550000
4004,698e932beef10fc1f3bc13fb,1151,1,41,barchart-first-56-double-shortest-41,left,shortest,double,single,2026-04-11 18:52:46.0840000
4005,695fb3678de780f2824eecf5,1752,1,56,barchart-second-28-random-tallest-8,right,tallest,random,single,2026-04-11 18:52:49.2580000
4006,6942cf2f7af91fcf562c0996,1851,1,46,barchart-first-72-random-shortest-46,right,shortest,random,single,2026-04-11 18:52:49.7600000
4007,654a86d08714f739c9fcea21,3382,1,17,barchart-first-84-random-shortest-17,right,shortest,random,single,2026-04-11 18:52:50.8620000
4008,5d1511f1e814b800016108a6,1903,1,64,barchart-second-27-double-shortest-16,left,shortest,double,single,2026-04-11 18:52:59.5590000
4009,695fb3678de780f2824eecf5,1069,1,57,barchart-second-89-random-tallest-9,left,tallest,random,single,2026-04-11 18:52:50.9030000
4010,698e932beef10fc1f3bc13fb,1838,1,42,barchart-first-20-double-shortest-42,left,shortest,double,single,2026-04-11 18:52:48.4690000
4011,69d1792ab955b741a9779e5f,3389,1,13,barchart-first-75-same-shortest-13,left,shortest,same,single,2026-04-11 18:52:52.7330000
4012,695fb3678de780f2824eecf5,1430,1,58,barchart-second-51-same-tallest-10,left,tallest,same,single,2026-04-11 18:52:52.9110000
4013,698e932beef10fc1f3bc13fb,1651,1,43,barchart-first-06-same-shortest-43,right,shortest,same,single,2026-04-11 18:52:50.6700000
4014,6942cf2f7af91fcf562c0996,2504,1,47,barchart-first-70-same-shortest-47,right,shortest,same,single,2026-04-11 18:52:52.8410000
4015,5d1511f1e814b800016108a6,2204,1,65,barchart-second-88-double-shortest-17,left,shortest,double,single,2026-04-11 18:53:02.4310000
4016,695fb3678de780f2824eecf5,1482,1,59,barchart-second-36-same-tallest-11,left,tallest,same,single,2026-04-11 18:52:54.9570000
4017,698e932beef10fc1f3bc13fb,1574,1,44,barchart-first-81-same-shortest-44,left,shortest,same,single,2026-04-11 18:52:52.8200000
4018,5d1511f1e814b800016108a6,2707,1,66,barchart-second-83-random-shortest-18,left,shortest,random,single,2026-04-11 18:53:05.8140000
4019,69d1792ab955b741a9779e5f,4322,1,14,barchart-first-80-double-shortest-14,left,shortest,double,single,2026-04-11 18:52:57.8650000
4020,654a86d08714f739c9fcea21,5823,1,18,barchart-first-42-same-shortest-18,right,shortest,same,single,2026-04-11 18:52:57.2220000
4021,695fb3678de780f2824eecf5,2855,1,60,barchart-second-85-double-tallest-12,left,tallest,double,single,2026-04-11 18:52:58.3910000
4022,5d1511f1e814b800016108a6,1986,1,67,barchart-second-95-double-shortest-19,left,shortest,double,single,2026-04-11 18:53:08.3980000
4023,695fb3678de780f2824eecf5,948,1,61,barchart-second-60-random-tallest-13,right,tallest,random,single,2026-04-11 18:52:59.9040000
4024,695fb3678de780f2824eecf5,623,1,62,barchart-second-86-double-tallest-14,left,tallest,double,single,2026-04-11 18:53:01.1070000
4025,654a86d08714f739c9fcea21,3724,1,19,barchart-first-14-random-shortest-19,right,shortest,random,single,2026-04-11 18:53:01.5020000
4026,5d1511f1e814b800016108a6,1407,1,68,barchart-second-56-same-shortest-20,left,shortest,same,single,2026-04-11 18:53:10.3910000
4027,654a86d08714f739c9fcea21,2172,1,20,barchart-first-53-random-shortest-20,right,shortest,random,single,2026-04-11 18:53:04.2220000
4028,695fb3678de780f2824eecf5,2492,1,63,barchart-second-21-double-tallest-15,right,tallest,double,single,2026-04-11 18:53:04.1840000
4029,5d1511f1e814b800016108a6,2445,1,69,barchart-second-05-double-shortest-21,right,shortest,double,single,2026-04-11 18:53:13.4390000
4030,69d1792ab955b741a9779e5f,4881,1,15,barchart-first-19-same-shortest-15,left,shortest,same,single,2026-04-11 18:53:04.1470000
4031,695fb3678de780f2824eecf5,725,1,64,barchart-second-33-random-tallest-16,left,tallest,random,single,2026-04-11 18:53:05.4800000
4032,66885d217777eda6f3a9b8dd,687,1,0,barchart-first-81-double-tallest-0,left,tallest,double,single,2026-04-11 18:53:06.9030000
4033,5d1511f1e814b800016108a6,1699,1,70,barchart-second-49-same-shortest-22,right,shortest,same,single,2026-04-11 18:53:15.7410000
4034,695fb3678de780f2824eecf5,890,1,65,barchart-second-26-same-tallest-17,right,tallest,same,single,2026-04-11 18:53:06.9370000
4035,654a86d08714f739c9fcea21,2429,1,21,barchart-first-44-same-shortest-21,left,shortest,same,single,2026-04-11 18:53:07.1910000
4036,66885d217777eda6f3a9b8dd,679,1,1,barchart-first-67-random-tallest-1,right,tallest,random,single,2026-04-11 18:53:08.1350000
4037,69d1792ab955b741a9779e5f,3037,1,16,barchart-first-11-double-shortest-16,right,shortest,double,single,2026-04-11 18:53:08.8250000
4038,695fb3678de780f2824eecf5,1130,1,66,barchart-second-75-same-tallest-18,left,tallest,same,single,2026-04-11 18:53:08.7020000
4039,66885d217777eda6f3a9b8dd,603,1,2,barchart-first-43-same-tallest-2,right,tallest,same,single,2026-04-11 18:53:09.2870000
4040,66885d217777eda6f3a9b8dd,569,1,3,barchart-first-03-random-tallest-3,right,tallest,random,single,2026-04-11 18:53:10.3990000
4041,654a86d08714f739c9fcea21,2583,1,22,barchart-first-60-random-shortest-22,right,shortest,random,single,2026-04-11 18:53:10.3400000
4042,5d1511f1e814b800016108a6,2792,1,71,barchart-second-66-random-shortest-23,left,shortest,random,single,2026-04-11 18:53:19.1720000
4043,695fb3678de780f2824eecf5,1453,1,67,barchart-second-62-double-tallest-19,right,tallest,double,single,2026-04-11 18:53:10.7240000
4044,66885d217777eda6f3a9b8dd,679,1,4,barchart-first-17-same-tallest-4,right,tallest,same,single,2026-04-11 18:53:11.6310000
4045,66885d217777eda6f3a9b8dd,542,1,5,barchart-first-18-double-tallest-5,right,tallest,double,single,2026-04-11 18:53:12.7280000
4046,695fb3678de780f2824eecf5,1304,1,68,barchart-second-94-same-tallest-20,right,tallest,same,single,2026-04-11 18:53:12.6050000
4047,654a86d08714f739c9fcea21,2530,1,23,barchart-first-40-same-shortest-23,right,shortest,same,single,2026-04-11 18:53:13.4130000
4048,66885d217777eda6f3a9b8dd,499,1,6,barchart-first-61-double-tallest-6,left,tallest,double,single,2026-04-11 18:53:13.7670000
4049,695fb3678de780f2824eecf5,1223,1,69,barchart-second-42-random-tallest-21,right,tallest,random,single,2026-04-11 18:53:14.3950000
4050,66885d217777eda6f3a9b8dd,496,1,7,barchart-first-79-same-tallest-7,right,tallest,same,single,2026-04-11 18:53:14.8150000
4051,695fb3678de780f2824eecf5,732,1,70,barchart-second-73-same-tallest-22,right,tallest,same,single,2026-04-11 18:53:15.6980000
4052,69d1792ab955b741a9779e5f,6160,1,17,barchart-first-04-random-shortest-17,left,shortest,random,single,2026-04-11 18:53:15.7900000
4053,66885d217777eda6f3a9b8dd,1222,1,8,barchart-first-19-random-tallest-8,left,tallest,random,single,2026-04-11 18:53:16.5920000
4054,695fb3678de780f2824eecf5,942,1,71,barchart-second-38-same-tallest-23,right,tallest,same,single,2026-04-11 18:53:17.2160000
4055,66885d217777eda6f3a9b8dd,562,1,9,barchart-first-48-random-tallest-9,right,tallest,random,single,2026-04-11 18:53:17.6960000
4056,66885d217777eda6f3a9b8dd,517,1,10,barchart-first-58-random-tallest-10,right,tallest,random,single,2026-04-11 18:53:18.7670000
4057,66885d217777eda6f3a9b8dd,491,1,11,barchart-first-69-same-tallest-11,left,tallest,same,single,2026-04-11 18:53:19.8080000
4058,66885d217777eda6f3a9b8dd,520,1,12,barchart-first-66-double-tallest-12,right,tallest,double,single,2026-04-11 18:53:20.8720000
4059,69d1792ab955b741a9779e5f,3776,1,18,barchart-first-81-random-shortest-18,left,shortest,random,single,2026-04-11 18:53:21.8530000
4060,695fb3678de780f2824eecf5,1471,1,72,barchart-second-22-double-tallest-24,left,tallest,double,single,2026-04-11 18:53:21.4150000
4061,66885d217777eda6f3a9b8dd,548,1,13,barchart-first-33-double-tallest-13,left,tallest,double,single,2026-04-11 18:53:21.9680000
4062,66885d217777eda6f3a9b8dd,573,1,14,barchart-first-38-random-tallest-14,right,tallest,random,single,2026-04-11 18:53:23.0880000
4063,695fb3678de780f2824eecf5,1246,1,73,barchart-second-15-same-tallest-25,right,tallest,same,single,2026-04-11 18:53:23.2280000
4064,5ce973ea6c890100012ea2ae,2886,1,0,barchart-first-59-double-shortest-0,left,shortest,double,single,2026-04-11 18:53:24.9680000
4065,66885d217777eda6f3a9b8dd,572,1,15,barchart-first-57-same-tallest-15,left,tallest,same,single,2026-04-11 18:53:24.2080000
4066,695fb3678de780f2824eecf5,1257,1,74,barchart-second-40-random-tallest-26,left,tallest,random,single,2026-04-11 18:53:25.0660000
4067,66885d217777eda6f3a9b8dd,537,1,16,barchart-first-80-double-tallest-16,left,tallest,double,single,2026-04-11 18:53:25.2870000
4068,69d1792ab955b741a9779e5f,3194,1,19,barchart-first-87-same-shortest-19,left,shortest,same,single,2026-04-11 18:53:25.8470000
4069,66885d217777eda6f3a9b8dd,617,1,17,barchart-first-52-double-tallest-17,right,tallest,double,single,2026-04-11 18:53:26.4800000
4070,6942cf2f7af91fcf562c0996,1488,1,48,barchart-second-15-random-tallest-0,right,tallest,random,single,2026-04-11 18:53:25.6770000
4071,695fb3678de780f2824eecf5,832,1,75,barchart-second-05-random-tallest-27,right,tallest,random,single,2026-04-11 18:53:26.5470000
4072,66885d217777eda6f3a9b8dd,607,1,18,barchart-first-13-same-tallest-18,left,tallest,same,single,2026-04-11 18:53:27.6400000
4073,6942cf2f7af91fcf562c0996,1233,1,49,barchart-second-10-same-tallest-1,right,tallest,same,single,2026-04-11 18:53:27.4930000
4074,66885d217777eda6f3a9b8dd,546,1,19,barchart-first-65-random-tallest-19,right,tallest,random,single,2026-04-11 18:53:28.7280000
4075,695fb3678de780f2824eecf5,1680,1,76,barchart-second-59-same-tallest-28,left,tallest,same,single,2026-04-11 18:53:28.8050000
4076,5ce973ea6c890100012ea2ae,5073,1,1,barchart-first-22-double-shortest-1,right,shortest,double,single,2026-04-11 18:53:30.6280000
4077,6942cf2f7af91fcf562c0996,969,1,50,barchart-second-69-random-tallest-2,left,tallest,random,single,2026-04-11 18:53:29.0330000
4078,66885d217777eda6f3a9b8dd,590,1,20,barchart-first-78-double-tallest-20,left,tallest,double,single,2026-04-11 18:53:29.8560000
4079,695fb3678de780f2824eecf5,665,1,77,barchart-second-47-same-tallest-29,right,tallest,same,single,2026-04-11 18:53:30.0500000
4080,69d1792ab955b741a9779e5f,3364,1,20,barchart-first-10-random-shortest-20,left,shortest,random,single,2026-04-11 18:53:31.4040000
4081,66885d217777eda6f3a9b8dd,552,1,21,barchart-first-42-same-tallest-21,right,tallest,same,single,2026-04-11 18:53:30.9520000
4082,6942cf2f7af91fcf562c0996,967,1,51,barchart-second-76-same-tallest-3,right,tallest,same,single,2026-04-11 18:53:30.6450000
4083,695fb3678de780f2824eecf5,925,1,78,barchart-second-71-double-tallest-30,right,tallest,double,single,2026-04-11 18:53:31.5500000
4084,66885d217777eda6f3a9b8dd,578,1,22,barchart-first-62-double-tallest-22,right,tallest,double,single,2026-04-11 18:53:32.0800000
4085,6942cf2f7af91fcf562c0996,815,1,52,barchart-second-86-random-tallest-4,left,tallest,random,single,2026-04-11 18:53:32.0300000
4086,5ce973ea6c890100012ea2ae,2759,1,2,barchart-first-79-same-shortest-2,right,shortest,same,single,2026-04-11 18:53:34.0310000
4087,66885d217777eda6f3a9b8dd,591,1,23,barchart-first-53-same-tallest-23,left,tallest,same,single,2026-04-11 18:53:33.2080000
4088,695fb3678de780f2824eecf5,1400,1,79,barchart-second-20-random-tallest-31,right,tallest,random,single,2026-04-11 18:53:33.5250000
4089,5d1511f1e814b800016108a6,2438,1,72,barchart-second-63-same-shortest-24,right,shortest,same,single,2026-04-11 18:53:42.2760000
4090,6942cf2f7af91fcf562c0996,1232,1,53,barchart-second-34-random-tallest-5,left,tallest,random,single,2026-04-11 18:53:33.8360000
4091,695fb3678de780f2824eecf5,1352,1,80,barchart-second-02-same-tallest-32,right,tallest,same,single,2026-04-11 18:53:35.4430000
4092,5ce973ea6c890100012ea2ae,2017,1,3,barchart-first-52-same-shortest-3,right,shortest,same,single,2026-04-11 18:53:36.6400000
4093,6942cf2f7af91fcf562c0996,1120,1,54,barchart-second-38-random-tallest-6,right,tallest,random,single,2026-04-11 18:53:35.5340000
4094,69d1792ab955b741a9779e5f,3948,1,21,barchart-first-50-double-shortest-21,right,shortest,double,single,2026-04-11 18:53:36.9470000
4095,5d1511f1e814b800016108a6,2289,1,73,barchart-second-24-same-shortest-25,left,shortest,same,single,2026-04-11 18:53:45.1920000
4096,695fb3678de780f2824eecf5,864,1,81,barchart-second-07-double-tallest-33,left,tallest,double,single,2026-04-11 18:53:36.8740000
4097,66885d217777eda6f3a9b8dd,1819,1,24,barchart-first-40-random-tallest-24,left,tallest,random,single,2026-04-11 18:53:38.3200000
4098,6942cf2f7af91fcf562c0996,1463,1,55,barchart-second-68-random-tallest-7,right,tallest,random,single,2026-04-11 18:53:37.5700000
4099,695fb3678de780f2824eecf5,859,1,82,barchart-second-37-double-tallest-34,left,tallest,double,single,2026-04-11 18:53:38.3040000
4100,5ce973ea6c890100012ea2ae,2242,1,4,barchart-first-19-same-shortest-4,left,shortest,same,single,2026-04-11 18:53:39.4650000
4101,654a86d08714f739c9fcea21,2917,1,24,barchart-first-38-random-shortest-24,left,shortest,random,single,2026-04-11 18:53:38.5660000
4102,66885d217777eda6f3a9b8dd,570,1,25,barchart-first-73-same-tallest-25,right,tallest,same,single,2026-04-11 18:53:39.4400000
4103,695fb3678de780f2824eecf5,1018,1,83,barchart-second-66-double-tallest-35,right,tallest,double,single,2026-04-11 18:53:39.9530000
4104,6942cf2f7af91fcf562c0996,1368,1,56,barchart-second-42-double-tallest-8,right,tallest,double,single,2026-04-11 18:53:39.5860000
4105,66885d217777eda6f3a9b8dd,581,1,26,barchart-first-02-random-tallest-26,right,tallest,random,single,2026-04-11 18:53:40.5760000
4106,5d1511f1e814b800016108a6,3378,1,74,barchart-second-67-random-shortest-26,left,shortest,random,single,2026-04-11 18:53:49.1600000
4107,6942cf2f7af91fcf562c0996,760,1,57,barchart-second-61-double-tallest-9,left,tallest,double,single,2026-04-11 18:53:40.9210000
4108,66885d217777eda6f3a9b8dd,682,1,27,barchart-first-68-random-tallest-27,right,tallest,random,single,2026-04-11 18:53:41.8000000
4109,69d1792ab955b741a9779e5f,2316,1,22,barchart-first-24-random-shortest-22,left,shortest,random,single,2026-04-11 18:53:42.5700000
4110,654a86d08714f739c9fcea21,3162,1,25,barchart-first-62-double-shortest-25,right,shortest,double,single,2026-04-11 18:53:42.3260000
4111,5ce973ea6c890100012ea2ae,3399,1,5,barchart-first-91-random-shortest-5,right,shortest,random,single,2026-04-11 18:53:43.5270000
4112,66885d217777eda6f3a9b8dd,490,1,28,barchart-first-74-double-tallest-28,right,tallest,double,single,2026-04-11 18:53:42.8400000
4113,695fb3678de780f2824eecf5,2288,1,84,barchart-second-82-random-tallest-36,left,tallest,random,single,2026-04-11 18:53:42.8010000
4114,5d1511f1e814b800016108a6,2002,1,75,barchart-second-41-double-shortest-27,right,shortest,double,single,2026-04-11 18:53:51.7710000
4115,6942cf2f7af91fcf562c0996,1027,1,58,barchart-second-44-double-tallest-10,right,tallest,double,single,2026-04-11 18:53:42.5220000
4116,66885d217777eda6f3a9b8dd,442,1,29,barchart-first-82-double-tallest-29,left,tallest,double,single,2026-04-11 18:53:43.8240000
4117,5d1511f1e814b800016108a6,946,1,76,barchart-second-01-same-shortest-28,right,shortest,same,single,2026-04-11 18:53:53.3130000
4118,66885d217777eda6f3a9b8dd,490,1,30,barchart-first-76-double-tallest-30,right,tallest,double,single,2026-04-11 18:53:44.8560000
4119,695fb3678de780f2824eecf5,1356,1,85,barchart-second-77-same-tallest-37,left,tallest,same,single,2026-04-11 18:53:44.7290000
4120,6942cf2f7af91fcf562c0996,1072,1,59,barchart-second-59-same-tallest-11,left,tallest,same,single,2026-04-11 18:53:44.1650000
4121,69d1792ab955b741a9779e5f,2583,1,23,barchart-first-72-same-shortest-23,right,shortest,same,single,2026-04-11 18:53:45.9600000
4122,66885d217777eda6f3a9b8dd,658,1,31,barchart-first-21-double-tallest-31,right,tallest,double,single,2026-04-11 18:53:46.0240000
4123,5ce973ea6c890100012ea2ae,3076,1,6,barchart-first-92-random-shortest-6,right,shortest,random,single,2026-04-11 18:53:47.1800000
4124,654a86d08714f739c9fcea21,3610,1,26,barchart-first-81-random-shortest-26,left,shortest,random,single,2026-04-11 18:53:46.4940000
4125,6942cf2f7af91fcf562c0996,1030,1,60,barchart-second-80-double-tallest-12,left,tallest,double,single,2026-04-11 18:53:45.7790000
4126,695fb3678de780f2824eecf5,1065,1,86,barchart-second-29-same-tallest-38,left,tallest,same,single,2026-04-11 18:53:46.3780000
4127,66885d217777eda6f3a9b8dd,490,1,32,barchart-first-93-double-tallest-32,left,tallest,double,single,2026-04-11 18:53:47.0560000
4128,5d1511f1e814b800016108a6,2624,1,77,barchart-second-29-same-shortest-29,right,shortest,same,single,2026-04-11 18:53:56.5360000
4129,66885d217777eda6f3a9b8dd,523,1,33,barchart-first-59-double-tallest-33,left,tallest,double,single,2026-04-11 18:53:48.1200000
4130,695fb3678de780f2824eecf5,1060,1,87,barchart-second-01-double-tallest-39,left,tallest,double,single,2026-04-11 18:53:48.0230000
4131,6942cf2f7af91fcf562c0996,1562,1,61,barchart-second-28-double-tallest-13,right,tallest,double,single,2026-04-11 18:53:47.9870000
4132,66885d217777eda6f3a9b8dd,484,1,34,barchart-first-86-random-tallest-34,left,tallest,random,single,2026-04-11 18:53:49.1520000
4133,654a86d08714f739c9fcea21,2052,1,27,barchart-first-00-same-shortest-27,left,shortest,same,single,2026-04-11 18:53:49.1250000
4134,695fb3678de780f2824eecf5,841,1,88,barchart-second-25-random-tallest-40,right,tallest,random,single,2026-04-11 18:53:49.4230000
4135,5ce973ea6c890100012ea2ae,3026,1,7,barchart-first-06-random-shortest-7,right,shortest,random,single,2026-04-11 18:53:50.7900000
4136,66885d217777eda6f3a9b8dd,492,1,35,barchart-first-50-same-tallest-35,right,tallest,same,single,2026-04-11 18:53:50.1920000
4137,6942cf2f7af91fcf562c0996,1141,1,62,barchart-second-45-random-tallest-14,left,tallest,random,single,2026-04-11 18:53:49.6970000
4138,5d1511f1e814b800016108a6,2064,1,78,barchart-second-28-random-shortest-30,right,shortest,random,single,2026-04-11 18:53:59.2000000
4139,66885d217777eda6f3a9b8dd,454,1,36,barchart-first-90-double-tallest-36,right,tallest,double,single,2026-04-11 18:53:51.2000000
4140,695fb3678de780f2824eecf5,1610,1,89,barchart-second-76-double-tallest-41,right,tallest,double,single,2026-04-11 18:53:51.6000000
4141,654a86d08714f739c9fcea21,2222,1,28,barchart-first-83-same-shortest-28,left,shortest,same,single,2026-04-11 18:53:51.8850000
4142,6942cf2f7af91fcf562c0996,885,1,63,barchart-second-51-random-tallest-15,left,tallest,random,single,2026-04-11 18:53:51.1520000
4143,66885d217777eda6f3a9b8dd,515,1,37,barchart-first-89-same-tallest-37,left,tallest,same,single,2026-04-11 18:53:52.2640000
4144,5d1511f1e814b800016108a6,1931,1,79,barchart-second-35-random-shortest-31,left,shortest,random,single,2026-04-11 18:54:01.7200000
4145,66885d217777eda6f3a9b8dd,488,1,38,barchart-first-25-same-tallest-38,right,tallest,same,single,2026-04-11 18:53:53.3040000
4146,695fb3678de780f2824eecf5,1034,1,90,barchart-second-79-double-tallest-42,right,tallest,double,single,2026-04-11 18:53:53.2110000
4147,6942cf2f7af91fcf562c0996,852,1,64,barchart-second-94-random-tallest-16,right,tallest,random,single,2026-04-11 18:53:52.6270000
4148,5ce973ea6c890100012ea2ae,3005,1,8,barchart-first-08-same-shortest-8,left,shortest,same,single,2026-04-11 18:53:54.3810000
4149,66885d217777eda6f3a9b8dd,461,1,39,barchart-first-83-random-tallest-39,left,tallest,random,single,2026-04-11 18:53:54.3130000
4150,654a86d08714f739c9fcea21,2210,1,29,barchart-first-70-same-shortest-29,right,shortest,same,single,2026-04-11 18:53:54.6460000
4151,6942cf2f7af91fcf562c0996,1161,1,65,barchart-second-30-double-tallest-17,left,tallest,double,single,2026-04-11 18:53:54.4340000
4152,695fb3678de780f2824eecf5,1217,1,91,barchart-second-95-random-tallest-43,right,tallest,random,single,2026-04-11 18:53:55.0800000
4153,66885d217777eda6f3a9b8dd,494,1,40,barchart-first-24-same-tallest-40,left,tallest,same,single,2026-04-11 18:53:55.3440000
4154,5d1511f1e814b800016108a6,1782,1,80,barchart-second-81-double-shortest-32,left,shortest,double,single,2026-04-11 18:54:04.1070000
4155,66885d217777eda6f3a9b8dd,445,1,41,barchart-first-07-random-tallest-41,left,tallest,random,single,2026-04-11 18:53:56.3690000
4156,6942cf2f7af91fcf562c0996,995,1,66,barchart-second-11-same-tallest-18,left,tallest,same,single,2026-04-11 18:53:56.0200000
4157,695fb3678de780f2824eecf5,974,1,92,barchart-second-13-random-tallest-44,left,tallest,random,single,2026-04-11 18:53:56.6270000
4158,5ce973ea6c890100012ea2ae,3206,1,9,barchart-first-10-random-shortest-9,left,shortest,random,single,2026-04-11 18:53:58.2720000
4159,66885d217777eda6f3a9b8dd,495,0,42,barchart-first-77-same-tallest-42,right,tallest,same,single,2026-04-11 18:53:57.4170000
4160,6942cf2f7af91fcf562c0996,917,1,67,barchart-second-81-random-tallest-19,left,tallest,random,single,2026-04-11 18:53:57.5120000
4161,5d1511f1e814b800016108a6,2247,1,81,barchart-second-91-random-shortest-33,right,shortest,random,single,2026-04-11 18:54:07.0480000
4162,695fb3678de780f2824eecf5,1027,1,93,barchart-second-41-double-tallest-45,right,tallest,double,single,2026-04-11 18:53:58.2370000
4163,69d7f9465b994c6222d7f449,1345,1,0,barchart-first-37-same-shortest-0,left,shortest,same,single,2026-04-11 18:53:58.4850000
4164,654a86d08714f739c9fcea21,3951,1,30,barchart-first-16-same-shortest-30,right,shortest,same,single,2026-04-11 18:53:59.1330000
4165,69d1792ab955b741a9779e5f,3990,1,24,barchart-first-00-same-shortest-24,left,shortest,same,single,2026-04-11 18:53:59.9410000
4166,66885d217777eda6f3a9b8dd,474,1,43,barchart-first-46-same-tallest-43,right,tallest,same,single,2026-04-11 18:53:59.4570000
4167,6942cf2f7af91fcf562c0996,873,1,68,barchart-second-57-same-tallest-20,left,tallest,same,single,2026-04-11 18:53:58.9600000
4168,695fb3678de780f2824eecf5,1108,1,94,barchart-second-32-same-tallest-46,right,tallest,same,single,2026-04-11 18:53:59.9220000
4169,69d7f9465b994c6222d7f449,1224,1,1,barchart-first-05-double-shortest-1,right,shortest,double,single,2026-04-11 18:54:00.2800000
4170,66885d217777eda6f3a9b8dd,872,1,44,barchart-first-31-random-tallest-44,left,tallest,random,single,2026-04-11 18:54:00.8730000
4171,6942cf2f7af91fcf562c0996,1176,1,69,barchart-second-19-random-tallest-21,left,tallest,random,single,2026-04-11 18:54:00.7170000
4172,5ce973ea6c890100012ea2ae,3599,1,10,barchart-first-04-random-shortest-10,left,shortest,random,single,2026-04-11 18:54:02.4480000
4173,66885d217777eda6f3a9b8dd,425,1,45,barchart-first-30-random-tallest-45,left,tallest,random,single,2026-04-11 18:54:01.8410000
4174,695fb3678de780f2824eecf5,1239,1,95,barchart-second-46-random-tallest-47,right,tallest,random,single,2026-04-11 18:54:01.7290000
4175,69d7f9465b994c6222d7f449,1231,1,2,barchart-first-55-random-shortest-2,left,shortest,random,single,2026-04-11 18:54:02.0870000
4176,5d1511f1e814b800016108a6,3224,1,82,barchart-second-58-same-shortest-34,left,shortest,same,single,2026-04-11 18:54:10.8640000
4177,66885d217777eda6f3a9b8dd,480,1,46,barchart-first-00-random-tallest-46,left,tallest,random,single,2026-04-11 18:54:02.8640000
4178,654a86d08714f739c9fcea21,3378,1,31,barchart-first-04-double-shortest-31,left,shortest,double,single,2026-04-11 18:54:03.0610000
4179,6942cf2f7af91fcf562c0996,1111,1,70,barchart-second-67-same-tallest-22,right,tallest,same,single,2026-04-11 18:54:02.4080000
4180,69d1792ab955b741a9779e5f,2163,1,25,barchart-first-05-random-shortest-25,right,shortest,random,single,2026-04-11 18:54:03.7580000
4181,66885d217777eda6f3a9b8dd,597,1,47,barchart-first-08-same-tallest-47,left,tallest,same,single,2026-04-11 18:54:04.0160000
4182,5ce973ea6c890100012ea2ae,1894,1,11,barchart-first-73-same-shortest-11,left,shortest,same,single,2026-04-11 18:54:04.9290000
4183,69d7f9465b994c6222d7f449,1363,1,3,barchart-first-67-double-shortest-3,left,shortest,double,single,2026-04-11 18:54:04.0100000
4184,6942cf2f7af91fcf562c0996,854,1,71,barchart-second-79-same-tallest-23,right,tallest,same,single,2026-04-11 18:54:03.8430000
4185,5d1511f1e814b800016108a6,2138,1,83,barchart-second-57-random-shortest-35,right,shortest,random,single,2026-04-11 18:54:13.6480000
4186,69d7f9465b994c6222d7f449,1138,1,4,barchart-first-64-double-shortest-4,left,shortest,double,single,2026-04-11 18:54:05.7190000
4187,5ce973ea6c890100012ea2ae,1592,1,12,barchart-first-72-double-shortest-12,right,shortest,double,single,2026-04-11 18:54:07.1060000
4188,5d1511f1e814b800016108a6,1397,1,84,barchart-second-33-double-shortest-36,right,shortest,double,single,2026-04-11 18:54:15.6340000
4189,69d1792ab955b741a9779e5f,2784,1,26,barchart-first-36-same-shortest-26,left,shortest,same,single,2026-04-11 18:54:07.3380000
4190,69d7f9465b994c6222d7f449,1270,1,5,barchart-first-88-same-shortest-5,left,shortest,same,single,2026-04-11 18:54:07.5470000
4191,6942cf2f7af91fcf562c0996,1157,1,72,barchart-second-93-double-tallest-24,left,tallest,double,single,2026-04-11 18:54:07.3910000
4192,69d7f9465b994c6222d7f449,1442,1,6,barchart-first-21-same-shortest-6,right,shortest,same,single,2026-04-11 18:54:09.5540000
4193,698e932beef10fc1f3bc13fb,1476,1,45,barchart-first-30-double-shortest-45,right,shortest,double,single,2026-04-11 18:52:55.9180000
4194,698e932beef10fc1f3bc13fb,1727,1,46,barchart-first-62-same-shortest-46,right,shortest,same,single,2026-04-11 18:52:58.2010000
4195,698e932beef10fc1f3bc13fb,1192,1,47,barchart-first-18-double-shortest-47,right,shortest,double,single,2026-04-11 18:52:59.9650000
4196,698e932beef10fc1f3bc13fb,1069,1,48,barchart-second-45-same-tallest-0,left,tallest,same,single,2026-04-11 18:53:50.7730000
4197,698e932beef10fc1f3bc13fb,585,1,49,barchart-second-12-same-tallest-1,left,tallest,same,single,2026-04-11 18:53:51.9040000
4198,698e932beef10fc1f3bc13fb,858,1,50,barchart-second-49-same-tallest-2,left,tallest,same,single,2026-04-11 18:53:53.3180000
4199,698e932beef10fc1f3bc13fb,523,1,51,barchart-second-68-double-tallest-3,right,tallest,double,single,2026-04-11 18:53:54.3820000
4200,698e932beef10fc1f3bc13fb,548,1,52,barchart-second-59-double-tallest-4,left,tallest,double,single,2026-04-11 18:53:55.4810000
4201,698e932beef10fc1f3bc13fb,987,1,53,barchart-second-21-random-tallest-5,right,tallest,random,single,2026-04-11 18:53:57.0310000
4202,698e932beef10fc1f3bc13fb,799,1,54,barchart-second-58-random-tallest-6,right,tallest,random,single,2026-04-11 18:53:59.1900000
4203,698e932beef10fc1f3bc13fb,916,1,55,barchart-second-19-random-tallest-7,left,tallest,random,single,2026-04-11 18:54:00.7100000
4204,698e932beef10fc1f3bc13fb,506,1,56,barchart-second-04-random-tallest-8,right,tallest,random,single,2026-04-11 18:54:01.8370000
4205,698e932beef10fc1f3bc13fb,551,1,57,barchart-second-00-same-tallest-9,left,tallest,same,single,2026-04-11 18:54:02.9650000
4206,698e932beef10fc1f3bc13fb,750,1,58,barchart-second-47-same-tallest-10,right,tallest,same,single,2026-04-11 18:54:04.5900000
4207,698e932beef10fc1f3bc13fb,502,1,59,barchart-second-87-double-tallest-11,right,tallest,double,single,2026-04-11 18:54:05.6770000
4208,698e932beef10fc1f3bc13fb,606,1,60,barchart-second-83-double-tallest-12,left,tallest,double,single,2026-04-11 18:54:06.8610000
4209,654a86d08714f739c9fcea21,6398,1,32,barchart-first-92-double-shortest-32,right,shortest,double,single,2026-04-11 18:54:09.9980000
4210,6942cf2f7af91fcf562c0996,1282,1,73,barchart-second-22-same-tallest-25,left,tallest,same,single,2026-04-11 18:54:09.2540000
4211,69d1792ab955b741a9779e5f,3019,1,27,barchart-first-57-same-shortest-27,right,shortest,same,single,2026-04-11 18:54:11.1760000
4212,5ce973ea6c890100012ea2ae,4071,1,13,barchart-first-42-double-shortest-13,right,shortest,double,single,2026-04-11 18:54:11.7590000
4213,698e932beef10fc1f3bc13fb,702,1,61,barchart-second-53-double-tallest-13,left,tallest,double,single,2026-04-11 18:54:08.1970000
4214,5d1511f1e814b800016108a6,3553,1,85,barchart-second-10-same-shortest-37,left,shortest,same,single,2026-04-11 18:54:19.7830000
4215,6942cf2f7af91fcf562c0996,918,1,74,barchart-second-91-double-tallest-26,left,tallest,double,single,2026-04-11 18:54:10.8130000
4216,69d7f9465b994c6222d7f449,1301,1,7,barchart-first-10-double-shortest-7,left,shortest,double,single,2026-04-11 18:54:11.4310000
4217,698e932beef10fc1f3bc13fb,525,1,62,barchart-second-38-same-tallest-14,right,tallest,same,single,2026-04-11 18:54:09.2930000
4218,5d1511f1e814b800016108a6,1433,1,86,barchart-second-25-double-shortest-38,left,shortest,double,single,2026-04-11 18:54:21.8070000
4219,6942cf2f7af91fcf562c0996,1158,1,75,barchart-second-20-random-tallest-27,right,tallest,random,single,2026-04-11 18:54:12.5540000
4220,69d7f9465b994c6222d7f449,1242,1,8,barchart-first-02-random-shortest-8,right,shortest,random,single,2026-04-11 18:54:13.2330000
4221,698e932beef10fc1f3bc13fb,915,1,63,barchart-second-08-random-tallest-15,left,tallest,random,single,2026-04-11 18:54:10.7970000
4222,5ce973ea6c890100012ea2ae,3040,1,14,barchart-first-51-same-shortest-14,right,shortest,same,single,2026-04-11 18:54:15.3860000
4223,698e932beef10fc1f3bc13fb,615,1,64,barchart-second-85-double-tallest-16,left,tallest,double,single,2026-04-11 18:54:11.9800000
4224,6942cf2f7af91fcf562c0996,1035,1,76,barchart-second-04-same-tallest-28,right,tallest,same,single,2026-04-11 18:54:14.1900000
4225,69d1792ab955b741a9779e5f,3299,1,28,barchart-first-76-double-shortest-28,left,shortest,double,single,2026-04-11 18:54:15.2730000
4226,69d7f9465b994c6222d7f449,1458,1,9,barchart-first-38-same-shortest-9,left,shortest,same,single,2026-04-11 18:54:15.4470000
4227,654a86d08714f739c9fcea21,5183,1,33,barchart-first-59-random-shortest-33,left,shortest,random,single,2026-04-11 18:54:15.7900000
4228,698e932beef10fc1f3bc13fb,515,1,65,barchart-second-92-same-tallest-17,right,tallest,same,single,2026-04-11 18:54:13.0450000
4229,5d1511f1e814b800016108a6,2198,1,87,barchart-second-87-random-shortest-39,left,shortest,random,single,2026-04-11 18:54:24.6070000
4230,6942cf2f7af91fcf562c0996,910,1,77,barchart-second-73-double-tallest-29,right,tallest,double,single,2026-04-11 18:54:15.6760000
4231,698e932beef10fc1f3bc13fb,643,1,66,barchart-second-14-random-tallest-18,left,tallest,random,single,2026-04-11 18:54:14.2610000
4232,69d7f9465b994c6222d7f449,1209,1,10,barchart-first-17-double-shortest-10,right,shortest,double,single,2026-04-11 18:54:17.2530000
4233,6942cf2f7af91fcf562c0996,1019,1,78,barchart-second-89-double-tallest-30,left,tallest,double,single,2026-04-11 18:54:17.2860000
4234,698e932beef10fc1f3bc13fb,500,1,67,barchart-second-52-double-tallest-19,right,tallest,double,single,2026-04-11 18:54:15.3240000
4235,69d7f9465b994c6222d7f449,1306,1,11,barchart-first-76-same-shortest-11,left,shortest,same,single,2026-04-11 18:54:19.1140000
4236,698e932beef10fc1f3bc13fb,472,1,68,barchart-second-78-random-tallest-20,left,tallest,random,single,2026-04-11 18:54:16.3410000
4237,5d1511f1e814b800016108a6,2760,1,88,barchart-second-69-random-shortest-40,right,shortest,random,single,2026-04-11 18:54:27.9700000
4238,6942cf2f7af91fcf562c0996,875,1,79,barchart-second-35-double-tallest-31,left,tallest,double,single,2026-04-11 18:54:18.7310000
4239,5ce973ea6c890100012ea2ae,4549,1,15,barchart-first-11-random-shortest-15,right,shortest,random,single,2026-04-11 18:54:20.5340000
4240,69d1792ab955b741a9779e5f,2687,1,29,barchart-first-86-random-shortest-29,right,shortest,random,single,2026-04-11 18:54:20.4090000
4241,654a86d08714f739c9fcea21,3682,1,34,barchart-first-35-same-shortest-34,left,shortest,same,single,2026-04-11 18:54:20.0140000
4242,698e932beef10fc1f3bc13fb,600,1,69,barchart-second-73-double-tallest-21,right,tallest,double,single,2026-04-11 18:54:17.5010000
4243,69d7f9465b994c6222d7f449,1107,1,12,barchart-first-77-random-shortest-12,left,shortest,random,single,2026-04-11 18:54:20.8340000
4244,6942cf2f7af91fcf562c0996,774,1,80,barchart-second-00-double-tallest-32,left,tallest,double,single,2026-04-11 18:54:20.1510000
4245,698e932beef10fc1f3bc13fb,620,1,70,barchart-second-65-same-tallest-22,right,tallest,same,single,2026-04-11 18:54:18.6820000
4246,5ce973ea6c890100012ea2ae,1648,1,16,barchart-first-01-same-shortest-16,right,shortest,same,single,2026-04-11 18:54:22.8540000
4247,5d1511f1e814b800016108a6,2374,1,89,barchart-second-09-same-shortest-41,left,shortest,same,single,2026-04-11 18:54:30.9350000
4248,69d7f9465b994c6222d7f449,1037,1,13,barchart-first-11-same-shortest-13,right,shortest,same,single,2026-04-11 18:54:22.4180000
4249,698e932beef10fc1f3bc13fb,483,1,71,barchart-second-13-double-tallest-23,left,tallest,double,single,2026-04-11 18:54:19.7170000
4250,6942cf2f7af91fcf562c0996,1099,1,81,barchart-second-84-same-tallest-33,right,tallest,same,single,2026-04-11 18:54:21.8320000
4251,6942cf2f7af91fcf562c0996,830,1,82,barchart-second-23-random-tallest-34,left,tallest,random,single,2026-04-11 18:54:23.2520000
4252,5ce973ea6c890100012ea2ae,1719,1,17,barchart-first-64-same-shortest-17,left,shortest,same,single,2026-04-11 18:54:25.1630000
4253,69d7f9465b994c6222d7f449,1089,1,14,barchart-first-57-double-shortest-14,right,shortest,double,single,2026-04-11 18:54:24.0800000
4254,5d1511f1e814b800016108a6,1768,1,90,barchart-second-20-random-shortest-42,left,shortest,random,single,2026-04-11 18:54:33.2870000
4255,6942cf2f7af91fcf562c0996,951,1,83,barchart-second-90-random-tallest-35,right,tallest,random,single,2026-04-11 18:54:24.7870000
4256,69d7f9465b994c6222d7f449,922,1,15,barchart-first-72-double-shortest-15,right,shortest,double,single,2026-04-11 18:54:25.6080000
4257,654a86d08714f739c9fcea21,5106,1,35,barchart-first-36-double-shortest-35,left,shortest,double,single,2026-04-11 18:54:25.6930000
4258,698e932beef10fc1f3bc13fb,633,1,72,barchart-second-72-double-tallest-24,left,tallest,double,single,2026-04-11 18:54:23.0130000
4259,698e932beef10fc1f3bc13fb,552,1,73,barchart-second-26-random-tallest-25,right,tallest,random,single,2026-04-11 18:54:24.1250000
4260,6942cf2f7af91fcf562c0996,955,1,84,barchart-second-05-double-tallest-36,right,tallest,double,single,2026-04-11 18:54:26.3180000
4261,5ce973ea6c890100012ea2ae,2330,1,18,barchart-first-14-same-shortest-18,right,shortest,same,single,2026-04-11 18:54:28.1210000
4262,69d1792ab955b741a9779e5f,4607,1,30,barchart-first-90-random-shortest-30,left,shortest,random,single,2026-04-11 18:54:27.9910000
4263,69d7f9465b994c6222d7f449,1305,1,16,barchart-first-58-same-shortest-16,left,shortest,same,single,2026-04-11 18:54:27.4880000
4264,5d1511f1e814b800016108a6,2474,1,91,barchart-second-16-random-shortest-43,right,shortest,random,single,2026-04-11 18:54:36.3680000
4265,698e932beef10fc1f3bc13fb,546,1,74,barchart-second-16-same-tallest-26,right,tallest,same,single,2026-04-11 18:54:25.2300000
4266,6942cf2f7af91fcf562c0996,900,1,85,barchart-second-82-same-tallest-37,left,tallest,same,single,2026-04-11 18:54:27.7980000
4267,698e932beef10fc1f3bc13fb,476,1,75,barchart-second-05-double-tallest-27,right,tallest,double,single,2026-04-11 18:54:26.2570000
4268,654a86d08714f739c9fcea21,3212,1,36,barchart-first-43-double-shortest-36,left,shortest,double,single,2026-04-11 18:54:29.4780000
4269,5d1511f1e814b800016108a6,1390,1,92,barchart-second-02-same-shortest-44,right,shortest,same,single,2026-04-11 18:54:38.3680000
4270,69d7f9465b994c6222d7f449,1629,1,17,barchart-first-84-random-shortest-17,right,shortest,random,single,2026-04-11 18:54:29.7600000
4271,6942cf2f7af91fcf562c0996,955,1,86,barchart-second-85-same-tallest-38,left,tallest,same,single,2026-04-11 18:54:29.3250000
4272,698e932beef10fc1f3bc13fb,440,1,76,barchart-second-77-same-tallest-28,left,tallest,same,single,2026-04-11 18:54:27.2440000
4273,5ce973ea6c890100012ea2ae,2359,1,19,barchart-first-75-double-shortest-19,left,shortest,double,single,2026-04-11 18:54:31.0810000
4274,69d1792ab955b741a9779e5f,2069,1,31,barchart-first-70-double-shortest-31,right,shortest,double,single,2026-04-11 18:54:31.9610000
4275,69d7f9465b994c6222d7f449,1083,1,18,barchart-first-89-same-shortest-18,right,shortest,same,single,2026-04-11 18:54:31.4070000
4276,698e932beef10fc1f3bc13fb,746,1,77,barchart-second-63-same-tallest-29,left,tallest,same,single,2026-04-11 18:54:28.6610000
4277,6942cf2f7af91fcf562c0996,948,1,87,barchart-second-27-same-tallest-39,left,tallest,same,single,2026-04-11 18:54:30.9250000
4278,5d1511f1e814b800016108a6,1535,1,93,barchart-second-93-double-shortest-45,right,shortest,double,single,2026-04-11 18:54:40.4860000
4279,698e932beef10fc1f3bc13fb,494,1,78,barchart-second-74-double-tallest-30,right,tallest,double,single,2026-04-11 18:54:29.7340000
4280,6942cf2f7af91fcf562c0996,879,1,88,barchart-second-17-random-tallest-40,right,tallest,random,single,2026-04-11 18:54:32.3890000
4281,5d1511f1e814b800016108a6,919,1,94,barchart-second-21-double-shortest-46,right,shortest,double,single,2026-04-11 18:54:42.0220000
4282,69d7f9465b994c6222d7f449,1317,1,19,barchart-first-93-random-shortest-19,right,shortest,random,single,2026-04-11 18:54:33.2900000
4283,654a86d08714f739c9fcea21,3722,1,37,barchart-first-72-same-shortest-37,right,shortest,same,single,2026-04-11 18:54:33.7580000
4284,698e932beef10fc1f3bc13fb,691,1,79,barchart-second-42-random-tallest-31,right,tallest,random,single,2026-04-11 18:54:30.9860000
4285,5ce973ea6c890100012ea2ae,3301,1,20,barchart-first-89-double-shortest-20,right,shortest,double,single,2026-04-11 18:54:34.9680000
4286,6942cf2f7af91fcf562c0996,1128,1,89,barchart-second-65-double-tallest-41,right,tallest,double,single,2026-04-11 18:54:34.1010000
4287,698e932beef10fc1f3bc13fb,589,1,80,barchart-second-09-random-tallest-32,right,tallest,random,single,2026-04-11 18:54:32.1210000
4288,69d1792ab955b741a9779e5f,2606,1,32,barchart-first-52-same-shortest-32,right,shortest,same,single,2026-04-11 18:54:35.6820000
4289,69d7f9465b994c6222d7f449,1302,1,20,barchart-first-45-double-shortest-20,left,shortest,double,single,2026-04-11 18:54:35.1480000
4290,5d1511f1e814b800016108a6,1927,1,95,barchart-second-65-random-shortest-47,right,shortest,random,single,2026-04-11 18:54:44.5670000
4291,698e932beef10fc1f3bc13fb,545,1,81,barchart-second-15-random-tallest-33,right,tallest,random,single,2026-04-11 18:54:33.2210000
4292,6942cf2f7af91fcf562c0996,785,1,90,barchart-second-83-same-tallest-42,left,tallest,same,single,2026-04-11 18:54:35.4610000
4293,5ce973ea6c890100012ea2ae,2233,1,21,barchart-first-45-same-shortest-21,left,shortest,same,single,2026-04-11 18:54:37.7920000
4294,69d7f9465b994c6222d7f449,1122,1,21,barchart-first-33-random-shortest-21,right,shortest,random,single,2026-04-11 18:54:36.8170000
4295,698e932beef10fc1f3bc13fb,593,1,82,barchart-second-82-double-tallest-34,left,tallest,double,single,2026-04-11 18:54:34.3730000
4296,6942cf2f7af91fcf562c0996,734,1,91,barchart-second-03-random-tallest-43,right,tallest,random,single,2026-04-11 18:54:36.7700000
4297,698e932beef10fc1f3bc13fb,523,1,83,barchart-second-57-random-tallest-35,left,tallest,random,single,2026-04-11 18:54:35.4450000
4298,69d7f9465b994c6222d7f449,1321,1,22,barchart-first-16-double-shortest-22,right,shortest,double,single,2026-04-11 18:54:38.6850000
4299,654a86d08714f739c9fcea21,4738,1,38,barchart-first-20-random-shortest-38,left,shortest,random,single,2026-04-11 18:54:39.0450000
4300,6942cf2f7af91fcf562c0996,988,1,92,barchart-second-09-double-tallest-44,right,tallest,double,single,2026-04-11 18:54:38.3460000
4301,69d1792ab955b741a9779e5f,2859,1,33,barchart-first-62-same-shortest-33,right,shortest,same,single,2026-04-11 18:54:39.3270000
4302,698e932beef10fc1f3bc13fb,509,1,84,barchart-second-94-same-tallest-36,right,tallest,same,single,2026-04-11 18:54:36.5100000
4303,66885d217777eda6f3a9b8dd,623,1,48,barchart-second-91-same-shortest-0,right,shortest,same,single,2026-04-11 18:54:39.7780000
4304,5ce973ea6c890100012ea2ae,2582,1,22,barchart-first-20-random-shortest-22,left,shortest,random,single,2026-04-11 18:54:40.9540000
4305,69d7f9465b994c6222d7f449,1125,1,23,barchart-first-44-double-shortest-23,left,shortest,double,single,2026-04-11 18:54:40.3690000
4306,698e932beef10fc1f3bc13fb,709,1,85,barchart-second-86-random-tallest-37,left,tallest,random,single,2026-04-11 18:54:37.7790000
4307,66885d217777eda6f3a9b8dd,499,1,49,barchart-second-32-same-shortest-1,right,shortest,same,single,2026-04-11 18:54:40.8170000
4308,6942cf2f7af91fcf562c0996,1056,1,93,barchart-second-66-double-tallest-45,right,tallest,double,single,2026-04-11 18:54:40.0970000
4309,69d1792ab955b741a9779e5f,2005,1,34,barchart-first-84-double-shortest-34,right,shortest,double,single,2026-04-11 18:54:42.1400000
4310,698e932beef10fc1f3bc13fb,495,1,86,barchart-second-67-double-tallest-38,right,tallest,double,single,2026-04-11 18:54:38.8290000
4311,66885d217777eda6f3a9b8dd,706,0,50,barchart-second-70-same-shortest-2,left,shortest,same,single,2026-04-11 18:54:42.0740000
4312,698e932beef10fc1f3bc13fb,568,1,87,barchart-second-91-same-tallest-39,left,tallest,same,single,2026-04-11 18:54:39.9510000
4313,5ce973ea6c890100012ea2ae,2276,1,23,barchart-first-05-double-shortest-23,right,shortest,double,single,2026-04-11 18:54:43.8220000
4314,6942cf2f7af91fcf562c0996,2053,1,94,barchart-second-06-same-tallest-46,right,tallest,same,single,2026-04-11 18:54:42.7220000
4315,698e932beef10fc1f3bc13fb,505,1,88,barchart-second-37-random-tallest-40,left,tallest,random,single,2026-04-11 18:54:41.0110000
4316,69d1792ab955b741a9779e5f,1965,1,35,barchart-first-41-random-shortest-35,right,shortest,random,single,2026-04-11 18:54:44.8970000
4317,66885d217777eda6f3a9b8dd,848,1,51,barchart-second-15-double-shortest-3,right,shortest,double,single,2026-04-11 18:54:44.4810000
4318,654a86d08714f739c9fcea21,5044,1,39,barchart-first-09-double-shortest-39,left,shortest,double,single,2026-04-11 18:54:44.6940000
4319,6942cf2f7af91fcf562c0996,807,1,95,barchart-second-92-same-tallest-47,right,tallest,same,single,2026-04-11 18:54:44.1160000
4320,698e932beef10fc1f3bc13fb,543,1,89,barchart-second-43-same-tallest-41,right,tallest,same,single,2026-04-11 18:54:42.1570000
4321,66885d217777eda6f3a9b8dd,806,1,52,barchart-second-85-double-shortest-4,left,shortest,double,single,2026-04-11 18:54:45.8420000
4322,698e932beef10fc1f3bc13fb,434,1,90,barchart-second-36-random-tallest-42,left,tallest,random,single,2026-04-11 18:54:43.1560000
4323,698e932beef10fc1f3bc13fb,511,1,91,barchart-second-39-double-tallest-43,right,tallest,double,single,2026-04-11 18:54:44.2130000
4324,66885d217777eda6f3a9b8dd,761,1,53,barchart-second-26-same-shortest-5,left,shortest,same,single,2026-04-11 18:54:47.1460000
4325,698e932beef10fc1f3bc13fb,524,1,92,barchart-second-10-same-tallest-44,right,tallest,same,single,2026-04-11 18:54:45.2940000
4326,66885d217777eda6f3a9b8dd,782,0,54,barchart-second-16-random-shortest-6,left,shortest,random,single,2026-04-11 18:54:48.4660000
4327,654a86d08714f739c9fcea21,3320,1,40,barchart-first-57-double-shortest-40,right,shortest,double,single,2026-04-11 18:54:48.5580000
4328,698e932beef10fc1f3bc13fb,827,1,93,barchart-second-22-double-tallest-45,left,tallest,double,single,2026-04-11 18:54:46.6850000
4329,69d7f9465b994c6222d7f449,1261,1,24,barchart-first-54-random-shortest-24,left,shortest,random,single,2026-04-11 18:54:50.0250000
4330,69d1792ab955b741a9779e5f,3917,1,36,barchart-first-22-same-shortest-36,right,shortest,same,single,2026-04-11 18:54:50.7740000
4331,66885d217777eda6f3a9b8dd,617,1,55,barchart-second-11-same-shortest-7,right,shortest,same,single,2026-04-11 18:54:50.6500000
4332,698e932beef10fc1f3bc13fb,578,1,94,barchart-second-41-random-tallest-46,right,tallest,random,single,2026-04-11 18:54:47.8300000
4333,69d7f9465b994c6222d7f449,1082,1,25,barchart-first-95-random-shortest-25,left,shortest,random,single,2026-04-11 18:54:51.6680000
4334,66885d217777eda6f3a9b8dd,704,1,56,barchart-second-55-double-shortest-8,left,shortest,double,single,2026-04-11 18:54:51.9060000
4335,698e932beef10fc1f3bc13fb,641,1,95,barchart-second-01-same-tallest-47,left,tallest,same,single,2026-04-11 18:54:49.0300000
4336,654a86d08714f739c9fcea21,3731,1,41,barchart-first-05-random-shortest-41,right,shortest,random,single,2026-04-11 18:54:52.8300000
4337,69d7f9465b994c6222d7f449,835,1,26,barchart-first-23-random-shortest-26,right,shortest,random,single,2026-04-11 18:54:53.0780000
4338,66885d217777eda6f3a9b8dd,999,1,57,barchart-second-84-double-shortest-9,right,shortest,double,single,2026-04-11 18:54:53.4500000
4339,69d1792ab955b741a9779e5f,2231,1,37,barchart-first-39-random-shortest-37,right,shortest,random,single,2026-04-11 18:54:54.6660000
4340,69d7f9465b994c6222d7f449,898,1,27,barchart-first-71-random-shortest-27,left,shortest,random,single,2026-04-11 18:54:54.5370000
4341,66885d217777eda6f3a9b8dd,657,1,58,barchart-second-35-same-shortest-10,left,shortest,same,single,2026-04-11 18:54:54.6580000
4342,66885d217777eda6f3a9b8dd,642,1,59,barchart-second-01-random-shortest-11,right,shortest,random,single,2026-04-11 18:54:55.8420000
4343,5ce973ea6c890100012ea2ae,3676,1,24,barchart-first-18-double-shortest-24,right,shortest,double,single,2026-04-11 18:54:57.4740000
4344,69d7f9465b994c6222d7f449,1316,1,28,barchart-first-12-random-shortest-28,left,shortest,random,single,2026-04-11 18:54:56.4170000
4345,69d1792ab955b741a9779e5f,1951,1,38,barchart-first-31-random-shortest-38,right,shortest,random,single,2026-04-11 18:54:57.4210000
4346,654a86d08714f739c9fcea21,3713,1,42,barchart-first-75-random-shortest-42,left,shortest,random,single,2026-04-11 18:54:57.0880000
4347,66885d217777eda6f3a9b8dd,785,1,60,barchart-second-60-same-shortest-12,right,shortest,same,single,2026-04-11 18:54:57.1700000
4348,69d7f9465b994c6222d7f449,1104,1,29,barchart-first-25-double-shortest-29,left,shortest,double,single,2026-04-11 18:54:58.0910000
4349,66885d217777eda6f3a9b8dd,614,1,61,barchart-second-29-double-shortest-13,right,shortest,double,single,2026-04-11 18:54:58.3300000
4350,66885d217777eda6f3a9b8dd,646,1,62,barchart-second-63-same-shortest-14,right,shortest,same,single,2026-04-11 18:54:59.5300000
4351,5ce973ea6c890100012ea2ae,2637,1,25,barchart-first-87-same-shortest-25,left,shortest,same,single,2026-04-11 18:55:00.7050000
4352,69d7f9465b994c6222d7f449,1019,1,30,barchart-first-59-same-shortest-30,left,shortest,same,single,2026-04-11 18:54:59.7310000
4353,66885d217777eda6f3a9b8dd,646,1,63,barchart-second-45-same-shortest-15,left,shortest,same,single,2026-04-11 18:55:00.7140000
4354,69d7f9465b994c6222d7f449,920,1,31,barchart-first-70-double-shortest-31,right,shortest,double,single,2026-04-11 18:55:01.2130000
4355,654a86d08714f739c9fcea21,3871,1,43,barchart-first-26-double-shortest-43,left,shortest,double,single,2026-04-11 18:55:01.4930000
4356,69d1792ab955b741a9779e5f,1614,1,39,barchart-first-78-same-shortest-39,right,shortest,same,single,2026-04-11 18:55:02.1060000
4357,66885d217777eda6f3a9b8dd,671,1,64,barchart-second-27-random-shortest-16,left,shortest,random,single,2026-04-11 18:55:01.9220000
4358,5ce973ea6c890100012ea2ae,2054,1,26,barchart-first-00-double-shortest-26,left,shortest,double,single,2026-04-11 18:55:03.3520000
4359,69d7f9465b994c6222d7f449,833,1,32,barchart-first-92-double-shortest-32,right,shortest,double,single,2026-04-11 18:55:02.6150000
4360,66885d217777eda6f3a9b8dd,654,1,65,barchart-second-94-random-shortest-17,right,shortest,random,single,2026-04-11 18:55:03.1220000
4361,69d7f9465b994c6222d7f449,865,0,33,barchart-first-40-same-shortest-33,left,shortest,same,single,2026-04-11 18:55:04.0460000
4362,66885d217777eda6f3a9b8dd,632,1,66,barchart-second-23-double-shortest-18,right,shortest,double,single,2026-04-11 18:55:04.2980000
4363,66885d217777eda6f3a9b8dd,688,1,67,barchart-second-72-random-shortest-19,right,shortest,random,single,2026-04-11 18:55:05.5220000
4364,5ce973ea6c890100012ea2ae,2992,1,27,barchart-first-54-double-shortest-27,left,shortest,double,single,2026-04-11 18:55:06.9320000
4365,69d1792ab955b741a9779e5f,1381,1,40,barchart-first-94-same-shortest-40,right,shortest,same,single,2026-04-11 18:55:06.4900000
4366,654a86d08714f739c9fcea21,4351,1,44,barchart-first-66-random-shortest-44,left,shortest,random,single,2026-04-11 18:55:06.4540000
4367,69d7f9465b994c6222d7f449,1065,1,34,barchart-first-68-random-shortest-34,right,shortest,random,single,2026-04-11 18:55:06.6830000
4368,66885d217777eda6f3a9b8dd,1063,1,68,barchart-second-47-random-shortest-20,left,shortest,random,single,2026-04-11 18:55:07.1300000
4369,69d1792ab955b741a9779e5f,1805,1,41,barchart-first-92-double-shortest-41,right,shortest,double,single,2026-04-11 18:55:09.0810000
4370,5ce973ea6c890100012ea2ae,2003,1,28,barchart-first-02-double-shortest-28,right,shortest,double,single,2026-04-11 18:55:09.5310000
4371,66885d217777eda6f3a9b8dd,1112,1,69,barchart-second-04-double-shortest-21,left,shortest,double,single,2026-04-11 18:55:08.7780000
4372,69d7f9465b994c6222d7f449,1289,1,35,barchart-first-60-same-shortest-35,right,shortest,same,single,2026-04-11 18:55:08.5300000
4373,66885d217777eda6f3a9b8dd,536,1,70,barchart-second-49-double-shortest-22,right,shortest,double,single,2026-04-11 18:55:09.8740000
4374,69d7f9465b994c6222d7f449,899,1,36,barchart-first-14-double-shortest-36,right,shortest,double,single,2026-04-11 18:55:10.0360000
4375,654a86d08714f739c9fcea21,4125,1,45,barchart-first-12-double-shortest-45,left,shortest,double,single,2026-04-11 18:55:11.1160000
4376,5ce973ea6c890100012ea2ae,2121,1,29,barchart-first-13-random-shortest-29,left,shortest,random,single,2026-04-11 18:55:12.2850000
4377,69d1792ab955b741a9779e5f,1725,1,42,barchart-first-83-double-shortest-42,left,shortest,double,single,2026-04-11 18:55:11.5920000
4378,69d7f9465b994c6222d7f449,900,1,37,barchart-first-24-double-shortest-37,left,shortest,double,single,2026-04-11 18:55:11.4980000
4379,66885d217777eda6f3a9b8dd,1534,1,71,barchart-second-14-double-shortest-23,right,shortest,double,single,2026-04-11 18:55:11.9540000
4380,69d7f9465b994c6222d7f449,1482,1,38,barchart-first-83-same-shortest-38,left,shortest,same,single,2026-04-11 18:55:13.5800000
4381,69d1792ab955b741a9779e5f,2000,1,43,barchart-first-14-random-shortest-43,right,shortest,random,single,2026-04-11 18:55:14.3910000
4382,66885d217777eda6f3a9b8dd,841,1,72,barchart-second-64-double-shortest-24,left,shortest,double,single,2026-04-11 18:55:15.0430000
4383,654a86d08714f739c9fcea21,3400,1,46,barchart-first-37-double-shortest-46,left,shortest,double,single,2026-04-11 18:55:15.0610000
4384,69d7f9465b994c6222d7f449,984,1,39,barchart-first-75-double-shortest-39,left,shortest,double,single,2026-04-11 18:55:15.1340000
4385,5ce973ea6c890100012ea2ae,3263,1,30,barchart-first-15-same-shortest-30,right,shortest,same,single,2026-04-11 18:55:16.1350000
4386,69d1792ab955b741a9779e5f,1502,1,44,barchart-first-55-random-shortest-44,left,shortest,random,single,2026-04-11 18:55:16.6750000
4387,66885d217777eda6f3a9b8dd,761,1,73,barchart-second-71-same-shortest-25,left,shortest,same,single,2026-04-11 18:55:16.3460000
4388,69d7f9465b994c6222d7f449,897,1,40,barchart-first-56-same-shortest-40,left,shortest,same,single,2026-04-11 18:55:16.6420000
4389,5ce973ea6c890100012ea2ae,1741,1,31,barchart-first-38-double-shortest-31,left,shortest,double,single,2026-04-11 18:55:18.4470000
4390,66885d217777eda6f3a9b8dd,973,1,74,barchart-second-22-random-shortest-26,right,shortest,random,single,2026-04-11 18:55:17.8580000
4391,69d7f9465b994c6222d7f449,925,1,41,barchart-first-27-random-shortest-41,left,shortest,random,single,2026-04-11 18:55:18.1400000
4392,69d1792ab955b741a9779e5f,2061,1,45,barchart-first-51-random-shortest-45,right,shortest,random,single,2026-04-11 18:55:19.5270000
4393,66885d217777eda6f3a9b8dd,751,1,75,barchart-second-87-random-shortest-27,left,shortest,random,single,2026-04-11 18:55:19.1550000
4394,654a86d08714f739c9fcea21,4037,1,47,barchart-first-85-random-shortest-47,left,shortest,random,single,2026-04-11 18:55:19.7010000
4395,69d7f9465b994c6222d7f449,823,1,42,barchart-first-91-same-shortest-42,right,shortest,same,single,2026-04-11 18:55:19.5310000
4396,5ce973ea6c890100012ea2ae,2042,1,32,barchart-first-94-random-shortest-32,right,shortest,random,single,2026-04-11 18:55:21.0790000
4397,66885d217777eda6f3a9b8dd,638,1,76,barchart-second-39-same-shortest-28,right,shortest,same,single,2026-04-11 18:55:20.3390000
4398,69d7f9465b994c6222d7f449,1092,1,43,barchart-first-30-random-shortest-43,right,shortest,random,single,2026-04-11 18:55:21.1910000
4399,69d1792ab955b741a9779e5f,2007,1,46,barchart-first-69-double-shortest-46,right,shortest,double,single,2026-04-11 18:55:22.3130000
4400,66885d217777eda6f3a9b8dd,1159,1,77,barchart-second-36-double-shortest-29,left,shortest,double,single,2026-04-11 18:55:22.0430000
4401,69d7f9465b994c6222d7f449,1096,1,44,barchart-first-79-random-shortest-44,right,shortest,random,single,2026-04-11 18:55:22.8510000
4402,5ce973ea6c890100012ea2ae,2206,1,33,barchart-first-80-double-shortest-33,left,shortest,double,single,2026-04-11 18:55:23.8780000
4403,66885d217777eda6f3a9b8dd,934,1,78,barchart-second-09-double-shortest-30,left,shortest,double,single,2026-04-11 18:55:23.5220000
4404,69d7f9465b994c6222d7f449,986,1,45,barchart-first-50-same-shortest-45,right,shortest,same,single,2026-04-11 18:55:24.5310000
4405,66885d217777eda6f3a9b8dd,832,1,79,barchart-second-75-same-shortest-31,left,shortest,same,single,2026-04-11 18:55:24.8990000
4406,5ce973ea6c890100012ea2ae,2450,1,34,barchart-first-12-random-shortest-34,left,shortest,random,single,2026-04-11 18:55:26.9210000
4407,66885d217777eda6f3a9b8dd,711,1,80,barchart-second-28-same-shortest-32,right,shortest,same,single,2026-04-11 18:55:26.1460000
4408,69d7f9465b994c6222d7f449,1112,1,46,barchart-first-06-same-shortest-46,right,shortest,same,single,2026-04-11 18:55:26.2130000
4409,69d1792ab955b741a9779e5f,4386,1,47,barchart-first-88-same-shortest-47,left,shortest,same,single,2026-04-11 18:55:27.4890000
4410,66885d217777eda6f3a9b8dd,805,1,81,barchart-second-88-same-shortest-33,left,shortest,same,single,2026-04-11 18:55:27.4910000
4411,69d7f9465b994c6222d7f449,1246,1,47,barchart-first-43-random-shortest-47,left,shortest,random,single,2026-04-11 18:55:28.0240000
4412,5ce973ea6c890100012ea2ae,2091,1,35,barchart-first-56-random-shortest-35,left,shortest,random,single,2026-04-11 18:55:29.6270000
4413,66885d217777eda6f3a9b8dd,1073,1,82,barchart-second-51-random-shortest-34,right,shortest,random,single,2026-04-11 18:55:29.1070000
4414,66885d217777eda6f3a9b8dd,847,1,83,barchart-second-34-random-shortest-35,left,shortest,random,single,2026-04-11 18:55:30.4990000
4415,5ce973ea6c890100012ea2ae,2243,1,36,barchart-first-60-same-shortest-36,right,shortest,same,single,2026-04-11 18:55:32.4640000
4416,66885d217777eda6f3a9b8dd,655,1,84,barchart-second-54-random-shortest-36,left,shortest,random,single,2026-04-11 18:55:31.6910000
4417,66885d217777eda6f3a9b8dd,744,1,85,barchart-second-56-same-shortest-37,left,shortest,same,single,2026-04-11 18:55:32.9780000
4418,66885d217777eda6f3a9b8dd,796,1,86,barchart-second-12-random-shortest-38,left,shortest,random,single,2026-04-11 18:55:34.3150000
4419,5ce973ea6c890100012ea2ae,3603,1,37,barchart-first-76-double-shortest-37,left,shortest,double,single,2026-04-11 18:55:36.6510000
4420,66885d217777eda6f3a9b8dd,888,1,87,barchart-second-37-random-shortest-39,left,shortest,random,single,2026-04-11 18:55:35.7550000
4421,66885d217777eda6f3a9b8dd,852,1,88,barchart-second-41-double-shortest-40,right,shortest,double,single,2026-04-11 18:55:37.1550000
4422,66885d217777eda6f3a9b8dd,1174,1,89,barchart-second-10-random-shortest-41,left,shortest,random,single,2026-04-11 18:55:38.8750000
4423,5ce973ea6c890100012ea2ae,2792,1,38,barchart-first-69-same-shortest-38,right,shortest,same,single,2026-04-11 18:55:40.0310000
4424,66885d217777eda6f3a9b8dd,1498,1,90,barchart-second-05-double-shortest-42,right,shortest,double,single,2026-04-11 18:55:40.9150000
4425,66885d217777eda6f3a9b8dd,719,1,91,barchart-second-44-double-shortest-43,left,shortest,double,single,2026-04-11 18:55:42.1870000
4426,5ce973ea6c890100012ea2ae,3539,1,39,barchart-first-95-random-shortest-39,left,shortest,random,single,2026-04-11 18:55:44.1620000
4427,66885d217777eda6f3a9b8dd,885,1,92,barchart-second-95-double-shortest-44,left,shortest,double,single,2026-04-11 18:55:43.6190000
4428,66885d217777eda6f3a9b8dd,819,1,93,barchart-second-92-random-shortest-45,right,shortest,random,single,2026-04-11 18:55:44.9870000
4429,66885d217777eda6f3a9b8dd,804,1,94,barchart-second-06-random-shortest-46,right,shortest,random,single,2026-04-11 18:55:46.3390000
4430,5ce973ea6c890100012ea2ae,2958,1,40,barchart-first-23-double-shortest-40,right,shortest,double,single,2026-04-11 18:55:47.7050000
4431,66885d217777eda6f3a9b8dd,888,1,95,barchart-second-20-same-shortest-47,left,shortest,same,single,2026-04-11 18:55:47.7790000
4432,5ce973ea6c890100012ea2ae,3295,1,41,barchart-first-90-same-shortest-41,left,shortest,same,single,2026-04-11 18:55:51.5900000
4433,69d7f9465b994c6222d7f449,1174,1,48,barchart-second-20-random-tallest-0,right,tallest,random,single,2026-04-11 18:55:52.5100000
4434,69d7f9465b994c6222d7f449,779,1,49,barchart-second-04-double-tallest-1,right,tallest,double,single,2026-04-11 18:55:53.8580000
4435,5ce973ea6c890100012ea2ae,2877,1,42,barchart-first-37-random-shortest-42,left,shortest,random,single,2026-04-11 18:55:55.0770000
4436,69d7f9465b994c6222d7f449,640,1,50,barchart-second-63-double-tallest-2,left,tallest,double,single,2026-04-11 18:55:55.0630000
4437,69d7f9465b994c6222d7f449,631,1,51,barchart-second-78-same-tallest-3,left,tallest,same,single,2026-04-11 18:55:56.2570000
4438,5ce973ea6c890100012ea2ae,2822,1,43,barchart-first-84-random-shortest-43,right,shortest,random,single,2026-04-11 18:55:58.4800000
4439,69d7f9465b994c6222d7f449,764,1,52,barchart-second-00-random-tallest-4,left,tallest,random,single,2026-04-11 18:55:57.5800000
4440,69d7f9465b994c6222d7f449,632,1,53,barchart-second-41-double-tallest-5,right,tallest,double,single,2026-04-11 18:55:58.7700000
4441,69d7f9465b994c6222d7f449,1260,1,54,barchart-second-66-same-tallest-6,right,tallest,same,single,2026-04-11 18:56:00.6530000
4442,5ce973ea6c890100012ea2ae,2838,1,44,barchart-first-57-random-shortest-44,right,shortest,random,single,2026-04-11 18:56:01.9120000
4443,69d7f9465b994c6222d7f449,639,1,55,barchart-second-18-random-tallest-7,right,tallest,random,single,2026-04-11 18:56:02.0330000
4444,5c3c4726e8da5300012422c1,2919,1,0,barchart-first-87-same-tallest-0,right,tallest,same,single,2026-04-11 18:55:57.9920000
4445,69d7f9465b994c6222d7f449,778,1,56,barchart-second-94-random-tallest-8,right,tallest,random,single,2026-04-11 18:56:03.4130000
4446,5ce973ea6c890100012ea2ae,2473,1,45,barchart-first-78-random-shortest-45,right,shortest,random,single,2026-04-11 18:56:04.9670000
4447,5c3c4726e8da5300012422c1,878,1,1,barchart-first-71-random-tallest-1,right,tallest,random,single,2026-04-11 18:55:59.5340000
4448,69d7f9465b994c6222d7f449,546,1,57,barchart-second-07-same-tallest-9,left,tallest,same,single,2026-04-11 18:56:04.5170000
4449,69d7f9465b994c6222d7f449,637,1,58,barchart-second-62-random-tallest-10,right,tallest,random,single,2026-04-11 18:56:05.7140000
4450,5c3c4726e8da5300012422c1,1319,1,2,barchart-first-44-same-tallest-2,right,tallest,same,single,2026-04-11 18:56:01.5110000
4451,69d7f9465b994c6222d7f449,527,1,59,barchart-second-46-same-tallest-11,right,tallest,same,single,2026-04-11 18:56:06.7990000
4452,5ce973ea6c890100012ea2ae,2592,1,46,barchart-first-43-double-shortest-46,left,shortest,double,single,2026-04-11 18:56:08.1570000
4453,69d7f9465b994c6222d7f449,548,1,60,barchart-second-85-same-tallest-12,left,tallest,same,single,2026-04-11 18:56:07.9180000
4454,5c3c4726e8da5300012422c1,1335,1,3,barchart-first-50-random-tallest-3,right,tallest,random,single,2026-04-11 18:56:03.6810000
4455,69d7f9465b994c6222d7f449,917,1,61,barchart-second-03-double-tallest-13,right,tallest,double,single,2026-04-11 18:56:09.3900000
4456,5ce973ea6c890100012ea2ae,1657,1,47,barchart-first-66-same-shortest-47,left,shortest,same,single,2026-04-11 18:56:10.4060000
4457,5c3c4726e8da5300012422c1,976,1,4,barchart-first-86-random-tallest-4,left,tallest,random,single,2026-04-11 18:56:05.3670000
4458,69d7f9465b994c6222d7f449,605,1,62,barchart-second-31-random-tallest-14,left,tallest,random,single,2026-04-11 18:56:10.5510000
4459,69d7f9465b994c6222d7f449,705,1,63,barchart-second-65-double-tallest-15,right,tallest,double,single,2026-04-11 18:56:11.8190000
4460,5c3c4726e8da5300012422c1,1005,1,5,barchart-first-56-random-tallest-5,left,tallest,random,single,2026-04-11 18:56:07.1350000
4461,69d7f9465b994c6222d7f449,748,1,64,barchart-second-80-same-tallest-16,left,tallest,same,single,2026-04-11 18:56:13.1290000
4462,5c3c4726e8da5300012422c1,935,1,6,barchart-first-82-random-tallest-6,left,tallest,random,single,2026-04-11 18:56:08.8070000
4463,69d7f9465b994c6222d7f449,589,1,65,barchart-second-90-random-tallest-17,right,tallest,random,single,2026-04-11 18:56:14.2790000
4464,69d7f9465b994c6222d7f449,955,1,66,barchart-second-53-double-tallest-18,left,tallest,double,single,2026-04-11 18:56:15.7960000
4465,5c3c4726e8da5300012422c1,1499,1,7,barchart-first-54-random-tallest-7,right,tallest,random,single,2026-04-11 18:56:11.0090000
4466,69d7f9465b994c6222d7f449,595,1,67,barchart-second-69-double-tallest-19,left,tallest,double,single,2026-04-11 18:56:16.9460000
4467,5c3c4726e8da5300012422c1,1142,1,8,barchart-first-41-random-tallest-8,right,tallest,random,single,2026-04-11 18:56:12.8190000
4468,69d7f9465b994c6222d7f449,985,1,68,barchart-second-01-random-tallest-20,left,tallest,random,single,2026-04-11 18:56:18.4910000
4469,5c3c4726e8da5300012422c1,1112,1,9,barchart-first-94-double-tallest-9,right,tallest,double,single,2026-04-11 18:56:14.5680000
4470,69d7f9465b994c6222d7f449,720,1,69,barchart-second-61-random-tallest-21,left,tallest,random,single,2026-04-11 18:56:19.7770000
4471,69d7f9465b994c6222d7f449,581,1,70,barchart-second-82-same-tallest-22,left,tallest,same,single,2026-04-11 18:56:20.9150000
4472,5c3c4726e8da5300012422c1,1023,1,10,barchart-first-84-same-tallest-10,right,tallest,same,single,2026-04-11 18:56:16.2750000
4473,69d7f9465b994c6222d7f449,877,1,71,barchart-second-52-same-tallest-23,right,tallest,same,single,2026-04-11 18:56:22.3510000
4474,69d1792ab955b741a9779e5f,2865,1,48,barchart-second-29-same-tallest-0,left,tallest,same,single,2026-04-11 18:56:23.2560000
4475,5c3c4726e8da5300012422c1,819,1,11,barchart-first-43-double-tallest-11,right,tallest,double,single,2026-04-11 18:56:17.8240000
4476,69b076a526319c2340635e7b,3082,1,0,barchart-first-26-random-shortest-0,left,shortest,random,single,2026-04-11 18:56:33.0600000
4477,5c3c4726e8da5300012422c1,1103,1,12,barchart-first-14-same-tallest-12,left,tallest,same,single,2026-04-11 18:56:19.5870000
4478,69d7f9465b994c6222d7f449,590,1,72,barchart-second-22-double-tallest-24,left,tallest,double,single,2026-04-11 18:56:25.6960000
4479,5c3c4726e8da5300012422c1,680,1,13,barchart-first-55-double-tallest-13,left,tallest,double,single,2026-04-11 18:56:21.2500000
4480,69d1792ab955b741a9779e5f,1160,1,49,barchart-second-49-same-tallest-1,left,tallest,same,single,2026-04-11 18:56:26.8210000
4481,69d7f9465b994c6222d7f449,611,1,73,barchart-second-47-same-tallest-25,right,tallest,same,single,2026-04-11 18:56:26.8640000
4482,5c3c4726e8da5300012422c1,799,1,14,barchart-first-17-double-tallest-14,right,tallest,double,single,2026-04-11 18:56:22.8800000
4483,69d1792ab955b741a9779e5f,1250,1,50,barchart-second-59-same-tallest-2,left,tallest,same,single,2026-04-11 18:56:28.8500000
4484,69d7f9465b994c6222d7f449,709,1,74,barchart-second-49-same-tallest-26,left,tallest,same,single,2026-04-11 18:56:28.1350000
4485,69d7f9465b994c6222d7f449,598,1,75,barchart-second-35-double-tallest-27,left,tallest,double,single,2026-04-11 18:56:29.2970000
4486,654a86d08714f739c9fcea21,2912,1,48,barchart-second-49-random-tallest-0,left,tallest,random,single,2026-04-11 18:56:29.4770000
4487,5c3c4726e8da5300012422c1,1103,1,15,barchart-first-52-same-tallest-15,right,tallest,same,single,2026-04-11 18:56:24.7490000
4488,69d1792ab955b741a9779e5f,1204,1,51,barchart-second-60-same-tallest-3,right,tallest,same,single,2026-04-11 18:56:30.8640000
4489,69d7f9465b994c6222d7f449,634,1,76,barchart-second-09-double-tallest-28,right,tallest,double,single,2026-04-11 18:56:30.4940000
4490,69b076a526319c2340635e7b,6610,1,1,barchart-first-07-same-shortest-1,left,shortest,same,single,2026-04-11 18:56:41.0680000
4491,5c3c4726e8da5300012422c1,985,1,16,barchart-first-22-double-tallest-16,left,tallest,double,single,2026-04-11 18:56:26.6740000
4492,69d7f9465b994c6222d7f449,534,1,77,barchart-second-19-double-tallest-29,left,tallest,double,single,2026-04-11 18:56:31.6120000
4493,654a86d08714f739c9fcea21,2166,1,49,barchart-second-64-double-tallest-1,left,tallest,double,single,2026-04-11 18:56:32.1970000
4494,69d1792ab955b741a9779e5f,1602,1,52,barchart-second-43-random-tallest-4,right,tallest,random,single,2026-04-11 18:56:33.2500000
4495,69d7f9465b994c6222d7f449,691,1,78,barchart-second-32-random-tallest-30,right,tallest,random,single,2026-04-11 18:56:32.8630000
4496,5c3c4726e8da5300012422c1,611,1,17,barchart-first-63-double-tallest-17,left,tallest,double,single,2026-04-11 18:56:28.2140000
4497,69b076a526319c2340635e7b,1952,1,2,barchart-first-44-double-shortest-2,left,shortest,double,single,2026-04-11 18:56:43.6360000
4498,69d7f9465b994c6222d7f449,1039,1,79,barchart-second-87-same-tallest-31,right,tallest,same,single,2026-04-11 18:56:34.4660000
4499,654a86d08714f739c9fcea21,1940,1,50,barchart-second-08-same-tallest-2,left,tallest,same,single,2026-04-11 18:56:34.7010000
4500,69d1792ab955b741a9779e5f,1325,1,53,barchart-second-64-same-tallest-5,left,tallest,same,single,2026-04-11 18:56:35.3520000
4501,5c3c4726e8da5300012422c1,1326,1,18,barchart-first-67-same-tallest-18,right,tallest,same,single,2026-04-11 18:56:30.2280000
4502,69d7f9465b994c6222d7f449,683,1,80,barchart-second-28-same-tallest-32,right,tallest,same,single,2026-04-11 18:56:35.7600000
4503,69b076a526319c2340635e7b,1892,1,3,barchart-first-29-random-shortest-3,right,shortest,random,single,2026-04-11 18:56:46.1400000
4504,5c3c4726e8da5300012422c1,653,1,19,barchart-first-89-double-tallest-19,left,tallest,double,single,2026-04-11 18:56:31.5840000
4505,69d7f9465b994c6222d7f449,708,1,81,barchart-second-74-double-tallest-33,right,tallest,double,single,2026-04-11 18:56:37.0320000
4506,5c3c4726e8da5300012422c1,607,1,20,barchart-first-61-same-tallest-20,left,tallest,same,single,2026-04-11 18:56:32.8210000
4507,654a86d08714f739c9fcea21,2514,1,51,barchart-second-27-same-tallest-3,left,tallest,same,single,2026-04-11 18:56:37.8060000
4508,69d1792ab955b741a9779e5f,1638,1,54,barchart-second-27-double-tallest-6,left,tallest,double,single,2026-04-11 18:56:38.6690000
4509,69d7f9465b994c6222d7f449,642,1,82,barchart-second-13-double-tallest-34,left,tallest,double,single,2026-04-11 18:56:38.2280000
4510,69b076a526319c2340635e7b,1870,1,4,barchart-first-33-double-shortest-4,right,shortest,double,single,2026-04-11 18:56:48.6120000
4511,69d7f9465b994c6222d7f449,1041,1,83,barchart-second-39-same-tallest-35,right,tallest,same,single,2026-04-11 18:56:39.8350000
4512,69d1792ab955b741a9779e5f,1362,1,55,barchart-second-32-random-tallest-7,right,tallest,random,single,2026-04-11 18:56:40.8150000
4513,69b076a526319c2340635e7b,1840,1,5,barchart-first-42-double-shortest-5,right,shortest,double,single,2026-04-11 18:56:51.0590000
4514,654a86d08714f739c9fcea21,2681,1,52,barchart-second-33-double-tallest-4,left,tallest,double,single,2026-04-11 18:56:41.0380000
4515,69d7f9465b994c6222d7f449,731,1,84,barchart-second-42-double-tallest-36,right,tallest,double,single,2026-04-11 18:56:41.1220000
4516,69d1792ab955b741a9779e5f,856,1,56,barchart-second-56-double-tallest-8,left,tallest,double,single,2026-04-11 18:56:42.4770000
4517,69d7f9465b994c6222d7f449,705,1,85,barchart-second-08-random-tallest-37,left,tallest,random,single,2026-04-11 18:56:42.4240000
4518,69b076a526319c2340635e7b,1382,1,6,barchart-first-55-random-shortest-6,left,shortest,random,single,2026-04-11 18:56:53.1960000
4519,699e5181941db8dcb6340a08,2925,1,0,barchart-first-43-same-shortest-0,left,shortest,same,single,2026-04-11 18:56:43.3870000
4520,69d7f9465b994c6222d7f449,622,1,86,barchart-second-29-random-tallest-38,left,tallest,random,single,2026-04-11 18:56:43.6150000
4521,654a86d08714f739c9fcea21,2396,1,53,barchart-second-54-double-tallest-5,right,tallest,double,single,2026-04-11 18:56:43.9860000
4522,69d1792ab955b741a9779e5f,1305,1,57,barchart-second-23-same-tallest-9,left,tallest,same,single,2026-04-11 18:56:45.2730000
4523,69d7f9465b994c6222d7f449,1080,1,87,barchart-second-86-random-tallest-39,left,tallest,random,single,2026-04-11 18:56:45.2630000
4524,5c3c4726e8da5300012422c1,7994,1,21,barchart-first-00-double-tallest-21,left,tallest,double,single,2026-04-11 18:56:41.5680000
4525,69d7f9465b994c6222d7f449,679,1,88,barchart-second-51-same-tallest-40,left,tallest,same,single,2026-04-11 18:56:46.5060000
4526,699e5181941db8dcb6340a08,2714,1,1,barchart-first-85-same-shortest-1,left,shortest,same,single,2026-04-11 18:56:46.7100000
4527,69d1792ab955b741a9779e5f,1183,1,58,barchart-second-17-same-tallest-10,right,tallest,same,single,2026-04-11 18:56:47.2610000
4528,69b076a526319c2340635e7b,2967,1,7,barchart-first-84-double-shortest-7,right,shortest,double,single,2026-04-11 18:56:56.8040000
4529,654a86d08714f739c9fcea21,3203,1,54,barchart-second-10-same-tallest-6,right,tallest,same,single,2026-04-11 18:56:47.7490000
4530,69d7f9465b994c6222d7f449,572,1,89,barchart-second-48-double-tallest-41,right,tallest,double,single,2026-04-11 18:56:47.6680000
4531,69d7f9465b994c6222d7f449,685,1,90,barchart-second-73-random-tallest-42,right,tallest,random,single,2026-04-11 18:56:48.9130000
4532,69b076a526319c2340635e7b,2126,1,8,barchart-first-14-random-shortest-8,right,shortest,random,single,2026-04-11 18:56:59.5400000
4533,699e5181941db8dcb6340a08,2572,1,2,barchart-first-47-double-shortest-2,left,shortest,double,single,2026-04-11 18:56:49.9660000
4534,69d7f9465b994c6222d7f449,1140,1,91,barchart-second-26-random-tallest-43,right,tallest,random,single,2026-04-11 18:56:50.6130000
4535,69d1792ab955b741a9779e5f,1410,1,59,barchart-second-61-same-tallest-11,left,tallest,same,single,2026-04-11 18:56:51.4360000
4536,654a86d08714f739c9fcea21,2969,1,55,barchart-second-65-double-tallest-7,right,tallest,double,single,2026-04-11 18:56:51.2770000
4537,69b076a526319c2340635e7b,1600,1,9,barchart-first-94-double-shortest-9,right,shortest,double,single,2026-04-11 18:57:01.7480000
4538,69d7f9465b994c6222d7f449,549,1,92,barchart-second-81-random-tallest-44,left,tallest,random,single,2026-04-11 18:56:51.7560000
4539,69d1792ab955b741a9779e5f,1388,1,60,barchart-second-48-double-tallest-12,right,tallest,double,single,2026-04-11 18:56:53.6220000
4540,69d7f9465b994c6222d7f449,631,1,93,barchart-second-36-same-tallest-45,left,tallest,same,single,2026-04-11 18:56:52.9460000
4541,699e5181941db8dcb6340a08,2887,1,3,barchart-first-39-double-shortest-3,right,shortest,double,single,2026-04-11 18:56:53.4400000
4542,69b076a526319c2340635e7b,1784,1,10,barchart-first-11-double-shortest-10,right,shortest,double,single,2026-04-11 18:57:04.1370000
4543,69d7f9465b994c6222d7f449,911,1,94,barchart-second-15-same-tallest-46,right,tallest,same,single,2026-04-11 18:56:54.5870000
4544,654a86d08714f739c9fcea21,2966,1,56,barchart-second-29-same-tallest-8,left,tallest,same,single,2026-04-11 18:56:54.8050000
4545,69d1792ab955b741a9779e5f,1392,1,61,barchart-second-91-random-tallest-13,left,tallest,random,single,2026-04-11 18:56:55.8260000
4546,69d7f9465b994c6222d7f449,682,1,95,barchart-second-34-double-tallest-47,left,tallest,double,single,2026-04-11 18:56:55.8290000
4547,699e5181941db8dcb6340a08,2718,1,4,barchart-first-46-random-shortest-4,left,shortest,random,single,2026-04-11 18:56:56.7560000
4548,69b076a526319c2340635e7b,2136,1,11,barchart-first-09-double-shortest-11,left,shortest,double,single,2026-04-11 18:57:06.9160000
4549,69150c3790edcc1addc3c30e,1460,1,0,barchart-first-71-double-tallest-0,right,tallest,double,single,2026-04-11 18:56:57.1290000
4550,5c3c4726e8da5300012422c1,9655,1,22,barchart-first-47-random-tallest-22,right,tallest,random,single,2026-04-11 18:56:52.3820000
4551,654a86d08714f739c9fcea21,2463,1,57,barchart-second-89-same-tallest-9,left,tallest,same,single,2026-04-11 18:56:57.8290000
4552,69d1792ab955b741a9779e5f,2335,1,62,barchart-second-79-double-tallest-14,right,tallest,double,single,2026-04-11 18:56:58.9680000
4553,69150c3790edcc1addc3c30e,795,1,1,barchart-first-39-random-tallest-1,right,tallest,random,single,2026-04-11 18:56:58.4920000
4554,5c3c4726e8da5300012422c1,897,1,23,barchart-first-38-double-tallest-23,right,tallest,double,single,2026-04-11 18:56:54.1440000
4555,69b076a526319c2340635e7b,1812,1,12,barchart-first-91-same-shortest-12,right,shortest,same,single,2026-04-11 18:57:09.4520000
4556,69150c3790edcc1addc3c30e,632,1,2,barchart-first-57-random-tallest-2,left,tallest,random,single,2026-04-11 18:56:59.6930000
4557,69d1792ab955b741a9779e5f,691,1,63,barchart-second-37-random-tallest-15,left,tallest,random,single,2026-04-11 18:57:00.4500000
4558,699e5181941db8dcb6340a08,2857,1,5,barchart-first-34-random-shortest-5,left,shortest,random,single,2026-04-11 18:57:00.2270000
4559,654a86d08714f739c9fcea21,2499,1,58,barchart-second-63-double-tallest-10,left,tallest,double,single,2026-04-11 18:57:00.8930000
4560,69150c3790edcc1addc3c30e,619,1,3,barchart-first-18-random-tallest-3,right,tallest,random,single,2026-04-11 18:57:00.8780000
4561,69d1792ab955b741a9779e5f,1071,1,64,barchart-second-63-random-tallest-16,left,tallest,random,single,2026-04-11 18:57:02.3150000
4562,69b076a526319c2340635e7b,1536,1,13,barchart-first-48-random-shortest-13,right,shortest,random,single,2026-04-11 18:57:11.7800000
4563,69150c3790edcc1addc3c30e,568,1,4,barchart-first-90-same-tallest-4,right,tallest,same,single,2026-04-11 18:57:02.0160000
4564,69150c3790edcc1addc3c30e,586,1,5,barchart-first-56-double-tallest-5,left,tallest,double,single,2026-04-11 18:57:03.1660000
4565,5ce973ea6c890100012ea2ae,2117,1,48,barchart-second-85-same-tallest-0,left,tallest,same,single,2026-04-11 18:57:04.1470000
4566,699e5181941db8dcb6340a08,2592,1,6,barchart-first-05-random-shortest-6,right,shortest,random,single,2026-04-11 18:57:03.4450000
4567,654a86d08714f739c9fcea21,2008,1,59,barchart-second-11-double-tallest-11,left,tallest,double,single,2026-04-11 18:57:03.4530000
4568,69b076a526319c2340635e7b,1782,1,14,barchart-first-71-same-shortest-14,left,shortest,same,single,2026-04-11 18:57:14.2360000
4569,69150c3790edcc1addc3c30e,1014,1,6,barchart-first-02-same-tallest-6,right,tallest,same,single,2026-04-11 18:57:04.7690000
4570,5ce973ea6c890100012ea2ae,1633,1,49,barchart-second-35-random-tallest-1,left,tallest,random,single,2026-04-11 18:57:06.4000000
4571,69d1792ab955b741a9779e5f,1737,1,65,barchart-second-95-double-tallest-17,right,tallest,double,single,2026-04-11 18:57:06.2390000
4572,69150c3790edcc1addc3c30e,787,1,7,barchart-first-87-random-tallest-7,right,tallest,random,single,2026-04-11 18:57:06.1280000
4573,699e5181941db8dcb6340a08,2337,1,7,barchart-first-94-same-shortest-7,right,shortest,same,single,2026-04-11 18:57:06.4670000
4574,5ff07b5ee7a1d23e719e421e,3010,1,0,barchart-first-71-double-shortest-0,left,shortest,double,single,2026-04-11 18:57:08.3570000
4575,654a86d08714f739c9fcea21,3092,1,60,barchart-second-19-random-tallest-12,left,tallest,random,single,2026-04-11 18:57:07.1090000
4576,69150c3790edcc1addc3c30e,632,1,8,barchart-first-04-double-tallest-8,right,tallest,double,single,2026-04-11 18:57:07.3360000
4577,69d1792ab955b741a9779e5f,733,1,66,barchart-second-82-double-tallest-18,left,tallest,double,single,2026-04-11 18:57:07.7750000
4578,69b076a526319c2340635e7b,3012,1,15,barchart-first-17-same-shortest-15,right,shortest,same,single,2026-04-11 18:57:17.9400000
4579,5ce973ea6c890100012ea2ae,2195,1,50,barchart-second-31-same-tallest-2,left,tallest,same,single,2026-04-11 18:57:09.1720000
4580,69150c3790edcc1addc3c30e,677,1,9,barchart-first-78-random-tallest-9,left,tallest,random,single,2026-04-11 18:57:08.5780000
4581,69d1792ab955b741a9779e5f,1246,1,67,barchart-second-89-double-tallest-19,left,tallest,double,single,2026-04-11 18:57:09.8230000
4582,5ff07b5ee7a1d23e719e421e,1633,1,1,barchart-first-86-same-shortest-1,right,shortest,same,single,2026-04-11 18:57:10.5700000
4583,699e5181941db8dcb6340a08,2543,1,8,barchart-first-91-double-shortest-8,right,shortest,double,single,2026-04-11 18:57:09.6800000
4584,69150c3790edcc1addc3c30e,860,1,10,barchart-first-81-double-tallest-10,left,tallest,double,single,2026-04-11 18:57:10.0340000
4585,654a86d08714f739c9fcea21,2584,1,61,barchart-second-74-random-tallest-13,right,tallest,random,single,2026-04-11 18:57:10.2450000
4586,69b076a526319c2340635e7b,1683,1,16,barchart-first-93-same-shortest-16,right,shortest,same,single,2026-04-11 18:57:20.3160000
4587,5ce973ea6c890100012ea2ae,2094,1,51,barchart-second-29-double-tallest-3,left,tallest,double,single,2026-04-11 18:57:11.8490000
4588,69d1792ab955b741a9779e5f,1224,1,68,barchart-second-85-random-tallest-20,left,tallest,random,single,2026-04-11 18:57:11.8540000
4589,69150c3790edcc1addc3c30e,708,1,11,barchart-first-73-double-tallest-11,right,tallest,double,single,2026-04-11 18:57:11.3050000
4590,69150c3790edcc1addc3c30e,562,1,12,barchart-first-11-same-tallest-12,left,tallest,same,single,2026-04-11 18:57:12.4290000
4591,69b076a526319c2340635e7b,1314,1,17,barchart-first-58-double-shortest-17,left,shortest,double,single,2026-04-11 18:57:22.4120000
4592,5ff07b5ee7a1d23e719e421e,3075,1,2,barchart-first-24-random-shortest-2,left,shortest,random,single,2026-04-11 18:57:14.2260000
4593,5ce973ea6c890100012ea2ae,1979,1,52,barchart-second-93-same-tallest-4,left,tallest,same,single,2026-04-11 18:57:14.4070000
4594,69d1792ab955b741a9779e5f,1596,1,69,barchart-second-15-random-tallest-21,right,tallest,random,single,2026-04-11 18:57:14.2550000
4595,699e5181941db8dcb6340a08,3442,0,9,barchart-first-07-double-shortest-9,right,shortest,double,single,2026-04-11 18:57:13.7140000
4596,69150c3790edcc1addc3c30e,1041,1,13,barchart-first-08-same-tallest-13,left,tallest,same,single,2026-04-11 18:57:14.0290000
4597,5c3c4726e8da5300012422c1,6122,1,24,barchart-first-59-random-tallest-24,left,tallest,random,single,2026-04-11 18:57:09.2890000
4598,654a86d08714f739c9fcea21,3589,1,62,barchart-second-46-random-tallest-14,right,tallest,random,single,2026-04-11 18:57:14.3890000
4599,69b076a526319c2340635e7b,1560,1,18,barchart-first-41-double-shortest-18,right,shortest,double,single,2026-04-11 18:57:24.7240000
4600,5ff07b5ee7a1d23e719e421e,1849,1,3,barchart-first-32-double-shortest-3,right,shortest,double,single,2026-04-11 18:57:16.6500000
4601,5ce973ea6c890100012ea2ae,1856,1,53,barchart-second-62-same-tallest-5,right,tallest,same,single,2026-04-11 18:57:16.9030000
4602,69d1792ab955b741a9779e5f,2064,1,70,barchart-second-03-double-tallest-22,right,tallest,double,single,2026-04-11 18:57:17.1360000
4603,5c3c4726e8da5300012422c1,818,1,25,barchart-first-65-random-tallest-25,right,tallest,random,single,2026-04-11 18:57:11.9590000
4604,69150c3790edcc1addc3c30e,2204,1,14,barchart-first-74-same-tallest-14,right,tallest,same,single,2026-04-11 18:57:16.7960000
4605,69b076a526319c2340635e7b,1392,1,19,barchart-first-40-random-shortest-19,right,shortest,random,single,2026-04-11 18:57:26.9000000
4606,5ce973ea6c890100012ea2ae,1083,1,54,barchart-second-26-random-tallest-6,right,tallest,random,single,2026-04-11 18:57:18.5730000
4607,699e5181941db8dcb6340a08,2670,1,10,barchart-first-38-double-shortest-10,left,shortest,double,single,2026-04-11 18:57:17.9890000
4608,69150c3790edcc1addc3c30e,717,1,15,barchart-first-82-random-tallest-15,left,tallest,random,single,2026-04-11 18:57:18.0970000
4609,69b076a526319c2340635e7b,1324,1,20,barchart-first-08-random-shortest-20,left,shortest,random,single,2026-04-11 18:57:28.9080000
4610,69d1792ab955b741a9779e5f,1506,1,71,barchart-second-77-random-tallest-23,left,tallest,random,single,2026-04-11 18:57:19.5780000
4611,69150c3790edcc1addc3c30e,802,1,16,barchart-first-85-same-tallest-16,left,tallest,same,single,2026-04-11 18:57:19.4680000
4612,654a86d08714f739c9fcea21,4776,1,63,barchart-second-34-random-tallest-15,left,tallest,random,single,2026-04-11 18:57:19.7170000
4613,69150c3790edcc1addc3c30e,660,1,17,barchart-first-34-random-tallest-17,left,tallest,random,single,2026-04-11 18:57:20.7050000
4614,5c3c4726e8da5300012422c1,3017,1,26,barchart-first-53-same-tallest-26,left,tallest,same,single,2026-04-11 18:57:16.0820000
4615,5ce973ea6c890100012ea2ae,2799,1,55,barchart-second-55-same-tallest-7,left,tallest,same,single,2026-04-11 18:57:21.9590000
4616,69b076a526319c2340635e7b,1937,1,21,barchart-first-24-same-shortest-21,left,shortest,same,single,2026-04-11 18:57:31.5240000
4617,699e5181941db8dcb6340a08,3493,1,11,barchart-first-78-random-shortest-11,right,shortest,random,single,2026-04-11 18:57:22.1280000
4618,5ff07b5ee7a1d23e719e421e,6372,1,4,barchart-first-30-double-shortest-4,right,shortest,double,single,2026-04-11 18:57:23.5990000
4619,5c3c4726e8da5300012422c1,1173,1,27,barchart-first-72-random-tallest-27,left,tallest,random,single,2026-04-11 18:57:18.2160000
4620,654a86d08714f739c9fcea21,3271,1,64,barchart-second-82-random-tallest-16,left,tallest,random,single,2026-04-11 18:57:23.5410000
4621,5ce973ea6c890100012ea2ae,2441,1,56,barchart-second-81-double-tallest-8,left,tallest,double,single,2026-04-11 18:57:24.9840000
4622,5c3c4726e8da5300012422c1,757,1,28,barchart-first-18-same-tallest-28,right,tallest,same,single,2026-04-11 18:57:19.8770000
4623,69b076a526319c2340635e7b,2606,0,22,barchart-first-13-same-shortest-22,right,shortest,same,single,2026-04-11 18:57:34.8030000
4624,69150c3790edcc1addc3c30e,3886,1,18,barchart-first-21-double-tallest-18,right,tallest,double,single,2026-04-11 18:57:25.0950000
4625,5ce973ea6c890100012ea2ae,1317,1,57,barchart-second-86-same-tallest-9,left,tallest,same,single,2026-04-11 18:57:26.8780000
4626,69150c3790edcc1addc3c30e,560,1,19,barchart-first-33-same-tallest-19,left,tallest,same,single,2026-04-11 18:57:26.2190000
4627,69d1792ab955b741a9779e5f,2976,1,72,barchart-second-12-double-tallest-24,left,tallest,double,single,2026-04-11 18:57:27.1090000
4628,654a86d08714f739c9fcea21,2455,1,65,barchart-second-56-double-tallest-17,left,tallest,double,single,2026-04-11 18:57:26.5570000
4629,5ff07b5ee7a1d23e719e421e,3855,1,5,barchart-first-05-random-shortest-5,right,shortest,random,single,2026-04-11 18:57:28.0490000
4630,699e5181941db8dcb6340a08,4988,1,12,barchart-first-12-double-shortest-12,left,shortest,double,single,2026-04-11 18:57:27.7050000
4631,69150c3790edcc1addc3c30e,1142,1,20,barchart-first-72-random-tallest-20,left,tallest,random,single,2026-04-11 18:57:27.9410000
4632,5ce973ea6c890100012ea2ae,1918,1,58,barchart-second-53-double-tallest-10,left,tallest,double,single,2026-04-11 18:57:29.3800000
4633,5ff07b5ee7a1d23e719e421e,1671,1,6,barchart-first-06-same-shortest-6,right,shortest,same,single,2026-04-11 18:57:30.3140000
4634,5c3c4726e8da5300012422c1,2415,1,29,barchart-first-42-double-tallest-29,right,tallest,double,single,2026-04-11 18:57:24.5250000
4635,69150c3790edcc1addc3c30e,1416,1,21,barchart-first-28-double-tallest-21,right,tallest,double,single,2026-04-11 18:57:29.9210000
4636,69b076a526319c2340635e7b,3614,0,23,barchart-first-63-double-shortest-23,left,shortest,double,single,2026-04-11 18:57:40.0680000
4637,5ce973ea6c890100012ea2ae,1473,1,59,barchart-second-27-double-tallest-11,left,tallest,double,single,2026-04-11 18:57:31.4280000
4638,654a86d08714f739c9fcea21,3399,1,66,barchart-second-51-random-tallest-18,left,tallest,random,single,2026-04-11 18:57:30.5090000
4639,69d1792ab955b741a9779e5f,1512,1,73,barchart-second-18-same-tallest-25,right,tallest,same,single,2026-04-11 18:57:30.7180000
4640,5c3c4726e8da5300012422c1,860,1,30,barchart-first-77-double-tallest-30,left,tallest,double,single,2026-04-11 18:57:26.0480000
4641,69150c3790edcc1addc3c30e,1144,1,22,barchart-first-76-random-tallest-22,right,tallest,random,single,2026-04-11 18:57:31.6460000
4642,699e5181941db8dcb6340a08,3938,1,13,barchart-first-16-same-shortest-13,right,shortest,same,single,2026-04-11 18:57:32.3670000
4643,5c3c4726e8da5300012422c1,903,1,31,barchart-first-20-double-tallest-31,right,tallest,double,single,2026-04-11 18:57:27.6300000
4644,69d1792ab955b741a9779e5f,1670,1,74,barchart-second-02-random-tallest-26,right,tallest,random,single,2026-04-11 18:57:33.3380000
4645,69150c3790edcc1addc3c30e,766,1,23,barchart-first-36-same-tallest-23,left,tallest,same,single,2026-04-11 18:57:32.9790000
4646,5ff07b5ee7a1d23e719e421e,3429,1,7,barchart-first-38-same-shortest-7,left,shortest,same,single,2026-04-11 18:57:34.3280000
4647,5ce973ea6c890100012ea2ae,2093,1,60,barchart-second-21-same-tallest-12,right,tallest,same,single,2026-04-11 18:57:34.1150000
4648,5c3c4726e8da5300012422c1,714,1,32,barchart-first-74-same-tallest-32,right,tallest,same,single,2026-04-11 18:57:29.0770000
4649,654a86d08714f739c9fcea21,3428,1,67,barchart-second-17-same-tallest-19,right,tallest,same,single,2026-04-11 18:57:34.5070000
4650,699e5181941db8dcb6340a08,2072,1,14,barchart-first-09-random-shortest-14,left,shortest,random,single,2026-04-11 18:57:35.0720000
4651,5ff07b5ee7a1d23e719e421e,1472,1,8,barchart-first-01-double-shortest-8,right,shortest,double,single,2026-04-11 18:57:36.4080000
4652,69d1792ab955b741a9779e5f,1587,1,75,barchart-second-28-random-tallest-27,right,tallest,random,single,2026-04-11 18:57:35.7120000
4653,5c3c4726e8da5300012422c1,753,1,33,barchart-first-24-same-tallest-33,left,tallest,same,single,2026-04-11 18:57:30.5430000
4654,5ce973ea6c890100012ea2ae,1850,1,61,barchart-second-36-random-tallest-13,left,tallest,random,single,2026-04-11 18:57:36.5500000
4655,69b076a526319c2340635e7b,1770,1,24,barchart-first-85-random-shortest-24,left,shortest,random,single,2026-04-11 18:57:46.4200000
4656,5c3c4726e8da5300012422c1,664,1,34,barchart-first-70-double-tallest-34,left,tallest,double,single,2026-04-11 18:57:32.1090000
4657,69150c3790edcc1addc3c30e,1061,1,24,barchart-first-14-double-tallest-24,left,tallest,double,single,2026-04-11 18:57:37.1320000
4658,69d1792ab955b741a9779e5f,781,1,76,barchart-second-30-double-tallest-28,left,tallest,double,single,2026-04-11 18:57:38.2240000
4659,5ce973ea6c890100012ea2ae,1531,1,62,barchart-second-67-same-tallest-14,right,tallest,same,single,2026-04-11 18:57:38.6660000
4660,60859f820e5009a67adb3921,1027,1,0,barchart-first-69-random-tallest-0,left,tallest,random,single,2026-04-11 18:57:38.0370000
4661,5c3c4726e8da5300012422c1,758,1,35,barchart-first-85-random-tallest-35,left,tallest,random,single,2026-04-11 18:57:33.7300000
4662,654a86d08714f739c9fcea21,3530,1,68,barchart-second-67-same-tallest-20,right,tallest,same,single,2026-04-11 18:57:38.5970000
4663,69150c3790edcc1addc3c30e,908,1,25,barchart-first-89-same-tallest-25,left,tallest,same,single,2026-04-11 18:57:38.6000000
4664,69b076a526319c2340635e7b,1990,1,25,barchart-first-21-random-shortest-25,right,shortest,random,single,2026-04-11 18:57:49.0040000
4665,699e5181941db8dcb6340a08,3908,1,15,barchart-first-02-random-shortest-15,right,shortest,random,single,2026-04-11 18:57:39.5890000
4666,60859f820e5009a67adb3921,844,1,1,barchart-first-59-same-tallest-1,left,tallest,same,single,2026-04-11 18:57:39.5020000
4667,69150c3790edcc1addc3c30e,560,1,26,barchart-first-91-double-tallest-26,left,tallest,double,single,2026-04-11 18:57:39.7340000
4668,69d1792ab955b741a9779e5f,1451,1,77,barchart-second-09-same-tallest-29,right,tallest,same,single,2026-04-11 18:57:40.4530000
4669,5c3c4726e8da5300012422c1,712,1,36,barchart-first-39-same-tallest-36,right,tallest,same,single,2026-04-11 18:57:35.0960000
4670,5ce973ea6c890100012ea2ae,2193,1,63,barchart-second-47-double-tallest-15,right,tallest,double,single,2026-04-11 18:57:41.4330000
4671,60859f820e5009a67adb3921,678,1,2,barchart-first-43-double-tallest-2,right,tallest,double,single,2026-04-11 18:57:40.7830000
4672,69b076a526319c2340635e7b,1748,1,26,barchart-first-32-same-shortest-26,right,shortest,same,single,2026-04-11 18:57:51.4280000
4673,69150c3790edcc1addc3c30e,1411,1,27,barchart-first-66-double-tallest-27,right,tallest,double,single,2026-04-11 18:57:41.7070000
4674,5c3c4726e8da5300012422c1,1213,1,37,barchart-first-06-random-tallest-37,right,tallest,random,single,2026-04-11 18:57:37.0450000
4675,60859f820e5009a67adb3921,622,1,3,barchart-first-87-random-tallest-3,right,tallest,random,single,2026-04-11 18:57:42.0400000
4676,69d1792ab955b741a9779e5f,1264,1,78,barchart-second-54-same-tallest-30,right,tallest,same,single,2026-04-11 18:57:43.2650000
4677,699e5181941db8dcb6340a08,2583,1,16,barchart-first-28-same-shortest-16,right,shortest,same,single,2026-04-11 18:57:42.7620000
4678,5ce973ea6c890100012ea2ae,2200,1,64,barchart-second-32-same-tallest-16,right,tallest,same,single,2026-04-11 18:57:44.2140000
4679,60859f820e5009a67adb3921,541,1,4,barchart-first-16-same-tallest-4,right,tallest,same,single,2026-04-11 18:57:43.1830000
4680,69b076a526319c2340635e7b,1474,1,27,barchart-first-37-double-shortest-27,left,shortest,double,single,2026-04-11 18:57:53.5880000
4681,5c3c4726e8da5300012422c1,1018,1,38,barchart-first-08-same-tallest-38,left,tallest,same,single,2026-04-11 18:57:38.8090000
4682,69150c3790edcc1addc3c30e,1782,1,28,barchart-first-54-random-tallest-28,right,tallest,random,single,2026-04-11 18:57:44.0610000
4683,5ff07b5ee7a1d23e719e421e,8694,1,9,barchart-first-66-random-shortest-9,left,shortest,random,single,2026-04-11 18:57:45.7060000
4684,654a86d08714f739c9fcea21,5381,1,69,barchart-second-80-random-tallest-21,left,tallest,random,single,2026-04-11 18:57:44.5970000
4685,69d1792ab955b741a9779e5f,1228,1,79,barchart-second-74-same-tallest-31,right,tallest,same,single,2026-04-11 18:57:45.2710000
4686,60859f820e5009a67adb3921,782,1,5,barchart-first-23-random-tallest-5,left,tallest,random,single,2026-04-11 18:57:44.5510000
4687,69150c3790edcc1addc3c30e,581,1,29,barchart-first-88-random-tallest-29,right,tallest,random,single,2026-04-11 18:57:45.2110000
4688,5c3c4726e8da5300012422c1,952,1,39,barchart-first-36-same-tallest-39,left,tallest,same,single,2026-04-11 18:57:40.4280000
4689,5ce973ea6c890100012ea2ae,1632,1,65,barchart-second-77-same-tallest-17,left,tallest,same,single,2026-04-11 18:57:46.4360000
4690,699e5181941db8dcb6340a08,2553,1,17,barchart-first-56-random-shortest-17,left,shortest,random,single,2026-04-11 18:57:45.9880000
4691,60859f820e5009a67adb3921,682,1,6,barchart-first-50-random-tallest-6,right,tallest,random,single,2026-04-11 18:57:45.8180000
4692,69b076a526319c2340635e7b,1960,1,28,barchart-first-66-random-shortest-28,left,shortest,random,single,2026-04-11 18:57:56.1720000
4693,69150c3790edcc1addc3c30e,638,1,30,barchart-first-59-random-tallest-30,left,tallest,random,single,2026-04-11 18:57:46.4170000
4694,5c3c4726e8da5300012422c1,837,1,40,barchart-first-31-same-tallest-40,left,tallest,same,single,2026-04-11 18:57:41.9450000
4695,60859f820e5009a67adb3921,771,1,7,barchart-first-55-same-tallest-7,left,tallest,same,single,2026-04-11 18:57:47.1670000
4696,69150c3790edcc1addc3c30e,647,1,31,barchart-first-07-random-tallest-31,left,tallest,random,single,2026-04-11 18:57:47.6300000
4697,69d1792ab955b741a9779e5f,1050,1,80,barchart-second-66-double-tallest-32,right,tallest,double,single,2026-04-11 18:57:48.0950000
4698,5ce973ea6c890100012ea2ae,1997,1,66,barchart-second-40-random-tallest-18,left,tallest,random,single,2026-04-11 18:57:49.0130000
4699,5ff07b5ee7a1d23e719e421e,3121,1,10,barchart-first-44-double-shortest-10,left,shortest,double,single,2026-04-11 18:57:49.4370000
4700,5c3c4726e8da5300012422c1,646,1,41,barchart-first-45-random-tallest-41,left,tallest,random,single,2026-04-11 18:57:43.3390000
4701,60859f820e5009a67adb3921,634,1,8,barchart-first-20-same-tallest-8,right,tallest,same,single,2026-04-11 18:57:48.3110000
4702,69150c3790edcc1addc3c30e,540,1,32,barchart-first-94-same-tallest-32,right,tallest,same,single,2026-04-11 18:57:48.7380000
4703,69b076a526319c2340635e7b,2412,1,29,barchart-first-69-double-shortest-29,right,shortest,double,single,2026-04-11 18:57:59.2520000
4704,5c3c4726e8da5300012422c1,566,0,42,barchart-first-25-double-tallest-42,left,tallest,double,single,2026-04-11 18:57:44.7010000
4705,69d1792ab955b741a9779e5f,1284,1,81,barchart-second-68-same-tallest-33,right,tallest,same,single,2026-04-11 18:57:50.1660000
4706,699e5181941db8dcb6340a08,3055,1,18,barchart-first-21-random-shortest-18,right,shortest,random,single,2026-04-11 18:57:49.6500000
4707,60859f820e5009a67adb3921,689,1,9,barchart-first-28-random-tallest-9,right,tallest,random,single,2026-04-11 18:57:49.5930000
4708,69150c3790edcc1addc3c30e,728,1,33,barchart-first-27-double-tallest-33,left,tallest,double,single,2026-04-11 18:57:50.0340000
4709,654a86d08714f739c9fcea21,5178,1,70,barchart-second-55-double-tallest-22,left,tallest,double,single,2026-04-11 18:57:50.3810000
4710,5ce973ea6c890100012ea2ae,2031,1,67,barchart-second-25-double-tallest-19,right,tallest,double,single,2026-04-11 18:57:51.6210000
4711,5ff07b5ee7a1d23e719e421e,2128,1,11,barchart-first-79-double-shortest-11,right,shortest,double,single,2026-04-11 18:57:52.1630000
4712,60859f820e5009a67adb3921,681,1,10,barchart-first-68-same-tallest-10,right,tallest,same,single,2026-04-11 18:57:50.8250000
4713,69150c3790edcc1addc3c30e,533,1,34,barchart-first-10-same-tallest-34,right,tallest,same,single,2026-04-11 18:57:51.1380000
4714,69d1792ab955b741a9779e5f,1044,1,82,barchart-second-33-double-tallest-34,left,tallest,double,single,2026-04-11 18:57:51.9880000
4715,69b076a526319c2340635e7b,1586,1,30,barchart-first-67-double-shortest-30,left,shortest,double,single,2026-04-11 18:58:01.4680000
4716,5c3c4726e8da5300012422c1,700,1,43,barchart-first-10-random-tallest-43,right,tallest,random,single,2026-04-11 18:57:47.1090000
4717,60859f820e5009a67adb3921,596,1,11,barchart-first-85-random-tallest-11,left,tallest,random,single,2026-04-11 18:57:52.0450000
4718,699e5181941db8dcb6340a08,2223,1,19,barchart-first-83-double-shortest-19,left,shortest,double,single,2026-04-11 18:57:52.5510000
4719,69150c3790edcc1addc3c30e,794,1,35,barchart-first-49-double-tallest-35,left,tallest,double,single,2026-04-11 18:57:52.5020000
4720,5ff07b5ee7a1d23e719e421e,1693,1,12,barchart-first-64-double-shortest-12,left,shortest,double,single,2026-04-11 18:57:54.4240000
4721,5ce973ea6c890100012ea2ae,2014,1,68,barchart-second-58-double-tallest-20,right,tallest,double,single,2026-04-11 18:57:54.2190000
4722,5c3c4726e8da5300012422c1,707,1,44,barchart-first-93-same-tallest-44,left,tallest,same,single,2026-04-11 18:57:48.5600000
4723,69d1792ab955b741a9779e5f,1355,1,83,barchart-second-25-random-tallest-35,right,tallest,random,single,2026-04-11 18:57:54.1200000
4724,69150c3790edcc1addc3c30e,468,1,36,barchart-first-75-random-tallest-36,left,tallest,random,single,2026-04-11 18:57:53.5480000
4725,69b076a526319c2340635e7b,1438,1,31,barchart-first-35-double-shortest-31,left,shortest,double,single,2026-04-11 18:58:03.5480000
4726,60859f820e5009a67adb3921,684,1,12,barchart-first-76-double-tallest-12,right,tallest,double,single,2026-04-11 18:57:53.3670000
4727,654a86d08714f739c9fcea21,3342,1,71,barchart-second-28-double-tallest-23,right,tallest,double,single,2026-04-11 18:57:54.2770000
4728,60859f820e5009a67adb3921,594,1,13,barchart-first-77-random-tallest-13,left,tallest,random,single,2026-04-11 18:57:54.5330000
4729,5ff07b5ee7a1d23e719e421e,1325,1,13,barchart-first-51-double-shortest-13,right,shortest,double,single,2026-04-11 18:57:56.3210000
4730,5c3c4726e8da5300012422c1,768,1,45,barchart-first-75-double-tallest-45,left,tallest,double,single,2026-04-11 18:57:50.2360000
4731,5ce973ea6c890100012ea2ae,2054,1,69,barchart-second-49-double-tallest-21,left,tallest,double,single,2026-04-11 18:57:56.8550000
4732,60859f820e5009a67adb3921,795,1,14,barchart-first-65-double-tallest-14,right,tallest,double,single,2026-04-11 18:57:55.9310000
4733,69150c3790edcc1addc3c30e,2440,1,37,barchart-first-06-random-tallest-37,right,tallest,random,single,2026-04-11 18:57:56.6350000
4734,69b076a526319c2340635e7b,2240,1,32,barchart-first-28-random-shortest-32,right,shortest,random,single,2026-04-11 18:58:06.7400000
4735,5c3c4726e8da5300012422c1,1134,1,46,barchart-first-49-random-tallest-46,left,tallest,random,single,2026-04-11 18:57:52.0800000
4736,60859f820e5009a67adb3921,655,1,15,barchart-first-33-same-tallest-15,left,tallest,same,single,2026-04-11 18:57:57.2230000
4737,699e5181941db8dcb6340a08,4556,1,20,barchart-first-11-same-shortest-20,right,shortest,same,single,2026-04-11 18:57:57.7200000
4738,5ce973ea6c890100012ea2ae,1336,1,70,barchart-second-83-random-tallest-22,left,tallest,random,single,2026-04-11 18:57:58.7640000
4739,69150c3790edcc1addc3c30e,673,1,38,barchart-first-05-random-tallest-38,right,tallest,random,single,2026-04-11 18:57:57.8730000
4740,69d1792ab955b741a9779e5f,3480,1,84,barchart-second-46-double-tallest-36,right,tallest,double,single,2026-04-11 18:57:59.2650000
4741,69b076a526319c2340635e7b,1379,1,33,barchart-first-49-same-shortest-33,right,shortest,same,single,2026-04-11 18:58:08.7240000
4742,5c3c4726e8da5300012422c1,1292,1,47,barchart-first-79-double-tallest-47,right,tallest,double,single,2026-04-11 18:57:54.0390000
4743,69150c3790edcc1addc3c30e,495,1,39,barchart-first-80-double-tallest-39,left,tallest,double,single,2026-04-11 18:57:58.9290000
4744,60859f820e5009a67adb3921,1051,1,16,barchart-first-29-same-tallest-16,left,tallest,same,single,2026-04-11 18:57:58.8490000
4745,5ce973ea6c890100012ea2ae,1565,1,71,barchart-second-34-double-tallest-23,left,tallest,double,single,2026-04-11 18:58:00.9130000
4746,69150c3790edcc1addc3c30e,740,1,40,barchart-first-48-double-tallest-40,right,tallest,double,single,2026-04-11 18:58:00.2380000
4747,60859f820e5009a67adb3921,864,1,17,barchart-first-37-same-tallest-17,left,tallest,same,single,2026-04-11 18:58:00.3610000
4748,69b076a526319c2340635e7b,1345,1,34,barchart-first-80-double-shortest-34,left,shortest,double,single,2026-04-11 18:58:10.9160000
4749,699e5181941db8dcb6340a08,2622,1,21,barchart-first-79-same-shortest-21,right,shortest,same,single,2026-04-11 18:58:01.0370000
4750,5ff07b5ee7a1d23e719e421e,5685,1,14,barchart-first-04-same-shortest-14,left,shortest,same,single,2026-04-11 18:58:02.5860000
4751,69150c3790edcc1addc3c30e,733,1,41,barchart-first-52-same-tallest-41,right,tallest,same,single,2026-04-11 18:58:01.5340000
4752,60859f820e5009a67adb3921,591,1,18,barchart-first-26-random-tallest-18,right,tallest,random,single,2026-04-11 18:58:01.5770000
4753,69150c3790edcc1addc3c30e,718,1,42,barchart-first-83-same-tallest-42,left,tallest,same,single,2026-04-11 18:58:02.8170000
4754,60859f820e5009a67adb3921,623,1,19,barchart-first-91-double-tallest-19,left,tallest,double,single,2026-04-11 18:58:02.7910000
4755,69b076a526319c2340635e7b,1877,1,35,barchart-first-88-random-shortest-35,left,shortest,random,single,2026-04-11 18:58:13.4440000
4756,5ff07b5ee7a1d23e719e421e,2592,1,15,barchart-first-77-random-shortest-15,left,shortest,random,single,2026-04-11 18:58:05.7530000
4757,699e5181941db8dcb6340a08,2887,1,22,barchart-first-93-same-shortest-22,right,shortest,same,single,2026-04-11 18:58:04.5310000
4758,60859f820e5009a67adb3921,800,1,20,barchart-first-82-same-tallest-20,left,tallest,same,single,2026-04-11 18:58:04.2290000
4759,69150c3790edcc1addc3c30e,1153,1,43,barchart-first-50-double-tallest-43,right,tallest,double,single,2026-04-11 18:58:04.5390000
4760,69d1792ab955b741a9779e5f,5204,1,85,barchart-second-01-random-tallest-37,left,tallest,random,single,2026-04-11 18:58:05.2550000
4761,69b076a526319c2340635e7b,2045,1,36,barchart-first-27-same-shortest-36,left,shortest,same,single,2026-04-11 18:58:16.1160000
4762,60859f820e5009a67adb3921,925,1,21,barchart-first-27-double-tallest-21,left,tallest,double,single,2026-04-11 18:58:05.8920000
4763,69150c3790edcc1addc3c30e,1155,1,44,barchart-first-58-same-tallest-44,right,tallest,same,single,2026-04-11 18:58:06.3300000
4764,5ce973ea6c890100012ea2ae,2006,1,72,barchart-second-17-double-tallest-24,right,tallest,double,single,2026-04-11 18:58:07.6390000
4765,5ff07b5ee7a1d23e719e421e,1731,1,16,barchart-first-60-double-shortest-16,right,shortest,double,single,2026-04-11 18:58:08.1310000
4766,60859f820e5009a67adb3921,826,1,22,barchart-first-07-random-tallest-22,left,tallest,random,single,2026-04-11 18:58:07.3270000
4767,699e5181941db8dcb6340a08,2543,1,23,barchart-first-77-same-shortest-23,left,shortest,same,single,2026-04-11 18:58:07.7560000
4768,69b076a526319c2340635e7b,1550,1,37,barchart-first-73-same-shortest-37,left,shortest,same,single,2026-04-11 18:58:18.2760000
4769,5ce973ea6c890100012ea2ae,1408,1,73,barchart-second-63-same-tallest-25,left,tallest,same,single,2026-04-11 18:58:09.6340000
4770,5ff07b5ee7a1d23e719e421e,1320,1,17,barchart-first-33-double-shortest-17,right,shortest,double,single,2026-04-11 18:58:10.0300000
4771,60859f820e5009a67adb3921,614,1,23,barchart-first-11-double-tallest-23,left,tallest,double,single,2026-04-11 18:58:08.5640000
4772,69d1792ab955b741a9779e5f,1510,1,86,barchart-second-06-double-tallest-38,right,tallest,double,single,2026-04-11 18:58:09.7650000
4773,5ce973ea6c890100012ea2ae,1139,1,74,barchart-second-09-double-tallest-26,right,tallest,double,single,2026-04-11 18:58:11.3990000
4774,69150c3790edcc1addc3c30e,3584,1,45,barchart-first-42-same-tallest-45,right,tallest,same,single,2026-04-11 18:58:10.4840000
4775,69adeec7223c3d8e763750fb,2214,1,0,barchart-first-62-same-shortest-0,right,shortest,same,single,2026-04-11 18:58:12.2770000
4776,69150c3790edcc1addc3c30e,666,1,46,barchart-first-53-same-tallest-46,left,tallest,same,single,2026-04-11 18:58:11.7180000
4777,69b076a526319c2340635e7b,2996,1,38,barchart-first-36-double-shortest-38,left,shortest,double,single,2026-04-11 18:58:21.8920000
4778,5ce973ea6c890100012ea2ae,1296,1,75,barchart-second-07-random-tallest-27,left,tallest,random,single,2026-04-11 18:58:13.2780000
4779,654a86d08714f739c9fcea21,2725,1,72,barchart-second-06-double-tallest-24,right,tallest,double,single,2026-04-11 18:58:12.6360000
4780,69150c3790edcc1addc3c30e,567,1,47,barchart-first-93-double-tallest-47,left,tallest,double,single,2026-04-11 18:58:12.8500000
4781,5ff07b5ee7a1d23e719e421e,3896,1,18,barchart-first-62-same-shortest-18,right,shortest,same,single,2026-04-11 18:58:14.4940000
4782,69adeec7223c3d8e763750fb,1082,1,1,barchart-first-87-double-shortest-1,left,shortest,double,single,2026-04-11 18:58:13.9290000
4783,69d1792ab955b741a9779e5f,3326,1,87,barchart-second-93-random-tallest-39,left,tallest,random,single,2026-04-11 18:58:13.8490000
4784,60859f820e5009a67adb3921,742,1,24,barchart-first-02-double-tallest-24,right,tallest,double,single,2026-04-11 18:58:13.5950000
4785,5ce973ea6c890100012ea2ae,1362,1,76,barchart-second-44-random-tallest-28,right,tallest,random,single,2026-04-11 18:58:15.2180000
4786,69b076a526319c2340635e7b,1848,1,39,barchart-first-15-same-shortest-39,right,shortest,same,single,2026-04-11 18:58:24.3480000
4787,654a86d08714f739c9fcea21,1802,1,73,barchart-second-39-random-tallest-25,right,tallest,random,single,2026-04-11 18:58:14.9890000
4788,69d1792ab955b741a9779e5f,1085,1,88,barchart-second-13-same-tallest-40,left,tallest,same,single,2026-04-11 18:58:15.7230000
4789,60859f820e5009a67adb3921,843,1,25,barchart-first-09-same-tallest-25,right,tallest,same,single,2026-04-11 18:58:15.0240000
4790,69adeec7223c3d8e763750fb,2047,1,2,barchart-first-38-same-shortest-2,left,shortest,same,single,2026-04-11 18:58:16.5700000
4791,5ce973ea6c890100012ea2ae,1284,1,77,barchart-second-68-same-tallest-29,right,tallest,same,single,2026-04-11 18:58:17.0830000
4792,5ff07b5ee7a1d23e719e421e,2465,0,19,barchart-first-07-same-shortest-19,right,shortest,same,single,2026-04-11 18:58:17.5480000
4793,60859f820e5009a67adb3921,635,1,26,barchart-first-66-random-tallest-26,right,tallest,random,single,2026-04-11 18:58:16.2560000
4794,69b076a526319c2340635e7b,2158,1,40,barchart-first-87-random-shortest-40,left,shortest,random,single,2026-04-11 18:58:27.1320000
4795,69adeec7223c3d8e763750fb,1125,1,3,barchart-first-14-double-shortest-3,right,shortest,double,single,2026-04-11 18:58:18.2620000
4796,60859f820e5009a67adb3921,682,1,27,barchart-first-81-double-tallest-27,left,tallest,double,single,2026-04-11 18:58:17.5260000
4797,69d1792ab955b741a9779e5f,1101,1,89,barchart-second-40-same-tallest-41,left,tallest,same,single,2026-04-11 18:58:17.6080000
4798,5ce973ea6c890100012ea2ae,1574,1,78,barchart-second-41-random-tallest-30,right,tallest,random,single,2026-04-11 18:58:19.2470000
4799,654a86d08714f739c9fcea21,3191,1,74,barchart-second-15-same-tallest-26,right,tallest,same,single,2026-04-11 18:58:18.7330000
4800,69b076a526319c2340635e7b,1532,1,41,barchart-first-20-same-shortest-41,left,shortest,same,single,2026-04-11 18:58:29.2920000
4801,60859f820e5009a67adb3921,941,1,28,barchart-first-90-random-tallest-28,right,tallest,random,single,2026-04-11 18:58:19.1260000
4802,69adeec7223c3d8e763750fb,1333,1,4,barchart-first-61-random-shortest-4,left,shortest,random,single,2026-04-11 18:58:20.1520000
4803,69d1792ab955b741a9779e5f,2121,1,90,barchart-second-34-double-tallest-42,left,tallest,double,single,2026-04-11 18:58:20.8180000
4804,5ce973ea6c890100012ea2ae,1513,1,79,barchart-second-70-random-tallest-31,left,tallest,random,single,2026-04-11 18:58:21.3380000
4805,5ff07b5ee7a1d23e719e421e,2801,1,20,barchart-first-39-random-shortest-20,right,shortest,random,single,2026-04-11 18:58:21.9420000
4806,60859f820e5009a67adb3921,707,1,29,barchart-first-18-same-tallest-29,right,tallest,same,single,2026-04-11 18:58:20.5210000
4807,69adeec7223c3d8e763750fb,1138,1,5,barchart-first-82-same-shortest-5,right,shortest,same,single,2026-04-11 18:58:21.8500000
4808,69b076a526319c2340635e7b,1863,1,42,barchart-first-65-same-shortest-42,right,shortest,same,single,2026-04-11 18:58:31.8840000
4809,60859f820e5009a67adb3921,567,1,30,barchart-first-04-double-tallest-30,right,tallest,double,single,2026-04-11 18:58:21.6710000
4810,69d1792ab955b741a9779e5f,1303,1,91,barchart-second-47-same-tallest-43,right,tallest,same,single,2026-04-11 18:58:22.8980000
4811,699e5181941db8dcb6340a08,6496,1,24,barchart-first-66-same-shortest-24,left,shortest,same,single,2026-04-11 18:58:22.3320000
4812,5ce973ea6c890100012ea2ae,1489,1,80,barchart-second-48-random-tallest-32,right,tallest,random,single,2026-04-11 18:58:23.4190000
4813,5ff07b5ee7a1d23e719e421e,1517,1,21,barchart-first-31-same-shortest-21,right,shortest,same,single,2026-04-11 18:58:24.0440000
4814,69adeec7223c3d8e763750fb,1544,1,6,barchart-first-32-random-shortest-6,right,shortest,random,single,2026-04-11 18:58:23.9600000
4815,60859f820e5009a67adb3921,856,1,31,barchart-first-41-double-tallest-31,right,tallest,double,single,2026-04-11 18:58:23.1260000
4816,69b076a526319c2340635e7b,1278,1,43,barchart-first-64-random-shortest-43,left,shortest,random,single,2026-04-11 18:58:33.7880000
4817,654a86d08714f739c9fcea21,4971,1,75,barchart-second-52-same-tallest-27,right,tallest,same,single,2026-04-11 18:58:24.2610000
4818,5ce973ea6c890100012ea2ae,1659,1,81,barchart-second-71-random-tallest-33,right,tallest,random,single,2026-04-11 18:58:25.6730000
4819,69adeec7223c3d8e763750fb,966,1,7,barchart-first-08-random-shortest-7,left,shortest,random,single,2026-04-11 18:58:25.4870000
4820,60859f820e5009a67adb3921,959,1,32,barchart-first-06-random-tallest-32,right,tallest,random,single,2026-04-11 18:58:24.6800000
4821,699e5181941db8dcb6340a08,2526,1,25,barchart-first-65-double-shortest-25,right,shortest,double,single,2026-04-11 18:58:25.5440000
4822,5ff07b5ee7a1d23e719e421e,2259,1,22,barchart-first-20-double-shortest-22,left,shortest,double,single,2026-04-11 18:58:26.8820000
4823,6365b5599c1775edb6d46be4,2338,1,0,barchart-first-06-same-tallest-0,right,tallest,same,single,2026-04-11 18:58:25.9260000
4824,69b076a526319c2340635e7b,1687,1,44,barchart-first-18-random-shortest-44,right,shortest,random,single,2026-04-11 18:58:36.0920000
4825,69d1792ab955b741a9779e5f,1286,1,92,barchart-second-38-random-tallest-44,right,tallest,random,single,2026-04-11 18:58:26.8460000
4826,60859f820e5009a67adb3921,909,1,33,barchart-first-25-same-tallest-33,right,tallest,same,single,2026-04-11 18:58:26.1490000
4827,5ce973ea6c890100012ea2ae,1203,1,82,barchart-second-28-double-tallest-34,right,tallest,double,single,2026-04-11 18:58:27.4590000
4828,69adeec7223c3d8e763750fb,1888,1,8,barchart-first-42-double-shortest-8,right,shortest,double,single,2026-04-11 18:58:27.9400000
4829,5ff07b5ee7a1d23e719e421e,1357,1,23,barchart-first-68-same-shortest-23,right,shortest,same,single,2026-04-11 18:58:28.8550000
4830,60859f820e5009a67adb3921,799,1,34,barchart-first-32-same-tallest-34,right,tallest,same,single,2026-04-11 18:58:27.5760000
4831,69d1792ab955b741a9779e5f,1389,1,93,barchart-second-73-random-tallest-45,right,tallest,random,single,2026-04-11 18:58:29.0110000
4832,69b076a526319c2340635e7b,1836,1,45,barchart-first-86-random-shortest-45,right,shortest,random,single,2026-04-11 18:58:38.5560000
4833,5ce973ea6c890100012ea2ae,1513,1,83,barchart-second-39-random-tallest-35,right,tallest,random,single,2026-04-11 18:58:29.5600000
4834,6365b5599c1775edb6d46be4,2678,1,1,barchart-first-03-same-tallest-1,right,tallest,same,single,2026-04-11 18:58:29.2120000
4835,60859f820e5009a67adb3921,692,1,35,barchart-first-89-same-tallest-35,left,tallest,same,single,2026-04-11 18:58:28.9050000
4836,69adeec7223c3d8e763750fb,1392,1,9,barchart-first-84-same-shortest-9,right,shortest,same,single,2026-04-11 18:58:29.8930000
4837,699e5181941db8dcb6340a08,3225,1,26,barchart-first-71-random-shortest-26,left,shortest,random,single,2026-04-11 18:58:29.3650000
4838,654a86d08714f739c9fcea21,5166,1,76,barchart-second-73-random-tallest-28,right,tallest,random,single,2026-04-11 18:58:29.9810000
4839,5ce973ea6c890100012ea2ae,968,1,84,barchart-second-16-double-tallest-36,right,tallest,double,single,2026-04-11 18:58:31.1130000
4840,60859f820e5009a67adb3921,748,1,36,barchart-first-35-random-tallest-36,left,tallest,random,single,2026-04-11 18:58:30.3010000
4841,69d1792ab955b741a9779e5f,1188,1,94,barchart-second-07-random-tallest-46,left,tallest,random,single,2026-04-11 18:58:31.0120000
4842,69b076a526319c2340635e7b,1657,1,46,barchart-first-78-same-shortest-46,right,shortest,same,single,2026-04-11 18:58:40.8440000
4843,69adeec7223c3d8e763750fb,1133,1,10,barchart-first-13-random-shortest-10,left,shortest,random,single,2026-04-11 18:58:31.5810000
4844,5ce973ea6c890100012ea2ae,947,1,85,barchart-second-65-double-tallest-37,right,tallest,double,single,2026-04-11 18:58:32.6390000
4845,6365b5599c1775edb6d46be4,2214,1,2,barchart-first-50-double-tallest-2,right,tallest,double,single,2026-04-11 18:58:32.0040000
4846,60859f820e5009a67adb3921,884,1,37,barchart-first-13-double-tallest-37,left,tallest,double,single,2026-04-11 18:58:31.7570000
4847,69d1792ab955b741a9779e5f,928,1,95,barchart-second-65-double-tallest-47,right,tallest,double,single,2026-04-11 18:58:33.1550000
4848,69adeec7223c3d8e763750fb,1451,1,11,barchart-first-81-double-shortest-11,left,shortest,double,single,2026-04-11 18:58:33.5960000
4849,69b076a526319c2340635e7b,1916,1,47,barchart-first-54-same-shortest-47,left,shortest,same,single,2026-04-11 18:58:43.3800000
4850,60859f820e5009a67adb3921,724,0,38,barchart-first-22-double-tallest-38,right,tallest,double,single,2026-04-11 18:58:33.1340000
4851,5ce973ea6c890100012ea2ae,1209,1,86,barchart-second-46-same-tallest-38,right,tallest,same,single,2026-04-11 18:58:34.4310000
4852,699e5181941db8dcb6340a08,4230,0,27,barchart-first-32-double-shortest-27,left,shortest,double,single,2026-04-11 18:58:34.1890000
4853,654a86d08714f739c9fcea21,3817,1,77,barchart-second-22-random-tallest-29,left,tallest,random,single,2026-04-11 18:58:34.3410000
4854,69adeec7223c3d8e763750fb,914,1,12,barchart-first-00-same-shortest-12,left,shortest,same,single,2026-04-11 18:58:35.0790000
4855,6365b5599c1775edb6d46be4,2709,1,3,barchart-first-72-same-tallest-3,left,tallest,same,single,2026-04-11 18:58:35.2730000
4856,5ce973ea6c890100012ea2ae,989,1,87,barchart-second-82-double-tallest-39,left,tallest,double,single,2026-04-11 18:58:36.0110000
4857,60859f820e5009a67adb3921,616,1,39,barchart-first-24-double-tallest-39,left,tallest,double,single,2026-04-11 18:58:35.3850000
4858,69adeec7223c3d8e763750fb,1025,1,13,barchart-first-57-random-shortest-13,right,shortest,random,single,2026-04-11 18:58:36.6540000
4859,60859f820e5009a67adb3921,956,1,40,barchart-first-17-double-tallest-40,right,tallest,double,single,2026-04-11 18:58:36.9590000
4860,5ce973ea6c890100012ea2ae,1638,1,88,barchart-second-03-same-tallest-40,right,tallest,same,single,2026-04-11 18:58:38.2380000
4861,69adeec7223c3d8e763750fb,1025,1,14,barchart-first-92-random-shortest-14,right,shortest,random,single,2026-04-11 18:58:38.2330000
4862,6365b5599c1775edb6d46be4,2046,1,4,barchart-first-84-random-tallest-4,right,tallest,random,single,2026-04-11 18:58:37.8840000
4863,60859f820e5009a67adb3921,522,1,41,barchart-first-92-random-tallest-41,right,tallest,random,single,2026-04-11 18:58:38.0600000
4864,699e5181941db8dcb6340a08,3414,1,28,barchart-first-82-same-shortest-28,right,shortest,same,single,2026-04-11 18:58:39.2310000
4865,69adeec7223c3d8e763750fb,1333,1,15,barchart-first-04-double-shortest-15,left,shortest,double,single,2026-04-11 18:58:40.1280000
4866,60859f820e5009a67adb3921,690,1,42,barchart-first-51-random-tallest-42,left,tallest,random,single,2026-04-11 18:58:39.3610000
4867,6365b5599c1775edb6d46be4,1506,1,5,barchart-first-23-random-tallest-5,left,tallest,random,single,2026-04-11 18:58:39.9400000
4868,5ce973ea6c890100012ea2ae,1759,1,89,barchart-second-30-random-tallest-41,left,tallest,random,single,2026-04-11 18:58:40.5740000
4869,654a86d08714f739c9fcea21,5182,1,78,barchart-second-87-double-tallest-30,right,tallest,double,single,2026-04-11 18:58:40.0600000
4870,60859f820e5009a67adb3921,701,1,43,barchart-first-61-same-tallest-43,left,tallest,same,single,2026-04-11 18:58:40.6940000
4871,69adeec7223c3d8e763750fb,1230,1,16,barchart-first-72-double-shortest-16,right,shortest,double,single,2026-04-11 18:58:41.9200000
4872,5ce973ea6c890100012ea2ae,1343,1,90,barchart-second-74-same-tallest-42,right,tallest,same,single,2026-04-11 18:58:42.4980000
4873,6365b5599c1775edb6d46be4,1842,1,6,barchart-first-62-same-tallest-6,right,tallest,same,single,2026-04-11 18:58:42.3710000
4874,699e5181941db8dcb6340a08,2626,1,29,barchart-first-61-random-shortest-29,left,shortest,random,single,2026-04-11 18:58:42.4660000
4875,60859f820e5009a67adb3921,833,1,44,barchart-first-46-double-tallest-44,right,tallest,double,single,2026-04-11 18:58:42.1610000
4876,69adeec7223c3d8e763750fb,1274,1,17,barchart-first-44-random-shortest-17,left,shortest,random,single,2026-04-11 18:58:43.7580000
4877,5ce973ea6c890100012ea2ae,1729,1,91,barchart-second-24-same-tallest-43,left,tallest,same,single,2026-04-11 18:58:44.8120000
4878,60859f820e5009a67adb3921,890,1,45,barchart-first-40-double-tallest-45,left,tallest,double,single,2026-04-11 18:58:43.6430000
4879,69adeec7223c3d8e763750fb,1143,1,18,barchart-first-85-random-shortest-18,left,shortest,random,single,2026-04-11 18:58:45.4600000
4880,6365b5599c1775edb6d46be4,2215,1,7,barchart-first-69-random-tallest-7,left,tallest,random,single,2026-04-11 18:58:45.1820000
4881,60859f820e5009a67adb3921,734,1,46,barchart-first-14-random-tallest-46,left,tallest,random,single,2026-04-11 18:58:45.0230000
4882,699e5181941db8dcb6340a08,2455,1,30,barchart-first-81-same-shortest-30,left,shortest,same,single,2026-04-11 18:58:45.5200000
4883,654a86d08714f739c9fcea21,5318,1,79,barchart-second-79-double-tallest-31,right,tallest,double,single,2026-04-11 18:58:45.9330000
4884,5ce973ea6c890100012ea2ae,1655,1,92,barchart-second-50-random-tallest-44,right,tallest,random,single,2026-04-11 18:58:47.0380000
4885,69adeec7223c3d8e763750fb,1192,1,19,barchart-first-05-same-shortest-19,right,shortest,same,single,2026-04-11 18:58:47.2090000
4886,60859f820e5009a67adb3921,712,1,47,barchart-first-54-same-tallest-47,right,tallest,same,single,2026-04-11 18:58:46.3310000
4887,6365b5599c1775edb6d46be4,1294,1,8,barchart-first-87-random-tallest-8,right,tallest,random,single,2026-04-11 18:58:47.0420000
4888,69150c3790edcc1addc3c30e,1601,1,48,barchart-second-51-double-shortest-0,right,shortest,double,single,2026-04-11 18:58:46.7580000
4889,69adeec7223c3d8e763750fb,1126,1,20,barchart-first-71-same-shortest-20,left,shortest,same,single,2026-04-11 18:58:48.8970000
4890,699e5181941db8dcb6340a08,2120,1,31,barchart-first-59-random-shortest-31,left,shortest,random,single,2026-04-11 18:58:48.2710000
4891,69150c3790edcc1addc3c30e,873,1,49,barchart-second-30-same-shortest-1,right,shortest,same,single,2026-04-11 18:58:48.2090000
4892,5ce973ea6c890100012ea2ae,1497,1,93,barchart-second-33-random-tallest-45,left,tallest,random,single,2026-04-11 18:58:49.2210000
4893,69adeec7223c3d8e763750fb,954,1,21,barchart-first-69-double-shortest-21,right,shortest,double,single,2026-04-11 18:58:50.4760000
4894,654a86d08714f739c9fcea21,3291,1,80,barchart-second-24-random-tallest-32,left,tallest,random,single,2026-04-11 18:58:49.7730000
4895,6365b5599c1775edb6d46be4,2626,1,9,barchart-first-42-random-tallest-9,right,tallest,random,single,2026-04-11 18:58:50.2620000
4896,5ce973ea6c890100012ea2ae,1133,1,94,barchart-second-88-random-tallest-46,right,tallest,random,single,2026-04-11 18:58:50.9430000
4897,5c3c4726e8da5300012422c1,1628,1,48,barchart-second-35-double-shortest-0,left,shortest,double,single,2026-04-11 18:58:45.1720000
4898,69150c3790edcc1addc3c30e,1437,1,50,barchart-second-61-double-shortest-2,left,shortest,double,single,2026-04-11 18:58:50.2190000
4899,699e5181941db8dcb6340a08,2593,1,32,barchart-first-04-double-shortest-32,left,shortest,double,single,2026-04-11 18:58:51.6250000
4900,69150c3790edcc1addc3c30e,893,1,51,barchart-second-60-same-shortest-3,right,shortest,same,single,2026-04-11 18:58:51.6870000
4901,5ce973ea6c890100012ea2ae,1331,1,95,barchart-second-61-double-tallest-47,left,tallest,double,single,2026-04-11 18:58:52.8600000
4902,5c3c4726e8da5300012422c1,1261,1,49,barchart-second-92-random-shortest-1,right,shortest,random,single,2026-04-11 18:58:47.2470000
4903,6365b5599c1775edb6d46be4,1812,1,10,barchart-first-85-same-tallest-10,left,tallest,same,single,2026-04-11 18:58:52.6720000
4904,69150c3790edcc1addc3c30e,602,1,52,barchart-second-86-same-shortest-4,right,shortest,same,single,2026-04-11 18:58:52.8570000
4905,69adeec7223c3d8e763750fb,2968,1,22,barchart-first-46-random-shortest-22,left,shortest,random,single,2026-04-11 18:58:54.0160000
4906,654a86d08714f739c9fcea21,3327,1,81,barchart-second-13-same-tallest-33,left,tallest,same,single,2026-04-11 18:58:53.7010000
4907,5c3c4726e8da5300012422c1,951,1,50,barchart-second-78-same-shortest-2,right,shortest,same,single,2026-04-11 18:58:48.9930000
4908,69150c3790edcc1addc3c30e,628,1,53,barchart-second-26-same-shortest-5,left,shortest,same,single,2026-04-11 18:58:54.0510000
4909,5ff07b5ee7a1d23e719e421e,3678,1,24,barchart-first-23-random-shortest-24,right,shortest,random,single,2026-04-11 18:58:55.4800000
4910,699e5181941db8dcb6340a08,2743,1,33,barchart-first-69-double-shortest-33,right,shortest,double,single,2026-04-11 18:58:55.2170000
4911,6365b5599c1775edb6d46be4,2655,1,11,barchart-first-27-same-tallest-11,left,tallest,same,single,2026-04-11 18:58:55.8800000
4912,5c3c4726e8da5300012422c1,1265,1,51,barchart-second-69-random-shortest-3,right,shortest,random,single,2026-04-11 18:58:51.0350000
4913,69adeec7223c3d8e763750fb,2050,1,23,barchart-first-29-double-shortest-23,right,shortest,double,single,2026-04-11 18:58:56.6270000
4914,5ff07b5ee7a1d23e719e421e,1251,1,25,barchart-first-82-same-shortest-25,right,shortest,same,single,2026-04-11 18:58:57.3030000
4915,69150c3790edcc1addc3c30e,1374,1,54,barchart-second-22-double-shortest-6,right,shortest,double,single,2026-04-11 18:58:55.9920000
4916,699e5181941db8dcb6340a08,2226,1,34,barchart-first-86-double-shortest-34,right,shortest,double,single,2026-04-11 18:58:58.0580000
4917,654a86d08714f739c9fcea21,3905,1,82,barchart-second-77-double-tallest-34,left,tallest,double,single,2026-04-11 18:58:58.1570000
4918,5c3c4726e8da5300012422c1,1699,1,52,barchart-second-76-same-shortest-4,left,shortest,same,single,2026-04-11 18:58:53.4100000
4919,5ff07b5ee7a1d23e719e421e,2028,1,26,barchart-first-65-double-shortest-26,right,shortest,double,single,2026-04-11 18:58:59.9770000
4920,6365b5599c1775edb6d46be4,2624,1,12,barchart-first-76-same-tallest-12,right,tallest,same,single,2026-04-11 18:58:59.0750000
4921,69150c3790edcc1addc3c30e,2399,1,55,barchart-second-32-random-shortest-7,right,shortest,random,single,2026-04-11 18:58:59.0190000
4922,5c3c4726e8da5300012422c1,1114,1,53,barchart-second-04-random-shortest-5,left,shortest,random,single,2026-04-11 18:58:55.1810000
4923,69150c3790edcc1addc3c30e,1263,1,56,barchart-second-62-same-shortest-8,right,shortest,same,single,2026-04-11 18:59:00.8570000
4924,654a86d08714f739c9fcea21,2390,1,83,barchart-second-03-double-tallest-35,right,tallest,double,single,2026-04-11 18:59:01.0980000
4925,6365b5599c1775edb6d46be4,2013,1,13,barchart-first-78-double-tallest-13,left,tallest,double,single,2026-04-11 18:59:01.6490000
4926,5ff07b5ee7a1d23e719e421e,2401,1,27,barchart-first-13-double-shortest-27,left,shortest,double,single,2026-04-11 18:59:02.9650000
4927,69adeec7223c3d8e763750fb,2362,1,24,barchart-first-27-same-shortest-24,left,shortest,same,single,2026-04-11 18:59:02.3330000
4928,5c3c4726e8da5300012422c1,1576,1,54,barchart-second-16-random-shortest-6,right,shortest,random,single,2026-04-11 18:58:57.4860000
4929,699e5181941db8dcb6340a08,3600,1,35,barchart-first-49-random-shortest-35,right,shortest,random,single,2026-04-11 18:59:02.4750000
4930,69150c3790edcc1addc3c30e,1229,1,57,barchart-second-17-double-shortest-9,right,shortest,double,single,2026-04-11 18:59:02.6570000
4931,69adeec7223c3d8e763750fb,816,1,25,barchart-first-66-same-shortest-25,left,shortest,same,single,2026-04-11 18:59:03.7060000
4932,5ff07b5ee7a1d23e719e421e,1282,1,28,barchart-first-56-same-shortest-28,left,shortest,same,single,2026-04-11 18:59:04.8270000
4933,5c3c4726e8da5300012422c1,1417,1,55,barchart-second-60-same-shortest-7,right,shortest,same,single,2026-04-11 18:58:59.5880000
4934,69150c3790edcc1addc3c30e,1195,1,58,barchart-second-95-random-shortest-10,left,shortest,random,single,2026-04-11 18:59:04.4260000
4935,69adeec7223c3d8e763750fb,1310,1,26,barchart-first-47-double-shortest-26,left,shortest,double,single,2026-04-11 18:59:05.5720000
4936,6365b5599c1775edb6d46be4,3096,1,14,barchart-first-53-same-tallest-14,left,tallest,same,single,2026-04-11 18:59:05.3000000
4937,699e5181941db8dcb6340a08,2142,1,36,barchart-first-40-same-shortest-36,right,shortest,same,single,2026-04-11 18:59:05.2150000
4938,69150c3790edcc1addc3c30e,875,1,59,barchart-second-55-double-shortest-11,left,shortest,double,single,2026-04-11 18:59:05.9350000
4939,5ff07b5ee7a1d23e719e421e,2263,1,29,barchart-first-28-random-shortest-29,right,shortest,random,single,2026-04-11 18:59:07.6780000
4940,5c3c4726e8da5300012422c1,841,0,56,barchart-second-73-double-shortest-8,right,shortest,double,single,2026-04-11 18:59:01.5390000
4941,69adeec7223c3d8e763750fb,1030,1,27,barchart-first-18-random-shortest-27,right,shortest,random,single,2026-04-11 18:59:07.2070000
4942,69150c3790edcc1addc3c30e,729,1,60,barchart-second-12-same-shortest-12,left,shortest,same,single,2026-04-11 18:59:07.2370000
4943,654a86d08714f739c9fcea21,5678,1,84,barchart-second-45-same-tallest-36,left,tallest,same,single,2026-04-11 18:59:07.3330000
4944,69b076a526319c2340635e7b,1259,1,48,barchart-second-83-double-tallest-0,left,tallest,double,single,2026-04-11 18:59:17.9080000
4945,699e5181941db8dcb6340a08,2224,1,37,barchart-first-80-same-shortest-37,left,shortest,same,single,2026-04-11 18:59:08.0610000
4946,6365b5599c1775edb6d46be4,2711,1,15,barchart-first-21-same-tallest-15,right,tallest,same,single,2026-04-11 18:59:08.5950000
4947,5ff07b5ee7a1d23e719e421e,1344,1,30,barchart-first-35-double-shortest-30,left,shortest,double,single,2026-04-11 18:59:09.6110000
4948,69adeec7223c3d8e763750fb,1301,1,28,barchart-first-25-double-shortest-28,left,shortest,double,single,2026-04-11 18:59:09.0650000
4949,69150c3790edcc1addc3c30e,1121,1,61,barchart-second-15-double-shortest-13,right,shortest,double,single,2026-04-11 18:59:08.9230000
4950,5c3c4726e8da5300012422c1,1235,1,57,barchart-second-58-same-shortest-9,left,shortest,same,single,2026-04-11 18:59:04.5250000
4951,69150c3790edcc1addc3c30e,786,1,62,barchart-second-68-random-shortest-14,right,shortest,random,single,2026-04-11 18:59:10.2790000
4952,69b076a526319c2340635e7b,2046,1,49,barchart-second-10-same-tallest-1,right,tallest,same,single,2026-04-11 18:59:20.5640000
4953,699e5181941db8dcb6340a08,2258,1,38,barchart-first-74-same-shortest-38,left,shortest,same,single,2026-04-11 18:59:10.9390000
4954,69adeec7223c3d8e763750fb,2131,1,29,barchart-first-39-double-shortest-29,right,shortest,double,single,2026-04-11 18:59:11.7530000
4955,5ff07b5ee7a1d23e719e421e,2228,1,31,barchart-first-87-same-shortest-31,left,shortest,same,single,2026-04-11 18:59:12.4100000
4956,5c3c4726e8da5300012422c1,1097,1,58,barchart-second-81-double-shortest-10,left,shortest,double,single,2026-04-11 18:59:06.3250000
4957,6365b5599c1775edb6d46be4,2355,1,16,barchart-first-35-random-tallest-16,left,tallest,random,single,2026-04-11 18:59:11.5270000
4958,69150c3790edcc1addc3c30e,971,1,63,barchart-second-65-same-shortest-15,right,shortest,same,single,2026-04-11 18:59:11.8190000
4959,69b076a526319c2340635e7b,1143,1,50,barchart-second-59-double-tallest-2,left,tallest,double,single,2026-04-11 18:59:22.3240000
4960,654a86d08714f739c9fcea21,4620,1,85,barchart-second-21-same-tallest-37,right,tallest,same,single,2026-04-11 18:59:12.5090000
4961,69adeec7223c3d8e763750fb,1191,1,30,barchart-first-59-same-shortest-30,left,shortest,same,single,2026-04-11 18:59:13.5540000
4962,5c3c4726e8da5300012422c1,919,1,59,barchart-second-27-same-shortest-11,left,shortest,same,single,2026-04-11 18:59:08.1020000
4963,5ff07b5ee7a1d23e719e421e,1350,1,32,barchart-first-08-same-shortest-32,left,shortest,same,single,2026-04-11 18:59:14.3480000
4964,69150c3790edcc1addc3c30e,1351,1,64,barchart-second-84-same-shortest-16,right,shortest,same,single,2026-04-11 18:59:13.7400000
4965,699e5181941db8dcb6340a08,2360,1,39,barchart-first-89-random-shortest-39,right,shortest,random,single,2026-04-11 18:59:13.9180000
4966,6365b5599c1775edb6d46be4,2196,1,17,barchart-first-67-double-tallest-17,right,tallest,double,single,2026-04-11 18:59:14.3100000
4967,69b076a526319c2340635e7b,905,1,51,barchart-second-16-random-tallest-3,right,tallest,random,single,2026-04-11 18:59:23.9960000
4968,69adeec7223c3d8e763750fb,988,1,31,barchart-first-56-double-shortest-31,left,shortest,double,single,2026-04-11 18:59:15.1010000
4969,5c3c4726e8da5300012422c1,1340,1,60,barchart-second-80-random-shortest-12,left,shortest,random,single,2026-04-11 18:59:10.1100000
4970,69150c3790edcc1addc3c30e,1138,1,65,barchart-second-13-random-shortest-17,left,shortest,random,single,2026-04-11 18:59:15.4480000
4971,69b076a526319c2340635e7b,1262,1,52,barchart-second-56-random-tallest-4,left,tallest,random,single,2026-04-11 18:59:25.9000000
4972,69adeec7223c3d8e763750fb,1564,1,32,barchart-first-63-same-shortest-32,right,shortest,same,single,2026-04-11 18:59:17.2180000
4973,6365b5599c1775edb6d46be4,2096,1,18,barchart-first-34-double-tallest-18,left,tallest,double,single,2026-04-11 18:59:16.9970000
4974,5ff07b5ee7a1d23e719e421e,3093,1,33,barchart-first-47-double-shortest-33,left,shortest,double,single,2026-04-11 18:59:18.0130000
4975,5c3c4726e8da5300012422c1,1000,1,61,barchart-second-26-double-shortest-13,left,shortest,double,single,2026-04-11 18:59:11.8680000
4976,69150c3790edcc1addc3c30e,836,1,66,barchart-second-69-random-shortest-18,right,shortest,random,single,2026-04-11 18:59:16.8500000
4977,69b076a526319c2340635e7b,1529,1,53,barchart-second-68-random-tallest-5,right,tallest,random,single,2026-04-11 18:59:28.0440000
4978,69150c3790edcc1addc3c30e,759,1,67,barchart-second-79-double-shortest-19,right,shortest,double,single,2026-04-11 18:59:18.2370000
4979,69adeec7223c3d8e763750fb,1283,1,33,barchart-first-11-same-shortest-33,right,shortest,same,single,2026-04-11 18:59:19.0590000
4980,654a86d08714f739c9fcea21,5287,1,86,barchart-second-94-random-tallest-38,right,tallest,random,single,2026-04-11 18:59:18.3480000
4981,5ff07b5ee7a1d23e719e421e,1554,1,34,barchart-first-26-random-shortest-34,left,shortest,random,single,2026-04-11 18:59:20.1990000
4982,5c3c4726e8da5300012422c1,1711,1,62,barchart-second-02-double-shortest-14,right,shortest,double,single,2026-04-11 18:59:14.2210000
4983,69150c3790edcc1addc3c30e,977,1,68,barchart-second-37-same-shortest-20,left,shortest,same,single,2026-04-11 18:59:19.7850000
4984,6365b5599c1775edb6d46be4,2558,1,19,barchart-first-19-random-tallest-19,left,tallest,random,single,2026-04-11 18:59:20.1410000
4985,69adeec7223c3d8e763750fb,1168,1,34,barchart-first-49-random-shortest-34,right,shortest,random,single,2026-04-11 18:59:20.7800000
4986,699e5181941db8dcb6340a08,6371,1,40,barchart-first-37-double-shortest-40,left,shortest,double,single,2026-04-11 18:59:20.9790000
4987,69150c3790edcc1addc3c30e,755,1,69,barchart-second-92-random-shortest-21,right,shortest,random,single,2026-04-11 18:59:21.1160000
4988,5c3c4726e8da5300012422c1,1349,1,63,barchart-second-19-random-shortest-15,left,shortest,random,single,2026-04-11 18:59:16.3150000
4989,69b076a526319c2340635e7b,2676,1,54,barchart-second-45-same-tallest-6,left,tallest,same,single,2026-04-11 18:59:31.3160000
4990,69adeec7223c3d8e763750fb,1095,1,35,barchart-first-20-same-shortest-35,left,shortest,same,single,2026-04-11 18:59:22.4360000
4991,5ff07b5ee7a1d23e719e421e,2621,1,35,barchart-first-93-random-shortest-35,right,shortest,random,single,2026-04-11 18:59:23.3890000
4992,654a86d08714f739c9fcea21,3152,1,87,barchart-second-78-double-tallest-39,left,tallest,double,single,2026-04-11 18:59:22.0590000
4993,6365b5599c1775edb6d46be4,2374,1,20,barchart-first-45-double-tallest-20,left,tallest,double,single,2026-04-11 18:59:23.0740000
4994,69150c3790edcc1addc3c30e,1177,1,70,barchart-second-43-double-shortest-22,left,shortest,double,single,2026-04-11 18:59:22.8660000
4995,69b076a526319c2340635e7b,1237,1,55,barchart-second-62-double-tallest-7,right,tallest,double,single,2026-04-11 18:59:33.2920000
4996,5c3c4726e8da5300012422c1,1423,1,64,barchart-second-28-double-shortest-16,right,shortest,double,single,2026-04-11 18:59:18.4470000
4997,699e5181941db8dcb6340a08,2493,1,41,barchart-first-84-double-shortest-41,right,shortest,double,single,2026-04-11 18:59:24.1000000
4998,69150c3790edcc1addc3c30e,1123,1,71,barchart-second-09-random-shortest-23,left,shortest,random,single,2026-04-11 18:59:24.5680000
4999,69b076a526319c2340635e7b,1434,1,56,barchart-second-04-same-tallest-8,right,tallest,same,single,2026-04-11 18:59:35.3240000
5000,5ff07b5ee7a1d23e719e421e,2786,1,36,barchart-first-36-random-shortest-36,left,shortest,random,single,2026-04-11 18:59:26.7530000
5001,69adeec7223c3d8e763750fb,3540,1,36,barchart-first-90-random-shortest-36,left,shortest,random,single,2026-04-11 18:59:26.5390000
5002,5c3c4726e8da5300012422c1,1910,1,65,barchart-second-09-double-shortest-17,left,shortest,double,single,2026-04-11 18:59:21.3060000
5003,654a86d08714f739c9fcea21,3585,1,88,barchart-second-31-same-tallest-40,left,tallest,same,single,2026-04-11 18:59:26.1900000
5004,6365b5599c1775edb6d46be4,2883,1,21,barchart-first-66-random-tallest-21,right,tallest,random,single,2026-04-11 18:59:26.5270000
5005,699e5181941db8dcb6340a08,2310,1,42,barchart-first-54-random-shortest-42,left,shortest,random,single,2026-04-11 18:59:27.0860000
5006,69b076a526319c2340635e7b,1265,1,57,barchart-second-23-same-tallest-9,left,tallest,same,single,2026-04-11 18:59:37.1880000
5007,69adeec7223c3d8e763750fb,1334,1,37,barchart-first-21-random-shortest-37,right,shortest,random,single,2026-04-11 18:59:28.4320000
5008,69150c3790edcc1addc3c30e,1140,1,72,barchart-second-77-double-shortest-24,left,shortest,double,single,2026-04-11 18:59:28.3400000
5009,6365b5599c1775edb6d46be4,1736,1,22,barchart-first-40-double-tallest-22,left,tallest,double,single,2026-04-11 18:59:28.8620000
5010,5ff07b5ee7a1d23e719e421e,2820,1,37,barchart-first-46-random-shortest-37,left,shortest,random,single,2026-04-11 18:59:30.1480000
5011,5c3c4726e8da5300012422c1,1998,1,66,barchart-second-30-random-shortest-18,right,shortest,random,single,2026-04-11 18:59:23.9890000
5012,69b076a526319c2340635e7b,1299,1,58,barchart-second-95-random-tallest-10,right,tallest,random,single,2026-04-11 18:59:39.1080000
5013,69150c3790edcc1addc3c30e,726,1,73,barchart-second-67-same-shortest-25,left,shortest,same,single,2026-04-11 18:59:29.6400000
5014,69adeec7223c3d8e763750fb,1448,1,38,barchart-first-50-same-shortest-38,right,shortest,same,single,2026-04-11 18:59:30.4440000
5015,654a86d08714f739c9fcea21,3203,1,89,barchart-second-58-same-tallest-41,right,tallest,same,single,2026-04-11 18:59:29.9490000
5016,60859f820e5009a67adb3921,1302,1,48,barchart-second-01-same-shortest-0,right,shortest,same,single,2026-04-11 18:59:30.1350000
5017,69b076a526319c2340635e7b,1222,1,59,barchart-second-50-same-tallest-11,right,tallest,same,single,2026-04-11 18:59:40.9480000
5018,6365b5599c1775edb6d46be4,1990,1,23,barchart-first-10-same-tallest-23,right,tallest,same,single,2026-04-11 18:59:31.4100000
5019,5c3c4726e8da5300012422c1,1574,1,67,barchart-second-64-random-shortest-19,left,shortest,random,single,2026-04-11 18:59:26.2720000
5020,69adeec7223c3d8e763750fb,1071,1,39,barchart-first-35-same-shortest-39,left,shortest,same,single,2026-04-11 18:59:32.0670000
5021,5ff07b5ee7a1d23e719e421e,2025,0,38,barchart-first-78-same-shortest-38,left,shortest,same,single,2026-04-11 18:59:32.7550000
5022,60859f820e5009a67adb3921,1110,1,49,barchart-second-44-double-shortest-1,left,shortest,double,single,2026-04-11 18:59:31.8160000
5023,69150c3790edcc1addc3c30e,2141,1,74,barchart-second-41-random-shortest-26,right,shortest,random,single,2026-04-11 18:59:32.3580000
5024,69b076a526319c2340635e7b,1246,1,60,barchart-second-92-same-tallest-12,right,tallest,same,single,2026-04-11 18:59:42.8200000
5025,5c3c4726e8da5300012422c1,1203,0,68,barchart-second-13-random-shortest-20,right,shortest,random,single,2026-04-11 18:59:28.3540000
5026,69adeec7223c3d8e763750fb,1328,1,40,barchart-first-70-random-shortest-40,right,shortest,random,single,2026-04-11 18:59:34.0050000
5027,60859f820e5009a67adb3921,893,1,50,barchart-second-48-random-shortest-2,right,shortest,random,single,2026-04-11 18:59:33.3100000
5028,69150c3790edcc1addc3c30e,662,1,75,barchart-second-64-same-shortest-27,left,shortest,same,single,2026-04-11 18:59:33.5890000
5029,654a86d08714f739c9fcea21,3240,1,90,barchart-second-95-same-tallest-42,right,tallest,same,single,2026-04-11 18:59:33.7410000
5030,60859f820e5009a67adb3921,670,1,51,barchart-second-15-double-shortest-3,right,shortest,double,single,2026-04-11 18:59:34.6420000
5031,69b076a526319c2340635e7b,1496,1,61,barchart-second-06-double-tallest-13,right,tallest,double,single,2026-04-11 18:59:44.9240000
5032,69adeec7223c3d8e763750fb,1270,1,41,barchart-first-74-random-shortest-41,left,shortest,random,single,2026-04-11 18:59:35.8460000
5033,69150c3790edcc1addc3c30e,1075,1,76,barchart-second-01-random-shortest-28,right,shortest,random,single,2026-04-11 18:59:35.2290000
5034,5c3c4726e8da5300012422c1,906,1,69,barchart-second-57-same-shortest-21,right,shortest,same,single,2026-04-11 18:59:31.1290000
5035,5ff07b5ee7a1d23e719e421e,3072,1,39,barchart-first-67-same-shortest-39,left,shortest,same,single,2026-04-11 18:59:37.4050000
5036,6365b5599c1775edb6d46be4,2113,1,24,barchart-first-81-double-tallest-24,left,tallest,double,single,2026-04-11 18:59:36.8240000
5037,69adeec7223c3d8e763750fb,1054,1,42,barchart-first-91-random-shortest-42,right,shortest,random,single,2026-04-11 18:59:37.4580000
5038,60859f820e5009a67adb3921,1216,1,52,barchart-second-19-same-shortest-4,left,shortest,same,single,2026-04-11 18:59:36.5010000
5039,69b076a526319c2340635e7b,1203,1,62,barchart-second-52-double-tallest-14,right,tallest,double,single,2026-04-11 18:59:46.9480000
5040,69150c3790edcc1addc3c30e,1704,1,77,barchart-second-24-same-shortest-29,left,shortest,same,single,2026-04-11 18:59:37.5110000
5041,654a86d08714f739c9fcea21,3361,1,91,barchart-second-88-double-tallest-43,right,tallest,double,single,2026-04-11 18:59:37.6530000
5042,60859f820e5009a67adb3921,731,1,53,barchart-second-52-same-shortest-5,right,shortest,same,single,2026-04-11 18:59:37.7730000
5043,69adeec7223c3d8e763750fb,1247,1,43,barchart-first-77-double-shortest-43,left,shortest,double,single,2026-04-11 18:59:39.2660000
5044,5ff07b5ee7a1d23e719e421e,1930,1,40,barchart-first-48-same-shortest-40,right,shortest,same,single,2026-04-11 18:59:39.9140000
5045,69150c3790edcc1addc3c30e,1011,1,78,barchart-second-38-double-shortest-30,left,shortest,double,single,2026-04-11 18:59:39.0890000
5046,6365b5599c1775edb6d46be4,2227,1,25,barchart-first-74-double-tallest-25,right,tallest,double,single,2026-04-11 18:59:39.6310000
5047,60859f820e5009a67adb3921,724,1,54,barchart-second-03-random-shortest-6,left,shortest,random,single,2026-04-11 18:59:39.0810000
5048,69b076a526319c2340635e7b,1655,1,63,barchart-second-46-double-tallest-15,right,tallest,double,single,2026-04-11 18:59:49.3800000
5049,69adeec7223c3d8e763750fb,1338,1,44,barchart-first-28-double-shortest-44,right,shortest,double,single,2026-04-11 18:59:41.1630000
5050,5c3c4726e8da5300012422c1,3544,1,70,barchart-second-90-random-shortest-22,left,shortest,random,single,2026-04-11 18:59:35.8080000
5051,60859f820e5009a67adb3921,945,1,55,barchart-second-38-random-shortest-7,left,shortest,random,single,2026-04-11 18:59:40.6490000
5052,654a86d08714f739c9fcea21,3282,1,92,barchart-second-48-random-tallest-44,right,tallest,random,single,2026-04-11 18:59:41.4850000
5053,6365b5599c1775edb6d46be4,1935,1,26,barchart-first-36-same-tallest-26,left,tallest,same,single,2026-04-11 18:59:42.1450000
5054,69b076a526319c2340635e7b,2115,1,64,barchart-second-01-random-tallest-16,left,tallest,random,single,2026-04-11 18:59:52.1080000
5055,5ff07b5ee7a1d23e719e421e,2953,1,41,barchart-first-88-random-shortest-41,left,shortest,random,single,2026-04-11 18:59:43.4370000
5056,5c3c4726e8da5300012422c1,947,1,71,barchart-second-40-same-shortest-23,right,shortest,same,single,2026-04-11 18:59:37.4160000
5057,60859f820e5009a67adb3921,1251,1,56,barchart-second-62-double-shortest-8,right,shortest,double,single,2026-04-11 18:59:42.4740000
5058,69adeec7223c3d8e763750fb,1888,1,45,barchart-first-55-double-shortest-45,left,shortest,double,single,2026-04-11 18:59:43.6040000
5059,6365b5599c1775edb6d46be4,1407,1,27,barchart-first-57-double-tallest-27,left,tallest,double,single,2026-04-11 18:59:44.1420000
5060,69b076a526319c2340635e7b,1259,1,65,barchart-second-76-random-tallest-17,right,tallest,random,single,2026-04-11 18:59:53.9880000
5061,60859f820e5009a67adb3921,771,1,57,barchart-second-64-same-shortest-9,left,shortest,same,single,2026-04-11 18:59:43.8370000
5062,5ff07b5ee7a1d23e719e421e,1687,1,42,barchart-first-61-double-shortest-42,left,shortest,double,single,2026-04-11 18:59:45.7190000
5063,69adeec7223c3d8e763750fb,1077,1,46,barchart-first-30-same-shortest-46,right,shortest,same,single,2026-04-11 18:59:45.2420000
5064,69150c3790edcc1addc3c30e,5035,0,79,barchart-second-63-random-shortest-31,left,shortest,random,single,2026-04-11 18:59:44.6950000
5065,60859f820e5009a67adb3921,858,1,58,barchart-second-05-random-shortest-10,right,shortest,random,single,2026-04-11 18:59:45.2650000
5066,6365b5599c1775edb6d46be4,1176,1,28,barchart-first-94-double-tallest-28,right,tallest,double,single,2026-04-11 18:59:45.8760000
5067,654a86d08714f739c9fcea21,3512,1,93,barchart-second-76-random-tallest-45,right,tallest,random,single,2026-04-11 18:59:45.5550000
5068,69b076a526319c2340635e7b,979,1,66,barchart-second-72-random-tallest-18,left,tallest,random,single,2026-04-11 18:59:55.6920000
5069,69adeec7223c3d8e763750fb,1137,1,47,barchart-first-94-double-shortest-47,right,shortest,double,single,2026-04-11 18:59:46.9410000
5070,5ff07b5ee7a1d23e719e421e,1905,1,43,barchart-first-59-same-shortest-43,left,shortest,same,single,2026-04-11 18:59:48.1880000
5071,5c3c4726e8da5300012422c1,1577,1,72,barchart-second-51-double-shortest-24,right,shortest,double,single,2026-04-11 18:59:42.2380000
5072,60859f820e5009a67adb3921,1062,1,59,barchart-second-94-double-shortest-11,right,shortest,double,single,2026-04-11 18:59:46.8950000
5073,69150c3790edcc1addc3c30e,1755,1,80,barchart-second-29-random-shortest-32,right,shortest,random,single,2026-04-11 18:59:48.0300000
5074,6365b5599c1775edb6d46be4,2019,1,29,barchart-first-70-same-tallest-29,left,tallest,same,single,2026-04-11 18:59:48.4950000
5075,69b076a526319c2340635e7b,1607,1,67,barchart-second-75-random-tallest-19,left,tallest,random,single,2026-04-11 18:59:58.2360000
5076,5c3c4726e8da5300012422c1,824,1,73,barchart-second-33-double-shortest-25,right,shortest,double,single,2026-04-11 18:59:43.7330000
5077,5ff07b5ee7a1d23e719e421e,1258,1,44,barchart-first-70-random-shortest-44,right,shortest,random,single,2026-04-11 18:59:50.0090000
5078,60859f820e5009a67adb3921,1317,1,60,barchart-second-95-same-shortest-12,left,shortest,same,single,2026-04-11 18:59:48.7880000
5079,69150c3790edcc1addc3c30e,652,1,81,barchart-second-40-same-shortest-33,right,shortest,same,single,2026-04-11 18:59:49.2550000
5080,6365b5599c1775edb6d46be4,1513,1,30,barchart-first-47-double-tallest-30,right,tallest,double,single,2026-04-11 18:59:50.5760000
5081,69b076a526319c2340635e7b,1594,1,68,barchart-second-89-double-tallest-20,left,tallest,double,single,2026-04-11 19:00:00.5080000
5082,5c3c4726e8da5300012422c1,1121,1,74,barchart-second-32-same-shortest-26,right,shortest,same,single,2026-04-11 18:59:45.8490000
5083,69150c3790edcc1addc3c30e,884,1,82,barchart-second-70-double-shortest-34,right,shortest,double,single,2026-04-11 18:59:50.7140000
5084,60859f820e5009a67adb3921,1138,1,61,barchart-second-86-random-shortest-13,right,shortest,random,single,2026-04-11 18:59:50.5600000
5085,5ff07b5ee7a1d23e719e421e,1576,1,45,barchart-first-92-random-shortest-45,right,shortest,random,single,2026-04-11 18:59:52.1650000
5086,654a86d08714f739c9fcea21,6074,1,94,barchart-second-02-random-tallest-46,right,tallest,random,single,2026-04-11 18:59:52.2290000
5087,60859f820e5009a67adb3921,1028,1,62,barchart-second-21-same-shortest-14,right,shortest,same,single,2026-04-11 18:59:52.2940000
5088,6365b5599c1775edb6d46be4,1817,1,31,barchart-first-43-random-tallest-31,right,tallest,random,single,2026-04-11 18:59:52.9460000
5089,5c3c4726e8da5300012422c1,1556,1,75,barchart-second-37-double-shortest-27,left,shortest,double,single,2026-04-11 18:59:48.1620000
5090,69b076a526319c2340635e7b,1957,1,69,barchart-second-61-random-tallest-21,left,tallest,random,single,2026-04-11 19:00:03.0680000
5091,5ff07b5ee7a1d23e719e421e,2347,1,46,barchart-first-63-random-shortest-46,right,shortest,random,single,2026-04-11 18:59:55.1090000
5092,60859f820e5009a67adb3921,1325,1,63,barchart-second-84-same-shortest-15,right,shortest,same,single,2026-04-11 18:59:54.1660000
5093,6365b5599c1775edb6d46be4,1334,1,32,barchart-first-26-random-tallest-32,right,tallest,random,single,2026-04-11 18:59:54.8380000
5094,69150c3790edcc1addc3c30e,3587,1,83,barchart-second-46-same-shortest-35,left,shortest,same,single,2026-04-11 18:59:54.9290000
5095,69b076a526319c2340635e7b,1469,1,70,barchart-second-53-random-tallest-22,left,tallest,random,single,2026-04-11 19:00:05.1480000
5096,5c3c4726e8da5300012422c1,1821,1,76,barchart-second-46-same-shortest-28,left,shortest,same,single,2026-04-11 18:59:50.6380000
5097,5ff07b5ee7a1d23e719e421e,1460,1,47,barchart-first-80-random-shortest-47,left,shortest,random,single,2026-04-11 18:59:57.1410000
5098,699e5181941db8dcb6340a08,28336,1,43,barchart-first-03-double-shortest-43,left,shortest,double,single,2026-04-11 18:59:56.0060000
5099,60859f820e5009a67adb3921,1153,1,64,barchart-second-63-same-shortest-16,right,shortest,same,single,2026-04-11 18:59:55.8560000
5100,654a86d08714f739c9fcea21,3439,1,95,barchart-second-23-same-tallest-47,left,tallest,same,single,2026-04-11 18:59:56.2370000
5101,69150c3790edcc1addc3c30e,1064,1,84,barchart-second-16-double-shortest-36,right,shortest,double,single,2026-04-11 18:59:56.5590000
5102,69b076a526319c2340635e7b,1278,1,71,barchart-second-60-random-tallest-23,right,tallest,random,single,2026-04-11 19:00:07.0120000
5103,6365b5599c1775edb6d46be4,2063,1,33,barchart-first-89-random-tallest-33,left,tallest,random,single,2026-04-11 18:59:57.4640000
5104,5c3c4726e8da5300012422c1,1164,1,77,barchart-second-15-random-shortest-29,right,shortest,random,single,2026-04-11 18:59:52.4740000
5105,60859f820e5009a67adb3921,1205,1,65,barchart-second-88-random-shortest-17,left,shortest,random,single,2026-04-11 18:59:57.6520000
5106,69150c3790edcc1addc3c30e,1151,1,85,barchart-second-47-random-shortest-37,left,shortest,random,single,2026-04-11 18:59:58.2760000
5107,699e5181941db8dcb6340a08,1931,1,44,barchart-first-06-random-shortest-44,right,shortest,random,single,2026-04-11 18:59:58.7410000
5108,5c3c4726e8da5300012422c1,788,1,78,barchart-second-01-random-shortest-30,right,shortest,random,single,2026-04-11 18:59:53.9380000
5109,60859f820e5009a67adb3921,978,1,66,barchart-second-80-double-shortest-18,left,shortest,double,single,2026-04-11 18:59:59.2010000
5110,69150c3790edcc1addc3c30e,706,1,86,barchart-second-44-double-shortest-38,left,shortest,double,single,2026-04-11 18:59:59.5500000
5111,6365b5599c1775edb6d46be4,2452,1,34,barchart-first-77-random-tallest-34,left,tallest,random,single,2026-04-11 19:00:00.4830000
5112,5c3c4726e8da5300012422c1,1151,1,79,barchart-second-11-double-shortest-31,right,shortest,double,single,2026-04-11 18:59:55.7330000
5113,69150c3790edcc1addc3c30e,659,1,87,barchart-second-00-random-shortest-39,left,shortest,random,single,2026-04-11 19:00:00.7800000
5114,60859f820e5009a67adb3921,879,1,67,barchart-second-75-random-shortest-19,left,shortest,random,single,2026-04-11 19:00:00.7500000
5115,69b076a526319c2340635e7b,2141,1,72,barchart-second-12-random-tallest-24,left,tallest,random,single,2026-04-11 19:00:11.9400000
5116,60859f820e5009a67adb3921,616,1,68,barchart-second-73-same-shortest-20,left,shortest,same,single,2026-04-11 19:00:02.0130000
5117,6365b5599c1775edb6d46be4,1827,1,35,barchart-first-32-double-tallest-35,right,tallest,double,single,2026-04-11 19:00:02.8680000
5118,69150c3790edcc1addc3c30e,1230,1,88,barchart-second-45-random-shortest-40,left,shortest,random,single,2026-04-11 19:00:02.5750000
5119,5c3c4726e8da5300012422c1,1627,1,80,barchart-second-66-random-shortest-32,left,shortest,random,single,2026-04-11 18:59:58.0080000
5120,699e5181941db8dcb6340a08,3576,1,45,barchart-first-95-same-shortest-45,left,shortest,same,single,2026-04-11 19:00:02.9300000
5121,60859f820e5009a67adb3921,1096,1,69,barchart-second-31-double-shortest-21,right,shortest,double,single,2026-04-11 19:00:03.7480000
5122,69150c3790edcc1addc3c30e,928,1,89,barchart-second-35-double-shortest-41,left,shortest,double,single,2026-04-11 19:00:04.0920000
5123,69b076a526319c2340635e7b,2331,1,73,barchart-second-30-random-tallest-25,left,tallest,random,single,2026-04-11 19:00:14.8840000
5124,5c3c4726e8da5300012422c1,1197,1,81,barchart-second-48-random-shortest-33,right,shortest,random,single,2026-04-11 18:59:59.9820000
5125,6365b5599c1775edb6d46be4,2205,1,36,barchart-first-86-random-tallest-36,left,tallest,random,single,2026-04-11 19:00:05.6610000
5126,60859f820e5009a67adb3921,1158,1,70,barchart-second-36-double-shortest-22,left,shortest,double,single,2026-04-11 19:00:05.4750000
5127,699e5181941db8dcb6340a08,2420,1,46,barchart-first-29-random-shortest-46,right,shortest,random,single,2026-04-11 19:00:05.9930000
5128,69150c3790edcc1addc3c30e,1343,1,90,barchart-second-31-same-shortest-42,right,shortest,same,single,2026-04-11 19:00:05.9990000
5129,69b076a526319c2340635e7b,1477,1,74,barchart-second-31-double-tallest-26,left,tallest,double,single,2026-04-11 19:00:16.9720000
5130,60859f820e5009a67adb3921,1042,1,71,barchart-second-78-same-shortest-23,right,shortest,same,single,2026-04-11 19:00:07.1500000
5131,6365b5599c1775edb6d46be4,1856,1,37,barchart-first-71-double-tallest-37,right,tallest,double,single,2026-04-11 19:00:08.0700000
5132,666ce2f92aed5d69578ad8ba,6212,1,0,barchart-first-48-double-tallest-0,right,tallest,double,single,2026-04-11 19:00:08.0700000
5133,5c3c4726e8da5300012422c1,3248,1,82,barchart-second-07-same-shortest-34,left,shortest,same,single,2026-04-11 19:00:03.8740000
5134,699e5181941db8dcb6340a08,2195,1,47,barchart-first-30-double-shortest-47,right,shortest,double,single,2026-04-11 19:00:08.8140000
5135,69150c3790edcc1addc3c30e,2262,1,91,barchart-second-19-random-shortest-43,left,shortest,random,single,2026-04-11 19:00:08.8270000
5136,6365b5599c1775edb6d46be4,1232,1,38,barchart-first-52-double-tallest-38,right,tallest,double,single,2026-04-11 19:00:09.8670000
5137,69b076a526319c2340635e7b,1835,1,75,barchart-second-00-double-tallest-27,left,tallest,double,single,2026-04-11 19:00:19.7000000
5138,69150c3790edcc1addc3c30e,1024,1,92,barchart-second-03-same-shortest-44,left,shortest,same,single,2026-04-11 19:00:10.4190000
5139,5c3c4726e8da5300012422c1,1030,1,83,barchart-second-12-double-shortest-35,left,shortest,double,single,2026-04-11 19:00:05.7630000
5140,60859f820e5009a67adb3921,1850,1,72,barchart-second-30-double-shortest-24,right,shortest,double,single,2026-04-11 19:00:11.3380000
5141,6365b5599c1775edb6d46be4,1869,1,39,barchart-first-24-same-tallest-39,left,tallest,same,single,2026-04-11 19:00:12.2830000
5142,69150c3790edcc1addc3c30e,1481,1,93,barchart-second-20-random-shortest-45,left,shortest,random,single,2026-04-11 19:00:12.4690000
5143,69b076a526319c2340635e7b,1610,1,76,barchart-second-90-double-tallest-28,right,tallest,double,single,2026-04-11 19:00:22.4120000
5144,666ce2f92aed5d69578ad8ba,3871,1,1,barchart-first-76-double-tallest-1,right,tallest,double,single,2026-04-11 19:00:12.5420000
5145,5c3c4726e8da5300012422c1,1459,1,84,barchart-second-83-same-shortest-36,left,shortest,same,single,2026-04-11 19:00:07.9200000
5146,60859f820e5009a67adb3921,840,1,73,barchart-second-72-random-shortest-25,right,shortest,random,single,2026-04-11 19:00:12.7300000
5147,6365b5599c1775edb6d46be4,1693,1,40,barchart-first-75-double-tallest-40,left,tallest,double,single,2026-04-11 19:00:14.5370000
5148,60859f820e5009a67adb3921,770,1,74,barchart-second-70-double-shortest-26,right,shortest,double,single,2026-04-11 19:00:14.1590000
5149,5c3c4726e8da5300012422c1,1195,1,85,barchart-second-23-same-shortest-37,right,shortest,same,single,2026-04-11 19:00:09.8070000
5150,69b076a526319c2340635e7b,1716,1,77,barchart-second-70-same-tallest-29,left,tallest,same,single,2026-04-11 19:00:24.7640000
5151,69150c3790edcc1addc3c30e,2403,1,94,barchart-second-23-double-shortest-46,right,shortest,double,single,2026-04-11 19:00:15.4400000
5152,69adeec7223c3d8e763750fb,894,1,48,barchart-second-03-random-tallest-0,right,tallest,random,single,2026-04-11 19:00:16.4400000
5153,60859f820e5009a67adb3921,890,1,75,barchart-second-49-double-shortest-27,right,shortest,double,single,2026-04-11 19:00:15.7120000
5154,666ce2f92aed5d69578ad8ba,2902,1,2,barchart-first-33-random-tallest-2,left,tallest,random,single,2026-04-11 19:00:16.1340000
5155,5c3c4726e8da5300012422c1,917,1,86,barchart-second-34-same-shortest-38,left,shortest,same,single,2026-04-11 19:00:11.3730000
5156,69adeec7223c3d8e763750fb,731,1,49,barchart-second-23-double-tallest-1,left,tallest,double,single,2026-04-11 19:00:17.7450000
5157,69b076a526319c2340635e7b,1567,1,78,barchart-second-22-double-tallest-30,left,tallest,double,single,2026-04-11 19:00:27.1480000
5158,6365b5599c1775edb6d46be4,2513,1,41,barchart-first-31-double-tallest-41,left,tallest,double,single,2026-04-11 19:00:17.6070000
5159,5c3c4726e8da5300012422c1,800,1,87,barchart-second-03-same-shortest-39,left,shortest,same,single,2026-04-11 19:00:12.8950000
5160,60859f820e5009a67adb3921,1374,1,76,barchart-second-83-random-shortest-28,left,shortest,random,single,2026-04-11 19:00:17.7300000
5161,69150c3790edcc1addc3c30e,2113,1,95,barchart-second-25-double-shortest-47,left,shortest,double,single,2026-04-11 19:00:18.1210000
5162,69adeec7223c3d8e763750fb,760,1,50,barchart-second-48-same-tallest-2,right,tallest,same,single,2026-04-11 19:00:19.0600000
5163,666ce2f92aed5d69578ad8ba,2177,1,3,barchart-first-88-double-tallest-3,right,tallest,double,single,2026-04-11 19:00:18.9100000
5164,69b076a526319c2340635e7b,1636,1,79,barchart-second-02-random-tallest-31,right,tallest,random,single,2026-04-11 19:00:29.3800000
5165,60859f820e5009a67adb3921,850,1,77,barchart-second-12-same-shortest-29,left,shortest,same,single,2026-04-11 19:00:19.1440000
5166,69adeec7223c3d8e763750fb,687,1,51,barchart-second-40-random-tallest-3,left,tallest,random,single,2026-04-11 19:00:20.2960000
5167,5c3c4726e8da5300012422c1,1428,1,88,barchart-second-91-double-shortest-40,right,shortest,double,single,2026-04-11 19:00:15.0600000
5168,6365b5599c1775edb6d46be4,2197,1,42,barchart-first-82-same-tallest-42,left,tallest,same,single,2026-04-11 19:00:20.3520000
5169,60859f820e5009a67adb3921,866,1,78,barchart-second-79-random-shortest-30,right,shortest,random,single,2026-04-11 19:00:20.5730000
5170,69adeec7223c3d8e763750fb,661,1,52,barchart-second-36-double-tallest-4,left,tallest,double,single,2026-04-11 19:00:21.5360000
5171,69b076a526319c2340635e7b,1106,1,80,barchart-second-05-double-tallest-32,right,tallest,double,single,2026-04-11 19:00:31.1800000
5172,5c3c4726e8da5300012422c1,1174,1,89,barchart-second-88-random-shortest-41,left,shortest,random,single,2026-04-11 19:00:16.8650000
5173,60859f820e5009a67adb3921,846,1,79,barchart-second-00-random-shortest-31,left,shortest,random,single,2026-04-11 19:00:21.9690000
5174,69adeec7223c3d8e763750fb,937,1,53,barchart-second-93-double-tallest-5,left,tallest,double,single,2026-04-11 19:00:23.0300000
5175,666ce2f92aed5d69578ad8ba,3138,1,4,barchart-first-65-random-tallest-4,right,tallest,random,single,2026-04-11 19:00:22.6540000
5176,6365b5599c1775edb6d46be4,2210,1,43,barchart-first-15-random-tallest-43,right,tallest,random,single,2026-04-11 19:00:23.1100000
5177,69b076a526319c2340635e7b,1341,1,81,barchart-second-57-same-tallest-33,left,tallest,same,single,2026-04-11 19:00:33.1240000
5178,5c3c4726e8da5300012422c1,972,0,90,barchart-second-21-double-shortest-42,left,shortest,double,single,2026-04-11 19:00:18.5070000
5179,69adeec7223c3d8e763750fb,687,1,54,barchart-second-02-random-tallest-6,right,tallest,random,single,2026-04-11 19:00:24.2820000
5180,60859f820e5009a67adb3921,844,1,80,barchart-second-93-random-shortest-32,right,shortest,random,single,2026-04-11 19:00:23.3780000
5181,60859f820e5009a67adb3921,733,1,81,barchart-second-45-same-shortest-33,left,shortest,same,single,2026-04-11 19:00:24.6650000
5182,69adeec7223c3d8e763750fb,790,1,55,barchart-second-95-same-tallest-7,right,tallest,same,single,2026-04-11 19:00:25.6340000
5183,69b076a526319c2340635e7b,1853,1,82,barchart-second-19-same-tallest-34,left,tallest,same,single,2026-04-11 19:00:35.6360000
5184,69adeec7223c3d8e763750fb,701,1,56,barchart-second-19-same-tallest-8,left,tallest,same,single,2026-04-11 19:00:26.9030000
5185,6365b5599c1775edb6d46be4,2909,1,44,barchart-first-61-random-tallest-44,left,tallest,random,single,2026-04-11 19:00:26.5700000
5186,60859f820e5009a67adb3921,941,1,82,barchart-second-10-random-shortest-34,left,shortest,random,single,2026-04-11 19:00:26.1460000
5187,5c3c4726e8da5300012422c1,1689,1,91,barchart-second-62-double-shortest-43,right,shortest,double,single,2026-04-11 19:00:22.0760000
5188,69adeec7223c3d8e763750fb,722,1,57,barchart-second-78-same-tallest-9,left,tallest,same,single,2026-04-11 19:00:28.1890000
5189,69b076a526319c2340635e7b,1527,1,83,barchart-second-51-double-tallest-35,left,tallest,double,single,2026-04-11 19:00:37.9160000
5190,666ce2f92aed5d69578ad8ba,4685,1,5,barchart-first-49-double-tallest-5,left,tallest,double,single,2026-04-11 19:00:27.9420000
5191,60859f820e5009a67adb3921,1349,1,83,barchart-second-56-double-shortest-35,left,shortest,double,single,2026-04-11 19:00:28.1440000
5192,6365b5599c1775edb6d46be4,1652,1,45,barchart-first-44-same-tallest-45,right,tallest,same,single,2026-04-11 19:00:28.8170000
5193,69adeec7223c3d8e763750fb,801,1,58,barchart-second-64-same-tallest-10,left,tallest,same,single,2026-04-11 19:00:29.5590000
5194,5c3c4726e8da5300012422c1,1301,1,92,barchart-second-29-random-shortest-44,right,shortest,random,single,2026-04-11 19:00:24.0510000
5195,69b076a526319c2340635e7b,1041,1,84,barchart-second-74-double-tallest-36,right,tallest,double,single,2026-04-11 19:00:39.5880000
5196,69adeec7223c3d8e763750fb,491,1,59,barchart-second-15-random-tallest-11,right,tallest,random,single,2026-04-11 19:00:30.6090000
5197,60859f820e5009a67adb3921,1245,1,84,barchart-second-34-double-shortest-36,left,shortest,double,single,2026-04-11 19:00:29.9840000
5198,6365b5599c1775edb6d46be4,2079,1,46,barchart-first-05-random-tallest-46,right,tallest,random,single,2026-04-11 19:00:31.4500000
5199,69adeec7223c3d8e763750fb,686,1,60,barchart-second-65-double-tallest-12,right,tallest,double,single,2026-04-11 19:00:31.8470000
5200,666ce2f92aed5d69578ad8ba,2700,1,6,barchart-first-70-double-tallest-6,left,tallest,double,single,2026-04-11 19:00:31.2380000
5201,5c3c4726e8da5300012422c1,1714,1,93,barchart-second-95-double-shortest-45,left,shortest,double,single,2026-04-11 19:00:26.5080000
5202,60859f820e5009a67adb3921,878,1,85,barchart-second-71-double-shortest-37,left,shortest,double,single,2026-04-11 19:00:31.4680000
5203,69b076a526319c2340635e7b,1719,1,85,barchart-second-82-same-tallest-37,left,tallest,same,single,2026-04-11 19:00:41.9880000
5204,69adeec7223c3d8e763750fb,615,1,61,barchart-second-09-same-tallest-13,right,tallest,same,single,2026-04-11 19:00:33.0310000
5205,5c3c4726e8da5300012422c1,931,1,94,barchart-second-05-same-shortest-46,right,shortest,same,single,2026-04-11 19:00:28.1980000
5206,60859f820e5009a67adb3921,1046,1,86,barchart-second-74-same-shortest-38,left,shortest,same,single,2026-04-11 19:00:33.1650000
5207,69adeec7223c3d8e763750fb,563,1,62,barchart-second-54-double-tallest-14,right,tallest,double,single,2026-04-11 19:00:34.1450000
5208,6365b5599c1775edb6d46be4,2516,1,47,barchart-first-02-same-tallest-47,right,tallest,same,single,2026-04-11 19:00:34.5260000
5209,69adeec7223c3d8e763750fb,516,1,63,barchart-second-34-double-tallest-15,left,tallest,double,single,2026-04-11 19:00:35.2240000
5210,5c3c4726e8da5300012422c1,885,1,95,barchart-second-68-same-shortest-47,right,shortest,same,single,2026-04-11 19:00:29.7740000
5211,69b076a526319c2340635e7b,1934,1,86,barchart-second-43-random-tallest-38,right,tallest,random,single,2026-04-11 19:00:44.7560000
5212,60859f820e5009a67adb3921,944,1,87,barchart-second-58-double-shortest-39,left,shortest,double,single,2026-04-11 19:00:34.7050000
5213,666ce2f92aed5d69578ad8ba,3101,1,7,barchart-first-04-same-tallest-7,right,tallest,same,single,2026-04-11 19:00:35.0380000
5214,69adeec7223c3d8e763750fb,584,1,64,barchart-second-88-random-tallest-16,right,tallest,random,single,2026-04-11 19:00:36.3770000
5215,60859f820e5009a67adb3921,732,1,88,barchart-second-67-same-shortest-40,left,shortest,same,single,2026-04-11 19:00:36.0240000
5216,69b076a526319c2340635e7b,1133,1,87,barchart-second-38-double-tallest-39,right,tallest,double,single,2026-04-11 19:00:46.6520000
5217,60859f820e5009a67adb3921,736,1,89,barchart-second-08-random-shortest-41,left,shortest,random,single,2026-04-11 19:00:37.3750000
5218,69adeec7223c3d8e763750fb,1658,1,65,barchart-second-01-random-tallest-17,left,tallest,random,single,2026-04-11 19:00:38.5860000
5219,666ce2f92aed5d69578ad8ba,2220,1,8,barchart-first-24-random-tallest-8,left,tallest,random,single,2026-04-11 19:00:37.8620000
5220,69b076a526319c2340635e7b,1620,1,88,barchart-second-77-same-tallest-40,left,tallest,same,single,2026-04-11 19:00:48.9560000
5221,69adeec7223c3d8e763750fb,580,1,66,barchart-second-79-double-tallest-18,right,tallest,double,single,2026-04-11 19:00:39.7230000
5222,60859f820e5009a67adb3921,1243,1,90,barchart-second-60-same-shortest-42,right,shortest,same,single,2026-04-11 19:00:39.1980000
5223,69adeec7223c3d8e763750fb,850,1,67,barchart-second-73-random-tallest-19,right,tallest,random,single,2026-04-11 19:00:41.1360000
5224,666ce2f92aed5d69578ad8ba,2144,1,9,barchart-first-87-same-tallest-9,right,tallest,same,single,2026-04-11 19:00:40.6060000
5225,69b076a526319c2340635e7b,1413,1,89,barchart-second-81-same-tallest-41,left,tallest,same,single,2026-04-11 19:00:51.0360000
5226,60859f820e5009a67adb3921,1103,1,91,barchart-second-57-random-shortest-43,right,shortest,random,single,2026-04-11 19:00:40.9100000
5227,69adeec7223c3d8e763750fb,559,1,68,barchart-second-60-same-tallest-20,right,tallest,same,single,2026-04-11 19:00:42.2520000
5228,69adeec7223c3d8e763750fb,642,1,69,barchart-second-33-double-tallest-21,left,tallest,double,single,2026-04-11 19:00:43.4580000
5229,69b076a526319c2340635e7b,1387,1,90,barchart-second-79-same-tallest-42,right,tallest,same,single,2026-04-11 19:00:53.0600000
5230,666ce2f92aed5d69578ad8ba,2159,1,10,barchart-first-12-double-tallest-10,left,tallest,double,single,2026-04-11 19:00:43.3580000
5231,60859f820e5009a67adb3921,1685,1,92,barchart-second-47-double-shortest-44,left,shortest,double,single,2026-04-11 19:00:43.1930000
5232,69adeec7223c3d8e763750fb,628,1,70,barchart-second-80-same-tallest-22,left,tallest,same,single,2026-04-11 19:00:44.6480000
5233,69adeec7223c3d8e763750fb,570,1,71,barchart-second-76-double-tallest-23,right,tallest,double,single,2026-04-11 19:00:45.7790000
5234,60859f820e5009a67adb3921,1160,1,93,barchart-second-39-random-shortest-45,right,shortest,random,single,2026-04-11 19:00:44.9680000
5235,69b076a526319c2340635e7b,1419,1,91,barchart-second-25-same-tallest-43,right,tallest,same,single,2026-04-11 19:00:55.2200000
5236,666ce2f92aed5d69578ad8ba,2045,1,11,barchart-first-66-double-tallest-11,right,tallest,double,single,2026-04-11 19:00:46.0140000
5237,60859f820e5009a67adb3921,796,1,94,barchart-second-53-same-shortest-46,right,shortest,same,single,2026-04-11 19:00:46.3300000
5238,69b076a526319c2340635e7b,1055,1,92,barchart-second-03-same-tallest-44,right,tallest,same,single,2026-04-11 19:00:57.2040000
5239,60859f820e5009a67adb3921,1201,1,95,barchart-second-42-double-shortest-47,right,shortest,double,single,2026-04-11 19:00:48.1740000
5240,69b076a526319c2340635e7b,1318,1,93,barchart-second-34-double-tallest-45,left,tallest,double,single,2026-04-11 19:00:59.3370000
5241,69adeec7223c3d8e763750fb,2035,1,72,barchart-second-51-same-tallest-24,left,tallest,same,single,2026-04-11 19:00:50.1920000
5242,666ce2f92aed5d69578ad8ba,3653,1,12,barchart-first-23-double-tallest-12,left,tallest,double,single,2026-04-11 19:00:50.2700000
5243,69adeec7223c3d8e763750fb,716,1,73,barchart-second-68-double-tallest-25,right,tallest,double,single,2026-04-11 19:00:51.4690000
5244,69b076a526319c2340635e7b,1074,1,94,barchart-second-39-same-tallest-46,right,tallest,same,single,2026-04-11 19:01:01.0680000
5245,69adeec7223c3d8e763750fb,780,1,74,barchart-second-53-double-tallest-26,left,tallest,double,single,2026-04-11 19:00:52.8120000
5246,69b076a526319c2340635e7b,947,1,95,barchart-second-47-random-tallest-47,right,tallest,random,single,2026-04-11 19:01:02.6360000
5247,69adeec7223c3d8e763750fb,708,1,75,barchart-second-89-random-tallest-27,left,tallest,random,single,2026-04-11 19:00:54.0730000
5248,69adeec7223c3d8e763750fb,513,1,76,barchart-second-10-same-tallest-28,right,tallest,same,single,2026-04-11 19:00:55.1460000
5249,666ce2f92aed5d69578ad8ba,3767,1,13,barchart-first-19-same-tallest-13,left,tallest,same,single,2026-04-11 19:00:54.6300000
5250,69adeec7223c3d8e763750fb,550,1,77,barchart-second-58-double-tallest-29,right,tallest,double,single,2026-04-11 19:00:56.2540000
5251,5ff07b5ee7a1d23e719e421e,1410,1,48,barchart-second-74-random-tallest-0,right,tallest,random,single,2026-04-11 19:00:57.7620000
5252,69adeec7223c3d8e763750fb,503,1,78,barchart-second-43-double-tallest-30,right,tallest,double,single,2026-04-11 19:00:57.3140000
5253,69adeec7223c3d8e763750fb,433,1,79,barchart-second-37-double-tallest-31,left,tallest,double,single,2026-04-11 19:00:58.3060000
5254,5ff07b5ee7a1d23e719e421e,842,1,49,barchart-second-11-random-tallest-1,left,tallest,random,single,2026-04-11 19:00:59.1890000
5255,666ce2f92aed5d69578ad8ba,3921,1,14,barchart-first-42-same-tallest-14,right,tallest,same,single,2026-04-11 19:00:59.1500000
5256,69adeec7223c3d8e763750fb,1119,1,80,barchart-second-06-same-tallest-32,right,tallest,same,single,2026-04-11 19:00:59.9740000
5257,5ff07b5ee7a1d23e719e421e,1644,1,50,barchart-second-53-same-tallest-2,left,tallest,same,single,2026-04-11 19:01:01.4270000
5258,69adeec7223c3d8e763750fb,556,1,81,barchart-second-52-double-tallest-33,right,tallest,double,single,2026-04-11 19:01:01.0870000
5259,69adeec7223c3d8e763750fb,572,1,82,barchart-second-16-same-tallest-34,right,tallest,same,single,2026-04-11 19:01:02.2160000
5260,5ff07b5ee7a1d23e719e421e,1027,1,51,barchart-second-58-random-tallest-3,right,tallest,random,single,2026-04-11 19:01:03.0440000
5261,666ce2f92aed5d69578ad8ba,2473,1,15,barchart-first-46-double-tallest-15,right,tallest,double,single,2026-04-11 19:01:02.2220000
5262,69adeec7223c3d8e763750fb,571,1,83,barchart-second-83-random-tallest-35,left,tallest,random,single,2026-04-11 19:01:03.3500000
5263,69adeec7223c3d8e763750fb,690,1,84,barchart-second-67-random-tallest-36,right,tallest,random,single,2026-04-11 19:01:04.5930000
5264,666ce2f92aed5d69578ad8ba,2072,1,16,barchart-first-72-same-tallest-16,left,tallest,same,single,2026-04-11 19:01:04.8860000
5265,5ff07b5ee7a1d23e719e421e,2657,1,52,barchart-second-42-random-tallest-4,right,tallest,random,single,2026-04-11 19:01:06.2950000
5266,69adeec7223c3d8e763750fb,1140,1,85,barchart-second-45-random-tallest-37,left,tallest,random,single,2026-04-11 19:01:06.2930000
5267,5ff07b5ee7a1d23e719e421e,841,1,53,barchart-second-94-double-tallest-5,right,tallest,double,single,2026-04-11 19:01:07.7220000
5268,69adeec7223c3d8e763750fb,1045,1,86,barchart-second-22-same-tallest-38,left,tallest,same,single,2026-04-11 19:01:07.9070000
5269,5ff07b5ee7a1d23e719e421e,1100,1,54,barchart-second-57-random-tallest-6,left,tallest,random,single,2026-04-11 19:01:09.4110000
5270,69adeec7223c3d8e763750fb,810,1,87,barchart-second-07-same-tallest-39,left,tallest,same,single,2026-04-11 19:01:09.2790000
5271,666ce2f92aed5d69578ad8ba,3211,1,17,barchart-first-71-random-tallest-17,right,tallest,random,single,2026-04-11 19:01:08.7020000
5272,5ff07b5ee7a1d23e719e421e,1301,1,55,barchart-second-76-same-tallest-7,right,tallest,same,single,2026-04-11 19:01:11.2900000
5273,69adeec7223c3d8e763750fb,1452,1,88,barchart-second-86-same-tallest-40,left,tallest,same,single,2026-04-11 19:01:11.2960000
5274,666ce2f92aed5d69578ad8ba,2079,1,18,barchart-first-43-same-tallest-18,right,tallest,same,single,2026-04-11 19:01:11.3900000
5275,5ff07b5ee7a1d23e719e421e,917,1,56,barchart-second-37-double-tallest-8,left,tallest,double,single,2026-04-11 19:01:12.7960000
5276,69adeec7223c3d8e763750fb,634,1,89,barchart-second-24-random-tallest-41,left,tallest,random,single,2026-04-11 19:01:12.4860000
5277,69adeec7223c3d8e763750fb,643,1,90,barchart-second-12-random-tallest-42,left,tallest,random,single,2026-04-11 19:01:13.6820000
5278,5ff07b5ee7a1d23e719e421e,973,0,57,barchart-second-40-double-tallest-9,right,tallest,double,single,2026-04-11 19:01:14.3480000
5279,66759eb2274a4f10deeba339,2574,1,0,barchart-first-57-same-shortest-0,right,shortest,same,single,2026-04-11 19:01:12.0070000
5280,666ce2f92aed5d69578ad8ba,1920,1,19,barchart-first-90-random-tallest-19,right,tallest,random,single,2026-04-11 19:01:13.9100000
5281,69adeec7223c3d8e763750fb,818,1,91,barchart-second-31-random-tallest-43,left,tallest,random,single,2026-04-11 19:01:15.0580000
5282,66759eb2274a4f10deeba339,1138,0,1,barchart-first-19-same-shortest-1,right,shortest,same,single,2026-04-11 19:01:13.7010000
5283,69adeec7223c3d8e763750fb,517,1,92,barchart-second-41-random-tallest-44,right,tallest,random,single,2026-04-11 19:01:16.1310000
5284,69adeec7223c3d8e763750fb,528,1,93,barchart-second-75-double-tallest-45,left,tallest,double,single,2026-04-11 19:01:17.2740000
5285,5ff07b5ee7a1d23e719e421e,2337,0,58,barchart-second-10-double-tallest-10,left,tallest,double,single,2026-04-11 19:01:18.3100000
5286,69adeec7223c3d8e763750fb,570,1,94,barchart-second-17-random-tallest-46,right,tallest,random,single,2026-04-11 19:01:18.4060000
5287,66759eb2274a4f10deeba339,1447,1,2,barchart-first-87-double-shortest-2,left,shortest,double,single,2026-04-11 19:01:16.7210000
5288,69adeec7223c3d8e763750fb,512,1,95,barchart-second-26-same-tallest-47,right,tallest,same,single,2026-04-11 19:01:19.4770000
5289,666ce2f92aed5d69578ad8ba,4361,1,20,barchart-first-08-random-tallest-20,left,tallest,random,single,2026-04-11 19:01:18.8780000
5290,5ff07b5ee7a1d23e719e421e,1003,0,59,barchart-second-17-double-tallest-11,left,tallest,double,single,2026-04-11 19:01:20.9070000
5291,66759eb2274a4f10deeba339,970,1,3,barchart-first-32-same-shortest-3,right,shortest,same,single,2026-04-11 19:01:18.7540000
5292,6365b5599c1775edb6d46be4,1483,1,48,barchart-second-00-same-shortest-0,left,shortest,same,single,2026-04-11 19:01:20.8070000
5293,66759eb2274a4f10deeba339,948,1,4,barchart-first-20-double-shortest-4,left,shortest,double,single,2026-04-11 19:01:20.2470000
5294,5ff07b5ee7a1d23e719e421e,959,1,60,barchart-second-14-double-tallest-12,left,tallest,double,single,2026-04-11 19:01:23.4570000
5295,666ce2f92aed5d69578ad8ba,2743,1,21,barchart-first-22-same-tallest-21,left,tallest,same,single,2026-04-11 19:01:22.2220000
5296,6365b5599c1775edb6d46be4,1254,1,49,barchart-second-64-double-shortest-1,left,shortest,double,single,2026-04-11 19:01:22.6450000
5297,66759eb2274a4f10deeba339,806,1,5,barchart-first-29-same-shortest-5,right,shortest,same,single,2026-04-11 19:01:21.6170000
5298,6365b5599c1775edb6d46be4,2130,1,50,barchart-second-30-random-shortest-2,right,shortest,random,single,2026-04-11 19:01:25.3170000
5299,66759eb2274a4f10deeba339,1208,1,6,barchart-first-13-random-shortest-6,left,shortest,random,single,2026-04-11 19:01:23.3790000
5300,5ff07b5ee7a1d23e719e421e,2447,1,61,barchart-second-21-same-tallest-13,right,tallest,same,single,2026-04-11 19:01:26.4970000
5301,666ce2f92aed5d69578ad8ba,2929,1,22,barchart-first-50-same-tallest-22,right,tallest,same,single,2026-04-11 19:01:25.7420000
5302,5ff07b5ee7a1d23e719e421e,1051,0,62,barchart-second-54-random-tallest-14,left,tallest,random,single,2026-04-11 19:01:28.1320000
5303,66759eb2274a4f10deeba339,1270,1,7,barchart-first-74-double-shortest-7,left,shortest,double,single,2026-04-11 19:01:25.2050000
5304,6365b5599c1775edb6d46be4,2783,1,51,barchart-second-28-random-shortest-3,right,shortest,random,single,2026-04-11 19:01:28.6410000
5305,66759eb2274a4f10deeba339,938,1,8,barchart-first-68-same-shortest-8,right,shortest,same,single,2026-04-11 19:01:26.6940000
5306,666ce2f92aed5d69578ad8ba,2699,1,23,barchart-first-01-same-tallest-23,left,tallest,same,single,2026-04-11 19:01:29.0460000
5307,5ff07b5ee7a1d23e719e421e,1283,1,63,barchart-second-09-random-tallest-15,right,tallest,random,single,2026-04-11 19:01:30.9990000
5308,66759eb2274a4f10deeba339,965,1,9,barchart-first-71-random-shortest-9,left,shortest,random,single,2026-04-11 19:01:28.2160000
5309,6365b5599c1775edb6d46be4,2107,1,52,barchart-second-60-same-shortest-4,right,shortest,same,single,2026-04-11 19:01:31.2950000
5310,66759eb2274a4f10deeba339,1103,1,10,barchart-first-51-double-shortest-10,right,shortest,double,single,2026-04-11 19:01:29.8750000
5311,5ff07b5ee7a1d23e719e421e,1262,1,64,barchart-second-85-random-tallest-16,left,tallest,random,single,2026-04-11 19:01:32.8450000
5312,691f1c963ab988379a94b975,1836,1,0,barchart-first-01-double-shortest-0,right,shortest,double,single,2026-04-11 19:01:31.5060000
5313,66759eb2274a4f10deeba339,616,1,11,barchart-first-86-random-shortest-11,right,shortest,random,single,2026-04-11 19:01:31.0410000
5314,6365b5599c1775edb6d46be4,1574,1,53,barchart-second-38-double-shortest-5,left,shortest,double,single,2026-04-11 19:01:33.4180000
5315,5ff07b5ee7a1d23e719e421e,1179,1,65,barchart-second-18-double-tallest-17,right,tallest,double,single,2026-04-11 19:01:34.6120000
5316,66759eb2274a4f10deeba339,692,1,12,barchart-first-24-same-shortest-12,left,shortest,same,single,2026-04-11 19:01:32.2860000
5317,691f1c963ab988379a94b975,1573,1,1,barchart-first-11-same-shortest-1,right,shortest,same,single,2026-04-11 19:01:33.6590000
5318,66759eb2274a4f10deeba339,617,1,13,barchart-first-72-double-shortest-13,right,shortest,double,single,2026-04-11 19:01:33.4570000
5319,5ff07b5ee7a1d23e719e421e,1748,1,66,barchart-second-75-double-tallest-18,left,tallest,double,single,2026-04-11 19:01:36.9430000
5320,6365b5599c1775edb6d46be4,2568,1,54,barchart-second-59-random-shortest-6,left,shortest,random,single,2026-04-11 19:01:36.5290000
5321,691f1c963ab988379a94b975,1566,1,2,barchart-first-60-random-shortest-2,right,shortest,random,single,2026-04-11 19:01:35.8100000
5322,66759eb2274a4f10deeba339,685,1,14,barchart-first-36-random-shortest-14,left,shortest,random,single,2026-04-11 19:01:34.6960000
5323,66759eb2274a4f10deeba339,668,1,15,barchart-first-39-random-shortest-15,right,shortest,random,single,2026-04-11 19:01:35.9100000
5324,5ff07b5ee7a1d23e719e421e,1415,1,67,barchart-second-90-same-tallest-19,right,tallest,same,single,2026-04-11 19:01:38.9480000
5325,691f1c963ab988379a94b975,1565,1,3,barchart-first-30-same-shortest-3,right,shortest,same,single,2026-04-11 19:01:37.9950000
5326,6365b5599c1775edb6d46be4,1808,1,55,barchart-second-83-double-shortest-7,left,shortest,double,single,2026-04-11 19:01:38.9140000
5327,66759eb2274a4f10deeba339,821,1,16,barchart-first-83-same-shortest-16,left,shortest,same,single,2026-04-11 19:01:37.2880000
5328,5ff07b5ee7a1d23e719e421e,1282,1,68,barchart-second-00-double-tallest-20,left,tallest,double,single,2026-04-11 19:01:40.8160000
5329,691f1c963ab988379a94b975,1013,1,4,barchart-first-13-double-shortest-4,left,shortest,double,single,2026-04-11 19:01:39.5860000
5330,66759eb2274a4f10deeba339,1130,1,17,barchart-first-00-random-shortest-17,left,shortest,random,single,2026-04-11 19:01:38.9700000
5331,6365b5599c1775edb6d46be4,1988,1,56,barchart-second-68-random-shortest-8,right,shortest,random,single,2026-04-11 19:01:41.4760000
5332,5ff07b5ee7a1d23e719e421e,1415,1,69,barchart-second-81-double-tallest-21,left,tallest,double,single,2026-04-11 19:01:42.8170000
5333,691f1c963ab988379a94b975,1152,1,5,barchart-first-66-double-shortest-5,left,shortest,double,single,2026-04-11 19:01:41.3230000
5334,66759eb2274a4f10deeba339,743,1,18,barchart-first-73-same-shortest-18,left,shortest,same,single,2026-04-11 19:01:40.2720000
5335,699e5181941db8dcb6340a08,1787,1,48,barchart-second-18-double-tallest-0,right,tallest,double,single,2026-04-11 19:01:41.9540000
5336,5ff07b5ee7a1d23e719e421e,1178,1,70,barchart-second-12-random-tallest-22,left,tallest,random,single,2026-04-11 19:01:44.5790000
5337,6365b5599c1775edb6d46be4,1919,1,57,barchart-second-01-same-shortest-9,right,shortest,same,single,2026-04-11 19:01:43.9610000
5338,66759eb2274a4f10deeba339,1224,1,19,barchart-first-14-double-shortest-19,right,shortest,double,single,2026-04-11 19:01:42.0540000
5339,699e5181941db8dcb6340a08,1223,1,49,barchart-second-62-double-tallest-1,right,tallest,double,single,2026-04-11 19:01:43.8290000
5340,691f1c963ab988379a94b975,1580,1,6,barchart-first-47-random-shortest-6,left,shortest,random,single,2026-04-11 19:01:43.4900000
5341,5ff07b5ee7a1d23e719e421e,781,1,71,barchart-second-73-same-tallest-23,right,tallest,same,single,2026-04-11 19:01:45.9490000
5342,66759eb2274a4f10deeba339,1128,1,20,barchart-first-88-same-shortest-20,left,shortest,same,single,2026-04-11 19:01:43.7590000
5343,699e5181941db8dcb6340a08,1847,1,50,barchart-second-42-double-tallest-2,right,tallest,double,single,2026-04-11 19:01:46.3850000
5344,66759eb2274a4f10deeba339,645,1,21,barchart-first-21-double-shortest-21,right,shortest,double,single,2026-04-11 19:01:44.9390000
5345,691f1c963ab988379a94b975,2718,1,7,barchart-first-82-same-shortest-7,right,shortest,same,single,2026-04-11 19:01:46.7860000
5346,66759eb2274a4f10deeba339,757,1,22,barchart-first-61-random-shortest-22,left,shortest,random,single,2026-04-11 19:01:46.2430000
5347,699e5181941db8dcb6340a08,1541,1,51,barchart-second-41-same-tallest-3,right,tallest,same,single,2026-04-11 19:01:48.5590000
5348,691f1c963ab988379a94b975,1376,1,8,barchart-first-40-random-shortest-8,right,shortest,random,single,2026-04-11 19:01:48.7460000
5349,6365b5599c1775edb6d46be4,5082,0,58,barchart-second-07-double-shortest-10,right,shortest,double,single,2026-04-11 19:01:49.5900000
5350,66759eb2274a4f10deeba339,929,1,23,barchart-first-77-double-shortest-23,left,shortest,double,single,2026-04-11 19:01:47.7070000
5351,5ff07b5ee7a1d23e719e421e,1968,1,72,barchart-second-72-same-tallest-24,left,tallest,same,single,2026-04-11 19:01:51.5030000
5352,699e5181941db8dcb6340a08,1343,1,52,barchart-second-13-random-tallest-4,left,tallest,random,single,2026-04-11 19:01:50.5420000
5353,691f1c963ab988379a94b975,1410,1,9,barchart-first-95-same-shortest-9,left,shortest,same,single,2026-04-11 19:01:50.7380000
5354,5ff07b5ee7a1d23e719e421e,1433,1,73,barchart-second-45-same-tallest-25,left,tallest,same,single,2026-04-11 19:01:53.5170000
5355,699e5181941db8dcb6340a08,1301,1,53,barchart-second-51-same-tallest-5,left,tallest,same,single,2026-04-11 19:01:52.4580000
5356,691f1c963ab988379a94b975,1139,1,10,barchart-first-45-same-shortest-10,left,shortest,same,single,2026-04-11 19:01:52.4580000
5357,6365b5599c1775edb6d46be4,2193,1,59,barchart-second-12-same-shortest-11,left,shortest,same,single,2026-04-11 19:01:53.3710000
5358,5ff07b5ee7a1d23e719e421e,1765,1,74,barchart-second-19-random-tallest-26,left,tallest,random,single,2026-04-11 19:01:55.8590000
5359,691f1c963ab988379a94b975,1470,1,11,barchart-first-37-same-shortest-11,left,shortest,same,single,2026-04-11 19:01:54.5140000
5360,699e5181941db8dcb6340a08,2023,1,54,barchart-second-19-double-tallest-6,left,tallest,double,single,2026-04-11 19:01:55.1760000
5361,6365b5599c1775edb6d46be4,2739,1,60,barchart-second-93-random-shortest-12,right,shortest,random,single,2026-04-11 19:01:56.6500000
5362,5ff07b5ee7a1d23e719e421e,1434,1,75,barchart-second-43-same-tallest-27,right,tallest,same,single,2026-04-11 19:01:57.8800000
5363,699e5181941db8dcb6340a08,950,1,55,barchart-second-58-double-tallest-7,right,tallest,double,single,2026-04-11 19:01:56.7280000
5364,691f1c963ab988379a94b975,1483,1,12,barchart-first-67-same-shortest-12,left,shortest,same,single,2026-04-11 19:01:56.5780000
5365,5ff07b5ee7a1d23e719e421e,1118,1,76,barchart-second-41-same-tallest-28,right,tallest,same,single,2026-04-11 19:01:59.5830000
5366,691f1c963ab988379a94b975,1119,1,13,barchart-first-94-double-shortest-13,right,shortest,double,single,2026-04-11 19:01:58.2820000
5367,666ce2f92aed5d69578ad8ba,6794,1,24,barchart-first-15-random-tallest-24,right,tallest,random,single,2026-04-11 19:01:58.8540000
5368,6365b5599c1775edb6d46be4,2456,1,61,barchart-second-79-same-shortest-13,right,shortest,same,single,2026-04-11 19:01:59.6500000
5369,699e5181941db8dcb6340a08,2301,1,56,barchart-second-45-random-tallest-8,left,tallest,random,single,2026-04-11 19:01:59.6200000
5370,5ff07b5ee7a1d23e719e421e,1260,1,77,barchart-second-89-double-tallest-29,left,tallest,double,single,2026-04-11 19:02:01.4240000
5371,691f1c963ab988379a94b975,1158,1,14,barchart-first-26-double-shortest-14,left,shortest,double,single,2026-04-11 19:02:00.0180000
5372,6365b5599c1775edb6d46be4,1744,1,62,barchart-second-08-random-shortest-14,left,shortest,random,single,2026-04-11 19:02:01.9330000
5373,699e5181941db8dcb6340a08,1631,1,57,barchart-second-63-same-tallest-9,left,tallest,same,single,2026-04-11 19:02:01.8570000
5374,5ff07b5ee7a1d23e719e421e,1375,1,78,barchart-second-22-same-tallest-30,left,tallest,same,single,2026-04-11 19:02:03.3940000
5375,691f1c963ab988379a94b975,1108,1,15,barchart-first-69-double-shortest-15,right,shortest,double,single,2026-04-11 19:02:01.7150000
5376,666ce2f92aed5d69578ad8ba,2903,1,25,barchart-first-91-random-tallest-25,left,tallest,random,single,2026-04-11 19:02:02.3580000
5377,699e5181941db8dcb6340a08,1255,1,58,barchart-second-72-random-tallest-10,left,tallest,random,single,2026-04-11 19:02:03.7270000
5378,691f1c963ab988379a94b975,1132,1,16,barchart-first-24-same-shortest-16,left,shortest,same,single,2026-04-11 19:02:03.4420000
5379,5ff07b5ee7a1d23e719e421e,1486,1,79,barchart-second-55-same-tallest-31,left,tallest,same,single,2026-04-11 19:02:05.4720000
5380,6365b5599c1775edb6d46be4,2116,1,63,barchart-second-11-same-shortest-15,right,shortest,same,single,2026-04-11 19:02:04.6230000
5381,691f1c963ab988379a94b975,1245,1,17,barchart-first-17-random-shortest-17,right,shortest,random,single,2026-04-11 19:02:05.2660000
5382,5ff07b5ee7a1d23e719e421e,962,1,80,barchart-second-15-random-tallest-32,right,tallest,random,single,2026-04-11 19:02:07.0120000
5383,666ce2f92aed5d69578ad8ba,2916,1,26,barchart-first-63-random-tallest-26,left,tallest,random,single,2026-04-11 19:02:05.8700000
5384,699e5181941db8dcb6340a08,1928,1,59,barchart-second-57-double-tallest-11,left,tallest,double,single,2026-04-11 19:02:06.2490000
5385,5ff07b5ee7a1d23e719e421e,963,1,81,barchart-second-03-double-tallest-33,right,tallest,double,single,2026-04-11 19:02:08.5640000
5386,691f1c963ab988379a94b975,1114,1,18,barchart-first-04-double-shortest-18,left,shortest,double,single,2026-04-11 19:02:06.9620000
5387,6365b5599c1775edb6d46be4,2881,1,64,barchart-second-04-random-shortest-16,left,shortest,random,single,2026-04-11 19:02:08.0530000
5388,699e5181941db8dcb6340a08,1860,1,60,barchart-second-08-same-tallest-12,left,tallest,same,single,2026-04-11 19:02:08.7100000
5389,5ff07b5ee7a1d23e719e421e,829,1,82,barchart-second-16-random-tallest-34,right,tallest,random,single,2026-04-11 19:02:09.9800000
5390,691f1c963ab988379a94b975,1252,1,19,barchart-first-19-double-shortest-19,left,shortest,double,single,2026-04-11 19:02:08.7940000
5391,666ce2f92aed5d69578ad8ba,3218,1,27,barchart-first-56-same-tallest-27,left,tallest,same,single,2026-04-11 19:02:09.6940000
5392,5ff07b5ee7a1d23e719e421e,796,1,83,barchart-second-34-random-tallest-35,left,tallest,random,single,2026-04-11 19:02:11.3590000
5393,6365b5599c1775edb6d46be4,2015,1,65,barchart-second-39-random-shortest-17,right,shortest,random,single,2026-04-11 19:02:10.6150000
5394,699e5181941db8dcb6340a08,1593,1,61,barchart-second-55-random-tallest-13,left,tallest,random,single,2026-04-11 19:02:10.8980000
5395,691f1c963ab988379a94b975,1510,1,20,barchart-first-79-double-shortest-20,right,shortest,double,single,2026-04-11 19:02:10.8900000
5396,666ce2f92aed5d69578ad8ba,1927,1,28,barchart-first-16-double-tallest-28,right,tallest,double,single,2026-04-11 19:02:12.2130000
5397,5ff07b5ee7a1d23e719e421e,1698,1,84,barchart-second-49-random-tallest-36,left,tallest,random,single,2026-04-11 19:02:13.6330000
5398,699e5181941db8dcb6340a08,907,1,62,barchart-second-22-random-tallest-14,left,tallest,random,single,2026-04-11 19:02:12.4470000
5399,691f1c963ab988379a94b975,931,1,21,barchart-first-59-double-shortest-21,left,shortest,double,single,2026-04-11 19:02:12.4020000
5400,6365b5599c1775edb6d46be4,2119,1,66,barchart-second-80-random-shortest-18,left,shortest,random,single,2026-04-11 19:02:13.2880000
5401,699e5181941db8dcb6340a08,863,1,63,barchart-second-14-same-tallest-15,left,tallest,same,single,2026-04-11 19:02:13.9130000
5402,5ff07b5ee7a1d23e719e421e,1266,1,85,barchart-second-29-double-tallest-37,left,tallest,double,single,2026-04-11 19:02:15.4960000
5403,691f1c963ab988379a94b975,940,1,22,barchart-first-28-double-shortest-22,right,shortest,double,single,2026-04-11 19:02:13.9230000
5404,666ce2f92aed5d69578ad8ba,2019,1,29,barchart-first-17-double-tallest-29,right,tallest,double,single,2026-04-11 19:02:14.8380000
5405,699e5181941db8dcb6340a08,991,1,64,barchart-second-00-double-tallest-16,left,tallest,double,single,2026-04-11 19:02:15.4970000
5406,691f1c963ab988379a94b975,828,1,23,barchart-first-32-same-shortest-23,right,shortest,same,single,2026-04-11 19:02:15.3380000
5407,6365b5599c1775edb6d46be4,2206,1,67,barchart-second-37-double-shortest-19,left,shortest,double,single,2026-04-11 19:02:16.0690000
5408,5ff07b5ee7a1d23e719e421e,1206,1,86,barchart-second-69-same-tallest-38,left,tallest,same,single,2026-04-11 19:02:17.2900000
5409,699e5181941db8dcb6340a08,1103,1,65,barchart-second-52-same-tallest-17,right,tallest,same,single,2026-04-11 19:02:17.2230000
5410,5ff07b5ee7a1d23e719e421e,1367,1,87,barchart-second-27-same-tallest-39,left,tallest,same,single,2026-04-11 19:02:19.2690000
5411,6365b5599c1775edb6d46be4,1950,1,68,barchart-second-29-same-shortest-20,right,shortest,same,single,2026-04-11 19:02:18.6180000
5412,666ce2f92aed5d69578ad8ba,3036,1,30,barchart-first-82-random-tallest-30,left,tallest,random,single,2026-04-11 19:02:18.4850000
5413,699e5181941db8dcb6340a08,1579,1,66,barchart-second-44-double-tallest-18,right,tallest,double,single,2026-04-11 19:02:19.3980000
5414,5ff07b5ee7a1d23e719e421e,1480,1,88,barchart-second-83-same-tallest-40,left,tallest,same,single,2026-04-11 19:02:21.3290000
5415,691f1c963ab988379a94b975,1089,1,24,barchart-first-55-double-shortest-24,left,shortest,double,single,2026-04-11 19:02:19.6500000
5416,6365b5599c1775edb6d46be4,1878,1,69,barchart-second-18-double-shortest-21,right,shortest,double,single,2026-04-11 19:02:21.0850000
5417,699e5181941db8dcb6340a08,1023,1,67,barchart-second-68-random-tallest-19,right,tallest,random,single,2026-04-11 19:02:21.0090000
5418,691f1c963ab988379a94b975,788,1,25,barchart-first-73-double-shortest-25,left,shortest,double,single,2026-04-11 19:02:21.0260000
5419,5ff07b5ee7a1d23e719e421e,1204,1,89,barchart-second-91-random-tallest-41,left,tallest,random,single,2026-04-11 19:02:23.1220000
5420,666ce2f92aed5d69578ad8ba,2844,1,31,barchart-first-41-same-tallest-31,right,tallest,same,single,2026-04-11 19:02:21.9330000
5421,699e5181941db8dcb6340a08,786,1,68,barchart-second-35-random-tallest-20,left,tallest,random,single,2026-04-11 19:02:22.4290000
5422,691f1c963ab988379a94b975,1109,1,26,barchart-first-76-same-shortest-26,left,shortest,same,single,2026-04-11 19:02:22.7140000
5423,5ff07b5ee7a1d23e719e421e,1216,1,90,barchart-second-95-double-tallest-42,right,tallest,double,single,2026-04-11 19:02:24.9320000
5424,699e5181941db8dcb6340a08,1329,1,69,barchart-second-15-same-tallest-21,right,tallest,same,single,2026-04-11 19:02:24.3890000
5425,6365b5599c1775edb6d46be4,3269,1,70,barchart-second-88-random-shortest-22,left,shortest,random,single,2026-04-11 19:02:24.9330000
5426,691f1c963ab988379a94b975,1028,1,27,barchart-first-77-random-shortest-27,left,shortest,random,single,2026-04-11 19:02:24.3220000
5427,666ce2f92aed5d69578ad8ba,2368,1,32,barchart-first-64-double-tallest-32,left,tallest,double,single,2026-04-11 19:02:24.9100000
5428,699e5181941db8dcb6340a08,1148,1,70,barchart-second-76-double-tallest-22,right,tallest,double,single,2026-04-11 19:02:26.2140000
5429,691f1c963ab988379a94b975,1025,1,28,barchart-first-16-double-shortest-28,right,shortest,double,single,2026-04-11 19:02:25.9340000
5430,5ff07b5ee7a1d23e719e421e,2128,1,91,barchart-second-50-random-tallest-43,right,tallest,random,single,2026-04-11 19:02:27.6420000
5431,699e5181941db8dcb6340a08,1118,1,71,barchart-second-27-same-tallest-23,left,tallest,same,single,2026-04-11 19:02:27.9270000
5432,691f1c963ab988379a94b975,990,0,29,barchart-first-03-random-shortest-29,right,shortest,random,single,2026-04-11 19:02:27.5060000
5433,5ff07b5ee7a1d23e719e421e,1278,0,92,barchart-second-02-same-tallest-44,left,tallest,same,single,2026-04-11 19:02:29.5110000
5434,666ce2f92aed5d69578ad8ba,2901,1,33,barchart-first-14-same-tallest-33,left,tallest,same,single,2026-04-11 19:02:28.4130000
5435,6365b5599c1775edb6d46be4,3477,1,71,barchart-second-46-double-shortest-23,left,shortest,double,single,2026-04-11 19:02:28.9730000
5436,691f1c963ab988379a94b975,944,1,30,barchart-first-48-same-shortest-30,right,shortest,same,single,2026-04-11 19:02:30.0340000
5437,5ff07b5ee7a1d23e719e421e,2114,0,93,barchart-second-84-double-tallest-45,left,tallest,double,single,2026-04-11 19:02:33.2260000
5438,691f1c963ab988379a94b975,1022,1,31,barchart-first-62-random-shortest-31,right,shortest,random,single,2026-04-11 19:02:31.6340000
5439,666ce2f92aed5d69578ad8ba,3572,1,34,barchart-first-73-same-tallest-34,right,tallest,same,single,2026-04-11 19:02:32.5890000
5440,699e5181941db8dcb6340a08,1647,1,72,barchart-second-53-double-tallest-24,left,tallest,double,single,2026-04-11 19:02:33.1390000
5441,691f1c963ab988379a94b975,873,1,32,barchart-first-33-same-shortest-32,right,shortest,same,single,2026-04-11 19:02:33.0900000
5442,6365b5599c1775edb6d46be4,3301,1,72,barchart-second-17-double-shortest-24,right,shortest,double,single,2026-04-11 19:02:34.8240000
5443,699e5181941db8dcb6340a08,1138,1,73,barchart-second-67-same-tallest-25,right,tallest,same,single,2026-04-11 19:02:34.8850000
5444,691f1c963ab988379a94b975,1160,1,33,barchart-first-68-random-shortest-33,right,shortest,random,single,2026-04-11 19:02:34.8340000
5445,5ff07b5ee7a1d23e719e421e,1792,1,94,barchart-second-52-same-tallest-46,right,tallest,same,single,2026-04-11 19:02:36.6070000
5446,666ce2f92aed5d69578ad8ba,2695,1,35,barchart-first-81-double-tallest-35,left,tallest,double,single,2026-04-11 19:02:35.8780000
5447,699e5181941db8dcb6340a08,1150,1,74,barchart-second-90-random-tallest-26,right,tallest,random,single,2026-04-11 19:02:36.6370000
5448,691f1c963ab988379a94b975,1104,1,34,barchart-first-65-same-shortest-34,right,shortest,same,single,2026-04-11 19:02:36.5220000
5449,6365b5599c1775edb6d46be4,1900,1,73,barchart-second-20-double-shortest-25,left,shortest,double,single,2026-04-11 19:02:37.2830000
5450,5ff07b5ee7a1d23e719e421e,1384,1,95,barchart-second-25-double-tallest-47,right,tallest,double,single,2026-04-11 19:02:38.5660000
5451,699e5181941db8dcb6340a08,1255,1,75,barchart-second-24-same-tallest-27,left,tallest,same,single,2026-04-11 19:02:38.5410000
5452,691f1c963ab988379a94b975,1334,1,35,barchart-first-85-random-shortest-35,left,shortest,random,single,2026-04-11 19:02:38.4440000
5453,666ce2f92aed5d69578ad8ba,3386,1,36,barchart-first-68-random-tallest-36,right,tallest,random,single,2026-04-11 19:02:39.8530000
5454,6365b5599c1775edb6d46be4,2741,1,74,barchart-second-58-same-shortest-26,left,shortest,same,single,2026-04-11 19:02:40.5990000
5455,691f1c963ab988379a94b975,1008,1,36,barchart-first-44-random-shortest-36,left,shortest,random,single,2026-04-11 19:02:40.0340000
5456,699e5181941db8dcb6340a08,1676,1,76,barchart-second-10-double-tallest-28,right,tallest,double,single,2026-04-11 19:02:40.8340000
5457,691f1c963ab988379a94b975,1076,1,37,barchart-first-78-random-shortest-37,right,shortest,random,single,2026-04-11 19:02:41.6980000
5458,666ce2f92aed5d69578ad8ba,2105,1,37,barchart-first-60-random-tallest-37,right,tallest,random,single,2026-04-11 19:02:42.5650000
5459,6365b5599c1775edb6d46be4,1991,1,75,barchart-second-54-double-shortest-27,left,shortest,double,single,2026-04-11 19:02:43.1500000
5460,699e5181941db8dcb6340a08,1581,1,77,barchart-second-75-double-tallest-29,left,tallest,double,single,2026-04-11 19:02:43.0660000
5461,691f1c963ab988379a94b975,1183,1,38,barchart-first-34-random-shortest-38,left,shortest,random,single,2026-04-11 19:02:43.4600000
5462,699e5181941db8dcb6340a08,1458,1,78,barchart-second-87-random-tallest-30,right,tallest,random,single,2026-04-11 19:02:45.2150000
5463,6365b5599c1775edb6d46be4,1793,1,76,barchart-second-65-same-shortest-28,right,shortest,same,single,2026-04-11 19:02:45.5100000
5464,691f1c963ab988379a94b975,832,1,39,barchart-first-02-same-shortest-39,right,shortest,same,single,2026-04-11 19:02:44.8740000
5465,699e5181941db8dcb6340a08,948,1,79,barchart-second-92-same-tallest-31,right,tallest,same,single,2026-04-11 19:02:46.7990000
5466,666ce2f92aed5d69578ad8ba,4225,1,38,barchart-first-06-double-tallest-38,right,tallest,double,single,2026-04-11 19:02:47.3980000
5467,691f1c963ab988379a94b975,1605,1,40,barchart-first-74-same-shortest-40,left,shortest,same,single,2026-04-11 19:02:47.0900000
5468,6365b5599c1775edb6d46be4,2335,1,77,barchart-second-09-same-shortest-29,left,shortest,same,single,2026-04-11 19:02:48.4120000
5469,699e5181941db8dcb6340a08,735,1,80,barchart-second-64-double-tallest-32,left,tallest,double,single,2026-04-11 19:02:48.1370000
5470,691f1c963ab988379a94b975,1056,1,41,barchart-first-89-random-shortest-41,right,shortest,random,single,2026-04-11 19:02:48.7310000
5471,699e5181941db8dcb6340a08,1255,1,81,barchart-second-70-same-tallest-33,left,tallest,same,single,2026-04-11 19:02:50.0260000
5472,666ce2f92aed5d69578ad8ba,2028,1,39,barchart-first-05-same-tallest-39,right,tallest,same,single,2026-04-11 19:02:50.0210000
5473,6365b5599c1775edb6d46be4,2069,1,78,barchart-second-92-double-shortest-30,right,shortest,double,single,2026-04-11 19:02:51.0630000
5474,691f1c963ab988379a94b975,1102,1,42,barchart-first-00-random-shortest-42,left,shortest,random,single,2026-04-11 19:02:50.4180000
5475,699e5181941db8dcb6340a08,1288,1,82,barchart-second-25-same-tallest-34,right,tallest,same,single,2026-04-11 19:02:51.9000000
5476,691f1c963ab988379a94b975,1410,1,43,barchart-first-63-double-shortest-43,right,shortest,double,single,2026-04-11 19:02:52.4100000
5477,666ce2f92aed5d69578ad8ba,2398,1,40,barchart-first-37-same-tallest-40,left,tallest,same,single,2026-04-11 19:02:53.0130000
5478,6365b5599c1775edb6d46be4,2072,1,79,barchart-second-51-double-shortest-31,right,shortest,double,single,2026-04-11 19:02:53.6860000
5479,699e5181941db8dcb6340a08,923,1,83,barchart-second-48-random-tallest-35,right,tallest,random,single,2026-04-11 19:02:53.4240000
5480,691f1c963ab988379a94b975,1243,1,44,barchart-first-22-random-shortest-44,right,shortest,random,single,2026-04-11 19:02:54.2340000
5481,699e5181941db8dcb6340a08,917,1,84,barchart-second-60-random-tallest-36,right,tallest,random,single,2026-04-11 19:02:54.9410000
5482,6365b5599c1775edb6d46be4,2351,1,80,barchart-second-41-same-shortest-32,right,shortest,same,single,2026-04-11 19:02:56.5860000
5483,699e5181941db8dcb6340a08,998,1,85,barchart-second-17-double-tallest-37,right,tallest,double,single,2026-04-11 19:02:56.5310000
5484,691f1c963ab988379a94b975,1766,1,45,barchart-first-83-same-shortest-45,left,shortest,same,single,2026-04-11 19:02:56.6020000
5485,666ce2f92aed5d69578ad8ba,3464,1,41,barchart-first-74-random-tallest-41,right,tallest,random,single,2026-04-11 19:02:57.0770000
5486,699e5181941db8dcb6340a08,1176,1,86,barchart-second-23-random-tallest-38,left,tallest,random,single,2026-04-11 19:02:58.3060000
5487,6365b5599c1775edb6d46be4,1647,1,81,barchart-second-73-same-shortest-33,left,shortest,same,single,2026-04-11 19:02:58.7860000
5488,691f1c963ab988379a94b975,1112,1,46,barchart-first-71-random-shortest-46,left,shortest,random,single,2026-04-11 19:02:58.2980000
5489,699e5181941db8dcb6340a08,698,1,87,barchart-second-26-random-tallest-39,right,tallest,random,single,2026-04-11 19:02:59.6110000
5490,691f1c963ab988379a94b975,741,1,47,barchart-first-91-double-shortest-47,right,shortest,double,single,2026-04-11 19:02:59.6340000
5491,666ce2f92aed5d69578ad8ba,3385,1,42,barchart-first-27-random-tallest-42,left,tallest,random,single,2026-04-11 19:03:01.0540000
5492,699e5181941db8dcb6340a08,974,1,88,barchart-second-88-same-tallest-40,right,tallest,same,single,2026-04-11 19:03:01.1750000
5493,6365b5599c1775edb6d46be4,2194,1,82,barchart-second-90-same-shortest-34,left,shortest,same,single,2026-04-11 19:03:01.5360000
5494,699e5181941db8dcb6340a08,1013,1,89,barchart-second-73-random-tallest-41,right,tallest,random,single,2026-04-11 19:03:02.8530000
5495,6365b5599c1775edb6d46be4,2309,1,83,barchart-second-95-random-shortest-35,left,shortest,random,single,2026-04-11 19:03:04.4030000
5496,666ce2f92aed5d69578ad8ba,2594,1,43,barchart-first-61-double-tallest-43,left,tallest,double,single,2026-04-11 19:03:04.2690000
5497,699e5181941db8dcb6340a08,1409,1,90,barchart-second-50-random-tallest-42,right,tallest,random,single,2026-04-11 19:03:04.8690000
5498,699e5181941db8dcb6340a08,1069,1,91,barchart-second-36-same-tallest-43,left,tallest,same,single,2026-04-11 19:03:06.5440000
5499,6365b5599c1775edb6d46be4,2147,1,84,barchart-second-25-random-shortest-36,left,shortest,random,single,2026-04-11 19:03:07.1160000
5500,69b84ff5029fc6b133575311,2270,1,0,barchart-first-62-random-tallest-0,right,tallest,random,single,2026-04-11 19:03:07.3680000
5501,699e5181941db8dcb6340a08,898,1,92,barchart-second-20-same-tallest-44,right,tallest,same,single,2026-04-11 19:03:08.0380000
5502,6365b5599c1775edb6d46be4,1763,1,85,barchart-second-48-double-shortest-37,right,shortest,double,single,2026-04-11 19:03:09.4440000
5503,69b84ff5029fc6b133575311,1160,1,1,barchart-first-76-random-tallest-1,right,tallest,random,single,2026-04-11 19:03:09.0910000
5504,699e5181941db8dcb6340a08,953,1,93,barchart-second-31-double-tallest-45,left,tallest,double,single,2026-04-11 19:03:09.5920000
5505,666ce2f92aed5d69578ad8ba,5628,1,44,barchart-first-45-random-tallest-44,left,tallest,random,single,2026-04-11 19:03:10.5010000
5506,69b84ff5029fc6b133575311,1223,1,2,barchart-first-85-random-tallest-2,left,tallest,random,single,2026-04-11 19:03:10.8760000
5507,699e5181941db8dcb6340a08,1052,1,94,barchart-second-33-random-tallest-46,left,tallest,random,single,2026-04-11 19:03:11.2350000
5508,6365b5599c1775edb6d46be4,2149,1,86,barchart-second-91-random-shortest-38,right,shortest,random,single,2026-04-11 19:03:12.1450000
5509,69b84ff5029fc6b133575311,1484,1,3,barchart-first-40-same-tallest-3,left,tallest,same,single,2026-04-11 19:03:12.9300000
5510,699e5181941db8dcb6340a08,1619,1,95,barchart-second-01-double-tallest-47,left,tallest,double,single,2026-04-11 19:03:13.4400000
5511,666ce2f92aed5d69578ad8ba,2459,1,45,barchart-first-83-same-tallest-45,left,tallest,same,single,2026-04-11 19:03:13.5580000
5512,6365b5599c1775edb6d46be4,2305,1,87,barchart-second-14-double-shortest-39,right,shortest,double,single,2026-04-11 19:03:15.0300000
5513,69b84ff5029fc6b133575311,1213,1,4,barchart-first-51-same-tallest-4,left,tallest,same,single,2026-04-11 19:03:14.7140000
5514,66759eb2274a4f10deeba339,1153,1,24,barchart-first-17-double-shortest-24,right,shortest,double,single,2026-04-11 19:03:14.0310000
5515,69b84ff5029fc6b133575311,1434,1,5,barchart-first-00-double-tallest-5,left,tallest,double,single,2026-04-11 19:03:16.7140000
5516,66759eb2274a4f10deeba339,689,1,25,barchart-first-40-same-shortest-25,right,shortest,same,single,2026-04-11 19:03:15.2670000
5517,666ce2f92aed5d69578ad8ba,3160,1,46,barchart-first-78-double-tallest-46,left,tallest,double,single,2026-04-11 19:03:17.3170000
5518,6365b5599c1775edb6d46be4,2142,1,88,barchart-second-63-same-shortest-40,right,shortest,same,single,2026-04-11 19:03:17.7270000
5519,69b84ff5029fc6b133575311,1184,1,6,barchart-first-16-random-tallest-6,right,tallest,random,single,2026-04-11 19:03:18.4630000
5520,66759eb2274a4f10deeba339,1190,1,26,barchart-first-35-double-shortest-26,left,shortest,double,single,2026-04-11 19:03:17.0130000
5521,6365b5599c1775edb6d46be4,2100,1,89,barchart-second-33-double-shortest-41,right,shortest,double,single,2026-04-11 19:03:20.3830000
5522,66759eb2274a4f10deeba339,939,1,27,barchart-first-50-same-shortest-27,right,shortest,same,single,2026-04-11 19:03:18.5070000
5523,666ce2f92aed5d69578ad8ba,2304,1,47,barchart-first-47-random-tallest-47,right,tallest,random,single,2026-04-11 19:03:20.2130000
5524,69b84ff5029fc6b133575311,1312,1,7,barchart-first-86-same-tallest-7,left,tallest,same,single,2026-04-11 19:03:20.3390000
5525,691f1c963ab988379a94b975,682,1,48,barchart-second-64-same-tallest-0,left,tallest,same,single,2026-04-11 19:03:20.6020000
5526,66759eb2274a4f10deeba339,628,1,28,barchart-first-33-same-shortest-28,right,shortest,same,single,2026-04-11 19:03:19.7050000
5527,691f1c963ab988379a94b975,551,1,49,barchart-second-46-same-tallest-1,right,tallest,same,single,2026-04-11 19:03:21.7390000
5528,66759eb2274a4f10deeba339,760,1,29,barchart-first-93-double-shortest-29,right,shortest,double,single,2026-04-11 19:03:21.0060000
5529,69b84ff5029fc6b133575311,1720,1,8,barchart-first-30-double-tallest-8,left,tallest,double,single,2026-04-11 19:03:22.6210000
5530,6365b5599c1775edb6d46be4,2420,1,90,barchart-second-22-random-shortest-42,right,shortest,random,single,2026-04-11 19:03:23.3740000
5531,691f1c963ab988379a94b975,568,1,50,barchart-second-56-random-tallest-2,left,tallest,random,single,2026-04-11 19:03:22.8910000
5532,69b84ff5029fc6b133575311,1269,1,9,barchart-first-24-random-tallest-9,left,tallest,random,single,2026-04-11 19:03:24.4570000
5533,691f1c963ab988379a94b975,668,1,51,barchart-second-51-double-tallest-3,left,tallest,double,single,2026-04-11 19:03:24.1420000
5534,66759eb2274a4f10deeba339,1596,1,30,barchart-first-06-random-shortest-30,right,shortest,random,single,2026-04-11 19:03:23.1570000
5535,691f1c963ab988379a94b975,507,1,52,barchart-second-20-random-tallest-4,right,tallest,random,single,2026-04-11 19:03:25.2340000
5536,6365b5599c1775edb6d46be4,2804,1,91,barchart-second-49-double-shortest-43,right,shortest,double,single,2026-04-11 19:03:26.7390000
5537,66759eb2274a4f10deeba339,1077,1,31,barchart-first-28-double-shortest-31,right,shortest,double,single,2026-04-11 19:03:24.7880000
5538,69b84ff5029fc6b133575311,1445,1,10,barchart-first-44-double-tallest-10,right,tallest,double,single,2026-04-11 19:03:26.4780000
5539,691f1c963ab988379a94b975,856,1,53,barchart-second-27-same-tallest-5,left,tallest,same,single,2026-04-11 19:03:26.6740000
5540,69b84ff5029fc6b133575311,881,1,11,barchart-first-18-random-tallest-11,right,tallest,random,single,2026-04-11 19:03:27.9280000
5541,66759eb2274a4f10deeba339,1076,1,32,barchart-first-38-double-shortest-32,left,shortest,double,single,2026-04-11 19:03:26.4190000
5542,691f1c963ab988379a94b975,806,1,54,barchart-second-53-random-tallest-6,left,tallest,random,single,2026-04-11 19:03:28.0740000
5543,6365b5599c1775edb6d46be4,2210,1,92,barchart-second-13-same-shortest-44,left,shortest,same,single,2026-04-11 19:03:29.5120000
5544,66759eb2274a4f10deeba339,724,1,33,barchart-first-11-random-shortest-33,right,shortest,random,single,2026-04-11 19:03:27.7030000
5545,69b84ff5029fc6b133575311,1027,1,12,barchart-first-54-same-tallest-12,right,tallest,same,single,2026-04-11 19:03:29.5190000
5546,691f1c963ab988379a94b975,572,1,55,barchart-second-43-random-tallest-7,right,tallest,random,single,2026-04-11 19:03:29.2260000
5547,66759eb2274a4f10deeba339,728,1,34,barchart-first-44-random-shortest-34,left,shortest,random,single,2026-04-11 19:03:28.9770000
5548,691f1c963ab988379a94b975,498,1,56,barchart-second-07-double-tallest-8,left,tallest,double,single,2026-04-11 19:03:30.3060000
5549,6365b5599c1775edb6d46be4,1595,1,93,barchart-second-56-random-shortest-45,left,shortest,random,single,2026-04-11 19:03:31.6870000
5550,66759eb2274a4f10deeba339,689,1,35,barchart-first-80-same-shortest-35,left,shortest,same,single,2026-04-11 19:03:30.2170000
5551,69b84ff5029fc6b133575311,1776,1,13,barchart-first-27-double-tallest-13,left,tallest,double,single,2026-04-11 19:03:31.8570000
5552,691f1c963ab988379a94b975,693,1,57,barchart-second-21-same-tallest-9,right,tallest,same,single,2026-04-11 19:03:31.5860000
5553,66759eb2274a4f10deeba339,647,1,36,barchart-first-09-same-shortest-36,left,shortest,same,single,2026-04-11 19:03:31.4220000
5554,691f1c963ab988379a94b975,674,1,58,barchart-second-93-double-tallest-10,left,tallest,double,single,2026-04-11 19:03:32.8660000
5555,69b84ff5029fc6b133575311,1156,1,14,barchart-first-26-random-tallest-14,right,tallest,random,single,2026-04-11 19:03:33.6260000
5556,66759eb2274a4f10deeba339,679,1,37,barchart-first-76-same-shortest-37,left,shortest,same,single,2026-04-11 19:03:32.6490000
5557,6365b5599c1775edb6d46be4,2455,1,94,barchart-second-16-random-shortest-46,right,shortest,random,single,2026-04-11 19:03:34.7010000
5558,691f1c963ab988379a94b975,586,1,59,barchart-second-42-double-tallest-11,right,tallest,double,single,2026-04-11 19:03:34.0340000
5559,66759eb2274a4f10deeba339,590,1,38,barchart-first-30-random-shortest-38,right,shortest,random,single,2026-04-11 19:03:33.7960000
5560,69b84ff5029fc6b133575311,1364,1,15,barchart-first-70-random-tallest-15,left,tallest,random,single,2026-04-11 19:03:35.5520000
5561,691f1c963ab988379a94b975,598,1,60,barchart-second-92-double-tallest-12,right,tallest,double,single,2026-04-11 19:03:35.2180000
5562,66759eb2274a4f10deeba339,503,1,39,barchart-first-52-random-shortest-39,right,shortest,random,single,2026-04-11 19:03:34.8530000
5563,6365b5599c1775edb6d46be4,1558,1,95,barchart-second-55-same-shortest-47,left,shortest,same,single,2026-04-11 19:03:36.8650000
5564,691f1c963ab988379a94b975,499,1,61,barchart-second-58-double-tallest-13,right,tallest,double,single,2026-04-11 19:03:36.3070000
5565,69b84ff5029fc6b133575311,1019,1,16,barchart-first-39-same-tallest-16,right,tallest,same,single,2026-04-11 19:03:37.1350000
5566,66759eb2274a4f10deeba339,683,1,40,barchart-first-79-random-shortest-40,right,shortest,random,single,2026-04-11 19:03:36.0990000
5567,691f1c963ab988379a94b975,524,1,62,barchart-second-70-same-tallest-14,left,tallest,same,single,2026-04-11 19:03:37.4100000
5568,691f1c963ab988379a94b975,456,1,63,barchart-second-61-same-tallest-15,left,tallest,same,single,2026-04-11 19:03:38.4510000
5569,66759eb2274a4f10deeba339,1182,1,41,barchart-first-59-double-shortest-41,left,shortest,double,single,2026-04-11 19:03:37.8360000
5570,69b84ff5029fc6b133575311,1897,1,17,barchart-first-87-same-tallest-17,right,tallest,same,single,2026-04-11 19:03:39.6000000
5571,691f1c963ab988379a94b975,476,1,64,barchart-second-50-double-tallest-16,right,tallest,double,single,2026-04-11 19:03:39.5140000
5572,66759eb2274a4f10deeba339,627,1,42,barchart-first-18-double-shortest-42,right,shortest,double,single,2026-04-11 19:03:39.0160000
5573,691f1c963ab988379a94b975,792,1,65,barchart-second-05-random-tallest-17,right,tallest,random,single,2026-04-11 19:03:40.8910000
5574,69b84ff5029fc6b133575311,1278,1,18,barchart-first-14-double-tallest-18,left,tallest,double,single,2026-04-11 19:03:41.4660000
5575,691f1c963ab988379a94b975,497,1,66,barchart-second-14-same-tallest-18,left,tallest,same,single,2026-04-11 19:03:41.9710000
5576,691f1c963ab988379a94b975,560,1,67,barchart-second-84-same-tallest-19,right,tallest,same,single,2026-04-11 19:03:43.1140000
5577,66759eb2274a4f10deeba339,2498,1,43,barchart-first-46-random-shortest-43,left,shortest,random,single,2026-04-11 19:03:42.0680000
5578,69b84ff5029fc6b133575311,2125,1,19,barchart-first-89-random-tallest-19,left,tallest,random,single,2026-04-11 19:03:44.1640000
5579,691f1c963ab988379a94b975,650,1,68,barchart-second-57-double-tallest-20,left,tallest,double,single,2026-04-11 19:03:44.3490000
5580,66759eb2274a4f10deeba339,1252,1,44,barchart-first-54-random-shortest-44,left,shortest,random,single,2026-04-11 19:03:43.8760000
5581,691f1c963ab988379a94b975,480,1,69,barchart-second-18-random-tallest-21,right,tallest,random,single,2026-04-11 19:03:45.4180000
5582,69b84ff5029fc6b133575311,1328,1,20,barchart-first-29-double-tallest-20,left,tallest,double,single,2026-04-11 19:03:46.0620000
5583,691f1c963ab988379a94b975,553,1,70,barchart-second-36-same-tallest-22,left,tallest,same,single,2026-04-11 19:03:46.5540000
5584,66759eb2274a4f10deeba339,1165,1,45,barchart-first-89-random-shortest-45,right,shortest,random,single,2026-04-11 19:03:45.5950000
5585,69b84ff5029fc6b133575311,1542,1,21,barchart-first-60-double-tallest-21,right,tallest,double,single,2026-04-11 19:03:48.1670000
5586,691f1c963ab988379a94b975,905,1,71,barchart-second-29-random-tallest-23,left,tallest,random,single,2026-04-11 19:03:48.0420000
5587,66759eb2274a4f10deeba339,656,1,46,barchart-first-64-double-shortest-46,left,shortest,double,single,2026-04-11 19:03:46.7980000
5588,66759eb2274a4f10deeba339,623,1,47,barchart-first-65-same-shortest-47,right,shortest,same,single,2026-04-11 19:03:47.9750000
5589,69b84ff5029fc6b133575311,1459,1,22,barchart-first-50-random-tallest-22,right,tallest,random,single,2026-04-11 19:03:50.1910000
5590,69b84ff5029fc6b133575311,2834,1,23,barchart-first-21-same-tallest-23,right,tallest,same,single,2026-04-11 19:03:53.5900000
5591,691f1c963ab988379a94b975,748,1,72,barchart-second-31-double-tallest-24,left,tallest,double,single,2026-04-11 19:03:53.6340000
5592,691f1c963ab988379a94b975,516,1,73,barchart-second-75-random-tallest-25,left,tallest,random,single,2026-04-11 19:03:54.7380000
5593,691f1c963ab988379a94b975,482,1,74,barchart-second-80-double-tallest-26,left,tallest,double,single,2026-04-11 19:03:55.8030000
5594,691f1c963ab988379a94b975,478,1,75,barchart-second-90-random-tallest-27,right,tallest,random,single,2026-04-11 19:03:56.8660000
5595,691f1c963ab988379a94b975,556,1,76,barchart-second-23-random-tallest-28,left,tallest,random,single,2026-04-11 19:03:58.0180000
5596,691f1c963ab988379a94b975,573,1,77,barchart-second-86-same-tallest-29,left,tallest,same,single,2026-04-11 19:03:59.1700000
5597,69b84ff5029fc6b133575311,1859,1,24,barchart-first-34-same-tallest-24,left,tallest,same,single,2026-04-11 19:04:00.3220000
5598,691f1c963ab988379a94b975,504,1,78,barchart-second-10-same-tallest-30,right,tallest,same,single,2026-04-11 19:04:00.2580000
5599,691f1c963ab988379a94b975,562,1,79,barchart-second-25-double-tallest-31,right,tallest,double,single,2026-04-11 19:04:01.4020000
5600,69b84ff5029fc6b133575311,991,1,25,barchart-first-07-random-tallest-25,left,tallest,random,single,2026-04-11 19:04:01.8790000
5601,691f1c963ab988379a94b975,548,1,80,barchart-second-39-double-tallest-32,right,tallest,double,single,2026-04-11 19:04:02.5300000
5602,69b84ff5029fc6b133575311,1121,1,26,barchart-first-13-same-tallest-26,left,tallest,same,single,2026-04-11 19:04:03.5660000
5603,691f1c963ab988379a94b975,562,1,81,barchart-second-35-random-tallest-33,left,tallest,random,single,2026-04-11 19:04:03.6740000
5604,69b84ff5029fc6b133575311,882,1,27,barchart-first-23-double-tallest-27,left,tallest,double,single,2026-04-11 19:04:05.0220000
5605,691f1c963ab988379a94b975,736,1,82,barchart-second-06-same-tallest-34,right,tallest,same,single,2026-04-11 19:04:04.9940000
5606,691f1c963ab988379a94b975,527,1,83,barchart-second-52-random-tallest-35,right,tallest,random,single,2026-04-11 19:04:06.1060000
5607,69b84ff5029fc6b133575311,1783,1,28,barchart-first-08-double-tallest-28,left,tallest,double,single,2026-04-11 19:04:07.3690000
5608,691f1c963ab988379a94b975,548,1,84,barchart-second-54-double-tallest-36,right,tallest,double,single,2026-04-11 19:04:07.2350000
5609,691f1c963ab988379a94b975,527,1,85,barchart-second-87-random-tallest-37,right,tallest,random,single,2026-04-11 19:04:08.3470000
5610,69b84ff5029fc6b133575311,983,1,29,barchart-first-10-double-tallest-29,right,tallest,double,single,2026-04-11 19:04:08.9220000
5611,691f1c963ab988379a94b975,506,1,86,barchart-second-15-same-tallest-38,right,tallest,same,single,2026-04-11 19:04:09.4340000
5612,69b84ff5029fc6b133575311,802,1,30,barchart-first-79-same-tallest-30,right,tallest,same,single,2026-04-11 19:04:10.2920000
5613,691f1c963ab988379a94b975,542,1,87,barchart-second-49-random-tallest-39,left,tallest,random,single,2026-04-11 19:04:10.5550000
5614,69b84ff5029fc6b133575311,909,1,31,barchart-first-06-double-tallest-31,right,tallest,double,single,2026-04-11 19:04:11.7700000
5615,691f1c963ab988379a94b975,535,1,88,barchart-second-41-random-tallest-40,right,tallest,random,single,2026-04-11 19:04:11.6740000
5616,691f1c963ab988379a94b975,546,1,89,barchart-second-72-same-tallest-41,left,tallest,same,single,2026-04-11 19:04:12.8100000
5617,69b84ff5029fc6b133575311,1332,1,32,barchart-first-43-random-tallest-32,right,tallest,random,single,2026-04-11 19:04:13.6710000
5618,691f1c963ab988379a94b975,591,1,90,barchart-second-09-same-tallest-42,right,tallest,same,single,2026-04-11 19:04:13.9790000
5619,69b84ff5029fc6b133575311,1227,1,33,barchart-first-20-random-tallest-33,right,tallest,random,single,2026-04-11 19:04:15.4660000
5620,691f1c963ab988379a94b975,838,1,91,barchart-second-08-double-tallest-43,left,tallest,double,single,2026-04-11 19:04:15.4020000
5621,69b84ff5029fc6b133575311,716,1,34,barchart-first-28-double-tallest-34,right,tallest,double,single,2026-04-11 19:04:16.7450000
5622,691f1c963ab988379a94b975,621,1,92,barchart-second-81-random-tallest-44,left,tallest,random,single,2026-04-11 19:04:16.6020000
5623,691f1c963ab988379a94b975,692,1,93,barchart-second-88-same-tallest-45,right,tallest,same,single,2026-04-11 19:04:17.8750000
5624,69b84ff5029fc6b133575311,989,1,35,barchart-first-81-same-tallest-35,left,tallest,same,single,2026-04-11 19:04:18.2960000
5625,691f1c963ab988379a94b975,740,1,94,barchart-second-12-double-tallest-46,left,tallest,double,single,2026-04-11 19:04:19.2020000
5626,69b84ff5029fc6b133575311,1058,1,36,barchart-first-83-double-tallest-36,left,tallest,double,single,2026-04-11 19:04:19.9160000
5627,691f1c963ab988379a94b975,628,1,95,barchart-second-38-double-tallest-47,right,tallest,double,single,2026-04-11 19:04:20.4180000
5628,69b84ff5029fc6b133575311,1340,1,37,barchart-first-49-random-tallest-37,left,tallest,random,single,2026-04-11 19:04:21.8250000
5629,69b84ff5029fc6b133575311,1239,1,38,barchart-first-46-same-tallest-38,right,tallest,same,single,2026-04-11 19:04:23.6270000
5630,69b84ff5029fc6b133575311,982,1,39,barchart-first-65-double-tallest-39,right,tallest,double,single,2026-04-11 19:04:25.1760000
5631,69b84ff5029fc6b133575311,926,1,40,barchart-first-17-same-tallest-40,right,tallest,same,single,2026-04-11 19:04:26.6720000
5632,69b84ff5029fc6b133575311,2017,1,41,barchart-first-22-same-tallest-41,left,tallest,same,single,2026-04-11 19:04:29.2520000
5633,69b84ff5029fc6b133575311,1004,1,42,barchart-first-37-random-tallest-42,left,tallest,random,single,2026-04-11 19:04:30.8240000
5634,69b84ff5029fc6b133575311,976,1,43,barchart-first-90-double-tallest-43,right,tallest,double,single,2026-04-11 19:04:32.3620000
5635,69b84ff5029fc6b133575311,929,1,44,barchart-first-31-random-tallest-44,left,tallest,random,single,2026-04-11 19:04:33.8600000
5636,69b84ff5029fc6b133575311,684,1,45,barchart-first-58-same-tallest-45,right,tallest,same,single,2026-04-11 19:04:35.1130000
5637,69b84ff5029fc6b133575311,1009,1,46,barchart-first-03-double-tallest-46,right,tallest,double,single,2026-04-11 19:04:36.6860000
5638,69b84ff5029fc6b133575311,697,1,47,barchart-first-80-same-tallest-47,left,tallest,same,single,2026-04-11 19:04:37.9460000
5639,666ce2f92aed5d69578ad8ba,4754,1,48,barchart-second-03-random-shortest-0,left,shortest,random,single,2026-04-11 19:04:51.2370000
5640,666ce2f92aed5d69578ad8ba,3640,1,49,barchart-second-28-random-shortest-1,right,shortest,random,single,2026-04-11 19:04:55.4690000
5641,666ce2f92aed5d69578ad8ba,3044,1,50,barchart-second-54-same-shortest-2,left,shortest,same,single,2026-04-11 19:04:59.1170000
5642,666ce2f92aed5d69578ad8ba,3510,1,51,barchart-second-85-double-shortest-3,left,shortest,double,single,2026-04-11 19:05:03.2210000
5643,666ce2f92aed5d69578ad8ba,3371,1,52,barchart-second-26-same-shortest-4,left,shortest,same,single,2026-04-11 19:05:07.1970000
5644,666ce2f92aed5d69578ad8ba,2773,1,53,barchart-second-35-same-shortest-5,left,shortest,same,single,2026-04-11 19:05:10.5650000
5645,666ce2f92aed5d69578ad8ba,3654,1,54,barchart-second-53-same-shortest-6,right,shortest,same,single,2026-04-11 19:05:14.8130000
5646,666ce2f92aed5d69578ad8ba,3179,1,55,barchart-second-57-same-shortest-7,right,shortest,same,single,2026-04-11 19:05:18.5890000
5647,69b84ff5029fc6b133575311,1532,1,48,barchart-second-67-same-shortest-0,left,shortest,same,single,2026-04-11 19:05:20.2620000
5648,666ce2f92aed5d69578ad8ba,2976,1,56,barchart-second-09-same-shortest-8,left,shortest,same,single,2026-04-11 19:05:22.1650000
5649,69b84ff5029fc6b133575311,1786,1,49,barchart-second-84-same-shortest-1,right,shortest,same,single,2026-04-11 19:05:22.6110000
5650,69b84ff5029fc6b133575311,1282,1,50,barchart-second-91-double-shortest-2,right,shortest,double,single,2026-04-11 19:05:24.4580000
5651,666ce2f92aed5d69578ad8ba,2330,1,57,barchart-second-40-same-shortest-9,right,shortest,same,single,2026-04-11 19:05:25.0930000
5652,66c3366a3b5834b89124e85a,1948,1,0,barchart-first-03-double-tallest-0,right,tallest,double,single,2026-04-11 19:05:26.9820000
5653,69b84ff5029fc6b133575311,1308,1,51,barchart-second-66-double-shortest-3,left,shortest,double,single,2026-04-11 19:05:26.3370000
5654,66c3366a3b5834b89124e85a,1083,1,1,barchart-first-05-double-tallest-1,right,tallest,double,single,2026-04-11 19:05:28.6770000
5655,69b84ff5029fc6b133575311,1129,1,52,barchart-second-75-double-shortest-4,left,shortest,double,single,2026-04-11 19:05:28.0320000
5656,666ce2f92aed5d69578ad8ba,3880,1,58,barchart-second-18-double-shortest-10,right,shortest,double,single,2026-04-11 19:05:29.5650000
5657,69b84ff5029fc6b133575311,942,1,53,barchart-second-55-same-shortest-5,left,shortest,same,single,2026-04-11 19:05:29.5390000
5658,66c3366a3b5834b89124e85a,1685,1,2,barchart-first-38-random-tallest-2,right,tallest,random,single,2026-04-11 19:05:30.9350000
5659,69b84ff5029fc6b133575311,1541,1,54,barchart-second-19-same-shortest-6,left,shortest,same,single,2026-04-11 19:05:31.6440000
5660,69b84ff5029fc6b133575311,1590,1,55,barchart-second-56-random-shortest-7,left,shortest,random,single,2026-04-11 19:05:33.8050000
5661,66c3366a3b5834b89124e85a,2002,1,3,barchart-first-27-double-tallest-3,left,tallest,double,single,2026-04-11 19:05:33.5900000
5662,69b84ff5029fc6b133575311,1301,1,56,barchart-second-77-double-shortest-8,left,shortest,double,single,2026-04-11 19:05:35.6740000
5663,666ce2f92aed5d69578ad8ba,5546,1,59,barchart-second-69-random-shortest-11,right,shortest,random,single,2026-04-11 19:05:35.7090000
5664,66c3366a3b5834b89124e85a,1615,1,4,barchart-first-44-double-tallest-4,right,tallest,double,single,2026-04-11 19:05:38.1020000
5665,69b84ff5029fc6b133575311,1822,1,57,barchart-second-61-double-shortest-9,left,shortest,double,single,2026-04-11 19:05:38.0600000
5666,69b84ff5029fc6b133575311,1482,1,58,barchart-second-72-random-shortest-10,right,shortest,random,single,2026-04-11 19:05:40.1060000
5667,66c3366a3b5834b89124e85a,1467,1,5,barchart-first-17-random-tallest-5,right,tallest,random,single,2026-04-11 19:05:40.1650000
5668,666ce2f92aed5d69578ad8ba,4126,1,60,barchart-second-89-double-shortest-12,right,shortest,double,single,2026-04-11 19:05:40.4370000
5669,66c3366a3b5834b89124e85a,1043,1,6,barchart-first-00-random-tallest-6,left,tallest,random,single,2026-04-11 19:05:42.1480000
5670,69b84ff5029fc6b133575311,1288,1,59,barchart-second-38-double-shortest-11,left,shortest,double,single,2026-04-11 19:05:41.9630000
5671,66c3366a3b5834b89124e85a,936,0,7,barchart-first-77-same-tallest-7,right,tallest,same,single,2026-04-11 19:05:43.6850000
5672,69b84ff5029fc6b133575311,1026,1,60,barchart-second-64-same-shortest-12,left,shortest,same,single,2026-04-11 19:05:43.5610000
5673,69b84ff5029fc6b133575311,1053,1,61,barchart-second-52-same-shortest-13,right,shortest,same,single,2026-04-11 19:05:45.1850000
5674,66c3366a3b5834b89124e85a,1370,1,8,barchart-first-06-double-tallest-8,right,tallest,double,single,2026-04-11 19:05:46.6780000
5675,666ce2f92aed5d69578ad8ba,4932,1,61,barchart-second-07-double-shortest-13,left,shortest,double,single,2026-04-11 19:05:45.9650000
5676,69b84ff5029fc6b133575311,1377,1,62,barchart-second-05-random-shortest-14,right,shortest,random,single,2026-04-11 19:05:47.1330000
5677,66c3366a3b5834b89124e85a,872,1,9,barchart-first-85-same-tallest-9,left,tallest,same,single,2026-04-11 19:05:48.2290000
5678,666ce2f92aed5d69578ad8ba,3094,1,62,barchart-second-95-random-shortest-14,left,shortest,random,single,2026-04-11 19:05:49.6530000
5679,69b84ff5029fc6b133575311,2516,1,63,barchart-second-47-random-shortest-15,left,shortest,random,single,2026-04-11 19:05:50.2190000
5680,66c3366a3b5834b89124e85a,3064,1,10,barchart-first-22-random-tallest-10,left,tallest,random,single,2026-04-11 19:05:51.9570000
5681,66c3366a3b5834b89124e85a,1138,1,11,barchart-first-86-same-tallest-11,left,tallest,same,single,2026-04-11 19:05:53.7170000
5682,69b84ff5029fc6b133575311,2667,1,64,barchart-second-04-same-shortest-16,left,shortest,same,single,2026-04-11 19:05:53.4550000
5683,66c3366a3b5834b89124e85a,952,1,12,barchart-first-46-random-tallest-12,right,tallest,random,single,2026-04-11 19:05:55.2700000
5684,666ce2f92aed5d69578ad8ba,5188,1,63,barchart-second-92-random-shortest-15,right,shortest,random,single,2026-04-11 19:05:55.4440000
5685,69b84ff5029fc6b133575311,1597,1,65,barchart-second-94-double-shortest-17,right,shortest,double,single,2026-04-11 19:05:55.6180000
5686,66c3366a3b5834b89124e85a,1893,1,13,barchart-first-08-random-tallest-13,left,tallest,random,single,2026-04-11 19:05:57.7490000
5687,69b84ff5029fc6b133575311,1362,1,66,barchart-second-02-double-shortest-18,right,shortest,double,single,2026-04-11 19:05:57.5440000
5688,66c3366a3b5834b89124e85a,998,1,14,barchart-first-66-same-tallest-14,right,tallest,same,single,2026-04-11 19:05:59.4130000
5689,666ce2f92aed5d69578ad8ba,2976,1,64,barchart-second-80-random-shortest-16,left,shortest,random,single,2026-04-11 19:05:59.0130000
5690,69b84ff5029fc6b133575311,1834,1,67,barchart-second-93-double-shortest-19,right,shortest,double,single,2026-04-11 19:05:59.9500000
5691,66c3366a3b5834b89124e85a,1538,1,15,barchart-first-63-same-tallest-15,left,tallest,same,single,2026-04-11 19:06:01.5890000
5692,666ce2f92aed5d69578ad8ba,2611,1,65,barchart-second-58-double-shortest-17,left,shortest,double,single,2026-04-11 19:06:02.2210000
5693,66c3366a3b5834b89124e85a,1321,1,16,barchart-first-13-same-tallest-16,left,tallest,same,single,2026-04-11 19:06:03.5260000
5694,69b84ff5029fc6b133575311,3677,1,68,barchart-second-63-random-shortest-20,right,shortest,random,single,2026-04-11 19:06:04.1970000
5695,66c3366a3b5834b89124e85a,1293,1,17,barchart-first-90-random-tallest-17,right,tallest,random,single,2026-04-11 19:06:05.4440000
5696,666ce2f92aed5d69578ad8ba,2712,1,66,barchart-second-75-double-shortest-18,left,shortest,double,single,2026-04-11 19:06:05.6050000
5697,66c3366a3b5834b89124e85a,982,1,18,barchart-first-73-double-tallest-18,right,tallest,double,single,2026-04-11 19:06:07.0780000
5698,69b84ff5029fc6b133575311,1917,1,69,barchart-second-36-random-shortest-21,left,shortest,random,single,2026-04-11 19:06:06.6790000
5699,66c3366a3b5834b89124e85a,1024,1,19,barchart-first-93-same-tallest-19,left,tallest,same,single,2026-04-11 19:06:08.7580000
5700,69b84ff5029fc6b133575311,2105,1,70,barchart-second-59-same-shortest-22,left,shortest,same,single,2026-04-11 19:06:09.3490000
5701,666ce2f92aed5d69578ad8ba,3162,1,67,barchart-second-11-double-shortest-19,right,shortest,double,single,2026-04-11 19:06:09.3650000
5702,66c3366a3b5834b89124e85a,874,1,20,barchart-first-71-same-tallest-20,right,tallest,same,single,2026-04-11 19:06:10.2460000
5703,66c3366a3b5834b89124e85a,860,1,21,barchart-first-92-random-tallest-21,right,tallest,random,single,2026-04-11 19:06:11.8300000
5704,666ce2f92aed5d69578ad8ba,2607,1,68,barchart-second-25-double-shortest-20,left,shortest,double,single,2026-04-11 19:06:12.5640000
5705,66c3366a3b5834b89124e85a,1224,1,22,barchart-first-58-double-tallest-22,right,tallest,double,single,2026-04-11 19:06:13.6690000
5706,69b84ff5029fc6b133575311,2904,1,71,barchart-second-41-same-shortest-23,right,shortest,same,single,2026-04-11 19:06:12.8770000
5707,66c3366a3b5834b89124e85a,1603,1,23,barchart-first-01-same-tallest-23,left,tallest,same,single,2026-04-11 19:06:15.8910000
5708,666ce2f92aed5d69578ad8ba,3004,1,69,barchart-second-30-double-shortest-21,right,shortest,double,single,2026-04-11 19:06:16.1720000
5709,666ce2f92aed5d69578ad8ba,2751,1,70,barchart-second-52-random-shortest-22,right,shortest,random,single,2026-04-11 19:06:19.5160000
5710,69b84ff5029fc6b133575311,3151,1,72,barchart-second-12-double-shortest-24,left,shortest,double,single,2026-04-11 19:06:20.8520000
5711,666ce2f92aed5d69578ad8ba,4066,1,71,barchart-second-94-random-shortest-23,right,shortest,random,single,2026-04-11 19:06:24.1800000
5712,69b84ff5029fc6b133575311,2917,1,73,barchart-second-95-double-shortest-25,left,shortest,double,single,2026-04-11 19:06:24.3430000
5713,66c3366a3b5834b89124e85a,1911,1,24,barchart-first-81-random-tallest-24,left,tallest,random,single,2026-04-11 19:06:25.4140000
5714,69b84ff5029fc6b133575311,1476,1,74,barchart-second-88-double-shortest-26,left,shortest,double,single,2026-04-11 19:06:26.3880000
5715,66c3366a3b5834b89124e85a,1238,1,25,barchart-first-94-double-tallest-25,right,tallest,double,single,2026-04-11 19:06:27.3020000
5716,66c3366a3b5834b89124e85a,913,1,26,barchart-first-10-same-tallest-26,right,tallest,same,single,2026-04-11 19:06:28.8210000
5717,69b84ff5029fc6b133575311,1152,1,75,barchart-second-57-random-shortest-27,right,shortest,random,single,2026-04-11 19:06:28.1080000
5718,69b84ff5029fc6b133575311,1146,1,76,barchart-second-09-same-shortest-28,left,shortest,same,single,2026-04-11 19:06:29.8230000
5719,66c3366a3b5834b89124e85a,2043,1,27,barchart-first-15-random-tallest-27,right,tallest,random,single,2026-04-11 19:06:31.4820000
5720,69b84ff5029fc6b133575311,1012,1,77,barchart-second-11-random-shortest-29,right,shortest,random,single,2026-04-11 19:06:31.4040000
5721,66c3366a3b5834b89124e85a,1246,1,28,barchart-first-60-double-tallest-28,right,tallest,double,single,2026-04-11 19:06:33.3500000
5722,69b84ff5029fc6b133575311,1226,1,78,barchart-second-48-random-shortest-30,right,shortest,random,single,2026-04-11 19:06:33.2100000
5723,66c3366a3b5834b89124e85a,1096,1,29,barchart-first-34-random-tallest-29,left,tallest,random,single,2026-04-11 19:06:35.0450000
5724,69b84ff5029fc6b133575311,904,1,79,barchart-second-45-random-shortest-31,left,shortest,random,single,2026-04-11 19:06:34.6880000
5725,66c3366a3b5834b89124e85a,1166,1,30,barchart-first-69-double-tallest-30,left,tallest,double,single,2026-04-11 19:06:36.8550000
5726,69b84ff5029fc6b133575311,1110,1,80,barchart-second-33-same-shortest-32,right,shortest,same,single,2026-04-11 19:06:36.3720000
5727,666ce2f92aed5d69578ad8ba,5271,1,72,barchart-second-44-random-shortest-24,left,shortest,random,single,2026-04-11 19:06:36.8040000
5728,66c3366a3b5834b89124e85a,1049,1,31,barchart-first-04-same-tallest-31,right,tallest,same,single,2026-04-11 19:06:38.5820000
5729,69b84ff5029fc6b133575311,1082,1,81,barchart-second-78-double-shortest-33,right,shortest,double,single,2026-04-11 19:06:38.0280000
5730,66c3366a3b5834b89124e85a,1618,1,32,barchart-first-42-random-tallest-32,right,tallest,random,single,2026-04-11 19:06:40.7900000
5731,69b84ff5029fc6b133575311,1905,1,82,barchart-second-42-same-shortest-34,right,shortest,same,single,2026-04-11 19:06:40.5000000
5732,666ce2f92aed5d69578ad8ba,3619,1,73,barchart-second-62-double-shortest-25,right,shortest,double,single,2026-04-11 19:06:41.0210000
5733,66c3366a3b5834b89124e85a,1175,1,33,barchart-first-82-double-tallest-33,left,tallest,double,single,2026-04-11 19:06:42.5990000
5734,69b84ff5029fc6b133575311,2870,1,83,barchart-second-74-random-shortest-35,left,shortest,random,single,2026-04-11 19:06:43.9450000
5735,66c3366a3b5834b89124e85a,2018,1,34,barchart-first-89-double-tallest-34,left,tallest,double,single,2026-04-11 19:06:45.2860000
5736,666ce2f92aed5d69578ad8ba,2922,1,74,barchart-second-29-random-shortest-26,right,shortest,random,single,2026-04-11 19:06:44.5400000
5737,69b84ff5029fc6b133575311,1239,1,84,barchart-second-69-same-shortest-36,right,shortest,same,single,2026-04-11 19:06:45.7630000
5738,66c3366a3b5834b89124e85a,1146,1,35,barchart-first-78-random-tallest-35,left,tallest,random,single,2026-04-11 19:06:47.0780000
5739,69b84ff5029fc6b133575311,1257,1,85,barchart-second-32-random-shortest-37,right,shortest,random,single,2026-04-11 19:06:47.5940000
5740,66c3366a3b5834b89124e85a,1298,1,36,barchart-first-40-random-tallest-36,left,tallest,random,single,2026-04-11 19:06:48.9690000
5741,666ce2f92aed5d69578ad8ba,3619,1,75,barchart-second-36-double-shortest-27,left,shortest,double,single,2026-04-11 19:06:48.7640000
5742,69b84ff5029fc6b133575311,1058,1,86,barchart-second-68-double-shortest-38,right,shortest,double,single,2026-04-11 19:06:49.2180000
5743,66c3366a3b5834b89124e85a,966,1,37,barchart-first-02-same-tallest-37,right,tallest,same,single,2026-04-11 19:06:50.5830000
5744,69b84ff5029fc6b133575311,981,1,87,barchart-second-53-same-shortest-39,right,shortest,same,single,2026-04-11 19:06:50.7660000
5745,66c3366a3b5834b89124e85a,1549,1,38,barchart-first-83-same-tallest-38,left,tallest,same,single,2026-04-11 19:06:52.8050000
5746,69b84ff5029fc6b133575311,1101,1,88,barchart-second-73-random-shortest-40,left,shortest,random,single,2026-04-11 19:06:52.4400000
5747,666ce2f92aed5d69578ad8ba,3841,1,76,barchart-second-32-same-shortest-28,right,shortest,same,single,2026-04-11 19:06:53.2040000
5748,66c3366a3b5834b89124e85a,1177,1,39,barchart-first-18-same-tallest-39,right,tallest,same,single,2026-04-11 19:06:54.5820000
5749,69b84ff5029fc6b133575311,1336,1,89,barchart-second-82-same-shortest-41,right,shortest,same,single,2026-04-11 19:06:54.3500000
5750,69b84ff5029fc6b133575311,1047,1,90,barchart-second-71-random-shortest-42,left,shortest,random,single,2026-04-11 19:06:55.9660000
5751,66c3366a3b5834b89124e85a,1531,1,40,barchart-first-56-double-tallest-40,left,tallest,double,single,2026-04-11 19:06:56.7780000
5752,666ce2f92aed5d69578ad8ba,3191,1,77,barchart-second-77-same-shortest-29,left,shortest,same,single,2026-04-11 19:06:56.9960000
5753,69b84ff5029fc6b133575311,1261,1,91,barchart-second-15-random-shortest-43,right,shortest,random,single,2026-04-11 19:06:57.7950000
5754,66c3366a3b5834b89124e85a,1312,1,41,barchart-first-43-random-tallest-41,right,tallest,random,single,2026-04-11 19:06:58.7110000
5755,69b84ff5029fc6b133575311,1440,1,92,barchart-second-35-random-shortest-44,left,shortest,random,single,2026-04-11 19:06:59.8030000
5756,66759eb2274a4f10deeba339,538,1,48,barchart-second-41-random-tallest-0,right,tallest,random,single,2026-04-11 19:06:58.4710000
5757,66c3366a3b5834b89124e85a,1878,1,42,barchart-first-19-double-tallest-42,left,tallest,double,single,2026-04-11 19:07:01.2220000
5758,66759eb2274a4f10deeba339,389,1,49,barchart-second-16-same-tallest-1,right,tallest,same,single,2026-04-11 19:06:59.4080000
5759,69b84ff5029fc6b133575311,1369,1,93,barchart-second-92-double-shortest-45,right,shortest,double,single,2026-04-11 19:07:01.7440000
5760,66759eb2274a4f10deeba339,470,1,50,barchart-second-27-double-tallest-2,left,tallest,double,single,2026-04-11 19:07:00.4360000
5761,666ce2f92aed5d69578ad8ba,4743,1,78,barchart-second-21-double-shortest-30,right,shortest,double,single,2026-04-11 19:07:02.3400000
5762,66c3366a3b5834b89124e85a,1486,1,43,barchart-first-32-same-tallest-43,right,tallest,same,single,2026-04-11 19:07:03.2880000
5763,66759eb2274a4f10deeba339,397,1,51,barchart-second-69-same-tallest-3,left,tallest,same,single,2026-04-11 19:07:01.3790000
5764,69b84ff5029fc6b133575311,963,1,94,barchart-second-25-same-shortest-46,left,shortest,same,single,2026-04-11 19:07:03.2820000
5765,66759eb2274a4f10deeba339,382,1,52,barchart-second-92-double-tallest-4,right,tallest,double,single,2026-04-11 19:07:02.3060000
5766,66c3366a3b5834b89124e85a,1320,1,44,barchart-first-70-random-tallest-44,left,tallest,random,single,2026-04-11 19:07:05.2720000
5767,66759eb2274a4f10deeba339,412,1,53,barchart-second-70-random-tallest-5,left,tallest,random,single,2026-04-11 19:07:03.2560000
5768,69b84ff5029fc6b133575311,1298,1,95,barchart-second-01-double-shortest-47,right,shortest,double,single,2026-04-11 19:07:05.1560000
5769,66759eb2274a4f10deeba339,431,1,54,barchart-second-95-random-tallest-6,right,tallest,random,single,2026-04-11 19:07:04.2210000
5770,66c3366a3b5834b89124e85a,1051,1,45,barchart-first-35-double-tallest-45,left,tallest,double,single,2026-04-11 19:07:06.9510000
5771,666ce2f92aed5d69578ad8ba,3631,1,79,barchart-second-55-random-shortest-31,left,shortest,random,single,2026-04-11 19:07:06.5810000
5772,66759eb2274a4f10deeba339,546,1,55,barchart-second-15-double-tallest-7,right,tallest,double,single,2026-04-11 19:07:05.3010000
5773,66759eb2274a4f10deeba339,419,1,56,barchart-second-23-same-tallest-8,left,tallest,same,single,2026-04-11 19:07:06.2550000
5774,66c3366a3b5834b89124e85a,1117,1,46,barchart-first-29-double-tallest-46,left,tallest,double,single,2026-04-11 19:07:08.6630000
5775,66759eb2274a4f10deeba339,407,1,57,barchart-second-34-double-tallest-9,left,tallest,double,single,2026-04-11 19:07:07.1990000
5776,66c3366a3b5834b89124e85a,945,1,47,barchart-first-41-same-tallest-47,right,tallest,same,single,2026-04-11 19:07:10.2280000
5777,66759eb2274a4f10deeba339,434,1,58,barchart-second-02-random-tallest-10,right,tallest,random,single,2026-04-11 19:07:08.1780000
5778,666ce2f92aed5d69578ad8ba,3356,1,80,barchart-second-79-same-shortest-32,right,shortest,same,single,2026-04-11 19:07:10.5320000
5779,66759eb2274a4f10deeba339,605,1,59,barchart-second-43-double-tallest-11,right,tallest,double,single,2026-04-11 19:07:09.3290000
5780,66759eb2274a4f10deeba339,419,1,60,barchart-second-45-random-tallest-12,left,tallest,random,single,2026-04-11 19:07:10.2880000
5781,66759eb2274a4f10deeba339,465,1,61,barchart-second-42-same-tallest-13,right,tallest,same,single,2026-04-11 19:07:11.2840000
5782,66759eb2274a4f10deeba339,410,1,62,barchart-second-90-double-tallest-14,right,tallest,double,single,2026-04-11 19:07:12.2380000
5783,666ce2f92aed5d69578ad8ba,2852,1,81,barchart-second-93-random-shortest-33,right,shortest,random,single,2026-04-11 19:07:13.9880000
5784,66759eb2274a4f10deeba339,396,1,63,barchart-second-22-double-tallest-15,left,tallest,double,single,2026-04-11 19:07:13.1790000
5785,66759eb2274a4f10deeba339,550,1,64,barchart-second-82-double-tallest-16,left,tallest,double,single,2026-04-11 19:07:14.2720000
5786,66759eb2274a4f10deeba339,400,1,65,barchart-second-25-random-tallest-17,right,tallest,random,single,2026-04-11 19:07:15.2110000
5787,666ce2f92aed5d69578ad8ba,2625,1,82,barchart-second-39-double-shortest-34,right,shortest,double,single,2026-04-11 19:07:17.2130000
5788,66759eb2274a4f10deeba339,402,1,66,barchart-second-49-random-tallest-18,left,tallest,random,single,2026-04-11 19:07:16.1610000
5789,66759eb2274a4f10deeba339,471,1,67,barchart-second-81-double-tallest-19,left,tallest,double,single,2026-04-11 19:07:17.1730000
5790,66759eb2274a4f10deeba339,420,1,68,barchart-second-10-random-tallest-20,right,tallest,random,single,2026-04-11 19:07:18.2390000
5791,66759eb2274a4f10deeba339,465,1,69,barchart-second-94-double-tallest-21,right,tallest,double,single,2026-04-11 19:07:19.2460000
5792,666ce2f92aed5d69578ad8ba,3149,1,83,barchart-second-10-double-shortest-35,left,shortest,double,single,2026-04-11 19:07:20.9640000
5793,66759eb2274a4f10deeba339,438,1,70,barchart-second-58-double-tallest-22,right,tallest,double,single,2026-04-11 19:07:20.2260000
5794,66759eb2274a4f10deeba339,460,1,71,barchart-second-05-same-tallest-23,right,tallest,same,single,2026-04-11 19:07:21.2300000
5795,666ce2f92aed5d69578ad8ba,3342,1,84,barchart-second-20-double-shortest-36,left,shortest,double,single,2026-04-11 19:07:24.9080000
5796,666ce2f92aed5d69578ad8ba,3362,1,85,barchart-second-59-random-shortest-37,left,shortest,random,single,2026-04-11 19:07:28.8600000
5797,666ce2f92aed5d69578ad8ba,2776,1,86,barchart-second-38-random-shortest-38,left,shortest,random,single,2026-04-11 19:07:32.2280000
5798,666ce2f92aed5d69578ad8ba,2874,1,87,barchart-second-51-random-shortest-39,right,shortest,random,single,2026-04-11 19:07:35.7000000
5799,66759eb2274a4f10deeba339,536,1,72,barchart-second-56-same-tallest-24,left,tallest,same,single,2026-04-11 19:07:37.4610000
5800,666ce2f92aed5d69578ad8ba,3055,1,88,barchart-second-84-same-shortest-40,right,shortest,same,single,2026-04-11 19:07:39.3560000
5801,66759eb2274a4f10deeba339,492,1,73,barchart-second-48-random-tallest-25,right,tallest,random,single,2026-04-11 19:07:38.5060000
5802,66759eb2274a4f10deeba339,423,1,74,barchart-second-03-same-tallest-26,right,tallest,same,single,2026-04-11 19:07:39.4790000
5803,66759eb2274a4f10deeba339,459,1,75,barchart-second-31-random-tallest-27,left,tallest,random,single,2026-04-11 19:07:40.5190000
5804,666ce2f92aed5d69578ad8ba,2287,1,89,barchart-second-02-same-shortest-41,right,shortest,same,single,2026-04-11 19:07:42.2360000
5805,66759eb2274a4f10deeba339,425,1,76,barchart-second-75-random-tallest-28,left,tallest,random,single,2026-04-11 19:07:41.5030000
5806,66759eb2274a4f10deeba339,450,0,77,barchart-second-08-random-tallest-29,right,tallest,random,single,2026-04-11 19:07:42.5030000
5807,66759eb2274a4f10deeba339,681,1,78,barchart-second-62-random-tallest-30,right,tallest,random,single,2026-04-11 19:07:44.7450000
5808,666ce2f92aed5d69578ad8ba,3565,1,90,barchart-second-34-random-shortest-42,left,shortest,random,single,2026-04-11 19:07:46.3960000
5809,66759eb2274a4f10deeba339,383,1,79,barchart-second-07-double-tallest-31,left,tallest,double,single,2026-04-11 19:07:45.6740000
5810,66759eb2274a4f10deeba339,403,1,80,barchart-second-12-same-tallest-32,left,tallest,same,single,2026-04-11 19:07:46.6300000
5811,66759eb2274a4f10deeba339,484,1,81,barchart-second-91-double-tallest-33,left,tallest,double,single,2026-04-11 19:07:47.6600000
5812,66759eb2274a4f10deeba339,472,1,82,barchart-second-63-double-tallest-34,left,tallest,double,single,2026-04-11 19:07:48.6770000
5813,666ce2f92aed5d69578ad8ba,3543,1,91,barchart-second-67-same-shortest-43,left,shortest,same,single,2026-04-11 19:07:50.5400000
5814,640542a41c8bf2690ddcf271,3566,1,0,barchart-first-89-double-shortest-0,right,shortest,double,single,2026-04-11 19:07:51.0260000
5815,66759eb2274a4f10deeba339,448,1,83,barchart-second-04-same-tallest-35,right,tallest,same,single,2026-04-11 19:07:49.6760000
5816,66759eb2274a4f10deeba339,393,1,84,barchart-second-66-random-tallest-36,right,tallest,random,single,2026-04-11 19:07:50.6160000
5817,66759eb2274a4f10deeba339,489,1,85,barchart-second-67-double-tallest-37,right,tallest,double,single,2026-04-11 19:07:51.6610000
5818,640542a41c8bf2690ddcf271,2032,1,1,barchart-first-12-double-shortest-1,left,shortest,double,single,2026-04-11 19:07:53.6750000
5819,666ce2f92aed5d69578ad8ba,3017,1,92,barchart-second-13-same-shortest-44,left,shortest,same,single,2026-04-11 19:07:54.1480000
5820,66759eb2274a4f10deeba339,421,0,86,barchart-second-78-same-tallest-38,right,tallest,same,single,2026-04-11 19:07:52.6380000
5821,66759eb2274a4f10deeba339,647,1,87,barchart-second-53-same-tallest-39,left,tallest,same,single,2026-04-11 19:07:54.8540000
5822,640542a41c8bf2690ddcf271,2412,1,2,barchart-first-37-double-shortest-2,left,shortest,double,single,2026-04-11 19:07:56.7310000
5823,666ce2f92aed5d69578ad8ba,2822,1,93,barchart-second-00-same-shortest-45,left,shortest,same,single,2026-04-11 19:07:57.5640000
5824,66759eb2274a4f10deeba339,566,1,88,barchart-second-84-same-tallest-40,right,tallest,same,single,2026-04-11 19:07:55.9680000
5825,640542a41c8bf2690ddcf271,1147,1,3,barchart-first-39-random-shortest-3,right,shortest,random,single,2026-04-11 19:07:58.5380000
5826,66759eb2274a4f10deeba339,443,1,89,barchart-second-26-same-tallest-41,right,tallest,same,single,2026-04-11 19:07:56.9640000
5827,66759eb2274a4f10deeba339,431,1,90,barchart-second-85-same-tallest-42,left,tallest,same,single,2026-04-11 19:07:57.9440000
5828,66c3366a3b5834b89124e85a,3647,1,48,barchart-second-91-random-shortest-0,right,shortest,random,single,2026-04-11 19:08:00.4390000
5829,66759eb2274a4f10deeba339,590,1,91,barchart-second-01-random-tallest-43,left,tallest,random,single,2026-04-11 19:07:59.0840000
5830,640542a41c8bf2690ddcf271,2168,1,4,barchart-first-31-random-shortest-4,right,shortest,random,single,2026-04-11 19:08:01.4100000
5831,66759eb2274a4f10deeba339,516,1,92,barchart-second-60-double-tallest-44,right,tallest,double,single,2026-04-11 19:08:00.1460000
5832,666ce2f92aed5d69578ad8ba,4185,1,94,barchart-second-86-same-shortest-46,right,shortest,same,single,2026-04-11 19:08:02.3480000
5833,66c3366a3b5834b89124e85a,2223,1,49,barchart-second-68-double-shortest-1,right,shortest,double,single,2026-04-11 19:08:03.2540000
5834,66759eb2274a4f10deeba339,387,1,93,barchart-second-55-random-tallest-45,left,tallest,random,single,2026-04-11 19:08:01.0890000
5835,66759eb2274a4f10deeba339,440,1,94,barchart-second-47-same-tallest-46,right,tallest,same,single,2026-04-11 19:08:02.0780000
5836,640542a41c8bf2690ddcf271,2875,1,5,barchart-first-34-same-shortest-5,left,shortest,same,single,2026-04-11 19:08:04.7940000
5837,66759eb2274a4f10deeba339,441,1,95,barchart-second-37-same-tallest-47,left,tallest,same,single,2026-04-11 19:08:03.0750000
5838,66c3366a3b5834b89124e85a,1705,1,50,barchart-second-88-double-shortest-2,left,shortest,double,single,2026-04-11 19:08:05.5590000
5839,666ce2f92aed5d69578ad8ba,2220,1,95,barchart-second-31-double-shortest-47,right,shortest,double,single,2026-04-11 19:08:05.1640000
5840,66c3366a3b5834b89124e85a,1986,1,51,barchart-second-76-random-shortest-3,left,shortest,random,single,2026-04-11 19:08:08.1980000
5841,640542a41c8bf2690ddcf271,2595,1,6,barchart-first-68-random-shortest-6,right,shortest,random,single,2026-04-11 19:08:07.9930000
5842,66c3366a3b5834b89124e85a,1710,1,52,barchart-second-75-double-shortest-4,left,shortest,double,single,2026-04-11 19:08:10.5820000
5843,640542a41c8bf2690ddcf271,1849,1,7,barchart-first-41-double-shortest-7,right,shortest,double,single,2026-04-11 19:08:10.7080000
5844,5df961cb53e8466f17606ae1,1793,1,0,barchart-first-50-random-tallest-0,right,tallest,random,single,2026-04-11 19:08:11.4490000
5845,66c3366a3b5834b89124e85a,2219,1,53,barchart-second-61-same-shortest-5,left,shortest,same,single,2026-04-11 19:08:13.4460000
5846,5df961cb53e8466f17606ae1,923,1,1,barchart-first-44-same-tallest-1,right,tallest,same,single,2026-04-11 19:08:12.9460000
5847,5df961cb53e8466f17606ae1,778,1,2,barchart-first-38-random-tallest-2,right,tallest,random,single,2026-04-11 19:08:14.3010000
5848,640542a41c8bf2690ddcf271,3315,1,8,barchart-first-86-random-shortest-8,right,shortest,random,single,2026-04-11 19:08:14.8470000
5849,66c3366a3b5834b89124e85a,1594,1,54,barchart-second-20-same-shortest-6,left,shortest,same,single,2026-04-11 19:08:15.6890000
5850,631c8e97db06f601f81bd82f,5088,1,0,barchart-first-15-double-shortest-0,right,shortest,double,single,2026-04-11 19:08:11.2210000
5851,5df961cb53e8466f17606ae1,1040,1,3,barchart-first-48-same-tallest-3,right,tallest,same,single,2026-04-11 19:08:15.9130000
5852,5df961cb53e8466f17606ae1,993,1,4,barchart-first-67-double-tallest-4,right,tallest,double,single,2026-04-11 19:08:17.4800000
5853,631c8e97db06f601f81bd82f,1849,1,1,barchart-first-38-same-shortest-1,left,shortest,same,single,2026-04-11 19:08:13.6450000
5854,640542a41c8bf2690ddcf271,2839,1,9,barchart-first-19-double-shortest-9,left,shortest,double,single,2026-04-11 19:08:18.3610000
5855,66c3366a3b5834b89124e85a,2569,1,55,barchart-second-24-same-shortest-7,left,shortest,same,single,2026-04-11 19:08:18.9180000
5856,5df961cb53e8466f17606ae1,992,1,5,barchart-first-27-double-tallest-5,left,tallest,double,single,2026-04-11 19:08:19.0450000
5857,631c8e97db06f601f81bd82f,1245,1,2,barchart-first-86-random-shortest-2,right,shortest,random,single,2026-04-11 19:08:15.4600000
5858,66c3366a3b5834b89124e85a,1747,1,56,barchart-second-59-double-shortest-8,left,shortest,double,single,2026-04-11 19:08:21.2700000
5859,640542a41c8bf2690ddcf271,1804,1,10,barchart-first-48-random-shortest-10,right,shortest,random,single,2026-04-11 19:08:20.7990000
5860,5df961cb53e8466f17606ae1,1041,1,6,barchart-first-05-same-tallest-6,right,tallest,same,single,2026-04-11 19:08:20.6560000
5861,631c8e97db06f601f81bd82f,1476,0,3,barchart-first-45-random-shortest-3,right,shortest,random,single,2026-04-11 19:08:17.5030000
5862,5df961cb53e8466f17606ae1,692,1,7,barchart-first-78-double-tallest-7,left,tallest,double,single,2026-04-11 19:08:21.9160000
5863,640542a41c8bf2690ddcf271,1343,1,11,barchart-first-08-random-shortest-11,left,shortest,random,single,2026-04-11 19:08:22.8000000
5864,66c3366a3b5834b89124e85a,1634,1,57,barchart-second-74-same-shortest-9,left,shortest,same,single,2026-04-11 19:08:23.5100000
5865,5df961cb53e8466f17606ae1,1481,1,8,barchart-first-21-double-tallest-8,right,tallest,double,single,2026-04-11 19:08:23.9030000
5866,631c8e97db06f601f81bd82f,1094,1,4,barchart-first-39-same-shortest-4,right,shortest,same,single,2026-04-11 19:08:20.1820000
5867,66c3366a3b5834b89124e85a,1478,1,58,barchart-second-45-same-shortest-10,left,shortest,same,single,2026-04-11 19:08:25.6080000
5868,640542a41c8bf2690ddcf271,2067,1,12,barchart-first-28-same-shortest-12,right,shortest,same,single,2026-04-11 19:08:25.4430000
5869,5df961cb53e8466f17606ae1,711,1,9,barchart-first-37-random-tallest-9,left,tallest,random,single,2026-04-11 19:08:25.1860000
5870,631c8e97db06f601f81bd82f,1494,1,5,barchart-first-85-double-shortest-5,left,shortest,double,single,2026-04-11 19:08:22.2520000
5871,5df961cb53e8466f17606ae1,1356,1,10,barchart-first-30-double-tallest-10,left,tallest,double,single,2026-04-11 19:08:27.1110000
5872,66c3366a3b5834b89124e85a,2297,1,59,barchart-second-16-same-shortest-11,right,shortest,same,single,2026-04-11 19:08:28.5820000
5873,631c8e97db06f601f81bd82f,1089,1,6,barchart-first-49-same-shortest-6,right,shortest,same,single,2026-04-11 19:08:23.9150000
5874,640542a41c8bf2690ddcf271,2022,1,13,barchart-first-83-random-shortest-13,left,shortest,random,single,2026-04-11 19:08:28.7380000
5875,5df961cb53e8466f17606ae1,1264,1,11,barchart-first-23-same-tallest-11,left,tallest,same,single,2026-04-11 19:08:28.9560000
5876,631c8e97db06f601f81bd82f,1225,0,7,barchart-first-70-double-shortest-7,left,shortest,double,single,2026-04-11 19:08:25.7010000
5877,66c3366a3b5834b89124e85a,2036,1,60,barchart-second-26-double-shortest-12,left,shortest,double,single,2026-04-11 19:08:31.2860000
5878,5df961cb53e8466f17606ae1,1403,1,12,barchart-first-39-double-tallest-12,right,tallest,double,single,2026-04-11 19:08:30.9280000
5879,640542a41c8bf2690ddcf271,3069,1,14,barchart-first-76-same-shortest-14,left,shortest,same,single,2026-04-11 19:08:32.4030000
5880,5df961cb53e8466f17606ae1,1128,1,13,barchart-first-82-random-tallest-13,left,tallest,random,single,2026-04-11 19:08:32.6240000
5881,66c3366a3b5834b89124e85a,2054,1,61,barchart-second-57-same-shortest-13,right,shortest,same,single,2026-04-11 19:08:33.9740000
5882,631c8e97db06f601f81bd82f,2322,1,8,barchart-first-21-same-shortest-8,right,shortest,same,single,2026-04-11 19:08:29.6100000
5883,5df961cb53e8466f17606ae1,1783,1,14,barchart-first-24-random-tallest-14,left,tallest,random,single,2026-04-11 19:08:34.9890000
5884,640542a41c8bf2690ddcf271,2316,1,15,barchart-first-53-double-shortest-15,right,shortest,double,single,2026-04-11 19:08:35.3420000
5885,66c3366a3b5834b89124e85a,1527,1,62,barchart-second-37-random-shortest-14,left,shortest,random,single,2026-04-11 19:08:36.1020000
5886,631c8e97db06f601f81bd82f,2067,1,9,barchart-first-25-same-shortest-9,left,shortest,same,single,2026-04-11 19:08:32.2430000
5887,5df961cb53e8466f17606ae1,1044,1,15,barchart-first-56-double-tallest-15,left,tallest,double,single,2026-04-11 19:08:36.6030000
5888,640542a41c8bf2690ddcf271,2494,1,16,barchart-first-81-same-shortest-16,left,shortest,same,single,2026-04-11 19:08:38.4860000
5889,5df961cb53e8466f17606ae1,1156,1,16,barchart-first-49-random-tallest-16,left,tallest,random,single,2026-04-11 19:08:38.3310000
5890,631c8e97db06f601f81bd82f,1709,1,10,barchart-first-61-same-shortest-10,left,shortest,same,single,2026-04-11 19:08:34.5300000
5891,66c3366a3b5834b89124e85a,3792,1,63,barchart-second-23-random-shortest-15,right,shortest,random,single,2026-04-11 19:08:40.5180000
5892,5df961cb53e8466f17606ae1,1071,1,17,barchart-first-88-double-tallest-17,right,tallest,double,single,2026-04-11 19:08:39.9770000
5893,631c8e97db06f601f81bd82f,1914,1,11,barchart-first-81-same-shortest-11,left,shortest,same,single,2026-04-11 19:08:37.0120000
5894,5df961cb53e8466f17606ae1,968,1,18,barchart-first-58-double-tallest-18,right,tallest,double,single,2026-04-11 19:08:41.5230000
5895,640542a41c8bf2690ddcf271,2714,1,17,barchart-first-59-same-shortest-17,left,shortest,same,single,2026-04-11 19:08:42.3980000
5896,631c8e97db06f601f81bd82f,1352,1,12,barchart-first-65-double-shortest-12,right,shortest,double,single,2026-04-11 19:08:38.9390000
5897,66c3366a3b5834b89124e85a,2927,1,64,barchart-second-49-same-shortest-16,right,shortest,same,single,2026-04-11 19:08:44.0690000
5898,5df961cb53e8466f17606ae1,1138,1,19,barchart-first-43-same-tallest-19,right,tallest,same,single,2026-04-11 19:08:43.2350000
5899,640542a41c8bf2690ddcf271,1727,1,18,barchart-first-49-same-shortest-18,right,shortest,same,single,2026-04-11 19:08:44.7880000
5900,5df961cb53e8466f17606ae1,909,1,20,barchart-first-91-random-tallest-20,left,tallest,random,single,2026-04-11 19:08:44.7720000
5901,631c8e97db06f601f81bd82f,1070,0,13,barchart-first-13-double-shortest-13,right,shortest,double,single,2026-04-11 19:08:40.5780000
5902,66c3366a3b5834b89124e85a,2637,1,65,barchart-second-36-random-shortest-17,left,shortest,random,single,2026-04-11 19:08:47.3480000
5903,5df961cb53e8466f17606ae1,1565,1,21,barchart-first-10-double-tallest-21,right,tallest,double,single,2026-04-11 19:08:46.9090000
5904,640542a41c8bf2690ddcf271,2088,1,19,barchart-first-77-random-shortest-19,left,shortest,random,single,2026-04-11 19:08:47.5120000
5905,66c3366a3b5834b89124e85a,1314,1,66,barchart-second-64-random-shortest-18,left,shortest,random,single,2026-04-11 19:08:49.3020000
5906,5df961cb53e8466f17606ae1,1107,1,22,barchart-first-79-same-tallest-22,right,tallest,same,single,2026-04-11 19:08:48.5930000
5907,5df961cb53e8466f17606ae1,1367,1,23,barchart-first-77-double-tallest-23,left,tallest,double,single,2026-04-11 19:08:50.5330000
5908,640542a41c8bf2690ddcf271,3802,1,20,barchart-first-21-double-shortest-20,right,shortest,double,single,2026-04-11 19:08:51.8190000
5909,66c3366a3b5834b89124e85a,2713,1,67,barchart-second-84-double-shortest-19,right,shortest,double,single,2026-04-11 19:08:52.6460000
5910,66c3366a3b5834b89124e85a,1399,1,68,barchart-second-31-same-shortest-20,right,shortest,same,single,2026-04-11 19:08:54.7100000
5911,640542a41c8bf2690ddcf271,2559,1,21,barchart-first-88-double-shortest-21,left,shortest,double,single,2026-04-11 19:08:55.0520000
5912,5df961cb53e8466f17606ae1,1858,1,24,barchart-first-25-same-tallest-24,right,tallest,same,single,2026-04-11 19:08:56.2470000
5913,640542a41c8bf2690ddcf271,1881,1,22,barchart-first-23-same-shortest-22,right,shortest,same,single,2026-04-11 19:08:57.6380000
5914,5df961cb53e8466f17606ae1,1433,1,25,barchart-first-65-random-tallest-25,right,tallest,random,single,2026-04-11 19:08:58.2570000
5915,66c3366a3b5834b89124e85a,4917,1,69,barchart-second-65-same-shortest-21,right,shortest,same,single,2026-04-11 19:09:00.2780000
5916,5df961cb53e8466f17606ae1,836,1,26,barchart-first-34-same-tallest-26,left,tallest,same,single,2026-04-11 19:08:59.5970000
5917,640542a41c8bf2690ddcf271,1760,1,23,barchart-first-05-double-shortest-23,right,shortest,double,single,2026-04-11 19:09:00.0800000
5918,5df961cb53e8466f17606ae1,1072,1,27,barchart-first-31-random-tallest-27,left,tallest,random,single,2026-04-11 19:09:01.2380000
5919,66c3366a3b5834b89124e85a,2525,1,70,barchart-second-67-double-shortest-22,left,shortest,double,single,2026-04-11 19:09:03.4170000
5920,5df961cb53e8466f17606ae1,960,1,28,barchart-first-46-same-tallest-28,right,tallest,same,single,2026-04-11 19:09:02.7690000
5921,5df961cb53e8466f17606ae1,896,1,29,barchart-first-54-random-tallest-29,right,tallest,random,single,2026-04-11 19:09:04.2430000
5922,5df961cb53e8466f17606ae1,1154,1,30,barchart-first-89-same-tallest-30,left,tallest,same,single,2026-04-11 19:09:05.9770000
5923,66c3366a3b5834b89124e85a,2758,1,71,barchart-second-79-random-shortest-23,right,shortest,random,single,2026-04-11 19:09:06.8220000
5924,5df961cb53e8466f17606ae1,877,1,31,barchart-first-63-double-tallest-31,left,tallest,double,single,2026-04-11 19:09:07.4250000
5925,640542a41c8bf2690ddcf271,1959,1,24,barchart-first-78-double-shortest-24,right,shortest,double,single,2026-04-11 19:09:09.4030000
5926,5df961cb53e8466f17606ae1,1128,1,32,barchart-first-51-same-tallest-32,left,tallest,same,single,2026-04-11 19:09:09.1260000
5927,66c3366a3b5834b89124e85a,1936,1,72,barchart-second-09-double-shortest-24,left,shortest,double,single,2026-04-11 19:09:11.4290000
5928,5df961cb53e8466f17606ae1,971,1,33,barchart-first-42-double-tallest-33,right,tallest,double,single,2026-04-11 19:09:10.6680000
5929,5df961cb53e8466f17606ae1,841,1,34,barchart-first-12-same-tallest-34,left,tallest,same,single,2026-04-11 19:09:12.0800000
5930,640542a41c8bf2690ddcf271,2547,1,25,barchart-first-54-random-shortest-25,left,shortest,random,single,2026-04-11 19:09:12.5440000
5931,5df961cb53e8466f17606ae1,1150,1,35,barchart-first-19-double-tallest-35,left,tallest,double,single,2026-04-11 19:09:13.8030000
5932,5df961cb53e8466f17606ae1,1144,1,36,barchart-first-93-same-tallest-36,left,tallest,same,single,2026-04-11 19:09:15.5250000
5933,640542a41c8bf2690ddcf271,2802,1,26,barchart-first-95-random-shortest-26,left,shortest,random,single,2026-04-11 19:09:15.9820000
5934,5df961cb53e8466f17606ae1,782,1,37,barchart-first-60-double-tallest-37,right,tallest,double,single,2026-04-11 19:09:16.8780000
5935,66c3366a3b5834b89124e85a,6500,0,73,barchart-second-07-same-shortest-25,right,shortest,same,single,2026-04-11 19:09:18.5510000
5936,640542a41c8bf2690ddcf271,1631,1,27,barchart-first-94-double-shortest-27,right,shortest,double,single,2026-04-11 19:09:18.2890000
5937,5df961cb53e8466f17606ae1,771,1,38,barchart-first-75-random-tallest-38,left,tallest,random,single,2026-04-11 19:09:18.2230000
5938,5df961cb53e8466f17606ae1,1076,1,39,barchart-first-07-same-tallest-39,left,tallest,same,single,2026-04-11 19:09:19.8730000
5939,640542a41c8bf2690ddcf271,1601,1,28,barchart-first-71-double-shortest-28,left,shortest,double,single,2026-04-11 19:09:21.0140000
5940,5df961cb53e8466f17606ae1,985,1,40,barchart-first-84-random-tallest-40,right,tallest,random,single,2026-04-11 19:09:21.4360000
5941,66c3366a3b5834b89124e85a,3049,1,74,barchart-second-50-random-shortest-26,right,shortest,random,single,2026-04-11 19:09:23.2200000
5942,5df961cb53e8466f17606ae1,936,1,41,barchart-first-73-random-tallest-41,right,tallest,random,single,2026-04-11 19:09:22.9490000
5943,640542a41c8bf2690ddcf271,1574,1,29,barchart-first-03-double-shortest-29,left,shortest,double,single,2026-04-11 19:09:23.2360000
5944,5df961cb53e8466f17606ae1,950,1,42,barchart-first-59-random-tallest-42,left,tallest,random,single,2026-04-11 19:09:24.4700000
5945,66c3366a3b5834b89124e85a,1635,1,75,barchart-second-21-same-shortest-27,right,shortest,same,single,2026-04-11 19:09:25.4620000
5946,640542a41c8bf2690ddcf271,2275,1,30,barchart-first-58-random-shortest-30,left,shortest,random,single,2026-04-11 19:09:26.1070000
5947,5df961cb53e8466f17606ae1,1205,1,43,barchart-first-11-double-tallest-43,left,tallest,double,single,2026-04-11 19:09:26.2530000
5948,640542a41c8bf2690ddcf271,1373,1,31,barchart-first-72-random-shortest-31,right,shortest,random,single,2026-04-11 19:09:28.0540000
5949,66c3366a3b5834b89124e85a,2679,1,76,barchart-second-51-double-shortest-28,right,shortest,double,single,2026-04-11 19:09:28.7600000
5950,5df961cb53e8466f17606ae1,1530,1,44,barchart-first-41-same-tallest-44,right,tallest,same,single,2026-04-11 19:09:28.3550000
5951,5df961cb53e8466f17606ae1,984,1,45,barchart-first-94-random-tallest-45,right,tallest,random,single,2026-04-11 19:09:29.9100000
5952,640542a41c8bf2690ddcf271,2516,1,32,barchart-first-09-double-shortest-32,left,shortest,double,single,2026-04-11 19:09:31.2590000
5953,66c3366a3b5834b89124e85a,2725,1,77,barchart-second-62-random-shortest-29,right,shortest,random,single,2026-04-11 19:09:32.0840000
5954,5df961cb53e8466f17606ae1,1246,1,46,barchart-first-90-random-tallest-46,right,tallest,random,single,2026-04-11 19:09:31.7330000
5955,66c3366a3b5834b89124e85a,1388,1,78,barchart-second-25-random-shortest-30,left,shortest,random,single,2026-04-11 19:09:34.0370000
5956,5df961cb53e8466f17606ae1,1013,1,47,barchart-first-00-same-tallest-47,left,tallest,same,single,2026-04-11 19:09:33.3200000
5957,640542a41c8bf2690ddcf271,2664,1,33,barchart-first-69-double-shortest-33,right,shortest,double,single,2026-04-11 19:09:34.6790000
5958,66c3366a3b5834b89124e85a,1244,1,79,barchart-second-39-double-shortest-31,right,shortest,double,single,2026-04-11 19:09:35.8470000
5959,640542a41c8bf2690ddcf271,1763,1,34,barchart-first-87-same-shortest-34,left,shortest,same,single,2026-04-11 19:09:37.1440000
5960,66c3366a3b5834b89124e85a,1634,1,80,barchart-second-80-random-shortest-32,left,shortest,random,single,2026-04-11 19:09:38.1660000
5961,640542a41c8bf2690ddcf271,2050,1,35,barchart-first-85-double-shortest-35,left,shortest,double,single,2026-04-11 19:09:39.8000000
5962,66c3366a3b5834b89124e85a,1596,1,81,barchart-second-87-same-shortest-33,left,shortest,same,single,2026-04-11 19:09:40.3750000
5963,640542a41c8bf2690ddcf271,1561,1,36,barchart-first-82-random-shortest-36,right,shortest,random,single,2026-04-11 19:09:41.9720000
5964,66c3366a3b5834b89124e85a,2737,1,82,barchart-second-95-random-shortest-34,left,shortest,random,single,2026-04-11 19:09:43.7680000
5965,640542a41c8bf2690ddcf271,1635,1,37,barchart-first-65-same-shortest-37,right,shortest,same,single,2026-04-11 19:09:44.1980000
5966,66c3366a3b5834b89124e85a,1757,1,83,barchart-second-47-same-shortest-35,left,shortest,same,single,2026-04-11 19:09:46.1670000
5967,640542a41c8bf2690ddcf271,1660,1,38,barchart-first-17-same-shortest-38,right,shortest,same,single,2026-04-11 19:09:46.4770000
5968,66c3366a3b5834b89124e85a,1706,1,84,barchart-second-72-random-shortest-36,right,shortest,random,single,2026-04-11 19:09:48.4700000
5969,640542a41c8bf2690ddcf271,2541,1,39,barchart-first-43-random-shortest-39,left,shortest,random,single,2026-04-11 19:09:49.5980000
5970,66c3366a3b5834b89124e85a,1847,1,85,barchart-second-14-double-shortest-37,right,shortest,double,single,2026-04-11 19:09:50.9670000
5971,640542a41c8bf2690ddcf271,2039,1,40,barchart-first-18-random-shortest-40,right,shortest,random,single,2026-04-11 19:09:52.2740000
5972,66c3366a3b5834b89124e85a,1621,1,86,barchart-second-48-double-shortest-38,right,shortest,double,single,2026-04-11 19:09:53.2070000
5973,640542a41c8bf2690ddcf271,1615,1,41,barchart-first-20-same-shortest-41,left,shortest,same,single,2026-04-11 19:09:54.4000000
5974,66c3366a3b5834b89124e85a,1916,1,87,barchart-second-52-random-shortest-39,right,shortest,random,single,2026-04-11 19:09:55.7490000
5975,640542a41c8bf2690ddcf271,2105,1,42,barchart-first-13-random-shortest-42,left,shortest,random,single,2026-04-11 19:09:57.1650000
5976,66c3366a3b5834b89124e85a,2364,1,88,barchart-second-54-random-shortest-40,left,shortest,random,single,2026-04-11 19:09:58.7570000
5977,640542a41c8bf2690ddcf271,1875,1,43,barchart-first-06-same-shortest-43,right,shortest,same,single,2026-04-11 19:09:59.7020000
5978,66c3366a3b5834b89124e85a,1926,1,89,barchart-second-28-same-shortest-41,right,shortest,same,single,2026-04-11 19:10:01.2880000
5979,640542a41c8bf2690ddcf271,2306,1,44,barchart-first-70-same-shortest-44,right,shortest,same,single,2026-04-11 19:10:02.6760000
5980,66c3366a3b5834b89124e85a,2036,1,90,barchart-second-30-double-shortest-42,right,shortest,double,single,2026-04-11 19:10:03.9580000
5981,640542a41c8bf2690ddcf271,3246,1,45,barchart-first-27-same-shortest-45,left,shortest,same,single,2026-04-11 19:10:06.4980000
5982,66c3366a3b5834b89124e85a,3468,1,91,barchart-second-53-double-shortest-43,right,shortest,double,single,2026-04-11 19:10:08.0540000
5983,640542a41c8bf2690ddcf271,2384,1,46,barchart-first-14-same-shortest-46,right,shortest,same,single,2026-04-11 19:10:09.4450000
5984,66c3366a3b5834b89124e85a,1774,1,92,barchart-second-12-double-shortest-44,left,shortest,double,single,2026-04-11 19:10:10.4560000
5985,640542a41c8bf2690ddcf271,1698,1,47,barchart-first-44-same-shortest-47,left,shortest,same,single,2026-04-11 19:10:11.9030000
5986,66c3366a3b5834b89124e85a,2007,1,93,barchart-second-55-double-shortest-45,left,shortest,double,single,2026-04-11 19:10:13.1440000
5987,66c3366a3b5834b89124e85a,1793,1,94,barchart-second-11-same-shortest-46,right,shortest,same,single,2026-04-11 19:10:15.5880000
5988,66c3366a3b5834b89124e85a,2092,1,95,barchart-second-33-random-shortest-47,right,shortest,random,single,2026-04-11 19:10:18.2450000
5989,5df961cb53e8466f17606ae1,1415,1,48,barchart-second-17-same-shortest-0,right,shortest,same,single,2026-04-11 19:10:31.5860000
5990,5df961cb53e8466f17606ae1,869,1,49,barchart-second-68-random-shortest-1,right,shortest,random,single,2026-04-11 19:10:33.0270000
5991,5df961cb53e8466f17606ae1,1424,1,50,barchart-second-80-same-shortest-2,left,shortest,same,single,2026-04-11 19:10:35.0300000
5992,5df961cb53e8466f17606ae1,1002,1,51,barchart-second-18-double-shortest-3,right,shortest,double,single,2026-04-11 19:10:36.6080000
5993,5df961cb53e8466f17606ae1,1122,1,52,barchart-second-13-same-shortest-4,left,shortest,same,single,2026-04-11 19:10:38.3060000
5994,5df961cb53e8466f17606ae1,1622,1,53,barchart-second-20-random-shortest-5,left,shortest,random,single,2026-04-11 19:10:40.5050000
5995,5df961cb53e8466f17606ae1,1174,1,54,barchart-second-08-random-shortest-6,left,shortest,random,single,2026-04-11 19:10:42.2470000
5996,5df961cb53e8466f17606ae1,1076,1,55,barchart-second-70-random-shortest-7,right,shortest,random,single,2026-04-11 19:10:43.9030000
5997,5df961cb53e8466f17606ae1,1263,1,56,barchart-second-71-double-shortest-8,left,shortest,double,single,2026-04-11 19:10:45.7430000
5998,5df961cb53e8466f17606ae1,1345,1,57,barchart-second-62-random-shortest-9,right,shortest,random,single,2026-04-11 19:10:47.6620000
5999,5df961cb53e8466f17606ae1,932,1,58,barchart-second-53-double-shortest-10,right,shortest,double,single,2026-04-11 19:10:49.1710000
6000,5df961cb53e8466f17606ae1,1341,1,59,barchart-second-35-same-shortest-11,left,shortest,same,single,2026-04-11 19:10:51.0900000
6001,5df961cb53e8466f17606ae1,1787,1,60,barchart-second-28-random-shortest-12,right,shortest,random,single,2026-04-11 19:10:53.4490000
6002,640542a41c8bf2690ddcf271,3339,1,48,barchart-second-84-double-tallest-0,right,tallest,double,single,2026-04-11 19:10:55.2300000
6003,5df961cb53e8466f17606ae1,1185,1,61,barchart-second-55-double-shortest-13,left,shortest,double,single,2026-04-11 19:10:55.2090000
6004,67644050f9258796cab737f2,3562,1,0,barchart-first-59-same-tallest-0,left,tallest,same,single,2026-04-11 19:10:55.3790000
6005,640542a41c8bf2690ddcf271,888,1,49,barchart-second-90-same-tallest-1,right,tallest,same,single,2026-04-11 19:10:56.7310000
6006,5df961cb53e8466f17606ae1,1250,1,62,barchart-second-04-double-shortest-14,left,shortest,double,single,2026-04-11 19:10:57.0300000
6007,67644050f9258796cab737f2,1225,1,1,barchart-first-87-double-tallest-1,right,tallest,double,single,2026-04-11 19:10:57.1710000
6008,640542a41c8bf2690ddcf271,770,1,50,barchart-second-24-same-tallest-2,left,tallest,same,single,2026-04-11 19:10:58.1250000
6009,5df961cb53e8466f17606ae1,1161,1,63,barchart-second-03-double-shortest-15,left,shortest,double,single,2026-04-11 19:10:58.7630000
6010,67644050f9258796cab737f2,1386,1,2,barchart-first-37-same-tallest-2,left,tallest,same,single,2026-04-11 19:10:59.1310000
6011,640542a41c8bf2690ddcf271,823,1,51,barchart-second-02-double-tallest-3,right,tallest,double,single,2026-04-11 19:10:59.5190000
6012,5df961cb53e8466f17606ae1,1404,1,64,barchart-second-61-random-shortest-16,left,shortest,random,single,2026-04-11 19:11:00.7500000
6013,640542a41c8bf2690ddcf271,1218,1,52,barchart-second-42-same-tallest-4,right,tallest,same,single,2026-04-11 19:11:01.3840000
6014,67644050f9258796cab737f2,1482,1,3,barchart-first-20-random-tallest-3,right,tallest,random,single,2026-04-11 19:11:01.1870000
6015,5df961cb53e8466f17606ae1,1682,1,65,barchart-second-06-random-shortest-17,right,shortest,random,single,2026-04-11 19:11:03.0040000
6016,67644050f9258796cab737f2,1362,1,4,barchart-first-11-random-tallest-4,left,tallest,random,single,2026-04-11 19:11:03.1150000
6017,640542a41c8bf2690ddcf271,1283,1,53,barchart-second-22-same-tallest-5,left,tallest,same,single,2026-04-11 19:11:03.7060000
6018,640542a41c8bf2690ddcf271,889,1,54,barchart-second-66-double-tallest-6,right,tallest,double,single,2026-04-11 19:11:05.3790000
6019,5df961cb53e8466f17606ae1,1828,1,66,barchart-second-47-same-shortest-18,left,shortest,same,single,2026-04-11 19:11:05.4030000
6020,67644050f9258796cab737f2,2172,1,5,barchart-first-46-random-tallest-5,right,tallest,random,single,2026-04-11 19:11:05.8590000
6021,640542a41c8bf2690ddcf271,882,1,55,barchart-second-91-random-tallest-7,left,tallest,random,single,2026-04-11 19:11:06.8890000
6022,5df961cb53e8466f17606ae1,1627,1,67,barchart-second-74-random-shortest-19,left,shortest,random,single,2026-04-11 19:11:07.6080000
6023,67644050f9258796cab737f2,1433,1,6,barchart-first-51-same-tallest-6,left,tallest,same,single,2026-04-11 19:11:07.8590000
6024,640542a41c8bf2690ddcf271,1520,1,56,barchart-second-01-double-tallest-8,left,tallest,double,single,2026-04-11 19:11:09.0770000
6025,5df961cb53e8466f17606ae1,1305,1,68,barchart-second-52-same-shortest-20,right,shortest,same,single,2026-04-11 19:11:09.4920000
6026,67644050f9258796cab737f2,1143,1,7,barchart-first-58-same-tallest-7,right,tallest,same,single,2026-04-11 19:11:09.5620000
6027,640542a41c8bf2690ddcf271,1323,1,57,barchart-second-55-double-tallest-9,left,tallest,double,single,2026-04-11 19:11:11.1310000
6028,67644050f9258796cab737f2,1404,1,8,barchart-first-75-double-tallest-8,left,tallest,double,single,2026-04-11 19:11:11.5390000
6029,5df961cb53e8466f17606ae1,1927,1,69,barchart-second-81-double-shortest-21,left,shortest,double,single,2026-04-11 19:11:11.9900000
6030,640542a41c8bf2690ddcf271,1233,1,58,barchart-second-38-same-tallest-10,right,tallest,same,single,2026-04-11 19:11:12.9410000
6031,67644050f9258796cab737f2,1301,1,9,barchart-first-05-same-tallest-9,right,tallest,same,single,2026-04-11 19:11:13.4100000
6032,5df961cb53e8466f17606ae1,1506,1,70,barchart-second-87-same-shortest-22,left,shortest,same,single,2026-04-11 19:11:14.0670000
6033,640542a41c8bf2690ddcf271,892,1,59,barchart-second-33-double-tallest-11,left,tallest,double,single,2026-04-11 19:11:14.4850000
6034,67644050f9258796cab737f2,1395,1,10,barchart-first-68-same-tallest-10,right,tallest,same,single,2026-04-11 19:11:15.3710000
6035,5df961cb53e8466f17606ae1,1171,1,71,barchart-second-32-double-shortest-23,right,shortest,double,single,2026-04-11 19:11:15.8080000
6036,640542a41c8bf2690ddcf271,1243,1,60,barchart-second-60-random-tallest-12,right,tallest,random,single,2026-04-11 19:11:16.7880000
6037,67644050f9258796cab737f2,1213,1,11,barchart-first-29-double-tallest-11,left,tallest,double,single,2026-04-11 19:11:17.1550000
6038,640542a41c8bf2690ddcf271,1472,1,61,barchart-second-45-random-tallest-13,left,tallest,random,single,2026-04-11 19:11:18.8590000
6039,67644050f9258796cab737f2,1267,1,12,barchart-first-25-double-tallest-12,right,tallest,double,single,2026-04-11 19:11:18.9870000
6040,640542a41c8bf2690ddcf271,924,1,62,barchart-second-47-double-tallest-14,right,tallest,double,single,2026-04-11 19:11:20.4460000
6041,67644050f9258796cab737f2,1108,1,13,barchart-first-16-double-tallest-13,right,tallest,double,single,2026-04-11 19:11:20.6670000
6042,640542a41c8bf2690ddcf271,931,1,63,barchart-second-73-random-tallest-15,right,tallest,random,single,2026-04-11 19:11:21.9890000
6043,67644050f9258796cab737f2,1197,1,14,barchart-first-33-random-tallest-14,left,tallest,random,single,2026-04-11 19:11:22.4270000
6044,640542a41c8bf2690ddcf271,1385,1,64,barchart-second-15-random-tallest-16,right,tallest,random,single,2026-04-11 19:11:24.0930000
6045,67644050f9258796cab737f2,1131,1,15,barchart-first-90-same-tallest-15,right,tallest,same,single,2026-04-11 19:11:24.1310000
6046,640542a41c8bf2690ddcf271,1002,1,65,barchart-second-92-double-tallest-17,right,tallest,double,single,2026-04-11 19:11:25.7470000
6047,67644050f9258796cab737f2,1643,1,16,barchart-first-70-random-tallest-16,left,tallest,random,single,2026-04-11 19:11:26.3380000
6048,67644050f9258796cab737f2,1060,1,17,barchart-first-36-random-tallest-17,left,tallest,random,single,2026-04-11 19:11:27.9710000
6049,640542a41c8bf2690ddcf271,2253,1,66,barchart-second-30-random-tallest-18,left,tallest,random,single,2026-04-11 19:11:28.6410000
6050,67644050f9258796cab737f2,1545,1,18,barchart-first-53-double-tallest-18,left,tallest,double,single,2026-04-11 19:11:30.0830000
6051,640542a41c8bf2690ddcf271,1075,1,67,barchart-second-11-double-tallest-19,left,tallest,double,single,2026-04-11 19:11:30.3550000
6052,67644050f9258796cab737f2,928,1,19,barchart-first-86-same-tallest-19,left,tallest,same,single,2026-04-11 19:11:31.5700000
6053,640542a41c8bf2690ddcf271,1078,1,68,barchart-second-26-random-tallest-20,right,tallest,random,single,2026-04-11 19:11:32.0090000
6054,67644050f9258796cab737f2,1178,1,20,barchart-first-34-random-tallest-20,left,tallest,random,single,2026-04-11 19:11:33.3070000
6055,640542a41c8bf2690ddcf271,1251,1,69,barchart-second-93-same-tallest-21,left,tallest,same,single,2026-04-11 19:11:33.8830000
6056,67644050f9258796cab737f2,1110,1,21,barchart-first-15-double-tallest-21,right,tallest,double,single,2026-04-11 19:11:34.9780000
6057,6980ff10f40903e69dd2e00a,1456,1,0,barchart-first-17-same-shortest-0,right,shortest,same,single,2026-04-11 19:11:35.2310000
6058,640542a41c8bf2690ddcf271,1200,1,70,barchart-second-57-same-tallest-22,left,tallest,same,single,2026-04-11 19:11:35.6780000
6059,6980ff10f40903e69dd2e00a,760,1,1,barchart-first-26-same-shortest-1,left,shortest,same,single,2026-04-11 19:11:36.7630000
6060,67644050f9258796cab737f2,1314,1,22,barchart-first-39-random-tallest-22,right,tallest,random,single,2026-04-11 19:11:36.8590000
6061,640542a41c8bf2690ddcf271,2009,1,71,barchart-second-67-double-tallest-23,right,tallest,double,single,2026-04-11 19:11:38.3310000
6062,6980ff10f40903e69dd2e00a,961,1,2,barchart-first-12-random-shortest-2,left,shortest,random,single,2026-04-11 19:11:38.2860000
6063,67644050f9258796cab737f2,1461,1,23,barchart-first-08-same-tallest-23,left,tallest,same,single,2026-04-11 19:11:38.8830000
6064,5df961cb53e8466f17606ae1,1915,1,72,barchart-second-45-same-shortest-24,left,shortest,same,single,2026-04-11 19:11:39.1520000
6065,6980ff10f40903e69dd2e00a,901,1,3,barchart-first-11-same-shortest-3,right,shortest,same,single,2026-04-11 19:11:39.7520000
6066,5df961cb53e8466f17606ae1,1142,1,73,barchart-second-26-double-shortest-25,left,shortest,double,single,2026-04-11 19:11:40.8630000
6067,6980ff10f40903e69dd2e00a,905,1,4,barchart-first-91-random-shortest-4,right,shortest,random,single,2026-04-11 19:11:41.2230000
6068,5df961cb53e8466f17606ae1,1294,1,74,barchart-second-64-random-shortest-26,left,shortest,random,single,2026-04-11 19:11:42.7340000
6069,6980ff10f40903e69dd2e00a,1304,1,5,barchart-first-61-random-shortest-5,left,shortest,random,single,2026-04-11 19:11:43.1270000
6070,5df961cb53e8466f17606ae1,1518,1,75,barchart-second-14-random-shortest-27,right,shortest,random,single,2026-04-11 19:11:44.8430000
6071,6980ff10f40903e69dd2e00a,1232,1,6,barchart-first-24-double-shortest-6,left,shortest,double,single,2026-04-11 19:11:44.9230000
6072,640542a41c8bf2690ddcf271,2789,1,72,barchart-second-64-same-tallest-24,left,tallest,same,single,2026-04-11 19:11:45.7120000
6073,67644050f9258796cab737f2,2055,1,24,barchart-first-45-random-tallest-24,left,tallest,random,single,2026-04-11 19:11:45.6430000
6074,6980ff10f40903e69dd2e00a,728,1,7,barchart-first-20-same-shortest-7,left,shortest,same,single,2026-04-11 19:11:46.1550000
6075,5df961cb53e8466f17606ae1,1196,1,76,barchart-second-83-double-shortest-28,left,shortest,double,single,2026-04-11 19:11:46.6100000
6076,640542a41c8bf2690ddcf271,1138,1,73,barchart-second-56-double-tallest-25,left,tallest,double,single,2026-04-11 19:11:47.4950000
6077,67644050f9258796cab737f2,1174,1,25,barchart-first-80-random-tallest-25,left,tallest,random,single,2026-04-11 19:11:47.3790000
6078,6980ff10f40903e69dd2e00a,689,1,8,barchart-first-37-same-shortest-8,left,shortest,same,single,2026-04-11 19:11:47.4050000
6079,5df961cb53e8466f17606ae1,1278,1,77,barchart-second-85-random-shortest-29,left,shortest,random,single,2026-04-11 19:11:48.4660000
6080,640542a41c8bf2690ddcf271,956,1,74,barchart-second-36-same-tallest-26,left,tallest,same,single,2026-04-11 19:11:49.0430000
6081,6980ff10f40903e69dd2e00a,720,1,9,barchart-first-73-double-shortest-9,left,shortest,double,single,2026-04-11 19:11:48.8340000
6082,6980ff10f40903e69dd2e00a,820,1,10,barchart-first-78-double-shortest-10,right,shortest,double,single,2026-04-11 19:11:50.2130000
6083,67644050f9258796cab737f2,2312,1,26,barchart-first-22-same-tallest-26,left,tallest,same,single,2026-04-11 19:11:50.2590000
6084,640542a41c8bf2690ddcf271,909,1,75,barchart-second-25-random-tallest-27,right,tallest,random,single,2026-04-11 19:11:50.5590000
6085,5df961cb53e8466f17606ae1,1330,1,78,barchart-second-76-random-shortest-30,left,shortest,random,single,2026-04-11 19:11:50.3680000
6086,640542a41c8bf2690ddcf271,762,1,76,barchart-second-75-random-tallest-28,left,tallest,random,single,2026-04-11 19:11:51.9290000
6087,5df961cb53e8466f17606ae1,1131,1,79,barchart-second-86-double-shortest-31,right,shortest,double,single,2026-04-11 19:11:52.1360000
6088,6980ff10f40903e69dd2e00a,1075,1,11,barchart-first-76-same-shortest-11,left,shortest,same,single,2026-04-11 19:11:52.0960000
6089,67644050f9258796cab737f2,1756,1,27,barchart-first-19-same-tallest-27,left,tallest,same,single,2026-04-11 19:11:52.6350000
6090,640542a41c8bf2690ddcf271,1414,1,77,barchart-second-63-random-tallest-29,left,tallest,random,single,2026-04-11 19:11:54.0200000
6091,6980ff10f40903e69dd2e00a,1138,1,12,barchart-first-29-same-shortest-12,right,shortest,same,single,2026-04-11 19:11:53.9780000
6092,5df961cb53e8466f17606ae1,1489,1,80,barchart-second-95-random-shortest-32,left,shortest,random,single,2026-04-11 19:11:54.2010000
6093,67644050f9258796cab737f2,1343,1,28,barchart-first-95-double-tallest-28,right,tallest,double,single,2026-04-11 19:11:54.5380000
6094,640542a41c8bf2690ddcf271,810,1,78,barchart-second-35-same-tallest-30,left,tallest,same,single,2026-04-11 19:11:55.4680000
6095,6980ff10f40903e69dd2e00a,714,1,13,barchart-first-06-random-shortest-13,right,shortest,random,single,2026-04-11 19:11:55.2510000
6096,67644050f9258796cab737f2,1021,1,29,barchart-first-72-random-tallest-29,left,tallest,random,single,2026-04-11 19:11:56.1230000
6097,5df961cb53e8466f17606ae1,1456,1,81,barchart-second-66-same-shortest-33,left,shortest,same,single,2026-04-11 19:11:56.2330000
6098,5c3c1617f5ebd500018596cb,1972,1,0,barchart-first-50-double-shortest-0,right,shortest,double,single,2026-04-11 19:11:52.7690000
6099,640542a41c8bf2690ddcf271,908,1,79,barchart-second-61-random-tallest-31,left,tallest,random,single,2026-04-11 19:11:57.0050000
6100,6980ff10f40903e69dd2e00a,719,1,14,barchart-first-68-double-shortest-14,right,shortest,double,single,2026-04-11 19:11:56.7310000
6101,67644050f9258796cab737f2,941,1,30,barchart-first-92-random-tallest-30,right,tallest,random,single,2026-04-11 19:11:57.6340000
6102,6980ff10f40903e69dd2e00a,610,1,15,barchart-first-41-double-shortest-15,right,shortest,double,single,2026-04-11 19:11:57.8990000
6103,5df961cb53e8466f17606ae1,1327,1,82,barchart-second-02-same-shortest-34,right,shortest,same,single,2026-04-11 19:11:58.1320000
6104,5c3c1617f5ebd500018596cb,1391,1,1,barchart-first-86-same-shortest-1,right,shortest,same,single,2026-04-11 19:11:54.7680000
6105,640542a41c8bf2690ddcf271,1557,1,80,barchart-second-46-same-tallest-32,right,tallest,same,single,2026-04-11 19:11:59.1300000
6106,6980ff10f40903e69dd2e00a,622,1,16,barchart-first-08-random-shortest-16,left,shortest,random,single,2026-04-11 19:11:59.2240000
6107,67644050f9258796cab737f2,1748,1,31,barchart-first-44-random-tallest-31,right,tallest,random,single,2026-04-11 19:11:59.9390000
6108,5df961cb53e8466f17606ae1,1208,1,83,barchart-second-01-random-shortest-35,right,shortest,random,single,2026-04-11 19:11:59.9160000
6109,5c3c1617f5ebd500018596cb,1260,1,2,barchart-first-08-double-shortest-2,left,shortest,double,single,2026-04-11 19:11:56.6320000
6110,640542a41c8bf2690ddcf271,843,1,81,barchart-second-16-double-tallest-33,right,tallest,double,single,2026-04-11 19:12:00.5220000
6111,6980ff10f40903e69dd2e00a,697,1,17,barchart-first-94-same-shortest-17,right,shortest,same,single,2026-04-11 19:12:00.4820000
6112,640542a41c8bf2690ddcf271,838,1,82,barchart-second-80-double-tallest-34,left,tallest,double,single,2026-04-11 19:12:01.9240000
6113,6980ff10f40903e69dd2e00a,595,1,18,barchart-first-93-random-shortest-18,right,shortest,random,single,2026-04-11 19:12:01.8460000
6114,67644050f9258796cab737f2,1431,1,32,barchart-first-93-double-tallest-32,left,tallest,double,single,2026-04-11 19:12:01.9380000
6115,5df961cb53e8466f17606ae1,1447,1,84,barchart-second-15-double-shortest-36,right,shortest,double,single,2026-04-11 19:12:01.9260000
6116,5c3c1617f5ebd500018596cb,1889,1,3,barchart-first-77-double-shortest-3,left,shortest,double,single,2026-04-11 19:11:59.1450000
6117,6980ff10f40903e69dd2e00a,560,1,19,barchart-first-02-random-shortest-19,right,shortest,random,single,2026-04-11 19:12:02.9740000
6118,640542a41c8bf2690ddcf271,737,1,83,barchart-second-10-random-tallest-35,right,tallest,random,single,2026-04-11 19:12:03.3770000
6119,67644050f9258796cab737f2,977,1,33,barchart-first-41-same-tallest-33,right,tallest,same,single,2026-04-11 19:12:03.5070000
6120,5df961cb53e8466f17606ae1,1488,1,85,barchart-second-92-same-shortest-37,right,shortest,same,single,2026-04-11 19:12:03.9820000
6121,6980ff10f40903e69dd2e00a,670,1,20,barchart-first-89-double-shortest-20,right,shortest,double,single,2026-04-11 19:12:04.2110000
6122,5c3c1617f5ebd500018596cb,1440,1,4,barchart-first-41-same-shortest-4,right,shortest,same,single,2026-04-11 19:12:01.1840000
6123,640542a41c8bf2690ddcf271,1110,1,84,barchart-second-74-same-tallest-36,right,tallest,same,single,2026-04-11 19:12:05.1770000
6124,67644050f9258796cab737f2,1224,1,34,barchart-first-85-double-tallest-34,left,tallest,double,single,2026-04-11 19:12:05.2910000
6125,6980ff10f40903e69dd2e00a,712,1,21,barchart-first-13-same-shortest-21,left,shortest,same,single,2026-04-11 19:12:05.6050000
6126,5df961cb53e8466f17606ae1,1734,1,86,barchart-second-09-same-shortest-38,left,shortest,same,single,2026-04-11 19:12:06.2960000
6127,5c3c1617f5ebd500018596cb,1085,1,5,barchart-first-00-random-shortest-5,left,shortest,random,single,2026-04-11 19:12:02.8720000
6128,640542a41c8bf2690ddcf271,862,1,85,barchart-second-00-random-tallest-37,left,tallest,random,single,2026-04-11 19:12:06.6740000
6129,67644050f9258796cab737f2,1051,1,35,barchart-first-26-random-tallest-35,right,tallest,random,single,2026-04-11 19:12:06.9150000
6130,6980ff10f40903e69dd2e00a,1631,1,22,barchart-first-09-random-shortest-22,left,shortest,random,single,2026-04-11 19:12:07.7980000
6131,640542a41c8bf2690ddcf271,828,1,86,barchart-second-32-same-tallest-38,right,tallest,same,single,2026-04-11 19:12:08.2840000
6132,5df961cb53e8466f17606ae1,1646,1,87,barchart-second-29-same-shortest-39,right,shortest,same,single,2026-04-11 19:12:08.5170000
6133,67644050f9258796cab737f2,1146,1,36,barchart-first-28-random-tallest-36,right,tallest,random,single,2026-04-11 19:12:08.6270000
6134,5c3c1617f5ebd500018596cb,1804,1,6,barchart-first-29-double-shortest-6,right,shortest,double,single,2026-04-11 19:12:05.2970000
6135,6980ff10f40903e69dd2e00a,984,1,23,barchart-first-21-random-shortest-23,right,shortest,random,single,2026-04-11 19:12:09.4940000
6136,640542a41c8bf2690ddcf271,991,1,87,barchart-second-79-same-tallest-39,right,tallest,same,single,2026-04-11 19:12:09.8980000
6137,67644050f9258796cab737f2,981,1,37,barchart-first-54-same-tallest-37,right,tallest,same,single,2026-04-11 19:12:10.1790000
6138,5df961cb53e8466f17606ae1,1287,1,88,barchart-second-72-same-shortest-40,right,shortest,same,single,2026-04-11 19:12:10.3810000
6139,640542a41c8bf2690ddcf271,1381,1,88,barchart-second-40-random-tallest-40,left,tallest,random,single,2026-04-11 19:12:11.9100000
6140,5c3c1617f5ebd500018596cb,2440,1,7,barchart-first-49-random-shortest-7,right,shortest,random,single,2026-04-11 19:12:08.3530000
6141,67644050f9258796cab737f2,1382,1,38,barchart-first-23-same-tallest-38,left,tallest,same,single,2026-04-11 19:12:12.1220000
6142,5df961cb53e8466f17606ae1,1482,1,89,barchart-second-40-same-shortest-41,right,shortest,same,single,2026-04-11 19:12:12.4340000
6143,640542a41c8bf2690ddcf271,991,1,89,barchart-second-62-random-tallest-41,right,tallest,random,single,2026-04-11 19:12:13.5690000
6144,6980ff10f40903e69dd2e00a,1060,1,24,barchart-first-50-random-shortest-24,right,shortest,random,single,2026-04-11 19:12:14.4120000
6145,5df961cb53e8466f17606ae1,1524,1,90,barchart-second-36-double-shortest-42,left,shortest,double,single,2026-04-11 19:12:14.5360000
6146,640542a41c8bf2690ddcf271,794,1,90,barchart-second-04-double-tallest-42,right,tallest,double,single,2026-04-11 19:12:15.0020000
6147,67644050f9258796cab737f2,2166,1,39,barchart-first-62-double-tallest-39,right,tallest,double,single,2026-04-11 19:12:14.8590000
6148,5c3c1617f5ebd500018596cb,2445,1,8,barchart-first-36-same-shortest-8,left,shortest,same,single,2026-04-11 19:12:11.4000000
6149,6980ff10f40903e69dd2e00a,668,0,25,barchart-first-53-same-shortest-25,left,shortest,same,single,2026-04-11 19:12:15.6470000
6150,640542a41c8bf2690ddcf271,969,1,91,barchart-second-52-same-tallest-43,right,tallest,same,single,2026-04-11 19:12:16.5670000
6151,5df961cb53e8466f17606ae1,1257,1,91,barchart-second-57-same-shortest-43,right,shortest,same,single,2026-04-11 19:12:16.3650000
6152,67644050f9258796cab737f2,1069,1,40,barchart-first-79-random-tallest-40,right,tallest,random,single,2026-04-11 19:12:16.4990000
6153,5c3c1617f5ebd500018596cb,1619,1,9,barchart-first-45-random-shortest-9,left,shortest,random,single,2026-04-11 19:12:13.8240000
6154,640542a41c8bf2690ddcf271,1015,1,92,barchart-second-50-random-tallest-44,right,tallest,random,single,2026-04-11 19:12:18.1900000
6155,6980ff10f40903e69dd2e00a,776,1,26,barchart-first-25-double-shortest-26,left,shortest,double,single,2026-04-11 19:12:17.9890000
6156,67644050f9258796cab737f2,1205,1,41,barchart-first-76-double-tallest-41,right,tallest,double,single,2026-04-11 19:12:18.2740000
6157,5df961cb53e8466f17606ae1,1346,1,92,barchart-second-33-double-shortest-44,right,shortest,double,single,2026-04-11 19:12:18.2920000
6158,5c3c1617f5ebd500018596cb,1416,1,10,barchart-first-35-same-shortest-10,left,shortest,same,single,2026-04-11 19:12:15.8560000
6159,6980ff10f40903e69dd2e00a,833,1,27,barchart-first-62-double-shortest-27,right,shortest,double,single,2026-04-11 19:12:19.3890000
6160,67644050f9258796cab737f2,931,1,42,barchart-first-57-double-tallest-42,left,tallest,double,single,2026-04-11 19:12:19.7710000
6161,640542a41c8bf2690ddcf271,1293,1,93,barchart-second-29-same-tallest-45,left,tallest,same,single,2026-04-11 19:12:20.1200000
6162,5df961cb53e8466f17606ae1,1744,1,93,barchart-second-69-double-shortest-45,right,shortest,double,single,2026-04-11 19:12:20.6070000
6163,6980ff10f40903e69dd2e00a,780,1,28,barchart-first-03-random-shortest-28,left,shortest,random,single,2026-04-11 19:12:20.9660000
6164,67644050f9258796cab737f2,955,1,43,barchart-first-60-double-tallest-43,right,tallest,double,single,2026-04-11 19:12:21.2910000
6165,640542a41c8bf2690ddcf271,899,1,94,barchart-second-07-double-tallest-46,left,tallest,double,single,2026-04-11 19:12:21.6640000
6166,5c3c1617f5ebd500018596cb,1540,1,11,barchart-first-78-double-shortest-11,right,shortest,double,single,2026-04-11 19:12:18.0090000
6167,6980ff10f40903e69dd2e00a,714,1,29,barchart-first-49-double-shortest-29,right,shortest,double,single,2026-04-11 19:12:22.3890000
6168,67644050f9258796cab737f2,1119,1,44,barchart-first-50-same-tallest-44,right,tallest,same,single,2026-04-11 19:12:22.9870000
6169,640542a41c8bf2690ddcf271,1241,1,95,barchart-second-51-double-tallest-47,left,tallest,double,single,2026-04-11 19:12:23.4750000
6170,5df961cb53e8466f17606ae1,2198,1,94,barchart-second-16-double-shortest-46,right,shortest,double,single,2026-04-11 19:12:23.3790000
6171,6980ff10f40903e69dd2e00a,760,1,30,barchart-first-79-double-shortest-30,right,shortest,double,single,2026-04-11 19:12:23.7120000
6172,5c3c1617f5ebd500018596cb,1728,1,12,barchart-first-67-same-shortest-12,left,shortest,same,single,2026-04-11 19:12:20.3520000
6173,67644050f9258796cab737f2,935,1,45,barchart-first-24-double-tallest-45,left,tallest,double,single,2026-04-11 19:12:24.4820000
6174,6980ff10f40903e69dd2e00a,997,1,31,barchart-first-38-double-shortest-31,left,shortest,double,single,2026-04-11 19:12:25.2910000
6175,5df961cb53e8466f17606ae1,1846,1,95,barchart-second-22-random-shortest-47,right,shortest,random,single,2026-04-11 19:12:25.8000000
6176,67644050f9258796cab737f2,988,1,46,barchart-first-73-same-tallest-46,right,tallest,same,single,2026-04-11 19:12:26.0420000
6177,5c3c1617f5ebd500018596cb,1609,1,13,barchart-first-22-random-shortest-13,right,shortest,random,single,2026-04-11 19:12:22.6880000
6178,6980ff10f40903e69dd2e00a,902,0,32,barchart-first-95-random-shortest-32,right,shortest,random,single,2026-04-11 19:12:26.7530000
6179,67644050f9258796cab737f2,1192,1,47,barchart-first-13-double-tallest-47,left,tallest,double,single,2026-04-11 19:12:27.8020000
6180,5c3c1617f5ebd500018596cb,1392,1,14,barchart-first-06-double-shortest-14,right,shortest,double,single,2026-04-11 19:12:24.9600000
6181,6980ff10f40903e69dd2e00a,1025,1,33,barchart-first-66-random-shortest-33,left,shortest,random,single,2026-04-11 19:12:29.3490000
6182,5c3c1617f5ebd500018596cb,1430,1,15,barchart-first-23-same-shortest-15,right,shortest,same,single,2026-04-11 19:12:27.0640000
6183,6980ff10f40903e69dd2e00a,798,1,34,barchart-first-32-same-shortest-34,right,shortest,same,single,2026-04-11 19:12:30.7140000
6184,6980ff10f40903e69dd2e00a,852,1,35,barchart-first-54-same-shortest-35,left,shortest,same,single,2026-04-11 19:12:32.1290000
6185,5c3c1617f5ebd500018596cb,1450,1,16,barchart-first-68-random-shortest-16,right,shortest,random,single,2026-04-11 19:12:29.1120000
6186,6980ff10f40903e69dd2e00a,756,1,36,barchart-first-19-double-shortest-36,left,shortest,double,single,2026-04-11 19:12:33.4540000
6187,6980ff10f40903e69dd2e00a,652,1,37,barchart-first-05-same-shortest-37,right,shortest,same,single,2026-04-11 19:12:34.6690000
6188,5c3c1617f5ebd500018596cb,1496,1,17,barchart-first-73-same-shortest-17,left,shortest,same,single,2026-04-11 19:12:31.2160000
6189,6980ff10f40903e69dd2e00a,737,1,38,barchart-first-22-random-shortest-38,right,shortest,random,single,2026-04-11 19:12:35.9660000
6190,6980ff10f40903e69dd2e00a,686,1,39,barchart-first-57-double-shortest-39,right,shortest,double,single,2026-04-11 19:12:37.2160000
6191,5c3c1617f5ebd500018596cb,2236,1,18,barchart-first-32-double-shortest-18,right,shortest,double,single,2026-04-11 19:12:34.0650000
6192,6980ff10f40903e69dd2e00a,868,1,40,barchart-first-56-double-shortest-40,left,shortest,double,single,2026-04-11 19:12:38.6490000
6193,5c3c1617f5ebd500018596cb,2024,1,19,barchart-first-88-double-shortest-19,left,shortest,double,single,2026-04-11 19:12:36.6880000
6194,6980ff10f40903e69dd2e00a,1316,1,41,barchart-first-47-double-shortest-41,left,shortest,double,single,2026-04-11 19:12:40.5270000
6195,6980ff10f40903e69dd2e00a,896,1,42,barchart-first-31-same-shortest-42,right,shortest,same,single,2026-04-11 19:12:41.9900000
6196,5c3c1617f5ebd500018596cb,1566,1,20,barchart-first-09-random-shortest-20,left,shortest,random,single,2026-04-11 19:12:38.8640000
6197,6980ff10f40903e69dd2e00a,634,1,43,barchart-first-01-random-shortest-43,right,shortest,random,single,2026-04-11 19:12:43.1950000
6198,5c3c1617f5ebd500018596cb,1349,1,21,barchart-first-04-random-shortest-21,left,shortest,random,single,2026-04-11 19:12:40.8240000
6199,6980ff10f40903e69dd2e00a,690,1,44,barchart-first-80-double-shortest-44,left,shortest,double,single,2026-04-11 19:12:44.4480000
6200,6980ff10f40903e69dd2e00a,924,1,45,barchart-first-35-same-shortest-45,left,shortest,same,single,2026-04-11 19:12:45.9290000
6201,6980ff10f40903e69dd2e00a,681,1,46,barchart-first-00-same-shortest-46,left,shortest,same,single,2026-04-11 19:12:47.1720000
6202,5c3c1617f5ebd500018596cb,3162,1,22,barchart-first-93-random-shortest-22,right,shortest,random,single,2026-04-11 19:12:44.5950000
6203,6980ff10f40903e69dd2e00a,1171,1,47,barchart-first-36-random-shortest-47,left,shortest,random,single,2026-04-11 19:12:48.9120000
6204,5c3c1617f5ebd500018596cb,1222,1,23,barchart-first-56-double-shortest-23,left,shortest,double,single,2026-04-11 19:12:46.4240000
6205,5c3c1617f5ebd500018596cb,2850,0,24,barchart-first-63-same-shortest-24,left,shortest,same,single,2026-04-11 19:12:53.6160000
6206,5c3c1617f5ebd500018596cb,1901,1,25,barchart-first-33-same-shortest-25,right,shortest,same,single,2026-04-11 19:12:57.2080000
6207,5c3c1617f5ebd500018596cb,2162,1,26,barchart-first-95-double-shortest-26,left,shortest,double,single,2026-04-11 19:12:59.9680000
6208,5c3c1617f5ebd500018596cb,1889,1,27,barchart-first-94-double-shortest-27,right,shortest,double,single,2026-04-11 19:13:02.4730000
6209,5c3c1617f5ebd500018596cb,1333,1,28,barchart-first-52-same-shortest-28,right,shortest,same,single,2026-04-11 19:13:04.4080000
6210,5c3c1617f5ebd500018596cb,1630,1,29,barchart-first-83-double-shortest-29,left,shortest,double,single,2026-04-11 19:13:06.6560000
6211,67644050f9258796cab737f2,2428,1,48,barchart-second-38-double-shortest-0,left,shortest,double,single,2026-04-11 19:13:11.2750000
6212,5c3c1617f5ebd500018596cb,1828,1,30,barchart-first-61-same-shortest-30,left,shortest,same,single,2026-04-11 19:13:09.0880000
6213,67644050f9258796cab737f2,1054,1,49,barchart-second-40-double-shortest-1,right,shortest,double,single,2026-04-11 19:13:12.8910000
6214,6980ff10f40903e69dd2e00a,714,1,48,barchart-second-23-double-tallest-0,left,tallest,double,single,2026-04-11 19:13:13.3670000
6215,6980ff10f40903e69dd2e00a,599,1,49,barchart-second-84-random-tallest-1,right,tallest,random,single,2026-04-11 19:13:14.5310000
6216,5c3c1617f5ebd500018596cb,1338,1,31,barchart-first-64-random-shortest-31,left,shortest,random,single,2026-04-11 19:13:11.0400000
6217,67644050f9258796cab737f2,1400,1,50,barchart-second-88-random-shortest-2,left,shortest,random,single,2026-04-11 19:13:14.8500000
6218,6980ff10f40903e69dd2e00a,519,1,50,barchart-second-74-double-tallest-2,right,tallest,double,single,2026-04-11 19:13:15.6240000
6219,6980ff10f40903e69dd2e00a,644,1,51,barchart-second-34-same-tallest-3,left,tallest,same,single,2026-04-11 19:13:16.7710000
6220,67644050f9258796cab737f2,1455,1,51,barchart-second-82-double-shortest-3,right,shortest,double,single,2026-04-11 19:13:16.8670000
6221,5c3c1617f5ebd500018596cb,1804,1,32,barchart-first-44-same-shortest-32,left,shortest,same,single,2026-04-11 19:13:13.5040000
6222,6980ff10f40903e69dd2e00a,577,1,52,barchart-second-86-double-tallest-4,left,tallest,double,single,2026-04-11 19:13:17.9120000
6223,67644050f9258796cab737f2,948,1,52,barchart-second-01-random-shortest-4,right,shortest,random,single,2026-04-11 19:13:18.3790000
6224,6980ff10f40903e69dd2e00a,545,1,53,barchart-second-43-random-tallest-5,right,tallest,random,single,2026-04-11 19:13:19.0260000
6225,5c3c1617f5ebd500018596cb,1512,1,33,barchart-first-54-random-shortest-33,left,shortest,random,single,2026-04-11 19:13:15.6240000
6226,6980ff10f40903e69dd2e00a,526,1,54,barchart-second-07-random-tallest-6,left,tallest,random,single,2026-04-11 19:13:20.1150000
6227,67644050f9258796cab737f2,1718,1,53,barchart-second-69-double-shortest-5,right,shortest,double,single,2026-04-11 19:13:20.6670000
6228,5c3c1617f5ebd500018596cb,1386,1,34,barchart-first-55-same-shortest-34,left,shortest,same,single,2026-04-11 19:13:17.6170000
6229,6980ff10f40903e69dd2e00a,750,1,55,barchart-second-27-double-tallest-7,left,tallest,double,single,2026-04-11 19:13:21.4340000
6230,67644050f9258796cab737f2,1045,1,54,barchart-second-35-random-shortest-6,left,shortest,random,single,2026-04-11 19:13:22.2750000
6231,6980ff10f40903e69dd2e00a,568,1,56,barchart-second-72-same-tallest-8,left,tallest,same,single,2026-04-11 19:13:22.5700000
6232,6980ff10f40903e69dd2e00a,534,1,57,barchart-second-55-double-tallest-9,left,tallest,double,single,2026-04-11 19:13:23.6770000
6233,67644050f9258796cab737f2,1697,1,55,barchart-second-81-double-shortest-7,left,shortest,double,single,2026-04-11 19:13:24.5460000
6234,5c3c1617f5ebd500018596cb,2911,1,35,barchart-first-60-random-shortest-35,right,shortest,random,single,2026-04-11 19:13:21.1280000
6235,6980ff10f40903e69dd2e00a,574,1,58,barchart-second-92-double-tallest-10,right,tallest,double,single,2026-04-11 19:13:24.8200000
6236,6980ff10f40903e69dd2e00a,554,1,59,barchart-second-77-random-tallest-11,left,tallest,random,single,2026-04-11 19:13:25.9360000
6237,67644050f9258796cab737f2,1042,1,56,barchart-second-56-random-shortest-8,left,shortest,random,single,2026-04-11 19:13:26.1630000
6238,5c3c1617f5ebd500018596cb,1090,1,36,barchart-first-20-double-shortest-36,left,shortest,double,single,2026-04-11 19:13:22.8330000
6239,6980ff10f40903e69dd2e00a,513,1,60,barchart-second-65-same-tallest-12,right,tallest,same,single,2026-04-11 19:13:27.0140000
6240,6980ff10f40903e69dd2e00a,513,1,61,barchart-second-88-random-tallest-13,right,tallest,random,single,2026-04-11 19:13:28.0940000
6241,5c3c1617f5ebd500018596cb,1820,1,37,barchart-first-17-same-shortest-37,right,shortest,same,single,2026-04-11 19:13:25.2560000
6242,6980ff10f40903e69dd2e00a,505,1,62,barchart-second-85-same-tallest-14,left,tallest,same,single,2026-04-11 19:13:29.1660000
6243,67644050f9258796cab737f2,2951,1,57,barchart-second-07-same-shortest-9,left,shortest,same,single,2026-04-11 19:13:29.6820000
6244,6980ff10f40903e69dd2e00a,663,1,63,barchart-second-15-same-tallest-15,right,tallest,same,single,2026-04-11 19:13:30.3930000
6245,5c3c1617f5ebd500018596cb,1454,1,38,barchart-first-05-same-shortest-38,right,shortest,same,single,2026-04-11 19:13:27.3120000
6246,6980ff10f40903e69dd2e00a,491,1,64,barchart-second-14-double-tallest-16,left,tallest,double,single,2026-04-11 19:13:31.4510000
6247,67644050f9258796cab737f2,1608,1,58,barchart-second-74-random-shortest-10,left,shortest,random,single,2026-04-11 19:13:31.8590000
6248,6980ff10f40903e69dd2e00a,520,1,65,barchart-second-75-double-tallest-17,left,tallest,double,single,2026-04-11 19:13:32.5410000
6249,67644050f9258796cab737f2,891,1,59,barchart-second-00-random-shortest-11,left,shortest,random,single,2026-04-11 19:13:33.3150000
6250,5c3c1617f5ebd500018596cb,1946,1,39,barchart-first-76-same-shortest-39,left,shortest,same,single,2026-04-11 19:13:30.0400000
6251,6980ff10f40903e69dd2e00a,455,1,66,barchart-second-58-same-tallest-18,right,tallest,same,single,2026-04-11 19:13:33.5610000
6252,6980ff10f40903e69dd2e00a,589,1,67,barchart-second-39-double-tallest-19,right,tallest,double,single,2026-04-11 19:13:34.7120000
6253,67644050f9258796cab737f2,955,1,60,barchart-second-10-same-shortest-12,left,shortest,same,single,2026-04-11 19:13:34.8430000
6254,6980ff10f40903e69dd2e00a,506,1,68,barchart-second-64-random-tallest-20,left,tallest,random,single,2026-04-11 19:13:35.7800000
6255,5c3c1617f5ebd500018596cb,1994,1,40,barchart-first-87-double-shortest-40,left,shortest,double,single,2026-04-11 19:13:32.6480000
6256,67644050f9258796cab737f2,1069,1,61,barchart-second-12-double-shortest-13,left,shortest,double,single,2026-04-11 19:13:36.4750000
6257,6980ff10f40903e69dd2e00a,581,1,69,barchart-second-33-random-tallest-21,left,tallest,random,single,2026-04-11 19:13:36.9290000
6258,6980ff10f40903e69dd2e00a,599,1,70,barchart-second-42-same-tallest-22,right,tallest,same,single,2026-04-11 19:13:38.0910000
6259,67644050f9258796cab737f2,1190,1,62,barchart-second-02-same-shortest-14,right,shortest,same,single,2026-04-11 19:13:38.2260000
6260,5c3c1617f5ebd500018596cb,1555,1,41,barchart-first-65-random-shortest-41,right,shortest,random,single,2026-04-11 19:13:34.8160000
6261,6980ff10f40903e69dd2e00a,688,1,71,barchart-second-67-random-tallest-23,right,tallest,random,single,2026-04-11 19:13:39.3490000
6262,67644050f9258796cab737f2,935,1,63,barchart-second-03-same-shortest-15,left,shortest,same,single,2026-04-11 19:13:39.7230000
6263,5c3c1617f5ebd500018596cb,2612,1,42,barchart-first-07-random-shortest-42,left,shortest,random,single,2026-04-11 19:13:38.1760000
6264,67644050f9258796cab737f2,1481,1,64,barchart-second-30-double-shortest-16,right,shortest,double,single,2026-04-11 19:13:41.7780000
6265,6980ff10f40903e69dd2e00a,523,1,72,barchart-second-63-same-tallest-24,left,tallest,same,single,2026-04-11 19:13:41.8490000
6266,6980ff10f40903e69dd2e00a,471,1,73,barchart-second-81-same-tallest-25,left,tallest,same,single,2026-04-11 19:13:42.8840000
6267,67644050f9258796cab737f2,913,1,65,barchart-second-83-same-shortest-17,left,shortest,same,single,2026-04-11 19:13:43.2510000
6268,5c3c1617f5ebd500018596cb,1665,0,43,barchart-first-40-random-shortest-43,left,shortest,random,single,2026-04-11 19:13:40.4560000
6269,6980ff10f40903e69dd2e00a,505,1,74,barchart-second-59-same-tallest-26,left,tallest,same,single,2026-04-11 19:13:43.9550000
6270,67644050f9258796cab737f2,1125,1,66,barchart-second-77-same-shortest-18,left,shortest,same,single,2026-04-11 19:13:44.9470000
6271,6980ff10f40903e69dd2e00a,511,1,75,barchart-second-04-random-tallest-27,right,tallest,random,single,2026-04-11 19:13:45.0340000
6272,6980ff10f40903e69dd2e00a,552,1,76,barchart-second-90-double-tallest-28,right,tallest,double,single,2026-04-11 19:13:46.1480000
6273,67644050f9258796cab737f2,1353,1,67,barchart-second-66-same-shortest-19,left,shortest,same,single,2026-04-11 19:13:46.8670000
6274,6980ff10f40903e69dd2e00a,457,1,77,barchart-second-40-double-tallest-29,left,tallest,double,single,2026-04-11 19:13:47.1700000
6275,5c3c1617f5ebd500018596cb,1804,1,44,barchart-first-14-double-shortest-44,right,shortest,double,single,2026-04-11 19:13:43.8800000
6276,6980ff10f40903e69dd2e00a,482,1,78,barchart-second-71-same-tallest-30,right,tallest,same,single,2026-04-11 19:13:48.2230000
6277,67644050f9258796cab737f2,1063,1,68,barchart-second-63-same-shortest-20,right,shortest,same,single,2026-04-11 19:13:48.4990000
6278,6980ff10f40903e69dd2e00a,473,1,79,barchart-second-44-same-tallest-31,right,tallest,same,single,2026-04-11 19:13:49.2580000
6279,5c3c1617f5ebd500018596cb,2055,1,45,barchart-first-28-random-shortest-45,right,shortest,random,single,2026-04-11 19:13:46.5520000
6280,67644050f9258796cab737f2,1569,1,69,barchart-second-32-same-shortest-21,right,shortest,same,single,2026-04-11 19:13:50.6340000
6281,6980ff10f40903e69dd2e00a,1060,1,80,barchart-second-87-double-tallest-32,right,tallest,double,single,2026-04-11 19:13:50.9030000
6282,5c3c1617f5ebd500018596cb,1228,1,46,barchart-first-03-random-shortest-46,left,shortest,random,single,2026-04-11 19:13:48.3850000
6283,6980ff10f40903e69dd2e00a,576,1,81,barchart-second-60-random-tallest-33,right,tallest,random,single,2026-04-11 19:13:52.0470000
6284,67644050f9258796cab737f2,1929,1,70,barchart-second-42-random-shortest-22,right,shortest,random,single,2026-04-11 19:13:53.1230000
6285,6980ff10f40903e69dd2e00a,587,1,82,barchart-second-52-random-tallest-34,right,tallest,random,single,2026-04-11 19:13:53.1950000
6286,5c3c1617f5ebd500018596cb,1429,1,47,barchart-first-70-double-shortest-47,right,shortest,double,single,2026-04-11 19:13:50.4160000
6287,6980ff10f40903e69dd2e00a,642,1,83,barchart-second-46-same-tallest-35,right,tallest,same,single,2026-04-11 19:13:54.3980000
6288,67644050f9258796cab737f2,1123,1,71,barchart-second-18-random-shortest-23,right,shortest,random,single,2026-04-11 19:13:54.8110000
6289,6980ff10f40903e69dd2e00a,485,1,84,barchart-second-83-random-tallest-36,left,tallest,random,single,2026-04-11 19:13:55.4510000
6290,6980ff10f40903e69dd2e00a,503,1,85,barchart-second-30-random-tallest-37,left,tallest,random,single,2026-04-11 19:13:56.5180000
6291,6980ff10f40903e69dd2e00a,573,1,86,barchart-second-45-double-tallest-38,left,tallest,double,single,2026-04-11 19:13:57.6540000
6292,6980ff10f40903e69dd2e00a,470,1,87,barchart-second-82-random-tallest-39,left,tallest,random,single,2026-04-11 19:13:58.7150000
6293,67644050f9258796cab737f2,1542,1,72,barchart-second-06-double-shortest-24,right,shortest,double,single,2026-04-11 19:13:59.6980000
6294,6980ff10f40903e69dd2e00a,455,1,88,barchart-second-69-same-tallest-40,left,tallest,same,single,2026-04-11 19:13:59.8000000
6295,6980ff10f40903e69dd2e00a,475,1,89,barchart-second-16-double-tallest-41,right,tallest,double,single,2026-04-11 19:14:00.8370000
6296,67644050f9258796cab737f2,1231,1,73,barchart-second-67-double-shortest-25,left,shortest,double,single,2026-04-11 19:14:01.4910000
6297,6980ff10f40903e69dd2e00a,627,1,90,barchart-second-51-random-tallest-42,left,tallest,random,single,2026-04-11 19:14:02.0340000
6298,6980ff10f40903e69dd2e00a,673,1,91,barchart-second-10-double-tallest-43,right,tallest,double,single,2026-04-11 19:14:03.2680000
6299,67644050f9258796cab737f2,1423,1,74,barchart-second-61-same-shortest-26,left,shortest,same,single,2026-04-11 19:14:03.4750000
6300,6980ff10f40903e69dd2e00a,608,1,92,barchart-second-28-random-tallest-44,right,tallest,random,single,2026-04-11 19:14:04.4370000
6301,67644050f9258796cab737f2,1266,1,75,barchart-second-71-double-shortest-27,left,shortest,double,single,2026-04-11 19:14:05.3150000
6302,6980ff10f40903e69dd2e00a,576,1,93,barchart-second-70-same-tallest-45,left,tallest,same,single,2026-04-11 19:14:05.5810000
6303,6980ff10f40903e69dd2e00a,510,1,94,barchart-second-18-double-tallest-46,right,tallest,double,single,2026-04-11 19:14:06.6640000
6304,67644050f9258796cab737f2,1588,1,76,barchart-second-47-random-shortest-28,left,shortest,random,single,2026-04-11 19:14:07.4750000
6305,6980ff10f40903e69dd2e00a,701,1,95,barchart-second-48-same-tallest-47,right,tallest,same,single,2026-04-11 19:14:07.9780000
6306,67644050f9258796cab737f2,1614,1,77,barchart-second-64-random-shortest-29,left,shortest,random,single,2026-04-11 19:14:09.6590000
6307,67644050f9258796cab737f2,2017,1,78,barchart-second-49-random-shortest-30,right,shortest,random,single,2026-04-11 19:14:12.2430000
6308,67644050f9258796cab737f2,1089,1,79,barchart-second-65-double-shortest-31,right,shortest,double,single,2026-04-11 19:14:13.8910000
6309,67644050f9258796cab737f2,1294,1,80,barchart-second-09-random-shortest-32,left,shortest,random,single,2026-04-11 19:14:15.7550000
6310,67644050f9258796cab737f2,1165,1,81,barchart-second-94-random-shortest-33,right,shortest,random,single,2026-04-11 19:14:17.4910000
6311,67644050f9258796cab737f2,1101,1,82,barchart-second-91-same-shortest-34,right,shortest,same,single,2026-04-11 19:14:19.1550000
6312,67644050f9258796cab737f2,1078,1,83,barchart-second-55-double-shortest-35,left,shortest,double,single,2026-04-11 19:14:20.8020000
6313,67644050f9258796cab737f2,1288,1,84,barchart-second-48-same-shortest-36,right,shortest,same,single,2026-04-11 19:14:22.6510000
6314,67644050f9258796cab737f2,1047,1,85,barchart-second-04-same-shortest-37,left,shortest,same,single,2026-04-11 19:14:24.2670000
6315,67644050f9258796cab737f2,1692,1,86,barchart-second-84-random-shortest-38,right,shortest,random,single,2026-04-11 19:14:26.5230000
6316,67644050f9258796cab737f2,1079,1,87,barchart-second-43-double-shortest-39,left,shortest,double,single,2026-04-11 19:14:28.1710000
6317,67644050f9258796cab737f2,1461,1,88,barchart-second-31-same-shortest-40,right,shortest,same,single,2026-04-11 19:14:30.1950000
6318,67644050f9258796cab737f2,1066,1,89,barchart-second-89-same-shortest-41,right,shortest,same,single,2026-04-11 19:14:31.8350000
6319,5c3c1617f5ebd500018596cb,1344,1,48,barchart-second-12-random-tallest-0,left,tallest,random,single,2026-04-11 19:14:28.8320000
6320,67644050f9258796cab737f2,1060,1,90,barchart-second-52-double-shortest-42,right,shortest,double,single,2026-04-11 19:14:33.4670000
6321,5c3c1617f5ebd500018596cb,1029,1,49,barchart-second-02-random-tallest-1,right,tallest,random,single,2026-04-11 19:14:30.4960000
6322,67644050f9258796cab737f2,1463,1,91,barchart-second-21-same-shortest-43,right,shortest,same,single,2026-04-11 19:14:35.4990000
6323,5c3c1617f5ebd500018596cb,981,1,50,barchart-second-37-same-tallest-2,left,tallest,same,single,2026-04-11 19:14:32.0720000
6324,5c3c1617f5ebd500018596cb,1156,1,51,barchart-second-31-same-tallest-3,left,tallest,same,single,2026-04-11 19:14:33.8320000
6325,67644050f9258796cab737f2,1391,1,92,barchart-second-78-random-shortest-44,right,shortest,random,single,2026-04-11 19:14:37.4670000
6326,5c3c1617f5ebd500018596cb,715,1,52,barchart-second-92-random-tallest-4,right,tallest,random,single,2026-04-11 19:14:35.1440000
6327,67644050f9258796cab737f2,1084,1,93,barchart-second-27-double-shortest-45,left,shortest,double,single,2026-04-11 19:14:39.1140000
6328,5c3c1617f5ebd500018596cb,854,1,53,barchart-second-80-double-tallest-5,left,tallest,double,single,2026-04-11 19:14:36.5920000
6329,67644050f9258796cab737f2,1641,1,94,barchart-second-14-random-shortest-46,right,shortest,random,single,2026-04-11 19:14:41.3150000
6330,5c3c1617f5ebd500018596cb,837,1,54,barchart-second-75-same-tallest-6,left,tallest,same,single,2026-04-11 19:14:38.0320000
6331,5c3c1617f5ebd500018596cb,851,1,55,barchart-second-69-double-tallest-7,left,tallest,double,single,2026-04-11 19:14:39.6320000
6332,67644050f9258796cab737f2,1462,1,95,barchart-second-17-double-shortest-47,right,shortest,double,single,2026-04-11 19:14:43.3390000
6333,5c3c1617f5ebd500018596cb,1250,1,56,barchart-second-74-double-tallest-8,right,tallest,double,single,2026-04-11 19:14:41.4880000
6334,5c3c1617f5ebd500018596cb,1577,1,57,barchart-second-85-random-tallest-9,left,tallest,random,single,2026-04-11 19:14:43.6560000
6335,5c3c1617f5ebd500018596cb,1123,1,58,barchart-second-66-same-tallest-10,right,tallest,same,single,2026-04-11 19:14:45.3760000
6336,5c3c1617f5ebd500018596cb,1292,1,59,barchart-second-19-same-tallest-11,left,tallest,same,single,2026-04-11 19:14:47.2730000
6337,5c3c1617f5ebd500018596cb,1443,1,60,barchart-second-01-double-tallest-12,left,tallest,double,single,2026-04-11 19:14:49.3280000
6338,5c3c1617f5ebd500018596cb,1872,1,61,barchart-second-57-random-tallest-13,left,tallest,random,single,2026-04-11 19:14:51.8570000
6339,5c3c1617f5ebd500018596cb,1225,1,62,barchart-second-89-same-tallest-14,left,tallest,same,single,2026-04-11 19:14:53.6720000
6340,5c3c1617f5ebd500018596cb,1114,1,63,barchart-second-46-random-tallest-15,right,tallest,random,single,2026-04-11 19:14:55.3920000
6341,5c3c1617f5ebd500018596cb,1265,1,64,barchart-second-39-same-tallest-16,right,tallest,same,single,2026-04-11 19:14:57.2560000
6342,5c3c1617f5ebd500018596cb,1007,1,65,barchart-second-59-same-tallest-17,left,tallest,same,single,2026-04-11 19:14:58.8880000
6343,5c3c1617f5ebd500018596cb,2468,1,66,barchart-second-43-same-tallest-18,right,tallest,same,single,2026-04-11 19:15:01.9440000
6344,5c3c1617f5ebd500018596cb,1575,1,67,barchart-second-13-random-tallest-19,left,tallest,random,single,2026-04-11 19:15:04.2320000
6345,5c3c1617f5ebd500018596cb,934,1,68,barchart-second-81-double-tallest-20,left,tallest,double,single,2026-04-11 19:15:05.7690000
6346,5c3c1617f5ebd500018596cb,829,1,69,barchart-second-24-random-tallest-21,left,tallest,random,single,2026-04-11 19:15:07.3760000
6347,5c3c1617f5ebd500018596cb,745,1,70,barchart-second-71-double-tallest-22,right,tallest,double,single,2026-04-11 19:15:08.7200000
6348,5c3c1617f5ebd500018596cb,1141,1,71,barchart-second-91-random-tallest-23,left,tallest,random,single,2026-04-11 19:15:10.4650000
6349,5c3c1617f5ebd500018596cb,1046,1,72,barchart-second-53-same-tallest-24,left,tallest,same,single,2026-04-11 19:15:16.3040000
6350,5c3c1617f5ebd500018596cb,874,1,73,barchart-second-38-random-tallest-25,right,tallest,random,single,2026-04-11 19:15:17.7760000
6351,5c3c1617f5ebd500018596cb,920,1,74,barchart-second-16-double-tallest-26,right,tallest,double,single,2026-04-11 19:15:19.2880000
6352,5c3c1617f5ebd500018596cb,1080,1,75,barchart-second-82-double-tallest-27,left,tallest,double,single,2026-04-11 19:15:21.0400000
6353,5c3c1617f5ebd500018596cb,1256,1,76,barchart-second-11-random-tallest-28,left,tallest,random,single,2026-04-11 19:15:22.9050000
6354,5c3c1617f5ebd500018596cb,910,1,77,barchart-second-47-double-tallest-29,right,tallest,double,single,2026-04-11 19:15:24.4080000
6355,5c3c1617f5ebd500018596cb,1770,1,78,barchart-second-15-random-tallest-30,right,tallest,random,single,2026-04-11 19:15:26.7760000
6356,5c3c1617f5ebd500018596cb,2325,1,79,barchart-second-42-random-tallest-31,right,tallest,random,single,2026-04-11 19:15:29.6960000
6357,5c3c1617f5ebd500018596cb,1539,1,80,barchart-second-58-same-tallest-32,right,tallest,same,single,2026-04-11 19:15:31.8330000
6358,5c3c1617f5ebd500018596cb,1321,1,81,barchart-second-25-double-tallest-33,right,tallest,double,single,2026-04-11 19:15:33.7520000
6359,5c3c1617f5ebd500018596cb,1039,1,82,barchart-second-84-same-tallest-34,right,tallest,same,single,2026-04-11 19:15:35.3990000
6360,5c3c1617f5ebd500018596cb,814,1,83,barchart-second-26-random-tallest-35,right,tallest,random,single,2026-04-11 19:15:36.8080000
6361,5c3c1617f5ebd500018596cb,1963,1,84,barchart-second-27-double-tallest-36,left,tallest,double,single,2026-04-11 19:15:39.3770000
6362,5c3c1617f5ebd500018596cb,926,1,85,barchart-second-79-same-tallest-37,right,tallest,same,single,2026-04-11 19:15:40.8960000
6363,5c3c1617f5ebd500018596cb,1851,1,86,barchart-second-30-double-tallest-38,left,tallest,double,single,2026-04-11 19:15:43.3370000
6364,5c3c1617f5ebd500018596cb,1060,1,87,barchart-second-21-same-tallest-39,right,tallest,same,single,2026-04-11 19:15:44.9920000
6365,5c3c1617f5ebd500018596cb,1933,1,88,barchart-second-10-same-tallest-40,right,tallest,same,single,2026-04-11 19:15:47.5360000
6366,5c3c1617f5ebd500018596cb,1931,1,89,barchart-second-62-double-tallest-41,right,tallest,double,single,2026-04-11 19:15:50.0650000
6367,5c3c1617f5ebd500018596cb,3616,1,90,barchart-second-90-random-tallest-42,right,tallest,random,single,2026-04-11 19:15:54.2800000
6368,5c3c1617f5ebd500018596cb,1266,1,91,barchart-second-72-same-tallest-43,left,tallest,same,single,2026-04-11 19:15:56.1520000
6369,5c3c1617f5ebd500018596cb,1181,1,92,barchart-second-51-random-tallest-44,left,tallest,random,single,2026-04-11 19:15:57.9280000
6370,5c3c1617f5ebd500018596cb,928,1,93,barchart-second-34-double-tallest-45,left,tallest,double,single,2026-04-11 19:15:59.4490000
6371,5c3c1617f5ebd500018596cb,1474,1,94,barchart-second-48-double-tallest-46,right,tallest,double,single,2026-04-11 19:16:01.5200000
6372,5c3c1617f5ebd500018596cb,1023,1,95,barchart-second-18-double-tallest-47,right,tallest,double,single,2026-04-11 19:16:03.1360000
6373,643466ccb8e9bb0350af3cbb,5421,1,0,barchart-first-00-same-tallest-0,left,tallest,same,single,2026-04-11 19:17:22.8420000
6374,643466ccb8e9bb0350af3cbb,4252,1,1,barchart-first-21-double-tallest-1,right,tallest,double,single,2026-04-11 19:17:27.6570000
6375,643466ccb8e9bb0350af3cbb,4372,1,2,barchart-first-12-same-tallest-2,left,tallest,same,single,2026-04-11 19:17:32.5870000
6376,643466ccb8e9bb0350af3cbb,4173,1,3,barchart-first-67-random-tallest-3,right,tallest,random,single,2026-04-11 19:17:37.3260000
6377,643466ccb8e9bb0350af3cbb,4324,1,4,barchart-first-49-same-tallest-4,left,tallest,same,single,2026-04-11 19:17:42.2110000
6378,643466ccb8e9bb0350af3cbb,4327,1,5,barchart-first-81-double-tallest-5,left,tallest,double,single,2026-04-11 19:17:47.0960000
6379,643466ccb8e9bb0350af3cbb,4012,1,6,barchart-first-22-same-tallest-6,left,tallest,same,single,2026-04-11 19:17:51.7400000
6380,643466ccb8e9bb0350af3cbb,4222,1,7,barchart-first-63-double-tallest-7,left,tallest,double,single,2026-04-11 19:17:56.5240000
6381,643466ccb8e9bb0350af3cbb,4548,1,8,barchart-first-44-random-tallest-8,right,tallest,random,single,2026-04-11 19:18:01.6320000
6382,643466ccb8e9bb0350af3cbb,4154,1,9,barchart-first-66-same-tallest-9,right,tallest,same,single,2026-04-11 19:18:06.3400000
6383,643466ccb8e9bb0350af3cbb,4042,1,10,barchart-first-86-random-tallest-10,left,tallest,random,single,2026-04-11 19:18:10.9430000
6384,643466ccb8e9bb0350af3cbb,3186,1,11,barchart-first-92-double-tallest-11,right,tallest,double,single,2026-04-11 19:18:14.6840000
6385,643466ccb8e9bb0350af3cbb,3465,1,12,barchart-first-60-same-tallest-12,right,tallest,same,single,2026-04-11 19:18:18.7200000
6386,643466ccb8e9bb0350af3cbb,2961,1,13,barchart-first-47-double-tallest-13,right,tallest,double,single,2026-04-11 19:18:22.2580000
6387,643466ccb8e9bb0350af3cbb,4124,1,14,barchart-first-50-double-tallest-14,right,tallest,double,single,2026-04-11 19:18:26.9490000
6388,643466ccb8e9bb0350af3cbb,2923,1,15,barchart-first-26-same-tallest-15,right,tallest,same,single,2026-04-11 19:18:30.4360000
6389,643466ccb8e9bb0350af3cbb,4719,1,16,barchart-first-77-double-tallest-16,left,tallest,double,single,2026-04-11 19:18:35.7200000
6390,643466ccb8e9bb0350af3cbb,4379,1,17,barchart-first-41-random-tallest-17,right,tallest,random,single,2026-04-11 19:18:40.6660000
6391,643466ccb8e9bb0350af3cbb,2807,1,18,barchart-first-52-random-tallest-18,right,tallest,random,single,2026-04-11 19:18:44.0400000
6392,643466ccb8e9bb0350af3cbb,2664,1,19,barchart-first-57-same-tallest-19,left,tallest,same,single,2026-04-11 19:18:47.2670000
6393,643466ccb8e9bb0350af3cbb,3031,1,20,barchart-first-71-random-tallest-20,right,tallest,random,single,2026-04-11 19:18:50.8570000
6394,643466ccb8e9bb0350af3cbb,2460,1,21,barchart-first-17-random-tallest-21,right,tallest,random,single,2026-04-11 19:18:53.8770000
6395,643466ccb8e9bb0350af3cbb,3363,1,22,barchart-first-10-double-tallest-22,right,tallest,double,single,2026-04-11 19:18:57.8000000
6396,643466ccb8e9bb0350af3cbb,3158,1,23,barchart-first-42-same-tallest-23,right,tallest,same,single,2026-04-11 19:19:01.5320000
6397,643466ccb8e9bb0350af3cbb,2914,1,24,barchart-first-33-double-tallest-24,left,tallest,double,single,2026-04-11 19:19:18.6150000
6398,643466ccb8e9bb0350af3cbb,3924,1,25,barchart-first-14-random-tallest-25,left,tallest,random,single,2026-04-11 19:19:23.0920000
6399,643466ccb8e9bb0350af3cbb,3582,1,26,barchart-first-36-same-tallest-26,left,tallest,same,single,2026-04-11 19:19:27.2260000
6400,643466ccb8e9bb0350af3cbb,3675,1,27,barchart-first-93-random-tallest-27,left,tallest,random,single,2026-04-11 19:19:31.4630000
6401,643466ccb8e9bb0350af3cbb,4349,1,28,barchart-first-24-random-tallest-28,left,tallest,random,single,2026-04-11 19:19:36.3630000
6402,643466ccb8e9bb0350af3cbb,4073,1,29,barchart-first-32-same-tallest-29,right,tallest,same,single,2026-04-11 19:19:40.9930000
6403,643466ccb8e9bb0350af3cbb,4001,1,30,barchart-first-02-random-tallest-30,right,tallest,random,single,2026-04-11 19:19:45.5580000
6404,643466ccb8e9bb0350af3cbb,3833,1,31,barchart-first-85-same-tallest-31,left,tallest,same,single,2026-04-11 19:19:49.9620000
6405,643466ccb8e9bb0350af3cbb,3786,1,32,barchart-first-38-double-tallest-32,right,tallest,double,single,2026-04-11 19:19:54.3030000
6406,643466ccb8e9bb0350af3cbb,3326,1,33,barchart-first-82-same-tallest-33,left,tallest,same,single,2026-04-11 19:19:58.1950000
6407,643466ccb8e9bb0350af3cbb,3822,1,34,barchart-first-48-same-tallest-34,right,tallest,same,single,2026-04-11 19:20:02.5770000
6408,643466ccb8e9bb0350af3cbb,4385,1,35,barchart-first-04-double-tallest-35,right,tallest,double,single,2026-04-11 19:20:07.5340000
6409,643466ccb8e9bb0350af3cbb,5931,1,36,barchart-first-59-random-tallest-36,left,tallest,random,single,2026-04-11 19:20:14.0200000
6410,643466ccb8e9bb0350af3cbb,3157,1,37,barchart-first-75-double-tallest-37,left,tallest,double,single,2026-04-11 19:20:17.7520000
6411,643466ccb8e9bb0350af3cbb,3633,1,38,barchart-first-45-random-tallest-38,left,tallest,random,single,2026-04-11 19:20:21.9650000
6412,643466ccb8e9bb0350af3cbb,3905,1,39,barchart-first-29-double-tallest-39,left,tallest,double,single,2026-04-11 19:20:26.4320000
6413,643466ccb8e9bb0350af3cbb,4243,1,40,barchart-first-07-double-tallest-40,left,tallest,double,single,2026-04-11 19:20:31.2430000
6414,643466ccb8e9bb0350af3cbb,4200,1,41,barchart-first-06-double-tallest-41,right,tallest,double,single,2026-04-11 19:20:35.9990000
6415,643466ccb8e9bb0350af3cbb,3556,1,42,barchart-first-01-double-tallest-42,left,tallest,double,single,2026-04-11 19:20:40.1070000
6416,643466ccb8e9bb0350af3cbb,3367,1,43,barchart-first-03-same-tallest-43,right,tallest,same,single,2026-04-11 19:20:44.0360000
6417,643466ccb8e9bb0350af3cbb,3822,1,44,barchart-first-58-random-tallest-44,right,tallest,random,single,2026-04-11 19:20:48.4230000
6418,643466ccb8e9bb0350af3cbb,3374,1,45,barchart-first-55-random-tallest-45,left,tallest,random,single,2026-04-11 19:20:52.3620000
6419,643466ccb8e9bb0350af3cbb,3489,1,46,barchart-first-76-same-tallest-46,right,tallest,same,single,2026-04-11 19:20:56.4300000
6420,643466ccb8e9bb0350af3cbb,3606,1,47,barchart-first-23-random-tallest-47,left,tallest,random,single,2026-04-11 19:21:00.5990000
6421,6691bc059b0182b0bdd7d682,1790,1,0,barchart-first-88-double-shortest-0,left,shortest,double,single,2026-04-11 19:21:55.5000000
6422,6691bc059b0182b0bdd7d682,2184,1,1,barchart-first-29-random-shortest-1,right,shortest,random,single,2026-04-11 19:21:58.2830000
6423,6691bc059b0182b0bdd7d682,2007,1,2,barchart-first-27-same-shortest-2,left,shortest,same,single,2026-04-11 19:22:00.8920000
6424,6691bc059b0182b0bdd7d682,1434,1,3,barchart-first-33-double-shortest-3,right,shortest,double,single,2026-04-11 19:22:02.9360000
6425,6691bc059b0182b0bdd7d682,1073,1,4,barchart-first-48-double-shortest-4,right,shortest,double,single,2026-04-11 19:22:04.6340000
6426,6691bc059b0182b0bdd7d682,1311,1,5,barchart-first-45-double-shortest-5,left,shortest,double,single,2026-04-11 19:22:06.5330000
6427,6691bc059b0182b0bdd7d682,1706,1,6,barchart-first-60-double-shortest-6,right,shortest,double,single,2026-04-11 19:22:08.8380000
6428,6691bc059b0182b0bdd7d682,1268,1,7,barchart-first-44-same-shortest-7,left,shortest,same,single,2026-04-11 19:22:10.7010000
6429,6691bc059b0182b0bdd7d682,1327,1,8,barchart-first-06-same-shortest-8,right,shortest,same,single,2026-04-11 19:22:12.6240000
6430,6691bc059b0182b0bdd7d682,981,1,9,barchart-first-53-double-shortest-9,right,shortest,double,single,2026-04-11 19:22:14.2130000
6431,6691bc059b0182b0bdd7d682,1753,1,10,barchart-first-30-same-shortest-10,right,shortest,same,single,2026-04-11 19:22:16.6130000
6432,6691bc059b0182b0bdd7d682,1167,1,11,barchart-first-78-same-shortest-11,right,shortest,same,single,2026-04-11 19:22:18.3830000
6433,6691bc059b0182b0bdd7d682,1447,1,12,barchart-first-04-same-shortest-12,left,shortest,same,single,2026-04-11 19:22:20.4360000
6434,6691bc059b0182b0bdd7d682,1740,1,13,barchart-first-10-random-shortest-13,left,shortest,random,single,2026-04-11 19:22:22.7740000
6435,6691bc059b0182b0bdd7d682,1405,1,14,barchart-first-18-random-shortest-14,right,shortest,random,single,2026-04-11 19:22:24.7750000
6436,6691bc059b0182b0bdd7d682,1378,0,15,barchart-first-40-random-shortest-15,left,shortest,random,single,2026-04-11 19:22:26.7540000
6437,6691bc059b0182b0bdd7d682,1397,1,16,barchart-first-75-double-shortest-16,left,shortest,double,single,2026-04-11 19:22:29.7550000
6438,6691bc059b0182b0bdd7d682,1370,1,17,barchart-first-32-random-shortest-17,right,shortest,random,single,2026-04-11 19:22:31.7380000
6439,6691bc059b0182b0bdd7d682,678,1,18,barchart-first-01-same-shortest-18,right,shortest,same,single,2026-04-11 19:22:33.0170000
6440,6691bc059b0182b0bdd7d682,1272,1,19,barchart-first-11-random-shortest-19,right,shortest,random,single,2026-04-11 19:22:34.8890000
6441,6691bc059b0182b0bdd7d682,997,1,20,barchart-first-52-random-shortest-20,right,shortest,random,single,2026-04-11 19:22:36.4820000
6442,6691bc059b0182b0bdd7d682,1974,1,21,barchart-first-46-random-shortest-21,left,shortest,random,single,2026-04-11 19:22:39.0510000
6443,6691bc059b0182b0bdd7d682,1506,1,22,barchart-first-28-same-shortest-22,right,shortest,same,single,2026-04-11 19:22:41.1600000
6444,643466ccb8e9bb0350af3cbb,5033,1,48,barchart-second-27-random-shortest-0,left,shortest,random,single,2026-04-11 19:22:44.0200000
6445,6691bc059b0182b0bdd7d682,962,1,23,barchart-first-77-same-shortest-23,left,shortest,same,single,2026-04-11 19:22:42.7200000
6446,643466ccb8e9bb0350af3cbb,4480,1,49,barchart-second-09-same-shortest-1,left,shortest,same,single,2026-04-11 19:22:49.0610000
6447,6691bc059b0182b0bdd7d682,1456,1,24,barchart-first-37-random-shortest-24,left,shortest,random,single,2026-04-11 19:22:52.4550000
6448,643466ccb8e9bb0350af3cbb,6306,1,50,barchart-second-65-same-shortest-2,right,shortest,same,single,2026-04-11 19:22:55.9230000
6449,6691bc059b0182b0bdd7d682,1238,1,25,barchart-first-73-same-shortest-25,left,shortest,same,single,2026-04-11 19:22:54.2910000
6450,6691bc059b0182b0bdd7d682,1318,1,26,barchart-first-89-double-shortest-26,right,shortest,double,single,2026-04-11 19:22:56.1990000
6451,6691bc059b0182b0bdd7d682,1327,1,27,barchart-first-43-double-shortest-27,left,shortest,double,single,2026-04-11 19:22:58.1770000
6452,643466ccb8e9bb0350af3cbb,5211,1,51,barchart-second-20-random-shortest-3,left,shortest,random,single,2026-04-11 19:23:01.7060000
6453,6691bc059b0182b0bdd7d682,1589,1,28,barchart-first-90-double-shortest-28,left,shortest,double,single,2026-04-11 19:23:00.3770000
6454,6691bc059b0182b0bdd7d682,2033,1,29,barchart-first-24-random-shortest-29,left,shortest,random,single,2026-04-11 19:23:03.0080000
6455,6691bc059b0182b0bdd7d682,1106,1,30,barchart-first-74-double-shortest-30,left,shortest,double,single,2026-04-11 19:23:04.7150000
6456,643466ccb8e9bb0350af3cbb,4905,1,52,barchart-second-89-double-shortest-4,right,shortest,double,single,2026-04-11 19:23:07.1780000
6457,6691bc059b0182b0bdd7d682,1042,1,31,barchart-first-80-double-shortest-31,left,shortest,double,single,2026-04-11 19:23:06.3550000
6458,6691bc059b0182b0bdd7d682,920,1,32,barchart-first-55-double-shortest-32,left,shortest,double,single,2026-04-11 19:23:07.8780000
6459,6691bc059b0182b0bdd7d682,1588,1,33,barchart-first-09-random-shortest-33,left,shortest,random,single,2026-04-11 19:23:10.0700000
6460,643466ccb8e9bb0350af3cbb,5055,1,53,barchart-second-37-double-shortest-5,left,shortest,double,single,2026-04-11 19:23:12.8000000
6461,6691bc059b0182b0bdd7d682,1388,1,34,barchart-first-14-random-shortest-34,right,shortest,random,single,2026-04-11 19:23:12.0710000
6462,6691bc059b0182b0bdd7d682,1024,1,35,barchart-first-17-same-shortest-35,right,shortest,same,single,2026-04-11 19:23:13.6870000
6463,6691bc059b0182b0bdd7d682,1637,1,36,barchart-first-67-same-shortest-36,left,shortest,same,single,2026-04-11 19:23:15.9260000
6464,643466ccb8e9bb0350af3cbb,5979,1,54,barchart-second-69-same-shortest-6,right,shortest,same,single,2026-04-11 19:23:19.3440000
6465,6691bc059b0182b0bdd7d682,1473,1,37,barchart-first-56-same-shortest-37,left,shortest,same,single,2026-04-11 19:23:17.9970000
6466,6691bc059b0182b0bdd7d682,1221,1,38,barchart-first-22-same-shortest-38,right,shortest,same,single,2026-04-11 19:23:19.8240000
6467,6691bc059b0182b0bdd7d682,891,1,39,barchart-first-05-double-shortest-39,right,shortest,double,single,2026-04-11 19:23:21.3210000
6468,643466ccb8e9bb0350af3cbb,3986,1,55,barchart-second-13-double-shortest-7,left,shortest,double,single,2026-04-11 19:23:23.9020000
6469,6691bc059b0182b0bdd7d682,1538,0,40,barchart-first-59-random-shortest-40,right,shortest,random,single,2026-04-11 19:23:23.4640000
6470,6691bc059b0182b0bdd7d682,1128,1,41,barchart-first-31-double-shortest-41,right,shortest,double,single,2026-04-11 19:23:26.1880000
6471,643466ccb8e9bb0350af3cbb,5065,1,56,barchart-second-51-random-shortest-8,right,shortest,random,single,2026-04-11 19:23:29.5380000
6472,6691bc059b0182b0bdd7d682,1004,1,42,barchart-first-20-random-shortest-42,left,shortest,random,single,2026-04-11 19:23:27.7950000
6473,6691bc059b0182b0bdd7d682,1122,1,43,barchart-first-39-double-shortest-43,right,shortest,double,single,2026-04-11 19:23:29.5230000
6474,6691bc059b0182b0bdd7d682,1378,1,44,barchart-first-83-random-shortest-44,left,shortest,random,single,2026-04-11 19:23:31.5030000
6475,643466ccb8e9bb0350af3cbb,4449,1,57,barchart-second-80-random-shortest-9,left,shortest,random,single,2026-04-11 19:23:34.5500000
6476,6691bc059b0182b0bdd7d682,1201,1,45,barchart-first-21-random-shortest-45,right,shortest,random,single,2026-04-11 19:23:33.3030000
6477,6691bc059b0182b0bdd7d682,1009,1,46,barchart-first-02-same-shortest-46,right,shortest,same,single,2026-04-11 19:23:34.9090000
6478,6691bc059b0182b0bdd7d682,1408,1,47,barchart-first-36-same-shortest-47,left,shortest,same,single,2026-04-11 19:23:36.9110000
6479,643466ccb8e9bb0350af3cbb,4815,1,58,barchart-second-11-double-shortest-10,right,shortest,double,single,2026-04-11 19:23:39.9420000
6480,643466ccb8e9bb0350af3cbb,6176,1,59,barchart-second-16-same-shortest-11,right,shortest,same,single,2026-04-11 19:23:46.6780000
6481,643466ccb8e9bb0350af3cbb,4731,1,60,barchart-second-68-double-shortest-12,right,shortest,double,single,2026-04-11 19:23:51.9680000
6482,643466ccb8e9bb0350af3cbb,4957,1,61,barchart-second-18-random-shortest-13,right,shortest,random,single,2026-04-11 19:23:57.4770000
6483,643466ccb8e9bb0350af3cbb,4189,1,62,barchart-second-87-double-shortest-14,left,shortest,double,single,2026-04-11 19:24:02.2370000
6484,643466ccb8e9bb0350af3cbb,4080,1,63,barchart-second-90-same-shortest-15,left,shortest,same,single,2026-04-11 19:24:06.8820000
6485,674ca794941ad6898969714b,9074,1,0,barchart-first-87-random-shortest-0,left,shortest,random,single,2026-04-11 19:24:07.1410000
6486,674ca794941ad6898969714b,4167,1,1,barchart-first-30-random-shortest-1,right,shortest,random,single,2026-04-11 19:24:11.9030000
6487,643466ccb8e9bb0350af3cbb,5794,1,64,barchart-second-94-random-shortest-16,right,shortest,random,single,2026-04-11 19:24:13.2440000
6488,674ca794941ad6898969714b,2286,1,2,barchart-first-40-random-shortest-2,right,shortest,random,single,2026-04-11 19:24:14.7840000
6489,643466ccb8e9bb0350af3cbb,4753,1,65,barchart-second-91-same-shortest-17,right,shortest,same,single,2026-04-11 19:24:18.5590000
6490,674ca794941ad6898969714b,2555,1,3,barchart-first-51-double-shortest-3,right,shortest,double,single,2026-04-11 19:24:17.9310000
6491,6691bc059b0182b0bdd7d682,953,1,48,barchart-second-76-same-tallest-0,right,tallest,same,single,2026-04-11 19:24:18.4560000
6492,674ca794941ad6898969714b,1252,1,4,barchart-first-15-random-shortest-4,right,shortest,random,single,2026-04-11 19:24:19.7890000
6493,6691bc059b0182b0bdd7d682,764,1,49,barchart-second-84-random-tallest-1,right,tallest,random,single,2026-04-11 19:24:19.8090000
6494,674ca794941ad6898969714b,1346,1,5,barchart-first-00-double-shortest-5,left,shortest,double,single,2026-04-11 19:24:21.7230000
6495,6691bc059b0182b0bdd7d682,772,1,50,barchart-second-03-same-tallest-2,right,tallest,same,single,2026-04-11 19:24:21.1900000
6496,643466ccb8e9bb0350af3cbb,4741,1,66,barchart-second-39-same-shortest-18,right,shortest,same,single,2026-04-11 19:24:23.8670000
6497,674ca794941ad6898969714b,1355,1,6,barchart-first-57-double-shortest-6,right,shortest,double,single,2026-04-11 19:24:23.6710000
6498,6691bc059b0182b0bdd7d682,816,1,51,barchart-second-69-double-tallest-3,left,tallest,double,single,2026-04-11 19:24:22.6170000
6499,6691bc059b0182b0bdd7d682,741,1,52,barchart-second-16-same-tallest-4,right,tallest,same,single,2026-04-11 19:24:23.9630000
6500,674ca794941ad6898969714b,1654,1,7,barchart-first-58-same-shortest-7,left,shortest,same,single,2026-04-11 19:24:25.9100000
6501,6691bc059b0182b0bdd7d682,860,1,53,barchart-second-08-double-tallest-5,left,tallest,double,single,2026-04-11 19:24:25.4280000
6502,6691bc059b0182b0bdd7d682,851,1,54,barchart-second-12-random-tallest-6,left,tallest,random,single,2026-04-11 19:24:26.8770000
6503,6691bc059b0182b0bdd7d682,653,1,55,barchart-second-86-same-tallest-7,left,tallest,same,single,2026-04-11 19:24:28.1290000
6504,643466ccb8e9bb0350af3cbb,5799,1,67,barchart-second-15-double-shortest-19,right,shortest,double,single,2026-04-11 19:24:30.2380000
6505,674ca794941ad6898969714b,2898,1,8,barchart-first-23-random-shortest-8,right,shortest,random,single,2026-04-11 19:24:29.3930000
6506,6691bc059b0182b0bdd7d682,639,1,56,barchart-second-41-same-tallest-8,right,tallest,same,single,2026-04-11 19:24:29.3670000
6507,6691bc059b0182b0bdd7d682,697,1,57,barchart-second-65-double-tallest-9,right,tallest,double,single,2026-04-11 19:24:30.6720000
6508,674ca794941ad6898969714b,3139,0,9,barchart-first-65-double-shortest-9,left,shortest,double,single,2026-04-11 19:24:33.1410000
6509,6691bc059b0182b0bdd7d682,753,1,58,barchart-second-51-random-tallest-10,left,tallest,random,single,2026-04-11 19:24:32.0240000
6510,6691bc059b0182b0bdd7d682,1341,1,59,barchart-second-63-same-tallest-11,left,tallest,same,single,2026-04-11 19:24:33.9830000
6511,6691bc059b0182b0bdd7d682,612,1,60,barchart-second-07-same-tallest-12,left,tallest,same,single,2026-04-11 19:24:35.2100000
6512,643466ccb8e9bb0350af3cbb,7336,1,68,barchart-second-56-same-shortest-20,left,shortest,same,single,2026-04-11 19:24:38.1430000
6513,674ca794941ad6898969714b,2908,1,10,barchart-first-74-double-shortest-10,left,shortest,double,single,2026-04-11 19:24:37.6420000
6514,6691bc059b0182b0bdd7d682,798,1,61,barchart-second-91-double-tallest-13,left,tallest,double,single,2026-04-11 19:24:36.6030000
6515,6691bc059b0182b0bdd7d682,545,1,62,barchart-second-15-double-tallest-14,right,tallest,double,single,2026-04-11 19:24:37.7490000
6516,674ca794941ad6898969714b,1292,1,11,barchart-first-60-double-shortest-11,right,shortest,double,single,2026-04-11 19:24:39.5110000
6517,6691bc059b0182b0bdd7d682,785,1,63,barchart-second-57-same-tallest-15,left,tallest,same,single,2026-04-11 19:24:39.1330000
6518,674ca794941ad6898969714b,1017,1,12,barchart-first-71-random-shortest-12,left,shortest,random,single,2026-04-11 19:24:41.1110000
6519,6691bc059b0182b0bdd7d682,912,1,64,barchart-second-19-same-tallest-16,left,tallest,same,single,2026-04-11 19:24:40.6540000
6520,674ca794941ad6898969714b,1149,1,13,barchart-first-91-same-shortest-13,right,shortest,same,single,2026-04-11 19:24:42.8420000
6521,6691bc059b0182b0bdd7d682,654,1,65,barchart-second-38-double-tallest-17,right,tallest,double,single,2026-04-11 19:24:41.9100000
6522,6691bc059b0182b0bdd7d682,658,1,66,barchart-second-23-random-tallest-18,left,tallest,random,single,2026-04-11 19:24:43.1760000
6523,674ca794941ad6898969714b,1892,1,14,barchart-first-83-random-shortest-14,left,shortest,random,single,2026-04-11 19:24:45.3050000
6524,6691bc059b0182b0bdd7d682,761,1,67,barchart-second-13-double-tallest-19,left,tallest,double,single,2026-04-11 19:24:44.5460000
6525,674ca794941ad6898969714b,1532,1,15,barchart-first-53-same-shortest-15,right,shortest,same,single,2026-04-11 19:24:47.4280000
6526,6691bc059b0182b0bdd7d682,2328,1,68,barchart-second-42-double-tallest-20,right,tallest,double,single,2026-04-11 19:24:47.4800000
6527,643466ccb8e9bb0350af3cbb,11243,1,69,barchart-second-64-double-shortest-21,left,shortest,double,single,2026-04-11 19:24:49.9600000
6528,674ca794941ad6898969714b,1472,1,16,barchart-first-05-random-shortest-16,right,shortest,random,single,2026-04-11 19:24:49.4880000
6529,6691bc059b0182b0bdd7d682,725,1,69,barchart-second-64-random-tallest-21,left,tallest,random,single,2026-04-11 19:24:48.8000000
6530,6691bc059b0182b0bdd7d682,791,1,70,barchart-second-49-same-tallest-22,left,tallest,same,single,2026-04-11 19:24:50.1960000
6531,674ca794941ad6898969714b,1452,1,17,barchart-first-77-same-shortest-17,left,shortest,same,single,2026-04-11 19:24:51.5280000
6532,6691bc059b0182b0bdd7d682,735,1,71,barchart-second-25-double-tallest-23,right,tallest,double,single,2026-04-11 19:24:51.5290000
6533,674ca794941ad6898969714b,1594,1,18,barchart-first-11-double-shortest-18,right,shortest,double,single,2026-04-11 19:24:53.7070000
6534,674ca794941ad6898969714b,1890,1,19,barchart-first-67-double-shortest-19,left,shortest,double,single,2026-04-11 19:24:56.1860000
6535,643466ccb8e9bb0350af3cbb,6623,1,70,barchart-second-83-double-shortest-22,left,shortest,double,single,2026-04-11 19:24:57.1500000
6536,69cfc2457f1a61c82915a08f,1159,1,0,barchart-first-77-double-tallest-0,left,tallest,double,single,2026-04-11 19:24:56.8150000
6537,6691bc059b0182b0bdd7d682,793,1,72,barchart-second-93-random-tallest-24,left,tallest,random,single,2026-04-11 19:24:56.7440000
6538,69cfc2457f1a61c82915a08f,733,1,1,barchart-first-81-same-tallest-1,left,tallest,same,single,2026-04-11 19:24:58.2740000
6539,674ca794941ad6898969714b,1685,1,20,barchart-first-45-random-shortest-20,left,shortest,random,single,2026-04-11 19:24:58.4640000
6540,6691bc059b0182b0bdd7d682,713,1,73,barchart-second-54-double-tallest-25,right,tallest,double,single,2026-04-11 19:24:58.0650000
6541,69cfc2457f1a61c82915a08f,688,1,2,barchart-first-26-random-tallest-2,right,tallest,random,single,2026-04-11 19:24:59.5300000
6542,674ca794941ad6898969714b,1204,1,21,barchart-first-44-same-shortest-21,left,shortest,same,single,2026-04-11 19:25:00.2630000
6543,6691bc059b0182b0bdd7d682,720,1,74,barchart-second-68-double-tallest-26,right,tallest,double,single,2026-04-11 19:24:59.3880000
6544,6691bc059b0182b0bdd7d682,657,1,75,barchart-second-72-double-tallest-27,left,tallest,double,single,2026-04-11 19:25:00.6400000
6545,69cfc2457f1a61c82915a08f,2090,1,3,barchart-first-10-random-tallest-3,right,tallest,random,single,2026-04-11 19:25:02.2000000
6546,643466ccb8e9bb0350af3cbb,6034,1,71,barchart-second-54-random-shortest-23,left,shortest,random,single,2026-04-11 19:25:03.7620000
6547,6691bc059b0182b0bdd7d682,756,1,76,barchart-second-71-random-tallest-28,right,tallest,random,single,2026-04-11 19:25:02.0010000
6548,674ca794941ad6898969714b,2659,1,22,barchart-first-81-same-shortest-22,left,shortest,same,single,2026-04-11 19:25:03.5240000
6549,69cfc2457f1a61c82915a08f,765,1,4,barchart-first-53-same-tallest-4,left,tallest,same,single,2026-04-11 19:25:03.5330000
6550,6691bc059b0182b0bdd7d682,808,1,77,barchart-second-62-random-tallest-29,right,tallest,random,single,2026-04-11 19:25:03.4110000
6551,69cfc2457f1a61c82915a08f,753,1,5,barchart-first-59-same-tallest-5,left,tallest,same,single,2026-04-11 19:25:04.8610000
6552,674ca794941ad6898969714b,1352,1,23,barchart-first-54-random-shortest-23,left,shortest,random,single,2026-04-11 19:25:05.5000000
6553,6691bc059b0182b0bdd7d682,570,1,78,barchart-second-87-random-tallest-30,right,tallest,random,single,2026-04-11 19:25:04.6500000
6554,69cfc2457f1a61c82915a08f,945,1,6,barchart-first-94-random-tallest-6,right,tallest,random,single,2026-04-11 19:25:06.3800000
6555,6691bc059b0182b0bdd7d682,603,1,79,barchart-second-34-same-tallest-31,left,tallest,same,single,2026-04-11 19:25:05.8780000
6556,69cfc2457f1a61c82915a08f,1187,1,7,barchart-first-00-random-tallest-7,left,tallest,random,single,2026-04-11 19:25:08.1430000
6557,6691bc059b0182b0bdd7d682,737,1,80,barchart-second-85-same-tallest-32,left,tallest,same,single,2026-04-11 19:25:07.2140000
6558,69cfc2457f1a61c82915a08f,817,1,8,barchart-first-12-double-tallest-8,left,tallest,double,single,2026-04-11 19:25:09.5350000
6559,6691bc059b0182b0bdd7d682,767,1,81,barchart-second-66-same-tallest-33,right,tallest,same,single,2026-04-11 19:25:08.5820000
6560,69cfc2457f1a61c82915a08f,652,1,9,barchart-first-17-random-tallest-9,right,tallest,random,single,2026-04-11 19:25:10.7790000
6561,6691bc059b0182b0bdd7d682,705,1,82,barchart-second-35-double-tallest-34,left,tallest,double,single,2026-04-11 19:25:09.8810000
6562,6691bc059b0182b0bdd7d682,520,1,83,barchart-second-50-same-tallest-35,right,tallest,same,single,2026-04-11 19:25:11.0010000
6563,69cfc2457f1a61c82915a08f,779,1,10,barchart-first-36-random-tallest-10,left,tallest,random,single,2026-04-11 19:25:12.1340000
6564,6691bc059b0182b0bdd7d682,614,1,84,barchart-second-00-random-tallest-36,left,tallest,random,single,2026-04-11 19:25:12.2250000
6565,69cfc2457f1a61c82915a08f,1416,1,11,barchart-first-09-same-tallest-11,right,tallest,same,single,2026-04-11 19:25:14.1190000
6566,6691bc059b0182b0bdd7d682,891,1,85,barchart-second-95-same-tallest-37,right,tallest,same,single,2026-04-11 19:25:13.7170000
6567,69cfc2457f1a61c82915a08f,774,1,12,barchart-first-82-same-tallest-12,left,tallest,same,single,2026-04-11 19:25:15.4710000
6568,6691bc059b0182b0bdd7d682,643,1,86,barchart-second-82-double-tallest-38,left,tallest,double,single,2026-04-11 19:25:14.9570000
6569,6691bc059b0182b0bdd7d682,501,1,87,barchart-second-92-same-tallest-39,right,tallest,same,single,2026-04-11 19:25:16.0610000
6570,69cfc2457f1a61c82915a08f,1365,1,13,barchart-first-27-same-tallest-13,left,tallest,same,single,2026-04-11 19:25:17.4060000
6571,6691bc059b0182b0bdd7d682,528,1,88,barchart-second-61-double-tallest-40,left,tallest,double,single,2026-04-11 19:25:17.1840000
6572,69cfc2457f1a61c82915a08f,1350,1,14,barchart-first-19-same-tallest-14,left,tallest,same,single,2026-04-11 19:25:19.3490000
6573,6691bc059b0182b0bdd7d682,537,1,89,barchart-second-79-random-tallest-41,right,tallest,random,single,2026-04-11 19:25:18.3230000
6574,6691bc059b0182b0bdd7d682,578,1,90,barchart-second-81-random-tallest-42,left,tallest,random,single,2026-04-11 19:25:19.4960000
6575,674ca794941ad6898969714b,3551,1,24,barchart-first-18-same-shortest-24,right,shortest,same,single,2026-04-11 19:25:20.7590000
6576,69cfc2457f1a61c82915a08f,1465,1,15,barchart-first-49-double-tallest-15,left,tallest,double,single,2026-04-11 19:25:21.3860000
6577,6691bc059b0182b0bdd7d682,837,1,91,barchart-second-47-random-tallest-43,right,tallest,random,single,2026-04-11 19:25:20.9260000
6578,674ca794941ad6898969714b,1503,1,25,barchart-first-72-same-shortest-25,right,shortest,same,single,2026-04-11 19:25:22.8750000
6579,69cfc2457f1a61c82915a08f,1250,1,16,barchart-first-48-same-tallest-16,right,tallest,same,single,2026-04-11 19:25:23.2090000
6580,6691bc059b0182b0bdd7d682,806,1,92,barchart-second-58-double-tallest-44,right,tallest,double,single,2026-04-11 19:25:22.3270000
6581,6691bc059b0182b0bdd7d682,717,1,93,barchart-second-70-random-tallest-45,left,tallest,random,single,2026-04-11 19:25:23.6310000
6582,674ca794941ad6898969714b,1733,1,26,barchart-first-79-random-shortest-26,right,shortest,random,single,2026-04-11 19:25:25.2170000
6583,69cfc2457f1a61c82915a08f,1600,1,17,barchart-first-54-double-tallest-17,right,tallest,double,single,2026-04-11 19:25:25.3790000
6584,6691bc059b0182b0bdd7d682,533,1,94,barchart-second-26-random-tallest-46,right,tallest,random,single,2026-04-11 19:25:24.7570000
6585,674ca794941ad6898969714b,825,1,27,barchart-first-08-same-shortest-27,left,shortest,same,single,2026-04-11 19:25:26.6300000
6586,6691bc059b0182b0bdd7d682,543,1,95,barchart-second-94-random-tallest-47,right,tallest,random,single,2026-04-11 19:25:25.8990000
6587,69cfc2457f1a61c82915a08f,1969,1,18,barchart-first-50-random-tallest-18,right,tallest,random,single,2026-04-11 19:25:27.9240000
6588,674ca794941ad6898969714b,1815,1,28,barchart-first-50-double-shortest-28,right,shortest,double,single,2026-04-11 19:25:29.0690000
6589,69cfc2457f1a61c82915a08f,1194,1,19,barchart-first-80-random-tallest-19,left,tallest,random,single,2026-04-11 19:25:29.7300000
6590,674ca794941ad6898969714b,1001,1,29,barchart-first-21-same-shortest-29,right,shortest,same,single,2026-04-11 19:25:30.6700000
6591,69cfc2457f1a61c82915a08f,604,1,20,barchart-first-04-same-tallest-20,right,tallest,same,single,2026-04-11 19:25:30.9230000
6592,69cfc2457f1a61c82915a08f,1104,1,21,barchart-first-23-same-tallest-21,left,tallest,same,single,2026-04-11 19:25:32.5970000
6593,674ca794941ad6898969714b,1691,1,30,barchart-first-34-same-shortest-30,left,shortest,same,single,2026-04-11 19:25:32.9520000
6594,69cfc2457f1a61c82915a08f,856,1,22,barchart-first-25-double-tallest-22,right,tallest,double,single,2026-04-11 19:25:34.0360000
6595,674ca794941ad6898969714b,1423,1,31,barchart-first-68-double-shortest-31,right,shortest,double,single,2026-04-11 19:25:34.9700000
6596,69cfc2457f1a61c82915a08f,1208,1,23,barchart-first-06-same-tallest-23,right,tallest,same,single,2026-04-11 19:25:35.8110000
6597,674ca794941ad6898969714b,1690,1,32,barchart-first-38-double-shortest-32,left,shortest,double,single,2026-04-11 19:25:37.2600000
6598,643466ccb8e9bb0350af3cbb,6181,1,72,barchart-second-78-same-shortest-24,right,shortest,same,single,2026-04-11 19:25:41.5730000
6599,674ca794941ad6898969714b,3054,1,33,barchart-first-19-random-shortest-33,left,shortest,random,single,2026-04-11 19:25:40.8980000
6600,674ca794941ad6898969714b,1388,1,34,barchart-first-04-same-shortest-34,left,shortest,same,single,2026-04-11 19:25:42.8720000
6601,674ca794941ad6898969714b,2209,1,35,barchart-first-64-random-shortest-35,left,shortest,random,single,2026-04-11 19:25:45.6750000
6602,69cfc2457f1a61c82915a08f,852,1,24,barchart-first-47-double-tallest-24,right,tallest,double,single,2026-04-11 19:25:45.9580000
6603,643466ccb8e9bb0350af3cbb,5688,1,73,barchart-second-79-random-shortest-25,right,shortest,random,single,2026-04-11 19:25:47.8260000
6604,69cfc2457f1a61c82915a08f,624,1,25,barchart-first-24-double-tallest-25,left,tallest,double,single,2026-04-11 19:25:47.1580000
6605,674ca794941ad6898969714b,1827,1,36,barchart-first-43-double-shortest-36,left,shortest,double,single,2026-04-11 19:25:48.0970000
6606,69cfc2457f1a61c82915a08f,839,1,26,barchart-first-52-double-tallest-26,right,tallest,double,single,2026-04-11 19:25:48.5690000
6607,69cfc2457f1a61c82915a08f,844,1,27,barchart-first-01-double-tallest-27,left,tallest,double,single,2026-04-11 19:25:49.9870000
6608,69cfc2457f1a61c82915a08f,568,1,28,barchart-first-44-random-tallest-28,right,tallest,random,single,2026-04-11 19:25:51.1680000
6609,643466ccb8e9bb0350af3cbb,4978,1,74,barchart-second-72-double-shortest-26,right,shortest,double,single,2026-04-11 19:25:53.3700000
6610,69cfc2457f1a61c82915a08f,916,1,29,barchart-first-70-random-tallest-29,left,tallest,random,single,2026-04-11 19:25:52.6590000
6611,69cfc2457f1a61c82915a08f,857,1,30,barchart-first-75-double-tallest-30,left,tallest,double,single,2026-04-11 19:25:54.0910000
6612,69cfc2457f1a61c82915a08f,620,1,31,barchart-first-42-same-tallest-31,right,tallest,same,single,2026-04-11 19:25:55.2860000
6613,69cfc2457f1a61c82915a08f,669,1,32,barchart-first-69-random-tallest-32,left,tallest,random,single,2026-04-11 19:25:56.5280000
6614,674ca794941ad6898969714b,8530,1,37,barchart-first-14-same-shortest-37,right,shortest,same,single,2026-04-11 19:25:57.2390000
6615,643466ccb8e9bb0350af3cbb,4260,1,75,barchart-second-62-same-shortest-27,right,shortest,same,single,2026-04-11 19:25:58.2010000
6616,69cfc2457f1a61c82915a08f,696,1,33,barchart-first-57-random-tallest-33,left,tallest,random,single,2026-04-11 19:25:57.8020000
6617,674ca794941ad6898969714b,1674,1,38,barchart-first-20-same-shortest-38,left,shortest,same,single,2026-04-11 19:25:59.5460000
6618,69cfc2457f1a61c82915a08f,1312,1,34,barchart-first-30-same-tallest-34,left,tallest,same,single,2026-04-11 19:25:59.7090000
6619,69cfc2457f1a61c82915a08f,891,1,35,barchart-first-92-same-tallest-35,right,tallest,same,single,2026-04-11 19:26:01.1750000
6620,695fd6799e686edc11cdee44,2730,1,0,barchart-first-02-double-shortest-0,right,shortest,double,single,2026-04-11 19:26:01.8920000
6621,674ca794941ad6898969714b,1933,0,39,barchart-first-49-double-shortest-39,left,shortest,double,single,2026-04-11 19:26:02.0700000
6622,643466ccb8e9bb0350af3cbb,4302,1,76,barchart-second-08-same-shortest-28,left,shortest,same,single,2026-04-11 19:26:03.0700000
6623,69cfc2457f1a61c82915a08f,811,1,36,barchart-first-40-random-tallest-36,left,tallest,random,single,2026-04-11 19:26:02.5580000
6624,695fd6799e686edc11cdee44,987,1,1,barchart-first-08-random-shortest-1,left,shortest,random,single,2026-04-11 19:26:03.4360000
6625,69cfc2457f1a61c82915a08f,733,1,37,barchart-first-68-double-tallest-37,right,tallest,double,single,2026-04-11 19:26:03.8640000
6626,695fd6799e686edc11cdee44,1389,1,2,barchart-first-34-double-shortest-2,left,shortest,double,single,2026-04-11 19:26:05.3730000
6627,69cfc2457f1a61c82915a08f,822,1,38,barchart-first-84-random-tallest-38,right,tallest,random,single,2026-04-11 19:26:05.2700000
6628,674ca794941ad6898969714b,1978,1,40,barchart-first-28-same-shortest-40,right,shortest,same,single,2026-04-11 19:26:05.6440000
6629,5ecf40ccb218ec372490e3ea,1219,1,0,barchart-first-22-random-tallest-0,left,tallest,random,single,2026-04-11 19:26:06.5300000
6630,69cfc2457f1a61c82915a08f,976,1,39,barchart-first-37-random-tallest-39,left,tallest,random,single,2026-04-11 19:26:06.8340000
6631,643466ccb8e9bb0350af3cbb,4187,1,77,barchart-second-25-random-shortest-29,left,shortest,random,single,2026-04-11 19:26:07.8310000
6632,695fd6799e686edc11cdee44,1535,1,3,barchart-first-22-random-shortest-3,right,shortest,random,single,2026-04-11 19:26:07.4600000
6633,674ca794941ad6898969714b,1403,1,41,barchart-first-89-random-shortest-41,right,shortest,random,single,2026-04-11 19:26:07.6250000
6634,5ecf40ccb218ec372490e3ea,823,1,1,barchart-first-41-random-tallest-1,right,tallest,random,single,2026-04-11 19:26:07.9330000
6635,69cfc2457f1a61c82915a08f,1074,1,40,barchart-first-46-double-tallest-40,right,tallest,double,single,2026-04-11 19:26:08.4870000
6636,695fd6799e686edc11cdee44,1301,1,4,barchart-first-90-same-shortest-4,left,shortest,same,single,2026-04-11 19:26:09.3080000
6637,5ecf40ccb218ec372490e3ea,672,1,2,barchart-first-58-random-tallest-2,right,tallest,random,single,2026-04-11 19:26:09.1780000
6638,674ca794941ad6898969714b,1574,1,42,barchart-first-48-random-shortest-42,right,shortest,random,single,2026-04-11 19:26:09.7900000
6639,69cfc2457f1a61c82915a08f,1100,1,41,barchart-first-20-same-tallest-41,right,tallest,same,single,2026-04-11 19:26:10.0940000
6640,5ecf40ccb218ec372490e3ea,689,1,3,barchart-first-80-double-tallest-3,left,tallest,double,single,2026-04-11 19:26:10.4360000
6641,695fd6799e686edc11cdee44,1862,1,5,barchart-first-83-same-shortest-5,left,shortest,same,single,2026-04-11 19:26:11.7320000
6642,5ecf40ccb218ec372490e3ea,638,1,4,barchart-first-66-random-tallest-4,right,tallest,random,single,2026-04-11 19:26:11.6510000
6643,69cfc2457f1a61c82915a08f,954,1,42,barchart-first-79-double-tallest-42,right,tallest,double,single,2026-04-11 19:26:11.9460000
6644,674ca794941ad6898969714b,1684,1,43,barchart-first-17-same-shortest-43,right,shortest,same,single,2026-04-11 19:26:12.0640000
6645,643466ccb8e9bb0350af3cbb,4868,1,78,barchart-second-19-same-shortest-30,left,shortest,same,single,2026-04-11 19:26:13.2620000
6646,5ecf40ccb218ec372490e3ea,792,1,5,barchart-first-18-double-tallest-5,right,tallest,double,single,2026-04-11 19:26:13.0200000
6647,695fd6799e686edc11cdee44,1050,1,6,barchart-first-23-same-shortest-6,right,shortest,same,single,2026-04-11 19:26:13.3400000
6648,69cfc2457f1a61c82915a08f,991,1,43,barchart-first-66-same-tallest-43,right,tallest,same,single,2026-04-11 19:26:13.5140000
6649,674ca794941ad6898969714b,1422,1,44,barchart-first-37-double-shortest-44,left,shortest,double,single,2026-04-11 19:26:14.0610000
6650,5ecf40ccb218ec372490e3ea,634,1,6,barchart-first-82-double-tallest-6,left,tallest,double,single,2026-04-11 19:26:14.2260000
6651,69cfc2457f1a61c82915a08f,695,1,44,barchart-first-90-random-tallest-44,right,tallest,random,single,2026-04-11 19:26:14.8030000
6652,695fd6799e686edc11cdee44,1550,1,7,barchart-first-09-random-shortest-7,left,shortest,random,single,2026-04-11 19:26:15.4370000
6653,5ecf40ccb218ec372490e3ea,1201,1,7,barchart-first-48-same-tallest-7,right,tallest,same,single,2026-04-11 19:26:16.0050000
6654,674ca794941ad6898969714b,1660,1,45,barchart-first-12-double-shortest-45,left,shortest,double,single,2026-04-11 19:26:16.2960000
6655,643466ccb8e9bb0350af3cbb,3717,1,79,barchart-second-40-random-shortest-31,right,shortest,random,single,2026-04-11 19:26:17.5380000
6656,69cfc2457f1a61c82915a08f,1655,1,45,barchart-first-32-double-tallest-45,right,tallest,double,single,2026-04-11 19:26:17.0280000
6657,695fd6799e686edc11cdee44,1459,1,8,barchart-first-45-random-shortest-8,left,shortest,random,single,2026-04-11 19:26:17.4520000
6658,5ecf40ccb218ec372490e3ea,778,1,8,barchart-first-53-random-tallest-8,left,tallest,random,single,2026-04-11 19:26:17.3710000
6659,674ca794941ad6898969714b,951,1,46,barchart-first-27-double-shortest-46,left,shortest,double,single,2026-04-11 19:26:17.8280000
6660,5ecf40ccb218ec372490e3ea,848,1,9,barchart-first-07-same-tallest-9,left,tallest,same,single,2026-04-11 19:26:18.7880000
6661,69cfc2457f1a61c82915a08f,1376,1,46,barchart-first-89-double-tallest-46,left,tallest,double,single,2026-04-11 19:26:19.0550000
6662,695fd6799e686edc11cdee44,1513,1,9,barchart-first-28-random-shortest-9,right,shortest,random,single,2026-04-11 19:26:19.5160000
6663,5ecf40ccb218ec372490e3ea,621,1,10,barchart-first-54-double-tallest-10,right,tallest,double,single,2026-04-11 19:26:19.9870000
6664,674ca794941ad6898969714b,1654,1,47,barchart-first-47-random-shortest-47,left,shortest,random,single,2026-04-11 19:26:20.0720000
6665,69cfc2457f1a61c82915a08f,1077,1,47,barchart-first-86-double-tallest-47,left,tallest,double,single,2026-04-11 19:26:20.7510000
6666,5ecf40ccb218ec372490e3ea,865,1,11,barchart-first-68-double-tallest-11,right,tallest,double,single,2026-04-11 19:26:21.4340000
6667,695fd6799e686edc11cdee44,2192,1,10,barchart-first-44-double-shortest-10,left,shortest,double,single,2026-04-11 19:26:22.2600000
6668,5ecf40ccb218ec372490e3ea,752,1,12,barchart-first-85-random-tallest-12,left,tallest,random,single,2026-04-11 19:26:22.7460000
6669,643466ccb8e9bb0350af3cbb,5864,1,80,barchart-second-46-same-shortest-32,left,shortest,same,single,2026-04-11 19:26:23.9880000
6670,5ecf40ccb218ec372490e3ea,786,1,13,barchart-first-70-same-tallest-13,left,tallest,same,single,2026-04-11 19:26:24.0980000
6671,695fd6799e686edc11cdee44,1764,1,11,barchart-first-43-random-shortest-11,left,shortest,random,single,2026-04-11 19:26:24.5720000
6672,5ecf40ccb218ec372490e3ea,876,1,14,barchart-first-79-same-tallest-14,right,tallest,same,single,2026-04-11 19:26:25.5470000
6673,695fd6799e686edc11cdee44,1294,1,12,barchart-first-60-same-shortest-12,right,shortest,same,single,2026-04-11 19:26:26.4130000
6674,5ecf40ccb218ec372490e3ea,1082,1,15,barchart-first-34-same-tallest-15,left,tallest,same,single,2026-04-11 19:26:27.2040000
6675,695fd6799e686edc11cdee44,1162,1,13,barchart-first-49-random-shortest-13,right,shortest,random,single,2026-04-11 19:26:28.1320000
6676,5ecf40ccb218ec372490e3ea,664,1,16,barchart-first-47-random-tallest-16,right,tallest,random,single,2026-04-11 19:26:28.4360000
6677,643466ccb8e9bb0350af3cbb,5476,1,81,barchart-second-28-random-shortest-33,right,shortest,random,single,2026-04-11 19:26:30.0280000
6678,695fd6799e686edc11cdee44,1116,1,14,barchart-first-39-same-shortest-14,right,shortest,same,single,2026-04-11 19:26:29.8680000
6679,5ecf40ccb218ec372490e3ea,968,1,17,barchart-first-95-double-tallest-17,right,tallest,double,single,2026-04-11 19:26:29.9700000
6680,695fd6799e686edc11cdee44,885,1,15,barchart-first-80-double-shortest-15,left,shortest,double,single,2026-04-11 19:26:31.3560000
6681,5ecf40ccb218ec372490e3ea,1846,1,18,barchart-first-67-random-tallest-18,right,tallest,random,single,2026-04-11 19:26:32.3870000
6682,695fd6799e686edc11cdee44,1111,1,16,barchart-first-78-double-shortest-16,right,shortest,double,single,2026-04-11 19:26:33.0280000
6683,5ecf40ccb218ec372490e3ea,825,1,19,barchart-first-55-same-tallest-19,left,tallest,same,single,2026-04-11 19:26:33.7790000
6684,643466ccb8e9bb0350af3cbb,4177,1,82,barchart-second-35-random-shortest-34,left,shortest,random,single,2026-04-11 19:26:34.7830000
6685,695fd6799e686edc11cdee44,1536,1,17,barchart-first-89-same-shortest-17,right,shortest,same,single,2026-04-11 19:26:35.1160000
6686,5ecf40ccb218ec372490e3ea,751,1,20,barchart-first-16-random-tallest-20,right,tallest,random,single,2026-04-11 19:26:35.0910000
6687,695fd6799e686edc11cdee44,862,1,18,barchart-first-01-double-shortest-18,right,shortest,double,single,2026-04-11 19:26:36.5240000
6688,5ecf40ccb218ec372490e3ea,1433,1,21,barchart-first-06-double-tallest-21,right,tallest,double,single,2026-04-11 19:26:37.0840000
6689,695fd6799e686edc11cdee44,1138,1,19,barchart-first-92-random-shortest-19,right,shortest,random,single,2026-04-11 19:26:38.2120000
6690,5ecf40ccb218ec372490e3ea,877,0,22,barchart-first-89-double-tallest-22,right,tallest,double,single,2026-04-11 19:26:38.5230000
6691,695fd6799e686edc11cdee44,1614,1,20,barchart-first-76-random-shortest-20,left,shortest,random,single,2026-04-11 19:26:40.4040000
6692,643466ccb8e9bb0350af3cbb,6057,1,83,barchart-second-61-random-shortest-35,left,shortest,random,single,2026-04-11 19:26:41.4070000
6693,5ecf40ccb218ec372490e3ea,864,1,23,barchart-first-86-double-tallest-23,left,tallest,double,single,2026-04-11 19:26:40.9630000
6694,695fd6799e686edc11cdee44,1006,1,21,barchart-first-05-random-shortest-21,right,shortest,random,single,2026-04-11 19:26:41.9560000
6695,695fd6799e686edc11cdee44,1604,1,22,barchart-first-18-double-shortest-22,right,shortest,double,single,2026-04-11 19:26:44.1080000
6696,5ecf40ccb218ec372490e3ea,1520,1,24,barchart-first-72-same-tallest-24,left,tallest,same,single,2026-04-11 19:26:44.9380000
6697,695fd6799e686edc11cdee44,1882,1,23,barchart-first-38-same-shortest-23,left,shortest,same,single,2026-04-11 19:26:46.5400000
6698,5ecf40ccb218ec372490e3ea,872,1,25,barchart-first-76-same-tallest-25,right,tallest,same,single,2026-04-11 19:26:46.3780000
6699,643466ccb8e9bb0350af3cbb,6591,1,84,barchart-second-05-double-shortest-36,right,shortest,double,single,2026-04-11 19:26:48.5630000
6700,5ecf40ccb218ec372490e3ea,916,1,26,barchart-first-28-same-tallest-26,right,tallest,same,single,2026-04-11 19:26:47.8590000
6701,5ecf40ccb218ec372490e3ea,1268,1,27,barchart-first-49-random-tallest-27,left,tallest,random,single,2026-04-11 19:26:49.6990000
6702,5ecf40ccb218ec372490e3ea,993,1,28,barchart-first-29-double-tallest-28,left,tallest,double,single,2026-04-11 19:26:51.2670000
6703,5ecf40ccb218ec372490e3ea,805,1,29,barchart-first-30-same-tallest-29,left,tallest,same,single,2026-04-11 19:26:52.6430000
6704,5ecf40ccb218ec372490e3ea,885,1,30,barchart-first-08-random-tallest-30,left,tallest,random,single,2026-04-11 19:26:54.1010000
6705,643466ccb8e9bb0350af3cbb,6853,1,85,barchart-second-95-random-shortest-37,left,shortest,random,single,2026-04-11 19:26:55.9810000
6706,5ecf40ccb218ec372490e3ea,900,1,31,barchart-first-43-same-tallest-31,right,tallest,same,single,2026-04-11 19:26:55.5620000
6707,695fd6799e686edc11cdee44,2189,1,24,barchart-first-54-random-shortest-24,left,shortest,random,single,2026-04-11 19:26:56.7970000
6708,5ecf40ccb218ec372490e3ea,708,1,32,barchart-first-56-random-tallest-32,left,tallest,random,single,2026-04-11 19:26:56.8370000
6709,695fd6799e686edc11cdee44,1000,1,25,barchart-first-67-double-shortest-25,left,shortest,double,single,2026-04-11 19:26:58.3710000
6710,5ecf40ccb218ec372490e3ea,831,1,33,barchart-first-77-same-tallest-33,left,tallest,same,single,2026-04-11 19:26:58.2420000
6711,5ecf40ccb218ec372490e3ea,646,1,34,barchart-first-59-random-tallest-34,left,tallest,random,single,2026-04-11 19:26:59.4600000
6712,695fd6799e686edc11cdee44,1364,1,26,barchart-first-64-double-shortest-26,left,shortest,double,single,2026-04-11 19:27:00.2830000
6713,5ecf40ccb218ec372490e3ea,689,1,35,barchart-first-05-random-tallest-35,right,tallest,random,single,2026-04-11 19:27:00.7380000
6714,643466ccb8e9bb0350af3cbb,6101,1,86,barchart-second-30-same-shortest-38,right,shortest,same,single,2026-04-11 19:27:02.6430000
6715,695fd6799e686edc11cdee44,1275,1,27,barchart-first-29-double-shortest-27,right,shortest,double,single,2026-04-11 19:27:02.1080000
6716,5ecf40ccb218ec372490e3ea,638,1,36,barchart-first-60-random-tallest-36,right,tallest,random,single,2026-04-11 19:27:01.9490000
6717,69cfc2457f1a61c82915a08f,1518,1,48,barchart-second-51-same-shortest-0,right,shortest,same,single,2026-04-11 19:27:02.2670000
6718,5ecf40ccb218ec372490e3ea,815,1,37,barchart-first-46-double-tallest-37,right,tallest,double,single,2026-04-11 19:27:03.3240000
6719,695fd6799e686edc11cdee44,895,1,28,barchart-first-12-random-shortest-28,left,shortest,random,single,2026-04-11 19:27:03.5640000
6720,69cfc2457f1a61c82915a08f,1708,1,49,barchart-second-18-random-shortest-1,right,shortest,random,single,2026-04-11 19:27:04.5470000
6721,5ecf40ccb218ec372490e3ea,831,1,38,barchart-first-81-double-tallest-38,left,tallest,double,single,2026-04-11 19:27:04.7230000
6722,695fd6799e686edc11cdee44,979,1,29,barchart-first-65-double-shortest-29,right,shortest,double,single,2026-04-11 19:27:05.1000000
6723,5ecf40ccb218ec372490e3ea,667,1,39,barchart-first-87-double-tallest-39,right,tallest,double,single,2026-04-11 19:27:05.9570000
6724,69cfc2457f1a61c82915a08f,1588,1,50,barchart-second-14-double-shortest-2,right,shortest,double,single,2026-04-11 19:27:06.7100000
6725,695fd6799e686edc11cdee44,1234,1,30,barchart-first-56-same-shortest-30,left,shortest,same,single,2026-04-11 19:27:06.8920000
6726,5ecf40ccb218ec372490e3ea,593,1,40,barchart-first-71-same-tallest-40,right,tallest,same,single,2026-04-11 19:27:07.1230000
6727,69cfc2457f1a61c82915a08f,1004,1,51,barchart-second-55-same-shortest-3,left,shortest,same,single,2026-04-11 19:27:08.2820000
6728,5ecf40ccb218ec372490e3ea,690,1,41,barchart-first-12-double-tallest-41,left,tallest,double,single,2026-04-11 19:27:08.3870000
6729,695fd6799e686edc11cdee44,1156,1,31,barchart-first-71-same-shortest-31,left,shortest,same,single,2026-04-11 19:27:08.6040000
6730,643466ccb8e9bb0350af3cbb,6853,1,87,barchart-second-84-double-shortest-39,right,shortest,double,single,2026-04-11 19:27:10.0730000
6731,695fd6799e686edc11cdee44,979,1,32,barchart-first-93-same-shortest-32,right,shortest,same,single,2026-04-11 19:27:10.1320000
6732,5ecf40ccb218ec372490e3ea,978,1,42,barchart-first-21-double-tallest-42,right,tallest,double,single,2026-04-11 19:27:09.9310000
6733,69cfc2457f1a61c82915a08f,1335,1,52,barchart-second-41-same-shortest-4,right,shortest,same,single,2026-04-11 19:27:10.1990000
6734,5ecf40ccb218ec372490e3ea,956,1,43,barchart-first-23-same-tallest-43,left,tallest,same,single,2026-04-11 19:27:11.4440000
6735,69cfc2457f1a61c82915a08f,1046,1,53,barchart-second-56-random-shortest-5,left,shortest,random,single,2026-04-11 19:27:11.8220000
6736,695fd6799e686edc11cdee44,1642,1,33,barchart-first-84-same-shortest-33,right,shortest,same,single,2026-04-11 19:27:12.4360000
6737,643466ccb8e9bb0350af3cbb,3059,1,88,barchart-second-88-double-shortest-40,left,shortest,double,single,2026-04-11 19:27:13.7020000
6738,5ecf40ccb218ec372490e3ea,807,1,44,barchart-first-25-same-tallest-44,right,tallest,same,single,2026-04-11 19:27:12.8120000
6739,69cfc2457f1a61c82915a08f,1074,1,54,barchart-second-38-double-shortest-6,left,shortest,double,single,2026-04-11 19:27:13.4780000
6740,5ecf40ccb218ec372490e3ea,746,1,45,barchart-first-36-double-tallest-45,left,tallest,double,single,2026-04-11 19:27:14.1300000
6741,695fd6799e686edc11cdee44,1359,1,34,barchart-first-79-double-shortest-34,right,shortest,double,single,2026-04-11 19:27:14.3480000
6742,69cfc2457f1a61c82915a08f,1099,1,55,barchart-second-72-random-shortest-7,right,shortest,random,single,2026-04-11 19:27:15.1550000
6743,695fd6799e686edc11cdee44,788,1,35,barchart-first-88-same-shortest-35,left,shortest,same,single,2026-04-11 19:27:15.6920000
6744,5ecf40ccb218ec372490e3ea,972,1,46,barchart-first-69-random-tallest-46,left,tallest,random,single,2026-04-11 19:27:15.6670000
6745,69cfc2457f1a61c82915a08f,871,1,56,barchart-second-83-same-shortest-8,left,shortest,same,single,2026-04-11 19:27:16.6270000
6746,695fd6799e686edc11cdee44,1054,1,36,barchart-first-13-double-shortest-36,left,shortest,double,single,2026-04-11 19:27:17.3010000
6747,5ecf40ccb218ec372490e3ea,941,1,47,barchart-first-84-same-tallest-47,right,tallest,same,single,2026-04-11 19:27:17.1710000
6748,643466ccb8e9bb0350af3cbb,4122,1,89,barchart-second-74-double-shortest-41,left,shortest,double,single,2026-04-11 19:27:18.3830000
6749,66cbc2627559d53c0e3e4ac4,3090,1,0,barchart-first-87-same-tallest-0,right,tallest,same,single,2026-04-11 19:27:17.5820000
6750,69cfc2457f1a61c82915a08f,922,1,57,barchart-second-65-same-shortest-9,right,shortest,same,single,2026-04-11 19:27:18.1230000
6751,695fd6799e686edc11cdee44,1171,1,37,barchart-first-74-double-shortest-37,left,shortest,double,single,2026-04-11 19:27:19.0210000
6752,69cfc2457f1a61c82915a08f,812,1,58,barchart-second-67-double-shortest-10,left,shortest,double,single,2026-04-11 19:27:19.5170000
6753,695fd6799e686edc11cdee44,1201,1,38,barchart-first-86-double-shortest-38,right,shortest,double,single,2026-04-11 19:27:20.7800000
6754,69cfc2457f1a61c82915a08f,1062,1,59,barchart-second-34-double-shortest-11,left,shortest,double,single,2026-04-11 19:27:21.1530000
6755,643466ccb8e9bb0350af3cbb,4314,1,90,barchart-second-31-double-shortest-42,right,shortest,double,single,2026-04-11 19:27:23.2690000
6756,695fd6799e686edc11cdee44,1224,1,39,barchart-first-73-double-shortest-39,left,shortest,double,single,2026-04-11 19:27:22.5480000
6757,66cbc2627559d53c0e3e4ac4,3980,1,1,barchart-first-21-same-tallest-1,right,tallest,same,single,2026-04-11 19:27:22.1270000
6758,69cfc2457f1a61c82915a08f,983,1,60,barchart-second-28-same-shortest-12,right,shortest,same,single,2026-04-11 19:27:22.7110000
6759,695fd6799e686edc11cdee44,1177,1,40,barchart-first-40-same-shortest-40,right,shortest,same,single,2026-04-11 19:27:24.2760000
6760,69cfc2457f1a61c82915a08f,1058,1,61,barchart-second-58-same-shortest-13,left,shortest,same,single,2026-04-11 19:27:24.5620000
6761,695fd6799e686edc11cdee44,1256,1,41,barchart-first-57-random-shortest-41,right,shortest,random,single,2026-04-11 19:27:26.0920000
6762,69cfc2457f1a61c82915a08f,1305,1,62,barchart-second-62-random-shortest-14,right,shortest,random,single,2026-04-11 19:27:26.4340000
6763,66cbc2627559d53c0e3e4ac4,3614,1,2,barchart-first-28-double-tallest-2,right,tallest,double,single,2026-04-11 19:27:26.3350000
6764,695fd6799e686edc11cdee44,1175,1,42,barchart-first-35-same-shortest-42,left,shortest,same,single,2026-04-11 19:27:27.8130000
6765,69cfc2457f1a61c82915a08f,821,1,63,barchart-second-87-same-shortest-15,left,shortest,same,single,2026-04-11 19:27:27.8600000
6766,643466ccb8e9bb0350af3cbb,5413,1,91,barchart-second-43-same-shortest-43,left,shortest,same,single,2026-04-11 19:27:29.2420000
6767,66cbc2627559d53c0e3e4ac4,1429,1,3,barchart-first-37-double-tallest-3,left,tallest,double,single,2026-04-11 19:27:28.3430000
6768,69cfc2457f1a61c82915a08f,953,1,64,barchart-second-76-random-shortest-16,left,shortest,random,single,2026-04-11 19:27:29.3830000
6769,695fd6799e686edc11cdee44,1293,1,43,barchart-first-75-random-shortest-43,left,shortest,random,single,2026-04-11 19:27:29.6520000
6770,69cfc2457f1a61c82915a08f,1035,1,65,barchart-second-73-double-shortest-17,left,shortest,double,single,2026-04-11 19:27:30.9930000
6771,695fd6799e686edc11cdee44,1393,1,44,barchart-first-17-random-shortest-44,right,shortest,random,single,2026-04-11 19:27:31.5890000
6772,66cbc2627559d53c0e3e4ac4,2453,1,4,barchart-first-83-double-tallest-4,left,tallest,double,single,2026-04-11 19:27:31.3750000
6773,69cfc2457f1a61c82915a08f,1165,1,66,barchart-second-21-double-shortest-18,right,shortest,double,single,2026-04-11 19:27:32.6660000
6774,643466ccb8e9bb0350af3cbb,3981,1,92,barchart-second-53-random-shortest-44,right,shortest,random,single,2026-04-11 19:27:33.7940000
6775,695fd6799e686edc11cdee44,1157,1,45,barchart-first-55-same-shortest-45,left,shortest,same,single,2026-04-11 19:27:33.2910000
6776,69cfc2457f1a61c82915a08f,1022,1,67,barchart-second-05-same-shortest-19,right,shortest,same,single,2026-04-11 19:27:34.2650000
6777,66cbc2627559d53c0e3e4ac4,2274,1,5,barchart-first-60-same-tallest-5,right,tallest,same,single,2026-04-11 19:27:34.2150000
6778,695fd6799e686edc11cdee44,1704,1,46,barchart-first-63-random-shortest-46,right,shortest,random,single,2026-04-11 19:27:35.5400000
6779,69cfc2457f1a61c82915a08f,948,1,68,barchart-second-78-random-shortest-20,right,shortest,random,single,2026-04-11 19:27:35.8060000
6780,695fd6799e686edc11cdee44,931,1,47,barchart-first-42-same-shortest-47,right,shortest,same,single,2026-04-11 19:27:37.0280000
6781,69cfc2457f1a61c82915a08f,1121,1,69,barchart-second-71-random-shortest-21,left,shortest,random,single,2026-04-11 19:27:37.5010000
6782,643466ccb8e9bb0350af3cbb,4452,1,93,barchart-second-70-random-shortest-45,right,shortest,random,single,2026-04-11 19:27:38.8080000
6783,66cbc2627559d53c0e3e4ac4,2715,1,6,barchart-first-71-random-tallest-6,right,tallest,random,single,2026-04-11 19:27:37.5110000
6784,69cfc2457f1a61c82915a08f,1396,1,70,barchart-second-61-double-shortest-22,left,shortest,double,single,2026-04-11 19:27:39.4730000
6785,69cfc2457f1a61c82915a08f,793,1,71,barchart-second-64-double-shortest-23,left,shortest,double,single,2026-04-11 19:27:40.8380000
6786,643466ccb8e9bb0350af3cbb,3526,1,94,barchart-second-73-double-shortest-46,left,shortest,double,single,2026-04-11 19:27:42.9040000
6787,66cbc2627559d53c0e3e4ac4,3955,1,7,barchart-first-16-double-tallest-7,right,tallest,double,single,2026-04-11 19:27:42.0390000
6788,66cbc2627559d53c0e3e4ac4,3931,1,8,barchart-first-66-same-tallest-8,right,tallest,same,single,2026-04-11 19:27:46.5430000
6789,643466ccb8e9bb0350af3cbb,5876,1,95,barchart-second-34-same-shortest-47,left,shortest,same,single,2026-04-11 19:27:49.3720000
6790,66cbc2627559d53c0e3e4ac4,2387,1,9,barchart-first-48-random-tallest-9,right,tallest,random,single,2026-04-11 19:27:49.4960000
6791,66cbc2627559d53c0e3e4ac4,2243,1,10,barchart-first-88-double-tallest-10,right,tallest,double,single,2026-04-11 19:27:52.3030000
6792,66cbc2627559d53c0e3e4ac4,2065,1,11,barchart-first-33-random-tallest-11,left,tallest,random,single,2026-04-11 19:27:55.1760000
6793,66cbc2627559d53c0e3e4ac4,1393,1,12,barchart-first-11-double-tallest-12,left,tallest,double,single,2026-04-11 19:27:57.1350000
6794,5ecf40ccb218ec372490e3ea,2283,1,48,barchart-second-32-double-shortest-0,right,shortest,double,single,2026-04-11 19:27:57.7720000
6795,5ecf40ccb218ec372490e3ea,1236,1,49,barchart-second-91-random-shortest-1,right,shortest,random,single,2026-04-11 19:27:59.5800000
6796,69cfc2457f1a61c82915a08f,791,1,72,barchart-second-88-random-shortest-24,left,shortest,random,single,2026-04-11 19:27:59.7360000
6797,66cbc2627559d53c0e3e4ac4,2217,1,13,barchart-first-08-same-tallest-13,left,tallest,same,single,2026-04-11 19:27:59.9200000
6798,69cfc2457f1a61c82915a08f,990,1,73,barchart-second-43-double-shortest-25,left,shortest,double,single,2026-04-11 19:28:01.2980000
6799,5ecf40ccb218ec372490e3ea,1115,1,50,barchart-second-13-random-shortest-2,left,shortest,random,single,2026-04-11 19:28:01.2580000
6800,66cbc2627559d53c0e3e4ac4,1478,1,14,barchart-first-45-random-tallest-14,left,tallest,random,single,2026-04-11 19:28:01.9680000
6801,69cfc2457f1a61c82915a08f,1011,1,74,barchart-second-60-random-shortest-26,right,shortest,random,single,2026-04-11 19:28:02.8910000
6802,5ecf40ccb218ec372490e3ea,1107,1,51,barchart-second-64-same-shortest-3,left,shortest,same,single,2026-04-11 19:28:02.9310000
6803,69cfc2457f1a61c82915a08f,844,1,75,barchart-second-63-random-shortest-27,right,shortest,random,single,2026-04-11 19:28:04.3080000
6804,66cbc2627559d53c0e3e4ac4,2028,1,15,barchart-first-69-random-tallest-15,left,tallest,random,single,2026-04-11 19:28:04.5600000
6805,5ecf40ccb218ec372490e3ea,1501,1,52,barchart-second-02-double-shortest-4,right,shortest,double,single,2026-04-11 19:28:04.9940000
6806,69cfc2457f1a61c82915a08f,1243,1,76,barchart-second-91-same-shortest-28,right,shortest,same,single,2026-04-11 19:28:06.1300000
6807,5ecf40ccb218ec372490e3ea,712,1,53,barchart-second-40-double-shortest-5,right,shortest,double,single,2026-04-11 19:28:06.2660000
6808,66cbc2627559d53c0e3e4ac4,2163,1,16,barchart-first-62-same-tallest-16,right,tallest,same,single,2026-04-11 19:28:07.2870000
6809,69cfc2457f1a61c82915a08f,1382,1,77,barchart-second-85-random-shortest-29,left,shortest,random,single,2026-04-11 19:28:08.0960000
6810,5ecf40ccb218ec372490e3ea,1213,1,54,barchart-second-37-same-shortest-6,left,shortest,same,single,2026-04-11 19:28:08.0420000
6811,69cfc2457f1a61c82915a08f,948,1,78,barchart-second-15-double-shortest-30,right,shortest,double,single,2026-04-11 19:28:09.6180000
6812,66cbc2627559d53c0e3e4ac4,1474,1,17,barchart-first-14-same-tallest-17,left,tallest,same,single,2026-04-11 19:28:09.3440000
6813,5ecf40ccb218ec372490e3ea,1324,1,55,barchart-second-94-same-shortest-7,right,shortest,same,single,2026-04-11 19:28:09.9390000
6814,69cfc2457f1a61c82915a08f,811,1,79,barchart-second-35-double-shortest-31,left,shortest,double,single,2026-04-11 19:28:11.0240000
6815,5ecf40ccb218ec372490e3ea,999,1,56,barchart-second-10-double-shortest-8,left,shortest,double,single,2026-04-11 19:28:11.4990000
6816,66cbc2627559d53c0e3e4ac4,1324,1,18,barchart-first-70-random-tallest-18,left,tallest,random,single,2026-04-11 19:28:11.2320000
6817,69cfc2457f1a61c82915a08f,822,1,80,barchart-second-33-double-shortest-32,right,shortest,double,single,2026-04-11 19:28:12.4150000
6818,5ecf40ccb218ec372490e3ea,1040,1,57,barchart-second-61-double-shortest-9,left,shortest,double,single,2026-04-11 19:28:13.0990000
6819,69cfc2457f1a61c82915a08f,1021,1,81,barchart-second-03-random-shortest-33,left,shortest,random,single,2026-04-11 19:28:14.0130000
6820,66cbc2627559d53c0e3e4ac4,1793,1,19,barchart-first-10-random-tallest-19,right,tallest,random,single,2026-04-11 19:28:13.5910000
6821,5ecf40ccb218ec372490e3ea,1030,1,58,barchart-second-93-random-shortest-10,right,shortest,random,single,2026-04-11 19:28:14.6990000
6822,5ecf40ccb218ec372490e3ea,1000,1,59,barchart-second-92-random-shortest-11,right,shortest,random,single,2026-04-11 19:28:16.2760000
6823,66cbc2627559d53c0e3e4ac4,1918,1,20,barchart-first-47-double-tallest-20,right,tallest,double,single,2026-04-11 19:28:16.0800000
6824,695fd6799e686edc11cdee44,1837,1,48,barchart-second-85-same-tallest-0,left,tallest,same,single,2026-04-11 19:28:16.7080000
6825,69cfc2457f1a61c82915a08f,2033,1,82,barchart-second-07-same-shortest-34,left,shortest,same,single,2026-04-11 19:28:16.6200000
6826,5ecf40ccb218ec372490e3ea,1369,1,60,barchart-second-63-same-shortest-12,right,shortest,same,single,2026-04-11 19:28:18.2190000
6827,695fd6799e686edc11cdee44,1173,1,49,barchart-second-58-double-tallest-1,right,tallest,double,single,2026-04-11 19:28:18.4680000
6828,69cfc2457f1a61c82915a08f,1624,1,83,barchart-second-74-same-shortest-35,left,shortest,same,single,2026-04-11 19:28:18.8750000
6829,66cbc2627559d53c0e3e4ac4,2209,1,21,barchart-first-52-same-tallest-21,right,tallest,same,single,2026-04-11 19:28:18.9120000
6830,695fd6799e686edc11cdee44,986,1,50,barchart-second-11-double-tallest-2,left,tallest,double,single,2026-04-11 19:28:20.0200000
6831,5ecf40ccb218ec372490e3ea,1627,1,61,barchart-second-20-same-shortest-13,left,shortest,same,single,2026-04-11 19:28:20.4190000
6832,69cfc2457f1a61c82915a08f,1135,1,84,barchart-second-39-double-shortest-36,right,shortest,double,single,2026-04-11 19:28:20.5810000
6833,695fd6799e686edc11cdee44,965,1,51,barchart-second-66-random-tallest-3,right,tallest,random,single,2026-04-11 19:28:21.5400000
6834,66cbc2627559d53c0e3e4ac4,1801,1,22,barchart-first-07-double-tallest-22,left,tallest,double,single,2026-04-11 19:28:21.2810000
6835,69cfc2457f1a61c82915a08f,1111,1,85,barchart-second-16-double-shortest-37,right,shortest,double,single,2026-04-11 19:28:22.2750000
6836,5ecf40ccb218ec372490e3ea,1414,1,62,barchart-second-31-same-shortest-14,right,shortest,same,single,2026-04-11 19:28:22.3890000
6837,695fd6799e686edc11cdee44,1198,1,52,barchart-second-69-random-tallest-4,left,tallest,random,single,2026-04-11 19:28:23.2930000
6838,69cfc2457f1a61c82915a08f,1088,1,86,barchart-second-13-same-shortest-38,left,shortest,same,single,2026-04-11 19:28:23.9370000
6839,5ecf40ccb218ec372490e3ea,1134,1,63,barchart-second-52-double-shortest-15,right,shortest,double,single,2026-04-11 19:28:24.0990000
6840,66cbc2627559d53c0e3e4ac4,1969,1,23,barchart-first-56-double-tallest-23,left,tallest,double,single,2026-04-11 19:28:23.8240000
6841,695fd6799e686edc11cdee44,982,1,53,barchart-second-16-random-tallest-5,right,tallest,random,single,2026-04-11 19:28:24.8200000
6842,69cfc2457f1a61c82915a08f,1422,1,87,barchart-second-29-double-shortest-39,right,shortest,double,single,2026-04-11 19:28:25.9370000
6843,695fd6799e686edc11cdee44,835,1,54,barchart-second-33-same-tallest-6,left,tallest,same,single,2026-04-11 19:28:26.2280000
6844,5ecf40ccb218ec372490e3ea,2015,1,64,barchart-second-14-random-shortest-16,right,shortest,random,single,2026-04-11 19:28:26.6830000
6845,69cfc2457f1a61c82915a08f,1102,1,88,barchart-second-08-random-shortest-40,left,shortest,random,single,2026-04-11 19:28:27.6280000
6846,695fd6799e686edc11cdee44,1142,1,55,barchart-second-30-same-tallest-7,left,tallest,same,single,2026-04-11 19:28:27.9160000
6847,5ecf40ccb218ec372490e3ea,1182,1,65,barchart-second-74-same-shortest-17,left,shortest,same,single,2026-04-11 19:28:28.4260000
6848,695fd6799e686edc11cdee44,911,1,56,barchart-second-03-double-tallest-8,right,tallest,double,single,2026-04-11 19:28:29.3720000
6849,69cfc2457f1a61c82915a08f,1228,1,89,barchart-second-02-random-shortest-41,right,shortest,random,single,2026-04-11 19:28:29.4470000
6850,5ecf40ccb218ec372490e3ea,1121,1,66,barchart-second-88-double-shortest-18,left,shortest,double,single,2026-04-11 19:28:30.1220000
6851,695fd6799e686edc11cdee44,801,1,57,barchart-second-14-double-tallest-9,left,tallest,double,single,2026-04-11 19:28:30.7160000
6852,69cfc2457f1a61c82915a08f,1051,1,90,barchart-second-11-double-shortest-42,right,shortest,double,single,2026-04-11 19:28:31.0740000
6853,5ecf40ccb218ec372490e3ea,957,1,67,barchart-second-01-same-shortest-19,right,shortest,same,single,2026-04-11 19:28:31.6680000
6854,695fd6799e686edc11cdee44,940,1,58,barchart-second-19-random-tallest-10,left,tallest,random,single,2026-04-11 19:28:32.2200000
6855,69cfc2457f1a61c82915a08f,1717,1,91,barchart-second-22-same-shortest-43,right,shortest,same,single,2026-04-11 19:28:33.3770000
6856,695fd6799e686edc11cdee44,1153,1,59,barchart-second-15-random-tallest-11,right,tallest,random,single,2026-04-11 19:28:33.9250000
6857,5ecf40ccb218ec372490e3ea,2220,1,68,barchart-second-50-random-shortest-20,right,shortest,random,single,2026-04-11 19:28:34.4600000
6858,695fd6799e686edc11cdee44,1025,1,60,barchart-second-47-same-tallest-12,right,tallest,same,single,2026-04-11 19:28:35.5000000
6859,69cfc2457f1a61c82915a08f,1817,1,92,barchart-second-93-random-shortest-44,right,shortest,random,single,2026-04-11 19:28:35.7750000
6860,5ecf40ccb218ec372490e3ea,984,1,69,barchart-second-39-double-shortest-21,right,shortest,double,single,2026-04-11 19:28:36.0120000
6861,66cbc2627559d53c0e3e4ac4,2359,1,24,barchart-first-01-same-tallest-24,left,tallest,same,single,2026-04-11 19:28:36.4090000
6862,695fd6799e686edc11cdee44,1109,1,61,barchart-second-95-double-tallest-13,right,tallest,double,single,2026-04-11 19:28:37.1560000
6863,69cfc2457f1a61c82915a08f,1050,1,93,barchart-second-45-random-shortest-45,left,shortest,random,single,2026-04-11 19:28:37.4100000
6864,5ecf40ccb218ec372490e3ea,1271,1,70,barchart-second-24-same-shortest-22,left,shortest,same,single,2026-04-11 19:28:37.8520000
6865,695fd6799e686edc11cdee44,831,1,62,barchart-second-77-double-tallest-14,left,tallest,double,single,2026-04-11 19:28:38.5320000
6866,69cfc2457f1a61c82915a08f,1644,1,94,barchart-second-95-same-shortest-46,left,shortest,same,single,2026-04-11 19:28:39.6270000
6867,695fd6799e686edc11cdee44,906,1,63,barchart-second-00-double-tallest-15,left,tallest,double,single,2026-04-11 19:28:39.9960000
6868,66cbc2627559d53c0e3e4ac4,2485,1,25,barchart-first-30-double-tallest-25,left,tallest,double,single,2026-04-11 19:28:39.4640000
6869,5ecf40ccb218ec372490e3ea,1930,1,71,barchart-second-83-double-shortest-23,left,shortest,double,single,2026-04-11 19:28:40.3460000
6870,69cfc2457f1a61c82915a08f,1244,1,95,barchart-second-31-same-shortest-47,right,shortest,same,single,2026-04-11 19:28:41.4460000
6871,695fd6799e686edc11cdee44,1072,1,64,barchart-second-20-random-tallest-16,right,tallest,random,single,2026-04-11 19:28:41.6130000
6872,66cbc2627559d53c0e3e4ac4,2089,1,26,barchart-first-24-random-tallest-26,left,tallest,random,single,2026-04-11 19:28:42.1370000
6873,695fd6799e686edc11cdee44,963,1,65,barchart-second-10-same-tallest-17,right,tallest,same,single,2026-04-11 19:28:43.1240000
6874,5ecf40ccb218ec372490e3ea,1328,1,72,barchart-second-75-random-shortest-24,left,shortest,random,single,2026-04-11 19:28:44.0020000
6875,695fd6799e686edc11cdee44,979,1,66,barchart-second-87-random-tallest-18,right,tallest,random,single,2026-04-11 19:28:44.6610000
6876,66cbc2627559d53c0e3e4ac4,1832,1,27,barchart-first-25-same-tallest-27,right,tallest,same,single,2026-04-11 19:28:44.5380000
6877,695fd6799e686edc11cdee44,666,1,67,barchart-second-07-double-tallest-19,left,tallest,double,single,2026-04-11 19:28:45.8840000
6878,5ecf40ccb218ec372490e3ea,1228,1,73,barchart-second-38-random-shortest-25,left,shortest,random,single,2026-04-11 19:28:45.7960000
6879,66cbc2627559d53c0e3e4ac4,1409,1,28,barchart-first-93-random-tallest-28,left,tallest,random,single,2026-04-11 19:28:46.5200000
6880,5ecf40ccb218ec372490e3ea,1082,1,74,barchart-second-27-double-shortest-26,left,shortest,double,single,2026-04-11 19:28:47.4680000
6881,695fd6799e686edc11cdee44,1737,1,68,barchart-second-04-same-tallest-20,right,tallest,same,single,2026-04-11 19:28:48.1720000
6882,66cbc2627559d53c0e3e4ac4,1845,1,29,barchart-first-58-random-tallest-29,right,tallest,random,single,2026-04-11 19:28:48.9450000
6883,695fd6799e686edc11cdee44,833,1,69,barchart-second-91-double-tallest-21,left,tallest,double,single,2026-04-11 19:28:49.5560000
6884,5ecf40ccb218ec372490e3ea,1694,1,75,barchart-second-65-random-shortest-27,right,shortest,random,single,2026-04-11 19:28:49.7310000
6885,695fd6799e686edc11cdee44,1090,1,70,barchart-second-32-double-tallest-22,right,tallest,double,single,2026-04-11 19:28:51.2120000
6886,5ecf40ccb218ec372490e3ea,868,1,76,barchart-second-26-random-shortest-28,left,shortest,random,single,2026-04-11 19:28:51.1870000
6887,66cbc2627559d53c0e3e4ac4,1850,1,30,barchart-first-17-random-tallest-30,right,tallest,random,single,2026-04-11 19:28:51.3770000
6888,69b9dc367fe8a0f25c27fd3e,3186,1,0,barchart-first-74-same-tallest-0,right,tallest,same,single,2026-04-11 19:28:51.0340000
6889,695fd6799e686edc11cdee44,946,1,71,barchart-second-53-random-tallest-23,left,tallest,random,single,2026-04-11 19:28:52.7160000
6890,5ecf40ccb218ec372490e3ea,1333,1,77,barchart-second-09-same-shortest-29,left,shortest,same,single,2026-04-11 19:28:53.0760000
6891,69b9dc367fe8a0f25c27fd3e,1440,1,1,barchart-first-19-same-tallest-1,left,tallest,same,single,2026-04-11 19:28:53.0350000
6892,66cbc2627559d53c0e3e4ac4,1758,1,31,barchart-first-36-random-tallest-31,left,tallest,random,single,2026-04-11 19:28:53.7050000
6893,5ecf40ccb218ec372490e3ea,1125,1,78,barchart-second-04-random-shortest-30,left,shortest,random,single,2026-04-11 19:28:54.7790000
6894,66cbc2627559d53c0e3e4ac4,1206,1,32,barchart-first-59-same-tallest-32,left,tallest,same,single,2026-04-11 19:28:55.4880000
6895,69b9dc367fe8a0f25c27fd3e,1341,1,2,barchart-first-32-double-tallest-2,right,tallest,double,single,2026-04-11 19:28:54.9500000
6896,5ecf40ccb218ec372490e3ea,1071,1,79,barchart-second-33-double-shortest-31,right,shortest,double,single,2026-04-11 19:28:56.4190000
6897,66cbc2627559d53c0e3e4ac4,1374,1,33,barchart-first-80-same-tallest-33,left,tallest,same,single,2026-04-11 19:28:57.4400000
6898,69b9dc367fe8a0f25c27fd3e,1270,1,3,barchart-first-47-random-tallest-3,right,tallest,random,single,2026-04-11 19:28:56.7850000
6899,5ecf40ccb218ec372490e3ea,918,1,80,barchart-second-45-random-shortest-32,left,shortest,random,single,2026-04-11 19:28:57.8960000
6900,66cbc2627559d53c0e3e4ac4,1486,1,34,barchart-first-31-double-tallest-34,left,tallest,double,single,2026-04-11 19:28:59.5290000
6901,695fd6799e686edc11cdee44,1518,1,72,barchart-second-52-random-tallest-24,right,tallest,random,single,2026-04-11 19:29:00.1240000
6902,69b9dc367fe8a0f25c27fd3e,1684,1,4,barchart-first-16-double-tallest-4,right,tallest,double,single,2026-04-11 19:28:59.0580000
6903,5ecf40ccb218ec372490e3ea,2474,1,81,barchart-second-42-random-shortest-33,right,shortest,random,single,2026-04-11 19:29:00.9320000
6904,695fd6799e686edc11cdee44,971,1,73,barchart-second-50-double-tallest-25,right,tallest,double,single,2026-04-11 19:29:01.6440000
6905,66cbc2627559d53c0e3e4ac4,1062,1,35,barchart-first-29-double-tallest-35,left,tallest,double,single,2026-04-11 19:29:01.1610000
6906,69b9dc367fe8a0f25c27fd3e,1684,1,5,barchart-first-67-double-tallest-5,right,tallest,double,single,2026-04-11 19:29:01.3150000
6907,5ecf40ccb218ec372490e3ea,1039,1,82,barchart-second-17-same-shortest-34,right,shortest,same,single,2026-04-11 19:29:02.5320000
6908,695fd6799e686edc11cdee44,759,1,74,barchart-second-82-same-tallest-26,left,tallest,same,single,2026-04-11 19:29:02.9640000
6909,5ecf40ccb218ec372490e3ea,830,1,83,barchart-second-73-same-shortest-35,left,shortest,same,single,2026-04-11 19:29:03.9310000
6910,69b9dc367fe8a0f25c27fd3e,1204,1,6,barchart-first-33-same-tallest-6,left,tallest,same,single,2026-04-11 19:29:03.0900000
6911,66cbc2627559d53c0e3e4ac4,2137,1,36,barchart-first-76-random-tallest-36,right,tallest,random,single,2026-04-11 19:29:03.8730000
6912,695fd6799e686edc11cdee44,1291,1,75,barchart-second-21-same-tallest-27,right,tallest,same,single,2026-04-11 19:29:04.8040000
6913,69b9dc367fe8a0f25c27fd3e,1012,1,7,barchart-first-80-double-tallest-7,left,tallest,double,single,2026-04-11 19:29:04.6720000
6914,5ecf40ccb218ec372490e3ea,1315,1,84,barchart-second-15-same-shortest-36,right,shortest,same,single,2026-04-11 19:29:05.8100000
6915,695fd6799e686edc11cdee44,1160,1,76,barchart-second-51-same-tallest-28,left,tallest,same,single,2026-04-11 19:29:06.5240000
6916,66cbc2627559d53c0e3e4ac4,1562,1,37,barchart-first-50-double-tallest-37,right,tallest,double,single,2026-04-11 19:29:06.0020000
6917,695fd6799e686edc11cdee44,871,1,77,barchart-second-27-random-tallest-29,left,tallest,random,single,2026-04-11 19:29:07.9400000
6918,5ecf40ccb218ec372490e3ea,1437,1,85,barchart-second-90-double-shortest-37,left,shortest,double,single,2026-04-11 19:29:07.8190000
6919,66cbc2627559d53c0e3e4ac4,1134,1,38,barchart-first-82-same-tallest-38,left,tallest,same,single,2026-04-11 19:29:07.7130000
6920,69b9dc367fe8a0f25c27fd3e,2282,1,8,barchart-first-95-random-tallest-8,right,tallest,random,single,2026-04-11 19:29:07.5100000
6921,695fd6799e686edc11cdee44,615,1,78,barchart-second-24-same-tallest-30,left,tallest,same,single,2026-04-11 19:29:09.1080000
6922,5ecf40ccb218ec372490e3ea,1232,1,86,barchart-second-35-same-shortest-38,left,shortest,same,single,2026-04-11 19:29:09.6260000
6923,69b9dc367fe8a0f25c27fd3e,775,1,9,barchart-first-75-double-tallest-9,left,tallest,double,single,2026-04-11 19:29:08.8500000
6924,66cbc2627559d53c0e3e4ac4,1314,1,39,barchart-first-81-same-tallest-39,left,tallest,same,single,2026-04-11 19:29:09.6010000
6925,695fd6799e686edc11cdee44,641,1,79,barchart-second-81-random-tallest-31,left,tallest,random,single,2026-04-11 19:29:10.3000000
6926,695fd6799e686edc11cdee44,557,1,80,barchart-second-36-same-tallest-32,left,tallest,same,single,2026-04-11 19:29:11.4120000
6927,5ecf40ccb218ec372490e3ea,994,1,87,barchart-second-44-double-shortest-39,left,shortest,double,single,2026-04-11 19:29:11.1960000
6928,69b9dc367fe8a0f25c27fd3e,1135,1,10,barchart-first-71-same-tallest-10,right,tallest,same,single,2026-04-11 19:29:10.5470000
6929,66cbc2627559d53c0e3e4ac4,1195,1,40,barchart-first-00-random-tallest-40,left,tallest,random,single,2026-04-11 19:29:11.3860000
6930,695fd6799e686edc11cdee44,726,1,81,barchart-second-68-double-tallest-33,right,tallest,double,single,2026-04-11 19:29:12.6920000
6931,5ecf40ccb218ec372490e3ea,1214,1,88,barchart-second-19-double-shortest-40,left,shortest,double,single,2026-04-11 19:29:12.9790000
6932,69b9dc367fe8a0f25c27fd3e,1187,1,11,barchart-first-17-random-tallest-11,right,tallest,random,single,2026-04-11 19:29:12.2990000
6933,66cbc2627559d53c0e3e4ac4,1360,1,41,barchart-first-91-same-tallest-41,left,tallest,same,single,2026-04-11 19:29:13.3130000
6934,695fd6799e686edc11cdee44,881,1,82,barchart-second-48-same-tallest-34,right,tallest,same,single,2026-04-11 19:29:14.1320000
6935,5ecf40ccb218ec372490e3ea,1094,1,89,barchart-second-78-double-shortest-41,right,shortest,double,single,2026-04-11 19:29:14.6440000
6936,695fd6799e686edc11cdee44,746,1,83,barchart-second-31-double-tallest-35,left,tallest,double,single,2026-04-11 19:29:15.4360000
6937,69b9dc367fe8a0f25c27fd3e,1378,1,12,barchart-first-77-double-tallest-12,left,tallest,double,single,2026-04-11 19:29:14.2380000
6938,66cbc2627559d53c0e3e4ac4,1720,1,42,barchart-first-92-random-tallest-42,right,tallest,random,single,2026-04-11 19:29:15.6010000
6939,5ecf40ccb218ec372490e3ea,1127,1,90,barchart-second-03-random-shortest-42,left,shortest,random,single,2026-04-11 19:29:16.3400000
6940,695fd6799e686edc11cdee44,654,1,84,barchart-second-94-same-tallest-36,right,tallest,same,single,2026-04-11 19:29:16.6440000
6941,69b9dc367fe8a0f25c27fd3e,819,1,13,barchart-first-59-same-tallest-13,left,tallest,same,single,2026-04-11 19:29:15.6350000
6942,5ecf40ccb218ec372490e3ea,866,1,91,barchart-second-62-same-shortest-43,right,shortest,same,single,2026-04-11 19:29:17.7660000
6943,66cbc2627559d53c0e3e4ac4,1636,1,43,barchart-first-79-random-tallest-43,right,tallest,random,single,2026-04-11 19:29:17.8100000
6944,695fd6799e686edc11cdee44,1225,1,85,barchart-second-46-random-tallest-37,right,tallest,random,single,2026-04-11 19:29:18.4200000
6945,69b9dc367fe8a0f25c27fd3e,1044,1,14,barchart-first-61-random-tallest-14,left,tallest,random,single,2026-04-11 19:29:17.2520000
6946,695fd6799e686edc11cdee44,781,1,86,barchart-second-37-random-tallest-38,left,tallest,random,single,2026-04-11 19:29:19.7730000
6947,5ecf40ccb218ec372490e3ea,1402,1,92,barchart-second-51-double-shortest-44,right,shortest,double,single,2026-04-11 19:29:19.7390000
6948,69b9dc367fe8a0f25c27fd3e,1219,1,15,barchart-first-06-double-tallest-15,right,tallest,double,single,2026-04-11 19:29:19.0410000
6949,695fd6799e686edc11cdee44,775,1,87,barchart-second-72-random-tallest-39,left,tallest,random,single,2026-04-11 19:29:21.1080000
6950,5ecf40ccb218ec372490e3ea,1198,1,93,barchart-second-57-random-shortest-45,right,shortest,random,single,2026-04-11 19:29:21.5320000
6951,69b9dc367fe8a0f25c27fd3e,1220,1,16,barchart-first-92-double-tallest-16,right,tallest,double,single,2026-04-11 19:29:20.8340000
6952,695fd6799e686edc11cdee44,802,1,88,barchart-second-25-double-tallest-40,right,tallest,double,single,2026-04-11 19:29:22.4680000
6953,66cbc2627559d53c0e3e4ac4,3703,1,44,barchart-first-44-same-tallest-44,right,tallest,same,single,2026-04-11 19:29:22.0900000
6954,69b9dc367fe8a0f25c27fd3e,829,1,17,barchart-first-24-same-tallest-17,left,tallest,same,single,2026-04-11 19:29:22.2250000
6955,5ecf40ccb218ec372490e3ea,1462,1,94,barchart-second-00-random-shortest-46,left,shortest,random,single,2026-04-11 19:29:23.5480000
6956,695fd6799e686edc11cdee44,892,1,89,barchart-second-62-double-tallest-41,right,tallest,double,single,2026-04-11 19:29:23.9160000
6957,66cbc2627559d53c0e3e4ac4,1461,1,45,barchart-first-04-double-tallest-45,right,tallest,double,single,2026-04-11 19:29:24.1210000
6958,69b9dc367fe8a0f25c27fd3e,1170,1,18,barchart-first-45-same-tallest-18,left,tallest,same,single,2026-04-11 19:29:23.9650000
6959,695fd6799e686edc11cdee44,771,1,90,barchart-second-59-same-tallest-42,left,tallest,same,single,2026-04-11 19:29:25.2520000
6960,5ecf40ccb218ec372490e3ea,1030,1,95,barchart-second-11-same-shortest-47,right,shortest,same,single,2026-04-11 19:29:25.1300000
6961,695fd6799e686edc11cdee44,753,1,91,barchart-second-26-same-tallest-43,right,tallest,same,single,2026-04-11 19:29:26.5480000
6962,69b9dc367fe8a0f25c27fd3e,1152,1,19,barchart-first-60-same-tallest-19,right,tallest,same,single,2026-04-11 19:29:25.6780000
6963,695fd6799e686edc11cdee44,860,1,92,barchart-second-61-double-tallest-44,left,tallest,double,single,2026-04-11 19:29:27.9640000
6964,66cbc2627559d53c0e3e4ac4,3111,1,46,barchart-first-54-double-tallest-46,right,tallest,double,single,2026-04-11 19:29:27.8170000
6965,69b9dc367fe8a0f25c27fd3e,1144,1,20,barchart-first-93-same-tallest-20,left,tallest,same,single,2026-04-11 19:29:27.4270000
6966,695fd6799e686edc11cdee44,696,1,93,barchart-second-41-same-tallest-45,right,tallest,same,single,2026-04-11 19:29:29.2210000
6967,69b9dc367fe8a0f25c27fd3e,1496,1,21,barchart-first-30-same-tallest-21,left,tallest,same,single,2026-04-11 19:29:29.4880000
6968,695fd6799e686edc11cdee44,1298,1,94,barchart-second-70-random-tallest-46,left,tallest,random,single,2026-04-11 19:29:31.0770000
6969,66cbc2627559d53c0e3e4ac4,2318,1,47,barchart-first-32-double-tallest-47,right,tallest,double,single,2026-04-11 19:29:30.7140000
6970,69b9dc367fe8a0f25c27fd3e,1025,1,22,barchart-first-89-double-tallest-22,left,tallest,double,single,2026-04-11 19:29:31.1050000
6971,695fd6799e686edc11cdee44,826,1,95,barchart-second-06-random-tallest-47,right,tallest,random,single,2026-04-11 19:29:32.4680000
6972,69b9dc367fe8a0f25c27fd3e,1182,1,23,barchart-first-79-same-tallest-23,right,tallest,same,single,2026-04-11 19:29:32.8600000
6973,69b9dc367fe8a0f25c27fd3e,1225,1,24,barchart-first-22-random-tallest-24,left,tallest,random,single,2026-04-11 19:29:39.1660000
6974,69b9dc367fe8a0f25c27fd3e,1007,1,25,barchart-first-27-random-tallest-25,left,tallest,random,single,2026-04-11 19:29:40.7420000
6975,69b9dc367fe8a0f25c27fd3e,728,1,26,barchart-first-11-random-tallest-26,left,tallest,random,single,2026-04-11 19:29:42.0420000
6976,69b9dc367fe8a0f25c27fd3e,885,1,27,barchart-first-15-random-tallest-27,right,tallest,random,single,2026-04-11 19:29:43.5060000
6977,69b9dc367fe8a0f25c27fd3e,847,1,28,barchart-first-69-random-tallest-28,left,tallest,random,single,2026-04-11 19:29:44.9250000
6978,69b9dc367fe8a0f25c27fd3e,1492,1,29,barchart-first-09-random-tallest-29,right,tallest,random,single,2026-04-11 19:29:46.9820000
6979,69b9dc367fe8a0f25c27fd3e,791,1,30,barchart-first-00-double-tallest-30,left,tallest,double,single,2026-04-11 19:29:48.3290000
6980,69b9dc367fe8a0f25c27fd3e,759,1,31,barchart-first-88-double-tallest-31,right,tallest,double,single,2026-04-11 19:29:49.6470000
6981,69b9dc367fe8a0f25c27fd3e,596,1,32,barchart-first-23-double-tallest-32,left,tallest,double,single,2026-04-11 19:29:50.8010000
6982,69b9dc367fe8a0f25c27fd3e,1204,1,33,barchart-first-62-random-tallest-33,right,tallest,random,single,2026-04-11 19:29:52.5760000
6983,69b9dc367fe8a0f25c27fd3e,1169,1,34,barchart-first-39-same-tallest-34,right,tallest,same,single,2026-04-11 19:29:54.3080000
6984,69b9dc367fe8a0f25c27fd3e,960,1,35,barchart-first-66-same-tallest-35,right,tallest,same,single,2026-04-11 19:29:55.8310000
6985,69b9dc367fe8a0f25c27fd3e,994,1,36,barchart-first-12-random-tallest-36,left,tallest,random,single,2026-04-11 19:29:57.3820000
6986,69b9dc367fe8a0f25c27fd3e,836,1,37,barchart-first-35-random-tallest-37,left,tallest,random,single,2026-04-11 19:29:58.7750000
6987,69b9dc367fe8a0f25c27fd3e,861,1,38,barchart-first-73-random-tallest-38,right,tallest,random,single,2026-04-11 19:30:00.2000000
6988,69b9dc367fe8a0f25c27fd3e,1025,1,39,barchart-first-38-double-tallest-39,right,tallest,double,single,2026-04-11 19:30:01.7840000
6989,69b9dc367fe8a0f25c27fd3e,694,1,40,barchart-first-78-random-tallest-40,left,tallest,random,single,2026-04-11 19:30:03.0460000
6990,69b9dc367fe8a0f25c27fd3e,1139,1,41,barchart-first-51-same-tallest-41,left,tallest,same,single,2026-04-11 19:30:04.7430000
6991,69b9dc367fe8a0f25c27fd3e,922,1,42,barchart-first-31-double-tallest-42,left,tallest,double,single,2026-04-11 19:30:06.2260000
6992,69b9dc367fe8a0f25c27fd3e,1665,1,43,barchart-first-29-double-tallest-43,left,tallest,double,single,2026-04-11 19:30:08.4510000
6993,69b9dc367fe8a0f25c27fd3e,1211,1,44,barchart-first-42-random-tallest-44,right,tallest,random,single,2026-04-11 19:30:10.2350000
6994,69b9dc367fe8a0f25c27fd3e,901,0,45,barchart-first-44-double-tallest-45,left,tallest,double,single,2026-04-11 19:30:11.7020000
6995,69b9dc367fe8a0f25c27fd3e,923,1,46,barchart-first-18-same-tallest-46,right,tallest,same,single,2026-04-11 19:30:14.1960000
6996,69b9dc367fe8a0f25c27fd3e,1078,1,47,barchart-first-43-same-tallest-47,right,tallest,same,single,2026-04-11 19:30:15.8310000
6997,66cbc2627559d53c0e3e4ac4,2307,1,48,barchart-second-19-same-shortest-0,left,shortest,same,single,2026-04-11 19:30:20.0660000
6998,66cbc2627559d53c0e3e4ac4,1148,1,49,barchart-second-84-random-shortest-1,right,shortest,random,single,2026-04-11 19:30:21.7950000
6999,66cbc2627559d53c0e3e4ac4,1330,1,50,barchart-second-73-double-shortest-2,left,shortest,double,single,2026-04-11 19:30:23.6910000
7000,66cbc2627559d53c0e3e4ac4,1797,1,51,barchart-second-57-double-shortest-3,right,shortest,double,single,2026-04-11 19:30:26.0760000
7001,66cbc2627559d53c0e3e4ac4,1567,1,52,barchart-second-86-same-shortest-4,right,shortest,same,single,2026-04-11 19:30:28.2110000
7002,66cbc2627559d53c0e3e4ac4,3755,1,53,barchart-second-40-random-shortest-5,right,shortest,random,single,2026-04-11 19:30:32.5390000
7003,66cbc2627559d53c0e3e4ac4,1797,1,54,barchart-second-18-double-shortest-6,right,shortest,double,single,2026-04-11 19:30:34.9070000
7004,66cbc2627559d53c0e3e4ac4,1542,1,55,barchart-second-38-same-shortest-7,left,shortest,same,single,2026-04-11 19:30:37.0120000
7005,66cbc2627559d53c0e3e4ac4,3310,1,56,barchart-second-67-double-shortest-8,left,shortest,double,single,2026-04-11 19:30:40.8920000
7006,66cbc2627559d53c0e3e4ac4,2742,1,57,barchart-second-22-double-shortest-9,right,shortest,double,single,2026-04-11 19:30:44.1960000
7007,66cbc2627559d53c0e3e4ac4,4620,1,58,barchart-second-42-random-shortest-10,right,shortest,random,single,2026-04-11 19:30:49.4040000
7008,66cbc2627559d53c0e3e4ac4,2983,1,59,barchart-second-51-same-shortest-11,right,shortest,same,single,2026-04-11 19:30:52.9540000
7009,66cbc2627559d53c0e3e4ac4,2167,1,60,barchart-second-61-double-shortest-12,left,shortest,double,single,2026-04-11 19:30:55.6990000
7010,66cbc2627559d53c0e3e4ac4,1410,1,61,barchart-second-55-same-shortest-13,left,shortest,same,single,2026-04-11 19:30:57.6930000
7011,69b9dc367fe8a0f25c27fd3e,1807,1,48,barchart-second-03-same-shortest-0,left,shortest,same,single,2026-04-11 19:30:57.8820000
7012,66cbc2627559d53c0e3e4ac4,1522,1,62,barchart-second-53-double-shortest-14,right,shortest,double,single,2026-04-11 19:30:59.7880000
7013,69b9dc367fe8a0f25c27fd3e,902,1,49,barchart-second-26-double-shortest-1,left,shortest,double,single,2026-04-11 19:30:59.3280000
7014,69b9dc367fe8a0f25c27fd3e,869,1,50,barchart-second-68-random-shortest-2,right,shortest,random,single,2026-04-11 19:31:00.7440000
7015,69b9dc367fe8a0f25c27fd3e,601,1,51,barchart-second-05-double-shortest-3,right,shortest,double,single,2026-04-11 19:31:01.8920000
7016,66cbc2627559d53c0e3e4ac4,2347,1,63,barchart-second-43-random-shortest-15,left,shortest,random,single,2026-04-11 19:31:02.7070000
7017,69b9dc367fe8a0f25c27fd3e,827,1,52,barchart-second-64-random-shortest-4,left,shortest,random,single,2026-04-11 19:31:03.2690000
7018,66cbc2627559d53c0e3e4ac4,2007,1,64,barchart-second-74-same-shortest-16,left,shortest,same,single,2026-04-11 19:31:05.2920000
7019,69b9dc367fe8a0f25c27fd3e,1262,1,53,barchart-second-50-same-shortest-5,right,shortest,same,single,2026-04-11 19:31:05.0890000
7020,69b9dc367fe8a0f25c27fd3e,1317,0,54,barchart-second-63-same-shortest-6,left,shortest,same,single,2026-04-11 19:31:06.9620000
7021,66cbc2627559d53c0e3e4ac4,2813,1,65,barchart-second-26-random-shortest-17,left,shortest,random,single,2026-04-11 19:31:08.6780000
7022,69b9dc367fe8a0f25c27fd3e,800,1,55,barchart-second-65-double-shortest-7,right,shortest,double,single,2026-04-11 19:31:09.3160000
7023,69b9dc367fe8a0f25c27fd3e,827,1,56,barchart-second-10-same-shortest-8,left,shortest,same,single,2026-04-11 19:31:10.7030000
7024,66cbc2627559d53c0e3e4ac4,2241,1,66,barchart-second-94-same-shortest-18,right,shortest,same,single,2026-04-11 19:31:11.4930000
7025,69b9dc367fe8a0f25c27fd3e,856,1,57,barchart-second-54-double-shortest-9,left,shortest,double,single,2026-04-11 19:31:12.1180000
7026,69b9dc367fe8a0f25c27fd3e,692,1,58,barchart-second-87-random-shortest-10,left,shortest,random,single,2026-04-11 19:31:13.3610000
7027,66cbc2627559d53c0e3e4ac4,3573,1,67,barchart-second-23-double-shortest-19,right,shortest,double,single,2026-04-11 19:31:15.6360000
7028,69b9dc367fe8a0f25c27fd3e,1451,1,59,barchart-second-14-same-shortest-11,right,shortest,same,single,2026-04-11 19:31:15.3560000
7029,69b9dc367fe8a0f25c27fd3e,907,1,60,barchart-second-52-same-shortest-12,right,shortest,same,single,2026-04-11 19:31:16.8120000
7030,66cbc2627559d53c0e3e4ac4,2096,1,68,barchart-second-49-random-shortest-20,right,shortest,random,single,2026-04-11 19:31:18.3010000
7031,69b9dc367fe8a0f25c27fd3e,1053,1,61,barchart-second-37-random-shortest-13,left,shortest,random,single,2026-04-11 19:31:18.4100000
7032,69b9dc367fe8a0f25c27fd3e,909,1,62,barchart-second-86-double-shortest-14,right,shortest,double,single,2026-04-11 19:31:19.8660000
7033,66cbc2627559d53c0e3e4ac4,2463,1,69,barchart-second-35-double-shortest-21,left,shortest,double,single,2026-04-11 19:31:21.3410000
7034,69b9dc367fe8a0f25c27fd3e,741,1,63,barchart-second-01-random-shortest-15,right,shortest,random,single,2026-04-11 19:31:21.1620000
7035,69b9dc367fe8a0f25c27fd3e,1243,1,64,barchart-second-81-double-shortest-16,left,shortest,double,single,2026-04-11 19:31:22.9500000
7036,66cbc2627559d53c0e3e4ac4,1710,1,70,barchart-second-75-random-shortest-22,left,shortest,random,single,2026-04-11 19:31:23.6200000
7037,69b9dc367fe8a0f25c27fd3e,1064,1,65,barchart-second-46-same-shortest-17,left,shortest,same,single,2026-04-11 19:31:24.5580000
7038,69b9dc367fe8a0f25c27fd3e,1165,1,66,barchart-second-83-random-shortest-18,left,shortest,random,single,2026-04-11 19:31:26.2720000
7039,66cbc2627559d53c0e3e4ac4,3075,1,71,barchart-second-27-double-shortest-23,left,shortest,double,single,2026-04-11 19:31:27.2690000
7040,69b9dc367fe8a0f25c27fd3e,1183,1,67,barchart-second-94-double-shortest-19,right,shortest,double,single,2026-04-11 19:31:28.0050000
7041,69b9dc367fe8a0f25c27fd3e,638,1,68,barchart-second-82-same-shortest-20,right,shortest,same,single,2026-04-11 19:31:29.1950000
7042,69b9dc367fe8a0f25c27fd3e,850,1,69,barchart-second-34-random-shortest-21,left,shortest,random,single,2026-04-11 19:31:30.5850000
7043,66cbc2627559d53c0e3e4ac4,1545,1,72,barchart-second-78-random-shortest-24,right,shortest,random,single,2026-04-11 19:31:31.6680000
7044,69b9dc367fe8a0f25c27fd3e,657,1,70,barchart-second-49-double-shortest-22,right,shortest,double,single,2026-04-11 19:31:31.8100000
7045,66cbc2627559d53c0e3e4ac4,2161,1,73,barchart-second-64-same-shortest-25,left,shortest,same,single,2026-04-11 19:31:34.3960000
7046,69b9dc367fe8a0f25c27fd3e,1572,1,71,barchart-second-21-random-shortest-23,right,shortest,random,single,2026-04-11 19:31:33.9270000
7047,69b9dc367fe8a0f25c27fd3e,717,1,72,barchart-second-72-double-shortest-24,right,shortest,double,single,2026-04-11 19:31:37.2380000
7048,66cbc2627559d53c0e3e4ac4,2940,1,74,barchart-second-41-double-shortest-26,right,shortest,double,single,2026-04-11 19:31:37.9090000
7049,69b9dc367fe8a0f25c27fd3e,1049,1,73,barchart-second-85-same-shortest-25,left,shortest,same,single,2026-04-11 19:31:38.8450000
7050,69b9dc367fe8a0f25c27fd3e,948,1,74,barchart-second-04-random-shortest-26,left,shortest,random,single,2026-04-11 19:31:40.3340000
7051,66cbc2627559d53c0e3e4ac4,3591,1,75,barchart-second-65-same-shortest-27,right,shortest,same,single,2026-04-11 19:31:42.0770000
7052,69b9dc367fe8a0f25c27fd3e,833,1,75,barchart-second-91-random-shortest-27,right,shortest,random,single,2026-04-11 19:31:41.7320000
7053,69b9dc367fe8a0f25c27fd3e,946,1,76,barchart-second-40-random-shortest-28,right,shortest,random,single,2026-04-11 19:31:43.2310000
7054,69b9dc367fe8a0f25c27fd3e,781,1,77,barchart-second-55-double-shortest-29,left,shortest,double,single,2026-04-11 19:31:44.5570000
7055,66cbc2627559d53c0e3e4ac4,3091,1,76,barchart-second-90-double-shortest-28,left,shortest,double,single,2026-04-11 19:31:45.7340000
7056,69b9dc367fe8a0f25c27fd3e,707,1,78,barchart-second-56-double-shortest-30,left,shortest,double,single,2026-04-11 19:31:45.8100000
7057,69b9dc367fe8a0f25c27fd3e,1019,1,79,barchart-second-28-double-shortest-31,right,shortest,double,single,2026-04-11 19:31:47.3730000
7058,66cbc2627559d53c0e3e4ac4,2015,1,77,barchart-second-68-double-shortest-29,right,shortest,double,single,2026-04-11 19:31:48.3170000
7059,69b9dc367fe8a0f25c27fd3e,545,1,80,barchart-second-08-same-shortest-32,left,shortest,same,single,2026-04-11 19:31:48.4660000
7060,69b9dc367fe8a0f25c27fd3e,807,1,81,barchart-second-53-same-shortest-33,right,shortest,same,single,2026-04-11 19:31:49.8270000
7061,69b9dc367fe8a0f25c27fd3e,687,1,82,barchart-second-70-double-shortest-34,right,shortest,double,single,2026-04-11 19:31:51.0570000
7062,66cbc2627559d53c0e3e4ac4,3098,1,78,barchart-second-13-random-shortest-30,left,shortest,random,single,2026-04-11 19:31:51.9910000
7063,69b9dc367fe8a0f25c27fd3e,663,1,83,barchart-second-84-random-shortest-35,right,shortest,random,single,2026-04-11 19:31:52.2670000
7064,66cbc2627559d53c0e3e4ac4,2432,1,79,barchart-second-39-double-shortest-31,right,shortest,double,single,2026-04-11 19:31:55.0780000
7065,69b9dc367fe8a0f25c27fd3e,1812,1,84,barchart-second-13-same-shortest-36,left,shortest,same,single,2026-04-11 19:31:54.6310000
7066,69b9dc367fe8a0f25c27fd3e,1054,1,85,barchart-second-41-same-shortest-37,right,shortest,same,single,2026-04-11 19:31:56.2390000
7067,66cbc2627559d53c0e3e4ac4,2110,1,80,barchart-second-02-random-shortest-32,right,shortest,random,single,2026-04-11 19:31:57.7500000
7068,69b9dc367fe8a0f25c27fd3e,1222,1,86,barchart-second-58-random-shortest-38,left,shortest,random,single,2026-04-11 19:31:58.0130000
7069,69b9dc367fe8a0f25c27fd3e,952,1,87,barchart-second-36-double-shortest-39,left,shortest,double,single,2026-04-11 19:31:59.5090000
7070,66cbc2627559d53c0e3e4ac4,2804,1,81,barchart-second-85-random-shortest-33,left,shortest,random,single,2026-04-11 19:32:01.1170000
7071,69b9dc367fe8a0f25c27fd3e,892,1,88,barchart-second-90-double-shortest-40,left,shortest,double,single,2026-04-11 19:32:00.9450000
7072,69b9dc367fe8a0f25c27fd3e,905,1,89,barchart-second-20-random-shortest-41,left,shortest,random,single,2026-04-11 19:32:02.4020000
7073,66cbc2627559d53c0e3e4ac4,1746,1,82,barchart-second-77-double-shortest-34,left,shortest,double,single,2026-04-11 19:32:03.4290000
7074,69b9dc367fe8a0f25c27fd3e,1328,1,90,barchart-second-07-same-shortest-42,left,shortest,same,single,2026-04-11 19:32:04.2840000
7075,69b9dc367fe8a0f25c27fd3e,752,1,91,barchart-second-76-double-shortest-43,left,shortest,double,single,2026-04-11 19:32:05.5870000
7076,66cbc2627559d53c0e3e4ac4,2508,1,83,barchart-second-09-random-shortest-35,left,shortest,random,single,2026-04-11 19:32:06.5180000
7077,69b9dc367fe8a0f25c27fd3e,893,1,92,barchart-second-02-random-shortest-44,right,shortest,random,single,2026-04-11 19:32:07.0330000
7078,66cbc2627559d53c0e3e4ac4,1895,1,84,barchart-second-89-random-shortest-36,right,shortest,random,single,2026-04-11 19:32:08.9820000
7079,69b9dc367fe8a0f25c27fd3e,792,1,93,barchart-second-25-same-shortest-45,left,shortest,same,single,2026-04-11 19:32:08.3640000
7080,69b9dc367fe8a0f25c27fd3e,828,1,94,barchart-second-48-same-shortest-46,right,shortest,same,single,2026-04-11 19:32:09.7300000
7081,69b9dc367fe8a0f25c27fd3e,801,1,95,barchart-second-57-random-shortest-47,right,shortest,random,single,2026-04-11 19:32:11.0710000
7082,66cbc2627559d53c0e3e4ac4,5578,1,85,barchart-second-95-double-shortest-37,left,shortest,double,single,2026-04-11 19:32:15.1260000
7083,66cbc2627559d53c0e3e4ac4,2885,1,86,barchart-second-20-same-shortest-38,left,shortest,same,single,2026-04-11 19:32:18.5900000
7084,66cbc2627559d53c0e3e4ac4,3283,1,87,barchart-second-12-random-shortest-39,left,shortest,random,single,2026-04-11 19:32:22.4540000
7085,66cbc2627559d53c0e3e4ac4,2054,1,88,barchart-second-05-same-shortest-40,right,shortest,same,single,2026-04-11 19:32:25.0700000
7086,66cbc2627559d53c0e3e4ac4,13022,1,89,barchart-second-63-same-shortest-41,right,shortest,same,single,2026-04-11 19:32:38.6790000
7087,66cbc2627559d53c0e3e4ac4,1702,1,90,barchart-second-34-same-shortest-42,left,shortest,same,single,2026-04-11 19:32:40.9590000
7088,66cbc2627559d53c0e3e4ac4,2862,1,91,barchart-second-15-same-shortest-43,right,shortest,same,single,2026-04-11 19:32:44.3970000
7089,66cbc2627559d53c0e3e4ac4,3174,1,92,barchart-second-72-same-shortest-44,right,shortest,same,single,2026-04-11 19:32:48.1440000
7090,66cbc2627559d53c0e3e4ac4,2530,1,93,barchart-second-06-random-shortest-45,right,shortest,random,single,2026-04-11 19:32:51.2550000
7091,66cbc2627559d53c0e3e4ac4,4639,1,94,barchart-second-46-random-shortest-46,left,shortest,random,single,2026-04-11 19:32:56.4720000
7092,66cbc2627559d53c0e3e4ac4,2099,1,95,barchart-second-03-same-shortest-47,left,shortest,same,single,2026-04-11 19:32:59.1350000
7093,674ca794941ad6898969714b,1950,1,48,barchart-second-13-double-tallest-0,left,tallest,double,single,2026-04-11 19:33:07.5570000
7094,674ca794941ad6898969714b,949,1,49,barchart-second-84-double-tallest-1,right,tallest,double,single,2026-04-11 19:33:09.1160000
7095,674ca794941ad6898969714b,1033,1,50,barchart-second-69-double-tallest-2,left,tallest,double,single,2026-04-11 19:33:10.7440000
7096,674ca794941ad6898969714b,714,1,51,barchart-second-26-double-tallest-3,right,tallest,double,single,2026-04-11 19:33:12.0620000
7097,674ca794941ad6898969714b,986,1,52,barchart-second-41-same-tallest-4,right,tallest,same,single,2026-04-11 19:33:13.6530000
7098,674ca794941ad6898969714b,6291,1,53,barchart-second-55-random-tallest-5,left,tallest,random,single,2026-04-11 19:33:20.5450000
7099,674ca794941ad6898969714b,1512,1,54,barchart-second-93-random-tallest-6,left,tallest,random,single,2026-04-11 19:33:22.6490000
7100,674ca794941ad6898969714b,984,1,55,barchart-second-46-random-tallest-7,right,tallest,random,single,2026-04-11 19:33:24.2410000
7101,674ca794941ad6898969714b,2132,1,56,barchart-second-02-double-tallest-8,right,tallest,double,single,2026-04-11 19:33:26.9520000
7102,674ca794941ad6898969714b,963,1,57,barchart-second-78-same-tallest-9,left,tallest,same,single,2026-04-11 19:33:28.5050000
7103,674ca794941ad6898969714b,2352,1,58,barchart-second-39-same-tallest-10,right,tallest,same,single,2026-04-11 19:33:31.4680000
7104,674ca794941ad6898969714b,773,1,59,barchart-second-73-random-tallest-11,right,tallest,random,single,2026-04-11 19:33:32.8290000
7105,674ca794941ad6898969714b,1805,1,60,barchart-second-29-double-tallest-12,left,tallest,double,single,2026-04-11 19:33:35.2210000
7106,674ca794941ad6898969714b,1609,1,61,barchart-second-80-same-tallest-13,left,tallest,same,single,2026-04-11 19:33:37.4400000
7107,674ca794941ad6898969714b,878,1,62,barchart-second-85-random-tallest-14,left,tallest,random,single,2026-04-11 19:33:38.9150000
7108,674ca794941ad6898969714b,2385,1,63,barchart-second-62-same-tallest-15,right,tallest,same,single,2026-04-11 19:33:41.9680000
7109,674ca794941ad6898969714b,4141,1,64,barchart-second-07-double-tallest-16,left,tallest,double,single,2026-04-11 19:33:46.6980000
7110,674ca794941ad6898969714b,3231,1,65,barchart-second-10-double-tallest-17,right,tallest,double,single,2026-04-11 19:33:50.5040000
7111,674ca794941ad6898969714b,698,1,66,barchart-second-94-double-tallest-18,right,tallest,double,single,2026-04-11 19:33:51.8010000
7112,674ca794941ad6898969714b,693,1,67,barchart-second-88-same-tallest-19,right,tallest,same,single,2026-04-11 19:33:53.0690000
7113,674ca794941ad6898969714b,923,1,68,barchart-second-33-random-tallest-20,left,tallest,random,single,2026-04-11 19:33:54.5930000
7114,674ca794941ad6898969714b,1861,1,69,barchart-second-31-double-tallest-21,left,tallest,double,single,2026-04-11 19:33:57.0380000
7115,674ca794941ad6898969714b,1088,1,70,barchart-second-09-same-tallest-22,right,tallest,same,single,2026-04-11 19:33:58.7580000
7116,674ca794941ad6898969714b,742,1,71,barchart-second-25-same-tallest-23,right,tallest,same,single,2026-04-11 19:34:00.1630000
7117,69d1745312a2f9a9c393a510,1461,1,0,barchart-first-39-same-shortest-0,right,shortest,same,single,2026-04-11 19:34:02.2760000
7118,69d1745312a2f9a9c393a510,2013,1,1,barchart-first-73-random-shortest-1,left,shortest,random,single,2026-04-11 19:34:04.9830000
7119,674ca794941ad6898969714b,1666,1,72,barchart-second-76-same-tallest-24,right,tallest,same,single,2026-04-11 19:34:05.3190000
7120,69d1745312a2f9a9c393a510,1831,1,2,barchart-first-28-double-shortest-2,right,shortest,double,single,2026-04-11 19:34:07.5640000
7121,674ca794941ad6898969714b,2708,1,73,barchart-second-22-double-tallest-25,left,tallest,double,single,2026-04-11 19:34:08.6060000
7122,69d1745312a2f9a9c393a510,1303,1,3,barchart-first-06-random-shortest-3,right,shortest,random,single,2026-04-11 19:34:09.6960000
7123,674ca794941ad6898969714b,689,1,74,barchart-second-92-random-tallest-26,right,tallest,random,single,2026-04-11 19:34:09.8660000
7124,674ca794941ad6898969714b,2435,1,75,barchart-second-63-random-tallest-27,left,tallest,random,single,2026-04-11 19:34:12.8770000
7125,69d1745312a2f9a9c393a510,3320,1,4,barchart-first-85-random-shortest-4,left,shortest,random,single,2026-04-11 19:34:13.7630000
7126,674ca794941ad6898969714b,543,1,76,barchart-second-16-same-tallest-28,right,tallest,same,single,2026-04-11 19:34:14.0190000
7127,674ca794941ad6898969714b,719,1,77,barchart-second-36-double-tallest-29,left,tallest,double,single,2026-04-11 19:34:15.3130000
7128,69d1745312a2f9a9c393a510,1954,1,5,barchart-first-90-double-shortest-5,left,shortest,double,single,2026-04-11 19:34:16.3900000
7129,674ca794941ad6898969714b,912,1,78,barchart-second-01-same-tallest-30,left,tallest,same,single,2026-04-11 19:34:16.8100000
7130,674ca794941ad6898969714b,619,1,79,barchart-second-42-random-tallest-31,right,tallest,random,single,2026-04-11 19:34:18.0470000
7131,69d1745312a2f9a9c393a510,1999,1,6,barchart-first-03-double-shortest-6,left,shortest,double,single,2026-04-11 19:34:19.1090000
7132,674ca794941ad6898969714b,722,1,80,barchart-second-61-same-tallest-32,left,tallest,same,single,2026-04-11 19:34:19.3970000
7133,69d1745312a2f9a9c393a510,2102,1,7,barchart-first-20-same-shortest-7,left,shortest,same,single,2026-04-11 19:34:21.7200000
7134,674ca794941ad6898969714b,1709,1,81,barchart-second-95-double-tallest-33,right,tallest,double,single,2026-04-11 19:34:21.6920000
7135,674ca794941ad6898969714b,1406,1,82,barchart-second-66-random-tallest-34,right,tallest,random,single,2026-04-11 19:34:23.6820000
7136,69d1745312a2f9a9c393a510,2077,1,8,barchart-first-80-same-shortest-8,left,shortest,same,single,2026-04-11 19:34:24.6870000
7137,674ca794941ad6898969714b,866,1,83,barchart-second-86-random-tallest-35,left,tallest,random,single,2026-04-11 19:34:25.1250000
7138,69d1745312a2f9a9c393a510,1794,1,9,barchart-first-43-double-shortest-9,left,shortest,double,single,2026-04-11 19:34:27.2500000
7139,674ca794941ad6898969714b,1357,1,84,barchart-second-70-same-tallest-36,left,tallest,same,single,2026-04-11 19:34:27.0810000
7140,674ca794941ad6898969714b,928,1,85,barchart-second-35-random-tallest-37,left,tallest,random,single,2026-04-11 19:34:28.5830000
7141,69d1745312a2f9a9c393a510,1543,1,10,barchart-first-72-same-shortest-10,right,shortest,same,single,2026-04-11 19:34:29.4960000
7142,674ca794941ad6898969714b,1105,1,86,barchart-second-56-same-tallest-38,left,tallest,same,single,2026-04-11 19:34:30.2620000
7143,674ca794941ad6898969714b,726,1,87,barchart-second-75-random-tallest-39,left,tallest,random,single,2026-04-11 19:34:31.5630000
7144,69d1745312a2f9a9c393a510,1898,1,11,barchart-first-36-double-shortest-11,left,shortest,double,single,2026-04-11 19:34:32.1130000
7145,674ca794941ad6898969714b,882,1,88,barchart-second-03-random-tallest-40,right,tallest,random,single,2026-04-11 19:34:33.0430000
7146,69d1745312a2f9a9c393a510,1338,1,12,barchart-first-76-same-shortest-12,left,shortest,same,single,2026-04-11 19:34:34.1050000
7147,674ca794941ad6898969714b,745,1,89,barchart-second-32-random-tallest-41,right,tallest,random,single,2026-04-11 19:34:34.3780000
7148,69d1745312a2f9a9c393a510,1129,1,13,barchart-first-57-random-shortest-13,right,shortest,random,single,2026-04-11 19:34:35.9430000
7149,69d1745312a2f9a9c393a510,1636,1,14,barchart-first-69-same-shortest-14,right,shortest,same,single,2026-04-11 19:34:38.2550000
7150,674ca794941ad6898969714b,4424,1,90,barchart-second-06-random-tallest-42,right,tallest,random,single,2026-04-11 19:34:39.3790000
7151,69d1745312a2f9a9c393a510,1568,1,15,barchart-first-44-random-shortest-15,left,shortest,random,single,2026-04-11 19:34:40.4780000
7152,674ca794941ad6898969714b,906,1,91,barchart-second-24-double-tallest-43,left,tallest,double,single,2026-04-11 19:34:40.8870000
7153,69d1745312a2f9a9c393a510,982,1,16,barchart-first-52-same-shortest-16,right,shortest,same,single,2026-04-11 19:34:42.1460000
7154,674ca794941ad6898969714b,782,1,92,barchart-second-82-same-tallest-44,left,tallest,same,single,2026-04-11 19:34:42.2570000
7155,674ca794941ad6898969714b,1014,1,93,barchart-second-90-double-tallest-45,right,tallest,double,single,2026-04-11 19:34:43.8710000
7156,69d1745312a2f9a9c393a510,1644,1,17,barchart-first-35-double-shortest-17,left,shortest,double,single,2026-04-11 19:34:44.4460000
7157,674ca794941ad6898969714b,1145,1,94,barchart-second-59-same-tallest-46,left,tallest,same,single,2026-04-11 19:34:45.5990000
7158,69d1745312a2f9a9c393a510,1218,1,18,barchart-first-77-same-shortest-18,left,shortest,same,single,2026-04-11 19:34:46.3760000
7159,674ca794941ad6898969714b,744,1,95,barchart-second-52-double-tallest-47,right,tallest,double,single,2026-04-11 19:34:46.9390000
7160,69d1745312a2f9a9c393a510,1939,1,19,barchart-first-95-random-shortest-19,left,shortest,random,single,2026-04-11 19:34:49.0410000
7161,69d1745312a2f9a9c393a510,1639,1,20,barchart-first-65-random-shortest-20,right,shortest,random,single,2026-04-11 19:34:51.4030000
7162,69d1745312a2f9a9c393a510,857,1,21,barchart-first-08-same-shortest-21,left,shortest,same,single,2026-04-11 19:34:52.9770000
7163,69d1745312a2f9a9c393a510,1292,1,22,barchart-first-83-random-shortest-22,left,shortest,random,single,2026-04-11 19:34:54.9480000
7164,69d1745312a2f9a9c393a510,1081,1,23,barchart-first-91-double-shortest-23,right,shortest,double,single,2026-04-11 19:34:56.6830000
7165,69d1745312a2f9a9c393a510,1755,1,24,barchart-first-10-random-shortest-24,left,shortest,random,single,2026-04-11 19:35:12.9190000
7166,69d1745312a2f9a9c393a510,1617,1,25,barchart-first-79-double-shortest-25,right,shortest,double,single,2026-04-11 19:35:15.3040000
7167,69d1745312a2f9a9c393a510,1398,1,26,barchart-first-55-double-shortest-26,left,shortest,double,single,2026-04-11 19:35:17.3790000
7168,69d1745312a2f9a9c393a510,2431,1,27,barchart-first-62-random-shortest-27,right,shortest,random,single,2026-04-11 19:35:20.4720000
7169,69d1745312a2f9a9c393a510,1207,1,28,barchart-first-82-double-shortest-28,right,shortest,double,single,2026-04-11 19:35:22.4100000
7170,69d1745312a2f9a9c393a510,2075,1,29,barchart-first-89-random-shortest-29,right,shortest,random,single,2026-04-11 19:35:25.2240000
7171,69d1745312a2f9a9c393a510,1472,1,30,barchart-first-92-same-shortest-30,right,shortest,same,single,2026-04-11 19:35:27.3630000
7172,69d1745312a2f9a9c393a510,1405,1,31,barchart-first-09-same-shortest-31,left,shortest,same,single,2026-04-11 19:35:29.4690000
7173,69d1745312a2f9a9c393a510,1742,1,32,barchart-first-24-same-shortest-32,left,shortest,same,single,2026-04-11 19:35:31.8550000
7174,69d1745312a2f9a9c393a510,2472,1,33,barchart-first-81-random-shortest-33,left,shortest,random,single,2026-04-11 19:35:35.0410000
7175,69d1745312a2f9a9c393a510,1410,1,34,barchart-first-29-same-shortest-34,right,shortest,same,single,2026-04-11 19:35:37.1530000
7176,69d1745312a2f9a9c393a510,1225,1,35,barchart-first-02-same-shortest-35,right,shortest,same,single,2026-04-11 19:35:39.1190000
7177,69d1745312a2f9a9c393a510,1210,1,36,barchart-first-58-same-shortest-36,left,shortest,same,single,2026-04-11 19:35:41.0510000
7178,69d1745312a2f9a9c393a510,1515,1,37,barchart-first-23-double-shortest-37,right,shortest,double,single,2026-04-11 19:35:43.1990000
7179,69d1745312a2f9a9c393a510,2405,1,38,barchart-first-63-same-shortest-38,right,shortest,same,single,2026-04-11 19:35:46.2380000
7180,69d1745312a2f9a9c393a510,1432,1,39,barchart-first-87-double-shortest-39,left,shortest,double,single,2026-04-11 19:35:48.3370000
7181,69d1745312a2f9a9c393a510,1630,1,40,barchart-first-59-random-shortest-40,left,shortest,random,single,2026-04-11 19:35:50.6860000
7182,69d1745312a2f9a9c393a510,2149,1,41,barchart-first-42-random-shortest-41,right,shortest,random,single,2026-04-11 19:35:53.5610000
7183,69d1745312a2f9a9c393a510,1443,1,42,barchart-first-22-random-shortest-42,right,shortest,random,single,2026-04-11 19:35:55.7220000
7184,69d1745312a2f9a9c393a510,1202,1,43,barchart-first-60-double-shortest-43,right,shortest,double,single,2026-04-11 19:35:57.6310000
7185,69d1745312a2f9a9c393a510,1205,1,44,barchart-first-40-random-shortest-44,right,shortest,random,single,2026-04-11 19:35:59.5800000
7186,69d1745312a2f9a9c393a510,1468,1,45,barchart-first-49-double-shortest-45,right,shortest,double,single,2026-04-11 19:36:01.7880000
7187,69d1745312a2f9a9c393a510,1046,1,46,barchart-first-00-double-shortest-46,left,shortest,double,single,2026-04-11 19:36:03.6180000
7188,69d1745312a2f9a9c393a510,1034,1,47,barchart-first-17-double-shortest-47,right,shortest,double,single,2026-04-11 19:36:05.3500000
7189,67ca0d493f0094aaecca945e,1076,1,0,barchart-first-34-random-tallest-0,left,tallest,random,single,2026-04-11 19:36:12.2770000
7190,67ca0d493f0094aaecca945e,918,1,1,barchart-first-23-random-tallest-1,left,tallest,random,single,2026-04-11 19:36:13.7560000
7191,67ca0d493f0094aaecca945e,822,1,2,barchart-first-17-random-tallest-2,right,tallest,random,single,2026-04-11 19:36:15.1490000
7192,67ca0d493f0094aaecca945e,1026,1,3,barchart-first-00-random-tallest-3,left,tallest,random,single,2026-04-11 19:36:16.7410000
7193,67ca0d493f0094aaecca945e,715,1,4,barchart-first-76-same-tallest-4,right,tallest,same,single,2026-04-11 19:36:18.0130000
7194,67ca0d493f0094aaecca945e,817,1,5,barchart-first-24-double-tallest-5,left,tallest,double,single,2026-04-11 19:36:19.3890000
7195,67ca0d493f0094aaecca945e,698,1,6,barchart-first-11-double-tallest-6,left,tallest,double,single,2026-04-11 19:36:20.6530000
7196,67ca0d493f0094aaecca945e,709,1,7,barchart-first-36-same-tallest-7,left,tallest,same,single,2026-04-11 19:36:21.9340000
7197,67ca0d493f0094aaecca945e,874,1,8,barchart-first-71-double-tallest-8,right,tallest,double,single,2026-04-11 19:36:23.3730000
7198,67ca0d493f0094aaecca945e,781,1,9,barchart-first-01-same-tallest-9,left,tallest,same,single,2026-04-11 19:36:24.7810000
7199,67ca0d493f0094aaecca945e,1050,1,10,barchart-first-70-double-tallest-10,left,tallest,double,single,2026-04-11 19:36:26.3970000
7200,67ca0d493f0094aaecca945e,819,1,11,barchart-first-49-same-tallest-11,left,tallest,same,single,2026-04-11 19:36:27.7730000
7201,67ca0d493f0094aaecca945e,680,1,12,barchart-first-42-double-tallest-12,right,tallest,double,single,2026-04-11 19:36:29.0130000
7202,67ca0d493f0094aaecca945e,779,1,13,barchart-first-15-random-tallest-13,right,tallest,random,single,2026-04-11 19:36:30.3570000
7203,67ca0d493f0094aaecca945e,726,1,14,barchart-first-57-random-tallest-14,left,tallest,random,single,2026-04-11 19:36:31.6450000
7204,67ca0d493f0094aaecca945e,699,1,15,barchart-first-62-same-tallest-15,right,tallest,same,single,2026-04-11 19:36:32.9010000
7205,67ca0d493f0094aaecca945e,839,1,16,barchart-first-28-random-tallest-16,right,tallest,random,single,2026-04-11 19:36:34.3100000
7206,67ca0d493f0094aaecca945e,835,1,17,barchart-first-27-same-tallest-17,left,tallest,same,single,2026-04-11 19:36:35.7090000
7207,67ca0d493f0094aaecca945e,769,1,18,barchart-first-89-same-tallest-18,left,tallest,same,single,2026-04-11 19:36:37.0380000
7208,67ca0d493f0094aaecca945e,602,1,19,barchart-first-94-random-tallest-19,right,tallest,random,single,2026-04-11 19:36:38.1970000
7209,69d1745312a2f9a9c393a510,824,1,48,barchart-second-26-same-tallest-0,right,tallest,same,single,2026-04-11 19:36:38.8280000
7210,67ca0d493f0094aaecca945e,763,1,20,barchart-first-69-random-tallest-20,left,tallest,random,single,2026-04-11 19:36:39.5250000
7211,67ca0d493f0094aaecca945e,685,1,21,barchart-first-54-same-tallest-21,right,tallest,same,single,2026-04-11 19:36:40.7740000
7212,69d1745312a2f9a9c393a510,736,1,49,barchart-second-34-double-tallest-1,left,tallest,double,single,2026-04-11 19:36:40.2770000
7213,67ca0d493f0094aaecca945e,687,1,22,barchart-first-78-same-tallest-22,left,tallest,same,single,2026-04-11 19:36:42.0300000
7214,69d1745312a2f9a9c393a510,1323,1,50,barchart-second-53-same-tallest-2,left,tallest,same,single,2026-04-11 19:36:42.3980000
7215,67ca0d493f0094aaecca945e,726,1,23,barchart-first-31-random-tallest-23,left,tallest,random,single,2026-04-11 19:36:43.3180000
7216,69d1745312a2f9a9c393a510,946,1,51,barchart-second-12-double-tallest-3,left,tallest,double,single,2026-04-11 19:36:44.0710000
7217,69d1745312a2f9a9c393a510,883,1,52,barchart-second-30-random-tallest-4,left,tallest,random,single,2026-04-11 19:36:45.6470000
7218,67ca0d493f0094aaecca945e,674,1,24,barchart-first-66-double-tallest-24,right,tallest,double,single,2026-04-11 19:36:48.1740000
7219,69d1745312a2f9a9c393a510,1105,1,53,barchart-second-45-random-tallest-5,left,tallest,random,single,2026-04-11 19:36:47.8120000
7220,69d1745312a2f9a9c393a510,679,1,54,barchart-second-74-double-tallest-6,right,tallest,double,single,2026-04-11 19:36:49.2330000
7221,67ca0d493f0094aaecca945e,1090,1,25,barchart-first-26-random-tallest-25,right,tallest,random,single,2026-04-11 19:36:49.8300000
7222,69d1745312a2f9a9c393a510,662,1,55,barchart-second-71-same-tallest-7,right,tallest,same,single,2026-04-11 19:36:50.6080000
7223,67ca0d493f0094aaecca945e,871,1,26,barchart-first-38-double-tallest-26,right,tallest,double,single,2026-04-11 19:36:51.2700000
7224,69d1745312a2f9a9c393a510,613,1,56,barchart-second-14-random-tallest-8,left,tallest,random,single,2026-04-11 19:36:51.9360000
7225,67ca0d493f0094aaecca945e,849,1,27,barchart-first-82-double-tallest-27,left,tallest,double,single,2026-04-11 19:36:52.6780000
7226,67ca0d493f0094aaecca945e,716,1,28,barchart-first-90-random-tallest-28,right,tallest,random,single,2026-04-11 19:36:53.9650000
7227,69d1745312a2f9a9c393a510,1154,1,57,barchart-second-66-random-tallest-9,right,tallest,random,single,2026-04-11 19:36:53.7270000
7228,67ca0d493f0094aaecca945e,609,1,29,barchart-first-81-double-tallest-29,left,tallest,double,single,2026-04-11 19:36:55.1420000
7229,67ca0d493f0094aaecca945e,1048,1,30,barchart-first-59-double-tallest-30,left,tallest,double,single,2026-04-11 19:36:56.7500000
7230,69d1745312a2f9a9c393a510,1727,1,58,barchart-second-21-same-tallest-10,right,tallest,same,single,2026-04-11 19:36:56.3200000
7231,67ca0d493f0094aaecca945e,637,1,31,barchart-first-12-random-tallest-31,left,tallest,random,single,2026-04-11 19:36:57.9500000
7232,69d1745312a2f9a9c393a510,724,1,59,barchart-second-38-double-tallest-11,right,tallest,double,single,2026-04-11 19:36:57.8770000
7233,67ca0d493f0094aaecca945e,602,1,32,barchart-first-03-double-tallest-32,right,tallest,double,single,2026-04-11 19:36:59.1180000
7234,69d1745312a2f9a9c393a510,682,1,60,barchart-second-56-double-tallest-12,left,tallest,double,single,2026-04-11 19:36:59.2690000
7235,67ca0d493f0094aaecca945e,615,1,33,barchart-first-64-same-tallest-33,left,tallest,same,single,2026-04-11 19:37:00.3030000
7236,69d1745312a2f9a9c393a510,813,1,61,barchart-second-01-double-tallest-13,left,tallest,double,single,2026-04-11 19:37:00.7340000
7237,67ca0d493f0094aaecca945e,581,1,34,barchart-first-44-same-tallest-34,right,tallest,same,single,2026-04-11 19:37:01.4550000
7238,67ca0d493f0094aaecca945e,568,1,35,barchart-first-48-same-tallest-35,right,tallest,same,single,2026-04-11 19:37:02.5820000
7239,69d1745312a2f9a9c393a510,775,1,62,barchart-second-05-same-tallest-14,right,tallest,same,single,2026-04-11 19:37:02.2300000
7240,67ca0d493f0094aaecca945e,570,1,36,barchart-first-74-random-tallest-36,right,tallest,random,single,2026-04-11 19:37:03.7110000
7241,69d1745312a2f9a9c393a510,732,1,63,barchart-second-18-double-tallest-15,right,tallest,double,single,2026-04-11 19:37:03.6200000
7242,67ca0d493f0094aaecca945e,659,1,37,barchart-first-19-double-tallest-37,left,tallest,double,single,2026-04-11 19:37:04.9430000
7243,67ca0d493f0094aaecca945e,637,1,38,barchart-first-67-same-tallest-38,right,tallest,same,single,2026-04-11 19:37:06.1500000
7244,69d1745312a2f9a9c393a510,1340,1,64,barchart-second-46-same-tallest-16,right,tallest,same,single,2026-04-11 19:37:05.6620000
7245,67ca0d493f0094aaecca945e,910,1,39,barchart-first-45-same-tallest-39,left,tallest,same,single,2026-04-11 19:37:07.6300000
7246,69d1745312a2f9a9c393a510,705,1,65,barchart-second-64-double-tallest-17,left,tallest,double,single,2026-04-11 19:37:07.0740000
7247,67ca0d493f0094aaecca945e,614,1,40,barchart-first-02-same-tallest-40,right,tallest,same,single,2026-04-11 19:37:08.8060000
7248,69d1745312a2f9a9c393a510,1014,1,66,barchart-second-75-same-tallest-18,left,tallest,same,single,2026-04-11 19:37:08.8170000
7249,67ca0d493f0094aaecca945e,791,1,41,barchart-first-84-double-tallest-41,right,tallest,double,single,2026-04-11 19:37:10.1680000
7250,69d1745312a2f9a9c393a510,850,1,67,barchart-second-86-same-tallest-19,left,tallest,same,single,2026-04-11 19:37:10.3960000
7251,59e7a66e62637600014a7d69,3399,1,0,barchart-first-40-double-shortest-0,right,shortest,double,single,2026-04-11 19:37:09.4980000
7252,67ca0d493f0094aaecca945e,1085,1,42,barchart-first-88-random-tallest-42,right,tallest,random,single,2026-04-11 19:37:11.8220000
7253,69d1745312a2f9a9c393a510,735,1,68,barchart-second-25-random-tallest-20,right,tallest,random,single,2026-04-11 19:37:11.8240000
7254,67ca0d493f0094aaecca945e,538,1,43,barchart-first-52-same-tallest-43,right,tallest,same,single,2026-04-11 19:37:12.9260000
7255,69d1745312a2f9a9c393a510,782,1,69,barchart-second-11-double-tallest-21,left,tallest,double,single,2026-04-11 19:37:13.3960000
7256,67ca0d493f0094aaecca945e,763,1,44,barchart-first-13-random-tallest-44,left,tallest,random,single,2026-04-11 19:37:14.2950000
7257,59e7a66e62637600014a7d69,2459,1,1,barchart-first-64-same-shortest-1,left,shortest,same,single,2026-04-11 19:37:12.5570000
7258,69d1745312a2f9a9c393a510,708,1,70,barchart-second-41-double-tallest-22,right,tallest,double,single,2026-04-11 19:37:14.9650000
7259,67ca0d493f0094aaecca945e,680,1,45,barchart-first-14-double-tallest-45,left,tallest,double,single,2026-04-11 19:37:15.5500000
7260,67ca0d493f0094aaecca945e,520,1,46,barchart-first-39-double-tallest-46,right,tallest,double,single,2026-04-11 19:37:16.6310000
7261,69d1745312a2f9a9c393a510,861,1,71,barchart-second-78-double-tallest-23,left,tallest,double,single,2026-04-11 19:37:16.5480000
7262,67ca0d493f0094aaecca945e,507,1,47,barchart-first-65-double-tallest-47,right,tallest,double,single,2026-04-11 19:37:17.7020000
7263,59e7a66e62637600014a7d69,3025,1,2,barchart-first-29-same-shortest-2,right,shortest,same,single,2026-04-11 19:37:16.1760000
7264,59e7a66e62637600014a7d69,2755,1,3,barchart-first-22-random-shortest-3,right,shortest,random,single,2026-04-11 19:37:19.5340000
7265,59e7a66e62637600014a7d69,3191,1,4,barchart-first-72-random-shortest-4,right,shortest,random,single,2026-04-11 19:37:23.3280000
7266,59e7a66e62637600014a7d69,3174,1,5,barchart-first-57-double-shortest-5,right,shortest,double,single,2026-04-11 19:37:27.0990000
7267,69d1745312a2f9a9c393a510,1690,1,72,barchart-second-93-same-tallest-24,left,tallest,same,single,2026-04-11 19:37:32.7380000
7268,59e7a66e62637600014a7d69,4489,1,6,barchart-first-36-same-shortest-6,left,shortest,same,single,2026-04-11 19:37:32.1880000
7269,69d1745312a2f9a9c393a510,669,1,73,barchart-second-16-double-tallest-25,right,tallest,double,single,2026-04-11 19:37:34.0720000
7270,69d1745312a2f9a9c393a510,585,1,74,barchart-second-61-same-tallest-26,left,tallest,same,single,2026-04-11 19:37:35.3200000
7271,69d1745312a2f9a9c393a510,714,1,75,barchart-second-54-random-tallest-27,right,tallest,random,single,2026-04-11 19:37:36.6850000
7272,59e7a66e62637600014a7d69,2318,1,7,barchart-first-53-random-shortest-7,right,shortest,random,single,2026-04-11 19:37:35.1020000
7273,69d1745312a2f9a9c393a510,933,1,76,barchart-second-19-random-tallest-28,left,tallest,random,single,2026-04-11 19:37:38.3310000
7274,69d1745312a2f9a9c393a510,860,1,77,barchart-second-37-same-tallest-29,left,tallest,same,single,2026-04-11 19:37:39.8990000
7275,59e7a66e62637600014a7d69,3054,1,8,barchart-first-26-same-shortest-8,left,shortest,same,single,2026-04-11 19:37:38.7560000
7276,69d1745312a2f9a9c393a510,830,1,78,barchart-second-48-random-tallest-30,right,tallest,random,single,2026-04-11 19:37:41.4010000
7277,69d1745312a2f9a9c393a510,719,1,79,barchart-second-04-same-tallest-31,right,tallest,same,single,2026-04-11 19:37:42.8290000
7278,69d1745312a2f9a9c393a510,775,1,80,barchart-second-13-random-tallest-32,left,tallest,random,single,2026-04-11 19:37:44.3170000
7279,59e7a66e62637600014a7d69,3448,1,9,barchart-first-52-random-shortest-9,right,shortest,random,single,2026-04-11 19:37:42.8140000
7280,69d1745312a2f9a9c393a510,898,1,81,barchart-second-68-random-tallest-33,right,tallest,random,single,2026-04-11 19:37:45.8760000
7281,69d1745312a2f9a9c393a510,768,1,82,barchart-second-31-same-tallest-34,left,tallest,same,single,2026-04-11 19:37:47.3820000
7282,59e7a66e62637600014a7d69,3174,1,10,barchart-first-80-random-shortest-10,left,shortest,random,single,2026-04-11 19:37:46.5940000
7283,69d1745312a2f9a9c393a510,690,1,83,barchart-second-27-random-tallest-35,left,tallest,random,single,2026-04-11 19:37:48.8410000
7284,69d1745312a2f9a9c393a510,750,1,84,barchart-second-84-double-tallest-36,right,tallest,double,single,2026-04-11 19:37:50.2300000
7285,59e7a66e62637600014a7d69,1942,1,11,barchart-first-04-same-shortest-11,left,shortest,same,single,2026-04-11 19:37:49.1380000
7286,69d1745312a2f9a9c393a510,659,1,85,barchart-second-33-double-tallest-37,left,tallest,double,single,2026-04-11 19:37:51.5730000
7287,67ca0d493f0094aaecca945e,2175,1,48,barchart-second-16-double-shortest-0,right,shortest,double,single,2026-04-11 19:37:53.0000000
7288,69d1745312a2f9a9c393a510,932,1,86,barchart-second-32-same-tallest-38,right,tallest,same,single,2026-04-11 19:37:53.1770000
7289,67ca0d493f0094aaecca945e,678,1,49,barchart-second-33-same-shortest-1,right,shortest,same,single,2026-04-11 19:37:54.2470000
7290,59e7a66e62637600014a7d69,3174,1,12,barchart-first-17-random-shortest-12,right,shortest,random,single,2026-04-11 19:37:52.9340000
7291,69d1745312a2f9a9c393a510,842,1,87,barchart-second-70-random-tallest-39,left,tallest,random,single,2026-04-11 19:37:54.7990000
7292,67ca0d493f0094aaecca945e,856,1,50,barchart-second-41-same-shortest-2,right,shortest,same,single,2026-04-11 19:37:55.6710000
7293,67ca0d493f0094aaecca945e,693,1,51,barchart-second-72-double-shortest-3,right,shortest,double,single,2026-04-11 19:37:56.9280000
7294,69d1745312a2f9a9c393a510,907,1,88,barchart-second-88-double-tallest-40,right,tallest,double,single,2026-04-11 19:37:56.4330000
7295,59e7a66e62637600014a7d69,2450,1,13,barchart-first-58-double-shortest-13,left,shortest,double,single,2026-04-11 19:37:55.9870000
7296,67ca0d493f0094aaecca945e,822,1,52,barchart-second-55-double-shortest-4,left,shortest,double,single,2026-04-11 19:37:58.3120000
7297,69d1745312a2f9a9c393a510,1062,1,89,barchart-second-50-random-tallest-41,right,tallest,random,single,2026-04-11 19:37:58.3350000
7298,67ca0d493f0094aaecca945e,788,1,53,barchart-second-60-double-shortest-5,right,shortest,double,single,2026-04-11 19:37:59.6630000
7299,69d1745312a2f9a9c393a510,670,1,90,barchart-second-15-same-tallest-42,right,tallest,same,single,2026-04-11 19:37:59.6740000
7300,59e7a66e62637600014a7d69,2262,1,14,barchart-first-94-random-shortest-14,right,shortest,random,single,2026-04-11 19:37:58.8540000
7301,67ca0d493f0094aaecca945e,997,1,54,barchart-second-73-double-shortest-6,left,shortest,double,single,2026-04-11 19:38:01.2240000
7302,69d1745312a2f9a9c393a510,672,1,91,barchart-second-47-double-tallest-43,right,tallest,double,single,2026-04-11 19:38:01.0070000
7303,67ca0d493f0094aaecca945e,1192,1,55,barchart-second-93-random-shortest-7,right,shortest,random,single,2026-04-11 19:38:02.9840000
7304,69d1745312a2f9a9c393a510,859,1,92,barchart-second-51-random-tallest-44,left,tallest,random,single,2026-04-11 19:38:02.5250000
7305,59e7a66e62637600014a7d69,2404,1,15,barchart-first-38-double-shortest-15,left,shortest,double,single,2026-04-11 19:38:01.8650000
7306,67ca0d493f0094aaecca945e,785,1,56,barchart-second-46-same-shortest-8,left,shortest,same,single,2026-04-11 19:38:04.3360000
7307,69d1745312a2f9a9c393a510,772,1,93,barchart-second-94-random-tallest-45,right,tallest,random,single,2026-04-11 19:38:03.9750000
7308,67ca0d493f0094aaecca945e,674,1,57,barchart-second-79-double-shortest-9,right,shortest,double,single,2026-04-11 19:38:05.5760000
7309,69d1745312a2f9a9c393a510,1186,1,94,barchart-second-67-random-tallest-46,right,tallest,random,single,2026-04-11 19:38:05.8090000
7310,67ca0d493f0094aaecca945e,661,1,58,barchart-second-53-double-shortest-10,right,shortest,double,single,2026-04-11 19:38:06.8080000
7311,59e7a66e62637600014a7d69,2831,1,16,barchart-first-27-random-shortest-16,left,shortest,random,single,2026-04-11 19:38:05.3010000
7312,69d1745312a2f9a9c393a510,859,1,95,barchart-second-07-same-tallest-47,left,tallest,same,single,2026-04-11 19:38:07.3390000
7313,67ca0d493f0094aaecca945e,1050,0,59,barchart-second-20-random-shortest-11,right,shortest,random,single,2026-04-11 19:38:08.4160000
7314,59e7a66e62637600014a7d69,2931,1,17,barchart-first-63-double-shortest-17,right,shortest,double,single,2026-04-11 19:38:08.8340000
7315,67ca0d493f0094aaecca945e,1175,1,60,barchart-second-37-random-shortest-12,left,shortest,random,single,2026-04-11 19:38:11.1520000
7316,67ca0d493f0094aaecca945e,826,1,61,barchart-second-68-random-shortest-13,right,shortest,random,single,2026-04-11 19:38:12.5360000
7317,67ca0d493f0094aaecca945e,1194,1,62,barchart-second-56-random-shortest-14,left,shortest,random,single,2026-04-11 19:38:14.3520000
7318,59e7a66e62637600014a7d69,3963,1,18,barchart-first-79-same-shortest-18,right,shortest,same,single,2026-04-11 19:38:13.3970000
7319,67ca0d493f0094aaecca945e,719,1,63,barchart-second-32-same-shortest-15,right,shortest,same,single,2026-04-11 19:38:15.6330000
7320,67ca0d493f0094aaecca945e,784,1,64,barchart-second-83-double-shortest-16,left,shortest,double,single,2026-04-11 19:38:16.9840000
7321,59e7a66e62637600014a7d69,2183,1,19,barchart-first-45-same-shortest-19,left,shortest,same,single,2026-04-11 19:38:16.1920000
7322,67ca0d493f0094aaecca945e,1015,1,65,barchart-second-85-same-shortest-17,left,shortest,same,single,2026-04-11 19:38:18.5600000
7323,67ca0d493f0094aaecca945e,692,1,66,barchart-second-21-same-shortest-18,right,shortest,same,single,2026-04-11 19:38:19.8320000
7324,67ca0d493f0094aaecca945e,1727,1,67,barchart-second-92-random-shortest-19,right,shortest,random,single,2026-04-11 19:38:22.1200000
7325,59e7a66e62637600014a7d69,4310,1,20,barchart-first-61-double-shortest-20,left,shortest,double,single,2026-04-11 19:38:21.1070000
7326,67ca0d493f0094aaecca945e,1063,1,68,barchart-second-25-random-shortest-20,left,shortest,random,single,2026-04-11 19:38:23.7530000
7327,67ca0d493f0094aaecca945e,1765,1,69,barchart-second-87-double-shortest-21,left,shortest,double,single,2026-04-11 19:38:26.0810000
7328,59e7a66e62637600014a7d69,2387,1,21,barchart-first-42-double-shortest-21,right,shortest,double,single,2026-04-11 19:38:24.0960000
7329,67ca0d493f0094aaecca945e,1293,1,70,barchart-second-35-random-shortest-22,left,shortest,random,single,2026-04-11 19:38:27.9370000
7330,67ca0d493f0094aaecca945e,835,1,71,barchart-second-08-same-shortest-23,left,shortest,same,single,2026-04-11 19:38:29.3360000
7331,59e7a66e62637600014a7d69,3082,1,22,barchart-first-71-random-shortest-22,left,shortest,random,single,2026-04-11 19:38:27.7880000
7332,59e7a66e62637600014a7d69,2247,1,23,barchart-first-44-double-shortest-23,left,shortest,double,single,2026-04-11 19:38:30.6380000
7333,67ca0d493f0094aaecca945e,1583,1,72,barchart-second-91-same-shortest-24,right,shortest,same,single,2026-04-11 19:38:33.8810000
7334,67ca0d493f0094aaecca945e,627,1,73,barchart-second-05-same-shortest-25,right,shortest,same,single,2026-04-11 19:38:35.0730000
7335,67ca0d493f0094aaecca945e,1127,1,74,barchart-second-10-random-shortest-26,left,shortest,random,single,2026-04-11 19:38:36.7690000
7336,67ca0d493f0094aaecca945e,823,1,75,barchart-second-06-double-shortest-27,right,shortest,double,single,2026-04-11 19:38:38.1530000
7337,67ca0d493f0094aaecca945e,1510,1,76,barchart-second-47-random-shortest-28,left,shortest,random,single,2026-04-11 19:38:40.2330000
7338,67ca0d493f0094aaecca945e,1158,1,77,barchart-second-51-double-shortest-29,right,shortest,double,single,2026-04-11 19:38:41.9620000
7339,59e7a66e62637600014a7d69,3730,1,24,barchart-first-30-same-shortest-24,right,shortest,same,single,2026-04-11 19:38:40.3950000
7340,67ca0d493f0094aaecca945e,994,1,78,barchart-second-75-double-shortest-30,left,shortest,double,single,2026-04-11 19:38:43.5210000
7341,67ca0d493f0094aaecca945e,934,1,79,barchart-second-50-random-shortest-31,right,shortest,random,single,2026-04-11 19:38:45.0170000
7342,67ca0d493f0094aaecca945e,1004,1,80,barchart-second-95-double-shortest-32,left,shortest,double,single,2026-04-11 19:38:46.5930000
7343,59e7a66e62637600014a7d69,3826,1,25,barchart-first-46-same-shortest-25,left,shortest,same,single,2026-04-11 19:38:44.8380000
7344,67ca0d493f0094aaecca945e,739,1,81,barchart-second-18-random-shortest-33,right,shortest,random,single,2026-04-11 19:38:47.8970000
7345,67ca0d493f0094aaecca945e,1533,1,82,barchart-second-61-same-shortest-34,left,shortest,same,single,2026-04-11 19:38:49.9850000
7346,59e7a66e62637600014a7d69,2692,1,26,barchart-first-69-double-shortest-26,right,shortest,double,single,2026-04-11 19:38:48.1260000
7347,67ca0d493f0094aaecca945e,1262,1,83,barchart-second-80-random-shortest-35,left,shortest,random,single,2026-04-11 19:38:51.8100000
7348,67ca0d493f0094aaecca945e,948,1,84,barchart-second-22-random-shortest-36,right,shortest,random,single,2026-04-11 19:38:53.3140000
7349,59e7a66e62637600014a7d69,3844,1,27,barchart-first-23-random-shortest-27,right,shortest,random,single,2026-04-11 19:38:52.5820000
7350,67ca0d493f0094aaecca945e,869,1,85,barchart-second-77-same-shortest-37,left,shortest,same,single,2026-04-11 19:38:54.7450000
7351,67ca0d493f0094aaecca945e,959,1,86,barchart-second-29-double-shortest-38,right,shortest,double,single,2026-04-11 19:38:56.2660000
7352,67ca0d493f0094aaecca945e,805,1,87,barchart-second-58-same-shortest-39,left,shortest,same,single,2026-04-11 19:38:57.6340000
7353,67ca0d493f0094aaecca945e,972,1,88,barchart-second-86-same-shortest-40,right,shortest,same,single,2026-04-11 19:38:59.1850000
7354,59e7a66e62637600014a7d69,4273,1,28,barchart-first-14-same-shortest-28,right,shortest,same,single,2026-04-11 19:38:57.4530000
7355,67ca0d493f0094aaecca945e,907,0,89,barchart-second-40-same-shortest-41,left,shortest,same,single,2026-04-11 19:39:00.6490000
7356,59e7a66e62637600014a7d69,2430,1,29,barchart-first-34-same-shortest-29,left,shortest,same,single,2026-04-11 19:39:00.4900000
7357,67ca0d493f0094aaecca945e,1685,1,90,barchart-second-63-random-shortest-42,right,shortest,random,single,2026-04-11 19:39:03.9850000
7358,67ca0d493f0094aaecca945e,1238,1,91,barchart-second-43-same-shortest-43,left,shortest,same,single,2026-04-11 19:39:05.7940000
7359,67ca0d493f0094aaecca945e,1798,1,92,barchart-second-04-double-shortest-44,left,shortest,double,single,2026-04-11 19:39:08.1550000
7360,59e7a66e62637600014a7d69,6016,1,30,barchart-first-16-same-shortest-30,right,shortest,same,single,2026-04-11 19:39:07.1050000
7361,67ca0d493f0094aaecca945e,1044,1,93,barchart-second-30-random-shortest-45,right,shortest,random,single,2026-04-11 19:39:09.7770000
7362,67ca0d493f0094aaecca945e,1220,1,94,barchart-second-09-same-shortest-46,left,shortest,same,single,2026-04-11 19:39:11.5620000
7363,59e7a66e62637600014a7d69,2712,1,31,barchart-first-19-double-shortest-31,left,shortest,double,single,2026-04-11 19:39:10.4170000
7364,67ca0d493f0094aaecca945e,1730,0,95,barchart-second-07-double-shortest-47,right,shortest,double,single,2026-04-11 19:39:13.8580000
7365,59e7a66e62637600014a7d69,1509,1,32,barchart-first-75-double-shortest-32,left,shortest,double,single,2026-04-11 19:39:12.5200000
7366,59e7a66e62637600014a7d69,1686,1,33,barchart-first-73-random-shortest-33,left,shortest,random,single,2026-04-11 19:39:14.7990000
7367,59e7a66e62637600014a7d69,2347,1,34,barchart-first-74-double-shortest-34,left,shortest,double,single,2026-04-11 19:39:17.7630000
7368,59e7a66e62637600014a7d69,2074,1,35,barchart-first-54-random-shortest-35,left,shortest,random,single,2026-04-11 19:39:20.4380000
7369,59e7a66e62637600014a7d69,2991,1,36,barchart-first-50-random-shortest-36,right,shortest,random,single,2026-04-11 19:39:24.0240000
7370,59e7a66e62637600014a7d69,2237,1,37,barchart-first-20-same-shortest-37,left,shortest,same,single,2026-04-11 19:39:26.8620000
7371,59e7a66e62637600014a7d69,2309,1,38,barchart-first-15-same-shortest-38,right,shortest,same,single,2026-04-11 19:39:29.7730000
7372,59e7a66e62637600014a7d69,2078,1,39,barchart-first-08-random-shortest-39,left,shortest,random,single,2026-04-11 19:39:32.4600000
7373,59e7a66e62637600014a7d69,2401,1,40,barchart-first-06-double-shortest-40,right,shortest,double,single,2026-04-11 19:39:35.4680000
7374,59e7a66e62637600014a7d69,1989,1,41,barchart-first-05-double-shortest-41,right,shortest,double,single,2026-04-11 19:39:38.0560000
7375,59e7a66e62637600014a7d69,2734,1,42,barchart-first-21-same-shortest-42,right,shortest,same,single,2026-04-11 19:39:41.3890000
7376,59e7a66e62637600014a7d69,4642,1,43,barchart-first-24-double-shortest-43,left,shortest,double,single,2026-04-11 19:39:46.6340000
7377,59e7a66e62637600014a7d69,4100,1,44,barchart-first-67-random-shortest-44,left,shortest,random,single,2026-04-11 19:39:51.3280000
7378,59e7a66e62637600014a7d69,2697,1,45,barchart-first-84-double-shortest-45,right,shortest,double,single,2026-04-11 19:39:54.6220000
7379,59e7a66e62637600014a7d69,2150,1,46,barchart-first-01-same-shortest-46,right,shortest,same,single,2026-04-11 19:39:57.3710000
7380,59e7a66e62637600014a7d69,5384,1,47,barchart-first-07-random-shortest-47,left,shortest,random,single,2026-04-11 19:40:03.3560000
7381,59e7a66e62637600014a7d69,1548,1,48,barchart-second-43-same-tallest-0,right,tallest,same,single,2026-04-11 19:40:51.6340000
7382,59e7a66e62637600014a7d69,1531,1,49,barchart-second-66-same-tallest-1,right,tallest,same,single,2026-04-11 19:40:53.7770000
7383,59e7a66e62637600014a7d69,1587,1,50,barchart-second-00-random-tallest-2,left,tallest,random,single,2026-04-11 19:40:55.9720000
7384,59e7a66e62637600014a7d69,1495,1,51,barchart-second-32-random-tallest-3,right,tallest,random,single,2026-04-11 19:40:58.0680000
7385,59e7a66e62637600014a7d69,1710,1,52,barchart-second-78-double-tallest-4,left,tallest,double,single,2026-04-11 19:41:00.3790000
7386,59e7a66e62637600014a7d69,1306,1,53,barchart-second-77-double-tallest-5,left,tallest,double,single,2026-04-11 19:41:02.2810000
7387,59e7a66e62637600014a7d69,1636,1,54,barchart-second-60-random-tallest-6,right,tallest,random,single,2026-04-11 19:41:04.5150000
7388,59e7a66e62637600014a7d69,1323,1,55,barchart-second-87-random-tallest-7,right,tallest,random,single,2026-04-11 19:41:06.4440000
7389,59e7a66e62637600014a7d69,1562,1,56,barchart-second-59-same-tallest-8,left,tallest,same,single,2026-04-11 19:41:08.6140000
7390,59e7a66e62637600014a7d69,1381,1,57,barchart-second-03-random-tallest-9,right,tallest,random,single,2026-04-11 19:41:10.5980000
7391,59e7a66e62637600014a7d69,1055,1,58,barchart-second-47-double-tallest-10,right,tallest,double,single,2026-04-11 19:41:12.2560000
7392,59e7a66e62637600014a7d69,1858,1,59,barchart-second-31-random-tallest-11,left,tallest,random,single,2026-04-11 19:41:14.7230000
7393,59e7a66e62637600014a7d69,2315,1,60,barchart-second-70-same-tallest-12,left,tallest,same,single,2026-04-11 19:41:17.6390000
7394,59e7a66e62637600014a7d69,2818,1,61,barchart-second-11-random-tallest-13,left,tallest,random,single,2026-04-11 19:41:21.0610000
7395,59e7a66e62637600014a7d69,1734,1,62,barchart-second-76-double-tallest-14,right,tallest,double,single,2026-04-11 19:41:23.4010000
7396,59e7a66e62637600014a7d69,1527,1,63,barchart-second-35-random-tallest-15,left,tallest,random,single,2026-04-11 19:41:25.5380000
7397,59e7a66e62637600014a7d69,1632,1,64,barchart-second-85-same-tallest-16,left,tallest,same,single,2026-04-11 19:41:27.7720000
7398,59e7a66e62637600014a7d69,1661,1,65,barchart-second-81-random-tallest-17,left,tallest,random,single,2026-04-11 19:41:30.0290000
7399,59e7a66e62637600014a7d69,2652,1,66,barchart-second-83-same-tallest-18,left,tallest,same,single,2026-04-11 19:41:33.2820000
7400,59e7a66e62637600014a7d69,1965,1,67,barchart-second-91-same-tallest-19,left,tallest,same,single,2026-04-11 19:41:35.8460000
7401,59e7a66e62637600014a7d69,1974,1,68,barchart-second-86-same-tallest-20,left,tallest,same,single,2026-04-11 19:41:38.4320000
7402,59e7a66e62637600014a7d69,1509,1,69,barchart-second-28-double-tallest-21,right,tallest,double,single,2026-04-11 19:41:40.5430000
7403,59e7a66e62637600014a7d69,1154,1,70,barchart-second-02-same-tallest-22,right,tallest,same,single,2026-04-11 19:41:42.3070000
7404,59e7a66e62637600014a7d69,1759,1,71,barchart-second-95-same-tallest-23,right,tallest,same,single,2026-04-11 19:41:44.6690000
7405,59e7a66e62637600014a7d69,2229,1,72,barchart-second-49-random-tallest-24,left,tallest,random,single,2026-04-11 19:41:52.7520000
7406,59e7a66e62637600014a7d69,1366,1,73,barchart-second-93-double-tallest-25,left,tallest,double,single,2026-04-11 19:41:54.7180000
7407,59e7a66e62637600014a7d69,1362,1,74,barchart-second-37-random-tallest-26,left,tallest,random,single,2026-04-11 19:41:56.6820000
7408,59e7a66e62637600014a7d69,1150,1,75,barchart-second-33-double-tallest-27,left,tallest,double,single,2026-04-11 19:41:58.4340000
7409,59e7a66e62637600014a7d69,955,1,76,barchart-second-56-double-tallest-28,left,tallest,double,single,2026-04-11 19:41:59.9910000
7410,59e7a66e62637600014a7d69,1497,1,77,barchart-second-55-double-tallest-29,left,tallest,double,single,2026-04-11 19:42:02.0870000
7411,59e7a66e62637600014a7d69,1620,1,78,barchart-second-68-double-tallest-30,right,tallest,double,single,2026-04-11 19:42:04.3180000
7412,59e7a66e62637600014a7d69,940,1,79,barchart-second-41-same-tallest-31,right,tallest,same,single,2026-04-11 19:42:05.8650000
7413,59e7a66e62637600014a7d69,1216,1,80,barchart-second-39-same-tallest-32,right,tallest,same,single,2026-04-11 19:42:07.6840000
7414,59e7a66e62637600014a7d69,1312,1,81,barchart-second-18-same-tallest-33,right,tallest,same,single,2026-04-11 19:42:09.5930000
7415,59e7a66e62637600014a7d69,1185,1,82,barchart-second-09-double-tallest-34,right,tallest,double,single,2026-04-11 19:42:11.3870000
7416,59e7a66e62637600014a7d69,1083,1,83,barchart-second-25-random-tallest-35,right,tallest,random,single,2026-04-11 19:42:13.0640000
7417,59e7a66e62637600014a7d69,1276,1,84,barchart-second-65-random-tallest-36,right,tallest,random,single,2026-04-11 19:42:14.9390000
7418,59e7a66e62637600014a7d69,1962,1,85,barchart-second-12-double-tallest-37,left,tallest,double,single,2026-04-11 19:42:17.5090000
7419,59e7a66e62637600014a7d69,1375,1,86,barchart-second-89-double-tallest-38,left,tallest,double,single,2026-04-11 19:42:19.4870000
7420,59e7a66e62637600014a7d69,1510,1,87,barchart-second-92-double-tallest-39,right,tallest,double,single,2026-04-11 19:42:21.6000000
7421,59e7a66e62637600014a7d69,1446,1,88,barchart-second-82-same-tallest-40,left,tallest,same,single,2026-04-11 19:42:23.6500000
7422,59e7a66e62637600014a7d69,1357,1,89,barchart-second-62-double-tallest-41,right,tallest,double,single,2026-04-11 19:42:25.6120000
7423,59e7a66e62637600014a7d69,1689,1,90,barchart-second-10-same-tallest-42,right,tallest,same,single,2026-04-11 19:42:27.9110000
7424,59e7a66e62637600014a7d69,1364,1,91,barchart-second-90-random-tallest-43,right,tallest,random,single,2026-04-11 19:42:29.8750000
7425,59e7a66e62637600014a7d69,1359,1,92,barchart-second-88-double-tallest-44,right,tallest,double,single,2026-04-11 19:42:31.8460000
7426,59e7a66e62637600014a7d69,1545,1,93,barchart-second-48-random-tallest-45,right,tallest,random,single,2026-04-11 19:42:33.9980000
7427,59e7a66e62637600014a7d69,1808,1,94,barchart-second-13-same-tallest-46,left,tallest,same,single,2026-04-11 19:42:36.4170000
7428,59e7a66e62637600014a7d69,1958,1,95,barchart-second-51-random-tallest-47,left,tallest,random,single,2026-04-11 19:42:38.9810000
7429,5622e4dced6e5a0005c80078,1670,1,0,barchart-first-30-same-tallest-0,left,tallest,same,single,2026-04-11 20:09:51.3680000
7430,5622e4dced6e5a0005c80078,1439,1,1,barchart-first-01-double-tallest-1,left,tallest,double,single,2026-04-11 20:09:53.3390000
7431,5622e4dced6e5a0005c80078,1019,0,2,barchart-first-40-double-tallest-2,right,tallest,double,single,2026-04-11 20:09:54.8910000
7432,5622e4dced6e5a0005c80078,969,1,3,barchart-first-32-same-tallest-3,right,tallest,same,single,2026-04-11 20:09:57.4080000
7433,5622e4dced6e5a0005c80078,1288,1,4,barchart-first-31-random-tallest-4,left,tallest,random,single,2026-04-11 20:09:59.2370000
7434,5622e4dced6e5a0005c80078,1001,1,5,barchart-first-46-same-tallest-5,right,tallest,same,single,2026-04-11 20:10:00.7780000
7435,5622e4dced6e5a0005c80078,1030,1,6,barchart-first-11-same-tallest-6,left,tallest,same,single,2026-04-11 20:10:02.3530000
7436,5622e4dced6e5a0005c80078,805,1,7,barchart-first-73-same-tallest-7,right,tallest,same,single,2026-04-11 20:10:03.6950000
7437,5622e4dced6e5a0005c80078,748,1,8,barchart-first-20-random-tallest-8,right,tallest,random,single,2026-04-11 20:10:04.9880000
7438,5622e4dced6e5a0005c80078,742,1,9,barchart-first-59-random-tallest-9,left,tallest,random,single,2026-04-11 20:10:06.2780000
7439,5622e4dced6e5a0005c80078,903,1,10,barchart-first-23-double-tallest-10,left,tallest,double,single,2026-04-11 20:10:07.7230000
7440,5622e4dced6e5a0005c80078,1174,1,11,barchart-first-72-double-tallest-11,left,tallest,double,single,2026-04-11 20:10:09.4880000
7441,5622e4dced6e5a0005c80078,864,1,12,barchart-first-12-double-tallest-12,left,tallest,double,single,2026-04-11 20:10:10.8850000
7442,5622e4dced6e5a0005c80078,702,1,13,barchart-first-16-double-tallest-13,right,tallest,double,single,2026-04-11 20:10:12.1360000
7443,5622e4dced6e5a0005c80078,742,1,14,barchart-first-80-random-tallest-14,left,tallest,random,single,2026-04-11 20:10:13.4240000
7444,5622e4dced6e5a0005c80078,961,1,15,barchart-first-62-random-tallest-15,right,tallest,random,single,2026-04-11 20:10:14.9230000
7445,5622e4dced6e5a0005c80078,1085,1,16,barchart-first-53-random-tallest-16,left,tallest,random,single,2026-04-11 20:10:16.5450000
7446,5622e4dced6e5a0005c80078,742,1,17,barchart-first-85-random-tallest-17,left,tallest,random,single,2026-04-11 20:10:17.8370000
7447,5622e4dced6e5a0005c80078,725,1,18,barchart-first-60-double-tallest-18,right,tallest,double,single,2026-04-11 20:10:19.1040000
7448,5622e4dced6e5a0005c80078,957,1,19,barchart-first-69-random-tallest-19,left,tallest,random,single,2026-04-11 20:10:20.5960000
7449,5622e4dced6e5a0005c80078,958,1,20,barchart-first-28-random-tallest-20,right,tallest,random,single,2026-04-11 20:10:22.0850000
7450,5622e4dced6e5a0005c80078,1295,1,21,barchart-first-27-random-tallest-21,left,tallest,random,single,2026-04-11 20:10:23.9230000
7451,5622e4dced6e5a0005c80078,749,1,22,barchart-first-05-random-tallest-22,right,tallest,random,single,2026-04-11 20:10:25.2110000
7452,5622e4dced6e5a0005c80078,1166,1,23,barchart-first-77-double-tallest-23,left,tallest,double,single,2026-04-11 20:10:26.9210000
7453,5622e4dced6e5a0005c80078,1694,1,24,barchart-first-95-random-tallest-24,right,tallest,random,single,2026-04-11 20:10:32.9900000
7454,5622e4dced6e5a0005c80078,974,1,25,barchart-first-87-random-tallest-25,right,tallest,random,single,2026-04-11 20:10:34.5090000
7455,5622e4dced6e5a0005c80078,1248,1,26,barchart-first-76-double-tallest-26,right,tallest,double,single,2026-04-11 20:10:36.2960000
7456,5622e4dced6e5a0005c80078,752,1,27,barchart-first-94-double-tallest-27,right,tallest,double,single,2026-04-11 20:10:37.5760000
7457,5622e4dced6e5a0005c80078,910,1,28,barchart-first-35-same-tallest-28,left,tallest,same,single,2026-04-11 20:10:39.0200000
7458,5622e4dced6e5a0005c80078,1266,1,29,barchart-first-68-same-tallest-29,right,tallest,same,single,2026-04-11 20:10:40.8820000
7459,5622e4dced6e5a0005c80078,781,1,30,barchart-first-74-double-tallest-30,right,tallest,double,single,2026-04-11 20:10:42.1940000
7460,5622e4dced6e5a0005c80078,1562,1,31,barchart-first-83-same-tallest-31,left,tallest,same,single,2026-04-11 20:10:44.3050000
7461,5622e4dced6e5a0005c80078,769,1,32,barchart-first-26-double-tallest-32,right,tallest,double,single,2026-04-11 20:10:45.6220000
7462,5622e4dced6e5a0005c80078,1096,1,33,barchart-first-18-same-tallest-33,right,tallest,same,single,2026-04-11 20:10:47.2630000
7463,5622e4dced6e5a0005c80078,1227,1,34,barchart-first-37-double-tallest-34,left,tallest,double,single,2026-04-11 20:10:49.0280000
7464,5622e4dced6e5a0005c80078,1480,1,35,barchart-first-19-same-tallest-35,left,tallest,same,single,2026-04-11 20:10:51.0610000
7465,5622e4dced6e5a0005c80078,1417,1,36,barchart-first-22-same-tallest-36,left,tallest,same,single,2026-04-11 20:10:53.0200000
7466,5622e4dced6e5a0005c80078,704,1,37,barchart-first-04-same-tallest-37,right,tallest,same,single,2026-04-11 20:10:54.2580000
7467,5622e4dced6e5a0005c80078,877,1,38,barchart-first-93-random-tallest-38,left,tallest,random,single,2026-04-11 20:10:55.6700000
7468,5622e4dced6e5a0005c80078,1267,1,39,barchart-first-41-double-tallest-39,right,tallest,double,single,2026-04-11 20:10:57.5930000
7469,5622e4dced6e5a0005c80078,1088,1,40,barchart-first-09-double-tallest-40,right,tallest,double,single,2026-04-11 20:10:59.2100000
7470,5622e4dced6e5a0005c80078,833,1,41,barchart-first-25-same-tallest-41,right,tallest,same,single,2026-04-11 20:11:00.5870000
7471,5622e4dced6e5a0005c80078,1127,1,42,barchart-first-63-same-tallest-42,left,tallest,same,single,2026-04-11 20:11:02.2630000
7472,5622e4dced6e5a0005c80078,794,1,43,barchart-first-39-random-tallest-43,right,tallest,random,single,2026-04-11 20:11:03.6040000
7473,5622e4dced6e5a0005c80078,812,1,44,barchart-first-17-same-tallest-44,right,tallest,same,single,2026-04-11 20:11:04.9910000
7474,5622e4dced6e5a0005c80078,774,1,45,barchart-first-00-same-tallest-45,left,tallest,same,single,2026-04-11 20:11:06.3240000
7475,5622e4dced6e5a0005c80078,823,1,46,barchart-first-44-random-tallest-46,right,tallest,random,single,2026-04-11 20:11:07.6810000
7476,5622e4dced6e5a0005c80078,908,1,47,barchart-first-64-double-tallest-47,left,tallest,double,single,2026-04-11 20:11:09.1470000
7477,5622e4dced6e5a0005c80078,1920,1,48,barchart-second-29-same-shortest-0,right,shortest,same,single,2026-04-11 20:11:44.3310000
7478,5622e4dced6e5a0005c80078,1494,1,49,barchart-second-07-random-shortest-1,left,shortest,random,single,2026-04-11 20:11:46.3740000
7479,5622e4dced6e5a0005c80078,1215,1,50,barchart-second-48-double-shortest-2,right,shortest,double,single,2026-04-11 20:11:48.1340000
7480,5622e4dced6e5a0005c80078,1159,1,51,barchart-second-33-random-shortest-3,right,shortest,random,single,2026-04-11 20:11:49.8280000
7481,5622e4dced6e5a0005c80078,1067,1,52,barchart-second-15-random-shortest-4,right,shortest,random,single,2026-04-11 20:11:51.4370000
7482,5622e4dced6e5a0005c80078,1301,1,53,barchart-second-10-random-shortest-5,left,shortest,random,single,2026-04-11 20:11:53.2830000
7483,5622e4dced6e5a0005c80078,999,1,54,barchart-second-38-double-shortest-6,left,shortest,double,single,2026-04-11 20:11:54.8240000
7484,5622e4dced6e5a0005c80078,1148,1,55,barchart-second-21-double-shortest-7,right,shortest,double,single,2026-04-11 20:11:56.5180000
7485,5622e4dced6e5a0005c80078,1141,1,56,barchart-second-36-same-shortest-8,left,shortest,same,single,2026-04-11 20:11:58.1960000
7486,5622e4dced6e5a0005c80078,1814,1,57,barchart-second-34-double-shortest-9,left,shortest,double,single,2026-04-11 20:12:00.5500000
7487,5622e4dced6e5a0005c80078,1089,1,58,barchart-second-58-random-shortest-10,left,shortest,random,single,2026-04-11 20:12:02.1750000
7488,5622e4dced6e5a0005c80078,1000,1,59,barchart-second-49-same-shortest-11,right,shortest,same,single,2026-04-11 20:12:03.7140000
7489,5622e4dced6e5a0005c80078,844,1,60,barchart-second-56-double-shortest-12,left,shortest,double,single,2026-04-11 20:12:05.1050000
7490,5622e4dced6e5a0005c80078,1095,1,61,barchart-second-81-double-shortest-13,left,shortest,double,single,2026-04-11 20:12:06.7450000
7491,5622e4dced6e5a0005c80078,1086,1,62,barchart-second-90-random-shortest-14,left,shortest,random,single,2026-04-11 20:12:08.3830000
7492,5622e4dced6e5a0005c80078,895,1,63,barchart-second-03-double-shortest-15,left,shortest,double,single,2026-04-11 20:12:09.8300000
7493,5622e4dced6e5a0005c80078,1185,1,64,barchart-second-66-random-shortest-16,left,shortest,random,single,2026-04-11 20:12:11.5630000
7494,5622e4dced6e5a0005c80078,1078,1,65,barchart-second-43-same-shortest-17,left,shortest,same,single,2026-04-11 20:12:13.1870000
7495,5622e4dced6e5a0005c80078,1194,1,66,barchart-second-88-double-shortest-18,left,shortest,double,single,2026-04-11 20:12:14.9280000
7496,5622e4dced6e5a0005c80078,1377,1,67,barchart-second-47-same-shortest-19,left,shortest,same,single,2026-04-11 20:12:16.8440000
7497,5622e4dced6e5a0005c80078,1523,1,68,barchart-second-79-random-shortest-20,right,shortest,random,single,2026-04-11 20:12:18.9130000
7498,5622e4dced6e5a0005c80078,1069,1,69,barchart-second-52-same-shortest-21,right,shortest,same,single,2026-04-11 20:12:20.5210000
7499,5622e4dced6e5a0005c80078,902,1,70,barchart-second-91-double-shortest-22,right,shortest,double,single,2026-04-11 20:12:21.9690000
7500,5622e4dced6e5a0005c80078,994,1,71,barchart-second-92-same-shortest-23,right,shortest,same,single,2026-04-11 20:12:23.5070000
7501,5622e4dced6e5a0005c80078,1406,1,72,barchart-second-86-random-shortest-24,right,shortest,random,single,2026-04-11 20:12:28.1250000
7502,5622e4dced6e5a0005c80078,1611,1,73,barchart-second-84-double-shortest-25,right,shortest,double,single,2026-04-11 20:12:30.2850000
7503,5622e4dced6e5a0005c80078,793,1,74,barchart-second-82-double-shortest-26,right,shortest,double,single,2026-04-11 20:12:31.6230000
7504,5622e4dced6e5a0005c80078,1378,1,75,barchart-second-24-random-shortest-27,left,shortest,random,single,2026-04-11 20:12:33.5390000
7505,5622e4dced6e5a0005c80078,969,1,76,barchart-second-06-random-shortest-28,right,shortest,random,single,2026-04-11 20:12:35.0480000
7506,5622e4dced6e5a0005c80078,908,1,77,barchart-second-71-same-shortest-29,left,shortest,same,single,2026-04-11 20:12:36.5000000
7507,5622e4dced6e5a0005c80078,931,1,78,barchart-second-51-same-shortest-30,right,shortest,same,single,2026-04-11 20:12:37.9800000
7508,5622e4dced6e5a0005c80078,966,1,79,barchart-second-54-same-shortest-31,left,shortest,same,single,2026-04-11 20:12:39.5150000
7509,5622e4dced6e5a0005c80078,1024,1,80,barchart-second-57-same-shortest-32,right,shortest,same,single,2026-04-11 20:12:41.0740000
7510,5622e4dced6e5a0005c80078,879,1,81,barchart-second-13-random-shortest-33,left,shortest,random,single,2026-04-11 20:12:42.5160000
7511,5622e4dced6e5a0005c80078,914,1,82,barchart-second-45-double-shortest-34,left,shortest,double,single,2026-04-11 20:12:44.0320000
7512,5622e4dced6e5a0005c80078,1020,1,83,barchart-second-14-double-shortest-35,right,shortest,double,single,2026-04-11 20:12:45.5970000
7513,5622e4dced6e5a0005c80078,1427,1,84,barchart-second-65-same-shortest-36,right,shortest,same,single,2026-04-11 20:12:47.5620000
7514,5622e4dced6e5a0005c80078,816,1,85,barchart-second-55-same-shortest-37,left,shortest,same,single,2026-04-11 20:12:48.9190000
7515,5622e4dced6e5a0005c80078,957,1,86,barchart-second-70-random-shortest-38,right,shortest,random,single,2026-04-11 20:12:50.4180000
7516,5622e4dced6e5a0005c80078,729,1,87,barchart-second-89-double-shortest-39,right,shortest,double,single,2026-04-11 20:12:51.6990000
7517,5622e4dced6e5a0005c80078,869,1,88,barchart-second-75-same-shortest-40,left,shortest,same,single,2026-04-11 20:12:53.1070000
7518,5622e4dced6e5a0005c80078,1346,1,89,barchart-second-61-random-shortest-41,left,shortest,random,single,2026-04-11 20:12:55.1310000
7519,5622e4dced6e5a0005c80078,989,1,90,barchart-second-02-random-shortest-42,right,shortest,random,single,2026-04-11 20:12:56.6590000
7520,5622e4dced6e5a0005c80078,951,1,91,barchart-second-78-random-shortest-43,right,shortest,random,single,2026-04-11 20:12:58.1490000
7521,5622e4dced6e5a0005c80078,1088,1,92,barchart-second-50-same-shortest-44,right,shortest,same,single,2026-04-11 20:12:59.7830000
7522,5622e4dced6e5a0005c80078,1141,1,93,barchart-second-42-double-shortest-45,right,shortest,double,single,2026-04-11 20:13:01.5150000
7523,5622e4dced6e5a0005c80078,803,1,94,barchart-second-08-same-shortest-46,left,shortest,same,single,2026-04-11 20:13:02.8650000
7524,5622e4dced6e5a0005c80078,1112,1,95,barchart-second-67-double-shortest-47,left,shortest,double,single,2026-04-11 20:13:04.5180000
7525,55ecd6ff748092000daa9f5f,662,1,0,barchart-first-00-double-tallest-0,left,tallest,double,single,2026-04-11 21:02:54.4610000
7526,55ecd6ff748092000daa9f5f,607,0,1,barchart-first-83-double-tallest-1,right,tallest,double,single,2026-04-11 21:02:55.6150000
7527,55ecd6ff748092000daa9f5f,765,1,2,barchart-first-41-double-tallest-2,right,tallest,double,single,2026-04-11 21:02:57.9190000
7528,55ecd6ff748092000daa9f5f,731,1,3,barchart-first-79-double-tallest-3,right,tallest,double,single,2026-04-11 21:02:59.1890000
7529,55ecd6ff748092000daa9f5f,645,1,4,barchart-first-01-same-tallest-4,left,tallest,same,single,2026-04-11 21:03:00.3760000
7530,55ecd6ff748092000daa9f5f,614,1,5,barchart-first-31-random-tallest-5,left,tallest,random,single,2026-04-11 21:03:01.5310000
7531,55ecd6ff748092000daa9f5f,626,1,6,barchart-first-86-random-tallest-6,left,tallest,random,single,2026-04-11 21:03:02.6990000
7532,55ecd6ff748092000daa9f5f,670,1,7,barchart-first-38-random-tallest-7,right,tallest,random,single,2026-04-11 21:03:03.9020000
7533,55ecd6ff748092000daa9f5f,559,1,8,barchart-first-71-random-tallest-8,right,tallest,random,single,2026-04-11 21:03:05.1070000
7534,55ecd6ff748092000daa9f5f,587,1,9,barchart-first-43-same-tallest-9,right,tallest,same,single,2026-04-11 21:03:06.2660000
7535,55ecd6ff748092000daa9f5f,1180,1,10,barchart-first-06-random-tallest-10,right,tallest,random,single,2026-04-11 21:03:07.9820000
7536,55ecd6ff748092000daa9f5f,588,1,11,barchart-first-92-random-tallest-11,right,tallest,random,single,2026-04-11 21:03:09.1070000
7537,55ecd6ff748092000daa9f5f,458,0,12,barchart-first-54-double-tallest-12,left,tallest,double,single,2026-04-11 21:03:10.1040000
7538,55ecd6ff748092000daa9f5f,603,1,13,barchart-first-70-random-tallest-13,left,tallest,random,single,2026-04-11 21:03:12.2370000
7539,55ecd6ff748092000daa9f5f,1086,1,14,barchart-first-84-same-tallest-14,right,tallest,same,single,2026-04-11 21:03:13.8570000
7540,55ecd6ff748092000daa9f5f,641,1,15,barchart-first-25-same-tallest-15,right,tallest,same,single,2026-04-11 21:03:15.0440000
7541,55ecd6ff748092000daa9f5f,918,1,16,barchart-first-68-random-tallest-16,right,tallest,random,single,2026-04-11 21:03:16.4950000
7542,55ecd6ff748092000daa9f5f,897,1,17,barchart-first-03-double-tallest-17,right,tallest,double,single,2026-04-11 21:03:17.9350000
7543,55ecd6ff748092000daa9f5f,890,1,18,barchart-first-49-same-tallest-18,left,tallest,same,single,2026-04-11 21:03:19.3650000
7544,55ecd6ff748092000daa9f5f,532,1,19,barchart-first-88-double-tallest-19,right,tallest,double,single,2026-04-11 21:03:20.4290000
7545,55ecd6ff748092000daa9f5f,640,1,20,barchart-first-08-random-tallest-20,left,tallest,random,single,2026-04-11 21:03:21.6040000
7546,55ecd6ff748092000daa9f5f,573,1,21,barchart-first-37-same-tallest-21,left,tallest,same,single,2026-04-11 21:03:22.7150000
7547,55ecd6ff748092000daa9f5f,573,1,22,barchart-first-44-double-tallest-22,right,tallest,double,single,2026-04-11 21:03:23.8220000
7548,55ecd6ff748092000daa9f5f,558,1,23,barchart-first-62-double-tallest-23,right,tallest,double,single,2026-04-11 21:03:24.9130000
7549,55ecd6ff748092000daa9f5f,1667,0,24,barchart-first-29-same-tallest-24,right,tallest,same,single,2026-04-11 21:03:29.0830000
7550,55ecd6ff748092000daa9f5f,693,1,25,barchart-first-12-double-tallest-25,left,tallest,double,single,2026-04-11 21:03:31.3300000
7551,55ecd6ff748092000daa9f5f,615,1,26,barchart-first-72-random-tallest-26,left,tallest,random,single,2026-04-11 21:03:32.4790000
7552,55ecd6ff748092000daa9f5f,702,1,27,barchart-first-10-same-tallest-27,right,tallest,same,single,2026-04-11 21:03:33.7370000
7553,55ecd6ff748092000daa9f5f,891,1,28,barchart-first-34-random-tallest-28,left,tallest,random,single,2026-04-11 21:03:35.1670000
7554,55ecd6ff748092000daa9f5f,534,1,29,barchart-first-51-double-tallest-29,left,tallest,double,single,2026-04-11 21:03:36.2300000
7555,55ecd6ff748092000daa9f5f,538,1,30,barchart-first-39-same-tallest-30,right,tallest,same,single,2026-04-11 21:03:37.3000000
7556,55ecd6ff748092000daa9f5f,664,1,31,barchart-first-17-double-tallest-31,right,tallest,double,single,2026-04-11 21:03:38.5060000
7557,55ecd6ff748092000daa9f5f,670,1,32,barchart-first-35-double-tallest-32,left,tallest,double,single,2026-04-11 21:03:39.7070000
7558,55ecd6ff748092000daa9f5f,899,1,33,barchart-first-77-same-tallest-33,left,tallest,same,single,2026-04-11 21:03:41.1470000
7559,55ecd6ff748092000daa9f5f,568,1,34,barchart-first-33-double-tallest-34,left,tallest,double,single,2026-04-11 21:03:42.2550000
7560,55ecd6ff748092000daa9f5f,635,1,35,barchart-first-60-same-tallest-35,right,tallest,same,single,2026-04-11 21:03:43.4220000
7561,55ecd6ff748092000daa9f5f,770,1,36,barchart-first-59-random-tallest-36,left,tallest,random,single,2026-04-11 21:03:44.7290000
7562,55ecd6ff748092000daa9f5f,703,1,37,barchart-first-27-random-tallest-37,left,tallest,random,single,2026-04-11 21:03:45.9620000
7563,55ecd6ff748092000daa9f5f,531,1,38,barchart-first-50-same-tallest-38,right,tallest,same,single,2026-04-11 21:03:47.0220000
7564,55ecd6ff748092000daa9f5f,630,1,39,barchart-first-57-double-tallest-39,left,tallest,double,single,2026-04-11 21:03:48.1910000
7565,55ecd6ff748092000daa9f5f,630,1,40,barchart-first-19-same-tallest-40,left,tallest,same,single,2026-04-11 21:03:49.3670000
7566,55ecd6ff748092000daa9f5f,688,1,41,barchart-first-46-random-tallest-41,right,tallest,random,single,2026-04-11 21:03:50.5890000
7567,55ecd6ff748092000daa9f5f,758,1,42,barchart-first-56-same-tallest-42,left,tallest,same,single,2026-04-11 21:03:51.8860000
7568,55ecd6ff748092000daa9f5f,525,1,43,barchart-first-73-random-tallest-43,right,tallest,random,single,2026-04-11 21:03:52.9460000
7569,55ecd6ff748092000daa9f5f,724,1,44,barchart-first-48-random-tallest-44,right,tallest,random,single,2026-04-11 21:03:54.2300000
7570,55ecd6ff748092000daa9f5f,727,1,45,barchart-first-22-same-tallest-45,left,tallest,same,single,2026-04-11 21:03:55.4980000
7571,55ecd6ff748092000daa9f5f,536,1,46,barchart-first-58-same-tallest-46,right,tallest,same,single,2026-04-11 21:03:56.5790000
7572,55ecd6ff748092000daa9f5f,535,1,47,barchart-first-82-double-tallest-47,left,tallest,double,single,2026-04-11 21:03:57.6490000
7573,55ecd6ff748092000daa9f5f,1219,1,48,barchart-second-67-random-shortest-0,left,shortest,random,single,2026-04-11 21:04:26.2120000
7574,55ecd6ff748092000daa9f5f,992,1,49,barchart-second-16-same-shortest-1,right,shortest,same,single,2026-04-11 21:04:27.7400000
7575,55ecd6ff748092000daa9f5f,762,1,50,barchart-second-05-same-shortest-2,right,shortest,same,single,2026-04-11 21:04:29.0380000
7576,55ecd6ff748092000daa9f5f,995,1,51,barchart-second-64-same-shortest-3,left,shortest,same,single,2026-04-11 21:04:30.5680000
7577,55ecd6ff748092000daa9f5f,825,1,52,barchart-second-63-same-shortest-4,right,shortest,same,single,2026-04-11 21:04:31.9320000
7578,55ecd6ff748092000daa9f5f,933,1,53,barchart-second-42-random-shortest-5,right,shortest,random,single,2026-04-11 21:04:33.4070000
7579,55ecd6ff748092000daa9f5f,1054,1,54,barchart-second-95-same-shortest-6,left,shortest,same,single,2026-04-11 21:04:35.0010000
7580,55ecd6ff748092000daa9f5f,954,0,55,barchart-second-15-same-shortest-7,left,shortest,same,single,2026-04-11 21:04:36.4980000
7581,55ecd6ff748092000daa9f5f,1152,1,56,barchart-second-24-double-shortest-8,left,shortest,double,single,2026-04-11 21:04:39.2080000
7582,55ecd6ff748092000daa9f5f,1142,1,57,barchart-second-91-same-shortest-9,right,shortest,same,single,2026-04-11 21:04:40.8880000
7583,55ecd6ff748092000daa9f5f,992,1,58,barchart-second-65-random-shortest-10,right,shortest,random,single,2026-04-11 21:04:42.4360000
7584,55ecd6ff748092000daa9f5f,890,1,59,barchart-second-28-same-shortest-11,right,shortest,same,single,2026-04-11 21:04:43.8650000
7585,55ecd6ff748092000daa9f5f,857,1,60,barchart-second-14-random-shortest-12,right,shortest,random,single,2026-04-11 21:04:45.2760000
7586,55ecd6ff748092000daa9f5f,877,1,61,barchart-second-26-double-shortest-13,left,shortest,double,single,2026-04-11 21:04:46.6880000
7587,55ecd6ff748092000daa9f5f,1387,1,62,barchart-second-09-random-shortest-14,left,shortest,random,single,2026-04-11 21:04:48.6130000
7588,55ecd6ff748092000daa9f5f,1318,1,63,barchart-second-45-same-shortest-15,left,shortest,same,single,2026-04-11 21:04:50.4710000
7589,55ecd6ff748092000daa9f5f,967,1,64,barchart-second-30-random-shortest-16,right,shortest,random,single,2026-04-11 21:04:51.9880000
7590,55ecd6ff748092000daa9f5f,909,1,65,barchart-second-21-random-shortest-17,right,shortest,random,single,2026-04-11 21:04:53.4400000
7591,55ecd6ff748092000daa9f5f,1390,0,66,barchart-second-07-random-shortest-18,right,shortest,random,single,2026-04-11 21:04:55.3640000
7592,55ecd6ff748092000daa9f5f,1334,1,67,barchart-second-94-double-shortest-19,right,shortest,double,single,2026-04-11 21:04:58.2560000
7593,55ecd6ff748092000daa9f5f,805,1,68,barchart-second-52-double-shortest-20,right,shortest,double,single,2026-04-11 21:04:59.5940000
7594,55ecd6ff748092000daa9f5f,1165,1,69,barchart-second-20-random-shortest-21,left,shortest,random,single,2026-04-11 21:05:01.3000000
7595,55ecd6ff748092000daa9f5f,1034,1,70,barchart-second-36-double-shortest-22,left,shortest,double,single,2026-04-11 21:05:02.8830000
7596,55ecd6ff748092000daa9f5f,799,1,71,barchart-second-13-random-shortest-23,left,shortest,random,single,2026-04-11 21:05:04.2100000
7597,55ecd6ff748092000daa9f5f,1264,1,72,barchart-second-69-double-shortest-24,right,shortest,double,single,2026-04-11 21:05:07.1610000
7598,55ecd6ff748092000daa9f5f,938,1,73,barchart-second-53-same-shortest-25,right,shortest,same,single,2026-04-11 21:05:08.6380000
7599,55ecd6ff748092000daa9f5f,994,1,74,barchart-second-02-random-shortest-26,right,shortest,random,single,2026-04-11 21:05:10.1740000
7600,55ecd6ff748092000daa9f5f,853,1,75,barchart-second-75-random-shortest-27,left,shortest,random,single,2026-04-11 21:05:11.5710000
7601,55ecd6ff748092000daa9f5f,831,1,76,barchart-second-81-double-shortest-28,left,shortest,double,single,2026-04-11 21:05:12.9420000
7602,55ecd6ff748092000daa9f5f,1231,1,77,barchart-second-11-double-shortest-29,right,shortest,double,single,2026-04-11 21:05:14.7060000
7603,55ecd6ff748092000daa9f5f,1080,1,78,barchart-second-76-random-shortest-30,left,shortest,random,single,2026-04-11 21:05:16.3280000
7604,55ecd6ff748092000daa9f5f,966,1,79,barchart-second-74-same-shortest-31,left,shortest,same,single,2026-04-11 21:05:17.8350000
7605,55ecd6ff748092000daa9f5f,1036,1,80,barchart-second-89-random-shortest-32,right,shortest,random,single,2026-04-11 21:05:19.4080000
7606,55ecd6ff748092000daa9f5f,969,1,81,barchart-second-78-double-shortest-33,right,shortest,double,single,2026-04-11 21:05:20.9140000
7607,55ecd6ff748092000daa9f5f,1119,1,82,barchart-second-66-double-shortest-34,left,shortest,double,single,2026-04-11 21:05:22.5660000
7608,55ecd6ff748092000daa9f5f,977,1,83,barchart-second-80-double-shortest-35,left,shortest,double,single,2026-04-11 21:05:24.0820000
7609,55ecd6ff748092000daa9f5f,831,1,84,barchart-second-55-same-shortest-36,left,shortest,same,single,2026-04-11 21:05:25.4560000
7610,55ecd6ff748092000daa9f5f,909,1,85,barchart-second-47-double-shortest-37,left,shortest,double,single,2026-04-11 21:05:26.8990000
7611,55ecd6ff748092000daa9f5f,971,1,86,barchart-second-85-same-shortest-38,left,shortest,same,single,2026-04-11 21:05:28.4130000
7612,55ecd6ff748092000daa9f5f,1339,1,87,barchart-second-93-random-shortest-39,right,shortest,random,single,2026-04-11 21:05:30.2820000
7613,55ecd6ff748092000daa9f5f,1313,1,88,barchart-second-90-double-shortest-40,left,shortest,double,single,2026-04-11 21:05:32.1310000
7614,55ecd6ff748092000daa9f5f,784,1,89,barchart-second-87-same-shortest-41,left,shortest,same,single,2026-04-11 21:05:33.4500000
7615,55ecd6ff748092000daa9f5f,1019,1,90,barchart-second-61-random-shortest-42,left,shortest,random,single,2026-04-11 21:05:35.0130000
7616,55ecd6ff748092000daa9f5f,738,1,91,barchart-second-18-double-shortest-43,right,shortest,double,single,2026-04-11 21:05:36.2760000
7617,55ecd6ff748092000daa9f5f,810,1,92,barchart-second-04-same-shortest-44,left,shortest,same,single,2026-04-11 21:05:37.6230000
7618,55ecd6ff748092000daa9f5f,951,1,93,barchart-second-40-double-shortest-45,right,shortest,double,single,2026-04-11 21:05:39.1030000
7619,55ecd6ff748092000daa9f5f,614,1,94,barchart-second-32-double-shortest-46,right,shortest,double,single,2026-04-11 21:05:40.2510000
7620,55ecd6ff748092000daa9f5f,889,1,95,barchart-second-23-same-shortest-47,right,shortest,same,single,2026-04-11 21:05:41.7030000
