id,participant_id,response_time,correct,trial_number,stimuli_number,response,task,color,attention,time_when,stimulus_chart,stimulus_order,stimulus_index,stimulus_color,stimulus_task,stimulus_trial_index,valid_response_time,valid_correct,stimulus_fields_match,is_answered,participant_type,is_complete
1663,5b5a822e1ad8270001c4f28d,3085,1,0,barchart-first-31-same-shortest-0,right,shortest,same,dual,2026-03-18T15:17:09Z,barchart,first,31,same,shortest,0,TRUE,TRUE,TRUE,TRUE,study,TRUE
1664,5b5a822e1ad8270001c4f28d,39140,1,1,barchart-first-29-same-shortest-1,left,shortest,same,dual,2026-03-18T15:17:49Z,barchart,first,29,same,shortest,1,TRUE,TRUE,TRUE,TRUE,study,TRUE
1665,5b5a822e1ad8270001c4f28d,13628,1,2,barchart-first-02-random-shortest-2,right,shortest,random,dual,2026-03-18T15:18:03Z,barchart,first,2,random,shortest,2,TRUE,TRUE,TRUE,TRUE,study,TRUE
1666,5b5a822e1ad8270001c4f28d,3344,1,3,barchart-first-14-same-shortest-3,left,shortest,same,dual,2026-03-18T15:18:07Z,barchart,first,14,same,shortest,3,TRUE,TRUE,TRUE,TRUE,study,TRUE
1667,5b5a822e1ad8270001c4f28d,8506,1,4,barchart-first-09-random-shortest-4,left,shortest,random,dual,2026-03-18T15:18:16Z,barchart,first,9,random,shortest,4,TRUE,TRUE,TRUE,TRUE,study,TRUE
1672,5b5a822e1ad8270001c4f28d,9788,1,5,barchart-first-17-random-shortest-5,right,shortest,random,dual,2026-03-18T15:18:26Z,barchart,first,17,random,shortest,5,TRUE,TRUE,TRUE,TRUE,study,TRUE
1685,5b5a822e1ad8270001c4f28d,27726,0,6,barchart-first-13-random-shortest-6,right,shortest,random,dual,2026-03-18T15:18:55Z,barchart,first,13,random,shortest,6,TRUE,TRUE,TRUE,TRUE,study,TRUE
1688,5b5a822e1ad8270001c4f28d,3532,0,7,barchart-first-06-double-shortest-7,right,shortest,double,dual,2026-03-18T15:19:00Z,barchart,first,6,double,shortest,7,TRUE,TRUE,TRUE,TRUE,study,TRUE
1692,5b5a822e1ad8270001c4f28d,5365,1,8,barchart-first-05-same-shortest-8,left,shortest,same,dual,2026-03-18T15:19:07Z,barchart,first,5,same,shortest,8,TRUE,TRUE,TRUE,TRUE,study,TRUE
1695,5b5a822e1ad8270001c4f28d,2449,1,9,barchart-first-20-double-shortest-9,right,shortest,double,dual,2026-03-18T15:19:10Z,barchart,first,20,double,shortest,9,TRUE,TRUE,TRUE,TRUE,study,TRUE
1697,5b5a822e1ad8270001c4f28d,2871,0,10,barchart-first-26-random-shortest-10,right,shortest,random,dual,2026-03-18T15:19:13Z,barchart,first,26,random,shortest,10,TRUE,TRUE,TRUE,TRUE,study,TRUE
1699,5b5a822e1ad8270001c4f28d,1922,1,11,barchart-first-12-random-shortest-11,left,shortest,random,dual,2026-03-18T15:19:17Z,barchart,first,12,random,shortest,11,TRUE,TRUE,TRUE,TRUE,study,TRUE
1701,5b5a822e1ad8270001c4f28d,2624,0,12,barchart-first-20-same-shortest-12,left,shortest,same,dual,2026-03-18T15:19:20Z,barchart,first,20,same,shortest,12,TRUE,TRUE,TRUE,TRUE,study,TRUE
1704,5b5a822e1ad8270001c4f28d,3333,0,13,barchart-first-10-double-shortest-13,right,shortest,double,dual,2026-03-18T15:19:25Z,barchart,first,10,double,shortest,13,TRUE,TRUE,TRUE,TRUE,study,TRUE
1706,5b5a822e1ad8270001c4f28d,1305,0,14,barchart-first-11-double-shortest-14,left,shortest,double,dual,2026-03-18T15:19:28Z,barchart,first,11,double,shortest,14,TRUE,TRUE,TRUE,TRUE,study,TRUE
1710,5b5a822e1ad8270001c4f28d,3451,0,15,barchart-first-22-double-shortest-15,left,shortest,double,dual,2026-03-18T15:19:33Z,barchart,first,22,double,shortest,15,TRUE,TRUE,TRUE,TRUE,study,TRUE
1712,5b5a822e1ad8270001c4f28d,2235,0,16,barchart-first-21-double-shortest-16,right,shortest,double,dual,2026-03-18T15:19:37Z,barchart,first,21,double,shortest,16,TRUE,TRUE,TRUE,TRUE,study,TRUE
1714,5b5a822e1ad8270001c4f28d,1455,1,17,barchart-first-00-double-shortest-17,left,shortest,double,dual,2026-03-18T15:19:40Z,barchart,first,0,double,shortest,17,TRUE,TRUE,TRUE,TRUE,study,TRUE
1718,5b5a822e1ad8270001c4f28d,3958,0,18,barchart-first-11-same-shortest-18,left,shortest,same,dual,2026-03-18T15:19:44Z,barchart,first,11,same,shortest,18,TRUE,TRUE,TRUE,TRUE,study,TRUE
1721,5b5a822e1ad8270001c4f28d,2367,1,19,barchart-first-19-double-shortest-19,left,shortest,double,dual,2026-03-18T15:19:48Z,barchart,first,19,double,shortest,19,TRUE,TRUE,TRUE,TRUE,study,TRUE
1723,5b5a822e1ad8270001c4f28d,1424,1,20,barchart-first-03-double-shortest-20,right,shortest,double,dual,2026-03-18T15:19:50Z,barchart,first,3,double,shortest,20,TRUE,TRUE,TRUE,TRUE,study,TRUE
1726,5b5a822e1ad8270001c4f28d,5412,0,21,barchart-first-30-same-shortest-21,right,shortest,same,dual,2026-03-18T15:19:56Z,barchart,first,30,same,shortest,21,TRUE,TRUE,TRUE,TRUE,study,TRUE
1729,5b5a822e1ad8270001c4f28d,947,0,22,barchart-first-23-random-shortest-22,left,shortest,random,dual,2026-03-18T15:19:59Z,barchart,first,23,random,shortest,22,TRUE,TRUE,TRUE,TRUE,study,TRUE
1730,5b5a822e1ad8270001c4f28d,2080,0,23,barchart-first-06-same-shortest-23,right,shortest,same,dual,2026-03-18T15:20:02Z,barchart,first,6,same,shortest,23,TRUE,TRUE,TRUE,TRUE,study,TRUE
1732,5b5a822e1ad8270001c4f28d,3485,1,24,barchart-first-17-same-shortest-24,right,shortest,same,dual,2026-03-18T15:20:13Z,barchart,first,17,same,shortest,24,TRUE,TRUE,TRUE,TRUE,study,TRUE
1733,5b5a822e1ad8270001c4f28d,2696,0,25,barchart-first-26-same-shortest-25,right,shortest,same,dual,2026-03-18T15:20:16Z,barchart,first,26,same,shortest,25,TRUE,TRUE,TRUE,TRUE,study,TRUE
1734,5b5a822e1ad8270001c4f28d,1359,1,26,barchart-first-14-random-shortest-26,left,shortest,random,dual,2026-03-18T15:20:19Z,barchart,first,14,random,shortest,26,TRUE,TRUE,TRUE,TRUE,study,TRUE
1735,5b5a822e1ad8270001c4f28d,3018,0,27,barchart-first-01-same-shortest-27,left,shortest,same,dual,2026-03-18T15:20:23Z,barchart,first,1,same,shortest,27,TRUE,TRUE,TRUE,TRUE,study,TRUE
1736,5b5a822e1ad8270001c4f28d,1757,1,28,barchart-first-29-double-shortest-28,left,shortest,double,dual,2026-03-18T15:20:26Z,barchart,first,29,double,shortest,28,TRUE,TRUE,TRUE,TRUE,study,TRUE
1737,5b5a822e1ad8270001c4f28d,2855,1,29,barchart-first-08-double-shortest-29,left,shortest,double,dual,2026-03-18T15:20:30Z,barchart,first,8,double,shortest,29,TRUE,TRUE,TRUE,TRUE,study,TRUE
1738,5b5a822e1ad8270001c4f28d,2831,0,30,barchart-first-23-double-shortest-30,left,shortest,double,dual,2026-03-18T15:20:33Z,barchart,first,23,double,shortest,30,TRUE,TRUE,TRUE,TRUE,study,TRUE
1739,5b5a822e1ad8270001c4f28d,2102,0,31,barchart-first-18-random-shortest-31,left,shortest,random,dual,2026-03-18T15:20:37Z,barchart,first,18,random,shortest,31,TRUE,TRUE,TRUE,TRUE,study,TRUE
1740,5b5a822e1ad8270001c4f28d,1146,1,32,barchart-first-27-same-shortest-32,right,shortest,same,dual,2026-03-18T15:20:40Z,barchart,first,27,same,shortest,32,TRUE,TRUE,TRUE,TRUE,study,TRUE
1741,5b5a822e1ad8270001c4f28d,4118,1,33,barchart-first-03-random-shortest-33,right,shortest,random,dual,2026-03-18T15:20:44Z,barchart,first,3,random,shortest,33,TRUE,TRUE,TRUE,TRUE,study,TRUE
1742,5b5a822e1ad8270001c4f28d,2486,1,34,barchart-first-17-double-shortest-34,right,shortest,double,dual,2026-03-18T15:20:47Z,barchart,first,17,double,shortest,34,TRUE,TRUE,TRUE,TRUE,study,TRUE
1743,5b5a822e1ad8270001c4f28d,2337,1,35,barchart-first-30-random-shortest-35,left,shortest,random,dual,2026-03-18T15:20:50Z,barchart,first,30,random,shortest,35,TRUE,TRUE,TRUE,TRUE,study,TRUE
1744,5b5a822e1ad8270001c4f28d,1394,1,36,barchart-first-14-double-shortest-36,left,shortest,double,dual,2026-03-18T15:20:52Z,barchart,first,14,double,shortest,36,TRUE,TRUE,TRUE,TRUE,study,TRUE
1745,5b5a822e1ad8270001c4f28d,2169,1,37,barchart-first-00-random-shortest-37,left,shortest,random,dual,2026-03-18T15:20:55Z,barchart,first,0,random,shortest,37,TRUE,TRUE,TRUE,TRUE,study,TRUE
1746,5b5a822e1ad8270001c4f28d,2700,1,38,barchart-first-31-random-shortest-38,right,shortest,random,dual,2026-03-18T15:20:58Z,barchart,first,31,random,shortest,38,TRUE,TRUE,TRUE,TRUE,study,TRUE
1747,5b5a822e1ad8270001c4f28d,3744,1,39,barchart-first-31-double-shortest-39,right,shortest,double,dual,2026-03-18T15:21:03Z,barchart,first,31,double,shortest,39,TRUE,TRUE,TRUE,TRUE,study,TRUE
1748,5b5a822e1ad8270001c4f28d,1880,0,40,barchart-first-18-same-shortest-40,left,shortest,same,dual,2026-03-18T15:21:05Z,barchart,first,18,same,shortest,40,TRUE,TRUE,TRUE,TRUE,study,TRUE
1750,5b5a822e1ad8270001c4f28d,1539,0,41,barchart-first-19-random-shortest-41,right,shortest,random,dual,2026-03-18T15:21:08Z,barchart,first,19,random,shortest,41,TRUE,TRUE,TRUE,TRUE,study,TRUE
1752,5b5a822e1ad8270001c4f28d,1478,1,42,barchart-first-15-random-shortest-42,right,shortest,random,dual,2026-03-18T15:21:11Z,barchart,first,15,random,shortest,42,TRUE,TRUE,TRUE,TRUE,study,TRUE
1755,5b5a822e1ad8270001c4f28d,2404,0,43,barchart-first-02-double-shortest-43,left,shortest,double,dual,2026-03-18T15:21:14Z,barchart,first,2,double,shortest,43,TRUE,TRUE,TRUE,TRUE,study,TRUE
1757,5b5a822e1ad8270001c4f28d,1419,0,44,barchart-first-28-same-shortest-44,left,shortest,same,dual,2026-03-18T15:21:17Z,barchart,first,28,same,shortest,44,TRUE,TRUE,TRUE,TRUE,study,TRUE
1761,5b5a822e1ad8270001c4f28d,3305,0,45,barchart-first-19-same-shortest-45,right,shortest,same,dual,2026-03-18T15:21:22Z,barchart,first,19,same,shortest,45,TRUE,TRUE,TRUE,TRUE,study,TRUE
1764,5b5a822e1ad8270001c4f28d,1543,0,46,barchart-first-28-random-shortest-46,left,shortest,random,dual,2026-03-18T15:21:25Z,barchart,first,28,random,shortest,46,TRUE,TRUE,TRUE,TRUE,study,TRUE
1766,5b5a822e1ad8270001c4f28d,622,1,47,barchart-first-13-same-shortest-47,left,shortest,same,dual,2026-03-18T15:21:27Z,barchart,first,13,same,shortest,47,TRUE,TRUE,TRUE,TRUE,study,TRUE
1773,5b5a822e1ad8270001c4f28d,1865,1,48,barchart-second-23-same-tallest-0,right,tallest,same,dual,2026-03-18T15:21:38Z,barchart,second,23,same,tallest,0,TRUE,TRUE,TRUE,TRUE,study,TRUE
1776,5b5a822e1ad8270001c4f28d,2653,1,49,barchart-second-21-random-tallest-1,left,tallest,random,dual,2026-03-18T15:21:41Z,barchart,second,21,random,tallest,1,TRUE,TRUE,TRUE,TRUE,study,TRUE
1779,5b5a822e1ad8270001c4f28d,1909,1,50,barchart-second-05-double-tallest-2,right,tallest,double,dual,2026-03-18T15:21:44Z,barchart,second,5,double,tallest,2,TRUE,TRUE,TRUE,TRUE,study,TRUE
1780,5b5a822e1ad8270001c4f28d,1979,1,51,barchart-second-20-random-tallest-3,right,tallest,random,dual,2026-03-18T15:21:47Z,barchart,second,20,random,tallest,3,TRUE,TRUE,TRUE,TRUE,study,TRUE
1783,5b5a822e1ad8270001c4f28d,4239,0,52,barchart-second-24-random-tallest-4,left,tallest,random,dual,2026-03-18T15:21:51Z,barchart,second,24,random,tallest,4,TRUE,TRUE,TRUE,TRUE,study,TRUE
1785,5b5a822e1ad8270001c4f28d,1333,1,53,barchart-second-12-same-tallest-5,right,tallest,same,dual,2026-03-18T15:21:54Z,barchart,second,12,same,tallest,5,TRUE,TRUE,TRUE,TRUE,study,TRUE
1787,5b5a822e1ad8270001c4f28d,2089,1,54,barchart-second-22-same-tallest-6,right,tallest,same,dual,2026-03-18T15:21:57Z,barchart,second,22,same,tallest,6,TRUE,TRUE,TRUE,TRUE,study,TRUE
1789,5b5a822e1ad8270001c4f28d,1910,1,55,barchart-second-06-random-tallest-7,right,tallest,random,dual,2026-03-18T15:21:59Z,barchart,second,6,random,tallest,7,TRUE,TRUE,TRUE,TRUE,study,TRUE
1792,5b5a822e1ad8270001c4f28d,2327,1,56,barchart-second-25-same-tallest-8,right,tallest,same,dual,2026-03-18T15:22:02Z,barchart,second,25,same,tallest,8,TRUE,TRUE,TRUE,TRUE,study,TRUE
1794,5b5a822e1ad8270001c4f28d,3339,0,57,barchart-second-25-double-tallest-9,left,tallest,double,dual,2026-03-18T15:22:06Z,barchart,second,25,double,tallest,9,TRUE,TRUE,TRUE,TRUE,study,TRUE
1797,5b5a822e1ad8270001c4f28d,1627,0,58,barchart-second-09-double-tallest-10,right,tallest,double,dual,2026-03-18T15:22:09Z,barchart,second,9,double,tallest,10,TRUE,TRUE,TRUE,TRUE,study,TRUE
1799,5b5a822e1ad8270001c4f28d,1830,1,59,barchart-second-21-same-tallest-11,left,tallest,same,dual,2026-03-18T15:22:13Z,barchart,second,21,same,tallest,11,TRUE,TRUE,TRUE,TRUE,study,TRUE
1801,5b5a822e1ad8270001c4f28d,1573,0,60,barchart-second-04-same-tallest-12,right,tallest,same,dual,2026-03-18T15:22:15Z,barchart,second,4,same,tallest,12,TRUE,TRUE,TRUE,TRUE,study,TRUE
1804,5b5a822e1ad8270001c4f28d,1954,0,61,barchart-second-07-same-tallest-13,right,tallest,same,dual,2026-03-18T15:22:19Z,barchart,second,7,same,tallest,13,TRUE,TRUE,TRUE,TRUE,study,TRUE
1806,5b5a822e1ad8270001c4f28d,1757,0,62,barchart-second-04-random-tallest-14,right,tallest,random,dual,2026-03-18T15:22:22Z,barchart,second,4,random,tallest,14,TRUE,TRUE,TRUE,TRUE,study,TRUE
1809,5b5a822e1ad8270001c4f28d,1894,0,63,barchart-second-27-double-tallest-15,left,tallest,double,dual,2026-03-18T15:22:25Z,barchart,second,27,double,tallest,15,TRUE,TRUE,TRUE,TRUE,study,TRUE
1811,5b5a822e1ad8270001c4f28d,893,0,64,barchart-second-10-same-tallest-16,left,tallest,same,dual,2026-03-18T15:22:28Z,barchart,second,10,same,tallest,16,TRUE,TRUE,TRUE,TRUE,study,TRUE
1813,5b5a822e1ad8270001c4f28d,871,0,65,barchart-second-03-same-tallest-17,right,tallest,same,dual,2026-03-18T15:22:30Z,barchart,second,3,same,tallest,17,TRUE,TRUE,TRUE,TRUE,study,TRUE
1816,5b5a822e1ad8270001c4f28d,1215,0,66,barchart-second-18-double-tallest-18,right,tallest,double,dual,2026-03-18T15:22:33Z,barchart,second,18,double,tallest,18,TRUE,TRUE,TRUE,TRUE,study,TRUE
1817,5b5a822e1ad8270001c4f28d,995,1,67,barchart-second-29-random-tallest-19,left,tallest,random,dual,2026-03-18T15:22:36Z,barchart,second,29,random,tallest,19,TRUE,TRUE,TRUE,TRUE,study,TRUE
1818,5b5a822e1ad8270001c4f28d,905,0,68,barchart-second-16-random-tallest-20,right,tallest,random,dual,2026-03-18T15:22:37Z,barchart,second,16,random,tallest,20,TRUE,TRUE,TRUE,TRUE,study,TRUE
1819,5b5a822e1ad8270001c4f28d,1315,0,69,barchart-second-27-random-tallest-21,left,tallest,random,dual,2026-03-18T15:22:40Z,barchart,second,27,random,tallest,21,TRUE,TRUE,TRUE,TRUE,study,TRUE
1820,5b5a822e1ad8270001c4f28d,981,1,70,barchart-second-24-same-tallest-22,right,tallest,same,dual,2026-03-18T15:22:43Z,barchart,second,24,same,tallest,22,TRUE,TRUE,TRUE,TRUE,study,TRUE
1821,5b5a822e1ad8270001c4f28d,1056,0,71,barchart-second-07-double-tallest-23,right,tallest,double,dual,2026-03-18T15:22:44Z,barchart,second,7,double,tallest,23,TRUE,TRUE,TRUE,TRUE,study,TRUE
1822,5b5a822e1ad8270001c4f28d,3058,1,72,barchart-second-25-random-tallest-24,right,tallest,random,dual,2026-03-18T15:22:53Z,barchart,second,25,random,tallest,24,TRUE,TRUE,TRUE,TRUE,study,TRUE
1823,5b5a822e1ad8270001c4f28d,1230,0,73,barchart-second-02-same-tallest-25,right,tallest,same,dual,2026-03-18T15:22:55Z,barchart,second,2,same,tallest,25,TRUE,TRUE,TRUE,TRUE,study,TRUE
1824,5b5a822e1ad8270001c4f28d,2012,0,74,barchart-second-07-random-tallest-26,right,tallest,random,dual,2026-03-18T15:22:58Z,barchart,second,7,random,tallest,26,TRUE,TRUE,TRUE,TRUE,study,TRUE
1826,5b5a822e1ad8270001c4f28d,2895,0,75,barchart-second-10-random-tallest-27,left,tallest,random,dual,2026-03-18T15:23:03Z,barchart,second,10,random,tallest,27,TRUE,TRUE,TRUE,TRUE,study,TRUE
1827,5b5a822e1ad8270001c4f28d,737,1,76,barchart-second-26-double-tallest-28,left,tallest,double,dual,2026-03-18T15:23:05Z,barchart,second,26,double,tallest,28,TRUE,TRUE,TRUE,TRUE,study,TRUE
1828,5b5a822e1ad8270001c4f28d,1428,0,77,barchart-second-08-same-tallest-29,right,tallest,same,dual,2026-03-18T15:23:07Z,barchart,second,8,same,tallest,29,TRUE,TRUE,TRUE,TRUE,study,TRUE
1829,5b5a822e1ad8270001c4f28d,934,0,78,barchart-second-04-double-tallest-30,right,tallest,double,dual,2026-03-18T15:23:10Z,barchart,second,4,double,tallest,30,TRUE,TRUE,TRUE,TRUE,study,TRUE
1830,5b5a822e1ad8270001c4f28d,719,1,79,barchart-second-22-random-tallest-31,right,tallest,random,dual,2026-03-18T15:23:12Z,barchart,second,22,random,tallest,31,TRUE,TRUE,TRUE,TRUE,study,TRUE
1831,5b5a822e1ad8270001c4f28d,2449,1,80,barchart-second-09-same-tallest-32,left,tallest,same,dual,2026-03-18T15:23:15Z,barchart,second,9,same,tallest,32,TRUE,TRUE,TRUE,TRUE,study,TRUE
1832,5b5a822e1ad8270001c4f28d,1475,0,81,barchart-second-13-double-tallest-33,right,tallest,double,dual,2026-03-18T15:23:17Z,barchart,second,13,double,tallest,33,TRUE,TRUE,TRUE,TRUE,study,TRUE
1833,5b5a822e1ad8270001c4f28d,3137,1,82,barchart-second-00-same-tallest-34,right,tallest,same,dual,2026-03-18T15:23:22Z,barchart,second,0,same,tallest,34,TRUE,TRUE,TRUE,TRUE,study,TRUE
1834,5b5a822e1ad8270001c4f28d,2573,1,83,barchart-second-11-random-tallest-35,left,tallest,random,dual,2026-03-18T15:23:25Z,barchart,second,11,random,tallest,35,TRUE,TRUE,TRUE,TRUE,study,TRUE
1835,5b5a822e1ad8270001c4f28d,3429,0,84,barchart-second-15-double-tallest-36,left,tallest,double,dual,2026-03-18T15:23:29Z,barchart,second,15,double,tallest,36,TRUE,TRUE,TRUE,TRUE,study,TRUE
1836,5b5a822e1ad8270001c4f28d,1413,0,85,barchart-second-08-random-tallest-37,right,tallest,random,dual,2026-03-18T15:23:32Z,barchart,second,8,random,tallest,37,TRUE,TRUE,TRUE,TRUE,study,TRUE
1837,5b5a822e1ad8270001c4f28d,1029,1,86,barchart-second-16-same-tallest-38,left,tallest,same,dual,2026-03-18T15:23:35Z,barchart,second,16,same,tallest,38,TRUE,TRUE,TRUE,TRUE,study,TRUE
1838,5b5a822e1ad8270001c4f28d,1051,0,87,barchart-second-28-double-tallest-39,left,tallest,double,dual,2026-03-18T15:23:36Z,barchart,second,28,double,tallest,39,TRUE,TRUE,TRUE,TRUE,study,TRUE
1839,5b5a822e1ad8270001c4f28d,1103,1,88,barchart-second-16-double-tallest-40,left,tallest,double,dual,2026-03-18T15:23:39Z,barchart,second,16,double,tallest,40,TRUE,TRUE,TRUE,TRUE,study,TRUE
1840,5b5a822e1ad8270001c4f28d,1505,1,89,barchart-second-15-same-tallest-41,right,tallest,same,dual,2026-03-18T15:23:41Z,barchart,second,15,same,tallest,41,TRUE,TRUE,TRUE,TRUE,study,TRUE
1841,5b5a822e1ad8270001c4f28d,2941,1,90,barchart-second-12-double-tallest-42,right,tallest,double,dual,2026-03-18T15:23:45Z,barchart,second,12,double,tallest,42,TRUE,TRUE,TRUE,TRUE,study,TRUE
1842,5b5a822e1ad8270001c4f28d,3493,0,91,barchart-second-30-double-tallest-43,left,tallest,double,dual,2026-03-18T15:23:49Z,barchart,second,30,double,tallest,43,TRUE,TRUE,TRUE,TRUE,study,TRUE
1843,5b5a822e1ad8270001c4f28d,1456,1,92,barchart-second-01-double-tallest-44,left,tallest,double,dual,2026-03-18T15:23:52Z,barchart,second,1,double,tallest,44,TRUE,TRUE,TRUE,TRUE,study,TRUE
1844,5b5a822e1ad8270001c4f28d,2330,1,93,barchart-second-01-random-tallest-45,left,tallest,random,dual,2026-03-18T15:23:55Z,barchart,second,1,random,tallest,45,TRUE,TRUE,TRUE,TRUE,study,TRUE
1845,5b5a822e1ad8270001c4f28d,2371,0,94,barchart-second-05-random-tallest-46,left,tallest,random,dual,2026-03-18T15:23:58Z,barchart,second,5,random,tallest,46,TRUE,TRUE,TRUE,TRUE,study,TRUE
1846,5b5a822e1ad8270001c4f28d,1280,1,95,barchart-second-24-double-tallest-47,right,tallest,double,dual,2026-03-18T15:24:00Z,barchart,second,24,double,tallest,47,TRUE,TRUE,TRUE,TRUE,study,TRUE
2231,5dec8925be656d35d4005320,1363,1,0,barchart-first-16-same-tallest-0,left,tallest,same,dual,2026-03-18T16:48:50Z,barchart,first,16,same,tallest,0,TRUE,TRUE,TRUE,TRUE,study,TRUE
2232,5dec8925be656d35d4005320,1431,1,1,barchart-first-09-same-tallest-1,left,tallest,same,dual,2026-03-18T16:48:52Z,barchart,first,9,same,tallest,1,TRUE,TRUE,TRUE,TRUE,study,TRUE
2233,5dec8925be656d35d4005320,1836,1,2,barchart-first-00-random-tallest-2,right,tallest,random,dual,2026-03-18T16:48:55Z,barchart,first,0,random,tallest,2,TRUE,TRUE,TRUE,TRUE,study,TRUE
2234,5dec8925be656d35d4005320,1111,1,3,barchart-first-01-double-tallest-3,left,tallest,double,dual,2026-03-18T16:48:56Z,barchart,first,1,double,tallest,3,TRUE,TRUE,TRUE,TRUE,study,TRUE
2235,5dec8925be656d35d4005320,910,1,4,barchart-first-27-random-tallest-4,right,tallest,random,dual,2026-03-18T16:48:58Z,barchart,first,27,random,tallest,4,TRUE,TRUE,TRUE,TRUE,study,TRUE
2236,5dec8925be656d35d4005320,787,1,5,barchart-first-30-double-tallest-5,right,tallest,double,dual,2026-03-18T16:48:59Z,barchart,first,30,double,tallest,5,TRUE,TRUE,TRUE,TRUE,study,TRUE
2237,5dec8925be656d35d4005320,1912,1,6,barchart-first-09-random-tallest-6,left,tallest,random,dual,2026-03-18T16:49:02Z,barchart,first,9,random,tallest,6,TRUE,TRUE,TRUE,TRUE,study,TRUE
2238,5dec8925be656d35d4005320,798,1,7,barchart-first-12-double-tallest-7,right,tallest,double,dual,2026-03-18T16:49:03Z,barchart,first,12,double,tallest,7,TRUE,TRUE,TRUE,TRUE,study,TRUE
2239,5dec8925be656d35d4005320,1061,1,8,barchart-first-18-random-tallest-8,left,tallest,random,dual,2026-03-18T16:49:05Z,barchart,first,18,random,tallest,8,TRUE,TRUE,TRUE,TRUE,study,TRUE
2240,5dec8925be656d35d4005320,902,1,9,barchart-first-04-random-tallest-9,left,tallest,random,dual,2026-03-18T16:49:06Z,barchart,first,4,random,tallest,9,TRUE,TRUE,TRUE,TRUE,study,TRUE
2241,5dec8925be656d35d4005320,1351,1,10,barchart-first-10-random-tallest-10,right,tallest,random,dual,2026-03-18T16:49:08Z,barchart,first,10,random,tallest,10,TRUE,TRUE,TRUE,TRUE,study,TRUE
2242,5dec8925be656d35d4005320,711,1,11,barchart-first-22-same-tallest-11,right,tallest,same,dual,2026-03-18T16:49:09Z,barchart,first,22,same,tallest,11,TRUE,TRUE,TRUE,TRUE,study,TRUE
2243,5dec8925be656d35d4005320,2651,1,12,barchart-first-13-double-tallest-12,left,tallest,double,dual,2026-03-18T16:49:13Z,barchart,first,13,double,tallest,12,TRUE,TRUE,TRUE,TRUE,study,TRUE
2244,5dec8925be656d35d4005320,2203,1,13,barchart-first-17-double-tallest-13,left,tallest,double,dual,2026-03-18T16:49:15Z,barchart,first,17,double,tallest,13,TRUE,TRUE,TRUE,TRUE,study,TRUE
2245,5dec8925be656d35d4005320,1241,1,14,barchart-first-03-same-tallest-14,left,tallest,same,dual,2026-03-18T16:49:17Z,barchart,first,3,same,tallest,14,TRUE,TRUE,TRUE,TRUE,study,TRUE
2246,5dec8925be656d35d4005320,1062,1,15,barchart-first-20-double-tallest-15,right,tallest,double,dual,2026-03-18T16:49:19Z,barchart,first,20,double,tallest,15,TRUE,TRUE,TRUE,TRUE,study,TRUE
2247,5dec8925be656d35d4005320,1024,1,16,barchart-first-15-random-tallest-16,right,tallest,random,dual,2026-03-18T16:49:20Z,barchart,first,15,random,tallest,16,TRUE,TRUE,TRUE,TRUE,study,TRUE
2248,5dec8925be656d35d4005320,1041,1,17,barchart-first-10-same-tallest-17,right,tallest,same,dual,2026-03-18T16:49:22Z,barchart,first,10,same,tallest,17,TRUE,TRUE,TRUE,TRUE,study,TRUE
2249,5dec8925be656d35d4005320,1041,1,18,barchart-first-03-double-tallest-18,left,tallest,double,dual,2026-03-18T16:49:24Z,barchart,first,3,double,tallest,18,TRUE,TRUE,TRUE,TRUE,study,TRUE
2250,5dec8925be656d35d4005320,1413,1,19,barchart-first-23-same-tallest-19,right,tallest,same,dual,2026-03-18T16:49:26Z,barchart,first,23,same,tallest,19,TRUE,TRUE,TRUE,TRUE,study,TRUE
2251,5dec8925be656d35d4005320,647,1,20,barchart-first-26-same-tallest-20,left,tallest,same,dual,2026-03-18T16:49:27Z,barchart,first,26,same,tallest,20,TRUE,TRUE,TRUE,TRUE,study,TRUE
2252,5dec8925be656d35d4005320,2198,1,21,barchart-first-08-same-tallest-21,left,tallest,same,dual,2026-03-18T16:49:29Z,barchart,first,8,same,tallest,21,TRUE,TRUE,TRUE,TRUE,study,TRUE
2253,5dec8925be656d35d4005320,885,1,22,barchart-first-08-random-tallest-22,left,tallest,random,dual,2026-03-18T16:49:31Z,barchart,first,8,random,tallest,22,TRUE,TRUE,TRUE,TRUE,study,TRUE
2254,5dec8925be656d35d4005320,1170,1,23,barchart-first-16-random-tallest-23,left,tallest,random,dual,2026-03-18T16:49:33Z,barchart,first,16,random,tallest,23,TRUE,TRUE,TRUE,TRUE,study,TRUE
2255,5dec8925be656d35d4005320,1098,1,24,barchart-first-08-double-tallest-24,left,tallest,double,dual,2026-03-18T16:50:17Z,barchart,first,8,double,tallest,24,TRUE,TRUE,TRUE,TRUE,study,TRUE
2256,5dec8925be656d35d4005320,666,1,25,barchart-first-24-random-tallest-25,right,tallest,random,dual,2026-03-18T16:50:18Z,barchart,first,24,random,tallest,25,TRUE,TRUE,TRUE,TRUE,study,TRUE
2257,5dec8925be656d35d4005320,706,1,26,barchart-first-22-random-tallest-26,right,tallest,random,dual,2026-03-18T16:50:20Z,barchart,first,22,random,tallest,26,TRUE,TRUE,TRUE,TRUE,study,TRUE
2258,5dec8925be656d35d4005320,890,1,27,barchart-first-00-double-tallest-27,right,tallest,double,dual,2026-03-18T16:50:21Z,barchart,first,0,double,tallest,27,TRUE,TRUE,TRUE,TRUE,study,TRUE
2259,5dec8925be656d35d4005320,779,1,28,barchart-first-19-random-tallest-28,right,tallest,random,dual,2026-03-18T16:50:23Z,barchart,first,19,random,tallest,28,TRUE,TRUE,TRUE,TRUE,study,TRUE
2260,5dec8925be656d35d4005320,1015,1,29,barchart-first-05-same-tallest-29,right,tallest,same,dual,2026-03-18T16:50:24Z,barchart,first,5,same,tallest,29,TRUE,TRUE,TRUE,TRUE,study,TRUE
2261,5dec8925be656d35d4005320,1066,1,30,barchart-first-18-double-tallest-30,left,tallest,double,dual,2026-03-18T16:50:26Z,barchart,first,18,double,tallest,30,TRUE,TRUE,TRUE,TRUE,study,TRUE
2262,5dec8925be656d35d4005320,771,1,31,barchart-first-13-random-tallest-31,left,tallest,random,dual,2026-03-18T16:50:27Z,barchart,first,13,random,tallest,31,TRUE,TRUE,TRUE,TRUE,study,TRUE
2263,5dec8925be656d35d4005320,1220,1,32,barchart-first-21-double-tallest-32,left,tallest,double,dual,2026-03-18T16:50:29Z,barchart,first,21,double,tallest,32,TRUE,TRUE,TRUE,TRUE,study,TRUE
2264,5dec8925be656d35d4005320,1189,1,33,barchart-first-14-random-tallest-33,left,tallest,random,dual,2026-03-18T16:50:31Z,barchart,first,14,random,tallest,33,TRUE,TRUE,TRUE,TRUE,study,TRUE
2265,5dec8925be656d35d4005320,811,1,34,barchart-first-25-double-tallest-34,right,tallest,double,dual,2026-03-18T16:50:32Z,barchart,first,25,double,tallest,34,TRUE,TRUE,TRUE,TRUE,study,TRUE
2266,5dec8925be656d35d4005320,769,1,35,barchart-first-05-double-tallest-35,right,tallest,double,dual,2026-03-18T16:50:33Z,barchart,first,5,double,tallest,35,TRUE,TRUE,TRUE,TRUE,study,TRUE
2267,5dec8925be656d35d4005320,1682,1,36,barchart-first-14-double-tallest-36,left,tallest,double,dual,2026-03-18T16:50:36Z,barchart,first,14,double,tallest,36,TRUE,TRUE,TRUE,TRUE,study,TRUE
2268,5dec8925be656d35d4005320,720,1,37,barchart-first-31-random-tallest-37,right,tallest,random,dual,2026-03-18T16:50:37Z,barchart,first,31,random,tallest,37,TRUE,TRUE,TRUE,TRUE,study,TRUE
2269,5dec8925be656d35d4005320,1068,1,38,barchart-first-23-double-tallest-38,right,tallest,double,dual,2026-03-18T16:50:38Z,barchart,first,23,double,tallest,38,TRUE,TRUE,TRUE,TRUE,study,TRUE
2270,5dec8925be656d35d4005320,803,1,39,barchart-first-01-same-tallest-39,left,tallest,same,dual,2026-03-18T16:50:40Z,barchart,first,1,same,tallest,39,TRUE,TRUE,TRUE,TRUE,study,TRUE
2271,5dec8925be656d35d4005320,1428,1,40,barchart-first-02-same-tallest-40,left,tallest,same,dual,2026-03-18T16:50:42Z,barchart,first,2,same,tallest,40,TRUE,TRUE,TRUE,TRUE,study,TRUE
2272,5dec8925be656d35d4005320,683,1,41,barchart-first-25-same-tallest-41,right,tallest,same,dual,2026-03-18T16:50:43Z,barchart,first,25,same,tallest,41,TRUE,TRUE,TRUE,TRUE,study,TRUE
2273,5dec8925be656d35d4005320,1740,1,42,barchart-first-12-same-tallest-42,right,tallest,same,dual,2026-03-18T16:50:45Z,barchart,first,12,same,tallest,42,TRUE,TRUE,TRUE,TRUE,study,TRUE
2274,5dec8925be656d35d4005320,704,1,43,barchart-first-13-same-tallest-43,left,tallest,same,dual,2026-03-18T16:50:47Z,barchart,first,13,same,tallest,43,TRUE,TRUE,TRUE,TRUE,study,TRUE
2275,5dec8925be656d35d4005320,1290,1,44,barchart-first-27-double-tallest-44,right,tallest,double,dual,2026-03-18T16:50:48Z,barchart,first,27,double,tallest,44,TRUE,TRUE,TRUE,TRUE,study,TRUE
2276,5dec8925be656d35d4005320,705,1,45,barchart-first-31-same-tallest-45,right,tallest,same,dual,2026-03-18T16:50:50Z,barchart,first,31,same,tallest,45,TRUE,TRUE,TRUE,TRUE,study,TRUE
2277,5dec8925be656d35d4005320,1103,1,46,barchart-first-03-random-tallest-46,left,tallest,random,dual,2026-03-18T16:50:51Z,barchart,first,3,random,tallest,46,TRUE,TRUE,TRUE,TRUE,study,TRUE
2278,5dec8925be656d35d4005320,944,1,47,barchart-first-30-same-tallest-47,right,tallest,same,dual,2026-03-18T16:50:53Z,barchart,first,30,same,tallest,47,TRUE,TRUE,TRUE,TRUE,study,TRUE
2279,5dec8925be656d35d4005320,1423,1,48,barchart-second-29-double-shortest-0,left,shortest,double,dual,2026-03-18T16:51:32Z,barchart,second,29,double,shortest,0,TRUE,TRUE,TRUE,TRUE,study,TRUE
2280,5dec8925be656d35d4005320,1495,1,49,barchart-second-20-same-shortest-1,right,shortest,same,dual,2026-03-18T16:51:34Z,barchart,second,20,same,shortest,1,TRUE,TRUE,TRUE,TRUE,study,TRUE
2281,5dec8925be656d35d4005320,1727,1,50,barchart-second-07-double-shortest-2,left,shortest,double,dual,2026-03-18T16:51:37Z,barchart,second,7,double,shortest,2,TRUE,TRUE,TRUE,TRUE,study,TRUE
2282,5dec8925be656d35d4005320,2329,1,51,barchart-second-29-random-shortest-3,left,shortest,random,dual,2026-03-18T16:51:39Z,barchart,second,29,random,shortest,3,TRUE,TRUE,TRUE,TRUE,study,TRUE
2283,5dec8925be656d35d4005320,1446,1,52,barchart-second-16-double-shortest-4,right,shortest,double,dual,2026-03-18T16:51:41Z,barchart,second,16,double,shortest,4,TRUE,TRUE,TRUE,TRUE,study,TRUE
2284,5dec8925be656d35d4005320,1478,1,53,barchart-second-22-double-shortest-5,right,shortest,double,dual,2026-03-18T16:51:43Z,barchart,second,22,double,shortest,5,TRUE,TRUE,TRUE,TRUE,study,TRUE
2285,5dec8925be656d35d4005320,2130,1,54,barchart-second-29-same-shortest-6,left,shortest,same,dual,2026-03-18T16:51:46Z,barchart,second,29,same,shortest,6,TRUE,TRUE,TRUE,TRUE,study,TRUE
2286,5dec8925be656d35d4005320,2760,1,55,barchart-second-06-random-shortest-7,left,shortest,random,dual,2026-03-18T16:51:49Z,barchart,second,6,random,shortest,7,TRUE,TRUE,TRUE,TRUE,study,TRUE
2287,5dec8925be656d35d4005320,1450,1,56,barchart-second-31-double-shortest-8,right,shortest,double,dual,2026-03-18T16:51:52Z,barchart,second,31,double,shortest,8,TRUE,TRUE,TRUE,TRUE,study,TRUE
2288,5dec8925be656d35d4005320,1366,1,57,barchart-second-01-random-shortest-9,right,shortest,random,dual,2026-03-18T16:51:53Z,barchart,second,1,random,shortest,9,TRUE,TRUE,TRUE,TRUE,study,TRUE
2289,5dec8925be656d35d4005320,1306,1,58,barchart-second-02-random-shortest-10,right,shortest,random,dual,2026-03-18T16:51:55Z,barchart,second,2,random,shortest,10,TRUE,TRUE,TRUE,TRUE,study,TRUE
2290,5dec8925be656d35d4005320,2448,1,59,barchart-second-24-double-shortest-11,left,shortest,double,dual,2026-03-18T16:51:58Z,barchart,second,24,double,shortest,11,TRUE,TRUE,TRUE,TRUE,study,TRUE
2291,5dec8925be656d35d4005320,1425,1,60,barchart-second-04-double-shortest-12,right,shortest,double,dual,2026-03-18T16:52:00Z,barchart,second,4,double,shortest,12,TRUE,TRUE,TRUE,TRUE,study,TRUE
2292,5dec8925be656d35d4005320,794,1,61,barchart-second-17-same-shortest-13,right,shortest,same,dual,2026-03-18T16:52:02Z,barchart,second,17,same,shortest,13,TRUE,TRUE,TRUE,TRUE,study,TRUE
2293,5dec8925be656d35d4005320,1969,1,62,barchart-second-12-random-shortest-14,left,shortest,random,dual,2026-03-18T16:52:04Z,barchart,second,12,random,shortest,14,TRUE,TRUE,TRUE,TRUE,study,TRUE
2294,5dec8925be656d35d4005320,2360,1,63,barchart-second-04-same-shortest-15,right,shortest,same,dual,2026-03-18T16:52:07Z,barchart,second,4,same,shortest,15,TRUE,TRUE,TRUE,TRUE,study,TRUE
2295,5dec8925be656d35d4005320,1015,1,64,barchart-second-10-double-shortest-16,left,shortest,double,dual,2026-03-18T16:52:09Z,barchart,second,10,double,shortest,16,TRUE,TRUE,TRUE,TRUE,study,TRUE
2296,5dec8925be656d35d4005320,1749,1,65,barchart-second-24-same-shortest-17,left,shortest,same,dual,2026-03-18T16:52:11Z,barchart,second,24,same,shortest,17,TRUE,TRUE,TRUE,TRUE,study,TRUE
2297,5dec8925be656d35d4005320,3022,1,66,barchart-second-07-random-shortest-18,left,shortest,random,dual,2026-03-18T16:52:15Z,barchart,second,7,random,shortest,18,TRUE,TRUE,TRUE,TRUE,study,TRUE
2298,5dec8925be656d35d4005320,1891,1,67,barchart-second-07-same-shortest-19,left,shortest,same,dual,2026-03-18T16:52:17Z,barchart,second,7,same,shortest,19,TRUE,TRUE,TRUE,TRUE,study,TRUE
2299,5dec8925be656d35d4005320,1229,1,68,barchart-second-19-double-shortest-20,left,shortest,double,dual,2026-03-18T16:52:19Z,barchart,second,19,double,shortest,20,TRUE,TRUE,TRUE,TRUE,study,TRUE
2300,5dec8925be656d35d4005320,1321,1,69,barchart-second-26-random-shortest-21,left,shortest,random,dual,2026-03-18T16:52:21Z,barchart,second,26,random,shortest,21,TRUE,TRUE,TRUE,TRUE,study,TRUE
2301,5dec8925be656d35d4005320,1035,1,70,barchart-second-20-random-shortest-22,right,shortest,random,dual,2026-03-18T16:52:22Z,barchart,second,20,random,shortest,22,TRUE,TRUE,TRUE,TRUE,study,TRUE
2302,5dec8925be656d35d4005320,1322,1,71,barchart-second-27-same-shortest-23,right,shortest,same,dual,2026-03-18T16:52:24Z,barchart,second,27,same,shortest,23,TRUE,TRUE,TRUE,TRUE,study,TRUE
2303,5dec8925be656d35d4005320,2605,1,72,barchart-second-11-random-shortest-24,right,shortest,random,dual,2026-03-18T16:53:33Z,barchart,second,11,random,shortest,24,TRUE,TRUE,TRUE,TRUE,study,TRUE
2304,5dec8925be656d35d4005320,1978,1,73,barchart-second-19-same-shortest-25,left,shortest,same,dual,2026-03-18T16:53:35Z,barchart,second,19,same,shortest,25,TRUE,TRUE,TRUE,TRUE,study,TRUE
2305,5dec8925be656d35d4005320,1779,1,74,barchart-second-18-same-shortest-26,right,shortest,same,dual,2026-03-18T16:53:38Z,barchart,second,18,same,shortest,26,TRUE,TRUE,TRUE,TRUE,study,TRUE
2306,5dec8925be656d35d4005320,867,1,75,barchart-second-21-same-shortest-27,left,shortest,same,dual,2026-03-18T16:53:39Z,barchart,second,21,same,shortest,27,TRUE,TRUE,TRUE,TRUE,study,TRUE
2307,5dec8925be656d35d4005320,1160,1,76,barchart-second-28-random-shortest-28,right,shortest,random,dual,2026-03-18T16:53:41Z,barchart,second,28,random,shortest,28,TRUE,TRUE,TRUE,TRUE,study,TRUE
2308,5dec8925be656d35d4005320,1956,1,77,barchart-second-06-same-shortest-29,left,shortest,same,dual,2026-03-18T16:53:43Z,barchart,second,6,same,shortest,29,TRUE,TRUE,TRUE,TRUE,study,TRUE
2309,5dec8925be656d35d4005320,1057,1,78,barchart-second-11-same-shortest-30,right,shortest,same,dual,2026-03-18T16:53:45Z,barchart,second,11,same,shortest,30,TRUE,TRUE,TRUE,TRUE,study,TRUE
2310,5dec8925be656d35d4005320,1416,1,79,barchart-second-26-double-shortest-31,left,shortest,double,dual,2026-03-18T16:53:47Z,barchart,second,26,double,shortest,31,TRUE,TRUE,TRUE,TRUE,study,TRUE
2311,5dec8925be656d35d4005320,1764,1,80,barchart-second-23-random-shortest-32,right,shortest,random,dual,2026-03-18T16:53:49Z,barchart,second,23,random,shortest,32,TRUE,TRUE,TRUE,TRUE,study,TRUE
2312,5dec8925be656d35d4005320,3175,1,81,barchart-second-15-same-shortest-33,right,shortest,same,dual,2026-03-18T16:53:53Z,barchart,second,15,same,shortest,33,TRUE,TRUE,TRUE,TRUE,study,TRUE
2313,5dec8925be656d35d4005320,2275,1,82,barchart-second-14-same-shortest-34,left,shortest,same,dual,2026-03-18T16:53:56Z,barchart,second,14,same,shortest,34,TRUE,TRUE,TRUE,TRUE,study,TRUE
2314,5dec8925be656d35d4005320,1184,1,83,barchart-second-17-random-shortest-35,right,shortest,random,dual,2026-03-18T16:53:57Z,barchart,second,17,random,shortest,35,TRUE,TRUE,TRUE,TRUE,study,TRUE
2315,5dec8925be656d35d4005320,1770,1,84,barchart-second-11-double-shortest-36,right,shortest,double,dual,2026-03-18T16:54:00Z,barchart,second,11,double,shortest,36,TRUE,TRUE,TRUE,TRUE,study,TRUE
2316,5dec8925be656d35d4005320,1445,1,85,barchart-second-00-same-shortest-37,left,shortest,same,dual,2026-03-18T16:54:02Z,barchart,second,0,same,shortest,37,TRUE,TRUE,TRUE,TRUE,study,TRUE
2317,5dec8925be656d35d4005320,1896,1,86,barchart-second-28-same-shortest-38,right,shortest,same,dual,2026-03-18T16:54:04Z,barchart,second,28,same,shortest,38,TRUE,TRUE,TRUE,TRUE,study,TRUE
2318,5dec8925be656d35d4005320,3217,1,87,barchart-second-09-double-shortest-39,left,shortest,double,dual,2026-03-18T16:54:08Z,barchart,second,9,double,shortest,39,TRUE,TRUE,TRUE,TRUE,study,TRUE
2319,5dec8925be656d35d4005320,1846,1,88,barchart-second-28-double-shortest-40,right,shortest,double,dual,2026-03-18T16:54:10Z,barchart,second,28,double,shortest,40,TRUE,TRUE,TRUE,TRUE,study,TRUE
2320,5dec8925be656d35d4005320,1255,1,89,barchart-second-15-double-shortest-41,right,shortest,double,dual,2026-03-18T16:54:12Z,barchart,second,15,double,shortest,41,TRUE,TRUE,TRUE,TRUE,study,TRUE
2321,5dec8925be656d35d4005320,1797,1,90,barchart-second-25-random-shortest-42,right,shortest,random,dual,2026-03-18T16:54:15Z,barchart,second,25,random,shortest,42,TRUE,TRUE,TRUE,TRUE,study,TRUE
2322,5dec8925be656d35d4005320,1891,1,91,barchart-second-30-random-shortest-43,left,shortest,random,dual,2026-03-18T16:54:17Z,barchart,second,30,random,shortest,43,TRUE,TRUE,TRUE,TRUE,study,TRUE
2323,5dec8925be656d35d4005320,1370,1,92,barchart-second-06-double-shortest-44,left,shortest,double,dual,2026-03-18T16:54:19Z,barchart,second,6,double,shortest,44,TRUE,TRUE,TRUE,TRUE,study,TRUE
2324,5dec8925be656d35d4005320,1480,1,93,barchart-second-02-double-shortest-45,right,shortest,double,dual,2026-03-18T16:54:21Z,barchart,second,2,double,shortest,45,TRUE,TRUE,TRUE,TRUE,study,TRUE
2325,5dec8925be656d35d4005320,1513,1,94,barchart-second-05-random-shortest-46,left,shortest,random,dual,2026-03-18T16:54:23Z,barchart,second,5,random,shortest,46,TRUE,TRUE,TRUE,TRUE,study,TRUE
2326,5dec8925be656d35d4005320,1168,1,95,barchart-second-21-random-shortest-47,left,shortest,random,dual,2026-03-18T16:54:25Z,barchart,second,21,random,shortest,47,TRUE,TRUE,TRUE,TRUE,study,TRUE
2039,5e1882adfd7db4158998b5f0,1506,1,0,barchart-first-22-random-tallest-0,right,tallest,random,dual,2026-03-18T16:21:36Z,barchart,first,22,random,tallest,0,TRUE,TRUE,TRUE,TRUE,study,TRUE
2040,5e1882adfd7db4158998b5f0,1519,1,1,barchart-first-25-random-tallest-1,right,tallest,random,dual,2026-03-18T16:21:39Z,barchart,first,25,random,tallest,1,TRUE,TRUE,TRUE,TRUE,study,TRUE
2041,5e1882adfd7db4158998b5f0,1008,1,2,barchart-first-19-same-tallest-2,right,tallest,same,dual,2026-03-18T16:21:40Z,barchart,first,19,same,tallest,2,TRUE,TRUE,TRUE,TRUE,study,TRUE
2042,5e1882adfd7db4158998b5f0,913,1,3,barchart-first-14-random-tallest-3,left,tallest,random,dual,2026-03-18T16:21:42Z,barchart,first,14,random,tallest,3,TRUE,TRUE,TRUE,TRUE,study,TRUE
2043,5e1882adfd7db4158998b5f0,1815,1,4,barchart-first-00-double-tallest-4,right,tallest,double,dual,2026-03-18T16:21:44Z,barchart,first,0,double,tallest,4,TRUE,TRUE,TRUE,TRUE,study,TRUE
2044,5e1882adfd7db4158998b5f0,1130,1,5,barchart-first-31-double-tallest-5,right,tallest,double,dual,2026-03-18T16:21:46Z,barchart,first,31,double,tallest,5,TRUE,TRUE,TRUE,TRUE,study,TRUE
2045,5e1882adfd7db4158998b5f0,1301,1,6,barchart-first-05-double-tallest-6,right,tallest,double,dual,2026-03-18T16:21:48Z,barchart,first,5,double,tallest,6,TRUE,TRUE,TRUE,TRUE,study,TRUE
2046,5e1882adfd7db4158998b5f0,1243,1,7,barchart-first-20-double-tallest-7,right,tallest,double,dual,2026-03-18T16:21:50Z,barchart,first,20,double,tallest,7,TRUE,TRUE,TRUE,TRUE,study,TRUE
2047,5e1882adfd7db4158998b5f0,1016,1,8,barchart-first-01-double-tallest-8,left,tallest,double,dual,2026-03-18T16:21:51Z,barchart,first,1,double,tallest,8,TRUE,TRUE,TRUE,TRUE,study,TRUE
2048,5e1882adfd7db4158998b5f0,1315,1,9,barchart-first-05-random-tallest-9,right,tallest,random,dual,2026-03-18T16:21:53Z,barchart,first,5,random,tallest,9,TRUE,TRUE,TRUE,TRUE,study,TRUE
2049,5e1882adfd7db4158998b5f0,1294,1,10,barchart-first-29-double-tallest-10,left,tallest,double,dual,2026-03-18T16:21:55Z,barchart,first,29,double,tallest,10,TRUE,TRUE,TRUE,TRUE,study,TRUE
2050,5e1882adfd7db4158998b5f0,707,1,11,barchart-first-19-random-tallest-11,right,tallest,random,dual,2026-03-18T16:21:57Z,barchart,first,19,random,tallest,11,TRUE,TRUE,TRUE,TRUE,study,TRUE
2051,5e1882adfd7db4158998b5f0,1492,1,12,barchart-first-21-random-tallest-12,left,tallest,random,dual,2026-03-18T16:21:59Z,barchart,first,21,random,tallest,12,TRUE,TRUE,TRUE,TRUE,study,TRUE
2052,5e1882adfd7db4158998b5f0,1098,1,13,barchart-first-26-same-tallest-13,left,tallest,same,dual,2026-03-18T16:22:00Z,barchart,first,26,same,tallest,13,TRUE,TRUE,TRUE,TRUE,study,TRUE
2053,5e1882adfd7db4158998b5f0,1716,1,14,barchart-first-02-random-tallest-14,left,tallest,random,dual,2026-03-18T16:22:03Z,barchart,first,2,random,tallest,14,TRUE,TRUE,TRUE,TRUE,study,TRUE
2054,5e1882adfd7db4158998b5f0,937,1,15,barchart-first-07-double-tallest-15,left,tallest,double,dual,2026-03-18T16:22:04Z,barchart,first,7,double,tallest,15,TRUE,TRUE,TRUE,TRUE,study,TRUE
2055,5e1882adfd7db4158998b5f0,1311,1,16,barchart-first-17-random-tallest-16,left,tallest,random,dual,2026-03-18T16:22:06Z,barchart,first,17,random,tallest,16,TRUE,TRUE,TRUE,TRUE,study,TRUE
2056,5e1882adfd7db4158998b5f0,836,1,17,barchart-first-09-random-tallest-17,left,tallest,random,dual,2026-03-18T16:22:08Z,barchart,first,9,random,tallest,17,TRUE,TRUE,TRUE,TRUE,study,TRUE
2057,5e1882adfd7db4158998b5f0,1623,1,18,barchart-first-06-same-tallest-18,right,tallest,same,dual,2026-03-18T16:22:10Z,barchart,first,6,same,tallest,18,TRUE,TRUE,TRUE,TRUE,study,TRUE
2058,5e1882adfd7db4158998b5f0,966,1,19,barchart-first-11-same-tallest-19,left,tallest,same,dual,2026-03-18T16:22:12Z,barchart,first,11,same,tallest,19,TRUE,TRUE,TRUE,TRUE,study,TRUE
2059,5e1882adfd7db4158998b5f0,1234,1,20,barchart-first-10-double-tallest-20,right,tallest,double,dual,2026-03-18T16:22:13Z,barchart,first,10,double,tallest,20,TRUE,TRUE,TRUE,TRUE,study,TRUE
2060,5e1882adfd7db4158998b5f0,557,1,21,barchart-first-13-random-tallest-21,left,tallest,random,dual,2026-03-18T16:22:15Z,barchart,first,13,random,tallest,21,TRUE,TRUE,TRUE,TRUE,study,TRUE
2061,5e1882adfd7db4158998b5f0,1325,1,22,barchart-first-28-same-tallest-22,right,tallest,same,dual,2026-03-18T16:22:17Z,barchart,first,28,same,tallest,22,TRUE,TRUE,TRUE,TRUE,study,TRUE
2062,5e1882adfd7db4158998b5f0,768,1,23,barchart-first-16-double-tallest-23,left,tallest,double,dual,2026-03-18T16:22:18Z,barchart,first,16,double,tallest,23,TRUE,TRUE,TRUE,TRUE,study,TRUE
2063,5e1882adfd7db4158998b5f0,1382,1,24,barchart-first-04-double-tallest-24,left,tallest,double,dual,2026-03-18T16:22:55Z,barchart,first,4,double,tallest,24,TRUE,TRUE,TRUE,TRUE,study,TRUE
2064,5e1882adfd7db4158998b5f0,1013,1,25,barchart-first-18-random-tallest-25,left,tallest,random,dual,2026-03-18T16:22:57Z,barchart,first,18,random,tallest,25,TRUE,TRUE,TRUE,TRUE,study,TRUE
2065,5e1882adfd7db4158998b5f0,1059,1,26,barchart-first-23-same-tallest-26,right,tallest,same,dual,2026-03-18T16:22:58Z,barchart,first,23,same,tallest,26,TRUE,TRUE,TRUE,TRUE,study,TRUE
2066,5e1882adfd7db4158998b5f0,1137,1,27,barchart-first-23-double-tallest-27,right,tallest,double,dual,2026-03-18T16:23:00Z,barchart,first,23,double,tallest,27,TRUE,TRUE,TRUE,TRUE,study,TRUE
2067,5e1882adfd7db4158998b5f0,1299,1,28,barchart-first-03-double-tallest-28,left,tallest,double,dual,2026-03-18T16:23:02Z,barchart,first,3,double,tallest,28,TRUE,TRUE,TRUE,TRUE,study,TRUE
2068,5e1882adfd7db4158998b5f0,556,1,29,barchart-first-13-double-tallest-29,left,tallest,double,dual,2026-03-18T16:23:03Z,barchart,first,13,double,tallest,29,TRUE,TRUE,TRUE,TRUE,study,TRUE
2069,5e1882adfd7db4158998b5f0,1025,1,30,barchart-first-16-same-tallest-30,left,tallest,same,dual,2026-03-18T16:23:05Z,barchart,first,16,same,tallest,30,TRUE,TRUE,TRUE,TRUE,study,TRUE
2070,5e1882adfd7db4158998b5f0,864,1,31,barchart-first-25-same-tallest-31,right,tallest,same,dual,2026-03-18T16:23:06Z,barchart,first,25,same,tallest,31,TRUE,TRUE,TRUE,TRUE,study,TRUE
2071,5e1882adfd7db4158998b5f0,735,1,32,barchart-first-10-same-tallest-32,right,tallest,same,dual,2026-03-18T16:23:08Z,barchart,first,10,same,tallest,32,TRUE,TRUE,TRUE,TRUE,study,TRUE
2072,5e1882adfd7db4158998b5f0,1284,1,33,barchart-first-06-double-tallest-33,right,tallest,double,dual,2026-03-18T16:23:10Z,barchart,first,6,double,tallest,33,TRUE,TRUE,TRUE,TRUE,study,TRUE
2073,5e1882adfd7db4158998b5f0,834,1,34,barchart-first-04-same-tallest-34,left,tallest,same,dual,2026-03-18T16:23:11Z,barchart,first,4,same,tallest,34,TRUE,TRUE,TRUE,TRUE,study,TRUE
2074,5e1882adfd7db4158998b5f0,1201,1,35,barchart-first-22-double-tallest-35,right,tallest,double,dual,2026-03-18T16:23:13Z,barchart,first,22,double,tallest,35,TRUE,TRUE,TRUE,TRUE,study,TRUE
2075,5e1882adfd7db4158998b5f0,962,1,36,barchart-first-31-same-tallest-36,right,tallest,same,dual,2026-03-18T16:23:15Z,barchart,first,31,same,tallest,36,TRUE,TRUE,TRUE,TRUE,study,TRUE
2076,5e1882adfd7db4158998b5f0,828,1,37,barchart-first-07-same-tallest-37,left,tallest,same,dual,2026-03-18T16:23:16Z,barchart,first,7,same,tallest,37,TRUE,TRUE,TRUE,TRUE,study,TRUE
2077,5e1882adfd7db4158998b5f0,715,1,38,barchart-first-21-same-tallest-38,left,tallest,same,dual,2026-03-18T16:23:17Z,barchart,first,21,same,tallest,38,TRUE,TRUE,TRUE,TRUE,study,TRUE
2078,5e1882adfd7db4158998b5f0,1645,1,39,barchart-first-00-same-tallest-39,right,tallest,same,dual,2026-03-18T16:23:20Z,barchart,first,0,same,tallest,39,TRUE,TRUE,TRUE,TRUE,study,TRUE
2079,5e1882adfd7db4158998b5f0,999,1,40,barchart-first-27-random-tallest-40,right,tallest,random,dual,2026-03-18T16:23:21Z,barchart,first,27,random,tallest,40,TRUE,TRUE,TRUE,TRUE,study,TRUE
2080,5e1882adfd7db4158998b5f0,1257,1,41,barchart-first-16-random-tallest-41,left,tallest,random,dual,2026-03-18T16:23:23Z,barchart,first,16,random,tallest,41,TRUE,TRUE,TRUE,TRUE,study,TRUE
2081,5e1882adfd7db4158998b5f0,1223,1,42,barchart-first-17-same-tallest-42,left,tallest,same,dual,2026-03-18T16:23:25Z,barchart,first,17,same,tallest,42,TRUE,TRUE,TRUE,TRUE,study,TRUE
2082,5e1882adfd7db4158998b5f0,1527,1,43,barchart-first-14-double-tallest-43,left,tallest,double,dual,2026-03-18T16:23:27Z,barchart,first,14,double,tallest,43,TRUE,TRUE,TRUE,TRUE,study,TRUE
2083,5e1882adfd7db4158998b5f0,1384,1,44,barchart-first-10-random-tallest-44,right,tallest,random,dual,2026-03-18T16:23:29Z,barchart,first,10,random,tallest,44,TRUE,TRUE,TRUE,TRUE,study,TRUE
2084,5e1882adfd7db4158998b5f0,941,1,45,barchart-first-13-same-tallest-45,left,tallest,same,dual,2026-03-18T16:23:31Z,barchart,first,13,same,tallest,45,TRUE,TRUE,TRUE,TRUE,study,TRUE
2086,5e1882adfd7db4158998b5f0,804,1,46,barchart-first-00-random-tallest-46,right,tallest,random,dual,2026-03-18T16:23:32Z,barchart,first,0,random,tallest,46,TRUE,TRUE,TRUE,TRUE,study,TRUE
2087,5e1882adfd7db4158998b5f0,1212,1,47,barchart-first-20-random-tallest-47,right,tallest,random,dual,2026-03-18T16:23:34Z,barchart,first,20,random,tallest,47,TRUE,TRUE,TRUE,TRUE,study,TRUE
2108,5e1882adfd7db4158998b5f0,1625,1,48,barchart-second-26-double-shortest-0,left,shortest,double,dual,2026-03-18T16:24:26Z,barchart,second,26,double,shortest,0,TRUE,TRUE,TRUE,TRUE,study,TRUE
2109,5e1882adfd7db4158998b5f0,1176,1,49,barchart-second-27-same-shortest-1,right,shortest,same,dual,2026-03-18T16:24:27Z,barchart,second,27,same,shortest,1,TRUE,TRUE,TRUE,TRUE,study,TRUE
2111,5e1882adfd7db4158998b5f0,1060,1,50,barchart-second-24-random-shortest-2,left,shortest,random,dual,2026-03-18T16:24:29Z,barchart,second,24,random,shortest,2,TRUE,TRUE,TRUE,TRUE,study,TRUE
2113,5e1882adfd7db4158998b5f0,1171,1,51,barchart-second-21-double-shortest-3,left,shortest,double,dual,2026-03-18T16:24:31Z,barchart,second,21,double,shortest,3,TRUE,TRUE,TRUE,TRUE,study,TRUE
2115,5e1882adfd7db4158998b5f0,1646,1,52,barchart-second-12-same-shortest-4,left,shortest,same,dual,2026-03-18T16:24:33Z,barchart,second,12,same,shortest,4,TRUE,TRUE,TRUE,TRUE,study,TRUE
2116,5e1882adfd7db4158998b5f0,1660,1,53,barchart-second-14-same-shortest-5,left,shortest,same,dual,2026-03-18T16:24:35Z,barchart,second,14,same,shortest,5,TRUE,TRUE,TRUE,TRUE,study,TRUE
2117,5e1882adfd7db4158998b5f0,1627,1,54,barchart-second-25-double-shortest-6,right,shortest,double,dual,2026-03-18T16:24:38Z,barchart,second,25,double,shortest,6,TRUE,TRUE,TRUE,TRUE,study,TRUE
2118,5e1882adfd7db4158998b5f0,1430,1,55,barchart-second-02-double-shortest-7,right,shortest,double,dual,2026-03-18T16:24:40Z,barchart,second,2,double,shortest,7,TRUE,TRUE,TRUE,TRUE,study,TRUE
2119,5e1882adfd7db4158998b5f0,1705,1,56,barchart-second-08-double-shortest-8,left,shortest,double,dual,2026-03-18T16:24:42Z,barchart,second,8,double,shortest,8,TRUE,TRUE,TRUE,TRUE,study,TRUE
2121,5e1882adfd7db4158998b5f0,1544,1,57,barchart-second-11-random-shortest-9,right,shortest,random,dual,2026-03-18T16:24:44Z,barchart,second,11,random,shortest,9,TRUE,TRUE,TRUE,TRUE,study,TRUE
2122,5e1882adfd7db4158998b5f0,985,1,58,barchart-second-30-same-shortest-10,left,shortest,same,dual,2026-03-18T16:24:46Z,barchart,second,30,same,shortest,10,TRUE,TRUE,TRUE,TRUE,study,TRUE
2124,5e1882adfd7db4158998b5f0,1187,1,59,barchart-second-28-random-shortest-11,right,shortest,random,dual,2026-03-18T16:24:48Z,barchart,second,28,random,shortest,11,TRUE,TRUE,TRUE,TRUE,study,TRUE
2125,5e1882adfd7db4158998b5f0,1329,1,60,barchart-second-22-same-shortest-12,right,shortest,same,dual,2026-03-18T16:24:50Z,barchart,second,22,same,shortest,12,TRUE,TRUE,TRUE,TRUE,study,TRUE
2127,5e1882adfd7db4158998b5f0,1281,1,61,barchart-second-27-double-shortest-13,right,shortest,double,dual,2026-03-18T16:24:52Z,barchart,second,27,double,shortest,13,TRUE,TRUE,TRUE,TRUE,study,TRUE
2129,5e1882adfd7db4158998b5f0,910,1,62,barchart-second-23-random-shortest-14,right,shortest,random,dual,2026-03-18T16:24:53Z,barchart,second,23,random,shortest,14,TRUE,TRUE,TRUE,TRUE,study,TRUE
2131,5e1882adfd7db4158998b5f0,1369,1,63,barchart-second-11-double-shortest-15,right,shortest,double,dual,2026-03-18T16:24:55Z,barchart,second,11,double,shortest,15,TRUE,TRUE,TRUE,TRUE,study,TRUE
2133,5e1882adfd7db4158998b5f0,1692,1,64,barchart-second-18-same-shortest-16,right,shortest,same,dual,2026-03-18T16:24:57Z,barchart,second,18,same,shortest,16,TRUE,TRUE,TRUE,TRUE,study,TRUE
2134,5e1882adfd7db4158998b5f0,1000,1,65,barchart-second-28-double-shortest-17,right,shortest,double,dual,2026-03-18T16:24:59Z,barchart,second,28,double,shortest,17,TRUE,TRUE,TRUE,TRUE,study,TRUE
2136,5e1882adfd7db4158998b5f0,1432,1,66,barchart-second-03-random-shortest-18,right,shortest,random,dual,2026-03-18T16:25:01Z,barchart,second,3,random,shortest,18,TRUE,TRUE,TRUE,TRUE,study,TRUE
2139,5e1882adfd7db4158998b5f0,1811,1,67,barchart-second-31-random-shortest-19,right,shortest,random,dual,2026-03-18T16:25:04Z,barchart,second,31,random,shortest,19,TRUE,TRUE,TRUE,TRUE,study,TRUE
2140,5e1882adfd7db4158998b5f0,1170,1,68,barchart-second-09-same-shortest-20,left,shortest,same,dual,2026-03-18T16:25:06Z,barchart,second,9,same,shortest,20,TRUE,TRUE,TRUE,TRUE,study,TRUE
2142,5e1882adfd7db4158998b5f0,1016,1,69,barchart-second-01-random-shortest-21,right,shortest,random,dual,2026-03-18T16:25:07Z,barchart,second,1,random,shortest,21,TRUE,TRUE,TRUE,TRUE,study,TRUE
2144,5e1882adfd7db4158998b5f0,868,1,70,barchart-second-15-same-shortest-22,right,shortest,same,dual,2026-03-18T16:25:09Z,barchart,second,15,same,shortest,22,TRUE,TRUE,TRUE,TRUE,study,TRUE
2146,5e1882adfd7db4158998b5f0,1425,0,71,barchart-second-29-same-shortest-23,right,shortest,same,dual,2026-03-18T16:25:11Z,barchart,second,29,same,shortest,23,TRUE,TRUE,TRUE,TRUE,study,TRUE
2150,5e1882adfd7db4158998b5f0,1155,1,72,barchart-second-07-random-shortest-24,left,shortest,random,dual,2026-03-18T16:25:18Z,barchart,second,7,random,shortest,24,TRUE,TRUE,TRUE,TRUE,study,TRUE
2152,5e1882adfd7db4158998b5f0,1506,1,73,barchart-second-03-same-shortest-25,right,shortest,same,dual,2026-03-18T16:25:20Z,barchart,second,3,same,shortest,25,TRUE,TRUE,TRUE,TRUE,study,TRUE
2154,5e1882adfd7db4158998b5f0,1565,1,74,barchart-second-24-same-shortest-26,left,shortest,same,dual,2026-03-18T16:25:23Z,barchart,second,24,same,shortest,26,TRUE,TRUE,TRUE,TRUE,study,TRUE
2155,5e1882adfd7db4158998b5f0,965,1,75,barchart-second-26-random-shortest-27,left,shortest,random,dual,2026-03-18T16:25:24Z,barchart,second,26,random,shortest,27,TRUE,TRUE,TRUE,TRUE,study,TRUE
2157,5e1882adfd7db4158998b5f0,753,1,76,barchart-second-02-same-shortest-28,right,shortest,same,dual,2026-03-18T16:25:26Z,barchart,second,2,same,shortest,28,TRUE,TRUE,TRUE,TRUE,study,TRUE
2158,5e1882adfd7db4158998b5f0,987,1,77,barchart-second-24-double-shortest-29,left,shortest,double,dual,2026-03-18T16:25:27Z,barchart,second,24,double,shortest,29,TRUE,TRUE,TRUE,TRUE,study,TRUE
2160,5e1882adfd7db4158998b5f0,1444,1,78,barchart-second-29-random-shortest-30,left,shortest,random,dual,2026-03-18T16:25:30Z,barchart,second,29,random,shortest,30,TRUE,TRUE,TRUE,TRUE,study,TRUE
2162,5e1882adfd7db4158998b5f0,1073,1,79,barchart-second-08-random-shortest-31,left,shortest,random,dual,2026-03-18T16:25:31Z,barchart,second,8,random,shortest,31,TRUE,TRUE,TRUE,TRUE,study,TRUE
2164,5e1882adfd7db4158998b5f0,1571,1,80,barchart-second-09-double-shortest-32,left,shortest,double,dual,2026-03-18T16:25:33Z,barchart,second,9,double,shortest,32,TRUE,TRUE,TRUE,TRUE,study,TRUE
2167,5e1882adfd7db4158998b5f0,2760,1,81,barchart-second-04-random-shortest-33,right,shortest,random,dual,2026-03-18T16:25:37Z,barchart,second,4,random,shortest,33,TRUE,TRUE,TRUE,TRUE,study,TRUE
2168,5e1882adfd7db4158998b5f0,935,1,82,barchart-second-12-double-shortest-34,left,shortest,double,dual,2026-03-18T16:25:39Z,barchart,second,12,double,shortest,34,TRUE,TRUE,TRUE,TRUE,study,TRUE
2170,5e1882adfd7db4158998b5f0,888,1,83,barchart-second-19-double-shortest-35,left,shortest,double,dual,2026-03-18T16:25:40Z,barchart,second,19,double,shortest,35,TRUE,TRUE,TRUE,TRUE,study,TRUE
2171,5e1882adfd7db4158998b5f0,1146,1,84,barchart-second-08-same-shortest-36,left,shortest,same,dual,2026-03-18T16:25:42Z,barchart,second,8,same,shortest,36,TRUE,TRUE,TRUE,TRUE,study,TRUE
2172,5e1882adfd7db4158998b5f0,1509,1,85,barchart-second-06-random-shortest-37,left,shortest,random,dual,2026-03-18T16:25:44Z,barchart,second,6,random,shortest,37,TRUE,TRUE,TRUE,TRUE,study,TRUE
2173,5e1882adfd7db4158998b5f0,1216,1,86,barchart-second-15-random-shortest-38,right,shortest,random,dual,2026-03-18T16:25:46Z,barchart,second,15,random,shortest,38,TRUE,TRUE,TRUE,TRUE,study,TRUE
2174,5e1882adfd7db4158998b5f0,1058,1,87,barchart-second-20-same-shortest-39,right,shortest,same,dual,2026-03-18T16:25:48Z,barchart,second,20,same,shortest,39,TRUE,TRUE,TRUE,TRUE,study,TRUE
2176,5e1882adfd7db4158998b5f0,2087,1,88,barchart-second-05-same-shortest-40,left,shortest,same,dual,2026-03-18T16:25:50Z,barchart,second,5,same,shortest,40,TRUE,TRUE,TRUE,TRUE,study,TRUE
2179,5e1882adfd7db4158998b5f0,1932,1,89,barchart-second-17-double-shortest-41,right,shortest,double,dual,2026-03-18T16:25:53Z,barchart,second,17,double,shortest,41,TRUE,TRUE,TRUE,TRUE,study,TRUE
2181,5e1882adfd7db4158998b5f0,1492,1,90,barchart-second-12-random-shortest-42,left,shortest,random,dual,2026-03-18T16:25:55Z,barchart,second,12,random,shortest,42,TRUE,TRUE,TRUE,TRUE,study,TRUE
2183,5e1882adfd7db4158998b5f0,1461,1,91,barchart-second-01-same-shortest-43,right,shortest,same,dual,2026-03-18T16:25:57Z,barchart,second,1,same,shortest,43,TRUE,TRUE,TRUE,TRUE,study,TRUE
2185,5e1882adfd7db4158998b5f0,971,1,92,barchart-second-30-random-shortest-44,left,shortest,random,dual,2026-03-18T16:25:59Z,barchart,second,30,random,shortest,44,TRUE,TRUE,TRUE,TRUE,study,TRUE
2187,5e1882adfd7db4158998b5f0,1212,1,93,barchart-second-18-double-shortest-45,right,shortest,double,dual,2026-03-18T16:26:01Z,barchart,second,18,double,shortest,45,TRUE,TRUE,TRUE,TRUE,study,TRUE
2189,5e1882adfd7db4158998b5f0,1385,1,94,barchart-second-15-double-shortest-46,right,shortest,double,dual,2026-03-18T16:26:03Z,barchart,second,15,double,shortest,46,TRUE,TRUE,TRUE,TRUE,study,TRUE
2191,5e1882adfd7db4158998b5f0,959,1,95,barchart-second-30-double-shortest-47,left,shortest,double,dual,2026-03-18T16:26:04Z,barchart,second,30,double,shortest,47,TRUE,TRUE,TRUE,TRUE,study,TRUE
2085,5f4ee7ff2c5da213f015a27e,4022,1,0,barchart-first-12-random-shortest-0,left,shortest,random,dual,2026-03-18T16:19:27Z,barchart,first,12,random,shortest,0,TRUE,TRUE,TRUE,TRUE,study,TRUE
2088,5f4ee7ff2c5da213f015a27e,2859,1,1,barchart-first-06-same-shortest-1,left,shortest,same,dual,2026-03-18T16:19:30Z,barchart,first,6,same,shortest,1,TRUE,TRUE,TRUE,TRUE,study,TRUE
2089,5f4ee7ff2c5da213f015a27e,1857,1,2,barchart-first-07-double-shortest-2,left,shortest,double,dual,2026-03-18T16:19:33Z,barchart,first,7,double,shortest,2,TRUE,TRUE,TRUE,TRUE,study,TRUE
2090,5f4ee7ff2c5da213f015a27e,2979,1,3,barchart-first-18-random-shortest-3,right,shortest,random,dual,2026-03-18T16:19:36Z,barchart,first,18,random,shortest,3,TRUE,TRUE,TRUE,TRUE,study,TRUE
2091,5f4ee7ff2c5da213f015a27e,2356,1,4,barchart-first-08-double-shortest-4,left,shortest,double,dual,2026-03-18T16:19:39Z,barchart,first,8,double,shortest,4,TRUE,TRUE,TRUE,TRUE,study,TRUE
2092,5f4ee7ff2c5da213f015a27e,2347,1,5,barchart-first-04-random-shortest-5,right,shortest,random,dual,2026-03-18T16:19:42Z,barchart,first,4,random,shortest,5,TRUE,TRUE,TRUE,TRUE,study,TRUE
2093,5f4ee7ff2c5da213f015a27e,2611,1,6,barchart-first-00-double-shortest-6,left,shortest,double,dual,2026-03-18T16:19:45Z,barchart,first,0,double,shortest,6,TRUE,TRUE,TRUE,TRUE,study,TRUE
2094,5f4ee7ff2c5da213f015a27e,1662,1,7,barchart-first-23-same-shortest-7,right,shortest,same,dual,2026-03-18T16:19:47Z,barchart,first,23,same,shortest,7,TRUE,TRUE,TRUE,TRUE,study,TRUE
2095,5f4ee7ff2c5da213f015a27e,1638,1,8,barchart-first-20-same-shortest-8,right,shortest,same,dual,2026-03-18T16:19:50Z,barchart,first,20,same,shortest,8,TRUE,TRUE,TRUE,TRUE,study,TRUE
2096,5f4ee7ff2c5da213f015a27e,2322,1,9,barchart-first-03-random-shortest-9,right,shortest,random,dual,2026-03-18T16:19:52Z,barchart,first,3,random,shortest,9,TRUE,TRUE,TRUE,TRUE,study,TRUE
2097,5f4ee7ff2c5da213f015a27e,1462,1,10,barchart-first-21-same-shortest-10,left,shortest,same,dual,2026-03-18T16:19:54Z,barchart,first,21,same,shortest,10,TRUE,TRUE,TRUE,TRUE,study,TRUE
2098,5f4ee7ff2c5da213f015a27e,2361,1,11,barchart-first-11-same-shortest-11,right,shortest,same,dual,2026-03-18T16:19:57Z,barchart,first,11,same,shortest,11,TRUE,TRUE,TRUE,TRUE,study,TRUE
2099,5f4ee7ff2c5da213f015a27e,2543,1,12,barchart-first-06-double-shortest-12,left,shortest,double,dual,2026-03-18T16:20:00Z,barchart,first,6,double,shortest,12,TRUE,TRUE,TRUE,TRUE,study,TRUE
2100,5f4ee7ff2c5da213f015a27e,1748,1,13,barchart-first-01-same-shortest-13,right,shortest,same,dual,2026-03-18T16:20:03Z,barchart,first,1,same,shortest,13,TRUE,TRUE,TRUE,TRUE,study,TRUE
2101,5f4ee7ff2c5da213f015a27e,2648,1,14,barchart-first-03-same-shortest-14,right,shortest,same,dual,2026-03-18T16:20:06Z,barchart,first,3,same,shortest,14,TRUE,TRUE,TRUE,TRUE,study,TRUE
2102,5f4ee7ff2c5da213f015a27e,2264,1,15,barchart-first-10-random-shortest-15,left,shortest,random,dual,2026-03-18T16:20:09Z,barchart,first,10,random,shortest,15,TRUE,TRUE,TRUE,TRUE,study,TRUE
2103,5f4ee7ff2c5da213f015a27e,1536,1,16,barchart-first-14-random-shortest-16,left,shortest,random,dual,2026-03-18T16:20:11Z,barchart,first,14,random,shortest,16,TRUE,TRUE,TRUE,TRUE,study,TRUE
2104,5f4ee7ff2c5da213f015a27e,1434,1,17,barchart-first-03-double-shortest-17,right,shortest,double,dual,2026-03-18T16:20:13Z,barchart,first,3,double,shortest,17,TRUE,TRUE,TRUE,TRUE,study,TRUE
2105,5f4ee7ff2c5da213f015a27e,2378,1,18,barchart-first-15-double-shortest-18,right,shortest,double,dual,2026-03-18T16:20:16Z,barchart,first,15,double,shortest,18,TRUE,TRUE,TRUE,TRUE,study,TRUE
2106,5f4ee7ff2c5da213f015a27e,1372,1,19,barchart-first-28-random-shortest-19,right,shortest,random,dual,2026-03-18T16:20:18Z,barchart,first,28,random,shortest,19,TRUE,TRUE,TRUE,TRUE,study,TRUE
2107,5f4ee7ff2c5da213f015a27e,1800,1,20,barchart-first-01-random-shortest-20,right,shortest,random,dual,2026-03-18T16:20:20Z,barchart,first,1,random,shortest,20,TRUE,TRUE,TRUE,TRUE,study,TRUE
2110,5f4ee7ff2c5da213f015a27e,2786,1,21,barchart-first-01-double-shortest-21,right,shortest,double,dual,2026-03-18T16:20:24Z,barchart,first,1,double,shortest,21,TRUE,TRUE,TRUE,TRUE,study,TRUE
2112,5f4ee7ff2c5da213f015a27e,2071,1,22,barchart-first-18-same-shortest-22,right,shortest,same,dual,2026-03-18T16:20:26Z,barchart,first,18,same,shortest,22,TRUE,TRUE,TRUE,TRUE,study,TRUE
2114,5f4ee7ff2c5da213f015a27e,1786,1,23,barchart-first-13-same-shortest-23,left,shortest,same,dual,2026-03-18T16:20:29Z,barchart,first,13,same,shortest,23,TRUE,TRUE,TRUE,TRUE,study,TRUE
2120,5f4ee7ff2c5da213f015a27e,2969,1,24,barchart-first-26-same-shortest-24,left,shortest,same,dual,2026-03-18T16:20:39Z,barchart,first,26,same,shortest,24,TRUE,TRUE,TRUE,TRUE,study,TRUE
2123,5f4ee7ff2c5da213f015a27e,2869,1,25,barchart-first-25-random-shortest-25,right,shortest,random,dual,2026-03-18T16:20:43Z,barchart,first,25,random,shortest,25,TRUE,TRUE,TRUE,TRUE,study,TRUE
2126,5f4ee7ff2c5da213f015a27e,2641,1,26,barchart-first-19-random-shortest-26,left,shortest,random,dual,2026-03-18T16:20:46Z,barchart,first,19,random,shortest,26,TRUE,TRUE,TRUE,TRUE,study,TRUE
2128,5f4ee7ff2c5da213f015a27e,1622,1,27,barchart-first-13-random-shortest-27,left,shortest,random,dual,2026-03-18T16:20:48Z,barchart,first,13,random,shortest,27,TRUE,TRUE,TRUE,TRUE,study,TRUE
2130,5f4ee7ff2c5da213f015a27e,1730,1,28,barchart-first-23-double-shortest-28,right,shortest,double,dual,2026-03-18T16:20:50Z,barchart,first,23,double,shortest,28,TRUE,TRUE,TRUE,TRUE,study,TRUE
2132,5f4ee7ff2c5da213f015a27e,2192,1,29,barchart-first-25-same-shortest-29,right,shortest,same,dual,2026-03-18T16:20:53Z,barchart,first,25,same,shortest,29,TRUE,TRUE,TRUE,TRUE,study,TRUE
2135,5f4ee7ff2c5da213f015a27e,2003,1,30,barchart-first-31-double-shortest-30,right,shortest,double,dual,2026-03-18T16:20:56Z,barchart,first,31,double,shortest,30,TRUE,TRUE,TRUE,TRUE,study,TRUE
2137,5f4ee7ff2c5da213f015a27e,1481,1,31,barchart-first-08-same-shortest-31,left,shortest,same,dual,2026-03-18T16:20:58Z,barchart,first,8,same,shortest,31,TRUE,TRUE,TRUE,TRUE,study,TRUE
2138,5f4ee7ff2c5da213f015a27e,1087,1,32,barchart-first-10-double-shortest-32,left,shortest,double,dual,2026-03-18T16:20:59Z,barchart,first,10,double,shortest,32,TRUE,TRUE,TRUE,TRUE,study,TRUE
2141,5f4ee7ff2c5da213f015a27e,1793,1,33,barchart-first-30-random-shortest-33,left,shortest,random,dual,2026-03-18T16:21:02Z,barchart,first,30,random,shortest,33,TRUE,TRUE,TRUE,TRUE,study,TRUE
2143,5f4ee7ff2c5da213f015a27e,1141,1,34,barchart-first-10-same-shortest-34,left,shortest,same,dual,2026-03-18T16:21:04Z,barchart,first,10,same,shortest,34,TRUE,TRUE,TRUE,TRUE,study,TRUE
2145,5f4ee7ff2c5da213f015a27e,1999,1,35,barchart-first-04-double-shortest-35,right,shortest,double,dual,2026-03-18T16:21:06Z,barchart,first,4,double,shortest,35,TRUE,TRUE,TRUE,TRUE,study,TRUE
2147,5f4ee7ff2c5da213f015a27e,1583,1,36,barchart-first-09-random-shortest-36,left,shortest,random,dual,2026-03-18T16:21:08Z,barchart,first,9,random,shortest,36,TRUE,TRUE,TRUE,TRUE,study,TRUE
2148,5f4ee7ff2c5da213f015a27e,1700,1,37,barchart-first-26-double-shortest-37,left,shortest,double,dual,2026-03-18T16:21:11Z,barchart,first,26,double,shortest,37,TRUE,TRUE,TRUE,TRUE,study,TRUE
2149,5f4ee7ff2c5da213f015a27e,2350,1,38,barchart-first-14-double-shortest-38,left,shortest,double,dual,2026-03-18T16:21:13Z,barchart,first,14,double,shortest,38,TRUE,TRUE,TRUE,TRUE,study,TRUE
2151,5f4ee7ff2c5da213f015a27e,1973,1,39,barchart-first-05-double-shortest-39,left,shortest,double,dual,2026-03-18T16:21:16Z,barchart,first,5,double,shortest,39,TRUE,TRUE,TRUE,TRUE,study,TRUE
2153,5f4ee7ff2c5da213f015a27e,1209,1,40,barchart-first-02-double-shortest-40,right,shortest,double,dual,2026-03-18T16:21:18Z,barchart,first,2,double,shortest,40,TRUE,TRUE,TRUE,TRUE,study,TRUE
2156,5f4ee7ff2c5da213f015a27e,2109,1,41,barchart-first-31-random-shortest-41,right,shortest,random,dual,2026-03-18T16:21:20Z,barchart,first,31,random,shortest,41,TRUE,TRUE,TRUE,TRUE,study,TRUE
2159,5f4ee7ff2c5da213f015a27e,2489,1,42,barchart-first-22-double-shortest-42,right,shortest,double,dual,2026-03-18T16:21:23Z,barchart,first,22,double,shortest,42,TRUE,TRUE,TRUE,TRUE,study,TRUE
2161,5f4ee7ff2c5da213f015a27e,1460,1,43,barchart-first-28-same-shortest-43,right,shortest,same,dual,2026-03-18T16:21:25Z,barchart,first,28,same,shortest,43,TRUE,TRUE,TRUE,TRUE,study,TRUE
2163,5f4ee7ff2c5da213f015a27e,2121,1,44,barchart-first-00-same-shortest-44,left,shortest,same,dual,2026-03-18T16:21:28Z,barchart,first,0,same,shortest,44,TRUE,TRUE,TRUE,TRUE,study,TRUE
2165,5f4ee7ff2c5da213f015a27e,1816,1,45,barchart-first-23-random-shortest-45,right,shortest,random,dual,2026-03-18T16:21:31Z,barchart,first,23,random,shortest,45,TRUE,TRUE,TRUE,TRUE,study,TRUE
2166,5f4ee7ff2c5da213f015a27e,1819,1,46,barchart-first-29-random-shortest-46,left,shortest,random,dual,2026-03-18T16:21:33Z,barchart,first,29,random,shortest,46,TRUE,TRUE,TRUE,TRUE,study,TRUE
2169,5f4ee7ff2c5da213f015a27e,1769,1,47,barchart-first-19-same-shortest-47,left,shortest,same,dual,2026-03-18T16:21:35Z,barchart,first,19,same,shortest,47,TRUE,TRUE,TRUE,TRUE,study,TRUE
2175,5f4ee7ff2c5da213f015a27e,2173,1,48,barchart-second-27-double-tallest-0,right,tallest,double,dual,2026-03-18T16:21:45Z,barchart,second,27,double,tallest,0,TRUE,TRUE,TRUE,TRUE,study,TRUE
2177,5f4ee7ff2c5da213f015a27e,1234,1,49,barchart-second-16-same-tallest-1,left,tallest,same,dual,2026-03-18T16:21:46Z,barchart,second,16,same,tallest,1,TRUE,TRUE,TRUE,TRUE,study,TRUE
2178,5f4ee7ff2c5da213f015a27e,1279,1,50,barchart-second-24-same-tallest-2,right,tallest,same,dual,2026-03-18T16:21:48Z,barchart,second,24,same,tallest,2,TRUE,TRUE,TRUE,TRUE,study,TRUE
2180,5f4ee7ff2c5da213f015a27e,1438,1,51,barchart-second-17-double-tallest-3,left,tallest,double,dual,2026-03-18T16:21:50Z,barchart,second,17,double,tallest,3,TRUE,TRUE,TRUE,TRUE,study,TRUE
2182,5f4ee7ff2c5da213f015a27e,1158,1,52,barchart-second-24-random-tallest-4,right,tallest,random,dual,2026-03-18T16:21:52Z,barchart,second,24,random,tallest,4,TRUE,TRUE,TRUE,TRUE,study,TRUE
2184,5f4ee7ff2c5da213f015a27e,1161,1,53,barchart-second-12-double-tallest-5,right,tallest,double,dual,2026-03-18T16:21:54Z,barchart,second,12,double,tallest,5,TRUE,TRUE,TRUE,TRUE,study,TRUE
2186,5f4ee7ff2c5da213f015a27e,1420,1,54,barchart-second-18-double-tallest-6,left,tallest,double,dual,2026-03-18T16:21:56Z,barchart,second,18,double,tallest,6,TRUE,TRUE,TRUE,TRUE,study,TRUE
2188,5f4ee7ff2c5da213f015a27e,1428,1,55,barchart-second-02-same-tallest-7,left,tallest,same,dual,2026-03-18T16:21:58Z,barchart,second,2,same,tallest,7,TRUE,TRUE,TRUE,TRUE,study,TRUE
2190,5f4ee7ff2c5da213f015a27e,921,1,56,barchart-second-20-random-tallest-8,right,tallest,random,dual,2026-03-18T16:21:59Z,barchart,second,20,random,tallest,8,TRUE,TRUE,TRUE,TRUE,study,TRUE
2192,5f4ee7ff2c5da213f015a27e,1257,1,57,barchart-second-02-random-tallest-9,left,tallest,random,dual,2026-03-18T16:22:01Z,barchart,second,2,random,tallest,9,TRUE,TRUE,TRUE,TRUE,study,TRUE
2193,5f4ee7ff2c5da213f015a27e,1484,1,58,barchart-second-11-double-tallest-10,left,tallest,double,dual,2026-03-18T16:22:03Z,barchart,second,11,double,tallest,10,TRUE,TRUE,TRUE,TRUE,study,TRUE
2194,5f4ee7ff2c5da213f015a27e,1645,1,59,barchart-second-22-random-tallest-11,right,tallest,random,dual,2026-03-18T16:22:06Z,barchart,second,22,random,tallest,11,TRUE,TRUE,TRUE,TRUE,study,TRUE
2195,5f4ee7ff2c5da213f015a27e,1200,1,60,barchart-second-04-same-tallest-12,left,tallest,same,dual,2026-03-18T16:22:07Z,barchart,second,4,same,tallest,12,TRUE,TRUE,TRUE,TRUE,study,TRUE
2196,5f4ee7ff2c5da213f015a27e,1510,1,61,barchart-second-17-random-tallest-13,left,tallest,random,dual,2026-03-18T16:22:09Z,barchart,second,17,random,tallest,13,TRUE,TRUE,TRUE,TRUE,study,TRUE
2197,5f4ee7ff2c5da213f015a27e,964,1,62,barchart-second-16-double-tallest-14,left,tallest,double,dual,2026-03-18T16:22:11Z,barchart,second,16,double,tallest,14,TRUE,TRUE,TRUE,TRUE,study,TRUE
2198,5f4ee7ff2c5da213f015a27e,2081,1,63,barchart-second-27-same-tallest-15,right,tallest,same,dual,2026-03-18T16:22:14Z,barchart,second,27,same,tallest,15,TRUE,TRUE,TRUE,TRUE,study,TRUE
2199,5f4ee7ff2c5da213f015a27e,1359,1,64,barchart-second-20-double-tallest-16,right,tallest,double,dual,2026-03-18T16:22:15Z,barchart,second,20,double,tallest,16,TRUE,TRUE,TRUE,TRUE,study,TRUE
2200,5f4ee7ff2c5da213f015a27e,879,1,65,barchart-second-29-double-tallest-17,left,tallest,double,dual,2026-03-18T16:22:17Z,barchart,second,29,double,tallest,17,TRUE,TRUE,TRUE,TRUE,study,TRUE
2201,5f4ee7ff2c5da213f015a27e,729,1,66,barchart-second-09-double-tallest-18,left,tallest,double,dual,2026-03-18T16:22:18Z,barchart,second,9,double,tallest,18,TRUE,TRUE,TRUE,TRUE,study,TRUE
2202,5f4ee7ff2c5da213f015a27e,1168,1,67,barchart-second-00-random-tallest-19,right,tallest,random,dual,2026-03-18T16:22:20Z,barchart,second,0,random,tallest,19,TRUE,TRUE,TRUE,TRUE,study,TRUE
2203,5f4ee7ff2c5da213f015a27e,855,1,68,barchart-second-26-random-tallest-20,left,tallest,random,dual,2026-03-18T16:22:21Z,barchart,second,26,random,tallest,20,TRUE,TRUE,TRUE,TRUE,study,TRUE
2204,5f4ee7ff2c5da213f015a27e,1653,1,69,barchart-second-15-random-tallest-21,right,tallest,random,dual,2026-03-18T16:22:24Z,barchart,second,15,random,tallest,21,TRUE,TRUE,TRUE,TRUE,study,TRUE
2205,5f4ee7ff2c5da213f015a27e,678,1,70,barchart-second-29-same-tallest-22,left,tallest,same,dual,2026-03-18T16:22:25Z,barchart,second,29,same,tallest,22,TRUE,TRUE,TRUE,TRUE,study,TRUE
2206,5f4ee7ff2c5da213f015a27e,1284,1,71,barchart-second-05-same-tallest-23,right,tallest,same,dual,2026-03-18T16:22:27Z,barchart,second,5,same,tallest,23,TRUE,TRUE,TRUE,TRUE,study,TRUE
2207,5f4ee7ff2c5da213f015a27e,2454,1,72,barchart-second-25-double-tallest-24,right,tallest,double,dual,2026-03-18T16:22:33Z,barchart,second,25,double,tallest,24,TRUE,TRUE,TRUE,TRUE,study,TRUE
2208,5f4ee7ff2c5da213f015a27e,769,1,73,barchart-second-19-double-tallest-25,right,tallest,double,dual,2026-03-18T16:22:34Z,barchart,second,19,double,tallest,25,TRUE,TRUE,TRUE,TRUE,study,TRUE
2209,5f4ee7ff2c5da213f015a27e,1148,1,74,barchart-second-21-random-tallest-26,left,tallest,random,dual,2026-03-18T16:22:36Z,barchart,second,21,random,tallest,26,TRUE,TRUE,TRUE,TRUE,study,TRUE
2210,5f4ee7ff2c5da213f015a27e,782,1,75,barchart-second-12-same-tallest-27,right,tallest,same,dual,2026-03-18T16:22:37Z,barchart,second,12,same,tallest,27,TRUE,TRUE,TRUE,TRUE,study,TRUE
2211,5f4ee7ff2c5da213f015a27e,1259,1,76,barchart-second-07-random-tallest-28,left,tallest,random,dual,2026-03-18T16:22:39Z,barchart,second,7,random,tallest,28,TRUE,TRUE,TRUE,TRUE,study,TRUE
2212,5f4ee7ff2c5da213f015a27e,1110,1,77,barchart-second-22-same-tallest-29,right,tallest,same,dual,2026-03-18T16:22:41Z,barchart,second,22,same,tallest,29,TRUE,TRUE,TRUE,TRUE,study,TRUE
2213,5f4ee7ff2c5da213f015a27e,1039,1,78,barchart-second-13-double-tallest-30,left,tallest,double,dual,2026-03-18T16:22:42Z,barchart,second,13,double,tallest,30,TRUE,TRUE,TRUE,TRUE,study,TRUE
2214,5f4ee7ff2c5da213f015a27e,884,1,79,barchart-second-07-same-tallest-31,left,tallest,same,dual,2026-03-18T16:22:44Z,barchart,second,7,same,tallest,31,TRUE,TRUE,TRUE,TRUE,study,TRUE
2215,5f4ee7ff2c5da213f015a27e,898,1,80,barchart-second-14-same-tallest-32,left,tallest,same,dual,2026-03-18T16:22:45Z,barchart,second,14,same,tallest,32,TRUE,TRUE,TRUE,TRUE,study,TRUE
2216,5f4ee7ff2c5da213f015a27e,1210,1,81,barchart-second-16-random-tallest-33,left,tallest,random,dual,2026-03-18T16:22:47Z,barchart,second,16,random,tallest,33,TRUE,TRUE,TRUE,TRUE,study,TRUE
2217,5f4ee7ff2c5da213f015a27e,1026,1,82,barchart-second-06-random-tallest-34,right,tallest,random,dual,2026-03-18T16:22:49Z,barchart,second,6,random,tallest,34,TRUE,TRUE,TRUE,TRUE,study,TRUE
2218,5f4ee7ff2c5da213f015a27e,1677,1,83,barchart-second-08-random-tallest-35,left,tallest,random,dual,2026-03-18T16:22:51Z,barchart,second,8,random,tallest,35,TRUE,TRUE,TRUE,TRUE,study,TRUE
2219,5f4ee7ff2c5da213f015a27e,838,1,84,barchart-second-17-same-tallest-36,left,tallest,same,dual,2026-03-18T16:22:52Z,barchart,second,17,same,tallest,36,TRUE,TRUE,TRUE,TRUE,study,TRUE
2220,5f4ee7ff2c5da213f015a27e,1314,1,85,barchart-second-31-same-tallest-37,right,tallest,same,dual,2026-03-18T16:22:54Z,barchart,second,31,same,tallest,37,TRUE,TRUE,TRUE,TRUE,study,TRUE
2221,5f4ee7ff2c5da213f015a27e,989,1,86,barchart-second-11-random-tallest-38,left,tallest,random,dual,2026-03-18T16:22:56Z,barchart,second,11,random,tallest,38,TRUE,TRUE,TRUE,TRUE,study,TRUE
2222,5f4ee7ff2c5da213f015a27e,1128,1,87,barchart-second-27-random-tallest-39,right,tallest,random,dual,2026-03-18T16:22:57Z,barchart,second,27,random,tallest,39,TRUE,TRUE,TRUE,TRUE,study,TRUE
2223,5f4ee7ff2c5da213f015a27e,716,1,88,barchart-second-05-random-tallest-40,right,tallest,random,dual,2026-03-18T16:22:58Z,barchart,second,5,random,tallest,40,TRUE,TRUE,TRUE,TRUE,study,TRUE
2224,5f4ee7ff2c5da213f015a27e,1435,1,89,barchart-second-30-double-tallest-41,right,tallest,double,dual,2026-03-18T16:23:00Z,barchart,second,30,double,tallest,41,TRUE,TRUE,TRUE,TRUE,study,TRUE
2225,5f4ee7ff2c5da213f015a27e,749,1,90,barchart-second-09-same-tallest-42,left,tallest,same,dual,2026-03-18T16:23:02Z,barchart,second,9,same,tallest,42,TRUE,TRUE,TRUE,TRUE,study,TRUE
2226,5f4ee7ff2c5da213f015a27e,1155,1,91,barchart-second-24-double-tallest-43,right,tallest,double,dual,2026-03-18T16:23:04Z,barchart,second,24,double,tallest,43,TRUE,TRUE,TRUE,TRUE,study,TRUE
2227,5f4ee7ff2c5da213f015a27e,1286,1,92,barchart-second-28-double-tallest-44,right,tallest,double,dual,2026-03-18T16:23:05Z,barchart,second,28,double,tallest,44,TRUE,TRUE,TRUE,TRUE,study,TRUE
2228,5f4ee7ff2c5da213f015a27e,1567,1,93,barchart-second-15-same-tallest-45,right,tallest,same,dual,2026-03-18T16:23:08Z,barchart,second,15,same,tallest,45,TRUE,TRUE,TRUE,TRUE,study,TRUE
2229,5f4ee7ff2c5da213f015a27e,694,1,94,barchart-second-30-same-tallest-46,right,tallest,same,dual,2026-03-18T16:23:09Z,barchart,second,30,same,tallest,46,TRUE,TRUE,TRUE,TRUE,study,TRUE
2230,5f4ee7ff2c5da213f015a27e,947,1,95,barchart-second-21-double-tallest-47,left,tallest,double,dual,2026-03-18T16:23:10Z,barchart,second,21,double,tallest,47,TRUE,TRUE,TRUE,TRUE,study,TRUE
1025,60a2a8570a0f9cc00d6b9d1a,2596,1,0,barchart-first-24-random-tallest-0,right,tallest,random,single,2026-03-17T22:01:51Z,barchart,first,24,random,tallest,0,TRUE,TRUE,TRUE,TRUE,study,TRUE
1026,60a2a8570a0f9cc00d6b9d1a,1641,1,1,barchart-first-22-double-tallest-1,right,tallest,double,single,2026-03-17T22:01:53Z,barchart,first,22,double,tallest,1,TRUE,TRUE,TRUE,TRUE,study,TRUE
1027,60a2a8570a0f9cc00d6b9d1a,1003,1,2,barchart-first-27-random-tallest-2,right,tallest,random,single,2026-03-17T22:01:55Z,barchart,first,27,random,tallest,2,TRUE,TRUE,TRUE,TRUE,study,TRUE
1028,60a2a8570a0f9cc00d6b9d1a,970,1,3,barchart-first-20-same-tallest-3,right,tallest,same,single,2026-03-17T22:01:56Z,barchart,first,20,same,tallest,3,TRUE,TRUE,TRUE,TRUE,study,TRUE
1029,60a2a8570a0f9cc00d6b9d1a,1574,1,4,barchart-first-20-double-tallest-4,right,tallest,double,single,2026-03-17T22:01:59Z,barchart,first,20,double,tallest,4,TRUE,TRUE,TRUE,TRUE,study,TRUE
1030,60a2a8570a0f9cc00d6b9d1a,1922,1,5,barchart-first-22-random-tallest-5,right,tallest,random,single,2026-03-17T22:02:01Z,barchart,first,22,random,tallest,5,TRUE,TRUE,TRUE,TRUE,study,TRUE
1031,60a2a8570a0f9cc00d6b9d1a,1628,1,6,barchart-first-15-same-tallest-6,right,tallest,same,single,2026-03-17T22:02:03Z,barchart,first,15,same,tallest,6,TRUE,TRUE,TRUE,TRUE,study,TRUE
1032,60a2a8570a0f9cc00d6b9d1a,1310,1,7,barchart-first-29-double-tallest-7,left,tallest,double,single,2026-03-17T22:02:05Z,barchart,first,29,double,tallest,7,TRUE,TRUE,TRUE,TRUE,study,TRUE
1033,60a2a8570a0f9cc00d6b9d1a,848,1,8,barchart-first-02-random-tallest-8,left,tallest,random,single,2026-03-17T22:02:07Z,barchart,first,2,random,tallest,8,TRUE,TRUE,TRUE,TRUE,study,TRUE
1034,60a2a8570a0f9cc00d6b9d1a,954,1,9,barchart-first-30-same-tallest-9,right,tallest,same,single,2026-03-17T22:02:08Z,barchart,first,30,same,tallest,9,TRUE,TRUE,TRUE,TRUE,study,TRUE
1035,60a2a8570a0f9cc00d6b9d1a,872,1,10,barchart-first-10-same-tallest-10,right,tallest,same,single,2026-03-17T22:02:10Z,barchart,first,10,same,tallest,10,TRUE,TRUE,TRUE,TRUE,study,TRUE
1036,60a2a8570a0f9cc00d6b9d1a,2138,1,11,barchart-first-14-same-tallest-11,left,tallest,same,single,2026-03-17T22:02:13Z,barchart,first,14,same,tallest,11,TRUE,TRUE,TRUE,TRUE,study,TRUE
1037,60a2a8570a0f9cc00d6b9d1a,1179,1,12,barchart-first-28-random-tallest-12,right,tallest,random,single,2026-03-17T22:02:14Z,barchart,first,28,random,tallest,12,TRUE,TRUE,TRUE,TRUE,study,TRUE
1038,60a2a8570a0f9cc00d6b9d1a,1259,1,13,barchart-first-14-random-tallest-13,left,tallest,random,single,2026-03-17T22:02:16Z,barchart,first,14,random,tallest,13,TRUE,TRUE,TRUE,TRUE,study,TRUE
1039,60a2a8570a0f9cc00d6b9d1a,1040,1,14,barchart-first-00-random-tallest-14,right,tallest,random,single,2026-03-17T22:02:18Z,barchart,first,0,random,tallest,14,TRUE,TRUE,TRUE,TRUE,study,TRUE
1040,60a2a8570a0f9cc00d6b9d1a,1269,1,15,barchart-first-22-same-tallest-15,right,tallest,same,single,2026-03-17T22:02:20Z,barchart,first,22,same,tallest,15,TRUE,TRUE,TRUE,TRUE,study,TRUE
1041,60a2a8570a0f9cc00d6b9d1a,1133,1,16,barchart-first-09-random-tallest-16,left,tallest,random,single,2026-03-17T22:02:22Z,barchart,first,9,random,tallest,16,TRUE,TRUE,TRUE,TRUE,study,TRUE
1042,60a2a8570a0f9cc00d6b9d1a,1768,1,17,barchart-first-11-double-tallest-17,left,tallest,double,single,2026-03-17T22:02:25Z,barchart,first,11,double,tallest,17,TRUE,TRUE,TRUE,TRUE,study,TRUE
1043,60a2a8570a0f9cc00d6b9d1a,751,1,18,barchart-first-00-double-tallest-18,right,tallest,double,single,2026-03-17T22:02:26Z,barchart,first,0,double,tallest,18,TRUE,TRUE,TRUE,TRUE,study,TRUE
1044,60a2a8570a0f9cc00d6b9d1a,931,1,19,barchart-first-12-double-tallest-19,right,tallest,double,single,2026-03-17T22:02:28Z,barchart,first,12,double,tallest,19,TRUE,TRUE,TRUE,TRUE,study,TRUE
1045,60a2a8570a0f9cc00d6b9d1a,1332,1,20,barchart-first-03-double-tallest-20,left,tallest,double,single,2026-03-17T22:02:30Z,barchart,first,3,double,tallest,20,TRUE,TRUE,TRUE,TRUE,study,TRUE
1046,60a2a8570a0f9cc00d6b9d1a,1602,1,21,barchart-first-25-same-tallest-21,right,tallest,same,single,2026-03-17T22:02:32Z,barchart,first,25,same,tallest,21,TRUE,TRUE,TRUE,TRUE,study,TRUE
1047,60a2a8570a0f9cc00d6b9d1a,1108,1,22,barchart-first-06-random-tallest-22,right,tallest,random,single,2026-03-17T22:02:34Z,barchart,first,6,random,tallest,22,TRUE,TRUE,TRUE,TRUE,study,TRUE
1048,60a2a8570a0f9cc00d6b9d1a,933,1,23,barchart-first-19-double-tallest-23,right,tallest,double,single,2026-03-17T22:02:36Z,barchart,first,19,double,tallest,23,TRUE,TRUE,TRUE,TRUE,study,TRUE
1049,60a2a8570a0f9cc00d6b9d1a,1068,1,24,barchart-first-26-double-tallest-24,left,tallest,double,single,2026-03-17T22:02:43Z,barchart,first,26,double,tallest,24,TRUE,TRUE,TRUE,TRUE,study,TRUE
1050,60a2a8570a0f9cc00d6b9d1a,861,1,25,barchart-first-10-random-tallest-25,right,tallest,random,single,2026-03-17T22:02:44Z,barchart,first,10,random,tallest,25,TRUE,TRUE,TRUE,TRUE,study,TRUE
1051,60a2a8570a0f9cc00d6b9d1a,831,1,26,barchart-first-18-random-tallest-26,left,tallest,random,single,2026-03-17T22:02:46Z,barchart,first,18,random,tallest,26,TRUE,TRUE,TRUE,TRUE,study,TRUE
1052,60a2a8570a0f9cc00d6b9d1a,1580,1,27,barchart-first-04-random-tallest-27,left,tallest,random,single,2026-03-17T22:02:48Z,barchart,first,4,random,tallest,27,TRUE,TRUE,TRUE,TRUE,study,TRUE
1053,60a2a8570a0f9cc00d6b9d1a,1915,1,28,barchart-first-02-same-tallest-28,left,tallest,same,single,2026-03-17T22:02:51Z,barchart,first,2,same,tallest,28,TRUE,TRUE,TRUE,TRUE,study,TRUE
1054,60a2a8570a0f9cc00d6b9d1a,880,1,29,barchart-first-31-double-tallest-29,right,tallest,double,single,2026-03-17T22:02:53Z,barchart,first,31,double,tallest,29,TRUE,TRUE,TRUE,TRUE,study,TRUE
1055,60a2a8570a0f9cc00d6b9d1a,1058,1,30,barchart-first-14-double-tallest-30,left,tallest,double,single,2026-03-17T22:02:54Z,barchart,first,14,double,tallest,30,TRUE,TRUE,TRUE,TRUE,study,TRUE
1056,60a2a8570a0f9cc00d6b9d1a,759,1,31,barchart-first-12-same-tallest-31,right,tallest,same,single,2026-03-17T22:02:56Z,barchart,first,12,same,tallest,31,TRUE,TRUE,TRUE,TRUE,study,TRUE
1057,60a2a8570a0f9cc00d6b9d1a,854,1,32,barchart-first-08-double-tallest-32,left,tallest,double,single,2026-03-17T22:02:58Z,barchart,first,8,double,tallest,32,TRUE,TRUE,TRUE,TRUE,study,TRUE
1058,60a2a8570a0f9cc00d6b9d1a,1153,1,33,barchart-first-21-random-tallest-33,left,tallest,random,single,2026-03-17T22:02:59Z,barchart,first,21,random,tallest,33,TRUE,TRUE,TRUE,TRUE,study,TRUE
1059,60a2a8570a0f9cc00d6b9d1a,1151,1,34,barchart-first-04-double-tallest-34,left,tallest,double,single,2026-03-17T22:03:01Z,barchart,first,4,double,tallest,34,TRUE,TRUE,TRUE,TRUE,study,TRUE
1060,60a2a8570a0f9cc00d6b9d1a,1047,1,35,barchart-first-23-double-tallest-35,right,tallest,double,single,2026-03-17T22:03:03Z,barchart,first,23,double,tallest,35,TRUE,TRUE,TRUE,TRUE,study,TRUE
1061,60a2a8570a0f9cc00d6b9d1a,1060,1,36,barchart-first-03-random-tallest-36,left,tallest,random,single,2026-03-17T22:03:05Z,barchart,first,3,random,tallest,36,TRUE,TRUE,TRUE,TRUE,study,TRUE
1062,60a2a8570a0f9cc00d6b9d1a,1363,1,37,barchart-first-11-same-tallest-37,left,tallest,same,single,2026-03-17T22:03:07Z,barchart,first,11,same,tallest,37,TRUE,TRUE,TRUE,TRUE,study,TRUE
1063,60a2a8570a0f9cc00d6b9d1a,772,1,38,barchart-first-07-random-tallest-38,left,tallest,random,single,2026-03-17T22:03:08Z,barchart,first,7,random,tallest,38,TRUE,TRUE,TRUE,TRUE,study,TRUE
1064,60a2a8570a0f9cc00d6b9d1a,871,1,39,barchart-first-07-same-tallest-39,left,tallest,same,single,2026-03-17T22:03:10Z,barchart,first,7,same,tallest,39,TRUE,TRUE,TRUE,TRUE,study,TRUE
1065,60a2a8570a0f9cc00d6b9d1a,1595,1,40,barchart-first-04-same-tallest-40,left,tallest,same,single,2026-03-17T22:03:12Z,barchart,first,4,same,tallest,40,TRUE,TRUE,TRUE,TRUE,study,TRUE
1066,60a2a8570a0f9cc00d6b9d1a,1924,1,41,barchart-first-16-double-tallest-41,left,tallest,double,single,2026-03-17T22:03:15Z,barchart,first,16,double,tallest,41,TRUE,TRUE,TRUE,TRUE,study,TRUE
1067,60a2a8570a0f9cc00d6b9d1a,1104,1,42,barchart-first-06-double-tallest-42,right,tallest,double,single,2026-03-17T22:03:16Z,barchart,first,6,double,tallest,42,TRUE,TRUE,TRUE,TRUE,study,TRUE
1068,60a2a8570a0f9cc00d6b9d1a,900,1,43,barchart-first-26-same-tallest-43,left,tallest,same,single,2026-03-17T22:03:18Z,barchart,first,26,same,tallest,43,TRUE,TRUE,TRUE,TRUE,study,TRUE
1069,60a2a8570a0f9cc00d6b9d1a,1085,1,44,barchart-first-13-same-tallest-44,left,tallest,same,single,2026-03-17T22:03:19Z,barchart,first,13,same,tallest,44,TRUE,TRUE,TRUE,TRUE,study,TRUE
1070,60a2a8570a0f9cc00d6b9d1a,1093,1,45,barchart-first-05-same-tallest-45,right,tallest,same,single,2026-03-17T22:03:21Z,barchart,first,5,same,tallest,45,TRUE,TRUE,TRUE,TRUE,study,TRUE
1071,60a2a8570a0f9cc00d6b9d1a,1446,1,46,barchart-first-01-same-tallest-46,left,tallest,same,single,2026-03-17T22:03:23Z,barchart,first,1,same,tallest,46,TRUE,TRUE,TRUE,TRUE,study,TRUE
1072,60a2a8570a0f9cc00d6b9d1a,937,1,47,barchart-first-20-random-tallest-47,right,tallest,random,single,2026-03-17T22:03:25Z,barchart,first,20,random,tallest,47,TRUE,TRUE,TRUE,TRUE,study,TRUE
1073,60a2a8570a0f9cc00d6b9d1a,3383,1,48,barchart-second-27-same-shortest-0,right,shortest,same,single,2026-03-17T22:03:35Z,barchart,second,27,same,shortest,0,TRUE,TRUE,TRUE,TRUE,study,TRUE
1074,60a2a8570a0f9cc00d6b9d1a,1272,1,49,barchart-second-29-random-shortest-1,left,shortest,random,single,2026-03-17T22:03:37Z,barchart,second,29,random,shortest,1,TRUE,TRUE,TRUE,TRUE,study,TRUE
1075,60a2a8570a0f9cc00d6b9d1a,1763,1,50,barchart-second-06-same-shortest-2,left,shortest,same,single,2026-03-17T22:03:40Z,barchart,second,6,same,shortest,2,TRUE,TRUE,TRUE,TRUE,study,TRUE
1076,60a2a8570a0f9cc00d6b9d1a,1424,1,51,barchart-second-29-same-shortest-3,left,shortest,same,single,2026-03-17T22:03:42Z,barchart,second,29,same,shortest,3,TRUE,TRUE,TRUE,TRUE,study,TRUE
1077,60a2a8570a0f9cc00d6b9d1a,1181,1,52,barchart-second-00-same-shortest-4,left,shortest,same,single,2026-03-17T22:03:44Z,barchart,second,0,same,shortest,4,TRUE,TRUE,TRUE,TRUE,study,TRUE
1078,60a2a8570a0f9cc00d6b9d1a,1361,1,53,barchart-second-21-same-shortest-5,left,shortest,same,single,2026-03-17T22:03:46Z,barchart,second,21,same,shortest,5,TRUE,TRUE,TRUE,TRUE,study,TRUE
1079,60a2a8570a0f9cc00d6b9d1a,1967,1,54,barchart-second-28-same-shortest-6,right,shortest,same,single,2026-03-17T22:03:48Z,barchart,second,28,same,shortest,6,TRUE,TRUE,TRUE,TRUE,study,TRUE
1080,60a2a8570a0f9cc00d6b9d1a,1278,1,55,barchart-second-30-random-shortest-7,left,shortest,random,single,2026-03-17T22:03:50Z,barchart,second,30,random,shortest,7,TRUE,TRUE,TRUE,TRUE,study,TRUE
1081,60a2a8570a0f9cc00d6b9d1a,1570,1,56,barchart-second-23-random-shortest-8,right,shortest,random,single,2026-03-17T22:03:53Z,barchart,second,23,random,shortest,8,TRUE,TRUE,TRUE,TRUE,study,TRUE
1082,60a2a8570a0f9cc00d6b9d1a,1783,1,57,barchart-second-02-double-shortest-9,right,shortest,double,single,2026-03-17T22:03:56Z,barchart,second,2,double,shortest,9,TRUE,TRUE,TRUE,TRUE,study,TRUE
1083,60a2a8570a0f9cc00d6b9d1a,1276,1,58,barchart-second-19-random-shortest-10,left,shortest,random,single,2026-03-17T22:03:58Z,barchart,second,19,random,shortest,10,TRUE,TRUE,TRUE,TRUE,study,TRUE
1084,60a2a8570a0f9cc00d6b9d1a,2127,1,59,barchart-second-15-random-shortest-11,right,shortest,random,single,2026-03-17T22:04:00Z,barchart,second,15,random,shortest,11,TRUE,TRUE,TRUE,TRUE,study,TRUE
1085,60a2a8570a0f9cc00d6b9d1a,1515,1,60,barchart-second-07-double-shortest-12,left,shortest,double,single,2026-03-17T22:04:03Z,barchart,second,7,double,shortest,12,TRUE,TRUE,TRUE,TRUE,study,TRUE
1086,60a2a8570a0f9cc00d6b9d1a,1183,1,61,barchart-second-09-double-shortest-13,left,shortest,double,single,2026-03-17T22:04:04Z,barchart,second,9,double,shortest,13,TRUE,TRUE,TRUE,TRUE,study,TRUE
1087,60a2a8570a0f9cc00d6b9d1a,2421,1,62,barchart-second-24-same-shortest-14,left,shortest,same,single,2026-03-17T22:04:08Z,barchart,second,24,same,shortest,14,TRUE,TRUE,TRUE,TRUE,study,TRUE
1088,60a2a8570a0f9cc00d6b9d1a,2852,1,63,barchart-second-17-random-shortest-15,right,shortest,random,single,2026-03-17T22:04:11Z,barchart,second,17,random,shortest,15,TRUE,TRUE,TRUE,TRUE,study,TRUE
1089,60a2a8570a0f9cc00d6b9d1a,2272,1,64,barchart-second-11-random-shortest-16,right,shortest,random,single,2026-03-17T22:04:14Z,barchart,second,11,random,shortest,16,TRUE,TRUE,TRUE,TRUE,study,TRUE
1090,60a2a8570a0f9cc00d6b9d1a,2297,1,65,barchart-second-24-double-shortest-17,left,shortest,double,single,2026-03-17T22:04:17Z,barchart,second,24,double,shortest,17,TRUE,TRUE,TRUE,TRUE,study,TRUE
1091,60a2a8570a0f9cc00d6b9d1a,2649,1,66,barchart-second-31-same-shortest-18,right,shortest,same,single,2026-03-17T22:04:21Z,barchart,second,31,same,shortest,18,TRUE,TRUE,TRUE,TRUE,study,TRUE
1092,60a2a8570a0f9cc00d6b9d1a,1782,1,67,barchart-second-31-random-shortest-19,right,shortest,random,single,2026-03-17T22:04:23Z,barchart,second,31,random,shortest,19,TRUE,TRUE,TRUE,TRUE,study,TRUE
1093,60a2a8570a0f9cc00d6b9d1a,1452,1,68,barchart-second-17-same-shortest-20,right,shortest,same,single,2026-03-17T22:04:26Z,barchart,second,17,same,shortest,20,TRUE,TRUE,TRUE,TRUE,study,TRUE
1094,60a2a8570a0f9cc00d6b9d1a,1555,1,69,barchart-second-09-same-shortest-21,left,shortest,same,single,2026-03-17T22:04:28Z,barchart,second,9,same,shortest,21,TRUE,TRUE,TRUE,TRUE,study,TRUE
1095,60a2a8570a0f9cc00d6b9d1a,1596,1,70,barchart-second-01-double-shortest-22,right,shortest,double,single,2026-03-17T22:04:30Z,barchart,second,1,double,shortest,22,TRUE,TRUE,TRUE,TRUE,study,TRUE
1096,60a2a8570a0f9cc00d6b9d1a,1846,1,71,barchart-second-25-double-shortest-23,right,shortest,double,single,2026-03-17T22:04:33Z,barchart,second,25,double,shortest,23,TRUE,TRUE,TRUE,TRUE,study,TRUE
1097,60a2a8570a0f9cc00d6b9d1a,2054,1,72,barchart-second-08-random-shortest-24,left,shortest,random,single,2026-03-17T22:04:38Z,barchart,second,8,random,shortest,24,TRUE,TRUE,TRUE,TRUE,study,TRUE
1098,60a2a8570a0f9cc00d6b9d1a,1956,1,73,barchart-second-18-double-shortest-25,right,shortest,double,single,2026-03-17T22:04:40Z,barchart,second,18,double,shortest,25,TRUE,TRUE,TRUE,TRUE,study,TRUE
1099,60a2a8570a0f9cc00d6b9d1a,1195,1,74,barchart-second-05-double-shortest-26,left,shortest,double,single,2026-03-17T22:04:42Z,barchart,second,5,double,shortest,26,TRUE,TRUE,TRUE,TRUE,study,TRUE
1100,60a2a8570a0f9cc00d6b9d1a,1407,1,75,barchart-second-01-random-shortest-27,right,shortest,random,single,2026-03-17T22:04:45Z,barchart,second,1,random,shortest,27,TRUE,TRUE,TRUE,TRUE,study,TRUE
1101,60a2a8570a0f9cc00d6b9d1a,1185,1,76,barchart-second-27-double-shortest-28,right,shortest,double,single,2026-03-17T22:04:47Z,barchart,second,27,double,shortest,28,TRUE,TRUE,TRUE,TRUE,study,TRUE
1102,60a2a8570a0f9cc00d6b9d1a,2561,1,77,barchart-second-13-random-shortest-29,left,shortest,random,single,2026-03-17T22:04:50Z,barchart,second,13,random,shortest,29,TRUE,TRUE,TRUE,TRUE,study,TRUE
1103,60a2a8570a0f9cc00d6b9d1a,2392,1,78,barchart-second-12-random-shortest-30,left,shortest,random,single,2026-03-17T22:04:53Z,barchart,second,12,random,shortest,30,TRUE,TRUE,TRUE,TRUE,study,TRUE
1104,60a2a8570a0f9cc00d6b9d1a,1356,1,79,barchart-second-26-random-shortest-31,left,shortest,random,single,2026-03-17T22:04:55Z,barchart,second,26,random,shortest,31,TRUE,TRUE,TRUE,TRUE,study,TRUE
1105,60a2a8570a0f9cc00d6b9d1a,1008,1,80,barchart-second-10-double-shortest-32,left,shortest,double,single,2026-03-17T22:04:57Z,barchart,second,10,double,shortest,32,TRUE,TRUE,TRUE,TRUE,study,TRUE
1106,60a2a8570a0f9cc00d6b9d1a,1425,1,81,barchart-second-16-same-shortest-33,right,shortest,same,single,2026-03-17T22:04:59Z,barchart,second,16,same,shortest,33,TRUE,TRUE,TRUE,TRUE,study,TRUE
1107,60a2a8570a0f9cc00d6b9d1a,1735,1,82,barchart-second-17-double-shortest-34,right,shortest,double,single,2026-03-17T22:05:01Z,barchart,second,17,double,shortest,34,TRUE,TRUE,TRUE,TRUE,study,TRUE
1108,60a2a8570a0f9cc00d6b9d1a,2004,1,83,barchart-second-16-random-shortest-35,right,shortest,random,single,2026-03-17T22:05:04Z,barchart,second,16,random,shortest,35,TRUE,TRUE,TRUE,TRUE,study,TRUE
1109,60a2a8570a0f9cc00d6b9d1a,1510,1,84,barchart-second-03-same-shortest-36,right,shortest,same,single,2026-03-17T22:05:06Z,barchart,second,3,same,shortest,36,TRUE,TRUE,TRUE,TRUE,study,TRUE
1110,60a2a8570a0f9cc00d6b9d1a,1465,1,85,barchart-second-18-same-shortest-37,right,shortest,same,single,2026-03-17T22:05:08Z,barchart,second,18,same,shortest,37,TRUE,TRUE,TRUE,TRUE,study,TRUE
1111,60a2a8570a0f9cc00d6b9d1a,1057,1,86,barchart-second-30-double-shortest-38,left,shortest,double,single,2026-03-17T22:05:10Z,barchart,second,30,double,shortest,38,TRUE,TRUE,TRUE,TRUE,study,TRUE
1112,60a2a8570a0f9cc00d6b9d1a,1410,1,87,barchart-second-28-double-shortest-39,right,shortest,double,single,2026-03-17T22:05:12Z,barchart,second,28,double,shortest,39,TRUE,TRUE,TRUE,TRUE,study,TRUE
1113,60a2a8570a0f9cc00d6b9d1a,1314,1,88,barchart-second-05-random-shortest-40,left,shortest,random,single,2026-03-17T22:05:14Z,barchart,second,5,random,shortest,40,TRUE,TRUE,TRUE,TRUE,study,TRUE
1114,60a2a8570a0f9cc00d6b9d1a,1466,1,89,barchart-second-13-double-shortest-41,left,shortest,double,single,2026-03-17T22:05:16Z,barchart,second,13,double,shortest,41,TRUE,TRUE,TRUE,TRUE,study,TRUE
1115,60a2a8570a0f9cc00d6b9d1a,1115,1,90,barchart-second-21-double-shortest-42,left,shortest,double,single,2026-03-17T22:05:18Z,barchart,second,21,double,shortest,42,TRUE,TRUE,TRUE,TRUE,study,TRUE
1116,60a2a8570a0f9cc00d6b9d1a,1344,1,91,barchart-second-08-same-shortest-43,left,shortest,same,single,2026-03-17T22:05:20Z,barchart,second,8,same,shortest,43,TRUE,TRUE,TRUE,TRUE,study,TRUE
1117,60a2a8570a0f9cc00d6b9d1a,1964,1,92,barchart-second-15-double-shortest-44,right,shortest,double,single,2026-03-17T22:05:23Z,barchart,second,15,double,shortest,44,TRUE,TRUE,TRUE,TRUE,study,TRUE
1118,60a2a8570a0f9cc00d6b9d1a,1214,1,93,barchart-second-23-same-shortest-45,right,shortest,same,single,2026-03-17T22:05:25Z,barchart,second,23,same,shortest,45,TRUE,TRUE,TRUE,TRUE,study,TRUE
1119,60a2a8570a0f9cc00d6b9d1a,1268,1,94,barchart-second-19-same-shortest-46,left,shortest,same,single,2026-03-17T22:05:27Z,barchart,second,19,same,shortest,46,TRUE,TRUE,TRUE,TRUE,study,TRUE
1120,60a2a8570a0f9cc00d6b9d1a,2390,1,95,barchart-second-25-random-shortest-47,right,shortest,random,single,2026-03-17T22:05:30Z,barchart,second,25,random,shortest,47,TRUE,TRUE,TRUE,TRUE,study,TRUE
1510,63767a851344bd887e00249e,2920,1,0,barchart-first-29-same-shortest-0,left,shortest,same,dual,2026-03-18T15:04:23Z,barchart,first,29,same,shortest,0,TRUE,TRUE,TRUE,TRUE,study,TRUE
1511,63767a851344bd887e00249e,1875,1,1,barchart-first-18-same-shortest-1,right,shortest,same,dual,2026-03-18T15:04:27Z,barchart,first,18,same,shortest,1,TRUE,TRUE,TRUE,TRUE,study,TRUE
1512,63767a851344bd887e00249e,1605,1,2,barchart-first-21-random-shortest-2,left,shortest,random,dual,2026-03-18T15:04:30Z,barchart,first,21,random,shortest,2,TRUE,TRUE,TRUE,TRUE,study,TRUE
1513,63767a851344bd887e00249e,4048,1,3,barchart-first-08-random-shortest-3,left,shortest,random,dual,2026-03-18T15:04:36Z,barchart,first,8,random,shortest,3,TRUE,TRUE,TRUE,TRUE,study,TRUE
1514,63767a851344bd887e00249e,2288,1,4,barchart-first-23-double-shortest-4,right,shortest,double,dual,2026-03-18T15:04:40Z,barchart,first,23,double,shortest,4,TRUE,TRUE,TRUE,TRUE,study,TRUE
1515,63767a851344bd887e00249e,4125,1,5,barchart-first-11-same-shortest-5,right,shortest,same,dual,2026-03-18T15:04:48Z,barchart,first,11,same,shortest,5,TRUE,TRUE,TRUE,TRUE,study,TRUE
1516,63767a851344bd887e00249e,4352,1,6,barchart-first-09-same-shortest-6,left,shortest,same,dual,2026-03-18T15:04:54Z,barchart,first,9,same,shortest,6,TRUE,TRUE,TRUE,TRUE,study,TRUE
1517,63767a851344bd887e00249e,1804,1,7,barchart-first-26-random-shortest-7,left,shortest,random,dual,2026-03-18T15:04:58Z,barchart,first,26,random,shortest,7,TRUE,TRUE,TRUE,TRUE,study,TRUE
1518,63767a851344bd887e00249e,2152,1,8,barchart-first-12-same-shortest-8,left,shortest,same,dual,2026-03-18T15:05:02Z,barchart,first,12,same,shortest,8,TRUE,TRUE,TRUE,TRUE,study,TRUE
1519,63767a851344bd887e00249e,3012,1,9,barchart-first-02-random-shortest-9,right,shortest,random,dual,2026-03-18T15:05:08Z,barchart,first,2,random,shortest,9,TRUE,TRUE,TRUE,TRUE,study,TRUE
1520,63767a851344bd887e00249e,4275,1,10,barchart-first-25-double-shortest-10,right,shortest,double,dual,2026-03-18T15:05:15Z,barchart,first,25,double,shortest,10,TRUE,TRUE,TRUE,TRUE,study,TRUE
1521,63767a851344bd887e00249e,1605,1,11,barchart-first-14-same-shortest-11,left,shortest,same,dual,2026-03-18T15:05:18Z,barchart,first,14,same,shortest,11,TRUE,TRUE,TRUE,TRUE,study,TRUE
1522,63767a851344bd887e00249e,2211,1,12,barchart-first-01-double-shortest-12,right,shortest,double,dual,2026-03-18T15:05:23Z,barchart,first,1,double,shortest,12,TRUE,TRUE,TRUE,TRUE,study,TRUE
1523,63767a851344bd887e00249e,2760,1,13,barchart-first-04-same-shortest-13,right,shortest,same,dual,2026-03-18T15:05:29Z,barchart,first,4,same,shortest,13,TRUE,TRUE,TRUE,TRUE,study,TRUE
1524,63767a851344bd887e00249e,1353,1,14,barchart-first-03-double-shortest-14,right,shortest,double,dual,2026-03-18T15:05:32Z,barchart,first,3,double,shortest,14,TRUE,TRUE,TRUE,TRUE,study,TRUE
1525,63767a851344bd887e00249e,5458,0,15,barchart-first-14-random-shortest-15,right,shortest,random,dual,2026-03-18T15:05:39Z,barchart,first,14,random,shortest,15,TRUE,TRUE,TRUE,TRUE,study,TRUE
1526,63767a851344bd887e00249e,2081,1,16,barchart-first-15-random-shortest-16,right,shortest,random,dual,2026-03-18T15:05:44Z,barchart,first,15,random,shortest,16,TRUE,TRUE,TRUE,TRUE,study,TRUE
1527,63767a851344bd887e00249e,1965,1,17,barchart-first-18-double-shortest-17,right,shortest,double,dual,2026-03-18T15:05:47Z,barchart,first,18,double,shortest,17,TRUE,TRUE,TRUE,TRUE,study,TRUE
1528,63767a851344bd887e00249e,2403,1,18,barchart-first-06-double-shortest-18,left,shortest,double,dual,2026-03-18T15:05:51Z,barchart,first,6,double,shortest,18,TRUE,TRUE,TRUE,TRUE,study,TRUE
1529,63767a851344bd887e00249e,3241,1,19,barchart-first-31-double-shortest-19,right,shortest,double,dual,2026-03-18T15:05:56Z,barchart,first,31,double,shortest,19,TRUE,TRUE,TRUE,TRUE,study,TRUE
1530,63767a851344bd887e00249e,4211,1,20,barchart-first-25-same-shortest-20,right,shortest,same,dual,2026-03-18T15:06:03Z,barchart,first,25,same,shortest,20,TRUE,TRUE,TRUE,TRUE,study,TRUE
1531,63767a851344bd887e00249e,1963,1,21,barchart-first-25-random-shortest-21,right,shortest,random,dual,2026-03-18T15:06:07Z,barchart,first,25,random,shortest,21,TRUE,TRUE,TRUE,TRUE,study,TRUE
1532,63767a851344bd887e00249e,1407,1,22,barchart-first-16-random-shortest-22,right,shortest,random,dual,2026-03-18T15:06:10Z,barchart,first,16,random,shortest,22,TRUE,TRUE,TRUE,TRUE,study,TRUE
1533,63767a851344bd887e00249e,1582,1,23,barchart-first-10-random-shortest-23,left,shortest,random,dual,2026-03-18T15:06:14Z,barchart,first,10,random,shortest,23,TRUE,TRUE,TRUE,TRUE,study,TRUE
1534,63767a851344bd887e00249e,3169,1,24,barchart-first-06-same-shortest-24,left,shortest,same,dual,2026-03-18T15:07:09Z,barchart,first,6,same,shortest,24,TRUE,TRUE,TRUE,TRUE,study,TRUE
1535,63767a851344bd887e00249e,1950,1,25,barchart-first-00-double-shortest-25,left,shortest,double,dual,2026-03-18T15:07:13Z,barchart,first,0,double,shortest,25,TRUE,TRUE,TRUE,TRUE,study,TRUE
1536,63767a851344bd887e00249e,1678,1,26,barchart-first-08-double-shortest-26,left,shortest,double,dual,2026-03-18T15:07:16Z,barchart,first,8,double,shortest,26,TRUE,TRUE,TRUE,TRUE,study,TRUE
1537,63767a851344bd887e00249e,1576,1,27,barchart-first-30-double-shortest-27,left,shortest,double,dual,2026-03-18T15:07:19Z,barchart,first,30,double,shortest,27,TRUE,TRUE,TRUE,TRUE,study,TRUE
1538,63767a851344bd887e00249e,2431,1,28,barchart-first-12-random-shortest-28,left,shortest,random,dual,2026-03-18T15:07:23Z,barchart,first,12,random,shortest,28,TRUE,TRUE,TRUE,TRUE,study,TRUE
1539,63767a851344bd887e00249e,4114,1,29,barchart-first-27-same-shortest-29,right,shortest,same,dual,2026-03-18T15:07:29Z,barchart,first,27,same,shortest,29,TRUE,TRUE,TRUE,TRUE,study,TRUE
1540,63767a851344bd887e00249e,3049,0,30,barchart-first-07-double-shortest-30,right,shortest,double,dual,2026-03-18T15:07:34Z,barchart,first,7,double,shortest,30,TRUE,TRUE,TRUE,TRUE,study,TRUE
1541,63767a851344bd887e00249e,1834,1,31,barchart-first-31-same-shortest-31,right,shortest,same,dual,2026-03-18T15:07:39Z,barchart,first,31,same,shortest,31,TRUE,TRUE,TRUE,TRUE,study,TRUE
1542,63767a851344bd887e00249e,1893,1,32,barchart-first-20-random-shortest-32,right,shortest,random,dual,2026-03-18T15:07:43Z,barchart,first,20,random,shortest,32,TRUE,TRUE,TRUE,TRUE,study,TRUE
1543,63767a851344bd887e00249e,1503,1,33,barchart-first-23-same-shortest-33,right,shortest,same,dual,2026-03-18T15:07:46Z,barchart,first,23,same,shortest,33,TRUE,TRUE,TRUE,TRUE,study,TRUE
1544,63767a851344bd887e00249e,1893,1,34,barchart-first-23-random-shortest-34,right,shortest,random,dual,2026-03-18T15:07:49Z,barchart,first,23,random,shortest,34,TRUE,TRUE,TRUE,TRUE,study,TRUE
1545,63767a851344bd887e00249e,1752,1,35,barchart-first-11-random-shortest-35,right,shortest,random,dual,2026-03-18T15:07:53Z,barchart,first,11,random,shortest,35,TRUE,TRUE,TRUE,TRUE,study,TRUE
1546,63767a851344bd887e00249e,1473,1,36,barchart-first-05-same-shortest-36,left,shortest,same,dual,2026-03-18T15:07:57Z,barchart,first,5,same,shortest,36,TRUE,TRUE,TRUE,TRUE,study,TRUE
1547,63767a851344bd887e00249e,2521,1,37,barchart-first-22-double-shortest-37,right,shortest,double,dual,2026-03-18T15:08:01Z,barchart,first,22,double,shortest,37,TRUE,TRUE,TRUE,TRUE,study,TRUE
1548,63767a851344bd887e00249e,3443,1,38,barchart-first-30-same-shortest-38,left,shortest,same,dual,2026-03-18T15:08:08Z,barchart,first,30,same,shortest,38,TRUE,TRUE,TRUE,TRUE,study,TRUE
1549,63767a851344bd887e00249e,1437,1,39,barchart-first-19-double-shortest-39,left,shortest,double,dual,2026-03-18T15:08:11Z,barchart,first,19,double,shortest,39,TRUE,TRUE,TRUE,TRUE,study,TRUE
1550,63767a851344bd887e00249e,1271,1,40,barchart-first-18-random-shortest-40,right,shortest,random,dual,2026-03-18T15:08:14Z,barchart,first,18,random,shortest,40,TRUE,TRUE,TRUE,TRUE,study,TRUE
1551,63767a851344bd887e00249e,1722,1,41,barchart-first-11-double-shortest-41,right,shortest,double,dual,2026-03-18T15:08:18Z,barchart,first,11,double,shortest,41,TRUE,TRUE,TRUE,TRUE,study,TRUE
1552,63767a851344bd887e00249e,1859,1,42,barchart-first-06-random-shortest-42,left,shortest,random,dual,2026-03-18T15:08:22Z,barchart,first,6,random,shortest,42,TRUE,TRUE,TRUE,TRUE,study,TRUE
1553,63767a851344bd887e00249e,1881,1,43,barchart-first-01-same-shortest-43,right,shortest,same,dual,2026-03-18T15:08:25Z,barchart,first,1,same,shortest,43,TRUE,TRUE,TRUE,TRUE,study,TRUE
1554,63767a851344bd887e00249e,1427,1,44,barchart-first-21-double-shortest-44,left,shortest,double,dual,2026-03-18T15:08:28Z,barchart,first,21,double,shortest,44,TRUE,TRUE,TRUE,TRUE,study,TRUE
1555,63767a851344bd887e00249e,1552,1,45,barchart-first-21-same-shortest-45,left,shortest,same,dual,2026-03-18T15:08:32Z,barchart,first,21,same,shortest,45,TRUE,TRUE,TRUE,TRUE,study,TRUE
1556,63767a851344bd887e00249e,1332,1,46,barchart-first-29-double-shortest-46,left,shortest,double,dual,2026-03-18T15:08:35Z,barchart,first,29,double,shortest,46,TRUE,TRUE,TRUE,TRUE,study,TRUE
1557,63767a851344bd887e00249e,6769,1,47,barchart-first-24-random-shortest-47,left,shortest,random,dual,2026-03-18T15:08:43Z,barchart,first,24,random,shortest,47,TRUE,TRUE,TRUE,TRUE,study,TRUE
1558,63767a851344bd887e00249e,1663,1,48,barchart-second-28-random-tallest-0,right,tallest,random,dual,2026-03-18T15:09:18Z,barchart,second,28,random,tallest,0,TRUE,TRUE,TRUE,TRUE,study,TRUE
1559,63767a851344bd887e00249e,1882,1,49,barchart-second-16-same-tallest-1,left,tallest,same,dual,2026-03-18T15:09:22Z,barchart,second,16,same,tallest,1,TRUE,TRUE,TRUE,TRUE,study,TRUE
1560,63767a851344bd887e00249e,1323,1,50,barchart-second-22-same-tallest-2,right,tallest,same,dual,2026-03-18T15:09:25Z,barchart,second,22,same,tallest,2,TRUE,TRUE,TRUE,TRUE,study,TRUE
1561,63767a851344bd887e00249e,1697,1,51,barchart-second-10-double-tallest-3,right,tallest,double,dual,2026-03-18T15:09:29Z,barchart,second,10,double,tallest,3,TRUE,TRUE,TRUE,TRUE,study,TRUE
1562,63767a851344bd887e00249e,2080,1,52,barchart-second-27-double-tallest-4,right,tallest,double,dual,2026-03-18T15:09:33Z,barchart,second,27,double,tallest,4,TRUE,TRUE,TRUE,TRUE,study,TRUE
1564,63767a851344bd887e00249e,1261,1,53,barchart-second-24-same-tallest-5,right,tallest,same,dual,2026-03-18T15:09:35Z,barchart,second,24,same,tallest,5,TRUE,TRUE,TRUE,TRUE,study,TRUE
1567,63767a851344bd887e00249e,1964,1,54,barchart-second-28-same-tallest-6,right,tallest,same,dual,2026-03-18T15:09:40Z,barchart,second,28,same,tallest,6,TRUE,TRUE,TRUE,TRUE,study,TRUE
1569,63767a851344bd887e00249e,1117,1,55,barchart-second-09-random-tallest-7,left,tallest,random,dual,2026-03-18T15:09:43Z,barchart,second,9,random,tallest,7,TRUE,TRUE,TRUE,TRUE,study,TRUE
1571,63767a851344bd887e00249e,2535,1,56,barchart-second-26-double-tallest-8,left,tallest,double,dual,2026-03-18T15:09:47Z,barchart,second,26,double,tallest,8,TRUE,TRUE,TRUE,TRUE,study,TRUE
1575,63767a851344bd887e00249e,1667,1,57,barchart-second-27-random-tallest-9,right,tallest,random,dual,2026-03-18T15:09:50Z,barchart,second,27,random,tallest,9,TRUE,TRUE,TRUE,TRUE,study,TRUE
1577,63767a851344bd887e00249e,1110,1,58,barchart-second-02-double-tallest-10,left,tallest,double,dual,2026-03-18T15:09:53Z,barchart,second,2,double,tallest,10,TRUE,TRUE,TRUE,TRUE,study,TRUE
1578,63767a851344bd887e00249e,1054,1,59,barchart-second-26-same-tallest-11,left,tallest,same,dual,2026-03-18T15:09:56Z,barchart,second,26,same,tallest,11,TRUE,TRUE,TRUE,TRUE,study,TRUE
1582,63767a851344bd887e00249e,1312,1,60,barchart-second-16-double-tallest-12,left,tallest,double,dual,2026-03-18T15:10:00Z,barchart,second,16,double,tallest,12,TRUE,TRUE,TRUE,TRUE,study,TRUE
1584,63767a851344bd887e00249e,2370,1,61,barchart-second-22-random-tallest-13,right,tallest,random,dual,2026-03-18T15:10:04Z,barchart,second,22,random,tallest,13,TRUE,TRUE,TRUE,TRUE,study,TRUE
1586,63767a851344bd887e00249e,1017,1,62,barchart-second-04-random-tallest-14,left,tallest,random,dual,2026-03-18T15:10:08Z,barchart,second,4,random,tallest,14,TRUE,TRUE,TRUE,TRUE,study,TRUE
1589,63767a851344bd887e00249e,1109,1,63,barchart-second-28-double-tallest-15,right,tallest,double,dual,2026-03-18T15:10:11Z,barchart,second,28,double,tallest,15,TRUE,TRUE,TRUE,TRUE,study,TRUE
1593,63767a851344bd887e00249e,1401,1,64,barchart-second-17-random-tallest-16,left,tallest,random,dual,2026-03-18T15:10:14Z,barchart,second,17,random,tallest,16,TRUE,TRUE,TRUE,TRUE,study,TRUE
1594,63767a851344bd887e00249e,1714,1,65,barchart-second-17-double-tallest-17,left,tallest,double,dual,2026-03-18T15:10:18Z,barchart,second,17,double,tallest,17,TRUE,TRUE,TRUE,TRUE,study,TRUE
1596,63767a851344bd887e00249e,1133,1,66,barchart-second-00-same-tallest-18,right,tallest,same,dual,2026-03-18T15:10:20Z,barchart,second,0,same,tallest,18,TRUE,TRUE,TRUE,TRUE,study,TRUE
1598,63767a851344bd887e00249e,1095,1,67,barchart-second-15-double-tallest-19,right,tallest,double,dual,2026-03-18T15:10:23Z,barchart,second,15,double,tallest,19,TRUE,TRUE,TRUE,TRUE,study,TRUE
1600,63767a851344bd887e00249e,1010,1,68,barchart-second-07-same-tallest-20,left,tallest,same,dual,2026-03-18T15:10:26Z,barchart,second,7,same,tallest,20,TRUE,TRUE,TRUE,TRUE,study,TRUE
1603,63767a851344bd887e00249e,1026,1,69,barchart-second-04-double-tallest-21,left,tallest,double,dual,2026-03-18T15:10:32Z,barchart,second,4,double,tallest,21,TRUE,TRUE,TRUE,TRUE,study,TRUE
1604,63767a851344bd887e00249e,1020,1,70,barchart-second-13-random-tallest-22,left,tallest,random,dual,2026-03-18T15:10:35Z,barchart,second,13,random,tallest,22,TRUE,TRUE,TRUE,TRUE,study,TRUE
1606,63767a851344bd887e00249e,1817,1,71,barchart-second-01-random-tallest-23,left,tallest,random,dual,2026-03-18T15:10:38Z,barchart,second,1,random,tallest,23,TRUE,TRUE,TRUE,TRUE,study,TRUE
1612,63767a851344bd887e00249e,1438,1,72,barchart-second-09-double-tallest-24,left,tallest,double,dual,2026-03-18T15:10:54Z,barchart,second,9,double,tallest,24,TRUE,TRUE,TRUE,TRUE,study,TRUE
1614,63767a851344bd887e00249e,1768,1,73,barchart-second-19-random-tallest-25,right,tallest,random,dual,2026-03-18T15:10:57Z,barchart,second,19,random,tallest,25,TRUE,TRUE,TRUE,TRUE,study,TRUE
1617,63767a851344bd887e00249e,1822,1,74,barchart-second-19-same-tallest-26,right,tallest,same,dual,2026-03-18T15:11:01Z,barchart,second,19,same,tallest,26,TRUE,TRUE,TRUE,TRUE,study,TRUE
1619,63767a851344bd887e00249e,1617,1,75,barchart-second-07-random-tallest-27,left,tallest,random,dual,2026-03-18T15:11:05Z,barchart,second,7,random,tallest,27,TRUE,TRUE,TRUE,TRUE,study,TRUE
1621,63767a851344bd887e00249e,1279,1,76,barchart-second-10-same-tallest-28,right,tallest,same,dual,2026-03-18T15:11:08Z,barchart,second,10,same,tallest,28,TRUE,TRUE,TRUE,TRUE,study,TRUE
1625,63767a851344bd887e00249e,1483,1,77,barchart-second-15-same-tallest-29,right,tallest,same,dual,2026-03-18T15:11:14Z,barchart,second,15,same,tallest,29,TRUE,TRUE,TRUE,TRUE,study,TRUE
1629,63767a851344bd887e00249e,2665,1,78,barchart-second-00-random-tallest-30,right,tallest,random,dual,2026-03-18T15:11:18Z,barchart,second,0,random,tallest,30,TRUE,TRUE,TRUE,TRUE,study,TRUE
1630,63767a851344bd887e00249e,1764,1,79,barchart-second-14-double-tallest-31,left,tallest,double,dual,2026-03-18T15:11:22Z,barchart,second,14,double,tallest,31,TRUE,TRUE,TRUE,TRUE,study,TRUE
1633,63767a851344bd887e00249e,2568,1,80,barchart-second-02-same-tallest-32,left,tallest,same,dual,2026-03-18T15:11:26Z,barchart,second,2,same,tallest,32,TRUE,TRUE,TRUE,TRUE,study,TRUE
1636,63767a851344bd887e00249e,1078,1,81,barchart-second-20-double-tallest-33,right,tallest,double,dual,2026-03-18T15:11:29Z,barchart,second,20,double,tallest,33,TRUE,TRUE,TRUE,TRUE,study,TRUE
1640,63767a851344bd887e00249e,1092,1,82,barchart-second-17-same-tallest-34,left,tallest,same,dual,2026-03-18T15:11:32Z,barchart,second,17,same,tallest,34,TRUE,TRUE,TRUE,TRUE,study,TRUE
1641,63767a851344bd887e00249e,815,1,83,barchart-second-08-same-tallest-35,left,tallest,same,dual,2026-03-18T15:11:35Z,barchart,second,8,same,tallest,35,TRUE,TRUE,TRUE,TRUE,study,TRUE
1642,63767a851344bd887e00249e,1041,1,84,barchart-second-20-same-tallest-36,right,tallest,same,dual,2026-03-18T15:11:37Z,barchart,second,20,same,tallest,36,TRUE,TRUE,TRUE,TRUE,study,TRUE
1643,63767a851344bd887e00249e,1188,1,85,barchart-second-13-same-tallest-37,left,tallest,same,dual,2026-03-18T15:11:41Z,barchart,second,13,same,tallest,37,TRUE,TRUE,TRUE,TRUE,study,TRUE
1644,63767a851344bd887e00249e,992,1,86,barchart-second-03-same-tallest-38,left,tallest,same,dual,2026-03-18T15:11:44Z,barchart,second,3,same,tallest,38,TRUE,TRUE,TRUE,TRUE,study,TRUE
1645,63767a851344bd887e00249e,1028,1,87,barchart-second-05-random-tallest-39,right,tallest,random,dual,2026-03-18T15:11:48Z,barchart,second,5,random,tallest,39,TRUE,TRUE,TRUE,TRUE,study,TRUE
1647,63767a851344bd887e00249e,1220,1,88,barchart-second-12-double-tallest-40,right,tallest,double,dual,2026-03-18T15:11:50Z,barchart,second,12,double,tallest,40,TRUE,TRUE,TRUE,TRUE,study,TRUE
1649,63767a851344bd887e00249e,947,1,89,barchart-second-03-random-tallest-41,left,tallest,random,dual,2026-03-18T15:11:53Z,barchart,second,3,random,tallest,41,TRUE,TRUE,TRUE,TRUE,study,TRUE
1650,63767a851344bd887e00249e,1618,1,90,barchart-second-05-double-tallest-42,right,tallest,double,dual,2026-03-18T15:11:57Z,barchart,second,5,double,tallest,42,TRUE,TRUE,TRUE,TRUE,study,TRUE
1654,63767a851344bd887e00249e,1392,1,91,barchart-second-30-random-tallest-43,right,tallest,random,dual,2026-03-18T15:12:01Z,barchart,second,30,random,tallest,43,TRUE,TRUE,TRUE,TRUE,study,TRUE
1657,63767a851344bd887e00249e,1168,1,92,barchart-second-24-double-tallest-44,right,tallest,double,dual,2026-03-18T15:12:04Z,barchart,second,24,double,tallest,44,TRUE,TRUE,TRUE,TRUE,study,TRUE
1658,63767a851344bd887e00249e,1683,1,93,barchart-second-31-random-tallest-45,right,tallest,random,dual,2026-03-18T15:12:08Z,barchart,second,31,random,tallest,45,TRUE,TRUE,TRUE,TRUE,study,TRUE
1660,63767a851344bd887e00249e,1635,1,94,barchart-second-13-double-tallest-46,left,tallest,double,dual,2026-03-18T15:12:11Z,barchart,second,13,double,tallest,46,TRUE,TRUE,TRUE,TRUE,study,TRUE
1661,63767a851344bd887e00249e,1962,1,95,barchart-second-29-random-tallest-47,left,tallest,random,dual,2026-03-18T15:12:14Z,barchart,second,29,random,tallest,47,TRUE,TRUE,TRUE,TRUE,study,TRUE
709,63c047ef36e1348b19bb8010,4915,1,0,barchart-first-13-random-shortest-0,left,shortest,random,single,2026-03-17T21:04:42Z,barchart,first,13,random,shortest,0,TRUE,TRUE,TRUE,TRUE,study,TRUE
712,63c047ef36e1348b19bb8010,3136,1,1,barchart-first-01-random-shortest-1,right,shortest,random,single,2026-03-17T21:04:46Z,barchart,first,1,random,shortest,1,TRUE,TRUE,TRUE,TRUE,study,TRUE
714,63c047ef36e1348b19bb8010,1401,1,2,barchart-first-12-double-shortest-2,left,shortest,double,single,2026-03-17T21:04:48Z,barchart,first,12,double,shortest,2,TRUE,TRUE,TRUE,TRUE,study,TRUE
716,63c047ef36e1348b19bb8010,1590,1,3,barchart-first-31-double-shortest-3,right,shortest,double,single,2026-03-17T21:04:50Z,barchart,first,31,double,shortest,3,TRUE,TRUE,TRUE,TRUE,study,TRUE
717,63c047ef36e1348b19bb8010,1187,1,4,barchart-first-08-double-shortest-4,left,shortest,double,single,2026-03-17T21:04:52Z,barchart,first,8,double,shortest,4,TRUE,TRUE,TRUE,TRUE,study,TRUE
719,63c047ef36e1348b19bb8010,1820,1,5,barchart-first-16-random-shortest-5,right,shortest,random,single,2026-03-17T21:04:55Z,barchart,first,16,random,shortest,5,TRUE,TRUE,TRUE,TRUE,study,TRUE
721,63c047ef36e1348b19bb8010,1674,1,6,barchart-first-02-double-shortest-6,right,shortest,double,single,2026-03-17T21:04:57Z,barchart,first,2,double,shortest,6,TRUE,TRUE,TRUE,TRUE,study,TRUE
724,63c047ef36e1348b19bb8010,3378,1,7,barchart-first-22-double-shortest-7,right,shortest,double,single,2026-03-17T21:05:01Z,barchart,first,22,double,shortest,7,TRUE,TRUE,TRUE,TRUE,study,TRUE
726,63c047ef36e1348b19bb8010,1250,1,8,barchart-first-13-same-shortest-8,left,shortest,same,single,2026-03-17T21:05:03Z,barchart,first,13,same,shortest,8,TRUE,TRUE,TRUE,TRUE,study,TRUE
729,63c047ef36e1348b19bb8010,2185,1,9,barchart-first-00-random-shortest-9,left,shortest,random,single,2026-03-17T21:05:05Z,barchart,first,0,random,shortest,9,TRUE,TRUE,TRUE,TRUE,study,TRUE
732,63c047ef36e1348b19bb8010,1520,1,10,barchart-first-28-random-shortest-10,right,shortest,random,single,2026-03-17T21:05:08Z,barchart,first,28,random,shortest,10,TRUE,TRUE,TRUE,TRUE,study,TRUE
737,63c047ef36e1348b19bb8010,2368,1,11,barchart-first-18-random-shortest-11,right,shortest,random,single,2026-03-17T21:05:11Z,barchart,first,18,random,shortest,11,TRUE,TRUE,TRUE,TRUE,study,TRUE
740,63c047ef36e1348b19bb8010,1562,1,12,barchart-first-31-random-shortest-12,right,shortest,random,single,2026-03-17T21:05:13Z,barchart,first,31,random,shortest,12,TRUE,TRUE,TRUE,TRUE,study,TRUE
743,63c047ef36e1348b19bb8010,1282,1,13,barchart-first-11-random-shortest-13,right,shortest,random,single,2026-03-17T21:05:15Z,barchart,first,11,random,shortest,13,TRUE,TRUE,TRUE,TRUE,study,TRUE
747,63c047ef36e1348b19bb8010,2444,1,14,barchart-first-20-same-shortest-14,right,shortest,same,single,2026-03-17T21:05:18Z,barchart,first,20,same,shortest,14,TRUE,TRUE,TRUE,TRUE,study,TRUE
750,63c047ef36e1348b19bb8010,1116,1,15,barchart-first-05-same-shortest-15,left,shortest,same,single,2026-03-17T21:05:19Z,barchart,first,5,same,shortest,15,TRUE,TRUE,TRUE,TRUE,study,TRUE
753,63c047ef36e1348b19bb8010,1433,1,16,barchart-first-01-same-shortest-16,right,shortest,same,single,2026-03-17T21:05:21Z,barchart,first,1,same,shortest,16,TRUE,TRUE,TRUE,TRUE,study,TRUE
757,63c047ef36e1348b19bb8010,1763,1,17,barchart-first-15-double-shortest-17,right,shortest,double,single,2026-03-17T21:05:24Z,barchart,first,15,double,shortest,17,TRUE,TRUE,TRUE,TRUE,study,TRUE
760,63c047ef36e1348b19bb8010,1621,1,18,barchart-first-09-same-shortest-18,left,shortest,same,single,2026-03-17T21:05:26Z,barchart,first,9,same,shortest,18,TRUE,TRUE,TRUE,TRUE,study,TRUE
763,63c047ef36e1348b19bb8010,1238,1,19,barchart-first-09-double-shortest-19,left,shortest,double,single,2026-03-17T21:05:28Z,barchart,first,9,double,shortest,19,TRUE,TRUE,TRUE,TRUE,study,TRUE
766,63c047ef36e1348b19bb8010,1612,1,20,barchart-first-23-random-shortest-20,right,shortest,random,single,2026-03-17T21:05:30Z,barchart,first,23,random,shortest,20,TRUE,TRUE,TRUE,TRUE,study,TRUE
769,63c047ef36e1348b19bb8010,1686,1,21,barchart-first-31-same-shortest-21,right,shortest,same,single,2026-03-17T21:05:32Z,barchart,first,31,same,shortest,21,TRUE,TRUE,TRUE,TRUE,study,TRUE
773,63c047ef36e1348b19bb8010,1352,1,22,barchart-first-18-double-shortest-22,right,shortest,double,single,2026-03-17T21:05:34Z,barchart,first,18,double,shortest,22,TRUE,TRUE,TRUE,TRUE,study,TRUE
776,63c047ef36e1348b19bb8010,1287,1,23,barchart-first-27-random-shortest-23,right,shortest,random,single,2026-03-17T21:05:36Z,barchart,first,27,random,shortest,23,TRUE,TRUE,TRUE,TRUE,study,TRUE
785,63c047ef36e1348b19bb8010,2969,1,24,barchart-first-03-same-shortest-24,right,shortest,same,single,2026-03-17T21:05:49Z,barchart,first,3,same,shortest,24,TRUE,TRUE,TRUE,TRUE,study,TRUE
786,63c047ef36e1348b19bb8010,999,1,25,barchart-first-10-double-shortest-25,left,shortest,double,single,2026-03-17T21:05:51Z,barchart,first,10,double,shortest,25,TRUE,TRUE,TRUE,TRUE,study,TRUE
788,63c047ef36e1348b19bb8010,2030,1,26,barchart-first-25-same-shortest-26,right,shortest,same,single,2026-03-17T21:05:54Z,barchart,first,25,same,shortest,26,TRUE,TRUE,TRUE,TRUE,study,TRUE
790,63c047ef36e1348b19bb8010,1811,1,27,barchart-first-06-same-shortest-27,left,shortest,same,single,2026-03-17T21:05:56Z,barchart,first,6,same,shortest,27,TRUE,TRUE,TRUE,TRUE,study,TRUE
792,63c047ef36e1348b19bb8010,1434,1,28,barchart-first-14-same-shortest-28,left,shortest,same,single,2026-03-17T21:05:58Z,barchart,first,14,same,shortest,28,TRUE,TRUE,TRUE,TRUE,study,TRUE
793,63c047ef36e1348b19bb8010,1220,1,29,barchart-first-30-random-shortest-29,left,shortest,random,single,2026-03-17T21:06:00Z,barchart,first,30,random,shortest,29,TRUE,TRUE,TRUE,TRUE,study,TRUE
795,63c047ef36e1348b19bb8010,1722,1,30,barchart-first-01-double-shortest-30,right,shortest,double,single,2026-03-17T21:06:02Z,barchart,first,1,double,shortest,30,TRUE,TRUE,TRUE,TRUE,study,TRUE
797,63c047ef36e1348b19bb8010,1583,1,31,barchart-first-00-double-shortest-31,left,shortest,double,single,2026-03-17T21:06:04Z,barchart,first,0,double,shortest,31,TRUE,TRUE,TRUE,TRUE,study,TRUE
799,63c047ef36e1348b19bb8010,1081,1,32,barchart-first-26-random-shortest-32,left,shortest,random,single,2026-03-17T21:06:06Z,barchart,first,26,random,shortest,32,TRUE,TRUE,TRUE,TRUE,study,TRUE
801,63c047ef36e1348b19bb8010,1054,1,33,barchart-first-19-double-shortest-33,left,shortest,double,single,2026-03-17T21:06:08Z,barchart,first,19,double,shortest,33,TRUE,TRUE,TRUE,TRUE,study,TRUE
803,63c047ef36e1348b19bb8010,1558,1,34,barchart-first-12-random-shortest-34,left,shortest,random,single,2026-03-17T21:06:10Z,barchart,first,12,random,shortest,34,TRUE,TRUE,TRUE,TRUE,study,TRUE
805,63c047ef36e1348b19bb8010,1481,1,35,barchart-first-20-double-shortest-35,right,shortest,double,single,2026-03-17T21:06:12Z,barchart,first,20,double,shortest,35,TRUE,TRUE,TRUE,TRUE,study,TRUE
807,63c047ef36e1348b19bb8010,1592,1,36,barchart-first-21-random-shortest-36,left,shortest,random,single,2026-03-17T21:06:14Z,barchart,first,21,random,shortest,36,TRUE,TRUE,TRUE,TRUE,study,TRUE
809,63c047ef36e1348b19bb8010,926,1,37,barchart-first-21-same-shortest-37,left,shortest,same,single,2026-03-17T21:06:16Z,barchart,first,21,same,shortest,37,TRUE,TRUE,TRUE,TRUE,study,TRUE
811,63c047ef36e1348b19bb8010,1388,1,38,barchart-first-04-double-shortest-38,right,shortest,double,single,2026-03-17T21:06:18Z,barchart,first,4,double,shortest,38,TRUE,TRUE,TRUE,TRUE,study,TRUE
813,63c047ef36e1348b19bb8010,1811,1,39,barchart-first-02-same-shortest-39,right,shortest,same,single,2026-03-17T21:06:20Z,barchart,first,2,same,shortest,39,TRUE,TRUE,TRUE,TRUE,study,TRUE
815,63c047ef36e1348b19bb8010,1543,1,40,barchart-first-28-same-shortest-40,right,shortest,same,single,2026-03-17T21:06:22Z,barchart,first,28,same,shortest,40,TRUE,TRUE,TRUE,TRUE,study,TRUE
819,63c047ef36e1348b19bb8010,4701,1,41,barchart-first-24-same-shortest-41,left,shortest,same,single,2026-03-17T21:06:27Z,barchart,first,24,same,shortest,41,TRUE,TRUE,TRUE,TRUE,study,TRUE
821,63c047ef36e1348b19bb8010,1753,1,42,barchart-first-17-same-shortest-42,right,shortest,same,single,2026-03-17T21:06:30Z,barchart,first,17,same,shortest,42,TRUE,TRUE,TRUE,TRUE,study,TRUE
823,63c047ef36e1348b19bb8010,1313,1,43,barchart-first-19-same-shortest-43,left,shortest,same,single,2026-03-17T21:06:32Z,barchart,first,19,same,shortest,43,TRUE,TRUE,TRUE,TRUE,study,TRUE
826,63c047ef36e1348b19bb8010,2712,1,44,barchart-first-14-double-shortest-44,left,shortest,double,single,2026-03-17T21:06:35Z,barchart,first,14,double,shortest,44,TRUE,TRUE,TRUE,TRUE,study,TRUE
828,63c047ef36e1348b19bb8010,1407,1,45,barchart-first-07-random-shortest-45,left,shortest,random,single,2026-03-17T21:06:37Z,barchart,first,7,random,shortest,45,TRUE,TRUE,TRUE,TRUE,study,TRUE
830,63c047ef36e1348b19bb8010,1741,1,46,barchart-first-07-double-shortest-46,left,shortest,double,single,2026-03-17T21:06:39Z,barchart,first,7,double,shortest,46,TRUE,TRUE,TRUE,TRUE,study,TRUE
831,63c047ef36e1348b19bb8010,1092,1,47,barchart-first-05-random-shortest-47,left,shortest,random,single,2026-03-17T21:06:41Z,barchart,first,5,random,shortest,47,TRUE,TRUE,TRUE,TRUE,study,TRUE
833,63c047ef36e1348b19bb8010,1865,1,48,barchart-second-15-random-tallest-0,right,tallest,random,single,2026-03-17T21:06:50Z,barchart,second,15,random,tallest,0,TRUE,TRUE,TRUE,TRUE,study,TRUE
836,63c047ef36e1348b19bb8010,1713,1,49,barchart-second-23-double-tallest-1,right,tallest,double,single,2026-03-17T21:06:52Z,barchart,second,23,double,tallest,1,TRUE,TRUE,TRUE,TRUE,study,TRUE
838,63c047ef36e1348b19bb8010,1386,1,50,barchart-second-26-double-tallest-2,left,tallest,double,single,2026-03-17T21:06:54Z,barchart,second,26,double,tallest,2,TRUE,TRUE,TRUE,TRUE,study,TRUE
840,63c047ef36e1348b19bb8010,1095,1,51,barchart-second-07-same-tallest-3,left,tallest,same,single,2026-03-17T21:06:56Z,barchart,second,7,same,tallest,3,TRUE,TRUE,TRUE,TRUE,study,TRUE
842,63c047ef36e1348b19bb8010,919,1,52,barchart-second-05-double-tallest-4,right,tallest,double,single,2026-03-17T21:06:57Z,barchart,second,5,double,tallest,4,TRUE,TRUE,TRUE,TRUE,study,TRUE
844,63c047ef36e1348b19bb8010,1826,1,53,barchart-second-03-random-tallest-5,left,tallest,random,single,2026-03-17T21:07:00Z,barchart,second,3,random,tallest,5,TRUE,TRUE,TRUE,TRUE,study,TRUE
846,63c047ef36e1348b19bb8010,1176,1,54,barchart-second-10-same-tallest-6,right,tallest,same,single,2026-03-17T21:07:02Z,barchart,second,10,same,tallest,6,TRUE,TRUE,TRUE,TRUE,study,TRUE
849,63c047ef36e1348b19bb8010,1677,1,55,barchart-second-14-random-tallest-7,left,tallest,random,single,2026-03-17T21:07:04Z,barchart,second,14,random,tallest,7,TRUE,TRUE,TRUE,TRUE,study,TRUE
851,63c047ef36e1348b19bb8010,812,1,56,barchart-second-27-double-tallest-8,right,tallest,double,single,2026-03-17T21:07:05Z,barchart,second,27,double,tallest,8,TRUE,TRUE,TRUE,TRUE,study,TRUE
853,63c047ef36e1348b19bb8010,1281,1,57,barchart-second-20-random-tallest-9,right,tallest,random,single,2026-03-17T21:07:07Z,barchart,second,20,random,tallest,9,TRUE,TRUE,TRUE,TRUE,study,TRUE
855,63c047ef36e1348b19bb8010,1138,1,58,barchart-second-09-random-tallest-10,left,tallest,random,single,2026-03-17T21:07:09Z,barchart,second,9,random,tallest,10,TRUE,TRUE,TRUE,TRUE,study,TRUE
858,63c047ef36e1348b19bb8010,2274,1,59,barchart-second-11-same-tallest-11,left,tallest,same,single,2026-03-17T21:07:12Z,barchart,second,11,same,tallest,11,TRUE,TRUE,TRUE,TRUE,study,TRUE
860,63c047ef36e1348b19bb8010,1665,1,60,barchart-second-25-random-tallest-12,right,tallest,random,single,2026-03-17T21:07:14Z,barchart,second,25,random,tallest,12,TRUE,TRUE,TRUE,TRUE,study,TRUE
862,63c047ef36e1348b19bb8010,1026,1,61,barchart-second-16-same-tallest-13,left,tallest,same,single,2026-03-17T21:07:16Z,barchart,second,16,same,tallest,13,TRUE,TRUE,TRUE,TRUE,study,TRUE
864,63c047ef36e1348b19bb8010,1567,1,62,barchart-second-30-same-tallest-14,right,tallest,same,single,2026-03-17T21:07:18Z,barchart,second,30,same,tallest,14,TRUE,TRUE,TRUE,TRUE,study,TRUE
867,63c047ef36e1348b19bb8010,2151,1,63,barchart-second-23-same-tallest-15,right,tallest,same,single,2026-03-17T21:07:20Z,barchart,second,23,same,tallest,15,TRUE,TRUE,TRUE,TRUE,study,TRUE
870,63c047ef36e1348b19bb8010,1600,1,64,barchart-second-00-same-tallest-16,right,tallest,same,single,2026-03-17T21:07:23Z,barchart,second,0,same,tallest,16,TRUE,TRUE,TRUE,TRUE,study,TRUE
871,63c047ef36e1348b19bb8010,977,1,65,barchart-second-18-same-tallest-17,left,tallest,same,single,2026-03-17T21:07:24Z,barchart,second,18,same,tallest,17,TRUE,TRUE,TRUE,TRUE,study,TRUE
873,63c047ef36e1348b19bb8010,1184,1,66,barchart-second-16-double-tallest-18,left,tallest,double,single,2026-03-17T21:07:26Z,barchart,second,16,double,tallest,18,TRUE,TRUE,TRUE,TRUE,study,TRUE
875,63c047ef36e1348b19bb8010,1415,1,67,barchart-second-17-double-tallest-19,left,tallest,double,single,2026-03-17T21:07:28Z,barchart,second,17,double,tallest,19,TRUE,TRUE,TRUE,TRUE,study,TRUE
877,63c047ef36e1348b19bb8010,2776,1,68,barchart-second-11-double-tallest-20,left,tallest,double,single,2026-03-17T21:07:31Z,barchart,second,11,double,tallest,20,TRUE,TRUE,TRUE,TRUE,study,TRUE
878,63c047ef36e1348b19bb8010,865,1,69,barchart-second-06-double-tallest-21,right,tallest,double,single,2026-03-17T21:07:33Z,barchart,second,6,double,tallest,21,TRUE,TRUE,TRUE,TRUE,study,TRUE
879,63c047ef36e1348b19bb8010,888,1,70,barchart-second-24-random-tallest-22,right,tallest,random,single,2026-03-17T21:07:34Z,barchart,second,24,random,tallest,22,TRUE,TRUE,TRUE,TRUE,study,TRUE
881,63c047ef36e1348b19bb8010,753,1,71,barchart-second-24-double-tallest-23,right,tallest,double,single,2026-03-17T21:07:36Z,barchart,second,24,double,tallest,23,TRUE,TRUE,TRUE,TRUE,study,TRUE
884,63c047ef36e1348b19bb8010,1161,1,72,barchart-second-12-same-tallest-24,right,tallest,same,single,2026-03-17T21:07:40Z,barchart,second,12,same,tallest,24,TRUE,TRUE,TRUE,TRUE,study,TRUE
886,63c047ef36e1348b19bb8010,729,1,73,barchart-second-13-double-tallest-25,left,tallest,double,single,2026-03-17T21:07:41Z,barchart,second,13,double,tallest,25,TRUE,TRUE,TRUE,TRUE,study,TRUE
888,63c047ef36e1348b19bb8010,1078,1,74,barchart-second-22-random-tallest-26,right,tallest,random,single,2026-03-17T21:07:43Z,barchart,second,22,random,tallest,26,TRUE,TRUE,TRUE,TRUE,study,TRUE
889,63c047ef36e1348b19bb8010,1064,1,75,barchart-second-15-same-tallest-27,right,tallest,same,single,2026-03-17T21:07:44Z,barchart,second,15,same,tallest,27,TRUE,TRUE,TRUE,TRUE,study,TRUE
892,63c047ef36e1348b19bb8010,2242,1,76,barchart-second-02-random-tallest-28,left,tallest,random,single,2026-03-17T21:07:47Z,barchart,second,2,random,tallest,28,TRUE,TRUE,TRUE,TRUE,study,TRUE
894,63c047ef36e1348b19bb8010,1019,1,77,barchart-second-30-double-tallest-29,right,tallest,double,single,2026-03-17T21:07:49Z,barchart,second,30,double,tallest,29,TRUE,TRUE,TRUE,TRUE,study,TRUE
897,63c047ef36e1348b19bb8010,2309,1,78,barchart-second-22-same-tallest-30,right,tallest,same,single,2026-03-17T21:07:52Z,barchart,second,22,same,tallest,30,TRUE,TRUE,TRUE,TRUE,study,TRUE
900,63c047ef36e1348b19bb8010,1630,1,79,barchart-second-04-same-tallest-31,left,tallest,same,single,2026-03-17T21:07:54Z,barchart,second,4,same,tallest,31,TRUE,TRUE,TRUE,TRUE,study,TRUE
903,63c047ef36e1348b19bb8010,1868,1,80,barchart-second-25-double-tallest-32,right,tallest,double,single,2026-03-17T21:07:56Z,barchart,second,25,double,tallest,32,TRUE,TRUE,TRUE,TRUE,study,TRUE
905,63c047ef36e1348b19bb8010,1239,1,81,barchart-second-29-same-tallest-33,left,tallest,same,single,2026-03-17T21:07:58Z,barchart,second,29,same,tallest,33,TRUE,TRUE,TRUE,TRUE,study,TRUE
908,63c047ef36e1348b19bb8010,1508,1,82,barchart-second-28-double-tallest-34,right,tallest,double,single,2026-03-17T21:08:00Z,barchart,second,28,double,tallest,34,TRUE,TRUE,TRUE,TRUE,study,TRUE
910,63c047ef36e1348b19bb8010,1250,1,83,barchart-second-08-random-tallest-35,left,tallest,random,single,2026-03-17T21:08:02Z,barchart,second,8,random,tallest,35,TRUE,TRUE,TRUE,TRUE,study,TRUE
913,63c047ef36e1348b19bb8010,1842,1,84,barchart-second-21-double-tallest-36,left,tallest,double,single,2026-03-17T21:08:04Z,barchart,second,21,double,tallest,36,TRUE,TRUE,TRUE,TRUE,study,TRUE
916,63c047ef36e1348b19bb8010,1853,1,85,barchart-second-03-double-tallest-37,left,tallest,double,single,2026-03-17T21:08:07Z,barchart,second,3,double,tallest,37,TRUE,TRUE,TRUE,TRUE,study,TRUE
919,63c047ef36e1348b19bb8010,2227,1,86,barchart-second-04-random-tallest-38,left,tallest,random,single,2026-03-17T21:08:10Z,barchart,second,4,random,tallest,38,TRUE,TRUE,TRUE,TRUE,study,TRUE
920,63c047ef36e1348b19bb8010,1253,1,87,barchart-second-27-same-tallest-39,right,tallest,same,single,2026-03-17T21:08:12Z,barchart,second,27,same,tallest,39,TRUE,TRUE,TRUE,TRUE,study,TRUE
921,63c047ef36e1348b19bb8010,1319,1,88,barchart-second-26-same-tallest-40,left,tallest,same,single,2026-03-17T21:08:13Z,barchart,second,26,same,tallest,40,TRUE,TRUE,TRUE,TRUE,study,TRUE
922,63c047ef36e1348b19bb8010,890,1,89,barchart-second-19-random-tallest-41,right,tallest,random,single,2026-03-17T21:08:15Z,barchart,second,19,random,tallest,41,TRUE,TRUE,TRUE,TRUE,study,TRUE
923,63c047ef36e1348b19bb8010,1021,1,90,barchart-second-06-random-tallest-42,right,tallest,random,single,2026-03-17T21:08:17Z,barchart,second,6,random,tallest,42,TRUE,TRUE,TRUE,TRUE,study,TRUE
924,63c047ef36e1348b19bb8010,1747,1,91,barchart-second-29-double-tallest-43,left,tallest,double,single,2026-03-17T21:08:19Z,barchart,second,29,double,tallest,43,TRUE,TRUE,TRUE,TRUE,study,TRUE
925,63c047ef36e1348b19bb8010,1429,1,92,barchart-second-29-random-tallest-44,left,tallest,random,single,2026-03-17T21:08:21Z,barchart,second,29,random,tallest,44,TRUE,TRUE,TRUE,TRUE,study,TRUE
926,63c047ef36e1348b19bb8010,1189,1,93,barchart-second-10-random-tallest-45,right,tallest,random,single,2026-03-17T21:08:23Z,barchart,second,10,random,tallest,45,TRUE,TRUE,TRUE,TRUE,study,TRUE
927,63c047ef36e1348b19bb8010,1246,1,94,barchart-second-08-same-tallest-46,left,tallest,same,single,2026-03-17T21:08:24Z,barchart,second,8,same,tallest,46,TRUE,TRUE,TRUE,TRUE,study,TRUE
928,63c047ef36e1348b19bb8010,1886,1,95,barchart-second-17-random-tallest-47,left,tallest,random,single,2026-03-17T21:08:27Z,barchart,second,17,random,tallest,47,TRUE,TRUE,TRUE,TRUE,study,TRUE
257,6438e5ddc8f49802145ad685,4592,1,0,barchart-first-20-same-shortest-0,right,shortest,same,single,2026-03-17T20:08:20Z,barchart,first,20,same,shortest,0,TRUE,TRUE,TRUE,TRUE,study,TRUE
258,6438e5ddc8f49802145ad685,2754,1,1,barchart-first-00-double-shortest-1,left,shortest,double,single,2026-03-17T20:08:23Z,barchart,first,0,double,shortest,1,TRUE,TRUE,TRUE,TRUE,study,TRUE
259,6438e5ddc8f49802145ad685,1919,1,2,barchart-first-08-double-shortest-2,left,shortest,double,single,2026-03-17T20:08:26Z,barchart,first,8,double,shortest,2,TRUE,TRUE,TRUE,TRUE,study,TRUE
260,6438e5ddc8f49802145ad685,1538,1,3,barchart-first-30-same-shortest-3,left,shortest,same,single,2026-03-17T20:08:28Z,barchart,first,30,same,shortest,3,TRUE,TRUE,TRUE,TRUE,study,TRUE
261,6438e5ddc8f49802145ad685,1585,1,4,barchart-first-26-random-shortest-4,left,shortest,random,single,2026-03-17T20:08:30Z,barchart,first,26,random,shortest,4,TRUE,TRUE,TRUE,TRUE,study,TRUE
262,6438e5ddc8f49802145ad685,3195,1,5,barchart-first-06-random-shortest-5,left,shortest,random,single,2026-03-17T20:08:34Z,barchart,first,6,random,shortest,5,TRUE,TRUE,TRUE,TRUE,study,TRUE
263,6438e5ddc8f49802145ad685,1929,1,6,barchart-first-20-double-shortest-6,right,shortest,double,single,2026-03-17T20:08:37Z,barchart,first,20,double,shortest,6,TRUE,TRUE,TRUE,TRUE,study,TRUE
264,6438e5ddc8f49802145ad685,2370,1,7,barchart-first-17-same-shortest-7,right,shortest,same,single,2026-03-17T20:08:40Z,barchart,first,17,same,shortest,7,TRUE,TRUE,TRUE,TRUE,study,TRUE
265,6438e5ddc8f49802145ad685,4208,1,8,barchart-first-08-random-shortest-8,left,shortest,random,single,2026-03-17T20:08:44Z,barchart,first,8,random,shortest,8,TRUE,TRUE,TRUE,TRUE,study,TRUE
266,6438e5ddc8f49802145ad685,1783,1,9,barchart-first-10-double-shortest-9,left,shortest,double,single,2026-03-17T20:08:47Z,barchart,first,10,double,shortest,9,TRUE,TRUE,TRUE,TRUE,study,TRUE
267,6438e5ddc8f49802145ad685,1536,1,10,barchart-first-05-same-shortest-10,left,shortest,same,single,2026-03-17T20:08:49Z,barchart,first,5,same,shortest,10,TRUE,TRUE,TRUE,TRUE,study,TRUE
268,6438e5ddc8f49802145ad685,2204,1,11,barchart-first-02-same-shortest-11,right,shortest,same,single,2026-03-17T20:08:52Z,barchart,first,2,same,shortest,11,TRUE,TRUE,TRUE,TRUE,study,TRUE
269,6438e5ddc8f49802145ad685,1841,1,12,barchart-first-15-double-shortest-12,right,shortest,double,single,2026-03-17T20:08:54Z,barchart,first,15,double,shortest,12,TRUE,TRUE,TRUE,TRUE,study,TRUE
270,6438e5ddc8f49802145ad685,2035,1,13,barchart-first-24-double-shortest-13,left,shortest,double,single,2026-03-17T20:08:57Z,barchart,first,24,double,shortest,13,TRUE,TRUE,TRUE,TRUE,study,TRUE
271,6438e5ddc8f49802145ad685,1362,1,14,barchart-first-07-double-shortest-14,left,shortest,double,single,2026-03-17T20:08:59Z,barchart,first,7,double,shortest,14,TRUE,TRUE,TRUE,TRUE,study,TRUE
272,6438e5ddc8f49802145ad685,2204,1,15,barchart-first-17-random-shortest-15,right,shortest,random,single,2026-03-17T20:09:02Z,barchart,first,17,random,shortest,15,TRUE,TRUE,TRUE,TRUE,study,TRUE
273,6438e5ddc8f49802145ad685,2235,1,16,barchart-first-18-random-shortest-16,right,shortest,random,single,2026-03-17T20:09:05Z,barchart,first,18,random,shortest,16,TRUE,TRUE,TRUE,TRUE,study,TRUE
275,6438e5ddc8f49802145ad685,2228,1,17,barchart-first-14-double-shortest-17,left,shortest,double,single,2026-03-17T20:09:07Z,barchart,first,14,double,shortest,17,TRUE,TRUE,TRUE,TRUE,study,TRUE
278,6438e5ddc8f49802145ad685,2115,1,18,barchart-first-19-same-shortest-18,left,shortest,same,single,2026-03-17T20:09:10Z,barchart,first,19,same,shortest,18,TRUE,TRUE,TRUE,TRUE,study,TRUE
282,6438e5ddc8f49802145ad685,4056,1,19,barchart-first-14-random-shortest-19,left,shortest,random,single,2026-03-17T20:09:15Z,barchart,first,14,random,shortest,19,TRUE,TRUE,TRUE,TRUE,study,TRUE
284,6438e5ddc8f49802145ad685,2337,1,20,barchart-first-28-random-shortest-20,right,shortest,random,single,2026-03-17T20:09:18Z,barchart,first,28,random,shortest,20,TRUE,TRUE,TRUE,TRUE,study,TRUE
287,6438e5ddc8f49802145ad685,2008,1,21,barchart-first-15-same-shortest-21,right,shortest,same,single,2026-03-17T20:09:20Z,barchart,first,15,same,shortest,21,TRUE,TRUE,TRUE,TRUE,study,TRUE
289,6438e5ddc8f49802145ad685,1954,1,22,barchart-first-08-same-shortest-22,left,shortest,same,single,2026-03-17T20:09:23Z,barchart,first,8,same,shortest,22,TRUE,TRUE,TRUE,TRUE,study,TRUE
291,6438e5ddc8f49802145ad685,1783,1,23,barchart-first-04-double-shortest-23,right,shortest,double,single,2026-03-17T20:09:25Z,barchart,first,4,double,shortest,23,TRUE,TRUE,TRUE,TRUE,study,TRUE
295,6438e5ddc8f49802145ad685,1922,1,24,barchart-first-27-double-shortest-24,right,shortest,double,single,2026-03-17T20:09:34Z,barchart,first,27,double,shortest,24,TRUE,TRUE,TRUE,TRUE,study,TRUE
296,6438e5ddc8f49802145ad685,1738,1,25,barchart-first-24-same-shortest-25,left,shortest,same,single,2026-03-17T20:09:37Z,barchart,first,24,same,shortest,25,TRUE,TRUE,TRUE,TRUE,study,TRUE
298,6438e5ddc8f49802145ad685,1929,1,26,barchart-first-09-random-shortest-26,left,shortest,random,single,2026-03-17T20:09:39Z,barchart,first,9,random,shortest,26,TRUE,TRUE,TRUE,TRUE,study,TRUE
301,6438e5ddc8f49802145ad685,1952,1,27,barchart-first-00-random-shortest-27,left,shortest,random,single,2026-03-17T20:09:42Z,barchart,first,0,random,shortest,27,TRUE,TRUE,TRUE,TRUE,study,TRUE
304,6438e5ddc8f49802145ad685,1617,1,28,barchart-first-13-same-shortest-28,left,shortest,same,single,2026-03-17T20:09:44Z,barchart,first,13,same,shortest,28,TRUE,TRUE,TRUE,TRUE,study,TRUE
306,6438e5ddc8f49802145ad685,2281,1,29,barchart-first-01-double-shortest-29,right,shortest,double,single,2026-03-17T20:09:47Z,barchart,first,1,double,shortest,29,TRUE,TRUE,TRUE,TRUE,study,TRUE
309,6438e5ddc8f49802145ad685,1682,1,30,barchart-first-19-random-shortest-30,left,shortest,random,single,2026-03-17T20:09:49Z,barchart,first,19,random,shortest,30,TRUE,TRUE,TRUE,TRUE,study,TRUE
312,6438e5ddc8f49802145ad685,1533,1,31,barchart-first-21-double-shortest-31,left,shortest,double,single,2026-03-17T20:09:51Z,barchart,first,21,double,shortest,31,TRUE,TRUE,TRUE,TRUE,study,TRUE
313,6438e5ddc8f49802145ad685,1846,1,32,barchart-first-22-random-shortest-32,right,shortest,random,single,2026-03-17T20:09:54Z,barchart,first,22,random,shortest,32,TRUE,TRUE,TRUE,TRUE,study,TRUE
314,6438e5ddc8f49802145ad685,2002,1,33,barchart-first-07-same-shortest-33,left,shortest,same,single,2026-03-17T20:09:56Z,barchart,first,7,same,shortest,33,TRUE,TRUE,TRUE,TRUE,study,TRUE
315,6438e5ddc8f49802145ad685,2589,1,34,barchart-first-18-double-shortest-34,right,shortest,double,single,2026-03-17T20:09:59Z,barchart,first,18,double,shortest,34,TRUE,TRUE,TRUE,TRUE,study,TRUE
316,6438e5ddc8f49802145ad685,1868,1,35,barchart-first-31-random-shortest-35,right,shortest,random,single,2026-03-17T20:10:02Z,barchart,first,31,random,shortest,35,TRUE,TRUE,TRUE,TRUE,study,TRUE
317,6438e5ddc8f49802145ad685,1471,1,36,barchart-first-26-same-shortest-36,left,shortest,same,single,2026-03-17T20:10:04Z,barchart,first,26,same,shortest,36,TRUE,TRUE,TRUE,TRUE,study,TRUE
318,6438e5ddc8f49802145ad685,1224,1,37,barchart-first-16-same-shortest-37,right,shortest,same,single,2026-03-17T20:10:06Z,barchart,first,16,same,shortest,37,TRUE,TRUE,TRUE,TRUE,study,TRUE
319,6438e5ddc8f49802145ad685,1295,1,38,barchart-first-02-random-shortest-38,right,shortest,random,single,2026-03-17T20:10:08Z,barchart,first,2,random,shortest,38,TRUE,TRUE,TRUE,TRUE,study,TRUE
320,6438e5ddc8f49802145ad685,1579,1,39,barchart-first-01-random-shortest-39,right,shortest,random,single,2026-03-17T20:10:10Z,barchart,first,1,random,shortest,39,TRUE,TRUE,TRUE,TRUE,study,TRUE
321,6438e5ddc8f49802145ad685,1179,1,40,barchart-first-23-same-shortest-40,right,shortest,same,single,2026-03-17T20:10:12Z,barchart,first,23,same,shortest,40,TRUE,TRUE,TRUE,TRUE,study,TRUE
322,6438e5ddc8f49802145ad685,2082,1,41,barchart-first-12-double-shortest-41,left,shortest,double,single,2026-03-17T20:10:14Z,barchart,first,12,double,shortest,41,TRUE,TRUE,TRUE,TRUE,study,TRUE
323,6438e5ddc8f49802145ad685,1181,1,42,barchart-first-03-same-shortest-42,right,shortest,same,single,2026-03-17T20:10:16Z,barchart,first,3,same,shortest,42,TRUE,TRUE,TRUE,TRUE,study,TRUE
324,6438e5ddc8f49802145ad685,1704,1,43,barchart-first-28-double-shortest-43,right,shortest,double,single,2026-03-17T20:10:18Z,barchart,first,28,double,shortest,43,TRUE,TRUE,TRUE,TRUE,study,TRUE
325,6438e5ddc8f49802145ad685,2274,1,44,barchart-first-31-same-shortest-44,right,shortest,same,single,2026-03-17T20:10:21Z,barchart,first,31,same,shortest,44,TRUE,TRUE,TRUE,TRUE,study,TRUE
327,6438e5ddc8f49802145ad685,2851,1,45,barchart-first-20-random-shortest-45,right,shortest,random,single,2026-03-17T20:10:25Z,barchart,first,20,random,shortest,45,TRUE,TRUE,TRUE,TRUE,study,TRUE
330,6438e5ddc8f49802145ad685,1629,1,46,barchart-first-03-double-shortest-46,right,shortest,double,single,2026-03-17T20:10:27Z,barchart,first,3,double,shortest,46,TRUE,TRUE,TRUE,TRUE,study,TRUE
332,6438e5ddc8f49802145ad685,1587,1,47,barchart-first-10-random-shortest-47,left,shortest,random,single,2026-03-17T20:10:29Z,barchart,first,10,random,shortest,47,TRUE,TRUE,TRUE,TRUE,study,TRUE
339,6438e5ddc8f49802145ad685,1292,1,48,barchart-second-25-random-tallest-0,right,tallest,random,single,2026-03-17T20:10:38Z,barchart,second,25,random,tallest,0,TRUE,TRUE,TRUE,TRUE,study,TRUE
342,6438e5ddc8f49802145ad685,1275,1,49,barchart-second-05-random-tallest-1,right,tallest,random,single,2026-03-17T20:10:40Z,barchart,second,5,random,tallest,1,TRUE,TRUE,TRUE,TRUE,study,TRUE
345,6438e5ddc8f49802145ad685,1529,1,50,barchart-second-17-double-tallest-2,left,tallest,double,single,2026-03-17T20:10:42Z,barchart,second,17,double,tallest,2,TRUE,TRUE,TRUE,TRUE,study,TRUE
348,6438e5ddc8f49802145ad685,1087,1,51,barchart-second-22-double-tallest-3,right,tallest,double,single,2026-03-17T20:10:43Z,barchart,second,22,double,tallest,3,TRUE,TRUE,TRUE,TRUE,study,TRUE
350,6438e5ddc8f49802145ad685,978,1,52,barchart-second-24-random-tallest-4,right,tallest,random,single,2026-03-17T20:10:45Z,barchart,second,24,random,tallest,4,TRUE,TRUE,TRUE,TRUE,study,TRUE
354,6438e5ddc8f49802145ad685,1243,1,53,barchart-second-23-random-tallest-5,right,tallest,random,single,2026-03-17T20:10:47Z,barchart,second,23,random,tallest,5,TRUE,TRUE,TRUE,TRUE,study,TRUE
356,6438e5ddc8f49802145ad685,1161,1,54,barchart-second-29-random-tallest-6,left,tallest,random,single,2026-03-17T20:10:49Z,barchart,second,29,random,tallest,6,TRUE,TRUE,TRUE,TRUE,study,TRUE
360,6438e5ddc8f49802145ad685,1195,1,55,barchart-second-14-same-tallest-7,left,tallest,same,single,2026-03-17T20:10:50Z,barchart,second,14,same,tallest,7,TRUE,TRUE,TRUE,TRUE,study,TRUE
363,6438e5ddc8f49802145ad685,946,1,56,barchart-second-12-random-tallest-8,right,tallest,random,single,2026-03-17T20:10:52Z,barchart,second,12,random,tallest,8,TRUE,TRUE,TRUE,TRUE,study,TRUE
365,6438e5ddc8f49802145ad685,1195,1,57,barchart-second-25-same-tallest-9,right,tallest,same,single,2026-03-17T20:10:54Z,barchart,second,25,same,tallest,9,TRUE,TRUE,TRUE,TRUE,study,TRUE
369,6438e5ddc8f49802145ad685,1113,1,58,barchart-second-04-random-tallest-10,left,tallest,random,single,2026-03-17T20:10:55Z,barchart,second,4,random,tallest,10,TRUE,TRUE,TRUE,TRUE,study,TRUE
372,6438e5ddc8f49802145ad685,1143,1,59,barchart-second-04-same-tallest-11,left,tallest,same,single,2026-03-17T20:10:57Z,barchart,second,4,same,tallest,11,TRUE,TRUE,TRUE,TRUE,study,TRUE
375,6438e5ddc8f49802145ad685,889,1,60,barchart-second-15-random-tallest-12,right,tallest,random,single,2026-03-17T20:10:59Z,barchart,second,15,random,tallest,12,TRUE,TRUE,TRUE,TRUE,study,TRUE
377,6438e5ddc8f49802145ad685,881,1,61,barchart-second-30-random-tallest-13,right,tallest,random,single,2026-03-17T20:11:00Z,barchart,second,30,random,tallest,13,TRUE,TRUE,TRUE,TRUE,study,TRUE
379,6438e5ddc8f49802145ad685,1122,1,62,barchart-second-21-random-tallest-14,left,tallest,random,single,2026-03-17T20:11:02Z,barchart,second,21,random,tallest,14,TRUE,TRUE,TRUE,TRUE,study,TRUE
382,6438e5ddc8f49802145ad685,961,1,63,barchart-second-11-same-tallest-15,left,tallest,same,single,2026-03-17T20:11:03Z,barchart,second,11,same,tallest,15,TRUE,TRUE,TRUE,TRUE,study,TRUE
383,6438e5ddc8f49802145ad685,970,1,64,barchart-second-22-same-tallest-16,right,tallest,same,single,2026-03-17T20:11:05Z,barchart,second,22,same,tallest,16,TRUE,TRUE,TRUE,TRUE,study,TRUE
385,6438e5ddc8f49802145ad685,1077,1,65,barchart-second-11-random-tallest-17,left,tallest,random,single,2026-03-17T20:11:07Z,barchart,second,11,random,tallest,17,TRUE,TRUE,TRUE,TRUE,study,TRUE
387,6438e5ddc8f49802145ad685,980,1,66,barchart-second-19-double-tallest-18,right,tallest,double,single,2026-03-17T20:11:08Z,barchart,second,19,double,tallest,18,TRUE,TRUE,TRUE,TRUE,study,TRUE
388,6438e5ddc8f49802145ad685,804,1,67,barchart-second-30-double-tallest-19,right,tallest,double,single,2026-03-17T20:11:10Z,barchart,second,30,double,tallest,19,TRUE,TRUE,TRUE,TRUE,study,TRUE
390,6438e5ddc8f49802145ad685,920,1,68,barchart-second-01-same-tallest-20,left,tallest,same,single,2026-03-17T20:11:11Z,barchart,second,1,same,tallest,20,TRUE,TRUE,TRUE,TRUE,study,TRUE
392,6438e5ddc8f49802145ad685,874,1,69,barchart-second-09-double-tallest-21,left,tallest,double,single,2026-03-17T20:11:13Z,barchart,second,9,double,tallest,21,TRUE,TRUE,TRUE,TRUE,study,TRUE
394,6438e5ddc8f49802145ad685,1346,1,70,barchart-second-10-same-tallest-22,right,tallest,same,single,2026-03-17T20:11:15Z,barchart,second,10,same,tallest,22,TRUE,TRUE,TRUE,TRUE,study,TRUE
396,6438e5ddc8f49802145ad685,937,1,71,barchart-second-13-double-tallest-23,left,tallest,double,single,2026-03-17T20:11:16Z,barchart,second,13,double,tallest,23,TRUE,TRUE,TRUE,TRUE,study,TRUE
399,6438e5ddc8f49802145ad685,1445,1,72,barchart-second-29-double-tallest-24,left,tallest,double,single,2026-03-17T20:11:20Z,barchart,second,29,double,tallest,24,TRUE,TRUE,TRUE,TRUE,study,TRUE
401,6438e5ddc8f49802145ad685,883,1,73,barchart-second-16-random-tallest-25,left,tallest,random,single,2026-03-17T20:11:22Z,barchart,second,16,random,tallest,25,TRUE,TRUE,TRUE,TRUE,study,TRUE
403,6438e5ddc8f49802145ad685,735,1,74,barchart-second-29-same-tallest-26,left,tallest,same,single,2026-03-17T20:11:23Z,barchart,second,29,same,tallest,26,TRUE,TRUE,TRUE,TRUE,study,TRUE
405,6438e5ddc8f49802145ad685,693,1,75,barchart-second-18-same-tallest-27,left,tallest,same,single,2026-03-17T20:11:24Z,barchart,second,18,same,tallest,27,TRUE,TRUE,TRUE,TRUE,study,TRUE
406,6438e5ddc8f49802145ad685,933,1,76,barchart-second-27-random-tallest-28,right,tallest,random,single,2026-03-17T20:11:26Z,barchart,second,27,random,tallest,28,TRUE,TRUE,TRUE,TRUE,study,TRUE
408,6438e5ddc8f49802145ad685,1033,1,77,barchart-second-03-random-tallest-29,left,tallest,random,single,2026-03-17T20:11:27Z,barchart,second,3,random,tallest,29,TRUE,TRUE,TRUE,TRUE,study,TRUE
409,6438e5ddc8f49802145ad685,881,1,78,barchart-second-02-double-tallest-30,left,tallest,double,single,2026-03-17T20:11:29Z,barchart,second,2,double,tallest,30,TRUE,TRUE,TRUE,TRUE,study,TRUE
412,6438e5ddc8f49802145ad685,864,1,79,barchart-second-00-same-tallest-31,right,tallest,same,single,2026-03-17T20:11:30Z,barchart,second,0,same,tallest,31,TRUE,TRUE,TRUE,TRUE,study,TRUE
416,6438e5ddc8f49802145ad685,909,1,80,barchart-second-13-random-tallest-32,left,tallest,random,single,2026-03-17T20:11:32Z,barchart,second,13,random,tallest,32,TRUE,TRUE,TRUE,TRUE,study,TRUE
417,6438e5ddc8f49802145ad685,841,1,81,barchart-second-26-double-tallest-33,left,tallest,double,single,2026-03-17T20:11:33Z,barchart,second,26,double,tallest,33,TRUE,TRUE,TRUE,TRUE,study,TRUE
420,6438e5ddc8f49802145ad685,847,1,82,barchart-second-06-same-tallest-34,right,tallest,same,single,2026-03-17T20:11:35Z,barchart,second,6,same,tallest,34,TRUE,TRUE,TRUE,TRUE,study,TRUE
423,6438e5ddc8f49802145ad685,1332,1,83,barchart-second-27-same-tallest-35,right,tallest,same,single,2026-03-17T20:11:37Z,barchart,second,27,same,tallest,35,TRUE,TRUE,TRUE,TRUE,study,TRUE
425,6438e5ddc8f49802145ad685,1107,1,84,barchart-second-11-double-tallest-36,left,tallest,double,single,2026-03-17T20:11:38Z,barchart,second,11,double,tallest,36,TRUE,TRUE,TRUE,TRUE,study,TRUE
428,6438e5ddc8f49802145ad685,867,1,85,barchart-second-21-same-tallest-37,left,tallest,same,single,2026-03-17T20:11:40Z,barchart,second,21,same,tallest,37,TRUE,TRUE,TRUE,TRUE,study,TRUE
430,6438e5ddc8f49802145ad685,834,1,86,barchart-second-07-random-tallest-38,left,tallest,random,single,2026-03-17T20:11:41Z,barchart,second,7,random,tallest,38,TRUE,TRUE,TRUE,TRUE,study,TRUE
432,6438e5ddc8f49802145ad685,915,1,87,barchart-second-16-double-tallest-39,left,tallest,double,single,2026-03-17T20:11:43Z,barchart,second,16,double,tallest,39,TRUE,TRUE,TRUE,TRUE,study,TRUE
435,6438e5ddc8f49802145ad685,826,1,88,barchart-second-28-same-tallest-40,right,tallest,same,single,2026-03-17T20:11:44Z,barchart,second,28,same,tallest,40,TRUE,TRUE,TRUE,TRUE,study,TRUE
437,6438e5ddc8f49802145ad685,1100,1,89,barchart-second-25-double-tallest-41,right,tallest,double,single,2026-03-17T20:11:46Z,barchart,second,25,double,tallest,41,TRUE,TRUE,TRUE,TRUE,study,TRUE
438,6438e5ddc8f49802145ad685,816,1,90,barchart-second-31-double-tallest-42,right,tallest,double,single,2026-03-17T20:11:47Z,barchart,second,31,double,tallest,42,TRUE,TRUE,TRUE,TRUE,study,TRUE
441,6438e5ddc8f49802145ad685,810,1,91,barchart-second-06-double-tallest-43,right,tallest,double,single,2026-03-17T20:11:49Z,barchart,second,6,double,tallest,43,TRUE,TRUE,TRUE,TRUE,study,TRUE
444,6438e5ddc8f49802145ad685,1129,1,92,barchart-second-23-double-tallest-44,right,tallest,double,single,2026-03-17T20:11:51Z,barchart,second,23,double,tallest,44,TRUE,TRUE,TRUE,TRUE,study,TRUE
447,6438e5ddc8f49802145ad685,1054,1,93,barchart-second-09-same-tallest-45,left,tallest,same,single,2026-03-17T20:11:52Z,barchart,second,9,same,tallest,45,TRUE,TRUE,TRUE,TRUE,study,TRUE
450,6438e5ddc8f49802145ad685,830,1,94,barchart-second-05-double-tallest-46,right,tallest,double,single,2026-03-17T20:11:54Z,barchart,second,5,double,tallest,46,TRUE,TRUE,TRUE,TRUE,study,TRUE
452,6438e5ddc8f49802145ad685,811,1,95,barchart-second-12-same-tallest-47,right,tallest,same,single,2026-03-17T20:11:55Z,barchart,second,12,same,tallest,47,TRUE,TRUE,TRUE,TRUE,study,TRUE
545,66293da691cec8862619b1dc,1565,1,0,barchart-first-12-double-tallest-0,right,tallest,double,single,2026-03-17T20:59:09Z,barchart,first,12,double,tallest,0,TRUE,TRUE,TRUE,TRUE,study,TRUE
546,66293da691cec8862619b1dc,1174,1,1,barchart-first-17-double-tallest-1,left,tallest,double,single,2026-03-17T20:59:10Z,barchart,first,17,double,tallest,1,TRUE,TRUE,TRUE,TRUE,study,TRUE
547,66293da691cec8862619b1dc,1057,1,2,barchart-first-23-random-tallest-2,right,tallest,random,single,2026-03-17T20:59:12Z,barchart,first,23,random,tallest,2,TRUE,TRUE,TRUE,TRUE,study,TRUE
548,66293da691cec8862619b1dc,1078,1,3,barchart-first-31-same-tallest-3,right,tallest,same,single,2026-03-17T20:59:14Z,barchart,first,31,same,tallest,3,TRUE,TRUE,TRUE,TRUE,study,TRUE
549,66293da691cec8862619b1dc,1414,1,4,barchart-first-11-random-tallest-4,left,tallest,random,single,2026-03-17T20:59:16Z,barchart,first,11,random,tallest,4,TRUE,TRUE,TRUE,TRUE,study,TRUE
550,66293da691cec8862619b1dc,1303,1,5,barchart-first-20-double-tallest-5,right,tallest,double,single,2026-03-17T20:59:18Z,barchart,first,20,double,tallest,5,TRUE,TRUE,TRUE,TRUE,study,TRUE
551,66293da691cec8862619b1dc,803,1,6,barchart-first-26-random-tallest-6,left,tallest,random,single,2026-03-17T20:59:19Z,barchart,first,26,random,tallest,6,TRUE,TRUE,TRUE,TRUE,study,TRUE
552,66293da691cec8862619b1dc,1550,1,7,barchart-first-18-same-tallest-7,left,tallest,same,single,2026-03-17T20:59:22Z,barchart,first,18,same,tallest,7,TRUE,TRUE,TRUE,TRUE,study,TRUE
553,66293da691cec8862619b1dc,1462,1,8,barchart-first-11-double-tallest-8,left,tallest,double,single,2026-03-17T20:59:24Z,barchart,first,11,double,tallest,8,TRUE,TRUE,TRUE,TRUE,study,TRUE
554,66293da691cec8862619b1dc,982,1,9,barchart-first-09-same-tallest-9,left,tallest,same,single,2026-03-17T20:59:25Z,barchart,first,9,same,tallest,9,TRUE,TRUE,TRUE,TRUE,study,TRUE
555,66293da691cec8862619b1dc,757,1,10,barchart-first-24-double-tallest-10,right,tallest,double,single,2026-03-17T20:59:27Z,barchart,first,24,double,tallest,10,TRUE,TRUE,TRUE,TRUE,study,TRUE
556,66293da691cec8862619b1dc,707,1,11,barchart-first-15-double-tallest-11,right,tallest,double,single,2026-03-17T20:59:28Z,barchart,first,15,double,tallest,11,TRUE,TRUE,TRUE,TRUE,study,TRUE
557,66293da691cec8862619b1dc,808,1,12,barchart-first-06-random-tallest-12,right,tallest,random,single,2026-03-17T20:59:30Z,barchart,first,6,random,tallest,12,TRUE,TRUE,TRUE,TRUE,study,TRUE
558,66293da691cec8862619b1dc,1104,1,13,barchart-first-15-same-tallest-13,right,tallest,same,single,2026-03-17T20:59:32Z,barchart,first,15,same,tallest,13,TRUE,TRUE,TRUE,TRUE,study,TRUE
559,66293da691cec8862619b1dc,1242,1,14,barchart-first-14-same-tallest-14,left,tallest,same,single,2026-03-17T20:59:33Z,barchart,first,14,same,tallest,14,TRUE,TRUE,TRUE,TRUE,study,TRUE
560,66293da691cec8862619b1dc,1231,1,15,barchart-first-13-double-tallest-15,left,tallest,double,single,2026-03-17T20:59:35Z,barchart,first,13,double,tallest,15,TRUE,TRUE,TRUE,TRUE,study,TRUE
561,66293da691cec8862619b1dc,1166,1,16,barchart-first-29-random-tallest-16,left,tallest,random,single,2026-03-17T20:59:37Z,barchart,first,29,random,tallest,16,TRUE,TRUE,TRUE,TRUE,study,TRUE
562,66293da691cec8862619b1dc,832,1,17,barchart-first-22-random-tallest-17,right,tallest,random,single,2026-03-17T20:59:39Z,barchart,first,22,random,tallest,17,TRUE,TRUE,TRUE,TRUE,study,TRUE
563,66293da691cec8862619b1dc,1009,1,18,barchart-first-19-same-tallest-18,right,tallest,same,single,2026-03-17T20:59:40Z,barchart,first,19,same,tallest,18,TRUE,TRUE,TRUE,TRUE,study,TRUE
564,66293da691cec8862619b1dc,759,1,19,barchart-first-22-same-tallest-19,right,tallest,same,single,2026-03-17T20:59:42Z,barchart,first,22,same,tallest,19,TRUE,TRUE,TRUE,TRUE,study,TRUE
565,66293da691cec8862619b1dc,738,1,20,barchart-first-07-same-tallest-20,left,tallest,same,single,2026-03-17T20:59:43Z,barchart,first,7,same,tallest,20,TRUE,TRUE,TRUE,TRUE,study,TRUE
566,66293da691cec8862619b1dc,1058,1,21,barchart-first-03-double-tallest-21,left,tallest,double,single,2026-03-17T20:59:45Z,barchart,first,3,double,tallest,21,TRUE,TRUE,TRUE,TRUE,study,TRUE
567,66293da691cec8862619b1dc,835,1,22,barchart-first-21-double-tallest-22,left,tallest,double,single,2026-03-17T20:59:46Z,barchart,first,21,double,tallest,22,TRUE,TRUE,TRUE,TRUE,study,TRUE
568,66293da691cec8862619b1dc,1167,1,23,barchart-first-18-random-tallest-23,left,tallest,random,single,2026-03-17T20:59:48Z,barchart,first,18,random,tallest,23,TRUE,TRUE,TRUE,TRUE,study,TRUE
569,66293da691cec8862619b1dc,1284,1,24,barchart-first-21-random-tallest-24,left,tallest,random,single,2026-03-17T21:00:05Z,barchart,first,21,random,tallest,24,TRUE,TRUE,TRUE,TRUE,study,TRUE
570,66293da691cec8862619b1dc,837,1,25,barchart-first-10-same-tallest-25,right,tallest,same,single,2026-03-17T21:00:07Z,barchart,first,10,same,tallest,25,TRUE,TRUE,TRUE,TRUE,study,TRUE
571,66293da691cec8862619b1dc,873,1,26,barchart-first-15-random-tallest-26,right,tallest,random,single,2026-03-17T21:00:08Z,barchart,first,15,random,tallest,26,TRUE,TRUE,TRUE,TRUE,study,TRUE
572,66293da691cec8862619b1dc,952,1,27,barchart-first-27-same-tallest-27,right,tallest,same,single,2026-03-17T21:00:10Z,barchart,first,27,same,tallest,27,TRUE,TRUE,TRUE,TRUE,study,TRUE
573,66293da691cec8862619b1dc,1070,1,28,barchart-first-17-same-tallest-28,left,tallest,same,single,2026-03-17T21:00:12Z,barchart,first,17,same,tallest,28,TRUE,TRUE,TRUE,TRUE,study,TRUE
574,66293da691cec8862619b1dc,780,1,29,barchart-first-12-random-tallest-29,right,tallest,random,single,2026-03-17T21:00:13Z,barchart,first,12,random,tallest,29,TRUE,TRUE,TRUE,TRUE,study,TRUE
575,66293da691cec8862619b1dc,862,1,30,barchart-first-05-double-tallest-30,right,tallest,double,single,2026-03-17T21:00:15Z,barchart,first,5,double,tallest,30,TRUE,TRUE,TRUE,TRUE,study,TRUE
576,66293da691cec8862619b1dc,773,1,31,barchart-first-04-same-tallest-31,left,tallest,same,single,2026-03-17T21:00:16Z,barchart,first,4,same,tallest,31,TRUE,TRUE,TRUE,TRUE,study,TRUE
577,66293da691cec8862619b1dc,740,1,32,barchart-first-27-double-tallest-32,right,tallest,double,single,2026-03-17T21:00:18Z,barchart,first,27,double,tallest,32,TRUE,TRUE,TRUE,TRUE,study,TRUE
578,66293da691cec8862619b1dc,634,1,33,barchart-first-08-random-tallest-33,left,tallest,random,single,2026-03-17T21:00:19Z,barchart,first,8,random,tallest,33,TRUE,TRUE,TRUE,TRUE,study,TRUE
579,66293da691cec8862619b1dc,1775,1,34,barchart-first-17-random-tallest-34,left,tallest,random,single,2026-03-17T21:00:21Z,barchart,first,17,random,tallest,34,TRUE,TRUE,TRUE,TRUE,study,TRUE
580,66293da691cec8862619b1dc,1088,1,35,barchart-first-03-same-tallest-35,left,tallest,same,single,2026-03-17T21:00:23Z,barchart,first,3,same,tallest,35,TRUE,TRUE,TRUE,TRUE,study,TRUE
581,66293da691cec8862619b1dc,767,1,36,barchart-first-01-random-tallest-36,left,tallest,random,single,2026-03-17T21:00:25Z,barchart,first,1,random,tallest,36,TRUE,TRUE,TRUE,TRUE,study,TRUE
582,66293da691cec8862619b1dc,641,1,37,barchart-first-26-same-tallest-37,left,tallest,same,single,2026-03-17T21:00:26Z,barchart,first,26,same,tallest,37,TRUE,TRUE,TRUE,TRUE,study,TRUE
583,66293da691cec8862619b1dc,552,1,38,barchart-first-31-double-tallest-38,right,tallest,double,single,2026-03-17T21:00:27Z,barchart,first,31,double,tallest,38,TRUE,TRUE,TRUE,TRUE,study,TRUE
584,66293da691cec8862619b1dc,588,1,39,barchart-first-29-double-tallest-39,left,tallest,double,single,2026-03-17T21:00:28Z,barchart,first,29,double,tallest,39,TRUE,TRUE,TRUE,TRUE,study,TRUE
585,66293da691cec8862619b1dc,655,1,40,barchart-first-30-same-tallest-40,right,tallest,same,single,2026-03-17T21:00:30Z,barchart,first,30,same,tallest,40,TRUE,TRUE,TRUE,TRUE,study,TRUE
586,66293da691cec8862619b1dc,718,1,41,barchart-first-00-random-tallest-41,right,tallest,random,single,2026-03-17T21:00:31Z,barchart,first,0,random,tallest,41,TRUE,TRUE,TRUE,TRUE,study,TRUE
587,66293da691cec8862619b1dc,710,1,42,barchart-first-00-double-tallest-42,right,tallest,double,single,2026-03-17T21:00:33Z,barchart,first,0,double,tallest,42,TRUE,TRUE,TRUE,TRUE,study,TRUE
588,66293da691cec8862619b1dc,904,1,43,barchart-first-25-random-tallest-43,right,tallest,random,single,2026-03-17T21:00:34Z,barchart,first,25,random,tallest,43,TRUE,TRUE,TRUE,TRUE,study,TRUE
589,66293da691cec8862619b1dc,886,1,44,barchart-first-05-random-tallest-44,right,tallest,random,single,2026-03-17T21:00:36Z,barchart,first,5,random,tallest,44,TRUE,TRUE,TRUE,TRUE,study,TRUE
590,66293da691cec8862619b1dc,1421,1,45,barchart-first-07-double-tallest-45,left,tallest,double,single,2026-03-17T21:00:38Z,barchart,first,7,double,tallest,45,TRUE,TRUE,TRUE,TRUE,study,TRUE
591,66293da691cec8862619b1dc,678,1,46,barchart-first-02-double-tallest-46,left,tallest,double,single,2026-03-17T21:00:39Z,barchart,first,2,double,tallest,46,TRUE,TRUE,TRUE,TRUE,study,TRUE
592,66293da691cec8862619b1dc,612,1,47,barchart-first-05-same-tallest-47,right,tallest,same,single,2026-03-17T21:00:40Z,barchart,first,5,same,tallest,47,TRUE,TRUE,TRUE,TRUE,study,TRUE
593,66293da691cec8862619b1dc,1897,1,48,barchart-second-28-double-shortest-0,right,shortest,double,single,2026-03-17T21:00:54Z,barchart,second,28,double,shortest,0,TRUE,TRUE,TRUE,TRUE,study,TRUE
594,66293da691cec8862619b1dc,1782,1,49,barchart-second-14-double-shortest-1,left,shortest,double,single,2026-03-17T21:00:56Z,barchart,second,14,double,shortest,1,TRUE,TRUE,TRUE,TRUE,study,TRUE
595,66293da691cec8862619b1dc,1120,1,50,barchart-second-19-double-shortest-2,left,shortest,double,single,2026-03-17T21:00:58Z,barchart,second,19,double,shortest,2,TRUE,TRUE,TRUE,TRUE,study,TRUE
596,66293da691cec8862619b1dc,1597,1,51,barchart-second-00-same-shortest-3,left,shortest,same,single,2026-03-17T21:01:00Z,barchart,second,0,same,shortest,3,TRUE,TRUE,TRUE,TRUE,study,TRUE
597,66293da691cec8862619b1dc,1555,1,52,barchart-second-04-double-shortest-4,right,shortest,double,single,2026-03-17T21:01:02Z,barchart,second,4,double,shortest,4,TRUE,TRUE,TRUE,TRUE,study,TRUE
598,66293da691cec8862619b1dc,1606,1,53,barchart-second-02-same-shortest-5,right,shortest,same,single,2026-03-17T21:01:05Z,barchart,second,2,same,shortest,5,TRUE,TRUE,TRUE,TRUE,study,TRUE
600,66293da691cec8862619b1dc,1079,1,54,barchart-second-11-same-shortest-6,right,shortest,same,single,2026-03-17T21:01:06Z,barchart,second,11,same,shortest,6,TRUE,TRUE,TRUE,TRUE,study,TRUE
601,66293da691cec8862619b1dc,2069,1,55,barchart-second-01-same-shortest-7,right,shortest,same,single,2026-03-17T21:01:09Z,barchart,second,1,same,shortest,7,TRUE,TRUE,TRUE,TRUE,study,TRUE
602,66293da691cec8862619b1dc,1173,1,56,barchart-second-16-double-shortest-8,right,shortest,double,single,2026-03-17T21:01:11Z,barchart,second,16,double,shortest,8,TRUE,TRUE,TRUE,TRUE,study,TRUE
604,66293da691cec8862619b1dc,987,1,57,barchart-second-20-same-shortest-9,right,shortest,same,single,2026-03-17T21:01:13Z,barchart,second,20,same,shortest,9,TRUE,TRUE,TRUE,TRUE,study,TRUE
605,66293da691cec8862619b1dc,1919,1,58,barchart-second-24-same-shortest-10,left,shortest,same,single,2026-03-17T21:01:15Z,barchart,second,24,same,shortest,10,TRUE,TRUE,TRUE,TRUE,study,TRUE
606,66293da691cec8862619b1dc,1658,1,59,barchart-second-10-random-shortest-11,left,shortest,random,single,2026-03-17T21:01:18Z,barchart,second,10,random,shortest,11,TRUE,TRUE,TRUE,TRUE,study,TRUE
608,66293da691cec8862619b1dc,1401,1,60,barchart-second-16-random-shortest-12,right,shortest,random,single,2026-03-17T21:01:20Z,barchart,second,16,random,shortest,12,TRUE,TRUE,TRUE,TRUE,study,TRUE
609,66293da691cec8862619b1dc,800,1,61,barchart-second-26-double-shortest-13,left,shortest,double,single,2026-03-17T21:01:21Z,barchart,second,26,double,shortest,13,TRUE,TRUE,TRUE,TRUE,study,TRUE
611,66293da691cec8862619b1dc,1139,1,62,barchart-second-19-random-shortest-14,left,shortest,random,single,2026-03-17T21:01:23Z,barchart,second,19,random,shortest,14,TRUE,TRUE,TRUE,TRUE,study,TRUE
612,66293da691cec8862619b1dc,1723,1,63,barchart-second-03-random-shortest-15,right,shortest,random,single,2026-03-17T21:01:25Z,barchart,second,3,random,shortest,15,TRUE,TRUE,TRUE,TRUE,study,TRUE
614,66293da691cec8862619b1dc,1253,1,64,barchart-second-04-random-shortest-16,right,shortest,random,single,2026-03-17T21:01:27Z,barchart,second,4,random,shortest,16,TRUE,TRUE,TRUE,TRUE,study,TRUE
616,66293da691cec8862619b1dc,2656,1,65,barchart-second-31-random-shortest-17,right,shortest,random,single,2026-03-17T21:01:31Z,barchart,second,31,random,shortest,17,TRUE,TRUE,TRUE,TRUE,study,TRUE
617,66293da691cec8862619b1dc,1839,1,66,barchart-second-28-same-shortest-18,right,shortest,same,single,2026-03-17T21:01:33Z,barchart,second,28,same,shortest,18,TRUE,TRUE,TRUE,TRUE,study,TRUE
619,66293da691cec8862619b1dc,1753,1,67,barchart-second-30-double-shortest-19,left,shortest,double,single,2026-03-17T21:01:35Z,barchart,second,30,double,shortest,19,TRUE,TRUE,TRUE,TRUE,study,TRUE
620,66293da691cec8862619b1dc,928,1,68,barchart-second-18-double-shortest-20,right,shortest,double,single,2026-03-17T21:01:37Z,barchart,second,18,double,shortest,20,TRUE,TRUE,TRUE,TRUE,study,TRUE
622,66293da691cec8862619b1dc,2526,0,69,barchart-second-14-random-shortest-21,right,shortest,random,single,2026-03-17T21:01:40Z,barchart,second,14,random,shortest,21,TRUE,TRUE,TRUE,TRUE,study,TRUE
624,66293da691cec8862619b1dc,1966,1,70,barchart-second-27-random-shortest-22,right,shortest,random,single,2026-03-17T21:01:44Z,barchart,second,27,random,shortest,22,TRUE,TRUE,TRUE,TRUE,study,TRUE
626,66293da691cec8862619b1dc,1460,1,71,barchart-second-20-random-shortest-23,right,shortest,random,single,2026-03-17T21:01:46Z,barchart,second,20,random,shortest,23,TRUE,TRUE,TRUE,TRUE,study,TRUE
630,66293da691cec8862619b1dc,1813,1,72,barchart-second-28-random-shortest-24,right,shortest,random,single,2026-03-17T21:01:58Z,barchart,second,28,random,shortest,24,TRUE,TRUE,TRUE,TRUE,study,TRUE
632,66293da691cec8862619b1dc,2127,1,73,barchart-second-07-random-shortest-25,left,shortest,random,single,2026-03-17T21:02:01Z,barchart,second,7,random,shortest,25,TRUE,TRUE,TRUE,TRUE,study,TRUE
634,66293da691cec8862619b1dc,1061,1,74,barchart-second-21-same-shortest-26,left,shortest,same,single,2026-03-17T21:02:03Z,barchart,second,21,same,shortest,26,TRUE,TRUE,TRUE,TRUE,study,TRUE
636,66293da691cec8862619b1dc,1908,1,75,barchart-second-06-double-shortest-27,left,shortest,double,single,2026-03-17T21:02:05Z,barchart,second,6,double,shortest,27,TRUE,TRUE,TRUE,TRUE,study,TRUE
637,66293da691cec8862619b1dc,1423,1,76,barchart-second-16-same-shortest-28,right,shortest,same,single,2026-03-17T21:02:08Z,barchart,second,16,same,shortest,28,TRUE,TRUE,TRUE,TRUE,study,TRUE
639,66293da691cec8862619b1dc,1209,1,77,barchart-second-25-double-shortest-29,right,shortest,double,single,2026-03-17T21:02:09Z,barchart,second,25,double,shortest,29,TRUE,TRUE,TRUE,TRUE,study,TRUE
640,66293da691cec8862619b1dc,1117,1,78,barchart-second-06-same-shortest-30,left,shortest,same,single,2026-03-17T21:02:11Z,barchart,second,6,same,shortest,30,TRUE,TRUE,TRUE,TRUE,study,TRUE
642,66293da691cec8862619b1dc,1776,1,79,barchart-second-09-random-shortest-31,left,shortest,random,single,2026-03-17T21:02:14Z,barchart,second,9,random,shortest,31,TRUE,TRUE,TRUE,TRUE,study,TRUE
644,66293da691cec8862619b1dc,1520,1,80,barchart-second-23-double-shortest-32,right,shortest,double,single,2026-03-17T21:02:16Z,barchart,second,23,double,shortest,32,TRUE,TRUE,TRUE,TRUE,study,TRUE
646,66293da691cec8862619b1dc,1284,1,81,barchart-second-29-same-shortest-33,left,shortest,same,single,2026-03-17T21:02:18Z,barchart,second,29,same,shortest,33,TRUE,TRUE,TRUE,TRUE,study,TRUE
647,66293da691cec8862619b1dc,1049,1,82,barchart-second-10-double-shortest-34,left,shortest,double,single,2026-03-17T21:02:20Z,barchart,second,10,double,shortest,34,TRUE,TRUE,TRUE,TRUE,study,TRUE
649,66293da691cec8862619b1dc,1557,1,83,barchart-second-02-random-shortest-35,right,shortest,random,single,2026-03-17T21:02:22Z,barchart,second,2,random,shortest,35,TRUE,TRUE,TRUE,TRUE,study,TRUE
651,66293da691cec8862619b1dc,1196,1,84,barchart-second-13-random-shortest-36,left,shortest,random,single,2026-03-17T21:02:24Z,barchart,second,13,random,shortest,36,TRUE,TRUE,TRUE,TRUE,study,TRUE
653,66293da691cec8862619b1dc,1103,1,85,barchart-second-08-double-shortest-37,left,shortest,double,single,2026-03-17T21:02:25Z,barchart,second,8,double,shortest,37,TRUE,TRUE,TRUE,TRUE,study,TRUE
655,66293da691cec8862619b1dc,1150,1,86,barchart-second-30-random-shortest-38,left,shortest,random,single,2026-03-17T21:02:27Z,barchart,second,30,random,shortest,38,TRUE,TRUE,TRUE,TRUE,study,TRUE
656,66293da691cec8862619b1dc,1305,1,87,barchart-second-12-same-shortest-39,left,shortest,same,single,2026-03-17T21:02:29Z,barchart,second,12,same,shortest,39,TRUE,TRUE,TRUE,TRUE,study,TRUE
657,66293da691cec8862619b1dc,1510,1,88,barchart-second-01-double-shortest-40,right,shortest,double,single,2026-03-17T21:02:31Z,barchart,second,1,double,shortest,40,TRUE,TRUE,TRUE,TRUE,study,TRUE
658,66293da691cec8862619b1dc,1230,1,89,barchart-second-13-same-shortest-41,left,shortest,same,single,2026-03-17T21:02:33Z,barchart,second,13,same,shortest,41,TRUE,TRUE,TRUE,TRUE,study,TRUE
659,66293da691cec8862619b1dc,2029,1,90,barchart-second-22-double-shortest-42,right,shortest,double,single,2026-03-17T21:02:36Z,barchart,second,22,double,shortest,42,TRUE,TRUE,TRUE,TRUE,study,TRUE
660,66293da691cec8862619b1dc,1167,1,91,barchart-second-09-double-shortest-43,left,shortest,double,single,2026-03-17T21:02:38Z,barchart,second,9,double,shortest,43,TRUE,TRUE,TRUE,TRUE,study,TRUE
661,66293da691cec8862619b1dc,2132,1,92,barchart-second-24-random-shortest-44,left,shortest,random,single,2026-03-17T21:02:40Z,barchart,second,24,random,shortest,44,TRUE,TRUE,TRUE,TRUE,study,TRUE
662,66293da691cec8862619b1dc,1344,1,93,barchart-second-25-same-shortest-45,right,shortest,same,single,2026-03-17T21:02:42Z,barchart,second,25,same,shortest,45,TRUE,TRUE,TRUE,TRUE,study,TRUE
663,66293da691cec8862619b1dc,1393,1,94,barchart-second-08-same-shortest-46,left,shortest,same,single,2026-03-17T21:02:44Z,barchart,second,8,same,shortest,46,TRUE,TRUE,TRUE,TRUE,study,TRUE
664,66293da691cec8862619b1dc,1001,1,95,barchart-second-23-same-shortest-47,right,shortest,same,single,2026-03-17T21:02:46Z,barchart,second,23,same,shortest,47,TRUE,TRUE,TRUE,TRUE,study,TRUE
929,66ecded667f721bca7e5609d,3870,1,0,barchart-first-16-random-tallest-0,left,tallest,random,single,2026-03-17T21:25:53Z,barchart,first,16,random,tallest,0,TRUE,TRUE,TRUE,TRUE,study,TRUE
930,66ecded667f721bca7e5609d,2186,1,1,barchart-first-14-same-tallest-1,left,tallest,same,single,2026-03-17T21:25:55Z,barchart,first,14,same,tallest,1,TRUE,TRUE,TRUE,TRUE,study,TRUE
931,66ecded667f721bca7e5609d,1017,1,2,barchart-first-31-double-tallest-2,right,tallest,double,single,2026-03-17T21:25:57Z,barchart,first,31,double,tallest,2,TRUE,TRUE,TRUE,TRUE,study,TRUE
932,66ecded667f721bca7e5609d,1158,1,3,barchart-first-23-random-tallest-3,right,tallest,random,single,2026-03-17T21:25:59Z,barchart,first,23,random,tallest,3,TRUE,TRUE,TRUE,TRUE,study,TRUE
933,66ecded667f721bca7e5609d,989,1,4,barchart-first-10-random-tallest-4,right,tallest,random,single,2026-03-17T21:26:00Z,barchart,first,10,random,tallest,4,TRUE,TRUE,TRUE,TRUE,study,TRUE
934,66ecded667f721bca7e5609d,1770,1,5,barchart-first-14-random-tallest-5,left,tallest,random,single,2026-03-17T21:26:03Z,barchart,first,14,random,tallest,5,TRUE,TRUE,TRUE,TRUE,study,TRUE
935,66ecded667f721bca7e5609d,1198,1,6,barchart-first-04-same-tallest-6,left,tallest,same,single,2026-03-17T21:26:05Z,barchart,first,4,same,tallest,6,TRUE,TRUE,TRUE,TRUE,study,TRUE
936,66ecded667f721bca7e5609d,743,1,7,barchart-first-13-random-tallest-7,left,tallest,random,single,2026-03-17T21:26:06Z,barchart,first,13,random,tallest,7,TRUE,TRUE,TRUE,TRUE,study,TRUE
937,66ecded667f721bca7e5609d,1083,1,8,barchart-first-30-random-tallest-8,right,tallest,random,single,2026-03-17T21:26:08Z,barchart,first,30,random,tallest,8,TRUE,TRUE,TRUE,TRUE,study,TRUE
938,66ecded667f721bca7e5609d,2285,1,9,barchart-first-04-random-tallest-9,left,tallest,random,single,2026-03-17T21:26:11Z,barchart,first,4,random,tallest,9,TRUE,TRUE,TRUE,TRUE,study,TRUE
939,66ecded667f721bca7e5609d,1636,1,10,barchart-first-16-same-tallest-10,left,tallest,same,single,2026-03-17T21:26:13Z,barchart,first,16,same,tallest,10,TRUE,TRUE,TRUE,TRUE,study,TRUE
940,66ecded667f721bca7e5609d,1170,1,11,barchart-first-14-double-tallest-11,left,tallest,double,single,2026-03-17T21:26:15Z,barchart,first,14,double,tallest,11,TRUE,TRUE,TRUE,TRUE,study,TRUE
941,66ecded667f721bca7e5609d,838,1,12,barchart-first-21-double-tallest-12,left,tallest,double,single,2026-03-17T21:26:16Z,barchart,first,21,double,tallest,12,TRUE,TRUE,TRUE,TRUE,study,TRUE
942,66ecded667f721bca7e5609d,744,1,13,barchart-first-19-double-tallest-13,right,tallest,double,single,2026-03-17T21:26:18Z,barchart,first,19,double,tallest,13,TRUE,TRUE,TRUE,TRUE,study,TRUE
943,66ecded667f721bca7e5609d,1296,1,14,barchart-first-25-double-tallest-14,right,tallest,double,single,2026-03-17T21:26:20Z,barchart,first,25,double,tallest,14,TRUE,TRUE,TRUE,TRUE,study,TRUE
944,66ecded667f721bca7e5609d,1061,1,15,barchart-first-24-double-tallest-15,right,tallest,double,single,2026-03-17T21:26:22Z,barchart,first,24,double,tallest,15,TRUE,TRUE,TRUE,TRUE,study,TRUE
945,66ecded667f721bca7e5609d,1145,1,16,barchart-first-25-same-tallest-16,right,tallest,same,single,2026-03-17T21:26:23Z,barchart,first,25,same,tallest,16,TRUE,TRUE,TRUE,TRUE,study,TRUE
946,66ecded667f721bca7e5609d,1655,1,17,barchart-first-16-double-tallest-17,left,tallest,double,single,2026-03-17T21:26:26Z,barchart,first,16,double,tallest,17,TRUE,TRUE,TRUE,TRUE,study,TRUE
947,66ecded667f721bca7e5609d,1301,1,18,barchart-first-13-same-tallest-18,left,tallest,same,single,2026-03-17T21:26:28Z,barchart,first,13,same,tallest,18,TRUE,TRUE,TRUE,TRUE,study,TRUE
948,66ecded667f721bca7e5609d,921,1,19,barchart-first-00-double-tallest-19,right,tallest,double,single,2026-03-17T21:26:29Z,barchart,first,0,double,tallest,19,TRUE,TRUE,TRUE,TRUE,study,TRUE
949,66ecded667f721bca7e5609d,774,1,20,barchart-first-24-same-tallest-20,right,tallest,same,single,2026-03-17T21:26:31Z,barchart,first,24,same,tallest,20,TRUE,TRUE,TRUE,TRUE,study,TRUE
950,66ecded667f721bca7e5609d,1087,1,21,barchart-first-22-random-tallest-21,right,tallest,random,single,2026-03-17T21:26:32Z,barchart,first,22,random,tallest,21,TRUE,TRUE,TRUE,TRUE,study,TRUE
951,66ecded667f721bca7e5609d,896,1,22,barchart-first-23-same-tallest-22,right,tallest,same,single,2026-03-17T21:26:34Z,barchart,first,23,same,tallest,22,TRUE,TRUE,TRUE,TRUE,study,TRUE
952,66ecded667f721bca7e5609d,889,1,23,barchart-first-10-double-tallest-23,right,tallest,double,single,2026-03-17T21:26:35Z,barchart,first,10,double,tallest,23,TRUE,TRUE,TRUE,TRUE,study,TRUE
953,66ecded667f721bca7e5609d,1850,1,24,barchart-first-23-double-tallest-24,right,tallest,double,single,2026-03-17T21:26:45Z,barchart,first,23,double,tallest,24,TRUE,TRUE,TRUE,TRUE,study,TRUE
954,66ecded667f721bca7e5609d,889,1,25,barchart-first-18-same-tallest-25,left,tallest,same,single,2026-03-17T21:26:46Z,barchart,first,18,same,tallest,25,TRUE,TRUE,TRUE,TRUE,study,TRUE
955,66ecded667f721bca7e5609d,995,1,26,barchart-first-20-random-tallest-26,right,tallest,random,single,2026-03-17T21:26:48Z,barchart,first,20,random,tallest,26,TRUE,TRUE,TRUE,TRUE,study,TRUE
956,66ecded667f721bca7e5609d,1047,1,27,barchart-first-15-random-tallest-27,right,tallest,random,single,2026-03-17T21:26:49Z,barchart,first,15,random,tallest,27,TRUE,TRUE,TRUE,TRUE,study,TRUE
957,66ecded667f721bca7e5609d,1464,1,28,barchart-first-17-random-tallest-28,left,tallest,random,single,2026-03-17T21:26:52Z,barchart,first,17,random,tallest,28,TRUE,TRUE,TRUE,TRUE,study,TRUE
958,66ecded667f721bca7e5609d,695,1,29,barchart-first-29-same-tallest-29,left,tallest,same,single,2026-03-17T21:26:53Z,barchart,first,29,same,tallest,29,TRUE,TRUE,TRUE,TRUE,study,TRUE
959,66ecded667f721bca7e5609d,786,1,30,barchart-first-04-double-tallest-30,left,tallest,double,single,2026-03-17T21:26:54Z,barchart,first,4,double,tallest,30,TRUE,TRUE,TRUE,TRUE,study,TRUE
960,66ecded667f721bca7e5609d,856,1,31,barchart-first-15-same-tallest-31,right,tallest,same,single,2026-03-17T21:26:56Z,barchart,first,15,same,tallest,31,TRUE,TRUE,TRUE,TRUE,study,TRUE
961,66ecded667f721bca7e5609d,640,1,32,barchart-first-26-random-tallest-32,left,tallest,random,single,2026-03-17T21:26:57Z,barchart,first,26,random,tallest,32,TRUE,TRUE,TRUE,TRUE,study,TRUE
962,66ecded667f721bca7e5609d,787,1,33,barchart-first-02-double-tallest-33,left,tallest,double,single,2026-03-17T21:26:58Z,barchart,first,2,double,tallest,33,TRUE,TRUE,TRUE,TRUE,study,TRUE
963,66ecded667f721bca7e5609d,955,1,34,barchart-first-08-double-tallest-34,left,tallest,double,single,2026-03-17T21:27:00Z,barchart,first,8,double,tallest,34,TRUE,TRUE,TRUE,TRUE,study,TRUE
964,66ecded667f721bca7e5609d,743,1,35,barchart-first-03-double-tallest-35,left,tallest,double,single,2026-03-17T21:27:01Z,barchart,first,3,double,tallest,35,TRUE,TRUE,TRUE,TRUE,study,TRUE
965,66ecded667f721bca7e5609d,783,1,36,barchart-first-09-random-tallest-36,left,tallest,random,single,2026-03-17T21:27:03Z,barchart,first,9,random,tallest,36,TRUE,TRUE,TRUE,TRUE,study,TRUE
966,66ecded667f721bca7e5609d,735,1,37,barchart-first-19-same-tallest-37,right,tallest,same,single,2026-03-17T21:27:04Z,barchart,first,19,same,tallest,37,TRUE,TRUE,TRUE,TRUE,study,TRUE
967,66ecded667f721bca7e5609d,710,1,38,barchart-first-06-random-tallest-38,right,tallest,random,single,2026-03-17T21:27:06Z,barchart,first,6,random,tallest,38,TRUE,TRUE,TRUE,TRUE,study,TRUE
968,66ecded667f721bca7e5609d,764,1,39,barchart-first-24-random-tallest-39,right,tallest,random,single,2026-03-17T21:27:07Z,barchart,first,24,random,tallest,39,TRUE,TRUE,TRUE,TRUE,study,TRUE
969,66ecded667f721bca7e5609d,754,1,40,barchart-first-18-random-tallest-40,left,tallest,random,single,2026-03-17T21:27:08Z,barchart,first,18,random,tallest,40,TRUE,TRUE,TRUE,TRUE,study,TRUE
970,66ecded667f721bca7e5609d,951,1,41,barchart-first-05-same-tallest-41,right,tallest,same,single,2026-03-17T21:27:10Z,barchart,first,5,same,tallest,41,TRUE,TRUE,TRUE,TRUE,study,TRUE
971,66ecded667f721bca7e5609d,706,1,42,barchart-first-21-same-tallest-42,left,tallest,same,single,2026-03-17T21:27:11Z,barchart,first,21,same,tallest,42,TRUE,TRUE,TRUE,TRUE,study,TRUE
972,66ecded667f721bca7e5609d,614,1,43,barchart-first-07-double-tallest-43,left,tallest,double,single,2026-03-17T21:27:12Z,barchart,first,7,double,tallest,43,TRUE,TRUE,TRUE,TRUE,study,TRUE
973,66ecded667f721bca7e5609d,860,1,44,barchart-first-30-same-tallest-44,right,tallest,same,single,2026-03-17T21:27:14Z,barchart,first,30,same,tallest,44,TRUE,TRUE,TRUE,TRUE,study,TRUE
974,66ecded667f721bca7e5609d,1141,1,45,barchart-first-15-double-tallest-45,right,tallest,double,single,2026-03-17T21:27:16Z,barchart,first,15,double,tallest,45,TRUE,TRUE,TRUE,TRUE,study,TRUE
975,66ecded667f721bca7e5609d,1226,1,46,barchart-first-02-same-tallest-46,left,tallest,same,single,2026-03-17T21:27:18Z,barchart,first,2,same,tallest,46,TRUE,TRUE,TRUE,TRUE,study,TRUE
976,66ecded667f721bca7e5609d,782,1,47,barchart-first-31-same-tallest-47,right,tallest,same,single,2026-03-17T21:27:19Z,barchart,first,31,same,tallest,47,TRUE,TRUE,TRUE,TRUE,study,TRUE
977,66ecded667f721bca7e5609d,2360,1,48,barchart-second-20-same-shortest-0,right,shortest,same,single,2026-03-17T21:27:43Z,barchart,second,20,same,shortest,0,TRUE,TRUE,TRUE,TRUE,study,TRUE
978,66ecded667f721bca7e5609d,1394,1,49,barchart-second-01-random-shortest-1,right,shortest,random,single,2026-03-17T21:27:45Z,barchart,second,1,random,shortest,1,TRUE,TRUE,TRUE,TRUE,study,TRUE
979,66ecded667f721bca7e5609d,1780,1,50,barchart-second-11-random-shortest-2,right,shortest,random,single,2026-03-17T21:27:47Z,barchart,second,11,random,shortest,2,TRUE,TRUE,TRUE,TRUE,study,TRUE
980,66ecded667f721bca7e5609d,1209,1,51,barchart-second-11-same-shortest-3,right,shortest,same,single,2026-03-17T21:27:49Z,barchart,second,11,same,shortest,3,TRUE,TRUE,TRUE,TRUE,study,TRUE
981,66ecded667f721bca7e5609d,1144,1,52,barchart-second-03-random-shortest-4,right,shortest,random,single,2026-03-17T21:27:51Z,barchart,second,3,random,shortest,4,TRUE,TRUE,TRUE,TRUE,study,TRUE
982,66ecded667f721bca7e5609d,1694,0,53,barchart-second-07-same-shortest-5,right,shortest,same,single,2026-03-17T21:27:53Z,barchart,second,7,same,shortest,5,TRUE,TRUE,TRUE,TRUE,study,TRUE
983,66ecded667f721bca7e5609d,1439,1,54,barchart-second-08-random-shortest-6,left,shortest,random,single,2026-03-17T21:27:56Z,barchart,second,8,random,shortest,6,TRUE,TRUE,TRUE,TRUE,study,TRUE
984,66ecded667f721bca7e5609d,1169,1,55,barchart-second-05-double-shortest-7,left,shortest,double,single,2026-03-17T21:27:58Z,barchart,second,5,double,shortest,7,TRUE,TRUE,TRUE,TRUE,study,TRUE
985,66ecded667f721bca7e5609d,1379,1,56,barchart-second-26-same-shortest-8,left,shortest,same,single,2026-03-17T21:28:00Z,barchart,second,26,same,shortest,8,TRUE,TRUE,TRUE,TRUE,study,TRUE
986,66ecded667f721bca7e5609d,2121,1,57,barchart-second-18-double-shortest-9,right,shortest,double,single,2026-03-17T21:28:03Z,barchart,second,18,double,shortest,9,TRUE,TRUE,TRUE,TRUE,study,TRUE
987,66ecded667f721bca7e5609d,1823,1,58,barchart-second-02-random-shortest-10,right,shortest,random,single,2026-03-17T21:28:05Z,barchart,second,2,random,shortest,10,TRUE,TRUE,TRUE,TRUE,study,TRUE
988,66ecded667f721bca7e5609d,1284,1,59,barchart-second-07-random-shortest-11,left,shortest,random,single,2026-03-17T21:28:07Z,barchart,second,7,random,shortest,11,TRUE,TRUE,TRUE,TRUE,study,TRUE
989,66ecded667f721bca7e5609d,1755,1,60,barchart-second-01-same-shortest-12,right,shortest,same,single,2026-03-17T21:28:10Z,barchart,second,1,same,shortest,12,TRUE,TRUE,TRUE,TRUE,study,TRUE
990,66ecded667f721bca7e5609d,1542,1,61,barchart-second-12-random-shortest-13,left,shortest,random,single,2026-03-17T21:28:12Z,barchart,second,12,random,shortest,13,TRUE,TRUE,TRUE,TRUE,study,TRUE
991,66ecded667f721bca7e5609d,1276,1,62,barchart-second-28-double-shortest-14,right,shortest,double,single,2026-03-17T21:28:14Z,barchart,second,28,double,shortest,14,TRUE,TRUE,TRUE,TRUE,study,TRUE
992,66ecded667f721bca7e5609d,2279,1,63,barchart-second-05-random-shortest-15,left,shortest,random,single,2026-03-17T21:28:17Z,barchart,second,5,random,shortest,15,TRUE,TRUE,TRUE,TRUE,study,TRUE
993,66ecded667f721bca7e5609d,1739,1,64,barchart-second-13-double-shortest-16,left,shortest,double,single,2026-03-17T21:28:19Z,barchart,second,13,double,shortest,16,TRUE,TRUE,TRUE,TRUE,study,TRUE
994,66ecded667f721bca7e5609d,1786,1,65,barchart-second-12-same-shortest-17,left,shortest,same,single,2026-03-17T21:28:21Z,barchart,second,12,same,shortest,17,TRUE,TRUE,TRUE,TRUE,study,TRUE
995,66ecded667f721bca7e5609d,1210,1,66,barchart-second-12-double-shortest-18,left,shortest,double,single,2026-03-17T21:28:23Z,barchart,second,12,double,shortest,18,TRUE,TRUE,TRUE,TRUE,study,TRUE
996,66ecded667f721bca7e5609d,1616,1,67,barchart-second-17-double-shortest-19,right,shortest,double,single,2026-03-17T21:28:25Z,barchart,second,17,double,shortest,19,TRUE,TRUE,TRUE,TRUE,study,TRUE
997,66ecded667f721bca7e5609d,1418,1,68,barchart-second-17-same-shortest-20,right,shortest,same,single,2026-03-17T21:28:27Z,barchart,second,17,same,shortest,20,TRUE,TRUE,TRUE,TRUE,study,TRUE
998,66ecded667f721bca7e5609d,1327,1,69,barchart-second-08-same-shortest-21,left,shortest,same,single,2026-03-17T21:28:29Z,barchart,second,8,same,shortest,21,TRUE,TRUE,TRUE,TRUE,study,TRUE
999,66ecded667f721bca7e5609d,2417,0,70,barchart-second-06-same-shortest-22,right,shortest,same,single,2026-03-17T21:28:32Z,barchart,second,6,same,shortest,22,TRUE,TRUE,TRUE,TRUE,study,TRUE
1000,66ecded667f721bca7e5609d,1904,1,71,barchart-second-22-same-shortest-23,right,shortest,same,single,2026-03-17T21:28:36Z,barchart,second,22,same,shortest,23,TRUE,TRUE,TRUE,TRUE,study,TRUE
1001,66ecded667f721bca7e5609d,1227,1,72,barchart-second-29-random-shortest-24,left,shortest,random,single,2026-03-17T21:28:41Z,barchart,second,29,random,shortest,24,TRUE,TRUE,TRUE,TRUE,study,TRUE
1002,66ecded667f721bca7e5609d,1424,1,73,barchart-second-00-same-shortest-25,left,shortest,same,single,2026-03-17T21:28:43Z,barchart,second,0,same,shortest,25,TRUE,TRUE,TRUE,TRUE,study,TRUE
1003,66ecded667f721bca7e5609d,948,1,74,barchart-second-21-random-shortest-26,left,shortest,random,single,2026-03-17T21:28:44Z,barchart,second,21,random,shortest,26,TRUE,TRUE,TRUE,TRUE,study,TRUE
1004,66ecded667f721bca7e5609d,1403,1,75,barchart-second-30-double-shortest-27,left,shortest,double,single,2026-03-17T21:28:46Z,barchart,second,30,double,shortest,27,TRUE,TRUE,TRUE,TRUE,study,TRUE
1005,66ecded667f721bca7e5609d,1326,1,76,barchart-second-31-random-shortest-28,right,shortest,random,single,2026-03-17T21:28:49Z,barchart,second,31,random,shortest,28,TRUE,TRUE,TRUE,TRUE,study,TRUE
1006,66ecded667f721bca7e5609d,1032,1,77,barchart-second-28-same-shortest-29,right,shortest,same,single,2026-03-17T21:28:50Z,barchart,second,28,same,shortest,29,TRUE,TRUE,TRUE,TRUE,study,TRUE
1007,66ecded667f721bca7e5609d,1533,1,78,barchart-second-27-double-shortest-30,right,shortest,double,single,2026-03-17T21:28:52Z,barchart,second,27,double,shortest,30,TRUE,TRUE,TRUE,TRUE,study,TRUE
1008,66ecded667f721bca7e5609d,1062,1,79,barchart-second-28-random-shortest-31,right,shortest,random,single,2026-03-17T21:28:54Z,barchart,second,28,random,shortest,31,TRUE,TRUE,TRUE,TRUE,study,TRUE
1009,66ecded667f721bca7e5609d,1626,1,80,barchart-second-06-double-shortest-32,left,shortest,double,single,2026-03-17T21:28:56Z,barchart,second,6,double,shortest,32,TRUE,TRUE,TRUE,TRUE,study,TRUE
1010,66ecded667f721bca7e5609d,861,1,81,barchart-second-19-random-shortest-33,left,shortest,random,single,2026-03-17T21:28:58Z,barchart,second,19,random,shortest,33,TRUE,TRUE,TRUE,TRUE,study,TRUE
1011,66ecded667f721bca7e5609d,773,1,82,barchart-second-26-double-shortest-34,left,shortest,double,single,2026-03-17T21:28:59Z,barchart,second,26,double,shortest,34,TRUE,TRUE,TRUE,TRUE,study,TRUE
1012,66ecded667f721bca7e5609d,1220,1,83,barchart-second-03-same-shortest-35,right,shortest,same,single,2026-03-17T21:29:01Z,barchart,second,3,same,shortest,35,TRUE,TRUE,TRUE,TRUE,study,TRUE
1013,66ecded667f721bca7e5609d,890,1,84,barchart-second-29-double-shortest-36,left,shortest,double,single,2026-03-17T21:29:03Z,barchart,second,29,double,shortest,36,TRUE,TRUE,TRUE,TRUE,study,TRUE
1014,66ecded667f721bca7e5609d,1190,1,85,barchart-second-27-same-shortest-37,right,shortest,same,single,2026-03-17T21:29:04Z,barchart,second,27,same,shortest,37,TRUE,TRUE,TRUE,TRUE,study,TRUE
1015,66ecded667f721bca7e5609d,866,1,86,barchart-second-09-same-shortest-38,left,shortest,same,single,2026-03-17T21:29:06Z,barchart,second,9,same,shortest,38,TRUE,TRUE,TRUE,TRUE,study,TRUE
1016,66ecded667f721bca7e5609d,967,1,87,barchart-second-01-double-shortest-39,right,shortest,double,single,2026-03-17T21:29:08Z,barchart,second,1,double,shortest,39,TRUE,TRUE,TRUE,TRUE,study,TRUE
1017,66ecded667f721bca7e5609d,895,1,88,barchart-second-11-double-shortest-40,right,shortest,double,single,2026-03-17T21:29:09Z,barchart,second,11,double,shortest,40,TRUE,TRUE,TRUE,TRUE,study,TRUE
1018,66ecded667f721bca7e5609d,1024,1,89,barchart-second-10-same-shortest-41,left,shortest,same,single,2026-03-17T21:29:11Z,barchart,second,10,same,shortest,41,TRUE,TRUE,TRUE,TRUE,study,TRUE
1019,66ecded667f721bca7e5609d,1831,1,90,barchart-second-00-random-shortest-42,left,shortest,random,single,2026-03-17T21:29:13Z,barchart,second,0,random,shortest,42,TRUE,TRUE,TRUE,TRUE,study,TRUE
1020,66ecded667f721bca7e5609d,1467,1,91,barchart-second-22-double-shortest-43,right,shortest,double,single,2026-03-17T21:29:15Z,barchart,second,22,double,shortest,43,TRUE,TRUE,TRUE,TRUE,study,TRUE
1021,66ecded667f721bca7e5609d,963,1,92,barchart-second-09-double-shortest-44,left,shortest,double,single,2026-03-17T21:29:17Z,barchart,second,9,double,shortest,44,TRUE,TRUE,TRUE,TRUE,study,TRUE
1022,66ecded667f721bca7e5609d,1907,1,93,barchart-second-25-random-shortest-45,right,shortest,random,single,2026-03-17T21:29:19Z,barchart,second,25,random,shortest,45,TRUE,TRUE,TRUE,TRUE,study,TRUE
1023,66ecded667f721bca7e5609d,1131,1,94,barchart-second-27-random-shortest-46,right,shortest,random,single,2026-03-17T21:29:21Z,barchart,second,27,random,shortest,46,TRUE,TRUE,TRUE,TRUE,study,TRUE
1024,66ecded667f721bca7e5609d,853,1,95,barchart-second-20-double-shortest-47,right,shortest,double,single,2026-03-17T21:29:23Z,barchart,second,20,double,shortest,47,TRUE,TRUE,TRUE,TRUE,study,TRUE
338,672adb2909ca72744f212a7d,6034,1,0,barchart-first-28-same-tallest-0,right,tallest,same,single,2026-03-17T20:10:37Z,barchart,first,28,same,tallest,0,TRUE,TRUE,TRUE,TRUE,study,TRUE
341,672adb2909ca72744f212a7d,1816,1,1,barchart-first-16-random-tallest-1,left,tallest,random,single,2026-03-17T20:10:40Z,barchart,first,16,random,tallest,1,TRUE,TRUE,TRUE,TRUE,study,TRUE
346,672adb2909ca72744f212a7d,1613,1,2,barchart-first-04-same-tallest-2,left,tallest,same,single,2026-03-17T20:10:42Z,barchart,first,4,same,tallest,2,TRUE,TRUE,TRUE,TRUE,study,TRUE
349,672adb2909ca72744f212a7d,1275,1,3,barchart-first-13-random-tallest-3,left,tallest,random,single,2026-03-17T20:10:44Z,barchart,first,13,random,tallest,3,TRUE,TRUE,TRUE,TRUE,study,TRUE
352,672adb2909ca72744f212a7d,1793,1,4,barchart-first-14-random-tallest-4,left,tallest,random,single,2026-03-17T20:10:46Z,barchart,first,14,random,tallest,4,TRUE,TRUE,TRUE,TRUE,study,TRUE
355,672adb2909ca72744f212a7d,1424,1,5,barchart-first-27-random-tallest-5,right,tallest,random,single,2026-03-17T20:10:48Z,barchart,first,27,random,tallest,5,TRUE,TRUE,TRUE,TRUE,study,TRUE
359,672adb2909ca72744f212a7d,1151,1,6,barchart-first-31-double-tallest-6,right,tallest,double,single,2026-03-17T20:10:50Z,barchart,first,31,double,tallest,6,TRUE,TRUE,TRUE,TRUE,study,TRUE
362,672adb2909ca72744f212a7d,1255,1,7,barchart-first-29-same-tallest-7,left,tallest,same,single,2026-03-17T20:10:52Z,barchart,first,29,same,tallest,7,TRUE,TRUE,TRUE,TRUE,study,TRUE
366,672adb2909ca72744f212a7d,1492,1,8,barchart-first-15-same-tallest-8,right,tallest,same,single,2026-03-17T20:10:54Z,barchart,first,15,same,tallest,8,TRUE,TRUE,TRUE,TRUE,study,TRUE
370,672adb2909ca72744f212a7d,1214,1,9,barchart-first-26-random-tallest-9,left,tallest,random,single,2026-03-17T20:10:56Z,barchart,first,26,random,tallest,9,TRUE,TRUE,TRUE,TRUE,study,TRUE
373,672adb2909ca72744f212a7d,1516,1,10,barchart-first-11-same-tallest-10,left,tallest,same,single,2026-03-17T20:10:58Z,barchart,first,11,same,tallest,10,TRUE,TRUE,TRUE,TRUE,study,TRUE
376,672adb2909ca72744f212a7d,1097,1,11,barchart-first-21-double-tallest-11,left,tallest,double,single,2026-03-17T20:10:59Z,barchart,first,21,double,tallest,11,TRUE,TRUE,TRUE,TRUE,study,TRUE
378,672adb2909ca72744f212a7d,1468,1,12,barchart-first-19-same-tallest-12,right,tallest,same,single,2026-03-17T20:11:01Z,barchart,first,19,same,tallest,12,TRUE,TRUE,TRUE,TRUE,study,TRUE
381,672adb2909ca72744f212a7d,1187,1,13,barchart-first-05-double-tallest-13,right,tallest,double,single,2026-03-17T20:11:03Z,barchart,first,5,double,tallest,13,TRUE,TRUE,TRUE,TRUE,study,TRUE
384,672adb2909ca72744f212a7d,2281,1,14,barchart-first-22-double-tallest-14,right,tallest,double,single,2026-03-17T20:11:06Z,barchart,first,22,double,tallest,14,TRUE,TRUE,TRUE,TRUE,study,TRUE
386,672adb2909ca72744f212a7d,1314,1,15,barchart-first-22-same-tallest-15,right,tallest,same,single,2026-03-17T20:11:08Z,barchart,first,22,same,tallest,15,TRUE,TRUE,TRUE,TRUE,study,TRUE
389,672adb2909ca72744f212a7d,1333,1,16,barchart-first-11-double-tallest-16,left,tallest,double,single,2026-03-17T20:11:10Z,barchart,first,11,double,tallest,16,TRUE,TRUE,TRUE,TRUE,study,TRUE
391,672adb2909ca72744f212a7d,1278,1,17,barchart-first-01-random-tallest-17,left,tallest,random,single,2026-03-17T20:11:12Z,barchart,first,1,random,tallest,17,TRUE,TRUE,TRUE,TRUE,study,TRUE
393,672adb2909ca72744f212a7d,1538,1,18,barchart-first-05-same-tallest-18,right,tallest,same,single,2026-03-17T20:11:14Z,barchart,first,5,same,tallest,18,TRUE,TRUE,TRUE,TRUE,study,TRUE
395,672adb2909ca72744f212a7d,1200,1,19,barchart-first-30-double-tallest-19,right,tallest,double,single,2026-03-17T20:11:16Z,barchart,first,30,double,tallest,19,TRUE,TRUE,TRUE,TRUE,study,TRUE
397,672adb2909ca72744f212a7d,1295,1,20,barchart-first-10-double-tallest-20,right,tallest,double,single,2026-03-17T20:11:17Z,barchart,first,10,double,tallest,20,TRUE,TRUE,TRUE,TRUE,study,TRUE
398,672adb2909ca72744f212a7d,1259,1,21,barchart-first-17-same-tallest-21,left,tallest,same,single,2026-03-17T20:11:19Z,barchart,first,17,same,tallest,21,TRUE,TRUE,TRUE,TRUE,study,TRUE
400,672adb2909ca72744f212a7d,851,1,22,barchart-first-07-same-tallest-22,left,tallest,same,single,2026-03-17T20:11:21Z,barchart,first,7,same,tallest,22,TRUE,TRUE,TRUE,TRUE,study,TRUE
402,672adb2909ca72744f212a7d,1319,1,23,barchart-first-10-random-tallest-23,right,tallest,random,single,2026-03-17T20:11:23Z,barchart,first,10,random,tallest,23,TRUE,TRUE,TRUE,TRUE,study,TRUE
410,672adb2909ca72744f212a7d,1013,1,24,barchart-first-18-random-tallest-24,left,tallest,random,single,2026-03-17T20:11:29Z,barchart,first,18,random,tallest,24,TRUE,TRUE,TRUE,TRUE,study,TRUE
413,672adb2909ca72744f212a7d,724,1,25,barchart-first-26-double-tallest-25,left,tallest,double,single,2026-03-17T20:11:30Z,barchart,first,26,double,tallest,25,TRUE,TRUE,TRUE,TRUE,study,TRUE
415,672adb2909ca72744f212a7d,877,1,26,barchart-first-16-double-tallest-26,left,tallest,double,single,2026-03-17T20:11:32Z,barchart,first,16,double,tallest,26,TRUE,TRUE,TRUE,TRUE,study,TRUE
419,672adb2909ca72744f212a7d,1430,1,27,barchart-first-30-random-tallest-27,right,tallest,random,single,2026-03-17T20:11:34Z,barchart,first,30,random,tallest,27,TRUE,TRUE,TRUE,TRUE,study,TRUE
422,672adb2909ca72744f212a7d,1277,1,28,barchart-first-08-same-tallest-28,left,tallest,same,single,2026-03-17T20:11:36Z,barchart,first,8,same,tallest,28,TRUE,TRUE,TRUE,TRUE,study,TRUE
424,672adb2909ca72744f212a7d,703,1,29,barchart-first-20-random-tallest-29,right,tallest,random,single,2026-03-17T20:11:37Z,barchart,first,20,random,tallest,29,TRUE,TRUE,TRUE,TRUE,study,TRUE
427,672adb2909ca72744f212a7d,995,1,30,barchart-first-03-double-tallest-30,left,tallest,double,single,2026-03-17T20:11:39Z,barchart,first,3,double,tallest,30,TRUE,TRUE,TRUE,TRUE,study,TRUE
429,672adb2909ca72744f212a7d,1112,0,31,barchart-first-25-same-tallest-31,left,tallest,same,single,2026-03-17T20:11:40Z,barchart,first,25,same,tallest,31,TRUE,TRUE,TRUE,TRUE,study,TRUE
431,672adb2909ca72744f212a7d,826,1,32,barchart-first-24-same-tallest-32,right,tallest,same,single,2026-03-17T20:11:43Z,barchart,first,24,same,tallest,32,TRUE,TRUE,TRUE,TRUE,study,TRUE
433,672adb2909ca72744f212a7d,705,1,33,barchart-first-29-double-tallest-33,left,tallest,double,single,2026-03-17T20:11:44Z,barchart,first,29,double,tallest,33,TRUE,TRUE,TRUE,TRUE,study,TRUE
436,672adb2909ca72744f212a7d,1135,1,34,barchart-first-25-random-tallest-34,right,tallest,random,single,2026-03-17T20:11:46Z,barchart,first,25,random,tallest,34,TRUE,TRUE,TRUE,TRUE,study,TRUE
439,672adb2909ca72744f212a7d,1051,1,35,barchart-first-18-same-tallest-35,left,tallest,same,single,2026-03-17T20:11:47Z,barchart,first,18,same,tallest,35,TRUE,TRUE,TRUE,TRUE,study,TRUE
442,672adb2909ca72744f212a7d,830,1,36,barchart-first-14-double-tallest-36,left,tallest,double,single,2026-03-17T20:11:49Z,barchart,first,14,double,tallest,36,TRUE,TRUE,TRUE,TRUE,study,TRUE
443,672adb2909ca72744f212a7d,699,1,37,barchart-first-06-random-tallest-37,right,tallest,random,single,2026-03-17T20:11:50Z,barchart,first,6,random,tallest,37,TRUE,TRUE,TRUE,TRUE,study,TRUE
446,672adb2909ca72744f212a7d,1166,1,38,barchart-first-05-random-tallest-38,right,tallest,random,single,2026-03-17T20:11:52Z,barchart,first,5,random,tallest,38,TRUE,TRUE,TRUE,TRUE,study,TRUE
448,672adb2909ca72744f212a7d,829,1,39,barchart-first-21-random-tallest-39,left,tallest,random,single,2026-03-17T20:11:53Z,barchart,first,21,random,tallest,39,TRUE,TRUE,TRUE,TRUE,study,TRUE
451,672adb2909ca72744f212a7d,765,1,40,barchart-first-23-double-tallest-40,right,tallest,double,single,2026-03-17T20:11:55Z,barchart,first,23,double,tallest,40,TRUE,TRUE,TRUE,TRUE,study,TRUE
454,672adb2909ca72744f212a7d,1174,1,41,barchart-first-10-same-tallest-41,right,tallest,same,single,2026-03-17T20:11:57Z,barchart,first,10,same,tallest,41,TRUE,TRUE,TRUE,TRUE,study,TRUE
456,672adb2909ca72744f212a7d,946,1,42,barchart-first-19-double-tallest-42,right,tallest,double,single,2026-03-17T20:11:58Z,barchart,first,19,double,tallest,42,TRUE,TRUE,TRUE,TRUE,study,TRUE
458,672adb2909ca72744f212a7d,720,1,43,barchart-first-25-double-tallest-43,right,tallest,double,single,2026-03-17T20:11:59Z,barchart,first,25,double,tallest,43,TRUE,TRUE,TRUE,TRUE,study,TRUE
460,672adb2909ca72744f212a7d,715,1,44,barchart-first-09-same-tallest-44,left,tallest,same,single,2026-03-17T20:12:01Z,barchart,first,9,same,tallest,44,TRUE,TRUE,TRUE,TRUE,study,TRUE
461,672adb2909ca72744f212a7d,812,1,45,barchart-first-23-random-tallest-45,right,tallest,random,single,2026-03-17T20:12:02Z,barchart,first,23,random,tallest,45,TRUE,TRUE,TRUE,TRUE,study,TRUE
463,672adb2909ca72744f212a7d,956,1,46,barchart-first-18-double-tallest-46,left,tallest,double,single,2026-03-17T20:12:04Z,barchart,first,18,double,tallest,46,TRUE,TRUE,TRUE,TRUE,study,TRUE
464,672adb2909ca72744f212a7d,1013,1,47,barchart-first-17-random-tallest-47,left,tallest,random,single,2026-03-17T20:12:05Z,barchart,first,17,random,tallest,47,TRUE,TRUE,TRUE,TRUE,study,TRUE
467,672adb2909ca72744f212a7d,2015,1,48,barchart-second-00-random-shortest-0,left,shortest,random,single,2026-03-17T20:12:15Z,barchart,second,0,random,shortest,0,TRUE,TRUE,TRUE,TRUE,study,TRUE
469,672adb2909ca72744f212a7d,1424,1,49,barchart-second-06-double-shortest-1,left,shortest,double,single,2026-03-17T20:12:17Z,barchart,second,6,double,shortest,1,TRUE,TRUE,TRUE,TRUE,study,TRUE
471,672adb2909ca72744f212a7d,1503,1,50,barchart-second-24-random-shortest-2,left,shortest,random,single,2026-03-17T20:12:19Z,barchart,second,24,random,shortest,2,TRUE,TRUE,TRUE,TRUE,study,TRUE
473,672adb2909ca72744f212a7d,1277,1,51,barchart-second-14-same-shortest-3,left,shortest,same,single,2026-03-17T20:12:21Z,barchart,second,14,same,shortest,3,TRUE,TRUE,TRUE,TRUE,study,TRUE
475,672adb2909ca72744f212a7d,1346,1,52,barchart-second-24-double-shortest-4,left,shortest,double,single,2026-03-17T20:12:23Z,barchart,second,24,double,shortest,4,TRUE,TRUE,TRUE,TRUE,study,TRUE
477,672adb2909ca72744f212a7d,1539,1,53,barchart-second-12-random-shortest-5,left,shortest,random,single,2026-03-17T20:12:25Z,barchart,second,12,random,shortest,5,TRUE,TRUE,TRUE,TRUE,study,TRUE
479,672adb2909ca72744f212a7d,1511,1,54,barchart-second-20-double-shortest-6,right,shortest,double,single,2026-03-17T20:12:27Z,barchart,second,20,double,shortest,6,TRUE,TRUE,TRUE,TRUE,study,TRUE
480,672adb2909ca72744f212a7d,1259,1,55,barchart-second-29-random-shortest-7,left,shortest,random,single,2026-03-17T20:12:29Z,barchart,second,29,random,shortest,7,TRUE,TRUE,TRUE,TRUE,study,TRUE
481,672adb2909ca72744f212a7d,1279,1,56,barchart-second-02-double-shortest-8,right,shortest,double,single,2026-03-17T20:12:31Z,barchart,second,2,double,shortest,8,TRUE,TRUE,TRUE,TRUE,study,TRUE
482,672adb2909ca72744f212a7d,1315,1,57,barchart-second-27-same-shortest-9,right,shortest,same,single,2026-03-17T20:12:33Z,barchart,second,27,same,shortest,9,TRUE,TRUE,TRUE,TRUE,study,TRUE
483,672adb2909ca72744f212a7d,1152,1,58,barchart-second-09-random-shortest-10,left,shortest,random,single,2026-03-17T20:12:35Z,barchart,second,9,random,shortest,10,TRUE,TRUE,TRUE,TRUE,study,TRUE
484,672adb2909ca72744f212a7d,1537,1,59,barchart-second-15-random-shortest-11,right,shortest,random,single,2026-03-17T20:12:37Z,barchart,second,15,random,shortest,11,TRUE,TRUE,TRUE,TRUE,study,TRUE
485,672adb2909ca72744f212a7d,944,0,60,barchart-second-28-random-shortest-12,left,shortest,random,single,2026-03-17T20:12:38Z,barchart,second,28,random,shortest,12,TRUE,TRUE,TRUE,TRUE,study,TRUE
486,672adb2909ca72744f212a7d,1209,1,61,barchart-second-23-same-shortest-13,right,shortest,same,single,2026-03-17T20:12:41Z,barchart,second,23,same,shortest,13,TRUE,TRUE,TRUE,TRUE,study,TRUE
488,672adb2909ca72744f212a7d,1002,1,62,barchart-second-30-same-shortest-14,left,shortest,same,single,2026-03-17T20:12:43Z,barchart,second,30,same,shortest,14,TRUE,TRUE,TRUE,TRUE,study,TRUE
489,672adb2909ca72744f212a7d,1409,1,63,barchart-second-13-double-shortest-15,left,shortest,double,single,2026-03-17T20:12:45Z,barchart,second,13,double,shortest,15,TRUE,TRUE,TRUE,TRUE,study,TRUE
490,672adb2909ca72744f212a7d,1227,1,64,barchart-second-07-random-shortest-16,left,shortest,random,single,2026-03-17T20:12:46Z,barchart,second,7,random,shortest,16,TRUE,TRUE,TRUE,TRUE,study,TRUE
491,672adb2909ca72744f212a7d,1047,1,65,barchart-second-12-same-shortest-17,left,shortest,same,single,2026-03-17T20:12:48Z,barchart,second,12,same,shortest,17,TRUE,TRUE,TRUE,TRUE,study,TRUE
492,672adb2909ca72744f212a7d,947,1,66,barchart-second-20-same-shortest-18,right,shortest,same,single,2026-03-17T20:12:50Z,barchart,second,20,same,shortest,18,TRUE,TRUE,TRUE,TRUE,study,TRUE
493,672adb2909ca72744f212a7d,1289,1,67,barchart-second-03-random-shortest-19,right,shortest,random,single,2026-03-17T20:12:51Z,barchart,second,3,random,shortest,19,TRUE,TRUE,TRUE,TRUE,study,TRUE
494,672adb2909ca72744f212a7d,1532,1,68,barchart-second-08-double-shortest-20,left,shortest,double,single,2026-03-17T20:12:54Z,barchart,second,8,double,shortest,20,TRUE,TRUE,TRUE,TRUE,study,TRUE
495,672adb2909ca72744f212a7d,1352,1,69,barchart-second-00-double-shortest-21,left,shortest,double,single,2026-03-17T20:12:55Z,barchart,second,0,double,shortest,21,TRUE,TRUE,TRUE,TRUE,study,TRUE
496,672adb2909ca72744f212a7d,1101,1,70,barchart-second-08-random-shortest-22,left,shortest,random,single,2026-03-17T20:12:57Z,barchart,second,8,random,shortest,22,TRUE,TRUE,TRUE,TRUE,study,TRUE
498,672adb2909ca72744f212a7d,1250,1,71,barchart-second-01-double-shortest-23,right,shortest,double,single,2026-03-17T20:12:59Z,barchart,second,1,double,shortest,23,TRUE,TRUE,TRUE,TRUE,study,TRUE
501,672adb2909ca72744f212a7d,1545,1,72,barchart-second-01-same-shortest-24,right,shortest,same,single,2026-03-17T20:13:04Z,barchart,second,1,same,shortest,24,TRUE,TRUE,TRUE,TRUE,study,TRUE
502,672adb2909ca72744f212a7d,1257,1,73,barchart-second-11-random-shortest-25,right,shortest,random,single,2026-03-17T20:13:06Z,barchart,second,11,random,shortest,25,TRUE,TRUE,TRUE,TRUE,study,TRUE
504,672adb2909ca72744f212a7d,1204,1,74,barchart-second-13-same-shortest-26,left,shortest,same,single,2026-03-17T20:13:08Z,barchart,second,13,same,shortest,26,TRUE,TRUE,TRUE,TRUE,study,TRUE
505,672adb2909ca72744f212a7d,1651,1,75,barchart-second-22-random-shortest-27,right,shortest,random,single,2026-03-17T20:13:10Z,barchart,second,22,random,shortest,27,TRUE,TRUE,TRUE,TRUE,study,TRUE
508,672adb2909ca72744f212a7d,1433,1,76,barchart-second-19-random-shortest-28,left,shortest,random,single,2026-03-17T20:13:12Z,barchart,second,19,random,shortest,28,TRUE,TRUE,TRUE,TRUE,study,TRUE
510,672adb2909ca72744f212a7d,1199,1,77,barchart-second-15-double-shortest-29,right,shortest,double,single,2026-03-17T20:13:14Z,barchart,second,15,double,shortest,29,TRUE,TRUE,TRUE,TRUE,study,TRUE
512,672adb2909ca72744f212a7d,959,1,78,barchart-second-26-same-shortest-30,left,shortest,same,single,2026-03-17T20:13:15Z,barchart,second,26,same,shortest,30,TRUE,TRUE,TRUE,TRUE,study,TRUE
514,672adb2909ca72744f212a7d,1251,1,79,barchart-second-06-same-shortest-31,left,shortest,same,single,2026-03-17T20:13:17Z,barchart,second,6,same,shortest,31,TRUE,TRUE,TRUE,TRUE,study,TRUE
516,672adb2909ca72744f212a7d,1524,1,80,barchart-second-00-same-shortest-32,left,shortest,same,single,2026-03-17T20:13:19Z,barchart,second,0,same,shortest,32,TRUE,TRUE,TRUE,TRUE,study,TRUE
518,672adb2909ca72744f212a7d,1491,1,81,barchart-second-31-random-shortest-33,right,shortest,random,single,2026-03-17T20:13:21Z,barchart,second,31,random,shortest,33,TRUE,TRUE,TRUE,TRUE,study,TRUE
520,672adb2909ca72744f212a7d,1559,1,82,barchart-second-17-double-shortest-34,right,shortest,double,single,2026-03-17T20:13:23Z,barchart,second,17,double,shortest,34,TRUE,TRUE,TRUE,TRUE,study,TRUE
522,672adb2909ca72744f212a7d,1076,1,83,barchart-second-03-same-shortest-35,right,shortest,same,single,2026-03-17T20:13:25Z,barchart,second,3,same,shortest,35,TRUE,TRUE,TRUE,TRUE,study,TRUE
524,672adb2909ca72744f212a7d,981,1,84,barchart-second-02-random-shortest-36,right,shortest,random,single,2026-03-17T20:13:27Z,barchart,second,2,random,shortest,36,TRUE,TRUE,TRUE,TRUE,study,TRUE
526,672adb2909ca72744f212a7d,1525,1,85,barchart-second-31-same-shortest-37,right,shortest,same,single,2026-03-17T20:13:29Z,barchart,second,31,same,shortest,37,TRUE,TRUE,TRUE,TRUE,study,TRUE
528,672adb2909ca72744f212a7d,1132,1,86,barchart-second-04-random-shortest-38,right,shortest,random,single,2026-03-17T20:13:30Z,barchart,second,4,random,shortest,38,TRUE,TRUE,TRUE,TRUE,study,TRUE
529,672adb2909ca72744f212a7d,1265,1,87,barchart-second-07-double-shortest-39,left,shortest,double,single,2026-03-17T20:13:32Z,barchart,second,7,double,shortest,39,TRUE,TRUE,TRUE,TRUE,study,TRUE
531,672adb2909ca72744f212a7d,1471,1,88,barchart-second-28-double-shortest-40,right,shortest,double,single,2026-03-17T20:13:34Z,barchart,second,28,double,shortest,40,TRUE,TRUE,TRUE,TRUE,study,TRUE
533,672adb2909ca72744f212a7d,1376,1,89,barchart-second-04-double-shortest-41,right,shortest,double,single,2026-03-17T20:13:36Z,barchart,second,4,double,shortest,41,TRUE,TRUE,TRUE,TRUE,study,TRUE
535,672adb2909ca72744f212a7d,1013,1,90,barchart-second-21-same-shortest-42,left,shortest,same,single,2026-03-17T20:13:38Z,barchart,second,21,same,shortest,42,TRUE,TRUE,TRUE,TRUE,study,TRUE
537,672adb2909ca72744f212a7d,1251,1,91,barchart-second-16-same-shortest-43,right,shortest,same,single,2026-03-17T20:13:40Z,barchart,second,16,same,shortest,43,TRUE,TRUE,TRUE,TRUE,study,TRUE
539,672adb2909ca72744f212a7d,1377,1,92,barchart-second-12-double-shortest-44,left,shortest,double,single,2026-03-17T20:13:42Z,barchart,second,12,double,shortest,44,TRUE,TRUE,TRUE,TRUE,study,TRUE
541,672adb2909ca72744f212a7d,1195,1,93,barchart-second-27-double-shortest-45,right,shortest,double,single,2026-03-17T20:13:43Z,barchart,second,27,double,shortest,45,TRUE,TRUE,TRUE,TRUE,study,TRUE
542,672adb2909ca72744f212a7d,964,1,94,barchart-second-02-same-shortest-46,right,shortest,same,single,2026-03-17T20:13:45Z,barchart,second,2,same,shortest,46,TRUE,TRUE,TRUE,TRUE,study,TRUE
543,672adb2909ca72744f212a7d,1212,1,95,barchart-second-09-double-shortest-47,left,shortest,double,single,2026-03-17T20:13:47Z,barchart,second,9,double,shortest,47,TRUE,TRUE,TRUE,TRUE,study,TRUE
274,677f0032603499bb93fef444,3239,1,0,barchart-first-07-double-tallest-0,left,tallest,double,single,2026-03-17T20:09:22Z,barchart,first,7,double,tallest,0,TRUE,TRUE,TRUE,TRUE,study,TRUE
276,677f0032603499bb93fef444,1785,1,1,barchart-first-08-double-tallest-1,left,tallest,double,single,2026-03-17T20:09:25Z,barchart,first,8,double,tallest,1,TRUE,TRUE,TRUE,TRUE,study,TRUE
277,677f0032603499bb93fef444,855,1,2,barchart-first-28-random-tallest-2,right,tallest,random,single,2026-03-17T20:09:26Z,barchart,first,28,random,tallest,2,TRUE,TRUE,TRUE,TRUE,study,TRUE
279,677f0032603499bb93fef444,955,1,3,barchart-first-23-random-tallest-3,right,tallest,random,single,2026-03-17T20:09:28Z,barchart,first,23,random,tallest,3,TRUE,TRUE,TRUE,TRUE,study,TRUE
280,677f0032603499bb93fef444,1056,1,4,barchart-first-05-random-tallest-4,right,tallest,random,single,2026-03-17T20:09:29Z,barchart,first,5,random,tallest,4,TRUE,TRUE,TRUE,TRUE,study,TRUE
281,677f0032603499bb93fef444,942,1,5,barchart-first-17-same-tallest-5,left,tallest,same,single,2026-03-17T20:09:31Z,barchart,first,17,same,tallest,5,TRUE,TRUE,TRUE,TRUE,study,TRUE
283,677f0032603499bb93fef444,1372,1,6,barchart-first-22-double-tallest-6,right,tallest,double,single,2026-03-17T20:09:33Z,barchart,first,22,double,tallest,6,TRUE,TRUE,TRUE,TRUE,study,TRUE
285,677f0032603499bb93fef444,1493,1,7,barchart-first-25-double-tallest-7,right,tallest,double,single,2026-03-17T20:09:35Z,barchart,first,25,double,tallest,7,TRUE,TRUE,TRUE,TRUE,study,TRUE
286,677f0032603499bb93fef444,1105,1,8,barchart-first-18-random-tallest-8,left,tallest,random,single,2026-03-17T20:09:37Z,barchart,first,18,random,tallest,8,TRUE,TRUE,TRUE,TRUE,study,TRUE
288,677f0032603499bb93fef444,1096,1,9,barchart-first-01-double-tallest-9,left,tallest,double,single,2026-03-17T20:09:38Z,barchart,first,1,double,tallest,9,TRUE,TRUE,TRUE,TRUE,study,TRUE
290,677f0032603499bb93fef444,2040,1,10,barchart-first-13-random-tallest-10,left,tallest,random,single,2026-03-17T20:09:41Z,barchart,first,13,random,tallest,10,TRUE,TRUE,TRUE,TRUE,study,TRUE
292,677f0032603499bb93fef444,1705,1,11,barchart-first-08-random-tallest-11,left,tallest,random,single,2026-03-17T20:09:43Z,barchart,first,8,random,tallest,11,TRUE,TRUE,TRUE,TRUE,study,TRUE
293,677f0032603499bb93fef444,1818,1,12,barchart-first-01-same-tallest-12,left,tallest,same,single,2026-03-17T20:09:45Z,barchart,first,1,same,tallest,12,TRUE,TRUE,TRUE,TRUE,study,TRUE
294,677f0032603499bb93fef444,4625,1,13,barchart-first-31-random-tallest-13,right,tallest,random,single,2026-03-17T20:09:51Z,barchart,first,31,random,tallest,13,TRUE,TRUE,TRUE,TRUE,study,TRUE
297,677f0032603499bb93fef444,2671,1,14,barchart-first-13-same-tallest-14,left,tallest,same,single,2026-03-17T20:09:54Z,barchart,first,13,same,tallest,14,TRUE,TRUE,TRUE,TRUE,study,TRUE
299,677f0032603499bb93fef444,1964,1,15,barchart-first-11-double-tallest-15,left,tallest,double,single,2026-03-17T20:09:56Z,barchart,first,11,double,tallest,15,TRUE,TRUE,TRUE,TRUE,study,TRUE
300,677f0032603499bb93fef444,746,1,16,barchart-first-05-double-tallest-16,right,tallest,double,single,2026-03-17T20:09:58Z,barchart,first,5,double,tallest,16,TRUE,TRUE,TRUE,TRUE,study,TRUE
302,677f0032603499bb93fef444,819,1,17,barchart-first-19-same-tallest-17,right,tallest,same,single,2026-03-17T20:09:59Z,barchart,first,19,same,tallest,17,TRUE,TRUE,TRUE,TRUE,study,TRUE
303,677f0032603499bb93fef444,543,1,18,barchart-first-07-same-tallest-18,left,tallest,same,single,2026-03-17T20:10:00Z,barchart,first,7,same,tallest,18,TRUE,TRUE,TRUE,TRUE,study,TRUE
305,677f0032603499bb93fef444,981,1,19,barchart-first-03-double-tallest-19,left,tallest,double,single,2026-03-17T20:10:02Z,barchart,first,3,double,tallest,19,TRUE,TRUE,TRUE,TRUE,study,TRUE
307,677f0032603499bb93fef444,1658,1,20,barchart-first-16-same-tallest-20,left,tallest,same,single,2026-03-17T20:10:04Z,barchart,first,16,same,tallest,20,TRUE,TRUE,TRUE,TRUE,study,TRUE
308,677f0032603499bb93fef444,824,1,21,barchart-first-19-random-tallest-21,right,tallest,random,single,2026-03-17T20:10:05Z,barchart,first,19,random,tallest,21,TRUE,TRUE,TRUE,TRUE,study,TRUE
310,677f0032603499bb93fef444,663,1,22,barchart-first-07-random-tallest-22,left,tallest,random,single,2026-03-17T20:10:07Z,barchart,first,7,random,tallest,22,TRUE,TRUE,TRUE,TRUE,study,TRUE
311,677f0032603499bb93fef444,585,1,23,barchart-first-12-random-tallest-23,right,tallest,random,single,2026-03-17T20:10:08Z,barchart,first,12,random,tallest,23,TRUE,TRUE,TRUE,TRUE,study,TRUE
326,677f0032603499bb93fef444,9770,1,24,barchart-first-17-random-tallest-24,left,tallest,random,single,2026-03-17T20:10:41Z,barchart,first,17,random,tallest,24,TRUE,TRUE,TRUE,TRUE,study,TRUE
328,677f0032603499bb93fef444,727,1,25,barchart-first-06-same-tallest-25,right,tallest,same,single,2026-03-17T20:10:42Z,barchart,first,6,same,tallest,25,TRUE,TRUE,TRUE,TRUE,study,TRUE
329,677f0032603499bb93fef444,679,1,26,barchart-first-26-same-tallest-26,left,tallest,same,single,2026-03-17T20:10:44Z,barchart,first,26,same,tallest,26,TRUE,TRUE,TRUE,TRUE,study,TRUE
331,677f0032603499bb93fef444,1157,1,27,barchart-first-21-same-tallest-27,left,tallest,same,single,2026-03-17T20:10:45Z,barchart,first,21,same,tallest,27,TRUE,TRUE,TRUE,TRUE,study,TRUE
333,677f0032603499bb93fef444,945,1,28,barchart-first-10-double-tallest-28,right,tallest,double,single,2026-03-17T20:10:47Z,barchart,first,10,double,tallest,28,TRUE,TRUE,TRUE,TRUE,study,TRUE
334,677f0032603499bb93fef444,1050,1,29,barchart-first-20-double-tallest-29,right,tallest,double,single,2026-03-17T20:10:48Z,barchart,first,20,double,tallest,29,TRUE,TRUE,TRUE,TRUE,study,TRUE
335,677f0032603499bb93fef444,1375,1,30,barchart-first-19-double-tallest-30,right,tallest,double,single,2026-03-17T20:10:50Z,barchart,first,19,double,tallest,30,TRUE,TRUE,TRUE,TRUE,study,TRUE
336,677f0032603499bb93fef444,1952,1,31,barchart-first-21-random-tallest-31,left,tallest,random,single,2026-03-17T20:10:53Z,barchart,first,21,random,tallest,31,TRUE,TRUE,TRUE,TRUE,study,TRUE
337,677f0032603499bb93fef444,780,1,32,barchart-first-31-same-tallest-32,right,tallest,same,single,2026-03-17T20:10:54Z,barchart,first,31,same,tallest,32,TRUE,TRUE,TRUE,TRUE,study,TRUE
340,677f0032603499bb93fef444,908,1,33,barchart-first-18-double-tallest-33,left,tallest,double,single,2026-03-17T20:10:56Z,barchart,first,18,double,tallest,33,TRUE,TRUE,TRUE,TRUE,study,TRUE
343,677f0032603499bb93fef444,698,1,34,barchart-first-24-random-tallest-34,right,tallest,random,single,2026-03-17T20:10:57Z,barchart,first,24,random,tallest,34,TRUE,TRUE,TRUE,TRUE,study,TRUE
344,677f0032603499bb93fef444,752,1,35,barchart-first-03-same-tallest-35,left,tallest,same,single,2026-03-17T20:10:58Z,barchart,first,3,same,tallest,35,TRUE,TRUE,TRUE,TRUE,study,TRUE
347,677f0032603499bb93fef444,1352,1,36,barchart-first-23-same-tallest-36,right,tallest,same,single,2026-03-17T20:11:00Z,barchart,first,23,same,tallest,36,TRUE,TRUE,TRUE,TRUE,study,TRUE
351,677f0032603499bb93fef444,1306,1,37,barchart-first-31-double-tallest-37,right,tallest,double,single,2026-03-17T20:11:02Z,barchart,first,31,double,tallest,37,TRUE,TRUE,TRUE,TRUE,study,TRUE
353,677f0032603499bb93fef444,867,1,38,barchart-first-04-random-tallest-38,left,tallest,random,single,2026-03-17T20:11:04Z,barchart,first,4,random,tallest,38,TRUE,TRUE,TRUE,TRUE,study,TRUE
357,677f0032603499bb93fef444,1622,1,39,barchart-first-05-same-tallest-39,right,tallest,same,single,2026-03-17T20:11:06Z,barchart,first,5,same,tallest,39,TRUE,TRUE,TRUE,TRUE,study,TRUE
358,677f0032603499bb93fef444,541,1,40,barchart-first-26-double-tallest-40,left,tallest,double,single,2026-03-17T20:11:07Z,barchart,first,26,double,tallest,40,TRUE,TRUE,TRUE,TRUE,study,TRUE
361,677f0032603499bb93fef444,900,1,41,barchart-first-10-same-tallest-41,right,tallest,same,single,2026-03-17T20:11:08Z,barchart,first,10,same,tallest,41,TRUE,TRUE,TRUE,TRUE,study,TRUE
364,677f0032603499bb93fef444,829,1,42,barchart-first-25-same-tallest-42,right,tallest,same,single,2026-03-17T20:11:10Z,barchart,first,25,same,tallest,42,TRUE,TRUE,TRUE,TRUE,study,TRUE
367,677f0032603499bb93fef444,674,1,43,barchart-first-06-double-tallest-43,right,tallest,double,single,2026-03-17T20:11:11Z,barchart,first,6,double,tallest,43,TRUE,TRUE,TRUE,TRUE,study,TRUE
368,677f0032603499bb93fef444,803,1,44,barchart-first-11-random-tallest-44,left,tallest,random,single,2026-03-17T20:11:12Z,barchart,first,11,random,tallest,44,TRUE,TRUE,TRUE,TRUE,study,TRUE
371,677f0032603499bb93fef444,786,1,45,barchart-first-20-same-tallest-45,right,tallest,same,single,2026-03-17T20:11:14Z,barchart,first,20,same,tallest,45,TRUE,TRUE,TRUE,TRUE,study,TRUE
374,677f0032603499bb93fef444,947,1,46,barchart-first-20-random-tallest-46,right,tallest,random,single,2026-03-17T20:11:15Z,barchart,first,20,random,tallest,46,TRUE,TRUE,TRUE,TRUE,study,TRUE
380,677f0032603499bb93fef444,3581,1,47,barchart-first-13-double-tallest-47,left,tallest,double,single,2026-03-17T20:11:19Z,barchart,first,13,double,tallest,47,TRUE,TRUE,TRUE,TRUE,study,TRUE
404,677f0032603499bb93fef444,3842,0,48,barchart-second-14-random-shortest-0,right,shortest,random,single,2026-03-17T20:11:40Z,barchart,second,14,random,shortest,0,TRUE,TRUE,TRUE,TRUE,study,TRUE
407,677f0032603499bb93fef444,2488,1,49,barchart-second-12-same-shortest-1,left,shortest,same,single,2026-03-17T20:11:44Z,barchart,second,12,same,shortest,1,TRUE,TRUE,TRUE,TRUE,study,TRUE
411,677f0032603499bb93fef444,1637,1,50,barchart-second-29-random-shortest-2,left,shortest,random,single,2026-03-17T20:11:47Z,barchart,second,29,random,shortest,2,TRUE,TRUE,TRUE,TRUE,study,TRUE
414,677f0032603499bb93fef444,1614,1,51,barchart-second-16-random-shortest-3,right,shortest,random,single,2026-03-17T20:11:49Z,barchart,second,16,random,shortest,3,TRUE,TRUE,TRUE,TRUE,study,TRUE
418,677f0032603499bb93fef444,1167,1,52,barchart-second-26-random-shortest-4,left,shortest,random,single,2026-03-17T20:11:51Z,barchart,second,26,random,shortest,4,TRUE,TRUE,TRUE,TRUE,study,TRUE
421,677f0032603499bb93fef444,1730,1,53,barchart-second-25-random-shortest-5,right,shortest,random,single,2026-03-17T20:11:53Z,barchart,second,25,random,shortest,5,TRUE,TRUE,TRUE,TRUE,study,TRUE
426,677f0032603499bb93fef444,2182,1,54,barchart-second-11-same-shortest-6,right,shortest,same,single,2026-03-17T20:11:56Z,barchart,second,11,same,shortest,6,TRUE,TRUE,TRUE,TRUE,study,TRUE
434,677f0032603499bb93fef444,4962,1,55,barchart-second-28-double-shortest-7,right,shortest,double,single,2026-03-17T20:12:01Z,barchart,second,28,double,shortest,7,TRUE,TRUE,TRUE,TRUE,study,TRUE
440,677f0032603499bb93fef444,3588,1,56,barchart-second-27-same-shortest-8,right,shortest,same,single,2026-03-17T20:12:05Z,barchart,second,27,same,shortest,8,TRUE,TRUE,TRUE,TRUE,study,TRUE
445,677f0032603499bb93fef444,2074,1,57,barchart-second-27-random-shortest-9,right,shortest,random,single,2026-03-17T20:12:08Z,barchart,second,27,random,shortest,9,TRUE,TRUE,TRUE,TRUE,study,TRUE
449,677f0032603499bb93fef444,2176,1,58,barchart-second-00-double-shortest-10,left,shortest,double,single,2026-03-17T20:12:11Z,barchart,second,0,double,shortest,10,TRUE,TRUE,TRUE,TRUE,study,TRUE
453,677f0032603499bb93fef444,1085,1,59,barchart-second-24-same-shortest-11,left,shortest,same,single,2026-03-17T20:12:12Z,barchart,second,24,same,shortest,11,TRUE,TRUE,TRUE,TRUE,study,TRUE
455,677f0032603499bb93fef444,1077,1,60,barchart-second-00-random-shortest-12,left,shortest,random,single,2026-03-17T20:12:14Z,barchart,second,0,random,shortest,12,TRUE,TRUE,TRUE,TRUE,study,TRUE
457,677f0032603499bb93fef444,1060,1,61,barchart-second-10-random-shortest-13,left,shortest,random,single,2026-03-17T20:12:16Z,barchart,second,10,random,shortest,13,TRUE,TRUE,TRUE,TRUE,study,TRUE
459,677f0032603499bb93fef444,789,1,62,barchart-second-12-double-shortest-14,left,shortest,double,single,2026-03-17T20:12:17Z,barchart,second,12,double,shortest,14,TRUE,TRUE,TRUE,TRUE,study,TRUE
462,677f0032603499bb93fef444,2683,1,63,barchart-second-02-same-shortest-15,right,shortest,same,single,2026-03-17T20:12:21Z,barchart,second,2,same,shortest,15,TRUE,TRUE,TRUE,TRUE,study,TRUE
465,677f0032603499bb93fef444,5724,1,64,barchart-second-02-double-shortest-16,right,shortest,double,single,2026-03-17T20:12:27Z,barchart,second,2,double,shortest,16,TRUE,TRUE,TRUE,TRUE,study,TRUE
466,677f0032603499bb93fef444,1838,0,65,barchart-second-15-double-shortest-17,left,shortest,double,single,2026-03-17T20:12:29Z,barchart,second,15,double,shortest,17,TRUE,TRUE,TRUE,TRUE,study,TRUE
468,677f0032603499bb93fef444,1372,1,66,barchart-second-30-double-shortest-18,left,shortest,double,single,2026-03-17T20:12:32Z,barchart,second,30,double,shortest,18,TRUE,TRUE,TRUE,TRUE,study,TRUE
470,677f0032603499bb93fef444,1522,1,67,barchart-second-01-random-shortest-19,right,shortest,random,single,2026-03-17T20:12:34Z,barchart,second,1,random,shortest,19,TRUE,TRUE,TRUE,TRUE,study,TRUE
472,677f0032603499bb93fef444,1762,1,68,barchart-second-23-double-shortest-20,right,shortest,double,single,2026-03-17T20:12:37Z,barchart,second,23,double,shortest,20,TRUE,TRUE,TRUE,TRUE,study,TRUE
474,677f0032603499bb93fef444,1096,1,69,barchart-second-04-same-shortest-21,right,shortest,same,single,2026-03-17T20:12:38Z,barchart,second,4,same,shortest,21,TRUE,TRUE,TRUE,TRUE,study,TRUE
476,677f0032603499bb93fef444,1441,1,70,barchart-second-28-same-shortest-22,right,shortest,same,single,2026-03-17T20:12:40Z,barchart,second,28,same,shortest,22,TRUE,TRUE,TRUE,TRUE,study,TRUE
478,677f0032603499bb93fef444,1870,1,71,barchart-second-22-random-shortest-23,right,shortest,random,single,2026-03-17T20:12:43Z,barchart,second,22,random,shortest,23,TRUE,TRUE,TRUE,TRUE,study,TRUE
487,677f0032603499bb93fef444,4154,1,72,barchart-second-24-double-shortest-24,left,shortest,double,single,2026-03-17T20:12:59Z,barchart,second,24,double,shortest,24,TRUE,TRUE,TRUE,TRUE,study,TRUE
497,677f0032603499bb93fef444,16060,1,73,barchart-second-06-random-shortest-25,left,shortest,random,single,2026-03-17T20:13:16Z,barchart,second,6,random,shortest,25,TRUE,TRUE,TRUE,TRUE,study,TRUE
499,677f0032603499bb93fef444,1217,1,74,barchart-second-04-double-shortest-26,right,shortest,double,single,2026-03-17T20:13:17Z,barchart,second,4,double,shortest,26,TRUE,TRUE,TRUE,TRUE,study,TRUE
500,677f0032603499bb93fef444,1192,1,75,barchart-second-15-random-shortest-27,right,shortest,random,single,2026-03-17T20:13:19Z,barchart,second,15,random,shortest,27,TRUE,TRUE,TRUE,TRUE,study,TRUE
503,677f0032603499bb93fef444,3713,1,76,barchart-second-14-same-shortest-28,left,shortest,same,single,2026-03-17T20:13:24Z,barchart,second,14,same,shortest,28,TRUE,TRUE,TRUE,TRUE,study,TRUE
506,677f0032603499bb93fef444,3544,1,77,barchart-second-22-same-shortest-29,right,shortest,same,single,2026-03-17T20:13:28Z,barchart,second,22,same,shortest,29,TRUE,TRUE,TRUE,TRUE,study,TRUE
507,677f0032603499bb93fef444,615,1,78,barchart-second-30-same-shortest-30,left,shortest,same,single,2026-03-17T20:13:29Z,barchart,second,30,same,shortest,30,TRUE,TRUE,TRUE,TRUE,study,TRUE
509,677f0032603499bb93fef444,547,1,79,barchart-second-29-double-shortest-31,left,shortest,double,single,2026-03-17T20:13:30Z,barchart,second,29,double,shortest,31,TRUE,TRUE,TRUE,TRUE,study,TRUE
511,677f0032603499bb93fef444,1070,1,80,barchart-second-09-double-shortest-32,left,shortest,double,single,2026-03-17T20:13:32Z,barchart,second,9,double,shortest,32,TRUE,TRUE,TRUE,TRUE,study,TRUE
513,677f0032603499bb93fef444,917,1,81,barchart-second-00-same-shortest-33,left,shortest,same,single,2026-03-17T20:13:33Z,barchart,second,0,same,shortest,33,TRUE,TRUE,TRUE,TRUE,study,TRUE
515,677f0032603499bb93fef444,1857,1,82,barchart-second-18-same-shortest-34,right,shortest,same,single,2026-03-17T20:13:35Z,barchart,second,18,same,shortest,34,TRUE,TRUE,TRUE,TRUE,study,TRUE
517,677f0032603499bb93fef444,948,1,83,barchart-second-21-double-shortest-35,left,shortest,double,single,2026-03-17T20:13:37Z,barchart,second,21,double,shortest,35,TRUE,TRUE,TRUE,TRUE,study,TRUE
519,677f0032603499bb93fef444,1125,1,84,barchart-second-08-same-shortest-36,left,shortest,same,single,2026-03-17T20:13:39Z,barchart,second,8,same,shortest,36,TRUE,TRUE,TRUE,TRUE,study,TRUE
521,677f0032603499bb93fef444,1426,0,85,barchart-second-14-double-shortest-37,right,shortest,double,single,2026-03-17T20:13:41Z,barchart,second,14,double,shortest,37,TRUE,TRUE,TRUE,TRUE,study,TRUE
523,677f0032603499bb93fef444,1269,1,86,barchart-second-29-same-shortest-38,left,shortest,same,single,2026-03-17T20:13:44Z,barchart,second,29,same,shortest,38,TRUE,TRUE,TRUE,TRUE,study,TRUE
525,677f0032603499bb93fef444,909,1,87,barchart-second-15-same-shortest-39,right,shortest,same,single,2026-03-17T20:13:45Z,barchart,second,15,same,shortest,39,TRUE,TRUE,TRUE,TRUE,study,TRUE
527,677f0032603499bb93fef444,649,0,88,barchart-second-17-double-shortest-40,left,shortest,double,single,2026-03-17T20:13:46Z,barchart,second,17,double,shortest,40,TRUE,TRUE,TRUE,TRUE,study,TRUE
530,677f0032603499bb93fef444,2371,1,89,barchart-second-09-random-shortest-41,left,shortest,random,single,2026-03-17T20:13:50Z,barchart,second,9,random,shortest,41,TRUE,TRUE,TRUE,TRUE,study,TRUE
532,677f0032603499bb93fef444,1206,1,90,barchart-second-27-double-shortest-42,right,shortest,double,single,2026-03-17T20:13:52Z,barchart,second,27,double,shortest,42,TRUE,TRUE,TRUE,TRUE,study,TRUE
534,677f0032603499bb93fef444,1320,1,91,barchart-second-02-random-shortest-43,right,shortest,random,single,2026-03-17T20:13:54Z,barchart,second,2,random,shortest,43,TRUE,TRUE,TRUE,TRUE,study,TRUE
536,677f0032603499bb93fef444,849,1,92,barchart-second-30-random-shortest-44,left,shortest,random,single,2026-03-17T20:13:55Z,barchart,second,30,random,shortest,44,TRUE,TRUE,TRUE,TRUE,study,TRUE
538,677f0032603499bb93fef444,1099,1,93,barchart-second-09-same-shortest-45,left,shortest,same,single,2026-03-17T20:13:57Z,barchart,second,9,same,shortest,45,TRUE,TRUE,TRUE,TRUE,study,TRUE
540,677f0032603499bb93fef444,1561,1,94,barchart-second-16-double-shortest-46,right,shortest,double,single,2026-03-17T20:13:59Z,barchart,second,16,double,shortest,46,TRUE,TRUE,TRUE,TRUE,study,TRUE
544,677f0032603499bb93fef444,4804,1,95,barchart-second-03-random-shortest-47,right,shortest,random,single,2026-03-17T20:14:04Z,barchart,second,3,random,shortest,47,TRUE,TRUE,TRUE,TRUE,study,TRUE
1414,67aa52dcb66d138fca70a211,812,1,0,barchart-first-18-same-shortest-0,right,shortest,same,dual,2026-03-18T14:55:14Z,barchart,first,18,same,shortest,0,TRUE,TRUE,TRUE,TRUE,study,TRUE
1415,67aa52dcb66d138fca70a211,869,1,1,barchart-first-04-random-shortest-1,right,shortest,random,dual,2026-03-18T14:55:15Z,barchart,first,4,random,shortest,1,TRUE,TRUE,TRUE,TRUE,study,TRUE
1416,67aa52dcb66d138fca70a211,750,1,2,barchart-first-18-random-shortest-2,right,shortest,random,dual,2026-03-18T14:55:17Z,barchart,first,18,random,shortest,2,TRUE,TRUE,TRUE,TRUE,study,TRUE
1417,67aa52dcb66d138fca70a211,1132,1,3,barchart-first-27-double-shortest-3,right,shortest,double,dual,2026-03-18T14:55:18Z,barchart,first,27,double,shortest,3,TRUE,TRUE,TRUE,TRUE,study,TRUE
1418,67aa52dcb66d138fca70a211,1070,1,4,barchart-first-08-random-shortest-4,left,shortest,random,dual,2026-03-18T14:55:20Z,barchart,first,8,random,shortest,4,TRUE,TRUE,TRUE,TRUE,study,TRUE
1419,67aa52dcb66d138fca70a211,1052,1,5,barchart-first-15-random-shortest-5,right,shortest,random,dual,2026-03-18T14:55:22Z,barchart,first,15,random,shortest,5,TRUE,TRUE,TRUE,TRUE,study,TRUE
1420,67aa52dcb66d138fca70a211,1057,1,6,barchart-first-25-double-shortest-6,right,shortest,double,dual,2026-03-18T14:55:23Z,barchart,first,25,double,shortest,6,TRUE,TRUE,TRUE,TRUE,study,TRUE
1421,67aa52dcb66d138fca70a211,1168,1,7,barchart-first-13-random-shortest-7,left,shortest,random,dual,2026-03-18T14:55:25Z,barchart,first,13,random,shortest,7,TRUE,TRUE,TRUE,TRUE,study,TRUE
1422,67aa52dcb66d138fca70a211,783,1,8,barchart-first-31-same-shortest-8,right,shortest,same,dual,2026-03-18T14:55:26Z,barchart,first,31,same,shortest,8,TRUE,TRUE,TRUE,TRUE,study,TRUE
1423,67aa52dcb66d138fca70a211,1317,1,9,barchart-first-11-random-shortest-9,right,shortest,random,dual,2026-03-18T14:55:28Z,barchart,first,11,random,shortest,9,TRUE,TRUE,TRUE,TRUE,study,TRUE
1424,67aa52dcb66d138fca70a211,730,0,10,barchart-first-09-same-shortest-10,right,shortest,same,dual,2026-03-18T14:55:30Z,barchart,first,9,same,shortest,10,TRUE,TRUE,TRUE,TRUE,study,TRUE
1425,67aa52dcb66d138fca70a211,1037,1,11,barchart-first-13-same-shortest-11,left,shortest,same,dual,2026-03-18T14:55:32Z,barchart,first,13,same,shortest,11,TRUE,TRUE,TRUE,TRUE,study,TRUE
1426,67aa52dcb66d138fca70a211,1014,1,12,barchart-first-12-double-shortest-12,left,shortest,double,dual,2026-03-18T14:55:34Z,barchart,first,12,double,shortest,12,TRUE,TRUE,TRUE,TRUE,study,TRUE
1427,67aa52dcb66d138fca70a211,1089,1,13,barchart-first-20-random-shortest-13,right,shortest,random,dual,2026-03-18T14:55:36Z,barchart,first,20,random,shortest,13,TRUE,TRUE,TRUE,TRUE,study,TRUE
1428,67aa52dcb66d138fca70a211,5924,1,14,barchart-first-14-double-shortest-14,left,shortest,double,dual,2026-03-18T14:55:43Z,barchart,first,14,double,shortest,14,TRUE,TRUE,TRUE,TRUE,study,TRUE
1429,67aa52dcb66d138fca70a211,973,1,15,barchart-first-20-same-shortest-15,right,shortest,same,dual,2026-03-18T14:55:44Z,barchart,first,20,same,shortest,15,TRUE,TRUE,TRUE,TRUE,study,TRUE
1430,67aa52dcb66d138fca70a211,1487,1,16,barchart-first-03-same-shortest-16,right,shortest,same,dual,2026-03-18T14:55:47Z,barchart,first,3,same,shortest,16,TRUE,TRUE,TRUE,TRUE,study,TRUE
1431,67aa52dcb66d138fca70a211,1062,1,17,barchart-first-08-same-shortest-17,left,shortest,same,dual,2026-03-18T14:55:48Z,barchart,first,8,same,shortest,17,TRUE,TRUE,TRUE,TRUE,study,TRUE
1432,67aa52dcb66d138fca70a211,1290,1,18,barchart-first-03-random-shortest-18,right,shortest,random,dual,2026-03-18T14:55:50Z,barchart,first,3,random,shortest,18,TRUE,TRUE,TRUE,TRUE,study,TRUE
1433,67aa52dcb66d138fca70a211,1619,1,19,barchart-first-10-random-shortest-19,left,shortest,random,dual,2026-03-18T14:55:52Z,barchart,first,10,random,shortest,19,TRUE,TRUE,TRUE,TRUE,study,TRUE
1434,67aa52dcb66d138fca70a211,1004,1,20,barchart-first-12-same-shortest-20,left,shortest,same,dual,2026-03-18T14:55:54Z,barchart,first,12,same,shortest,20,TRUE,TRUE,TRUE,TRUE,study,TRUE
1435,67aa52dcb66d138fca70a211,1572,1,21,barchart-first-03-double-shortest-21,right,shortest,double,dual,2026-03-18T14:55:56Z,barchart,first,3,double,shortest,21,TRUE,TRUE,TRUE,TRUE,study,TRUE
1436,67aa52dcb66d138fca70a211,1217,1,22,barchart-first-31-random-shortest-22,right,shortest,random,dual,2026-03-18T14:55:58Z,barchart,first,31,random,shortest,22,TRUE,TRUE,TRUE,TRUE,study,TRUE
1437,67aa52dcb66d138fca70a211,1173,1,23,barchart-first-00-same-shortest-23,left,shortest,same,dual,2026-03-18T14:56:00Z,barchart,first,0,same,shortest,23,TRUE,TRUE,TRUE,TRUE,study,TRUE
1438,67aa52dcb66d138fca70a211,765,1,24,barchart-first-00-double-shortest-24,left,shortest,double,dual,2026-03-18T14:56:07Z,barchart,first,0,double,shortest,24,TRUE,TRUE,TRUE,TRUE,study,TRUE
1439,67aa52dcb66d138fca70a211,946,1,25,barchart-first-12-random-shortest-25,left,shortest,random,dual,2026-03-18T14:56:08Z,barchart,first,12,random,shortest,25,TRUE,TRUE,TRUE,TRUE,study,TRUE
1440,67aa52dcb66d138fca70a211,858,1,26,barchart-first-21-random-shortest-26,left,shortest,random,dual,2026-03-18T14:56:10Z,barchart,first,21,random,shortest,26,TRUE,TRUE,TRUE,TRUE,study,TRUE
1441,67aa52dcb66d138fca70a211,848,1,27,barchart-first-30-same-shortest-27,left,shortest,same,dual,2026-03-18T14:56:11Z,barchart,first,30,same,shortest,27,TRUE,TRUE,TRUE,TRUE,study,TRUE
1442,67aa52dcb66d138fca70a211,932,1,28,barchart-first-02-double-shortest-28,right,shortest,double,dual,2026-03-18T14:56:13Z,barchart,first,2,double,shortest,28,TRUE,TRUE,TRUE,TRUE,study,TRUE
1443,67aa52dcb66d138fca70a211,1096,1,29,barchart-first-23-same-shortest-29,right,shortest,same,dual,2026-03-18T14:56:14Z,barchart,first,23,same,shortest,29,TRUE,TRUE,TRUE,TRUE,study,TRUE
1444,67aa52dcb66d138fca70a211,909,1,30,barchart-first-27-same-shortest-30,right,shortest,same,dual,2026-03-18T14:56:16Z,barchart,first,27,same,shortest,30,TRUE,TRUE,TRUE,TRUE,study,TRUE
1445,67aa52dcb66d138fca70a211,1425,1,31,barchart-first-25-random-shortest-31,right,shortest,random,dual,2026-03-18T14:56:18Z,barchart,first,25,random,shortest,31,TRUE,TRUE,TRUE,TRUE,study,TRUE
1446,67aa52dcb66d138fca70a211,814,1,32,barchart-first-20-double-shortest-32,right,shortest,double,dual,2026-03-18T14:56:19Z,barchart,first,20,double,shortest,32,TRUE,TRUE,TRUE,TRUE,study,TRUE
1447,67aa52dcb66d138fca70a211,929,0,33,barchart-first-21-double-shortest-33,right,shortest,double,dual,2026-03-18T14:56:21Z,barchart,first,21,double,shortest,33,TRUE,TRUE,TRUE,TRUE,study,TRUE
1448,67aa52dcb66d138fca70a211,1051,1,34,barchart-first-05-same-shortest-34,left,shortest,same,dual,2026-03-18T14:56:24Z,barchart,first,5,same,shortest,34,TRUE,TRUE,TRUE,TRUE,study,TRUE
1449,67aa52dcb66d138fca70a211,1070,1,35,barchart-first-06-double-shortest-35,left,shortest,double,dual,2026-03-18T14:56:25Z,barchart,first,6,double,shortest,35,TRUE,TRUE,TRUE,TRUE,study,TRUE
1450,67aa52dcb66d138fca70a211,1182,1,36,barchart-first-31-double-shortest-36,right,shortest,double,dual,2026-03-18T14:56:27Z,barchart,first,31,double,shortest,36,TRUE,TRUE,TRUE,TRUE,study,TRUE
1451,67aa52dcb66d138fca70a211,1037,1,37,barchart-first-01-same-shortest-37,right,shortest,same,dual,2026-03-18T14:56:29Z,barchart,first,1,same,shortest,37,TRUE,TRUE,TRUE,TRUE,study,TRUE
1452,67aa52dcb66d138fca70a211,1179,1,38,barchart-first-11-double-shortest-38,right,shortest,double,dual,2026-03-18T14:56:31Z,barchart,first,11,double,shortest,38,TRUE,TRUE,TRUE,TRUE,study,TRUE
1453,67aa52dcb66d138fca70a211,1879,1,39,barchart-first-08-double-shortest-39,left,shortest,double,dual,2026-03-18T14:56:33Z,barchart,first,8,double,shortest,39,TRUE,TRUE,TRUE,TRUE,study,TRUE
1454,67aa52dcb66d138fca70a211,1448,0,40,barchart-first-29-random-shortest-40,right,shortest,random,dual,2026-03-18T14:56:35Z,barchart,first,29,random,shortest,40,TRUE,TRUE,TRUE,TRUE,study,TRUE
1455,67aa52dcb66d138fca70a211,1085,1,41,barchart-first-16-same-shortest-41,right,shortest,same,dual,2026-03-18T14:56:38Z,barchart,first,16,same,shortest,41,TRUE,TRUE,TRUE,TRUE,study,TRUE
1456,67aa52dcb66d138fca70a211,810,1,42,barchart-first-10-double-shortest-42,left,shortest,double,dual,2026-03-18T14:56:39Z,barchart,first,10,double,shortest,42,TRUE,TRUE,TRUE,TRUE,study,TRUE
1457,67aa52dcb66d138fca70a211,1190,1,43,barchart-first-29-same-shortest-43,left,shortest,same,dual,2026-03-18T14:56:41Z,barchart,first,29,same,shortest,43,TRUE,TRUE,TRUE,TRUE,study,TRUE
1458,67aa52dcb66d138fca70a211,804,1,44,barchart-first-30-random-shortest-44,left,shortest,random,dual,2026-03-18T14:56:43Z,barchart,first,30,random,shortest,44,TRUE,TRUE,TRUE,TRUE,study,TRUE
1459,67aa52dcb66d138fca70a211,1488,1,45,barchart-first-07-double-shortest-45,left,shortest,double,dual,2026-03-18T14:56:45Z,barchart,first,7,double,shortest,45,TRUE,TRUE,TRUE,TRUE,study,TRUE
1460,67aa52dcb66d138fca70a211,1148,1,46,barchart-first-19-random-shortest-46,left,shortest,random,dual,2026-03-18T14:56:47Z,barchart,first,19,random,shortest,46,TRUE,TRUE,TRUE,TRUE,study,TRUE
1461,67aa52dcb66d138fca70a211,907,1,47,barchart-first-16-double-shortest-47,right,shortest,double,dual,2026-03-18T14:56:48Z,barchart,first,16,double,shortest,47,TRUE,TRUE,TRUE,TRUE,study,TRUE
1462,67aa52dcb66d138fca70a211,1202,1,48,barchart-second-28-double-tallest-0,right,tallest,double,dual,2026-03-18T14:56:57Z,barchart,second,28,double,tallest,0,TRUE,TRUE,TRUE,TRUE,study,TRUE
1463,67aa52dcb66d138fca70a211,733,1,49,barchart-second-06-same-tallest-1,right,tallest,same,dual,2026-03-18T14:56:59Z,barchart,second,6,same,tallest,1,TRUE,TRUE,TRUE,TRUE,study,TRUE
1464,67aa52dcb66d138fca70a211,1082,1,50,barchart-second-24-double-tallest-2,right,tallest,double,dual,2026-03-18T14:57:00Z,barchart,second,24,double,tallest,2,TRUE,TRUE,TRUE,TRUE,study,TRUE
1465,67aa52dcb66d138fca70a211,1110,1,51,barchart-second-02-same-tallest-3,left,tallest,same,dual,2026-03-18T14:57:02Z,barchart,second,2,same,tallest,3,TRUE,TRUE,TRUE,TRUE,study,TRUE
1466,67aa52dcb66d138fca70a211,1029,1,52,barchart-second-22-random-tallest-4,right,tallest,random,dual,2026-03-18T14:57:04Z,barchart,second,22,random,tallest,4,TRUE,TRUE,TRUE,TRUE,study,TRUE
1467,67aa52dcb66d138fca70a211,1330,1,53,barchart-second-19-same-tallest-5,right,tallest,same,dual,2026-03-18T14:57:06Z,barchart,second,19,same,tallest,5,TRUE,TRUE,TRUE,TRUE,study,TRUE
1468,67aa52dcb66d138fca70a211,968,1,54,barchart-second-30-double-tallest-6,right,tallest,double,dual,2026-03-18T14:57:07Z,barchart,second,30,double,tallest,6,TRUE,TRUE,TRUE,TRUE,study,TRUE
1469,67aa52dcb66d138fca70a211,633,1,55,barchart-second-27-random-tallest-7,right,tallest,random,dual,2026-03-18T14:57:09Z,barchart,second,27,random,tallest,7,TRUE,TRUE,TRUE,TRUE,study,TRUE
1470,67aa52dcb66d138fca70a211,841,1,56,barchart-second-18-double-tallest-8,left,tallest,double,dual,2026-03-18T14:57:10Z,barchart,second,18,double,tallest,8,TRUE,TRUE,TRUE,TRUE,study,TRUE
1471,67aa52dcb66d138fca70a211,663,1,57,barchart-second-26-same-tallest-9,left,tallest,same,dual,2026-03-18T14:57:11Z,barchart,second,26,same,tallest,9,TRUE,TRUE,TRUE,TRUE,study,TRUE
1472,67aa52dcb66d138fca70a211,1268,1,58,barchart-second-09-random-tallest-10,left,tallest,random,dual,2026-03-18T14:57:13Z,barchart,second,9,random,tallest,10,TRUE,TRUE,TRUE,TRUE,study,TRUE
1473,67aa52dcb66d138fca70a211,1067,1,59,barchart-second-22-double-tallest-11,right,tallest,double,dual,2026-03-18T14:57:15Z,barchart,second,22,double,tallest,11,TRUE,TRUE,TRUE,TRUE,study,TRUE
1474,67aa52dcb66d138fca70a211,788,1,60,barchart-second-04-same-tallest-12,left,tallest,same,dual,2026-03-18T14:57:16Z,barchart,second,4,same,tallest,12,TRUE,TRUE,TRUE,TRUE,study,TRUE
1475,67aa52dcb66d138fca70a211,927,1,61,barchart-second-19-double-tallest-13,right,tallest,double,dual,2026-03-18T14:57:18Z,barchart,second,19,double,tallest,13,TRUE,TRUE,TRUE,TRUE,study,TRUE
1476,67aa52dcb66d138fca70a211,927,1,62,barchart-second-23-random-tallest-14,right,tallest,random,dual,2026-03-18T14:57:20Z,barchart,second,23,random,tallest,14,TRUE,TRUE,TRUE,TRUE,study,TRUE
1477,67aa52dcb66d138fca70a211,1331,1,63,barchart-second-00-random-tallest-15,right,tallest,random,dual,2026-03-18T14:57:21Z,barchart,second,0,random,tallest,15,TRUE,TRUE,TRUE,TRUE,study,TRUE
1478,67aa52dcb66d138fca70a211,641,1,64,barchart-second-24-same-tallest-16,right,tallest,same,dual,2026-03-18T14:57:23Z,barchart,second,24,same,tallest,16,TRUE,TRUE,TRUE,TRUE,study,TRUE
1479,67aa52dcb66d138fca70a211,935,1,65,barchart-second-06-random-tallest-17,right,tallest,random,dual,2026-03-18T14:57:24Z,barchart,second,6,random,tallest,17,TRUE,TRUE,TRUE,TRUE,study,TRUE
1480,67aa52dcb66d138fca70a211,1785,1,66,barchart-second-21-same-tallest-18,left,tallest,same,dual,2026-03-18T14:57:27Z,barchart,second,21,same,tallest,18,TRUE,TRUE,TRUE,TRUE,study,TRUE
1481,67aa52dcb66d138fca70a211,907,1,67,barchart-second-26-random-tallest-19,left,tallest,random,dual,2026-03-18T14:57:28Z,barchart,second,26,random,tallest,19,TRUE,TRUE,TRUE,TRUE,study,TRUE
1482,67aa52dcb66d138fca70a211,1704,1,68,barchart-second-23-double-tallest-20,right,tallest,double,dual,2026-03-18T14:57:31Z,barchart,second,23,double,tallest,20,TRUE,TRUE,TRUE,TRUE,study,TRUE
1483,67aa52dcb66d138fca70a211,1182,1,69,barchart-second-15-double-tallest-21,right,tallest,double,dual,2026-03-18T14:57:32Z,barchart,second,15,double,tallest,21,TRUE,TRUE,TRUE,TRUE,study,TRUE
1484,67aa52dcb66d138fca70a211,851,1,70,barchart-second-10-same-tallest-22,right,tallest,same,dual,2026-03-18T14:57:34Z,barchart,second,10,same,tallest,22,TRUE,TRUE,TRUE,TRUE,study,TRUE
1485,67aa52dcb66d138fca70a211,1252,1,71,barchart-second-13-double-tallest-23,left,tallest,double,dual,2026-03-18T14:57:36Z,barchart,second,13,double,tallest,23,TRUE,TRUE,TRUE,TRUE,study,TRUE
1486,67aa52dcb66d138fca70a211,912,1,72,barchart-second-29-double-tallest-24,left,tallest,double,dual,2026-03-18T14:57:40Z,barchart,second,29,double,tallest,24,TRUE,TRUE,TRUE,TRUE,study,TRUE
1487,67aa52dcb66d138fca70a211,820,1,73,barchart-second-28-random-tallest-25,right,tallest,random,dual,2026-03-18T14:57:41Z,barchart,second,28,random,tallest,25,TRUE,TRUE,TRUE,TRUE,study,TRUE
1488,67aa52dcb66d138fca70a211,835,1,74,barchart-second-11-same-tallest-26,left,tallest,same,dual,2026-03-18T14:57:43Z,barchart,second,11,same,tallest,26,TRUE,TRUE,TRUE,TRUE,study,TRUE
1489,67aa52dcb66d138fca70a211,895,1,75,barchart-second-17-random-tallest-27,left,tallest,random,dual,2026-03-18T14:57:44Z,barchart,second,17,random,tallest,27,TRUE,TRUE,TRUE,TRUE,study,TRUE
1490,67aa52dcb66d138fca70a211,1199,1,76,barchart-second-25-same-tallest-28,right,tallest,same,dual,2026-03-18T14:57:46Z,barchart,second,25,same,tallest,28,TRUE,TRUE,TRUE,TRUE,study,TRUE
1491,67aa52dcb66d138fca70a211,1002,1,77,barchart-second-01-double-tallest-29,left,tallest,double,dual,2026-03-18T14:57:48Z,barchart,second,1,double,tallest,29,TRUE,TRUE,TRUE,TRUE,study,TRUE
1492,67aa52dcb66d138fca70a211,873,1,78,barchart-second-07-random-tallest-30,left,tallest,random,dual,2026-03-18T14:57:49Z,barchart,second,7,random,tallest,30,TRUE,TRUE,TRUE,TRUE,study,TRUE
1493,67aa52dcb66d138fca70a211,824,1,79,barchart-second-24-random-tallest-31,right,tallest,random,dual,2026-03-18T14:57:51Z,barchart,second,24,random,tallest,31,TRUE,TRUE,TRUE,TRUE,study,TRUE
1494,67aa52dcb66d138fca70a211,748,1,80,barchart-second-17-same-tallest-32,left,tallest,same,dual,2026-03-18T14:57:52Z,barchart,second,17,same,tallest,32,TRUE,TRUE,TRUE,TRUE,study,TRUE
1495,67aa52dcb66d138fca70a211,1296,1,81,barchart-second-05-random-tallest-33,right,tallest,random,dual,2026-03-18T14:57:54Z,barchart,second,5,random,tallest,33,TRUE,TRUE,TRUE,TRUE,study,TRUE
1496,67aa52dcb66d138fca70a211,697,1,82,barchart-second-01-random-tallest-34,left,tallest,random,dual,2026-03-18T14:57:55Z,barchart,second,1,random,tallest,34,TRUE,TRUE,TRUE,TRUE,study,TRUE
1497,67aa52dcb66d138fca70a211,1025,1,83,barchart-second-04-double-tallest-35,left,tallest,double,dual,2026-03-18T14:57:57Z,barchart,second,4,double,tallest,35,TRUE,TRUE,TRUE,TRUE,study,TRUE
1498,67aa52dcb66d138fca70a211,769,1,84,barchart-second-14-random-tallest-36,left,tallest,random,dual,2026-03-18T14:57:58Z,barchart,second,14,random,tallest,36,TRUE,TRUE,TRUE,TRUE,study,TRUE
1499,67aa52dcb66d138fca70a211,887,1,85,barchart-second-28-same-tallest-37,right,tallest,same,dual,2026-03-18T14:58:00Z,barchart,second,28,same,tallest,37,TRUE,TRUE,TRUE,TRUE,study,TRUE
1500,67aa52dcb66d138fca70a211,1061,1,86,barchart-second-22-same-tallest-38,right,tallest,same,dual,2026-03-18T14:58:02Z,barchart,second,22,same,tallest,38,TRUE,TRUE,TRUE,TRUE,study,TRUE
1501,67aa52dcb66d138fca70a211,973,1,87,barchart-second-09-double-tallest-39,left,tallest,double,dual,2026-03-18T14:58:03Z,barchart,second,9,double,tallest,39,TRUE,TRUE,TRUE,TRUE,study,TRUE
1502,67aa52dcb66d138fca70a211,929,1,88,barchart-second-16-random-tallest-40,left,tallest,random,dual,2026-03-18T14:58:05Z,barchart,second,16,random,tallest,40,TRUE,TRUE,TRUE,TRUE,study,TRUE
1503,67aa52dcb66d138fca70a211,774,1,89,barchart-second-07-same-tallest-41,left,tallest,same,dual,2026-03-18T14:58:06Z,barchart,second,7,same,tallest,41,TRUE,TRUE,TRUE,TRUE,study,TRUE
1504,67aa52dcb66d138fca70a211,923,1,90,barchart-second-05-double-tallest-42,right,tallest,double,dual,2026-03-18T14:58:08Z,barchart,second,5,double,tallest,42,TRUE,TRUE,TRUE,TRUE,study,TRUE
1505,67aa52dcb66d138fca70a211,627,1,91,barchart-second-02-random-tallest-43,left,tallest,random,dual,2026-03-18T14:58:09Z,barchart,second,2,random,tallest,43,TRUE,TRUE,TRUE,TRUE,study,TRUE
1506,67aa52dcb66d138fca70a211,677,1,92,barchart-second-26-double-tallest-44,left,tallest,double,dual,2026-03-18T14:58:10Z,barchart,second,26,double,tallest,44,TRUE,TRUE,TRUE,TRUE,study,TRUE
1507,67aa52dcb66d138fca70a211,652,0,93,barchart-second-15-same-tallest-45,left,tallest,same,dual,2026-03-18T14:58:11Z,barchart,second,15,same,tallest,45,TRUE,TRUE,TRUE,TRUE,study,TRUE
1508,67aa52dcb66d138fca70a211,1181,1,94,barchart-second-14-same-tallest-46,left,tallest,same,dual,2026-03-18T14:58:14Z,barchart,second,14,same,tallest,46,TRUE,TRUE,TRUE,TRUE,study,TRUE
1509,67aa52dcb66d138fca70a211,751,1,95,barchart-second-17-double-tallest-47,left,tallest,double,dual,2026-03-18T14:58:16Z,barchart,second,17,double,tallest,47,TRUE,TRUE,TRUE,TRUE,study,TRUE
1121,67c34d9b878f52578c902a89,7812,1,0,barchart-first-23-random-shortest-0,right,shortest,random,single,2026-03-17T22:14:47Z,barchart,first,23,random,shortest,0,TRUE,TRUE,TRUE,TRUE,study,TRUE
1122,67c34d9b878f52578c902a89,5192,1,1,barchart-first-18-same-shortest-1,right,shortest,same,single,2026-03-17T22:14:53Z,barchart,first,18,same,shortest,1,TRUE,TRUE,TRUE,TRUE,study,TRUE
1123,67c34d9b878f52578c902a89,4260,0,2,barchart-first-08-same-shortest-2,right,shortest,same,single,2026-03-17T22:14:58Z,barchart,first,8,same,shortest,2,TRUE,TRUE,TRUE,TRUE,study,TRUE
1124,67c34d9b878f52578c902a89,4512,1,3,barchart-first-22-same-shortest-3,right,shortest,same,single,2026-03-17T22:15:04Z,barchart,first,22,same,shortest,3,TRUE,TRUE,TRUE,TRUE,study,TRUE
1125,67c34d9b878f52578c902a89,3335,1,4,barchart-first-00-same-shortest-4,left,shortest,same,single,2026-03-17T22:15:08Z,barchart,first,0,same,shortest,4,TRUE,TRUE,TRUE,TRUE,study,TRUE
1126,67c34d9b878f52578c902a89,3782,1,5,barchart-first-00-random-shortest-5,left,shortest,random,single,2026-03-17T22:15:12Z,barchart,first,0,random,shortest,5,TRUE,TRUE,TRUE,TRUE,study,TRUE
1127,67c34d9b878f52578c902a89,2468,1,6,barchart-first-20-random-shortest-6,right,shortest,random,single,2026-03-17T22:15:15Z,barchart,first,20,random,shortest,6,TRUE,TRUE,TRUE,TRUE,study,TRUE
1128,67c34d9b878f52578c902a89,3327,1,7,barchart-first-08-double-shortest-7,left,shortest,double,single,2026-03-17T22:15:19Z,barchart,first,8,double,shortest,7,TRUE,TRUE,TRUE,TRUE,study,TRUE
1129,67c34d9b878f52578c902a89,2905,1,8,barchart-first-27-same-shortest-8,right,shortest,same,single,2026-03-17T22:15:23Z,barchart,first,27,same,shortest,8,TRUE,TRUE,TRUE,TRUE,study,TRUE
1130,67c34d9b878f52578c902a89,2380,1,9,barchart-first-03-same-shortest-9,right,shortest,same,single,2026-03-17T22:15:26Z,barchart,first,3,same,shortest,9,TRUE,TRUE,TRUE,TRUE,study,TRUE
1131,67c34d9b878f52578c902a89,3691,1,10,barchart-first-07-same-shortest-10,left,shortest,same,single,2026-03-17T22:15:30Z,barchart,first,7,same,shortest,10,TRUE,TRUE,TRUE,TRUE,study,TRUE
1132,67c34d9b878f52578c902a89,2452,1,11,barchart-first-19-random-shortest-11,left,shortest,random,single,2026-03-17T22:15:33Z,barchart,first,19,random,shortest,11,TRUE,TRUE,TRUE,TRUE,study,TRUE
1133,67c34d9b878f52578c902a89,4542,1,12,barchart-first-06-same-shortest-12,left,shortest,same,single,2026-03-17T22:15:38Z,barchart,first,6,same,shortest,12,TRUE,TRUE,TRUE,TRUE,study,TRUE
1134,67c34d9b878f52578c902a89,4364,1,13,barchart-first-14-double-shortest-13,left,shortest,double,single,2026-03-17T22:15:43Z,barchart,first,14,double,shortest,13,TRUE,TRUE,TRUE,TRUE,study,TRUE
1135,67c34d9b878f52578c902a89,1802,1,14,barchart-first-25-double-shortest-14,right,shortest,double,single,2026-03-17T22:15:45Z,barchart,first,25,double,shortest,14,TRUE,TRUE,TRUE,TRUE,study,TRUE
1136,67c34d9b878f52578c902a89,2058,1,15,barchart-first-08-random-shortest-15,left,shortest,random,single,2026-03-17T22:15:48Z,barchart,first,8,random,shortest,15,TRUE,TRUE,TRUE,TRUE,study,TRUE
1137,67c34d9b878f52578c902a89,2027,1,16,barchart-first-13-same-shortest-16,left,shortest,same,single,2026-03-17T22:15:51Z,barchart,first,13,same,shortest,16,TRUE,TRUE,TRUE,TRUE,study,TRUE
1138,67c34d9b878f52578c902a89,2454,1,17,barchart-first-17-random-shortest-17,right,shortest,random,single,2026-03-17T22:15:54Z,barchart,first,17,random,shortest,17,TRUE,TRUE,TRUE,TRUE,study,TRUE
1139,67c34d9b878f52578c902a89,3056,1,18,barchart-first-31-double-shortest-18,right,shortest,double,single,2026-03-17T22:15:57Z,barchart,first,31,double,shortest,18,TRUE,TRUE,TRUE,TRUE,study,TRUE
1140,67c34d9b878f52578c902a89,2227,1,19,barchart-first-24-same-shortest-19,left,shortest,same,single,2026-03-17T22:16:00Z,barchart,first,24,same,shortest,19,TRUE,TRUE,TRUE,TRUE,study,TRUE
1141,67c34d9b878f52578c902a89,2679,1,20,barchart-first-25-same-shortest-20,right,shortest,same,single,2026-03-17T22:16:03Z,barchart,first,25,same,shortest,20,TRUE,TRUE,TRUE,TRUE,study,TRUE
1142,67c34d9b878f52578c902a89,1421,1,21,barchart-first-07-double-shortest-21,left,shortest,double,single,2026-03-17T22:16:05Z,barchart,first,7,double,shortest,21,TRUE,TRUE,TRUE,TRUE,study,TRUE
1143,67c34d9b878f52578c902a89,1352,1,22,barchart-first-28-double-shortest-22,right,shortest,double,single,2026-03-17T22:16:07Z,barchart,first,28,double,shortest,22,TRUE,TRUE,TRUE,TRUE,study,TRUE
1144,67c34d9b878f52578c902a89,1980,1,23,barchart-first-04-random-shortest-23,right,shortest,random,single,2026-03-17T22:16:10Z,barchart,first,4,random,shortest,23,TRUE,TRUE,TRUE,TRUE,study,TRUE
1145,67c34d9b878f52578c902a89,4012,1,24,barchart-first-16-double-shortest-24,right,shortest,double,single,2026-03-17T22:16:29Z,barchart,first,16,double,shortest,24,TRUE,TRUE,TRUE,TRUE,study,TRUE
1146,67c34d9b878f52578c902a89,2419,1,25,barchart-first-00-double-shortest-25,left,shortest,double,single,2026-03-17T22:16:32Z,barchart,first,0,double,shortest,25,TRUE,TRUE,TRUE,TRUE,study,TRUE
1147,67c34d9b878f52578c902a89,1523,1,26,barchart-first-03-double-shortest-26,right,shortest,double,single,2026-03-17T22:16:34Z,barchart,first,3,double,shortest,26,TRUE,TRUE,TRUE,TRUE,study,TRUE
1148,67c34d9b878f52578c902a89,2296,1,27,barchart-first-17-double-shortest-27,right,shortest,double,single,2026-03-17T22:16:37Z,barchart,first,17,double,shortest,27,TRUE,TRUE,TRUE,TRUE,study,TRUE
1149,67c34d9b878f52578c902a89,1903,1,28,barchart-first-05-random-shortest-28,left,shortest,random,single,2026-03-17T22:16:39Z,barchart,first,5,random,shortest,28,TRUE,TRUE,TRUE,TRUE,study,TRUE
1150,67c34d9b878f52578c902a89,2349,1,29,barchart-first-02-random-shortest-29,right,shortest,random,single,2026-03-17T22:16:42Z,barchart,first,2,random,shortest,29,TRUE,TRUE,TRUE,TRUE,study,TRUE
1151,67c34d9b878f52578c902a89,2086,1,30,barchart-first-10-double-shortest-30,left,shortest,double,single,2026-03-17T22:16:45Z,barchart,first,10,double,shortest,30,TRUE,TRUE,TRUE,TRUE,study,TRUE
1152,67c34d9b878f52578c902a89,2285,1,31,barchart-first-11-same-shortest-31,right,shortest,same,single,2026-03-17T22:16:48Z,barchart,first,11,same,shortest,31,TRUE,TRUE,TRUE,TRUE,study,TRUE
1153,67c34d9b878f52578c902a89,1711,1,32,barchart-first-04-same-shortest-32,right,shortest,same,single,2026-03-17T22:16:50Z,barchart,first,4,same,shortest,32,TRUE,TRUE,TRUE,TRUE,study,TRUE
1154,67c34d9b878f52578c902a89,2055,1,33,barchart-first-25-random-shortest-33,right,shortest,random,single,2026-03-17T22:16:53Z,barchart,first,25,random,shortest,33,TRUE,TRUE,TRUE,TRUE,study,TRUE
1155,67c34d9b878f52578c902a89,1785,1,34,barchart-first-21-random-shortest-34,left,shortest,random,single,2026-03-17T22:16:55Z,barchart,first,21,random,shortest,34,TRUE,TRUE,TRUE,TRUE,study,TRUE
1156,67c34d9b878f52578c902a89,2643,1,35,barchart-first-27-random-shortest-35,right,shortest,random,single,2026-03-17T22:16:58Z,barchart,first,27,random,shortest,35,TRUE,TRUE,TRUE,TRUE,study,TRUE
1157,67c34d9b878f52578c902a89,2374,1,36,barchart-first-24-double-shortest-36,left,shortest,double,single,2026-03-17T22:17:01Z,barchart,first,24,double,shortest,36,TRUE,TRUE,TRUE,TRUE,study,TRUE
1158,67c34d9b878f52578c902a89,1636,1,37,barchart-first-31-same-shortest-37,right,shortest,same,single,2026-03-17T22:17:03Z,barchart,first,31,same,shortest,37,TRUE,TRUE,TRUE,TRUE,study,TRUE
1159,67c34d9b878f52578c902a89,1562,1,38,barchart-first-14-random-shortest-38,left,shortest,random,single,2026-03-17T22:17:06Z,barchart,first,14,random,shortest,38,TRUE,TRUE,TRUE,TRUE,study,TRUE
1160,67c34d9b878f52578c902a89,1993,1,39,barchart-first-15-double-shortest-39,right,shortest,double,single,2026-03-17T22:17:08Z,barchart,first,15,double,shortest,39,TRUE,TRUE,TRUE,TRUE,study,TRUE
1161,67c34d9b878f52578c902a89,1185,1,40,barchart-first-11-double-shortest-40,right,shortest,double,single,2026-03-17T22:17:10Z,barchart,first,11,double,shortest,40,TRUE,TRUE,TRUE,TRUE,study,TRUE
1162,67c34d9b878f52578c902a89,2232,1,41,barchart-first-18-random-shortest-41,right,shortest,random,single,2026-03-17T22:17:13Z,barchart,first,18,random,shortest,41,TRUE,TRUE,TRUE,TRUE,study,TRUE
1163,67c34d9b878f52578c902a89,1573,1,42,barchart-first-26-same-shortest-42,left,shortest,same,single,2026-03-17T22:17:15Z,barchart,first,26,same,shortest,42,TRUE,TRUE,TRUE,TRUE,study,TRUE
1164,67c34d9b878f52578c902a89,2386,1,43,barchart-first-05-same-shortest-43,left,shortest,same,single,2026-03-17T22:17:18Z,barchart,first,5,same,shortest,43,TRUE,TRUE,TRUE,TRUE,study,TRUE
1165,67c34d9b878f52578c902a89,1881,1,44,barchart-first-30-double-shortest-44,left,shortest,double,single,2026-03-17T22:17:20Z,barchart,first,30,double,shortest,44,TRUE,TRUE,TRUE,TRUE,study,TRUE
1166,67c34d9b878f52578c902a89,1852,1,45,barchart-first-09-random-shortest-45,left,shortest,random,single,2026-03-17T22:17:23Z,barchart,first,9,random,shortest,45,TRUE,TRUE,TRUE,TRUE,study,TRUE
1167,67c34d9b878f52578c902a89,1072,1,46,barchart-first-26-double-shortest-46,left,shortest,double,single,2026-03-17T22:17:24Z,barchart,first,26,double,shortest,46,TRUE,TRUE,TRUE,TRUE,study,TRUE
1168,67c34d9b878f52578c902a89,2799,1,47,barchart-first-06-random-shortest-47,left,shortest,random,single,2026-03-17T22:17:28Z,barchart,first,6,random,shortest,47,TRUE,TRUE,TRUE,TRUE,study,TRUE
1169,67c34d9b878f52578c902a89,1304,1,48,barchart-second-24-random-tallest-0,right,tallest,random,single,2026-03-17T22:17:43Z,barchart,second,24,random,tallest,0,TRUE,TRUE,TRUE,TRUE,study,TRUE
1170,67c34d9b878f52578c902a89,1377,1,49,barchart-second-26-random-tallest-1,left,tallest,random,single,2026-03-17T22:17:45Z,barchart,second,26,random,tallest,1,TRUE,TRUE,TRUE,TRUE,study,TRUE
1171,67c34d9b878f52578c902a89,1776,1,50,barchart-second-09-double-tallest-2,left,tallest,double,single,2026-03-17T22:17:47Z,barchart,second,9,double,tallest,2,TRUE,TRUE,TRUE,TRUE,study,TRUE
1172,67c34d9b878f52578c902a89,1762,1,51,barchart-second-10-same-tallest-3,right,tallest,same,single,2026-03-17T22:17:49Z,barchart,second,10,same,tallest,3,TRUE,TRUE,TRUE,TRUE,study,TRUE
1173,67c34d9b878f52578c902a89,1552,1,52,barchart-second-20-same-tallest-4,right,tallest,same,single,2026-03-17T22:17:51Z,barchart,second,20,same,tallest,4,TRUE,TRUE,TRUE,TRUE,study,TRUE
1174,67c34d9b878f52578c902a89,1243,1,53,barchart-second-28-same-tallest-5,right,tallest,same,single,2026-03-17T22:17:53Z,barchart,second,28,same,tallest,5,TRUE,TRUE,TRUE,TRUE,study,TRUE
1175,67c34d9b878f52578c902a89,1532,1,54,barchart-second-18-double-tallest-6,left,tallest,double,single,2026-03-17T22:17:55Z,barchart,second,18,double,tallest,6,TRUE,TRUE,TRUE,TRUE,study,TRUE
1176,67c34d9b878f52578c902a89,1424,1,55,barchart-second-19-double-tallest-7,right,tallest,double,single,2026-03-17T22:17:57Z,barchart,second,19,double,tallest,7,TRUE,TRUE,TRUE,TRUE,study,TRUE
1177,67c34d9b878f52578c902a89,1379,1,56,barchart-second-01-double-tallest-8,left,tallest,double,single,2026-03-17T22:17:59Z,barchart,second,1,double,tallest,8,TRUE,TRUE,TRUE,TRUE,study,TRUE
1178,67c34d9b878f52578c902a89,1124,1,57,barchart-second-12-random-tallest-9,right,tallest,random,single,2026-03-17T22:18:01Z,barchart,second,12,random,tallest,9,TRUE,TRUE,TRUE,TRUE,study,TRUE
1179,67c34d9b878f52578c902a89,882,1,58,barchart-second-07-random-tallest-10,left,tallest,random,single,2026-03-17T22:18:02Z,barchart,second,7,random,tallest,10,TRUE,TRUE,TRUE,TRUE,study,TRUE
1180,67c34d9b878f52578c902a89,1206,1,59,barchart-second-09-same-tallest-11,left,tallest,same,single,2026-03-17T22:18:04Z,barchart,second,9,same,tallest,11,TRUE,TRUE,TRUE,TRUE,study,TRUE
1181,67c34d9b878f52578c902a89,965,1,60,barchart-second-13-double-tallest-12,left,tallest,double,single,2026-03-17T22:18:06Z,barchart,second,13,double,tallest,12,TRUE,TRUE,TRUE,TRUE,study,TRUE
1182,67c34d9b878f52578c902a89,1602,1,61,barchart-second-29-random-tallest-13,left,tallest,random,single,2026-03-17T22:18:08Z,barchart,second,29,random,tallest,13,TRUE,TRUE,TRUE,TRUE,study,TRUE
1183,67c34d9b878f52578c902a89,1225,1,62,barchart-second-19-same-tallest-14,right,tallest,same,single,2026-03-17T22:18:10Z,barchart,second,19,same,tallest,14,TRUE,TRUE,TRUE,TRUE,study,TRUE
1184,67c34d9b878f52578c902a89,2082,1,63,barchart-second-03-random-tallest-15,left,tallest,random,single,2026-03-17T22:18:12Z,barchart,second,3,random,tallest,15,TRUE,TRUE,TRUE,TRUE,study,TRUE
1185,67c34d9b878f52578c902a89,1114,1,64,barchart-second-13-random-tallest-16,left,tallest,random,single,2026-03-17T22:18:14Z,barchart,second,13,random,tallest,16,TRUE,TRUE,TRUE,TRUE,study,TRUE
1186,67c34d9b878f52578c902a89,1544,1,65,barchart-second-29-double-tallest-17,left,tallest,double,single,2026-03-17T22:18:16Z,barchart,second,29,double,tallest,17,TRUE,TRUE,TRUE,TRUE,study,TRUE
1187,67c34d9b878f52578c902a89,1678,1,66,barchart-second-23-same-tallest-18,right,tallest,same,single,2026-03-17T22:18:18Z,barchart,second,23,same,tallest,18,TRUE,TRUE,TRUE,TRUE,study,TRUE
1188,67c34d9b878f52578c902a89,1186,1,67,barchart-second-06-double-tallest-19,right,tallest,double,single,2026-03-17T22:18:20Z,barchart,second,6,double,tallest,19,TRUE,TRUE,TRUE,TRUE,study,TRUE
1189,67c34d9b878f52578c902a89,1407,1,68,barchart-second-01-random-tallest-20,left,tallest,random,single,2026-03-17T22:18:22Z,barchart,second,1,random,tallest,20,TRUE,TRUE,TRUE,TRUE,study,TRUE
1190,67c34d9b878f52578c902a89,1476,1,69,barchart-second-23-double-tallest-21,right,tallest,double,single,2026-03-17T22:18:24Z,barchart,second,23,double,tallest,21,TRUE,TRUE,TRUE,TRUE,study,TRUE
1191,67c34d9b878f52578c902a89,1766,1,70,barchart-second-15-same-tallest-22,right,tallest,same,single,2026-03-17T22:18:26Z,barchart,second,15,same,tallest,22,TRUE,TRUE,TRUE,TRUE,study,TRUE
1192,67c34d9b878f52578c902a89,1355,1,71,barchart-second-01-same-tallest-23,left,tallest,same,single,2026-03-17T22:18:28Z,barchart,second,1,same,tallest,23,TRUE,TRUE,TRUE,TRUE,study,TRUE
1193,67c34d9b878f52578c902a89,2007,1,72,barchart-second-22-double-tallest-24,right,tallest,double,single,2026-03-17T22:18:37Z,barchart,second,22,double,tallest,24,TRUE,TRUE,TRUE,TRUE,study,TRUE
1194,67c34d9b878f52578c902a89,1226,1,73,barchart-second-04-double-tallest-25,left,tallest,double,single,2026-03-17T22:18:38Z,barchart,second,4,double,tallest,25,TRUE,TRUE,TRUE,TRUE,study,TRUE
1195,67c34d9b878f52578c902a89,1120,1,74,barchart-second-05-double-tallest-26,right,tallest,double,single,2026-03-17T22:18:40Z,barchart,second,5,double,tallest,26,TRUE,TRUE,TRUE,TRUE,study,TRUE
1196,67c34d9b878f52578c902a89,1256,1,75,barchart-second-12-same-tallest-27,right,tallest,same,single,2026-03-17T22:18:42Z,barchart,second,12,same,tallest,27,TRUE,TRUE,TRUE,TRUE,study,TRUE
1197,67c34d9b878f52578c902a89,1516,1,76,barchart-second-30-random-tallest-28,right,tallest,random,single,2026-03-17T22:18:44Z,barchart,second,30,random,tallest,28,TRUE,TRUE,TRUE,TRUE,study,TRUE
1198,67c34d9b878f52578c902a89,1863,1,77,barchart-second-27-double-tallest-29,right,tallest,double,single,2026-03-17T22:18:46Z,barchart,second,27,double,tallest,29,TRUE,TRUE,TRUE,TRUE,study,TRUE
1199,67c34d9b878f52578c902a89,1136,1,78,barchart-second-29-same-tallest-30,left,tallest,same,single,2026-03-17T22:18:48Z,barchart,second,29,same,tallest,30,TRUE,TRUE,TRUE,TRUE,study,TRUE
1200,67c34d9b878f52578c902a89,1646,1,79,barchart-second-21-same-tallest-31,left,tallest,same,single,2026-03-17T22:18:50Z,barchart,second,21,same,tallest,31,TRUE,TRUE,TRUE,TRUE,study,TRUE
1201,67c34d9b878f52578c902a89,1075,1,80,barchart-second-12-double-tallest-32,right,tallest,double,single,2026-03-17T22:18:52Z,barchart,second,12,double,tallest,32,TRUE,TRUE,TRUE,TRUE,study,TRUE
1202,67c34d9b878f52578c902a89,1165,1,81,barchart-second-14-same-tallest-33,left,tallest,same,single,2026-03-17T22:18:54Z,barchart,second,14,same,tallest,33,TRUE,TRUE,TRUE,TRUE,study,TRUE
1203,67c34d9b878f52578c902a89,990,1,82,barchart-second-16-same-tallest-34,left,tallest,same,single,2026-03-17T22:18:55Z,barchart,second,16,same,tallest,34,TRUE,TRUE,TRUE,TRUE,study,TRUE
1204,67c34d9b878f52578c902a89,2644,1,83,barchart-second-10-random-tallest-35,right,tallest,random,single,2026-03-17T22:18:59Z,barchart,second,10,random,tallest,35,TRUE,TRUE,TRUE,TRUE,study,TRUE
1205,67c34d9b878f52578c902a89,991,1,84,barchart-second-28-random-tallest-36,right,tallest,random,single,2026-03-17T22:19:00Z,barchart,second,28,random,tallest,36,TRUE,TRUE,TRUE,TRUE,study,TRUE
1206,67c34d9b878f52578c902a89,1755,1,85,barchart-second-15-random-tallest-37,right,tallest,random,single,2026-03-17T22:19:02Z,barchart,second,15,random,tallest,37,TRUE,TRUE,TRUE,TRUE,study,TRUE
1207,67c34d9b878f52578c902a89,1638,1,86,barchart-second-20-double-tallest-38,right,tallest,double,single,2026-03-17T22:19:05Z,barchart,second,20,double,tallest,38,TRUE,TRUE,TRUE,TRUE,study,TRUE
1208,67c34d9b878f52578c902a89,1542,1,87,barchart-second-21-double-tallest-39,left,tallest,double,single,2026-03-17T22:19:07Z,barchart,second,21,double,tallest,39,TRUE,TRUE,TRUE,TRUE,study,TRUE
1209,67c34d9b878f52578c902a89,2273,1,88,barchart-second-02-same-tallest-40,left,tallest,same,single,2026-03-17T22:19:10Z,barchart,second,2,same,tallest,40,TRUE,TRUE,TRUE,TRUE,study,TRUE
1210,67c34d9b878f52578c902a89,1445,1,89,barchart-second-22-random-tallest-41,right,tallest,random,single,2026-03-17T22:19:12Z,barchart,second,22,random,tallest,41,TRUE,TRUE,TRUE,TRUE,study,TRUE
1211,67c34d9b878f52578c902a89,1360,1,90,barchart-second-16-random-tallest-42,left,tallest,random,single,2026-03-17T22:19:13Z,barchart,second,16,random,tallest,42,TRUE,TRUE,TRUE,TRUE,study,TRUE
1212,67c34d9b878f52578c902a89,1008,1,91,barchart-second-31-random-tallest-43,right,tallest,random,single,2026-03-17T22:19:15Z,barchart,second,31,random,tallest,43,TRUE,TRUE,TRUE,TRUE,study,TRUE
1213,67c34d9b878f52578c902a89,846,1,92,barchart-second-17-same-tallest-44,left,tallest,same,single,2026-03-17T22:19:16Z,barchart,second,17,same,tallest,44,TRUE,TRUE,TRUE,TRUE,study,TRUE
1214,67c34d9b878f52578c902a89,1405,1,93,barchart-second-02-double-tallest-45,left,tallest,double,single,2026-03-17T22:19:18Z,barchart,second,2,double,tallest,45,TRUE,TRUE,TRUE,TRUE,study,TRUE
1215,67c34d9b878f52578c902a89,1034,1,94,barchart-second-11-random-tallest-46,left,tallest,random,single,2026-03-17T22:19:20Z,barchart,second,11,random,tallest,46,TRUE,TRUE,TRUE,TRUE,study,TRUE
1216,67c34d9b878f52578c902a89,1563,1,95,barchart-second-30-same-tallest-47,right,tallest,same,single,2026-03-17T22:19:22Z,barchart,second,30,same,tallest,47,TRUE,TRUE,TRUE,TRUE,study,TRUE
718,697a9a37987821966bee194a,1850,1,0,barchart-first-03-random-shortest-0,right,shortest,random,single,2026-03-17T21:04:54Z,barchart,first,3,random,shortest,0,TRUE,TRUE,TRUE,TRUE,study,TRUE
720,697a9a37987821966bee194a,2156,1,1,barchart-first-25-random-shortest-1,right,shortest,random,single,2026-03-17T21:04:56Z,barchart,first,25,random,shortest,1,TRUE,TRUE,TRUE,TRUE,study,TRUE
722,697a9a37987821966bee194a,1831,1,2,barchart-first-07-same-shortest-2,left,shortest,same,single,2026-03-17T21:04:59Z,barchart,first,7,same,shortest,2,TRUE,TRUE,TRUE,TRUE,study,TRUE
727,697a9a37987821966bee194a,3187,1,3,barchart-first-27-same-shortest-3,right,shortest,same,single,2026-03-17T21:05:03Z,barchart,first,27,same,shortest,3,TRUE,TRUE,TRUE,TRUE,study,TRUE
730,697a9a37987821966bee194a,2036,1,4,barchart-first-14-same-shortest-4,left,shortest,same,single,2026-03-17T21:05:05Z,barchart,first,14,same,shortest,4,TRUE,TRUE,TRUE,TRUE,study,TRUE
734,697a9a37987821966bee194a,2015,1,5,barchart-first-22-random-shortest-5,right,shortest,random,single,2026-03-17T21:05:08Z,barchart,first,22,random,shortest,5,TRUE,TRUE,TRUE,TRUE,study,TRUE
736,697a9a37987821966bee194a,1026,1,6,barchart-first-08-double-shortest-6,left,shortest,double,single,2026-03-17T21:05:09Z,barchart,first,8,double,shortest,6,TRUE,TRUE,TRUE,TRUE,study,TRUE
739,697a9a37987821966bee194a,1197,1,7,barchart-first-04-random-shortest-7,right,shortest,random,single,2026-03-17T21:05:11Z,barchart,first,4,random,shortest,7,TRUE,TRUE,TRUE,TRUE,study,TRUE
742,697a9a37987821966bee194a,1537,1,8,barchart-first-04-same-shortest-8,right,shortest,same,single,2026-03-17T21:05:13Z,barchart,first,4,same,shortest,8,TRUE,TRUE,TRUE,TRUE,study,TRUE
745,697a9a37987821966bee194a,2085,1,9,barchart-first-16-random-shortest-9,right,shortest,random,single,2026-03-17T21:05:16Z,barchart,first,16,random,shortest,9,TRUE,TRUE,TRUE,TRUE,study,TRUE
749,697a9a37987821966bee194a,1488,1,10,barchart-first-16-double-shortest-10,right,shortest,double,single,2026-03-17T21:05:18Z,barchart,first,16,double,shortest,10,TRUE,TRUE,TRUE,TRUE,study,TRUE
751,697a9a37987821966bee194a,1296,1,11,barchart-first-02-double-shortest-11,right,shortest,double,single,2026-03-17T21:05:20Z,barchart,first,2,double,shortest,11,TRUE,TRUE,TRUE,TRUE,study,TRUE
755,697a9a37987821966bee194a,1529,1,12,barchart-first-20-double-shortest-12,right,shortest,double,single,2026-03-17T21:05:22Z,barchart,first,20,double,shortest,12,TRUE,TRUE,TRUE,TRUE,study,TRUE
758,697a9a37987821966bee194a,1497,1,13,barchart-first-09-same-shortest-13,left,shortest,same,single,2026-03-17T21:05:24Z,barchart,first,9,same,shortest,13,TRUE,TRUE,TRUE,TRUE,study,TRUE
761,697a9a37987821966bee194a,1487,1,14,barchart-first-30-double-shortest-14,left,shortest,double,single,2026-03-17T21:05:26Z,barchart,first,30,double,shortest,14,TRUE,TRUE,TRUE,TRUE,study,TRUE
764,697a9a37987821966bee194a,1306,1,15,barchart-first-08-same-shortest-15,left,shortest,same,single,2026-03-17T21:05:28Z,barchart,first,8,same,shortest,15,TRUE,TRUE,TRUE,TRUE,study,TRUE
768,697a9a37987821966bee194a,1896,1,16,barchart-first-15-double-shortest-16,right,shortest,double,single,2026-03-17T21:05:30Z,barchart,first,15,double,shortest,16,TRUE,TRUE,TRUE,TRUE,study,TRUE
771,697a9a37987821966bee194a,1657,1,17,barchart-first-24-same-shortest-17,left,shortest,same,single,2026-03-17T21:05:32Z,barchart,first,24,same,shortest,17,TRUE,TRUE,TRUE,TRUE,study,TRUE
774,697a9a37987821966bee194a,1175,1,18,barchart-first-00-double-shortest-18,left,shortest,double,single,2026-03-17T21:05:34Z,barchart,first,0,double,shortest,18,TRUE,TRUE,TRUE,TRUE,study,TRUE
777,697a9a37987821966bee194a,1646,1,19,barchart-first-31-double-shortest-19,right,shortest,double,single,2026-03-17T21:05:36Z,barchart,first,31,double,shortest,19,TRUE,TRUE,TRUE,TRUE,study,TRUE
779,697a9a37987821966bee194a,1126,1,20,barchart-first-29-random-shortest-20,left,shortest,random,single,2026-03-17T21:05:38Z,barchart,first,29,random,shortest,20,TRUE,TRUE,TRUE,TRUE,study,TRUE
781,697a9a37987821966bee194a,1241,1,21,barchart-first-19-random-shortest-21,left,shortest,random,single,2026-03-17T21:05:40Z,barchart,first,19,random,shortest,21,TRUE,TRUE,TRUE,TRUE,study,TRUE
783,697a9a37987821966bee194a,1444,1,22,barchart-first-10-same-shortest-22,left,shortest,same,single,2026-03-17T21:05:42Z,barchart,first,10,same,shortest,22,TRUE,TRUE,TRUE,TRUE,study,TRUE
784,697a9a37987821966bee194a,2463,0,23,barchart-first-14-random-shortest-23,right,shortest,random,single,2026-03-17T21:05:45Z,barchart,first,14,random,shortest,23,TRUE,TRUE,TRUE,TRUE,study,TRUE
787,697a9a37987821966bee194a,2295,1,24,barchart-first-30-random-shortest-24,left,shortest,random,single,2026-03-17T21:05:53Z,barchart,first,30,random,shortest,24,TRUE,TRUE,TRUE,TRUE,study,TRUE
789,697a9a37987821966bee194a,1612,1,25,barchart-first-08-random-shortest-25,left,shortest,random,single,2026-03-17T21:05:55Z,barchart,first,8,random,shortest,25,TRUE,TRUE,TRUE,TRUE,study,TRUE
791,697a9a37987821966bee194a,1135,1,26,barchart-first-21-double-shortest-26,left,shortest,double,single,2026-03-17T21:05:57Z,barchart,first,21,double,shortest,26,TRUE,TRUE,TRUE,TRUE,study,TRUE
794,697a9a37987821966bee194a,2108,1,27,barchart-first-17-random-shortest-27,right,shortest,random,single,2026-03-17T21:06:00Z,barchart,first,17,random,shortest,27,TRUE,TRUE,TRUE,TRUE,study,TRUE
796,697a9a37987821966bee194a,1583,1,28,barchart-first-18-same-shortest-28,right,shortest,same,single,2026-03-17T21:06:02Z,barchart,first,18,same,shortest,28,TRUE,TRUE,TRUE,TRUE,study,TRUE
798,697a9a37987821966bee194a,1640,1,29,barchart-first-23-random-shortest-29,right,shortest,random,single,2026-03-17T21:06:04Z,barchart,first,23,random,shortest,29,TRUE,TRUE,TRUE,TRUE,study,TRUE
800,697a9a37987821966bee194a,1659,1,30,barchart-first-12-same-shortest-30,left,shortest,same,single,2026-03-17T21:06:06Z,barchart,first,12,same,shortest,30,TRUE,TRUE,TRUE,TRUE,study,TRUE
802,697a9a37987821966bee194a,877,1,31,barchart-first-05-same-shortest-31,left,shortest,same,single,2026-03-17T21:06:08Z,barchart,first,5,same,shortest,31,TRUE,TRUE,TRUE,TRUE,study,TRUE
804,697a9a37987821966bee194a,1308,1,32,barchart-first-15-same-shortest-32,right,shortest,same,single,2026-03-17T21:06:10Z,barchart,first,15,same,shortest,32,TRUE,TRUE,TRUE,TRUE,study,TRUE
806,697a9a37987821966bee194a,1622,1,33,barchart-first-01-double-shortest-33,right,shortest,double,single,2026-03-17T21:06:12Z,barchart,first,1,double,shortest,33,TRUE,TRUE,TRUE,TRUE,study,TRUE
808,697a9a37987821966bee194a,1678,1,34,barchart-first-07-random-shortest-34,left,shortest,random,single,2026-03-17T21:06:14Z,barchart,first,7,random,shortest,34,TRUE,TRUE,TRUE,TRUE,study,TRUE
810,697a9a37987821966bee194a,1272,1,35,barchart-first-03-same-shortest-35,right,shortest,same,single,2026-03-17T21:06:16Z,barchart,first,3,same,shortest,35,TRUE,TRUE,TRUE,TRUE,study,TRUE
812,697a9a37987821966bee194a,1547,1,36,barchart-first-20-random-shortest-36,right,shortest,random,single,2026-03-17T21:06:18Z,barchart,first,20,random,shortest,36,TRUE,TRUE,TRUE,TRUE,study,TRUE
814,697a9a37987821966bee194a,1642,1,37,barchart-first-20-same-shortest-37,right,shortest,same,single,2026-03-17T21:06:20Z,barchart,first,20,same,shortest,37,TRUE,TRUE,TRUE,TRUE,study,TRUE
816,697a9a37987821966bee194a,1142,1,38,barchart-first-23-same-shortest-38,right,shortest,same,single,2026-03-17T21:06:22Z,barchart,first,23,same,shortest,38,TRUE,TRUE,TRUE,TRUE,study,TRUE
817,697a9a37987821966bee194a,1097,1,39,barchart-first-05-random-shortest-39,left,shortest,random,single,2026-03-17T21:06:24Z,barchart,first,5,random,shortest,39,TRUE,TRUE,TRUE,TRUE,study,TRUE
818,697a9a37987821966bee194a,1424,1,40,barchart-first-07-double-shortest-40,left,shortest,double,single,2026-03-17T21:06:26Z,barchart,first,7,double,shortest,40,TRUE,TRUE,TRUE,TRUE,study,TRUE
820,697a9a37987821966bee194a,1211,1,41,barchart-first-11-same-shortest-41,right,shortest,same,single,2026-03-17T21:06:27Z,barchart,first,11,same,shortest,41,TRUE,TRUE,TRUE,TRUE,study,TRUE
822,697a9a37987821966bee194a,1770,1,42,barchart-first-04-double-shortest-42,right,shortest,double,single,2026-03-17T21:06:30Z,barchart,first,4,double,shortest,42,TRUE,TRUE,TRUE,TRUE,study,TRUE
824,697a9a37987821966bee194a,1377,1,43,barchart-first-12-random-shortest-43,left,shortest,random,single,2026-03-17T21:06:32Z,barchart,first,12,random,shortest,43,TRUE,TRUE,TRUE,TRUE,study,TRUE
825,697a9a37987821966bee194a,2109,1,44,barchart-first-24-double-shortest-44,left,shortest,double,single,2026-03-17T21:06:34Z,barchart,first,24,double,shortest,44,TRUE,TRUE,TRUE,TRUE,study,TRUE
827,697a9a37987821966bee194a,1487,1,45,barchart-first-22-double-shortest-45,right,shortest,double,single,2026-03-17T21:06:36Z,barchart,first,22,double,shortest,45,TRUE,TRUE,TRUE,TRUE,study,TRUE
829,697a9a37987821966bee194a,1038,1,46,barchart-first-29-double-shortest-46,left,shortest,double,single,2026-03-17T21:06:38Z,barchart,first,29,double,shortest,46,TRUE,TRUE,TRUE,TRUE,study,TRUE
832,697a9a37987821966bee194a,2286,1,47,barchart-first-06-double-shortest-47,left,shortest,double,single,2026-03-17T21:06:41Z,barchart,first,6,double,shortest,47,TRUE,TRUE,TRUE,TRUE,study,TRUE
834,697a9a37987821966bee194a,2360,1,48,barchart-second-16-same-tallest-0,left,tallest,same,single,2026-03-17T21:06:50Z,barchart,second,16,same,tallest,0,TRUE,TRUE,TRUE,TRUE,study,TRUE
835,697a9a37987821966bee194a,1043,1,49,barchart-second-18-random-tallest-1,left,tallest,random,single,2026-03-17T21:06:51Z,barchart,second,18,random,tallest,1,TRUE,TRUE,TRUE,TRUE,study,TRUE
837,697a9a37987821966bee194a,917,1,50,barchart-second-19-double-tallest-2,right,tallest,double,single,2026-03-17T21:06:53Z,barchart,second,19,double,tallest,2,TRUE,TRUE,TRUE,TRUE,study,TRUE
839,697a9a37987821966bee194a,732,1,51,barchart-second-13-same-tallest-3,left,tallest,same,single,2026-03-17T21:06:54Z,barchart,second,13,same,tallest,3,TRUE,TRUE,TRUE,TRUE,study,TRUE
841,697a9a37987821966bee194a,1749,1,52,barchart-second-14-double-tallest-4,left,tallest,double,single,2026-03-17T21:06:56Z,barchart,second,14,double,tallest,4,TRUE,TRUE,TRUE,TRUE,study,TRUE
843,697a9a37987821966bee194a,1451,1,53,barchart-second-23-double-tallest-5,right,tallest,double,single,2026-03-17T21:06:58Z,barchart,second,23,double,tallest,5,TRUE,TRUE,TRUE,TRUE,study,TRUE
845,697a9a37987821966bee194a,771,1,54,barchart-second-24-random-tallest-6,right,tallest,random,single,2026-03-17T21:07:00Z,barchart,second,24,random,tallest,6,TRUE,TRUE,TRUE,TRUE,study,TRUE
847,697a9a37987821966bee194a,1216,1,55,barchart-second-10-double-tallest-7,right,tallest,double,single,2026-03-17T21:07:01Z,barchart,second,10,double,tallest,7,TRUE,TRUE,TRUE,TRUE,study,TRUE
848,697a9a37987821966bee194a,672,1,56,barchart-second-06-same-tallest-8,right,tallest,same,single,2026-03-17T21:07:03Z,barchart,second,6,same,tallest,8,TRUE,TRUE,TRUE,TRUE,study,TRUE
850,697a9a37987821966bee194a,1506,1,57,barchart-second-15-random-tallest-9,right,tallest,random,single,2026-03-17T21:07:05Z,barchart,second,15,random,tallest,9,TRUE,TRUE,TRUE,TRUE,study,TRUE
852,697a9a37987821966bee194a,986,1,58,barchart-second-01-same-tallest-10,left,tallest,same,single,2026-03-17T21:07:06Z,barchart,second,1,same,tallest,10,TRUE,TRUE,TRUE,TRUE,study,TRUE
854,697a9a37987821966bee194a,1047,1,59,barchart-second-02-random-tallest-11,left,tallest,random,single,2026-03-17T21:07:08Z,barchart,second,2,random,tallest,11,TRUE,TRUE,TRUE,TRUE,study,TRUE
856,697a9a37987821966bee194a,1025,1,60,barchart-second-29-same-tallest-12,left,tallest,same,single,2026-03-17T21:07:09Z,barchart,second,29,same,tallest,12,TRUE,TRUE,TRUE,TRUE,study,TRUE
857,697a9a37987821966bee194a,914,1,61,barchart-second-18-double-tallest-13,left,tallest,double,single,2026-03-17T21:07:11Z,barchart,second,18,double,tallest,13,TRUE,TRUE,TRUE,TRUE,study,TRUE
859,697a9a37987821966bee194a,780,1,62,barchart-second-01-random-tallest-14,left,tallest,random,single,2026-03-17T21:07:12Z,barchart,second,1,random,tallest,14,TRUE,TRUE,TRUE,TRUE,study,TRUE
861,697a9a37987821966bee194a,890,1,63,barchart-second-27-double-tallest-15,right,tallest,double,single,2026-03-17T21:07:14Z,barchart,second,27,double,tallest,15,TRUE,TRUE,TRUE,TRUE,study,TRUE
863,697a9a37987821966bee194a,1199,1,64,barchart-second-30-same-tallest-16,right,tallest,same,single,2026-03-17T21:07:15Z,barchart,second,30,same,tallest,16,TRUE,TRUE,TRUE,TRUE,study,TRUE
865,697a9a37987821966bee194a,1471,1,65,barchart-second-02-same-tallest-17,left,tallest,same,single,2026-03-17T21:07:17Z,barchart,second,2,same,tallest,17,TRUE,TRUE,TRUE,TRUE,study,TRUE
866,697a9a37987821966bee194a,865,1,66,barchart-second-21-random-tallest-18,left,tallest,random,single,2026-03-17T21:07:19Z,barchart,second,21,random,tallest,18,TRUE,TRUE,TRUE,TRUE,study,TRUE
868,697a9a37987821966bee194a,806,1,67,barchart-second-26-same-tallest-19,left,tallest,same,single,2026-03-17T21:07:20Z,barchart,second,26,same,tallest,19,TRUE,TRUE,TRUE,TRUE,study,TRUE
869,697a9a37987821966bee194a,994,1,68,barchart-second-09-random-tallest-20,left,tallest,random,single,2026-03-17T21:07:22Z,barchart,second,9,random,tallest,20,TRUE,TRUE,TRUE,TRUE,study,TRUE
872,697a9a37987821966bee194a,2071,1,69,barchart-second-17-same-tallest-21,left,tallest,same,single,2026-03-17T21:07:24Z,barchart,second,17,same,tallest,21,TRUE,TRUE,TRUE,TRUE,study,TRUE
874,697a9a37987821966bee194a,1942,1,70,barchart-second-22-same-tallest-22,right,tallest,same,single,2026-03-17T21:07:27Z,barchart,second,22,same,tallest,22,TRUE,TRUE,TRUE,TRUE,study,TRUE
876,697a9a37987821966bee194a,989,1,71,barchart-second-31-same-tallest-23,right,tallest,same,single,2026-03-17T21:07:28Z,barchart,second,31,same,tallest,23,TRUE,TRUE,TRUE,TRUE,study,TRUE
880,697a9a37987821966bee194a,3779,1,72,barchart-second-28-double-tallest-24,right,tallest,double,single,2026-03-17T21:07:35Z,barchart,second,28,double,tallest,24,TRUE,TRUE,TRUE,TRUE,study,TRUE
882,697a9a37987821966bee194a,906,1,73,barchart-second-26-double-tallest-25,left,tallest,double,single,2026-03-17T21:07:36Z,barchart,second,26,double,tallest,25,TRUE,TRUE,TRUE,TRUE,study,TRUE
883,697a9a37987821966bee194a,1570,1,74,barchart-second-25-double-tallest-26,right,tallest,double,single,2026-03-17T21:07:38Z,barchart,second,25,double,tallest,26,TRUE,TRUE,TRUE,TRUE,study,TRUE
885,697a9a37987821966bee194a,685,1,75,barchart-second-06-random-tallest-27,right,tallest,random,single,2026-03-17T21:07:40Z,barchart,second,6,random,tallest,27,TRUE,TRUE,TRUE,TRUE,study,TRUE
887,697a9a37987821966bee194a,913,1,76,barchart-second-27-random-tallest-28,right,tallest,random,single,2026-03-17T21:07:41Z,barchart,second,27,random,tallest,28,TRUE,TRUE,TRUE,TRUE,study,TRUE
890,697a9a37987821966bee194a,2807,1,77,barchart-second-13-random-tallest-29,left,tallest,random,single,2026-03-17T21:07:44Z,barchart,second,13,random,tallest,29,TRUE,TRUE,TRUE,TRUE,study,TRUE
891,697a9a37987821966bee194a,810,1,78,barchart-second-05-double-tallest-30,right,tallest,double,single,2026-03-17T21:07:46Z,barchart,second,5,double,tallest,30,TRUE,TRUE,TRUE,TRUE,study,TRUE
893,697a9a37987821966bee194a,728,1,79,barchart-second-21-same-tallest-31,left,tallest,same,single,2026-03-17T21:07:47Z,barchart,second,21,same,tallest,31,TRUE,TRUE,TRUE,TRUE,study,TRUE
895,697a9a37987821966bee194a,829,1,80,barchart-second-25-same-tallest-32,right,tallest,same,single,2026-03-17T21:07:49Z,barchart,second,25,same,tallest,32,TRUE,TRUE,TRUE,TRUE,study,TRUE
896,697a9a37987821966bee194a,663,1,81,barchart-second-10-random-tallest-33,right,tallest,random,single,2026-03-17T21:07:50Z,barchart,second,10,random,tallest,33,TRUE,TRUE,TRUE,TRUE,study,TRUE
898,697a9a37987821966bee194a,1083,1,82,barchart-second-13-double-tallest-34,left,tallest,double,single,2026-03-17T21:07:51Z,barchart,second,13,double,tallest,34,TRUE,TRUE,TRUE,TRUE,study,TRUE
899,697a9a37987821966bee194a,1338,1,83,barchart-second-03-double-tallest-35,left,tallest,double,single,2026-03-17T21:07:53Z,barchart,second,3,double,tallest,35,TRUE,TRUE,TRUE,TRUE,study,TRUE
901,697a9a37987821966bee194a,564,1,84,barchart-second-09-double-tallest-36,left,tallest,double,single,2026-03-17T21:07:54Z,barchart,second,9,double,tallest,36,TRUE,TRUE,TRUE,TRUE,study,TRUE
902,697a9a37987821966bee194a,607,1,85,barchart-second-28-random-tallest-37,right,tallest,random,single,2026-03-17T21:07:56Z,barchart,second,28,random,tallest,37,TRUE,TRUE,TRUE,TRUE,study,TRUE
904,697a9a37987821966bee194a,875,1,86,barchart-second-11-random-tallest-38,left,tallest,random,single,2026-03-17T21:07:57Z,barchart,second,11,random,tallest,38,TRUE,TRUE,TRUE,TRUE,study,TRUE
906,697a9a37987821966bee194a,537,1,87,barchart-second-00-same-tallest-39,right,tallest,same,single,2026-03-17T21:07:58Z,barchart,second,0,same,tallest,39,TRUE,TRUE,TRUE,TRUE,study,TRUE
907,697a9a37987821966bee194a,702,1,88,barchart-second-11-double-tallest-40,left,tallest,double,single,2026-03-17T21:07:59Z,barchart,second,11,double,tallest,40,TRUE,TRUE,TRUE,TRUE,study,TRUE
909,697a9a37987821966bee194a,570,1,89,barchart-second-19-same-tallest-41,right,tallest,same,single,2026-03-17T21:08:01Z,barchart,second,19,same,tallest,41,TRUE,TRUE,TRUE,TRUE,study,TRUE
911,697a9a37987821966bee194a,977,1,90,barchart-second-17-double-tallest-42,left,tallest,double,single,2026-03-17T21:08:02Z,barchart,second,17,double,tallest,42,TRUE,TRUE,TRUE,TRUE,study,TRUE
912,697a9a37987821966bee194a,606,1,91,barchart-second-31-random-tallest-43,right,tallest,random,single,2026-03-17T21:08:03Z,barchart,second,31,random,tallest,43,TRUE,TRUE,TRUE,TRUE,study,TRUE
914,697a9a37987821966bee194a,720,1,92,barchart-second-26-random-tallest-44,left,tallest,random,single,2026-03-17T21:08:05Z,barchart,second,26,random,tallest,44,TRUE,TRUE,TRUE,TRUE,study,TRUE
915,697a9a37987821966bee194a,543,1,93,barchart-second-00-random-tallest-45,right,tallest,random,single,2026-03-17T21:08:06Z,barchart,second,0,random,tallest,45,TRUE,TRUE,TRUE,TRUE,study,TRUE
917,697a9a37987821966bee194a,577,1,94,barchart-second-12-double-tallest-46,right,tallest,double,single,2026-03-17T21:08:07Z,barchart,second,12,double,tallest,46,TRUE,TRUE,TRUE,TRUE,study,TRUE
918,697a9a37987821966bee194a,691,1,95,barchart-second-28-same-tallest-47,right,tallest,same,single,2026-03-17T21:08:08Z,barchart,second,28,same,tallest,47,TRUE,TRUE,TRUE,TRUE,study,TRUE
1847,6980e01bd642d128e0f16421,1253,1,0,barchart-first-29-double-tallest-0,left,tallest,double,dual,2026-03-18T15:36:09Z,barchart,first,29,double,tallest,0,TRUE,TRUE,TRUE,TRUE,study,TRUE
1848,6980e01bd642d128e0f16421,1267,1,1,barchart-first-29-same-tallest-1,left,tallest,same,dual,2026-03-18T15:36:11Z,barchart,first,29,same,tallest,1,TRUE,TRUE,TRUE,TRUE,study,TRUE
1849,6980e01bd642d128e0f16421,1003,1,2,barchart-first-04-double-tallest-2,left,tallest,double,dual,2026-03-18T15:36:13Z,barchart,first,4,double,tallest,2,TRUE,TRUE,TRUE,TRUE,study,TRUE
1850,6980e01bd642d128e0f16421,1704,1,3,barchart-first-27-random-tallest-3,right,tallest,random,dual,2026-03-18T15:36:15Z,barchart,first,27,random,tallest,3,TRUE,TRUE,TRUE,TRUE,study,TRUE
1851,6980e01bd642d128e0f16421,2684,1,4,barchart-first-21-double-tallest-4,left,tallest,double,dual,2026-03-18T15:36:18Z,barchart,first,21,double,tallest,4,TRUE,TRUE,TRUE,TRUE,study,TRUE
1852,6980e01bd642d128e0f16421,1069,1,5,barchart-first-06-random-tallest-5,right,tallest,random,dual,2026-03-18T15:36:20Z,barchart,first,6,random,tallest,5,TRUE,TRUE,TRUE,TRUE,study,TRUE
1853,6980e01bd642d128e0f16421,1732,1,6,barchart-first-25-double-tallest-6,right,tallest,double,dual,2026-03-18T15:36:22Z,barchart,first,25,double,tallest,6,TRUE,TRUE,TRUE,TRUE,study,TRUE
1854,6980e01bd642d128e0f16421,2180,1,7,barchart-first-20-random-tallest-7,right,tallest,random,dual,2026-03-18T15:36:25Z,barchart,first,20,random,tallest,7,TRUE,TRUE,TRUE,TRUE,study,TRUE
1855,6980e01bd642d128e0f16421,2382,1,8,barchart-first-04-random-tallest-8,left,tallest,random,dual,2026-03-18T15:36:28Z,barchart,first,4,random,tallest,8,TRUE,TRUE,TRUE,TRUE,study,TRUE
1856,6980e01bd642d128e0f16421,859,1,9,barchart-first-19-double-tallest-9,right,tallest,double,dual,2026-03-18T15:36:29Z,barchart,first,19,double,tallest,9,TRUE,TRUE,TRUE,TRUE,study,TRUE
1857,6980e01bd642d128e0f16421,1865,1,10,barchart-first-31-random-tallest-10,right,tallest,random,dual,2026-03-18T15:36:32Z,barchart,first,31,random,tallest,10,TRUE,TRUE,TRUE,TRUE,study,TRUE
1858,6980e01bd642d128e0f16421,1279,1,11,barchart-first-30-same-tallest-11,right,tallest,same,dual,2026-03-18T15:36:34Z,barchart,first,30,same,tallest,11,TRUE,TRUE,TRUE,TRUE,study,TRUE
1859,6980e01bd642d128e0f16421,1581,1,12,barchart-first-03-double-tallest-12,left,tallest,double,dual,2026-03-18T15:36:36Z,barchart,first,3,double,tallest,12,TRUE,TRUE,TRUE,TRUE,study,TRUE
1860,6980e01bd642d128e0f16421,2039,1,13,barchart-first-27-double-tallest-13,right,tallest,double,dual,2026-03-18T15:36:38Z,barchart,first,27,double,tallest,13,TRUE,TRUE,TRUE,TRUE,study,TRUE
1861,6980e01bd642d128e0f16421,2790,1,14,barchart-first-01-double-tallest-14,left,tallest,double,dual,2026-03-18T15:36:42Z,barchart,first,1,double,tallest,14,TRUE,TRUE,TRUE,TRUE,study,TRUE
1862,6980e01bd642d128e0f16421,986,1,15,barchart-first-26-random-tallest-15,left,tallest,random,dual,2026-03-18T15:36:43Z,barchart,first,26,random,tallest,15,TRUE,TRUE,TRUE,TRUE,study,TRUE
1863,6980e01bd642d128e0f16421,1111,1,16,barchart-first-24-double-tallest-16,right,tallest,double,dual,2026-03-18T15:36:45Z,barchart,first,24,double,tallest,16,TRUE,TRUE,TRUE,TRUE,study,TRUE
1864,6980e01bd642d128e0f16421,1183,1,17,barchart-first-23-random-tallest-17,right,tallest,random,dual,2026-03-18T15:36:47Z,barchart,first,23,random,tallest,17,TRUE,TRUE,TRUE,TRUE,study,TRUE
1865,6980e01bd642d128e0f16421,778,1,18,barchart-first-13-same-tallest-18,left,tallest,same,dual,2026-03-18T15:36:48Z,barchart,first,13,same,tallest,18,TRUE,TRUE,TRUE,TRUE,study,TRUE
1866,6980e01bd642d128e0f16421,1595,1,19,barchart-first-11-same-tallest-19,left,tallest,same,dual,2026-03-18T15:36:50Z,barchart,first,11,same,tallest,19,TRUE,TRUE,TRUE,TRUE,study,TRUE
1867,6980e01bd642d128e0f16421,1311,1,20,barchart-first-31-double-tallest-20,right,tallest,double,dual,2026-03-18T15:36:52Z,barchart,first,31,double,tallest,20,TRUE,TRUE,TRUE,TRUE,study,TRUE
1868,6980e01bd642d128e0f16421,977,1,21,barchart-first-03-random-tallest-21,left,tallest,random,dual,2026-03-18T15:36:54Z,barchart,first,3,random,tallest,21,TRUE,TRUE,TRUE,TRUE,study,TRUE
1869,6980e01bd642d128e0f16421,1214,1,22,barchart-first-12-same-tallest-22,right,tallest,same,dual,2026-03-18T15:36:55Z,barchart,first,12,same,tallest,22,TRUE,TRUE,TRUE,TRUE,study,TRUE
1870,6980e01bd642d128e0f16421,2012,1,23,barchart-first-07-double-tallest-23,left,tallest,double,dual,2026-03-18T15:36:58Z,barchart,first,7,double,tallest,23,TRUE,TRUE,TRUE,TRUE,study,TRUE
1871,6980e01bd642d128e0f16421,2041,1,24,barchart-first-12-random-tallest-24,right,tallest,random,dual,2026-03-18T15:37:06Z,barchart,first,12,random,tallest,24,TRUE,TRUE,TRUE,TRUE,study,TRUE
1872,6980e01bd642d128e0f16421,908,1,25,barchart-first-13-random-tallest-25,left,tallest,random,dual,2026-03-18T15:37:07Z,barchart,first,13,random,tallest,25,TRUE,TRUE,TRUE,TRUE,study,TRUE
1873,6980e01bd642d128e0f16421,1991,1,26,barchart-first-10-same-tallest-26,right,tallest,same,dual,2026-03-18T15:37:10Z,barchart,first,10,same,tallest,26,TRUE,TRUE,TRUE,TRUE,study,TRUE
1874,6980e01bd642d128e0f16421,1024,1,27,barchart-first-22-same-tallest-27,right,tallest,same,dual,2026-03-18T15:37:12Z,barchart,first,22,same,tallest,27,TRUE,TRUE,TRUE,TRUE,study,TRUE
1875,6980e01bd642d128e0f16421,1033,1,28,barchart-first-07-same-tallest-28,left,tallest,same,dual,2026-03-18T15:37:13Z,barchart,first,7,same,tallest,28,TRUE,TRUE,TRUE,TRUE,study,TRUE
1876,6980e01bd642d128e0f16421,688,1,29,barchart-first-27-same-tallest-29,right,tallest,same,dual,2026-03-18T15:37:14Z,barchart,first,27,same,tallest,29,TRUE,TRUE,TRUE,TRUE,study,TRUE
1877,6980e01bd642d128e0f16421,1065,1,30,barchart-first-04-same-tallest-30,left,tallest,same,dual,2026-03-18T15:37:16Z,barchart,first,4,same,tallest,30,TRUE,TRUE,TRUE,TRUE,study,TRUE
1878,6980e01bd642d128e0f16421,950,1,31,barchart-first-03-same-tallest-31,left,tallest,same,dual,2026-03-18T15:37:18Z,barchart,first,3,same,tallest,31,TRUE,TRUE,TRUE,TRUE,study,TRUE
1879,6980e01bd642d128e0f16421,1386,1,32,barchart-first-31-same-tallest-32,right,tallest,same,dual,2026-03-18T15:37:20Z,barchart,first,31,same,tallest,32,TRUE,TRUE,TRUE,TRUE,study,TRUE
1880,6980e01bd642d128e0f16421,940,1,33,barchart-first-05-same-tallest-33,right,tallest,same,dual,2026-03-18T15:37:21Z,barchart,first,5,same,tallest,33,TRUE,TRUE,TRUE,TRUE,study,TRUE
1881,6980e01bd642d128e0f16421,1396,1,34,barchart-first-17-random-tallest-34,left,tallest,random,dual,2026-03-18T15:37:23Z,barchart,first,17,random,tallest,34,TRUE,TRUE,TRUE,TRUE,study,TRUE
1882,6980e01bd642d128e0f16421,1152,1,35,barchart-first-09-same-tallest-35,left,tallest,same,dual,2026-03-18T15:37:25Z,barchart,first,9,same,tallest,35,TRUE,TRUE,TRUE,TRUE,study,TRUE
1883,6980e01bd642d128e0f16421,1672,1,36,barchart-first-02-double-tallest-36,left,tallest,double,dual,2026-03-18T15:37:27Z,barchart,first,2,double,tallest,36,TRUE,TRUE,TRUE,TRUE,study,TRUE
1884,6980e01bd642d128e0f16421,2325,1,37,barchart-first-26-double-tallest-37,left,tallest,double,dual,2026-03-18T15:37:30Z,barchart,first,26,double,tallest,37,TRUE,TRUE,TRUE,TRUE,study,TRUE
1885,6980e01bd642d128e0f16421,1680,1,38,barchart-first-05-random-tallest-38,right,tallest,random,dual,2026-03-18T15:37:32Z,barchart,first,5,random,tallest,38,TRUE,TRUE,TRUE,TRUE,study,TRUE
1886,6980e01bd642d128e0f16421,1478,1,39,barchart-first-07-random-tallest-39,left,tallest,random,dual,2026-03-18T15:37:34Z,barchart,first,7,random,tallest,39,TRUE,TRUE,TRUE,TRUE,study,TRUE
1887,6980e01bd642d128e0f16421,729,1,40,barchart-first-05-double-tallest-40,right,tallest,double,dual,2026-03-18T15:37:35Z,barchart,first,5,double,tallest,40,TRUE,TRUE,TRUE,TRUE,study,TRUE
1888,6980e01bd642d128e0f16421,1416,1,41,barchart-first-21-random-tallest-41,left,tallest,random,dual,2026-03-18T15:37:37Z,barchart,first,21,random,tallest,41,TRUE,TRUE,TRUE,TRUE,study,TRUE
1889,6980e01bd642d128e0f16421,1209,1,42,barchart-first-10-random-tallest-42,right,tallest,random,dual,2026-03-18T15:37:39Z,barchart,first,10,random,tallest,42,TRUE,TRUE,TRUE,TRUE,study,TRUE
1890,6980e01bd642d128e0f16421,941,1,43,barchart-first-06-double-tallest-43,right,tallest,double,dual,2026-03-18T15:37:41Z,barchart,first,6,double,tallest,43,TRUE,TRUE,TRUE,TRUE,study,TRUE
1891,6980e01bd642d128e0f16421,2273,1,44,barchart-first-11-random-tallest-44,left,tallest,random,dual,2026-03-18T15:37:44Z,barchart,first,11,random,tallest,44,TRUE,TRUE,TRUE,TRUE,study,TRUE
1892,6980e01bd642d128e0f16421,1189,1,45,barchart-first-28-double-tallest-45,right,tallest,double,dual,2026-03-18T15:37:45Z,barchart,first,28,double,tallest,45,TRUE,TRUE,TRUE,TRUE,study,TRUE
1893,6980e01bd642d128e0f16421,1565,1,46,barchart-first-23-same-tallest-46,right,tallest,same,dual,2026-03-18T15:37:47Z,barchart,first,23,same,tallest,46,TRUE,TRUE,TRUE,TRUE,study,TRUE
1894,6980e01bd642d128e0f16421,849,1,47,barchart-first-18-same-tallest-47,left,tallest,same,dual,2026-03-18T15:37:49Z,barchart,first,18,same,tallest,47,TRUE,TRUE,TRUE,TRUE,study,TRUE
1895,6980e01bd642d128e0f16421,2643,1,48,barchart-second-30-random-shortest-0,left,shortest,random,dual,2026-03-18T15:37:59Z,barchart,second,30,random,shortest,0,TRUE,TRUE,TRUE,TRUE,study,TRUE
1896,6980e01bd642d128e0f16421,1997,1,49,barchart-second-12-double-shortest-1,left,shortest,double,dual,2026-03-18T15:38:02Z,barchart,second,12,double,shortest,1,TRUE,TRUE,TRUE,TRUE,study,TRUE
1897,6980e01bd642d128e0f16421,1395,1,50,barchart-second-23-double-shortest-2,right,shortest,double,dual,2026-03-18T15:38:04Z,barchart,second,23,double,shortest,2,TRUE,TRUE,TRUE,TRUE,study,TRUE
1898,6980e01bd642d128e0f16421,1668,1,51,barchart-second-08-same-shortest-3,left,shortest,same,dual,2026-03-18T15:38:06Z,barchart,second,8,same,shortest,3,TRUE,TRUE,TRUE,TRUE,study,TRUE
1899,6980e01bd642d128e0f16421,2515,1,52,barchart-second-16-same-shortest-4,right,shortest,same,dual,2026-03-18T15:38:09Z,barchart,second,16,same,shortest,4,TRUE,TRUE,TRUE,TRUE,study,TRUE
1900,6980e01bd642d128e0f16421,1067,1,53,barchart-second-26-same-shortest-5,left,shortest,same,dual,2026-03-18T15:38:10Z,barchart,second,26,same,shortest,5,TRUE,TRUE,TRUE,TRUE,study,TRUE
1901,6980e01bd642d128e0f16421,2329,0,54,barchart-second-06-same-shortest-6,right,shortest,same,dual,2026-03-18T15:38:13Z,barchart,second,6,same,shortest,6,TRUE,TRUE,TRUE,TRUE,study,TRUE
1902,6980e01bd642d128e0f16421,4651,1,55,barchart-second-14-random-shortest-7,left,shortest,random,dual,2026-03-18T15:38:20Z,barchart,second,14,random,shortest,7,TRUE,TRUE,TRUE,TRUE,study,TRUE
1903,6980e01bd642d128e0f16421,1988,1,56,barchart-second-09-double-shortest-8,left,shortest,double,dual,2026-03-18T15:38:22Z,barchart,second,9,double,shortest,8,TRUE,TRUE,TRUE,TRUE,study,TRUE
1904,6980e01bd642d128e0f16421,1304,1,57,barchart-second-15-double-shortest-9,right,shortest,double,dual,2026-03-18T15:38:24Z,barchart,second,15,double,shortest,9,TRUE,TRUE,TRUE,TRUE,study,TRUE
1905,6980e01bd642d128e0f16421,1552,1,58,barchart-second-17-double-shortest-10,right,shortest,double,dual,2026-03-18T15:38:26Z,barchart,second,17,double,shortest,10,TRUE,TRUE,TRUE,TRUE,study,TRUE
1906,6980e01bd642d128e0f16421,2003,1,59,barchart-second-14-double-shortest-11,left,shortest,double,dual,2026-03-18T15:38:29Z,barchart,second,14,double,shortest,11,TRUE,TRUE,TRUE,TRUE,study,TRUE
1907,6980e01bd642d128e0f16421,1476,1,60,barchart-second-08-random-shortest-12,left,shortest,random,dual,2026-03-18T15:38:31Z,barchart,second,8,random,shortest,12,TRUE,TRUE,TRUE,TRUE,study,TRUE
1908,6980e01bd642d128e0f16421,1588,1,61,barchart-second-00-double-shortest-13,left,shortest,double,dual,2026-03-18T15:38:33Z,barchart,second,0,double,shortest,13,TRUE,TRUE,TRUE,TRUE,study,TRUE
1909,6980e01bd642d128e0f16421,1714,1,62,barchart-second-25-random-shortest-14,right,shortest,random,dual,2026-03-18T15:38:35Z,barchart,second,25,random,shortest,14,TRUE,TRUE,TRUE,TRUE,study,TRUE
1910,6980e01bd642d128e0f16421,1396,1,63,barchart-second-02-random-shortest-15,right,shortest,random,dual,2026-03-18T15:38:37Z,barchart,second,2,random,shortest,15,TRUE,TRUE,TRUE,TRUE,study,TRUE
1911,6980e01bd642d128e0f16421,1955,1,64,barchart-second-01-same-shortest-16,right,shortest,same,dual,2026-03-18T15:38:40Z,barchart,second,1,same,shortest,16,TRUE,TRUE,TRUE,TRUE,study,TRUE
1912,6980e01bd642d128e0f16421,1392,1,65,barchart-second-30-double-shortest-17,left,shortest,double,dual,2026-03-18T15:38:42Z,barchart,second,30,double,shortest,17,TRUE,TRUE,TRUE,TRUE,study,TRUE
1913,6980e01bd642d128e0f16421,1441,1,66,barchart-second-28-random-shortest-18,right,shortest,random,dual,2026-03-18T15:38:44Z,barchart,second,28,random,shortest,18,TRUE,TRUE,TRUE,TRUE,study,TRUE
1914,6980e01bd642d128e0f16421,2591,1,67,barchart-second-15-random-shortest-19,right,shortest,random,dual,2026-03-18T15:38:47Z,barchart,second,15,random,shortest,19,TRUE,TRUE,TRUE,TRUE,study,TRUE
1915,6980e01bd642d128e0f16421,2856,1,68,barchart-second-18-double-shortest-20,right,shortest,double,dual,2026-03-18T15:38:50Z,barchart,second,18,double,shortest,20,TRUE,TRUE,TRUE,TRUE,study,TRUE
1916,6980e01bd642d128e0f16421,2211,1,69,barchart-second-00-random-shortest-21,left,shortest,random,dual,2026-03-18T15:38:53Z,barchart,second,0,random,shortest,21,TRUE,TRUE,TRUE,TRUE,study,TRUE
1917,6980e01bd642d128e0f16421,1245,1,70,barchart-second-11-double-shortest-22,right,shortest,double,dual,2026-03-18T15:38:55Z,barchart,second,11,double,shortest,22,TRUE,TRUE,TRUE,TRUE,study,TRUE
1918,6980e01bd642d128e0f16421,1230,1,71,barchart-second-29-random-shortest-23,left,shortest,random,dual,2026-03-18T15:38:56Z,barchart,second,29,random,shortest,23,TRUE,TRUE,TRUE,TRUE,study,TRUE
1919,6980e01bd642d128e0f16421,2513,1,72,barchart-second-24-same-shortest-24,left,shortest,same,dual,2026-03-18T15:39:02Z,barchart,second,24,same,shortest,24,TRUE,TRUE,TRUE,TRUE,study,TRUE
1920,6980e01bd642d128e0f16421,1513,1,73,barchart-second-25-same-shortest-25,right,shortest,same,dual,2026-03-18T15:39:04Z,barchart,second,25,same,shortest,25,TRUE,TRUE,TRUE,TRUE,study,TRUE
1921,6980e01bd642d128e0f16421,1697,1,74,barchart-second-18-random-shortest-26,right,shortest,random,dual,2026-03-18T15:39:06Z,barchart,second,18,random,shortest,26,TRUE,TRUE,TRUE,TRUE,study,TRUE
1922,6980e01bd642d128e0f16421,1425,1,75,barchart-second-01-random-shortest-27,right,shortest,random,dual,2026-03-18T15:39:08Z,barchart,second,1,random,shortest,27,TRUE,TRUE,TRUE,TRUE,study,TRUE
1923,6980e01bd642d128e0f16421,3078,1,76,barchart-second-24-random-shortest-28,left,shortest,random,dual,2026-03-18T15:39:12Z,barchart,second,24,random,shortest,28,TRUE,TRUE,TRUE,TRUE,study,TRUE
1924,6980e01bd642d128e0f16421,1847,1,77,barchart-second-14-same-shortest-29,left,shortest,same,dual,2026-03-18T15:39:14Z,barchart,second,14,same,shortest,29,TRUE,TRUE,TRUE,TRUE,study,TRUE
1925,6980e01bd642d128e0f16421,1998,1,78,barchart-second-15-same-shortest-30,right,shortest,same,dual,2026-03-18T15:39:17Z,barchart,second,15,same,shortest,30,TRUE,TRUE,TRUE,TRUE,study,TRUE
1926,6980e01bd642d128e0f16421,1945,1,79,barchart-second-19-random-shortest-31,left,shortest,random,dual,2026-03-18T15:39:19Z,barchart,second,19,random,shortest,31,TRUE,TRUE,TRUE,TRUE,study,TRUE
1927,6980e01bd642d128e0f16421,1088,1,80,barchart-second-19-same-shortest-32,left,shortest,same,dual,2026-03-18T15:39:21Z,barchart,second,19,same,shortest,32,TRUE,TRUE,TRUE,TRUE,study,TRUE
1928,6980e01bd642d128e0f16421,1100,1,81,barchart-second-21-same-shortest-33,left,shortest,same,dual,2026-03-18T15:39:22Z,barchart,second,21,same,shortest,33,TRUE,TRUE,TRUE,TRUE,study,TRUE
1929,6980e01bd642d128e0f16421,1905,1,82,barchart-second-10-double-shortest-34,left,shortest,double,dual,2026-03-18T15:39:25Z,barchart,second,10,double,shortest,34,TRUE,TRUE,TRUE,TRUE,study,TRUE
1930,6980e01bd642d128e0f16421,1592,1,83,barchart-second-08-double-shortest-35,left,shortest,double,dual,2026-03-18T15:39:27Z,barchart,second,8,double,shortest,35,TRUE,TRUE,TRUE,TRUE,study,TRUE
1931,6980e01bd642d128e0f16421,2711,1,84,barchart-second-13-double-shortest-36,left,shortest,double,dual,2026-03-18T15:39:30Z,barchart,second,13,double,shortest,36,TRUE,TRUE,TRUE,TRUE,study,TRUE
1932,6980e01bd642d128e0f16421,1358,1,85,barchart-second-16-double-shortest-37,right,shortest,double,dual,2026-03-18T15:39:32Z,barchart,second,16,double,shortest,37,TRUE,TRUE,TRUE,TRUE,study,TRUE
1933,6980e01bd642d128e0f16421,1076,1,86,barchart-second-02-same-shortest-38,right,shortest,same,dual,2026-03-18T15:39:34Z,barchart,second,2,same,shortest,38,TRUE,TRUE,TRUE,TRUE,study,TRUE
1934,6980e01bd642d128e0f16421,2221,1,87,barchart-second-20-double-shortest-39,right,shortest,double,dual,2026-03-18T15:39:37Z,barchart,second,20,double,shortest,39,TRUE,TRUE,TRUE,TRUE,study,TRUE
1935,6980e01bd642d128e0f16421,1460,1,88,barchart-second-22-random-shortest-40,right,shortest,random,dual,2026-03-18T15:39:39Z,barchart,second,22,random,shortest,40,TRUE,TRUE,TRUE,TRUE,study,TRUE
1936,6980e01bd642d128e0f16421,1166,1,89,barchart-second-20-same-shortest-41,right,shortest,same,dual,2026-03-18T15:39:40Z,barchart,second,20,same,shortest,41,TRUE,TRUE,TRUE,TRUE,study,TRUE
1937,6980e01bd642d128e0f16421,2033,1,90,barchart-second-22-double-shortest-42,right,shortest,double,dual,2026-03-18T15:39:43Z,barchart,second,22,double,shortest,42,TRUE,TRUE,TRUE,TRUE,study,TRUE
1938,6980e01bd642d128e0f16421,3223,1,91,barchart-second-17-same-shortest-43,right,shortest,same,dual,2026-03-18T15:39:47Z,barchart,second,17,same,shortest,43,TRUE,TRUE,TRUE,TRUE,study,TRUE
1939,6980e01bd642d128e0f16421,1928,1,92,barchart-second-00-same-shortest-44,left,shortest,same,dual,2026-03-18T15:39:49Z,barchart,second,0,same,shortest,44,TRUE,TRUE,TRUE,TRUE,study,TRUE
1940,6980e01bd642d128e0f16421,1362,1,93,barchart-second-28-same-shortest-45,right,shortest,same,dual,2026-03-18T15:39:51Z,barchart,second,28,same,shortest,45,TRUE,TRUE,TRUE,TRUE,study,TRUE
1941,6980e01bd642d128e0f16421,1369,1,94,barchart-second-16-random-shortest-46,right,shortest,random,dual,2026-03-18T15:39:53Z,barchart,second,16,random,shortest,46,TRUE,TRUE,TRUE,TRUE,study,TRUE
1942,6980e01bd642d128e0f16421,2197,1,95,barchart-second-09-random-shortest-47,left,shortest,random,dual,2026-03-18T15:39:56Z,barchart,second,9,random,shortest,47,TRUE,TRUE,TRUE,TRUE,study,TRUE
2327,69810122d82c67a45b417ac6,1771,1,0,barchart-first-08-double-shortest-0,left,shortest,double,dual,2026-03-18T17:41:43Z,barchart,first,8,double,shortest,0,TRUE,TRUE,TRUE,TRUE,study,TRUE
2328,69810122d82c67a45b417ac6,1477,1,1,barchart-first-26-double-shortest-1,left,shortest,double,dual,2026-03-18T17:41:47Z,barchart,first,26,double,shortest,1,TRUE,TRUE,TRUE,TRUE,study,TRUE
2329,69810122d82c67a45b417ac6,2477,1,2,barchart-first-06-same-shortest-2,left,shortest,same,dual,2026-03-18T17:41:51Z,barchart,first,6,same,shortest,2,TRUE,TRUE,TRUE,TRUE,study,TRUE
2330,69810122d82c67a45b417ac6,2293,1,3,barchart-first-29-double-shortest-3,left,shortest,double,dual,2026-03-18T17:41:54Z,barchart,first,29,double,shortest,3,TRUE,TRUE,TRUE,TRUE,study,TRUE
2331,69810122d82c67a45b417ac6,2355,1,4,barchart-first-28-same-shortest-4,right,shortest,same,dual,2026-03-18T17:41:57Z,barchart,first,28,same,shortest,4,TRUE,TRUE,TRUE,TRUE,study,TRUE
2332,69810122d82c67a45b417ac6,2145,1,5,barchart-first-31-double-shortest-5,right,shortest,double,dual,2026-03-18T17:42:00Z,barchart,first,31,double,shortest,5,TRUE,TRUE,TRUE,TRUE,study,TRUE
2333,69810122d82c67a45b417ac6,2552,1,6,barchart-first-16-double-shortest-6,right,shortest,double,dual,2026-03-18T17:42:04Z,barchart,first,16,double,shortest,6,TRUE,TRUE,TRUE,TRUE,study,TRUE
2334,69810122d82c67a45b417ac6,1203,1,7,barchart-first-19-random-shortest-7,left,shortest,random,dual,2026-03-18T17:42:06Z,barchart,first,19,random,shortest,7,TRUE,TRUE,TRUE,TRUE,study,TRUE
2335,69810122d82c67a45b417ac6,1976,1,8,barchart-first-15-double-shortest-8,right,shortest,double,dual,2026-03-18T17:42:09Z,barchart,first,15,double,shortest,8,TRUE,TRUE,TRUE,TRUE,study,TRUE
2336,69810122d82c67a45b417ac6,2967,1,9,barchart-first-18-double-shortest-9,right,shortest,double,dual,2026-03-18T17:42:12Z,barchart,first,18,double,shortest,9,TRUE,TRUE,TRUE,TRUE,study,TRUE
2337,69810122d82c67a45b417ac6,2387,1,10,barchart-first-02-random-shortest-10,right,shortest,random,dual,2026-03-18T17:42:15Z,barchart,first,2,random,shortest,10,TRUE,TRUE,TRUE,TRUE,study,TRUE
2338,69810122d82c67a45b417ac6,1886,1,11,barchart-first-27-random-shortest-11,right,shortest,random,dual,2026-03-18T17:42:18Z,barchart,first,27,random,shortest,11,TRUE,TRUE,TRUE,TRUE,study,TRUE
2339,69810122d82c67a45b417ac6,1890,1,12,barchart-first-05-random-shortest-12,left,shortest,random,dual,2026-03-18T17:42:21Z,barchart,first,5,random,shortest,12,TRUE,TRUE,TRUE,TRUE,study,TRUE
2340,69810122d82c67a45b417ac6,1820,1,13,barchart-first-19-double-shortest-13,left,shortest,double,dual,2026-03-18T17:42:23Z,barchart,first,19,double,shortest,13,TRUE,TRUE,TRUE,TRUE,study,TRUE
2341,69810122d82c67a45b417ac6,1940,1,14,barchart-first-10-random-shortest-14,left,shortest,random,dual,2026-03-18T17:42:26Z,barchart,first,10,random,shortest,14,TRUE,TRUE,TRUE,TRUE,study,TRUE
2342,69810122d82c67a45b417ac6,1943,1,15,barchart-first-03-double-shortest-15,right,shortest,double,dual,2026-03-18T17:42:28Z,barchart,first,3,double,shortest,15,TRUE,TRUE,TRUE,TRUE,study,TRUE
2343,69810122d82c67a45b417ac6,1420,1,16,barchart-first-25-random-shortest-16,right,shortest,random,dual,2026-03-18T17:42:31Z,barchart,first,25,random,shortest,16,TRUE,TRUE,TRUE,TRUE,study,TRUE
2344,69810122d82c67a45b417ac6,2247,1,17,barchart-first-04-same-shortest-17,right,shortest,same,dual,2026-03-18T17:42:34Z,barchart,first,4,same,shortest,17,TRUE,TRUE,TRUE,TRUE,study,TRUE
2345,69810122d82c67a45b417ac6,1701,1,18,barchart-first-04-double-shortest-18,right,shortest,double,dual,2026-03-18T17:42:36Z,barchart,first,4,double,shortest,18,TRUE,TRUE,TRUE,TRUE,study,TRUE
2346,69810122d82c67a45b417ac6,1758,1,19,barchart-first-18-random-shortest-19,right,shortest,random,dual,2026-03-18T17:42:39Z,barchart,first,18,random,shortest,19,TRUE,TRUE,TRUE,TRUE,study,TRUE
2347,69810122d82c67a45b417ac6,3601,1,20,barchart-first-17-same-shortest-20,right,shortest,same,dual,2026-03-18T17:42:43Z,barchart,first,17,same,shortest,20,TRUE,TRUE,TRUE,TRUE,study,TRUE
2348,69810122d82c67a45b417ac6,1562,1,21,barchart-first-04-random-shortest-21,right,shortest,random,dual,2026-03-18T17:42:45Z,barchart,first,4,random,shortest,21,TRUE,TRUE,TRUE,TRUE,study,TRUE
2349,69810122d82c67a45b417ac6,1317,1,22,barchart-first-29-same-shortest-22,left,shortest,same,dual,2026-03-18T17:42:47Z,barchart,first,29,same,shortest,22,TRUE,TRUE,TRUE,TRUE,study,TRUE
2350,69810122d82c67a45b417ac6,2280,1,23,barchart-first-19-same-shortest-23,left,shortest,same,dual,2026-03-18T17:42:50Z,barchart,first,19,same,shortest,23,TRUE,TRUE,TRUE,TRUE,study,TRUE
2351,69810122d82c67a45b417ac6,2180,1,24,barchart-first-07-same-shortest-24,left,shortest,same,dual,2026-03-18T17:42:59Z,barchart,first,7,same,shortest,24,TRUE,TRUE,TRUE,TRUE,study,TRUE
2352,69810122d82c67a45b417ac6,2085,1,25,barchart-first-08-random-shortest-25,left,shortest,random,dual,2026-03-18T17:43:02Z,barchart,first,8,random,shortest,25,TRUE,TRUE,TRUE,TRUE,study,TRUE
2353,69810122d82c67a45b417ac6,1155,1,26,barchart-first-26-random-shortest-26,left,shortest,random,dual,2026-03-18T17:43:04Z,barchart,first,26,random,shortest,26,TRUE,TRUE,TRUE,TRUE,study,TRUE
2354,69810122d82c67a45b417ac6,1452,1,27,barchart-first-23-same-shortest-27,right,shortest,same,dual,2026-03-18T17:43:07Z,barchart,first,23,same,shortest,27,TRUE,TRUE,TRUE,TRUE,study,TRUE
2355,69810122d82c67a45b417ac6,1093,1,28,barchart-first-30-double-shortest-28,left,shortest,double,dual,2026-03-18T17:43:08Z,barchart,first,30,double,shortest,28,TRUE,TRUE,TRUE,TRUE,study,TRUE
2356,69810122d82c67a45b417ac6,1555,1,29,barchart-first-00-same-shortest-29,left,shortest,same,dual,2026-03-18T17:43:11Z,barchart,first,0,same,shortest,29,TRUE,TRUE,TRUE,TRUE,study,TRUE
2357,69810122d82c67a45b417ac6,2614,1,30,barchart-first-09-random-shortest-30,left,shortest,random,dual,2026-03-18T17:43:14Z,barchart,first,9,random,shortest,30,TRUE,TRUE,TRUE,TRUE,study,TRUE
2358,69810122d82c67a45b417ac6,2074,1,31,barchart-first-10-double-shortest-31,left,shortest,double,dual,2026-03-18T17:43:17Z,barchart,first,10,double,shortest,31,TRUE,TRUE,TRUE,TRUE,study,TRUE
2359,69810122d82c67a45b417ac6,3456,1,32,barchart-first-27-same-shortest-32,right,shortest,same,dual,2026-03-18T17:43:21Z,barchart,first,27,same,shortest,32,TRUE,TRUE,TRUE,TRUE,study,TRUE
2360,69810122d82c67a45b417ac6,2479,1,33,barchart-first-03-same-shortest-33,right,shortest,same,dual,2026-03-18T17:43:24Z,barchart,first,3,same,shortest,33,TRUE,TRUE,TRUE,TRUE,study,TRUE
2361,69810122d82c67a45b417ac6,1452,1,34,barchart-first-21-same-shortest-34,left,shortest,same,dual,2026-03-18T17:43:26Z,barchart,first,21,same,shortest,34,TRUE,TRUE,TRUE,TRUE,study,TRUE
2362,69810122d82c67a45b417ac6,2547,1,35,barchart-first-00-random-shortest-35,left,shortest,random,dual,2026-03-18T17:43:30Z,barchart,first,0,random,shortest,35,TRUE,TRUE,TRUE,TRUE,study,TRUE
2363,69810122d82c67a45b417ac6,1711,1,36,barchart-first-14-double-shortest-36,left,shortest,double,dual,2026-03-18T17:43:32Z,barchart,first,14,double,shortest,36,TRUE,TRUE,TRUE,TRUE,study,TRUE
2364,69810122d82c67a45b417ac6,2450,1,37,barchart-first-15-random-shortest-37,right,shortest,random,dual,2026-03-18T17:43:35Z,barchart,first,15,random,shortest,37,TRUE,TRUE,TRUE,TRUE,study,TRUE
2365,69810122d82c67a45b417ac6,2075,1,38,barchart-first-13-same-shortest-38,left,shortest,same,dual,2026-03-18T17:43:38Z,barchart,first,13,same,shortest,38,TRUE,TRUE,TRUE,TRUE,study,TRUE
2366,69810122d82c67a45b417ac6,1622,1,39,barchart-first-01-random-shortest-39,right,shortest,random,dual,2026-03-18T17:43:41Z,barchart,first,1,random,shortest,39,TRUE,TRUE,TRUE,TRUE,study,TRUE
2367,69810122d82c67a45b417ac6,1335,1,40,barchart-first-13-random-shortest-40,left,shortest,random,dual,2026-03-18T17:43:43Z,barchart,first,13,random,shortest,40,TRUE,TRUE,TRUE,TRUE,study,TRUE
2368,69810122d82c67a45b417ac6,3108,1,41,barchart-first-24-double-shortest-41,left,shortest,double,dual,2026-03-18T17:43:47Z,barchart,first,24,double,shortest,41,TRUE,TRUE,TRUE,TRUE,study,TRUE
2369,69810122d82c67a45b417ac6,2061,1,42,barchart-first-24-same-shortest-42,left,shortest,same,dual,2026-03-18T17:43:50Z,barchart,first,24,same,shortest,42,TRUE,TRUE,TRUE,TRUE,study,TRUE
2370,69810122d82c67a45b417ac6,1991,1,43,barchart-first-01-same-shortest-43,right,shortest,same,dual,2026-03-18T17:43:52Z,barchart,first,1,same,shortest,43,TRUE,TRUE,TRUE,TRUE,study,TRUE
2371,69810122d82c67a45b417ac6,1858,1,44,barchart-first-23-double-shortest-44,right,shortest,double,dual,2026-03-18T17:43:55Z,barchart,first,23,double,shortest,44,TRUE,TRUE,TRUE,TRUE,study,TRUE
2372,69810122d82c67a45b417ac6,1669,1,45,barchart-first-27-double-shortest-45,right,shortest,double,dual,2026-03-18T17:43:57Z,barchart,first,27,double,shortest,45,TRUE,TRUE,TRUE,TRUE,study,TRUE
2373,69810122d82c67a45b417ac6,1390,1,46,barchart-first-22-same-shortest-46,right,shortest,same,dual,2026-03-18T17:43:59Z,barchart,first,22,same,shortest,46,TRUE,TRUE,TRUE,TRUE,study,TRUE
2374,69810122d82c67a45b417ac6,1664,1,47,barchart-first-23-random-shortest-47,right,shortest,random,dual,2026-03-18T17:44:02Z,barchart,first,23,random,shortest,47,TRUE,TRUE,TRUE,TRUE,study,TRUE
2375,69810122d82c67a45b417ac6,1330,1,48,barchart-second-09-double-tallest-0,left,tallest,double,dual,2026-03-18T17:44:12Z,barchart,second,9,double,tallest,0,TRUE,TRUE,TRUE,TRUE,study,TRUE
2376,69810122d82c67a45b417ac6,2060,1,49,barchart-second-03-random-tallest-1,left,tallest,random,dual,2026-03-18T17:44:15Z,barchart,second,3,random,tallest,1,TRUE,TRUE,TRUE,TRUE,study,TRUE
2377,69810122d82c67a45b417ac6,971,1,50,barchart-second-09-same-tallest-2,left,tallest,same,dual,2026-03-18T17:44:16Z,barchart,second,9,same,tallest,2,TRUE,TRUE,TRUE,TRUE,study,TRUE
2378,69810122d82c67a45b417ac6,2111,1,51,barchart-second-02-same-tallest-3,left,tallest,same,dual,2026-03-18T17:44:19Z,barchart,second,2,same,tallest,3,TRUE,TRUE,TRUE,TRUE,study,TRUE
2379,69810122d82c67a45b417ac6,1266,1,52,barchart-second-10-same-tallest-4,right,tallest,same,dual,2026-03-18T17:44:21Z,barchart,second,10,same,tallest,4,TRUE,TRUE,TRUE,TRUE,study,TRUE
2380,69810122d82c67a45b417ac6,1041,1,53,barchart-second-24-random-tallest-5,right,tallest,random,dual,2026-03-18T17:44:23Z,barchart,second,24,random,tallest,5,TRUE,TRUE,TRUE,TRUE,study,TRUE
2381,69810122d82c67a45b417ac6,780,1,54,barchart-second-18-same-tallest-6,left,tallest,same,dual,2026-03-18T17:44:24Z,barchart,second,18,same,tallest,6,TRUE,TRUE,TRUE,TRUE,study,TRUE
2382,69810122d82c67a45b417ac6,1794,1,55,barchart-second-16-random-tallest-7,left,tallest,random,dual,2026-03-18T17:44:27Z,barchart,second,16,random,tallest,7,TRUE,TRUE,TRUE,TRUE,study,TRUE
2383,69810122d82c67a45b417ac6,1088,1,56,barchart-second-08-same-tallest-8,left,tallest,same,dual,2026-03-18T17:44:29Z,barchart,second,8,same,tallest,8,TRUE,TRUE,TRUE,TRUE,study,TRUE
2384,69810122d82c67a45b417ac6,830,1,57,barchart-second-30-same-tallest-9,right,tallest,same,dual,2026-03-18T17:44:30Z,barchart,second,30,same,tallest,9,TRUE,TRUE,TRUE,TRUE,study,TRUE
2385,69810122d82c67a45b417ac6,1997,1,58,barchart-second-25-double-tallest-10,right,tallest,double,dual,2026-03-18T17:44:33Z,barchart,second,25,double,tallest,10,TRUE,TRUE,TRUE,TRUE,study,TRUE
2386,69810122d82c67a45b417ac6,1838,1,59,barchart-second-25-same-tallest-11,right,tallest,same,dual,2026-03-18T17:44:36Z,barchart,second,25,same,tallest,11,TRUE,TRUE,TRUE,TRUE,study,TRUE
2387,69810122d82c67a45b417ac6,1392,1,60,barchart-second-11-double-tallest-12,left,tallest,double,dual,2026-03-18T17:44:38Z,barchart,second,11,double,tallest,12,TRUE,TRUE,TRUE,TRUE,study,TRUE
2388,69810122d82c67a45b417ac6,1002,1,61,barchart-second-00-double-tallest-13,right,tallest,double,dual,2026-03-18T17:44:39Z,barchart,second,0,double,tallest,13,TRUE,TRUE,TRUE,TRUE,study,TRUE
2389,69810122d82c67a45b417ac6,1969,1,62,barchart-second-20-random-tallest-14,right,tallest,random,dual,2026-03-18T17:44:42Z,barchart,second,20,random,tallest,14,TRUE,TRUE,TRUE,TRUE,study,TRUE
2390,69810122d82c67a45b417ac6,1285,1,63,barchart-second-20-same-tallest-15,right,tallest,same,dual,2026-03-18T17:44:44Z,barchart,second,20,same,tallest,15,TRUE,TRUE,TRUE,TRUE,study,TRUE
2391,69810122d82c67a45b417ac6,1639,1,64,barchart-second-21-random-tallest-16,left,tallest,random,dual,2026-03-18T17:44:46Z,barchart,second,21,random,tallest,16,TRUE,TRUE,TRUE,TRUE,study,TRUE
2392,69810122d82c67a45b417ac6,891,1,65,barchart-second-05-double-tallest-17,right,tallest,double,dual,2026-03-18T17:44:48Z,barchart,second,5,double,tallest,17,TRUE,TRUE,TRUE,TRUE,study,TRUE
2393,69810122d82c67a45b417ac6,1360,1,66,barchart-second-31-same-tallest-18,right,tallest,same,dual,2026-03-18T17:44:50Z,barchart,second,31,same,tallest,18,TRUE,TRUE,TRUE,TRUE,study,TRUE
2394,69810122d82c67a45b417ac6,693,1,67,barchart-second-20-double-tallest-19,right,tallest,double,dual,2026-03-18T17:44:51Z,barchart,second,20,double,tallest,19,TRUE,TRUE,TRUE,TRUE,study,TRUE
2395,69810122d82c67a45b417ac6,1261,1,68,barchart-second-06-double-tallest-20,right,tallest,double,dual,2026-03-18T17:44:53Z,barchart,second,6,double,tallest,20,TRUE,TRUE,TRUE,TRUE,study,TRUE
2396,69810122d82c67a45b417ac6,833,1,69,barchart-second-14-same-tallest-21,left,tallest,same,dual,2026-03-18T17:44:54Z,barchart,second,14,same,tallest,21,TRUE,TRUE,TRUE,TRUE,study,TRUE
2397,69810122d82c67a45b417ac6,2060,1,70,barchart-second-06-random-tallest-22,right,tallest,random,dual,2026-03-18T17:44:57Z,barchart,second,6,random,tallest,22,TRUE,TRUE,TRUE,TRUE,study,TRUE
2398,69810122d82c67a45b417ac6,857,1,71,barchart-second-12-random-tallest-23,right,tallest,random,dual,2026-03-18T17:44:59Z,barchart,second,12,random,tallest,23,TRUE,TRUE,TRUE,TRUE,study,TRUE
2399,69810122d82c67a45b417ac6,2394,1,72,barchart-second-11-same-tallest-24,left,tallest,same,dual,2026-03-18T17:45:05Z,barchart,second,11,same,tallest,24,TRUE,TRUE,TRUE,TRUE,study,TRUE
2400,69810122d82c67a45b417ac6,2916,1,73,barchart-second-02-double-tallest-25,left,tallest,double,dual,2026-03-18T17:45:09Z,barchart,second,2,double,tallest,25,TRUE,TRUE,TRUE,TRUE,study,TRUE
2401,69810122d82c67a45b417ac6,1535,1,74,barchart-second-12-double-tallest-26,right,tallest,double,dual,2026-03-18T17:45:11Z,barchart,second,12,double,tallest,26,TRUE,TRUE,TRUE,TRUE,study,TRUE
2402,69810122d82c67a45b417ac6,910,1,75,barchart-second-30-random-tallest-27,right,tallest,random,dual,2026-03-18T17:45:13Z,barchart,second,30,random,tallest,27,TRUE,TRUE,TRUE,TRUE,study,TRUE
2403,69810122d82c67a45b417ac6,586,1,76,barchart-second-12-same-tallest-28,right,tallest,same,dual,2026-03-18T17:45:14Z,barchart,second,12,same,tallest,28,TRUE,TRUE,TRUE,TRUE,study,TRUE
2404,69810122d82c67a45b417ac6,1846,1,77,barchart-second-31-random-tallest-29,right,tallest,random,dual,2026-03-18T17:45:17Z,barchart,second,31,random,tallest,29,TRUE,TRUE,TRUE,TRUE,study,TRUE
2405,69810122d82c67a45b417ac6,1020,1,78,barchart-second-07-random-tallest-30,left,tallest,random,dual,2026-03-18T17:45:18Z,barchart,second,7,random,tallest,30,TRUE,TRUE,TRUE,TRUE,study,TRUE
2406,69810122d82c67a45b417ac6,2115,1,79,barchart-second-14-random-tallest-31,left,tallest,random,dual,2026-03-18T17:45:21Z,barchart,second,14,random,tallest,31,TRUE,TRUE,TRUE,TRUE,study,TRUE
2407,69810122d82c67a45b417ac6,1188,1,80,barchart-second-22-double-tallest-32,right,tallest,double,dual,2026-03-18T17:45:23Z,barchart,second,22,double,tallest,32,TRUE,TRUE,TRUE,TRUE,study,TRUE
2408,69810122d82c67a45b417ac6,876,1,81,barchart-second-17-random-tallest-33,left,tallest,random,dual,2026-03-18T17:45:25Z,barchart,second,17,random,tallest,33,TRUE,TRUE,TRUE,TRUE,study,TRUE
2409,69810122d82c67a45b417ac6,1333,1,82,barchart-second-13-double-tallest-34,left,tallest,double,dual,2026-03-18T17:45:27Z,barchart,second,13,double,tallest,34,TRUE,TRUE,TRUE,TRUE,study,TRUE
2410,69810122d82c67a45b417ac6,1227,1,83,barchart-second-29-random-tallest-35,left,tallest,random,dual,2026-03-18T17:45:29Z,barchart,second,29,random,tallest,35,TRUE,TRUE,TRUE,TRUE,study,TRUE
2411,69810122d82c67a45b417ac6,695,1,84,barchart-second-07-double-tallest-36,left,tallest,double,dual,2026-03-18T17:45:30Z,barchart,second,7,double,tallest,36,TRUE,TRUE,TRUE,TRUE,study,TRUE
2412,69810122d82c67a45b417ac6,862,1,85,barchart-second-21-double-tallest-37,left,tallest,double,dual,2026-03-18T17:45:32Z,barchart,second,21,double,tallest,37,TRUE,TRUE,TRUE,TRUE,study,TRUE
2413,69810122d82c67a45b417ac6,1342,1,86,barchart-second-01-double-tallest-38,left,tallest,double,dual,2026-03-18T17:45:34Z,barchart,second,1,double,tallest,38,TRUE,TRUE,TRUE,TRUE,study,TRUE
2414,69810122d82c67a45b417ac6,807,1,87,barchart-second-05-same-tallest-39,right,tallest,same,dual,2026-03-18T17:45:35Z,barchart,second,5,same,tallest,39,TRUE,TRUE,TRUE,TRUE,study,TRUE
2415,69810122d82c67a45b417ac6,755,1,88,barchart-second-15-same-tallest-40,right,tallest,same,dual,2026-03-18T17:45:37Z,barchart,second,15,same,tallest,40,TRUE,TRUE,TRUE,TRUE,study,TRUE
2416,69810122d82c67a45b417ac6,883,1,89,barchart-second-17-double-tallest-41,left,tallest,double,dual,2026-03-18T17:45:39Z,barchart,second,17,double,tallest,41,TRUE,TRUE,TRUE,TRUE,study,TRUE
2417,69810122d82c67a45b417ac6,906,1,90,barchart-second-22-random-tallest-42,right,tallest,random,dual,2026-03-18T17:45:40Z,barchart,second,22,random,tallest,42,TRUE,TRUE,TRUE,TRUE,study,TRUE
2418,69810122d82c67a45b417ac6,1145,1,91,barchart-second-26-same-tallest-43,left,tallest,same,dual,2026-03-18T17:45:42Z,barchart,second,26,same,tallest,43,TRUE,TRUE,TRUE,TRUE,study,TRUE
2419,69810122d82c67a45b417ac6,1648,1,92,barchart-second-11-random-tallest-44,left,tallest,random,dual,2026-03-18T17:45:45Z,barchart,second,11,random,tallest,44,TRUE,TRUE,TRUE,TRUE,study,TRUE
2420,69810122d82c67a45b417ac6,846,1,93,barchart-second-28-random-tallest-45,right,tallest,random,dual,2026-03-18T17:45:46Z,barchart,second,28,random,tallest,45,TRUE,TRUE,TRUE,TRUE,study,TRUE
2421,69810122d82c67a45b417ac6,811,1,94,barchart-second-28-double-tallest-46,right,tallest,double,dual,2026-03-18T17:45:48Z,barchart,second,28,double,tallest,46,TRUE,TRUE,TRUE,TRUE,study,TRUE
2422,69810122d82c67a45b417ac6,1379,1,95,barchart-second-16-same-tallest-47,left,tallest,same,dual,2026-03-18T17:45:50Z,barchart,second,16,same,tallest,47,TRUE,TRUE,TRUE,TRUE,study,TRUE
1217,698cd6a35f0d9b4d70614cf5,7618,1,0,barchart-first-18-double-shortest-0,right,shortest,double,single,2026-03-17T23:17:31Z,barchart,first,18,double,shortest,0,TRUE,TRUE,TRUE,TRUE,study,TRUE
1218,698cd6a35f0d9b4d70614cf5,5631,1,1,barchart-first-10-random-shortest-1,left,shortest,random,single,2026-03-17T23:17:37Z,barchart,first,10,random,shortest,1,TRUE,TRUE,TRUE,TRUE,study,TRUE
1219,698cd6a35f0d9b4d70614cf5,6978,1,2,barchart-first-12-double-shortest-2,left,shortest,double,single,2026-03-17T23:17:46Z,barchart,first,12,double,shortest,2,TRUE,TRUE,TRUE,TRUE,study,TRUE
1220,698cd6a35f0d9b4d70614cf5,1806,0,3,barchart-first-15-random-shortest-3,left,shortest,random,single,2026-03-17T23:17:49Z,barchart,first,15,random,shortest,3,TRUE,TRUE,TRUE,TRUE,study,TRUE
1221,698cd6a35f0d9b4d70614cf5,2211,0,4,barchart-first-13-same-shortest-4,right,shortest,same,single,2026-03-17T23:17:54Z,barchart,first,13,same,shortest,4,TRUE,TRUE,TRUE,TRUE,study,TRUE
1222,698cd6a35f0d9b4d70614cf5,6639,0,5,barchart-first-27-same-shortest-5,left,shortest,same,single,2026-03-17T23:18:02Z,barchart,first,27,same,shortest,5,TRUE,TRUE,TRUE,TRUE,study,TRUE
1223,698cd6a35f0d9b4d70614cf5,4387,1,6,barchart-first-17-random-shortest-6,right,shortest,random,single,2026-03-17T23:18:09Z,barchart,first,17,random,shortest,6,TRUE,TRUE,TRUE,TRUE,study,TRUE
1224,698cd6a35f0d9b4d70614cf5,4099,1,7,barchart-first-14-double-shortest-7,left,shortest,double,single,2026-03-17T23:18:15Z,barchart,first,14,double,shortest,7,TRUE,TRUE,TRUE,TRUE,study,TRUE
1225,698cd6a35f0d9b4d70614cf5,4567,0,8,barchart-first-06-random-shortest-8,right,shortest,random,single,2026-03-17T23:18:21Z,barchart,first,6,random,shortest,8,TRUE,TRUE,TRUE,TRUE,study,TRUE
1226,698cd6a35f0d9b4d70614cf5,3374,1,9,barchart-first-17-double-shortest-9,right,shortest,double,single,2026-03-17T23:18:26Z,barchart,first,17,double,shortest,9,TRUE,TRUE,TRUE,TRUE,study,TRUE
1227,698cd6a35f0d9b4d70614cf5,7246,0,10,barchart-first-13-random-shortest-10,right,shortest,random,single,2026-03-17T23:18:34Z,barchart,first,13,random,shortest,10,TRUE,TRUE,TRUE,TRUE,study,TRUE
1228,698cd6a35f0d9b4d70614cf5,3568,0,11,barchart-first-05-same-shortest-11,right,shortest,same,single,2026-03-17T23:18:40Z,barchart,first,5,same,shortest,11,TRUE,TRUE,TRUE,TRUE,study,TRUE
1229,698cd6a35f0d9b4d70614cf5,9854,0,12,barchart-first-15-double-shortest-12,left,shortest,double,single,2026-03-17T23:18:51Z,barchart,first,15,double,shortest,12,TRUE,TRUE,TRUE,TRUE,study,TRUE
1230,698cd6a35f0d9b4d70614cf5,1867,0,13,barchart-first-26-same-shortest-13,right,shortest,same,single,2026-03-17T23:18:56Z,barchart,first,26,same,shortest,13,TRUE,TRUE,TRUE,TRUE,study,TRUE
1231,698cd6a35f0d9b4d70614cf5,4420,1,14,barchart-first-26-random-shortest-14,left,shortest,random,single,2026-03-17T23:19:02Z,barchart,first,26,random,shortest,14,TRUE,TRUE,TRUE,TRUE,study,TRUE
1232,698cd6a35f0d9b4d70614cf5,2364,1,15,barchart-first-08-random-shortest-15,left,shortest,random,single,2026-03-17T23:19:05Z,barchart,first,8,random,shortest,15,TRUE,TRUE,TRUE,TRUE,study,TRUE
1233,698cd6a35f0d9b4d70614cf5,3787,0,16,barchart-first-01-same-shortest-16,left,shortest,same,single,2026-03-17T23:19:10Z,barchart,first,1,same,shortest,16,TRUE,TRUE,TRUE,TRUE,study,TRUE
1234,698cd6a35f0d9b4d70614cf5,4570,0,17,barchart-first-20-double-shortest-17,left,shortest,double,single,2026-03-17T23:19:17Z,barchart,first,20,double,shortest,17,TRUE,TRUE,TRUE,TRUE,study,TRUE
1235,698cd6a35f0d9b4d70614cf5,2037,0,18,barchart-first-21-double-shortest-18,right,shortest,double,single,2026-03-17T23:19:20Z,barchart,first,21,double,shortest,18,TRUE,TRUE,TRUE,TRUE,study,TRUE
1236,698cd6a35f0d9b4d70614cf5,6023,0,19,barchart-first-06-double-shortest-19,right,shortest,double,single,2026-03-17T23:19:28Z,barchart,first,6,double,shortest,19,TRUE,TRUE,TRUE,TRUE,study,TRUE
1237,698cd6a35f0d9b4d70614cf5,3950,0,20,barchart-first-05-random-shortest-20,right,shortest,random,single,2026-03-17T23:19:34Z,barchart,first,5,random,shortest,20,TRUE,TRUE,TRUE,TRUE,study,TRUE
1238,698cd6a35f0d9b4d70614cf5,3939,0,21,barchart-first-23-same-shortest-21,left,shortest,same,single,2026-03-17T23:19:40Z,barchart,first,23,same,shortest,21,TRUE,TRUE,TRUE,TRUE,study,TRUE
1239,698cd6a35f0d9b4d70614cf5,5861,0,22,barchart-first-02-random-shortest-22,left,shortest,random,single,2026-03-17T23:19:48Z,barchart,first,2,random,shortest,22,TRUE,TRUE,TRUE,TRUE,study,TRUE
1240,698cd6a35f0d9b4d70614cf5,5201,0,23,barchart-first-09-double-shortest-23,right,shortest,double,single,2026-03-17T23:19:55Z,barchart,first,9,double,shortest,23,TRUE,TRUE,TRUE,TRUE,study,TRUE
1241,698cd6a35f0d9b4d70614cf5,4491,0,24,barchart-first-04-same-shortest-24,left,shortest,same,single,2026-03-17T23:20:28Z,barchart,first,4,same,shortest,24,TRUE,TRUE,TRUE,TRUE,study,TRUE
1242,698cd6a35f0d9b4d70614cf5,4915,1,25,barchart-first-28-same-shortest-25,right,shortest,same,single,2026-03-17T23:20:35Z,barchart,first,28,same,shortest,25,TRUE,TRUE,TRUE,TRUE,study,TRUE
1243,698cd6a35f0d9b4d70614cf5,23216,1,26,barchart-first-28-double-shortest-26,right,shortest,double,single,2026-03-17T23:21:00Z,barchart,first,28,double,shortest,26,TRUE,TRUE,TRUE,TRUE,study,TRUE
1244,698cd6a35f0d9b4d70614cf5,5618,0,27,barchart-first-22-random-shortest-27,left,shortest,random,single,2026-03-17T23:21:07Z,barchart,first,22,random,shortest,27,TRUE,TRUE,TRUE,TRUE,study,TRUE
1245,698cd6a35f0d9b4d70614cf5,1235,1,28,barchart-first-03-same-shortest-28,right,shortest,same,single,2026-03-17T23:21:10Z,barchart,first,3,same,shortest,28,TRUE,TRUE,TRUE,TRUE,study,TRUE
1246,698cd6a35f0d9b4d70614cf5,3110,1,29,barchart-first-00-same-shortest-29,left,shortest,same,single,2026-03-17T23:21:14Z,barchart,first,0,same,shortest,29,TRUE,TRUE,TRUE,TRUE,study,TRUE
1247,698cd6a35f0d9b4d70614cf5,21479,0,30,barchart-first-23-random-shortest-30,left,shortest,random,single,2026-03-17T23:21:36Z,barchart,first,23,random,shortest,30,TRUE,TRUE,TRUE,TRUE,study,TRUE
1248,698cd6a35f0d9b4d70614cf5,2200,0,31,barchart-first-10-double-shortest-31,right,shortest,double,single,2026-03-17T23:21:41Z,barchart,first,10,double,shortest,31,TRUE,TRUE,TRUE,TRUE,study,TRUE
1249,698cd6a35f0d9b4d70614cf5,3540,0,32,barchart-first-22-same-shortest-32,left,shortest,same,single,2026-03-17T23:21:47Z,barchart,first,22,same,shortest,32,TRUE,TRUE,TRUE,TRUE,study,TRUE
1250,698cd6a35f0d9b4d70614cf5,6122,0,33,barchart-first-06-same-shortest-33,right,shortest,same,single,2026-03-17T23:21:55Z,barchart,first,6,same,shortest,33,TRUE,TRUE,TRUE,TRUE,study,TRUE
1251,698cd6a35f0d9b4d70614cf5,5637,1,34,barchart-first-16-random-shortest-34,right,shortest,random,single,2026-03-17T23:22:03Z,barchart,first,16,random,shortest,34,TRUE,TRUE,TRUE,TRUE,study,TRUE
1252,698cd6a35f0d9b4d70614cf5,1048,0,35,barchart-first-07-same-shortest-35,right,shortest,same,single,2026-03-17T23:22:06Z,barchart,first,7,same,shortest,35,TRUE,TRUE,TRUE,TRUE,study,TRUE
1253,698cd6a35f0d9b4d70614cf5,2503,0,36,barchart-first-07-double-shortest-36,right,shortest,double,single,2026-03-17T23:22:10Z,barchart,first,7,double,shortest,36,TRUE,TRUE,TRUE,TRUE,study,TRUE
1254,698cd6a35f0d9b4d70614cf5,1577,0,37,barchart-first-27-double-shortest-37,left,shortest,double,single,2026-03-17T23:22:13Z,barchart,first,27,double,shortest,37,TRUE,TRUE,TRUE,TRUE,study,TRUE
1255,698cd6a35f0d9b4d70614cf5,1963,0,38,barchart-first-09-same-shortest-38,right,shortest,same,single,2026-03-17T23:22:17Z,barchart,first,9,same,shortest,38,TRUE,TRUE,TRUE,TRUE,study,TRUE
1256,698cd6a35f0d9b4d70614cf5,5862,0,39,barchart-first-29-random-shortest-39,right,shortest,random,single,2026-03-17T23:22:26Z,barchart,first,29,random,shortest,39,TRUE,TRUE,TRUE,TRUE,study,TRUE
1257,698cd6a35f0d9b4d70614cf5,2160,0,40,barchart-first-10-same-shortest-40,right,shortest,same,single,2026-03-17T23:22:30Z,barchart,first,10,same,shortest,40,TRUE,TRUE,TRUE,TRUE,study,TRUE
1258,698cd6a35f0d9b4d70614cf5,1864,1,41,barchart-first-17-same-shortest-41,right,shortest,same,single,2026-03-17T23:22:34Z,barchart,first,17,same,shortest,41,TRUE,TRUE,TRUE,TRUE,study,TRUE
1259,698cd6a35f0d9b4d70614cf5,22,0,42,barchart-first-24-double-shortest-42,right,shortest,double,single,2026-03-17T23:22:35Z,barchart,first,24,double,shortest,42,TRUE,TRUE,TRUE,TRUE,study,TRUE
1260,698cd6a35f0d9b4d70614cf5,10,1,43,barchart-first-31-random-shortest-43,right,shortest,random,single,2026-03-17T23:22:38Z,barchart,first,31,random,shortest,43,TRUE,TRUE,TRUE,TRUE,study,TRUE
1261,698cd6a35f0d9b4d70614cf5,7,1,44,barchart-first-18-random-shortest-44,right,shortest,random,single,2026-03-17T23:22:38Z,barchart,first,18,random,shortest,44,TRUE,TRUE,TRUE,TRUE,study,TRUE
1262,698cd6a35f0d9b4d70614cf5,22,1,45,barchart-first-04-double-shortest-45,right,shortest,double,single,2026-03-17T23:22:39Z,barchart,first,4,double,shortest,45,TRUE,TRUE,TRUE,TRUE,study,TRUE
1263,698cd6a35f0d9b4d70614cf5,2033,0,46,barchart-first-12-random-shortest-46,right,shortest,random,single,2026-03-17T23:22:43Z,barchart,first,12,random,shortest,46,TRUE,TRUE,TRUE,TRUE,study,TRUE
1264,698cd6a35f0d9b4d70614cf5,2698,1,47,barchart-first-01-double-shortest-47,right,shortest,double,single,2026-03-17T23:22:48Z,barchart,first,1,double,shortest,47,TRUE,TRUE,TRUE,TRUE,study,TRUE
1265,698cd6a35f0d9b4d70614cf5,6350,1,48,barchart-second-07-random-tallest-0,left,tallest,random,single,2026-03-17T23:23:08Z,barchart,second,7,random,tallest,0,TRUE,TRUE,TRUE,TRUE,study,TRUE
1266,698cd6a35f0d9b4d70614cf5,1433,1,49,barchart-second-29-same-tallest-1,left,tallest,same,single,2026-03-17T23:23:10Z,barchart,second,29,same,tallest,1,TRUE,TRUE,TRUE,TRUE,study,TRUE
1267,698cd6a35f0d9b4d70614cf5,14946,1,50,barchart-second-16-same-tallest-2,left,tallest,same,single,2026-03-17T23:23:26Z,barchart,second,16,same,tallest,2,TRUE,TRUE,TRUE,TRUE,study,TRUE
1268,698cd6a35f0d9b4d70614cf5,1674,1,51,barchart-second-30-double-tallest-3,right,tallest,double,single,2026-03-17T23:23:30Z,barchart,second,30,double,tallest,3,TRUE,TRUE,TRUE,TRUE,study,TRUE
1269,698cd6a35f0d9b4d70614cf5,1049,1,52,barchart-second-30-random-tallest-4,right,tallest,random,single,2026-03-17T23:23:32Z,barchart,second,30,random,tallest,4,TRUE,TRUE,TRUE,TRUE,study,TRUE
1270,698cd6a35f0d9b4d70614cf5,1721,1,53,barchart-second-21-random-tallest-5,left,tallest,random,single,2026-03-17T23:23:35Z,barchart,second,21,random,tallest,5,TRUE,TRUE,TRUE,TRUE,study,TRUE
1271,698cd6a35f0d9b4d70614cf5,1081,1,54,barchart-second-08-same-tallest-6,left,tallest,same,single,2026-03-17T23:23:37Z,barchart,second,8,same,tallest,6,TRUE,TRUE,TRUE,TRUE,study,TRUE
1272,698cd6a35f0d9b4d70614cf5,5589,1,55,barchart-second-14-same-tallest-7,left,tallest,same,single,2026-03-17T23:23:43Z,barchart,second,14,same,tallest,7,TRUE,TRUE,TRUE,TRUE,study,TRUE
1273,698cd6a35f0d9b4d70614cf5,13238,1,56,barchart-second-19-random-tallest-8,right,tallest,random,single,2026-03-17T23:23:58Z,barchart,second,19,random,tallest,8,TRUE,TRUE,TRUE,TRUE,study,TRUE
1274,698cd6a35f0d9b4d70614cf5,1985,1,57,barchart-second-25-random-tallest-9,right,tallest,random,single,2026-03-17T23:24:01Z,barchart,second,25,random,tallest,9,TRUE,TRUE,TRUE,TRUE,study,TRUE
1275,698cd6a35f0d9b4d70614cf5,1399,1,58,barchart-second-21-same-tallest-10,left,tallest,same,single,2026-03-17T23:24:03Z,barchart,second,21,same,tallest,10,TRUE,TRUE,TRUE,TRUE,study,TRUE
1276,698cd6a35f0d9b4d70614cf5,1362,1,59,barchart-second-31-same-tallest-11,right,tallest,same,single,2026-03-17T23:24:05Z,barchart,second,31,same,tallest,11,TRUE,TRUE,TRUE,TRUE,study,TRUE
1277,698cd6a35f0d9b4d70614cf5,3587,1,60,barchart-second-16-double-tallest-12,left,tallest,double,single,2026-03-17T23:24:10Z,barchart,second,16,double,tallest,12,TRUE,TRUE,TRUE,TRUE,study,TRUE
1278,698cd6a35f0d9b4d70614cf5,5451,1,61,barchart-second-12-same-tallest-13,right,tallest,same,single,2026-03-17T23:24:17Z,barchart,second,12,same,tallest,13,TRUE,TRUE,TRUE,TRUE,study,TRUE
1279,698cd6a35f0d9b4d70614cf5,5412,1,62,barchart-second-08-double-tallest-14,left,tallest,double,single,2026-03-17T23:24:24Z,barchart,second,8,double,tallest,14,TRUE,TRUE,TRUE,TRUE,study,TRUE
1280,698cd6a35f0d9b4d70614cf5,12448,1,63,barchart-second-02-same-tallest-15,left,tallest,same,single,2026-03-17T23:24:38Z,barchart,second,2,same,tallest,15,TRUE,TRUE,TRUE,TRUE,study,TRUE
1281,698cd6a35f0d9b4d70614cf5,8051,1,64,barchart-second-30-same-tallest-16,right,tallest,same,single,2026-03-17T23:24:47Z,barchart,second,30,same,tallest,16,TRUE,TRUE,TRUE,TRUE,study,TRUE
1282,698cd6a35f0d9b4d70614cf5,8206,1,65,barchart-second-24-random-tallest-17,right,tallest,random,single,2026-03-17T23:24:56Z,barchart,second,24,random,tallest,17,TRUE,TRUE,TRUE,TRUE,study,TRUE
1283,698cd6a35f0d9b4d70614cf5,3012,1,66,barchart-second-29-double-tallest-18,left,tallest,double,single,2026-03-17T23:25:00Z,barchart,second,29,double,tallest,18,TRUE,TRUE,TRUE,TRUE,study,TRUE
1284,698cd6a35f0d9b4d70614cf5,1479,1,67,barchart-second-28-random-tallest-19,right,tallest,random,single,2026-03-17T23:25:03Z,barchart,second,28,random,tallest,19,TRUE,TRUE,TRUE,TRUE,study,TRUE
1285,698cd6a35f0d9b4d70614cf5,17338,1,68,barchart-second-03-double-tallest-20,left,tallest,double,single,2026-03-17T23:25:21Z,barchart,second,3,double,tallest,20,TRUE,TRUE,TRUE,TRUE,study,TRUE
1286,698cd6a35f0d9b4d70614cf5,1115,1,69,barchart-second-11-same-tallest-21,left,tallest,same,single,2026-03-17T23:25:24Z,barchart,second,11,same,tallest,21,TRUE,TRUE,TRUE,TRUE,study,TRUE
1287,698cd6a35f0d9b4d70614cf5,9525,1,70,barchart-second-24-same-tallest-22,right,tallest,same,single,2026-03-17T23:25:35Z,barchart,second,24,same,tallest,22,TRUE,TRUE,TRUE,TRUE,study,TRUE
1288,698cd6a35f0d9b4d70614cf5,12186,1,71,barchart-second-23-double-tallest-23,right,tallest,double,single,2026-03-17T23:25:49Z,barchart,second,23,double,tallest,23,TRUE,TRUE,TRUE,TRUE,study,TRUE
1289,698cd6a35f0d9b4d70614cf5,2602,1,72,barchart-second-25-same-tallest-24,right,tallest,same,single,2026-03-17T23:26:03Z,barchart,second,25,same,tallest,24,TRUE,TRUE,TRUE,TRUE,study,TRUE
1290,698cd6a35f0d9b4d70614cf5,1194,1,73,barchart-second-31-double-tallest-25,right,tallest,double,single,2026-03-17T23:26:05Z,barchart,second,31,double,tallest,25,TRUE,TRUE,TRUE,TRUE,study,TRUE
1291,698cd6a35f0d9b4d70614cf5,11543,1,74,barchart-second-22-double-tallest-26,right,tallest,double,single,2026-03-17T23:26:17Z,barchart,second,22,double,tallest,26,TRUE,TRUE,TRUE,TRUE,study,TRUE
1292,698cd6a35f0d9b4d70614cf5,12894,0,75,barchart-second-14-random-tallest-27,right,tallest,random,single,2026-03-17T23:26:32Z,barchart,second,14,random,tallest,27,TRUE,TRUE,TRUE,TRUE,study,TRUE
1293,698cd6a35f0d9b4d70614cf5,3354,1,76,barchart-second-26-double-tallest-28,left,tallest,double,single,2026-03-17T23:26:37Z,barchart,second,26,double,tallest,28,TRUE,TRUE,TRUE,TRUE,study,TRUE
1294,698cd6a35f0d9b4d70614cf5,16105,1,77,barchart-second-02-double-tallest-29,left,tallest,double,single,2026-03-17T23:26:54Z,barchart,second,2,double,tallest,29,TRUE,TRUE,TRUE,TRUE,study,TRUE
1295,698cd6a35f0d9b4d70614cf5,4308,1,78,barchart-second-20-same-tallest-30,right,tallest,same,single,2026-03-17T23:26:59Z,barchart,second,20,same,tallest,30,TRUE,TRUE,TRUE,TRUE,study,TRUE
1296,698cd6a35f0d9b4d70614cf5,16393,1,79,barchart-second-27-random-tallest-31,right,tallest,random,single,2026-03-17T23:27:17Z,barchart,second,27,random,tallest,31,TRUE,TRUE,TRUE,TRUE,study,TRUE
1297,698cd6a35f0d9b4d70614cf5,12053,1,80,barchart-second-04-random-tallest-32,left,tallest,random,single,2026-03-17T23:27:31Z,barchart,second,4,random,tallest,32,TRUE,TRUE,TRUE,TRUE,study,TRUE
1298,698cd6a35f0d9b4d70614cf5,1506,1,81,barchart-second-25-double-tallest-33,right,tallest,double,single,2026-03-17T23:27:33Z,barchart,second,25,double,tallest,33,TRUE,TRUE,TRUE,TRUE,study,TRUE
1299,698cd6a35f0d9b4d70614cf5,1148,1,82,barchart-second-00-random-tallest-34,right,tallest,random,single,2026-03-17T23:27:36Z,barchart,second,0,random,tallest,34,TRUE,TRUE,TRUE,TRUE,study,TRUE
1300,698cd6a35f0d9b4d70614cf5,14008,1,83,barchart-second-03-random-tallest-35,left,tallest,random,single,2026-03-17T23:27:51Z,barchart,second,3,random,tallest,35,TRUE,TRUE,TRUE,TRUE,study,TRUE
1301,698cd6a35f0d9b4d70614cf5,24469,0,84,barchart-second-11-double-tallest-36,right,tallest,double,single,2026-03-17T23:28:17Z,barchart,second,11,double,tallest,36,TRUE,TRUE,TRUE,TRUE,study,TRUE
1302,698cd6a35f0d9b4d70614cf5,2234,1,85,barchart-second-19-same-tallest-37,right,tallest,same,single,2026-03-17T23:28:22Z,barchart,second,19,same,tallest,37,TRUE,TRUE,TRUE,TRUE,study,TRUE
1303,698cd6a35f0d9b4d70614cf5,1313,1,86,barchart-second-09-random-tallest-38,left,tallest,random,single,2026-03-17T23:28:24Z,barchart,second,9,random,tallest,38,TRUE,TRUE,TRUE,TRUE,study,TRUE
1304,698cd6a35f0d9b4d70614cf5,1410,1,87,barchart-second-01-random-tallest-39,left,tallest,random,single,2026-03-17T23:28:26Z,barchart,second,1,random,tallest,39,TRUE,TRUE,TRUE,TRUE,study,TRUE
1305,698cd6a35f0d9b4d70614cf5,1035,0,88,barchart-second-20-random-tallest-40,left,tallest,random,single,2026-03-17T23:28:29Z,barchart,second,20,random,tallest,40,TRUE,TRUE,TRUE,TRUE,study,TRUE
1306,698cd6a35f0d9b4d70614cf5,7692,1,89,barchart-second-13-double-tallest-41,left,tallest,double,single,2026-03-17T23:28:38Z,barchart,second,13,double,tallest,41,TRUE,TRUE,TRUE,TRUE,study,TRUE
1307,698cd6a35f0d9b4d70614cf5,874,1,90,barchart-second-19-double-tallest-42,right,tallest,double,single,2026-03-17T23:28:41Z,barchart,second,19,double,tallest,42,TRUE,TRUE,TRUE,TRUE,study,TRUE
1308,698cd6a35f0d9b4d70614cf5,8661,1,91,barchart-second-15-same-tallest-43,right,tallest,same,single,2026-03-17T23:28:51Z,barchart,second,15,same,tallest,43,TRUE,TRUE,TRUE,TRUE,study,TRUE
1309,698cd6a35f0d9b4d70614cf5,5324,0,92,barchart-second-11-random-tallest-44,right,tallest,random,single,2026-03-17T23:28:57Z,barchart,second,11,random,tallest,44,TRUE,TRUE,TRUE,TRUE,study,TRUE
1310,698cd6a35f0d9b4d70614cf5,1009,1,93,barchart-second-18-same-tallest-45,left,tallest,same,single,2026-03-17T23:29:02Z,barchart,second,18,same,tallest,45,TRUE,TRUE,TRUE,TRUE,study,TRUE
1311,698cd6a35f0d9b4d70614cf5,1150,1,94,barchart-second-00-double-tallest-46,right,tallest,double,single,2026-03-17T23:29:04Z,barchart,second,0,double,tallest,46,TRUE,TRUE,TRUE,TRUE,study,TRUE
1312,698cd6a35f0d9b4d70614cf5,11142,0,95,barchart-second-05-double-tallest-47,left,tallest,double,single,2026-03-17T23:29:16Z,barchart,second,5,double,tallest,47,TRUE,TRUE,TRUE,TRUE,study,TRUE
1943,6995e36c4e1c1e43e0429cdd,1476,1,0,barchart-first-04-random-tallest-0,left,tallest,random,dual,2026-03-18T15:59:44Z,barchart,first,4,random,tallest,0,TRUE,TRUE,TRUE,TRUE,study,TRUE
1944,6995e36c4e1c1e43e0429cdd,1766,1,1,barchart-first-27-same-tallest-1,right,tallest,same,dual,2026-03-18T15:59:47Z,barchart,first,27,same,tallest,1,TRUE,TRUE,TRUE,TRUE,study,TRUE
1945,6995e36c4e1c1e43e0429cdd,2332,1,2,barchart-first-04-double-tallest-2,left,tallest,double,dual,2026-03-18T15:59:50Z,barchart,first,4,double,tallest,2,TRUE,TRUE,TRUE,TRUE,study,TRUE
1946,6995e36c4e1c1e43e0429cdd,2153,1,3,barchart-first-03-random-tallest-3,left,tallest,random,dual,2026-03-18T15:59:53Z,barchart,first,3,random,tallest,3,TRUE,TRUE,TRUE,TRUE,study,TRUE
1947,6995e36c4e1c1e43e0429cdd,1992,1,4,barchart-first-19-same-tallest-4,right,tallest,same,dual,2026-03-18T15:59:56Z,barchart,first,19,same,tallest,4,TRUE,TRUE,TRUE,TRUE,study,TRUE
1948,6995e36c4e1c1e43e0429cdd,1169,1,5,barchart-first-17-double-tallest-5,left,tallest,double,dual,2026-03-18T15:59:57Z,barchart,first,17,double,tallest,5,TRUE,TRUE,TRUE,TRUE,study,TRUE
1949,6995e36c4e1c1e43e0429cdd,1682,1,6,barchart-first-22-random-tallest-6,right,tallest,random,dual,2026-03-18T16:00:00Z,barchart,first,22,random,tallest,6,TRUE,TRUE,TRUE,TRUE,study,TRUE
1950,6995e36c4e1c1e43e0429cdd,1607,1,7,barchart-first-04-same-tallest-7,left,tallest,same,dual,2026-03-18T16:00:02Z,barchart,first,4,same,tallest,7,TRUE,TRUE,TRUE,TRUE,study,TRUE
1951,6995e36c4e1c1e43e0429cdd,1386,1,8,barchart-first-25-same-tallest-8,right,tallest,same,dual,2026-03-18T16:00:04Z,barchart,first,25,same,tallest,8,TRUE,TRUE,TRUE,TRUE,study,TRUE
1952,6995e36c4e1c1e43e0429cdd,1169,1,9,barchart-first-19-double-tallest-9,right,tallest,double,dual,2026-03-18T16:00:06Z,barchart,first,19,double,tallest,9,TRUE,TRUE,TRUE,TRUE,study,TRUE
1953,6995e36c4e1c1e43e0429cdd,1149,1,10,barchart-first-27-random-tallest-10,right,tallest,random,dual,2026-03-18T16:00:08Z,barchart,first,27,random,tallest,10,TRUE,TRUE,TRUE,TRUE,study,TRUE
1954,6995e36c4e1c1e43e0429cdd,1564,1,11,barchart-first-02-same-tallest-11,left,tallest,same,dual,2026-03-18T16:00:11Z,barchart,first,2,same,tallest,11,TRUE,TRUE,TRUE,TRUE,study,TRUE
1955,6995e36c4e1c1e43e0429cdd,1130,1,12,barchart-first-02-double-tallest-12,left,tallest,double,dual,2026-03-18T16:00:13Z,barchart,first,2,double,tallest,12,TRUE,TRUE,TRUE,TRUE,study,TRUE
1956,6995e36c4e1c1e43e0429cdd,1632,1,13,barchart-first-14-same-tallest-13,left,tallest,same,dual,2026-03-18T16:00:15Z,barchart,first,14,same,tallest,13,TRUE,TRUE,TRUE,TRUE,study,TRUE
1957,6995e36c4e1c1e43e0429cdd,1250,1,14,barchart-first-29-random-tallest-14,left,tallest,random,dual,2026-03-18T16:00:17Z,barchart,first,29,random,tallest,14,TRUE,TRUE,TRUE,TRUE,study,TRUE
1958,6995e36c4e1c1e43e0429cdd,1695,1,15,barchart-first-24-double-tallest-15,right,tallest,double,dual,2026-03-18T16:00:19Z,barchart,first,24,double,tallest,15,TRUE,TRUE,TRUE,TRUE,study,TRUE
1959,6995e36c4e1c1e43e0429cdd,1343,1,16,barchart-first-15-double-tallest-16,right,tallest,double,dual,2026-03-18T16:00:21Z,barchart,first,15,double,tallest,16,TRUE,TRUE,TRUE,TRUE,study,TRUE
1960,6995e36c4e1c1e43e0429cdd,1394,1,17,barchart-first-30-random-tallest-17,right,tallest,random,dual,2026-03-18T16:00:24Z,barchart,first,30,random,tallest,17,TRUE,TRUE,TRUE,TRUE,study,TRUE
1961,6995e36c4e1c1e43e0429cdd,1480,1,18,barchart-first-12-same-tallest-18,right,tallest,same,dual,2026-03-18T16:00:26Z,barchart,first,12,same,tallest,18,TRUE,TRUE,TRUE,TRUE,study,TRUE
1962,6995e36c4e1c1e43e0429cdd,1067,1,19,barchart-first-23-random-tallest-19,right,tallest,random,dual,2026-03-18T16:00:27Z,barchart,first,23,random,tallest,19,TRUE,TRUE,TRUE,TRUE,study,TRUE
1963,6995e36c4e1c1e43e0429cdd,1803,1,20,barchart-first-21-same-tallest-20,left,tallest,same,dual,2026-03-18T16:00:30Z,barchart,first,21,same,tallest,20,TRUE,TRUE,TRUE,TRUE,study,TRUE
1964,6995e36c4e1c1e43e0429cdd,1083,1,21,barchart-first-06-random-tallest-21,right,tallest,random,dual,2026-03-18T16:00:31Z,barchart,first,6,random,tallest,21,TRUE,TRUE,TRUE,TRUE,study,TRUE
1965,6995e36c4e1c1e43e0429cdd,1044,1,22,barchart-first-31-random-tallest-22,right,tallest,random,dual,2026-03-18T16:00:33Z,barchart,first,31,random,tallest,22,TRUE,TRUE,TRUE,TRUE,study,TRUE
1966,6995e36c4e1c1e43e0429cdd,1275,1,23,barchart-first-11-double-tallest-23,left,tallest,double,dual,2026-03-18T16:00:35Z,barchart,first,11,double,tallest,23,TRUE,TRUE,TRUE,TRUE,study,TRUE
1967,6995e36c4e1c1e43e0429cdd,1666,1,24,barchart-first-06-double-tallest-24,right,tallest,double,dual,2026-03-18T16:00:42Z,barchart,first,6,double,tallest,24,TRUE,TRUE,TRUE,TRUE,study,TRUE
1968,6995e36c4e1c1e43e0429cdd,1959,1,25,barchart-first-10-double-tallest-25,right,tallest,double,dual,2026-03-18T16:00:45Z,barchart,first,10,double,tallest,25,TRUE,TRUE,TRUE,TRUE,study,TRUE
1969,6995e36c4e1c1e43e0429cdd,1645,1,26,barchart-first-28-double-tallest-26,right,tallest,double,dual,2026-03-18T16:00:47Z,barchart,first,28,double,tallest,26,TRUE,TRUE,TRUE,TRUE,study,TRUE
1970,6995e36c4e1c1e43e0429cdd,1097,1,27,barchart-first-16-same-tallest-27,left,tallest,same,dual,2026-03-18T16:00:49Z,barchart,first,16,same,tallest,27,TRUE,TRUE,TRUE,TRUE,study,TRUE
1971,6995e36c4e1c1e43e0429cdd,3288,1,28,barchart-first-06-same-tallest-28,right,tallest,same,dual,2026-03-18T16:00:53Z,barchart,first,6,same,tallest,28,TRUE,TRUE,TRUE,TRUE,study,TRUE
1972,6995e36c4e1c1e43e0429cdd,902,1,29,barchart-first-07-double-tallest-29,left,tallest,double,dual,2026-03-18T16:00:54Z,barchart,first,7,double,tallest,29,TRUE,TRUE,TRUE,TRUE,study,TRUE
1973,6995e36c4e1c1e43e0429cdd,1037,1,30,barchart-first-21-random-tallest-30,left,tallest,random,dual,2026-03-18T16:00:56Z,barchart,first,21,random,tallest,30,TRUE,TRUE,TRUE,TRUE,study,TRUE
1974,6995e36c4e1c1e43e0429cdd,758,1,31,barchart-first-09-double-tallest-31,left,tallest,double,dual,2026-03-18T16:00:57Z,barchart,first,9,double,tallest,31,TRUE,TRUE,TRUE,TRUE,study,TRUE
1975,6995e36c4e1c1e43e0429cdd,1447,1,32,barchart-first-11-random-tallest-32,left,tallest,random,dual,2026-03-18T16:01:00Z,barchart,first,11,random,tallest,32,TRUE,TRUE,TRUE,TRUE,study,TRUE
1976,6995e36c4e1c1e43e0429cdd,846,1,33,barchart-first-00-random-tallest-33,right,tallest,random,dual,2026-03-18T16:01:01Z,barchart,first,0,random,tallest,33,TRUE,TRUE,TRUE,TRUE,study,TRUE
1977,6995e36c4e1c1e43e0429cdd,927,1,34,barchart-first-30-same-tallest-34,right,tallest,same,dual,2026-03-18T16:01:03Z,barchart,first,30,same,tallest,34,TRUE,TRUE,TRUE,TRUE,study,TRUE
1978,6995e36c4e1c1e43e0429cdd,1134,1,35,barchart-first-26-double-tallest-35,left,tallest,double,dual,2026-03-18T16:01:04Z,barchart,first,26,double,tallest,35,TRUE,TRUE,TRUE,TRUE,study,TRUE
1979,6995e36c4e1c1e43e0429cdd,855,1,36,barchart-first-13-double-tallest-36,left,tallest,double,dual,2026-03-18T16:01:06Z,barchart,first,13,double,tallest,36,TRUE,TRUE,TRUE,TRUE,study,TRUE
1980,6995e36c4e1c1e43e0429cdd,1066,1,37,barchart-first-28-same-tallest-37,right,tallest,same,dual,2026-03-18T16:01:08Z,barchart,first,28,same,tallest,37,TRUE,TRUE,TRUE,TRUE,study,TRUE
1981,6995e36c4e1c1e43e0429cdd,704,1,38,barchart-first-15-same-tallest-38,right,tallest,same,dual,2026-03-18T16:01:10Z,barchart,first,15,same,tallest,38,TRUE,TRUE,TRUE,TRUE,study,TRUE
1982,6995e36c4e1c1e43e0429cdd,839,1,39,barchart-first-27-double-tallest-39,right,tallest,double,dual,2026-03-18T16:01:11Z,barchart,first,27,double,tallest,39,TRUE,TRUE,TRUE,TRUE,study,TRUE
1983,6995e36c4e1c1e43e0429cdd,714,1,40,barchart-first-07-random-tallest-40,left,tallest,random,dual,2026-03-18T16:01:13Z,barchart,first,7,random,tallest,40,TRUE,TRUE,TRUE,TRUE,study,TRUE
1984,6995e36c4e1c1e43e0429cdd,963,1,41,barchart-first-11-same-tallest-41,left,tallest,same,dual,2026-03-18T16:01:14Z,barchart,first,11,same,tallest,41,TRUE,TRUE,TRUE,TRUE,study,TRUE
1985,6995e36c4e1c1e43e0429cdd,781,1,42,barchart-first-13-random-tallest-42,left,tallest,random,dual,2026-03-18T16:01:16Z,barchart,first,13,random,tallest,42,TRUE,TRUE,TRUE,TRUE,study,TRUE
1986,6995e36c4e1c1e43e0429cdd,1484,1,43,barchart-first-24-random-tallest-43,right,tallest,random,dual,2026-03-18T16:01:18Z,barchart,first,24,random,tallest,43,TRUE,TRUE,TRUE,TRUE,study,TRUE
1987,6995e36c4e1c1e43e0429cdd,771,1,44,barchart-first-29-same-tallest-44,left,tallest,same,dual,2026-03-18T16:01:19Z,barchart,first,29,same,tallest,44,TRUE,TRUE,TRUE,TRUE,study,TRUE
1988,6995e36c4e1c1e43e0429cdd,682,1,45,barchart-first-16-random-tallest-45,left,tallest,random,dual,2026-03-18T16:01:21Z,barchart,first,16,random,tallest,45,TRUE,TRUE,TRUE,TRUE,study,TRUE
1989,6995e36c4e1c1e43e0429cdd,1031,1,46,barchart-first-23-double-tallest-46,right,tallest,double,dual,2026-03-18T16:01:23Z,barchart,first,23,double,tallest,46,TRUE,TRUE,TRUE,TRUE,study,TRUE
1990,6995e36c4e1c1e43e0429cdd,965,1,47,barchart-first-09-same-tallest-47,left,tallest,same,dual,2026-03-18T16:01:24Z,barchart,first,9,same,tallest,47,TRUE,TRUE,TRUE,TRUE,study,TRUE
1991,6995e36c4e1c1e43e0429cdd,1783,1,48,barchart-second-19-random-shortest-0,left,shortest,random,dual,2026-03-18T16:01:35Z,barchart,second,19,random,shortest,0,TRUE,TRUE,TRUE,TRUE,study,TRUE
1992,6995e36c4e1c1e43e0429cdd,1565,1,49,barchart-second-03-same-shortest-1,right,shortest,same,dual,2026-03-18T16:01:38Z,barchart,second,3,same,shortest,1,TRUE,TRUE,TRUE,TRUE,study,TRUE
1993,6995e36c4e1c1e43e0429cdd,1516,0,50,barchart-second-17-same-shortest-2,left,shortest,same,dual,2026-03-18T16:01:40Z,barchart,second,17,same,shortest,2,TRUE,TRUE,TRUE,TRUE,study,TRUE
1994,6995e36c4e1c1e43e0429cdd,2179,1,51,barchart-second-08-random-shortest-3,left,shortest,random,dual,2026-03-18T16:01:44Z,barchart,second,8,random,shortest,3,TRUE,TRUE,TRUE,TRUE,study,TRUE
1995,6995e36c4e1c1e43e0429cdd,1661,1,52,barchart-second-30-double-shortest-4,left,shortest,double,dual,2026-03-18T16:01:46Z,barchart,second,30,double,shortest,4,TRUE,TRUE,TRUE,TRUE,study,TRUE
1996,6995e36c4e1c1e43e0429cdd,1980,1,53,barchart-second-05-same-shortest-5,left,shortest,same,dual,2026-03-18T16:01:49Z,barchart,second,5,same,shortest,5,TRUE,TRUE,TRUE,TRUE,study,TRUE
1997,6995e36c4e1c1e43e0429cdd,1721,1,54,barchart-second-31-double-shortest-6,right,shortest,double,dual,2026-03-18T16:01:52Z,barchart,second,31,double,shortest,6,TRUE,TRUE,TRUE,TRUE,study,TRUE
1998,6995e36c4e1c1e43e0429cdd,1544,1,55,barchart-second-00-double-shortest-7,left,shortest,double,dual,2026-03-18T16:01:54Z,barchart,second,0,double,shortest,7,TRUE,TRUE,TRUE,TRUE,study,TRUE
1999,6995e36c4e1c1e43e0429cdd,1616,1,56,barchart-second-21-double-shortest-8,left,shortest,double,dual,2026-03-18T16:01:57Z,barchart,second,21,double,shortest,8,TRUE,TRUE,TRUE,TRUE,study,TRUE
2000,6995e36c4e1c1e43e0429cdd,1319,1,57,barchart-second-26-same-shortest-9,left,shortest,same,dual,2026-03-18T16:01:59Z,barchart,second,26,same,shortest,9,TRUE,TRUE,TRUE,TRUE,study,TRUE
2001,6995e36c4e1c1e43e0429cdd,1214,1,58,barchart-second-08-same-shortest-10,left,shortest,same,dual,2026-03-18T16:02:01Z,barchart,second,8,same,shortest,10,TRUE,TRUE,TRUE,TRUE,study,TRUE
2002,6995e36c4e1c1e43e0429cdd,5392,1,59,barchart-second-22-double-shortest-11,right,shortest,double,dual,2026-03-18T16:02:07Z,barchart,second,22,double,shortest,11,TRUE,TRUE,TRUE,TRUE,study,TRUE
2003,6995e36c4e1c1e43e0429cdd,1688,1,60,barchart-second-22-same-shortest-12,right,shortest,same,dual,2026-03-18T16:02:10Z,barchart,second,22,same,shortest,12,TRUE,TRUE,TRUE,TRUE,study,TRUE
2004,6995e36c4e1c1e43e0429cdd,1499,1,61,barchart-second-18-same-shortest-13,right,shortest,same,dual,2026-03-18T16:02:12Z,barchart,second,18,same,shortest,13,TRUE,TRUE,TRUE,TRUE,study,TRUE
2005,6995e36c4e1c1e43e0429cdd,1337,1,62,barchart-second-15-random-shortest-14,right,shortest,random,dual,2026-03-18T16:02:14Z,barchart,second,15,random,shortest,14,TRUE,TRUE,TRUE,TRUE,study,TRUE
2006,6995e36c4e1c1e43e0429cdd,2268,1,63,barchart-second-25-random-shortest-15,right,shortest,random,dual,2026-03-18T16:02:17Z,barchart,second,25,random,shortest,15,TRUE,TRUE,TRUE,TRUE,study,TRUE
2007,6995e36c4e1c1e43e0429cdd,1517,1,64,barchart-second-14-random-shortest-16,left,shortest,random,dual,2026-03-18T16:02:19Z,barchart,second,14,random,shortest,16,TRUE,TRUE,TRUE,TRUE,study,TRUE
2008,6995e36c4e1c1e43e0429cdd,2126,1,65,barchart-second-23-same-shortest-17,right,shortest,same,dual,2026-03-18T16:02:22Z,barchart,second,23,same,shortest,17,TRUE,TRUE,TRUE,TRUE,study,TRUE
2009,6995e36c4e1c1e43e0429cdd,1901,1,66,barchart-second-10-random-shortest-18,left,shortest,random,dual,2026-03-18T16:02:25Z,barchart,second,10,random,shortest,18,TRUE,TRUE,TRUE,TRUE,study,TRUE
2010,6995e36c4e1c1e43e0429cdd,1659,1,67,barchart-second-01-same-shortest-19,right,shortest,same,dual,2026-03-18T16:02:27Z,barchart,second,1,same,shortest,19,TRUE,TRUE,TRUE,TRUE,study,TRUE
2011,6995e36c4e1c1e43e0429cdd,1013,1,68,barchart-second-13-same-shortest-20,left,shortest,same,dual,2026-03-18T16:02:29Z,barchart,second,13,same,shortest,20,TRUE,TRUE,TRUE,TRUE,study,TRUE
2012,6995e36c4e1c1e43e0429cdd,1891,1,69,barchart-second-20-same-shortest-21,right,shortest,same,dual,2026-03-18T16:02:31Z,barchart,second,20,same,shortest,21,TRUE,TRUE,TRUE,TRUE,study,TRUE
2013,6995e36c4e1c1e43e0429cdd,1242,1,70,barchart-second-12-double-shortest-22,left,shortest,double,dual,2026-03-18T16:02:33Z,barchart,second,12,double,shortest,22,TRUE,TRUE,TRUE,TRUE,study,TRUE
2014,6995e36c4e1c1e43e0429cdd,3206,1,71,barchart-second-12-random-shortest-23,left,shortest,random,dual,2026-03-18T16:02:37Z,barchart,second,12,random,shortest,23,TRUE,TRUE,TRUE,TRUE,study,TRUE
2015,6995e36c4e1c1e43e0429cdd,1229,1,72,barchart-second-16-double-shortest-24,right,shortest,double,dual,2026-03-18T16:02:43Z,barchart,second,16,double,shortest,24,TRUE,TRUE,TRUE,TRUE,study,TRUE
2016,6995e36c4e1c1e43e0429cdd,1118,1,73,barchart-second-10-same-shortest-25,left,shortest,same,dual,2026-03-18T16:02:45Z,barchart,second,10,same,shortest,25,TRUE,TRUE,TRUE,TRUE,study,TRUE
2017,6995e36c4e1c1e43e0429cdd,1053,1,74,barchart-second-05-random-shortest-26,left,shortest,random,dual,2026-03-18T16:02:46Z,barchart,second,5,random,shortest,26,TRUE,TRUE,TRUE,TRUE,study,TRUE
2018,6995e36c4e1c1e43e0429cdd,1281,1,75,barchart-second-28-random-shortest-27,right,shortest,random,dual,2026-03-18T16:02:48Z,barchart,second,28,random,shortest,27,TRUE,TRUE,TRUE,TRUE,study,TRUE
2019,6995e36c4e1c1e43e0429cdd,1219,1,76,barchart-second-01-double-shortest-28,right,shortest,double,dual,2026-03-18T16:02:50Z,barchart,second,1,double,shortest,28,TRUE,TRUE,TRUE,TRUE,study,TRUE
2020,6995e36c4e1c1e43e0429cdd,870,1,77,barchart-second-01-random-shortest-29,right,shortest,random,dual,2026-03-18T16:02:52Z,barchart,second,1,random,shortest,29,TRUE,TRUE,TRUE,TRUE,study,TRUE
2021,6995e36c4e1c1e43e0429cdd,1688,1,78,barchart-second-00-same-shortest-30,left,shortest,same,dual,2026-03-18T16:02:55Z,barchart,second,0,same,shortest,30,TRUE,TRUE,TRUE,TRUE,study,TRUE
2022,6995e36c4e1c1e43e0429cdd,1106,1,79,barchart-second-18-double-shortest-31,right,shortest,double,dual,2026-03-18T16:02:56Z,barchart,second,18,double,shortest,31,TRUE,TRUE,TRUE,TRUE,study,TRUE
2023,6995e36c4e1c1e43e0429cdd,1446,1,80,barchart-second-03-double-shortest-32,right,shortest,double,dual,2026-03-18T16:02:59Z,barchart,second,3,double,shortest,32,TRUE,TRUE,TRUE,TRUE,study,TRUE
2024,6995e36c4e1c1e43e0429cdd,2045,1,81,barchart-second-24-same-shortest-33,left,shortest,same,dual,2026-03-18T16:03:01Z,barchart,second,24,same,shortest,33,TRUE,TRUE,TRUE,TRUE,study,TRUE
2025,6995e36c4e1c1e43e0429cdd,1221,1,82,barchart-second-20-random-shortest-34,right,shortest,random,dual,2026-03-18T16:03:03Z,barchart,second,20,random,shortest,34,TRUE,TRUE,TRUE,TRUE,study,TRUE
2026,6995e36c4e1c1e43e0429cdd,1243,1,83,barchart-second-20-double-shortest-35,right,shortest,double,dual,2026-03-18T16:03:05Z,barchart,second,20,double,shortest,35,TRUE,TRUE,TRUE,TRUE,study,TRUE
2027,6995e36c4e1c1e43e0429cdd,1211,1,84,barchart-second-09-random-shortest-36,left,shortest,random,dual,2026-03-18T16:03:07Z,barchart,second,9,random,shortest,36,TRUE,TRUE,TRUE,TRUE,study,TRUE
2028,6995e36c4e1c1e43e0429cdd,1107,1,85,barchart-second-08-double-shortest-37,left,shortest,double,dual,2026-03-18T16:03:09Z,barchart,second,8,double,shortest,37,TRUE,TRUE,TRUE,TRUE,study,TRUE
2029,6995e36c4e1c1e43e0429cdd,1014,1,86,barchart-second-17-random-shortest-38,right,shortest,random,dual,2026-03-18T16:03:11Z,barchart,second,17,random,shortest,38,TRUE,TRUE,TRUE,TRUE,study,TRUE
2030,6995e36c4e1c1e43e0429cdd,1514,0,87,barchart-second-14-double-shortest-39,right,shortest,double,dual,2026-03-18T16:03:13Z,barchart,second,14,double,shortest,39,TRUE,TRUE,TRUE,TRUE,study,TRUE
2031,6995e36c4e1c1e43e0429cdd,1107,1,88,barchart-second-05-double-shortest-40,left,shortest,double,dual,2026-03-18T16:03:15Z,barchart,second,5,double,shortest,40,TRUE,TRUE,TRUE,TRUE,study,TRUE
2032,6995e36c4e1c1e43e0429cdd,1112,1,89,barchart-second-07-same-shortest-41,left,shortest,same,dual,2026-03-18T16:03:17Z,barchart,second,7,same,shortest,41,TRUE,TRUE,TRUE,TRUE,study,TRUE
2033,6995e36c4e1c1e43e0429cdd,937,0,90,barchart-second-26-random-shortest-42,right,shortest,random,dual,2026-03-18T16:03:19Z,barchart,second,26,random,shortest,42,TRUE,TRUE,TRUE,TRUE,study,TRUE
2034,6995e36c4e1c1e43e0429cdd,1266,1,91,barchart-second-25-double-shortest-43,right,shortest,double,dual,2026-03-18T16:03:22Z,barchart,second,25,double,shortest,43,TRUE,TRUE,TRUE,TRUE,study,TRUE
2035,6995e36c4e1c1e43e0429cdd,1239,1,92,barchart-second-02-random-shortest-44,right,shortest,random,dual,2026-03-18T16:03:24Z,barchart,second,2,random,shortest,44,TRUE,TRUE,TRUE,TRUE,study,TRUE
2036,6995e36c4e1c1e43e0429cdd,2356,1,93,barchart-second-18-random-shortest-45,right,shortest,random,dual,2026-03-18T16:03:27Z,barchart,second,18,random,shortest,45,TRUE,TRUE,TRUE,TRUE,study,TRUE
2037,6995e36c4e1c1e43e0429cdd,1876,1,94,barchart-second-29-double-shortest-46,left,shortest,double,dual,2026-03-18T16:03:29Z,barchart,second,29,double,shortest,46,TRUE,TRUE,TRUE,TRUE,study,TRUE
2038,6995e36c4e1c1e43e0429cdd,1027,1,95,barchart-second-31-same-shortest-47,right,shortest,same,dual,2026-03-18T16:03:31Z,barchart,second,31,same,shortest,47,TRUE,TRUE,TRUE,TRUE,study,TRUE
599,69a0bb89f987f916982bb7e0,9590,1,0,barchart-first-21-same-shortest-0,left,shortest,same,single,2026-03-17T21:01:03Z,barchart,first,21,same,shortest,0,TRUE,TRUE,TRUE,TRUE,study,TRUE
603,69a0bb89f987f916982bb7e0,5144,1,1,barchart-first-10-same-shortest-1,left,shortest,same,single,2026-03-17T21:01:09Z,barchart,first,10,same,shortest,1,TRUE,TRUE,TRUE,TRUE,study,TRUE
607,69a0bb89f987f916982bb7e0,5921,1,2,barchart-first-05-random-shortest-2,left,shortest,random,single,2026-03-17T21:01:16Z,barchart,first,5,random,shortest,2,TRUE,TRUE,TRUE,TRUE,study,TRUE
610,69a0bb89f987f916982bb7e0,2955,1,3,barchart-first-21-random-shortest-3,left,shortest,random,single,2026-03-17T21:01:19Z,barchart,first,21,random,shortest,3,TRUE,TRUE,TRUE,TRUE,study,TRUE
613,69a0bb89f987f916982bb7e0,4143,1,4,barchart-first-04-random-shortest-4,right,shortest,random,single,2026-03-17T21:01:24Z,barchart,first,4,random,shortest,4,TRUE,TRUE,TRUE,TRUE,study,TRUE
615,69a0bb89f987f916982bb7e0,3733,1,5,barchart-first-19-double-shortest-5,left,shortest,double,single,2026-03-17T21:01:28Z,barchart,first,19,double,shortest,5,TRUE,TRUE,TRUE,TRUE,study,TRUE
618,69a0bb89f987f916982bb7e0,3617,1,6,barchart-first-01-random-shortest-6,right,shortest,random,single,2026-03-17T21:01:32Z,barchart,first,1,random,shortest,6,TRUE,TRUE,TRUE,TRUE,study,TRUE
621,69a0bb89f987f916982bb7e0,3524,1,7,barchart-first-14-double-shortest-7,left,shortest,double,single,2026-03-17T21:01:37Z,barchart,first,14,double,shortest,7,TRUE,TRUE,TRUE,TRUE,study,TRUE
623,69a0bb89f987f916982bb7e0,2455,1,8,barchart-first-23-same-shortest-8,right,shortest,same,single,2026-03-17T21:01:40Z,barchart,first,23,same,shortest,8,TRUE,TRUE,TRUE,TRUE,study,TRUE
625,69a0bb89f987f916982bb7e0,2938,1,9,barchart-first-22-double-shortest-9,right,shortest,double,single,2026-03-17T21:01:43Z,barchart,first,22,double,shortest,9,TRUE,TRUE,TRUE,TRUE,study,TRUE
627,69a0bb89f987f916982bb7e0,3980,1,10,barchart-first-17-same-shortest-10,right,shortest,same,single,2026-03-17T21:01:48Z,barchart,first,17,same,shortest,10,TRUE,TRUE,TRUE,TRUE,study,TRUE
628,69a0bb89f987f916982bb7e0,2442,1,11,barchart-first-10-double-shortest-11,left,shortest,double,single,2026-03-17T21:01:51Z,barchart,first,10,double,shortest,11,TRUE,TRUE,TRUE,TRUE,study,TRUE
629,69a0bb89f987f916982bb7e0,2695,1,12,barchart-first-27-same-shortest-12,right,shortest,same,single,2026-03-17T21:01:54Z,barchart,first,27,same,shortest,12,TRUE,TRUE,TRUE,TRUE,study,TRUE
631,69a0bb89f987f916982bb7e0,2436,1,13,barchart-first-11-double-shortest-13,right,shortest,double,single,2026-03-17T21:01:57Z,barchart,first,11,double,shortest,13,TRUE,TRUE,TRUE,TRUE,study,TRUE
633,69a0bb89f987f916982bb7e0,2699,1,14,barchart-first-07-double-shortest-14,left,shortest,double,single,2026-03-17T21:02:00Z,barchart,first,7,double,shortest,14,TRUE,TRUE,TRUE,TRUE,study,TRUE
635,69a0bb89f987f916982bb7e0,2202,1,15,barchart-first-04-double-shortest-15,right,shortest,double,single,2026-03-17T21:02:03Z,barchart,first,4,double,shortest,15,TRUE,TRUE,TRUE,TRUE,study,TRUE
638,69a0bb89f987f916982bb7e0,2843,1,16,barchart-first-14-random-shortest-16,left,shortest,random,single,2026-03-17T21:02:07Z,barchart,first,14,random,shortest,16,TRUE,TRUE,TRUE,TRUE,study,TRUE
641,69a0bb89f987f916982bb7e0,2500,1,17,barchart-first-20-same-shortest-17,right,shortest,same,single,2026-03-17T21:02:10Z,barchart,first,20,same,shortest,17,TRUE,TRUE,TRUE,TRUE,study,TRUE
643,69a0bb89f987f916982bb7e0,2387,1,18,barchart-first-16-same-shortest-18,right,shortest,same,single,2026-03-17T21:02:13Z,barchart,first,16,same,shortest,18,TRUE,TRUE,TRUE,TRUE,study,TRUE
645,69a0bb89f987f916982bb7e0,2056,1,19,barchart-first-27-double-shortest-19,right,shortest,double,single,2026-03-17T21:02:15Z,barchart,first,27,double,shortest,19,TRUE,TRUE,TRUE,TRUE,study,TRUE
648,69a0bb89f987f916982bb7e0,2143,1,20,barchart-first-29-same-shortest-20,left,shortest,same,single,2026-03-17T21:02:18Z,barchart,first,29,same,shortest,20,TRUE,TRUE,TRUE,TRUE,study,TRUE
650,69a0bb89f987f916982bb7e0,1586,1,21,barchart-first-26-same-shortest-21,left,shortest,same,single,2026-03-17T21:02:20Z,barchart,first,26,same,shortest,21,TRUE,TRUE,TRUE,TRUE,study,TRUE
652,69a0bb89f987f916982bb7e0,1881,1,22,barchart-first-26-random-shortest-22,left,shortest,random,single,2026-03-17T21:02:23Z,barchart,first,26,random,shortest,22,TRUE,TRUE,TRUE,TRUE,study,TRUE
654,69a0bb89f987f916982bb7e0,1831,1,23,barchart-first-20-double-shortest-23,right,shortest,double,single,2026-03-17T21:02:25Z,barchart,first,20,double,shortest,23,TRUE,TRUE,TRUE,TRUE,study,TRUE
665,69a0bb89f987f916982bb7e0,5173,1,24,barchart-first-07-same-shortest-24,left,shortest,same,single,2026-03-17T21:02:45Z,barchart,first,7,same,shortest,24,TRUE,TRUE,TRUE,TRUE,study,TRUE
666,69a0bb89f987f916982bb7e0,3081,1,25,barchart-first-16-random-shortest-25,right,shortest,random,single,2026-03-17T21:02:49Z,barchart,first,16,random,shortest,25,TRUE,TRUE,TRUE,TRUE,study,TRUE
667,69a0bb89f987f916982bb7e0,1547,1,26,barchart-first-25-same-shortest-26,right,shortest,same,single,2026-03-17T21:02:51Z,barchart,first,25,same,shortest,26,TRUE,TRUE,TRUE,TRUE,study,TRUE
668,69a0bb89f987f916982bb7e0,1629,1,27,barchart-first-26-double-shortest-27,left,shortest,double,single,2026-03-17T21:02:53Z,barchart,first,26,double,shortest,27,TRUE,TRUE,TRUE,TRUE,study,TRUE
669,69a0bb89f987f916982bb7e0,2033,1,28,barchart-first-06-same-shortest-28,left,shortest,same,single,2026-03-17T21:02:56Z,barchart,first,6,same,shortest,28,TRUE,TRUE,TRUE,TRUE,study,TRUE
670,69a0bb89f987f916982bb7e0,1512,1,29,barchart-first-24-double-shortest-29,left,shortest,double,single,2026-03-17T21:02:58Z,barchart,first,24,double,shortest,29,TRUE,TRUE,TRUE,TRUE,study,TRUE
671,69a0bb89f987f916982bb7e0,2619,1,30,barchart-first-22-random-shortest-30,right,shortest,random,single,2026-03-17T21:03:01Z,barchart,first,22,random,shortest,30,TRUE,TRUE,TRUE,TRUE,study,TRUE
672,69a0bb89f987f916982bb7e0,1496,1,31,barchart-first-00-random-shortest-31,left,shortest,random,single,2026-03-17T21:03:03Z,barchart,first,0,random,shortest,31,TRUE,TRUE,TRUE,TRUE,study,TRUE
673,69a0bb89f987f916982bb7e0,980,1,32,barchart-first-05-same-shortest-32,left,shortest,same,single,2026-03-17T21:03:05Z,barchart,first,5,same,shortest,32,TRUE,TRUE,TRUE,TRUE,study,TRUE
674,69a0bb89f987f916982bb7e0,1594,1,33,barchart-first-07-random-shortest-33,left,shortest,random,single,2026-03-17T21:03:07Z,barchart,first,7,random,shortest,33,TRUE,TRUE,TRUE,TRUE,study,TRUE
675,69a0bb89f987f916982bb7e0,1706,1,34,barchart-first-27-random-shortest-34,right,shortest,random,single,2026-03-17T21:03:09Z,barchart,first,27,random,shortest,34,TRUE,TRUE,TRUE,TRUE,study,TRUE
676,69a0bb89f987f916982bb7e0,1168,1,35,barchart-first-04-same-shortest-35,right,shortest,same,single,2026-03-17T21:03:11Z,barchart,first,4,same,shortest,35,TRUE,TRUE,TRUE,TRUE,study,TRUE
677,69a0bb89f987f916982bb7e0,1192,1,36,barchart-first-03-same-shortest-36,right,shortest,same,single,2026-03-17T21:03:13Z,barchart,first,3,same,shortest,36,TRUE,TRUE,TRUE,TRUE,study,TRUE
678,69a0bb89f987f916982bb7e0,2261,1,37,barchart-first-24-random-shortest-37,left,shortest,random,single,2026-03-17T21:03:16Z,barchart,first,24,random,shortest,37,TRUE,TRUE,TRUE,TRUE,study,TRUE
679,69a0bb89f987f916982bb7e0,2385,1,38,barchart-first-28-double-shortest-38,right,shortest,double,single,2026-03-17T21:03:19Z,barchart,first,28,double,shortest,38,TRUE,TRUE,TRUE,TRUE,study,TRUE
680,69a0bb89f987f916982bb7e0,1903,1,39,barchart-first-12-random-shortest-39,left,shortest,random,single,2026-03-17T21:03:22Z,barchart,first,12,random,shortest,39,TRUE,TRUE,TRUE,TRUE,study,TRUE
681,69a0bb89f987f916982bb7e0,1222,1,40,barchart-first-12-double-shortest-40,left,shortest,double,single,2026-03-17T21:03:23Z,barchart,first,12,double,shortest,40,TRUE,TRUE,TRUE,TRUE,study,TRUE
682,69a0bb89f987f916982bb7e0,2148,1,41,barchart-first-24-same-shortest-41,left,shortest,same,single,2026-03-17T21:03:26Z,barchart,first,24,same,shortest,41,TRUE,TRUE,TRUE,TRUE,study,TRUE
683,69a0bb89f987f916982bb7e0,1920,1,42,barchart-first-15-random-shortest-42,right,shortest,random,single,2026-03-17T21:03:29Z,barchart,first,15,random,shortest,42,TRUE,TRUE,TRUE,TRUE,study,TRUE
684,69a0bb89f987f916982bb7e0,1531,1,43,barchart-first-13-double-shortest-43,left,shortest,double,single,2026-03-17T21:03:31Z,barchart,first,13,double,shortest,43,TRUE,TRUE,TRUE,TRUE,study,TRUE
685,69a0bb89f987f916982bb7e0,1461,1,44,barchart-first-11-random-shortest-44,right,shortest,random,single,2026-03-17T21:03:33Z,barchart,first,11,random,shortest,44,TRUE,TRUE,TRUE,TRUE,study,TRUE
686,69a0bb89f987f916982bb7e0,1270,1,45,barchart-first-01-double-shortest-45,right,shortest,double,single,2026-03-17T21:03:35Z,barchart,first,1,double,shortest,45,TRUE,TRUE,TRUE,TRUE,study,TRUE
687,69a0bb89f987f916982bb7e0,1286,1,46,barchart-first-02-double-shortest-46,right,shortest,double,single,2026-03-17T21:03:37Z,barchart,first,2,double,shortest,46,TRUE,TRUE,TRUE,TRUE,study,TRUE
688,69a0bb89f987f916982bb7e0,1370,1,47,barchart-first-28-random-shortest-47,right,shortest,random,single,2026-03-17T21:03:38Z,barchart,first,28,random,shortest,47,TRUE,TRUE,TRUE,TRUE,study,TRUE
689,69a0bb89f987f916982bb7e0,1918,1,48,barchart-second-08-same-tallest-0,left,tallest,same,single,2026-03-17T21:04:00Z,barchart,second,8,same,tallest,0,TRUE,TRUE,TRUE,TRUE,study,TRUE
690,69a0bb89f987f916982bb7e0,1148,1,49,barchart-second-18-double-tallest-1,left,tallest,double,single,2026-03-17T21:04:02Z,barchart,second,18,double,tallest,1,TRUE,TRUE,TRUE,TRUE,study,TRUE
691,69a0bb89f987f916982bb7e0,1565,1,50,barchart-second-00-double-tallest-2,right,tallest,double,single,2026-03-17T21:04:04Z,barchart,second,0,double,tallest,2,TRUE,TRUE,TRUE,TRUE,study,TRUE
692,69a0bb89f987f916982bb7e0,1922,1,51,barchart-second-23-random-tallest-3,right,tallest,random,single,2026-03-17T21:04:07Z,barchart,second,23,random,tallest,3,TRUE,TRUE,TRUE,TRUE,study,TRUE
693,69a0bb89f987f916982bb7e0,1487,1,52,barchart-second-08-random-tallest-4,left,tallest,random,single,2026-03-17T21:04:09Z,barchart,second,8,random,tallest,4,TRUE,TRUE,TRUE,TRUE,study,TRUE
694,69a0bb89f987f916982bb7e0,1107,1,53,barchart-second-11-same-tallest-5,left,tallest,same,single,2026-03-17T21:04:10Z,barchart,second,11,same,tallest,5,TRUE,TRUE,TRUE,TRUE,study,TRUE
695,69a0bb89f987f916982bb7e0,1130,1,54,barchart-second-06-random-tallest-6,right,tallest,random,single,2026-03-17T21:04:12Z,barchart,second,6,random,tallest,6,TRUE,TRUE,TRUE,TRUE,study,TRUE
696,69a0bb89f987f916982bb7e0,1449,1,55,barchart-second-01-same-tallest-7,left,tallest,same,single,2026-03-17T21:04:14Z,barchart,second,1,same,tallest,7,TRUE,TRUE,TRUE,TRUE,study,TRUE
697,69a0bb89f987f916982bb7e0,2300,1,56,barchart-second-17-random-tallest-8,left,tallest,random,single,2026-03-17T21:04:18Z,barchart,second,17,random,tallest,8,TRUE,TRUE,TRUE,TRUE,study,TRUE
698,69a0bb89f987f916982bb7e0,1172,1,57,barchart-second-02-random-tallest-9,left,tallest,random,single,2026-03-17T21:04:19Z,barchart,second,2,random,tallest,9,TRUE,TRUE,TRUE,TRUE,study,TRUE
699,69a0bb89f987f916982bb7e0,1179,1,58,barchart-second-05-double-tallest-10,right,tallest,double,single,2026-03-17T21:04:21Z,barchart,second,5,double,tallest,10,TRUE,TRUE,TRUE,TRUE,study,TRUE
700,69a0bb89f987f916982bb7e0,955,1,59,barchart-second-31-random-tallest-11,right,tallest,random,single,2026-03-17T21:04:23Z,barchart,second,31,random,tallest,11,TRUE,TRUE,TRUE,TRUE,study,TRUE
701,69a0bb89f987f916982bb7e0,1424,1,60,barchart-second-18-same-tallest-12,left,tallest,same,single,2026-03-17T21:04:25Z,barchart,second,18,same,tallest,12,TRUE,TRUE,TRUE,TRUE,study,TRUE
702,69a0bb89f987f916982bb7e0,1285,1,61,barchart-second-19-same-tallest-13,right,tallest,same,single,2026-03-17T21:04:27Z,barchart,second,19,same,tallest,13,TRUE,TRUE,TRUE,TRUE,study,TRUE
703,69a0bb89f987f916982bb7e0,888,1,62,barchart-second-31-same-tallest-14,right,tallest,same,single,2026-03-17T21:04:28Z,barchart,second,31,same,tallest,14,TRUE,TRUE,TRUE,TRUE,study,TRUE
704,69a0bb89f987f916982bb7e0,1658,0,63,barchart-second-14-same-tallest-15,right,tallest,same,single,2026-03-17T21:04:30Z,barchart,second,14,same,tallest,15,TRUE,TRUE,TRUE,TRUE,study,TRUE
705,69a0bb89f987f916982bb7e0,1357,1,64,barchart-second-16-double-tallest-16,left,tallest,double,single,2026-03-17T21:04:33Z,barchart,second,16,double,tallest,16,TRUE,TRUE,TRUE,TRUE,study,TRUE
706,69a0bb89f987f916982bb7e0,1120,1,65,barchart-second-03-double-tallest-17,left,tallest,double,single,2026-03-17T21:04:35Z,barchart,second,3,double,tallest,17,TRUE,TRUE,TRUE,TRUE,study,TRUE
707,69a0bb89f987f916982bb7e0,1722,1,66,barchart-second-06-double-tallest-18,right,tallest,double,single,2026-03-17T21:04:37Z,barchart,second,6,double,tallest,18,TRUE,TRUE,TRUE,TRUE,study,TRUE
708,69a0bb89f987f916982bb7e0,1879,1,67,barchart-second-02-same-tallest-19,left,tallest,same,single,2026-03-17T21:04:40Z,barchart,second,2,same,tallest,19,TRUE,TRUE,TRUE,TRUE,study,TRUE
710,69a0bb89f987f916982bb7e0,1205,1,68,barchart-second-15-double-tallest-20,right,tallest,double,single,2026-03-17T21:04:42Z,barchart,second,15,double,tallest,20,TRUE,TRUE,TRUE,TRUE,study,TRUE
711,69a0bb89f987f916982bb7e0,1381,1,69,barchart-second-23-double-tallest-21,right,tallest,double,single,2026-03-17T21:04:44Z,barchart,second,23,double,tallest,21,TRUE,TRUE,TRUE,TRUE,study,TRUE
713,69a0bb89f987f916982bb7e0,1349,1,70,barchart-second-20-random-tallest-22,right,tallest,random,single,2026-03-17T21:04:46Z,barchart,second,20,random,tallest,22,TRUE,TRUE,TRUE,TRUE,study,TRUE
715,69a0bb89f987f916982bb7e0,1147,1,71,barchart-second-30-double-tallest-23,right,tallest,double,single,2026-03-17T21:04:47Z,barchart,second,30,double,tallest,23,TRUE,TRUE,TRUE,TRUE,study,TRUE
723,69a0bb89f987f916982bb7e0,2236,1,72,barchart-second-18-random-tallest-24,left,tallest,random,single,2026-03-17T21:04:58Z,barchart,second,18,random,tallest,24,TRUE,TRUE,TRUE,TRUE,study,TRUE
725,69a0bb89f987f916982bb7e0,1529,1,73,barchart-second-25-double-tallest-25,right,tallest,double,single,2026-03-17T21:05:00Z,barchart,second,25,double,tallest,25,TRUE,TRUE,TRUE,TRUE,study,TRUE
728,69a0bb89f987f916982bb7e0,1640,1,74,barchart-second-28-same-tallest-26,right,tallest,same,single,2026-03-17T21:05:03Z,barchart,second,28,same,tallest,26,TRUE,TRUE,TRUE,TRUE,study,TRUE
731,69a0bb89f987f916982bb7e0,1093,1,75,barchart-second-15-same-tallest-27,right,tallest,same,single,2026-03-17T21:05:04Z,barchart,second,15,same,tallest,27,TRUE,TRUE,TRUE,TRUE,study,TRUE
733,69a0bb89f987f916982bb7e0,1403,1,76,barchart-second-17-double-tallest-28,left,tallest,double,single,2026-03-17T21:05:06Z,barchart,second,17,double,tallest,28,TRUE,TRUE,TRUE,TRUE,study,TRUE
735,69a0bb89f987f916982bb7e0,955,1,77,barchart-second-09-double-tallest-29,left,tallest,double,single,2026-03-17T21:05:08Z,barchart,second,9,double,tallest,29,TRUE,TRUE,TRUE,TRUE,study,TRUE
738,69a0bb89f987f916982bb7e0,1319,1,78,barchart-second-21-double-tallest-30,left,tallest,double,single,2026-03-17T21:05:10Z,barchart,second,21,double,tallest,30,TRUE,TRUE,TRUE,TRUE,study,TRUE
741,69a0bb89f987f916982bb7e0,1237,1,79,barchart-second-08-double-tallest-31,left,tallest,double,single,2026-03-17T21:05:11Z,barchart,second,8,double,tallest,31,TRUE,TRUE,TRUE,TRUE,study,TRUE
744,69a0bb89f987f916982bb7e0,1284,1,80,barchart-second-13-random-tallest-32,left,tallest,random,single,2026-03-17T21:05:13Z,barchart,second,13,random,tallest,32,TRUE,TRUE,TRUE,TRUE,study,TRUE
746,69a0bb89f987f916982bb7e0,1220,1,81,barchart-second-25-random-tallest-33,right,tallest,random,single,2026-03-17T21:05:15Z,barchart,second,25,random,tallest,33,TRUE,TRUE,TRUE,TRUE,study,TRUE
748,69a0bb89f987f916982bb7e0,1027,1,82,barchart-second-19-random-tallest-34,right,tallest,random,single,2026-03-17T21:05:17Z,barchart,second,19,random,tallest,34,TRUE,TRUE,TRUE,TRUE,study,TRUE
752,69a0bb89f987f916982bb7e0,1113,1,83,barchart-second-30-random-tallest-35,right,tallest,random,single,2026-03-17T21:05:19Z,barchart,second,30,random,tallest,35,TRUE,TRUE,TRUE,TRUE,study,TRUE
754,69a0bb89f987f916982bb7e0,1061,1,84,barchart-second-00-same-tallest-36,right,tallest,same,single,2026-03-17T21:05:20Z,barchart,second,0,same,tallest,36,TRUE,TRUE,TRUE,TRUE,study,TRUE
756,69a0bb89f987f916982bb7e0,1109,1,85,barchart-second-13-same-tallest-37,left,tallest,same,single,2026-03-17T21:05:22Z,barchart,second,13,same,tallest,37,TRUE,TRUE,TRUE,TRUE,study,TRUE
759,69a0bb89f987f916982bb7e0,1072,1,86,barchart-second-30-same-tallest-38,right,tallest,same,single,2026-03-17T21:05:24Z,barchart,second,30,same,tallest,38,TRUE,TRUE,TRUE,TRUE,study,TRUE
762,69a0bb89f987f916982bb7e0,1264,1,87,barchart-second-03-random-tallest-39,left,tallest,random,single,2026-03-17T21:05:26Z,barchart,second,3,random,tallest,39,TRUE,TRUE,TRUE,TRUE,study,TRUE
765,69a0bb89f987f916982bb7e0,931,1,88,barchart-second-29-double-tallest-40,left,tallest,double,single,2026-03-17T21:05:27Z,barchart,second,29,double,tallest,40,TRUE,TRUE,TRUE,TRUE,study,TRUE
767,69a0bb89f987f916982bb7e0,1213,1,89,barchart-second-10-random-tallest-41,right,tallest,random,single,2026-03-17T21:05:29Z,barchart,second,10,random,tallest,41,TRUE,TRUE,TRUE,TRUE,study,TRUE
770,69a0bb89f987f916982bb7e0,1202,1,90,barchart-second-22-same-tallest-42,right,tallest,same,single,2026-03-17T21:05:31Z,barchart,second,22,same,tallest,42,TRUE,TRUE,TRUE,TRUE,study,TRUE
772,69a0bb89f987f916982bb7e0,1272,1,91,barchart-second-29-random-tallest-43,left,tallest,random,single,2026-03-17T21:05:33Z,barchart,second,29,random,tallest,43,TRUE,TRUE,TRUE,TRUE,study,TRUE
775,69a0bb89f987f916982bb7e0,991,1,92,barchart-second-09-random-tallest-44,left,tallest,random,single,2026-03-17T21:05:34Z,barchart,second,9,random,tallest,44,TRUE,TRUE,TRUE,TRUE,study,TRUE
778,69a0bb89f987f916982bb7e0,996,1,93,barchart-second-12-same-tallest-45,right,tallest,same,single,2026-03-17T21:05:36Z,barchart,second,12,same,tallest,45,TRUE,TRUE,TRUE,TRUE,study,TRUE
780,69a0bb89f987f916982bb7e0,1354,1,94,barchart-second-31-double-tallest-46,right,tallest,double,single,2026-03-17T21:05:38Z,barchart,second,31,double,tallest,46,TRUE,TRUE,TRUE,TRUE,study,TRUE
782,69a0bb89f987f916982bb7e0,1111,1,95,barchart-second-09-same-tallest-47,left,tallest,same,single,2026-03-17T21:05:39Z,barchart,second,9,same,tallest,47,TRUE,TRUE,TRUE,TRUE,study,TRUE
1563,69b85445f2e7e3a41979720e,2305,1,0,barchart-first-10-same-tallest-0,right,tallest,same,dual,2026-03-18T15:09:36Z,barchart,first,10,same,tallest,0,TRUE,TRUE,TRUE,TRUE,study,FALSE
1668,69b85445f2e7e3a41979720e,1301,1,0,barchart-first-01-double-tallest-0,left,tallest,double,dual,2026-03-18T15:18:17Z,barchart,first,1,double,tallest,0,TRUE,TRUE,TRUE,TRUE,study,FALSE
1749,69b85445f2e7e3a41979720e,1186,1,0,barchart-first-31-random-tallest-0,right,tallest,random,dual,2026-03-18T15:21:08Z,barchart,first,31,random,tallest,0,TRUE,TRUE,TRUE,TRUE,study,FALSE
1565,69b85445f2e7e3a41979720e,1299,1,1,barchart-first-25-same-tallest-1,right,tallest,same,dual,2026-03-18T15:09:37Z,barchart,first,25,same,tallest,1,TRUE,TRUE,TRUE,TRUE,study,FALSE
1669,69b85445f2e7e3a41979720e,1152,1,1,barchart-first-26-double-tallest-1,left,tallest,double,dual,2026-03-18T15:18:19Z,barchart,first,26,double,tallest,1,TRUE,TRUE,TRUE,TRUE,study,FALSE
1751,69b85445f2e7e3a41979720e,1325,1,1,barchart-first-09-double-tallest-1,left,tallest,double,dual,2026-03-18T15:21:10Z,barchart,first,9,double,tallest,1,TRUE,TRUE,TRUE,TRUE,study,FALSE
1566,69b85445f2e7e3a41979720e,2418,1,2,barchart-first-29-random-tallest-2,left,tallest,random,dual,2026-03-18T15:09:40Z,barchart,first,29,random,tallest,2,TRUE,TRUE,TRUE,TRUE,study,FALSE
1670,69b85445f2e7e3a41979720e,1805,0,2,barchart-first-06-same-tallest-2,left,tallest,same,dual,2026-03-18T15:18:22Z,barchart,first,6,same,tallest,2,TRUE,TRUE,TRUE,TRUE,study,FALSE
1753,69b85445f2e7e3a41979720e,1491,1,2,barchart-first-21-random-tallest-2,left,tallest,random,dual,2026-03-18T15:21:12Z,barchart,first,21,random,tallest,2,TRUE,TRUE,TRUE,TRUE,study,FALSE
1568,69b85445f2e7e3a41979720e,2505,0,3,barchart-first-18-random-tallest-3,right,tallest,random,dual,2026-03-18T15:09:44Z,barchart,first,18,random,tallest,3,TRUE,TRUE,TRUE,TRUE,study,FALSE
1671,69b85445f2e7e3a41979720e,1626,1,3,barchart-first-05-double-tallest-3,right,tallest,double,dual,2026-03-18T15:18:25Z,barchart,first,5,double,tallest,3,TRUE,TRUE,TRUE,TRUE,study,FALSE
1754,69b85445f2e7e3a41979720e,1184,1,3,barchart-first-26-random-tallest-3,left,tallest,random,dual,2026-03-18T15:21:14Z,barchart,first,26,random,tallest,3,TRUE,TRUE,TRUE,TRUE,study,FALSE
1570,69b85445f2e7e3a41979720e,1148,1,4,barchart-first-19-double-tallest-4,right,tallest,double,dual,2026-03-18T15:09:46Z,barchart,first,19,double,tallest,4,TRUE,TRUE,TRUE,TRUE,study,FALSE
1673,69b85445f2e7e3a41979720e,1875,0,4,barchart-first-23-random-tallest-4,left,tallest,random,dual,2026-03-18T15:18:27Z,barchart,first,23,random,tallest,4,TRUE,TRUE,TRUE,TRUE,study,FALSE
1756,69b85445f2e7e3a41979720e,1559,1,4,barchart-first-00-random-tallest-4,right,tallest,random,dual,2026-03-18T15:21:16Z,barchart,first,0,random,tallest,4,TRUE,TRUE,TRUE,TRUE,study,FALSE
1572,69b85445f2e7e3a41979720e,1975,1,5,barchart-first-24-random-tallest-5,right,tallest,random,dual,2026-03-18T15:09:49Z,barchart,first,24,random,tallest,5,TRUE,TRUE,TRUE,TRUE,study,FALSE
1674,69b85445f2e7e3a41979720e,1505,1,5,barchart-first-23-same-tallest-5,right,tallest,same,dual,2026-03-18T15:18:30Z,barchart,first,23,same,tallest,5,TRUE,TRUE,TRUE,TRUE,study,FALSE
1758,69b85445f2e7e3a41979720e,1496,1,5,barchart-first-11-random-tallest-5,left,tallest,random,dual,2026-03-18T15:21:18Z,barchart,first,11,random,tallest,5,TRUE,TRUE,TRUE,TRUE,study,FALSE
1573,69b85445f2e7e3a41979720e,2719,1,6,barchart-first-28-double-tallest-6,right,tallest,double,dual,2026-03-18T15:09:52Z,barchart,first,28,double,tallest,6,TRUE,TRUE,TRUE,TRUE,study,FALSE
1675,69b85445f2e7e3a41979720e,1378,1,6,barchart-first-04-same-tallest-6,left,tallest,same,dual,2026-03-18T15:18:32Z,barchart,first,4,same,tallest,6,TRUE,TRUE,TRUE,TRUE,study,FALSE
1759,69b85445f2e7e3a41979720e,1822,1,6,barchart-first-10-random-tallest-6,right,tallest,random,dual,2026-03-18T15:21:20Z,barchart,first,10,random,tallest,6,TRUE,TRUE,TRUE,TRUE,study,FALSE
1574,69b85445f2e7e3a41979720e,1146,1,7,barchart-first-28-same-tallest-7,right,tallest,same,dual,2026-03-18T15:09:54Z,barchart,first,28,same,tallest,7,TRUE,TRUE,TRUE,TRUE,study,FALSE
1676,69b85445f2e7e3a41979720e,1491,0,7,barchart-first-22-double-tallest-7,left,tallest,double,dual,2026-03-18T15:18:34Z,barchart,first,22,double,tallest,7,TRUE,TRUE,TRUE,TRUE,study,FALSE
1760,69b85445f2e7e3a41979720e,1016,1,7,barchart-first-13-same-tallest-7,left,tallest,same,dual,2026-03-18T15:21:22Z,barchart,first,13,same,tallest,7,TRUE,TRUE,TRUE,TRUE,study,FALSE
1576,69b85445f2e7e3a41979720e,1945,1,8,barchart-first-11-double-tallest-8,left,tallest,double,dual,2026-03-18T15:09:56Z,barchart,first,11,double,tallest,8,TRUE,TRUE,TRUE,TRUE,study,FALSE
1677,69b85445f2e7e3a41979720e,1427,1,8,barchart-first-08-random-tallest-8,left,tallest,random,dual,2026-03-18T15:18:37Z,barchart,first,8,random,tallest,8,TRUE,TRUE,TRUE,TRUE,study,FALSE
1762,69b85445f2e7e3a41979720e,835,1,8,barchart-first-17-same-tallest-8,left,tallest,same,dual,2026-03-18T15:21:23Z,barchart,first,17,same,tallest,8,TRUE,TRUE,TRUE,TRUE,study,FALSE
1579,69b85445f2e7e3a41979720e,2143,1,9,barchart-first-03-same-tallest-9,left,tallest,same,dual,2026-03-18T15:09:59Z,barchart,first,3,same,tallest,9,TRUE,TRUE,TRUE,TRUE,study,FALSE
1678,69b85445f2e7e3a41979720e,2759,1,9,barchart-first-15-random-tallest-9,right,tallest,random,dual,2026-03-18T15:18:41Z,barchart,first,15,random,tallest,9,TRUE,TRUE,TRUE,TRUE,study,FALSE
1763,69b85445f2e7e3a41979720e,974,1,9,barchart-first-27-double-tallest-9,right,tallest,double,dual,2026-03-18T15:21:25Z,barchart,first,27,double,tallest,9,TRUE,TRUE,TRUE,TRUE,study,FALSE
1580,69b85445f2e7e3a41979720e,1878,1,10,barchart-first-06-random-tallest-10,right,tallest,random,dual,2026-03-18T15:10:02Z,barchart,first,6,random,tallest,10,TRUE,TRUE,TRUE,TRUE,study,FALSE
1679,69b85445f2e7e3a41979720e,1649,1,10,barchart-first-16-same-tallest-10,left,tallest,same,dual,2026-03-18T15:18:43Z,barchart,first,16,same,tallest,10,TRUE,TRUE,TRUE,TRUE,study,FALSE
1765,69b85445f2e7e3a41979720e,1309,1,10,barchart-first-30-same-tallest-10,right,tallest,same,dual,2026-03-18T15:21:27Z,barchart,first,30,same,tallest,10,TRUE,TRUE,TRUE,TRUE,study,FALSE
1581,69b85445f2e7e3a41979720e,1529,1,11,barchart-first-21-random-tallest-11,left,tallest,random,dual,2026-03-18T15:10:04Z,barchart,first,21,random,tallest,11,TRUE,TRUE,TRUE,TRUE,study,FALSE
1680,69b85445f2e7e3a41979720e,1452,1,11,barchart-first-20-double-tallest-11,right,tallest,double,dual,2026-03-18T15:18:45Z,barchart,first,20,double,tallest,11,TRUE,TRUE,TRUE,TRUE,study,FALSE
1767,69b85445f2e7e3a41979720e,927,1,11,barchart-first-16-same-tallest-11,left,tallest,same,dual,2026-03-18T15:21:28Z,barchart,first,16,same,tallest,11,TRUE,TRUE,TRUE,TRUE,study,FALSE
1583,69b85445f2e7e3a41979720e,1957,1,12,barchart-first-16-double-tallest-12,left,tallest,double,dual,2026-03-18T15:10:06Z,barchart,first,16,double,tallest,12,TRUE,TRUE,TRUE,TRUE,study,FALSE
1681,69b85445f2e7e3a41979720e,1587,1,12,barchart-first-08-same-tallest-12,left,tallest,same,dual,2026-03-18T15:18:47Z,barchart,first,8,same,tallest,12,TRUE,TRUE,TRUE,TRUE,study,FALSE
1768,69b85445f2e7e3a41979720e,1090,1,12,barchart-first-07-double-tallest-12,left,tallest,double,dual,2026-03-18T15:21:30Z,barchart,first,7,double,tallest,12,TRUE,TRUE,TRUE,TRUE,study,FALSE
1585,69b85445f2e7e3a41979720e,977,1,13,barchart-first-22-double-tallest-13,right,tallest,double,dual,2026-03-18T15:10:08Z,barchart,first,22,double,tallest,13,TRUE,TRUE,TRUE,TRUE,study,FALSE
1682,69b85445f2e7e3a41979720e,1792,1,13,barchart-first-11-random-tallest-13,left,tallest,random,dual,2026-03-18T15:18:49Z,barchart,first,11,random,tallest,13,TRUE,TRUE,TRUE,TRUE,study,FALSE
1769,69b85445f2e7e3a41979720e,1054,1,13,barchart-first-03-double-tallest-13,left,tallest,double,dual,2026-03-18T15:21:32Z,barchart,first,3,double,tallest,13,TRUE,TRUE,TRUE,TRUE,study,FALSE
1587,69b85445f2e7e3a41979720e,1554,1,14,barchart-first-16-same-tallest-14,left,tallest,same,dual,2026-03-18T15:10:10Z,barchart,first,16,same,tallest,14,TRUE,TRUE,TRUE,TRUE,study,FALSE
1683,69b85445f2e7e3a41979720e,1814,1,14,barchart-first-15-same-tallest-14,right,tallest,same,dual,2026-03-18T15:18:52Z,barchart,first,15,same,tallest,14,TRUE,TRUE,TRUE,TRUE,study,FALSE
1770,69b85445f2e7e3a41979720e,1700,1,14,barchart-first-30-random-tallest-14,right,tallest,random,dual,2026-03-18T15:21:34Z,barchart,first,30,random,tallest,14,TRUE,TRUE,TRUE,TRUE,study,FALSE
1588,69b85445f2e7e3a41979720e,1075,1,15,barchart-first-31-same-tallest-15,right,tallest,same,dual,2026-03-18T15:10:12Z,barchart,first,31,same,tallest,15,TRUE,TRUE,TRUE,TRUE,study,FALSE
1684,69b85445f2e7e3a41979720e,1775,0,15,barchart-first-10-random-tallest-15,left,tallest,random,dual,2026-03-18T15:18:54Z,barchart,first,10,random,tallest,15,TRUE,TRUE,TRUE,TRUE,study,FALSE
1771,69b85445f2e7e3a41979720e,983,1,15,barchart-first-03-random-tallest-15,left,tallest,random,dual,2026-03-18T15:21:35Z,barchart,first,3,random,tallest,15,TRUE,TRUE,TRUE,TRUE,study,FALSE
1590,69b85445f2e7e3a41979720e,1619,1,16,barchart-first-08-double-tallest-16,left,tallest,double,dual,2026-03-18T15:10:14Z,barchart,first,8,double,tallest,16,TRUE,TRUE,TRUE,TRUE,study,FALSE
1686,69b85445f2e7e3a41979720e,1024,1,16,barchart-first-26-same-tallest-16,left,tallest,same,dual,2026-03-18T15:18:57Z,barchart,first,26,same,tallest,16,TRUE,TRUE,TRUE,TRUE,study,FALSE
1772,69b85445f2e7e3a41979720e,1528,1,16,barchart-first-23-random-tallest-16,right,tallest,random,dual,2026-03-18T15:21:38Z,barchart,first,23,random,tallest,16,TRUE,TRUE,TRUE,TRUE,study,FALSE
1591,69b85445f2e7e3a41979720e,1906,1,17,barchart-first-20-random-tallest-17,right,tallest,random,dual,2026-03-18T15:10:16Z,barchart,first,20,random,tallest,17,TRUE,TRUE,TRUE,TRUE,study,FALSE
1687,69b85445f2e7e3a41979720e,976,1,17,barchart-first-29-random-tallest-17,left,tallest,random,dual,2026-03-18T15:18:58Z,barchart,first,29,random,tallest,17,TRUE,TRUE,TRUE,TRUE,study,FALSE
1774,69b85445f2e7e3a41979720e,1051,1,17,barchart-first-22-random-tallest-17,right,tallest,random,dual,2026-03-18T15:21:39Z,barchart,first,22,random,tallest,17,TRUE,TRUE,TRUE,TRUE,study,FALSE
1592,69b85445f2e7e3a41979720e,1290,0,18,barchart-first-00-same-tallest-18,left,tallest,same,dual,2026-03-18T15:10:18Z,barchart,first,0,same,tallest,18,TRUE,TRUE,TRUE,TRUE,study,FALSE
1689,69b85445f2e7e3a41979720e,1956,1,18,barchart-first-00-random-tallest-18,right,tallest,random,dual,2026-03-18T15:19:01Z,barchart,first,0,random,tallest,18,TRUE,TRUE,TRUE,TRUE,study,FALSE
1775,69b85445f2e7e3a41979720e,1191,1,18,barchart-first-26-double-tallest-18,left,tallest,double,dual,2026-03-18T15:21:41Z,barchart,first,26,double,tallest,18,TRUE,TRUE,TRUE,TRUE,study,FALSE
1595,69b85445f2e7e3a41979720e,1600,1,19,barchart-first-07-double-tallest-19,left,tallest,double,dual,2026-03-18T15:10:21Z,barchart,first,7,double,tallest,19,TRUE,TRUE,TRUE,TRUE,study,FALSE
1690,69b85445f2e7e3a41979720e,1258,1,19,barchart-first-03-random-tallest-19,left,tallest,random,dual,2026-03-18T15:19:03Z,barchart,first,3,random,tallest,19,TRUE,TRUE,TRUE,TRUE,study,FALSE
1777,69b85445f2e7e3a41979720e,971,1,19,barchart-first-16-double-tallest-19,left,tallest,double,dual,2026-03-18T15:21:43Z,barchart,first,16,double,tallest,19,TRUE,TRUE,TRUE,TRUE,study,FALSE
1597,69b85445f2e7e3a41979720e,1439,1,20,barchart-first-05-random-tallest-20,right,tallest,random,dual,2026-03-18T15:10:23Z,barchart,first,5,random,tallest,20,TRUE,TRUE,TRUE,TRUE,study,FALSE
1691,69b85445f2e7e3a41979720e,949,0,20,barchart-first-25-double-tallest-20,left,tallest,double,dual,2026-03-18T15:19:04Z,barchart,first,25,double,tallest,20,TRUE,TRUE,TRUE,TRUE,study,FALSE
1778,69b85445f2e7e3a41979720e,898,0,20,barchart-first-06-same-tallest-20,left,tallest,same,dual,2026-03-18T15:21:44Z,barchart,first,6,same,tallest,20,TRUE,TRUE,TRUE,TRUE,study,FALSE
1599,69b85445f2e7e3a41979720e,1517,1,21,barchart-first-05-double-tallest-21,right,tallest,double,dual,2026-03-18T15:10:26Z,barchart,first,5,double,tallest,21,TRUE,TRUE,TRUE,TRUE,study,FALSE
1693,69b85445f2e7e3a41979720e,1287,1,21,barchart-first-20-same-tallest-21,right,tallest,same,dual,2026-03-18T15:19:07Z,barchart,first,20,same,tallest,21,TRUE,TRUE,TRUE,TRUE,study,FALSE
1781,69b85445f2e7e3a41979720e,1496,0,21,barchart-first-02-double-tallest-21,right,tallest,double,dual,2026-03-18T15:21:47Z,barchart,first,2,double,tallest,21,TRUE,TRUE,TRUE,TRUE,study,FALSE
1601,69b85445f2e7e3a41979720e,1664,1,22,barchart-first-07-same-tallest-22,left,tallest,same,dual,2026-03-18T15:10:28Z,barchart,first,7,same,tallest,22,TRUE,TRUE,TRUE,TRUE,study,FALSE
1694,69b85445f2e7e3a41979720e,1131,1,22,barchart-first-21-double-tallest-22,left,tallest,double,dual,2026-03-18T15:19:09Z,barchart,first,21,double,tallest,22,TRUE,TRUE,TRUE,TRUE,study,FALSE
1782,69b85445f2e7e3a41979720e,1279,1,22,barchart-first-10-double-tallest-22,right,tallest,double,dual,2026-03-18T15:21:50Z,barchart,first,10,double,tallest,22,TRUE,TRUE,TRUE,TRUE,study,FALSE
1602,69b85445f2e7e3a41979720e,1645,1,23,barchart-first-15-same-tallest-23,right,tallest,same,dual,2026-03-18T15:10:30Z,barchart,first,15,same,tallest,23,TRUE,TRUE,TRUE,TRUE,study,FALSE
1696,69b85445f2e7e3a41979720e,1333,1,23,barchart-first-06-random-tallest-23,right,tallest,random,dual,2026-03-18T15:19:11Z,barchart,first,6,random,tallest,23,TRUE,TRUE,TRUE,TRUE,study,FALSE
1784,69b85445f2e7e3a41979720e,1307,1,23,barchart-first-09-random-tallest-23,left,tallest,random,dual,2026-03-18T15:21:52Z,barchart,first,9,random,tallest,23,TRUE,TRUE,TRUE,TRUE,study,FALSE
1605,69b85445f2e7e3a41979720e,2049,0,24,barchart-first-22-random-tallest-24,left,tallest,random,dual,2026-03-18T15:10:40Z,barchart,first,22,random,tallest,24,TRUE,TRUE,TRUE,TRUE,study,FALSE
1698,69b85445f2e7e3a41979720e,1062,0,24,barchart-first-19-same-tallest-24,left,tallest,same,dual,2026-03-18T15:19:16Z,barchart,first,19,same,tallest,24,TRUE,TRUE,TRUE,TRUE,study,FALSE
1786,69b85445f2e7e3a41979720e,1310,1,24,barchart-first-23-double-tallest-24,right,tallest,double,dual,2026-03-18T15:21:56Z,barchart,first,23,double,tallest,24,TRUE,TRUE,TRUE,TRUE,study,FALSE
1607,69b85445f2e7e3a41979720e,42,1,25,barchart-first-19-random-tallest-25,right,tallest,random,dual,2026-03-18T15:10:41Z,barchart,first,19,random,tallest,25,TRUE,TRUE,TRUE,TRUE,study,FALSE
1700,69b85445f2e7e3a41979720e,1148,1,25,barchart-first-09-random-tallest-25,left,tallest,random,dual,2026-03-18T15:19:19Z,barchart,first,9,random,tallest,25,TRUE,TRUE,TRUE,TRUE,study,FALSE
1788,69b85445f2e7e3a41979720e,1859,1,25,barchart-first-17-random-tallest-25,left,tallest,random,dual,2026-03-18T15:21:58Z,barchart,first,17,random,tallest,25,TRUE,TRUE,TRUE,TRUE,study,FALSE
1608,69b85445f2e7e3a41979720e,2708,1,26,barchart-first-15-random-tallest-26,right,tallest,random,dual,2026-03-18T15:10:44Z,barchart,first,15,random,tallest,26,TRUE,TRUE,TRUE,TRUE,study,FALSE
1702,69b85445f2e7e3a41979720e,1309,1,26,barchart-first-24-same-tallest-26,right,tallest,same,dual,2026-03-18T15:19:21Z,barchart,first,24,same,tallest,26,TRUE,TRUE,TRUE,TRUE,study,FALSE
1790,69b85445f2e7e3a41979720e,1519,1,26,barchart-first-29-same-tallest-26,left,tallest,same,dual,2026-03-18T15:22:00Z,barchart,first,29,same,tallest,26,TRUE,TRUE,TRUE,TRUE,study,FALSE
1609,69b85445f2e7e3a41979720e,2250,1,27,barchart-first-00-double-tallest-27,right,tallest,double,dual,2026-03-18T15:10:47Z,barchart,first,0,double,tallest,27,TRUE,TRUE,TRUE,TRUE,study,FALSE
1703,69b85445f2e7e3a41979720e,2246,1,27,barchart-first-13-double-tallest-27,left,tallest,double,dual,2026-03-18T15:19:24Z,barchart,first,13,double,tallest,27,TRUE,TRUE,TRUE,TRUE,study,FALSE
1791,69b85445f2e7e3a41979720e,913,0,27,barchart-first-06-double-tallest-27,left,tallest,double,dual,2026-03-18T15:22:02Z,barchart,first,6,double,tallest,27,TRUE,TRUE,TRUE,TRUE,study,FALSE
1610,69b85445f2e7e3a41979720e,3198,1,28,barchart-first-17-random-tallest-28,left,tallest,random,dual,2026-03-18T15:10:51Z,barchart,first,17,random,tallest,28,TRUE,TRUE,TRUE,TRUE,study,FALSE
1705,69b85445f2e7e3a41979720e,1192,1,28,barchart-first-12-random-tallest-28,right,tallest,random,dual,2026-03-18T15:19:25Z,barchart,first,12,random,tallest,28,TRUE,TRUE,TRUE,TRUE,study,FALSE
1793,69b85445f2e7e3a41979720e,1125,0,28,barchart-first-31-same-tallest-28,left,tallest,same,dual,2026-03-18T15:22:04Z,barchart,first,31,same,tallest,28,TRUE,TRUE,TRUE,TRUE,study,FALSE
1611,69b85445f2e7e3a41979720e,1881,1,29,barchart-first-08-random-tallest-29,left,tallest,random,dual,2026-03-18T15:10:54Z,barchart,first,8,random,tallest,29,TRUE,TRUE,TRUE,TRUE,study,FALSE
1707,69b85445f2e7e3a41979720e,1932,0,29,barchart-first-25-same-tallest-29,left,tallest,same,dual,2026-03-18T15:19:28Z,barchart,first,25,same,tallest,29,TRUE,TRUE,TRUE,TRUE,study,FALSE
1795,69b85445f2e7e3a41979720e,951,1,29,barchart-first-20-double-tallest-29,right,tallest,double,dual,2026-03-18T15:22:07Z,barchart,first,20,double,tallest,29,TRUE,TRUE,TRUE,TRUE,study,FALSE
1613,69b85445f2e7e3a41979720e,2065,1,30,barchart-first-09-double-tallest-30,left,tallest,double,dual,2026-03-18T15:10:56Z,barchart,first,9,double,tallest,30,TRUE,TRUE,TRUE,TRUE,study,FALSE
1708,69b85445f2e7e3a41979720e,1711,1,30,barchart-first-17-random-tallest-30,left,tallest,random,dual,2026-03-18T15:19:31Z,barchart,first,17,random,tallest,30,TRUE,TRUE,TRUE,TRUE,study,FALSE
1796,69b85445f2e7e3a41979720e,1063,1,30,barchart-first-13-random-tallest-30,left,tallest,random,dual,2026-03-18T15:22:09Z,barchart,first,13,random,tallest,30,TRUE,TRUE,TRUE,TRUE,study,FALSE
1615,69b85445f2e7e3a41979720e,2230,1,31,barchart-first-15-double-tallest-31,right,tallest,double,dual,2026-03-18T15:10:59Z,barchart,first,15,double,tallest,31,TRUE,TRUE,TRUE,TRUE,study,FALSE
1709,69b85445f2e7e3a41979720e,970,1,31,barchart-first-18-double-tallest-31,left,tallest,double,dual,2026-03-18T15:19:33Z,barchart,first,18,double,tallest,31,TRUE,TRUE,TRUE,TRUE,study,FALSE
1798,69b85445f2e7e3a41979720e,1388,0,31,barchart-first-22-same-tallest-31,left,tallest,same,dual,2026-03-18T15:22:11Z,barchart,first,22,same,tallest,31,TRUE,TRUE,TRUE,TRUE,study,FALSE
1616,69b85445f2e7e3a41979720e,2041,1,32,barchart-first-13-double-tallest-32,left,tallest,double,dual,2026-03-18T15:11:02Z,barchart,first,13,double,tallest,32,TRUE,TRUE,TRUE,TRUE,study,FALSE
1711,69b85445f2e7e3a41979720e,1628,1,32,barchart-first-02-same-tallest-32,left,tallest,same,dual,2026-03-18T15:19:35Z,barchart,first,2,same,tallest,32,TRUE,TRUE,TRUE,TRUE,study,FALSE
1800,69b85445f2e7e3a41979720e,885,0,32,barchart-first-30-double-tallest-32,left,tallest,double,dual,2026-03-18T15:22:13Z,barchart,first,30,double,tallest,32,TRUE,TRUE,TRUE,TRUE,study,FALSE
1618,69b85445f2e7e3a41979720e,2242,1,33,barchart-first-12-same-tallest-33,right,tallest,same,dual,2026-03-18T15:11:04Z,barchart,first,12,same,tallest,33,TRUE,TRUE,TRUE,TRUE,study,FALSE
1713,69b85445f2e7e3a41979720e,1304,0,33,barchart-first-25-random-tallest-33,left,tallest,random,dual,2026-03-18T15:19:37Z,barchart,first,25,random,tallest,33,TRUE,TRUE,TRUE,TRUE,study,FALSE
1802,69b85445f2e7e3a41979720e,1165,1,33,barchart-first-01-random-tallest-33,left,tallest,random,dual,2026-03-18T15:22:16Z,barchart,first,1,random,tallest,33,TRUE,TRUE,TRUE,TRUE,study,FALSE
1620,69b85445f2e7e3a41979720e,2063,1,34,barchart-first-01-double-tallest-34,left,tallest,double,dual,2026-03-18T15:11:07Z,barchart,first,1,double,tallest,34,TRUE,TRUE,TRUE,TRUE,study,FALSE
1715,69b85445f2e7e3a41979720e,1275,1,34,barchart-first-15-double-tallest-34,right,tallest,double,dual,2026-03-18T15:19:40Z,barchart,first,15,double,tallest,34,TRUE,TRUE,TRUE,TRUE,study,FALSE
1803,69b85445f2e7e3a41979720e,2157,1,34,barchart-first-20-same-tallest-34,right,tallest,same,dual,2026-03-18T15:22:19Z,barchart,first,20,same,tallest,34,TRUE,TRUE,TRUE,TRUE,study,FALSE
1622,69b85445f2e7e3a41979720e,1715,1,35,barchart-first-24-same-tallest-35,right,tallest,same,dual,2026-03-18T15:11:09Z,barchart,first,24,same,tallest,35,TRUE,TRUE,TRUE,TRUE,study,FALSE
1716,69b85445f2e7e3a41979720e,1738,1,35,barchart-first-17-double-tallest-35,left,tallest,double,dual,2026-03-18T15:19:42Z,barchart,first,17,double,tallest,35,TRUE,TRUE,TRUE,TRUE,study,FALSE
1805,69b85445f2e7e3a41979720e,895,1,35,barchart-first-04-double-tallest-35,left,tallest,double,dual,2026-03-18T15:22:20Z,barchart,first,4,double,tallest,35,TRUE,TRUE,TRUE,TRUE,study,FALSE
1623,69b85445f2e7e3a41979720e,1899,1,36,barchart-first-09-same-tallest-36,left,tallest,same,dual,2026-03-18T15:11:12Z,barchart,first,9,same,tallest,36,TRUE,TRUE,TRUE,TRUE,study,FALSE
1717,69b85445f2e7e3a41979720e,995,1,36,barchart-first-14-same-tallest-36,left,tallest,same,dual,2026-03-18T15:19:44Z,barchart,first,14,same,tallest,36,TRUE,TRUE,TRUE,TRUE,study,FALSE
1807,69b85445f2e7e3a41979720e,1569,0,36,barchart-first-24-same-tallest-36,left,tallest,same,dual,2026-03-18T15:22:22Z,barchart,first,24,same,tallest,36,TRUE,TRUE,TRUE,TRUE,study,FALSE
1624,69b85445f2e7e3a41979720e,1961,1,37,barchart-first-11-random-tallest-37,left,tallest,random,dual,2026-03-18T15:11:14Z,barchart,first,11,random,tallest,37,TRUE,TRUE,TRUE,TRUE,study,FALSE
1719,69b85445f2e7e3a41979720e,1309,1,37,barchart-first-16-double-tallest-37,left,tallest,double,dual,2026-03-18T15:19:46Z,barchart,first,16,double,tallest,37,TRUE,TRUE,TRUE,TRUE,study,FALSE
1808,69b85445f2e7e3a41979720e,808,1,37,barchart-first-12-same-tallest-37,right,tallest,same,dual,2026-03-18T15:22:25Z,barchart,first,12,same,tallest,37,TRUE,TRUE,TRUE,TRUE,study,FALSE
1626,69b85445f2e7e3a41979720e,1625,1,38,barchart-first-01-random-tallest-38,left,tallest,random,dual,2026-03-18T15:11:17Z,barchart,first,1,random,tallest,38,TRUE,TRUE,TRUE,TRUE,study,FALSE
1720,69b85445f2e7e3a41979720e,1125,1,38,barchart-first-21-same-tallest-38,left,tallest,same,dual,2026-03-18T15:19:47Z,barchart,first,21,same,tallest,38,TRUE,TRUE,TRUE,TRUE,study,FALSE
1810,69b85445f2e7e3a41979720e,1303,1,38,barchart-first-15-double-tallest-38,right,tallest,double,dual,2026-03-18T15:22:26Z,barchart,first,15,double,tallest,38,TRUE,TRUE,TRUE,TRUE,study,FALSE
1627,69b85445f2e7e3a41979720e,1824,1,39,barchart-first-28-random-tallest-39,right,tallest,random,dual,2026-03-18T15:11:19Z,barchart,first,28,random,tallest,39,TRUE,TRUE,TRUE,TRUE,study,FALSE
1722,69b85445f2e7e3a41979720e,1617,1,39,barchart-first-24-double-tallest-39,right,tallest,double,dual,2026-03-18T15:19:50Z,barchart,first,24,double,tallest,39,TRUE,TRUE,TRUE,TRUE,study,FALSE
1812,69b85445f2e7e3a41979720e,2236,1,39,barchart-first-19-double-tallest-39,right,tallest,double,dual,2026-03-18T15:22:29Z,barchart,first,19,double,tallest,39,TRUE,TRUE,TRUE,TRUE,study,FALSE
1628,69b85445f2e7e3a41979720e,1798,1,40,barchart-first-17-same-tallest-40,left,tallest,same,dual,2026-03-18T15:11:21Z,barchart,first,17,same,tallest,40,TRUE,TRUE,TRUE,TRUE,study,FALSE
1724,69b85445f2e7e3a41979720e,2401,1,40,barchart-first-30-double-tallest-40,right,tallest,double,dual,2026-03-18T15:19:53Z,barchart,first,30,double,tallest,40,TRUE,TRUE,TRUE,TRUE,study,FALSE
1814,69b85445f2e7e3a41979720e,949,1,40,barchart-first-14-double-tallest-40,left,tallest,double,dual,2026-03-18T15:22:31Z,barchart,first,14,double,tallest,40,TRUE,TRUE,TRUE,TRUE,study,FALSE
1631,69b85445f2e7e3a41979720e,2063,1,41,barchart-first-02-double-tallest-41,left,tallest,double,dual,2026-03-18T15:11:24Z,barchart,first,2,double,tallest,41,TRUE,TRUE,TRUE,TRUE,study,FALSE
1725,69b85445f2e7e3a41979720e,1207,1,41,barchart-first-03-same-tallest-41,left,tallest,same,dual,2026-03-18T15:19:54Z,barchart,first,3,same,tallest,41,TRUE,TRUE,TRUE,TRUE,study,FALSE
1815,69b85445f2e7e3a41979720e,912,1,41,barchart-first-26-same-tallest-41,left,tallest,same,dual,2026-03-18T15:22:32Z,barchart,first,26,same,tallest,41,TRUE,TRUE,TRUE,TRUE,study,FALSE
1632,69b85445f2e7e3a41979720e,1243,1,42,barchart-first-14-random-tallest-42,left,tallest,random,dual,2026-03-18T15:11:26Z,barchart,first,14,random,tallest,42,TRUE,TRUE,TRUE,TRUE,study,FALSE
1727,69b85445f2e7e3a41979720e,1462,1,42,barchart-first-13-random-tallest-42,left,tallest,random,dual,2026-03-18T15:19:56Z,barchart,first,13,random,tallest,42,TRUE,TRUE,TRUE,TRUE,study,FALSE
1825,69b85445f2e7e3a41979720e,28139,1,42,barchart-first-11-same-tallest-42,left,tallest,same,dual,2026-03-18T15:23:01Z,barchart,first,11,same,tallest,42,TRUE,TRUE,TRUE,TRUE,study,FALSE
1634,69b85445f2e7e3a41979720e,1565,1,43,barchart-first-04-same-tallest-43,left,tallest,same,dual,2026-03-18T15:11:28Z,barchart,first,4,same,tallest,43,TRUE,TRUE,TRUE,TRUE,study,FALSE
1728,69b85445f2e7e3a41979720e,1263,1,43,barchart-first-18-random-tallest-43,left,tallest,random,dual,2026-03-18T15:19:58Z,barchart,first,18,random,tallest,43,TRUE,TRUE,TRUE,TRUE,study,FALSE
1635,69b85445f2e7e3a41979720e,1226,1,44,barchart-first-13-same-tallest-44,left,tallest,same,dual,2026-03-18T15:11:30Z,barchart,first,13,same,tallest,44,TRUE,TRUE,TRUE,TRUE,study,FALSE
1731,69b85445f2e7e3a41979720e,8706,1,44,barchart-first-10-double-tallest-44,right,tallest,double,dual,2026-03-18T15:20:07Z,barchart,first,10,double,tallest,44,TRUE,TRUE,TRUE,TRUE,study,FALSE
1637,69b85445f2e7e3a41979720e,1970,1,45,barchart-first-21-same-tallest-45,left,tallest,same,dual,2026-03-18T15:11:32Z,barchart,first,21,same,tallest,45,TRUE,TRUE,TRUE,TRUE,study,FALSE
1638,69b85445f2e7e3a41979720e,1434,1,46,barchart-first-10-double-tallest-46,right,tallest,double,dual,2026-03-18T15:11:34Z,barchart,first,10,double,tallest,46,TRUE,TRUE,TRUE,TRUE,study,FALSE
1639,69b85445f2e7e3a41979720e,1959,1,47,barchart-first-27-double-tallest-47,right,tallest,double,dual,2026-03-18T15:11:37Z,barchart,first,27,double,tallest,47,TRUE,TRUE,TRUE,TRUE,study,FALSE
1646,69b85445f2e7e3a41979720e,3722,1,48,barchart-second-17-double-shortest-0,right,shortest,double,dual,2026-03-18T15:11:51Z,barchart,second,17,double,shortest,0,TRUE,TRUE,TRUE,TRUE,study,FALSE
1648,69b85445f2e7e3a41979720e,2077,0,49,barchart-second-25-random-shortest-1,left,shortest,random,dual,2026-03-18T15:11:54Z,barchart,second,25,random,shortest,1,TRUE,TRUE,TRUE,TRUE,study,FALSE
1651,69b85445f2e7e3a41979720e,4020,1,50,barchart-second-22-same-shortest-2,right,shortest,same,dual,2026-03-18T15:11:59Z,barchart,second,22,same,shortest,2,TRUE,TRUE,TRUE,TRUE,study,FALSE
1652,69b85445f2e7e3a41979720e,1432,1,51,barchart-second-01-same-shortest-3,right,shortest,same,dual,2026-03-18T15:12:01Z,barchart,second,1,same,shortest,3,TRUE,TRUE,TRUE,TRUE,study,FALSE
1653,69b85445f2e7e3a41979720e,943,0,52,barchart-second-26-same-shortest-4,right,shortest,same,dual,2026-03-18T15:12:03Z,barchart,second,26,same,shortest,4,TRUE,TRUE,TRUE,TRUE,study,FALSE
1655,69b85445f2e7e3a41979720e,1259,1,53,barchart-second-04-double-shortest-5,right,shortest,double,dual,2026-03-18T15:12:06Z,barchart,second,4,double,shortest,5,TRUE,TRUE,TRUE,TRUE,study,FALSE
1656,69b85445f2e7e3a41979720e,1997,0,54,barchart-second-21-double-shortest-6,right,shortest,double,dual,2026-03-18T15:12:08Z,barchart,second,21,double,shortest,6,TRUE,TRUE,TRUE,TRUE,study,FALSE
1659,69b85445f2e7e3a41979720e,4175,0,55,barchart-second-30-same-shortest-7,right,shortest,same,dual,2026-03-18T15:12:14Z,barchart,second,30,same,shortest,7,TRUE,TRUE,TRUE,TRUE,study,FALSE
1662,69b85445f2e7e3a41979720e,8805,1,56,barchart-second-14-same-shortest-8,left,shortest,same,dual,2026-03-18T15:12:24Z,barchart,second,14,same,shortest,8,TRUE,TRUE,TRUE,TRUE,study,FALSE
