id,participant_id,response_time,correct,trial_number,stimuli_number,response,slope,legend,statement_type,statement_truth,attention,time_when
81,63d6873b65a6170d64a652f6,7816,0,0,linechart-real-13-ordered-main_effect-0-8,right,increasing,ordered,main_effect,0,single,2026-03-18 15:03:30.739
82,63d6873b65a6170d64a652f6,14856,1,1,linechart-real-11-shuffled-main_effect-0-12,left,increasing,shuffled,main_effect,0,single,2026-03-18 15:03:47.414
83,63d6873b65a6170d64a652f6,8230,1,2,linechart-real-8-shuffled-main_effect-1-15,right,increasing,shuffled,main_effect,1,single,2026-03-18 15:03:56.401
84,63d6873b65a6170d64a652f6,5562,1,3,linechart-real-12-ordered-interaction-1-2,right,increasing,ordered,interaction,1,single,2026-03-18 15:04:02.799
85,63d6873b65a6170d64a652f6,7060,1,4,linechart-real-5-shuffled-interaction-1-17,right,increasing,shuffled,interaction,1,single,2026-03-18 15:04:10.645
86,63d6873b65a6170d64a652f6,6667,1,5,linechart-real-30-shuffled-main_effect-1-13,right,increasing,shuffled,main_effect,1,single,2026-03-18 15:04:18.141
87,63d6873b65a6170d64a652f6,47365,1,6,linechart-real-3-shuffled-interaction-1-31,right,increasing,shuffled,interaction,1,single,2026-03-18 15:05:06.317
88,63d6873b65a6170d64a652f6,7073,1,7,linechart-real-2-shuffled-main_effect-1-14,right,increasing,shuffled,main_effect,1,single,2026-03-18 15:05:14.250
89,5aa485b11eda41000136c94b,8912,1,0,linechart-real-25-shuffled-main_effect-1-30,right,increasing,shuffled,main_effect,1,single,2026-03-18 15:05:33.907
90,5aa485b11eda41000136c94b,9412,1,1,linechart-real-27-ordered-interaction-0-4,left,increasing,ordered,interaction,0,single,2026-03-18 15:05:43.977
91,5aa485b11eda41000136c94b,7340,1,2,linechart-real-0-ordered-main_effect-1-11,right,increasing,ordered,main_effect,1,single,2026-03-18 15:05:51.955
92,5aa485b11eda41000136c94b,12204,1,3,linechart-real-13-shuffled-interaction-1-14,right,increasing,shuffled,interaction,1,single,2026-03-18 15:06:04.762
93,5aa485b11eda41000136c94b,6233,1,4,linechart-real-4-ordered-main_effect-1-8,right,increasing,ordered,main_effect,1,single,2026-03-18 15:06:11.663
94,5aa485b11eda41000136c94b,6458,1,5,linechart-real-24-shuffled-interaction-1-23,right,increasing,shuffled,interaction,1,single,2026-03-18 15:06:18.776
95,5aa485b11eda41000136c94b,6877,1,6,linechart-real-5-ordered-main_effect-0-12,left,increasing,ordered,main_effect,0,single,2026-03-18 15:06:26.301
96,5aa485b11eda41000136c94b,6371,1,7,linechart-real-30-ordered-main_effect-0-28,left,increasing,ordered,main_effect,0,single,2026-03-18 15:06:33.412
97,5aa485b11eda41000136c94b,8472,1,8,linechart-real-12-shuffled-main_effect-0-3,left,increasing,shuffled,main_effect,0,single,2026-03-18 15:06:46.913
98,5aa485b11eda41000136c94b,11621,1,9,linechart-real-11-shuffled-main_effect-1-16,right,increasing,shuffled,main_effect,1,single,2026-03-18 15:06:59.179
99,5aa485b11eda41000136c94b,10054,1,10,linechart-real-7-shuffled-interaction-1-22,right,increasing,shuffled,interaction,1,single,2026-03-18 15:07:09.908
100,5aa485b11eda41000136c94b,10169,1,11,linechart-real-28-shuffled-interaction-1-26,right,increasing,shuffled,interaction,1,single,2026-03-18 15:07:20.685
101,5aa485b11eda41000136c94b,6337,1,12,linechart-real-22-shuffled-interaction-0-10,left,increasing,shuffled,interaction,0,single,2026-03-18 15:07:27.662
102,5aa485b11eda41000136c94b,7079,1,13,linechart-real-31-ordered-interaction-0-18,left,increasing,ordered,interaction,0,single,2026-03-18 15:07:35.381
103,5aa485b11eda41000136c94b,11679,1,14,linechart-real-17-shuffled-main_effect-1-2,right,increasing,shuffled,main_effect,1,single,2026-03-18 15:07:47.668
104,5aa485b11eda41000136c94b,6047,1,15,linechart-real-21-ordered-main_effect-0-1,left,increasing,ordered,main_effect,0,single,2026-03-18 15:07:54.374
105,67639cb846231603c8e979cd,5358,1,0,linechart-real-12-ordered-main_effect-0-8,left,increasing,ordered,main_effect,0,single,2026-03-18 15:08:03.291
106,5aa485b11eda41000136c94b,6769,1,16,linechart-real-1-ordered-interaction-1-0,right,increasing,ordered,interaction,1,single,2026-03-18 15:08:06.601
107,67639cb846231603c8e979cd,5875,1,1,linechart-real-24-ordered-interaction-0-11,left,increasing,ordered,interaction,0,single,2026-03-18 15:08:09.840
108,5aa485b11eda41000136c94b,6786,1,17,linechart-real-2-shuffled-interaction-0-6,left,increasing,shuffled,interaction,0,single,2026-03-18 15:08:14.036
109,67639cb846231603c8e979cd,5966,1,2,linechart-real-2-shuffled-interaction-1-20,right,increasing,shuffled,interaction,1,single,2026-03-18 15:08:16.479
110,63d6873b65a6170d64a652f6,8237,1,8,linechart-real-14-shuffled-main_effect-0-28,left,increasing,shuffled,main_effect,0,single,2026-03-18 15:08:19.474
111,5aa485b11eda41000136c94b,6142,1,18,linechart-real-14-shuffled-main_effect-0-17,left,increasing,shuffled,main_effect,0,single,2026-03-18 15:08:20.832
112,67639cb846231603c8e979cd,5566,1,3,linechart-real-16-ordered-interaction-0-4,left,increasing,ordered,interaction,0,single,2026-03-18 15:08:22.728
113,63d6873b65a6170d64a652f6,7375,1,9,linechart-real-24-shuffled-interaction-1-10,right,increasing,shuffled,interaction,1,single,2026-03-18 15:08:27.462
114,67639cb846231603c8e979cd,4554,1,4,linechart-real-20-shuffled-interaction-1-13,right,increasing,shuffled,interaction,1,single,2026-03-18 15:08:27.909
115,5aa485b11eda41000136c94b,9708,1,19,linechart-real-9-shuffled-interaction-0-25,left,increasing,shuffled,interaction,0,single,2026-03-18 15:08:31.154
116,67639cb846231603c8e979cd,4147,1,5,linechart-real-6-ordered-main_effect-0-17,left,increasing,ordered,main_effect,0,single,2026-03-18 15:08:33.101
117,63d6873b65a6170d64a652f6,6524,1,10,linechart-real-20-ordered-interaction-1-26,right,increasing,ordered,interaction,1,single,2026-03-18 15:08:34.573
118,67639cb846231603c8e979cd,6800,1,6,linechart-real-25-shuffled-interaction-1-7,right,increasing,shuffled,interaction,1,single,2026-03-18 15:08:40.572
119,63d6873b65a6170d64a652f6,6547,1,11,linechart-real-0-shuffled-interaction-0-5,left,increasing,shuffled,interaction,0,single,2026-03-18 15:08:41.742
120,5aa485b11eda41000136c94b,11977,1,20,linechart-real-18-ordered-main_effect-1-13,right,increasing,ordered,main_effect,1,single,2026-03-18 15:08:43.772
121,67639cb846231603c8e979cd,4517,1,7,linechart-real-26-shuffled-main_effect-1-22,right,increasing,shuffled,main_effect,1,single,2026-03-18 15:08:45.772
122,63d6873b65a6170d64a652f6,6701,1,12,linechart-real-9-ordered-main_effect-1-18,right,increasing,ordered,main_effect,1,single,2026-03-18 15:08:49.024
123,67639cb846231603c8e979cd,4318,0,8,linechart-real-11-ordered-interaction-1-27,left,increasing,ordered,interaction,1,single,2026-03-18 15:08:54.360
124,63d6873b65a6170d64a652f6,4703,1,13,linechart-real-1-ordered-interaction-0-20,left,increasing,ordered,interaction,0,single,2026-03-18 15:08:54.307
125,5aa485b11eda41000136c94b,13482,1,21,linechart-real-19-ordered-main_effect-0-15,left,increasing,ordered,main_effect,0,single,2026-03-18 15:08:57.917
126,67639cb846231603c8e979cd,8050,1,9,linechart-real-15-shuffled-main_effect-0-3,left,increasing,shuffled,main_effect,0,single,2026-03-18 15:09:04.084
127,67639cb846231603c8e979cd,4002,1,10,linechart-real-18-shuffled-main_effect-1-9,right,increasing,shuffled,main_effect,1,single,2026-03-18 15:09:08.772
128,63d6873b65a6170d64a652f6,15562,1,14,linechart-real-25-ordered-main_effect-0-11,left,increasing,ordered,main_effect,0,single,2026-03-18 15:09:10.467
129,5aa485b11eda41000136c94b,17099,1,22,linechart-real-8-shuffled-main_effect-1-27,right,increasing,shuffled,main_effect,1,single,2026-03-18 15:09:15.658
130,67639cb846231603c8e979cd,6248,1,11,linechart-real-8-shuffled-interaction-0-28,left,increasing,shuffled,interaction,0,single,2026-03-18 15:09:15.686
131,67639cb846231603c8e979cd,4131,1,12,linechart-real-3-shuffled-main_effect-1-19,right,increasing,shuffled,main_effect,1,single,2026-03-18 15:09:20.512
132,5aa485b11eda41000136c94b,7467,1,23,linechart-real-20-ordered-main_effect-1-5,right,increasing,ordered,main_effect,1,single,2026-03-18 15:09:23.720
133,67639cb846231603c8e979cd,5007,1,13,linechart-real-19-ordered-main_effect-0-31,left,increasing,ordered,main_effect,0,single,2026-03-18 15:09:26.201
134,67639cb846231603c8e979cd,4272,1,14,linechart-real-14-ordered-main_effect-1-26,right,increasing,ordered,main_effect,1,single,2026-03-18 15:09:31.152
135,63d6873b65a6170d64a652f6,21290,1,15,linechart-real-23-ordered-main_effect-0-30,left,increasing,ordered,main_effect,0,single,2026-03-18 15:09:32.376
136,67639cb846231603c8e979cd,3633,1,15,linechart-real-30-ordered-interaction-0-1,left,increasing,ordered,interaction,0,single,2026-03-18 15:09:35.458
137,5aa485b11eda41000136c94b,13252,1,24,linechart-real-6-ordered-interaction-0-19,left,increasing,ordered,interaction,0,single,2026-03-18 15:09:41.612
138,67639cb846231603c8e979cd,3665,1,16,linechart-real-4-shuffled-interaction-1-25,right,increasing,shuffled,interaction,1,single,2026-03-18 15:09:42.117
139,67639cb846231603c8e979cd,3812,1,17,linechart-real-23-ordered-interaction-0-23,left,increasing,ordered,interaction,0,single,2026-03-18 15:09:46.600
140,5aa485b11eda41000136c94b,6438,1,25,linechart-real-10-ordered-interaction-0-20,left,increasing,ordered,interaction,0,single,2026-03-18 15:09:48.698
141,67639cb846231603c8e979cd,3869,1,18,linechart-real-10-ordered-interaction-0-15,left,increasing,ordered,interaction,0,single,2026-03-18 15:09:51.144
142,63d6873b65a6170d64a652f6,5626,1,16,linechart-real-27-ordered-main_effect-0-3,left,increasing,ordered,main_effect,0,single,2026-03-18 15:09:51.330
143,67639cb846231603c8e979cd,3780,1,19,linechart-real-21-shuffled-main_effect-1-21,right,increasing,shuffled,main_effect,1,single,2026-03-18 15:09:55.542
144,63d6873b65a6170d64a652f6,4511,1,17,linechart-real-15-shuffled-interaction-0-19,left,increasing,shuffled,interaction,0,single,2026-03-18 15:09:56.669
145,67639cb846231603c8e979cd,3710,1,20,linechart-real-0-shuffled-main_effect-0-0,left,increasing,shuffled,main_effect,0,single,2026-03-18 15:09:59.937
146,63d6873b65a6170d64a652f6,5848,1,18,linechart-real-29-shuffled-interaction-1-4,right,increasing,shuffled,interaction,1,single,2026-03-18 15:10:03.226
147,5aa485b11eda41000136c94b,16524,1,26,linechart-real-26-shuffled-interaction-0-7,left,increasing,shuffled,interaction,0,single,2026-03-18 15:10:05.871
148,67639cb846231603c8e979cd,4934,1,21,linechart-real-27-ordered-interaction-1-24,right,increasing,ordered,interaction,1,single,2026-03-18 15:10:05.540
149,63d6873b65a6170d64a652f6,3390,1,19,linechart-real-19-ordered-interaction-1-0,right,increasing,ordered,interaction,1,single,2026-03-18 15:10:07.424
150,67639cb846231603c8e979cd,4916,1,22,linechart-real-31-shuffled-main_effect-0-12,left,increasing,shuffled,main_effect,0,single,2026-03-18 15:10:11.136
151,5aa485b11eda41000136c94b,5869,1,27,linechart-real-16-shuffled-main_effect-0-9,left,increasing,shuffled,main_effect,0,single,2026-03-18 15:10:12.394
152,63d6873b65a6170d64a652f6,6021,1,20,linechart-real-16-ordered-main_effect-0-16,left,increasing,ordered,main_effect,0,single,2026-03-18 15:10:14.258
153,67639cb846231603c8e979cd,5487,1,23,linechart-real-28-shuffled-interaction-0-16,left,increasing,shuffled,interaction,0,single,2026-03-18 15:10:17.259
154,5aa485b11eda41000136c94b,6659,1,28,linechart-real-15-ordered-interaction-1-21,right,increasing,ordered,interaction,1,single,2026-03-18 15:10:19.717
155,63d6873b65a6170d64a652f6,7309,1,21,linechart-real-18-shuffled-main_effect-1-29,right,increasing,shuffled,main_effect,1,single,2026-03-18 15:10:22.401
156,63d6873b65a6170d64a652f6,4933,1,22,linechart-real-17-ordered-interaction-0-9,left,increasing,ordered,interaction,0,single,2026-03-18 15:10:28.018
157,5aa485b11eda41000136c94b,10038,1,29,linechart-real-29-shuffled-main_effect-0-24,left,increasing,shuffled,main_effect,0,single,2026-03-18 15:10:30.346
158,63d6873b65a6170d64a652f6,5047,1,23,linechart-real-6-ordered-interaction-1-24,right,increasing,ordered,interaction,1,single,2026-03-18 15:10:33.763
159,5aa485b11eda41000136c94b,4789,1,30,linechart-real-23-ordered-interaction-1-31,right,increasing,ordered,interaction,1,single,2026-03-18 15:10:35.770
160,63d6873b65a6170d64a652f6,4836,1,24,linechart-real-4-shuffled-interaction-0-25,left,increasing,shuffled,interaction,0,single,2026-03-18 15:10:41.643
161,5aa485b11eda41000136c94b,7077,1,31,linechart-real-3-ordered-interaction-1-29,right,increasing,ordered,interaction,1,single,2026-03-18 15:10:43.482
162,63d6873b65a6170d64a652f6,4550,1,25,linechart-real-28-shuffled-main_effect-1-27,right,increasing,shuffled,main_effect,1,single,2026-03-18 15:10:46.885
163,63d6873b65a6170d64a652f6,3079,1,26,linechart-real-31-ordered-interaction-1-6,right,increasing,ordered,interaction,1,single,2026-03-18 15:10:50.734
164,63d6873b65a6170d64a652f6,3853,1,27,linechart-real-22-shuffled-interaction-0-1,left,increasing,shuffled,interaction,0,single,2026-03-18 15:10:55.328
165,63d6873b65a6170d64a652f6,2501,1,28,linechart-real-10-ordered-interaction-0-23,left,increasing,ordered,interaction,0,single,2026-03-18 15:10:58.656
166,63d6873b65a6170d64a652f6,7078,1,29,linechart-real-26-ordered-main_effect-0-22,left,increasing,ordered,main_effect,0,single,2026-03-18 15:11:06.441
167,63d6873b65a6170d64a652f6,6439,1,30,linechart-real-21-ordered-main_effect-0-21,left,increasing,ordered,main_effect,0,single,2026-03-18 15:11:13.592
168,63d6873b65a6170d64a652f6,7962,1,31,linechart-real-7-shuffled-main_effect-1-7,right,increasing,shuffled,main_effect,1,single,2026-03-18 15:11:22.346
169,67639cb846231603c8e979cd,4718,1,24,linechart-real-17-ordered-main_effect-1-18,right,increasing,ordered,main_effect,1,single,2026-03-18 15:14:05.312
170,67639cb846231603c8e979cd,3347,1,25,linechart-real-7-ordered-main_effect-1-2,right,increasing,ordered,main_effect,1,single,2026-03-18 15:14:09.340
171,67639cb846231603c8e979cd,3449,1,26,linechart-real-9-shuffled-main_effect-0-14,left,increasing,shuffled,main_effect,0,single,2026-03-18 15:14:13.409
172,67639cb846231603c8e979cd,3124,1,27,linechart-real-5-ordered-interaction-1-10,right,increasing,ordered,interaction,1,single,2026-03-18 15:14:17.211
173,67639cb846231603c8e979cd,3410,1,28,linechart-real-29-shuffled-interaction-1-29,right,increasing,shuffled,interaction,1,single,2026-03-18 15:14:21.240
174,67639cb846231603c8e979cd,5334,0,29,linechart-real-1-shuffled-interaction-1-6,left,increasing,shuffled,interaction,1,single,2026-03-18 15:14:27.202
175,67639cb846231603c8e979cd,4158,1,30,linechart-real-13-ordered-main_effect-0-30,left,increasing,ordered,main_effect,0,single,2026-03-18 15:14:33.016
176,67639cb846231603c8e979cd,4119,1,31,linechart-real-22-ordered-main_effect-0-5,left,increasing,ordered,main_effect,0,single,2026-03-18 15:14:37.836
177,6914e0900c27e175798f4983,10099,1,0,linechart-real-26-ordered-interaction-1-22,right,increasing,ordered,interaction,1,single,2026-03-18 15:15:12.831
178,6914e0900c27e175798f4983,7208,1,1,linechart-real-15-shuffled-main_effect-0-5,left,increasing,shuffled,main_effect,0,single,2026-03-18 15:15:21.505
179,6914e0900c27e175798f4983,8362,1,2,linechart-real-6-shuffled-interaction-1-27,right,increasing,shuffled,interaction,1,single,2026-03-18 15:15:31.368
180,6914e0900c27e175798f4983,8795,1,3,linechart-real-9-shuffled-interaction-1-15,right,increasing,shuffled,interaction,1,single,2026-03-18 15:15:41.518
181,6914e0900c27e175798f4983,10739,1,4,linechart-real-1-shuffled-interaction-1-14,right,increasing,shuffled,interaction,1,single,2026-03-18 15:15:53.182
182,6914e0900c27e175798f4983,8885,1,5,linechart-real-24-ordered-interaction-1-26,right,increasing,ordered,interaction,1,single,2026-03-18 15:16:03.425
183,6914e0900c27e175798f4983,11536,1,6,linechart-real-14-ordered-interaction-0-4,left,increasing,ordered,interaction,0,single,2026-03-18 15:16:16.009
184,6914e0900c27e175798f4983,9315,1,7,linechart-real-2-shuffled-main_effect-0-20,left,increasing,shuffled,main_effect,0,single,2026-03-18 15:16:26.288
185,6914e0900c27e175798f4983,10037,1,8,linechart-real-22-ordered-main_effect-1-18,right,increasing,ordered,main_effect,1,single,2026-03-18 15:16:44.728
186,6914e0900c27e175798f4983,4747,1,9,linechart-real-30-ordered-main_effect-0-11,left,increasing,ordered,main_effect,0,single,2026-03-18 15:16:50.591
187,6914e0900c27e175798f4983,7418,1,10,linechart-real-20-ordered-main_effect-0-6,left,increasing,ordered,main_effect,0,single,2026-03-18 15:16:58.892
188,6914e0900c27e175798f4983,7250,1,11,linechart-real-21-shuffled-interaction-1-1,right,increasing,shuffled,interaction,1,single,2026-03-18 15:17:07.022
189,6914e0900c27e175798f4983,7812,1,12,linechart-real-18-shuffled-main_effect-0-17,left,increasing,shuffled,main_effect,0,single,2026-03-18 15:17:15.785
190,6914e0900c27e175798f4983,6151,1,13,linechart-real-12-ordered-interaction-0-25,left,increasing,ordered,interaction,0,single,2026-03-18 15:17:23.127
191,693b90a846083092cd5d1f9f,8955,0,0,linechart-real-0-shuffled-main_effect-1-30,left,increasing,shuffled,main_effect,1,single,2026-03-18 15:17:31.515
192,6914e0900c27e175798f4983,5291,1,14,linechart-real-10-ordered-main_effect-0-7,left,increasing,ordered,main_effect,0,single,2026-03-18 15:17:29.739
193,6914e0900c27e175798f4983,4983,1,15,linechart-real-13-shuffled-interaction-0-12,left,increasing,shuffled,interaction,0,single,2026-03-18 15:17:35.882
194,693b90a846083092cd5d1f9f,16317,1,1,linechart-real-23-shuffled-interaction-1-21,right,increasing,shuffled,interaction,1,single,2026-03-18 15:17:49.567
195,6914e0900c27e175798f4983,14433,1,16,linechart-real-29-shuffled-interaction-0-19,left,increasing,shuffled,interaction,0,single,2026-03-18 15:17:58.129
196,693b90a846083092cd5d1f9f,11038,1,2,linechart-real-11-shuffled-main_effect-0-18,left,increasing,shuffled,main_effect,0,single,2026-03-18 15:18:01.275
197,6914e0900c27e175798f4983,10923,1,17,linechart-real-31-shuffled-main_effect-0-2,left,increasing,shuffled,main_effect,0,single,2026-03-18 15:18:09.881
198,693b90a846083092cd5d1f9f,16070,1,3,linechart-real-28-ordered-interaction-1-2,right,increasing,ordered,interaction,1,single,2026-03-18 15:18:17.996
199,6914e0900c27e175798f4983,5836,1,18,linechart-real-25-shuffled-main_effect-1-31,right,increasing,shuffled,main_effect,1,single,2026-03-18 15:18:16.884
200,693b90a846083092cd5d1f9f,10397,1,4,linechart-real-27-shuffled-interaction-0-26,left,increasing,shuffled,interaction,0,single,2026-03-18 15:18:29.059
201,6914e0900c27e175798f4983,9487,1,19,linechart-real-5-ordered-main_effect-1-30,right,increasing,ordered,main_effect,1,single,2026-03-18 15:18:28.004
202,6914e0900c27e175798f4983,6962,1,20,linechart-real-27-ordered-interaction-1-24,right,increasing,ordered,interaction,1,single,2026-03-18 15:18:36.330
203,693b90a846083092cd5d1f9f,11109,1,5,linechart-real-15-shuffled-main_effect-1-22,right,increasing,shuffled,main_effect,1,single,2026-03-18 15:18:40.839
204,6914e0900c27e175798f4983,9111,1,21,linechart-real-0-ordered-interaction-0-3,left,increasing,ordered,interaction,0,single,2026-03-18 15:18:46.231
205,693b90a846083092cd5d1f9f,9923,1,6,linechart-real-12-ordered-interaction-1-14,right,increasing,ordered,interaction,1,single,2026-03-18 15:18:51.439
206,6914e0900c27e175798f4983,8464,1,22,linechart-real-17-ordered-main_effect-1-21,right,increasing,ordered,main_effect,1,single,2026-03-18 15:18:55.861
207,695bcd773894067ba8c01741,9106,1,0,linechart-real-18-ordered-main_effect-1-9,right,increasing,ordered,main_effect,1,single,2026-03-18 15:18:58.563
208,693b90a846083092cd5d1f9f,8747,1,7,linechart-real-20-shuffled-main_effect-0-23,left,increasing,shuffled,main_effect,0,single,2026-03-18 15:19:00.855
209,695bcd773894067ba8c01741,7843,1,1,linechart-real-26-ordered-interaction-0-26,left,increasing,ordered,interaction,0,single,2026-03-18 15:19:07.060
210,6914e0900c27e175798f4983,10796,1,23,linechart-real-19-shuffled-main_effect-1-0,right,increasing,shuffled,main_effect,1,single,2026-03-18 15:19:07.714
211,695bcd773894067ba8c01741,9710,1,2,linechart-real-4-shuffled-main_effect-1-30,right,increasing,shuffled,main_effect,1,single,2026-03-18 15:19:17.456
212,695bcd773894067ba8c01741,7643,1,3,linechart-real-15-ordered-main_effect-0-27,left,increasing,ordered,main_effect,0,single,2026-03-18 15:19:25.778
213,693b90a846083092cd5d1f9f,11534,0,8,linechart-real-1-ordered-interaction-1-13,left,increasing,ordered,interaction,1,single,2026-03-18 15:19:27.321
214,69929ba3656edf355205efdb,14656,1,0,linechart-real-1-shuffled-main_effect-0-1,left,increasing,shuffled,main_effect,0,single,2026-03-18 15:19:21.284
215,6914e0900c27e175798f4983,17570,1,24,linechart-real-7-ordered-main_effect-1-9,right,increasing,ordered,main_effect,1,single,2026-03-18 15:19:30.204
216,695bcd773894067ba8c01741,7699,1,4,linechart-real-21-shuffled-interaction-0-23,left,increasing,shuffled,interaction,0,single,2026-03-18 15:19:34.103
217,69929ba3656edf355205efdb,6491,1,1,linechart-real-0-ordered-interaction-0-19,left,increasing,ordered,interaction,0,single,2026-03-18 15:19:28.431
218,6914e0900c27e175798f4983,5825,1,25,linechart-real-11-ordered-main_effect-1-10,right,increasing,ordered,main_effect,1,single,2026-03-18 15:19:37.047
219,693b90a846083092cd5d1f9f,11061,1,9,linechart-real-4-ordered-main_effect-0-9,left,increasing,ordered,main_effect,0,single,2026-03-18 15:19:40.066
220,69929ba3656edf355205efdb,5628,1,2,linechart-real-18-ordered-main_effect-0-22,left,increasing,ordered,main_effect,0,single,2026-03-18 15:19:34.703
221,695bcd773894067ba8c01741,9699,1,5,linechart-real-22-shuffled-interaction-1-19,right,increasing,shuffled,interaction,1,single,2026-03-18 15:19:44.536
222,693b90a846083092cd5d1f9f,9884,1,10,linechart-real-14-ordered-main_effect-0-16,left,increasing,ordered,main_effect,0,single,2026-03-18 15:19:50.640
223,69929ba3656edf355205efdb,6555,1,3,linechart-real-2-shuffled-interaction-1-4,right,increasing,shuffled,interaction,1,single,2026-03-18 15:19:41.885
224,695bcd773894067ba8c01741,10031,1,6,linechart-real-3-shuffled-main_effect-1-28,right,increasing,shuffled,main_effect,1,single,2026-03-18 15:19:55.263
225,6914e0900c27e175798f4983,15249,1,26,linechart-real-8-shuffled-interaction-1-23,right,increasing,shuffled,interaction,1,single,2026-03-18 15:19:53.442
226,693b90a846083092cd5d1f9f,8165,1,11,linechart-real-21-ordered-interaction-0-19,left,increasing,ordered,interaction,0,single,2026-03-18 15:19:59.487
227,6914e0900c27e175798f4983,5029,1,27,linechart-real-28-ordered-interaction-0-8,left,increasing,ordered,interaction,0,single,2026-03-18 15:19:59.904
228,695bcd773894067ba8c01741,6944,1,7,linechart-real-6-shuffled-interaction-1-0,right,increasing,shuffled,interaction,1,single,2026-03-18 15:20:02.839
229,69929ba3656edf355205efdb,14315,1,4,linechart-real-26-ordered-interaction-1-11,right,increasing,ordered,interaction,1,single,2026-03-18 15:19:56.871
230,693b90a846083092cd5d1f9f,9479,1,12,linechart-real-6-shuffled-main_effect-0-12,left,increasing,shuffled,main_effect,0,single,2026-03-18 15:20:09.609
231,6914e0900c27e175798f4983,6942,1,28,linechart-real-16-shuffled-interaction-1-28,right,increasing,shuffled,interaction,1,single,2026-03-18 15:20:07.876
232,695bcd773894067ba8c01741,8911,1,8,linechart-real-17-shuffled-main_effect-0-1,left,increasing,shuffled,main_effect,0,single,2026-03-18 15:20:17.386
233,6914e0900c27e175798f4983,7032,1,29,linechart-real-3-ordered-interaction-0-13,left,increasing,ordered,interaction,0,single,2026-03-18 15:20:16.211
234,693b90a846083092cd5d1f9f,7902,1,13,linechart-real-13-ordered-main_effect-1-4,right,increasing,ordered,main_effect,1,single,2026-03-18 15:20:18.162
235,695bcd773894067ba8c01741,6434,1,9,linechart-real-13-shuffled-interaction-0-21,left,increasing,shuffled,interaction,0,single,2026-03-18 15:20:24.425
236,693b90a846083092cd5d1f9f,9906,1,14,linechart-real-22-shuffled-main_effect-1-11,right,increasing,shuffled,main_effect,1,single,2026-03-18 15:20:28.725
237,695bcd773894067ba8c01741,7654,1,10,linechart-real-28-ordered-interaction-0-10,left,increasing,ordered,interaction,0,single,2026-03-18 15:20:32.705
238,69929ba3656edf355205efdb,28011,1,5,linechart-real-21-shuffled-main_effect-0-26,left,increasing,shuffled,main_effect,0,single,2026-03-18 15:20:25.484
239,6914e0900c27e175798f4983,14953,1,30,linechart-real-23-shuffled-main_effect-0-29,left,increasing,shuffled,main_effect,0,single,2026-03-18 15:20:32.684
240,695bcd773894067ba8c01741,5897,1,11,linechart-real-2-ordered-main_effect-0-20,left,increasing,ordered,main_effect,0,single,2026-03-18 15:20:39.282
241,693b90a846083092cd5d1f9f,10401,1,15,linechart-real-7-shuffled-interaction-0-7,left,increasing,shuffled,interaction,0,single,2026-03-18 15:20:39.775
242,6914e0900c27e175798f4983,6235,1,31,linechart-real-4-shuffled-main_effect-0-16,left,increasing,shuffled,main_effect,0,single,2026-03-18 15:20:40.166
243,695bcd773894067ba8c01741,8727,1,12,linechart-real-5-ordered-main_effect-1-4,right,increasing,ordered,main_effect,1,single,2026-03-18 15:20:48.682
244,695bcd773894067ba8c01741,6533,1,13,linechart-real-10-ordered-interaction-0-14,left,increasing,ordered,interaction,0,single,2026-03-18 15:20:55.902
245,69929ba3656edf355205efdb,25115,1,6,linechart-real-17-ordered-main_effect-1-14,right,increasing,ordered,main_effect,1,single,2026-03-18 15:20:51.217
246,693b90a846083092cd5d1f9f,8666,1,16,linechart-real-16-ordered-main_effect-0-10,left,increasing,ordered,main_effect,0,single,2026-03-18 15:21:01.371
247,695bcd773894067ba8c01741,8555,1,14,linechart-real-20-ordered-interaction-1-31,right,increasing,ordered,interaction,1,single,2026-03-18 15:21:05.059
248,69929ba3656edf355205efdb,5203,1,7,linechart-real-15-ordered-main_effect-1-27,right,increasing,ordered,main_effect,1,single,2026-03-18 15:20:57.087
249,693b90a846083092cd5d1f9f,8806,1,17,linechart-real-25-ordered-main_effect-1-1,right,increasing,ordered,main_effect,1,single,2026-03-18 15:21:10.803
250,695bcd773894067ba8c01741,7848,1,15,linechart-real-24-ordered-main_effect-0-15,left,increasing,ordered,main_effect,0,single,2026-03-18 15:21:13.596
251,69929ba3656edf355205efdb,7977,0,8,linechart-real-22-ordered-interaction-1-10,left,increasing,ordered,interaction,1,single,2026-03-18 15:21:08.120
252,695bcd773894067ba8c01741,7329,1,16,linechart-real-1-shuffled-interaction-1-11,right,increasing,shuffled,interaction,1,single,2026-03-18 15:21:24.622
253,693b90a846083092cd5d1f9f,13801,1,18,linechart-real-24-shuffled-interaction-0-5,left,increasing,shuffled,interaction,0,single,2026-03-18 15:21:25.268
254,695bcd773894067ba8c01741,6007,1,17,linechart-real-27-shuffled-main_effect-0-24,left,increasing,shuffled,main_effect,0,single,2026-03-18 15:21:31.313
255,693b90a846083092cd5d1f9f,11646,1,19,linechart-real-29-ordered-interaction-1-0,right,increasing,ordered,interaction,1,single,2026-03-18 15:21:37.542
256,695bcd773894067ba8c01741,7418,1,18,linechart-real-14-shuffled-interaction-0-3,left,increasing,shuffled,interaction,0,single,2026-03-18 15:21:39.440
257,695bcd773894067ba8c01741,6193,1,19,linechart-real-16-ordered-interaction-1-25,right,increasing,ordered,interaction,1,single,2026-03-18 15:21:46.307
258,693b90a846083092cd5d1f9f,7722,1,20,linechart-real-19-ordered-interaction-0-27,left,increasing,ordered,interaction,0,single,2026-03-18 15:21:45.978
259,695bcd773894067ba8c01741,8675,1,20,linechart-real-25-shuffled-main_effect-1-2,right,increasing,shuffled,main_effect,1,single,2026-03-18 15:21:55.610
260,693b90a846083092cd5d1f9f,8791,1,21,linechart-real-10-ordered-main_effect-1-20,right,increasing,ordered,main_effect,1,single,2026-03-18 15:21:55.440
261,695bcd773894067ba8c01741,6168,1,21,linechart-real-11-shuffled-interaction-1-16,right,increasing,shuffled,interaction,1,single,2026-03-18 15:22:02.484
262,693b90a846083092cd5d1f9f,10022,1,22,linechart-real-3-shuffled-interaction-1-15,right,increasing,shuffled,interaction,1,single,2026-03-18 15:22:06.118
263,695bcd773894067ba8c01741,7455,1,22,linechart-real-30-ordered-main_effect-0-6,left,increasing,ordered,main_effect,0,single,2026-03-18 15:22:10.644
264,693b90a846083092cd5d1f9f,10092,1,23,linechart-real-30-shuffled-interaction-0-17,left,increasing,shuffled,interaction,0,single,2026-03-18 15:22:16.889
265,695bcd773894067ba8c01741,7087,1,23,linechart-real-8-ordered-interaction-1-18,right,increasing,ordered,interaction,1,single,2026-03-18 15:22:18.436
266,69929ba3656edf355205efdb,59824,1,9,linechart-real-10-shuffled-interaction-0-2,left,increasing,shuffled,interaction,0,single,2026-03-18 15:22:09.596
267,69929ba3656edf355205efdb,4107,1,10,linechart-real-4-ordered-main_effect-1-31,right,increasing,ordered,main_effect,1,single,2026-03-18 15:22:14.350
268,695bcd773894067ba8c01741,8967,1,24,linechart-real-31-shuffled-main_effect-0-22,left,increasing,shuffled,main_effect,0,single,2026-03-18 15:22:31.049
269,69929ba3656edf355205efdb,9444,1,11,linechart-real-6-shuffled-main_effect-0-13,left,increasing,shuffled,main_effect,0,single,2026-03-18 15:22:24.388
270,695bcd773894067ba8c01741,6519,1,25,linechart-real-12-ordered-interaction-1-29,right,increasing,ordered,interaction,1,single,2026-03-18 15:22:38.239
271,693b90a846083092cd5d1f9f,9422,1,24,linechart-real-18-shuffled-main_effect-1-28,right,increasing,shuffled,main_effect,1,single,2026-03-18 15:22:40.467
272,69929ba3656edf355205efdb,7210,1,12,linechart-real-7-ordered-main_effect-1-3,right,increasing,ordered,main_effect,1,single,2026-03-18 15:22:32.236
273,695bcd773894067ba8c01741,5317,1,26,linechart-real-23-shuffled-main_effect-0-12,left,increasing,shuffled,main_effect,0,single,2026-03-18 15:22:44.222
274,69929ba3656edf355205efdb,6329,1,13,linechart-real-13-ordered-interaction-0-9,left,increasing,ordered,interaction,0,single,2026-03-18 15:22:39.164
275,693b90a846083092cd5d1f9f,8765,1,25,linechart-real-31-shuffled-interaction-0-8,left,increasing,shuffled,interaction,0,single,2026-03-18 15:22:49.878
276,695bcd773894067ba8c01741,6634,1,27,linechart-real-29-shuffled-interaction-0-5,left,increasing,shuffled,interaction,0,single,2026-03-18 15:22:51.449
277,69929ba3656edf355205efdb,7209,0,14,linechart-real-31-shuffled-interaction-1-28,left,increasing,shuffled,interaction,1,single,2026-03-18 15:22:47.029
278,695bcd773894067ba8c01741,6221,1,28,linechart-real-0-ordered-main_effect-1-13,right,increasing,ordered,main_effect,1,single,2026-03-18 15:22:58.368
279,693b90a846083092cd5d1f9f,9233,1,26,linechart-real-2-shuffled-main_effect-0-31,left,increasing,shuffled,main_effect,0,single,2026-03-18 15:22:59.804
280,695bcd773894067ba8c01741,6355,1,29,linechart-real-19-ordered-main_effect-1-7,right,increasing,ordered,main_effect,1,single,2026-03-18 15:23:05.344
281,69929ba3656edf355205efdb,8463,1,15,linechart-real-29-ordered-interaction-1-15,right,increasing,ordered,interaction,1,single,2026-03-18 15:22:57.106
282,693b90a846083092cd5d1f9f,9871,1,27,linechart-real-9-ordered-interaction-0-25,left,increasing,ordered,interaction,0,single,2026-03-18 15:23:10.314
283,695bcd773894067ba8c01741,7145,1,30,linechart-real-9-ordered-interaction-1-17,right,increasing,ordered,interaction,1,single,2026-03-18 15:23:13.115
284,695bcd773894067ba8c01741,6001,1,31,linechart-real-7-shuffled-main_effect-0-8,left,increasing,shuffled,main_effect,0,single,2026-03-18 15:23:19.816
285,693b90a846083092cd5d1f9f,10115,1,28,linechart-real-5-ordered-main_effect-1-3,right,increasing,ordered,main_effect,1,single,2026-03-18 15:23:21.088
286,693b90a846083092cd5d1f9f,17161,1,29,linechart-real-8-ordered-main_effect-0-29,left,increasing,ordered,main_effect,0,single,2026-03-18 15:23:38.907
287,693b90a846083092cd5d1f9f,9624,1,30,linechart-real-17-ordered-interaction-1-24,right,increasing,ordered,interaction,1,single,2026-03-18 15:23:49.170
288,693b90a846083092cd5d1f9f,9746,1,31,linechart-real-26-shuffled-interaction-1-6,right,increasing,shuffled,interaction,1,single,2026-03-18 15:23:59.580
289,663042c090c098dc6d09dbb6,20938,1,0,linechart-real-24-shuffled-main_effect-0-3,left,increasing,shuffled,main_effect,0,dual,2026-03-18 15:24:08.611
290,63dac3039dddeaa909a790fb,14328,1,0,linechart-real-1-shuffled-interaction-0-30,left,increasing,shuffled,interaction,0,dual,2026-03-18 15:24:25.296
291,63dac3039dddeaa909a790fb,7370,1,1,linechart-real-28-ordered-main_effect-1-27,right,increasing,ordered,main_effect,1,dual,2026-03-18 15:24:33.448
292,63dac3039dddeaa909a790fb,6784,1,2,linechart-real-23-shuffled-interaction-0-23,left,increasing,shuffled,interaction,0,dual,2026-03-18 15:24:41.114
293,63dac3039dddeaa909a790fb,9641,1,3,linechart-real-4-ordered-interaction-0-9,left,increasing,ordered,interaction,0,dual,2026-03-18 15:24:51.629
294,663042c090c098dc6d09dbb6,44246,1,1,linechart-real-13-ordered-main_effect-0-31,left,increasing,ordered,main_effect,0,dual,2026-03-18 15:24:53.590
295,63dac3039dddeaa909a790fb,15784,1,4,linechart-real-27-ordered-main_effect-1-11,right,increasing,ordered,main_effect,1,dual,2026-03-18 15:25:08.248
296,63dac3039dddeaa909a790fb,13338,1,5,linechart-real-13-ordered-interaction-0-17,left,increasing,ordered,interaction,0,dual,2026-03-18 15:25:22.311
297,663042c090c098dc6d09dbb6,28414,1,2,linechart-real-20-ordered-interaction-0-22,left,increasing,ordered,interaction,0,dual,2026-03-18 15:25:22.735
298,63dac3039dddeaa909a790fb,9821,1,6,linechart-real-11-ordered-interaction-1-16,right,increasing,ordered,interaction,1,dual,2026-03-18 15:25:32.944
299,663042c090c098dc6d09dbb6,12644,1,3,linechart-real-9-shuffled-main_effect-1-18,right,increasing,shuffled,main_effect,1,dual,2026-03-18 15:25:36.093
300,63dac3039dddeaa909a790fb,5293,1,7,linechart-real-14-shuffled-interaction-1-22,right,increasing,shuffled,interaction,1,dual,2026-03-18 15:25:39.019
301,63dac3039dddeaa909a790fb,10011,0,8,linechart-real-6-shuffled-main_effect-1-3,left,increasing,shuffled,main_effect,1,dual,2026-03-18 15:25:52.896
302,663042c090c098dc6d09dbb6,16409,1,4,linechart-real-25-ordered-main_effect-0-26,left,increasing,ordered,main_effect,0,dual,2026-03-18 15:25:53.207
303,663042c090c098dc6d09dbb6,5443,1,5,linechart-real-1-shuffled-main_effect-1-12,right,increasing,shuffled,main_effect,1,dual,2026-03-18 15:25:59.369
304,63dac3039dddeaa909a790fb,9683,1,9,linechart-real-31-shuffled-main_effect-1-20,right,increasing,shuffled,main_effect,1,dual,2026-03-18 15:26:04.371
305,63dac3039dddeaa909a790fb,8236,1,10,linechart-real-21-shuffled-main_effect-0-31,left,increasing,shuffled,main_effect,0,dual,2026-03-18 15:26:13.354
306,663042c090c098dc6d09dbb6,19137,1,6,linechart-real-0-shuffled-interaction-0-6,left,increasing,shuffled,interaction,0,dual,2026-03-18 15:26:19.243
307,63dac3039dddeaa909a790fb,10388,1,11,linechart-real-16-ordered-interaction-0-7,left,increasing,ordered,interaction,0,dual,2026-03-18 15:26:24.531
308,63dac3039dddeaa909a790fb,13471,1,12,linechart-real-3-shuffled-main_effect-0-14,left,increasing,shuffled,main_effect,0,dual,2026-03-18 15:26:38.815
309,663042c090c098dc6d09dbb6,23037,1,7,linechart-real-18-shuffled-main_effect-1-19,right,increasing,shuffled,main_effect,1,dual,2026-03-18 15:26:42.994
310,63dac3039dddeaa909a790fb,8444,1,13,linechart-real-29-ordered-interaction-1-6,right,increasing,ordered,interaction,1,dual,2026-03-18 15:26:48.108
311,69929ba3656edf355205efdb,41464,1,16,linechart-real-25-ordered-main_effect-0-8,left,increasing,ordered,main_effect,0,single,2026-03-18 15:26:49.023
312,63dac3039dddeaa909a790fb,9727,1,14,linechart-real-17-ordered-main_effect-0-10,left,increasing,ordered,main_effect,0,dual,2026-03-18 15:26:58.602
313,63dac3039dddeaa909a790fb,7871,1,15,linechart-real-9-shuffled-main_effect-1-18,right,increasing,shuffled,main_effect,1,dual,2026-03-18 15:27:07.230
314,63dac3039dddeaa909a790fb,5237,1,16,linechart-real-2-ordered-interaction-1-26,right,increasing,ordered,interaction,1,dual,2026-03-18 15:27:19.198
315,63dac3039dddeaa909a790fb,5613,1,17,linechart-real-18-ordered-main_effect-1-13,right,increasing,ordered,main_effect,1,dual,2026-03-18 15:27:25.658
316,63dac3039dddeaa909a790fb,9300,1,18,linechart-real-10-shuffled-main_effect-1-12,right,increasing,shuffled,main_effect,1,dual,2026-03-18 15:27:35.768
317,63dac3039dddeaa909a790fb,6558,1,19,linechart-real-0-shuffled-interaction-0-1,left,increasing,shuffled,interaction,0,dual,2026-03-18 15:27:43.132
318,63dac3039dddeaa909a790fb,8954,1,20,linechart-real-7-ordered-main_effect-0-28,left,increasing,ordered,main_effect,0,dual,2026-03-18 15:27:52.878
319,63dac3039dddeaa909a790fb,6632,1,21,linechart-real-25-ordered-main_effect-1-8,right,increasing,ordered,main_effect,1,dual,2026-03-18 15:28:00.241
320,63dac3039dddeaa909a790fb,2745,1,22,linechart-real-24-ordered-interaction-0-19,left,increasing,ordered,interaction,0,dual,2026-03-18 15:28:03.868
321,63dac3039dddeaa909a790fb,3735,1,23,linechart-real-5-shuffled-interaction-0-0,left,increasing,shuffled,interaction,0,dual,2026-03-18 15:28:08.417
322,69929ba3656edf355205efdb,69300,1,17,linechart-real-8-ordered-interaction-1-18,right,increasing,ordered,interaction,1,single,2026-03-18 15:27:59.003
323,69929ba3656edf355205efdb,4846,1,18,linechart-real-30-shuffled-interaction-1-16,right,increasing,shuffled,interaction,1,single,2026-03-18 15:28:04.489
324,63dac3039dddeaa909a790fb,6041,1,24,linechart-real-19-shuffled-interaction-1-2,right,increasing,shuffled,interaction,1,dual,2026-03-18 15:28:17.385
325,69929ba3656edf355205efdb,8175,0,19,linechart-real-23-shuffled-main_effect-1-12,left,increasing,shuffled,main_effect,1,single,2026-03-18 15:28:13.299
326,63dac3039dddeaa909a790fb,5906,1,25,linechart-real-22-shuffled-main_effect-0-25,left,increasing,shuffled,main_effect,0,dual,2026-03-18 15:28:24.090
327,63dac3039dddeaa909a790fb,9788,1,26,linechart-real-8-ordered-main_effect-0-24,left,increasing,ordered,main_effect,0,dual,2026-03-18 15:28:34.673
328,69929ba3656edf355205efdb,11034,1,20,linechart-real-5-shuffled-main_effect-0-20,left,increasing,shuffled,main_effect,0,single,2026-03-18 15:28:25.985
329,63dac3039dddeaa909a790fb,5885,1,27,linechart-real-20-ordered-interaction-1-4,right,increasing,ordered,interaction,1,dual,2026-03-18 15:28:41.369
330,69929ba3656edf355205efdb,10687,1,21,linechart-real-19-shuffled-main_effect-0-6,left,increasing,shuffled,main_effect,0,single,2026-03-18 15:28:37.329
331,63dac3039dddeaa909a790fb,6397,1,28,linechart-real-26-shuffled-interaction-1-29,right,increasing,shuffled,interaction,1,dual,2026-03-18 15:28:48.577
332,69929ba3656edf355205efdb,4565,1,22,linechart-real-27-ordered-interaction-1-25,right,increasing,ordered,interaction,1,single,2026-03-18 15:28:42.520
333,63dac3039dddeaa909a790fb,3991,1,29,linechart-real-12-shuffled-main_effect-0-15,left,increasing,shuffled,main_effect,0,dual,2026-03-18 15:28:53.374
334,63dac3039dddeaa909a790fb,7643,1,30,linechart-real-15-shuffled-interaction-1-5,right,increasing,shuffled,interaction,1,dual,2026-03-18 15:29:01.814
335,63dac3039dddeaa909a790fb,8796,1,31,linechart-real-30-ordered-main_effect-0-21,left,increasing,ordered,main_effect,0,dual,2026-03-18 15:29:11.429
336,663042c090c098dc6d09dbb6,24706,1,8,linechart-real-4-ordered-main_effect-1-17,right,increasing,ordered,main_effect,1,dual,2026-03-18 15:29:19.057
337,69929ba3656edf355205efdb,38890,1,23,linechart-real-3-ordered-main_effect-0-30,left,increasing,ordered,main_effect,0,single,2026-03-18 15:29:21.972
338,663042c090c098dc6d09dbb6,19035,1,9,linechart-real-23-ordered-main_effect-1-7,right,increasing,ordered,main_effect,1,dual,2026-03-18 15:29:38.805
339,69929ba3656edf355205efdb,7688,1,24,linechart-real-16-ordered-main_effect-0-7,left,increasing,ordered,main_effect,0,single,2026-03-18 15:29:33.021
340,69929ba3656edf355205efdb,9107,1,25,linechart-real-14-shuffled-interaction-0-23,left,increasing,shuffled,interaction,0,single,2026-03-18 15:29:42.759
341,69929ba3656edf355205efdb,11581,1,26,linechart-real-9-shuffled-interaction-0-17,left,increasing,shuffled,interaction,0,single,2026-03-18 15:29:54.964
342,69929ba3656edf355205efdb,7111,1,27,linechart-real-12-ordered-interaction-0-24,left,increasing,ordered,interaction,0,single,2026-03-18 15:30:02.709
343,663042c090c098dc6d09dbb6,38486,1,10,linechart-real-30-shuffled-interaction-1-11,right,increasing,shuffled,interaction,1,dual,2026-03-18 15:30:18.012
344,69929ba3656edf355205efdb,8974,0,28,linechart-real-11-shuffled-interaction-1-0,left,increasing,shuffled,interaction,1,single,2026-03-18 15:30:12.322
345,69929ba3656edf355205efdb,24037,1,29,linechart-real-20-shuffled-main_effect-0-29,left,increasing,shuffled,main_effect,0,single,2026-03-18 15:30:37.980
346,663042c090c098dc6d09dbb6,31934,1,11,linechart-real-22-shuffled-main_effect-0-30,left,increasing,shuffled,main_effect,0,dual,2026-03-18 15:30:50.656
347,69929ba3656edf355205efdb,6234,1,30,linechart-real-28-shuffled-main_effect-1-5,right,increasing,shuffled,main_effect,1,single,2026-03-18 15:30:44.809
348,663042c090c098dc6d09dbb6,16764,1,12,linechart-real-19-shuffled-main_effect-0-8,left,increasing,shuffled,main_effect,0,dual,2026-03-18 15:31:08.137
349,663042c090c098dc6d09dbb6,30233,1,13,linechart-real-7-shuffled-interaction-0-5,left,increasing,shuffled,interaction,0,dual,2026-03-18 15:31:39.088
350,69929ba3656edf355205efdb,80332,1,31,linechart-real-24-shuffled-interaction-1-21,right,increasing,shuffled,interaction,1,single,2026-03-18 15:32:05.787
351,663042c090c098dc6d09dbb6,78632,1,14,linechart-real-3-shuffled-interaction-0-21,left,increasing,shuffled,interaction,0,dual,2026-03-18 15:32:58.435
352,663042c090c098dc6d09dbb6,14821,1,15,linechart-real-12-ordered-interaction-1-15,right,increasing,ordered,interaction,1,dual,2026-03-18 15:33:13.970
353,663042c090c098dc6d09dbb6,58780,1,16,linechart-real-2-shuffled-interaction-0-24,left,increasing,shuffled,interaction,0,dual,2026-03-18 15:36:12.154
354,663042c090c098dc6d09dbb6,22530,1,17,linechart-real-29-ordered-interaction-0-10,left,increasing,ordered,interaction,0,dual,2026-03-18 15:36:35.403
355,663042c090c098dc6d09dbb6,14649,1,18,linechart-real-17-ordered-interaction-1-27,right,increasing,ordered,interaction,1,dual,2026-03-18 15:36:50.720
356,663042c090c098dc6d09dbb6,21311,1,19,linechart-real-16-shuffled-main_effect-1-9,right,increasing,shuffled,main_effect,1,dual,2026-03-18 15:37:12.766
357,663042c090c098dc6d09dbb6,16083,1,20,linechart-real-31-shuffled-main_effect-1-25,right,increasing,shuffled,main_effect,1,dual,2026-03-18 15:37:29.577
358,663042c090c098dc6d09dbb6,22883,1,21,linechart-real-5-ordered-interaction-1-13,right,increasing,ordered,interaction,1,dual,2026-03-18 15:37:53.181
359,663042c090c098dc6d09dbb6,15130,1,22,linechart-real-27-ordered-main_effect-0-29,left,increasing,ordered,main_effect,0,dual,2026-03-18 15:38:09.020
360,663042c090c098dc6d09dbb6,20273,1,23,linechart-real-26-shuffled-interaction-0-1,left,increasing,shuffled,interaction,0,dual,2026-03-18 15:38:30.008
361,663042c090c098dc6d09dbb6,12551,1,24,linechart-real-15-ordered-interaction-1-2,right,increasing,ordered,interaction,1,dual,2026-03-18 15:39:20.748
362,663042c090c098dc6d09dbb6,11760,1,25,linechart-real-10-ordered-main_effect-1-20,right,increasing,ordered,main_effect,1,dual,2026-03-18 15:39:33.244
363,663042c090c098dc6d09dbb6,16764,1,26,linechart-real-21-shuffled-interaction-0-4,left,increasing,shuffled,interaction,0,dual,2026-03-18 15:39:50.680
364,663042c090c098dc6d09dbb6,15443,1,27,linechart-real-14-ordered-main_effect-1-23,right,increasing,ordered,main_effect,1,dual,2026-03-18 15:40:06.838
365,663042c090c098dc6d09dbb6,16715,1,28,linechart-real-8-shuffled-interaction-0-0,left,increasing,shuffled,interaction,0,dual,2026-03-18 15:40:24.265
366,663042c090c098dc6d09dbb6,23194,1,29,linechart-real-28-ordered-main_effect-0-14,left,increasing,ordered,main_effect,0,dual,2026-03-18 15:40:48.184
367,663042c090c098dc6d09dbb6,33798,1,30,linechart-real-11-ordered-interaction-1-28,right,increasing,ordered,interaction,1,dual,2026-03-18 15:41:22.690
368,663042c090c098dc6d09dbb6,10682,1,31,linechart-real-6-ordered-interaction-1-16,right,increasing,ordered,interaction,1,dual,2026-03-18 15:41:34.032
369,64badb09518eb5b219132eea,9903,1,0,linechart-real-14-ordered-main_effect-0-13,left,increasing,ordered,main_effect,0,single,2026-03-18 15:56:34.338
370,64badb09518eb5b219132eea,9048,1,1,linechart-real-31-ordered-main_effect-1-6,right,increasing,ordered,main_effect,1,single,2026-03-18 15:56:44.438
371,64badb09518eb5b219132eea,6588,1,2,linechart-real-0-ordered-interaction-1-3,right,increasing,ordered,interaction,1,single,2026-03-18 15:56:51.898
372,64badb09518eb5b219132eea,8284,1,3,linechart-real-6-shuffled-main_effect-0-22,left,increasing,shuffled,main_effect,0,single,2026-03-18 15:57:00.876
373,64badb09518eb5b219132eea,10635,1,4,linechart-real-17-ordered-interaction-1-0,right,increasing,ordered,interaction,1,single,2026-03-18 15:57:12.434
374,64badb09518eb5b219132eea,6884,1,5,linechart-real-28-shuffled-interaction-1-17,right,increasing,shuffled,interaction,1,single,2026-03-18 15:57:20.256
375,64badb09518eb5b219132eea,9247,1,6,linechart-real-24-ordered-main_effect-0-29,left,increasing,ordered,main_effect,0,single,2026-03-18 15:57:30.721
376,64badb09518eb5b219132eea,13227,1,7,linechart-real-29-shuffled-interaction-1-12,right,increasing,shuffled,interaction,1,single,2026-03-18 15:57:44.617
377,64badb09518eb5b219132eea,8997,1,8,linechart-real-1-shuffled-main_effect-0-25,left,increasing,shuffled,main_effect,0,single,2026-03-18 15:58:36.407
378,64badb09518eb5b219132eea,9700,1,9,linechart-real-19-shuffled-interaction-0-8,left,increasing,shuffled,interaction,0,single,2026-03-18 15:58:47.145
379,64badb09518eb5b219132eea,7742,1,10,linechart-real-15-shuffled-main_effect-1-30,right,increasing,shuffled,main_effect,1,single,2026-03-18 15:58:55.785
380,64badb09518eb5b219132eea,10191,1,11,linechart-real-3-ordered-interaction-1-5,right,increasing,ordered,interaction,1,single,2026-03-18 15:59:07.005
381,64badb09518eb5b219132eea,8495,1,12,linechart-real-26-shuffled-main_effect-0-31,left,increasing,shuffled,main_effect,0,single,2026-03-18 15:59:16.354
382,64badb09518eb5b219132eea,8274,1,13,linechart-real-5-shuffled-interaction-1-7,right,increasing,shuffled,interaction,1,single,2026-03-18 15:59:25.665
383,64badb09518eb5b219132eea,6135,1,14,linechart-real-12-ordered-interaction-1-21,right,increasing,ordered,interaction,1,single,2026-03-18 15:59:32.630
384,64badb09518eb5b219132eea,9630,1,15,linechart-real-22-ordered-main_effect-0-10,left,increasing,ordered,main_effect,0,single,2026-03-18 15:59:43.202
385,64badb09518eb5b219132eea,9562,1,16,linechart-real-25-shuffled-main_effect-0-9,left,increasing,shuffled,main_effect,0,single,2026-03-18 16:00:27.886
386,64badb09518eb5b219132eea,5487,1,17,linechart-real-2-shuffled-interaction-1-19,right,increasing,shuffled,interaction,1,single,2026-03-18 16:00:34.327
387,64badb09518eb5b219132eea,8525,1,18,linechart-real-30-shuffled-interaction-0-2,left,increasing,shuffled,interaction,0,single,2026-03-18 16:00:43.942
388,64badb09518eb5b219132eea,8408,1,19,linechart-real-21-ordered-interaction-0-4,left,increasing,ordered,interaction,0,single,2026-03-18 16:00:53.155
389,64badb09518eb5b219132eea,5481,1,20,linechart-real-23-ordered-interaction-0-20,left,increasing,ordered,interaction,0,single,2026-03-18 16:00:59.750
390,64badb09518eb5b219132eea,8075,1,21,linechart-real-18-shuffled-main_effect-0-23,left,increasing,shuffled,main_effect,0,single,2026-03-18 16:01:08.882
391,64badb09518eb5b219132eea,8792,1,22,linechart-real-13-ordered-interaction-1-27,right,increasing,ordered,interaction,1,single,2026-03-18 16:01:18.545
392,64badb09518eb5b219132eea,7111,1,23,linechart-real-11-ordered-main_effect-1-1,right,increasing,ordered,main_effect,1,single,2026-03-18 16:01:26.572
393,64badb09518eb5b219132eea,7402,1,24,linechart-real-20-ordered-main_effect-0-18,left,increasing,ordered,main_effect,0,single,2026-03-18 16:02:23.843
394,64badb09518eb5b219132eea,9021,1,25,linechart-real-4-ordered-main_effect-0-26,left,increasing,ordered,main_effect,0,single,2026-03-18 16:02:33.788
395,64badb09518eb5b219132eea,7550,1,26,linechart-real-8-shuffled-main_effect-1-15,right,increasing,shuffled,main_effect,1,single,2026-03-18 16:02:42.267
396,64badb09518eb5b219132eea,9693,1,27,linechart-real-27-ordered-main_effect-0-28,left,increasing,ordered,main_effect,0,single,2026-03-18 16:02:53.129
397,64badb09518eb5b219132eea,5757,1,28,linechart-real-7-shuffled-main_effect-1-16,right,increasing,shuffled,main_effect,1,single,2026-03-18 16:02:59.926
398,64badb09518eb5b219132eea,6906,1,29,linechart-real-10-shuffled-interaction-0-11,left,increasing,shuffled,interaction,0,single,2026-03-18 16:03:07.845
399,64badb09518eb5b219132eea,12545,1,30,linechart-real-16-shuffled-interaction-1-14,right,increasing,shuffled,interaction,1,single,2026-03-18 16:03:21.362
400,64badb09518eb5b219132eea,6644,1,31,linechart-real-9-ordered-interaction-1-24,right,increasing,ordered,interaction,1,single,2026-03-18 16:03:28.875
401,695fb0485e22f6e6da1dfe02,8692,1,0,linechart-real-15-shuffled-interaction-1-15,right,increasing,shuffled,interaction,1,dual,2026-03-18 16:06:57.907
402,695fb0485e22f6e6da1dfe02,8937,1,1,linechart-real-20-shuffled-interaction-0-20,left,increasing,shuffled,interaction,0,dual,2026-03-18 16:07:07.428
403,695fb0485e22f6e6da1dfe02,15197,1,2,linechart-real-22-shuffled-main_effect-0-13,left,increasing,shuffled,main_effect,0,dual,2026-03-18 16:07:23.232
404,695fb0485e22f6e6da1dfe02,15706,1,3,linechart-real-26-ordered-interaction-1-17,right,increasing,ordered,interaction,1,dual,2026-03-18 16:07:39.544
405,6405feae7d6321bfaaf793e8,10937,1,0,linechart-real-11-shuffled-main_effect-0-24,left,increasing,shuffled,main_effect,0,dual,2026-03-18 16:07:46.138
406,695fb0485e22f6e6da1dfe02,14697,1,4,linechart-real-7-shuffled-interaction-0-7,left,increasing,shuffled,interaction,0,dual,2026-03-18 16:07:54.825
407,6405feae7d6321bfaaf793e8,7796,1,1,linechart-real-13-ordered-interaction-0-10,left,increasing,ordered,interaction,0,dual,2026-03-18 16:07:54.773
408,6405feae7d6321bfaaf793e8,6206,1,2,linechart-real-24-ordered-interaction-1-29,right,increasing,ordered,interaction,1,dual,2026-03-18 16:08:01.705
409,6405feae7d6321bfaaf793e8,5411,1,3,linechart-real-14-ordered-main_effect-1-27,right,increasing,ordered,main_effect,1,dual,2026-03-18 16:08:07.952
410,695fb0485e22f6e6da1dfe02,13284,1,5,linechart-real-6-ordered-interaction-1-0,right,increasing,ordered,interaction,1,dual,2026-03-18 16:08:08.685
411,6405feae7d6321bfaaf793e8,7166,1,4,linechart-real-31-ordered-main_effect-1-5,right,increasing,ordered,main_effect,1,dual,2026-03-18 16:08:16.056
412,695fb0485e22f6e6da1dfe02,8519,1,6,linechart-real-9-shuffled-main_effect-1-12,right,increasing,shuffled,main_effect,1,dual,2026-03-18 16:08:17.769
413,6405feae7d6321bfaaf793e8,8316,1,5,linechart-real-20-shuffled-interaction-0-4,left,increasing,shuffled,interaction,0,dual,2026-03-18 16:08:25.195
414,6405feae7d6321bfaaf793e8,9501,1,6,linechart-real-1-shuffled-interaction-0-13,left,increasing,shuffled,interaction,0,dual,2026-03-18 16:08:35.494
415,695fb0485e22f6e6da1dfe02,18893,1,7,linechart-real-25-shuffled-interaction-1-29,right,increasing,shuffled,interaction,1,dual,2026-03-18 16:08:37.241
416,6405feae7d6321bfaaf793e8,9489,1,7,linechart-real-30-shuffled-interaction-1-6,right,increasing,shuffled,interaction,1,dual,2026-03-18 16:08:45.823
417,695fb0485e22f6e6da1dfe02,7359,1,8,linechart-real-18-ordered-main_effect-1-25,right,increasing,ordered,main_effect,1,dual,2026-03-18 16:08:49.906
418,6405feae7d6321bfaaf793e8,7707,1,8,linechart-real-7-ordered-main_effect-0-0,left,increasing,ordered,main_effect,0,dual,2026-03-18 16:08:57.661
419,695fb0485e22f6e6da1dfe02,13233,1,9,linechart-real-10-ordered-interaction-0-3,left,increasing,ordered,interaction,0,dual,2026-03-18 16:09:03.728
420,6405feae7d6321bfaaf793e8,5688,1,9,linechart-real-22-shuffled-interaction-1-28,right,increasing,shuffled,interaction,1,dual,2026-03-18 16:09:03.964
421,6405feae7d6321bfaaf793e8,7107,1,10,linechart-real-26-shuffled-main_effect-1-11,right,increasing,shuffled,main_effect,1,dual,2026-03-18 16:09:11.705
422,695fb0485e22f6e6da1dfe02,8273,1,10,linechart-real-16-ordered-interaction-1-22,right,increasing,ordered,interaction,1,dual,2026-03-18 16:09:12.599
423,6405feae7d6321bfaaf793e8,5801,1,11,linechart-real-15-ordered-main_effect-0-1,left,increasing,ordered,main_effect,0,dual,2026-03-18 16:09:18.385
424,695fb0485e22f6e6da1dfe02,8043,0,11,linechart-real-13-shuffled-interaction-1-19,left,increasing,shuffled,interaction,1,dual,2026-03-18 16:09:21.223
425,6405feae7d6321bfaaf793e8,8233,1,12,linechart-real-0-ordered-interaction-0-3,left,increasing,ordered,interaction,0,dual,2026-03-18 16:09:27.473
426,6405feae7d6321bfaaf793e8,6145,1,13,linechart-real-4-shuffled-main_effect-1-31,right,increasing,shuffled,main_effect,1,dual,2026-03-18 16:09:34.426
427,695fb0485e22f6e6da1dfe02,13012,0,12,linechart-real-30-ordered-main_effect-0-9,right,increasing,ordered,main_effect,0,dual,2026-03-18 16:09:35.849
428,6405feae7d6321bfaaf793e8,10288,1,14,linechart-real-23-shuffled-main_effect-1-14,right,increasing,shuffled,main_effect,1,dual,2026-03-18 16:09:45.605
429,6405feae7d6321bfaaf793e8,5353,1,15,linechart-real-16-shuffled-main_effect-0-19,left,increasing,shuffled,main_effect,0,dual,2026-03-18 16:09:51.832
430,695fb0485e22f6e6da1dfe02,19973,1,13,linechart-real-24-shuffled-interaction-0-6,left,increasing,shuffled,interaction,0,dual,2026-03-18 16:09:57.432
431,6405feae7d6321bfaaf793e8,5702,1,16,linechart-real-6-ordered-main_effect-1-30,right,increasing,ordered,main_effect,1,dual,2026-03-18 16:10:00.340
432,6405feae7d6321bfaaf793e8,7351,1,17,linechart-real-2-shuffled-interaction-0-16,left,increasing,shuffled,interaction,0,dual,2026-03-18 16:10:08.570
433,695fb0485e22f6e6da1dfe02,10809,1,14,linechart-real-11-shuffled-main_effect-0-28,left,increasing,shuffled,main_effect,0,dual,2026-03-18 16:10:09.175
434,6405feae7d6321bfaaf793e8,6193,1,18,linechart-real-18-ordered-main_effect-0-8,left,increasing,ordered,main_effect,0,dual,2026-03-18 16:10:15.611
435,695fb0485e22f6e6da1dfe02,7783,0,15,linechart-real-31-ordered-main_effect-1-18,left,increasing,ordered,main_effect,1,dual,2026-03-18 16:10:17.549
436,6405feae7d6321bfaaf793e8,9367,1,19,linechart-real-12-ordered-interaction-1-7,right,increasing,ordered,interaction,1,dual,2026-03-18 16:10:25.747
437,6405feae7d6321bfaaf793e8,6699,1,20,linechart-real-10-shuffled-interaction-0-23,left,increasing,shuffled,interaction,0,dual,2026-03-18 16:10:33.319
438,695fb0485e22f6e6da1dfe02,7234,1,16,linechart-real-12-ordered-main_effect-0-24,left,increasing,ordered,main_effect,0,dual,2026-03-18 16:10:35.064
439,6405feae7d6321bfaaf793e8,6126,1,21,linechart-real-25-shuffled-interaction-0-17,left,increasing,shuffled,interaction,0,dual,2026-03-18 16:10:40.223
440,695fb0485e22f6e6da1dfe02,6524,1,17,linechart-real-0-shuffled-main_effect-0-23,left,increasing,shuffled,main_effect,0,dual,2026-03-18 16:10:42.174
441,6405feae7d6321bfaaf793e8,5691,1,22,linechart-real-21-shuffled-main_effect-1-2,right,increasing,shuffled,main_effect,1,dual,2026-03-18 16:10:46.649
442,695fb0485e22f6e6da1dfe02,8746,0,18,linechart-real-27-shuffled-interaction-1-8,left,increasing,shuffled,interaction,1,dual,2026-03-18 16:10:51.517
443,6405feae7d6321bfaaf793e8,6433,1,23,linechart-real-29-shuffled-main_effect-1-25,right,increasing,shuffled,main_effect,1,dual,2026-03-18 16:10:53.778
444,695fb0485e22f6e6da1dfe02,11904,1,19,linechart-real-19-shuffled-main_effect-0-5,left,increasing,shuffled,main_effect,0,dual,2026-03-18 16:11:05.025
445,6405feae7d6321bfaaf793e8,8002,1,24,linechart-real-19-ordered-main_effect-0-26,left,increasing,ordered,main_effect,0,dual,2026-03-18 16:11:04.728
446,6405feae7d6321bfaaf793e8,6288,1,25,linechart-real-9-ordered-interaction-1-20,right,increasing,ordered,interaction,1,dual,2026-03-18 16:11:11.617
447,695fb0485e22f6e6da1dfe02,8541,1,20,linechart-real-21-ordered-main_effect-0-10,left,increasing,ordered,main_effect,0,dual,2026-03-18 16:11:14.143
448,6405feae7d6321bfaaf793e8,7490,1,26,linechart-real-27-ordered-interaction-0-15,left,increasing,ordered,interaction,0,dual,2026-03-18 16:11:19.985
449,6405feae7d6321bfaaf793e8,5298,1,27,linechart-real-8-shuffled-main_effect-1-12,right,increasing,shuffled,main_effect,1,dual,2026-03-18 16:11:26.089
450,695fb0485e22f6e6da1dfe02,14022,1,21,linechart-real-3-ordered-interaction-1-4,right,increasing,ordered,interaction,1,dual,2026-03-18 16:11:28.772
451,6405feae7d6321bfaaf793e8,5774,1,28,linechart-real-17-ordered-interaction-0-21,left,increasing,ordered,interaction,0,dual,2026-03-18 16:11:32.606
452,695fb0485e22f6e6da1dfe02,8448,1,22,linechart-real-2-ordered-interaction-0-31,left,increasing,ordered,interaction,0,dual,2026-03-18 16:11:37.817
453,6405feae7d6321bfaaf793e8,4215,1,29,linechart-real-28-ordered-main_effect-1-22,right,increasing,ordered,main_effect,1,dual,2026-03-18 16:11:37.670
454,6405feae7d6321bfaaf793e8,6413,1,30,linechart-real-5-ordered-interaction-0-9,left,increasing,ordered,interaction,0,dual,2026-03-18 16:11:44.846
455,695fb0485e22f6e6da1dfe02,10140,1,23,linechart-real-23-ordered-interaction-1-1,right,increasing,ordered,interaction,1,dual,2026-03-18 16:11:48.562
456,6405feae7d6321bfaaf793e8,4390,1,31,linechart-real-3-shuffled-interaction-1-18,right,increasing,shuffled,interaction,1,dual,2026-03-18 16:11:50.065
457,695fb0485e22f6e6da1dfe02,7546,1,24,linechart-real-1-ordered-main_effect-0-14,left,increasing,ordered,main_effect,0,dual,2026-03-18 16:11:59.128
458,695fb0485e22f6e6da1dfe02,7654,1,25,linechart-real-29-shuffled-interaction-0-30,left,increasing,shuffled,interaction,0,dual,2026-03-18 16:12:07.358
459,695fb0485e22f6e6da1dfe02,7014,1,26,linechart-real-5-ordered-main_effect-1-2,right,increasing,ordered,main_effect,1,dual,2026-03-18 16:12:14.968
460,695fb0485e22f6e6da1dfe02,6556,1,27,linechart-real-17-shuffled-main_effect-0-11,left,increasing,shuffled,main_effect,0,dual,2026-03-18 16:12:22.103
461,695fb0485e22f6e6da1dfe02,7243,1,28,linechart-real-4-shuffled-main_effect-1-26,right,increasing,shuffled,main_effect,1,dual,2026-03-18 16:12:29.950
462,695fb0485e22f6e6da1dfe02,7222,1,29,linechart-real-8-ordered-main_effect-1-16,right,increasing,ordered,main_effect,1,dual,2026-03-18 16:12:37.775
463,695fb0485e22f6e6da1dfe02,9502,1,30,linechart-real-28-ordered-interaction-0-21,left,increasing,ordered,interaction,0,dual,2026-03-18 16:12:47.853
464,695fb0485e22f6e6da1dfe02,7082,1,31,linechart-real-14-shuffled-main_effect-1-27,right,increasing,shuffled,main_effect,1,dual,2026-03-18 16:12:55.529
465,699a2189c3a62af43ad41469,8974,1,0,linechart-real-31-ordered-main_effect-1-20,right,increasing,ordered,main_effect,1,single,2026-03-18 16:17:38.288
466,699a2189c3a62af43ad41469,18034,1,1,linechart-real-14-shuffled-interaction-0-7,left,increasing,shuffled,interaction,0,single,2026-03-18 16:17:57.081
467,699a2189c3a62af43ad41469,11385,1,2,linechart-real-18-ordered-interaction-0-15,left,increasing,ordered,interaction,0,single,2026-03-18 16:18:09.220
468,699a2189c3a62af43ad41469,20284,1,3,linechart-real-23-shuffled-main_effect-0-2,left,increasing,shuffled,main_effect,0,single,2026-03-18 16:18:30.214
469,699a2189c3a62af43ad41469,10410,1,4,linechart-real-24-shuffled-main_effect-1-30,right,increasing,shuffled,main_effect,1,single,2026-03-18 16:18:41.361
470,699a2189c3a62af43ad41469,11649,1,5,linechart-real-10-shuffled-main_effect-1-18,right,increasing,shuffled,main_effect,1,single,2026-03-18 16:18:53.798
471,699a2189c3a62af43ad41469,6005,1,6,linechart-real-28-shuffled-main_effect-0-29,left,increasing,shuffled,main_effect,0,single,2026-03-18 16:19:00.570
472,699a2189c3a62af43ad41469,7927,1,7,linechart-real-12-ordered-interaction-1-10,right,increasing,ordered,interaction,1,single,2026-03-18 16:19:09.258
473,699a2189c3a62af43ad41469,9340,1,8,linechart-real-29-ordered-interaction-0-3,left,increasing,ordered,interaction,0,single,2026-03-18 16:19:22.114
474,699a2189c3a62af43ad41469,7723,1,9,linechart-real-11-shuffled-interaction-1-11,right,increasing,shuffled,interaction,1,single,2026-03-18 16:19:30.595
475,699a2189c3a62af43ad41469,7204,1,10,linechart-real-21-shuffled-main_effect-0-17,left,increasing,shuffled,main_effect,0,single,2026-03-18 16:19:38.542
476,699a2189c3a62af43ad41469,7175,1,11,linechart-real-9-ordered-interaction-0-31,left,increasing,ordered,interaction,0,single,2026-03-18 16:19:46.400
477,699a2189c3a62af43ad41469,7554,1,12,linechart-real-27-ordered-main_effect-1-4,right,increasing,ordered,main_effect,1,single,2026-03-18 16:19:54.715
478,699a2189c3a62af43ad41469,7377,1,13,linechart-real-5-ordered-main_effect-0-28,left,increasing,ordered,main_effect,0,single,2026-03-18 16:20:02.890
479,699a2189c3a62af43ad41469,11462,1,14,linechart-real-30-shuffled-interaction-1-22,right,increasing,shuffled,interaction,1,single,2026-03-18 16:20:15.138
480,699a2189c3a62af43ad41469,8819,1,15,linechart-real-2-shuffled-main_effect-1-26,right,increasing,shuffled,main_effect,1,single,2026-03-18 16:20:24.739
481,699a2189c3a62af43ad41469,15552,1,16,linechart-real-8-ordered-main_effect-0-5,left,increasing,ordered,main_effect,0,single,2026-03-18 16:20:43.282
482,699a2189c3a62af43ad41469,14063,1,17,linechart-real-0-shuffled-interaction-0-9,left,increasing,shuffled,interaction,0,single,2026-03-18 16:20:58.113
483,699a2189c3a62af43ad41469,16071,1,18,linechart-real-22-shuffled-interaction-0-13,left,increasing,shuffled,interaction,0,single,2026-03-18 16:21:14.979
484,699a2189c3a62af43ad41469,6384,1,19,linechart-real-20-shuffled-interaction-0-23,left,increasing,shuffled,interaction,0,single,2026-03-18 16:21:22.121
485,699a2189c3a62af43ad41469,8857,1,20,linechart-real-3-shuffled-main_effect-0-27,left,increasing,shuffled,main_effect,0,single,2026-03-18 16:21:31.792
486,699a2189c3a62af43ad41469,8102,1,21,linechart-real-6-ordered-main_effect-1-25,right,increasing,ordered,main_effect,1,single,2026-03-18 16:21:40.576
487,699a2189c3a62af43ad41469,11340,1,22,linechart-real-26-ordered-interaction-1-12,right,increasing,ordered,interaction,1,single,2026-03-18 16:21:52.699
488,699a2189c3a62af43ad41469,6442,1,23,linechart-real-17-ordered-main_effect-1-14,right,increasing,ordered,main_effect,1,single,2026-03-18 16:21:59.848
489,699a2189c3a62af43ad41469,8554,1,24,linechart-real-15-shuffled-interaction-1-8,right,increasing,shuffled,interaction,1,single,2026-03-18 16:22:10.804
490,699a2189c3a62af43ad41469,5285,1,25,linechart-real-25-ordered-main_effect-1-16,right,increasing,ordered,main_effect,1,single,2026-03-18 16:22:16.852
491,699a2189c3a62af43ad41469,8470,1,26,linechart-real-4-shuffled-interaction-1-6,right,increasing,shuffled,interaction,1,single,2026-03-18 16:22:26.040
492,699a2189c3a62af43ad41469,6041,1,27,linechart-real-16-ordered-interaction-1-19,right,increasing,ordered,interaction,1,single,2026-03-18 16:22:32.857
493,699a2189c3a62af43ad41469,7003,1,28,linechart-real-7-ordered-interaction-0-21,left,increasing,ordered,interaction,0,single,2026-03-18 16:22:40.642
494,699a2189c3a62af43ad41469,5429,1,29,linechart-real-19-shuffled-main_effect-1-24,right,increasing,shuffled,main_effect,1,single,2026-03-18 16:22:46.833
495,699a2189c3a62af43ad41469,5507,1,30,linechart-real-1-ordered-main_effect-0-0,left,increasing,ordered,main_effect,0,single,2026-03-18 16:22:53.094
496,699a2189c3a62af43ad41469,9525,1,31,linechart-real-13-ordered-interaction-0-1,left,increasing,ordered,interaction,0,single,2026-03-18 16:23:03.278
497,628f7e982aad1788d940317a,15015,1,0,linechart-real-1-ordered-interaction-1-28,right,increasing,ordered,interaction,1,single,2026-03-18 16:27:00.994
498,628f7e982aad1788d940317a,15169,1,1,linechart-real-6-shuffled-interaction-1-3,right,increasing,shuffled,interaction,1,single,2026-03-18 16:27:16.754
499,628f7e982aad1788d940317a,10858,1,2,linechart-real-4-shuffled-interaction-0-0,left,increasing,shuffled,interaction,0,single,2026-03-18 16:27:28.226
500,628f7e982aad1788d940317a,19598,1,3,linechart-real-11-ordered-main_effect-1-29,right,increasing,ordered,main_effect,1,single,2026-03-18 16:27:48.442
501,628f7e982aad1788d940317a,12814,1,4,linechart-real-5-shuffled-main_effect-1-31,right,increasing,shuffled,main_effect,1,single,2026-03-18 16:28:01.834
502,628f7e982aad1788d940317a,15374,1,5,linechart-real-16-shuffled-interaction-0-27,left,increasing,shuffled,interaction,0,single,2026-03-18 16:28:17.786
503,628f7e982aad1788d940317a,10644,1,6,linechart-real-8-shuffled-interaction-0-14,left,increasing,shuffled,interaction,0,single,2026-03-18 16:28:29.001
504,628f7e982aad1788d940317a,12762,1,7,linechart-real-28-shuffled-main_effect-1-12,right,increasing,shuffled,main_effect,1,single,2026-03-18 16:28:42.409
505,628f7e982aad1788d940317a,12230,1,8,linechart-real-25-ordered-main_effect-1-11,right,increasing,ordered,main_effect,1,single,2026-03-18 16:29:03.721
506,628f7e982aad1788d940317a,9133,1,9,linechart-real-7-ordered-interaction-1-5,right,increasing,ordered,interaction,1,single,2026-03-18 16:29:13.432
507,628f7e982aad1788d940317a,10041,1,10,linechart-real-24-ordered-interaction-0-2,left,increasing,ordered,interaction,0,single,2026-03-18 16:29:24.097
508,628f7e982aad1788d940317a,18006,1,11,linechart-real-19-shuffled-main_effect-0-24,left,increasing,shuffled,main_effect,0,single,2026-03-18 16:29:42.720
509,628f7e982aad1788d940317a,12776,1,12,linechart-real-9-ordered-main_effect-0-25,left,increasing,ordered,main_effect,0,single,2026-03-18 16:29:56.048
510,628f7e982aad1788d940317a,12398,1,13,linechart-real-20-shuffled-main_effect-0-22,left,increasing,shuffled,main_effect,0,single,2026-03-18 16:30:09.024
511,628f7e982aad1788d940317a,10228,1,14,linechart-real-10-ordered-interaction-1-26,right,increasing,ordered,interaction,1,single,2026-03-18 16:30:19.840
512,628f7e982aad1788d940317a,9529,1,15,linechart-real-21-ordered-interaction-1-10,right,increasing,ordered,interaction,1,single,2026-03-18 16:30:29.936
513,628f7e982aad1788d940317a,9443,1,16,linechart-real-14-ordered-main_effect-1-21,right,increasing,ordered,main_effect,1,single,2026-03-18 16:30:46.352
514,628f7e982aad1788d940317a,9381,1,17,linechart-real-12-ordered-main_effect-0-15,left,increasing,ordered,main_effect,0,single,2026-03-18 16:30:56.351
515,628f7e982aad1788d940317a,13841,1,18,linechart-real-18-ordered-interaction-1-8,right,increasing,ordered,interaction,1,single,2026-03-18 16:31:10.807
516,628f7e982aad1788d940317a,9919,1,19,linechart-real-26-ordered-main_effect-0-16,left,increasing,ordered,main_effect,0,single,2026-03-18 16:31:21.311
517,628f7e982aad1788d940317a,11086,1,20,linechart-real-30-shuffled-main_effect-0-17,left,increasing,shuffled,main_effect,0,single,2026-03-18 16:31:32.991
518,628f7e982aad1788d940317a,11778,1,21,linechart-real-3-shuffled-interaction-0-23,left,increasing,shuffled,interaction,0,single,2026-03-18 16:31:45.367
519,628f7e982aad1788d940317a,13602,1,22,linechart-real-13-shuffled-interaction-0-9,left,increasing,shuffled,interaction,0,single,2026-03-18 16:31:59.559
520,628f7e982aad1788d940317a,10985,1,23,linechart-real-17-shuffled-interaction-1-4,right,increasing,shuffled,interaction,1,single,2026-03-18 16:32:11.142
521,628f7e982aad1788d940317a,14330,1,24,linechart-real-29-ordered-interaction-0-30,left,increasing,ordered,interaction,0,single,2026-03-18 16:32:30.910
522,628f7e982aad1788d940317a,10324,1,25,linechart-real-0-shuffled-main_effect-1-20,right,increasing,shuffled,main_effect,1,single,2026-03-18 16:32:41.830
523,628f7e982aad1788d940317a,7976,1,26,linechart-real-22-ordered-interaction-1-7,right,increasing,ordered,interaction,1,single,2026-03-18 16:32:50.406
524,628f7e982aad1788d940317a,10140,1,27,linechart-real-31-shuffled-interaction-1-19,right,increasing,shuffled,interaction,1,single,2026-03-18 16:33:01.134
525,628f7e982aad1788d940317a,15317,1,28,linechart-real-23-ordered-main_effect-0-18,left,increasing,ordered,main_effect,0,single,2026-03-18 16:33:17.038
526,628f7e982aad1788d940317a,10827,1,29,linechart-real-2-shuffled-main_effect-0-1,left,increasing,shuffled,main_effect,0,single,2026-03-18 16:33:28.446
527,628f7e982aad1788d940317a,11092,1,30,linechart-real-27-shuffled-main_effect-0-6,left,increasing,shuffled,main_effect,0,single,2026-03-18 16:33:40.157
528,628f7e982aad1788d940317a,8307,1,31,linechart-real-15-ordered-main_effect-1-13,right,increasing,ordered,main_effect,1,single,2026-03-18 16:33:49.045
529,67abd0ef6cf17e10092d518b,5761,1,0,linechart-real-15-shuffled-main_effect-1-8,right,increasing,shuffled,main_effect,1,dual,2026-03-18 16:35:49.301
530,67abd0ef6cf17e10092d518b,6692,1,1,linechart-real-25-ordered-main_effect-0-11,left,increasing,ordered,main_effect,0,dual,2026-03-18 16:35:56.615
531,67abd0ef6cf17e10092d518b,6221,1,2,linechart-real-22-shuffled-main_effect-0-4,left,increasing,shuffled,main_effect,0,dual,2026-03-18 16:36:03.503
532,67abd0ef6cf17e10092d518b,4678,1,3,linechart-real-7-ordered-interaction-1-27,right,increasing,ordered,interaction,1,dual,2026-03-18 16:36:08.830
533,67abd0ef6cf17e10092d518b,4171,1,4,linechart-real-27-ordered-interaction-1-17,right,increasing,ordered,interaction,1,dual,2026-03-18 16:36:13.645
534,67abd0ef6cf17e10092d518b,7030,0,5,linechart-real-20-shuffled-main_effect-1-29,left,increasing,shuffled,main_effect,1,dual,2026-03-18 16:36:21.322
535,67abd0ef6cf17e10092d518b,5492,1,6,linechart-real-21-shuffled-interaction-1-1,right,increasing,shuffled,interaction,1,dual,2026-03-18 16:36:28.420
536,67abd0ef6cf17e10092d518b,6427,1,7,linechart-real-23-shuffled-interaction-1-25,right,increasing,shuffled,interaction,1,dual,2026-03-18 16:36:36.465
537,67abd0ef6cf17e10092d518b,5163,1,8,linechart-real-9-ordered-interaction-0-14,left,increasing,ordered,interaction,0,dual,2026-03-18 16:36:49.424
538,67abd0ef6cf17e10092d518b,6210,1,9,linechart-real-12-ordered-main_effect-0-2,left,increasing,ordered,main_effect,0,dual,2026-03-18 16:36:56.302
539,67abd0ef6cf17e10092d518b,8381,0,10,linechart-real-31-shuffled-interaction-1-24,left,increasing,shuffled,interaction,1,dual,2026-03-18 16:37:05.375
540,67abd0ef6cf17e10092d518b,6006,1,11,linechart-real-11-shuffled-interaction-0-12,left,increasing,shuffled,interaction,0,dual,2026-03-18 16:37:13.059
541,67abd0ef6cf17e10092d518b,8541,1,12,linechart-real-3-shuffled-main_effect-1-16,right,increasing,shuffled,main_effect,1,dual,2026-03-18 16:37:22.265
542,67abd0ef6cf17e10092d518b,6137,1,13,linechart-real-13-ordered-interaction-0-31,left,increasing,ordered,interaction,0,dual,2026-03-18 16:37:29.045
543,67abd0ef6cf17e10092d518b,4126,1,14,linechart-real-28-ordered-main_effect-0-22,left,increasing,ordered,main_effect,0,dual,2026-03-18 16:37:33.845
544,67abd0ef6cf17e10092d518b,5905,1,15,linechart-real-18-ordered-interaction-0-21,left,increasing,ordered,interaction,0,dual,2026-03-18 16:37:40.421
545,67abd0ef6cf17e10092d518b,3193,1,16,linechart-real-17-ordered-main_effect-0-6,left,increasing,ordered,main_effect,0,dual,2026-03-18 16:37:49.781
546,67abd0ef6cf17e10092d518b,4369,1,17,linechart-real-19-shuffled-main_effect-1-15,right,increasing,shuffled,main_effect,1,dual,2026-03-18 16:37:54.859
547,67abd0ef6cf17e10092d518b,4431,1,18,linechart-real-16-ordered-main_effect-1-28,right,increasing,ordered,main_effect,1,dual,2026-03-18 16:37:59.993
548,67abd0ef6cf17e10092d518b,5892,1,19,linechart-real-2-shuffled-interaction-1-20,right,increasing,shuffled,interaction,1,dual,2026-03-18 16:38:06.587
549,67abd0ef6cf17e10092d518b,8386,1,20,linechart-real-4-shuffled-interaction-0-5,left,increasing,shuffled,interaction,0,dual,2026-03-18 16:38:15.707
550,67abd0ef6cf17e10092d518b,5832,1,21,linechart-real-1-ordered-main_effect-1-19,right,increasing,ordered,main_effect,1,dual,2026-03-18 16:38:22.189
551,67abd0ef6cf17e10092d518b,6771,1,22,linechart-real-6-shuffled-interaction-0-26,left,increasing,shuffled,interaction,0,dual,2026-03-18 16:38:29.562
552,67abd0ef6cf17e10092d518b,6038,0,23,linechart-real-24-shuffled-main_effect-0-30,right,increasing,shuffled,main_effect,0,dual,2026-03-18 16:38:36.308
553,67abd0ef6cf17e10092d518b,5693,1,24,linechart-real-14-ordered-main_effect-0-18,left,increasing,ordered,main_effect,0,dual,2026-03-18 16:38:51.359
554,67abd0ef6cf17e10092d518b,6897,1,25,linechart-real-26-shuffled-main_effect-0-0,left,increasing,shuffled,main_effect,0,dual,2026-03-18 16:38:58.929
555,67abd0ef6cf17e10092d518b,5073,0,26,linechart-real-30-ordered-interaction-0-13,right,increasing,ordered,interaction,0,dual,2026-03-18 16:39:04.663
556,67abd0ef6cf17e10092d518b,7636,1,27,linechart-real-0-shuffled-main_effect-1-3,right,increasing,shuffled,main_effect,1,dual,2026-03-18 16:39:13.980
557,67abd0ef6cf17e10092d518b,4743,1,28,linechart-real-10-shuffled-interaction-0-9,left,increasing,shuffled,interaction,0,dual,2026-03-18 16:39:19.429
558,67abd0ef6cf17e10092d518b,6647,1,29,linechart-real-29-ordered-interaction-1-10,right,increasing,ordered,interaction,1,dual,2026-03-18 16:39:26.801
559,67abd0ef6cf17e10092d518b,6962,0,30,linechart-real-5-ordered-interaction-1-7,left,increasing,ordered,interaction,1,dual,2026-03-18 16:39:34.497
560,67abd0ef6cf17e10092d518b,6496,1,31,linechart-real-8-ordered-main_effect-1-23,right,increasing,ordered,main_effect,1,dual,2026-03-18 16:39:42.670
561,60c770aa2d2928bfda4c7cd4,257,1,0,linechart-real-19-shuffled-main_effect-0-23,left,increasing,shuffled,main_effect,0,dual,2026-03-18 16:45:26.803
562,60c770aa2d2928bfda4c7cd4,248,0,1,linechart-real-1-shuffled-interaction-0-20,right,increasing,shuffled,interaction,0,dual,2026-03-18 16:45:27.658
563,60c770aa2d2928bfda4c7cd4,107,0,2,linechart-real-17-shuffled-interaction-1-17,left,increasing,shuffled,interaction,1,dual,2026-03-18 16:45:29.368
564,60c770aa2d2928bfda4c7cd4,64,0,3,linechart-real-2-ordered-interaction-1-14,left,increasing,ordered,interaction,1,dual,2026-03-18 16:45:31.083
565,60c770aa2d2928bfda4c7cd4,177,0,4,linechart-real-16-ordered-interaction-1-26,left,increasing,ordered,interaction,1,dual,2026-03-18 16:45:33.033
566,60c770aa2d2928bfda4c7cd4,13,0,5,linechart-real-26-ordered-interaction-1-25,left,increasing,ordered,interaction,1,dual,2026-03-18 16:45:34.710
567,60c770aa2d2928bfda4c7cd4,165,0,6,linechart-real-4-shuffled-interaction-0-3,right,increasing,shuffled,interaction,0,dual,2026-03-18 16:45:36.517
568,60c770aa2d2928bfda4c7cd4,92,1,7,linechart-real-20-ordered-interaction-1-2,right,increasing,ordered,interaction,1,dual,2026-03-18 16:45:38.226
569,60c770aa2d2928bfda4c7cd4,19,1,8,linechart-real-0-ordered-interaction-0-30,left,increasing,ordered,interaction,0,dual,2026-03-18 16:45:44.654
570,60c770aa2d2928bfda4c7cd4,18,1,9,linechart-real-25-shuffled-main_effect-0-21,left,increasing,shuffled,main_effect,0,dual,2026-03-18 16:45:45.292
571,60c770aa2d2928bfda4c7cd4,2,0,10,linechart-real-7-ordered-interaction-1-0,left,increasing,ordered,interaction,1,dual,2026-03-18 16:45:45.985
572,60c770aa2d2928bfda4c7cd4,20,0,11,linechart-real-14-shuffled-main_effect-1-11,left,increasing,shuffled,main_effect,1,dual,2026-03-18 16:45:47.685
573,60c770aa2d2928bfda4c7cd4,102,0,12,linechart-real-13-ordered-main_effect-0-28,right,increasing,ordered,main_effect,0,dual,2026-03-18 16:45:49.476
574,60c770aa2d2928bfda4c7cd4,165,1,13,linechart-real-31-ordered-main_effect-1-8,right,increasing,ordered,main_effect,1,dual,2026-03-18 16:45:51.337
575,60c770aa2d2928bfda4c7cd4,116,1,14,linechart-real-9-shuffled-main_effect-1-24,right,increasing,shuffled,main_effect,1,dual,2026-03-18 16:45:52.096
576,60c770aa2d2928bfda4c7cd4,11,1,15,linechart-real-27-shuffled-interaction-0-1,left,increasing,shuffled,interaction,0,dual,2026-03-18 16:45:52.787
577,60c770aa2d2928bfda4c7cd4,515,1,16,linechart-real-23-ordered-main_effect-1-12,right,increasing,ordered,main_effect,1,dual,2026-03-18 16:45:57.039
578,60c770aa2d2928bfda4c7cd4,0,0,17,linechart-real-29-shuffled-main_effect-0-15,right,increasing,shuffled,main_effect,0,dual,2026-03-18 16:45:57.664
579,60c770aa2d2928bfda4c7cd4,105,1,18,linechart-real-11-shuffled-interaction-1-7,right,increasing,shuffled,interaction,1,dual,2026-03-18 16:45:59.442
580,60c770aa2d2928bfda4c7cd4,44,1,19,linechart-real-12-ordered-main_effect-1-19,right,increasing,ordered,main_effect,1,dual,2026-03-18 16:46:00.109
581,60c770aa2d2928bfda4c7cd4,50,0,20,linechart-real-18-ordered-main_effect-1-31,left,increasing,ordered,main_effect,1,dual,2026-03-18 16:46:00.840
582,60c770aa2d2928bfda4c7cd4,137,1,21,linechart-real-30-shuffled-interaction-0-6,left,increasing,shuffled,interaction,0,dual,2026-03-18 16:46:02.650
583,60c770aa2d2928bfda4c7cd4,186,0,22,linechart-real-3-shuffled-main_effect-0-16,right,increasing,shuffled,main_effect,0,dual,2026-03-18 16:46:03.502
584,60c770aa2d2928bfda4c7cd4,200,1,23,linechart-real-8-shuffled-main_effect-1-5,right,increasing,shuffled,main_effect,1,dual,2026-03-18 16:46:05.372
585,60c770aa2d2928bfda4c7cd4,118,1,24,linechart-real-5-ordered-main_effect-0-13,left,increasing,ordered,main_effect,0,dual,2026-03-18 16:46:08.292
586,60c770aa2d2928bfda4c7cd4,40,0,25,linechart-real-6-shuffled-interaction-0-27,right,increasing,shuffled,interaction,0,dual,2026-03-18 16:46:08.962
587,60c770aa2d2928bfda4c7cd4,269,0,26,linechart-real-24-shuffled-main_effect-0-10,right,increasing,shuffled,main_effect,0,dual,2026-03-18 16:46:10.911
588,60c770aa2d2928bfda4c7cd4,158,1,27,linechart-real-10-ordered-interaction-1-4,right,increasing,ordered,interaction,1,dual,2026-03-18 16:46:12.740
589,60c770aa2d2928bfda4c7cd4,36,1,28,linechart-real-21-ordered-main_effect-0-22,left,increasing,ordered,main_effect,0,dual,2026-03-18 16:46:13.386
590,60c770aa2d2928bfda4c7cd4,126,1,29,linechart-real-22-ordered-main_effect-1-18,right,increasing,ordered,main_effect,1,dual,2026-03-18 16:46:14.181
591,60c770aa2d2928bfda4c7cd4,336,0,30,linechart-real-15-ordered-interaction-0-9,right,increasing,ordered,interaction,0,dual,2026-03-18 16:46:15.136
592,60c770aa2d2928bfda4c7cd4,92,1,31,linechart-real-28-shuffled-interaction-0-29,left,increasing,shuffled,interaction,0,dual,2026-03-18 16:46:16.859
593,6942bb8aaecada175ecc2e2b,17948,1,0,linechart-real-13-shuffled-interaction-0-24,left,increasing,shuffled,interaction,0,dual,2026-03-18 17:01:00.747
594,6942bb8aaecada175ecc2e2b,11223,1,1,linechart-real-4-ordered-interaction-0-20,left,increasing,ordered,interaction,0,dual,2026-03-18 17:01:12.587
595,6942bb8aaecada175ecc2e2b,16884,1,2,linechart-real-31-ordered-interaction-1-12,right,increasing,ordered,interaction,1,dual,2026-03-18 17:01:30.098
596,6942bb8aaecada175ecc2e2b,16439,1,3,linechart-real-14-shuffled-main_effect-0-5,left,increasing,shuffled,main_effect,0,dual,2026-03-18 17:01:47.154
597,6942bb8aaecada175ecc2e2b,7749,1,4,linechart-real-9-ordered-main_effect-0-22,left,increasing,ordered,main_effect,0,dual,2026-03-18 17:01:55.481
598,6942bb8aaecada175ecc2e2b,12872,1,5,linechart-real-1-shuffled-main_effect-0-10,left,increasing,shuffled,main_effect,0,dual,2026-03-18 17:02:08.945
599,6942bb8aaecada175ecc2e2b,8466,1,6,linechart-real-0-shuffled-interaction-1-8,right,increasing,shuffled,interaction,1,dual,2026-03-18 17:02:18.041
600,6942bb8aaecada175ecc2e2b,9204,1,7,linechart-real-25-ordered-main_effect-1-25,right,increasing,ordered,main_effect,1,dual,2026-03-18 17:02:27.848
601,6942bb8aaecada175ecc2e2b,34096,1,8,linechart-real-22-shuffled-main_effect-1-11,right,increasing,shuffled,main_effect,1,dual,2026-03-18 17:03:07.439
602,6942bb8aaecada175ecc2e2b,17324,1,9,linechart-real-18-shuffled-main_effect-0-0,left,increasing,shuffled,main_effect,0,dual,2026-03-18 17:03:25.390
603,6942bb8aaecada175ecc2e2b,12246,1,10,linechart-real-11-shuffled-interaction-1-30,right,increasing,shuffled,interaction,1,dual,2026-03-18 17:03:38.270
604,6942bb8aaecada175ecc2e2b,11966,1,11,linechart-real-16-ordered-main_effect-0-29,left,increasing,ordered,main_effect,0,dual,2026-03-18 17:03:50.854
605,6942bb8aaecada175ecc2e2b,12811,1,12,linechart-real-17-shuffled-interaction-1-3,right,increasing,shuffled,interaction,1,dual,2026-03-18 17:04:04.253
606,6942bb8aaecada175ecc2e2b,6346,1,13,linechart-real-30-shuffled-main_effect-0-18,left,increasing,shuffled,main_effect,0,dual,2026-03-18 17:04:11.229
607,6942bb8aaecada175ecc2e2b,12449,1,14,linechart-real-26-ordered-interaction-0-21,left,increasing,ordered,interaction,0,dual,2026-03-18 17:04:24.316
608,6942bb8aaecada175ecc2e2b,11378,1,15,linechart-real-20-shuffled-interaction-0-16,left,increasing,shuffled,interaction,0,dual,2026-03-18 17:04:36.276
609,6942bb8aaecada175ecc2e2b,12356,0,16,linechart-real-27-ordered-main_effect-1-7,left,increasing,ordered,main_effect,1,dual,2026-03-18 17:04:52.419
610,6942bb8aaecada175ecc2e2b,7360,1,17,linechart-real-21-shuffled-main_effect-1-4,right,increasing,shuffled,main_effect,1,dual,2026-03-18 17:05:01.363
611,6942bb8aaecada175ecc2e2b,10311,1,18,linechart-real-15-ordered-interaction-1-28,right,increasing,ordered,interaction,1,dual,2026-03-18 17:05:12.299
612,6942bb8aaecada175ecc2e2b,11067,1,19,linechart-real-23-ordered-interaction-0-1,left,increasing,ordered,interaction,0,dual,2026-03-18 17:05:24.010
613,6942bb8aaecada175ecc2e2b,14604,1,20,linechart-real-8-ordered-main_effect-0-13,left,increasing,ordered,main_effect,0,dual,2026-03-18 17:05:39.242
614,6942bb8aaecada175ecc2e2b,5158,1,21,linechart-real-29-ordered-main_effect-1-17,right,increasing,ordered,main_effect,1,dual,2026-03-18 17:05:44.986
615,6942bb8aaecada175ecc2e2b,12187,1,22,linechart-real-24-ordered-main_effect-0-19,left,increasing,ordered,main_effect,0,dual,2026-03-18 17:05:57.809
616,6942bb8aaecada175ecc2e2b,10820,1,23,linechart-real-6-shuffled-interaction-0-15,left,increasing,shuffled,interaction,0,dual,2026-03-18 17:06:09.233
617,6942bb8aaecada175ecc2e2b,11254,1,24,linechart-real-28-shuffled-interaction-1-31,right,increasing,shuffled,interaction,1,dual,2026-03-18 17:06:24.192
618,6942bb8aaecada175ecc2e2b,12299,1,25,linechart-real-7-ordered-interaction-1-2,right,increasing,ordered,interaction,1,dual,2026-03-18 17:06:37.120
619,6942bb8aaecada175ecc2e2b,10368,1,26,linechart-real-3-ordered-main_effect-1-6,right,increasing,ordered,main_effect,1,dual,2026-03-18 17:06:48.128
620,6942bb8aaecada175ecc2e2b,7769,1,27,linechart-real-5-shuffled-main_effect-1-26,right,increasing,shuffled,main_effect,1,dual,2026-03-18 17:06:56.511
621,6942bb8aaecada175ecc2e2b,21076,1,28,linechart-real-12-shuffled-interaction-1-23,right,increasing,shuffled,interaction,1,dual,2026-03-18 17:07:18.214
622,6942bb8aaecada175ecc2e2b,5899,1,29,linechart-real-10-shuffled-main_effect-0-9,left,increasing,shuffled,main_effect,0,dual,2026-03-18 17:07:24.734
623,6942bb8aaecada175ecc2e2b,19980,1,30,linechart-real-2-ordered-interaction-0-14,left,increasing,ordered,interaction,0,dual,2026-03-18 17:07:45.333
624,6942bb8aaecada175ecc2e2b,10509,1,31,linechart-real-19-ordered-interaction-1-27,right,increasing,ordered,interaction,1,dual,2026-03-18 17:07:56.461
625,5ce9bfc4d439ae00015968dd,12198,1,0,linechart-real-24-ordered-main_effect-1-14,right,increasing,ordered,main_effect,1,dual,2026-03-18 17:29:09.054
626,5ce9bfc4d439ae00015968dd,20016,1,1,linechart-real-19-ordered-main_effect-0-13,left,increasing,ordered,main_effect,0,dual,2026-03-18 17:29:29.735
627,5ce9bfc4d439ae00015968dd,10406,1,2,linechart-real-23-shuffled-main_effect-1-26,right,increasing,shuffled,main_effect,1,dual,2026-03-18 17:29:40.810
628,5ce9bfc4d439ae00015968dd,11247,1,3,linechart-real-8-shuffled-interaction-0-31,left,increasing,shuffled,interaction,0,dual,2026-03-18 17:29:52.715
629,695ba43728aa6b767210fff6,11268,0,0,linechart-real-11-ordered-interaction-0-23,right,increasing,ordered,interaction,0,dual,2026-03-18 17:30:16.174
630,5ce9bfc4d439ae00015968dd,25957,0,4,linechart-real-14-ordered-interaction-1-12,left,increasing,ordered,interaction,1,dual,2026-03-18 17:30:19.336
631,695ba43728aa6b767210fff6,10357,1,1,linechart-real-25-shuffled-main_effect-1-11,right,increasing,shuffled,main_effect,1,dual,2026-03-18 17:30:28.109
632,695ba43728aa6b767210fff6,12102,1,2,linechart-real-14-ordered-main_effect-1-9,right,increasing,ordered,main_effect,1,dual,2026-03-18 17:30:40.815
633,5ce9bfc4d439ae00015968dd,14413,1,5,linechart-real-5-ordered-interaction-0-17,left,increasing,ordered,interaction,0,dual,2026-03-18 17:30:35.414
634,695ba43728aa6b767210fff6,7812,1,3,linechart-real-16-shuffled-interaction-0-31,left,increasing,shuffled,interaction,0,dual,2026-03-18 17:30:49.200
635,695ba43728aa6b767210fff6,6739,1,4,linechart-real-15-shuffled-main_effect-1-21,right,increasing,shuffled,main_effect,1,dual,2026-03-18 17:30:56.505
636,5ce9bfc4d439ae00015968dd,20749,0,6,linechart-real-10-shuffled-interaction-1-16,left,increasing,shuffled,interaction,1,dual,2026-03-18 17:30:56.862
637,695ba43728aa6b767210fff6,10698,1,5,linechart-real-17-shuffled-main_effect-1-0,right,increasing,shuffled,main_effect,1,dual,2026-03-18 17:31:07.762
638,695ba43728aa6b767210fff6,6398,1,6,linechart-real-28-ordered-interaction-1-4,right,increasing,ordered,interaction,1,dual,2026-03-18 17:31:14.715
639,5ce9bfc4d439ae00015968dd,12056,0,7,linechart-real-21-shuffled-interaction-1-4,left,increasing,shuffled,interaction,1,dual,2026-03-18 17:31:10.542
640,695ba43728aa6b767210fff6,11810,1,7,linechart-real-27-ordered-interaction-0-24,left,increasing,ordered,interaction,0,dual,2026-03-18 17:31:27.128
641,695ba43728aa6b767210fff6,10610,1,8,linechart-real-18-ordered-interaction-0-13,left,increasing,ordered,interaction,0,dual,2026-03-18 17:32:13.774
642,695ba43728aa6b767210fff6,13698,1,9,linechart-real-13-ordered-main_effect-0-3,left,increasing,ordered,main_effect,0,dual,2026-03-18 17:32:28.025
643,695ba43728aa6b767210fff6,13383,1,10,linechart-real-22-shuffled-interaction-1-16,right,increasing,shuffled,interaction,1,dual,2026-03-18 17:32:41.977
644,5ce9bfc4d439ae00015968dd,10346,1,8,linechart-real-26-shuffled-interaction-0-10,left,increasing,shuffled,interaction,0,dual,2026-03-18 17:32:33.839
645,695ba43728aa6b767210fff6,7984,1,11,linechart-real-12-ordered-main_effect-1-27,right,increasing,ordered,main_effect,1,dual,2026-03-18 17:32:50.532
646,695ba43728aa6b767210fff6,7471,1,12,linechart-real-4-ordered-interaction-0-22,left,increasing,ordered,interaction,0,dual,2026-03-18 17:32:58.592
647,5ce9bfc4d439ae00015968dd,16877,1,9,linechart-real-2-shuffled-interaction-0-18,left,increasing,shuffled,interaction,0,dual,2026-03-18 17:32:51.422
648,5ce9bfc4d439ae00015968dd,11666,1,10,linechart-real-20-shuffled-main_effect-0-19,left,increasing,shuffled,main_effect,0,dual,2026-03-18 17:33:03.725
649,695ba43728aa6b767210fff6,12254,1,13,linechart-real-29-shuffled-main_effect-0-6,left,increasing,shuffled,main_effect,0,dual,2026-03-18 17:33:11.398
650,5ce9bfc4d439ae00015968dd,10625,1,11,linechart-real-11-shuffled-main_effect-0-29,left,increasing,shuffled,main_effect,0,dual,2026-03-18 17:33:15.025
651,695ba43728aa6b767210fff6,15055,1,14,linechart-real-23-shuffled-main_effect-0-15,left,increasing,shuffled,main_effect,0,dual,2026-03-18 17:33:27.051
652,695ba43728aa6b767210fff6,6313,1,15,linechart-real-3-shuffled-interaction-1-28,right,increasing,shuffled,interaction,1,dual,2026-03-18 17:33:33.934
653,5ce9bfc4d439ae00015968dd,14371,1,12,linechart-real-4-ordered-interaction-1-7,right,increasing,ordered,interaction,1,dual,2026-03-18 17:33:30.084
654,5ce9bfc4d439ae00015968dd,7686,1,13,linechart-real-6-ordered-main_effect-1-24,right,increasing,ordered,main_effect,1,dual,2026-03-18 17:33:38.408
655,5ce9bfc4d439ae00015968dd,9153,1,14,linechart-real-18-ordered-main_effect-1-2,right,increasing,ordered,main_effect,1,dual,2026-03-18 17:33:48.252
656,5ce9bfc4d439ae00015968dd,6654,1,15,linechart-real-22-shuffled-main_effect-1-28,right,increasing,shuffled,main_effect,1,dual,2026-03-18 17:33:55.605
657,5ce9bfc4d439ae00015968dd,9984,1,16,linechart-real-12-shuffled-interaction-0-21,left,increasing,shuffled,interaction,0,dual,2026-03-18 17:34:09.520
658,5ce9bfc4d439ae00015968dd,10391,1,17,linechart-real-30-ordered-interaction-1-11,right,increasing,ordered,interaction,1,dual,2026-03-18 17:34:20.570
659,5ce9bfc4d439ae00015968dd,9829,1,18,linechart-real-28-ordered-main_effect-1-5,right,increasing,ordered,main_effect,1,dual,2026-03-18 17:34:31.023
660,695ba43728aa6b767210fff6,8877,1,16,linechart-real-6-ordered-main_effect-0-2,left,increasing,ordered,main_effect,0,dual,2026-03-18 17:34:39.539
661,695ba43728aa6b767210fff6,7991,1,17,linechart-real-10-ordered-main_effect-1-17,right,increasing,ordered,main_effect,1,dual,2026-03-18 17:34:48.095
662,5ce9bfc4d439ae00015968dd,9087,1,19,linechart-real-0-shuffled-interaction-1-0,right,increasing,shuffled,interaction,1,dual,2026-03-18 17:34:40.785
663,5ce9bfc4d439ae00015968dd,8885,1,20,linechart-real-1-shuffled-main_effect-1-8,right,increasing,shuffled,main_effect,1,dual,2026-03-18 17:34:50.299
664,695ba43728aa6b767210fff6,10353,1,18,linechart-real-2-shuffled-interaction-1-14,right,increasing,shuffled,interaction,1,dual,2026-03-18 17:34:59.055
665,695ba43728aa6b767210fff6,6100,1,19,linechart-real-5-shuffled-interaction-1-19,right,increasing,shuffled,interaction,1,dual,2026-03-18 17:35:05.757
666,5ce9bfc4d439ae00015968dd,8244,0,21,linechart-real-31-ordered-interaction-0-3,right,increasing,ordered,interaction,0,dual,2026-03-18 17:34:59.220
667,5ce9bfc4d439ae00015968dd,6725,1,22,linechart-real-29-ordered-main_effect-0-27,left,increasing,ordered,main_effect,0,dual,2026-03-18 17:35:07.570
668,695ba43728aa6b767210fff6,20026,1,20,linechart-real-20-shuffled-interaction-1-7,right,increasing,shuffled,interaction,1,dual,2026-03-18 17:35:26.335
669,5ce9bfc4d439ae00015968dd,11337,1,23,linechart-real-13-ordered-interaction-1-6,right,increasing,ordered,interaction,1,dual,2026-03-18 17:35:19.533
670,695ba43728aa6b767210fff6,14410,0,21,linechart-real-21-shuffled-interaction-0-10,right,increasing,shuffled,interaction,0,dual,2026-03-18 17:35:41.322
671,5ce9bfc4d439ae00015968dd,11673,1,24,linechart-real-3-ordered-interaction-1-30,right,increasing,ordered,interaction,1,dual,2026-03-18 17:35:34.051
672,5ce9bfc4d439ae00015968dd,7097,1,25,linechart-real-17-shuffled-main_effect-0-9,left,increasing,shuffled,main_effect,0,dual,2026-03-18 17:35:41.779
673,695ba43728aa6b767210fff6,6949,1,22,linechart-real-19-shuffled-interaction-0-26,left,increasing,shuffled,interaction,0,dual,2026-03-18 17:35:49.843
674,5ce9bfc4d439ae00015968dd,11954,1,26,linechart-real-16-ordered-interaction-0-15,left,increasing,ordered,interaction,0,dual,2026-03-18 17:35:54.427
675,695ba43728aa6b767210fff6,17565,1,23,linechart-real-8-shuffled-main_effect-1-12,right,increasing,shuffled,main_effect,1,dual,2026-03-18 17:36:07.981
676,5ce9bfc4d439ae00015968dd,6339,1,27,linechart-real-7-ordered-main_effect-0-25,left,increasing,ordered,main_effect,0,dual,2026-03-18 17:36:01.427
677,5ce9bfc4d439ae00015968dd,6920,1,28,linechart-real-9-ordered-main_effect-0-1,left,increasing,ordered,main_effect,0,dual,2026-03-18 17:36:08.983
678,5ce9bfc4d439ae00015968dd,5132,1,29,linechart-real-15-shuffled-main_effect-1-23,right,increasing,shuffled,main_effect,1,dual,2026-03-18 17:36:14.802
679,5ce9bfc4d439ae00015968dd,10910,1,30,linechart-real-27-shuffled-interaction-0-22,left,increasing,shuffled,interaction,0,dual,2026-03-18 17:36:26.373
680,5ce9bfc4d439ae00015968dd,7648,1,31,linechart-real-25-shuffled-main_effect-0-20,left,increasing,shuffled,main_effect,0,dual,2026-03-18 17:36:34.643
681,695ba43728aa6b767210fff6,12168,0,24,linechart-real-30-shuffled-main_effect-0-8,right,increasing,shuffled,main_effect,0,dual,2026-03-18 17:37:01.082
682,695ba43728aa6b767210fff6,9797,0,25,linechart-real-26-shuffled-main_effect-0-5,right,increasing,shuffled,main_effect,0,dual,2026-03-18 17:37:12.484
683,695ba43728aa6b767210fff6,7947,1,26,linechart-real-1-ordered-main_effect-1-18,right,increasing,ordered,main_effect,1,dual,2026-03-18 17:37:21.998
684,695ba43728aa6b767210fff6,7904,1,27,linechart-real-9-ordered-main_effect-1-1,right,increasing,ordered,main_effect,1,dual,2026-03-18 17:37:30.447
685,695ba43728aa6b767210fff6,5964,1,28,linechart-real-7-ordered-interaction-0-25,left,increasing,ordered,interaction,0,dual,2026-03-18 17:37:36.976
686,695ba43728aa6b767210fff6,10342,1,29,linechart-real-0-ordered-interaction-0-20,left,increasing,ordered,interaction,0,dual,2026-03-18 17:37:47.882
687,695ba43728aa6b767210fff6,7171,1,30,linechart-real-24-ordered-main_effect-0-30,left,increasing,ordered,main_effect,0,dual,2026-03-18 17:37:55.616
688,695ba43728aa6b767210fff6,9449,0,31,linechart-real-31-ordered-interaction-1-29,left,increasing,ordered,interaction,1,dual,2026-03-18 17:38:05.641
689,5dd31871c5faa232d3c20365,17285,1,0,linechart-real-2-ordered-main_effect-0-31,left,increasing,ordered,main_effect,0,dual,2026-03-18 17:56:45.587
690,5dd31871c5faa232d3c20365,17430,1,1,linechart-real-30-ordered-interaction-0-30,left,increasing,ordered,interaction,0,dual,2026-03-18 17:57:03.662
691,5dd31871c5faa232d3c20365,24858,1,2,linechart-real-19-shuffled-main_effect-0-29,left,increasing,shuffled,main_effect,0,dual,2026-03-18 17:57:29.129
692,5dd31871c5faa232d3c20365,13052,1,3,linechart-real-14-shuffled-interaction-1-16,right,increasing,shuffled,interaction,1,dual,2026-03-18 17:57:42.821
693,5dd31871c5faa232d3c20365,18072,1,4,linechart-real-11-shuffled-interaction-0-5,left,increasing,shuffled,interaction,0,dual,2026-03-18 17:58:01.497
694,5dd31871c5faa232d3c20365,10547,0,5,linechart-real-7-ordered-main_effect-1-9,left,increasing,ordered,main_effect,1,dual,2026-03-18 17:58:12.663
695,5dd31871c5faa232d3c20365,20480,1,6,linechart-real-17-ordered-interaction-0-14,left,increasing,ordered,interaction,0,dual,2026-03-18 17:58:34.730
696,5dd31871c5faa232d3c20365,23343,1,7,linechart-real-10-ordered-interaction-1-0,right,increasing,ordered,interaction,1,dual,2026-03-18 17:58:58.680
697,5dd31871c5faa232d3c20365,11963,1,8,linechart-real-20-ordered-main_effect-0-24,left,increasing,ordered,main_effect,0,dual,2026-03-18 17:59:17.957
698,5dd31871c5faa232d3c20365,16395,1,9,linechart-real-12-ordered-interaction-1-21,right,increasing,ordered,interaction,1,dual,2026-03-18 17:59:34.958
699,5dd31871c5faa232d3c20365,21166,1,10,linechart-real-24-ordered-main_effect-0-12,left,increasing,ordered,main_effect,0,dual,2026-03-18 17:59:56.730
700,5dd31871c5faa232d3c20365,30959,1,11,linechart-real-4-ordered-interaction-0-3,left,increasing,ordered,interaction,0,dual,2026-03-18 18:00:28.290
701,5dd31871c5faa232d3c20365,16305,1,12,linechart-real-6-shuffled-main_effect-1-23,right,increasing,shuffled,main_effect,1,dual,2026-03-18 18:00:45.215
702,5dd31871c5faa232d3c20365,11978,1,13,linechart-real-31-ordered-main_effect-0-25,left,increasing,ordered,main_effect,0,dual,2026-03-18 18:00:57.834
703,5dd31871c5faa232d3c20365,19742,1,14,linechart-real-27-shuffled-main_effect-0-13,left,increasing,shuffled,main_effect,0,dual,2026-03-18 18:01:18.200
704,5dd31871c5faa232d3c20365,23011,1,15,linechart-real-9-shuffled-interaction-0-27,left,increasing,shuffled,interaction,0,dual,2026-03-18 18:01:41.808
705,5dd31871c5faa232d3c20365,20399,1,16,linechart-real-21-shuffled-interaction-1-7,right,increasing,shuffled,interaction,1,dual,2026-03-18 18:02:15.202
706,5dd31871c5faa232d3c20365,9922,1,17,linechart-real-29-ordered-main_effect-0-2,left,increasing,ordered,main_effect,0,dual,2026-03-18 18:02:25.727
707,5dd31871c5faa232d3c20365,11417,1,18,linechart-real-1-shuffled-main_effect-1-11,right,increasing,shuffled,main_effect,1,dual,2026-03-18 18:02:37.773
708,5dd31871c5faa232d3c20365,11032,1,19,linechart-real-26-shuffled-interaction-0-22,left,increasing,shuffled,interaction,0,dual,2026-03-18 18:02:49.435
709,5dd31871c5faa232d3c20365,16109,1,20,linechart-real-8-shuffled-interaction-1-6,right,increasing,shuffled,interaction,1,dual,2026-03-18 18:03:06.165
710,5dd31871c5faa232d3c20365,20187,1,21,linechart-real-5-shuffled-main_effect-1-8,right,increasing,shuffled,main_effect,1,dual,2026-03-18 18:03:26.974
711,5dd31871c5faa232d3c20365,19958,1,22,linechart-real-16-shuffled-main_effect-1-19,right,increasing,shuffled,main_effect,1,dual,2026-03-18 18:03:47.558
712,5dd31871c5faa232d3c20365,7821,1,23,linechart-real-23-ordered-main_effect-1-15,right,increasing,ordered,main_effect,1,dual,2026-03-18 18:03:55.999
713,5dd31871c5faa232d3c20365,9926,1,24,linechart-real-25-shuffled-interaction-1-17,right,increasing,shuffled,interaction,1,dual,2026-03-18 18:04:48.785
714,5dd31871c5faa232d3c20365,9894,1,25,linechart-real-28-ordered-interaction-0-26,left,increasing,ordered,interaction,0,dual,2026-03-18 18:04:59.289
715,5dd31871c5faa232d3c20365,14910,1,26,linechart-real-3-ordered-interaction-1-1,right,increasing,ordered,interaction,1,dual,2026-03-18 18:05:14.804
716,5dd31871c5faa232d3c20365,21517,1,27,linechart-real-18-shuffled-main_effect-0-28,left,increasing,shuffled,main_effect,0,dual,2026-03-18 18:05:36.938
717,5dd31871c5faa232d3c20365,14855,1,28,linechart-real-22-shuffled-interaction-1-4,right,increasing,shuffled,interaction,1,dual,2026-03-18 18:05:52.426
718,5dd31871c5faa232d3c20365,7480,1,29,linechart-real-0-ordered-main_effect-1-20,right,increasing,ordered,main_effect,1,dual,2026-03-18 18:06:00.536
719,5dd31871c5faa232d3c20365,8895,1,30,linechart-real-15-shuffled-main_effect-1-18,right,increasing,shuffled,main_effect,1,dual,2026-03-18 18:06:10.068
720,5dd31871c5faa232d3c20365,19600,1,31,linechart-real-13-ordered-interaction-0-10,left,increasing,ordered,interaction,0,dual,2026-03-18 18:06:30.299
721,5ec17a2e02be030625eaff6e,11115,1,0,linechart-real-19-ordered-main_effect-0-18,left,increasing,ordered,main_effect,0,dual,2026-03-18 21:21:29.990
722,5ec17a2e02be030625eaff6e,4728,1,1,linechart-real-30-shuffled-main_effect-0-8,left,increasing,shuffled,main_effect,0,dual,2026-03-18 21:21:35.586
723,5ec17a2e02be030625eaff6e,7477,0,2,linechart-real-11-ordered-interaction-1-14,left,increasing,ordered,interaction,1,dual,2026-03-18 21:21:43.966
724,5ec17a2e02be030625eaff6e,6220,1,3,linechart-real-10-ordered-interaction-0-19,left,increasing,ordered,interaction,0,dual,2026-03-18 21:21:52.231
725,5ec17a2e02be030625eaff6e,8196,1,4,linechart-real-25-ordered-main_effect-0-3,left,increasing,ordered,main_effect,0,dual,2026-03-18 21:22:01.279
726,65cb86a7e667e637599a3af3,9348,1,0,linechart-real-21-ordered-main_effect-1-4,right,increasing,ordered,main_effect,1,dual,2026-03-18 21:22:09.674
727,65cb86a7e667e637599a3af3,2410,0,1,linechart-real-27-shuffled-main_effect-1-22,left,increasing,shuffled,main_effect,1,dual,2026-03-18 21:22:12.839
728,5ec17a2e02be030625eaff6e,10214,1,5,linechart-real-6-shuffled-interaction-0-31,left,increasing,shuffled,interaction,0,dual,2026-03-18 21:22:12.233
729,65cb86a7e667e637599a3af3,579,1,2,linechart-real-18-ordered-interaction-1-31,right,increasing,ordered,interaction,1,dual,2026-03-18 21:22:15.162
730,65cb86a7e667e637599a3af3,596,0,3,linechart-real-1-ordered-interaction-0-9,right,increasing,ordered,interaction,0,dual,2026-03-18 21:22:16.490
731,65cb86a7e667e637599a3af3,1171,0,4,linechart-real-26-ordered-main_effect-0-21,right,increasing,ordered,main_effect,0,dual,2026-03-18 21:22:19.425
732,65cb86a7e667e637599a3af3,5188,1,5,linechart-real-3-shuffled-interaction-0-2,left,increasing,shuffled,interaction,0,dual,2026-03-18 21:22:26.378
733,5ec17a2e02be030625eaff6e,13408,1,6,linechart-real-29-shuffled-interaction-0-11,left,increasing,shuffled,interaction,0,dual,2026-03-18 21:22:26.659
734,65cb86a7e667e637599a3af3,7913,1,6,linechart-real-7-shuffled-interaction-0-3,left,increasing,shuffled,interaction,0,dual,2026-03-18 21:22:35.044
735,5ec17a2e02be030625eaff6e,7146,1,7,linechart-real-2-ordered-interaction-1-26,right,increasing,ordered,interaction,1,dual,2026-03-18 21:22:34.615
736,65cb86a7e667e637599a3af3,2370,0,7,linechart-real-9-shuffled-main_effect-0-25,right,increasing,shuffled,main_effect,0,dual,2026-03-18 21:22:38.180
737,5ec17a2e02be030625eaff6e,9413,1,8,linechart-real-27-shuffled-interaction-1-0,right,increasing,shuffled,interaction,1,dual,2026-03-18 21:22:50.382
738,65cb86a7e667e637599a3af3,6717,1,8,linechart-real-25-shuffled-main_effect-1-0,right,increasing,shuffled,main_effect,1,dual,2026-03-18 21:22:52.220
739,65cb86a7e667e637599a3af3,4543,1,9,linechart-real-5-ordered-interaction-1-23,right,increasing,ordered,interaction,1,dual,2026-03-18 21:22:57.519
740,5ec17a2e02be030625eaff6e,7809,1,9,linechart-real-15-shuffled-main_effect-1-13,right,increasing,shuffled,main_effect,1,dual,2026-03-18 21:22:59.056
741,65cb86a7e667e637599a3af3,12444,1,10,linechart-real-31-ordered-main_effect-0-24,left,increasing,ordered,main_effect,0,dual,2026-03-18 21:23:10.723
742,5ec17a2e02be030625eaff6e,9530,1,10,linechart-real-9-ordered-main_effect-1-2,right,increasing,ordered,main_effect,1,dual,2026-03-18 21:23:09.471
743,65cb86a7e667e637599a3af3,5831,0,11,linechart-real-20-ordered-main_effect-0-8,right,increasing,ordered,main_effect,0,dual,2026-03-18 21:23:17.299
744,5ec17a2e02be030625eaff6e,6223,1,11,linechart-real-0-ordered-interaction-1-28,right,increasing,ordered,interaction,1,dual,2026-03-18 21:23:16.613
745,65cb86a7e667e637599a3af3,466,0,12,linechart-real-28-shuffled-interaction-1-5,left,increasing,shuffled,interaction,1,dual,2026-03-18 21:23:19.515
746,65cb86a7e667e637599a3af3,654,0,13,linechart-real-24-shuffled-main_effect-0-7,right,increasing,shuffled,main_effect,0,dual,2026-03-18 21:23:21.923
747,65cb86a7e667e637599a3af3,1117,1,14,linechart-real-16-ordered-main_effect-0-14,left,increasing,ordered,main_effect,0,dual,2026-03-18 21:23:24.795
748,5ec17a2e02be030625eaff6e,8955,1,12,linechart-real-7-ordered-main_effect-0-1,left,increasing,ordered,main_effect,0,dual,2026-03-18 21:23:26.510
749,65cb86a7e667e637599a3af3,2872,0,15,linechart-real-14-shuffled-interaction-1-30,left,increasing,shuffled,interaction,1,dual,2026-03-18 21:23:28.412
750,5ec17a2e02be030625eaff6e,9825,1,13,linechart-real-22-shuffled-interaction-1-10,right,increasing,shuffled,interaction,1,dual,2026-03-18 21:23:37.210
751,65cb86a7e667e637599a3af3,10657,1,16,linechart-real-29-shuffled-interaction-1-6,right,increasing,shuffled,interaction,1,dual,2026-03-18 21:23:43.150
752,5ec17a2e02be030625eaff6e,5853,1,14,linechart-real-8-ordered-main_effect-0-6,left,increasing,ordered,main_effect,0,dual,2026-03-18 21:23:44.042
753,65cb86a7e667e637599a3af3,2185,0,17,linechart-real-22-ordered-interaction-0-28,right,increasing,ordered,interaction,0,dual,2026-03-18 21:23:46.089
754,65cb86a7e667e637599a3af3,6994,1,18,linechart-real-0-shuffled-interaction-0-12,left,increasing,shuffled,interaction,0,dual,2026-03-18 21:23:54.834
755,65cb86a7e667e637599a3af3,1678,1,19,linechart-real-8-shuffled-main_effect-0-27,left,increasing,shuffled,main_effect,0,dual,2026-03-18 21:23:57.261
756,5ec17a2e02be030625eaff6e,13165,1,15,linechart-real-31-shuffled-main_effect-1-15,right,increasing,shuffled,main_effect,1,dual,2026-03-18 21:23:58.067
757,65cb86a7e667e637599a3af3,2588,1,20,linechart-real-2-shuffled-main_effect-1-20,right,increasing,shuffled,main_effect,1,dual,2026-03-18 21:24:00.608
758,65cb86a7e667e637599a3af3,3763,0,21,linechart-real-6-shuffled-interaction-1-15,left,increasing,shuffled,interaction,1,dual,2026-03-18 21:24:05.114
759,65cb86a7e667e637599a3af3,2271,0,22,linechart-real-19-ordered-interaction-0-1,right,increasing,ordered,interaction,0,dual,2026-03-18 21:24:09.136
760,5ec17a2e02be030625eaff6e,5367,1,16,linechart-real-4-ordered-interaction-1-20,right,increasing,ordered,interaction,1,dual,2026-03-18 21:24:07.877
761,65cb86a7e667e637599a3af3,535,0,23,linechart-real-15-ordered-interaction-1-19,left,increasing,ordered,interaction,1,dual,2026-03-18 21:24:11.438
762,5ec17a2e02be030625eaff6e,8197,1,17,linechart-real-26-shuffled-main_effect-1-7,right,increasing,shuffled,main_effect,1,dual,2026-03-18 21:24:16.882
763,65cb86a7e667e637599a3af3,6583,0,24,linechart-real-13-ordered-interaction-0-10,right,increasing,ordered,interaction,0,dual,2026-03-18 21:24:23.648
764,5ec17a2e02be030625eaff6e,6267,1,18,linechart-real-5-shuffled-main_effect-1-24,right,increasing,shuffled,main_effect,1,dual,2026-03-18 21:24:23.973
765,65cb86a7e667e637599a3af3,5321,1,25,linechart-real-4-shuffled-main_effect-1-26,right,increasing,shuffled,main_effect,1,dual,2026-03-18 21:24:30.716
766,65cb86a7e667e637599a3af3,2691,0,26,linechart-real-17-ordered-main_effect-0-17,right,increasing,ordered,main_effect,0,dual,2026-03-18 21:24:34.091
767,65cb86a7e667e637599a3af3,183,1,27,linechart-real-12-ordered-main_effect-0-13,left,increasing,ordered,main_effect,0,dual,2026-03-18 21:24:36.027
768,5ec17a2e02be030625eaff6e,10929,1,19,linechart-real-18-shuffled-interaction-0-23,left,increasing,shuffled,interaction,0,dual,2026-03-18 21:24:35.759
769,65cb86a7e667e637599a3af3,1569,0,28,linechart-real-10-shuffled-main_effect-1-16,left,increasing,shuffled,main_effect,1,dual,2026-03-18 21:24:38.347
770,65cb86a7e667e637599a3af3,441,1,29,linechart-real-30-ordered-main_effect-1-11,right,increasing,ordered,main_effect,1,dual,2026-03-18 21:24:40.571
771,65cb86a7e667e637599a3af3,1422,0,30,linechart-real-11-ordered-interaction-1-18,left,increasing,ordered,interaction,1,dual,2026-03-18 21:24:42.766
772,5ec17a2e02be030625eaff6e,8646,1,20,linechart-real-3-ordered-interaction-0-29,left,increasing,ordered,interaction,0,dual,2026-03-18 21:24:45.558
773,65cb86a7e667e637599a3af3,9254,0,31,linechart-real-23-shuffled-interaction-1-29,left,increasing,shuffled,interaction,1,dual,2026-03-18 21:24:53.775
774,5ec17a2e02be030625eaff6e,7841,1,21,linechart-real-21-shuffled-main_effect-1-9,right,increasing,shuffled,main_effect,1,dual,2026-03-18 21:24:54.259
775,5ec17a2e02be030625eaff6e,7841,1,22,linechart-real-20-shuffled-main_effect-0-21,left,increasing,shuffled,main_effect,0,dual,2026-03-18 21:25:02.962
776,5ec17a2e02be030625eaff6e,4569,1,23,linechart-real-24-ordered-main_effect-0-25,left,increasing,ordered,main_effect,0,dual,2026-03-18 21:25:08.418
777,5ec17a2e02be030625eaff6e,5678,0,24,linechart-real-1-shuffled-main_effect-1-12,left,increasing,shuffled,main_effect,1,dual,2026-03-18 21:25:21.092
778,5ec17a2e02be030625eaff6e,5008,1,25,linechart-real-28-ordered-interaction-1-16,right,increasing,ordered,interaction,1,dual,2026-03-18 21:25:28.203
779,5ec17a2e02be030625eaff6e,4368,1,26,linechart-real-13-ordered-main_effect-1-17,right,increasing,ordered,main_effect,1,dual,2026-03-18 21:25:33.607
780,5ec17a2e02be030625eaff6e,5400,1,27,linechart-real-23-shuffled-interaction-1-4,right,increasing,shuffled,interaction,1,dual,2026-03-18 21:25:39.945
781,5ec17a2e02be030625eaff6e,9959,1,28,linechart-real-14-shuffled-interaction-0-5,left,increasing,shuffled,interaction,0,dual,2026-03-18 21:25:50.708
782,5ec17a2e02be030625eaff6e,7623,1,29,linechart-real-12-shuffled-interaction-0-30,left,increasing,shuffled,interaction,0,dual,2026-03-18 21:25:59.186
783,5ec17a2e02be030625eaff6e,9512,1,30,linechart-real-17-ordered-interaction-0-22,left,increasing,ordered,interaction,0,dual,2026-03-18 21:26:09.456
784,5ec17a2e02be030625eaff6e,6630,1,31,linechart-real-16-ordered-main_effect-0-27,left,increasing,ordered,main_effect,0,dual,2026-03-18 21:26:16.930
785,5cd3ff1ac99584000199dd15,5620,1,0,linechart-real-11-ordered-main_effect-1-1,right,increasing,ordered,main_effect,1,dual,2026-03-18 21:26:23.184
786,5cd3ff1ac99584000199dd15,35684,1,1,linechart-real-28-shuffled-interaction-1-23,right,increasing,shuffled,interaction,1,dual,2026-03-18 21:26:59.601
787,5cd3ff1ac99584000199dd15,17164,1,2,linechart-real-18-ordered-main_effect-1-5,right,increasing,ordered,main_effect,1,dual,2026-03-18 21:27:17.638
788,5cd3ff1ac99584000199dd15,16771,1,3,linechart-real-14-shuffled-interaction-1-27,right,increasing,shuffled,interaction,1,dual,2026-03-18 21:27:35.366
789,5cd3ff1ac99584000199dd15,25526,1,4,linechart-real-22-shuffled-main_effect-1-25,right,increasing,shuffled,main_effect,1,dual,2026-03-18 21:28:01.735
790,69b0666b647ba8daed82d623,23410,1,0,linechart-real-28-ordered-interaction-0-21,left,increasing,ordered,interaction,0,dual,2026-03-18 21:28:41.445
791,69b0666b647ba8daed82d623,28205,1,1,linechart-real-14-shuffled-main_effect-1-30,right,increasing,shuffled,main_effect,1,dual,2026-03-18 21:29:10.264
792,69b19be44bc129f85f90f89d,50176,1,0,linechart-real-21-shuffled-interaction-1-7,right,increasing,shuffled,interaction,1,dual,2026-03-18 21:29:21.310
793,69b0666b647ba8daed82d623,17372,1,2,linechart-real-18-shuffled-main_effect-1-22,right,increasing,shuffled,main_effect,1,dual,2026-03-18 21:29:28.254
794,69b19be44bc129f85f90f89d,26508,0,1,linechart-real-11-ordered-main_effect-1-10,left,increasing,ordered,main_effect,1,dual,2026-03-18 21:29:48.462
795,66e62716a40afa9a9b4d23c6,18757,1,0,linechart-real-16-ordered-main_effect-0-13,left,increasing,ordered,main_effect,0,dual,2026-03-18 21:29:51.733
796,69b0666b647ba8daed82d623,25064,1,3,linechart-real-1-ordered-main_effect-1-7,right,increasing,ordered,main_effect,1,dual,2026-03-18 21:29:53.923
797,66e62716a40afa9a9b4d23c6,9699,1,1,linechart-real-7-ordered-interaction-1-7,right,increasing,ordered,interaction,1,dual,2026-03-18 21:30:03.659
798,69b19be44bc129f85f90f89d,20497,1,2,linechart-real-15-shuffled-main_effect-0-22,left,increasing,shuffled,main_effect,0,dual,2026-03-18 21:30:10.648
799,69b0666b647ba8daed82d623,17163,1,4,linechart-real-27-ordered-interaction-0-10,left,increasing,ordered,interaction,0,dual,2026-03-18 21:30:11.732
800,66e62716a40afa9a9b4d23c6,5925,1,2,linechart-real-13-ordered-main_effect-1-1,right,increasing,ordered,main_effect,1,dual,2026-03-18 21:30:11.779
801,66e62716a40afa9a9b4d23c6,13315,1,3,linechart-real-24-shuffled-interaction-1-3,right,increasing,shuffled,interaction,1,dual,2026-03-18 21:30:27.295
802,69b0666b647ba8daed82d623,24009,1,5,linechart-real-13-shuffled-main_effect-0-9,left,increasing,shuffled,main_effect,0,dual,2026-03-18 21:30:36.376
803,66e62716a40afa9a9b4d23c6,14332,1,4,linechart-real-27-shuffled-main_effect-0-20,left,increasing,shuffled,main_effect,0,dual,2026-03-18 21:30:43.842
804,69b19be44bc129f85f90f89d,35953,1,3,linechart-real-27-ordered-main_effect-0-2,left,increasing,ordered,main_effect,0,dual,2026-03-18 21:30:47.297
805,66e62716a40afa9a9b4d23c6,6017,1,5,linechart-real-0-shuffled-main_effect-1-28,right,increasing,shuffled,main_effect,1,dual,2026-03-18 21:30:52.067
806,69b19be44bc129f85f90f89d,20659,0,4,linechart-real-3-ordered-main_effect-1-9,left,increasing,ordered,main_effect,1,dual,2026-03-18 21:31:08.602
807,69b0666b647ba8daed82d623,31976,1,6,linechart-real-5-shuffled-main_effect-0-24,left,increasing,shuffled,main_effect,0,dual,2026-03-18 21:31:08.965
808,66e62716a40afa9a9b4d23c6,23478,1,6,linechart-real-23-shuffled-interaction-0-23,left,increasing,shuffled,interaction,0,dual,2026-03-18 21:31:17.693
809,69b19be44bc129f85f90f89d,12569,1,5,linechart-real-22-shuffled-interaction-1-21,right,increasing,shuffled,interaction,1,dual,2026-03-18 21:31:22.809
810,69b19be44bc129f85f90f89d,5617,1,6,linechart-real-7-ordered-interaction-0-19,left,increasing,ordered,interaction,0,dual,2026-03-18 21:31:29.089
811,69b19be44bc129f85f90f89d,4731,0,7,linechart-real-24-ordered-interaction-0-3,right,increasing,ordered,interaction,0,dual,2026-03-18 21:31:34.482
812,69b19be44bc129f85f90f89d,2819,1,8,linechart-real-18-shuffled-interaction-1-4,right,increasing,shuffled,interaction,1,dual,2026-03-18 21:31:46.074
813,69b0666b647ba8daed82d623,38111,0,7,linechart-real-7-shuffled-main_effect-1-16,left,increasing,shuffled,main_effect,1,dual,2026-03-18 21:31:48.019
814,66e62716a40afa9a9b4d23c6,28549,1,7,linechart-real-14-shuffled-interaction-1-31,right,increasing,shuffled,interaction,1,dual,2026-03-18 21:31:48.406
815,6943a4da7dee8750219a1aaf,27993,1,0,linechart-real-0-shuffled-main_effect-0-12,left,increasing,shuffled,main_effect,0,dual,2026-03-18 21:31:54.680
816,66e62716a40afa9a9b4d23c6,12687,1,8,linechart-real-9-ordered-main_effect-0-12,left,increasing,ordered,main_effect,0,dual,2026-03-18 21:32:11.319
817,6943a4da7dee8750219a1aaf,21130,1,1,linechart-real-9-ordered-interaction-1-4,right,increasing,ordered,interaction,1,dual,2026-03-18 21:32:16.400
818,69b0666b647ba8daed82d623,13374,1,8,linechart-real-25-shuffled-interaction-1-2,right,increasing,shuffled,interaction,1,dual,2026-03-18 21:32:14.852
819,69b19be44bc129f85f90f89d,34380,1,9,linechart-real-13-ordered-interaction-1-25,right,increasing,ordered,interaction,1,dual,2026-03-18 21:32:21.084
820,66e62716a40afa9a9b4d23c6,10012,1,9,linechart-real-19-ordered-interaction-0-22,left,increasing,ordered,interaction,0,dual,2026-03-18 21:32:23.485
821,69b19be44bc129f85f90f89d,6177,1,10,linechart-real-8-shuffled-main_effect-1-29,right,increasing,shuffled,main_effect,1,dual,2026-03-18 21:32:27.882
822,6943a4da7dee8750219a1aaf,15122,1,2,linechart-real-15-ordered-main_effect-1-20,right,increasing,ordered,main_effect,1,dual,2026-03-18 21:32:32.136
823,69b19be44bc129f85f90f89d,5526,1,11,linechart-real-9-ordered-interaction-1-18,right,increasing,ordered,interaction,1,dual,2026-03-18 21:32:34.028
824,66e62716a40afa9a9b4d23c6,8008,1,10,linechart-real-17-ordered-interaction-1-11,right,increasing,ordered,interaction,1,dual,2026-03-18 21:32:33.653
825,69b19be44bc129f85f90f89d,5177,1,12,linechart-real-30-shuffled-interaction-1-24,right,increasing,shuffled,interaction,1,dual,2026-03-18 21:32:39.843
826,69b19be44bc129f85f90f89d,3830,0,13,linechart-real-31-shuffled-interaction-1-12,left,increasing,shuffled,interaction,1,dual,2026-03-18 21:32:44.316
827,66e62716a40afa9a9b4d23c6,10276,1,11,linechart-real-18-ordered-interaction-0-24,left,increasing,ordered,interaction,0,dual,2026-03-18 21:32:46.073
828,69b19be44bc129f85f90f89d,4028,0,14,linechart-real-4-shuffled-interaction-1-27,left,increasing,shuffled,interaction,1,dual,2026-03-18 21:32:49.995
829,69b0666b647ba8daed82d623,34285,1,9,linechart-real-2-ordered-interaction-1-27,right,increasing,ordered,interaction,1,dual,2026-03-18 21:32:49.777
830,6943a4da7dee8750219a1aaf,22986,1,3,linechart-real-8-shuffled-main_effect-0-31,left,increasing,shuffled,main_effect,0,dual,2026-03-18 21:32:55.744
831,69b19be44bc129f85f90f89d,6070,0,15,linechart-real-16-ordered-interaction-0-17,right,increasing,ordered,interaction,0,dual,2026-03-18 21:32:57.732
832,69b0666b647ba8daed82d623,10035,1,10,linechart-real-21-ordered-interaction-1-25,right,increasing,ordered,interaction,1,dual,2026-03-18 21:33:00.432
833,66e62716a40afa9a9b4d23c6,15652,1,12,linechart-real-20-ordered-interaction-0-29,left,increasing,ordered,interaction,0,dual,2026-03-18 21:33:03.857
834,69b19be44bc129f85f90f89d,5493,0,16,linechart-real-25-shuffled-main_effect-0-15,right,increasing,shuffled,main_effect,0,dual,2026-03-18 21:33:08.725
835,69b19be44bc129f85f90f89d,5510,1,17,linechart-real-14-ordered-interaction-0-20,left,increasing,ordered,interaction,0,dual,2026-03-18 21:33:15.908
836,6943a4da7dee8750219a1aaf,22383,1,4,linechart-real-20-ordered-interaction-1-30,right,increasing,ordered,interaction,1,dual,2026-03-18 21:33:18.720
837,66e62716a40afa9a9b4d23c6,10397,1,13,linechart-real-1-ordered-main_effect-0-5,left,increasing,ordered,main_effect,0,dual,2026-03-18 21:33:16.441
838,69b19be44bc129f85f90f89d,7347,0,18,linechart-real-0-shuffled-interaction-0-8,right,increasing,shuffled,interaction,0,dual,2026-03-18 21:33:23.877
839,66e62716a40afa9a9b4d23c6,4225,0,14,linechart-real-3-ordered-interaction-0-6,right,increasing,ordered,interaction,0,dual,2026-03-18 21:33:22.841
840,69b0666b647ba8daed82d623,23884,1,11,linechart-real-10-shuffled-interaction-1-26,right,increasing,shuffled,interaction,1,dual,2026-03-18 21:33:24.962
841,6943a4da7dee8750219a1aaf,14981,1,5,linechart-real-7-shuffled-interaction-0-17,left,increasing,shuffled,interaction,0,dual,2026-03-18 21:33:34.328
842,69b19be44bc129f85f90f89d,10646,1,19,linechart-real-23-ordered-interaction-1-23,right,increasing,ordered,interaction,1,dual,2026-03-18 21:33:36.174
843,66e62716a40afa9a9b4d23c6,16695,1,15,linechart-real-31-shuffled-main_effect-1-21,right,increasing,shuffled,main_effect,1,dual,2026-03-18 21:33:41.543
844,69b19be44bc129f85f90f89d,11093,1,20,linechart-real-19-ordered-main_effect-1-31,right,increasing,ordered,main_effect,1,dual,2026-03-18 21:33:47.909
845,69b0666b647ba8daed82d623,21621,1,12,linechart-real-15-ordered-interaction-0-13,left,increasing,ordered,interaction,0,dual,2026-03-18 21:33:47.311
846,69b19be44bc129f85f90f89d,11666,1,21,linechart-real-26-ordered-interaction-1-6,right,increasing,ordered,interaction,1,dual,2026-03-18 21:34:00.262
847,66e62716a40afa9a9b4d23c6,13390,1,16,linechart-real-10-shuffled-interaction-0-27,left,increasing,shuffled,interaction,0,dual,2026-03-18 21:34:00.453
848,6943a4da7dee8750219a1aaf,32628,1,6,linechart-real-17-shuffled-interaction-1-25,right,increasing,shuffled,interaction,1,dual,2026-03-18 21:34:07.537
849,5cd3ff1ac99584000199dd15,11907,1,0,linechart-real-30-ordered-main_effect-0-7,left,increasing,ordered,main_effect,0,dual,2026-03-18 21:34:15.811
850,66e62716a40afa9a9b4d23c6,11965,1,17,linechart-real-2-ordered-main_effect-1-26,right,increasing,ordered,main_effect,1,dual,2026-03-18 21:34:14.596
851,69b19be44bc129f85f90f89d,16360,1,22,linechart-real-17-shuffled-main_effect-0-1,left,increasing,shuffled,main_effect,0,dual,2026-03-18 21:34:17.262
852,69b0666b647ba8daed82d623,30621,1,13,linechart-real-17-shuffled-interaction-0-5,left,increasing,shuffled,interaction,0,dual,2026-03-18 21:34:18.542
853,66e62716a40afa9a9b4d23c6,4746,1,18,linechart-real-30-shuffled-main_effect-1-30,right,increasing,shuffled,main_effect,1,dual,2026-03-18 21:34:21.460
854,69b19be44bc129f85f90f89d,8519,1,23,linechart-real-5-ordered-main_effect-1-11,right,increasing,ordered,main_effect,1,dual,2026-03-18 21:34:26.470
855,5cd3ff1ac99584000199dd15,13300,1,1,linechart-real-27-ordered-interaction-0-2,left,increasing,ordered,interaction,0,dual,2026-03-18 21:34:29.898
856,6943a4da7dee8750219a1aaf,23899,1,7,linechart-real-2-shuffled-interaction-1-28,right,increasing,shuffled,interaction,1,dual,2026-03-18 21:34:32.056
857,66e62716a40afa9a9b4d23c6,7669,1,19,linechart-real-28-shuffled-interaction-0-4,left,increasing,shuffled,interaction,0,dual,2026-03-18 21:34:31.297
858,69b19be44bc129f85f90f89d,5078,0,24,linechart-real-29-ordered-main_effect-0-0,right,increasing,ordered,main_effect,0,dual,2026-03-18 21:34:37.158
859,69b0666b647ba8daed82d623,22293,1,14,linechart-real-19-shuffled-main_effect-1-15,right,increasing,shuffled,main_effect,1,dual,2026-03-18 21:34:41.489
860,5cd3ff1ac99584000199dd15,14055,1,2,linechart-real-28-ordered-main_effect-1-28,right,increasing,ordered,main_effect,1,dual,2026-03-18 21:34:44.732
861,66e62716a40afa9a9b4d23c6,10048,1,20,linechart-real-25-shuffled-interaction-1-15,right,increasing,shuffled,interaction,1,dual,2026-03-18 21:34:43.443
862,66e62716a40afa9a9b4d23c6,6759,1,21,linechart-real-5-shuffled-main_effect-1-25,right,increasing,shuffled,main_effect,1,dual,2026-03-18 21:34:52.383
863,69b0666b647ba8daed82d623,15288,1,15,linechart-real-31-ordered-main_effect-0-12,left,increasing,ordered,main_effect,0,dual,2026-03-18 21:34:57.470
864,6943a4da7dee8750219a1aaf,25195,1,8,linechart-real-6-shuffled-main_effect-0-1,left,increasing,shuffled,main_effect,0,dual,2026-03-18 21:35:03.800
865,5cd3ff1ac99584000199dd15,19319,1,3,linechart-real-13-ordered-main_effect-0-16,left,increasing,ordered,main_effect,0,dual,2026-03-18 21:35:04.794
866,66e62716a40afa9a9b4d23c6,11356,1,22,linechart-real-8-ordered-main_effect-0-2,left,increasing,ordered,main_effect,0,dual,2026-03-18 21:35:05.821
867,6943a4da7dee8750219a1aaf,11360,1,9,linechart-real-29-ordered-interaction-1-2,right,increasing,ordered,interaction,1,dual,2026-03-18 21:35:15.753
868,69b19be44bc129f85f90f89d,42595,0,25,linechart-real-6-shuffled-main_effect-0-30,right,increasing,shuffled,main_effect,0,dual,2026-03-18 21:35:21.376
869,69b19be44bc129f85f90f89d,1396,1,26,linechart-real-1-shuffled-main_effect-0-26,left,increasing,shuffled,main_effect,0,dual,2026-03-18 21:35:24.480
870,69b0666b647ba8daed82d623,15525,1,16,linechart-real-16-ordered-main_effect-0-3,left,increasing,ordered,main_effect,0,dual,2026-03-18 21:35:23.635
871,69b19be44bc129f85f90f89d,1691,1,27,linechart-real-2-ordered-main_effect-1-28,right,increasing,ordered,main_effect,1,dual,2026-03-18 21:35:26.847
872,6943a4da7dee8750219a1aaf,12020,1,10,linechart-real-28-shuffled-interaction-0-16,left,increasing,shuffled,interaction,0,dual,2026-03-18 21:35:28.360
873,69b19be44bc129f85f90f89d,1777,0,28,linechart-real-12-ordered-main_effect-0-13,right,increasing,ordered,main_effect,0,dual,2026-03-18 21:35:29.280
874,5cd3ff1ac99584000199dd15,19821,1,4,linechart-real-31-ordered-interaction-0-12,left,increasing,ordered,interaction,0,dual,2026-03-18 21:35:25.580
875,66e62716a40afa9a9b4d23c6,21191,1,23,linechart-real-15-ordered-interaction-1-19,right,increasing,ordered,interaction,1,dual,2026-03-18 21:35:29.189
876,69b19be44bc129f85f90f89d,1773,1,29,linechart-real-28-shuffled-main_effect-0-14,left,increasing,shuffled,main_effect,0,dual,2026-03-18 21:35:32.752
877,69b19be44bc129f85f90f89d,1212,0,30,linechart-real-20-shuffled-main_effect-0-16,right,increasing,shuffled,main_effect,0,dual,2026-03-18 21:35:34.671
878,66e62716a40afa9a9b4d23c6,7136,1,24,linechart-real-29-shuffled-main_effect-1-16,right,increasing,shuffled,main_effect,1,dual,2026-03-18 21:35:40.424
879,69b0666b647ba8daed82d623,18731,0,17,linechart-real-6-shuffled-interaction-1-29,left,increasing,shuffled,interaction,1,dual,2026-03-18 21:35:42.972
880,6943a4da7dee8750219a1aaf,21818,1,11,linechart-real-22-ordered-interaction-1-13,right,increasing,ordered,interaction,1,dual,2026-03-18 21:35:50.816
881,66e62716a40afa9a9b4d23c6,6736,1,25,linechart-real-22-shuffled-interaction-0-8,left,increasing,shuffled,interaction,0,dual,2026-03-18 21:35:49.343
882,69b19be44bc129f85f90f89d,21116,1,31,linechart-real-10-shuffled-interaction-0-5,left,increasing,shuffled,interaction,0,dual,2026-03-18 21:35:57.482
883,66e62716a40afa9a9b4d23c6,4537,1,26,linechart-real-26-ordered-interaction-0-10,left,increasing,ordered,interaction,0,dual,2026-03-18 21:35:56.178
884,69b0666b647ba8daed82d623,14622,1,18,linechart-real-8-shuffled-interaction-0-28,left,increasing,shuffled,interaction,0,dual,2026-03-18 21:35:59.356
885,66e62716a40afa9a9b4d23c6,4879,1,27,linechart-real-11-shuffled-main_effect-1-17,right,increasing,shuffled,main_effect,1,dual,2026-03-18 21:36:03.179
886,66e62716a40afa9a9b4d23c6,4949,1,28,linechart-real-21-shuffled-main_effect-1-18,right,increasing,shuffled,main_effect,1,dual,2026-03-18 21:36:10.205
887,6943a4da7dee8750219a1aaf,23847,1,12,linechart-real-12-ordered-main_effect-0-15,left,increasing,ordered,main_effect,0,dual,2026-03-18 21:36:15.288
888,69b0666b647ba8daed82d623,16239,1,19,linechart-real-9-ordered-interaction-1-17,right,increasing,ordered,interaction,1,dual,2026-03-18 21:36:16.236
889,66e62716a40afa9a9b4d23c6,4452,1,29,linechart-real-12-ordered-main_effect-1-9,right,increasing,ordered,main_effect,1,dual,2026-03-18 21:36:16.842
890,66e62716a40afa9a9b4d23c6,3853,1,30,linechart-real-6-shuffled-interaction-0-0,left,increasing,shuffled,interaction,0,dual,2026-03-18 21:36:22.801
891,6943a4da7dee8750219a1aaf,12377,1,13,linechart-real-19-ordered-main_effect-0-5,left,increasing,ordered,main_effect,0,dual,2026-03-18 21:36:28.280
892,66e62716a40afa9a9b4d23c6,8710,1,31,linechart-real-4-ordered-main_effect-0-14,left,increasing,ordered,main_effect,0,dual,2026-03-18 21:36:32.502
893,69b0666b647ba8daed82d623,20705,0,20,linechart-real-22-ordered-interaction-1-31,left,increasing,ordered,interaction,1,dual,2026-03-18 21:36:37.607
894,6943a4da7dee8750219a1aaf,22682,0,14,linechart-real-1-shuffled-interaction-0-6,right,increasing,shuffled,interaction,0,dual,2026-03-18 21:36:51.568
895,69b0666b647ba8daed82d623,14779,0,21,linechart-real-11-shuffled-interaction-1-6,left,increasing,shuffled,interaction,1,dual,2026-03-18 21:36:54.057
896,6943a4da7dee8750219a1aaf,14198,1,15,linechart-real-11-ordered-main_effect-1-3,right,increasing,ordered,main_effect,1,dual,2026-03-18 21:37:07.416
897,69b0666b647ba8daed82d623,27105,1,22,linechart-real-0-ordered-main_effect-0-18,left,increasing,ordered,main_effect,0,dual,2026-03-18 21:37:22.795
898,6943a4da7dee8750219a1aaf,14213,1,16,linechart-real-10-ordered-main_effect-1-26,right,increasing,ordered,main_effect,1,dual,2026-03-18 21:37:25.936
899,6943a4da7dee8750219a1aaf,10113,1,17,linechart-real-21-shuffled-main_effect-1-9,right,increasing,shuffled,main_effect,1,dual,2026-03-18 21:37:36.640
900,69b0666b647ba8daed82d623,20231,1,23,linechart-real-3-shuffled-interaction-1-14,right,increasing,shuffled,interaction,1,dual,2026-03-18 21:37:43.644
901,6943a4da7dee8750219a1aaf,19657,1,18,linechart-real-31-shuffled-main_effect-1-19,right,increasing,shuffled,main_effect,1,dual,2026-03-18 21:37:56.903
902,69b0666b647ba8daed82d623,17393,1,24,linechart-real-24-ordered-interaction-0-19,left,increasing,ordered,interaction,0,dual,2026-03-18 21:38:10.862
903,6943a4da7dee8750219a1aaf,30243,1,19,linechart-real-26-ordered-interaction-0-21,left,increasing,ordered,interaction,0,dual,2026-03-18 21:38:27.768
904,69b0666b647ba8daed82d623,21537,1,25,linechart-real-26-ordered-main_effect-1-1,right,increasing,ordered,main_effect,1,dual,2026-03-18 21:38:33.017
905,6943a4da7dee8750219a1aaf,18714,1,20,linechart-real-18-shuffled-main_effect-1-0,right,increasing,shuffled,main_effect,1,dual,2026-03-18 21:38:47.112
906,69b0666b647ba8daed82d623,17453,1,26,linechart-real-29-shuffled-main_effect-0-4,left,increasing,shuffled,main_effect,0,dual,2026-03-18 21:38:51.085
907,69b0666b647ba8daed82d623,12874,1,27,linechart-real-23-ordered-main_effect-1-0,right,increasing,ordered,main_effect,1,dual,2026-03-18 21:39:04.570
908,6943a4da7dee8750219a1aaf,20871,1,21,linechart-real-25-ordered-interaction-0-27,left,increasing,ordered,interaction,0,dual,2026-03-18 21:39:08.576
909,69b0666b647ba8daed82d623,9571,1,28,linechart-real-20-shuffled-main_effect-0-23,left,increasing,shuffled,main_effect,0,dual,2026-03-18 21:39:14.750
910,6943a4da7dee8750219a1aaf,12985,1,22,linechart-real-14-ordered-main_effect-0-24,left,increasing,ordered,main_effect,0,dual,2026-03-18 21:39:22.191
911,69b0666b647ba8daed82d623,15315,1,29,linechart-real-30-ordered-main_effect-0-11,left,increasing,ordered,main_effect,0,dual,2026-03-18 21:39:30.717
912,69b0666b647ba8daed82d623,13306,1,30,linechart-real-12-ordered-main_effect-0-8,left,increasing,ordered,main_effect,0,dual,2026-03-18 21:39:44.682
913,6943a4da7dee8750219a1aaf,28865,1,23,linechart-real-30-ordered-main_effect-0-18,left,increasing,ordered,main_effect,0,dual,2026-03-18 21:39:51.687
914,69b0666b647ba8daed82d623,7105,1,31,linechart-real-4-shuffled-interaction-0-20,left,increasing,shuffled,interaction,0,dual,2026-03-18 21:39:52.407
915,6943a4da7dee8750219a1aaf,16002,1,24,linechart-real-13-shuffled-interaction-0-8,left,increasing,shuffled,interaction,0,dual,2026-03-18 21:40:14.664
916,6943a4da7dee8750219a1aaf,25907,1,25,linechart-real-23-shuffled-main_effect-1-11,right,increasing,shuffled,main_effect,1,dual,2026-03-18 21:40:41.199
917,6943a4da7dee8750219a1aaf,15558,1,26,linechart-real-3-ordered-main_effect-1-23,right,increasing,ordered,main_effect,1,dual,2026-03-18 21:40:57.392
918,6943a4da7dee8750219a1aaf,16173,1,27,linechart-real-24-ordered-interaction-0-14,left,increasing,ordered,interaction,0,dual,2026-03-18 21:41:14.191
919,6943a4da7dee8750219a1aaf,19977,1,28,linechart-real-27-ordered-interaction-1-7,right,increasing,ordered,interaction,1,dual,2026-03-18 21:41:34.815
920,6943a4da7dee8750219a1aaf,15692,1,29,linechart-real-16-shuffled-main_effect-0-29,left,increasing,shuffled,main_effect,0,dual,2026-03-18 21:41:51.127
921,6943a4da7dee8750219a1aaf,23032,1,30,linechart-real-4-shuffled-interaction-0-10,left,increasing,shuffled,interaction,0,dual,2026-03-18 21:42:14.800
922,6943a4da7dee8750219a1aaf,35917,1,31,linechart-real-5-shuffled-interaction-1-22,right,increasing,shuffled,interaction,1,dual,2026-03-18 21:42:51.335
923,69b0d77ac396f921bd860bba,7686,1,0,linechart-real-4-shuffled-interaction-1-19,right,increasing,shuffled,interaction,1,dual,2026-03-18 21:44:56.743
924,69b0d77ac396f921bd860bba,5512,1,1,linechart-real-26-ordered-main_effect-0-30,left,increasing,ordered,main_effect,0,dual,2026-03-18 21:45:02.888
925,69b0d77ac396f921bd860bba,8913,1,2,linechart-real-25-shuffled-main_effect-0-22,left,increasing,shuffled,main_effect,0,dual,2026-03-18 21:45:12.419
926,69b0d77ac396f921bd860bba,5762,1,3,linechart-real-23-shuffled-main_effect-1-6,right,increasing,shuffled,main_effect,1,dual,2026-03-18 21:45:18.850
927,69b0d77ac396f921bd860bba,6987,1,4,linechart-real-22-ordered-main_effect-1-16,right,increasing,ordered,main_effect,1,dual,2026-03-18 21:45:26.491
928,69b0d77ac396f921bd860bba,5118,1,5,linechart-real-1-ordered-main_effect-1-14,right,increasing,ordered,main_effect,1,dual,2026-03-18 21:45:32.204
929,69b0d77ac396f921bd860bba,8340,1,6,linechart-real-10-shuffled-interaction-0-31,left,increasing,shuffled,interaction,0,dual,2026-03-18 21:45:41.169
930,69b0d77ac396f921bd860bba,11147,1,7,linechart-real-21-ordered-main_effect-0-9,left,increasing,ordered,main_effect,0,dual,2026-03-18 21:45:52.932
931,69b0d77ac396f921bd860bba,7386,1,8,linechart-real-6-ordered-main_effect-0-28,left,increasing,ordered,main_effect,0,dual,2026-03-18 21:46:06.950
932,69b0d77ac396f921bd860bba,4154,1,9,linechart-real-29-ordered-interaction-0-1,left,increasing,ordered,interaction,0,dual,2026-03-18 21:46:11.733
933,69b0d77ac396f921bd860bba,4933,1,10,linechart-real-2-ordered-interaction-1-5,right,increasing,ordered,interaction,1,dual,2026-03-18 21:46:17.388
934,69b0d77ac396f921bd860bba,8243,1,11,linechart-real-17-shuffled-main_effect-1-0,right,increasing,shuffled,main_effect,1,dual,2026-03-18 21:46:26.237
935,69b0d77ac396f921bd860bba,9554,1,12,linechart-real-11-shuffled-main_effect-0-11,left,increasing,shuffled,main_effect,0,dual,2026-03-18 21:46:36.439
936,69b0d77ac396f921bd860bba,3464,1,13,linechart-real-18-ordered-interaction-1-29,right,increasing,ordered,interaction,1,dual,2026-03-18 21:46:40.530
937,69b0d77ac396f921bd860bba,7369,1,14,linechart-real-31-shuffled-main_effect-1-27,right,increasing,shuffled,main_effect,1,dual,2026-03-18 21:46:48.520
938,69b0d77ac396f921bd860bba,7055,1,15,linechart-real-20-shuffled-interaction-1-21,right,increasing,shuffled,interaction,1,dual,2026-03-18 21:46:56.193
939,69b0d77ac396f921bd860bba,4134,1,16,linechart-real-19-shuffled-interaction-0-18,left,increasing,shuffled,interaction,0,dual,2026-03-18 21:47:03.225
940,69b0d77ac396f921bd860bba,3446,1,17,linechart-real-7-ordered-interaction-1-10,right,increasing,ordered,interaction,1,dual,2026-03-18 21:47:07.280
941,69b0d77ac396f921bd860bba,3216,1,18,linechart-real-12-shuffled-main_effect-0-24,left,increasing,shuffled,main_effect,0,dual,2026-03-18 21:47:11.115
942,667871d17d7fdf0358f82a28,4143,0,0,linechart-real-17-ordered-main_effect-1-4,left,increasing,ordered,main_effect,1,dual,2026-03-18 21:47:09.217
943,667871d17d7fdf0358f82a28,428,0,1,linechart-real-25-ordered-main_effect-0-16,right,increasing,ordered,main_effect,0,dual,2026-03-18 21:47:11.221
944,69b0d77ac396f921bd860bba,3519,1,19,linechart-real-8-shuffled-interaction-0-25,left,increasing,shuffled,interaction,0,dual,2026-03-18 21:47:15.262
945,667871d17d7fdf0358f82a28,360,1,2,linechart-real-22-ordered-main_effect-0-26,left,increasing,ordered,main_effect,0,dual,2026-03-18 21:47:13.192
946,667871d17d7fdf0358f82a28,487,1,3,linechart-real-26-shuffled-interaction-0-14,left,increasing,shuffled,interaction,0,dual,2026-03-18 21:47:14.285
947,667871d17d7fdf0358f82a28,483,0,4,linechart-real-29-shuffled-interaction-0-0,right,increasing,shuffled,interaction,0,dual,2026-03-18 21:47:15.343
948,69b0d77ac396f921bd860bba,3338,1,20,linechart-real-3-shuffled-interaction-1-23,right,increasing,shuffled,interaction,1,dual,2026-03-18 21:47:19.213
949,667871d17d7fdf0358f82a28,356,0,5,linechart-real-21-ordered-interaction-0-24,right,increasing,ordered,interaction,0,dual,2026-03-18 21:47:17.278
950,667871d17d7fdf0358f82a28,513,1,6,linechart-real-8-shuffled-interaction-0-6,left,increasing,shuffled,interaction,0,dual,2026-03-18 21:47:19.397
951,667871d17d7fdf0358f82a28,744,1,7,linechart-real-4-ordered-interaction-0-7,left,increasing,ordered,interaction,0,dual,2026-03-18 21:47:20.749
952,69b0d77ac396f921bd860bba,5319,1,21,linechart-real-28-shuffled-interaction-1-20,right,increasing,shuffled,interaction,1,dual,2026-03-18 21:47:25.122
953,69b0d77ac396f921bd860bba,7018,1,22,linechart-real-27-shuffled-interaction-0-12,left,increasing,shuffled,interaction,0,dual,2026-03-18 21:47:32.834
954,667871d17d7fdf0358f82a28,2290,1,8,linechart-real-19-ordered-main_effect-1-17,right,increasing,ordered,main_effect,1,dual,2026-03-18 21:47:30.471
955,667871d17d7fdf0358f82a28,1930,0,9,linechart-real-18-ordered-main_effect-1-18,left,increasing,ordered,main_effect,1,dual,2026-03-18 21:47:33.010
956,667871d17d7fdf0358f82a28,699,1,10,linechart-real-24-ordered-interaction-1-21,right,increasing,ordered,interaction,1,dual,2026-03-18 21:47:35.314
957,69b0d77ac396f921bd860bba,5714,1,23,linechart-real-0-ordered-main_effect-0-7,left,increasing,ordered,main_effect,0,dual,2026-03-18 21:47:39.178
958,667871d17d7fdf0358f82a28,1258,1,11,linechart-real-28-shuffled-main_effect-1-22,right,increasing,shuffled,main_effect,1,dual,2026-03-18 21:47:37.153
959,667871d17d7fdf0358f82a28,1408,0,12,linechart-real-15-shuffled-main_effect-0-30,right,increasing,shuffled,main_effect,0,dual,2026-03-18 21:47:39.177
960,667871d17d7fdf0358f82a28,468,0,13,linechart-real-9-shuffled-interaction-1-28,left,increasing,shuffled,interaction,1,dual,2026-03-18 21:47:41.220
961,667871d17d7fdf0358f82a28,1011,1,14,linechart-real-20-shuffled-main_effect-1-29,right,increasing,shuffled,main_effect,1,dual,2026-03-18 21:47:43.814
962,69b0d77ac396f921bd860bba,5093,1,24,linechart-real-24-ordered-main_effect-1-4,right,increasing,ordered,main_effect,1,dual,2026-03-18 21:47:47.189
963,667871d17d7fdf0358f82a28,1708,0,15,linechart-real-16-shuffled-interaction-0-11,right,increasing,shuffled,interaction,0,dual,2026-03-18 21:47:46.131
964,69b0d77ac396f921bd860bba,2913,1,25,linechart-real-13-ordered-interaction-0-17,left,increasing,ordered,interaction,0,dual,2026-03-18 21:47:50.694
965,667871d17d7fdf0358f82a28,757,0,16,linechart-real-31-shuffled-main_effect-1-9,left,increasing,shuffled,main_effect,1,dual,2026-03-18 21:47:51.065
966,667871d17d7fdf0358f82a28,699,0,17,linechart-real-12-ordered-main_effect-0-27,right,increasing,ordered,main_effect,0,dual,2026-03-18 21:47:53.388
967,69b0d77ac396f921bd860bba,6835,1,26,linechart-real-30-ordered-main_effect-1-15,right,increasing,ordered,main_effect,1,dual,2026-03-18 21:47:58.141
968,667871d17d7fdf0358f82a28,910,0,18,linechart-real-2-ordered-main_effect-1-31,left,increasing,ordered,main_effect,1,dual,2026-03-18 21:47:55.919
969,667871d17d7fdf0358f82a28,811,0,19,linechart-real-13-shuffled-main_effect-0-2,right,increasing,shuffled,main_effect,0,dual,2026-03-18 21:47:58.308
970,69b0d77ac396f921bd860bba,2998,1,27,linechart-real-15-ordered-interaction-0-3,left,increasing,ordered,interaction,0,dual,2026-03-18 21:48:01.799
971,667871d17d7fdf0358f82a28,821,0,20,linechart-real-11-ordered-interaction-1-10,left,increasing,ordered,interaction,1,dual,2026-03-18 21:48:00.743
972,667871d17d7fdf0358f82a28,564,1,21,linechart-real-6-ordered-interaction-1-12,right,increasing,ordered,interaction,1,dual,2026-03-18 21:48:02.904
973,69b0d77ac396f921bd860bba,3521,1,28,linechart-real-16-ordered-interaction-1-26,right,increasing,ordered,interaction,1,dual,2026-03-18 21:48:06.376
974,667871d17d7fdf0358f82a28,719,0,22,linechart-real-7-ordered-interaction-0-23,right,increasing,ordered,interaction,0,dual,2026-03-18 21:48:04.228
975,69b0d77ac396f921bd860bba,2638,1,29,linechart-real-5-ordered-interaction-1-2,right,increasing,ordered,interaction,1,dual,2026-03-18 21:48:09.752
976,667871d17d7fdf0358f82a28,1295,1,23,linechart-real-10-ordered-interaction-0-19,left,increasing,ordered,interaction,0,dual,2026-03-18 21:48:07.138
977,69b0d77ac396f921bd860bba,3402,1,30,linechart-real-14-shuffled-main_effect-0-8,left,increasing,shuffled,main_effect,0,dual,2026-03-18 21:48:13.852
978,667871d17d7fdf0358f82a28,2195,0,24,linechart-real-14-shuffled-interaction-1-15,left,increasing,shuffled,interaction,1,dual,2026-03-18 21:48:14.465
979,667871d17d7fdf0358f82a28,1801,0,25,linechart-real-30-shuffled-main_effect-0-20,right,increasing,shuffled,main_effect,0,dual,2026-03-18 21:48:17.877
980,69b0d77ac396f921bd860bba,6949,1,31,linechart-real-9-shuffled-main_effect-0-13,left,increasing,shuffled,main_effect,0,dual,2026-03-18 21:48:21.457
981,667871d17d7fdf0358f82a28,2393,0,26,linechart-real-23-shuffled-interaction-1-3,left,increasing,shuffled,interaction,1,dual,2026-03-18 21:48:21.898
982,667871d17d7fdf0358f82a28,2690,1,27,linechart-real-1-ordered-main_effect-1-8,right,increasing,ordered,main_effect,1,dual,2026-03-18 21:48:26.165
983,667871d17d7fdf0358f82a28,2803,1,28,linechart-real-3-shuffled-interaction-0-25,left,increasing,shuffled,interaction,0,dual,2026-03-18 21:48:29.576
984,667871d17d7fdf0358f82a28,2907,1,29,linechart-real-0-shuffled-main_effect-1-13,right,increasing,shuffled,main_effect,1,dual,2026-03-18 21:48:33.083
985,667871d17d7fdf0358f82a28,2781,1,30,linechart-real-27-shuffled-main_effect-0-5,left,increasing,shuffled,main_effect,0,dual,2026-03-18 21:48:36.476
986,5ee00b8630f30b34f2a5dc1c,7192,1,0,linechart-real-30-shuffled-interaction-0-20,left,increasing,shuffled,interaction,0,dual,2026-03-18 21:48:38.851
987,667871d17d7fdf0358f82a28,3623,1,31,linechart-real-5-ordered-interaction-1-1,right,increasing,ordered,interaction,1,dual,2026-03-18 21:48:40.710
988,5ee00b8630f30b34f2a5dc1c,12614,0,1,linechart-real-9-ordered-main_effect-0-14,right,increasing,ordered,main_effect,0,dual,2026-03-18 21:48:52.031
989,5ee00b8630f30b34f2a5dc1c,8336,1,2,linechart-real-20-ordered-main_effect-0-31,left,increasing,ordered,main_effect,0,dual,2026-03-18 21:49:01.935
990,5ee00b8630f30b34f2a5dc1c,6593,1,3,linechart-real-24-ordered-main_effect-1-6,right,increasing,ordered,main_effect,1,dual,2026-03-18 21:49:09.125
991,5ee00b8630f30b34f2a5dc1c,7907,1,4,linechart-real-12-ordered-interaction-0-2,left,increasing,ordered,interaction,0,dual,2026-03-18 21:49:17.626
992,5ee00b8630f30b34f2a5dc1c,10231,1,5,linechart-real-7-shuffled-main_effect-1-13,right,increasing,shuffled,main_effect,1,dual,2026-03-18 21:49:28.452
993,5ee00b8630f30b34f2a5dc1c,9438,1,6,linechart-real-11-shuffled-interaction-1-4,right,increasing,shuffled,interaction,1,dual,2026-03-18 21:49:38.490
994,6991551b7b0c4970e11f07db,11316,1,0,linechart-real-20-ordered-interaction-0-9,left,increasing,ordered,interaction,0,single,2026-03-18 21:49:39.464
995,5ee00b8630f30b34f2a5dc1c,9376,1,7,linechart-real-8-ordered-interaction-0-24,left,increasing,ordered,interaction,0,dual,2026-03-18 21:49:48.454
996,6991551b7b0c4970e11f07db,11005,0,1,linechart-real-28-shuffled-main_effect-1-28,left,increasing,shuffled,main_effect,1,single,2026-03-18 21:49:51.081
997,5ee00b8630f30b34f2a5dc1c,8629,1,8,linechart-real-25-shuffled-interaction-1-29,right,increasing,shuffled,interaction,1,dual,2026-03-18 21:50:03.160
998,5ee00b8630f30b34f2a5dc1c,6136,1,9,linechart-real-1-ordered-interaction-1-10,right,increasing,ordered,interaction,1,dual,2026-03-18 21:50:09.870
999,5ee00b8630f30b34f2a5dc1c,5718,1,10,linechart-real-29-ordered-main_effect-1-25,right,increasing,ordered,main_effect,1,dual,2026-03-18 21:50:16.166
1000,6991551b7b0c4970e11f07db,23097,1,2,linechart-real-14-ordered-interaction-0-1,left,increasing,ordered,interaction,0,single,2026-03-18 21:50:15.822
1001,5ee00b8630f30b34f2a5dc1c,6597,1,11,linechart-real-10-ordered-main_effect-1-0,right,increasing,ordered,main_effect,1,dual,2026-03-18 21:50:23.365
1002,5ee00b8630f30b34f2a5dc1c,4667,1,12,linechart-real-2-ordered-main_effect-0-15,left,increasing,ordered,main_effect,0,dual,2026-03-18 21:50:28.624
1003,6991551b7b0c4970e11f07db,14314,1,3,linechart-real-15-shuffled-interaction-0-14,left,increasing,shuffled,interaction,0,single,2026-03-18 21:50:30.782
1004,5ee00b8630f30b34f2a5dc1c,8045,1,13,linechart-real-14-ordered-interaction-0-22,left,increasing,ordered,interaction,0,dual,2026-03-18 21:50:37.258
1005,5ee00b8630f30b34f2a5dc1c,7570,1,14,linechart-real-4-shuffled-interaction-0-18,left,increasing,shuffled,interaction,0,dual,2026-03-18 21:50:45.413
1006,6991551b7b0c4970e11f07db,13598,0,4,linechart-real-26-ordered-main_effect-1-19,left,increasing,ordered,main_effect,1,single,2026-03-18 21:50:45.032
1007,5ee00b8630f30b34f2a5dc1c,9784,1,15,linechart-real-15-shuffled-interaction-0-3,left,increasing,shuffled,interaction,0,dual,2026-03-18 21:50:55.799
1008,6991551b7b0c4970e11f07db,13884,1,5,linechart-real-1-shuffled-main_effect-0-16,left,increasing,shuffled,main_effect,0,single,2026-03-18 21:51:00.536
1009,5ee00b8630f30b34f2a5dc1c,8889,1,16,linechart-real-16-shuffled-main_effect-1-1,right,increasing,shuffled,main_effect,1,dual,2026-03-18 21:51:08.841
1010,6991551b7b0c4970e11f07db,13206,1,6,linechart-real-24-ordered-interaction-0-15,left,increasing,ordered,interaction,0,single,2026-03-18 21:51:14.400
1011,5ee00b8630f30b34f2a5dc1c,7002,1,17,linechart-real-18-ordered-main_effect-1-26,right,increasing,ordered,main_effect,1,dual,2026-03-18 21:51:16.446
1012,5ee00b8630f30b34f2a5dc1c,10646,1,18,linechart-real-19-ordered-main_effect-0-12,left,increasing,ordered,main_effect,0,dual,2026-03-18 21:51:27.691
1013,6991551b7b0c4970e11f07db,13839,1,7,linechart-real-19-ordered-main_effect-1-27,right,increasing,ordered,main_effect,1,single,2026-03-18 21:51:28.899
1014,5ee00b8630f30b34f2a5dc1c,9169,1,19,linechart-real-17-shuffled-interaction-0-28,left,increasing,shuffled,interaction,0,dual,2026-03-18 21:51:37.425
1015,5ee00b8630f30b34f2a5dc1c,8659,1,20,linechart-real-23-ordered-interaction-0-27,left,increasing,ordered,interaction,0,dual,2026-03-18 21:51:46.683
1016,6991551b7b0c4970e11f07db,14307,1,8,linechart-real-21-shuffled-main_effect-0-22,left,increasing,shuffled,main_effect,0,single,2026-03-18 21:51:48.123
1017,5ee00b8630f30b34f2a5dc1c,5646,1,21,linechart-real-13-shuffled-main_effect-0-19,left,increasing,shuffled,main_effect,0,dual,2026-03-18 21:51:52.902
1018,5ee00b8630f30b34f2a5dc1c,6812,0,22,linechart-real-28-shuffled-main_effect-1-23,left,increasing,shuffled,main_effect,1,dual,2026-03-18 21:52:00.276
1019,5ee00b8630f30b34f2a5dc1c,6179,1,23,linechart-real-3-ordered-interaction-1-30,right,increasing,ordered,interaction,1,dual,2026-03-18 21:52:08.070
1020,6991551b7b0c4970e11f07db,19153,1,9,linechart-real-31-shuffled-main_effect-1-21,right,increasing,shuffled,main_effect,1,single,2026-03-18 21:52:07.916
1021,5ee00b8630f30b34f2a5dc1c,8300,1,24,linechart-real-21-shuffled-interaction-1-8,right,increasing,shuffled,interaction,1,dual,2026-03-18 21:52:20.135
1022,6991551b7b0c4970e11f07db,15258,1,10,linechart-real-7-ordered-interaction-1-12,right,increasing,ordered,interaction,1,single,2026-03-18 21:52:23.832
1023,5ee00b8630f30b34f2a5dc1c,6575,1,25,linechart-real-0-shuffled-interaction-0-17,left,increasing,shuffled,interaction,0,dual,2026-03-18 21:52:27.295
1024,5ee00b8630f30b34f2a5dc1c,7963,1,26,linechart-real-31-shuffled-main_effect-1-5,right,increasing,shuffled,main_effect,1,dual,2026-03-18 21:52:35.840
1025,6991551b7b0c4970e11f07db,14437,1,11,linechart-real-4-shuffled-main_effect-0-18,left,increasing,shuffled,main_effect,0,single,2026-03-18 21:52:38.931
1026,5ee00b8630f30b34f2a5dc1c,8651,1,27,linechart-real-6-shuffled-main_effect-0-11,left,increasing,shuffled,main_effect,0,dual,2026-03-18 21:52:45.062
1027,5ee00b8630f30b34f2a5dc1c,8532,1,28,linechart-real-27-shuffled-main_effect-1-16,right,increasing,shuffled,main_effect,1,dual,2026-03-18 21:52:54.177
1028,6991551b7b0c4970e11f07db,16079,1,12,linechart-real-30-ordered-main_effect-0-20,left,increasing,ordered,main_effect,0,single,2026-03-18 21:52:55.651
1029,5ee00b8630f30b34f2a5dc1c,5818,1,29,linechart-real-22-ordered-interaction-1-9,right,increasing,ordered,interaction,1,dual,2026-03-18 21:53:00.586
1030,5ee00b8630f30b34f2a5dc1c,6044,1,30,linechart-real-5-ordered-interaction-0-7,left,increasing,ordered,interaction,0,dual,2026-03-18 21:53:07.215
1031,6991551b7b0c4970e11f07db,16432,1,13,linechart-real-8-ordered-interaction-1-7,right,increasing,ordered,interaction,1,single,2026-03-18 21:53:12.737
1032,5ee00b8630f30b34f2a5dc1c,6942,1,31,linechart-real-26-shuffled-main_effect-1-21,right,increasing,shuffled,main_effect,1,dual,2026-03-18 21:53:14.743
1033,6991551b7b0c4970e11f07db,17418,1,14,linechart-real-27-shuffled-interaction-0-3,left,increasing,shuffled,interaction,0,single,2026-03-18 21:53:30.813
1034,6991551b7b0c4970e11f07db,25216,1,15,linechart-real-23-shuffled-interaction-1-17,right,increasing,shuffled,interaction,1,single,2026-03-18 21:53:56.671
1035,6991551b7b0c4970e11f07db,20367,1,16,linechart-real-13-ordered-main_effect-1-24,right,increasing,ordered,main_effect,1,single,2026-03-18 21:54:22.524
1036,6991551b7b0c4970e11f07db,14937,1,17,linechart-real-11-ordered-main_effect-1-13,right,increasing,ordered,main_effect,1,single,2026-03-18 21:54:38.115
1037,6991551b7b0c4970e11f07db,15504,1,18,linechart-real-10-ordered-main_effect-1-23,right,increasing,ordered,main_effect,1,single,2026-03-18 21:54:54.272
1038,6991551b7b0c4970e11f07db,12153,1,19,linechart-real-16-shuffled-main_effect-0-8,left,increasing,shuffled,main_effect,0,single,2026-03-18 21:55:07.075
1039,6991551b7b0c4970e11f07db,11383,1,20,linechart-real-25-shuffled-main_effect-0-26,left,increasing,shuffled,main_effect,0,single,2026-03-18 21:55:19.075
1040,6991551b7b0c4970e11f07db,18300,1,21,linechart-real-0-shuffled-interaction-1-31,right,increasing,shuffled,interaction,1,single,2026-03-18 21:55:38.029
1041,6991551b7b0c4970e11f07db,14867,1,22,linechart-real-9-ordered-interaction-0-11,left,increasing,ordered,interaction,0,single,2026-03-18 21:55:53.780
1042,699645b8e7a079585e734595,20131,1,0,linechart-real-21-shuffled-interaction-1-11,right,increasing,shuffled,interaction,1,single,2026-03-18 21:55:52.189
1043,6991551b7b0c4970e11f07db,21080,1,23,linechart-real-22-ordered-interaction-1-25,right,increasing,ordered,interaction,1,single,2026-03-18 21:56:15.532
1044,699645b8e7a079585e734595,20242,1,1,linechart-real-19-shuffled-main_effect-0-19,left,increasing,shuffled,main_effect,0,single,2026-03-18 21:56:13.084
1045,6991551b7b0c4970e11f07db,15093,1,24,linechart-real-3-shuffled-main_effect-0-5,left,increasing,shuffled,main_effect,0,single,2026-03-18 21:56:38.728
1046,6991551b7b0c4970e11f07db,11794,1,25,linechart-real-5-shuffled-interaction-1-30,right,increasing,shuffled,interaction,1,single,2026-03-18 21:56:51.187
1047,699645b8e7a079585e734595,38942,1,2,linechart-real-5-shuffled-main_effect-0-20,left,increasing,shuffled,main_effect,0,single,2026-03-18 21:56:52.679
1048,6991551b7b0c4970e11f07db,11703,1,26,linechart-real-12-shuffled-interaction-1-10,right,increasing,shuffled,interaction,1,single,2026-03-18 21:57:03.554
1049,6991551b7b0c4970e11f07db,14765,1,27,linechart-real-2-ordered-interaction-1-2,right,increasing,ordered,interaction,1,single,2026-03-18 21:57:18.973
1050,6991551b7b0c4970e11f07db,11035,1,28,linechart-real-6-shuffled-interaction-1-4,right,increasing,shuffled,interaction,1,single,2026-03-18 21:57:30.638
1051,699645b8e7a079585e734595,30385,1,3,linechart-real-26-ordered-main_effect-1-13,right,increasing,ordered,main_effect,1,single,2026-03-18 21:57:23.718
1052,6991551b7b0c4970e11f07db,20915,1,29,linechart-real-17-shuffled-interaction-0-6,left,increasing,shuffled,interaction,0,single,2026-03-18 21:57:52.183
1053,699645b8e7a079585e734595,19259,1,4,linechart-real-11-shuffled-main_effect-0-26,left,increasing,shuffled,main_effect,0,single,2026-03-18 21:57:43.643
1054,6991551b7b0c4970e11f07db,7611,1,30,linechart-real-29-ordered-main_effect-0-29,left,increasing,ordered,main_effect,0,single,2026-03-18 21:58:00.402
1055,6991551b7b0c4970e11f07db,9618,1,31,linechart-real-18-ordered-main_effect-0-0,left,increasing,ordered,main_effect,0,single,2026-03-18 21:58:10.647
1056,699645b8e7a079585e734595,33022,1,5,linechart-real-8-shuffled-interaction-1-6,right,increasing,shuffled,interaction,1,single,2026-03-18 21:58:17.324
1057,699645b8e7a079585e734595,17371,1,6,linechart-real-2-ordered-main_effect-0-0,left,increasing,ordered,main_effect,0,single,2026-03-18 21:58:35.382
1058,699645b8e7a079585e734595,12806,1,7,linechart-real-15-ordered-main_effect-1-25,right,increasing,ordered,main_effect,1,single,2026-03-18 21:58:48.852
1059,699645b8e7a079585e734595,10311,1,8,linechart-real-1-shuffled-interaction-1-12,right,increasing,shuffled,interaction,1,single,2026-03-18 21:59:04.858
1060,699645b8e7a079585e734595,12998,1,9,linechart-real-25-shuffled-interaction-0-18,left,increasing,shuffled,interaction,0,single,2026-03-18 21:59:18.474
1061,699645b8e7a079585e734595,13377,1,10,linechart-real-23-ordered-interaction-0-9,left,increasing,ordered,interaction,0,single,2026-03-18 21:59:32.503
1062,699645b8e7a079585e734595,11718,1,11,linechart-real-31-shuffled-main_effect-1-29,right,increasing,shuffled,main_effect,1,single,2026-03-18 21:59:44.886
1063,699645b8e7a079585e734595,15476,1,12,linechart-real-9-ordered-interaction-1-14,right,increasing,ordered,interaction,1,single,2026-03-18 22:00:00.974
1064,699645b8e7a079585e734595,13377,1,13,linechart-real-3-ordered-interaction-0-27,left,increasing,ordered,interaction,0,single,2026-03-18 22:00:15.022
1065,699645b8e7a079585e734595,18631,1,14,linechart-real-18-shuffled-interaction-0-8,left,increasing,shuffled,interaction,0,single,2026-03-18 22:00:34.312
1066,699645b8e7a079585e734595,15657,1,15,linechart-real-16-ordered-interaction-0-16,left,increasing,ordered,interaction,0,single,2026-03-18 22:00:50.633
1067,699645b8e7a079585e734595,16003,1,16,linechart-real-4-shuffled-interaction-0-24,left,increasing,shuffled,interaction,0,single,2026-03-18 22:01:10.211
1068,699645b8e7a079585e734595,8608,1,17,linechart-real-12-shuffled-main_effect-1-5,right,increasing,shuffled,main_effect,1,single,2026-03-18 22:01:19.470
1069,699645b8e7a079585e734595,9979,1,18,linechart-real-17-shuffled-main_effect-1-15,right,increasing,shuffled,main_effect,1,single,2026-03-18 22:01:30.060
1070,699645b8e7a079585e734595,11386,1,19,linechart-real-10-shuffled-main_effect-0-28,left,increasing,shuffled,main_effect,0,single,2026-03-18 22:01:42.101
1071,699645b8e7a079585e734595,9733,1,20,linechart-real-7-ordered-main_effect-0-4,left,increasing,ordered,main_effect,0,single,2026-03-18 22:01:52.493
1072,699645b8e7a079585e734595,15977,1,21,linechart-real-14-shuffled-interaction-1-7,right,increasing,shuffled,interaction,1,single,2026-03-18 22:02:09.136
1073,699645b8e7a079585e734595,10490,1,22,linechart-real-27-ordered-main_effect-0-30,left,increasing,ordered,main_effect,0,single,2026-03-18 22:02:20.287
1074,699645b8e7a079585e734595,15990,1,23,linechart-real-22-ordered-interaction-0-10,left,increasing,ordered,interaction,0,single,2026-03-18 22:02:36.941
1075,699645b8e7a079585e734595,24133,1,24,linechart-real-0-ordered-main_effect-1-21,right,increasing,ordered,main_effect,1,single,2026-03-18 22:03:03.656
1076,699645b8e7a079585e734595,7251,1,25,linechart-real-29-ordered-interaction-1-17,right,increasing,ordered,interaction,1,single,2026-03-18 22:03:11.521
1077,699645b8e7a079585e734595,12010,1,26,linechart-real-13-shuffled-interaction-0-3,left,increasing,shuffled,interaction,0,single,2026-03-18 22:03:24.148
1078,699645b8e7a079585e734595,6348,1,27,linechart-real-30-ordered-main_effect-1-2,right,increasing,ordered,main_effect,1,single,2026-03-18 22:03:31.156
1079,699645b8e7a079585e734595,11681,1,28,linechart-real-6-ordered-interaction-0-23,left,increasing,ordered,interaction,0,single,2026-03-18 22:03:43.453
1080,699645b8e7a079585e734595,9519,1,29,linechart-real-28-ordered-main_effect-1-22,right,increasing,ordered,main_effect,1,single,2026-03-18 22:03:53.578
1081,699645b8e7a079585e734595,13024,1,30,linechart-real-20-shuffled-main_effect-1-1,right,increasing,shuffled,main_effect,1,single,2026-03-18 22:04:07.210
1082,699645b8e7a079585e734595,13325,1,31,linechart-real-24-ordered-interaction-1-31,right,increasing,ordered,interaction,1,single,2026-03-18 22:04:21.184
1083,6287a504c4cb277cf781b6bb,10726,1,0,linechart-real-31-shuffled-interaction-0-17,left,increasing,shuffled,interaction,0,dual,2026-03-18 22:07:52.217
1084,6287a504c4cb277cf781b6bb,16336,1,1,linechart-real-8-shuffled-interaction-1-8,right,increasing,shuffled,interaction,1,dual,2026-03-18 22:08:09.251
1085,6287a504c4cb277cf781b6bb,9415,1,2,linechart-real-7-ordered-main_effect-1-26,right,increasing,ordered,main_effect,1,dual,2026-03-18 22:08:19.354
1086,6287a504c4cb277cf781b6bb,12345,1,3,linechart-real-22-shuffled-main_effect-1-20,right,increasing,shuffled,main_effect,1,dual,2026-03-18 22:08:32.378
1087,6287a504c4cb277cf781b6bb,10508,1,4,linechart-real-28-shuffled-main_effect-0-19,left,increasing,shuffled,main_effect,0,dual,2026-03-18 22:08:43.591
1088,6287a504c4cb277cf781b6bb,8115,1,5,linechart-real-10-shuffled-main_effect-0-13,left,increasing,shuffled,main_effect,0,dual,2026-03-18 22:08:52.400
1089,6287a504c4cb277cf781b6bb,10207,1,6,linechart-real-11-ordered-main_effect-1-23,right,increasing,ordered,main_effect,1,dual,2026-03-18 22:09:03.278
1090,6287a504c4cb277cf781b6bb,14966,1,7,linechart-real-26-shuffled-interaction-0-16,left,increasing,shuffled,interaction,0,dual,2026-03-18 22:09:18.915
1091,6287a504c4cb277cf781b6bb,9063,1,8,linechart-real-17-ordered-main_effect-1-29,right,increasing,ordered,main_effect,1,dual,2026-03-18 22:11:35.030
1092,6287a504c4cb277cf781b6bb,9582,1,9,linechart-real-30-shuffled-main_effect-1-21,right,increasing,shuffled,main_effect,1,dual,2026-03-18 22:11:45.313
1093,6287a504c4cb277cf781b6bb,9467,1,10,linechart-real-12-ordered-main_effect-0-0,left,increasing,ordered,main_effect,0,dual,2026-03-18 22:11:55.464
1094,6287a504c4cb277cf781b6bb,7550,1,11,linechart-real-29-ordered-interaction-0-22,left,increasing,ordered,interaction,0,dual,2026-03-18 22:12:03.717
1095,6287a504c4cb277cf781b6bb,19325,1,12,linechart-real-3-shuffled-main_effect-1-5,right,increasing,shuffled,main_effect,1,dual,2026-03-18 22:12:23.711
1096,6287a504c4cb277cf781b6bb,20094,1,13,linechart-real-5-shuffled-interaction-1-10,right,increasing,shuffled,interaction,1,dual,2026-03-18 22:12:44.477
1097,6287a504c4cb277cf781b6bb,13782,1,14,linechart-real-15-ordered-main_effect-1-9,right,increasing,ordered,main_effect,1,dual,2026-03-18 22:12:58.954
1098,6287a504c4cb277cf781b6bb,10176,1,15,linechart-real-1-shuffled-interaction-0-30,left,increasing,shuffled,interaction,0,dual,2026-03-18 22:13:09.807
1099,6287a504c4cb277cf781b6bb,7613,1,16,linechart-real-18-shuffled-main_effect-0-4,left,increasing,shuffled,main_effect,0,dual,2026-03-18 22:13:30.331
1100,6287a504c4cb277cf781b6bb,13493,1,17,linechart-real-9-ordered-interaction-0-6,left,increasing,ordered,interaction,0,dual,2026-03-18 22:13:44.505
1101,6287a504c4cb277cf781b6bb,21662,1,18,linechart-real-27-shuffled-interaction-0-11,left,increasing,shuffled,interaction,0,dual,2026-03-18 22:14:06.874
1102,6287a504c4cb277cf781b6bb,13612,1,19,linechart-real-0-ordered-interaction-0-18,left,increasing,ordered,interaction,0,dual,2026-03-18 22:14:21.185
1103,6287a504c4cb277cf781b6bb,8499,1,20,linechart-real-25-ordered-main_effect-0-1,left,increasing,ordered,main_effect,0,dual,2026-03-18 22:14:30.364
1104,6287a504c4cb277cf781b6bb,11564,1,21,linechart-real-14-ordered-interaction-1-31,right,increasing,ordered,interaction,1,dual,2026-03-18 22:14:42.610
1105,6287a504c4cb277cf781b6bb,6673,1,22,linechart-real-6-shuffled-main_effect-0-25,left,increasing,shuffled,main_effect,0,dual,2026-03-18 22:14:49.964
1106,6287a504c4cb277cf781b6bb,7862,1,23,linechart-real-19-ordered-main_effect-1-15,right,increasing,ordered,main_effect,1,dual,2026-03-18 22:14:58.494
1107,6287a504c4cb277cf781b6bb,7348,1,24,linechart-real-23-ordered-interaction-1-24,right,increasing,ordered,interaction,1,dual,2026-03-18 22:16:00.252
1108,6287a504c4cb277cf781b6bb,7780,1,25,linechart-real-2-ordered-interaction-0-14,left,increasing,ordered,interaction,0,dual,2026-03-18 22:16:08.703
1109,6287a504c4cb277cf781b6bb,7691,1,26,linechart-real-20-ordered-interaction-1-3,right,increasing,ordered,interaction,1,dual,2026-03-18 22:16:17.104
1110,6287a504c4cb277cf781b6bb,6420,1,27,linechart-real-13-shuffled-main_effect-0-28,left,increasing,shuffled,main_effect,0,dual,2026-03-18 22:16:24.206
1111,6287a504c4cb277cf781b6bb,9819,1,28,linechart-real-21-ordered-interaction-1-7,right,increasing,ordered,interaction,1,dual,2026-03-18 22:16:34.710
1112,6287a504c4cb277cf781b6bb,7593,1,29,linechart-real-4-ordered-main_effect-1-2,right,increasing,ordered,main_effect,1,dual,2026-03-18 22:16:42.975
1113,6287a504c4cb277cf781b6bb,6803,1,30,linechart-real-16-shuffled-interaction-0-12,left,increasing,shuffled,interaction,0,dual,2026-03-18 22:16:50.465
1114,6287a504c4cb277cf781b6bb,9382,1,31,linechart-real-24-shuffled-interaction-1-27,right,increasing,shuffled,interaction,1,dual,2026-03-18 22:17:00.522
1115,65c121703758b1e73a54fe8e,59932,1,0,linechart-real-7-shuffled-interaction-0-27,left,increasing,shuffled,interaction,0,single,2026-03-18 22:18:04.422
1116,65c121703758b1e73a54fe8e,38382,1,1,linechart-real-0-ordered-interaction-1-23,right,increasing,ordered,interaction,1,single,2026-03-18 22:18:43.476
1117,65c121703758b1e73a54fe8e,90235,1,2,linechart-real-14-shuffled-interaction-0-5,left,increasing,shuffled,interaction,0,single,2026-03-18 22:20:14.581
1118,699a44983280eb15dfa56e8e,5964,1,0,linechart-real-9-shuffled-main_effect-0-12,left,increasing,shuffled,main_effect,0,single,2026-03-18 22:21:17.559
1119,699a44983280eb15dfa56e8e,6725,1,1,linechart-real-25-ordered-interaction-0-22,left,increasing,ordered,interaction,0,single,2026-03-18 22:21:24.899
1120,699a44983280eb15dfa56e8e,6553,1,2,linechart-real-27-ordered-main_effect-1-23,right,increasing,ordered,main_effect,1,single,2026-03-18 22:21:32.143
1121,699a44983280eb15dfa56e8e,4523,1,3,linechart-real-0-shuffled-main_effect-1-1,right,increasing,shuffled,main_effect,1,single,2026-03-18 22:21:37.324
1122,699a44983280eb15dfa56e8e,9960,1,4,linechart-real-15-shuffled-main_effect-0-2,left,increasing,shuffled,main_effect,0,single,2026-03-18 22:21:47.946
1123,699a44983280eb15dfa56e8e,8280,1,5,linechart-real-10-shuffled-interaction-0-10,left,increasing,shuffled,interaction,0,single,2026-03-18 22:21:56.878
1124,699a44983280eb15dfa56e8e,9638,1,6,linechart-real-13-ordered-interaction-0-25,left,increasing,ordered,interaction,0,single,2026-03-18 22:22:07.131
1125,699a44983280eb15dfa56e8e,6044,1,7,linechart-real-14-shuffled-interaction-0-29,left,increasing,shuffled,interaction,0,single,2026-03-18 22:22:13.830
1126,699a44983280eb15dfa56e8e,7813,1,8,linechart-real-2-ordered-main_effect-1-19,right,increasing,ordered,main_effect,1,single,2026-03-18 22:22:24.684
1127,65c121703758b1e73a54fe8e,131206,0,3,linechart-real-5-shuffled-main_effect-1-4,left,increasing,shuffled,main_effect,1,single,2026-03-18 22:22:26.679
1128,699a44983280eb15dfa56e8e,9097,1,9,linechart-real-22-ordered-main_effect-1-4,right,increasing,ordered,main_effect,1,single,2026-03-18 22:22:34.452
1129,699a44983280eb15dfa56e8e,7717,1,10,linechart-real-23-ordered-interaction-1-17,right,increasing,ordered,interaction,1,single,2026-03-18 22:22:42.817
1130,65c121703758b1e73a54fe8e,22721,1,4,linechart-real-31-ordered-interaction-0-8,left,increasing,ordered,interaction,0,single,2026-03-18 22:22:51.021
1131,699a44983280eb15dfa56e8e,6574,1,11,linechart-real-28-shuffled-main_effect-0-7,left,increasing,shuffled,main_effect,0,single,2026-03-18 22:22:50.010
1132,699a44983280eb15dfa56e8e,6013,1,12,linechart-real-6-ordered-interaction-0-30,left,increasing,ordered,interaction,0,single,2026-03-18 22:22:56.639
1133,699a44983280eb15dfa56e8e,5299,1,13,linechart-real-12-ordered-interaction-1-9,right,increasing,ordered,interaction,1,single,2026-03-18 22:23:02.593
1134,65c121703758b1e73a54fe8e,17241,1,5,linechart-real-9-ordered-interaction-1-26,right,increasing,ordered,interaction,1,single,2026-03-18 22:23:08.994
1135,698e495c1fc8060e7080c7b9,45405,1,0,linechart-real-13-ordered-interaction-0-20,left,increasing,ordered,interaction,0,single,2026-03-18 22:22:57.793
1136,699a44983280eb15dfa56e8e,10755,0,14,linechart-real-21-shuffled-interaction-0-24,right,increasing,shuffled,interaction,0,single,2026-03-18 22:23:13.953
1137,698e495c1fc8060e7080c7b9,5112,1,1,linechart-real-6-shuffled-main_effect-1-14,right,increasing,shuffled,main_effect,1,single,2026-03-18 22:23:03.497
1138,699a44983280eb15dfa56e8e,7616,1,15,linechart-real-3-shuffled-interaction-0-26,left,increasing,shuffled,interaction,0,single,2026-03-18 22:23:23.244
1139,65c121703758b1e73a54fe8e,14793,1,6,linechart-real-12-shuffled-interaction-1-3,right,increasing,shuffled,interaction,1,single,2026-03-18 22:23:24.659
1140,698e495c1fc8060e7080c7b9,7355,1,2,linechart-real-9-ordered-main_effect-0-12,left,increasing,ordered,main_effect,0,single,2026-03-18 22:23:11.457
1141,698e495c1fc8060e7080c7b9,6853,1,3,linechart-real-18-ordered-interaction-0-27,left,increasing,ordered,interaction,0,single,2026-03-18 22:23:18.954
1142,699a44983280eb15dfa56e8e,10534,1,16,linechart-real-16-shuffled-interaction-1-11,right,increasing,shuffled,interaction,1,single,2026-03-18 22:23:36.343
1143,65c121703758b1e73a54fe8e,12428,1,7,linechart-real-3-shuffled-interaction-0-10,left,increasing,shuffled,interaction,0,single,2026-03-18 22:23:37.967
1144,698e495c1fc8060e7080c7b9,4220,1,4,linechart-real-28-ordered-interaction-1-8,right,increasing,ordered,interaction,1,single,2026-03-18 22:23:23.750
1145,699a44983280eb15dfa56e8e,6370,1,17,linechart-real-5-ordered-main_effect-1-27,right,increasing,ordered,main_effect,1,single,2026-03-18 22:23:43.368
1146,699a44983280eb15dfa56e8e,6798,1,18,linechart-real-7-shuffled-interaction-0-31,left,increasing,shuffled,interaction,0,single,2026-03-18 22:23:50.807
1147,698e495c1fc8060e7080c7b9,15077,1,5,linechart-real-16-shuffled-interaction-0-4,left,increasing,shuffled,interaction,0,single,2026-03-18 22:23:39.431
1148,699a44983280eb15dfa56e8e,5035,1,19,linechart-real-8-ordered-main_effect-1-16,right,increasing,ordered,main_effect,1,single,2026-03-18 22:23:56.541
1149,698e495c1fc8060e7080c7b9,7027,1,6,linechart-real-26-shuffled-interaction-0-28,left,increasing,shuffled,interaction,0,single,2026-03-18 22:23:47.071
1150,699a44983280eb15dfa56e8e,6224,1,20,linechart-real-31-shuffled-interaction-1-0,right,increasing,shuffled,interaction,1,single,2026-03-18 22:24:03.415
1151,65c121703758b1e73a54fe8e,21841,1,8,linechart-real-18-ordered-main_effect-1-19,right,increasing,ordered,main_effect,1,single,2026-03-18 22:24:05.198
1152,698e495c1fc8060e7080c7b9,8207,1,7,linechart-real-30-ordered-main_effect-0-29,left,increasing,ordered,main_effect,0,single,2026-03-18 22:23:55.928
1153,699a44983280eb15dfa56e8e,6428,1,21,linechart-real-24-ordered-interaction-1-8,right,increasing,ordered,interaction,1,single,2026-03-18 22:24:10.484
1154,699a44983280eb15dfa56e8e,3872,1,22,linechart-real-30-ordered-main_effect-1-28,right,increasing,ordered,main_effect,1,single,2026-03-18 22:24:14.999
1155,65c121703758b1e73a54fe8e,13919,0,9,linechart-real-25-ordered-main_effect-0-20,right,increasing,ordered,main_effect,0,single,2026-03-18 22:24:20.435
1156,699a44983280eb15dfa56e8e,5229,1,23,linechart-real-17-shuffled-main_effect-1-3,right,increasing,shuffled,main_effect,1,single,2026-03-18 22:24:20.853
1157,698e495c1fc8060e7080c7b9,10842,1,8,linechart-real-31-ordered-main_effect-1-26,right,increasing,ordered,main_effect,1,single,2026-03-18 22:24:11.258
1158,699a44983280eb15dfa56e8e,5305,1,24,linechart-real-29-ordered-interaction-1-6,right,increasing,ordered,interaction,1,single,2026-03-18 22:24:28.297
1159,698e495c1fc8060e7080c7b9,5521,1,9,linechart-real-1-shuffled-main_effect-1-5,right,increasing,shuffled,main_effect,1,single,2026-03-18 22:24:17.358
1160,699a44983280eb15dfa56e8e,4713,1,25,linechart-real-1-shuffled-main_effect-0-14,left,increasing,shuffled,main_effect,0,single,2026-03-18 22:24:33.632
1161,65c121703758b1e73a54fe8e,15434,0,10,linechart-real-11-ordered-main_effect-1-14,left,increasing,ordered,main_effect,1,single,2026-03-18 22:24:37.703
1162,698e495c1fc8060e7080c7b9,6851,1,10,linechart-real-27-shuffled-interaction-0-10,left,increasing,shuffled,interaction,0,single,2026-03-18 22:24:24.865
1163,699a44983280eb15dfa56e8e,4936,1,26,linechart-real-11-ordered-main_effect-1-5,right,increasing,ordered,main_effect,1,single,2026-03-18 22:24:39.221
1164,699a44983280eb15dfa56e8e,4948,1,27,linechart-real-18-shuffled-interaction-0-21,left,increasing,shuffled,interaction,0,single,2026-03-18 22:24:44.827
1165,698e495c1fc8060e7080c7b9,6639,1,11,linechart-real-17-shuffled-main_effect-1-2,right,increasing,shuffled,main_effect,1,single,2026-03-18 22:24:32.116
1166,699a44983280eb15dfa56e8e,6918,1,28,linechart-real-20-shuffled-main_effect-1-15,right,increasing,shuffled,main_effect,1,single,2026-03-18 22:24:52.375
1167,698e495c1fc8060e7080c7b9,6965,1,12,linechart-real-12-shuffled-main_effect-0-22,left,increasing,shuffled,main_effect,0,single,2026-03-18 22:24:39.719
1168,65c121703758b1e73a54fe8e,16484,0,11,linechart-real-23-ordered-main_effect-0-0,right,increasing,ordered,main_effect,0,single,2026-03-18 22:24:56.062
1169,698e495c1fc8060e7080c7b9,6492,1,13,linechart-real-24-shuffled-main_effect-0-13,left,increasing,shuffled,main_effect,0,single,2026-03-18 22:24:46.847
1170,699a44983280eb15dfa56e8e,11016,1,29,linechart-real-4-ordered-main_effect-0-20,left,increasing,ordered,main_effect,0,single,2026-03-18 22:25:04.045
1171,698e495c1fc8060e7080c7b9,6680,1,14,linechart-real-14-shuffled-main_effect-1-17,right,increasing,shuffled,main_effect,1,single,2026-03-18 22:24:54.169
1172,65c121703758b1e73a54fe8e,14961,1,12,linechart-real-19-ordered-interaction-1-21,right,increasing,ordered,interaction,1,single,2026-03-18 22:25:12.870
1173,699a44983280eb15dfa56e8e,9720,1,30,linechart-real-19-ordered-interaction-0-18,left,increasing,ordered,interaction,0,single,2026-03-18 22:25:14.416
1174,698e495c1fc8060e7080c7b9,8824,1,15,linechart-real-7-shuffled-main_effect-1-21,right,increasing,shuffled,main_effect,1,single,2026-03-18 22:25:03.636
1175,699a44983280eb15dfa56e8e,5973,1,31,linechart-real-26-shuffled-main_effect-0-13,left,increasing,shuffled,main_effect,0,single,2026-03-18 22:25:21.078
1176,698e495c1fc8060e7080c7b9,11704,1,16,linechart-real-19-ordered-main_effect-0-3,left,increasing,ordered,main_effect,0,single,2026-03-18 22:25:18.032
1177,698e495c1fc8060e7080c7b9,6057,1,17,linechart-real-2-shuffled-interaction-1-30,right,increasing,shuffled,interaction,1,single,2026-03-18 22:25:24.736
1178,65c121703758b1e73a54fe8e,26256,1,13,linechart-real-29-shuffled-interaction-1-9,right,increasing,shuffled,interaction,1,single,2026-03-18 22:25:39.832
1179,698e495c1fc8060e7080c7b9,17355,1,18,linechart-real-0-shuffled-interaction-1-6,right,increasing,shuffled,interaction,1,single,2026-03-18 22:25:42.747
1180,698e495c1fc8060e7080c7b9,6873,1,19,linechart-real-21-shuffled-interaction-0-11,left,increasing,shuffled,interaction,0,single,2026-03-18 22:25:50.252
1181,65c121703758b1e73a54fe8e,25223,1,14,linechart-real-28-shuffled-main_effect-1-15,right,increasing,shuffled,main_effect,1,single,2026-03-18 22:26:05.797
1182,698e495c1fc8060e7080c7b9,6042,1,20,linechart-real-5-ordered-main_effect-0-31,left,increasing,ordered,main_effect,0,single,2026-03-18 22:25:56.944
1183,698e495c1fc8060e7080c7b9,8016,1,21,linechart-real-11-ordered-interaction-1-7,right,increasing,ordered,interaction,1,single,2026-03-18 22:26:05.606
1184,65c121703758b1e73a54fe8e,19189,0,15,linechart-real-15-shuffled-main_effect-1-24,left,increasing,shuffled,main_effect,1,single,2026-03-18 22:26:25.718
1185,698e495c1fc8060e7080c7b9,5227,1,22,linechart-real-25-ordered-main_effect-1-25,right,increasing,ordered,main_effect,1,single,2026-03-18 22:26:11.439
1186,698e495c1fc8060e7080c7b9,5338,1,23,linechart-real-23-ordered-interaction-0-15,left,increasing,ordered,interaction,0,single,2026-03-18 22:26:17.427
1187,698e495c1fc8060e7080c7b9,4075,1,24,linechart-real-29-ordered-interaction-0-1,left,increasing,ordered,interaction,0,single,2026-03-18 22:26:24.270
1188,698e495c1fc8060e7080c7b9,7373,1,25,linechart-real-8-ordered-interaction-0-0,left,increasing,ordered,interaction,0,single,2026-03-18 22:26:32.233
1189,698e495c1fc8060e7080c7b9,3524,1,26,linechart-real-10-ordered-main_effect-1-9,right,increasing,ordered,main_effect,1,single,2026-03-18 22:26:36.394
1190,65c121703758b1e73a54fe8e,24702,0,16,linechart-real-6-shuffled-main_effect-0-31,right,increasing,shuffled,main_effect,0,single,2026-03-18 22:26:55.117
1191,698e495c1fc8060e7080c7b9,12180,1,27,linechart-real-4-shuffled-interaction-1-24,right,increasing,shuffled,interaction,1,single,2026-03-18 22:26:49.209
1192,698e495c1fc8060e7080c7b9,4362,1,28,linechart-real-15-shuffled-main_effect-1-23,right,increasing,shuffled,main_effect,1,single,2026-03-18 22:26:54.173
1193,65c121703758b1e73a54fe8e,19414,0,17,linechart-real-17-shuffled-main_effect-0-2,right,increasing,shuffled,main_effect,0,single,2026-03-18 22:27:16.619
1194,698e495c1fc8060e7080c7b9,6980,1,29,linechart-real-22-ordered-interaction-0-18,left,increasing,ordered,interaction,0,single,2026-03-18 22:27:01.788
1195,698e495c1fc8060e7080c7b9,6724,1,30,linechart-real-3-ordered-main_effect-1-16,right,increasing,ordered,main_effect,1,single,2026-03-18 22:27:09.162
1196,698e495c1fc8060e7080c7b9,8439,1,31,linechart-real-20-shuffled-interaction-1-19,right,increasing,shuffled,interaction,1,single,2026-03-18 22:27:18.254
1197,65c121703758b1e73a54fe8e,16988,0,18,linechart-real-27-shuffled-interaction-0-30,right,increasing,shuffled,interaction,0,single,2026-03-18 22:27:35.494
1198,65c121703758b1e73a54fe8e,14385,0,19,linechart-real-30-ordered-interaction-1-11,left,increasing,ordered,interaction,1,single,2026-03-18 22:27:51.631
1199,65c121703758b1e73a54fe8e,40200,1,20,linechart-real-4-shuffled-main_effect-1-29,right,increasing,shuffled,main_effect,1,single,2026-03-18 22:28:33.728
1200,65c121703758b1e73a54fe8e,21237,1,21,linechart-real-20-shuffled-interaction-1-7,right,increasing,shuffled,interaction,1,single,2026-03-18 22:28:55.828
1201,698291c76cc58ef15e262aa6,11283,1,0,linechart-real-3-ordered-main_effect-1-19,right,increasing,ordered,main_effect,1,single,2026-03-18 22:28:59.768
1202,698291c76cc58ef15e262aa6,9692,1,1,linechart-real-16-ordered-interaction-0-9,left,increasing,ordered,interaction,0,single,2026-03-18 22:29:10.328
1203,698291c76cc58ef15e262aa6,13480,1,2,linechart-real-27-ordered-interaction-1-28,right,increasing,ordered,interaction,1,single,2026-03-18 22:29:24.517
1204,65c121703758b1e73a54fe8e,35104,1,22,linechart-real-8-ordered-main_effect-1-17,right,increasing,ordered,main_effect,1,single,2026-03-18 22:29:31.732
1205,698291c76cc58ef15e262aa6,8369,1,3,linechart-real-18-ordered-interaction-0-11,left,increasing,ordered,interaction,0,single,2026-03-18 22:29:33.644
1206,698291c76cc58ef15e262aa6,8112,1,4,linechart-real-20-shuffled-main_effect-1-31,right,increasing,shuffled,main_effect,1,single,2026-03-18 22:29:42.404
1207,698291c76cc58ef15e262aa6,10545,0,5,linechart-real-26-ordered-interaction-1-12,left,increasing,ordered,interaction,1,single,2026-03-18 22:29:53.660
1208,65c121703758b1e73a54fe8e,27649,1,23,linechart-real-2-ordered-main_effect-0-12,left,increasing,ordered,main_effect,0,single,2026-03-18 22:30:00.918
1209,698291c76cc58ef15e262aa6,12566,1,6,linechart-real-23-ordered-interaction-1-4,right,increasing,ordered,interaction,1,single,2026-03-18 22:30:07.949
1210,65c121703758b1e73a54fe8e,16907,1,24,linechart-real-10-shuffled-main_effect-0-25,left,increasing,shuffled,main_effect,0,single,2026-03-18 22:30:21.955
1211,698291c76cc58ef15e262aa6,13534,0,7,linechart-real-7-shuffled-main_effect-0-25,right,increasing,shuffled,main_effect,0,single,2026-03-18 22:30:22.316
1212,698291c76cc58ef15e262aa6,13538,1,8,linechart-real-15-shuffled-main_effect-1-18,right,increasing,shuffled,main_effect,1,single,2026-03-18 22:30:44.171
1213,65c121703758b1e73a54fe8e,29142,1,25,linechart-real-21-ordered-interaction-1-13,right,increasing,ordered,interaction,1,single,2026-03-18 22:30:51.871
1214,698291c76cc58ef15e262aa6,7821,1,9,linechart-real-13-ordered-main_effect-0-16,left,increasing,ordered,main_effect,0,single,2026-03-18 22:30:52.643
1215,698291c76cc58ef15e262aa6,17719,1,10,linechart-real-4-shuffled-interaction-1-29,right,increasing,shuffled,interaction,1,single,2026-03-18 22:31:11.071
1216,65c121703758b1e73a54fe8e,35997,1,26,linechart-real-16-ordered-interaction-0-28,left,increasing,ordered,interaction,0,single,2026-03-18 22:31:28.732
1217,698291c76cc58ef15e262aa6,33719,1,11,linechart-real-22-shuffled-interaction-0-6,left,increasing,shuffled,interaction,0,single,2026-03-18 22:31:45.527
1218,698291c76cc58ef15e262aa6,10063,1,12,linechart-real-25-ordered-main_effect-0-23,left,increasing,ordered,main_effect,0,single,2026-03-18 22:31:56.260
1219,698291c76cc58ef15e262aa6,7143,1,13,linechart-real-31-shuffled-main_effect-0-14,left,increasing,shuffled,main_effect,0,single,2026-03-18 22:32:04.103
1220,698291c76cc58ef15e262aa6,10147,1,14,linechart-real-6-shuffled-interaction-1-3,right,increasing,shuffled,interaction,1,single,2026-03-18 22:32:14.903
1221,65c121703758b1e73a54fe8e,54149,0,27,linechart-real-1-ordered-interaction-0-18,right,increasing,ordered,interaction,0,single,2026-03-18 22:32:23.556
1222,698291c76cc58ef15e262aa6,32443,1,15,linechart-real-12-shuffled-interaction-0-24,left,increasing,shuffled,interaction,0,single,2026-03-18 22:32:48.055
1223,65c121703758b1e73a54fe8e,35492,0,28,linechart-real-24-ordered-main_effect-0-16,right,increasing,ordered,main_effect,0,single,2026-03-18 22:33:00.662
1224,698291c76cc58ef15e262aa6,14831,0,16,linechart-real-28-shuffled-main_effect-1-21,left,increasing,shuffled,main_effect,1,single,2026-03-18 22:33:08.683
1225,698291c76cc58ef15e262aa6,9936,1,17,linechart-real-11-shuffled-interaction-0-20,left,increasing,shuffled,interaction,0,single,2026-03-18 22:33:20.339
1226,65c121703758b1e73a54fe8e,29185,0,29,linechart-real-26-shuffled-main_effect-1-6,left,increasing,shuffled,main_effect,1,single,2026-03-18 22:33:31.770
1227,698291c76cc58ef15e262aa6,10673,1,18,linechart-real-17-ordered-main_effect-0-1,left,increasing,ordered,main_effect,0,single,2026-03-18 22:33:31.667
1228,698291c76cc58ef15e262aa6,10798,1,19,linechart-real-2-ordered-main_effect-0-17,left,increasing,ordered,main_effect,0,single,2026-03-18 22:33:43.178
1229,698291c76cc58ef15e262aa6,7186,1,20,linechart-real-10-ordered-main_effect-0-13,left,increasing,ordered,main_effect,0,single,2026-03-18 22:33:51.077
1230,65c121703758b1e73a54fe8e,21973,1,30,linechart-real-22-shuffled-interaction-0-22,left,increasing,shuffled,interaction,0,single,2026-03-18 22:33:55.515
1231,698291c76cc58ef15e262aa6,9253,1,21,linechart-real-21-shuffled-interaction-1-26,right,increasing,shuffled,interaction,1,single,2026-03-18 22:34:00.991
1232,698291c76cc58ef15e262aa6,7999,1,22,linechart-real-9-ordered-interaction-1-22,right,increasing,ordered,interaction,1,single,2026-03-18 22:34:09.650
1233,698291c76cc58ef15e262aa6,8711,1,23,linechart-real-24-ordered-interaction-1-27,right,increasing,ordered,interaction,1,single,2026-03-18 22:34:19.082
1234,65c121703758b1e73a54fe8e,28544,0,31,linechart-real-13-ordered-main_effect-0-1,right,increasing,ordered,main_effect,0,single,2026-03-18 22:34:24.993
1235,698291c76cc58ef15e262aa6,8483,1,24,linechart-real-29-shuffled-main_effect-0-15,left,increasing,shuffled,main_effect,0,single,2026-03-18 22:34:32.474
1236,698291c76cc58ef15e262aa6,7745,1,25,linechart-real-0-ordered-main_effect-0-8,left,increasing,ordered,main_effect,0,single,2026-03-18 22:34:40.930
1237,698291c76cc58ef15e262aa6,7117,1,26,linechart-real-8-ordered-main_effect-1-7,right,increasing,ordered,main_effect,1,single,2026-03-18 22:34:48.753
1238,698291c76cc58ef15e262aa6,9568,1,27,linechart-real-30-ordered-interaction-0-30,left,increasing,ordered,interaction,0,single,2026-03-18 22:34:59.037
1239,698291c76cc58ef15e262aa6,7407,1,28,linechart-real-19-shuffled-interaction-1-0,right,increasing,shuffled,interaction,1,single,2026-03-18 22:35:07.157
1240,698291c76cc58ef15e262aa6,6414,1,29,linechart-real-5-shuffled-main_effect-0-5,left,increasing,shuffled,main_effect,0,single,2026-03-18 22:35:14.297
1241,698291c76cc58ef15e262aa6,10098,1,30,linechart-real-1-shuffled-interaction-1-10,right,increasing,shuffled,interaction,1,single,2026-03-18 22:35:25.049
1242,698291c76cc58ef15e262aa6,9282,1,31,linechart-real-14-shuffled-main_effect-1-2,right,increasing,shuffled,main_effect,1,single,2026-03-18 22:35:35.038
1243,67805633d6e46840298d6f8c,232,0,0,linechart-real-24-ordered-interaction-1-24,left,increasing,ordered,interaction,1,single,2026-03-18 22:51:10.096
1244,67805633d6e46840298d6f8c,5993,1,1,linechart-real-8-ordered-main_effect-1-11,right,increasing,ordered,main_effect,1,single,2026-03-18 22:51:18.827
1245,67805633d6e46840298d6f8c,5242,1,2,linechart-real-0-ordered-interaction-0-5,left,increasing,ordered,interaction,0,single,2026-03-18 22:51:25.960
1246,67805633d6e46840298d6f8c,12651,1,3,linechart-real-27-shuffled-interaction-1-14,right,increasing,shuffled,interaction,1,single,2026-03-18 22:51:40.333
1247,67805633d6e46840298d6f8c,8047,1,4,linechart-real-11-shuffled-main_effect-0-2,left,increasing,shuffled,main_effect,0,single,2026-03-18 22:51:49.962
1248,67805633d6e46840298d6f8c,7410,1,5,linechart-real-6-shuffled-main_effect-0-12,left,increasing,shuffled,main_effect,0,single,2026-03-18 22:51:58.643
1249,67805633d6e46840298d6f8c,9005,1,6,linechart-real-19-ordered-main_effect-1-17,right,increasing,ordered,main_effect,1,single,2026-03-18 22:52:08.972
1250,67805633d6e46840298d6f8c,5978,1,7,linechart-real-18-shuffled-interaction-0-13,left,increasing,shuffled,interaction,0,single,2026-03-18 22:52:16.317
1251,67805633d6e46840298d6f8c,6390,0,8,linechart-real-29-ordered-interaction-1-0,left,increasing,ordered,interaction,1,single,2026-03-18 22:52:29.163
1252,67805633d6e46840298d6f8c,372,1,9,linechart-real-30-shuffled-main_effect-1-8,right,increasing,shuffled,main_effect,1,single,2026-03-18 22:52:31.849
1253,67805633d6e46840298d6f8c,350,0,10,linechart-real-25-ordered-main_effect-0-1,right,increasing,ordered,main_effect,0,single,2026-03-18 22:52:33.567
1254,67805633d6e46840298d6f8c,436,1,11,linechart-real-14-shuffled-interaction-0-23,left,increasing,shuffled,interaction,0,single,2026-03-18 22:52:36.725
1255,67805633d6e46840298d6f8c,722,1,12,linechart-real-22-ordered-main_effect-0-3,left,increasing,ordered,main_effect,0,single,2026-03-18 22:52:39.166
1256,67805633d6e46840298d6f8c,673,1,13,linechart-real-3-ordered-interaction-1-7,right,increasing,ordered,interaction,1,single,2026-03-18 22:52:41.101
1257,67805633d6e46840298d6f8c,485,0,14,linechart-real-21-ordered-main_effect-0-30,right,increasing,ordered,main_effect,0,single,2026-03-18 22:52:43.020
1258,67805633d6e46840298d6f8c,504,0,15,linechart-real-4-shuffled-main_effect-1-9,left,increasing,shuffled,main_effect,1,single,2026-03-18 22:52:45.908
1259,67805633d6e46840298d6f8c,1032,0,16,linechart-real-31-ordered-main_effect-0-6,right,increasing,ordered,main_effect,0,single,2026-03-18 22:52:53.096
1260,67805633d6e46840298d6f8c,2686,1,17,linechart-real-26-ordered-interaction-0-28,left,increasing,ordered,interaction,0,single,2026-03-18 22:52:58.226
1261,67805633d6e46840298d6f8c,4889,1,18,linechart-real-10-shuffled-interaction-1-21,right,increasing,shuffled,interaction,1,single,2026-03-18 22:53:04.537
1262,67805633d6e46840298d6f8c,5074,1,19,linechart-real-16-ordered-interaction-0-25,left,increasing,ordered,interaction,0,single,2026-03-18 22:53:11.064
1263,67805633d6e46840298d6f8c,9321,1,20,linechart-real-2-ordered-interaction-0-16,left,increasing,ordered,interaction,0,single,2026-03-18 22:53:22.474
1264,67805633d6e46840298d6f8c,4978,1,21,linechart-real-12-ordered-main_effect-0-20,left,increasing,ordered,main_effect,0,single,2026-03-18 22:53:28.989
1265,67805633d6e46840298d6f8c,6270,1,22,linechart-real-7-ordered-interaction-1-26,right,increasing,ordered,interaction,1,single,2026-03-18 22:53:36.933
1266,67805633d6e46840298d6f8c,4175,1,23,linechart-real-28-shuffled-interaction-1-31,right,increasing,shuffled,interaction,1,single,2026-03-18 22:53:42.520
1267,67805633d6e46840298d6f8c,2951,0,24,linechart-real-5-ordered-main_effect-0-29,right,increasing,ordered,main_effect,0,single,2026-03-18 22:53:49.181
1268,67805633d6e46840298d6f8c,2764,0,25,linechart-real-15-shuffled-main_effect-0-15,right,increasing,shuffled,main_effect,0,single,2026-03-18 22:53:54.317
1269,67805633d6e46840298d6f8c,970,0,26,linechart-real-17-shuffled-main_effect-1-22,left,increasing,shuffled,main_effect,1,single,2026-03-18 22:53:57.749
1270,67805633d6e46840298d6f8c,2302,0,27,linechart-real-13-shuffled-interaction-0-18,right,increasing,shuffled,interaction,0,single,2026-03-18 22:54:02.558
1271,67805633d6e46840298d6f8c,362,0,28,linechart-real-1-shuffled-interaction-1-27,left,increasing,shuffled,interaction,1,single,2026-03-18 22:54:05.439
1272,67805633d6e46840298d6f8c,340,1,29,linechart-real-9-shuffled-main_effect-1-4,right,increasing,shuffled,main_effect,1,single,2026-03-18 22:54:08.175
1273,67805633d6e46840298d6f8c,416,1,30,linechart-real-23-shuffled-interaction-1-10,right,increasing,shuffled,interaction,1,single,2026-03-18 22:54:10.303
1274,67805633d6e46840298d6f8c,8850,0,31,linechart-real-20-shuffled-main_effect-1-19,left,increasing,shuffled,main_effect,1,single,2026-03-18 22:54:20.380
1275,69b3073be68a26996829cf6b,13822,1,0,linechart-real-16-ordered-main_effect-1-1,right,increasing,ordered,main_effect,1,single,2026-03-18 22:59:45.767
1276,69b3073be68a26996829cf6b,14166,1,1,linechart-real-14-shuffled-main_effect-1-3,right,increasing,shuffled,main_effect,1,single,2026-03-18 23:00:00.604
1277,69b3073be68a26996829cf6b,21863,1,2,linechart-real-15-ordered-interaction-0-24,left,increasing,ordered,interaction,0,single,2026-03-18 23:00:23.154
1278,69b3073be68a26996829cf6b,12688,1,3,linechart-real-4-ordered-interaction-0-15,left,increasing,ordered,interaction,0,single,2026-03-18 23:00:36.525
1279,69b3073be68a26996829cf6b,15946,1,4,linechart-real-27-ordered-interaction-1-21,right,increasing,ordered,interaction,1,single,2026-03-18 23:00:53.153
1280,69b3073be68a26996829cf6b,16015,1,5,linechart-real-30-shuffled-interaction-1-11,right,increasing,shuffled,interaction,1,single,2026-03-18 23:01:09.845
1281,69b3073be68a26996829cf6b,10946,1,6,linechart-real-1-ordered-main_effect-0-18,left,increasing,ordered,main_effect,0,single,2026-03-18 23:01:21.433
1282,69b3073be68a26996829cf6b,12427,1,7,linechart-real-11-ordered-main_effect-0-22,left,increasing,ordered,main_effect,0,single,2026-03-18 23:01:34.541
1283,69b3073be68a26996829cf6b,10406,1,8,linechart-real-18-shuffled-interaction-0-23,left,increasing,shuffled,interaction,0,single,2026-03-18 23:01:52.363
1284,69b3073be68a26996829cf6b,9239,1,9,linechart-real-28-ordered-interaction-1-26,right,increasing,ordered,interaction,1,single,2026-03-18 23:02:02.235
1285,69b3073be68a26996829cf6b,10105,1,10,linechart-real-17-shuffled-main_effect-0-16,left,increasing,shuffled,main_effect,0,single,2026-03-18 23:02:12.965
1286,69b3073be68a26996829cf6b,20930,0,11,linechart-real-21-shuffled-interaction-1-6,left,increasing,shuffled,interaction,1,single,2026-03-18 23:02:34.509
1287,69b3073be68a26996829cf6b,17906,1,12,linechart-real-0-shuffled-main_effect-0-7,left,increasing,shuffled,main_effect,0,single,2026-03-18 23:02:54.112
1288,69b3073be68a26996829cf6b,11183,1,13,linechart-real-20-ordered-main_effect-1-29,right,increasing,ordered,main_effect,1,single,2026-03-18 23:03:05.917
1289,69b3073be68a26996829cf6b,8061,1,14,linechart-real-10-ordered-main_effect-1-14,right,increasing,ordered,main_effect,1,single,2026-03-18 23:03:14.649
1290,69b3073be68a26996829cf6b,8071,1,15,linechart-real-22-shuffled-main_effect-1-20,right,increasing,shuffled,main_effect,1,single,2026-03-18 23:03:23.400
1291,69b3073be68a26996829cf6b,9132,1,16,linechart-real-2-ordered-interaction-0-31,left,increasing,ordered,interaction,0,single,2026-03-18 23:03:37.114
1292,69b3073be68a26996829cf6b,8350,1,17,linechart-real-31-shuffled-interaction-0-5,left,increasing,shuffled,interaction,0,single,2026-03-18 23:03:46.138
1293,69b3073be68a26996829cf6b,11227,1,18,linechart-real-8-shuffled-interaction-1-27,right,increasing,shuffled,interaction,1,single,2026-03-18 23:03:58.052
1294,69b3073be68a26996829cf6b,16164,1,19,linechart-real-5-ordered-interaction-1-0,right,increasing,ordered,interaction,1,single,2026-03-18 23:04:14.889
1295,69b3073be68a26996829cf6b,10314,1,20,linechart-real-7-shuffled-interaction-1-2,right,increasing,shuffled,interaction,1,single,2026-03-18 23:04:25.877
1296,69b3073be68a26996829cf6b,9277,1,21,linechart-real-23-ordered-interaction-0-12,left,increasing,ordered,interaction,0,single,2026-03-18 23:04:35.838
1297,69b3073be68a26996829cf6b,9743,1,22,linechart-real-26-shuffled-main_effect-0-13,left,increasing,shuffled,main_effect,0,single,2026-03-18 23:04:46.249
1298,69b3073be68a26996829cf6b,9419,1,23,linechart-real-25-ordered-main_effect-0-17,left,increasing,ordered,main_effect,0,single,2026-03-18 23:04:56.287
1299,69b3073be68a26996829cf6b,7127,1,24,linechart-real-12-shuffled-main_effect-0-19,left,increasing,shuffled,main_effect,0,single,2026-03-18 23:05:10.440
1300,69b3073be68a26996829cf6b,11074,1,25,linechart-real-13-shuffled-main_effect-0-4,left,increasing,shuffled,main_effect,0,single,2026-03-18 23:05:22.144
1301,69b3073be68a26996829cf6b,10042,1,26,linechart-real-9-shuffled-interaction-1-25,right,increasing,shuffled,interaction,1,single,2026-03-18 23:05:32.807
1302,69b3073be68a26996829cf6b,20139,1,27,linechart-real-19-shuffled-main_effect-0-8,left,increasing,shuffled,main_effect,0,single,2026-03-18 23:05:53.616
1303,69b3073be68a26996829cf6b,8450,1,28,linechart-real-24-ordered-main_effect-0-9,left,increasing,ordered,main_effect,0,single,2026-03-18 23:06:02.743
1304,69b3073be68a26996829cf6b,9636,1,29,linechart-real-3-ordered-interaction-1-28,right,increasing,ordered,interaction,1,single,2026-03-18 23:06:13.061
1305,69b3073be68a26996829cf6b,10392,1,30,linechart-real-6-ordered-main_effect-1-10,right,increasing,ordered,main_effect,1,single,2026-03-18 23:06:24.076
1306,69b3073be68a26996829cf6b,11059,1,31,linechart-real-29-shuffled-interaction-1-30,right,increasing,shuffled,interaction,1,single,2026-03-18 23:06:35.771
1307,59f71f797086f80001941493,8778,1,0,linechart-real-27-ordered-main_effect-0-30,left,increasing,ordered,main_effect,0,single,2026-03-18 23:21:13.602
1308,59f71f797086f80001941493,6815,1,1,linechart-real-24-ordered-interaction-0-1,left,increasing,ordered,interaction,0,single,2026-03-18 23:21:21.153
1309,59f71f797086f80001941493,7552,1,2,linechart-real-18-shuffled-interaction-1-13,right,increasing,shuffled,interaction,1,single,2026-03-18 23:21:29.468
1310,59f71f797086f80001941493,9219,1,3,linechart-real-19-shuffled-interaction-0-15,left,increasing,shuffled,interaction,0,single,2026-03-18 23:21:39.431
1311,59f71f797086f80001941493,8102,1,4,linechart-real-22-shuffled-main_effect-1-29,right,increasing,shuffled,main_effect,1,single,2026-03-18 23:21:48.282
1312,59f71f797086f80001941493,7613,1,5,linechart-real-21-ordered-main_effect-1-31,right,increasing,ordered,main_effect,1,single,2026-03-18 23:21:56.577
1313,59f71f797086f80001941493,7622,1,6,linechart-real-7-shuffled-interaction-1-16,right,increasing,shuffled,interaction,1,single,2026-03-18 23:22:04.934
1314,59f71f797086f80001941493,7565,1,7,linechart-real-8-shuffled-interaction-1-10,right,increasing,shuffled,interaction,1,single,2026-03-18 23:22:13.231
1315,59f71f797086f80001941493,6718,1,8,linechart-real-1-ordered-main_effect-0-4,left,increasing,ordered,main_effect,0,single,2026-03-18 23:22:30.431
1316,59f71f797086f80001941493,6941,1,9,linechart-real-31-shuffled-main_effect-0-23,left,increasing,shuffled,main_effect,0,single,2026-03-18 23:22:38.116
1317,59f71f797086f80001941493,7128,1,10,linechart-real-26-shuffled-main_effect-1-5,right,increasing,shuffled,main_effect,1,single,2026-03-18 23:22:45.999
1318,59f71f797086f80001941493,5123,1,11,linechart-real-23-ordered-interaction-1-25,right,increasing,ordered,interaction,1,single,2026-03-18 23:22:51.896
1319,59f71f797086f80001941493,9111,1,12,linechart-real-0-shuffled-interaction-0-11,left,increasing,shuffled,interaction,0,single,2026-03-18 23:23:01.768
1320,59f71f797086f80001941493,6786,1,13,linechart-real-2-ordered-main_effect-0-0,left,increasing,ordered,main_effect,0,single,2026-03-18 23:23:09.281
1321,59f71f797086f80001941493,9726,1,14,linechart-real-14-ordered-main_effect-1-24,right,increasing,ordered,main_effect,1,single,2026-03-18 23:23:19.775
1322,59f71f797086f80001941493,6071,1,15,linechart-real-28-shuffled-main_effect-0-9,left,increasing,shuffled,main_effect,0,single,2026-03-18 23:23:26.620
1323,59f71f797086f80001941493,6668,1,16,linechart-real-29-ordered-interaction-1-6,right,increasing,ordered,interaction,1,single,2026-03-18 23:23:44.396
1324,59f71f797086f80001941493,6357,1,17,linechart-real-13-ordered-main_effect-0-28,left,increasing,ordered,main_effect,0,single,2026-03-18 23:23:51.425
1325,59f71f797086f80001941493,6392,1,18,linechart-real-30-ordered-interaction-0-27,left,increasing,ordered,interaction,0,single,2026-03-18 23:23:58.587
1326,59f71f797086f80001941493,6313,1,19,linechart-real-12-ordered-interaction-0-2,left,increasing,ordered,interaction,0,single,2026-03-18 23:24:05.667
1327,59f71f797086f80001941493,5858,1,20,linechart-real-15-shuffled-main_effect-0-20,left,increasing,shuffled,main_effect,0,single,2026-03-18 23:24:12.264
1328,59f71f797086f80001941493,6902,1,21,linechart-real-10-shuffled-interaction-0-17,left,increasing,shuffled,interaction,0,single,2026-03-18 23:24:19.905
1329,59f71f797086f80001941493,5986,1,22,linechart-real-9-ordered-interaction-1-7,right,increasing,ordered,interaction,1,single,2026-03-18 23:24:27.436
1330,59f71f797086f80001941493,7643,1,23,linechart-real-16-shuffled-main_effect-1-26,right,increasing,shuffled,main_effect,1,single,2026-03-18 23:24:35.830
1331,59f71f797086f80001941493,5749,1,24,linechart-real-5-ordered-interaction-0-12,left,increasing,ordered,interaction,0,single,2026-03-18 23:24:50.675
1332,59f71f797086f80001941493,7092,1,25,linechart-real-20-ordered-interaction-1-14,right,increasing,ordered,interaction,1,single,2026-03-18 23:24:58.431
1333,59f71f797086f80001941493,10410,1,26,linechart-real-17-ordered-main_effect-0-21,left,increasing,ordered,main_effect,0,single,2026-03-18 23:25:09.511
1334,59f71f797086f80001941493,9484,1,27,linechart-real-4-shuffled-interaction-1-3,right,increasing,shuffled,interaction,1,single,2026-03-18 23:25:19.741
1335,59f71f797086f80001941493,5851,1,28,linechart-real-3-ordered-main_effect-1-19,right,increasing,ordered,main_effect,1,single,2026-03-18 23:25:26.349
1336,59f71f797086f80001941493,8973,1,29,linechart-real-25-shuffled-interaction-1-18,right,increasing,shuffled,interaction,1,single,2026-03-18 23:25:36.004
1337,59f71f797086f80001941493,6602,1,30,linechart-real-11-shuffled-main_effect-0-8,left,increasing,shuffled,main_effect,0,single,2026-03-18 23:25:43.359
1338,59f71f797086f80001941493,7257,1,31,linechart-real-6-shuffled-main_effect-1-22,right,increasing,shuffled,main_effect,1,single,2026-03-18 23:25:51.302
1339,69839821905c2b0330f9c05d,4155,1,0,linechart-real-11-shuffled-interaction-1-17,right,increasing,shuffled,interaction,1,single,2026-03-18 23:46:01.362
1340,69839821905c2b0330f9c05d,3665,1,1,linechart-real-19-shuffled-interaction-1-25,right,increasing,shuffled,interaction,1,single,2026-03-18 23:46:05.693
1341,69839821905c2b0330f9c05d,1292,1,2,linechart-real-4-ordered-interaction-0-11,left,increasing,ordered,interaction,0,single,2026-03-18 23:46:07.636
1342,69839821905c2b0330f9c05d,2855,0,3,linechart-real-7-ordered-interaction-0-20,right,increasing,ordered,interaction,0,single,2026-03-18 23:46:11.144
1343,69839821905c2b0330f9c05d,15205,0,4,linechart-real-29-shuffled-main_effect-0-9,right,increasing,shuffled,main_effect,0,single,2026-03-18 23:46:28.019
1344,69839821905c2b0330f9c05d,23396,0,5,linechart-real-2-ordered-interaction-0-16,right,increasing,ordered,interaction,0,single,2026-03-18 23:46:53.075
1345,69839821905c2b0330f9c05d,361,1,6,linechart-real-14-shuffled-main_effect-0-6,left,increasing,shuffled,main_effect,0,single,2026-03-18 23:46:55.094
1346,69839821905c2b0330f9c05d,276,1,7,linechart-real-24-ordered-main_effect-0-0,left,increasing,ordered,main_effect,0,single,2026-03-18 23:46:56.032
1347,69839821905c2b0330f9c05d,637,1,8,linechart-real-26-ordered-interaction-1-15,right,increasing,ordered,interaction,1,single,2026-03-18 23:47:03.460
1348,69839821905c2b0330f9c05d,330,1,9,linechart-real-3-shuffled-interaction-0-26,left,increasing,shuffled,interaction,0,single,2026-03-18 23:47:04.439
1349,69839821905c2b0330f9c05d,221,0,10,linechart-real-10-shuffled-main_effect-1-23,left,increasing,shuffled,main_effect,1,single,2026-03-18 23:47:05.318
1350,69839821905c2b0330f9c05d,1142,0,11,linechart-real-1-shuffled-interaction-0-18,right,increasing,shuffled,interaction,0,single,2026-03-18 23:47:08.116
1351,69839821905c2b0330f9c05d,342,1,12,linechart-real-15-ordered-main_effect-1-27,right,increasing,ordered,main_effect,1,single,2026-03-18 23:47:10.135
1352,69839821905c2b0330f9c05d,231,1,13,linechart-real-0-shuffled-main_effect-1-29,right,increasing,shuffled,main_effect,1,single,2026-03-18 23:47:11.022
1353,69839821905c2b0330f9c05d,307,0,14,linechart-real-18-ordered-main_effect-1-1,left,increasing,ordered,main_effect,1,single,2026-03-18 23:47:11.935
1354,69839821905c2b0330f9c05d,405,0,15,linechart-real-8-ordered-main_effect-0-13,right,increasing,ordered,main_effect,0,single,2026-03-18 23:47:14.003
1355,69839821905c2b0330f9c05d,9246,0,16,linechart-real-17-shuffled-main_effect-1-7,left,increasing,shuffled,main_effect,1,single,2026-03-18 23:47:26.787
1356,69839821905c2b0330f9c05d,322,1,17,linechart-real-31-ordered-interaction-1-24,right,increasing,ordered,interaction,1,single,2026-03-18 23:47:28.754
1357,69839821905c2b0330f9c05d,470,1,18,linechart-real-13-ordered-main_effect-1-28,right,increasing,ordered,main_effect,1,single,2026-03-18 23:47:29.834
1358,69839821905c2b0330f9c05d,296,1,19,linechart-real-5-ordered-interaction-0-19,left,increasing,ordered,interaction,0,single,2026-03-18 23:47:30.797
1359,69839821905c2b0330f9c05d,173,0,20,linechart-real-23-shuffled-main_effect-1-5,left,increasing,shuffled,main_effect,1,single,2026-03-18 23:47:31.633
1360,69839821905c2b0330f9c05d,215,0,21,linechart-real-22-shuffled-main_effect-0-4,right,increasing,shuffled,main_effect,0,single,2026-03-18 23:47:33.525
1361,69839821905c2b0330f9c05d,64,0,22,linechart-real-12-ordered-main_effect-0-21,right,increasing,ordered,main_effect,0,single,2026-03-18 23:47:35.242
1362,69839821905c2b0330f9c05d,10471,1,23,linechart-real-6-shuffled-interaction-0-12,left,increasing,shuffled,interaction,0,single,2026-03-18 23:47:47.346
1363,69839821905c2b0330f9c05d,11922,0,24,linechart-real-21-shuffled-interaction-1-14,left,increasing,shuffled,interaction,1,single,2026-03-18 23:48:01.221
1364,69839821905c2b0330f9c05d,1429,1,25,linechart-real-28-shuffled-main_effect-1-8,right,increasing,shuffled,main_effect,1,single,2026-03-18 23:48:04.311
1365,69839821905c2b0330f9c05d,254,0,26,linechart-real-16-ordered-main_effect-0-30,right,increasing,ordered,main_effect,0,single,2026-03-18 23:48:05.224
1366,69839821905c2b0330f9c05d,279,1,27,linechart-real-9-ordered-main_effect-0-2,left,increasing,ordered,main_effect,0,single,2026-03-18 23:48:07.184
1367,69839821905c2b0330f9c05d,557,1,28,linechart-real-20-shuffled-interaction-1-22,right,increasing,shuffled,interaction,1,single,2026-03-18 23:48:08.515
1368,69839821905c2b0330f9c05d,534,1,29,linechart-real-30-shuffled-interaction-0-10,left,increasing,shuffled,interaction,0,single,2026-03-18 23:48:09.704
1369,69839821905c2b0330f9c05d,421,0,30,linechart-real-27-ordered-interaction-1-31,left,increasing,ordered,interaction,1,single,2026-03-18 23:48:10.784
1370,69839821905c2b0330f9c05d,11975,1,31,linechart-real-25-ordered-interaction-1-3,right,increasing,ordered,interaction,1,single,2026-03-18 23:48:24.413
1371,697c9f1edb33c56303f887a2,10411,1,0,linechart-real-3-shuffled-main_effect-0-15,left,increasing,shuffled,main_effect,0,dual,2026-03-18 23:50:33.613
1372,697c9f1edb33c56303f887a2,10398,1,1,linechart-real-25-shuffled-main_effect-1-13,right,increasing,shuffled,main_effect,1,dual,2026-03-18 23:50:44.655
1373,697c9f1edb33c56303f887a2,13453,0,2,linechart-real-11-shuffled-interaction-0-1,right,increasing,shuffled,interaction,0,dual,2026-03-18 23:50:58.794
1374,614ff24d1d1982c8442aad56,13809,1,0,linechart-real-16-shuffled-main_effect-0-3,left,increasing,shuffled,main_effect,0,dual,2026-03-18 23:51:07.182
1375,697c9f1edb33c56303f887a2,14722,1,3,linechart-real-23-shuffled-interaction-1-20,right,increasing,shuffled,interaction,1,dual,2026-03-18 23:51:15.204
1376,614ff24d1d1982c8442aad56,15477,1,1,linechart-real-19-shuffled-main_effect-1-22,right,increasing,shuffled,main_effect,1,dual,2026-03-18 23:51:23.305
1377,697c9f1edb33c56303f887a2,18704,1,4,linechart-real-30-shuffled-main_effect-0-16,left,increasing,shuffled,main_effect,0,dual,2026-03-18 23:51:34.597
1378,697c9f1edb33c56303f887a2,9739,1,5,linechart-real-2-shuffled-main_effect-0-11,left,increasing,shuffled,main_effect,0,dual,2026-03-18 23:51:45.028
1379,614ff24d1d1982c8442aad56,16629,1,2,linechart-real-0-ordered-interaction-1-17,right,increasing,ordered,interaction,1,dual,2026-03-18 23:51:40.612
1380,697c9f1edb33c56303f887a2,8622,1,6,linechart-real-6-ordered-main_effect-1-0,right,increasing,ordered,main_effect,1,dual,2026-03-18 23:51:54.275
1381,614ff24d1d1982c8442aad56,14686,1,3,linechart-real-23-shuffled-main_effect-0-11,left,increasing,shuffled,main_effect,0,dual,2026-03-18 23:51:55.966
1382,697c9f1edb33c56303f887a2,10952,1,7,linechart-real-20-shuffled-interaction-0-29,left,increasing,shuffled,interaction,0,dual,2026-03-18 23:52:05.916
1383,614ff24d1d1982c8442aad56,13934,1,4,linechart-real-5-ordered-main_effect-1-6,right,increasing,ordered,main_effect,1,dual,2026-03-18 23:52:10.560
1384,697c9f1edb33c56303f887a2,8480,1,8,linechart-real-14-ordered-interaction-0-2,left,increasing,ordered,interaction,0,dual,2026-03-18 23:52:24.010
1385,697c9f1edb33c56303f887a2,12947,1,9,linechart-real-26-shuffled-interaction-1-4,right,increasing,shuffled,interaction,1,dual,2026-03-18 23:52:37.644
1386,614ff24d1d1982c8442aad56,20536,1,5,linechart-real-18-shuffled-interaction-1-31,right,increasing,shuffled,interaction,1,dual,2026-03-18 23:52:31.765
1387,697c9f1edb33c56303f887a2,9720,1,10,linechart-real-18-ordered-interaction-1-21,right,increasing,ordered,interaction,1,dual,2026-03-18 23:52:48.052
1388,614ff24d1d1982c8442aad56,17159,0,6,linechart-real-11-shuffled-interaction-0-5,right,increasing,shuffled,interaction,0,dual,2026-03-18 23:52:49.600
1389,697c9f1edb33c56303f887a2,8662,1,11,linechart-real-27-ordered-interaction-0-3,left,increasing,ordered,interaction,0,dual,2026-03-18 23:52:57.397
1390,697c9f1edb33c56303f887a2,9796,1,12,linechart-real-29-shuffled-interaction-1-26,right,increasing,shuffled,interaction,1,dual,2026-03-18 23:53:07.821
1391,614ff24d1d1982c8442aad56,19017,1,7,linechart-real-30-ordered-interaction-1-7,right,increasing,ordered,interaction,1,dual,2026-03-18 23:53:10.281
1392,697c9f1edb33c56303f887a2,12419,1,13,linechart-real-31-ordered-main_effect-0-10,left,increasing,ordered,main_effect,0,dual,2026-03-18 23:53:20.920
1393,697c9f1edb33c56303f887a2,12591,1,14,linechart-real-15-ordered-interaction-0-9,left,increasing,ordered,interaction,0,dual,2026-03-18 23:53:34.264
1394,697c9f1edb33c56303f887a2,7550,1,15,linechart-real-7-ordered-main_effect-1-31,right,increasing,ordered,main_effect,1,dual,2026-03-18 23:53:42.524
1395,697c9f1edb33c56303f887a2,6489,0,16,linechart-real-21-ordered-interaction-0-14,right,increasing,ordered,interaction,0,dual,2026-03-18 23:53:54.354
1396,697c9f1edb33c56303f887a2,7541,1,17,linechart-real-1-ordered-main_effect-1-23,right,increasing,ordered,main_effect,1,dual,2026-03-18 23:54:03.527
1397,614ff24d1d1982c8442aad56,20914,1,8,linechart-real-22-ordered-main_effect-0-28,left,increasing,ordered,main_effect,0,dual,2026-03-18 23:53:57.437
1398,697c9f1edb33c56303f887a2,4740,1,18,linechart-real-16-ordered-main_effect-1-25,right,increasing,ordered,main_effect,1,dual,2026-03-18 23:54:08.973
1399,697c9f1edb33c56303f887a2,10076,1,19,linechart-real-4-ordered-main_effect-1-7,right,increasing,ordered,main_effect,1,dual,2026-03-18 23:54:19.767
1400,614ff24d1d1982c8442aad56,16747,1,9,linechart-real-8-shuffled-main_effect-0-30,left,increasing,shuffled,main_effect,0,dual,2026-03-18 23:54:14.836
1401,697c9f1edb33c56303f887a2,9531,1,20,linechart-real-19-shuffled-interaction-1-28,right,increasing,shuffled,interaction,1,dual,2026-03-18 23:54:30.008
1402,614ff24d1d1982c8442aad56,8977,0,10,linechart-real-3-shuffled-interaction-1-13,left,increasing,shuffled,interaction,1,dual,2026-03-18 23:54:24.486
1403,697c9f1edb33c56303f887a2,8654,1,21,linechart-real-22-shuffled-interaction-0-17,left,increasing,shuffled,interaction,0,dual,2026-03-18 23:54:39.325
1404,614ff24d1d1982c8442aad56,12135,1,11,linechart-real-4-ordered-main_effect-1-2,right,increasing,ordered,main_effect,1,dual,2026-03-18 23:54:38.277
1405,697c9f1edb33c56303f887a2,6934,1,22,linechart-real-9-shuffled-main_effect-0-30,left,increasing,shuffled,main_effect,0,dual,2026-03-18 23:54:46.883
1406,697c9f1edb33c56303f887a2,6432,1,23,linechart-real-12-ordered-main_effect-1-24,right,increasing,ordered,main_effect,1,dual,2026-03-18 23:54:53.985
1407,614ff24d1d1982c8442aad56,17592,1,12,linechart-real-21-ordered-main_effect-0-29,left,increasing,ordered,main_effect,0,dual,2026-03-18 23:54:56.496
1408,697c9f1edb33c56303f887a2,13864,1,24,linechart-real-5-ordered-interaction-0-6,left,increasing,ordered,interaction,0,dual,2026-03-18 23:55:13.148
1409,614ff24d1d1982c8442aad56,15495,1,13,linechart-real-17-shuffled-interaction-0-16,left,increasing,shuffled,interaction,0,dual,2026-03-18 23:55:12.613
1410,697c9f1edb33c56303f887a2,15412,1,25,linechart-real-28-shuffled-main_effect-0-5,left,increasing,shuffled,main_effect,0,dual,2026-03-18 23:55:29.189
1411,614ff24d1d1982c8442aad56,12311,1,14,linechart-real-15-ordered-interaction-1-21,right,increasing,ordered,interaction,1,dual,2026-03-18 23:55:25.571
1412,697c9f1edb33c56303f887a2,6750,1,26,linechart-real-17-shuffled-main_effect-1-18,right,increasing,shuffled,main_effect,1,dual,2026-03-18 23:55:36.582
1413,614ff24d1d1982c8442aad56,7519,1,15,linechart-real-12-shuffled-main_effect-0-18,left,increasing,shuffled,main_effect,0,dual,2026-03-18 23:55:33.747
1414,697c9f1edb33c56303f887a2,6740,1,27,linechart-real-13-ordered-interaction-0-27,left,increasing,ordered,interaction,0,dual,2026-03-18 23:55:43.956
1415,697c9f1edb33c56303f887a2,5221,1,28,linechart-real-0-shuffled-main_effect-1-22,right,increasing,shuffled,main_effect,1,dual,2026-03-18 23:55:49.861
1416,697c9f1edb33c56303f887a2,9648,0,29,linechart-real-10-shuffled-interaction-0-8,right,increasing,shuffled,interaction,0,dual,2026-03-18 23:56:00.194
1417,697c9f1edb33c56303f887a2,6565,1,30,linechart-real-24-ordered-main_effect-1-12,right,increasing,ordered,main_effect,1,dual,2026-03-18 23:56:08.458
1418,614ff24d1d1982c8442aad56,11450,1,16,linechart-real-14-shuffled-main_effect-1-0,right,increasing,shuffled,main_effect,1,dual,2026-03-18 23:56:06.776
1419,697c9f1edb33c56303f887a2,7387,1,31,linechart-real-8-ordered-interaction-1-19,right,increasing,ordered,interaction,1,dual,2026-03-18 23:56:16.527
1420,614ff24d1d1982c8442aad56,16937,1,17,linechart-real-24-ordered-interaction-0-14,left,increasing,ordered,interaction,0,dual,2026-03-18 23:56:24.372
1421,614ff24d1d1982c8442aad56,14504,1,18,linechart-real-26-shuffled-interaction-0-23,left,increasing,shuffled,interaction,0,dual,2026-03-18 23:56:39.540
1422,614ff24d1d1982c8442aad56,13543,1,19,linechart-real-13-ordered-interaction-0-26,left,increasing,ordered,interaction,0,dual,2026-03-18 23:56:53.694
1423,614ff24d1d1982c8442aad56,11781,1,20,linechart-real-29-shuffled-main_effect-1-19,right,increasing,shuffled,main_effect,1,dual,2026-03-18 23:57:06.085
1424,614ff24d1d1982c8442aad56,10242,1,21,linechart-real-25-ordered-main_effect-0-9,left,increasing,ordered,main_effect,0,dual,2026-03-18 23:57:16.948
1425,614ff24d1d1982c8442aad56,8651,1,22,linechart-real-1-ordered-main_effect-0-25,left,increasing,ordered,main_effect,0,dual,2026-03-18 23:57:26.231
1426,699f844c598e6df7ac4822c3,18008,1,0,linechart-real-12-shuffled-main_effect-0-10,left,increasing,shuffled,main_effect,0,dual,2026-03-18 23:57:35.908
1427,614ff24d1d1982c8442aad56,14213,1,23,linechart-real-27-shuffled-main_effect-0-15,left,increasing,shuffled,main_effect,0,dual,2026-03-18 23:57:41.092
1428,699f844c598e6df7ac4822c3,22476,1,1,linechart-real-31-shuffled-interaction-0-13,left,increasing,shuffled,interaction,0,dual,2026-03-18 23:57:58.974
1429,614ff24d1d1982c8442aad56,12202,1,24,linechart-real-7-shuffled-interaction-1-20,right,increasing,shuffled,interaction,1,dual,2026-03-18 23:58:03.385
1430,699f844c598e6df7ac4822c3,20349,1,2,linechart-real-7-ordered-main_effect-0-9,left,increasing,ordered,main_effect,0,dual,2026-03-18 23:58:19.922
1431,614ff24d1d1982c8442aad56,15842,1,25,linechart-real-9-shuffled-interaction-0-27,left,increasing,shuffled,interaction,0,dual,2026-03-18 23:58:19.841
1432,614ff24d1d1982c8442aad56,9174,1,26,linechart-real-10-shuffled-interaction-1-4,right,increasing,shuffled,interaction,1,dual,2026-03-18 23:58:29.691
1433,699f844c598e6df7ac4822c3,20931,0,3,linechart-real-15-shuffled-main_effect-0-26,right,increasing,shuffled,main_effect,0,dual,2026-03-18 23:58:41.443
1434,614ff24d1d1982c8442aad56,7585,1,27,linechart-real-2-ordered-main_effect-1-12,right,increasing,ordered,main_effect,1,dual,2026-03-18 23:58:37.928
1435,614ff24d1d1982c8442aad56,14226,0,28,linechart-real-31-ordered-interaction-0-1,right,increasing,ordered,interaction,0,dual,2026-03-18 23:58:52.833
1436,699f844c598e6df7ac4822c3,20900,1,4,linechart-real-30-shuffled-interaction-0-22,left,increasing,shuffled,interaction,0,dual,2026-03-18 23:59:03.933
1437,614ff24d1d1982c8442aad56,11061,1,29,linechart-real-6-ordered-interaction-1-24,right,increasing,ordered,interaction,1,dual,2026-03-18 23:59:05.545
1438,699f844c598e6df7ac4822c3,15314,1,5,linechart-real-8-shuffled-interaction-1-3,right,increasing,shuffled,interaction,1,dual,2026-03-18 23:59:19.831
1439,614ff24d1d1982c8442aad56,13224,1,30,linechart-real-20-ordered-interaction-1-10,right,increasing,ordered,interaction,1,dual,2026-03-18 23:59:19.440
1440,614ff24d1d1982c8442aad56,9203,1,31,linechart-real-28-ordered-main_effect-1-8,right,increasing,ordered,main_effect,1,dual,2026-03-18 23:59:29.246
1441,699f844c598e6df7ac4822c3,18500,1,6,linechart-real-10-ordered-main_effect-0-14,left,increasing,ordered,main_effect,0,dual,2026-03-18 23:59:38.934
1442,699f844c598e6df7ac4822c3,32407,1,7,linechart-real-25-shuffled-main_effect-1-4,right,increasing,shuffled,main_effect,1,dual,2026-03-19 00:00:11.912
1443,699f844c598e6df7ac4822c3,19860,1,8,linechart-real-22-shuffled-interaction-1-7,right,increasing,shuffled,interaction,1,dual,2026-03-19 00:00:38.569
1444,699f844c598e6df7ac4822c3,15534,1,9,linechart-real-3-ordered-interaction-0-30,left,increasing,ordered,interaction,0,dual,2026-03-19 00:00:54.679
1445,699f844c598e6df7ac4822c3,16201,1,10,linechart-real-6-ordered-main_effect-1-11,right,increasing,ordered,main_effect,1,dual,2026-03-19 00:01:11.446
1446,699f844c598e6df7ac4822c3,19497,1,11,linechart-real-18-shuffled-interaction-0-25,left,increasing,shuffled,interaction,0,dual,2026-03-19 00:01:31.546
1447,699f844c598e6df7ac4822c3,20978,0,12,linechart-real-28-ordered-interaction-1-5,left,increasing,ordered,interaction,1,dual,2026-03-19 00:01:53.107
1448,699f844c598e6df7ac4822c3,23208,0,13,linechart-real-21-ordered-main_effect-1-2,left,increasing,ordered,main_effect,1,dual,2026-03-19 00:02:17.899
1449,699f844c598e6df7ac4822c3,75546,1,14,linechart-real-16-ordered-interaction-1-15,right,increasing,ordered,interaction,1,dual,2026-03-19 00:03:35.039
1450,699f844c598e6df7ac4822c3,32853,1,15,linechart-real-27-ordered-main_effect-1-0,right,increasing,ordered,main_effect,1,dual,2026-03-19 00:04:08.481
1451,699f844c598e6df7ac4822c3,18296,1,16,linechart-real-13-shuffled-interaction-0-21,left,increasing,shuffled,interaction,0,dual,2026-03-19 00:06:39.345
1452,699f844c598e6df7ac4822c3,19937,1,17,linechart-real-5-ordered-main_effect-0-16,left,increasing,ordered,main_effect,0,dual,2026-03-19 00:06:59.859
1453,699f844c598e6df7ac4822c3,19484,1,18,linechart-real-20-shuffled-main_effect-1-18,right,increasing,shuffled,main_effect,1,dual,2026-03-19 00:07:19.897
1454,699f844c598e6df7ac4822c3,18151,1,19,linechart-real-2-ordered-interaction-0-23,left,increasing,ordered,interaction,0,dual,2026-03-19 00:07:38.633
1455,699f844c598e6df7ac4822c3,19806,1,20,linechart-real-24-shuffled-interaction-1-6,right,increasing,shuffled,interaction,1,dual,2026-03-19 00:07:59.044
1456,699f844c598e6df7ac4822c3,17717,1,21,linechart-real-0-shuffled-main_effect-0-12,left,increasing,shuffled,main_effect,0,dual,2026-03-19 00:08:17.339
1457,699f844c598e6df7ac4822c3,17652,1,22,linechart-real-17-ordered-main_effect-0-31,left,increasing,ordered,main_effect,0,dual,2026-03-19 00:08:35.558
1458,699f844c598e6df7ac4822c3,17457,1,23,linechart-real-23-ordered-interaction-0-17,left,increasing,ordered,interaction,0,dual,2026-03-19 00:08:53.626
1459,699f844c598e6df7ac4822c3,17971,1,24,linechart-real-14-shuffled-main_effect-0-24,left,increasing,shuffled,main_effect,0,dual,2026-03-19 00:09:15.563
1460,699f844c598e6df7ac4822c3,17755,1,25,linechart-real-29-ordered-interaction-1-1,right,increasing,ordered,interaction,1,dual,2026-03-19 00:09:33.888
1461,699f844c598e6df7ac4822c3,16864,1,26,linechart-real-26-shuffled-main_effect-1-28,right,increasing,shuffled,main_effect,1,dual,2026-03-19 00:09:51.350
1462,699f844c598e6df7ac4822c3,2909,1,27,linechart-real-1-ordered-main_effect-0-20,left,increasing,ordered,main_effect,0,dual,2026-03-19 00:09:54.823
1463,699f844c598e6df7ac4822c3,2709,1,28,linechart-real-9-ordered-interaction-1-27,right,increasing,ordered,interaction,1,dual,2026-03-19 00:09:58.105
1464,699f844c598e6df7ac4822c3,6426,0,29,linechart-real-11-shuffled-interaction-1-8,left,increasing,shuffled,interaction,1,dual,2026-03-19 00:10:05.130
1465,699f844c598e6df7ac4822c3,12072,1,30,linechart-real-19-ordered-interaction-1-29,right,increasing,ordered,interaction,1,dual,2026-03-19 00:10:18.817
1466,699f844c598e6df7ac4822c3,18638,1,31,linechart-real-4-shuffled-main_effect-1-19,right,increasing,shuffled,main_effect,1,dual,2026-03-19 00:10:38.032
1467,5a4ff86beedc32000141f232,23133,0,0,linechart-real-1-ordered-main_effect-1-10,left,increasing,ordered,main_effect,1,dual,2026-03-19 00:14:10.504
1468,5a4ff86beedc32000141f232,35586,1,1,linechart-real-21-ordered-interaction-0-28,left,increasing,ordered,interaction,0,dual,2026-03-19 00:14:47.720
1469,5a4ff86beedc32000141f232,19378,1,2,linechart-real-13-shuffled-interaction-0-31,left,increasing,shuffled,interaction,0,dual,2026-03-19 00:15:07.709
1470,5a4ff86beedc32000141f232,33877,1,3,linechart-real-9-shuffled-main_effect-0-0,left,increasing,shuffled,main_effect,0,dual,2026-03-19 00:15:42.213
1471,5a4ff86beedc32000141f232,31513,0,4,linechart-real-27-shuffled-main_effect-0-3,right,increasing,shuffled,main_effect,0,dual,2026-03-19 00:16:14.410
1472,5a4ff86beedc32000141f232,12440,0,5,linechart-real-23-shuffled-main_effect-0-29,right,increasing,shuffled,main_effect,0,dual,2026-03-19 00:16:28.530
1473,5a4ff86beedc32000141f232,33495,0,6,linechart-real-25-ordered-main_effect-0-26,right,increasing,ordered,main_effect,0,dual,2026-03-19 00:17:03.674
1474,5a4ff86beedc32000141f232,42524,1,7,linechart-real-6-ordered-main_effect-0-7,left,increasing,ordered,main_effect,0,dual,2026-03-19 00:17:47.823
1475,5a4ff86beedc32000141f232,48778,1,8,linechart-real-22-ordered-interaction-1-17,right,increasing,ordered,interaction,1,dual,2026-03-19 00:18:58.605
1476,5a4ff86beedc32000141f232,21626,1,9,linechart-real-26-ordered-interaction-1-8,right,increasing,ordered,interaction,1,dual,2026-03-19 00:19:20.914
1477,66404f7c39df6ec6f06106e4,2313,0,0,linechart-real-3-shuffled-interaction-0-15,right,increasing,shuffled,interaction,0,dual,2026-03-19 00:19:35.873
1478,5a4ff86beedc32000141f232,17707,1,10,linechart-real-11-ordered-interaction-0-2,left,increasing,ordered,interaction,0,dual,2026-03-19 00:19:39.282
1479,66404f7c39df6ec6f06106e4,1780,1,1,linechart-real-27-ordered-interaction-0-10,left,increasing,ordered,interaction,0,dual,2026-03-19 00:19:39.480
1480,66404f7c39df6ec6f06106e4,2198,1,2,linechart-real-8-ordered-interaction-1-2,right,increasing,ordered,interaction,1,dual,2026-03-19 00:19:42.480
1481,66404f7c39df6ec6f06106e4,2909,0,3,linechart-real-11-ordered-main_effect-0-25,right,increasing,ordered,main_effect,0,dual,2026-03-19 00:19:46.175
1482,66404f7c39df6ec6f06106e4,1513,0,4,linechart-real-28-ordered-interaction-0-29,right,increasing,ordered,interaction,0,dual,2026-03-19 00:19:49.391
1483,66404f7c39df6ec6f06106e4,448,0,5,linechart-real-19-shuffled-interaction-1-11,left,increasing,shuffled,interaction,1,dual,2026-03-19 00:19:51.631
1484,66404f7c39df6ec6f06106e4,275,1,6,linechart-real-14-ordered-interaction-1-13,right,increasing,ordered,interaction,1,dual,2026-03-19 00:19:53.718
1485,66404f7c39df6ec6f06106e4,2200,1,7,linechart-real-30-ordered-interaction-1-20,right,increasing,ordered,interaction,1,dual,2026-03-19 00:19:56.709
1486,5a4ff86beedc32000141f232,24994,1,11,linechart-real-7-ordered-interaction-1-16,right,increasing,ordered,interaction,1,dual,2026-03-19 00:20:04.946
1487,66404f7c39df6ec6f06106e4,1264,0,8,linechart-real-26-ordered-main_effect-0-28,right,increasing,ordered,main_effect,0,dual,2026-03-19 00:20:03.836
1488,66404f7c39df6ec6f06106e4,1821,0,9,linechart-real-10-shuffled-main_effect-0-12,right,increasing,shuffled,main_effect,0,dual,2026-03-19 00:20:07.469
1489,66404f7c39df6ec6f06106e4,1146,1,10,linechart-real-21-ordered-main_effect-1-1,right,increasing,ordered,main_effect,1,dual,2026-03-19 00:20:10.348
1490,66404f7c39df6ec6f06106e4,1466,0,11,linechart-real-24-ordered-interaction-1-5,left,increasing,ordered,interaction,1,dual,2026-03-19 00:20:12.603
1491,66404f7c39df6ec6f06106e4,433,1,12,linechart-real-17-shuffled-main_effect-1-3,right,increasing,shuffled,main_effect,1,dual,2026-03-19 00:20:14.739
1492,66404f7c39df6ec6f06106e4,1883,1,13,linechart-real-7-shuffled-main_effect-1-18,right,increasing,shuffled,main_effect,1,dual,2026-03-19 00:20:17.411
1493,66404f7c39df6ec6f06106e4,707,0,14,linechart-real-22-ordered-main_effect-0-16,right,increasing,ordered,main_effect,0,dual,2026-03-19 00:20:18.979
1494,66404f7c39df6ec6f06106e4,484,1,15,linechart-real-16-shuffled-interaction-1-31,right,increasing,shuffled,interaction,1,dual,2026-03-19 00:20:21.370
1495,66404f7c39df6ec6f06106e4,1861,1,16,linechart-real-13-ordered-main_effect-1-8,right,increasing,ordered,main_effect,1,dual,2026-03-19 00:20:27.337
1496,66404f7c39df6ec6f06106e4,1403,1,17,linechart-real-0-shuffled-interaction-0-30,left,increasing,shuffled,interaction,0,dual,2026-03-19 00:20:29.529
1497,66404f7c39df6ec6f06106e4,1375,0,18,linechart-real-4-shuffled-main_effect-0-14,right,increasing,shuffled,main_effect,0,dual,2026-03-19 00:20:31.697
1498,66404f7c39df6ec6f06106e4,1596,0,19,linechart-real-9-shuffled-main_effect-0-24,right,increasing,shuffled,main_effect,0,dual,2026-03-19 00:20:35.025
1499,5a4ff86beedc32000141f232,33206,1,12,linechart-real-8-shuffled-interaction-1-1,right,increasing,shuffled,interaction,1,dual,2026-03-19 00:20:38.807
1500,66404f7c39df6ec6f06106e4,1937,1,20,linechart-real-12-ordered-main_effect-1-4,right,increasing,ordered,main_effect,1,dual,2026-03-19 00:20:38.752
1501,66404f7c39df6ec6f06106e4,2079,1,21,linechart-real-29-shuffled-main_effect-0-26,left,increasing,shuffled,main_effect,0,dual,2026-03-19 00:20:41.544
1502,66404f7c39df6ec6f06106e4,1905,0,22,linechart-real-25-shuffled-interaction-1-0,left,increasing,shuffled,interaction,1,dual,2026-03-19 00:20:44.143
1503,66404f7c39df6ec6f06106e4,1112,0,23,linechart-real-1-shuffled-interaction-0-23,right,increasing,shuffled,interaction,0,dual,2026-03-19 00:20:46.958
1504,66404f7c39df6ec6f06106e4,161,1,24,linechart-real-23-shuffled-interaction-0-7,left,increasing,shuffled,interaction,0,dual,2026-03-19 00:20:51.270
1505,5a4ff86beedc32000141f232,13405,0,13,linechart-real-12-ordered-main_effect-1-25,left,increasing,ordered,main_effect,1,dual,2026-03-19 00:20:52.863
1506,66404f7c39df6ec6f06106e4,949,1,25,linechart-real-6-ordered-interaction-1-17,right,increasing,ordered,interaction,1,dual,2026-03-19 00:20:52.926
1507,66404f7c39df6ec6f06106e4,274,1,26,linechart-real-20-shuffled-main_effect-1-21,right,increasing,shuffled,main_effect,1,dual,2026-03-19 00:20:53.902
1508,66404f7c39df6ec6f06106e4,871,1,27,linechart-real-18-shuffled-interaction-1-27,right,increasing,shuffled,interaction,1,dual,2026-03-19 00:20:55.558
1509,66404f7c39df6ec6f06106e4,1517,0,28,linechart-real-15-ordered-main_effect-0-22,right,increasing,ordered,main_effect,0,dual,2026-03-19 00:20:57.853
1510,66404f7c39df6ec6f06106e4,1149,0,29,linechart-real-5-shuffled-main_effect-1-6,left,increasing,shuffled,main_effect,1,dual,2026-03-19 00:21:00.790
1511,66404f7c39df6ec6f06106e4,435,0,30,linechart-real-31-ordered-main_effect-0-9,right,increasing,ordered,main_effect,0,dual,2026-03-19 00:21:03.028
1512,66404f7c39df6ec6f06106e4,1809,0,31,linechart-real-2-ordered-interaction-0-19,right,increasing,ordered,interaction,0,dual,2026-03-19 00:21:06.620
1513,5a4ff86beedc32000141f232,25647,1,14,linechart-real-31-shuffled-main_effect-0-4,left,increasing,shuffled,main_effect,0,dual,2026-03-19 00:21:20.189
1514,5a4ff86beedc32000141f232,47682,1,15,linechart-real-14-shuffled-interaction-0-11,left,increasing,shuffled,interaction,0,dual,2026-03-19 00:22:08.508
1515,5a4ff86beedc32000141f232,20146,1,16,linechart-real-15-shuffled-interaction-1-23,right,increasing,shuffled,interaction,1,dual,2026-03-19 00:22:37.994
1516,5a4ff86beedc32000141f232,31473,1,17,linechart-real-17-shuffled-interaction-0-6,left,increasing,shuffled,interaction,0,dual,2026-03-19 00:23:10.082
1517,5a4ff86beedc32000141f232,33021,1,18,linechart-real-0-shuffled-main_effect-0-19,left,increasing,shuffled,main_effect,0,dual,2026-03-19 00:23:43.783
1518,5a4ff86beedc32000141f232,15659,1,19,linechart-real-10-ordered-main_effect-0-27,left,increasing,ordered,main_effect,0,dual,2026-03-19 00:24:00.111
1519,5dc916d584b21f64f98d61dd,26435,0,0,linechart-real-17-shuffled-interaction-1-23,left,increasing,shuffled,interaction,1,dual,2026-03-19 00:24:10.272
1520,5dc916d584b21f64f98d61dd,17503,0,1,linechart-real-19-shuffled-interaction-1-31,left,increasing,shuffled,interaction,1,dual,2026-03-19 00:24:29.654
1521,5a4ff86beedc32000141f232,40446,0,20,linechart-real-3-shuffled-main_effect-1-20,left,increasing,shuffled,main_effect,1,dual,2026-03-19 00:24:41.245
1522,5dc916d584b21f64f98d61dd,10165,0,2,linechart-real-31-ordered-main_effect-1-17,left,increasing,ordered,main_effect,1,dual,2026-03-19 00:24:41.645
1523,5dc916d584b21f64f98d61dd,8866,1,3,linechart-real-22-shuffled-main_effect-0-27,left,increasing,shuffled,main_effect,0,dual,2026-03-19 00:24:52.347
1524,5a4ff86beedc32000141f232,24415,1,21,linechart-real-28-shuffled-main_effect-1-30,right,increasing,shuffled,main_effect,1,dual,2026-03-19 00:25:07.292
1525,5dc916d584b21f64f98d61dd,19773,1,4,linechart-real-30-ordered-interaction-0-29,left,increasing,ordered,interaction,0,dual,2026-03-19 00:25:12.941
1526,5a4ff86beedc32000141f232,13312,1,22,linechart-real-18-ordered-main_effect-1-12,right,increasing,ordered,main_effect,1,dual,2026-03-19 00:25:21.274
1527,5dc916d584b21f64f98d61dd,14053,1,5,linechart-real-11-ordered-main_effect-0-5,left,increasing,ordered,main_effect,0,dual,2026-03-19 00:25:27.819
1528,5a4ff86beedc32000141f232,23751,1,23,linechart-real-5-ordered-main_effect-0-14,left,increasing,ordered,main_effect,0,dual,2026-03-19 00:25:45.690
1529,5dc916d584b21f64f98d61dd,27612,0,6,linechart-real-26-ordered-interaction-1-3,left,increasing,ordered,interaction,1,dual,2026-03-19 00:25:56.257
1530,5dc916d584b21f64f98d61dd,13603,1,7,linechart-real-2-ordered-main_effect-0-21,left,increasing,ordered,main_effect,0,dual,2026-03-19 00:26:11.677
1531,5a4ff86beedc32000141f232,21563,1,24,linechart-real-2-shuffled-interaction-0-13,left,increasing,shuffled,interaction,0,dual,2026-03-19 00:26:17.953
1532,5dc916d584b21f64f98d61dd,11347,1,8,linechart-real-23-shuffled-main_effect-1-20,right,increasing,shuffled,main_effect,1,dual,2026-03-19 00:26:30.776
1533,5a4ff86beedc32000141f232,16490,1,25,linechart-real-30-shuffled-interaction-1-24,right,increasing,shuffled,interaction,1,dual,2026-03-19 00:26:35.127
1534,5a4ff86beedc32000141f232,4544,0,26,linechart-real-19-ordered-interaction-0-9,right,increasing,ordered,interaction,0,dual,2026-03-19 00:26:40.343
1535,5dc916d584b21f64f98d61dd,11751,0,9,linechart-real-20-shuffled-interaction-1-26,left,increasing,shuffled,interaction,1,dual,2026-03-19 00:26:43.288
1536,5a4ff86beedc32000141f232,5297,1,27,linechart-real-29-ordered-main_effect-1-15,right,increasing,ordered,main_effect,1,dual,2026-03-19 00:26:47.263
1537,5dc916d584b21f64f98d61dd,13720,1,10,linechart-real-9-ordered-main_effect-0-16,left,increasing,ordered,main_effect,0,dual,2026-03-19 00:26:58.778
1538,5a4ff86beedc32000141f232,12655,1,28,linechart-real-24-shuffled-main_effect-1-21,right,increasing,shuffled,main_effect,1,dual,2026-03-19 00:27:00.583
1539,5a4ff86beedc32000141f232,15931,1,29,linechart-real-16-ordered-interaction-1-18,right,increasing,ordered,interaction,1,dual,2026-03-19 00:27:17.175
1540,5dc916d584b21f64f98d61dd,18388,0,11,linechart-real-3-ordered-main_effect-1-13,left,increasing,ordered,main_effect,1,dual,2026-03-19 00:27:17.966
1541,5a4ff86beedc32000141f232,3219,0,30,linechart-real-4-ordered-interaction-1-22,left,increasing,ordered,interaction,1,dual,2026-03-19 00:27:21.076
1542,5a4ff86beedc32000141f232,6327,1,31,linechart-real-20-shuffled-interaction-1-5,right,increasing,shuffled,interaction,1,dual,2026-03-19 00:27:29.028
1543,5dc916d584b21f64f98d61dd,15224,0,12,linechart-real-5-shuffled-main_effect-0-1,right,increasing,shuffled,main_effect,0,dual,2026-03-19 00:27:34.933
1544,5dc916d584b21f64f98d61dd,7926,1,13,linechart-real-16-shuffled-main_effect-1-12,right,increasing,shuffled,main_effect,1,dual,2026-03-19 00:27:44.896
1545,5dc916d584b21f64f98d61dd,8572,1,14,linechart-real-1-shuffled-main_effect-1-19,right,increasing,shuffled,main_effect,1,dual,2026-03-19 00:27:54.123
1546,5dc916d584b21f64f98d61dd,11431,1,15,linechart-real-14-ordered-main_effect-1-11,right,increasing,ordered,main_effect,1,dual,2026-03-19 00:28:06.336
1547,5dc916d584b21f64f98d61dd,12295,1,16,linechart-real-25-ordered-interaction-0-10,left,increasing,ordered,interaction,0,dual,2026-03-19 00:28:22.579
1548,5dc916d584b21f64f98d61dd,16632,1,17,linechart-real-7-shuffled-main_effect-1-28,right,increasing,shuffled,main_effect,1,dual,2026-03-19 00:28:39.953
1549,5dc916d584b21f64f98d61dd,16318,1,18,linechart-real-24-ordered-interaction-0-14,left,increasing,ordered,interaction,0,dual,2026-03-19 00:28:57.073
1550,5dc916d584b21f64f98d61dd,8232,1,19,linechart-real-13-ordered-main_effect-1-4,right,increasing,ordered,main_effect,1,dual,2026-03-19 00:29:06.072
1551,5dc916d584b21f64f98d61dd,9042,1,20,linechart-real-29-ordered-interaction-1-30,right,increasing,ordered,interaction,1,dual,2026-03-19 00:29:15.845
1552,5dc916d584b21f64f98d61dd,11486,1,21,linechart-real-27-ordered-interaction-1-24,right,increasing,ordered,interaction,1,dual,2026-03-19 00:29:28.045
1553,5dc916d584b21f64f98d61dd,13096,1,22,linechart-real-10-ordered-interaction-0-25,left,increasing,ordered,interaction,0,dual,2026-03-19 00:29:41.870
1554,5dc916d584b21f64f98d61dd,12717,0,23,linechart-real-6-shuffled-main_effect-0-18,right,increasing,shuffled,main_effect,0,dual,2026-03-19 00:29:55.286
1555,5dc916d584b21f64f98d61dd,8944,1,24,linechart-real-18-shuffled-main_effect-0-7,left,increasing,shuffled,main_effect,0,dual,2026-03-19 00:30:09.759
1556,5dc916d584b21f64f98d61dd,8740,1,25,linechart-real-21-ordered-main_effect-0-6,left,increasing,ordered,main_effect,0,dual,2026-03-19 00:30:19.146
1557,5dc916d584b21f64f98d61dd,24555,0,26,linechart-real-0-shuffled-interaction-1-22,left,increasing,shuffled,interaction,1,dual,2026-03-19 00:30:44.535
1558,5dc916d584b21f64f98d61dd,12401,1,27,linechart-real-15-shuffled-interaction-0-9,left,increasing,shuffled,interaction,0,dual,2026-03-19 00:30:58.752
1559,5dc916d584b21f64f98d61dd,10412,1,28,linechart-real-8-shuffled-interaction-0-0,left,increasing,shuffled,interaction,0,dual,2026-03-19 00:31:09.892
1560,5dc916d584b21f64f98d61dd,12854,0,29,linechart-real-28-ordered-interaction-1-2,left,increasing,ordered,interaction,1,dual,2026-03-19 00:31:23.409
1561,5dc916d584b21f64f98d61dd,21267,1,30,linechart-real-12-shuffled-interaction-0-8,left,increasing,shuffled,interaction,0,dual,2026-03-19 00:31:46.478
1562,5dc916d584b21f64f98d61dd,18014,1,31,linechart-real-4-shuffled-interaction-0-15,left,increasing,shuffled,interaction,0,dual,2026-03-19 00:32:05.204
1563,6797d5ada6654ec99f741b08,120868,0,0,linechart-real-1-ordered-interaction-0-16,right,increasing,ordered,interaction,0,dual,2026-03-19 00:57:56.365
1564,69aa1de4c116eb95cf2e345b,1609,1,0,linechart-real-28-ordered-main_effect-0-13,left,increasing,ordered,main_effect,0,dual,2026-03-19 01:11:03.166
1565,69aa1de4c116eb95cf2e345b,3824,1,1,linechart-real-3-ordered-main_effect-0-11,left,increasing,ordered,main_effect,0,dual,2026-03-19 01:11:07.612
1566,69aa1de4c116eb95cf2e345b,1102,0,2,linechart-real-19-shuffled-main_effect-0-16,right,increasing,shuffled,main_effect,0,dual,2026-03-19 01:11:09.345
1567,69aa1de4c116eb95cf2e345b,1929,1,3,linechart-real-0-shuffled-main_effect-0-28,left,increasing,shuffled,main_effect,0,dual,2026-03-19 01:11:12.916
1568,69aa1de4c116eb95cf2e345b,1676,0,4,linechart-real-7-ordered-interaction-1-23,left,increasing,ordered,interaction,1,dual,2026-03-19 01:11:15.219
1569,69aa1de4c116eb95cf2e345b,3274,0,5,linechart-real-11-shuffled-main_effect-1-15,left,increasing,shuffled,main_effect,1,dual,2026-03-19 01:11:20.127
1570,69aa1de4c116eb95cf2e345b,1621,0,6,linechart-real-16-ordered-interaction-1-0,left,increasing,ordered,interaction,1,dual,2026-03-19 01:11:23.430
1571,69aa1de4c116eb95cf2e345b,838,0,7,linechart-real-29-ordered-main_effect-0-31,right,increasing,ordered,main_effect,0,dual,2026-03-19 01:11:25.887
1572,69aa1de4c116eb95cf2e345b,3754,1,8,linechart-real-24-shuffled-main_effect-1-10,right,increasing,shuffled,main_effect,1,dual,2026-03-19 01:11:36.084
1573,69aa1de4c116eb95cf2e345b,2717,1,9,linechart-real-26-shuffled-main_effect-0-20,left,increasing,shuffled,main_effect,0,dual,2026-03-19 01:11:39.417
1574,69aa1de4c116eb95cf2e345b,3719,0,10,linechart-real-13-shuffled-main_effect-1-8,left,increasing,shuffled,main_effect,1,dual,2026-03-19 01:11:43.752
1575,69aa1de4c116eb95cf2e345b,1993,0,11,linechart-real-6-shuffled-interaction-0-21,right,increasing,shuffled,interaction,0,dual,2026-03-19 01:11:47.353
1576,69aa1de4c116eb95cf2e345b,881,1,12,linechart-real-18-ordered-main_effect-1-12,right,increasing,ordered,main_effect,1,dual,2026-03-19 01:11:49.849
1577,69aa1de4c116eb95cf2e345b,2687,1,13,linechart-real-8-shuffled-interaction-1-29,right,increasing,shuffled,interaction,1,dual,2026-03-19 01:11:53.177
1578,69aa1de4c116eb95cf2e345b,4933,0,14,linechart-real-22-shuffled-interaction-0-25,right,increasing,shuffled,interaction,0,dual,2026-03-19 01:11:58.729
1579,69aa1de4c116eb95cf2e345b,516,1,15,linechart-real-4-shuffled-interaction-0-3,left,increasing,shuffled,interaction,0,dual,2026-03-19 01:12:00.863
1580,69aa1de4c116eb95cf2e345b,508,1,16,linechart-real-12-ordered-interaction-1-19,right,increasing,ordered,interaction,1,dual,2026-03-19 01:12:10.042
1581,69aa1de4c116eb95cf2e345b,774,1,17,linechart-real-10-ordered-main_effect-1-4,right,increasing,ordered,main_effect,1,dual,2026-03-19 01:12:11.465
1582,69aa1de4c116eb95cf2e345b,1012,0,18,linechart-real-1-ordered-interaction-0-6,right,increasing,ordered,interaction,0,dual,2026-03-19 01:12:13.068
1583,69aa1de4c116eb95cf2e345b,179,1,19,linechart-real-21-ordered-main_effect-0-14,left,increasing,ordered,main_effect,0,dual,2026-03-19 01:12:14.851
1584,69aa1de4c116eb95cf2e345b,877,0,20,linechart-real-30-shuffled-interaction-1-27,left,increasing,shuffled,interaction,1,dual,2026-03-19 01:12:16.367
1585,69aa1de4c116eb95cf2e345b,886,0,21,linechart-real-15-ordered-main_effect-0-9,right,increasing,ordered,main_effect,0,dual,2026-03-19 01:12:18.984
1586,69aa1de4c116eb95cf2e345b,136,0,22,linechart-real-5-ordered-interaction-1-2,left,increasing,ordered,interaction,1,dual,2026-03-19 01:12:20.740
1587,69aa1de4c116eb95cf2e345b,852,0,23,linechart-real-2-ordered-interaction-0-24,right,increasing,ordered,interaction,0,dual,2026-03-19 01:12:23.215
1588,69aa1de4c116eb95cf2e345b,1031,1,24,linechart-real-17-shuffled-main_effect-0-1,left,increasing,shuffled,main_effect,0,dual,2026-03-19 01:12:28.365
1589,69aa1de4c116eb95cf2e345b,968,1,25,linechart-real-25-ordered-interaction-1-7,right,increasing,ordered,interaction,1,dual,2026-03-19 01:12:30.032
1590,69aa1de4c116eb95cf2e345b,1390,1,26,linechart-real-27-shuffled-interaction-1-5,right,increasing,shuffled,interaction,1,dual,2026-03-19 01:12:32.075
1591,69aa1de4c116eb95cf2e345b,1114,1,27,linechart-real-23-shuffled-interaction-1-26,right,increasing,shuffled,interaction,1,dual,2026-03-19 01:12:33.844
1592,69aa1de4c116eb95cf2e345b,1552,0,28,linechart-real-9-ordered-main_effect-0-18,right,increasing,ordered,main_effect,0,dual,2026-03-19 01:12:36.034
1593,69aa1de4c116eb95cf2e345b,436,1,29,linechart-real-31-shuffled-interaction-0-30,left,increasing,shuffled,interaction,0,dual,2026-03-19 01:12:38.089
1594,69aa1de4c116eb95cf2e345b,1420,0,30,linechart-real-14-ordered-interaction-1-22,left,increasing,ordered,interaction,1,dual,2026-03-19 01:12:40.127
1595,69aa1de4c116eb95cf2e345b,377,1,31,linechart-real-20-shuffled-main_effect-1-17,right,increasing,shuffled,main_effect,1,dual,2026-03-19 01:12:42.153
