participant_id,response_time,correct,trial_number,stimuli_number,response,heatmap_condition,legend_condition,label_condition,attention,time_when
5dd877b0568ca582fb24699f,1051,0,0,right-9,left,right-dark,dark-up,greater-up,single,22:59.7
5dd877b0568ca582fb24699f,649,1,1,left-4,left,left-dark,dark-up,greater-up,single,23:01.6
5dd877b0568ca582fb24699f,498,0,2,right-4,right,right-dark,dark-up,fewer-up,single,23:03.2
5dd877b0568ca582fb24699f,459,1,3,right-8,left,right-dark,dark-up,fewer-up,single,23:04.9
5dd877b0568ca582fb24699f,1201,0,4,right-6,left,right-dark,dark-up,greater-up,single,23:07.2
5dd877b0568ca582fb24699f,909,1,5,left-2,left,left-dark,dark-up,greater-up,single,23:09.6
5dd877b0568ca582fb24699f,591,0,6,left-7,left,left-dark,light-up,greater-up,single,23:11.7
5dd877b0568ca582fb24699f,597,0,7,right-9,right,right-dark,light-up,greater-up,single,23:13.3
5dd877b0568ca582fb24699f,393,1,8,left-5,right,left-dark,dark-up,fewer-up,single,23:14.9
5dd877b0568ca582fb24699f,1010,0,9,left-5,right,left-dark,dark-up,greater-up,single,23:17.1
5dd877b0568ca582fb24699f,1472,0,10,right-5,left,right-dark,light-up,fewer-up,single,23:19.7
5dd877b0568ca582fb24699f,575,0,11,right-5,right,right-dark,dark-up,fewer-up,single,23:21.7
5dd877b0568ca582fb24699f,NULL,0,12,left-3,none,left-dark,light-up,fewer-up,single,23:24.0
5dd877b0568ca582fb24699f,790,0,13,right-4,left,right-dark,dark-up,greater-up,single,23:26.6
5dd877b0568ca582fb24699f,261,0,14,left-1,right,left-dark,light-up,fewer-up,single,23:28.1
5dd877b0568ca582fb24699f,226,0,15,left-7,right,left-dark,light-up,fewer-up,single,23:29.4
5dd877b0568ca582fb24699f,266,0,16,right-1,right,right-dark,dark-up,fewer-up,single,23:31.2
5dd877b0568ca582fb24699f,247,1,17,left-1,right,left-dark,dark-up,fewer-up,single,23:32.9
5dd877b0568ca582fb24699f,348,0,18,right-2,right,right-dark,dark-up,fewer-up,single,23:34.7
5dd877b0568ca582fb24699f,317,0,19,left-9,right,left-dark,dark-up,greater-up,single,23:36.5
5dd877b0568ca582fb24699f,679,1,20,right-6,left,right-dark,dark-up,fewer-up,single,23:43.1
672970cd30bdfdbdde8824db,870,0,0,left-6,left,left-dark,light-up,greater-up,single,23:48.2
5dd877b0568ca582fb24699f,1701,0,21,right-3,left,right-dark,dark-up,greater-up,single,23:46.3
672970cd30bdfdbdde8824db,1031,0,1,right-3,right,right-dark,light-up,greater-up,single,23:50.7
5dd877b0568ca582fb24699f,1510,0,22,left-0,right,left-dark,light-up,fewer-up,single,23:49.1
672970cd30bdfdbdde8824db,1006,0,2,right-3,left,right-dark,dark-up,greater-up,single,23:53.3
5dd877b0568ca582fb24699f,1257,0,23,right-5,left,right-dark,dark-up,greater-up,single,23:51.6
672970cd30bdfdbdde8824db,1087,0,3,right-9,right,right-dark,light-up,greater-up,single,23:55.6
5dd877b0568ca582fb24699f,1052,1,24,right-0,left,right-dark,dark-up,fewer-up,single,23:53.7
672970cd30bdfdbdde8824db,1008,1,4,right-5,right,right-dark,dark-up,greater-up,single,23:57.7
5dd877b0568ca582fb24699f,767,0,25,right-2,left,right-dark,light-up,fewer-up,single,23:56.0
672970cd30bdfdbdde8824db,1221,1,5,left-5,right,left-dark,light-up,greater-up,single,24:00.1
5dd877b0568ca582fb24699f,623,1,26,left-7,right,left-dark,dark-up,fewer-up,single,23:58.1
672970cd30bdfdbdde8824db,1596,0,6,left-2,right,left-dark,dark-up,greater-up,single,24:03.1
5dd877b0568ca582fb24699f,1230,0,27,right-0,left,right-dark,light-up,fewer-up,single,24:00.8
672970cd30bdfdbdde8824db,1523,1,7,left-5,right,left-dark,dark-up,fewer-up,single,24:05.9
5dd877b0568ca582fb24699f,1100,1,28,right-5,left,right-dark,light-up,greater-up,single,24:03.1
672970cd30bdfdbdde8824db,1283,1,8,left-7,right,left-dark,light-up,greater-up,single,24:08.5
5dd877b0568ca582fb24699f,1520,1,29,right-3,left,right-dark,dark-up,fewer-up,single,24:05.9
672970cd30bdfdbdde8824db,1285,1,9,left-1,left,left-dark,dark-up,greater-up,single,24:10.9
5dd877b0568ca582fb24699f,845,0,30,right-2,left,right-dark,dark-up,greater-up,single,24:08.0
672970cd30bdfdbdde8824db,1013,1,10,right-7,left,right-dark,dark-up,fewer-up,single,24:13.2
5dd877b0568ca582fb24699f,588,1,31,left-6,right,left-dark,dark-up,fewer-up,single,24:09.8
5dd877b0568ca582fb24699f,669,0,32,right-7,left,right-dark,dark-up,greater-up,single,24:11.7
672970cd30bdfdbdde8824db,1151,1,11,left-4,right,left-dark,dark-up,fewer-up,single,24:15.8
699a5875c790d6761693816a,1257,0,0,left-5,right,left-dark,light-up,fewer-up,single,22:56.5
5dd877b0568ca582fb24699f,610,1,33,left-0,right,left-dark,dark-up,fewer-up,single,24:13.4
672970cd30bdfdbdde8824db,1272,1,12,left-5,left,left-dark,light-up,fewer-up,single,24:18.5
5dd877b0568ca582fb24699f,526,1,34,left-3,right,left-dark,light-up,greater-up,single,24:15.0
699a5875c790d6761693816a,1212,0,1,left-8,left,left-dark,light-up,greater-up,single,22:59.0
5dd877b0568ca582fb24699f,517,0,35,left-8,right,left-dark,light-up,fewer-up,single,24:16.7
664287debe4750708ea0ecf7,NULL,0,0,right-0,none,right-dark,dark-up,greater-up,single,24:17.5
672970cd30bdfdbdde8824db,961,1,13,left-1,left,left-dark,light-up,fewer-up,single,24:21.0
699a5875c790d6761693816a,1547,1,2,left-9,left,left-dark,dark-up,greater-up,single,23:01.7
5dd877b0568ca582fb24699f,706,1,36,left-2,right,left-dark,dark-up,fewer-up,single,24:18.8
5cb67a7ab73e8a001507fae5,827,1,0,right-5,right,right-dark,dark-up,greater-up,single,24:20.5
664287debe4750708ea0ecf7,1218,0,1,right-3,right,right-dark,dark-up,fewer-up,single,24:20.8
699a5875c790d6761693816a,959,1,3,right-5,right,right-dark,light-up,fewer-up,single,23:04.1
672970cd30bdfdbdde8824db,1599,0,14,left-9,left,left-dark,light-up,greater-up,single,24:24.2
5dd877b0568ca582fb24699f,459,1,37,right-7,left,right-dark,light-up,greater-up,single,24:20.4
5cb67a7ab73e8a001507fae5,1114,0,1,right-1,left,right-dark,dark-up,greater-up,single,24:23.0
5dd877b0568ca582fb24699f,560,1,38,left-2,right,left-dark,light-up,greater-up,single,24:22.2
672970cd30bdfdbdde8824db,1206,1,15,left-9,left,left-dark,light-up,fewer-up,single,24:26.4
664287debe4750708ea0ecf7,1297,1,2,left-8,left,left-dark,dark-up,greater-up,single,24:23.4
699a5875c790d6761693816a,1473,0,4,right-9,right,right-dark,light-up,greater-up,single,23:07.1
5cb67a7ab73e8a001507fae5,753,1,2,left-0,left,left-dark,dark-up,greater-up,single,24:25.3
5dd877b0568ca582fb24699f,717,1,39,right-4,left,right-dark,light-up,greater-up,single,24:24.5
672970cd30bdfdbdde8824db,1063,1,16,left-0,left,left-dark,light-up,fewer-up,single,24:28.5
664287debe4750708ea0ecf7,802,0,3,right-7,right,right-dark,dark-up,fewer-up,single,24:25.6
699a5875c790d6761693816a,1204,0,5,right-8,right,right-dark,light-up,greater-up,single,23:09.7
5cb67a7ab73e8a001507fae5,835,0,3,right-5,right,right-dark,light-up,greater-up,single,24:27.3
664287debe4750708ea0ecf7,735,1,4,right-8,right,right-dark,dark-up,greater-up,single,24:27.5
672970cd30bdfdbdde8824db,1096,1,17,right-4,left,right-dark,light-up,greater-up,single,24:30.8
5cb67a7ab73e8a001507fae5,1087,1,4,left-8,left,left-dark,dark-up,greater-up,single,24:29.8
699a5875c790d6761693816a,1531,0,6,left-9,left,left-dark,light-up,greater-up,single,23:12.4
671e55aeca0216c5762de35a,NULL,0,0,left-4,none,left-dark,light-up,greater-up,dual,24:29.9
664287debe4750708ea0ecf7,767,0,5,left-7,left,left-dark,dark-up,fewer-up,single,24:29.7
672970cd30bdfdbdde8824db,952,1,18,left-9,right,left-dark,dark-up,fewer-up,single,24:32.8
5dd877b0568ca582fb24699f,867,0,40,left-9,right,left-dark,light-up,fewer-up,single,24:29.9
699a5875c790d6761693816a,389,1,7,left-8,right,left-dark,dark-up,fewer-up,single,23:14.2
5cb67a7ab73e8a001507fae5,1209,1,5,left-3,right,left-dark,dark-up,fewer-up,single,24:32.2
672970cd30bdfdbdde8824db,979,1,19,left-8,right,left-dark,dark-up,fewer-up,single,24:35.1
5dd877b0568ca582fb24699f,359,0,41,left-4,right,left-dark,light-up,fewer-up,single,24:31.4
664287debe4750708ea0ecf7,930,0,6,left-1,left,left-dark,dark-up,fewer-up,single,24:32.2
5cb67a7ab73e8a001507fae5,871,0,6,right-9,right,right-dark,light-up,greater-up,single,24:34.2
5dd877b0568ca582fb24699f,500,1,42,right-1,left,right-dark,light-up,greater-up,single,24:33.0
699a5875c790d6761693816a,1583,0,8,left-1,right,left-dark,dark-up,greater-up,single,23:17.0
664287debe4750708ea0ecf7,744,1,7,right-7,right,right-dark,light-up,fewer-up,single,24:34.2
699a5875c790d6761693816a,527,0,9,left-0,right,left-dark,dark-up,greater-up,single,23:18.7
5cb67a7ab73e8a001507fae5,903,1,7,right-6,left,right-dark,dark-up,fewer-up,single,24:36.3
5dd877b0568ca582fb24699f,893,0,43,left-3,right,left-dark,dark-up,greater-up,single,24:35.0
664287debe4750708ea0ecf7,692,0,8,right-2,right,right-dark,dark-up,fewer-up,single,24:36.1
699a5875c790d6761693816a,597,0,10,left-4,left,left-dark,dark-up,fewer-up,single,23:20.4
5dd877b0568ca582fb24699f,564,1,44,right-2,left,right-dark,light-up,greater-up,single,24:36.9
5cb67a7ab73e8a001507fae5,1173,1,8,left-2,left,left-dark,light-up,fewer-up,single,24:38.7
664287debe4750708ea0ecf7,1032,1,9,right-1,right,right-dark,dark-up,greater-up,single,24:38.7
699a5875c790d6761693816a,610,0,11,left-0,left,left-dark,light-up,greater-up,single,23:22.2
5dd877b0568ca582fb24699f,480,1,45,right-6,left,right-dark,light-up,greater-up,single,24:38.8
664287debe4750708ea0ecf7,744,0,10,left-8,left,left-dark,light-up,greater-up,single,24:40.5
5cb67a7ab73e8a001507fae5,1500,1,9,left-6,right,left-dark,light-up,greater-up,single,24:41.4
5dd877b0568ca582fb24699f,687,0,46,left-1,right,left-dark,dark-up,greater-up,single,24:40.5
699a5875c790d6761693816a,NULL,0,12,left-1,none,left-dark,dark-up,fewer-up,single,23:24.9
672970cd30bdfdbdde8824db,1039,1,20,right-9,right,right-dark,dark-up,greater-up,single,24:45.6
664287debe4750708ea0ecf7,872,0,11,left-4,left,left-dark,light-up,greater-up,single,24:42.6
5cb67a7ab73e8a001507fae5,888,1,10,right-4,right,right-dark,dark-up,greater-up,single,24:43.5
5dd877b0568ca582fb24699f,538,0,47,right-1,left,right-dark,dark-up,greater-up,single,24:42.4
672970cd30bdfdbdde8824db,756,1,21,right-2,left,right-dark,light-up,greater-up,single,24:47.7
5dd877b0568ca582fb24699f,443,0,48,left-5,left,left-dark,light-up,greater-up,single,24:44.1
699a5875c790d6761693816a,NULL,0,13,left-7,none,left-dark,light-up,greater-up,single,23:28.1
664287debe4750708ea0ecf7,918,1,12,left-0,left,left-dark,light-up,fewer-up,single,24:45.0
5cb67a7ab73e8a001507fae5,886,0,11,left-7,left,left-dark,dark-up,fewer-up,single,24:45.9
5dd877b0568ca582fb24699f,476,1,49,right-0,left,right-dark,light-up,greater-up,single,24:45.9
672970cd30bdfdbdde8824db,956,1,22,right-4,right,right-dark,dark-up,greater-up,single,24:49.7
664287debe4750708ea0ecf7,850,1,13,left-3,left,left-dark,light-up,fewer-up,single,24:47.0
5cb67a7ab73e8a001507fae5,665,1,12,right-9,right,right-dark,dark-up,greater-up,single,24:48.0
699a5875c790d6761693816a,636,1,14,right-8,right,right-dark,light-up,fewer-up,single,23:30.7
5dd877b0568ca582fb24699f,443,1,50,right-3,left,right-dark,light-up,greater-up,single,24:47.7
664287debe4750708ea0ecf7,474,0,14,left-0,right,left-dark,dark-up,greater-up,single,24:48.6
672970cd30bdfdbdde8824db,782,1,23,right-1,left,right-dark,light-up,greater-up,single,24:51.6
5cb67a7ab73e8a001507fae5,1164,1,13,right-2,right,right-dark,dark-up,greater-up,single,24:50.2
699a5875c790d6761693816a,1225,0,15,right-1,right,right-dark,light-up,greater-up,single,23:33.3
5dd877b0568ca582fb24699f,437,1,51,left-9,right,left-dark,light-up,greater-up,single,24:49.4
672970cd30bdfdbdde8824db,855,1,24,right-3,left,right-dark,dark-up,fewer-up,single,24:53.6
664287debe4750708ea0ecf7,1043,0,15,right-4,right,right-dark,light-up,greater-up,single,24:51.1
5dd877b0568ca582fb24699f,494,1,52,left-4,right,left-dark,light-up,greater-up,single,24:51.0
5cb67a7ab73e8a001507fae5,796,0,14,left-8,left,left-dark,light-up,greater-up,single,24:52.5
699a5875c790d6761693816a,614,1,16,left-6,left,left-dark,dark-up,greater-up,single,23:35.1
672970cd30bdfdbdde8824db,1090,1,25,right-2,right,right-dark,dark-up,greater-up,single,24:56.0
664287debe4750708ea0ecf7,673,1,16,right-5,right,right-dark,light-up,fewer-up,single,24:53.2
5dd877b0568ca582fb24699f,589,0,53,right-6,left,right-dark,light-up,fewer-up,single,24:53.0
5cb67a7ab73e8a001507fae5,1122,0,15,right-3,left,right-dark,dark-up,greater-up,single,24:54.9
699a5875c790d6761693816a,1306,0,17,left-2,left,left-dark,light-up,greater-up,single,23:38.0
672970cd30bdfdbdde8824db,883,1,26,left-3,right,left-dark,light-up,greater-up,single,24:58.0
664287debe4750708ea0ecf7,697,1,17,right-6,left,right-dark,light-up,greater-up,single,24:55.0
5dd877b0568ca582fb24699f,490,0,54,right-8,left,right-dark,light-up,fewer-up,single,24:54.6
5cb67a7ab73e8a001507fae5,1339,0,16,right-3,right,right-dark,light-up,greater-up,single,24:57.3
672970cd30bdfdbdde8824db,799,1,27,right-8,right,right-dark,dark-up,greater-up,single,25:00.1
664287debe4750708ea0ecf7,566,0,18,left-6,right,left-dark,light-up,fewer-up,single,24:57.0
5dd877b0568ca582fb24699f,589,0,55,left-4,left,left-dark,dark-up,fewer-up,single,24:56.4
699a5875c790d6761693816a,1623,0,18,right-5,right,right-dark,dark-up,fewer-up,single,23:40.7
5cb67a7ab73e8a001507fae5,565,1,17,right-4,right,right-dark,light-up,fewer-up,single,24:58.9
664287debe4750708ea0ecf7,737,1,19,left-9,left,left-dark,dark-up,greater-up,single,24:59.1
672970cd30bdfdbdde8824db,907,1,28,left-9,left,left-dark,dark-up,greater-up,single,25:02.3
5dd877b0568ca582fb24699f,702,0,56,left-6,right,left-dark,dark-up,greater-up,single,24:58.6
699a5875c790d6761693816a,1275,1,19,right-7,right,right-dark,dark-up,greater-up,single,23:43.5
5cb67a7ab73e8a001507fae5,888,0,18,left-0,left,left-dark,light-up,greater-up,single,25:01.0
5dd877b0568ca582fb24699f,667,0,57,left-6,left,left-dark,light-up,greater-up,single,25:00.6
672970cd30bdfdbdde8824db,1032,1,29,right-9,left,right-dark,dark-up,fewer-up,single,25:04.5
5cb67a7ab73e8a001507fae5,866,0,19,right-8,right,right-dark,dark-up,fewer-up,single,25:03.3
5dd877b0568ca582fb24699f,316,1,58,right-8,left,right-dark,light-up,greater-up,single,25:02.0
672970cd30bdfdbdde8824db,1159,1,30,left-2,right,left-dark,dark-up,fewer-up,single,25:06.9
5dd877b0568ca582fb24699f,504,0,59,right-1,left,right-dark,light-up,fewer-up,single,25:03.9
699a5875c790d6761693816a,1321,1,20,left-0,left,left-dark,light-up,fewer-up,single,23:49.7
672970cd30bdfdbdde8824db,1645,1,31,left-3,right,left-dark,dark-up,fewer-up,single,25:09.9
5cb67a7ab73e8a001507fae5,749,1,20,right-8,right,right-dark,dark-up,greater-up,single,25:09.3
699a5875c790d6761693816a,NULL,0,21,left-7,none,left-dark,light-up,fewer-up,single,23:52.4
672970cd30bdfdbdde8824db,861,1,32,right-8,left,right-dark,dark-up,fewer-up,single,25:12.2
5dd877b0568ca582fb24699f,744,1,60,left-6,left,left-dark,light-up,fewer-up,single,25:08.5
5cb67a7ab73e8a001507fae5,746,1,21,left-5,left,left-dark,dark-up,greater-up,single,25:11.5
5dd877b0568ca582fb24699f,320,1,61,left-0,left,left-dark,dark-up,greater-up,single,25:10.3
672970cd30bdfdbdde8824db,1097,1,33,right-9,right,right-dark,light-up,fewer-up,single,25:14.4
699a5875c790d6761693816a,1169,0,22,right-7,right,right-dark,dark-up,fewer-up,single,23:55.6
664287debe4750708ea0ecf7,1404,1,20,right-9,right,right-dark,dark-up,greater-up,single,25:12.7
5cb67a7ab73e8a001507fae5,755,1,22,left-6,left,left-dark,dark-up,greater-up,single,25:13.4
5dd877b0568ca582fb24699f,513,1,62,left-5,left,left-dark,light-up,fewer-up,single,25:12.2
672970cd30bdfdbdde8824db,1035,1,34,left-2,right,left-dark,light-up,greater-up,single,25:16.6
5dd877b0568ca582fb24699f,575,1,63,right-3,right,right-dark,light-up,fewer-up,single,25:13.9
664287debe4750708ea0ecf7,612,0,21,left-3,left,left-dark,dark-up,fewer-up,single,25:14.8
5cb67a7ab73e8a001507fae5,921,0,23,right-7,right,right-dark,dark-up,fewer-up,single,25:15.9
699a5875c790d6761693816a,1591,1,23,right-7,left,right-dark,light-up,greater-up,single,23:58.6
672970cd30bdfdbdde8824db,1136,1,35,right-2,left,right-dark,dark-up,fewer-up,single,25:19.1
664287debe4750708ea0ecf7,721,1,22,right-4,right,right-dark,dark-up,greater-up,single,25:16.8
5dd877b0568ca582fb24699f,836,1,64,left-7,left,left-dark,dark-up,greater-up,single,25:16.2
5cb67a7ab73e8a001507fae5,803,1,24,right-9,right,right-dark,light-up,fewer-up,single,25:17.9
699a5875c790d6761693816a,834,0,24,right-4,right,right-dark,light-up,greater-up,single,24:00.9
672970cd30bdfdbdde8824db,1038,1,36,left-7,right,left-dark,dark-up,fewer-up,single,25:21.3
5dd877b0568ca582fb24699f,476,0,65,left-0,left,left-dark,light-up,greater-up,single,25:17.7
664287debe4750708ea0ecf7,691,0,23,right-1,right,right-dark,light-up,greater-up,single,25:19.0
5cb67a7ab73e8a001507fae5,1036,0,25,right-2,right,right-dark,dark-up,fewer-up,single,25:20.4
699a5875c790d6761693816a,1155,1,25,right-2,left,right-dark,light-up,greater-up,single,24:03.2
5dd877b0568ca582fb24699f,392,0,66,right-9,right,right-dark,dark-up,fewer-up,single,25:19.2
672970cd30bdfdbdde8824db,729,1,37,right-6,left,right-dark,light-up,greater-up,single,25:23.4
664287debe4750708ea0ecf7,826,0,24,right-8,right,right-dark,light-up,greater-up,single,25:21.1
5dd877b0568ca582fb24699f,479,1,67,right-7,left,right-dark,dark-up,fewer-up,single,25:20.8
5cb67a7ab73e8a001507fae5,936,0,26,right-3,right,right-dark,dark-up,fewer-up,single,25:22.6
699a5875c790d6761693816a,1106,1,26,right-8,right,right-dark,dark-up,greater-up,single,24:05.4
672970cd30bdfdbdde8824db,1019,0,38,left-7,right,left-dark,light-up,fewer-up,single,25:25.5
664287debe4750708ea0ecf7,705,0,25,left-7,left,left-dark,light-up,greater-up,single,25:22.9
5dd877b0568ca582fb24699f,725,0,68,right-4,left,right-dark,light-up,fewer-up,single,25:22.7
5cb67a7ab73e8a001507fae5,742,1,27,left-6,left,left-dark,light-up,fewer-up,single,25:24.9
662f8a3bc02a7f164555439a,1490,1,0,left-9,right,left-dark,light-up,greater-up,single,25:22.8
699a5875c790d6761693816a,1241,0,27,left-5,left,left-dark,dark-up,fewer-up,single,24:07.9
5dd877b0568ca582fb24699f,343,0,69,left-8,left,left-dark,light-up,greater-up,single,25:24.1
664287debe4750708ea0ecf7,739,0,26,right-1,right,right-dark,dark-up,fewer-up,single,25:24.8
672970cd30bdfdbdde8824db,1485,1,39,left-0,right,left-dark,dark-up,fewer-up,single,25:28.1
5cb67a7ab73e8a001507fae5,608,1,28,left-3,left,left-dark,light-up,fewer-up,single,25:26.8
5dd877b0568ca582fb24699f,242,1,70,right-0,right,right-dark,dark-up,greater-up,single,25:25.7
699a5875c790d6761693816a,1114,1,28,left-6,right,left-dark,light-up,greater-up,single,24:10.3
662f8a3bc02a7f164555439a,1750,1,1,left-2,right,left-dark,dark-up,fewer-up,single,25:26.0
664287debe4750708ea0ecf7,1548,0,27,left-1,right,left-dark,light-up,fewer-up,single,25:27.8
5dd877b0568ca582fb24699f,736,0,71,left-8,right,left-dark,dark-up,greater-up,single,25:27.5
5cb67a7ab73e8a001507fae5,789,0,29,right-6,right,right-dark,light-up,greater-up,single,25:29.1
5dd877b0568ca582fb24699f,328,1,72,right-8,right,right-dark,dark-up,greater-up,single,25:29.1
664287debe4750708ea0ecf7,1064,0,28,right-5,right,right-dark,light-up,greater-up,single,25:29.9
699a5875c790d6761693816a,1452,1,29,right-0,right,right-dark,light-up,fewer-up,single,24:13.3
662f8a3bc02a7f164555439a,1260,1,2,left-5,left,left-dark,dark-up,greater-up,single,25:28.5
5cb67a7ab73e8a001507fae5,680,0,30,left-8,left,left-dark,dark-up,fewer-up,single,25:30.9
672970cd30bdfdbdde8824db,1151,1,40,right-7,left,right-dark,light-up,greater-up,single,25:33.7
664287debe4750708ea0ecf7,917,1,29,right-6,right,right-dark,dark-up,greater-up,single,25:32.2
699a5875c790d6761693816a,1214,1,30,right-2,right,right-dark,dark-up,greater-up,single,24:15.6
5cb67a7ab73e8a001507fae5,802,0,31,right-2,right,right-dark,light-up,greater-up,single,25:33.0
662f8a3bc02a7f164555439a,604,1,3,right-4,right,right-dark,light-up,fewer-up,single,25:30.7
5dd877b0568ca582fb24699f,1222,0,73,right-9,left,right-dark,light-up,fewer-up,single,25:31.7
672970cd30bdfdbdde8824db,1301,1,41,right-4,right,right-dark,light-up,fewer-up,single,25:36.1
5dd877b0568ca582fb24699f,101,1,74,left-9,right,left-dark,dark-up,fewer-up,single,25:33.3
662f8a3bc02a7f164555439a,531,0,4,right-5,right,right-dark,light-up,greater-up,single,25:32.5
664287debe4750708ea0ecf7,1271,0,30,right-6,left,right-dark,light-up,fewer-up,single,25:34.8
5cb67a7ab73e8a001507fae5,996,0,32,left-8,right,left-dark,light-up,fewer-up,single,25:35.5
699a5875c790d6761693816a,1442,1,31,left-3,left,left-dark,dark-up,greater-up,single,24:18.5
672970cd30bdfdbdde8824db,934,0,42,right-6,left,right-dark,light-up,fewer-up,single,25:38.3
5dd877b0568ca582fb24699f,350,1,75,left-8,right,left-dark,dark-up,fewer-up,single,25:34.7
60859f820e5009a67adb3921,856,1,0,right-8,right,right-dark,light-up,fewer-up,single,25:35.9
662f8a3bc02a7f164555439a,711,1,5,right-8,right,right-dark,light-up,fewer-up,single,25:34.7
5cb67a7ab73e8a001507fae5,458,1,33,left-7,right,left-dark,light-up,greater-up,single,25:37.3
664287debe4750708ea0ecf7,723,1,31,left-6,left,left-dark,dark-up,greater-up,single,25:36.9
5dd877b0568ca582fb24699f,286,1,76,left-1,right,left-dark,light-up,greater-up,single,25:36.2
672970cd30bdfdbdde8824db,818,1,43,left-0,left,left-dark,dark-up,greater-up,single,25:40.4
699a5875c790d6761693816a,1063,1,32,right-0,left,right-dark,light-up,greater-up,single,24:21.0
60859f820e5009a67adb3921,547,0,1,left-3,right,left-dark,dark-up,greater-up,single,25:37.7
662f8a3bc02a7f164555439a,775,1,6,right-6,right,right-dark,light-up,fewer-up,single,25:36.6
5dd877b0568ca582fb24699f,331,0,77,left-2,right,left-dark,light-up,fewer-up,single,25:37.7
5cb67a7ab73e8a001507fae5,1238,0,34,left-3,right,left-dark,dark-up,greater-up,single,25:39.8
664287debe4750708ea0ecf7,1062,0,32,left-8,left,left-dark,dark-up,fewer-up,single,25:39.2
60859f820e5009a67adb3921,373,1,2,right-2,left,right-dark,dark-up,fewer-up,single,25:39.3
672970cd30bdfdbdde8824db,1334,0,44,right-8,left,right-dark,light-up,fewer-up,single,25:42.9
5dd877b0568ca582fb24699f,287,0,78,right-7,left,right-dark,light-up,fewer-up,single,25:39.2
699a5875c790d6761693816a,1236,1,33,right-4,right,right-dark,dark-up,greater-up,single,24:23.5
662f8a3bc02a7f164555439a,530,0,7,left-6,left,left-dark,light-up,greater-up,single,25:38.7
5cb67a7ab73e8a001507fae5,517,0,35,left-4,left,left-dark,light-up,greater-up,single,25:41.4
5dd877b0568ca582fb24699f,245,1,79,left-3,right,left-dark,dark-up,fewer-up,single,25:40.8
60859f820e5009a67adb3921,518,1,3,left-9,left,left-dark,dark-up,greater-up,single,25:41.3
664287debe4750708ea0ecf7,1188,0,33,left-2,left,left-dark,light-up,greater-up,single,25:41.7
672970cd30bdfdbdde8824db,894,1,45,right-7,right,right-dark,dark-up,greater-up,single,25:45.0
662f8a3bc02a7f164555439a,598,1,8,left-4,left,left-dark,dark-up,greater-up,single,25:40.7
5cb67a7ab73e8a001507fae5,599,0,36,left-2,left,left-dark,light-up,greater-up,single,25:43.1
699a5875c790d6761693816a,1414,1,34,left-5,left,left-dark,dark-up,greater-up,single,24:26.1
60859f820e5009a67adb3921,761,0,4,left-6,right,left-dark,light-up,fewer-up,single,25:43.4
664287debe4750708ea0ecf7,1123,0,34,right-2,left,right-dark,light-up,fewer-up,single,25:44.1
672970cd30bdfdbdde8824db,962,1,46,left-7,left,left-dark,dark-up,greater-up,single,25:47.1
662f8a3bc02a7f164555439a,465,0,9,right-8,right,right-dark,light-up,greater-up,single,25:42.6
5cb67a7ab73e8a001507fae5,813,1,37,left-7,left,left-dark,light-up,fewer-up,single,25:45.3
699a5875c790d6761693816a,1009,1,35,right-6,right,right-dark,dark-up,greater-up,single,24:28.5
672970cd30bdfdbdde8824db,723,1,47,left-0,right,left-dark,light-up,greater-up,single,25:49.0
664287debe4750708ea0ecf7,681,0,35,right-0,right,right-dark,dark-up,fewer-up,single,25:46.0
60859f820e5009a67adb3921,1204,1,5,left-2,right,left-dark,light-up,greater-up,single,25:46.1
5cb67a7ab73e8a001507fae5,762,1,38,right-6,right,right-dark,dark-up,greater-up,single,25:47.1
662f8a3bc02a7f164555439a,1080,1,10,left-3,left,left-dark,light-up,fewer-up,single,25:44.9
699a5875c790d6761693816a,1316,1,36,right-1,left,right-dark,dark-up,fewer-up,single,24:31.2
664287debe4750708ea0ecf7,1112,1,36,left-5,left,left-dark,dark-up,greater-up,single,25:48.2
672970cd30bdfdbdde8824db,858,1,48,right-5,left,right-dark,dark-up,fewer-up,single,25:51.4
5cb67a7ab73e8a001507fae5,565,1,39,right-8,right,right-dark,light-up,fewer-up,single,25:49.1
60859f820e5009a67adb3921,640,1,6,right-8,left,right-dark,light-up,greater-up,single,25:48.2
662f8a3bc02a7f164555439a,651,0,11,left-0,left,left-dark,dark-up,fewer-up,single,25:47.0
699a5875c790d6761693816a,1114,1,37,right-5,left,right-dark,light-up,greater-up,single,24:33.6
672970cd30bdfdbdde8824db,947,1,49,right-0,left,right-dark,light-up,greater-up,single,25:53.4
60859f820e5009a67adb3921,906,0,7,right-5,right,right-dark,light-up,greater-up,single,25:50.5
664287debe4750708ea0ecf7,NULL,0,37,left-8,none,left-dark,light-up,fewer-up,single,25:50.8
662f8a3bc02a7f164555439a,859,1,12,left-8,left,left-dark,dark-up,greater-up,single,25:49.2
696a651a32c5d3c0adb0b7cc,NULL,0,0,right-2,none,right-dark,light-up,greater-up,dual,25:50.8
672970cd30bdfdbdde8824db,1045,1,50,right-1,right,right-dark,dark-up,greater-up,single,25:55.5
699a5875c790d6761693816a,1236,1,38,right-3,left,right-dark,dark-up,fewer-up,single,24:36.1
60859f820e5009a67adb3921,836,1,8,right-0,left,right-dark,light-up,greater-up,single,25:52.8
662f8a3bc02a7f164555439a,997,1,13,right-6,right,right-dark,dark-up,greater-up,single,25:51.7
664287debe4750708ea0ecf7,1227,0,38,right-9,left,right-dark,light-up,fewer-up,single,25:53.8
696a651a32c5d3c0adb0b7cc,1152,1,1,right-2,right,right-dark,dark-up,greater-up,dual,25:53.7
5cb67a7ab73e8a001507fae5,604,0,40,right-4,right,right-dark,dark-up,fewer-up,single,25:55.1
672970cd30bdfdbdde8824db,881,1,51,right-0,left,right-dark,dark-up,fewer-up,single,25:57.7
662f8a3bc02a7f164555439a,674,0,14,left-1,left,left-dark,light-up,greater-up,single,25:53.5
60859f820e5009a67adb3921,924,0,9,right-1,left,right-dark,dark-up,greater-up,single,25:55.0
699a5875c790d6761693816a,1258,1,39,right-9,left,right-dark,dark-up,fewer-up,single,24:38.7
664287debe4750708ea0ecf7,741,0,39,left-9,left,left-dark,dark-up,fewer-up,single,25:55.7
696a651a32c5d3c0adb0b7cc,1346,1,2,left-5,left,left-dark,light-up,fewer-up,dual,25:56.4
672970cd30bdfdbdde8824db,935,1,52,right-6,left,right-dark,dark-up,fewer-up,single,25:59.7
5cb67a7ab73e8a001507fae5,1136,0,41,left-1,left,left-dark,dark-up,fewer-up,single,25:57.3
662f8a3bc02a7f164555439a,1229,0,15,left-9,left,left-dark,dark-up,fewer-up,single,25:56.0
60859f820e5009a67adb3921,1146,1,10,right-5,left,right-dark,dark-up,fewer-up,single,25:57.3
672970cd30bdfdbdde8824db,877,1,53,right-4,left,right-dark,dark-up,fewer-up,single,26:01.7
5cb67a7ab73e8a001507fae5,630,1,42,left-3,right,left-dark,light-up,greater-up,single,25:59.4
696a651a32c5d3c0adb0b7cc,1493,1,3,left-8,left,left-dark,light-up,fewer-up,dual,25:59.0
662f8a3bc02a7f164555439a,1134,1,16,left-0,left,left-dark,dark-up,greater-up,single,25:58.3
60859f820e5009a67adb3921,1123,0,11,left-3,right,left-dark,light-up,fewer-up,single,25:59.8
5cb67a7ab73e8a001507fae5,723,0,43,right-5,right,right-dark,dark-up,fewer-up,single,26:01.2
699a5875c790d6761693816a,1477,1,40,right-8,left,right-dark,dark-up,fewer-up,single,24:44.3
672970cd30bdfdbdde8824db,1190,1,54,left-4,left,left-dark,dark-up,greater-up,single,26:04.3
664287debe4750708ea0ecf7,1560,0,40,right-5,right,right-dark,dark-up,fewer-up,single,26:01.2
696a651a32c5d3c0adb0b7cc,1169,1,4,right-1,right,right-dark,light-up,fewer-up,dual,26:01.5
60859f820e5009a67adb3921,1187,1,12,right-0,left,right-dark,dark-up,fewer-up,single,26:02.1
662f8a3bc02a7f164555439a,925,0,17,right-2,right,right-dark,light-up,greater-up,single,26:00.8
5cb67a7ab73e8a001507fae5,706,1,44,right-1,left,right-dark,light-up,greater-up,single,26:03.4
664287debe4750708ea0ecf7,831,0,41,left-9,left,left-dark,light-up,greater-up,single,26:03.2
699a5875c790d6761693816a,1172,1,41,left-3,right,left-dark,dark-up,fewer-up,single,24:46.5
672970cd30bdfdbdde8824db,1020,1,55,right-5,right,right-dark,light-up,fewer-up,single,26:06.4
696a651a32c5d3c0adb0b7cc,753,1,5,left-0,left,left-dark,dark-up,greater-up,dual,26:03.8
5cb67a7ab73e8a001507fae5,698,1,45,left-4,left,left-dark,light-up,fewer-up,single,26:05.3
662f8a3bc02a7f164555439a,814,0,18,right-4,right,right-dark,light-up,greater-up,single,26:03.1
60859f820e5009a67adb3921,999,0,13,right-6,right,right-dark,light-up,greater-up,single,26:04.5
664287debe4750708ea0ecf7,918,0,42,right-0,left,right-dark,light-up,fewer-up,single,26:05.5
672970cd30bdfdbdde8824db,1041,1,56,left-6,left,left-dark,light-up,fewer-up,single,26:08.6
699a5875c790d6761693816a,1360,1,42,left-2,left,left-dark,light-up,fewer-up,single,24:49.1
60859f820e5009a67adb3921,320,1,14,left-5,left,left-dark,dark-up,greater-up,single,26:06.0
696a651a32c5d3c0adb0b7cc,NULL,0,6,left-3,none,left-dark,dark-up,greater-up,dual,26:06.3
5cb67a7ab73e8a001507fae5,819,0,46,left-6,left,left-dark,dark-up,fewer-up,single,26:07.5
662f8a3bc02a7f164555439a,1135,0,19,left-3,left,left-dark,light-up,greater-up,single,26:05.4
664287debe4750708ea0ecf7,692,1,43,right-4,right,right-dark,light-up,fewer-up,single,26:07.2
672970cd30bdfdbdde8824db,884,1,57,right-6,right,right-dark,dark-up,greater-up,single,26:10.7
60859f820e5009a67adb3921,732,0,15,left-6,left,left-dark,light-up,greater-up,single,26:07.8
699a5875c790d6761693816a,1190,1,43,right-7,right,right-dark,light-up,fewer-up,single,24:51.4
5cb67a7ab73e8a001507fae5,418,1,47,right-2,right,right-dark,light-up,fewer-up,single,26:09.3
696a651a32c5d3c0adb0b7cc,675,1,7,right-0,right,right-dark,light-up,fewer-up,dual,26:08.7
664287debe4750708ea0ecf7,829,0,44,left-2,left,left-dark,dark-up,fewer-up,single,26:09.5
60859f820e5009a67adb3921,885,0,16,right-7,left,right-dark,dark-up,greater-up,single,26:10.0
672970cd30bdfdbdde8824db,1505,1,58,right-5,left,right-dark,light-up,greater-up,single,26:13.4
699a5875c790d6761693816a,1017,1,44,left-8,left,left-dark,light-up,fewer-up,single,24:53.8
5cb67a7ab73e8a001507fae5,914,1,48,right-0,left,right-dark,dark-up,fewer-up,single,26:11.7
696a651a32c5d3c0adb0b7cc,1729,0,8,left-0,left,left-dark,light-up,greater-up,dual,26:11.4
60859f820e5009a67adb3921,759,1,17,left-9,right,left-dark,dark-up,fewer-up,single,26:11.8
664287debe4750708ea0ecf7,1175,1,45,left-7,left,left-dark,dark-up,greater-up,single,26:12.2
672970cd30bdfdbdde8824db,808,1,59,right-8,left,right-dark,light-up,greater-up,single,26:15.3
5cb67a7ab73e8a001507fae5,959,0,49,left-0,left,left-dark,dark-up,fewer-up,single,26:13.9
699a5875c790d6761693816a,1521,0,45,right-0,right,right-dark,dark-up,fewer-up,single,24:56.6
664287debe4750708ea0ecf7,790,1,46,left-4,left,left-dark,dark-up,greater-up,single,26:14.1
60859f820e5009a67adb3921,690,1,18,right-6,right,right-dark,light-up,fewer-up,single,26:13.8
696a651a32c5d3c0adb0b7cc,1410,1,9,right-0,left,right-dark,light-up,greater-up,dual,26:14.3
5cb67a7ab73e8a001507fae5,614,1,50,left-7,left,left-dark,dark-up,greater-up,single,26:15.6
699a5875c790d6761693816a,1208,1,46,right-2,left,right-dark,dark-up,fewer-up,single,24:59.0
664287debe4750708ea0ecf7,855,0,47,right-4,right,right-dark,dark-up,fewer-up,single,26:16.1
5cb67a7ab73e8a001507fae5,484,0,51,left-1,right,left-dark,dark-up,greater-up,single,26:17.2
60859f820e5009a67adb3921,914,0,19,left-1,right,left-dark,light-up,fewer-up,single,26:16.4
672970cd30bdfdbdde8824db,944,1,60,left-5,left,left-dark,dark-up,greater-up,single,26:20.0
696a651a32c5d3c0adb0b7cc,1365,1,10,left-9,left,left-dark,dark-up,greater-up,dual,26:17.1
664287debe4750708ea0ecf7,884,1,48,right-5,right,right-dark,dark-up,greater-up,single,26:18.4
5cb67a7ab73e8a001507fae5,514,0,52,right-9,right,right-dark,dark-up,fewer-up,single,26:19.0
699a5875c790d6761693816a,1379,1,47,left-0,right,left-dark,dark-up,fewer-up,single,25:01.6
672970cd30bdfdbdde8824db,726,1,61,left-6,left,left-dark,dark-up,greater-up,single,26:21.9
696a651a32c5d3c0adb0b7cc,1142,0,11,right-2,left,right-dark,light-up,fewer-up,dual,26:19.6
5cb67a7ab73e8a001507fae5,590,0,53,right-1,right,right-dark,dark-up,fewer-up,single,26:20.7
664287debe4750708ea0ecf7,775,1,49,right-2,left,right-dark,light-up,greater-up,single,26:20.4
699a5875c790d6761693816a,1252,0,48,left-4,left,left-dark,light-up,greater-up,single,25:04.0
672970cd30bdfdbdde8824db,1087,1,62,left-2,left,left-dark,light-up,fewer-up,single,26:24.3
5cb67a7ab73e8a001507fae5,594,1,54,right-0,right,right-dark,light-up,fewer-up,single,26:22.8
60859f820e5009a67adb3921,815,0,20,right-2,right,right-dark,light-up,greater-up,single,26:22.0
664287debe4750708ea0ecf7,967,1,50,left-2,left,left-dark,light-up,fewer-up,single,26:22.8
696a651a32c5d3c0adb0b7cc,1665,1,12,right-5,left,right-dark,light-up,greater-up,dual,26:22.8
699a5875c790d6761693816a,1443,1,49,right-2,right,right-dark,light-up,fewer-up,single,25:06.4
672970cd30bdfdbdde8824db,787,1,63,left-3,left,left-dark,dark-up,greater-up,single,26:26.3
5cb67a7ab73e8a001507fae5,492,1,55,right-7,right,right-dark,light-up,fewer-up,single,26:24.8
60859f820e5009a67adb3921,719,1,21,right-3,left,right-dark,light-up,greater-up,single,26:24.1
664287debe4750708ea0ecf7,1001,0,51,right-9,right,right-dark,dark-up,fewer-up,single,26:25.2
696a651a32c5d3c0adb0b7cc,1119,0,13,right-3,right,right-dark,dark-up,fewer-up,dual,26:25.3
672970cd30bdfdbdde8824db,915,1,64,right-1,left,right-dark,dark-up,fewer-up,single,26:28.6
5cb67a7ab73e8a001507fae5,502,1,56,left-1,left,left-dark,light-up,fewer-up,single,26:26.5
699a5875c790d6761693816a,1558,1,50,left-9,left,left-dark,light-up,fewer-up,single,25:09.1
60859f820e5009a67adb3921,558,1,22,left-0,right,left-dark,dark-up,fewer-up,single,26:26.2
664287debe4750708ea0ecf7,784,1,52,left-5,left,left-dark,light-up,fewer-up,single,26:27.0
672970cd30bdfdbdde8824db,882,1,65,left-1,right,left-dark,light-up,greater-up,single,26:30.5
5cb67a7ab73e8a001507fae5,459,0,57,right-6,left,right-dark,light-up,fewer-up,single,26:28.2
696a651a32c5d3c0adb0b7cc,1114,1,14,right-7,left,right-dark,light-up,greater-up,dual,26:27.9
699a5875c790d6761693816a,1322,1,51,left-1,right,left-dark,light-up,greater-up,single,25:11.8
60859f820e5009a67adb3921,894,0,23,left-1,left,left-dark,dark-up,fewer-up,single,26:28.6
664287debe4750708ea0ecf7,764,0,53,left-5,left,left-dark,light-up,greater-up,single,26:29.2
5cb67a7ab73e8a001507fae5,572,0,58,left-9,left,left-dark,light-up,greater-up,single,26:30.3
672970cd30bdfdbdde8824db,1102,1,66,left-6,right,left-dark,dark-up,fewer-up,single,26:33.1
60859f820e5009a67adb3921,576,1,24,right-0,right,right-dark,dark-up,greater-up,single,26:30.3
699a5875c790d6761693816a,1503,1,52,right-1,right,right-dark,dark-up,greater-up,single,25:14.5
696a651a32c5d3c0adb0b7cc,1656,1,15,left-2,left,left-dark,light-up,fewer-up,dual,26:31.1
5cb67a7ab73e8a001507fae5,520,1,59,right-7,left,right-dark,light-up,greater-up,single,26:32.2
664287debe4750708ea0ecf7,1161,1,54,left-0,right,left-dark,light-up,greater-up,single,26:31.9
60859f820e5009a67adb3921,560,0,25,right-4,right,right-dark,light-up,greater-up,single,26:32.1
672970cd30bdfdbdde8824db,1110,1,67,right-0,right,right-dark,light-up,fewer-up,single,26:35.6
696a651a32c5d3c0adb0b7cc,NULL,0,16,left-2,none,left-dark,dark-up,greater-up,dual,26:33.4
699a5875c790d6761693816a,1275,1,53,right-3,left,right-dark,light-up,greater-up,single,25:17.2
664287debe4750708ea0ecf7,1089,0,55,right-8,left,right-dark,light-up,fewer-up,single,26:34.2
60859f820e5009a67adb3921,1002,1,26,left-1,left,left-dark,dark-up,greater-up,single,26:34.2
672970cd30bdfdbdde8824db,1109,1,68,right-0,right,right-dark,dark-up,greater-up,single,26:37.9
60859f820e5009a67adb3921,573,1,27,right-6,left,right-dark,dark-up,fewer-up,single,26:36.1
5cb67a7ab73e8a001507fae5,581,0,60,left-5,left,left-dark,light-up,greater-up,single,26:37.3
696a651a32c5d3c0adb0b7cc,1050,1,17,left-2,right,left-dark,dark-up,fewer-up,dual,26:36.4
699a5875c790d6761693816a,1722,1,54,right-5,right,right-dark,dark-up,greater-up,single,25:20.1
664287debe4750708ea0ecf7,1207,0,56,left-1,right,left-dark,dark-up,greater-up,single,26:36.9
672970cd30bdfdbdde8824db,1150,1,69,right-1,right,right-dark,light-up,fewer-up,single,26:40.1
60859f820e5009a67adb3921,683,0,28,right-9,left,right-dark,light-up,fewer-up,single,26:38.2
5cb67a7ab73e8a001507fae5,753,1,61,left-9,right,left-dark,dark-up,fewer-up,single,26:39.3
696a651a32c5d3c0adb0b7cc,NULL,0,18,left-1,none,left-dark,dark-up,fewer-up,dual,26:38.9
699a5875c790d6761693816a,1120,1,55,left-4,left,left-dark,light-up,fewer-up,single,25:22.5
664287debe4750708ea0ecf7,897,0,57,left-6,left,left-dark,dark-up,fewer-up,single,26:39.2
672970cd30bdfdbdde8824db,1287,1,70,left-8,left,left-dark,light-up,fewer-up,single,26:42.8
60859f820e5009a67adb3921,601,1,29,left-9,right,left-dark,light-up,greater-up,single,26:39.8
5cb67a7ab73e8a001507fae5,854,1,62,left-4,right,left-dark,dark-up,fewer-up,single,26:41.4
699a5875c790d6761693816a,1061,1,56,right-0,right,right-dark,dark-up,greater-up,single,25:25.0
664287debe4750708ea0ecf7,1100,1,58,right-7,left,right-dark,light-up,greater-up,single,26:41.9
672970cd30bdfdbdde8824db,908,1,71,left-8,left,left-dark,dark-up,greater-up,single,26:45.1
60859f820e5009a67adb3921,398,1,30,left-1,right,left-dark,light-up,greater-up,single,26:41.8
696a651a32c5d3c0adb0b7cc,1191,0,19,left-9,left,left-dark,dark-up,fewer-up,dual,26:42.0
5cb67a7ab73e8a001507fae5,904,1,63,left-5,right,left-dark,dark-up,fewer-up,single,26:43.6
60859f820e5009a67adb3921,500,1,31,right-3,right,right-dark,light-up,fewer-up,single,26:43.8
664287debe4750708ea0ecf7,883,0,59,right-8,right,right-dark,dark-up,fewer-up,single,26:44.2
699a5875c790d6761693816a,1468,1,57,right-6,left,right-dark,dark-up,fewer-up,single,25:27.7
672970cd30bdfdbdde8824db,1061,1,72,left-8,right,left-dark,light-up,greater-up,single,26:47.6
5cb67a7ab73e8a001507fae5,588,1,64,right-8,left,right-dark,light-up,greater-up,single,26:45.6
60859f820e5009a67adb3921,679,1,32,left-7,left,left-dark,dark-up,greater-up,single,26:45.7
5cb67a7ab73e8a001507fae5,771,0,65,right-0,left,right-dark,dark-up,greater-up,single,26:47.4
672970cd30bdfdbdde8824db,1313,1,73,left-4,left,left-dark,light-up,fewer-up,single,26:50.2
699a5875c790d6761693816a,1530,1,58,left-2,right,left-dark,dark-up,fewer-up,single,25:30.7
60859f820e5009a67adb3921,597,0,33,left-3,left,left-dark,light-up,greater-up,single,26:47.6
5cb67a7ab73e8a001507fae5,843,1,66,right-4,left,right-dark,light-up,greater-up,single,26:49.4
664287debe4750708ea0ecf7,1439,1,60,right-3,right,right-dark,dark-up,greater-up,single,26:49.1
672970cd30bdfdbdde8824db,982,1,74,left-4,right,left-dark,light-up,greater-up,single,26:52.7
60859f820e5009a67adb3921,478,0,34,right-9,right,right-dark,dark-up,fewer-up,single,26:49.4
699a5875c790d6761693816a,1285,1,59,right-9,right,right-dark,light-up,fewer-up,single,25:33.3
5cb67a7ab73e8a001507fae5,957,0,67,left-2,right,left-dark,dark-up,greater-up,single,26:51.8
664287debe4750708ea0ecf7,961,0,61,left-5,left,left-dark,dark-up,fewer-up,single,26:51.4
60859f820e5009a67adb3921,607,1,35,right-7,left,right-dark,dark-up,fewer-up,single,26:51.4
672970cd30bdfdbdde8824db,1066,1,75,left-3,left,left-dark,light-up,fewer-up,single,26:55.0
5cb67a7ab73e8a001507fae5,767,0,68,left-0,right,left-dark,light-up,fewer-up,single,26:54.0
60859f820e5009a67adb3921,700,1,36,right-1,left,right-dark,dark-up,fewer-up,single,26:53.1
672970cd30bdfdbdde8824db,1172,1,76,right-7,right,right-dark,light-up,fewer-up,single,26:57.2
664287debe4750708ea0ecf7,1329,0,62,left-4,right,left-dark,light-up,fewer-up,single,26:54.2
699a5875c790d6761693816a,1294,0,60,left-6,right,left-dark,light-up,fewer-up,single,25:38.2
60859f820e5009a67adb3921,701,0,37,right-2,left,right-dark,dark-up,greater-up,single,26:55.0
5cb67a7ab73e8a001507fae5,740,1,69,right-3,right,right-dark,light-up,fewer-up,single,26:56.2
664287debe4750708ea0ecf7,818,0,63,left-6,left,left-dark,light-up,greater-up,single,26:56.1
672970cd30bdfdbdde8824db,1136,1,77,left-1,right,left-dark,dark-up,fewer-up,single,26:59.5
60859f820e5009a67adb3921,651,1,38,right-8,left,right-dark,dark-up,fewer-up,single,26:56.8
699a5875c790d6761693816a,989,1,61,right-4,left,right-dark,dark-up,fewer-up,single,25:40.6
5cb67a7ab73e8a001507fae5,1071,0,70,left-5,right,left-dark,light-up,fewer-up,single,26:58.7
664287debe4750708ea0ecf7,753,0,64,right-1,left,right-dark,light-up,fewer-up,single,26:58.2
672970cd30bdfdbdde8824db,1162,1,78,right-3,right,right-dark,light-up,fewer-up,single,27:02.1
60859f820e5009a67adb3921,584,0,39,left-5,right,left-dark,light-up,fewer-up,single,26:58.8
699a5875c790d6761693816a,1127,1,62,left-3,right,left-dark,light-up,greater-up,single,25:43.2
664287debe4750708ea0ecf7,312,0,65,right-3,left,right-dark,light-up,fewer-up,single,27:00.0
5cb67a7ab73e8a001507fae5,622,0,71,right-0,right,right-dark,light-up,greater-up,single,27:00.7
662f8a3bc02a7f164555439a,943,0,20,right-5,left,right-dark,dark-up,greater-up,single,26:59.3
672970cd30bdfdbdde8824db,1026,1,79,right-2,right,right-dark,light-up,fewer-up,single,27:04.5
664287debe4750708ea0ecf7,382,1,66,right-0,left,right-dark,light-up,greater-up,single,27:01.5
5cb67a7ab73e8a001507fae5,445,0,72,left-2,left,left-dark,dark-up,fewer-up,single,27:02.3
699a5875c790d6761693816a,1451,1,63,right-4,right,right-dark,light-up,fewer-up,single,25:45.7
5cb67a7ab73e8a001507fae5,396,1,73,left-4,left,left-dark,dark-up,greater-up,single,27:04.0
662f8a3bc02a7f164555439a,1360,1,21,left-9,left,left-dark,light-up,fewer-up,single,27:01.7
664287debe4750708ea0ecf7,643,1,67,left-0,right,left-dark,dark-up,fewer-up,single,27:03.7
699a5875c790d6761693816a,1163,1,64,right-3,right,right-dark,dark-up,greater-up,single,25:48.2
60859f820e5009a67adb3921,971,0,40,right-4,left,right-dark,light-up,fewer-up,single,27:04.9
664287debe4750708ea0ecf7,664,1,68,right-3,left,right-dark,light-up,greater-up,single,27:05.4
5cb67a7ab73e8a001507fae5,1030,0,74,right-7,left,right-dark,dark-up,greater-up,single,27:06.2
662f8a3bc02a7f164555439a,681,0,22,right-9,right,right-dark,light-up,greater-up,single,27:03.9
60859f820e5009a67adb3921,337,1,41,right-6,right,right-dark,dark-up,greater-up,single,27:06.6
699a5875c790d6761693816a,1106,1,65,left-7,right,left-dark,dark-up,fewer-up,single,25:50.8
5cb67a7ab73e8a001507fae5,675,0,75,right-1,left,right-dark,light-up,fewer-up,single,27:08.3
664287debe4750708ea0ecf7,843,1,69,right-9,left,right-dark,light-up,greater-up,single,27:07.7
662f8a3bc02a7f164555439a,1052,1,23,left-0,right,left-dark,light-up,greater-up,single,27:06.4
60859f820e5009a67adb3921,761,0,42,left-3,left,left-dark,dark-up,fewer-up,single,27:08.7
664287debe4750708ea0ecf7,748,0,70,left-7,right,left-dark,light-up,fewer-up,single,27:09.7
5cb67a7ab73e8a001507fae5,899,1,76,left-9,left,left-dark,dark-up,greater-up,single,27:10.4
699a5875c790d6761693816a,1164,1,66,right-1,right,right-dark,light-up,fewer-up,single,25:53.4
662f8a3bc02a7f164555439a,1197,1,24,right-7,left,right-dark,dark-up,fewer-up,single,27:08.8
60859f820e5009a67adb3921,419,1,43,left-4,right,left-dark,dark-up,fewer-up,single,27:10.7
5cb67a7ab73e8a001507fae5,452,1,77,right-5,right,right-dark,light-up,fewer-up,single,27:12.4
699a5875c790d6761693816a,842,1,67,left-8,left,left-dark,dark-up,greater-up,single,25:55.4
664287debe4750708ea0ecf7,1282,1,71,left-3,left,left-dark,dark-up,greater-up,single,27:12.3
662f8a3bc02a7f164555439a,784,0,25,right-1,right,right-dark,dark-up,fewer-up,single,27:10.9
60859f820e5009a67adb3921,856,1,44,right-5,right,right-dark,light-up,fewer-up,single,27:12.7
5cb67a7ab73e8a001507fae5,1088,0,78,left-9,right,left-dark,light-up,fewer-up,single,27:14.7
662f8a3bc02a7f164555439a,727,0,26,right-9,left,right-dark,light-up,fewer-up,single,27:12.9
664287debe4750708ea0ecf7,1042,0,72,left-9,right,left-dark,light-up,fewer-up,single,27:14.7
699a5875c790d6761693816a,1207,1,68,left-6,right,left-dark,dark-up,fewer-up,single,25:58.0
696a651a32c5d3c0adb0b7cc,964,1,20,left-5,left,left-dark,dark-up,greater-up,dual,27:14.5
60859f820e5009a67adb3921,577,1,45,right-4,left,right-dark,dark-up,fewer-up,single,27:14.5
668c2c3b1c453af22c1e1e31,1514,0,0,left-8,left,left-dark,light-up,greater-up,dual,27:14.7
5cb67a7ab73e8a001507fae5,931,1,79,left-1,right,left-dark,light-up,greater-up,single,27:16.7
60859f820e5009a67adb3921,523,1,46,left-2,left,left-dark,light-up,fewer-up,single,27:16.4
662f8a3bc02a7f164555439a,909,0,27,left-7,right,left-dark,dark-up,greater-up,single,27:15.1
664287debe4750708ea0ecf7,1263,0,73,left-1,left,left-dark,light-up,greater-up,single,27:17.3
696a651a32c5d3c0adb0b7cc,1136,0,21,right-7,right,right-dark,dark-up,fewer-up,dual,27:17.1
699a5875c790d6761693816a,1398,1,69,right-6,right,right-dark,light-up,fewer-up,single,26:00.6
668c2c3b1c453af22c1e1e31,1320,1,1,right-4,left,right-dark,light-up,greater-up,dual,27:17.2
60859f820e5009a67adb3921,533,0,47,left-7,left,left-dark,dark-up,fewer-up,single,27:18.3
662f8a3bc02a7f164555439a,637,0,28,right-1,right,right-dark,light-up,greater-up,single,27:17.1
664287debe4750708ea0ecf7,860,1,74,right-2,right,right-dark,dark-up,greater-up,single,27:19.6
696a651a32c5d3c0adb0b7cc,1112,1,22,left-6,right,left-dark,light-up,greater-up,dual,27:19.4
699a5875c790d6761693816a,1299,1,70,left-3,left,left-dark,light-up,fewer-up,single,26:03.1
668c2c3b1c453af22c1e1e31,1264,1,2,right-1,right,right-dark,dark-up,greater-up,dual,27:19.7
60859f820e5009a67adb3921,531,0,48,right-9,right,right-dark,light-up,greater-up,single,27:20.3
662f8a3bc02a7f164555439a,853,1,29,left-5,right,left-dark,light-up,greater-up,single,27:19.2
664287debe4750708ea0ecf7,783,0,75,left-4,left,left-dark,dark-up,fewer-up,single,27:21.8
699a5875c790d6761693816a,1263,1,71,left-2,left,left-dark,dark-up,greater-up,single,26:05.4
696a651a32c5d3c0adb0b7cc,1737,1,23,right-8,right,right-dark,dark-up,greater-up,dual,27:22.4
662f8a3bc02a7f164555439a,593,1,30,left-5,right,left-dark,dark-up,fewer-up,single,27:21.0
60859f820e5009a67adb3921,707,1,49,left-2,right,left-dark,dark-up,fewer-up,single,27:22.4
668c2c3b1c453af22c1e1e31,1796,0,3,right-8,right,right-dark,dark-up,fewer-up,dual,27:23.0
664287debe4750708ea0ecf7,1157,1,76,left-3,right,left-dark,light-up,greater-up,single,27:24.4
699a5875c790d6761693816a,1123,1,72,left-1,left,left-dark,light-up,fewer-up,single,26:07.8
662f8a3bc02a7f164555439a,547,1,31,right-6,left,right-dark,dark-up,fewer-up,single,27:22.9
60859f820e5009a67adb3921,984,0,50,right-3,right,right-dark,dark-up,fewer-up,single,27:24.8
696a651a32c5d3c0adb0b7cc,1505,1,24,left-7,right,left-dark,dark-up,fewer-up,dual,27:25.1
668c2c3b1c453af22c1e1e31,1182,1,4,left-5,right,left-dark,dark-up,fewer-up,dual,27:25.4
662f8a3bc02a7f164555439a,539,0,32,left-4,right,left-dark,light-up,fewer-up,single,27:24.4
664287debe4750708ea0ecf7,792,1,77,left-2,left,left-dark,dark-up,greater-up,single,27:26.5
699a5875c790d6761693816a,1038,0,73,right-6,right,right-dark,light-up,greater-up,single,26:10.0
60859f820e5009a67adb3921,697,0,51,left-7,right,left-dark,light-up,fewer-up,single,27:26.7
696a651a32c5d3c0adb0b7cc,877,1,25,left-7,left,left-dark,dark-up,greater-up,dual,27:27.4
662f8a3bc02a7f164555439a,858,0,33,right-1,left,right-dark,light-up,fewer-up,single,27:26.4
668c2c3b1c453af22c1e1e31,1333,1,5,right-8,right,right-dark,dark-up,greater-up,dual,27:28.0
664287debe4750708ea0ecf7,875,0,78,right-6,right,right-dark,dark-up,fewer-up,single,27:28.5
60859f820e5009a67adb3921,400,1,52,left-8,left,left-dark,dark-up,greater-up,single,27:28.6
699a5875c790d6761693816a,969,1,74,left-4,left,left-dark,dark-up,greater-up,single,26:12.2
696a651a32c5d3c0adb0b7cc,1105,1,26,right-4,right,right-dark,dark-up,greater-up,dual,27:29.8
662f8a3bc02a7f164555439a,865,1,34,left-7,right,left-dark,dark-up,fewer-up,single,27:28.4
668c2c3b1c453af22c1e1e31,1143,1,6,left-7,left,left-dark,light-up,fewer-up,dual,27:30.3
60859f820e5009a67adb3921,478,1,53,left-4,right,left-dark,light-up,greater-up,single,27:30.5
664287debe4750708ea0ecf7,975,1,79,right-7,right,right-dark,dark-up,greater-up,single,27:31.0
699a5875c790d6761693816a,987,1,75,right-9,right,right-dark,dark-up,greater-up,single,26:14.5
662f8a3bc02a7f164555439a,711,0,35,left-7,right,left-dark,light-up,fewer-up,single,27:30.5
696a651a32c5d3c0adb0b7cc,1220,1,27,left-9,right,left-dark,light-up,greater-up,dual,27:32.1
60859f820e5009a67adb3921,598,0,54,right-9,left,right-dark,dark-up,greater-up,single,27:32.3
668c2c3b1c453af22c1e1e31,1166,0,7,left-4,right,left-dark,light-up,fewer-up,dual,27:32.5
699a5875c790d6761693816a,1417,1,76,left-5,right,left-dark,light-up,greater-up,single,26:17.2
60859f820e5009a67adb3921,288,0,55,left-2,right,left-dark,dark-up,greater-up,single,27:33.9
662f8a3bc02a7f164555439a,817,1,36,left-2,left,left-dark,light-up,fewer-up,single,27:32.6
696a651a32c5d3c0adb0b7cc,868,1,28,right-3,right,right-dark,dark-up,greater-up,dual,27:34.3
668c2c3b1c453af22c1e1e31,1050,1,8,left-1,left,left-dark,light-up,fewer-up,dual,27:34.7
60859f820e5009a67adb3921,358,0,56,left-4,right,left-dark,light-up,fewer-up,single,27:35.3
699a5875c790d6761693816a,1109,1,77,left-9,right,left-dark,dark-up,fewer-up,single,26:19.4
662f8a3bc02a7f164555439a,1209,1,37,right-1,right,right-dark,dark-up,greater-up,single,27:34.8
696a651a32c5d3c0adb0b7cc,1220,0,29,left-7,right,left-dark,light-up,fewer-up,dual,27:36.8
60859f820e5009a67adb3921,291,1,57,right-3,right,right-dark,dark-up,greater-up,single,27:36.9
668c2c3b1c453af22c1e1e31,1214,1,9,right-8,right,right-dark,light-up,fewer-up,dual,27:37.2
699a5875c790d6761693816a,1100,1,78,left-7,left,left-dark,dark-up,greater-up,single,26:21.6
60859f820e5009a67adb3921,469,1,58,right-7,right,right-dark,light-up,fewer-up,single,27:38.4
662f8a3bc02a7f164555439a,919,0,38,left-8,left,left-dark,dark-up,fewer-up,single,27:37.2
668c2c3b1c453af22c1e1e31,962,1,10,right-1,right,right-dark,light-up,fewer-up,dual,27:39.2
696a651a32c5d3c0adb0b7cc,1220,1,30,left-0,left,left-dark,light-up,fewer-up,dual,27:39.5
60859f820e5009a67adb3921,701,0,59,right-7,right,right-dark,light-up,greater-up,single,27:40.3
662f8a3bc02a7f164555439a,859,0,39,right-7,right,right-dark,light-up,greater-up,single,27:39.1
699a5875c790d6761693816a,1202,1,79,right-3,right,right-dark,light-up,fewer-up,single,26:24.2
668c2c3b1c453af22c1e1e31,902,1,11,right-5,right,right-dark,light-up,fewer-up,dual,27:41.6
696a651a32c5d3c0adb0b7cc,1045,1,31,right-1,right,right-dark,dark-up,greater-up,dual,27:41.9
668c2c3b1c453af22c1e1e31,NULL,0,12,right-7,none,right-dark,dark-up,greater-up,dual,27:44.1
60859f820e5009a67adb3921,842,1,60,right-1,right,right-dark,light-up,fewer-up,single,27:44.7
696a651a32c5d3c0adb0b7cc,1535,1,32,left-6,left,left-dark,light-up,fewer-up,dual,27:44.8
60859f820e5009a67adb3921,651,0,61,right-0,left,right-dark,light-up,fewer-up,single,27:46.7
696a651a32c5d3c0adb0b7cc,911,1,33,right-6,right,right-dark,dark-up,greater-up,dual,27:47.2
668c2c3b1c453af22c1e1e31,1295,1,13,left-9,right,left-dark,light-up,greater-up,dual,27:47.4
60859f820e5009a67adb3921,357,1,62,left-8,right,left-dark,light-up,greater-up,single,27:48.3
696a651a32c5d3c0adb0b7cc,1138,0,34,right-8,left,right-dark,light-up,fewer-up,dual,27:49.5
668c2c3b1c453af22c1e1e31,1029,1,14,left-6,left,left-dark,light-up,fewer-up,dual,27:50.0
60859f820e5009a67adb3921,616,0,63,left-6,left,left-dark,dark-up,fewer-up,single,27:50.0
60859f820e5009a67adb3921,273,0,64,left-0,right,left-dark,light-up,fewer-up,single,27:51.4
696a651a32c5d3c0adb0b7cc,1038,0,35,left-5,left,left-dark,dark-up,fewer-up,dual,27:51.9
668c2c3b1c453af22c1e1e31,1141,1,15,left-9,left,left-dark,dark-up,greater-up,dual,27:52.5
60859f820e5009a67adb3921,285,0,65,left-9,right,left-dark,light-up,fewer-up,single,27:52.8
60859f820e5009a67adb3921,264,1,66,right-2,right,right-dark,light-up,fewer-up,single,27:54.2
696a651a32c5d3c0adb0b7cc,1136,1,36,right-0,right,right-dark,dark-up,greater-up,dual,27:54.3
668c2c3b1c453af22c1e1e31,875,1,16,left-0,left,left-dark,light-up,fewer-up,dual,27:54.6
662f8a3bc02a7f164555439a,NULL,0,40,right-8,none,right-dark,dark-up,greater-up,single,27:54.0
60859f820e5009a67adb3921,273,1,67,left-0,right,left-dark,light-up,greater-up,single,27:55.6
668c2c3b1c453af22c1e1e31,1045,1,17,right-3,left,right-dark,dark-up,fewer-up,dual,27:57.1
696a651a32c5d3c0adb0b7cc,1545,1,37,left-0,right,left-dark,dark-up,fewer-up,dual,27:57.2
60859f820e5009a67adb3921,430,0,68,right-8,left,right-dark,dark-up,greater-up,single,27:57.4
662f8a3bc02a7f164555439a,1056,0,41,right-3,left,right-dark,light-up,fewer-up,single,27:57.1
60859f820e5009a67adb3921,256,1,69,left-7,right,left-dark,light-up,greater-up,single,27:59.2
696a651a32c5d3c0adb0b7cc,873,1,38,right-9,right,right-dark,dark-up,greater-up,dual,27:59.4
668c2c3b1c453af22c1e1e31,1289,1,18,left-5,left,left-dark,dark-up,greater-up,dual,27:59.6
60859f820e5009a67adb3921,286,0,70,left-0,right,left-dark,dark-up,greater-up,single,28:01.0
662f8a3bc02a7f164555439a,1175,1,42,left-2,right,left-dark,light-up,greater-up,single,27:59.6
668c2c3b1c453af22c1e1e31,872,1,19,left-8,right,left-dark,dark-up,fewer-up,dual,28:01.8
696a651a32c5d3c0adb0b7cc,1260,1,39,left-3,right,left-dark,dark-up,fewer-up,dual,28:02.2
60859f820e5009a67adb3921,316,1,71,left-8,right,left-dark,dark-up,fewer-up,single,28:02.8
662f8a3bc02a7f164555439a,1109,1,43,right-7,right,right-dark,dark-up,greater-up,single,28:02.0
60859f820e5009a67adb3921,573,0,72,right-4,left,right-dark,dark-up,greater-up,single,28:04.6
662f8a3bc02a7f164555439a,728,1,44,left-1,left,left-dark,light-up,fewer-up,single,28:04.0
60859f820e5009a67adb3921,263,1,73,left-5,right,left-dark,dark-up,fewer-up,single,28:06.1
662f8a3bc02a7f164555439a,501,0,45,left-1,left,left-dark,dark-up,fewer-up,single,28:05.9
60859f820e5009a67adb3921,407,1,74,left-5,right,left-dark,light-up,greater-up,single,28:07.8
662f8a3bc02a7f164555439a,687,1,46,right-7,right,right-dark,light-up,fewer-up,single,28:07.9
60859f820e5009a67adb3921,390,0,75,right-1,right,right-dark,light-up,greater-up,single,28:09.7
662f8a3bc02a7f164555439a,662,1,47,right-3,right,right-dark,dark-up,greater-up,single,28:09.6
60859f820e5009a67adb3921,308,1,76,left-6,left,left-dark,dark-up,greater-up,single,28:11.1
662f8a3bc02a7f164555439a,643,1,48,left-6,left,left-dark,dark-up,greater-up,single,28:11.4
60859f820e5009a67adb3921,413,0,77,right-5,left,right-dark,dark-up,greater-up,single,28:12.8
60859f820e5009a67adb3921,274,0,78,left-8,right,left-dark,light-up,fewer-up,single,28:14.3
662f8a3bc02a7f164555439a,683,1,49,left-6,left,left-dark,light-up,fewer-up,single,28:13.6
60859f820e5009a67adb3921,264,1,79,left-4,left,left-dark,dark-up,greater-up,single,28:16.1
696a651a32c5d3c0adb0b7cc,525,1,40,right-6,left,right-dark,dark-up,fewer-up,dual,28:16.7
662f8a3bc02a7f164555439a,670,0,50,right-5,right,right-dark,dark-up,fewer-up,single,28:15.7
696a651a32c5d3c0adb0b7cc,NULL,0,41,right-8,none,right-dark,light-up,greater-up,dual,28:19.1
662f8a3bc02a7f164555439a,682,0,51,right-3,right,right-dark,light-up,greater-up,single,28:17.7
662f8a3bc02a7f164555439a,888,0,52,right-4,left,right-dark,dark-up,greater-up,single,28:19.6
696a651a32c5d3c0adb0b7cc,1531,1,42,right-3,right,right-dark,light-up,fewer-up,dual,28:22.2
662f8a3bc02a7f164555439a,925,0,53,right-0,right,right-dark,dark-up,fewer-up,single,28:22.0
696a651a32c5d3c0adb0b7cc,1406,1,43,left-4,right,left-dark,light-up,greater-up,dual,28:25.0
662f8a3bc02a7f164555439a,799,0,54,left-2,right,left-dark,dark-up,greater-up,single,28:23.9
662f8a3bc02a7f164555439a,597,0,55,right-3,right,right-dark,dark-up,fewer-up,single,28:25.6
696a651a32c5d3c0adb0b7cc,1249,1,44,right-6,right,right-dark,light-up,fewer-up,dual,28:27.4
662f8a3bc02a7f164555439a,868,1,56,right-2,right,right-dark,light-up,fewer-up,single,28:27.8
696a651a32c5d3c0adb0b7cc,1080,1,45,left-4,left,left-dark,light-up,fewer-up,dual,28:29.9
662f8a3bc02a7f164555439a,888,1,57,right-2,right,right-dark,dark-up,greater-up,single,28:29.9
696a651a32c5d3c0adb0b7cc,1748,1,46,left-4,right,left-dark,dark-up,fewer-up,dual,28:32.7
662f8a3bc02a7f164555439a,788,0,58,left-3,left,left-dark,dark-up,fewer-up,single,28:31.7
662f8a3bc02a7f164555439a,712,1,59,right-0,right,right-dark,light-up,fewer-up,single,28:33.5
696a651a32c5d3c0adb0b7cc,1353,0,47,right-9,right,right-dark,dark-up,fewer-up,dual,28:35.4
696a651a32c5d3c0adb0b7cc,1728,1,48,right-0,left,right-dark,dark-up,fewer-up,dual,28:38.6
696a651a32c5d3c0adb0b7cc,1041,1,49,left-3,left,left-dark,light-up,fewer-up,dual,28:41.0
696a651a32c5d3c0adb0b7cc,NULL,0,50,left-3,none,left-dark,light-up,greater-up,dual,28:43.5
662f8a3bc02a7f164555439a,773,1,60,left-0,left,left-dark,light-up,fewer-up,single,28:43.0
696a651a32c5d3c0adb0b7cc,1203,1,51,left-8,right,left-dark,light-up,greater-up,dual,28:46.3
662f8a3bc02a7f164555439a,1094,1,61,right-0,left,right-dark,light-up,greater-up,single,28:45.6
696a651a32c5d3c0adb0b7cc,1452,0,52,right-5,right,right-dark,dark-up,fewer-up,dual,28:49.0
662f8a3bc02a7f164555439a,922,0,62,right-5,left,right-dark,light-up,fewer-up,single,28:48.0
696a651a32c5d3c0adb0b7cc,1127,1,53,left-1,left,left-dark,dark-up,greater-up,dual,28:51.6
662f8a3bc02a7f164555439a,817,1,63,right-0,right,right-dark,dark-up,greater-up,single,28:50.2
662f8a3bc02a7f164555439a,559,0,64,left-8,left,left-dark,light-up,greater-up,single,28:52.0
696a651a32c5d3c0adb0b7cc,1139,1,54,right-1,left,right-dark,light-up,greater-up,dual,28:54.1
662f8a3bc02a7f164555439a,813,0,65,right-8,right,right-dark,dark-up,fewer-up,single,28:53.9
696a651a32c5d3c0adb0b7cc,1601,1,55,left-7,right,left-dark,light-up,greater-up,dual,28:56.8
662f8a3bc02a7f164555439a,514,1,66,right-4,left,right-dark,dark-up,fewer-up,single,28:55.8
662f8a3bc02a7f164555439a,470,0,67,left-3,right,left-dark,dark-up,greater-up,single,28:57.4
696a651a32c5d3c0adb0b7cc,1695,1,56,left-6,left,left-dark,dark-up,greater-up,dual,28:59.7
662f8a3bc02a7f164555439a,633,0,68,left-5,right,left-dark,light-up,fewer-up,single,28:59.4
696a651a32c5d3c0adb0b7cc,NULL,0,57,right-4,none,right-dark,light-up,fewer-up,dual,29:02.3
662f8a3bc02a7f164555439a,1516,0,69,right-9,right,right-dark,dark-up,fewer-up,single,29:02.2
696a651a32c5d3c0adb0b7cc,858,1,58,left-8,left,left-dark,dark-up,greater-up,dual,29:05.1
662f8a3bc02a7f164555439a,639,1,70,left-4,right,left-dark,dark-up,fewer-up,single,29:04.3
696a651a32c5d3c0adb0b7cc,1182,1,59,right-8,left,right-dark,dark-up,fewer-up,dual,29:07.5
662f8a3bc02a7f164555439a,771,0,71,right-2,right,right-dark,dark-up,fewer-up,single,29:06.5
662f8a3bc02a7f164555439a,612,1,72,left-4,right,left-dark,light-up,greater-up,single,29:08.2
662f8a3bc02a7f164555439a,542,1,73,left-7,right,left-dark,light-up,greater-up,single,29:10.0
662f8a3bc02a7f164555439a,509,0,74,left-1,right,left-dark,dark-up,greater-up,single,29:11.8
662f8a3bc02a7f164555439a,600,1,75,left-6,right,left-dark,dark-up,fewer-up,single,29:13.9
662f8a3bc02a7f164555439a,729,0,76,right-9,left,right-dark,dark-up,greater-up,single,29:15.9
662f8a3bc02a7f164555439a,746,0,77,left-8,right,left-dark,light-up,fewer-up,single,29:17.9
662f8a3bc02a7f164555439a,992,0,78,left-9,right,left-dark,dark-up,greater-up,single,29:20.1
696a651a32c5d3c0adb0b7cc,1622,0,60,left-9,right,left-dark,light-up,fewer-up,dual,29:24.2
662f8a3bc02a7f164555439a,1567,1,79,right-6,left,right-dark,light-up,greater-up,single,29:22.9
696a651a32c5d3c0adb0b7cc,1339,1,61,right-4,left,right-dark,light-up,greater-up,dual,29:26.8
696a651a32c5d3c0adb0b7cc,1608,1,62,left-6,right,left-dark,dark-up,fewer-up,dual,29:29.9
696a651a32c5d3c0adb0b7cc,1120,1,63,left-4,left,left-dark,dark-up,greater-up,dual,29:32.5
696a651a32c5d3c0adb0b7cc,NULL,0,64,left-8,none,left-dark,dark-up,fewer-up,dual,29:35.0
696a651a32c5d3c0adb0b7cc,1444,1,65,right-7,right,right-dark,light-up,fewer-up,dual,29:38.1
696a651a32c5d3c0adb0b7cc,1351,1,66,right-6,left,right-dark,light-up,greater-up,dual,29:40.9
696a651a32c5d3c0adb0b7cc,1489,1,67,right-3,left,right-dark,light-up,greater-up,dual,29:43.9
668c2c3b1c453af22c1e1e31,1456,0,20,left-6,left,left-dark,light-up,greater-up,dual,29:44.7
696a651a32c5d3c0adb0b7cc,961,1,68,right-7,right,right-dark,dark-up,greater-up,dual,29:46.0
668c2c3b1c453af22c1e1e31,939,1,21,right-0,right,right-dark,light-up,fewer-up,dual,29:47.1
696a651a32c5d3c0adb0b7cc,1221,1,69,right-2,left,right-dark,dark-up,fewer-up,dual,29:48.3
668c2c3b1c453af22c1e1e31,865,1,22,left-8,left,left-dark,dark-up,greater-up,dual,29:49.1
696a651a32c5d3c0adb0b7cc,NULL,0,70,right-9,none,right-dark,light-up,fewer-up,dual,29:50.8
668c2c3b1c453af22c1e1e31,659,1,23,right-5,right,right-dark,dark-up,greater-up,dual,29:51.1
668c2c3b1c453af22c1e1e31,936,1,24,right-3,right,right-dark,dark-up,greater-up,dual,29:53.1
696a651a32c5d3c0adb0b7cc,NULL,0,71,right-4,none,right-dark,dark-up,fewer-up,dual,29:54.1
668c2c3b1c453af22c1e1e31,991,1,25,right-9,right,right-dark,light-up,fewer-up,dual,29:55.4
696a651a32c5d3c0adb0b7cc,1228,1,72,left-1,right,left-dark,light-up,greater-up,dual,29:57.3
668c2c3b1c453af22c1e1e31,1009,1,26,left-4,right,left-dark,dark-up,fewer-up,dual,29:57.7
696a651a32c5d3c0adb0b7cc,NULL,0,73,left-5,none,left-dark,light-up,greater-up,dual,29:59.6
668c2c3b1c453af22c1e1e31,1102,1,27,left-8,left,left-dark,light-up,fewer-up,dual,30:00.3
696a651a32c5d3c0adb0b7cc,NULL,0,74,left-1,none,left-dark,light-up,fewer-up,dual,30:02.5
668c2c3b1c453af22c1e1e31,897,1,28,right-5,left,right-dark,dark-up,fewer-up,dual,30:02.5
668c2c3b1c453af22c1e1e31,950,1,29,left-1,right,left-dark,light-up,greater-up,dual,30:04.8
696a651a32c5d3c0adb0b7cc,830,1,75,right-5,right,right-dark,dark-up,greater-up,dual,30:05.2
668c2c3b1c453af22c1e1e31,920,0,30,left-7,left,left-dark,dark-up,fewer-up,dual,30:07.0
696a651a32c5d3c0adb0b7cc,1286,0,76,right-5,left,right-dark,light-up,fewer-up,dual,30:07.9
668c2c3b1c453af22c1e1e31,1238,1,31,left-1,right,left-dark,dark-up,fewer-up,dual,30:09.7
696a651a32c5d3c0adb0b7cc,1676,1,77,right-1,left,right-dark,dark-up,fewer-up,dual,30:10.6
668c2c3b1c453af22c1e1e31,1601,1,32,right-9,left,right-dark,light-up,greater-up,dual,30:12.3
696a651a32c5d3c0adb0b7cc,1463,1,78,right-9,left,right-dark,light-up,greater-up,dual,30:13.5
668c2c3b1c453af22c1e1e31,946,1,33,left-3,right,left-dark,dark-up,fewer-up,dual,30:14.5
696a651a32c5d3c0adb0b7cc,NULL,0,79,left-2,none,left-dark,light-up,greater-up,dual,30:16.2
668c2c3b1c453af22c1e1e31,1196,1,34,right-2,left,right-dark,light-up,greater-up,dual,30:17.2
668c2c3b1c453af22c1e1e31,1063,0,35,right-6,right,right-dark,light-up,greater-up,dual,30:19.8
668c2c3b1c453af22c1e1e31,1227,0,36,left-4,left,left-dark,light-up,greater-up,dual,30:22.2
668c2c3b1c453af22c1e1e31,1092,1,37,left-2,left,left-dark,dark-up,greater-up,dual,30:24.7
668c2c3b1c453af22c1e1e31,1513,0,38,left-7,left,left-dark,light-up,greater-up,dual,30:27.5
668c2c3b1c453af22c1e1e31,948,1,39,right-6,right,right-dark,dark-up,greater-up,dual,30:29.6
668c2c3b1c453af22c1e1e31,1385,0,40,left-5,left,left-dark,light-up,greater-up,dual,31:48.5
668c2c3b1c453af22c1e1e31,1320,1,41,left-3,left,left-dark,dark-up,greater-up,dual,31:51.1
668c2c3b1c453af22c1e1e31,922,1,42,right-7,left,right-dark,dark-up,fewer-up,dual,31:53.3
668c2c3b1c453af22c1e1e31,1271,1,43,left-9,right,left-dark,dark-up,fewer-up,dual,31:55.7
668c2c3b1c453af22c1e1e31,874,1,44,right-5,left,right-dark,light-up,greater-up,dual,31:58.1
668c2c3b1c453af22c1e1e31,946,1,45,left-4,left,left-dark,dark-up,greater-up,dual,32:00.3
668c2c3b1c453af22c1e1e31,1045,1,46,right-4,left,right-dark,dark-up,fewer-up,dual,32:02.7
668c2c3b1c453af22c1e1e31,929,1,47,left-6,right,left-dark,dark-up,fewer-up,dual,32:05.1
668c2c3b1c453af22c1e1e31,1356,1,48,right-7,left,right-dark,light-up,greater-up,dual,32:07.9
668c2c3b1c453af22c1e1e31,1114,1,49,left-5,left,left-dark,light-up,fewer-up,dual,32:10.1
668c2c3b1c453af22c1e1e31,1157,1,50,right-4,right,right-dark,light-up,fewer-up,dual,32:12.7
668c2c3b1c453af22c1e1e31,918,1,51,right-4,right,right-dark,dark-up,greater-up,dual,32:14.8
668c2c3b1c453af22c1e1e31,1232,1,52,left-9,left,left-dark,light-up,fewer-up,dual,32:17.2
668c2c3b1c453af22c1e1e31,NULL,0,53,right-7,none,right-dark,light-up,fewer-up,dual,32:19.9
668c2c3b1c453af22c1e1e31,1299,0,54,left-2,left,left-dark,light-up,greater-up,dual,32:22.8
668c2c3b1c453af22c1e1e31,917,1,55,left-2,left,left-dark,light-up,fewer-up,dual,32:24.9
668c2c3b1c453af22c1e1e31,NULL,0,56,left-2,none,left-dark,dark-up,fewer-up,dual,32:27.3
668c2c3b1c453af22c1e1e31,840,0,57,right-1,right,right-dark,dark-up,fewer-up,dual,32:30.0
668c2c3b1c453af22c1e1e31,893,1,58,left-6,left,left-dark,dark-up,greater-up,dual,32:32.1
668c2c3b1c453af22c1e1e31,1016,0,59,left-3,left,left-dark,light-up,greater-up,dual,32:34.5
668c2c3b1c453af22c1e1e31,1297,1,60,left-3,left,left-dark,light-up,fewer-up,dual,35:21.3
668c2c3b1c453af22c1e1e31,756,1,61,left-0,left,left-dark,dark-up,greater-up,dual,35:23.3
668c2c3b1c453af22c1e1e31,938,1,62,left-0,right,left-dark,light-up,greater-up,dual,35:25.7
668c2c3b1c453af22c1e1e31,1148,1,63,right-2,left,right-dark,dark-up,fewer-up,dual,35:28.3
668c2c3b1c453af22c1e1e31,1270,0,64,right-0,right,right-dark,dark-up,fewer-up,dual,35:30.6
668c2c3b1c453af22c1e1e31,1259,1,65,right-2,right,right-dark,dark-up,greater-up,dual,35:33.2
668c2c3b1c453af22c1e1e31,1162,0,66,right-9,right,right-dark,dark-up,fewer-up,dual,35:35.5
668c2c3b1c453af22c1e1e31,947,1,67,right-6,right,right-dark,light-up,fewer-up,dual,35:37.6
668c2c3b1c453af22c1e1e31,1501,1,68,left-7,left,left-dark,dark-up,greater-up,dual,35:40.1
668c2c3b1c453af22c1e1e31,673,1,69,right-0,right,right-dark,dark-up,greater-up,dual,35:42.0
668c2c3b1c453af22c1e1e31,1256,1,70,right-0,left,right-dark,light-up,greater-up,dual,35:44.6
668c2c3b1c453af22c1e1e31,954,1,71,right-3,right,right-dark,light-up,fewer-up,dual,35:46.6
668c2c3b1c453af22c1e1e31,797,1,72,right-8,left,right-dark,light-up,greater-up,dual,35:48.5
668c2c3b1c453af22c1e1e31,1676,1,73,left-0,right,left-dark,dark-up,fewer-up,dual,35:51.3
668c2c3b1c453af22c1e1e31,747,1,74,left-1,left,left-dark,dark-up,greater-up,dual,35:53.5
668c2c3b1c453af22c1e1e31,876,0,75,right-6,right,right-dark,dark-up,fewer-up,dual,35:55.6
668c2c3b1c453af22c1e1e31,738,1,76,right-9,right,right-dark,dark-up,greater-up,dual,35:57.4
668c2c3b1c453af22c1e1e31,1091,0,77,right-1,right,right-dark,light-up,greater-up,dual,35:59.5
668c2c3b1c453af22c1e1e31,796,1,78,right-2,right,right-dark,light-up,fewer-up,dual,36:01.6
668c2c3b1c453af22c1e1e31,1069,1,79,right-3,left,right-dark,light-up,greater-up,dual,36:03.8
60fcc7651cb27f1770cc7ad2,1531,1,0,right-9,left,right-dark,dark-up,fewer-up,dual,40:45.7
60fcc7651cb27f1770cc7ad2,814,1,1,left-2,right,left-dark,dark-up,fewer-up,dual,40:47.9
60fcc7651cb27f1770cc7ad2,1109,1,2,right-5,left,right-dark,light-up,greater-up,dual,40:50.2
60fcc7651cb27f1770cc7ad2,1430,1,3,right-8,right,right-dark,light-up,fewer-up,dual,40:52.8
60fcc7651cb27f1770cc7ad2,844,1,4,right-5,right,right-dark,dark-up,greater-up,dual,40:54.8
60fcc7651cb27f1770cc7ad2,750,1,5,right-6,right,right-dark,dark-up,greater-up,dual,40:56.9
60fcc7651cb27f1770cc7ad2,918,1,6,right-6,left,right-dark,light-up,greater-up,dual,40:59.1
60fcc7651cb27f1770cc7ad2,1149,1,7,left-6,right,left-dark,light-up,greater-up,dual,41:01.5
60fcc7651cb27f1770cc7ad2,1699,0,8,left-5,left,left-dark,dark-up,fewer-up,dual,41:04.4
5d537c0cecc84200153075e9,1456,0,0,left-6,right,left-dark,light-up,fewer-up,dual,41:08.9
60fcc7651cb27f1770cc7ad2,1026,1,9,right-7,right,right-dark,light-up,fewer-up,dual,41:06.6
5d537c0cecc84200153075e9,707,1,1,right-2,left,right-dark,dark-up,fewer-up,dual,41:11.3
60fcc7651cb27f1770cc7ad2,1150,1,10,right-0,left,right-dark,dark-up,fewer-up,dual,41:08.8
5d537c0cecc84200153075e9,NULL,0,2,right-7,none,right-dark,light-up,fewer-up,dual,41:14.0
60fcc7651cb27f1770cc7ad2,1210,1,11,left-0,left,left-dark,light-up,fewer-up,dual,41:11.3
66a83f244414aaec48b22552,1033,1,0,right-3,right,right-dark,dark-up,greater-up,dual,41:13.9
60fcc7651cb27f1770cc7ad2,1057,1,12,left-4,left,left-dark,dark-up,greater-up,dual,41:13.5
5d537c0cecc84200153075e9,529,1,3,left-8,right,left-dark,light-up,greater-up,dual,41:16.5
66a83f244414aaec48b22552,763,0,1,left-3,left,left-dark,light-up,greater-up,dual,41:16.1
60fcc7651cb27f1770cc7ad2,1459,1,13,right-2,left,right-dark,light-up,greater-up,dual,41:16.2
5d537c0cecc84200153075e9,1429,0,4,right-8,right,right-dark,dark-up,fewer-up,dual,41:19.4
66a83f244414aaec48b22552,753,1,2,right-0,right,right-dark,dark-up,greater-up,dual,41:18.3
60fcc7651cb27f1770cc7ad2,887,1,14,left-7,left,left-dark,dark-up,greater-up,dual,41:18.5
5e6685e1ffed4c405a4db5d0,1451,1,0,right-9,right,right-dark,dark-up,greater-up,dual,41:18.8
5d537c0cecc84200153075e9,1750,0,5,right-1,left,right-dark,light-up,fewer-up,dual,41:22.7
66a83f244414aaec48b22552,873,0,3,left-7,left,left-dark,dark-up,fewer-up,dual,41:20.5
60fcc7651cb27f1770cc7ad2,1463,1,15,right-8,left,right-dark,light-up,greater-up,dual,41:21.1
5e6685e1ffed4c405a4db5d0,1247,1,1,left-6,right,left-dark,dark-up,fewer-up,dual,41:21.4
5d537c0cecc84200153075e9,734,0,6,left-5,right,left-dark,light-up,fewer-up,dual,41:25.0
66a83f244414aaec48b22552,948,0,4,left-4,left,left-dark,light-up,greater-up,dual,41:23.0
5d537c0cecc84200153075e9,711,0,7,right-8,left,right-dark,dark-up,greater-up,dual,41:26.7
60fcc7651cb27f1770cc7ad2,1403,1,16,right-4,left,right-dark,dark-up,fewer-up,dual,41:23.8
5e6685e1ffed4c405a4db5d0,1356,1,2,left-1,right,left-dark,light-up,greater-up,dual,41:23.9
66a83f244414aaec48b22552,735,0,5,right-8,right,right-dark,light-up,greater-up,dual,41:25.0
5d537c0cecc84200153075e9,995,1,8,left-5,right,left-dark,light-up,greater-up,dual,41:29.0
66a83f244414aaec48b22552,636,0,6,right-8,right,right-dark,dark-up,fewer-up,dual,41:26.9
60fcc7651cb27f1770cc7ad2,1264,1,17,left-2,left,left-dark,dark-up,greater-up,dual,41:26.6
5e6685e1ffed4c405a4db5d0,1280,1,3,left-5,left,left-dark,dark-up,greater-up,dual,41:26.7
5d537c0cecc84200153075e9,756,0,9,left-8,right,left-dark,dark-up,greater-up,dual,41:31.1
66a83f244414aaec48b22552,610,0,7,left-6,left,left-dark,dark-up,fewer-up,dual,41:28.9
60fcc7651cb27f1770cc7ad2,1115,1,18,right-0,right,right-dark,dark-up,greater-up,dual,41:29.0
5e6685e1ffed4c405a4db5d0,1248,1,4,right-7,left,right-dark,dark-up,fewer-up,dual,41:29.3
66a83f244414aaec48b22552,628,0,8,left-9,left,left-dark,light-up,greater-up,dual,41:31.0
5d537c0cecc84200153075e9,701,0,10,right-0,left,right-dark,dark-up,greater-up,dual,41:33.5
60fcc7651cb27f1770cc7ad2,1198,1,19,right-4,left,right-dark,light-up,greater-up,dual,41:31.4
66a83f244414aaec48b22552,584,1,9,right-3,right,right-dark,light-up,fewer-up,dual,41:32.6
5e6685e1ffed4c405a4db5d0,1147,1,5,right-9,right,right-dark,light-up,fewer-up,dual,41:31.8
5d537c0cecc84200153075e9,355,1,11,right-6,right,right-dark,dark-up,greater-up,dual,41:35.3
66a83f244414aaec48b22552,815,0,10,right-7,right,right-dark,light-up,greater-up,dual,41:34.7
5d537c0cecc84200153075e9,375,0,12,left-0,right,left-dark,light-up,fewer-up,dual,41:37.3
5e6685e1ffed4c405a4db5d0,1204,1,6,left-0,left,left-dark,light-up,fewer-up,dual,41:34.2
66a83f244414aaec48b22552,689,0,11,left-5,left,left-dark,dark-up,fewer-up,dual,41:36.7
5d537c0cecc84200153075e9,357,0,13,right-9,left,right-dark,dark-up,greater-up,dual,41:39.2
5e6685e1ffed4c405a4db5d0,1450,1,7,left-5,right,left-dark,light-up,greater-up,dual,41:36.8
66a83f244414aaec48b22552,626,1,12,right-7,right,right-dark,dark-up,greater-up,dual,41:38.4
5d537c0cecc84200153075e9,554,0,14,left-7,right,left-dark,light-up,fewer-up,dual,41:41.3
60fcc7651cb27f1770cc7ad2,1168,1,20,left-9,left,left-dark,light-up,fewer-up,dual,41:38.5
66a83f244414aaec48b22552,544,1,13,right-4,right,right-dark,dark-up,greater-up,dual,41:40.1
5e6685e1ffed4c405a4db5d0,1322,1,8,right-2,right,right-dark,light-up,fewer-up,dual,41:39.6
60fcc7651cb27f1770cc7ad2,788,1,21,left-8,right,left-dark,light-up,greater-up,dual,41:40.5
5d537c0cecc84200153075e9,932,0,15,right-7,right,right-dark,light-up,greater-up,dual,41:43.5
66a83f244414aaec48b22552,434,1,14,right-2,right,right-dark,dark-up,greater-up,dual,41:42.1
5d537c0cecc84200153075e9,788,0,16,left-1,left,left-dark,dark-up,fewer-up,dual,41:45.5
5e6685e1ffed4c405a4db5d0,1518,1,9,right-6,right,right-dark,dark-up,greater-up,dual,41:42.4
60fcc7651cb27f1770cc7ad2,1568,1,22,left-6,left,left-dark,light-up,fewer-up,dual,41:43.4
66a83f244414aaec48b22552,613,1,15,right-9,right,right-dark,dark-up,greater-up,dual,41:44.0
5d537c0cecc84200153075e9,397,0,17,left-0,right,left-dark,dark-up,greater-up,dual,41:47.0
66a83f244414aaec48b22552,609,1,16,right-6,right,right-dark,dark-up,greater-up,dual,41:45.7
5e6685e1ffed4c405a4db5d0,1319,1,10,right-6,right,right-dark,light-up,fewer-up,dual,41:44.8
60fcc7651cb27f1770cc7ad2,1085,1,23,right-7,left,right-dark,dark-up,fewer-up,dual,41:45.9
5d537c0cecc84200153075e9,685,0,18,left-9,left,left-dark,dark-up,fewer-up,dual,41:49.2
66a83f244414aaec48b22552,565,1,17,left-3,left,left-dark,dark-up,greater-up,dual,41:47.5
5e6685e1ffed4c405a4db5d0,1092,1,11,left-2,right,left-dark,dark-up,fewer-up,dual,41:47.3
5d537c0cecc84200153075e9,281,0,19,right-3,left,right-dark,dark-up,greater-up,dual,41:51.0
60fcc7651cb27f1770cc7ad2,997,1,24,left-6,left,left-dark,dark-up,greater-up,dual,41:48.2
66a83f244414aaec48b22552,459,1,18,left-0,left,left-dark,dark-up,greater-up,dual,41:49.5
5e6685e1ffed4c405a4db5d0,944,1,12,left-4,right,left-dark,dark-up,fewer-up,dual,41:49.8
60fcc7651cb27f1770cc7ad2,978,1,25,left-3,right,left-dark,dark-up,fewer-up,dual,41:50.5
66a83f244414aaec48b22552,695,1,19,right-6,right,right-dark,light-up,fewer-up,dual,41:51.2
60fcc7651cb27f1770cc7ad2,905,1,26,left-0,right,left-dark,dark-up,fewer-up,dual,41:52.5
5e6685e1ffed4c405a4db5d0,1205,1,13,left-6,left,left-dark,light-up,fewer-up,dual,41:52.5
5d23cee7771223001647e8c7,1199,1,0,left-8,left,left-dark,light-up,fewer-up,single,41:51.7
60fcc7651cb27f1770cc7ad2,1261,1,27,right-8,left,right-dark,dark-up,fewer-up,dual,41:55.2
5e6685e1ffed4c405a4db5d0,NULL,0,14,right-3,none,right-dark,light-up,greater-up,dual,41:55.0
65b549c67c7791499c09f8a2,NULL,0,0,left-8,none,left-dark,dark-up,fewer-up,dual,41:54.7
5d23cee7771223001647e8c7,791,1,1,left-4,left,left-dark,dark-up,greater-up,single,41:53.7
5d537c0cecc84200153075e9,NULL,0,20,right-5,none,right-dark,light-up,greater-up,dual,41:59.8
5d23cee7771223001647e8c7,832,1,2,right-7,right,right-dark,light-up,fewer-up,single,41:55.6
60fcc7651cb27f1770cc7ad2,1742,1,28,left-9,right,left-dark,light-up,greater-up,dual,41:58.2
66a83f244414aaec48b22552,617,0,20,left-9,left,left-dark,dark-up,fewer-up,dual,41:59.0
5e6685e1ffed4c405a4db5d0,1255,1,15,right-2,left,right-dark,dark-up,fewer-up,dual,41:58.1
5d537c0cecc84200153075e9,368,0,21,right-9,right,right-dark,light-up,greater-up,dual,42:01.9
65b549c67c7791499c09f8a2,1507,1,1,left-9,right,left-dark,dark-up,fewer-up,dual,41:58.3
5d23cee7771223001647e8c7,822,1,3,left-9,left,left-dark,dark-up,greater-up,single,41:57.7
60fcc7651cb27f1770cc7ad2,974,1,29,right-1,left,right-dark,dark-up,fewer-up,dual,42:00.3
66a83f244414aaec48b22552,1150,0,21,right-2,right,right-dark,light-up,greater-up,dual,42:01.2
5d537c0cecc84200153075e9,484,1,22,right-2,left,right-dark,light-up,greater-up,dual,42:04.0
5e6685e1ffed4c405a4db5d0,1066,1,16,right-8,right,right-dark,light-up,fewer-up,dual,42:00.8
5d23cee7771223001647e8c7,651,1,4,left-6,right,left-dark,light-up,greater-up,single,41:59.7
65b549c67c7791499c09f8a2,1279,1,2,left-2,right,left-dark,dark-up,fewer-up,dual,42:01.1
60fcc7651cb27f1770cc7ad2,1057,1,30,left-8,left,left-dark,light-up,fewer-up,dual,42:02.5
66a83f244414aaec48b22552,431,1,22,right-1,right,right-dark,light-up,fewer-up,dual,42:03.1
5d537c0cecc84200153075e9,318,0,23,right-6,left,right-dark,light-up,fewer-up,dual,42:05.7
5d23cee7771223001647e8c7,761,1,5,right-2,right,right-dark,light-up,fewer-up,single,42:01.7
5e6685e1ffed4c405a4db5d0,1352,1,17,left-0,right,left-dark,light-up,greater-up,dual,42:03.6
66a83f244414aaec48b22552,510,0,23,left-1,left,left-dark,dark-up,fewer-up,dual,42:04.8
65b549c67c7791499c09f8a2,NULL,0,3,right-6,none,right-dark,light-up,fewer-up,dual,42:03.5
5d537c0cecc84200153075e9,363,0,24,left-3,left,left-dark,dark-up,fewer-up,dual,42:07.5
60fcc7651cb27f1770cc7ad2,1481,1,31,right-1,right,right-dark,dark-up,greater-up,dual,42:05.4
66a83f244414aaec48b22552,491,1,24,right-1,right,right-dark,dark-up,greater-up,dual,42:06.6
5d23cee7771223001647e8c7,791,1,6,left-0,right,left-dark,dark-up,fewer-up,single,42:04.0
5e6685e1ffed4c405a4db5d0,1287,1,18,left-3,left,left-dark,light-up,fewer-up,dual,42:05.9
5d537c0cecc84200153075e9,677,1,25,left-4,left,left-dark,dark-up,greater-up,dual,42:09.5
65b549c67c7791499c09f8a2,1351,1,4,right-0,right,right-dark,dark-up,greater-up,dual,42:06.4
66a83f244414aaec48b22552,756,0,25,left-5,left,left-dark,light-up,greater-up,dual,42:08.6
60fcc7651cb27f1770cc7ad2,1392,1,32,left-7,right,left-dark,dark-up,fewer-up,dual,42:08.1
5d23cee7771223001647e8c7,740,1,7,left-7,right,left-dark,dark-up,fewer-up,single,42:06.1
5d537c0cecc84200153075e9,357,0,26,left-2,left,left-dark,dark-up,fewer-up,dual,42:11.5
6024c18b094ac71dd93f4f5a,1258,1,0,right-7,right,right-dark,dark-up,greater-up,dual,42:08.7
5e6685e1ffed4c405a4db5d0,1491,1,19,left-2,left,left-dark,dark-up,greater-up,dual,42:08.5
65b549c67c7791499c09f8a2,1151,1,5,right-5,right,right-dark,dark-up,greater-up,dual,42:09.1
5d23cee7771223001647e8c7,896,0,8,left-4,right,left-dark,light-up,fewer-up,single,42:08.1
60fcc7651cb27f1770cc7ad2,1123,1,33,right-3,right,right-dark,dark-up,greater-up,dual,42:10.4
5d537c0cecc84200153075e9,394,0,27,left-6,right,left-dark,dark-up,greater-up,dual,42:13.3
66a83f244414aaec48b22552,1350,0,26,left-0,left,left-dark,light-up,greater-up,dual,42:11.0
6024c18b094ac71dd93f4f5a,1059,1,1,left-7,right,left-dark,dark-up,fewer-up,dual,42:11.2
5d537c0cecc84200153075e9,300,0,28,right-8,left,right-dark,light-up,fewer-up,dual,42:14.9
65b549c67c7791499c09f8a2,NULL,0,6,right-1,none,right-dark,light-up,greater-up,dual,42:11.7
60fcc7651cb27f1770cc7ad2,1443,1,34,right-5,left,right-dark,dark-up,fewer-up,dual,42:13.0
66a83f244414aaec48b22552,1119,1,27,right-0,right,right-dark,light-up,fewer-up,dual,42:13.5
5d23cee7771223001647e8c7,1228,0,9,left-5,right,left-dark,light-up,fewer-up,single,42:10.8
6024c18b094ac71dd93f4f5a,1440,1,2,right-1,left,right-dark,dark-up,fewer-up,dual,42:14.1
5d537c0cecc84200153075e9,1406,0,29,left-2,right,left-dark,dark-up,greater-up,dual,42:17.7
66a83f244414aaec48b22552,750,1,28,left-3,left,left-dark,light-up,fewer-up,dual,42:15.3
5d23cee7771223001647e8c7,898,1,10,left-7,left,left-dark,dark-up,greater-up,single,42:12.9
60fcc7651cb27f1770cc7ad2,1247,1,35,left-4,right,left-dark,light-up,greater-up,dual,42:15.5
65b549c67c7791499c09f8a2,1634,1,7,left-4,right,left-dark,dark-up,fewer-up,dual,42:15.3
5d537c0cecc84200153075e9,92,1,30,left-3,left,left-dark,light-up,fewer-up,dual,42:19.1
66a83f244414aaec48b22552,516,0,29,left-8,left,left-dark,dark-up,fewer-up,dual,42:17.2
6024c18b094ac71dd93f4f5a,NULL,0,3,right-0,none,right-dark,light-up,greater-up,dual,42:16.8
5d23cee7771223001647e8c7,700,1,11,right-8,right,right-dark,dark-up,greater-up,single,42:14.7
60fcc7651cb27f1770cc7ad2,1191,1,36,left-1,left,left-dark,light-up,fewer-up,dual,42:17.9
5d537c0cecc84200153075e9,627,0,31,right-4,left,right-dark,dark-up,greater-up,dual,42:21.2
65b549c67c7791499c09f8a2,1321,0,8,left-4,right,left-dark,dark-up,greater-up,dual,42:17.7
66a83f244414aaec48b22552,855,0,30,left-1,left,left-dark,light-up,greater-up,dual,42:19.1
5d23cee7771223001647e8c7,1023,1,12,right-1,right,right-dark,dark-up,greater-up,single,42:16.9
6024c18b094ac71dd93f4f5a,1677,1,4,left-9,left,left-dark,dark-up,greater-up,dual,42:20.1
60fcc7651cb27f1770cc7ad2,973,1,37,right-3,left,right-dark,dark-up,fewer-up,dual,42:20.3
66a83f244414aaec48b22552,442,0,31,right-7,right,right-dark,dark-up,fewer-up,dual,42:20.8
5d537c0cecc84200153075e9,571,0,32,right-6,right,right-dark,light-up,greater-up,dual,42:23.3
5e6685e1ffed4c405a4db5d0,NULL,0,20,right-7,none,right-dark,light-up,greater-up,dual,42:20.5
5d23cee7771223001647e8c7,659,1,13,right-0,right,right-dark,dark-up,greater-up,single,42:18.8
65b549c67c7791499c09f8a2,1268,1,9,left-9,right,left-dark,light-up,greater-up,dual,42:20.4
66a83f244414aaec48b22552,588,0,32,left-2,left,left-dark,dark-up,fewer-up,dual,42:22.7
5d537c0cecc84200153075e9,660,1,33,left-9,left,left-dark,dark-up,greater-up,dual,42:25.2
60fcc7651cb27f1770cc7ad2,1017,1,38,right-1,left,right-dark,light-up,greater-up,dual,42:22.4
6024c18b094ac71dd93f4f5a,980,1,5,left-8,left,left-dark,light-up,fewer-up,dual,42:22.6
5d23cee7771223001647e8c7,791,1,14,left-1,left,left-dark,dark-up,greater-up,single,42:20.7
5e6685e1ffed4c405a4db5d0,1079,1,21,right-4,right,right-dark,light-up,fewer-up,dual,42:23.2
66a83f244414aaec48b22552,388,1,33,right-5,right,right-dark,dark-up,greater-up,dual,42:24.2
65b549c67c7791499c09f8a2,1479,1,10,right-7,left,right-dark,light-up,greater-up,dual,42:23.2
5d537c0cecc84200153075e9,804,1,34,right-0,left,right-dark,light-up,greater-up,dual,42:27.5
60fcc7651cb27f1770cc7ad2,998,1,39,right-1,right,right-dark,light-up,fewer-up,dual,42:24.7
5d23cee7771223001647e8c7,720,0,15,right-0,right,right-dark,dark-up,fewer-up,single,42:22.6
6024c18b094ac71dd93f4f5a,1368,1,6,left-2,left,left-dark,dark-up,greater-up,dual,42:25.4
66a83f244414aaec48b22552,660,1,34,left-5,left,left-dark,dark-up,greater-up,dual,42:26.1
5e6685e1ffed4c405a4db5d0,838,1,22,left-1,left,left-dark,light-up,fewer-up,dual,42:25.4
65b549c67c7791499c09f8a2,NULL,0,11,right-7,none,right-dark,dark-up,greater-up,dual,42:25.5
5d537c0cecc84200153075e9,812,0,35,right-9,left,right-dark,light-up,fewer-up,dual,42:29.5
66a83f244414aaec48b22552,406,0,35,right-4,right,right-dark,light-up,greater-up,dual,42:27.6
5d23cee7771223001647e8c7,1207,1,16,left-8,right,left-dark,light-up,greater-up,single,42:24.9
6024c18b094ac71dd93f4f5a,NULL,0,7,left-5,none,left-dark,light-up,fewer-up,dual,42:28.1
5e6685e1ffed4c405a4db5d0,1124,0,23,right-4,left,right-dark,dark-up,greater-up,dual,42:27.9
5d537c0cecc84200153075e9,779,0,36,right-2,left,right-dark,light-up,fewer-up,dual,42:31.6
66a83f244414aaec48b22552,821,1,36,left-2,left,left-dark,light-up,fewer-up,dual,42:29.8
65b549c67c7791499c09f8a2,1236,1,12,left-1,right,left-dark,light-up,greater-up,dual,42:28.7
5d23cee7771223001647e8c7,993,1,17,left-9,left,left-dark,light-up,fewer-up,single,42:27.4
5beccd423b6489000156596f,1202,1,0,right-6,left,right-dark,dark-up,fewer-up,dual,42:30.0
5e6685e1ffed4c405a4db5d0,1009,1,24,right-8,right,right-dark,dark-up,greater-up,dual,42:30.1
5d537c0cecc84200153075e9,878,1,37,right-3,right,right-dark,light-up,fewer-up,dual,42:33.5
66a83f244414aaec48b22552,377,1,37,left-4,left,left-dark,light-up,fewer-up,dual,42:31.5
6024c18b094ac71dd93f4f5a,1445,1,8,left-5,right,left-dark,dark-up,fewer-up,dual,42:31.1
5d23cee7771223001647e8c7,790,1,18,left-4,right,left-dark,dark-up,fewer-up,single,42:29.5
5beccd423b6489000156596f,896,1,1,right-5,right,right-dark,dark-up,greater-up,dual,42:32.0
60fcc7651cb27f1770cc7ad2,NULL,0,40,right-0,none,right-dark,light-up,fewer-up,dual,42:32.1
5d537c0cecc84200153075e9,582,0,38,right-9,right,right-dark,dark-up,fewer-up,dual,42:35.3
65b549c67c7791499c09f8a2,1558,1,13,left-6,left,left-dark,light-up,fewer-up,dual,42:31.6
5e6685e1ffed4c405a4db5d0,881,1,25,left-9,left,left-dark,light-up,fewer-up,dual,42:32.4
66a83f244414aaec48b22552,1212,1,38,left-6,left,left-dark,dark-up,greater-up,dual,42:34.0
6024c18b094ac71dd93f4f5a,1213,0,9,left-5,left,left-dark,light-up,greater-up,dual,42:33.8
5d23cee7771223001647e8c7,965,1,19,right-6,right,right-dark,light-up,fewer-up,single,42:32.0
5beccd423b6489000156596f,1166,1,2,left-2,right,left-dark,light-up,greater-up,dual,42:34.3
60fcc7651cb27f1770cc7ad2,932,1,41,left-1,right,left-dark,light-up,greater-up,dual,42:34.8
5d537c0cecc84200153075e9,1399,1,39,right-4,right,right-dark,light-up,fewer-up,dual,42:37.8
65b549c67c7791499c09f8a2,NULL,0,14,left-5,none,left-dark,dark-up,greater-up,dual,42:34.1
66a83f244414aaec48b22552,530,0,39,right-6,right,right-dark,light-up,greater-up,dual,42:35.7
5e6685e1ffed4c405a4db5d0,1295,1,26,left-4,right,left-dark,light-up,greater-up,dual,42:35.2
6024c18b094ac71dd93f4f5a,1341,1,10,left-7,left,left-dark,dark-up,greater-up,dual,42:36.5
60fcc7651cb27f1770cc7ad2,824,1,42,right-3,right,right-dark,light-up,fewer-up,dual,42:36.7
5beccd423b6489000156596f,1290,1,3,left-3,left,left-dark,light-up,fewer-up,dual,42:36.7
5e6685e1ffed4c405a4db5d0,1015,1,27,left-9,right,left-dark,light-up,greater-up,dual,42:37.3
65b549c67c7791499c09f8a2,1730,1,15,left-0,right,left-dark,light-up,greater-up,dual,42:37.8
5beccd423b6489000156596f,1105,1,4,left-6,right,left-dark,dark-up,fewer-up,dual,42:38.9
5f171b6978c6ae032e458f06,NULL,0,0,left-6,none,left-dark,dark-up,fewer-up,single,42:39.0
6024c18b094ac71dd93f4f5a,1444,1,11,left-3,left,left-dark,light-up,fewer-up,dual,42:39.2
60fcc7651cb27f1770cc7ad2,1530,1,43,right-8,right,right-dark,dark-up,greater-up,dual,42:39.6
66a83f244414aaec48b22552,NULL,0,40,right-0,none,right-dark,dark-up,fewer-up,dual,42:40.9
5e6685e1ffed4c405a4db5d0,1628,1,28,right-6,left,right-dark,light-up,greater-up,dual,42:40.0
5beccd423b6489000156596f,1162,1,5,right-3,right,right-dark,dark-up,greater-up,dual,42:41.3
5f171b6978c6ae032e458f06,626,0,1,right-1,left,right-dark,dark-up,greater-up,single,42:41.3
60fcc7651cb27f1770cc7ad2,909,1,44,right-5,right,right-dark,light-up,fewer-up,dual,42:41.6
65b549c67c7791499c09f8a2,1696,0,16,right-5,right,right-dark,light-up,greater-up,dual,42:41.0
6024c18b094ac71dd93f4f5a,1142,1,12,left-8,left,left-dark,dark-up,greater-up,dual,42:42.0
5e6685e1ffed4c405a4db5d0,962,1,29,right-7,right,right-dark,light-up,fewer-up,dual,42:42.2
66a83f244414aaec48b22552,468,0,41,left-8,left,left-dark,light-up,greater-up,dual,42:43.2
69a20ec7c6f01fa94b78c644,1374,1,0,right-0,right,right-dark,dark-up,greater-up,single,42:42.7
5f171b6978c6ae032e458f06,856,1,2,left-3,left,left-dark,light-up,fewer-up,single,42:43.5
60fcc7651cb27f1770cc7ad2,1021,1,45,right-2,right,right-dark,dark-up,greater-up,dual,42:43.9
5beccd423b6489000156596f,1321,1,6,left-1,right,left-dark,light-up,greater-up,dual,42:43.9
5d537c0cecc84200153075e9,1385,1,40,left-3,left,left-dark,dark-up,greater-up,dual,42:46.8
65b549c67c7791499c09f8a2,NULL,0,17,left-6,none,left-dark,dark-up,fewer-up,dual,42:43.6
6024c18b094ac71dd93f4f5a,1020,1,13,right-8,right,right-dark,dark-up,greater-up,dual,42:44.4
66a83f244414aaec48b22552,485,1,42,right-7,right,right-dark,light-up,fewer-up,dual,42:45.2
5e6685e1ffed4c405a4db5d0,1108,1,30,left-5,right,left-dark,dark-up,fewer-up,dual,42:44.4
69a20ec7c6f01fa94b78c644,1208,1,1,right-8,left,right-dark,light-up,greater-up,single,42:45.3
5f171b6978c6ae032e458f06,870,1,3,right-2,right,right-dark,light-up,fewer-up,single,42:45.5
5d537c0cecc84200153075e9,570,0,41,left-0,left,left-dark,light-up,greater-up,dual,42:48.9
60fcc7651cb27f1770cc7ad2,865,1,46,left-9,left,left-dark,dark-up,greater-up,dual,42:46.0
5d23cee7771223001647e8c7,1097,1,20,right-9,left,right-dark,dark-up,fewer-up,single,42:43.9
66a83f244414aaec48b22552,496,1,43,right-9,right,right-dark,light-up,fewer-up,dual,42:46.8
5beccd423b6489000156596f,1169,1,7,right-3,left,right-dark,light-up,greater-up,dual,42:46.5
6024c18b094ac71dd93f4f5a,1315,1,14,left-5,left,left-dark,dark-up,greater-up,dual,42:47.1
69a20ec7c6f01fa94b78c644,771,1,2,left-6,right,left-dark,light-up,greater-up,single,42:47.5
5f171b6978c6ae032e458f06,942,1,4,left-8,left,left-dark,dark-up,greater-up,single,42:47.6
65b549c67c7791499c09f8a2,NULL,0,18,right-1,none,right-dark,dark-up,greater-up,dual,42:46.9
60fcc7651cb27f1770cc7ad2,653,1,47,right-9,right,right-dark,light-up,fewer-up,dual,42:47.7
5e6685e1ffed4c405a4db5d0,1579,0,31,left-6,left,left-dark,light-up,greater-up,dual,42:47.3
5d537c0cecc84200153075e9,824,1,42,left-7,right,left-dark,light-up,greater-up,dual,42:50.8
66a83f244414aaec48b22552,386,0,44,left-6,left,left-dark,light-up,greater-up,dual,42:48.7
5beccd423b6489000156596f,878,1,8,left-4,left,left-dark,light-up,fewer-up,dual,42:48.5
5d23cee7771223001647e8c7,1051,1,21,left-3,left,left-dark,light-up,fewer-up,single,42:46.4
60fcc7651cb27f1770cc7ad2,732,1,48,left-7,left,left-dark,light-up,fewer-up,dual,42:49.5
6024c18b094ac71dd93f4f5a,963,1,15,right-0,right,right-dark,light-up,fewer-up,dual,42:49.4
66a83f244414aaec48b22552,467,0,45,right-9,right,right-dark,light-up,greater-up,dual,42:50.4
69a20ec7c6f01fa94b78c644,1174,1,3,left-2,left,left-dark,dark-up,greater-up,single,42:50.0
5f171b6978c6ae032e458f06,974,1,5,left-2,right,left-dark,light-up,greater-up,single,42:50.1
5e6685e1ffed4c405a4db5d0,NULL,0,32,left-2,none,left-dark,light-up,greater-up,dual,42:49.9
5d29d6bd30fa6f0015cd4a75,980,1,0,left-4,left,left-dark,dark-up,greater-up,single,42:50.4
5beccd423b6489000156596f,955,1,9,left-5,right,left-dark,light-up,greater-up,dual,42:50.6
5d23cee7771223001647e8c7,989,1,22,right-4,left,right-dark,light-up,greater-up,single,42:48.5
65b549c67c7791499c09f8a2,1256,0,19,right-3,right,right-dark,light-up,greater-up,dual,42:50.1
5d537c0cecc84200153075e9,1590,0,43,right-1,right,right-dark,dark-up,fewer-up,dual,42:54.0
60fcc7651cb27f1770cc7ad2,646,1,49,right-2,right,right-dark,light-up,fewer-up,dual,42:51.3
66a83f244414aaec48b22552,666,1,46,left-7,left,left-dark,light-up,fewer-up,dual,42:52.3
6024c18b094ac71dd93f4f5a,1021,1,16,right-4,right,right-dark,dark-up,greater-up,dual,42:51.9
5f171b6978c6ae032e458f06,911,1,6,left-0,right,left-dark,light-up,greater-up,single,42:52.2
69a20ec7c6f01fa94b78c644,909,1,4,right-7,right,right-dark,dark-up,greater-up,single,42:52.2
5d537c0cecc84200153075e9,385,1,44,left-8,left,left-dark,light-up,fewer-up,dual,42:55.8
5e6685e1ffed4c405a4db5d0,843,1,33,left-3,right,left-dark,dark-up,fewer-up,dual,42:52.4
5d23cee7771223001647e8c7,1025,0,23,left-6,right,left-dark,light-up,fewer-up,single,42:50.8
5beccd423b6489000156596f,1316,0,10,left-2,left,left-dark,dark-up,fewer-up,dual,42:53.3
5d29d6bd30fa6f0015cd4a75,1428,0,1,left-6,right,left-dark,light-up,fewer-up,single,42:53.3
60fcc7651cb27f1770cc7ad2,833,1,50,left-8,right,left-dark,dark-up,fewer-up,dual,42:53.5
66a83f244414aaec48b22552,380,0,47,right-5,right,right-dark,light-up,greater-up,dual,42:54.1
5f171b6978c6ae032e458f06,883,1,7,right-0,left,right-dark,dark-up,fewer-up,single,42:54.1
69a20ec7c6f01fa94b78c644,1019,1,5,right-6,right,right-dark,light-up,fewer-up,single,42:54.3
6024c18b094ac71dd93f4f5a,1024,1,17,left-4,left,left-dark,light-up,fewer-up,dual,42:54.4
5e6685e1ffed4c405a4db5d0,1053,1,34,left-0,right,left-dark,dark-up,fewer-up,dual,42:54.5
5d537c0cecc84200153075e9,1374,0,45,right-7,right,right-dark,dark-up,fewer-up,dual,42:58.3
5d23cee7771223001647e8c7,1142,1,24,left-7,left,left-dark,light-up,fewer-up,single,42:53.2
5d29d6bd30fa6f0015cd4a75,952,0,2,right-3,right,right-dark,dark-up,fewer-up,single,42:55.4
5beccd423b6489000156596f,901,1,11,left-0,right,left-dark,dark-up,fewer-up,dual,42:55.5
66a83f244414aaec48b22552,NULL,0,48,left-7,none,left-dark,dark-up,greater-up,dual,42:56.5
60fcc7651cb27f1770cc7ad2,1387,1,51,right-2,left,right-dark,dark-up,fewer-up,dual,42:56.2
69a20ec7c6f01fa94b78c644,935,1,6,right-1,left,right-dark,dark-up,fewer-up,single,42:56.4
5f171b6978c6ae032e458f06,1273,1,8,right-8,left,right-dark,dark-up,fewer-up,single,42:56.7
6024c18b094ac71dd93f4f5a,840,1,18,right-3,right,right-dark,dark-up,greater-up,dual,42:56.6
5e6685e1ffed4c405a4db5d0,879,1,35,left-7,left,left-dark,dark-up,greater-up,dual,42:56.5
5d29d6bd30fa6f0015cd4a75,905,0,3,right-0,left,right-dark,dark-up,greater-up,single,42:57.5
5d23cee7771223001647e8c7,982,0,25,right-9,right,right-dark,light-up,greater-up,single,42:55.5
5d537c0cecc84200153075e9,NULL,0,46,right-5,none,right-dark,dark-up,fewer-up,dual,43:00.7
5beccd423b6489000156596f,1164,0,12,right-9,left,right-dark,light-up,fewer-up,dual,42:58.1
69a20ec7c6f01fa94b78c644,858,1,7,right-3,right,right-dark,light-up,fewer-up,single,42:58.4
66a83f244414aaec48b22552,1022,1,49,left-5,left,left-dark,light-up,fewer-up,dual,42:59.4
60fcc7651cb27f1770cc7ad2,1547,1,52,right-3,left,right-dark,light-up,greater-up,dual,42:59.0
5e6685e1ffed4c405a4db5d0,789,1,36,left-0,left,left-dark,dark-up,greater-up,dual,42:58.6
5f171b6978c6ae032e458f06,1240,0,9,left-2,right,left-dark,dark-up,greater-up,single,42:59.3
6024c18b094ac71dd93f4f5a,1255,0,19,right-5,right,right-dark,light-up,greater-up,dual,42:59.5
5d537c0cecc84200153075e9,524,1,47,left-9,left,left-dark,light-up,fewer-up,dual,43:02.9
5d23cee7771223001647e8c7,1102,1,26,left-6,right,left-dark,dark-up,fewer-up,single,42:57.9
5d29d6bd30fa6f0015cd4a75,1220,0,4,right-5,right,right-dark,light-up,greater-up,single,43:00.3
5beccd423b6489000156596f,930,0,13,left-9,right,left-dark,light-up,fewer-up,dual,43:00.4
69a20ec7c6f01fa94b78c644,798,1,8,right-6,left,right-dark,dark-up,fewer-up,single,43:00.5
60fcc7651cb27f1770cc7ad2,808,1,53,left-0,right,left-dark,light-up,greater-up,dual,43:00.9
66a83f244414aaec48b22552,807,0,50,left-4,left,left-dark,dark-up,fewer-up,dual,43:01.5
5e6685e1ffed4c405a4db5d0,771,1,37,right-1,right,right-dark,dark-up,greater-up,dual,43:00.7
5d537c0cecc84200153075e9,669,1,48,left-2,left,left-dark,light-up,fewer-up,dual,43:04.7
5f171b6978c6ae032e458f06,1542,1,10,left-9,right,left-dark,light-up,greater-up,single,43:02.2
5d23cee7771223001647e8c7,1098,0,27,left-5,left,left-dark,light-up,greater-up,single,43:00.2
5d29d6bd30fa6f0015cd4a75,1110,1,5,left-2,left,left-dark,light-up,fewer-up,single,43:02.6
69a20ec7c6f01fa94b78c644,851,1,9,right-5,left,right-dark,dark-up,fewer-up,single,43:02.8
5beccd423b6489000156596f,957,1,14,left-4,left,left-dark,dark-up,greater-up,dual,43:02.9
66a83f244414aaec48b22552,769,0,51,right-9,right,right-dark,dark-up,fewer-up,dual,43:03.5
60fcc7651cb27f1770cc7ad2,1088,1,54,right-9,left,right-dark,light-up,greater-up,dual,43:03.3
5d537c0cecc84200153075e9,810,0,49,right-3,right,right-dark,dark-up,fewer-up,dual,43:06.6
5e6685e1ffed4c405a4db5d0,1177,1,38,right-4,left,right-dark,light-up,greater-up,dual,43:03.3
5f171b6978c6ae032e458f06,925,1,11,right-9,left,right-dark,dark-up,fewer-up,single,43:04.4
66a83f244414aaec48b22552,499,1,52,left-1,left,left-dark,light-up,fewer-up,dual,43:05.1
69a20ec7c6f01fa94b78c644,730,1,10,left-7,left,left-dark,dark-up,greater-up,single,43:04.7
5d23cee7771223001647e8c7,1177,1,28,left-7,right,left-dark,light-up,greater-up,single,43:02.5
5d29d6bd30fa6f0015cd4a75,824,0,6,left-6,left,left-dark,light-up,greater-up,single,43:04.9
5beccd423b6489000156596f,945,1,15,left-6,left,left-dark,light-up,fewer-up,dual,43:05.3
65b549c67c7791499c09f8a2,1519,0,20,left-3,left,left-dark,dark-up,fewer-up,dual,43:04.6
6024c18b094ac71dd93f4f5a,1517,1,20,left-7,left,left-dark,light-up,fewer-up,dual,43:05.3
5d537c0cecc84200153075e9,864,0,50,right-0,right,right-dark,dark-up,fewer-up,dual,43:08.5
60fcc7651cb27f1770cc7ad2,1383,1,55,left-7,right,left-dark,light-up,greater-up,dual,43:05.8
5e6685e1ffed4c405a4db5d0,1740,1,39,right-1,left,right-dark,light-up,greater-up,dual,43:06.3
610008383c0a128712403745,1497,0,0,left-2,left,left-dark,dark-up,fewer-up,single,43:07.0
5f171b6978c6ae032e458f06,1028,1,12,left-4,right,left-dark,dark-up,fewer-up,single,43:06.8
5d23cee7771223001647e8c7,831,1,29,left-4,right,left-dark,light-up,greater-up,single,43:04.7
66a83f244414aaec48b22552,1236,1,53,left-6,left,left-dark,light-up,fewer-up,dual,43:07.7
5d29d6bd30fa6f0015cd4a75,1026,0,7,right-6,right,right-dark,light-up,greater-up,single,43:07.3
69a20ec7c6f01fa94b78c644,1451,1,11,left-9,left,left-dark,light-up,fewer-up,single,43:07.4
5beccd423b6489000156596f,950,1,16,right-8,left,right-dark,dark-up,fewer-up,dual,43:07.4
5d537c0cecc84200153075e9,690,0,51,left-6,left,left-dark,dark-up,fewer-up,dual,43:10.5
65b549c67c7791499c09f8a2,NULL,0,21,left-7,none,left-dark,dark-up,fewer-up,dual,43:06.9
60fcc7651cb27f1770cc7ad2,818,1,56,right-6,left,right-dark,dark-up,fewer-up,dual,43:07.8
6024c18b094ac71dd93f4f5a,1440,1,21,right-3,left,right-dark,dark-up,fewer-up,dual,43:07.9
66a83f244414aaec48b22552,544,0,54,right-2,right,right-dark,dark-up,fewer-up,dual,43:09.3
5d23cee7771223001647e8c7,939,1,30,left-2,left,left-dark,light-up,fewer-up,single,43:06.8
610008383c0a128712403745,1161,1,1,left-3,right,left-dark,light-up,greater-up,single,43:09.4
5f171b6978c6ae032e458f06,1061,1,13,left-3,right,left-dark,dark-up,fewer-up,single,43:09.2
5d29d6bd30fa6f0015cd4a75,873,1,8,right-2,left,right-dark,light-up,greater-up,single,43:09.4
69a20ec7c6f01fa94b78c644,1090,1,12,right-0,left,right-dark,light-up,greater-up,single,43:09.7
5beccd423b6489000156596f,954,1,17,left-0,left,left-dark,light-up,fewer-up,dual,43:09.7
60fcc7651cb27f1770cc7ad2,876,1,57,right-4,right,right-dark,light-up,fewer-up,dual,43:10.0
5d537c0cecc84200153075e9,753,1,52,left-5,right,left-dark,dark-up,fewer-up,dual,43:13.0
6024c18b094ac71dd93f4f5a,1442,1,22,left-0,right,left-dark,light-up,greater-up,dual,43:10.6
65b549c67c7791499c09f8a2,1497,1,22,right-8,right,right-dark,light-up,fewer-up,dual,43:10.4
5d23cee7771223001647e8c7,820,1,31,left-8,left,left-dark,dark-up,greater-up,single,43:08.9
66a83f244414aaec48b22552,997,0,55,right-3,right,right-dark,light-up,greater-up,dual,43:11.8
5d29d6bd30fa6f0015cd4a75,795,0,9,left-1,left,left-dark,light-up,greater-up,single,43:11.3
610008383c0a128712403745,1056,1,2,right-0,left,right-dark,dark-up,fewer-up,single,43:11.8
69a20ec7c6f01fa94b78c644,698,1,13,right-9,left,right-dark,light-up,greater-up,single,43:11.6
5f171b6978c6ae032e458f06,1360,1,14,left-5,right,left-dark,dark-up,fewer-up,single,43:11.7
5d537c0cecc84200153075e9,449,1,53,left-4,right,left-dark,dark-up,fewer-up,dual,43:14.8
60fcc7651cb27f1770cc7ad2,659,1,58,left-2,left,left-dark,light-up,fewer-up,dual,43:11.9
5beccd423b6489000156596f,773,1,18,left-8,left,left-dark,light-up,fewer-up,dual,43:11.9
66a83f244414aaec48b22552,458,0,56,left-3,left,left-dark,dark-up,fewer-up,dual,43:13.4
5d29d6bd30fa6f0015cd4a75,895,0,10,right-6,right,right-dark,dark-up,fewer-up,single,43:13.3
65b549c67c7791499c09f8a2,NULL,0,23,left-1,none,left-dark,dark-up,fewer-up,dual,43:12.7
69a20ec7c6f01fa94b78c644,770,1,14,left-5,right,left-dark,light-up,greater-up,single,43:13.5
5d23cee7771223001647e8c7,1043,0,32,right-0,left,right-dark,light-up,fewer-up,single,43:11.4
610008383c0a128712403745,766,1,3,left-9,left,left-dark,dark-up,greater-up,single,43:13.9
60fcc7651cb27f1770cc7ad2,895,1,59,right-4,right,right-dark,dark-up,greater-up,dual,43:13.9
6024c18b094ac71dd93f4f5a,1607,1,23,left-3,right,left-dark,dark-up,fewer-up,dual,43:13.8
5d537c0cecc84200153075e9,886,0,54,left-6,left,left-dark,light-up,greater-up,dual,43:17.1
5beccd423b6489000156596f,892,1,19,right-0,left,right-dark,light-up,greater-up,dual,43:14.2
5f171b6978c6ae032e458f06,1220,1,15,right-0,right,right-dark,dark-up,greater-up,single,43:14.3
66a83f244414aaec48b22552,472,1,57,left-8,left,left-dark,light-up,fewer-up,dual,43:15.3
5eacb97b5eaaf53389bfb8a2,1246,0,0,left-2,left,left-dark,dark-up,fewer-up,single,43:24.2
69a20ec7c6f01fa94b78c644,833,1,15,right-9,left,right-dark,dark-up,fewer-up,single,43:15.5
5d29d6bd30fa6f0015cd4a75,1245,0,11,right-1,left,right-dark,light-up,fewer-up,single,43:15.8
610008383c0a128712403745,900,1,4,right-9,right,right-dark,light-up,fewer-up,single,43:16.2
5d537c0cecc84200153075e9,767,1,55,left-9,right,left-dark,light-up,greater-up,dual,43:19.0
5d23cee7771223001647e8c7,1292,1,33,right-0,left,right-dark,light-up,greater-up,single,43:13.8
66a83f244414aaec48b22552,452,1,58,right-8,right,right-dark,light-up,fewer-up,dual,43:17.0
65b549c67c7791499c09f8a2,NULL,0,24,right-2,none,right-dark,dark-up,greater-up,dual,43:15.8
6024c18b094ac71dd93f4f5a,1524,1,24,left-2,right,left-dark,dark-up,fewer-up,dual,43:16.6
5f171b6978c6ae032e458f06,1003,1,16,left-1,left,left-dark,dark-up,greater-up,single,43:16.8
69a20ec7c6f01fa94b78c644,731,1,16,right-6,right,right-dark,dark-up,greater-up,single,43:17.7
5eacb97b5eaaf53389bfb8a2,1155,0,1,left-8,right,left-dark,light-up,fewer-up,single,43:26.6
610008383c0a128712403745,911,1,5,left-3,left,left-dark,light-up,fewer-up,single,43:18.3
5d29d6bd30fa6f0015cd4a75,1047,0,12,left-1,left,left-dark,dark-up,fewer-up,single,43:18.2
5d537c0cecc84200153075e9,1059,1,56,right-5,right,right-dark,dark-up,greater-up,dual,43:21.5
5d23cee7771223001647e8c7,924,1,34,right-8,left,right-dark,light-up,greater-up,single,43:16.3
66a83f244414aaec48b22552,1032,1,59,left-4,left,left-dark,dark-up,greater-up,dual,43:19.3
5f171b6978c6ae032e458f06,938,1,17,right-1,right,right-dark,light-up,fewer-up,single,43:19.1
6024c18b094ac71dd93f4f5a,1062,1,25,right-9,right,right-dark,dark-up,greater-up,dual,43:19.2
65b549c67c7791499c09f8a2,1097,0,25,right-8,right,right-dark,light-up,greater-up,dual,43:18.6
69a20ec7c6f01fa94b78c644,708,1,17,left-0,left,left-dark,light-up,fewer-up,single,43:19.6
5eacb97b5eaaf53389bfb8a2,901,1,2,right-6,right,right-dark,dark-up,greater-up,single,43:28.6
5d29d6bd30fa6f0015cd4a75,808,1,13,left-2,right,left-dark,dark-up,fewer-up,single,43:20.3
5d537c0cecc84200153075e9,930,0,57,left-7,left,left-dark,dark-up,fewer-up,dual,43:23.5
610008383c0a128712403745,1005,1,6,left-0,left,left-dark,light-up,fewer-up,single,43:20.9
5d23cee7771223001647e8c7,825,1,35,left-3,left,left-dark,dark-up,greater-up,single,43:18.5
5f171b6978c6ae032e458f06,1074,1,18,right-2,right,right-dark,dark-up,greater-up,single,43:21.3
60fcc7651cb27f1770cc7ad2,1585,1,60,left-5,left,left-dark,light-up,fewer-up,dual,43:21.4
65b549c67c7791499c09f8a2,873,0,26,right-8,right,right-dark,dark-up,fewer-up,dual,43:20.9
69a20ec7c6f01fa94b78c644,844,1,18,left-4,right,left-dark,dark-up,fewer-up,single,43:21.8
5eacb97b5eaaf53389bfb8a2,955,0,3,left-8,left,left-dark,dark-up,fewer-up,single,43:31.0
6024c18b094ac71dd93f4f5a,1512,0,26,right-8,left,right-dark,light-up,fewer-up,dual,43:22.2
5d29d6bd30fa6f0015cd4a75,728,1,14,left-7,right,left-dark,dark-up,fewer-up,single,43:22.4
610008383c0a128712403745,820,0,7,right-0,right,right-dark,light-up,greater-up,single,43:22.9
5d537c0cecc84200153075e9,846,0,58,right-6,right,right-dark,dark-up,fewer-up,dual,43:25.7
5d23cee7771223001647e8c7,858,1,36,left-8,right,left-dark,dark-up,fewer-up,single,43:20.7
65b549c67c7791499c09f8a2,536,0,27,left-0,left,left-dark,dark-up,fewer-up,dual,43:22.7
5f171b6978c6ae032e458f06,939,1,19,left-9,left,left-dark,light-up,fewer-up,single,43:23.6
69a20ec7c6f01fa94b78c644,749,1,19,left-4,left,left-dark,dark-up,greater-up,single,43:23.7
60fcc7651cb27f1770cc7ad2,915,1,61,right-7,left,right-dark,light-up,greater-up,dual,43:23.8
5d29d6bd30fa6f0015cd4a75,762,0,15,left-1,right,left-dark,dark-up,greater-up,single,43:24.3
5eacb97b5eaaf53389bfb8a2,1062,1,4,left-8,left,left-dark,dark-up,greater-up,single,43:33.3
5d537c0cecc84200153075e9,903,1,59,left-0,right,left-dark,dark-up,fewer-up,dual,43:27.7
6024c18b094ac71dd93f4f5a,1308,1,27,right-5,right,right-dark,dark-up,greater-up,dual,43:25.0
5d23cee7771223001647e8c7,816,1,37,right-6,right,right-dark,dark-up,greater-up,single,43:22.8
66a83f244414aaec48b22552,1302,0,60,left-9,right,left-dark,dark-up,greater-up,dual,43:25.6
610008383c0a128712403745,1310,1,8,left-1,right,left-dark,dark-up,fewer-up,single,43:25.7
65b549c67c7791499c09f8a2,775,0,28,left-8,right,left-dark,dark-up,greater-up,dual,43:24.7
60fcc7651cb27f1770cc7ad2,954,1,62,right-7,right,right-dark,dark-up,greater-up,dual,43:26.0
5d29d6bd30fa6f0015cd4a75,1098,1,16,left-4,right,left-dark,light-up,greater-up,single,43:26.5
5eacb97b5eaaf53389bfb8a2,817,1,5,right-1,right,right-dark,dark-up,greater-up,single,43:35.6
66a83f244414aaec48b22552,548,0,61,left-0,left,left-dark,dark-up,fewer-up,dual,43:27.4
5d23cee7771223001647e8c7,764,1,38,right-2,left,right-dark,light-up,greater-up,single,43:24.7
6024c18b094ac71dd93f4f5a,1368,1,28,right-9,left,right-dark,light-up,greater-up,dual,43:27.7
60fcc7651cb27f1770cc7ad2,871,1,63,left-5,left,left-dark,dark-up,greater-up,dual,43:27.9
610008383c0a128712403745,1344,1,9,left-7,left,left-dark,light-up,fewer-up,single,43:28.3
65b549c67c7791499c09f8a2,1370,1,29,left-7,left,left-dark,dark-up,greater-up,dual,43:27.5
5d29d6bd30fa6f0015cd4a75,1049,0,17,left-5,right,left-dark,dark-up,greater-up,single,43:28.9
66a83f244414aaec48b22552,930,1,62,right-5,right,right-dark,light-up,fewer-up,dual,43:29.6
5eacb97b5eaaf53389bfb8a2,1062,0,6,left-5,left,left-dark,dark-up,fewer-up,single,43:37.9
5d23cee7771223001647e8c7,926,1,39,left-2,right,left-dark,dark-up,fewer-up,single,43:26.9
60fcc7651cb27f1770cc7ad2,823,1,64,left-8,left,left-dark,dark-up,greater-up,dual,43:30.0
610008383c0a128712403745,780,1,10,right-0,right,right-dark,dark-up,greater-up,single,43:30.3
5e6685e1ffed4c405a4db5d0,1179,1,40,right-5,right,right-dark,light-up,fewer-up,dual,43:30.3
5d29d6bd30fa6f0015cd4a75,734,0,18,left-5,left,left-dark,light-up,greater-up,single,43:30.8
6024c18b094ac71dd93f4f5a,1573,1,29,right-7,left,right-dark,light-up,greater-up,dual,43:30.9
66a83f244414aaec48b22552,618,1,63,left-1,left,left-dark,dark-up,greater-up,dual,43:31.6
65b549c67c7791499c09f8a2,1438,1,30,left-4,right,left-dark,light-up,greater-up,dual,43:30.4
5d537c0cecc84200153075e9,993,1,60,left-5,left,left-dark,dark-up,greater-up,dual,43:34.2
5eacb97b5eaaf53389bfb8a2,1086,1,7,left-6,right,left-dark,light-up,greater-up,single,43:40.6
5beccd423b6489000156596f,791,1,20,left-7,left,left-dark,light-up,fewer-up,dual,43:32.1
610008383c0a128712403745,997,1,11,left-9,left,left-dark,light-up,fewer-up,single,43:32.7
60fcc7651cb27f1770cc7ad2,1444,1,65,right-0,left,right-dark,light-up,greater-up,dual,43:32.5
5e6685e1ffed4c405a4db5d0,835,1,41,left-5,left,left-dark,light-up,fewer-up,dual,43:32.2
66a83f244414aaec48b22552,478,0,64,right-1,right,right-dark,dark-up,fewer-up,dual,43:33.1
5d29d6bd30fa6f0015cd4a75,628,1,19,right-9,right,right-dark,light-up,fewer-up,single,43:33.0
6024c18b094ac71dd93f4f5a,1357,1,30,right-2,left,right-dark,light-up,greater-up,dual,43:33.5
65b549c67c7791499c09f8a2,1309,1,31,right-8,right,right-dark,dark-up,greater-up,dual,43:33.2
5eacb97b5eaaf53389bfb8a2,1234,0,8,right-0,left,right-dark,light-up,fewer-up,single,43:42.9
5d537c0cecc84200153075e9,1331,1,61,right-1,right,right-dark,dark-up,greater-up,dual,43:37.1
69a20ec7c6f01fa94b78c644,1155,1,20,left-2,right,left-dark,dark-up,fewer-up,single,43:34.3
5beccd423b6489000156596f,1068,0,21,right-9,right,right-dark,dark-up,fewer-up,dual,43:34.4
66a83f244414aaec48b22552,443,1,65,left-2,left,left-dark,dark-up,greater-up,dual,43:35.0
60fcc7651cb27f1770cc7ad2,1030,1,66,right-6,right,right-dark,light-up,fewer-up,dual,43:35.0
610008383c0a128712403745,1136,1,12,right-9,left,right-dark,dark-up,fewer-up,single,43:35.3
5e6685e1ffed4c405a4db5d0,1144,1,42,left-9,right,left-dark,dark-up,fewer-up,dual,43:34.6
6024c18b094ac71dd93f4f5a,1324,1,31,right-3,right,right-dark,light-up,fewer-up,dual,43:35.9
5d537c0cecc84200153075e9,738,1,62,right-7,right,right-dark,dark-up,greater-up,dual,43:39.1
5f171b6978c6ae032e458f06,1316,1,20,left-5,left,left-dark,light-up,fewer-up,single,43:36.2
5eacb97b5eaaf53389bfb8a2,1077,1,9,right-6,left,right-dark,light-up,greater-up,single,43:45.1
5beccd423b6489000156596f,794,1,22,right-0,right,right-dark,light-up,fewer-up,dual,43:36.5
69a20ec7c6f01fa94b78c644,903,1,21,left-5,left,left-dark,light-up,fewer-up,single,43:36.6
65b549c67c7791499c09f8a2,1402,1,32,left-7,left,left-dark,light-up,fewer-up,dual,43:35.8
66a83f244414aaec48b22552,780,0,66,right-2,left,right-dark,light-up,fewer-up,dual,43:37.1
610008383c0a128712403745,850,0,13,left-6,right,left-dark,light-up,fewer-up,single,43:37.4
60fcc7651cb27f1770cc7ad2,903,1,67,left-1,right,left-dark,dark-up,fewer-up,dual,43:37.2
5e6685e1ffed4c405a4db5d0,1215,1,43,left-7,right,left-dark,dark-up,fewer-up,dual,43:37.1
5d537c0cecc84200153075e9,564,0,63,left-8,left,left-dark,dark-up,fewer-up,dual,43:40.9
66a83f244414aaec48b22552,621,1,67,left-0,left,left-dark,light-up,fewer-up,dual,43:38.8
5beccd423b6489000156596f,817,1,23,left-5,left,left-dark,light-up,fewer-up,dual,43:38.4
5f171b6978c6ae032e458f06,974,1,21,left-8,left,left-dark,light-up,fewer-up,single,43:38.5
69a20ec7c6f01fa94b78c644,924,1,22,right-2,left,right-dark,light-up,greater-up,single,43:38.7
6024c18b094ac71dd93f4f5a,1578,1,32,left-6,right,left-dark,light-up,greater-up,dual,43:38.7
5eacb97b5eaaf53389bfb8a2,1173,1,10,left-0,left,left-dark,dark-up,greater-up,single,43:47.9
65b549c67c7791499c09f8a2,1508,1,33,right-2,left,right-dark,dark-up,fewer-up,dual,43:38.4
5e6685e1ffed4c405a4db5d0,769,1,44,left-6,left,left-dark,dark-up,greater-up,dual,43:39.1
610008383c0a128712403745,1244,0,14,right-5,right,right-dark,light-up,greater-up,single,43:40.0
60fcc7651cb27f1770cc7ad2,1748,1,68,left-6,right,left-dark,dark-up,fewer-up,dual,43:40.1
5d537c0cecc84200153075e9,923,0,64,right-3,right,right-dark,light-up,greater-up,dual,43:43.3
66a83f244414aaec48b22552,680,0,68,right-6,right,right-dark,dark-up,fewer-up,dual,43:41.0
5f171b6978c6ae032e458f06,953,1,22,right-1,left,right-dark,dark-up,fewer-up,single,43:40.5
5beccd423b6489000156596f,1039,1,24,right-4,left,right-dark,light-up,greater-up,dual,43:40.7
6024c18b094ac71dd93f4f5a,1000,1,33,left-1,left,left-dark,light-up,fewer-up,dual,43:40.8
69a20ec7c6f01fa94b78c644,940,1,23,right-7,left,right-dark,light-up,greater-up,single,43:41.1
5eacb97b5eaaf53389bfb8a2,911,1,11,right-7,right,right-dark,dark-up,greater-up,single,43:50.2
5e6685e1ffed4c405a4db5d0,1103,1,45,right-0,right,right-dark,dark-up,greater-up,dual,43:41.4
5d537c0cecc84200153075e9,484,0,65,right-1,right,right-dark,light-up,greater-up,dual,43:44.8
66a83f244414aaec48b22552,629,1,69,right-8,right,right-dark,dark-up,greater-up,dual,43:42.6
65b549c67c7791499c09f8a2,1424,1,34,right-5,right,right-dark,light-up,fewer-up,dual,43:41.3
610008383c0a128712403745,1033,1,15,left-1,right,left-dark,light-up,greater-up,single,43:42.5
60fcc7651cb27f1770cc7ad2,1344,1,69,left-3,left,left-dark,light-up,fewer-up,dual,43:42.6
5beccd423b6489000156596f,839,1,25,left-3,left,left-dark,dark-up,greater-up,dual,43:43.0
69a20ec7c6f01fa94b78c644,902,1,24,right-8,left,right-dark,dark-up,fewer-up,single,43:43.3
5f171b6978c6ae032e458f06,1452,1,23,left-9,right,left-dark,dark-up,fewer-up,single,43:43.4
5eacb97b5eaaf53389bfb8a2,1104,0,12,right-7,right,right-dark,dark-up,fewer-up,single,43:52.5
6024c18b094ac71dd93f4f5a,NULL,0,34,left-9,none,left-dark,light-up,fewer-up,dual,43:43.6
5d537c0cecc84200153075e9,643,1,66,left-1,left,left-dark,dark-up,greater-up,dual,43:46.9
5e6685e1ffed4c405a4db5d0,935,1,46,left-1,right,left-dark,dark-up,fewer-up,dual,43:43.5
66a83f244414aaec48b22552,847,0,70,right-5,right,right-dark,dark-up,fewer-up,dual,43:44.6
65b549c67c7791499c09f8a2,NULL,0,35,left-3,none,left-dark,dark-up,greater-up,dual,43:43.9
610008383c0a128712403745,999,1,16,left-5,left,left-dark,dark-up,greater-up,single,43:45.0
60fcc7651cb27f1770cc7ad2,1203,1,70,left-3,left,left-dark,dark-up,greater-up,dual,43:45.0
5beccd423b6489000156596f,1008,1,26,right-9,left,right-dark,light-up,greater-up,dual,43:45.2
69a20ec7c6f01fa94b78c644,829,1,25,left-3,left,left-dark,dark-up,greater-up,single,43:45.5
5f171b6978c6ae032e458f06,916,1,24,left-0,left,left-dark,light-up,fewer-up,single,43:45.7
5eacb97b5eaaf53389bfb8a2,941,1,13,left-6,left,left-dark,dark-up,greater-up,single,43:54.7
5d537c0cecc84200153075e9,498,1,67,left-7,left,left-dark,dark-up,greater-up,dual,43:49.0
5e6685e1ffed4c405a4db5d0,1100,1,47,right-3,left,right-dark,dark-up,fewer-up,dual,43:45.7
66a83f244414aaec48b22552,946,0,71,left-9,right,left-dark,light-up,fewer-up,dual,43:46.9
6024c18b094ac71dd93f4f5a,1097,0,35,right-6,right,right-dark,dark-up,fewer-up,dual,43:46.6
5d29d6bd30fa6f0015cd4a75,688,0,20,right-4,right,right-dark,dark-up,fewer-up,single,43:46.8
610008383c0a128712403745,763,1,17,left-2,left,left-dark,dark-up,greater-up,single,43:47.3
60fcc7651cb27f1770cc7ad2,826,1,71,right-9,right,right-dark,dark-up,greater-up,dual,43:47.2
69a20ec7c6f01fa94b78c644,712,1,26,left-8,right,left-dark,light-up,greater-up,single,43:47.7
5beccd423b6489000156596f,1235,1,27,right-6,left,right-dark,light-up,greater-up,dual,43:47.8
65b549c67c7791499c09f8a2,1366,1,36,left-6,right,left-dark,light-up,greater-up,dual,43:47.2
5eacb97b5eaaf53389bfb8a2,906,1,14,right-7,left,right-dark,light-up,greater-up,single,43:56.8
66a83f244414aaec48b22552,571,0,72,right-4,right,right-dark,dark-up,fewer-up,dual,43:48.6
5d537c0cecc84200153075e9,702,0,68,right-4,right,right-dark,dark-up,fewer-up,dual,43:51.1
5f171b6978c6ae032e458f06,1424,0,25,right-9,right,right-dark,light-up,greater-up,single,43:48.4
5e6685e1ffed4c405a4db5d0,1352,1,48,right-0,right,right-dark,light-up,fewer-up,dual,43:48.1
5d29d6bd30fa6f0015cd4a75,816,1,21,right-8,right,right-dark,dark-up,greater-up,single,43:49.2
6024c18b094ac71dd93f4f5a,1219,1,36,left-7,right,left-dark,light-up,greater-up,dual,43:49.3
60fcc7651cb27f1770cc7ad2,958,1,72,left-9,right,left-dark,dark-up,fewer-up,dual,43:49.5
610008383c0a128712403745,1429,1,18,left-4,right,left-dark,light-up,greater-up,single,43:49.9
5d537c0cecc84200153075e9,348,0,69,left-4,left,left-dark,light-up,greater-up,dual,43:52.9
5beccd423b6489000156596f,761,1,28,left-7,left,left-dark,dark-up,greater-up,dual,43:50.0
69a20ec7c6f01fa94b78c644,960,1,27,right-1,right,right-dark,light-up,fewer-up,single,43:50.0
66a83f244414aaec48b22552,1070,1,73,right-4,right,right-dark,light-up,fewer-up,dual,43:50.8
5eacb97b5eaaf53389bfb8a2,975,1,15,left-3,right,left-dark,light-up,greater-up,single,43:59.4
65b549c67c7791499c09f8a2,1367,1,37,right-3,right,right-dark,dark-up,greater-up,dual,43:49.9
5e6685e1ffed4c405a4db5d0,883,1,49,left-2,left,left-dark,light-up,fewer-up,dual,43:50.3
5f171b6978c6ae032e458f06,1478,1,26,right-0,left,right-dark,light-up,greater-up,single,43:51.2
5d29d6bd30fa6f0015cd4a75,954,1,22,right-4,right,right-dark,dark-up,greater-up,single,43:51.3
610008383c0a128712403745,828,1,19,left-2,right,left-dark,light-up,greater-up,single,43:52.0
6024c18b094ac71dd93f4f5a,1129,1,37,left-3,left,left-dark,dark-up,greater-up,dual,43:51.9
69a20ec7c6f01fa94b78c644,933,1,28,left-6,right,left-dark,dark-up,fewer-up,single,43:52.0
60fcc7651cb27f1770cc7ad2,1456,1,73,left-4,left,left-dark,light-up,fewer-up,dual,43:52.3
5beccd423b6489000156596f,1174,0,29,left-5,right,left-dark,dark-up,greater-up,dual,43:52.4
5d537c0cecc84200153075e9,1112,0,70,left-3,left,left-dark,light-up,greater-up,dual,43:55.4
66a83f244414aaec48b22552,NULL,0,74,left-2,none,left-dark,light-up,greater-up,dual,43:53.2
5eacb97b5eaaf53389bfb8a2,1034,0,16,right-3,left,right-dark,light-up,fewer-up,single,44:01.7
65b549c67c7791499c09f8a2,1362,1,38,right-9,right,right-dark,dark-up,greater-up,dual,43:52.4
5d29d6bd30fa6f0015cd4a75,917,0,23,right-9,right,right-dark,dark-up,fewer-up,single,43:53.4
5f171b6978c6ae032e458f06,961,1,27,left-8,right,left-dark,dark-up,fewer-up,single,43:53.5
5e6685e1ffed4c405a4db5d0,1435,1,50,right-3,right,right-dark,dark-up,greater-up,dual,43:53.1
69a20ec7c6f01fa94b78c644,968,1,29,left-1,right,left-dark,dark-up,fewer-up,single,43:54.2
69934339b08d5f0fffb145f4,1602,1,0,right-6,left,right-dark,light-up,greater-up,dual,43:53.7
5d537c0cecc84200153075e9,394,1,71,right-2,right,right-dark,dark-up,greater-up,dual,43:57.2
60fcc7651cb27f1770cc7ad2,1065,1,74,left-4,right,left-dark,dark-up,fewer-up,dual,43:54.8
5beccd423b6489000156596f,1073,1,30,left-7,right,left-dark,dark-up,fewer-up,dual,43:54.9
6024c18b094ac71dd93f4f5a,1708,1,38,right-7,right,right-dark,light-up,fewer-up,dual,43:54.8
5eacb97b5eaaf53389bfb8a2,878,0,17,left-6,left,left-dark,dark-up,fewer-up,single,44:03.9
66a83f244414aaec48b22552,852,0,75,right-3,right,right-dark,dark-up,fewer-up,dual,43:55.7
5d29d6bd30fa6f0015cd4a75,815,0,24,right-8,left,right-dark,light-up,fewer-up,single,43:55.2
65b549c67c7791499c09f8a2,1404,1,39,right-6,right,right-dark,dark-up,greater-up,dual,43:55.2
5e6685e1ffed4c405a4db5d0,1339,1,51,right-2,left,right-dark,light-up,greater-up,dual,43:55.7
5f171b6978c6ae032e458f06,1557,1,28,left-7,right,left-dark,dark-up,fewer-up,single,43:56.5
69a20ec7c6f01fa94b78c644,1038,1,30,right-0,left,right-dark,dark-up,fewer-up,single,43:56.5
69934339b08d5f0fffb145f4,1220,1,1,left-1,left,left-dark,dark-up,greater-up,dual,43:56.1
5d537c0cecc84200153075e9,1145,1,72,left-1,left,left-dark,light-up,fewer-up,dual,43:59.8
66a83f244414aaec48b22552,589,1,76,left-8,left,left-dark,dark-up,greater-up,dual,43:57.7
60fcc7651cb27f1770cc7ad2,964,1,75,left-1,left,left-dark,dark-up,greater-up,dual,43:57.2
5beccd423b6489000156596f,982,1,31,right-1,left,right-dark,light-up,greater-up,dual,43:57.3
6024c18b094ac71dd93f4f5a,NULL,0,39,right-4,none,right-dark,light-up,greater-up,dual,43:57.2
5eacb97b5eaaf53389bfb8a2,929,1,18,right-8,right,right-dark,light-up,fewer-up,single,44:06.2
5d29d6bd30fa6f0015cd4a75,887,1,25,left-6,left,left-dark,dark-up,greater-up,single,43:57.5
5d537c0cecc84200153075e9,479,0,73,right-4,right,right-dark,light-up,greater-up,dual,44:01.5
5e6685e1ffed4c405a4db5d0,1239,0,52,left-4,right,left-dark,dark-up,greater-up,dual,43:58.1
69a20ec7c6f01fa94b78c644,757,1,31,right-8,right,right-dark,light-up,fewer-up,single,43:58.7
69934339b08d5f0fffb145f4,1211,1,2,right-3,right,right-dark,light-up,fewer-up,dual,43:58.4
610008383c0a128712403745,871,1,20,right-8,right,right-dark,dark-up,greater-up,single,43:59.2
5eacb97b5eaaf53389bfb8a2,918,1,19,left-8,right,left-dark,light-up,greater-up,single,44:08.1
66a83f244414aaec48b22552,957,0,77,right-0,right,right-dark,light-up,greater-up,dual,43:59.9
5f171b6978c6ae032e458f06,1743,1,29,right-6,right,right-dark,dark-up,greater-up,single,43:59.4
5beccd423b6489000156596f,1204,1,32,right-3,left,right-dark,dark-up,fewer-up,dual,43:59.5
5d29d6bd30fa6f0015cd4a75,945,0,26,right-7,right,right-dark,dark-up,fewer-up,single,43:59.8
60fcc7651cb27f1770cc7ad2,1344,1,76,left-0,left,left-dark,dark-up,greater-up,dual,44:00.2
69a20ec7c6f01fa94b78c644,831,1,32,right-5,right,right-dark,light-up,fewer-up,single,44:00.9
5e6685e1ffed4c405a4db5d0,1113,1,53,right-2,right,right-dark,dark-up,greater-up,dual,44:00.5
5d537c0cecc84200153075e9,1329,0,74,left-1,left,left-dark,light-up,greater-up,dual,44:04.3
610008383c0a128712403745,971,1,21,right-3,right,right-dark,light-up,fewer-up,single,44:01.6
5beccd423b6489000156596f,788,1,33,left-1,left,left-dark,light-up,fewer-up,dual,44:01.5
66a83f244414aaec48b22552,749,0,78,right-1,right,right-dark,light-up,greater-up,dual,44:02.1
69934339b08d5f0fffb145f4,1296,1,3,right-5,left,right-dark,dark-up,fewer-up,dual,44:01.2
5d29d6bd30fa6f0015cd4a75,975,0,27,right-3,left,right-dark,light-up,fewer-up,single,44:01.9
5f171b6978c6ae032e458f06,1699,0,30,left-1,left,left-dark,light-up,greater-up,single,44:02.2
60fcc7651cb27f1770cc7ad2,976,1,77,left-3,right,left-dark,light-up,greater-up,dual,44:02.2
69a20ec7c6f01fa94b78c644,965,1,33,left-4,left,left-dark,light-up,fewer-up,single,44:02.9
5d537c0cecc84200153075e9,430,1,75,right-5,right,right-dark,light-up,fewer-up,dual,44:06.2
66a83f244414aaec48b22552,633,1,79,left-7,right,left-dark,light-up,greater-up,dual,44:04.1
6024c18b094ac71dd93f4f5a,1633,1,40,right-4,left,right-dark,dark-up,fewer-up,dual,44:03.5
610008383c0a128712403745,1250,1,22,left-2,left,left-dark,light-up,fewer-up,single,44:04.0
5beccd423b6489000156596f,892,1,34,left-1,right,left-dark,dark-up,fewer-up,dual,44:03.7
5d29d6bd30fa6f0015cd4a75,617,0,28,right-1,right,right-dark,light-up,greater-up,single,44:03.9
5e6685e1ffed4c405a4db5d0,1738,0,54,right-0,right,right-dark,light-up,greater-up,dual,44:03.6
5f171b6978c6ae032e458f06,1026,1,31,left-3,left,left-dark,dark-up,greater-up,single,44:04.4
69934339b08d5f0fffb145f4,1290,0,4,left-2,right,left-dark,dark-up,greater-up,dual,44:04.0
69a20ec7c6f01fa94b78c644,746,1,34,left-2,left,left-dark,light-up,fewer-up,single,44:04.7
60fcc7651cb27f1770cc7ad2,1138,1,78,left-5,right,left-dark,light-up,greater-up,dual,44:04.8
5d537c0cecc84200153075e9,611,0,76,right-8,right,right-dark,light-up,greater-up,dual,44:08.2
610008383c0a128712403745,841,1,23,left-7,left,left-dark,dark-up,greater-up,single,44:05.9
5beccd423b6489000156596f,779,1,35,right-6,right,right-dark,dark-up,greater-up,dual,44:05.7
5d29d6bd30fa6f0015cd4a75,697,1,29,left-0,left,left-dark,dark-up,greater-up,single,44:05.8
5e6685e1ffed4c405a4db5d0,1090,1,55,right-5,right,right-dark,dark-up,greater-up,dual,44:05.8
6024c18b094ac71dd93f4f5a,1236,1,41,right-7,left,right-dark,dark-up,fewer-up,dual,44:06.2
5f171b6978c6ae032e458f06,834,1,32,right-4,right,right-dark,dark-up,greater-up,single,44:06.4
69a20ec7c6f01fa94b78c644,697,1,35,left-8,right,left-dark,dark-up,fewer-up,single,44:06.5
5d537c0cecc84200153075e9,569,1,77,left-4,left,left-dark,light-up,fewer-up,dual,44:09.9
69934339b08d5f0fffb145f4,1374,1,5,left-5,right,left-dark,dark-up,fewer-up,dual,44:06.5
60fcc7651cb27f1770cc7ad2,1180,1,79,left-2,right,left-dark,light-up,greater-up,dual,44:07.1
5beccd423b6489000156596f,846,1,36,right-8,right,right-dark,dark-up,greater-up,dual,44:07.8
610008383c0a128712403745,911,1,24,right-6,left,right-dark,light-up,greater-up,single,44:08.3
5d29d6bd30fa6f0015cd4a75,888,1,30,right-5,right,right-dark,dark-up,greater-up,single,44:08.1
5eacb97b5eaaf53389bfb8a2,1046,0,20,left-7,right,left-dark,light-up,fewer-up,single,44:17.1
5f171b6978c6ae032e458f06,989,1,33,right-7,right,right-dark,dark-up,greater-up,single,44:08.5
6024c18b094ac71dd93f4f5a,1318,1,42,left-1,left,left-dark,dark-up,greater-up,dual,44:08.7
5e6685e1ffed4c405a4db5d0,1546,1,56,left-3,left,left-dark,dark-up,greater-up,dual,44:08.6
69a20ec7c6f01fa94b78c644,1217,1,36,left-7,right,left-dark,light-up,greater-up,single,44:09.1
5d537c0cecc84200153075e9,817,1,78,right-0,right,right-dark,light-up,fewer-up,dual,44:12.1
69934339b08d5f0fffb145f4,1284,0,6,left-2,left,left-dark,light-up,greater-up,dual,44:08.8
5beccd423b6489000156596f,1008,1,37,right-1,right,right-dark,dark-up,greater-up,dual,44:09.8
610008383c0a128712403745,847,1,25,right-7,right,right-dark,dark-up,greater-up,single,44:10.5
5d23cee7771223001647e8c7,866,1,40,left-2,right,left-dark,light-up,greater-up,single,44:08.0
5d29d6bd30fa6f0015cd4a75,829,0,31,right-4,right,right-dark,light-up,greater-up,single,44:10.3
5eacb97b5eaaf53389bfb8a2,824,0,21,right-4,right,right-dark,dark-up,fewer-up,single,44:19.3
5f171b6978c6ae032e458f06,982,1,34,left-6,left,left-dark,light-up,fewer-up,single,44:10.8
69a20ec7c6f01fa94b78c644,694,1,37,left-1,left,left-dark,dark-up,greater-up,single,44:10.8
6024c18b094ac71dd93f4f5a,1057,1,43,left-9,right,left-dark,light-up,greater-up,dual,44:10.9
5d537c0cecc84200153075e9,885,1,79,left-2,right,left-dark,light-up,greater-up,dual,44:14.2
5e6685e1ffed4c405a4db5d0,NULL,0,57,left-8,none,left-dark,dark-up,fewer-up,dual,44:11.3
5beccd423b6489000156596f,780,1,38,right-0,left,right-dark,dark-up,fewer-up,dual,44:11.8
69934339b08d5f0fffb145f4,1026,1,7,right-9,right,right-dark,dark-up,greater-up,dual,44:11.4
610008383c0a128712403745,835,1,26,right-9,left,right-dark,light-up,greater-up,single,44:12.5
5d29d6bd30fa6f0015cd4a75,663,0,32,left-3,left,left-dark,light-up,greater-up,single,44:12.4
5d23cee7771223001647e8c7,1000,0,41,right-5,right,right-dark,light-up,greater-up,single,44:10.4
69a20ec7c6f01fa94b78c644,765,1,38,right-0,right,right-dark,light-up,fewer-up,single,44:12.8
5eacb97b5eaaf53389bfb8a2,846,0,22,left-9,left,left-dark,dark-up,fewer-up,single,44:21.7
5f171b6978c6ae032e458f06,1095,0,35,right-5,right,right-dark,dark-up,fewer-up,single,44:13.0
6024c18b094ac71dd93f4f5a,1058,1,44,right-3,left,right-dark,light-up,greater-up,dual,44:13.1
5beccd423b6489000156596f,1071,1,39,right-4,right,right-dark,dark-up,greater-up,dual,44:13.9
69934339b08d5f0fffb145f4,1050,1,8,left-4,right,left-dark,light-up,greater-up,dual,44:13.6
5e6685e1ffed4c405a4db5d0,912,1,58,left-7,left,left-dark,light-up,fewer-up,dual,44:13.8
5d29d6bd30fa6f0015cd4a75,791,1,33,right-1,right,right-dark,dark-up,greater-up,single,44:14.3
610008383c0a128712403745,802,1,27,right-1,right,right-dark,dark-up,greater-up,single,44:14.9
5d23cee7771223001647e8c7,844,1,42,right-4,right,right-dark,light-up,fewer-up,single,44:12.4
5f171b6978c6ae032e458f06,864,1,36,right-2,left,right-dark,dark-up,fewer-up,single,44:15.1
5eacb97b5eaaf53389bfb8a2,943,1,23,left-0,right,left-dark,light-up,greater-up,single,44:23.9
69a20ec7c6f01fa94b78c644,926,1,39,left-8,left,left-dark,light-up,fewer-up,single,44:15.2
6024c18b094ac71dd93f4f5a,1220,1,45,right-1,right,right-dark,dark-up,greater-up,dual,44:15.6
5d29d6bd30fa6f0015cd4a75,942,1,34,left-8,left,left-dark,dark-up,greater-up,single,44:16.5
69934339b08d5f0fffb145f4,1630,1,9,left-4,right,left-dark,dark-up,fewer-up,dual,44:16.3
5d23cee7771223001647e8c7,1184,1,43,right-2,left,right-dark,dark-up,fewer-up,single,44:14.7
610008383c0a128712403745,987,1,28,right-4,right,right-dark,light-up,fewer-up,single,44:17.3
5e6685e1ffed4c405a4db5d0,1457,1,59,right-8,left,right-dark,light-up,greater-up,dual,44:16.7
5f171b6978c6ae032e458f06,1194,1,37,right-5,right,right-dark,light-up,fewer-up,single,44:17.5
5eacb97b5eaaf53389bfb8a2,1159,0,24,left-1,left,left-dark,dark-up,fewer-up,single,44:26.3
6024c18b094ac71dd93f4f5a,1174,1,46,left-4,right,left-dark,dark-up,fewer-up,dual,44:18.2
5d29d6bd30fa6f0015cd4a75,988,0,35,right-6,left,right-dark,light-up,fewer-up,single,44:18.9
65b549c67c7791499c09f8a2,999,1,40,left-8,right,left-dark,light-up,greater-up,dual,44:18.3
69934339b08d5f0fffb145f4,1179,1,10,left-0,left,left-dark,light-up,fewer-up,dual,44:18.7
610008383c0a128712403745,1013,1,29,left-8,right,left-dark,dark-up,fewer-up,single,44:19.6
5d23cee7771223001647e8c7,964,1,44,left-2,left,left-dark,dark-up,greater-up,single,44:17.2
5eacb97b5eaaf53389bfb8a2,949,0,25,right-9,right,right-dark,dark-up,fewer-up,single,44:28.4
5f171b6978c6ae032e458f06,1011,1,38,right-3,right,right-dark,dark-up,greater-up,single,44:19.7
6024c18b094ac71dd93f4f5a,920,1,47,right-8,left,right-dark,light-up,greater-up,dual,44:20.6
69a20ec7c6f01fa94b78c644,1233,1,40,right-7,left,right-dark,dark-up,fewer-up,single,44:21.1
65b549c67c7791499c09f8a2,1030,0,41,left-5,left,left-dark,dark-up,fewer-up,dual,44:20.5
5d29d6bd30fa6f0015cd4a75,871,1,36,left-9,right,left-dark,light-up,greater-up,single,44:21.3
69934339b08d5f0fffb145f4,1077,1,11,right-9,right,right-dark,light-up,fewer-up,dual,44:20.9
610008383c0a128712403745,1063,1,30,left-3,right,left-dark,dark-up,fewer-up,single,44:21.8
5eacb97b5eaaf53389bfb8a2,946,1,26,right-0,left,right-dark,dark-up,fewer-up,single,44:30.4
5d23cee7771223001647e8c7,741,1,45,left-3,right,left-dark,light-up,greater-up,single,44:19.4
5f171b6978c6ae032e458f06,705,1,39,left-7,left,left-dark,dark-up,greater-up,single,44:21.9
6024c18b094ac71dd93f4f5a,1268,1,48,right-5,right,right-dark,light-up,fewer-up,dual,44:23.0
69a20ec7c6f01fa94b78c644,725,1,41,left-0,right,left-dark,light-up,greater-up,single,44:23.3
5eacb97b5eaaf53389bfb8a2,775,1,27,right-3,left,right-dark,dark-up,fewer-up,single,44:32.4
5d29d6bd30fa6f0015cd4a75,899,1,37,right-9,left,right-dark,light-up,greater-up,single,44:23.7
69934339b08d5f0fffb145f4,960,1,12,left-3,right,left-dark,light-up,greater-up,dual,44:23.5
65b549c67c7791499c09f8a2,1285,1,42,left-5,right,left-dark,light-up,greater-up,dual,44:23.3
5d23cee7771223001647e8c7,919,1,46,right-7,left,right-dark,dark-up,fewer-up,single,44:21.8
610008383c0a128712403745,1325,1,31,left-9,right,left-dark,light-up,greater-up,single,44:24.6
69a20ec7c6f01fa94b78c644,823,1,42,left-0,left,left-dark,dark-up,greater-up,single,44:25.3
6024c18b094ac71dd93f4f5a,1419,1,49,left-1,right,left-dark,light-up,greater-up,dual,44:25.6
5eacb97b5eaaf53389bfb8a2,925,1,28,right-1,left,right-dark,light-up,greater-up,single,44:34.7
5d29d6bd30fa6f0015cd4a75,835,0,38,right-8,right,right-dark,light-up,greater-up,single,44:26.1
5d23cee7771223001647e8c7,740,1,47,right-2,right,right-dark,dark-up,greater-up,single,44:23.9
65b549c67c7791499c09f8a2,NULL,0,43,right-3,none,right-dark,light-up,fewer-up,dual,44:25.7
610008383c0a128712403745,910,1,32,left-0,right,left-dark,dark-up,fewer-up,single,44:27.0
69934339b08d5f0fffb145f4,1699,1,13,right-2,right,right-dark,dark-up,greater-up,dual,44:26.4
5beccd423b6489000156596f,911,1,40,left-6,right,left-dark,light-up,greater-up,dual,44:27.2
69a20ec7c6f01fa94b78c644,862,1,43,left-5,left,left-dark,dark-up,greater-up,single,44:27.6
5e6685e1ffed4c405a4db5d0,1522,1,60,right-6,left,right-dark,dark-up,fewer-up,dual,44:27.5
6024c18b094ac71dd93f4f5a,1226,1,50,left-6,left,left-dark,dark-up,greater-up,dual,44:27.9
5d23cee7771223001647e8c7,754,1,48,right-3,left,right-dark,dark-up,fewer-up,single,44:26.1
5d29d6bd30fa6f0015cd4a75,988,0,39,right-2,left,right-dark,dark-up,greater-up,single,44:28.4
5eacb97b5eaaf53389bfb8a2,1110,1,29,left-0,left,left-dark,light-up,fewer-up,single,44:37.3
610008383c0a128712403745,1000,1,33,right-6,left,right-dark,dark-up,fewer-up,single,44:29.1
5beccd423b6489000156596f,737,1,41,left-0,right,left-dark,light-up,greater-up,dual,44:29.2
69934339b08d5f0fffb145f4,1220,1,14,right-7,right,right-dark,dark-up,greater-up,dual,44:28.8
65b549c67c7791499c09f8a2,1328,1,44,right-1,right,right-dark,light-up,fewer-up,dual,44:29.0
69a20ec7c6f01fa94b78c644,900,1,44,left-6,left,left-dark,light-up,fewer-up,single,44:29.8
5e6685e1ffed4c405a4db5d0,727,1,61,left-7,right,left-dark,light-up,greater-up,dual,44:29.4
5eacb97b5eaaf53389bfb8a2,793,1,30,left-6,left,left-dark,light-up,fewer-up,single,44:39.2
5d23cee7771223001647e8c7,989,1,49,left-1,left,left-dark,light-up,fewer-up,single,44:28.4
6024c18b094ac71dd93f4f5a,1472,1,51,right-2,right,right-dark,dark-up,greater-up,dual,44:30.7
610008383c0a128712403745,1315,1,34,left-6,left,left-dark,dark-up,greater-up,single,44:31.6
5beccd423b6489000156596f,1096,1,42,left-9,right,left-dark,dark-up,fewer-up,dual,44:31.6
69a20ec7c6f01fa94b78c644,765,1,45,right-3,right,right-dark,dark-up,greater-up,single,44:31.7
69934339b08d5f0fffb145f4,1108,0,15,right-4,right,right-dark,light-up,greater-up,dual,44:31.2
65b549c67c7791499c09f8a2,NULL,0,45,left-3,none,left-dark,light-up,fewer-up,dual,44:31.4
5e6685e1ffed4c405a4db5d0,1226,1,62,left-8,left,left-dark,dark-up,greater-up,dual,44:32.1
5d23cee7771223001647e8c7,684,1,50,right-3,right,right-dark,dark-up,greater-up,single,44:30.5
5eacb97b5eaaf53389bfb8a2,1087,0,31,right-4,right,right-dark,light-up,greater-up,single,44:41.7
6024c18b094ac71dd93f4f5a,1202,1,52,left-1,right,left-dark,dark-up,fewer-up,dual,44:32.9
5beccd423b6489000156596f,695,1,43,left-2,left,left-dark,dark-up,greater-up,dual,44:33.4
610008383c0a128712403745,1062,1,35,right-5,right,right-dark,light-up,fewer-up,single,44:33.7
69a20ec7c6f01fa94b78c644,1020,1,46,left-3,right,left-dark,dark-up,fewer-up,single,44:33.9
69934339b08d5f0fffb145f4,1396,0,16,left-9,right,left-dark,light-up,fewer-up,dual,44:34.0
5e6685e1ffed4c405a4db5d0,NULL,0,63,right-0,none,right-dark,dark-up,fewer-up,dual,44:34.6
5eacb97b5eaaf53389bfb8a2,973,1,32,left-5,right,left-dark,light-up,greater-up,single,44:44.0
5d23cee7771223001647e8c7,1042,1,51,right-8,right,right-dark,light-up,fewer-up,single,44:33.0
5beccd423b6489000156596f,708,1,44,left-9,left,left-dark,dark-up,greater-up,dual,44:35.4
65b549c67c7791499c09f8a2,1506,1,46,right-4,right,right-dark,light-up,fewer-up,dual,44:34.6
6024c18b094ac71dd93f4f5a,1329,1,53,right-6,left,right-dark,light-up,greater-up,dual,44:35.5
610008383c0a128712403745,959,1,36,right-9,right,right-dark,dark-up,greater-up,single,44:36.1
69a20ec7c6f01fa94b78c644,937,1,47,right-2,right,right-dark,dark-up,greater-up,single,44:36.0
665f81442e9eb2f969a3a4b1,NULL,0,0,right-4,none,right-dark,dark-up,fewer-up,dual,44:36.9
69934339b08d5f0fffb145f4,1310,0,17,left-6,left,left-dark,light-up,greater-up,dual,44:36.6
5beccd423b6489000156596f,839,1,45,right-4,left,right-dark,dark-up,fewer-up,dual,44:37.3
5d23cee7771223001647e8c7,961,1,52,left-5,left,left-dark,dark-up,greater-up,single,44:35.3
5eacb97b5eaaf53389bfb8a2,1177,0,33,left-0,left,left-dark,dark-up,fewer-up,single,44:46.5
5e6685e1ffed4c405a4db5d0,998,1,64,left-1,left,left-dark,dark-up,greater-up,dual,44:37.5
6024c18b094ac71dd93f4f5a,1301,1,54,right-5,left,right-dark,dark-up,fewer-up,dual,44:37.9
65b549c67c7791499c09f8a2,1501,1,47,left-2,left,left-dark,dark-up,greater-up,dual,44:37.3
69a20ec7c6f01fa94b78c644,902,1,48,right-7,right,right-dark,light-up,fewer-up,single,44:38.3
610008383c0a128712403745,1213,1,37,right-8,left,right-dark,dark-up,fewer-up,single,44:38.5
5beccd423b6489000156596f,1047,0,46,left-3,left,left-dark,light-up,greater-up,dual,44:39.4
5d23cee7771223001647e8c7,841,1,53,left-0,left,left-dark,dark-up,greater-up,single,44:37.6
5eacb97b5eaaf53389bfb8a2,831,1,34,left-1,right,left-dark,light-up,greater-up,single,44:48.7
665f81442e9eb2f969a3a4b1,NULL,0,1,left-3,none,left-dark,light-up,fewer-up,dual,44:40.0
5e6685e1ffed4c405a4db5d0,1090,1,65,right-1,right,right-dark,light-up,fewer-up,dual,44:39.6
69934339b08d5f0fffb145f4,1448,0,18,left-8,right,left-dark,light-up,fewer-up,dual,44:39.7
69a20ec7c6f01fa94b78c644,864,1,49,right-4,right,right-dark,dark-up,greater-up,single,44:40.4
610008383c0a128712403745,1117,1,38,left-4,left,left-dark,dark-up,greater-up,single,44:40.8
65b549c67c7791499c09f8a2,1452,1,48,left-5,left,left-dark,light-up,fewer-up,dual,44:40.0
6024c18b094ac71dd93f4f5a,1647,1,55,right-0,left,right-dark,dark-up,fewer-up,dual,44:40.7
5beccd423b6489000156596f,785,1,47,right-2,left,right-dark,dark-up,fewer-up,dual,44:41.6
5eacb97b5eaaf53389bfb8a2,850,1,35,right-5,left,right-dark,light-up,greater-up,single,44:50.8
5e6685e1ffed4c405a4db5d0,874,0,66,right-1,right,right-dark,dark-up,fewer-up,dual,44:41.9
69a20ec7c6f01fa94b78c644,650,1,50,right-6,left,right-dark,light-up,greater-up,single,44:42.4
5d23cee7771223001647e8c7,1363,1,54,right-5,right,right-dark,light-up,fewer-up,single,44:40.3
69934339b08d5f0fffb145f4,1076,1,19,left-5,left,left-dark,dark-up,greater-up,dual,44:42.0
610008383c0a128712403745,913,1,39,left-8,left,left-dark,light-up,fewer-up,single,44:43.0
665f81442e9eb2f969a3a4b1,1229,1,2,left-3,right,left-dark,light-up,greater-up,dual,44:43.0
6024c18b094ac71dd93f4f5a,1413,1,56,right-4,right,right-dark,light-up,fewer-up,dual,44:43.5
5beccd423b6489000156596f,759,1,48,right-2,left,right-dark,light-up,greater-up,dual,44:43.6
65b549c67c7791499c09f8a2,1533,1,49,right-6,left,right-dark,dark-up,fewer-up,dual,44:42.9
5eacb97b5eaaf53389bfb8a2,801,1,36,right-5,right,right-dark,light-up,fewer-up,single,44:53.1
5e6685e1ffed4c405a4db5d0,776,1,67,left-9,left,left-dark,dark-up,greater-up,dual,44:44.2
5d23cee7771223001647e8c7,879,1,55,left-6,left,left-dark,dark-up,greater-up,single,44:42.4
69a20ec7c6f01fa94b78c644,1141,1,51,left-7,left,left-dark,light-up,fewer-up,single,44:45.0
665f81442e9eb2f969a3a4b1,1325,0,3,right-6,left,right-dark,light-up,fewer-up,dual,44:45.7
5d29d6bd30fa6f0015cd4a75,660,1,40,left-0,left,left-dark,light-up,fewer-up,single,44:45.8
65b549c67c7791499c09f8a2,NULL,0,50,right-6,none,right-dark,light-up,greater-up,dual,44:45.2
5eacb97b5eaaf53389bfb8a2,645,1,37,right-4,right,right-dark,light-up,fewer-up,single,44:54.8
6024c18b094ac71dd93f4f5a,1392,1,57,right-9,right,right-dark,light-up,fewer-up,dual,44:46.2
5beccd423b6489000156596f,1618,0,49,right-7,right,right-dark,light-up,greater-up,dual,44:46.4
69a20ec7c6f01fa94b78c644,958,1,52,right-5,left,right-dark,light-up,greater-up,single,44:47.0
5d23cee7771223001647e8c7,809,1,56,left-0,left,left-dark,light-up,fewer-up,single,44:44.8
5e6685e1ffed4c405a4db5d0,1418,1,68,right-5,left,right-dark,dark-up,fewer-up,dual,44:46.9
5d29d6bd30fa6f0015cd4a75,780,1,41,left-8,left,left-dark,light-up,fewer-up,single,44:47.9
5eacb97b5eaaf53389bfb8a2,848,1,38,left-7,left,left-dark,dark-up,greater-up,single,44:57.0
665f81442e9eb2f969a3a4b1,1293,0,4,left-5,right,left-dark,light-up,fewer-up,dual,44:48.3
5beccd423b6489000156596f,828,1,50,left-4,right,left-dark,dark-up,fewer-up,dual,44:48.3
65b549c67c7791499c09f8a2,1567,0,51,left-1,right,left-dark,light-up,fewer-up,dual,44:48.3
69a20ec7c6f01fa94b78c644,1002,1,53,left-9,right,left-dark,dark-up,fewer-up,single,44:49.1
6024c18b094ac71dd93f4f5a,1400,1,58,left-6,right,left-dark,dark-up,fewer-up,dual,44:49.1
5d23cee7771223001647e8c7,861,1,57,left-0,right,left-dark,light-up,greater-up,single,44:46.9
5e6685e1ffed4c405a4db5d0,NULL,0,69,right-7,none,right-dark,dark-up,greater-up,dual,44:49.3
5d29d6bd30fa6f0015cd4a75,725,0,42,left-8,left,left-dark,light-up,greater-up,single,44:50.1
5eacb97b5eaaf53389bfb8a2,881,1,39,left-7,right,left-dark,dark-up,fewer-up,single,44:59.1
5beccd423b6489000156596f,1026,1,51,right-2,right,right-dark,light-up,fewer-up,dual,44:50.7
665f81442e9eb2f969a3a4b1,NULL,0,5,right-3,none,right-dark,light-up,greater-up,dual,44:51.0
610008383c0a128712403745,1044,1,40,right-3,left,right-dark,dark-up,fewer-up,single,44:51.2
5d23cee7771223001647e8c7,846,1,58,right-3,right,right-dark,light-up,fewer-up,single,44:48.9
69a20ec7c6f01fa94b78c644,926,1,54,right-4,left,right-dark,light-up,greater-up,single,44:51.3
6024c18b094ac71dd93f4f5a,1064,1,59,left-3,right,left-dark,light-up,greater-up,dual,44:51.4
5d29d6bd30fa6f0015cd4a75,708,1,43,right-6,right,right-dark,dark-up,greater-up,single,44:51.9
65b549c67c7791499c09f8a2,1725,0,52,right-0,left,right-dark,light-up,fewer-up,dual,44:51.4
5e6685e1ffed4c405a4db5d0,1057,1,70,right-8,left,right-dark,dark-up,fewer-up,dual,44:52.1
610008383c0a128712403745,990,1,41,right-3,left,right-dark,light-up,greater-up,single,44:53.4
5beccd423b6489000156596f,1026,1,52,right-7,right,right-dark,dark-up,greater-up,dual,44:53.2
5d23cee7771223001647e8c7,1155,1,59,right-1,right,right-dark,light-up,fewer-up,single,44:51.2
69a20ec7c6f01fa94b78c644,989,1,55,right-4,right,right-dark,light-up,fewer-up,single,44:53.8
5d29d6bd30fa6f0015cd4a75,829,1,44,right-8,left,right-dark,dark-up,fewer-up,single,44:54.1
65b549c67c7791499c09f8a2,775,0,53,right-4,right,right-dark,dark-up,fewer-up,dual,44:53.5
665f81442e9eb2f969a3a4b1,1404,1,6,left-8,right,left-dark,dark-up,fewer-up,dual,44:54.5
5e6685e1ffed4c405a4db5d0,926,1,71,left-4,left,left-dark,light-up,fewer-up,dual,44:54.3
610008383c0a128712403745,850,1,42,right-6,right,right-dark,light-up,fewer-up,single,44:55.5
69934339b08d5f0fffb145f4,1035,1,20,right-0,right,right-dark,dark-up,greater-up,dual,44:54.9
5beccd423b6489000156596f,761,1,53,right-0,right,right-dark,dark-up,greater-up,dual,44:55.5
5eacb97b5eaaf53389bfb8a2,839,1,40,left-4,right,left-dark,light-up,greater-up,single,45:04.6
69a20ec7c6f01fa94b78c644,946,1,56,left-7,right,left-dark,dark-up,fewer-up,single,44:55.9
5d29d6bd30fa6f0015cd4a75,908,1,45,right-5,left,right-dark,dark-up,fewer-up,single,44:56.2
65b549c67c7791499c09f8a2,1094,1,54,right-9,left,right-dark,dark-up,fewer-up,dual,44:55.6
6024c18b094ac71dd93f4f5a,1165,1,60,left-4,left,left-dark,dark-up,greater-up,dual,44:56.5
665f81442e9eb2f969a3a4b1,1577,1,7,right-4,right,right-dark,light-up,fewer-up,dual,44:57.1
610008383c0a128712403745,1006,1,43,left-1,left,left-dark,dark-up,greater-up,single,44:57.7
5e6685e1ffed4c405a4db5d0,1286,1,72,left-8,left,left-dark,light-up,fewer-up,dual,44:57.1
5eacb97b5eaaf53389bfb8a2,832,0,41,right-6,right,right-dark,dark-up,fewer-up,single,45:06.5
69a20ec7c6f01fa94b78c644,956,1,57,left-9,left,left-dark,dark-up,greater-up,single,44:57.9
69934339b08d5f0fffb145f4,1450,1,21,right-7,left,right-dark,dark-up,fewer-up,dual,44:57.6
5beccd423b6489000156596f,1221,1,54,right-1,left,right-dark,dark-up,fewer-up,dual,44:58.2
5d29d6bd30fa6f0015cd4a75,823,0,46,right-3,left,right-dark,dark-up,greater-up,single,44:58.5
6024c18b094ac71dd93f4f5a,1346,1,61,right-8,left,right-dark,dark-up,fewer-up,dual,44:58.9
65b549c67c7791499c09f8a2,1507,1,55,right-3,left,right-dark,dark-up,fewer-up,dual,44:58.6
665f81442e9eb2f969a3a4b1,1484,1,8,right-1,left,right-dark,light-up,greater-up,dual,44:59.7
610008383c0a128712403745,872,1,44,left-1,left,left-dark,light-up,fewer-up,single,45:00.0
5eacb97b5eaaf53389bfb8a2,622,1,42,left-4,left,left-dark,light-up,fewer-up,single,45:08.6
69a20ec7c6f01fa94b78c644,815,1,58,left-8,left,left-dark,dark-up,greater-up,single,44:59.8
5d23cee7771223001647e8c7,1076,1,60,right-1,left,right-dark,dark-up,fewer-up,single,44:57.5
5e6685e1ffed4c405a4db5d0,1083,1,73,right-3,right,right-dark,light-up,fewer-up,dual,44:59.6
5d29d6bd30fa6f0015cd4a75,666,1,47,right-0,right,right-dark,light-up,fewer-up,single,45:00.4
5beccd423b6489000156596f,917,1,55,right-7,right,right-dark,light-up,fewer-up,dual,45:00.6
69934339b08d5f0fffb145f4,1073,1,22,right-8,right,right-dark,light-up,fewer-up,dual,45:00.1
6024c18b094ac71dd93f4f5a,1191,1,62,left-8,right,left-dark,dark-up,fewer-up,dual,45:01.4
5d23cee7771223001647e8c7,744,1,61,right-3,left,right-dark,light-up,greater-up,single,44:59.3
665f81442e9eb2f969a3a4b1,991,1,9,right-5,right,right-dark,dark-up,greater-up,dual,45:01.9
5eacb97b5eaaf53389bfb8a2,829,0,43,left-3,left,left-dark,dark-up,fewer-up,single,45:10.8
69a20ec7c6f01fa94b78c644,1069,1,59,left-1,left,left-dark,light-up,fewer-up,single,45:02.1
610008383c0a128712403745,1137,1,45,right-7,left,right-dark,light-up,greater-up,single,45:02.4
65b549c67c7791499c09f8a2,1724,1,56,right-4,left,right-dark,light-up,greater-up,dual,45:01.6
5e6685e1ffed4c405a4db5d0,1012,1,74,left-8,right,left-dark,light-up,greater-up,dual,45:02.2
5beccd423b6489000156596f,1008,1,56,right-8,left,right-dark,light-up,greater-up,dual,45:02.7
5d29d6bd30fa6f0015cd4a75,833,0,48,left-5,right,left-dark,light-up,fewer-up,single,45:02.7
69934339b08d5f0fffb145f4,1085,0,23,right-0,right,right-dark,light-up,greater-up,dual,45:02.4
5d23cee7771223001647e8c7,799,1,62,right-9,right,right-dark,dark-up,greater-up,single,45:01.4
6024c18b094ac71dd93f4f5a,1246,1,63,right-1,left,right-dark,light-up,greater-up,dual,45:04.1
5eacb97b5eaaf53389bfb8a2,1012,0,44,left-3,right,left-dark,light-up,fewer-up,single,45:13.2
610008383c0a128712403745,998,1,46,left-8,right,left-dark,light-up,greater-up,single,45:04.7
665f81442e9eb2f969a3a4b1,1343,1,10,left-4,right,left-dark,dark-up,fewer-up,dual,45:04.8
5beccd423b6489000156596f,822,1,57,right-3,right,right-dark,light-up,fewer-up,dual,45:04.8
65b549c67c7791499c09f8a2,NULL,0,57,left-2,none,left-dark,light-up,fewer-up,dual,45:04.0
5d29d6bd30fa6f0015cd4a75,751,1,49,left-4,left,left-dark,light-up,fewer-up,single,45:04.9
5e6685e1ffed4c405a4db5d0,NULL,0,75,right-9,none,right-dark,light-up,greater-up,dual,45:04.6
69934339b08d5f0fffb145f4,1126,1,24,left-3,right,left-dark,dark-up,fewer-up,dual,45:05.0
5d23cee7771223001647e8c7,751,1,63,right-8,left,right-dark,dark-up,fewer-up,single,45:03.6
5eacb97b5eaaf53389bfb8a2,947,0,45,right-8,right,right-dark,light-up,greater-up,single,45:15.2
6024c18b094ac71dd93f4f5a,1296,0,64,left-6,right,left-dark,light-up,fewer-up,dual,45:06.4
610008383c0a128712403745,847,1,47,left-4,right,left-dark,dark-up,fewer-up,single,45:06.8
5beccd423b6489000156596f,818,1,58,right-7,left,right-dark,dark-up,fewer-up,dual,45:07.0
69a20ec7c6f01fa94b78c644,1018,1,60,right-2,left,right-dark,dark-up,fewer-up,single,45:07.1
665f81442e9eb2f969a3a4b1,1104,1,11,right-3,right,right-dark,light-up,fewer-up,dual,45:07.2
5d29d6bd30fa6f0015cd4a75,898,1,50,left-3,left,left-dark,light-up,fewer-up,single,45:07.2
5e6685e1ffed4c405a4db5d0,848,1,76,right-4,left,right-dark,dark-up,fewer-up,dual,45:07.1
65b549c67c7791499c09f8a2,NULL,0,58,right-2,none,right-dark,light-up,fewer-up,dual,45:07.1
5d23cee7771223001647e8c7,944,1,64,left-1,right,left-dark,dark-up,fewer-up,single,45:05.7
69934339b08d5f0fffb145f4,1151,1,25,right-0,left,right-dark,dark-up,fewer-up,dual,45:07.5
5eacb97b5eaaf53389bfb8a2,998,0,46,right-2,left,right-dark,dark-up,greater-up,single,45:17.4
610008383c0a128712403745,926,1,48,right-7,left,right-dark,dark-up,fewer-up,single,45:08.9
69a20ec7c6f01fa94b78c644,882,1,61,left-5,right,left-dark,dark-up,fewer-up,single,45:09.0
5beccd423b6489000156596f,1135,1,59,left-8,left,left-dark,dark-up,greater-up,dual,45:09.4
6024c18b094ac71dd93f4f5a,1456,1,65,left-0,left,left-dark,light-up,fewer-up,dual,45:09.3
665f81442e9eb2f969a3a4b1,1066,0,12,right-8,left,right-dark,dark-up,greater-up,dual,45:09.5
5d29d6bd30fa6f0015cd4a75,1058,0,51,left-2,left,left-dark,light-up,greater-up,single,45:09.7
5d23cee7771223001647e8c7,866,1,65,right-9,right,right-dark,light-up,fewer-up,single,45:07.9
5e6685e1ffed4c405a4db5d0,1442,1,77,right-9,left,right-dark,dark-up,fewer-up,dual,45:09.8
5d93b788fdfe9d001c00c255,1101,1,0,right-0,right,right-dark,dark-up,greater-up,single,45:11.1
69934339b08d5f0fffb145f4,1336,1,26,left-8,right,left-dark,light-up,greater-up,dual,45:10.0
5eacb97b5eaaf53389bfb8a2,1137,1,47,right-1,right,right-dark,light-up,fewer-up,single,45:19.6
69a20ec7c6f01fa94b78c644,787,1,62,left-2,right,left-dark,light-up,greater-up,single,45:10.8
65b549c67c7791499c09f8a2,1376,1,59,left-4,left,left-dark,light-up,fewer-up,dual,45:10.1
610008383c0a128712403745,808,1,49,left-3,left,left-dark,dark-up,greater-up,single,45:11.2
6024c18b094ac71dd93f4f5a,935,1,66,left-4,right,left-dark,light-up,greater-up,dual,45:11.5
665f81442e9eb2f969a3a4b1,743,1,13,left-4,left,left-dark,dark-up,greater-up,dual,45:11.7
5d29d6bd30fa6f0015cd4a75,1044,0,52,left-8,left,left-dark,dark-up,fewer-up,single,45:11.8
5d23cee7771223001647e8c7,999,1,66,right-7,left,right-dark,light-up,greater-up,single,45:10.1
5e6685e1ffed4c405a4db5d0,914,1,78,right-5,left,right-dark,light-up,greater-up,dual,45:11.8
5d93b788fdfe9d001c00c255,922,1,1,right-0,right,right-dark,light-up,fewer-up,single,45:13.2
69934339b08d5f0fffb145f4,1046,1,27,right-6,left,right-dark,dark-up,fewer-up,dual,45:12.3
69a20ec7c6f01fa94b78c644,1004,1,63,right-3,left,right-dark,light-up,greater-up,single,45:12.9
610008383c0a128712403745,926,1,50,right-5,left,right-dark,dark-up,fewer-up,single,45:13.4
5eacb97b5eaaf53389bfb8a2,1116,1,48,left-4,right,left-dark,dark-up,fewer-up,single,45:22.1
5d29d6bd30fa6f0015cd4a75,543,0,53,right-3,right,right-dark,light-up,greater-up,single,45:13.8
6024c18b094ac71dd93f4f5a,839,1,67,left-0,left,left-dark,dark-up,greater-up,dual,45:13.9
5e6685e1ffed4c405a4db5d0,869,1,79,left-3,right,left-dark,light-up,greater-up,dual,45:13.8
5d23cee7771223001647e8c7,827,1,67,left-9,right,left-dark,light-up,greater-up,single,45:12.1
665f81442e9eb2f969a3a4b1,1311,1,14,right-9,right,right-dark,light-up,fewer-up,dual,45:14.4
5d93b788fdfe9d001c00c255,773,1,2,left-6,left,left-dark,light-up,fewer-up,single,45:15.2
69a20ec7c6f01fa94b78c644,730,0,64,left-0,left,left-dark,dark-up,fewer-up,single,45:14.8
610008383c0a128712403745,816,1,51,right-1,left,right-dark,dark-up,fewer-up,single,45:15.6
69934339b08d5f0fffb145f4,1145,1,28,left-8,right,left-dark,dark-up,fewer-up,dual,45:15.0
5eacb97b5eaaf53389bfb8a2,1077,0,49,right-0,right,right-dark,light-up,greater-up,single,45:24.5
5d29d6bd30fa6f0015cd4a75,734,0,54,right-9,left,right-dark,dark-up,greater-up,single,45:16.0
5d23cee7771223001647e8c7,607,1,68,left-1,right,left-dark,light-up,greater-up,single,45:13.9
665f81442e9eb2f969a3a4b1,1027,0,15,left-6,left,left-dark,light-up,greater-up,dual,45:17.0
69a20ec7c6f01fa94b78c644,880,1,65,right-1,right,right-dark,dark-up,greater-up,single,45:16.9
6024c18b094ac71dd93f4f5a,1668,1,68,right-1,right,right-dark,light-up,fewer-up,dual,45:17.0
5d93b788fdfe9d001c00c255,1334,1,3,right-7,left,right-dark,dark-up,fewer-up,single,45:18.0
610008383c0a128712403745,1030,1,52,left-7,right,left-dark,light-up,greater-up,single,45:18.2
69934339b08d5f0fffb145f4,1001,1,29,left-7,right,left-dark,light-up,greater-up,dual,45:17.5
5eacb97b5eaaf53389bfb8a2,1133,1,50,right-2,left,right-dark,light-up,greater-up,single,45:26.9
5d23cee7771223001647e8c7,752,1,69,right-4,right,right-dark,dark-up,greater-up,single,45:15.9
5d29d6bd30fa6f0015cd4a75,872,1,55,right-0,left,right-dark,light-up,greater-up,single,45:18.4
69a20ec7c6f01fa94b78c644,826,1,66,left-3,right,left-dark,light-up,greater-up,single,45:19.0
665f81442e9eb2f969a3a4b1,1025,1,16,left-9,left,left-dark,dark-up,greater-up,dual,45:19.5
5d93b788fdfe9d001c00c255,1014,1,4,right-0,left,right-dark,dark-up,fewer-up,single,45:20.3
6024c18b094ac71dd93f4f5a,1351,1,69,left-9,right,left-dark,dark-up,fewer-up,dual,45:19.5
69934339b08d5f0fffb145f4,946,1,30,left-3,left,left-dark,dark-up,greater-up,dual,45:19.7
610008383c0a128712403745,978,1,53,right-4,left,right-dark,dark-up,fewer-up,single,45:20.6
5d23cee7771223001647e8c7,1022,1,70,left-5,right,left-dark,dark-up,fewer-up,single,45:18.2
5d29d6bd30fa6f0015cd4a75,1128,1,56,left-3,right,left-dark,dark-up,fewer-up,single,45:20.5
5eacb97b5eaaf53389bfb8a2,1069,0,51,left-2,left,left-dark,light-up,greater-up,single,45:29.4
69a20ec7c6f01fa94b78c644,1324,1,67,right-9,right,right-dark,light-up,fewer-up,single,45:21.8
665f81442e9eb2f969a3a4b1,1012,1,17,left-2,right,left-dark,light-up,greater-up,dual,45:21.8
6024c18b094ac71dd93f4f5a,1039,1,70,right-6,right,right-dark,light-up,fewer-up,dual,45:21.7
5d93b788fdfe9d001c00c255,961,1,5,right-1,right,right-dark,dark-up,greater-up,single,45:22.6
610008383c0a128712403745,885,1,54,right-2,left,right-dark,dark-up,fewer-up,single,45:22.6
5d29d6bd30fa6f0015cd4a75,906,0,57,left-0,left,left-dark,light-up,greater-up,single,45:22.5
5d23cee7771223001647e8c7,1038,1,71,right-5,left,right-dark,dark-up,fewer-up,single,45:20.4
69934339b08d5f0fffb145f4,1332,1,31,left-0,right,left-dark,light-up,greater-up,dual,45:22.4
5eacb97b5eaaf53389bfb8a2,1078,0,52,right-6,left,right-dark,light-up,fewer-up,single,45:31.8
69a20ec7c6f01fa94b78c644,848,1,68,right-3,left,right-dark,dark-up,fewer-up,single,45:24.0
6024c18b094ac71dd93f4f5a,1062,1,71,left-2,right,left-dark,light-up,greater-up,dual,45:24.0
5d93b788fdfe9d001c00c255,923,1,6,right-8,right,right-dark,light-up,fewer-up,single,45:25.0
665f81442e9eb2f969a3a4b1,1331,1,18,right-0,left,right-dark,light-up,greater-up,dual,45:24.4
610008383c0a128712403745,928,1,55,right-2,left,right-dark,light-up,greater-up,single,45:24.8
5d23cee7771223001647e8c7,900,1,72,left-3,right,left-dark,dark-up,fewer-up,single,45:22.6
5d29d6bd30fa6f0015cd4a75,886,1,58,right-5,right,right-dark,light-up,fewer-up,single,45:24.8
69934339b08d5f0fffb145f4,1234,1,32,right-3,right,right-dark,dark-up,greater-up,dual,45:25.0
5eacb97b5eaaf53389bfb8a2,1248,0,53,left-2,right,left-dark,light-up,fewer-up,single,45:34.4
5d93b788fdfe9d001c00c255,897,1,7,left-8,left,left-dark,dark-up,greater-up,single,45:27.0
69a20ec7c6f01fa94b78c644,1242,1,69,right-1,left,right-dark,light-up,greater-up,single,45:26.4
6024c18b094ac71dd93f4f5a,1123,1,72,right-0,right,right-dark,dark-up,greater-up,dual,45:26.4
665f81442e9eb2f969a3a4b1,1198,1,19,left-7,left,left-dark,light-up,fewer-up,dual,45:26.8
5d29d6bd30fa6f0015cd4a75,891,1,59,right-2,left,right-dark,dark-up,fewer-up,single,45:26.8
5d23cee7771223001647e8c7,785,1,73,right-6,left,right-dark,light-up,greater-up,single,45:24.6
610008383c0a128712403745,846,1,56,right-1,right,right-dark,light-up,fewer-up,single,45:27.1
5eacb97b5eaaf53389bfb8a2,1034,1,54,right-2,left,right-dark,dark-up,fewer-up,single,45:36.5
69934339b08d5f0fffb145f4,1167,1,33,left-7,right,left-dark,dark-up,fewer-up,dual,45:27.3
5d93b788fdfe9d001c00c255,836,1,8,right-3,right,right-dark,dark-up,greater-up,single,45:29.2
69a20ec7c6f01fa94b78c644,914,1,70,right-2,right,right-dark,light-up,fewer-up,single,45:28.6
5d23cee7771223001647e8c7,822,1,74,right-4,left,right-dark,dark-up,fewer-up,single,45:26.9
610008383c0a128712403745,1195,1,57,right-8,right,right-dark,light-up,fewer-up,single,45:29.5
6024c18b094ac71dd93f4f5a,1281,0,73,right-2,right,right-dark,dark-up,fewer-up,dual,45:29.3
5beccd423b6489000156596f,758,1,60,left-6,left,left-dark,dark-up,greater-up,dual,45:29.5
5eacb97b5eaaf53389bfb8a2,861,1,55,left-5,left,left-dark,light-up,fewer-up,single,45:38.4
69934339b08d5f0fffb145f4,1355,0,34,right-4,left,right-dark,dark-up,greater-up,dual,45:29.8
69a20ec7c6f01fa94b78c644,845,1,71,left-9,right,left-dark,light-up,greater-up,single,45:30.5
5d93b788fdfe9d001c00c255,NULL,0,9,right-8,none,right-dark,dark-up,fewer-up,single,45:31.5
5d23cee7771223001647e8c7,812,1,75,right-1,left,right-dark,light-up,greater-up,single,45:29.1
5beccd423b6489000156596f,820,1,61,right-5,left,right-dark,light-up,greater-up,dual,45:31.5
610008383c0a128712403745,982,1,58,left-0,right,left-dark,light-up,greater-up,single,45:31.9
5eacb97b5eaaf53389bfb8a2,1223,1,56,right-2,right,right-dark,light-up,fewer-up,single,45:40.9
69a20ec7c6f01fa94b78c644,692,1,72,left-6,left,left-dark,dark-up,greater-up,single,45:32.5
6024c18b094ac71dd93f4f5a,1712,1,74,left-2,left,left-dark,light-up,fewer-up,dual,45:32.4
5f171b6978c6ae032e458f06,NULL,0,40,right-7,none,right-dark,light-up,fewer-up,single,45:32.8
69934339b08d5f0fffb145f4,1256,1,35,left-5,right,left-dark,light-up,greater-up,dual,45:32.5
5d23cee7771223001647e8c7,813,1,76,left-9,right,left-dark,dark-up,fewer-up,single,45:31.4
610008383c0a128712403745,878,1,59,right-6,right,right-dark,dark-up,greater-up,single,45:34.1
5d93b788fdfe9d001c00c255,1599,1,10,left-4,left,left-dark,light-up,fewer-up,single,45:34.9
69a20ec7c6f01fa94b78c644,671,1,73,left-4,right,left-dark,light-up,greater-up,single,45:34.3
5beccd423b6489000156596f,1417,0,62,left-8,left,left-dark,light-up,greater-up,dual,45:34.4
5eacb97b5eaaf53389bfb8a2,1515,1,57,right-8,left,right-dark,dark-up,fewer-up,single,45:43.9
6024c18b094ac71dd93f4f5a,1318,1,75,left-8,right,left-dark,light-up,greater-up,dual,45:35.1
69934339b08d5f0fffb145f4,1240,1,36,right-8,left,right-dark,dark-up,fewer-up,dual,45:35.0
5d23cee7771223001647e8c7,927,1,77,right-7,right,right-dark,dark-up,greater-up,single,45:33.3
5f171b6978c6ae032e458f06,1349,1,41,left-7,right,left-dark,light-up,greater-up,single,45:36.0
69a20ec7c6f01fa94b78c644,803,1,74,left-3,left,left-dark,light-up,fewer-up,single,45:36.3
665f81442e9eb2f969a3a4b1,1649,1,20,right-8,left,right-dark,light-up,greater-up,dual,45:36.4
5beccd423b6489000156596f,963,1,63,right-6,right,right-dark,light-up,fewer-up,dual,45:36.5
5d93b788fdfe9d001c00c255,1274,1,11,right-2,left,right-dark,light-up,greater-up,single,45:37.5
6024c18b094ac71dd93f4f5a,844,1,76,right-6,right,right-dark,dark-up,greater-up,dual,45:37.2
5eacb97b5eaaf53389bfb8a2,956,1,58,right-8,right,right-dark,dark-up,greater-up,single,45:46.2
5d23cee7771223001647e8c7,694,1,78,right-5,right,right-dark,dark-up,greater-up,single,45:35.2
610008383c0a128712403745,942,1,60,right-4,left,right-dark,light-up,greater-up,single,45:38.0
69934339b08d5f0fffb145f4,1210,1,37,left-2,left,left-dark,light-up,fewer-up,dual,45:37.7
69a20ec7c6f01fa94b78c644,998,1,75,right-4,left,right-dark,dark-up,fewer-up,single,45:38.3
5beccd423b6489000156596f,794,1,64,left-9,right,left-dark,light-up,greater-up,dual,45:38.4
65b549c67c7791499c09f8a2,1194,1,60,left-0,left,left-dark,light-up,fewer-up,dual,45:37.6
5f171b6978c6ae032e458f06,1246,1,42,right-2,left,right-dark,light-up,greater-up,single,45:38.6
5d93b788fdfe9d001c00c255,849,1,12,right-8,right,right-dark,dark-up,greater-up,single,45:39.8
665f81442e9eb2f969a3a4b1,1522,0,21,left-8,right,left-dark,dark-up,greater-up,dual,45:39.4
5d23cee7771223001647e8c7,910,1,79,right-6,left,right-dark,dark-up,fewer-up,single,45:37.3
5eacb97b5eaaf53389bfb8a2,1085,1,59,left-9,right,left-dark,light-up,greater-up,single,45:48.4
610008383c0a128712403745,840,1,61,left-5,right,left-dark,dark-up,fewer-up,single,45:39.9
6024c18b094ac71dd93f4f5a,1381,1,77,right-2,right,right-dark,light-up,fewer-up,dual,45:39.7
69a20ec7c6f01fa94b78c644,789,1,76,right-8,right,right-dark,dark-up,greater-up,single,45:40.2
5beccd423b6489000156596f,848,1,65,right-5,left,right-dark,dark-up,fewer-up,dual,45:40.5
5f171b6978c6ae032e458f06,816,1,43,left-8,right,left-dark,light-up,greater-up,single,45:40.9
65b549c67c7791499c09f8a2,1165,1,61,right-4,right,right-dark,dark-up,greater-up,dual,45:40.2
69934339b08d5f0fffb145f4,1739,1,38,right-5,right,right-dark,light-up,fewer-up,dual,45:40.6
5d93b788fdfe9d001c00c255,923,1,13,left-7,left,left-dark,dark-up,greater-up,single,45:42.1
610008383c0a128712403745,1022,1,62,right-5,right,right-dark,dark-up,greater-up,single,45:41.9
665f81442e9eb2f969a3a4b1,1193,0,22,right-7,right,right-dark,dark-up,fewer-up,dual,45:41.8
69a20ec7c6f01fa94b78c644,776,1,77,left-1,right,left-dark,light-up,greater-up,single,45:42.0
6024c18b094ac71dd93f4f5a,NULL,0,78,right-9,none,right-dark,dark-up,fewer-up,dual,45:42.3
5beccd423b6489000156596f,835,1,66,left-8,right,left-dark,dark-up,fewer-up,dual,45:42.7
5f171b6978c6ae032e458f06,793,1,44,right-8,left,right-dark,light-up,greater-up,single,45:43.2
65b549c67c7791499c09f8a2,NULL,0,62,right-0,none,right-dark,light-up,greater-up,dual,45:42.5
5d93b788fdfe9d001c00c255,950,1,14,right-3,right,right-dark,light-up,fewer-up,single,45:44.3
69934339b08d5f0fffb145f4,1453,1,39,right-3,left,right-dark,dark-up,fewer-up,dual,45:43.1
69a20ec7c6f01fa94b78c644,682,1,78,right-9,right,right-dark,dark-up,greater-up,single,45:43.8
610008383c0a128712403745,839,1,63,right-4,right,right-dark,dark-up,greater-up,single,45:44.2
5beccd423b6489000156596f,908,1,67,right-5,right,right-dark,light-up,fewer-up,dual,45:44.7
665f81442e9eb2f969a3a4b1,1532,1,23,right-6,right,right-dark,dark-up,greater-up,dual,45:44.7
5f171b6978c6ae032e458f06,796,1,45,right-6,left,right-dark,light-up,greater-up,single,45:45.1
6024c18b094ac71dd93f4f5a,1539,0,79,left-0,left,left-dark,dark-up,fewer-up,dual,45:45.4
69a20ec7c6f01fa94b78c644,654,1,79,right-5,right,right-dark,dark-up,greater-up,single,45:45.8
5d93b788fdfe9d001c00c255,1190,1,15,right-7,left,right-dark,light-up,greater-up,single,45:46.6
65b549c67c7791499c09f8a2,NULL,0,63,right-7,none,right-dark,dark-up,fewer-up,dual,45:45.4
610008383c0a128712403745,1316,1,64,left-7,right,left-dark,dark-up,fewer-up,single,45:46.7
5eacb97b5eaaf53389bfb8a2,1224,1,60,right-9,right,right-dark,dark-up,greater-up,single,45:55.5
5beccd423b6489000156596f,1053,1,68,left-5,right,left-dark,dark-up,fewer-up,dual,45:46.8
5f171b6978c6ae032e458f06,1116,1,46,left-5,left,left-dark,dark-up,greater-up,single,45:47.3
665f81442e9eb2f969a3a4b1,NULL,0,24,left-4,none,left-dark,light-up,greater-up,dual,45:47.3
5d93b788fdfe9d001c00c255,1002,1,16,left-3,left,left-dark,dark-up,greater-up,single,45:48.9
63483c4522d65d46028da7a7,308,1,0,left-8,left,left-dark,light-up,fewer-up,single,45:48.7
610008383c0a128712403745,876,1,65,right-3,right,right-dark,dark-up,greater-up,single,45:49.0
5beccd423b6489000156596f,697,1,69,left-0,left,left-dark,dark-up,greater-up,dual,45:49.0
5d29d6bd30fa6f0015cd4a75,659,0,60,left-0,left,left-dark,dark-up,fewer-up,single,45:48.9
65b549c67c7791499c09f8a2,1095,1,64,right-0,left,right-dark,dark-up,fewer-up,dual,45:48.4
5eacb97b5eaaf53389bfb8a2,1119,1,61,right-9,left,right-dark,light-up,greater-up,single,45:58.1
69934339b08d5f0fffb145f4,1095,1,40,left-6,right,left-dark,dark-up,fewer-up,dual,45:49.3
5f171b6978c6ae032e458f06,NULL,0,47,right-4,none,right-dark,dark-up,fewer-up,single,45:49.9
63483c4522d65d46028da7a7,450,1,1,right-9,right,right-dark,light-up,fewer-up,single,45:50.3
5d93b788fdfe9d001c00c255,913,1,17,left-3,right,left-dark,light-up,greater-up,single,45:51.3
665f81442e9eb2f969a3a4b1,1425,1,25,right-2,left,right-dark,dark-up,fewer-up,dual,45:50.7
5d29d6bd30fa6f0015cd4a75,767,1,61,left-7,left,left-dark,light-up,fewer-up,single,45:51.1
610008383c0a128712403745,1023,1,66,left-6,right,left-dark,light-up,greater-up,single,45:51.3
5beccd423b6489000156596f,829,1,70,left-4,right,left-dark,light-up,greater-up,dual,45:51.2
65b549c67c7791499c09f8a2,1226,1,65,left-3,right,left-dark,light-up,greater-up,dual,45:50.9
63483c4522d65d46028da7a7,81,0,2,left-1,right,left-dark,dark-up,greater-up,single,45:51.8
5eacb97b5eaaf53389bfb8a2,981,1,62,left-5,left,left-dark,dark-up,greater-up,single,46:00.6
5f171b6978c6ae032e458f06,477,0,48,left-6,left,left-dark,light-up,greater-up,single,45:51.9
69934339b08d5f0fffb145f4,1341,1,41,right-2,left,right-dark,light-up,greater-up,dual,45:52.3
63483c4522d65d46028da7a7,88,0,3,left-2,left,left-dark,light-up,greater-up,single,45:53.1
610008383c0a128712403745,1010,1,67,right-2,right,right-dark,dark-up,greater-up,single,45:53.4
665f81442e9eb2f969a3a4b1,1367,1,26,right-2,right,right-dark,light-up,fewer-up,dual,45:53.2
5d29d6bd30fa6f0015cd4a75,1020,1,62,left-3,left,left-dark,dark-up,greater-up,single,45:53.3
5beccd423b6489000156596f,741,1,71,left-3,right,left-dark,dark-up,fewer-up,dual,45:53.4
5d93b788fdfe9d001c00c255,1186,1,18,right-7,right,right-dark,dark-up,greater-up,single,45:54.0
65b549c67c7791499c09f8a2,1573,1,66,left-8,left,left-dark,light-up,fewer-up,dual,45:53.5
5eacb97b5eaaf53389bfb8a2,1139,0,63,right-1,right,right-dark,dark-up,fewer-up,single,46:03.2
5f171b6978c6ae032e458f06,NULL,0,49,left-9,none,left-dark,dark-up,greater-up,single,45:54.5
63483c4522d65d46028da7a7,87,0,4,left-3,left,left-dark,light-up,greater-up,single,45:54.8
5beccd423b6489000156596f,849,1,72,left-1,left,left-dark,dark-up,greater-up,dual,45:55.4
5d29d6bd30fa6f0015cd4a75,832,1,63,right-7,right,right-dark,dark-up,greater-up,single,45:55.5
610008383c0a128712403745,1219,1,68,left-5,right,left-dark,light-up,greater-up,single,45:55.8
69934339b08d5f0fffb145f4,1641,0,42,left-0,right,left-dark,dark-up,greater-up,dual,45:55.3
5d93b788fdfe9d001c00c255,1153,1,19,right-4,right,right-dark,light-up,fewer-up,single,45:56.7
665f81442e9eb2f969a3a4b1,1571,1,27,left-6,left,left-dark,light-up,fewer-up,dual,45:56.1
63483c4522d65d46028da7a7,261,0,5,left-9,left,left-dark,light-up,greater-up,single,45:56.3
65b549c67c7791499c09f8a2,1416,1,67,left-1,left,left-dark,dark-up,greater-up,dual,45:56.0
5eacb97b5eaaf53389bfb8a2,1154,1,64,left-3,left,left-dark,dark-up,greater-up,single,46:05.7
63483c4522d65d46028da7a7,176,0,6,left-5,right,left-dark,light-up,fewer-up,single,45:57.7
5f171b6978c6ae032e458f06,1474,1,50,right-9,right,right-dark,dark-up,greater-up,single,45:57.8
5beccd423b6489000156596f,909,1,73,right-9,right,right-dark,dark-up,greater-up,dual,45:57.8
5d29d6bd30fa6f0015cd4a75,911,0,64,right-4,left,right-dark,light-up,fewer-up,single,45:57.9
610008383c0a128712403745,930,1,69,left-8,left,left-dark,dark-up,greater-up,single,45:58.2
69934339b08d5f0fffb145f4,1002,1,43,right-1,left,right-dark,light-up,greater-up,dual,45:57.6
665f81442e9eb2f969a3a4b1,1315,1,28,right-1,right,right-dark,light-up,fewer-up,dual,45:58.7
63483c4522d65d46028da7a7,62,1,7,right-9,left,right-dark,dark-up,fewer-up,single,45:59.1
65b549c67c7791499c09f8a2,1108,1,68,left-0,left,left-dark,dark-up,greater-up,dual,45:58.5
5eacb97b5eaaf53389bfb8a2,1167,1,65,right-9,right,right-dark,light-up,fewer-up,single,46:08.3
5beccd423b6489000156596f,830,1,74,left-7,right,left-dark,light-up,greater-up,dual,46:00.0
610008383c0a128712403745,942,1,70,left-5,left,left-dark,light-up,fewer-up,single,46:00.3
5f171b6978c6ae032e458f06,NULL,0,51,left-3,none,left-dark,light-up,greater-up,single,46:00.2
5d29d6bd30fa6f0015cd4a75,1033,1,65,left-1,left,left-dark,light-up,fewer-up,single,46:00.1
63483c4522d65d46028da7a7,93,1,8,right-1,left,right-dark,light-up,greater-up,single,46:00.8
69934339b08d5f0fffb145f4,1200,1,44,left-2,right,left-dark,dark-up,fewer-up,dual,46:00.3
5eacb97b5eaaf53389bfb8a2,843,1,66,right-3,right,right-dark,dark-up,greater-up,single,46:10.5
665f81442e9eb2f969a3a4b1,1549,1,29,right-7,right,right-dark,light-up,fewer-up,dual,46:01.8
5beccd423b6489000156596f,1104,1,75,right-2,right,right-dark,dark-up,greater-up,dual,46:02.1
65b549c67c7791499c09f8a2,1290,1,69,right-5,left,right-dark,dark-up,fewer-up,dual,46:01.3
63483c4522d65d46028da7a7,53,1,9,left-5,left,left-dark,dark-up,greater-up,single,46:02.1
5d29d6bd30fa6f0015cd4a75,1141,0,66,left-4,left,left-dark,dark-up,fewer-up,single,46:02.3
610008383c0a128712403745,1005,1,71,right-7,right,right-dark,light-up,fewer-up,single,46:02.6
5f171b6978c6ae032e458f06,1046,1,52,left-7,left,left-dark,light-up,fewer-up,single,46:03.2
63483c4522d65d46028da7a7,9,0,10,left-5,left,left-dark,dark-up,fewer-up,single,46:03.4
69934339b08d5f0fffb145f4,1345,1,45,right-7,left,right-dark,light-up,greater-up,dual,46:03.3
5eacb97b5eaaf53389bfb8a2,1358,1,67,right-3,left,right-dark,light-up,greater-up,single,46:12.9
665f81442e9eb2f969a3a4b1,1133,1,30,left-8,left,left-dark,light-up,fewer-up,dual,46:04.2
5d29d6bd30fa6f0015cd4a75,876,0,67,right-1,right,right-dark,dark-up,fewer-up,single,46:04.3
65b549c67c7791499c09f8a2,1171,1,70,left-2,right,left-dark,light-up,greater-up,dual,46:03.5
610008383c0a128712403745,950,1,72,right-0,right,right-dark,light-up,fewer-up,single,46:04.6
5beccd423b6489000156596f,1031,1,76,right-8,right,right-dark,light-up,fewer-up,dual,46:04.6
63483c4522d65d46028da7a7,135,0,11,right-5,left,right-dark,light-up,fewer-up,single,46:04.7
55d234b45bc5bc0005d9039d,1068,1,0,left-2,left,left-dark,dark-up,greater-up,single,46:05.0
5f171b6978c6ae032e458f06,1102,1,53,left-4,left,left-dark,light-up,fewer-up,single,46:05.6
63483c4522d65d46028da7a7,127,0,12,right-8,left,right-dark,dark-up,greater-up,single,46:06.3
5eacb97b5eaaf53389bfb8a2,1028,1,68,left-9,left,left-dark,dark-up,greater-up,single,46:15.1
69934339b08d5f0fffb145f4,1375,1,46,left-5,left,left-dark,light-up,fewer-up,dual,46:05.9
5d29d6bd30fa6f0015cd4a75,713,1,68,left-9,left,left-dark,light-up,fewer-up,single,46:06.5
665f81442e9eb2f969a3a4b1,1105,1,31,left-6,left,left-dark,dark-up,greater-up,dual,46:06.8
610008383c0a128712403745,982,1,73,left-4,left,left-dark,light-up,fewer-up,single,46:07.1
5beccd423b6489000156596f,1066,1,77,right-1,right,right-dark,light-up,fewer-up,dual,46:07.0
55d234b45bc5bc0005d9039d,767,1,1,right-6,right,right-dark,dark-up,greater-up,single,46:07.2
65b549c67c7791499c09f8a2,1678,1,71,left-9,left,left-dark,dark-up,greater-up,dual,46:06.4
5d93b788fdfe9d001c00c255,1395,1,20,left-5,right,left-dark,dark-up,fewer-up,single,46:08.3
63483c4522d65d46028da7a7,229,0,13,right-5,right,right-dark,dark-up,fewer-up,single,46:07.7
5f171b6978c6ae032e458f06,1384,1,54,left-0,right,left-dark,dark-up,fewer-up,single,46:08.5
5eacb97b5eaaf53389bfb8a2,900,1,69,left-4,left,left-dark,dark-up,greater-up,single,46:17.4
69934339b08d5f0fffb145f4,952,1,47,left-4,left,left-dark,dark-up,greater-up,dual,46:08.1
5d29d6bd30fa6f0015cd4a75,1073,1,69,right-2,right,right-dark,light-up,fewer-up,single,46:08.9
63483c4522d65d46028da7a7,155,1,14,right-9,left,right-dark,light-up,greater-up,single,46:09.0
5beccd423b6489000156596f,805,1,78,right-4,right,right-dark,light-up,fewer-up,dual,46:09.1
610008383c0a128712403745,850,1,74,left-0,left,left-dark,dark-up,greater-up,single,46:09.2
665f81442e9eb2f969a3a4b1,1169,0,32,right-4,right,right-dark,light-up,greater-up,dual,46:09.4
5d93b788fdfe9d001c00c255,802,1,21,left-6,right,left-dark,dark-up,fewer-up,single,46:10.2
55d234b45bc5bc0005d9039d,816,1,2,right-8,right,right-dark,light-up,fewer-up,single,46:09.5
65b549c67c7791499c09f8a2,1148,1,72,right-2,left,right-dark,light-up,greater-up,dual,46:09.0
63483c4522d65d46028da7a7,133,0,15,left-4,right,left-dark,dark-up,greater-up,single,46:10.3
69934339b08d5f0fffb145f4,920,1,48,right-4,right,right-dark,light-up,fewer-up,dual,46:10.2
5eacb97b5eaaf53389bfb8a2,1036,1,70,right-7,right,right-dark,light-up,fewer-up,single,46:19.7
610008383c0a128712403745,811,1,75,right-2,right,right-dark,light-up,fewer-up,single,46:11.1
5f171b6978c6ae032e458f06,1236,1,55,left-2,left,left-dark,light-up,fewer-up,single,46:11.0
5d29d6bd30fa6f0015cd4a75,950,1,70,left-9,right,left-dark,dark-up,fewer-up,single,46:11.1
5d93b788fdfe9d001c00c255,829,1,22,left-7,right,left-dark,light-up,greater-up,single,46:12.2
5beccd423b6489000156596f,876,0,79,left-2,right,left-dark,light-up,fewer-up,dual,46:11.5
665f81442e9eb2f969a3a4b1,1039,1,33,right-7,right,right-dark,dark-up,greater-up,dual,46:11.6
63483c4522d65d46028da7a7,98,1,16,right-4,left,right-dark,dark-up,fewer-up,single,46:11.7
55d234b45bc5bc0005d9039d,847,1,3,right-1,right,right-dark,light-up,fewer-up,single,46:11.7
65b549c67c7791499c09f8a2,NULL,0,73,right-7,none,right-dark,light-up,fewer-up,dual,46:11.5
63483c4522d65d46028da7a7,149,0,17,left-6,left,left-dark,light-up,greater-up,single,46:12.9
5d29d6bd30fa6f0015cd4a75,788,1,71,left-7,left,left-dark,dark-up,greater-up,single,46:13.0
5eacb97b5eaaf53389bfb8a2,1280,1,71,left-7,right,left-dark,light-up,greater-up,single,46:22.2
610008383c0a128712403745,1407,1,76,right-1,left,right-dark,light-up,greater-up,single,46:14.0
5d93b788fdfe9d001c00c255,899,1,23,right-3,left,right-dark,dark-up,fewer-up,single,46:14.6
69934339b08d5f0fffb145f4,1610,0,49,right-2,left,right-dark,light-up,fewer-up,dual,46:13.4
5f171b6978c6ae032e458f06,1621,0,56,right-3,right,right-dark,dark-up,fewer-up,single,46:13.9
665f81442e9eb2f969a3a4b1,963,0,34,left-8,left,left-dark,light-up,greater-up,dual,46:14.1
63483c4522d65d46028da7a7,103,0,18,left-6,right,left-dark,light-up,fewer-up,single,46:14.1
55d234b45bc5bc0005d9039d,1209,1,4,right-1,right,right-dark,dark-up,greater-up,single,46:14.1
5d29d6bd30fa6f0015cd4a75,904,0,72,left-9,right,left-dark,dark-up,greater-up,single,46:15.0
65b549c67c7791499c09f8a2,1399,1,74,left-9,left,left-dark,light-up,fewer-up,dual,46:14.5
5eacb97b5eaaf53389bfb8a2,747,1,72,right-5,right,right-dark,dark-up,greater-up,single,46:24.1
63483c4522d65d46028da7a7,34,1,19,right-1,right,right-dark,dark-up,greater-up,single,46:15.1
665f81442e9eb2f969a3a4b1,927,1,35,left-0,right,left-dark,light-up,greater-up,dual,46:16.1
5d93b788fdfe9d001c00c255,1106,1,24,left-5,left,left-dark,dark-up,greater-up,single,46:17.0
610008383c0a128712403745,1254,1,77,left-6,right,left-dark,dark-up,fewer-up,single,46:16.5
55d234b45bc5bc0005d9039d,1079,1,5,right-4,right,right-dark,light-up,fewer-up,single,46:16.3
5f171b6978c6ae032e458f06,NULL,0,57,right-5,none,right-dark,dark-up,greater-up,single,46:16.3
69934339b08d5f0fffb145f4,1584,0,50,right-8,right,right-dark,light-up,greater-up,dual,46:16.3
5d29d6bd30fa6f0015cd4a75,1036,1,73,right-7,right,right-dark,light-up,fewer-up,single,46:17.6
5eacb97b5eaaf53389bfb8a2,967,1,73,left-9,left,left-dark,light-up,fewer-up,single,46:26.4
55d234b45bc5bc0005d9039d,676,1,6,right-0,right,right-dark,dark-up,greater-up,single,46:18.1
65b549c67c7791499c09f8a2,1434,0,75,right-1,right,right-dark,dark-up,fewer-up,dual,46:17.4
610008383c0a128712403745,830,1,78,right-8,left,right-dark,light-up,greater-up,single,46:18.4
665f81442e9eb2f969a3a4b1,1461,1,36,left-5,right,left-dark,dark-up,fewer-up,dual,46:18.8
5d93b788fdfe9d001c00c255,1292,1,25,right-9,left,right-dark,light-up,greater-up,single,46:19.8
5f171b6978c6ae032e458f06,1060,1,58,right-3,left,right-dark,light-up,greater-up,single,46:19.1
69934339b08d5f0fffb145f4,NULL,0,51,left-0,none,left-dark,dark-up,fewer-up,dual,46:18.9
5eacb97b5eaaf53389bfb8a2,700,1,74,right-4,right,right-dark,dark-up,greater-up,single,46:28.4
5d29d6bd30fa6f0015cd4a75,871,1,74,right-7,left,right-dark,light-up,greater-up,single,46:19.9
55d234b45bc5bc0005d9039d,1074,1,7,left-3,right,left-dark,light-up,greater-up,single,46:20.4
610008383c0a128712403745,975,1,79,left-9,right,left-dark,dark-up,fewer-up,single,46:20.8
65b549c67c7791499c09f8a2,1640,1,76,right-9,right,right-dark,light-up,fewer-up,dual,46:20.2
5d93b788fdfe9d001c00c255,1142,1,26,left-9,left,left-dark,light-up,fewer-up,single,46:22.5
63483c4522d65d46028da7a7,9,0,20,right-5,right,right-dark,light-up,greater-up,single,46:21.7
665f81442e9eb2f969a3a4b1,1486,1,37,left-2,left,left-dark,light-up,fewer-up,dual,46:21.8
5eacb97b5eaaf53389bfb8a2,851,1,75,left-1,left,left-dark,dark-up,greater-up,single,46:30.7
5f171b6978c6ae032e458f06,1258,1,59,right-4,right,right-dark,light-up,fewer-up,single,46:21.9
5d29d6bd30fa6f0015cd4a75,910,1,75,left-6,right,left-dark,dark-up,fewer-up,single,46:22.0
69934339b08d5f0fffb145f4,NULL,0,52,right-7,none,right-dark,light-up,fewer-up,dual,46:21.7
55d234b45bc5bc0005d9039d,929,1,8,left-5,left,left-dark,light-up,fewer-up,single,46:22.8
63483c4522d65d46028da7a7,48,1,21,left-9,left,left-dark,light-up,fewer-up,single,46:22.9
65b549c67c7791499c09f8a2,1574,1,77,right-9,left,right-dark,light-up,greater-up,dual,46:22.8
5d93b788fdfe9d001c00c255,958,1,27,left-5,left,left-dark,light-up,fewer-up,single,46:24.7
5eacb97b5eaaf53389bfb8a2,816,1,76,right-0,right,right-dark,dark-up,greater-up,single,46:33.0
5d29d6bd30fa6f0015cd4a75,1025,0,76,left-5,left,left-dark,dark-up,fewer-up,single,46:24.3
63483c4522d65d46028da7a7,234,0,22,right-3,left,right-dark,light-up,fewer-up,single,46:24.4
665f81442e9eb2f969a3a4b1,1485,1,38,left-0,right,left-dark,dark-up,fewer-up,dual,46:24.6
55d234b45bc5bc0005d9039d,1017,1,9,right-5,left,right-dark,dark-up,fewer-up,single,46:25.0
69934339b08d5f0fffb145f4,1312,1,53,left-9,right,left-dark,light-up,greater-up,dual,46:25.0
63483c4522d65d46028da7a7,249,0,23,right-7,right,right-dark,light-up,greater-up,single,46:26.1
65b549c67c7791499c09f8a2,1589,1,78,left-6,left,left-dark,dark-up,greater-up,dual,46:25.5
5d29d6bd30fa6f0015cd4a75,940,0,77,right-0,right,right-dark,dark-up,fewer-up,single,46:26.4
5eacb97b5eaaf53389bfb8a2,808,1,77,left-1,left,left-dark,light-up,fewer-up,single,46:35.3
5d93b788fdfe9d001c00c255,1199,1,28,right-1,left,right-dark,light-up,greater-up,single,46:27.4
55d234b45bc5bc0005d9039d,761,0,10,left-7,right,left-dark,light-up,fewer-up,single,46:27.1
665f81442e9eb2f969a3a4b1,1587,1,39,right-0,right,right-dark,light-up,fewer-up,dual,46:27.3
63483c4522d65d46028da7a7,377,0,24,right-5,left,right-dark,dark-up,greater-up,single,46:27.8
69934339b08d5f0fffb145f4,1014,1,54,right-1,right,right-dark,dark-up,greater-up,dual,46:27.4
5d29d6bd30fa6f0015cd4a75,1050,1,78,left-2,left,left-dark,dark-up,greater-up,single,46:28.7
5d93b788fdfe9d001c00c255,978,1,29,right-6,right,right-dark,light-up,fewer-up,single,46:29.6
5eacb97b5eaaf53389bfb8a2,984,0,78,right-5,right,right-dark,dark-up,fewer-up,single,46:37.7
65b549c67c7791499c09f8a2,1354,1,79,left-7,right,left-dark,light-up,greater-up,dual,46:28.3
55d234b45bc5bc0005d9039d,682,1,11,left-9,left,left-dark,light-up,fewer-up,single,46:29.1
63483c4522d65d46028da7a7,278,1,25,left-5,right,left-dark,light-up,greater-up,single,46:29.2
5f171b6978c6ae032e458f06,947,1,60,left-1,right,left-dark,dark-up,fewer-up,single,46:30.0
69934339b08d5f0fffb145f4,1221,1,55,left-8,left,left-dark,dark-up,greater-up,dual,46:29.9
5d29d6bd30fa6f0015cd4a75,1066,1,79,left-7,right,left-dark,light-up,greater-up,single,46:30.8
5eacb97b5eaaf53389bfb8a2,798,1,79,left-2,left,left-dark,dark-up,greater-up,single,46:39.8
5d93b788fdfe9d001c00c255,876,1,30,right-5,left,right-dark,dark-up,fewer-up,single,46:32.0
63483c4522d65d46028da7a7,720,0,26,right-4,left,right-dark,light-up,fewer-up,single,46:31.3
55d234b45bc5bc0005d9039d,843,1,12,right-6,right,right-dark,light-up,fewer-up,single,46:31.4
5f171b6978c6ae032e458f06,969,1,61,right-3,right,right-dark,light-up,fewer-up,single,46:32.3
69934339b08d5f0fffb145f4,1427,1,56,left-9,left,left-dark,dark-up,greater-up,dual,46:32.5
5d93b788fdfe9d001c00c255,879,0,31,left-6,left,left-dark,light-up,greater-up,single,46:33.9
63483c4522d65d46028da7a7,698,0,27,left-7,left,left-dark,light-up,greater-up,single,46:33.5
55d234b45bc5bc0005d9039d,1116,1,13,right-4,left,right-dark,dark-up,fewer-up,single,46:33.7
63483c4522d65d46028da7a7,218,1,28,left-1,left,left-dark,light-up,fewer-up,single,46:34.9
5f171b6978c6ae032e458f06,1681,1,62,right-6,right,right-dark,light-up,fewer-up,single,46:35.4
5dcea4c3bc83380fe65dba2a,NULL,0,0,left-0,none,left-dark,dark-up,fewer-up,dual,46:35.4
69934339b08d5f0fffb145f4,1416,1,57,right-1,right,right-dark,light-up,fewer-up,dual,46:35.0
55d234b45bc5bc0005d9039d,818,1,14,right-7,right,right-dark,light-up,fewer-up,single,46:35.6
5d93b788fdfe9d001c00c255,942,1,32,left-2,right,left-dark,light-up,greater-up,single,46:36.4
63483c4522d65d46028da7a7,203,1,29,right-8,left,right-dark,light-up,greater-up,single,46:36.5
5d93b788fdfe9d001c00c255,897,1,33,right-0,left,right-dark,light-up,greater-up,single,46:38.4
665f81442e9eb2f969a3a4b1,986,0,40,left-7,left,left-dark,light-up,greater-up,dual,46:37.8
63483c4522d65d46028da7a7,104,0,30,left-8,left,left-dark,light-up,greater-up,single,46:37.9
5f171b6978c6ae032e458f06,NULL,0,63,left-4,none,left-dark,dark-up,greater-up,single,46:38.1
69934339b08d5f0fffb145f4,1417,1,58,right-1,left,right-dark,dark-up,fewer-up,dual,46:37.6
55d234b45bc5bc0005d9039d,1173,1,15,left-4,right,left-dark,dark-up,fewer-up,single,46:38.3
5dcea4c3bc83380fe65dba2a,NULL,0,1,left-9,none,left-dark,dark-up,greater-up,dual,46:38.3
63483c4522d65d46028da7a7,217,0,31,left-2,left,left-dark,dark-up,fewer-up,single,46:39.6
5d93b788fdfe9d001c00c255,861,1,34,right-2,left,right-dark,dark-up,fewer-up,single,46:40.6
55d234b45bc5bc0005d9039d,930,1,16,left-0,right,left-dark,light-up,greater-up,single,46:40.5
665f81442e9eb2f969a3a4b1,1672,1,41,left-1,right,left-dark,light-up,greater-up,dual,46:40.9
63483c4522d65d46028da7a7,289,0,32,left-1,left,left-dark,dark-up,fewer-up,single,46:41.0
5dcea4c3bc83380fe65dba2a,972,1,2,left-8,right,left-dark,light-up,greater-up,dual,46:41.3
69934339b08d5f0fffb145f4,1592,0,59,left-3,right,left-dark,light-up,fewer-up,dual,46:40.9
5f171b6978c6ae032e458f06,1488,1,64,right-8,right,right-dark,dark-up,greater-up,single,46:41.5
5d93b788fdfe9d001c00c255,1002,1,35,right-9,right,right-dark,dark-up,greater-up,single,46:42.8
55d234b45bc5bc0005d9039d,765,1,17,left-9,left,left-dark,dark-up,greater-up,single,46:42.4
63483c4522d65d46028da7a7,269,1,33,right-3,right,right-dark,dark-up,greater-up,single,46:42.6
665f81442e9eb2f969a3a4b1,1299,1,42,left-3,right,left-dark,dark-up,fewer-up,dual,46:43.3
5f171b6978c6ae032e458f06,NULL,0,65,right-1,none,right-dark,light-up,greater-up,single,46:44.0
5dcea4c3bc83380fe65dba2a,NULL,0,3,right-1,none,right-dark,light-up,fewer-up,dual,46:44.1
63483c4522d65d46028da7a7,172,0,34,left-0,left,left-dark,dark-up,fewer-up,single,46:44.2
5d93b788fdfe9d001c00c255,931,1,36,right-2,right,right-dark,dark-up,greater-up,single,46:45.1
55d234b45bc5bc0005d9039d,1080,1,18,right-1,left,right-dark,dark-up,fewer-up,single,46:44.7
63483c4522d65d46028da7a7,21,0,35,left-3,right,left-dark,light-up,fewer-up,single,46:45.7
665f81442e9eb2f969a3a4b1,1755,1,43,left-7,left,left-dark,dark-up,greater-up,dual,46:46.4
5d93b788fdfe9d001c00c255,1098,1,37,left-0,right,left-dark,dark-up,fewer-up,single,46:47.4
5dcea4c3bc83380fe65dba2a,1022,1,4,left-4,left,left-dark,dark-up,greater-up,dual,46:46.9
55d234b45bc5bc0005d9039d,942,1,19,left-6,right,left-dark,dark-up,fewer-up,single,46:47.1
63483c4522d65d46028da7a7,72,1,36,left-6,left,left-dark,dark-up,greater-up,single,46:47.3
69934339b08d5f0fffb145f4,1279,1,60,right-6,right,right-dark,light-up,fewer-up,dual,46:46.8
5f171b6978c6ae032e458f06,1506,1,66,right-8,right,right-dark,light-up,fewer-up,single,46:47.4
665f81442e9eb2f969a3a4b1,NULL,0,44,left-2,none,left-dark,dark-up,fewer-up,dual,46:48.7
5d93b788fdfe9d001c00c255,933,1,38,left-8,right,left-dark,dark-up,fewer-up,single,46:49.7
63483c4522d65d46028da7a7,490,0,37,right-6,right,right-dark,dark-up,fewer-up,single,46:49.3
5dcea4c3bc83380fe65dba2a,NULL,0,5,left-2,none,left-dark,dark-up,greater-up,dual,46:49.4
69934339b08d5f0fffb145f4,988,1,61,right-0,right,right-dark,light-up,fewer-up,dual,46:49.2
5f171b6978c6ae032e458f06,1040,1,67,right-6,left,right-dark,dark-up,fewer-up,single,46:49.9
63483c4522d65d46028da7a7,260,1,38,right-4,left,right-dark,light-up,greater-up,single,46:50.6
5d93b788fdfe9d001c00c255,1188,1,39,right-1,right,right-dark,light-up,fewer-up,single,46:52.0
665f81442e9eb2f969a3a4b1,1087,1,45,right-4,right,right-dark,dark-up,greater-up,dual,46:51.4
63483c4522d65d46028da7a7,43,1,39,left-1,right,left-dark,light-up,greater-up,single,46:51.7
5f171b6978c6ae032e458f06,910,1,68,right-9,right,right-dark,light-up,fewer-up,single,46:52.0
5dcea4c3bc83380fe65dba2a,793,0,6,left-3,right,left-dark,dark-up,greater-up,dual,46:52.1
69934339b08d5f0fffb145f4,1187,1,62,right-8,right,right-dark,dark-up,greater-up,dual,46:51.8
665f81442e9eb2f969a3a4b1,993,1,46,right-0,left,right-dark,dark-up,fewer-up,dual,46:53.4
5f171b6978c6ae032e458f06,1140,0,69,left-4,left,left-dark,light-up,greater-up,single,46:54.3
69934339b08d5f0fffb145f4,987,1,63,left-6,left,left-dark,dark-up,greater-up,dual,46:54.1
5dcea4c3bc83380fe65dba2a,NULL,0,7,left-1,none,left-dark,dark-up,fewer-up,dual,46:54.5
665f81442e9eb2f969a3a4b1,1466,0,47,right-1,right,right-dark,dark-up,fewer-up,dual,46:56.0
5f171b6978c6ae032e458f06,1664,1,70,left-1,left,left-dark,light-up,fewer-up,single,46:57.0
69934339b08d5f0fffb145f4,1483,1,64,left-9,right,left-dark,dark-up,fewer-up,dual,46:56.7
5dcea4c3bc83380fe65dba2a,869,0,8,right-0,left,right-dark,dark-up,greater-up,dual,46:57.1
55d234b45bc5bc0005d9039d,854,1,20,left-1,left,left-dark,dark-up,greater-up,single,46:58.2
665f81442e9eb2f969a3a4b1,NULL,0,48,right-9,none,right-dark,dark-up,fewer-up,dual,46:58.5
5dcea4c3bc83380fe65dba2a,726,1,9,left-5,right,left-dark,dark-up,fewer-up,dual,46:59.4
5f171b6978c6ae032e458f06,NULL,0,71,right-4,none,right-dark,light-up,greater-up,single,46:59.7
69934339b08d5f0fffb145f4,1256,1,65,left-1,right,left-dark,dark-up,fewer-up,dual,46:59.5
55d234b45bc5bc0005d9039d,920,1,21,right-3,left,right-dark,light-up,greater-up,single,47:00.7
665f81442e9eb2f969a3a4b1,1042,1,49,right-5,left,right-dark,dark-up,fewer-up,dual,47:01.4
5dcea4c3bc83380fe65dba2a,NULL,0,10,right-2,none,right-dark,dark-up,greater-up,dual,47:01.9
5f171b6978c6ae032e458f06,1416,1,72,left-2,right,left-dark,dark-up,fewer-up,single,47:02.6
55d234b45bc5bc0005d9039d,650,1,22,right-4,right,right-dark,dark-up,greater-up,single,47:02.6
69934339b08d5f0fffb145f4,1314,1,66,left-1,left,left-dark,light-up,fewer-up,dual,47:02.2
665f81442e9eb2f969a3a4b1,1023,1,50,right-9,right,right-dark,dark-up,greater-up,dual,47:03.8
5e9f3deb12d01a0b806e57b7,1130,1,0,right-5,right,right-dark,dark-up,greater-up,dual,47:04.2
55d234b45bc5bc0005d9039d,698,1,23,left-3,left,left-dark,dark-up,greater-up,single,47:04.4
5f171b6978c6ae032e458f06,NULL,0,73,right-5,none,right-dark,light-up,greater-up,single,47:05.2
5dcea4c3bc83380fe65dba2a,1398,1,11,right-9,right,right-dark,light-up,fewer-up,dual,47:05.4
69934339b08d5f0fffb145f4,1624,1,67,left-1,right,left-dark,light-up,greater-up,dual,47:05.0
55d234b45bc5bc0005d9039d,923,1,24,right-3,right,right-dark,light-up,fewer-up,single,47:06.5
665f81442e9eb2f969a3a4b1,1485,1,51,left-2,left,left-dark,dark-up,greater-up,dual,47:06.7
5e9f3deb12d01a0b806e57b7,1367,1,1,left-4,left,left-dark,light-up,fewer-up,dual,47:06.9
5f171b6978c6ae032e458f06,373,0,74,left-0,right,left-dark,dark-up,greater-up,single,47:07.3
69934339b08d5f0fffb145f4,1001,1,68,right-6,right,right-dark,dark-up,greater-up,dual,47:07.5
5dcea4c3bc83380fe65dba2a,1507,1,12,left-7,right,left-dark,light-up,greater-up,dual,47:08.0
55d234b45bc5bc0005d9039d,1110,1,25,left-1,right,left-dark,dark-up,fewer-up,single,47:08.8
665f81442e9eb2f969a3a4b1,1441,1,52,right-5,right,right-dark,light-up,fewer-up,dual,47:09.5
5e9f3deb12d01a0b806e57b7,1546,1,2,right-3,right,right-dark,light-up,fewer-up,dual,47:09.8
5f171b6978c6ae032e458f06,1173,1,75,left-5,right,left-dark,light-up,greater-up,single,47:10.0
69934339b08d5f0fffb145f4,1066,1,69,right-2,left,right-dark,dark-up,fewer-up,dual,47:09.9
63483c4522d65d46028da7a7,1105,1,40,left-8,right,left-dark,dark-up,fewer-up,single,47:10.5
5dcea4c3bc83380fe65dba2a,1654,1,13,right-8,left,right-dark,dark-up,fewer-up,dual,47:10.9
55d234b45bc5bc0005d9039d,1086,1,26,left-0,left,left-dark,light-up,fewer-up,single,47:11.1
63483c4522d65d46028da7a7,262,1,41,right-0,right,right-dark,dark-up,greater-up,single,47:12.2
665f81442e9eb2f969a3a4b1,1364,1,53,left-4,left,left-dark,light-up,fewer-up,dual,47:12.3
5e9f3deb12d01a0b806e57b7,NULL,0,3,right-9,none,right-dark,light-up,fewer-up,dual,47:12.3
5f171b6978c6ae032e458f06,941,1,76,left-6,left,left-dark,dark-up,greater-up,single,47:12.4
69934339b08d5f0fffb145f4,1250,1,70,right-4,left,right-dark,dark-up,fewer-up,dual,47:12.3
55d234b45bc5bc0005d9039d,953,1,27,left-6,right,left-dark,light-up,greater-up,single,47:13.2
5dcea4c3bc83380fe65dba2a,705,0,14,right-7,right,right-dark,light-up,greater-up,dual,47:13.2
63483c4522d65d46028da7a7,38,1,42,left-0,left,left-dark,dark-up,greater-up,single,47:13.5
665f81442e9eb2f969a3a4b1,1307,1,54,left-9,right,left-dark,dark-up,fewer-up,dual,47:14.8
63483c4522d65d46028da7a7,10,1,43,right-8,left,right-dark,dark-up,fewer-up,single,47:14.9
69934339b08d5f0fffb145f4,1097,1,71,left-4,left,left-dark,light-up,fewer-up,dual,47:14.5
5e9f3deb12d01a0b806e57b7,1028,0,4,left-9,right,left-dark,dark-up,greater-up,dual,47:15.2
5f171b6978c6ae032e458f06,1361,1,77,right-7,left,right-dark,dark-up,fewer-up,single,47:15.3
55d234b45bc5bc0005d9039d,1108,1,28,left-5,left,left-dark,dark-up,greater-up,single,47:15.3
5dcea4c3bc83380fe65dba2a,1369,0,15,right-6,left,right-dark,dark-up,greater-up,dual,47:15.9
63483c4522d65d46028da7a7,20,0,44,right-0,right,right-dark,dark-up,fewer-up,single,47:16.2
665f81442e9eb2f969a3a4b1,NULL,0,55,left-5,none,left-dark,light-up,greater-up,dual,47:17.1
5f171b6978c6ae032e458f06,705,1,78,right-0,right,right-dark,light-up,fewer-up,single,47:17.5
55d234b45bc5bc0005d9039d,1077,1,29,right-2,right,right-dark,dark-up,greater-up,single,47:17.7
63483c4522d65d46028da7a7,325,1,45,right-2,left,right-dark,light-up,greater-up,single,47:17.7
69934339b08d5f0fffb145f4,1230,1,72,right-9,left,right-dark,dark-up,fewer-up,dual,47:17.2
5e9f3deb12d01a0b806e57b7,1316,1,5,right-7,right,right-dark,dark-up,greater-up,dual,47:17.8
5dcea4c3bc83380fe65dba2a,894,0,16,left-4,right,left-dark,light-up,fewer-up,dual,47:18.2
63483c4522d65d46028da7a7,39,0,46,left-3,left,left-dark,dark-up,fewer-up,single,47:19.0
5f171b6978c6ae032e458f06,1104,1,79,right-7,left,right-dark,light-up,greater-up,single,47:19.8
665f81442e9eb2f969a3a4b1,1037,1,56,left-6,right,left-dark,dark-up,fewer-up,dual,47:19.9
55d234b45bc5bc0005d9039d,968,1,30,left-4,left,left-dark,light-up,fewer-up,single,47:20.1
69934339b08d5f0fffb145f4,1260,1,73,right-3,left,right-dark,light-up,greater-up,dual,47:19.7
63483c4522d65d46028da7a7,159,0,47,left-0,right,left-dark,light-up,fewer-up,single,47:20.4
5e9f3deb12d01a0b806e57b7,1648,1,6,right-5,left,right-dark,dark-up,fewer-up,dual,47:20.5
5dcea4c3bc83380fe65dba2a,NULL,0,17,left-9,none,left-dark,light-up,fewer-up,dual,47:20.5
63483c4522d65d46028da7a7,100,0,48,left-2,right,left-dark,light-up,fewer-up,single,47:22.0
55d234b45bc5bc0005d9039d,1071,1,31,right-6,left,right-dark,dark-up,fewer-up,single,47:22.2
69934339b08d5f0fffb145f4,952,1,74,right-9,left,right-dark,light-up,greater-up,dual,47:21.8
604db6324496c57afe822770,1140,1,0,left-3,right,left-dark,dark-up,fewer-up,single,47:22.9
665f81442e9eb2f969a3a4b1,1622,0,57,right-2,left,right-dark,dark-up,greater-up,dual,47:23.0
63483c4522d65d46028da7a7,93,1,49,left-9,left,left-dark,dark-up,greater-up,single,47:23.1
5e9f3deb12d01a0b806e57b7,1586,0,7,right-8,right,right-dark,dark-up,fewer-up,dual,47:23.3
5dcea4c3bc83380fe65dba2a,NULL,0,18,left-5,none,left-dark,light-up,fewer-up,dual,47:23.4
55d234b45bc5bc0005d9039d,838,1,32,left-2,left,left-dark,light-up,fewer-up,single,47:24.5
63483c4522d65d46028da7a7,49,1,50,left-7,left,left-dark,light-up,fewer-up,single,47:24.6
69925949caa087a146b8dccd,1738,1,0,left-7,right,left-dark,dark-up,fewer-up,dual,47:27.1
604db6324496c57afe822770,687,1,1,right-4,right,right-dark,light-up,fewer-up,single,47:25.1
665f81442e9eb2f969a3a4b1,1144,1,58,left-0,left,left-dark,dark-up,greater-up,dual,47:25.2
69934339b08d5f0fffb145f4,1126,1,75,right-5,left,right-dark,light-up,greater-up,dual,47:24.7
5e9f3deb12d01a0b806e57b7,1096,0,8,right-9,left,right-dark,dark-up,greater-up,dual,47:25.9
63483c4522d65d46028da7a7,142,0,51,right-3,right,right-dark,light-up,greater-up,single,47:26.2
55d234b45bc5bc0005d9039d,1072,0,33,right-8,right,right-dark,light-up,greater-up,single,47:26.6
5dcea4c3bc83380fe65dba2a,NULL,0,19,left-6,none,left-dark,dark-up,greater-up,dual,47:26.7
604db6324496c57afe822770,674,1,2,right-9,left,right-dark,light-up,greater-up,single,47:27.2
69925949caa087a146b8dccd,1152,1,1,left-3,left,left-dark,light-up,fewer-up,dual,47:29.8
69934339b08d5f0fffb145f4,1005,0,76,left-7,right,left-dark,light-up,fewer-up,dual,47:27.0
63483c4522d65d46028da7a7,59,1,52,right-0,left,right-dark,light-up,greater-up,single,47:27.7
665f81442e9eb2f969a3a4b1,1716,1,59,right-9,left,right-dark,light-up,greater-up,dual,47:28.2
5e9f3deb12d01a0b806e57b7,NULL,0,9,left-5,none,left-dark,light-up,fewer-up,dual,47:28.5
55d234b45bc5bc0005d9039d,776,1,34,right-2,left,right-dark,light-up,greater-up,single,47:28.7
63483c4522d65d46028da7a7,32,1,53,left-6,right,left-dark,dark-up,fewer-up,single,47:28.8
604db6324496c57afe822770,517,1,3,left-7,right,left-dark,dark-up,fewer-up,single,47:29.1
69934339b08d5f0fffb145f4,1127,1,77,left-7,left,left-dark,dark-up,greater-up,dual,47:29.2
63483c4522d65d46028da7a7,73,0,54,right-9,left,right-dark,dark-up,greater-up,single,47:30.2
69925949caa087a146b8dccd,1174,0,2,right-4,right,right-dark,light-up,greater-up,dual,47:32.7
604db6324496c57afe822770,505,0,4,left-1,left,left-dark,light-up,greater-up,single,47:31.0
55d234b45bc5bc0005d9039d,1058,1,35,left-9,right,left-dark,light-up,greater-up,single,47:31.1
5e9f3deb12d01a0b806e57b7,1021,0,10,left-7,right,left-dark,light-up,fewer-up,dual,47:31.5
63483c4522d65d46028da7a7,85,0,55,left-9,left,left-dark,dark-up,fewer-up,single,47:31.7
69925949caa087a146b8dccd,1217,1,3,left-5,left,left-dark,light-up,fewer-up,dual,47:35.2
69934339b08d5f0fffb145f4,1712,1,78,left-6,left,left-dark,light-up,fewer-up,dual,47:32.3
63483c4522d65d46028da7a7,62,0,56,left-8,right,left-dark,dark-up,greater-up,single,47:32.9
604db6324496c57afe822770,714,0,5,right-8,left,right-dark,dark-up,greater-up,single,47:33.0
55d234b45bc5bc0005d9039d,979,1,36,right-9,right,right-dark,light-up,fewer-up,single,47:33.7
5e9f3deb12d01a0b806e57b7,1054,1,11,left-2,left,left-dark,light-up,fewer-up,dual,47:33.9
63483c4522d65d46028da7a7,32,0,57,left-2,right,left-dark,dark-up,greater-up,single,47:34.3
665f81442e9eb2f969a3a4b1,1506,1,60,right-6,left,right-dark,dark-up,fewer-up,dual,47:34.6
604db6324496c57afe822770,633,0,6,right-4,right,right-dark,dark-up,fewer-up,single,47:34.9
69934339b08d5f0fffb145f4,957,1,79,right-5,right,right-dark,dark-up,greater-up,dual,47:34.6
69925949caa087a146b8dccd,1332,1,4,right-9,right,right-dark,light-up,fewer-up,dual,47:37.9
63483c4522d65d46028da7a7,168,0,58,right-6,right,right-dark,light-up,greater-up,single,47:35.7
55d234b45bc5bc0005d9039d,1177,1,37,left-5,right,left-dark,light-up,greater-up,single,47:35.9
5e9f3deb12d01a0b806e57b7,1175,1,12,right-7,right,right-dark,light-up,fewer-up,dual,47:36.1
604db6324496c57afe822770,474,1,7,right-2,left,right-dark,light-up,greater-up,single,47:36.8
63483c4522d65d46028da7a7,123,0,59,left-0,left,left-dark,light-up,greater-up,single,47:37.2
665f81442e9eb2f969a3a4b1,1670,1,61,right-8,left,right-dark,dark-up,fewer-up,dual,47:37.5
69925949caa087a146b8dccd,1001,1,5,right-3,right,right-dark,dark-up,greater-up,dual,47:40.3
55d234b45bc5bc0005d9039d,1188,1,38,right-3,left,right-dark,dark-up,fewer-up,single,47:38.3
5e9f3deb12d01a0b806e57b7,1307,1,13,left-4,right,left-dark,dark-up,fewer-up,dual,47:38.5
604db6324496c57afe822770,861,1,8,right-3,right,right-dark,light-up,fewer-up,single,47:39.0
665f81442e9eb2f969a3a4b1,1647,1,62,left-1,left,left-dark,light-up,fewer-up,dual,47:40.5
69925949caa087a146b8dccd,1255,1,6,right-2,left,right-dark,light-up,greater-up,dual,47:42.9
55d234b45bc5bc0005d9039d,927,1,39,left-8,left,left-dark,light-up,fewer-up,single,47:40.6
5dcea4c3bc83380fe65dba2a,1553,0,20,right-9,right,right-dark,dark-up,fewer-up,dual,47:40.5
5e9f3deb12d01a0b806e57b7,1447,1,14,right-5,right,right-dark,light-up,fewer-up,dual,47:40.9
604db6324496c57afe822770,882,0,9,left-9,left,left-dark,light-up,greater-up,single,47:41.5
63483c4522d65d46028da7a7,0,0,60,left-4,left,left-dark,light-up,greater-up,single,47:43.0
69925949caa087a146b8dccd,1202,0,7,left-5,left,left-dark,dark-up,fewer-up,dual,47:45.6
665f81442e9eb2f969a3a4b1,1531,1,63,right-3,left,right-dark,dark-up,fewer-up,dual,47:43.3
5dcea4c3bc83380fe65dba2a,1761,0,21,right-2,right,right-dark,light-up,greater-up,dual,47:43.3
5e9f3deb12d01a0b806e57b7,1514,0,15,left-3,left,left-dark,light-up,greater-up,dual,47:43.7
604db6324496c57afe822770,926,0,10,left-5,left,left-dark,dark-up,fewer-up,single,47:43.8
63483c4522d65d46028da7a7,58,0,61,right-2,right,right-dark,dark-up,fewer-up,single,47:44.3
6989f01e85ed4cec632af20e,903,1,0,left-7,right,left-dark,light-up,greater-up,single,47:45.1
5e6ca4b9a2b73d25c187ae61,1208,1,0,left-2,right,left-dark,light-up,greater-up,single,47:46.0
5dcea4c3bc83380fe65dba2a,968,0,22,right-0,right,right-dark,light-up,greater-up,dual,47:45.3
63483c4522d65d46028da7a7,178,1,62,right-6,right,right-dark,dark-up,greater-up,single,47:45.6
665f81442e9eb2f969a3a4b1,1208,1,64,right-0,right,right-dark,dark-up,greater-up,dual,47:45.7
604db6324496c57afe822770,667,1,11,right-0,right,right-dark,dark-up,greater-up,single,47:45.7
69925949caa087a146b8dccd,1523,0,8,left-9,left,left-dark,light-up,greater-up,dual,47:48.5
5e9f3deb12d01a0b806e57b7,1273,1,16,left-8,left,left-dark,dark-up,greater-up,dual,47:46.4
63483c4522d65d46028da7a7,80,1,63,right-1,right,right-dark,light-up,fewer-up,single,47:47.0
6989f01e85ed4cec632af20e,1013,1,1,left-7,right,left-dark,dark-up,fewer-up,single,47:47.5
5dcea4c3bc83380fe65dba2a,NULL,0,23,right-8,none,right-dark,light-up,greater-up,dual,47:48.0
63483c4522d65d46028da7a7,96,1,64,left-7,left,left-dark,dark-up,greater-up,single,47:48.2
5e6ca4b9a2b73d25c187ae61,1259,1,1,left-9,left,left-dark,light-up,fewer-up,single,47:48.9
604db6324496c57afe822770,1319,1,12,left-7,left,left-dark,light-up,fewer-up,single,47:48.3
55d234b45bc5bc0005d9039d,1123,1,40,right-1,left,right-dark,light-up,greater-up,single,47:48.3
665f81442e9eb2f969a3a4b1,1253,1,65,right-8,right,right-dark,light-up,fewer-up,dual,47:48.4
69925949caa087a146b8dccd,1498,0,9,left-2,left,left-dark,light-up,greater-up,dual,47:51.1
5e9f3deb12d01a0b806e57b7,1494,1,17,left-6,left,left-dark,light-up,fewer-up,dual,47:49.1
63483c4522d65d46028da7a7,65,1,65,right-7,right,right-dark,light-up,fewer-up,single,47:49.3
6989f01e85ed4cec632af20e,679,1,2,right-4,left,right-dark,dark-up,fewer-up,single,47:49.7
55d234b45bc5bc0005d9039d,776,1,41,right-8,right,right-dark,dark-up,greater-up,single,47:50.2
63483c4522d65d46028da7a7,59,1,66,right-4,right,right-dark,dark-up,greater-up,single,47:50.5
5dcea4c3bc83380fe65dba2a,799,1,24,right-4,left,right-dark,dark-up,fewer-up,dual,47:50.5
604db6324496c57afe822770,1554,1,13,left-0,right,left-dark,dark-up,fewer-up,single,47:51.2
665f81442e9eb2f969a3a4b1,1435,0,66,left-9,left,left-dark,light-up,greater-up,dual,47:51.2
69925949caa087a146b8dccd,1380,1,10,right-8,right,right-dark,dark-up,greater-up,dual,47:53.9
5e6ca4b9a2b73d25c187ae61,1012,1,2,left-6,left,left-dark,dark-up,greater-up,single,47:52.3
5e9f3deb12d01a0b806e57b7,1232,1,18,right-2,right,right-dark,dark-up,greater-up,dual,47:51.7
63483c4522d65d46028da7a7,32,0,67,right-2,left,right-dark,light-up,fewer-up,single,47:52.0
55d234b45bc5bc0005d9039d,893,1,42,left-2,right,left-dark,dark-up,fewer-up,single,47:52.2
6989f01e85ed4cec632af20e,1018,0,3,right-0,left,right-dark,dark-up,greater-up,single,47:52.2
5dcea4c3bc83380fe65dba2a,1084,1,25,left-2,right,left-dark,light-up,greater-up,dual,47:53.0
604db6324496c57afe822770,1193,0,14,right-2,right,right-dark,dark-up,fewer-up,single,47:53.4
63483c4522d65d46028da7a7,49,0,68,right-7,right,right-dark,dark-up,fewer-up,single,47:53.5
69925949caa087a146b8dccd,976,1,11,left-5,left,left-dark,dark-up,greater-up,dual,47:56.3
665f81442e9eb2f969a3a4b1,NULL,0,67,right-6,none,right-dark,light-up,greater-up,dual,47:54.0
5e6ca4b9a2b73d25c187ae61,1141,1,3,right-4,right,right-dark,dark-up,greater-up,single,47:55.0
5e9f3deb12d01a0b806e57b7,1480,1,19,left-3,left,left-dark,light-up,fewer-up,dual,47:54.3
55d234b45bc5bc0005d9039d,830,1,43,right-0,left,right-dark,light-up,greater-up,single,47:54.4
63483c4522d65d46028da7a7,48,0,69,right-1,right,right-dark,dark-up,fewer-up,single,47:55.1
6989f01e85ed4cec632af20e,1474,1,4,right-3,left,right-dark,dark-up,fewer-up,single,47:55.4
604db6324496c57afe822770,878,1,15,right-5,left,right-dark,dark-up,fewer-up,single,47:55.4
5dcea4c3bc83380fe65dba2a,1621,1,26,left-6,right,left-dark,light-up,greater-up,dual,47:56.0
63483c4522d65d46028da7a7,102,1,70,right-3,left,right-dark,dark-up,fewer-up,single,47:56.4
55d234b45bc5bc0005d9039d,992,1,44,left-5,right,left-dark,dark-up,fewer-up,single,47:56.5
665f81442e9eb2f969a3a4b1,NULL,0,68,left-1,none,left-dark,dark-up,fewer-up,dual,47:56.9
69925949caa087a146b8dccd,1620,1,12,right-6,left,right-dark,light-up,greater-up,dual,47:59.3
5e6ca4b9a2b73d25c187ae61,1186,1,4,left-4,left,left-dark,light-up,fewer-up,single,47:57.9
63483c4522d65d46028da7a7,41,1,71,right-7,right,right-dark,dark-up,greater-up,single,47:57.9
604db6324496c57afe822770,1292,1,16,left-0,left,left-dark,light-up,fewer-up,single,47:58.1
6989f01e85ed4cec632af20e,1039,1,5,left-4,right,left-dark,light-up,greater-up,single,47:58.1
55d234b45bc5bc0005d9039d,973,1,45,right-7,left,right-dark,dark-up,fewer-up,single,47:58.7
5dcea4c3bc83380fe65dba2a,NULL,0,27,right-4,none,right-dark,light-up,greater-up,dual,47:58.7
63483c4522d65d46028da7a7,236,0,72,left-7,left,left-dark,dark-up,fewer-up,single,47:59.2
69925949caa087a146b8dccd,NULL,0,13,right-0,none,right-dark,dark-up,fewer-up,dual,48:01.7
5e6ca4b9a2b73d25c187ae61,1475,1,5,right-9,left,right-dark,dark-up,fewer-up,single,48:00.9
665f81442e9eb2f969a3a4b1,1584,0,69,left-1,right,left-dark,dark-up,greater-up,dual,48:00.3
6989f01e85ed4cec632af20e,759,0,6,left-0,right,left-dark,light-up,fewer-up,single,48:00.3
604db6324496c57afe822770,1234,1,17,left-4,right,left-dark,dark-up,fewer-up,single,48:00.7
63483c4522d65d46028da7a7,322,1,73,left-3,left,left-dark,dark-up,greater-up,single,48:01.1
5e9f3deb12d01a0b806e57b7,1239,1,20,left-0,right,left-dark,dark-up,fewer-up,dual,48:01.1
55d234b45bc5bc0005d9039d,1052,1,46,left-1,left,left-dark,light-up,fewer-up,single,48:01.2
60bc8860d04f4ac80d319a5c,NULL,0,0,left-6,none,left-dark,light-up,greater-up,dual,48:01.5
5dcea4c3bc83380fe65dba2a,1348,0,28,right-8,left,right-dark,dark-up,greater-up,dual,48:01.6
69925949caa087a146b8dccd,NULL,0,14,right-9,none,right-dark,dark-up,greater-up,dual,48:04.8
63483c4522d65d46028da7a7,207,0,74,right-0,left,right-dark,light-up,fewer-up,single,48:02.5
6989f01e85ed4cec632af20e,834,0,7,left-6,right,left-dark,light-up,fewer-up,single,48:02.6
665f81442e9eb2f969a3a4b1,1337,1,70,left-7,right,left-dark,dark-up,fewer-up,dual,48:02.9
5e6ca4b9a2b73d25c187ae61,1170,1,6,right-5,right,right-dark,dark-up,greater-up,single,48:03.7
55d234b45bc5bc0005d9039d,1002,1,47,right-5,right,right-dark,light-up,fewer-up,single,48:03.4
604db6324496c57afe822770,1537,1,18,left-8,left,left-dark,dark-up,greater-up,single,48:03.8
5e9f3deb12d01a0b806e57b7,1438,0,21,right-3,right,right-dark,light-up,greater-up,dual,48:03.8
63483c4522d65d46028da7a7,40,1,75,left-4,left,left-dark,light-up,fewer-up,single,48:03.9
5dcea4c3bc83380fe65dba2a,NULL,0,29,left-0,none,left-dark,light-up,greater-up,dual,48:04.0
6989f01e85ed4cec632af20e,947,0,8,right-7,left,right-dark,light-up,fewer-up,single,48:05.0
665f81442e9eb2f969a3a4b1,1116,1,71,left-5,left,left-dark,dark-up,greater-up,dual,48:05.1
60bc8860d04f4ac80d319a5c,1586,1,1,right-9,left,right-dark,light-up,greater-up,dual,48:04.9
69925949caa087a146b8dccd,1174,1,15,right-0,right,right-dark,light-up,fewer-up,dual,48:07.6
5d93b788fdfe9d001c00c255,1575,1,40,right-5,right,right-dark,light-up,fewer-up,single,48:06.0
63483c4522d65d46028da7a7,25,1,76,right-8,right,right-dark,light-up,fewer-up,single,48:05.4
5e6ca4b9a2b73d25c187ae61,1193,1,7,right-6,right,right-dark,dark-up,greater-up,single,48:06.3
55d234b45bc5bc0005d9039d,1238,1,48,left-2,right,left-dark,light-up,greater-up,single,48:05.6
604db6324496c57afe822770,884,1,19,left-5,left,left-dark,dark-up,greater-up,single,48:05.7
5e9f3deb12d01a0b806e57b7,1263,0,22,right-4,right,right-dark,dark-up,fewer-up,dual,48:06.4
63483c4522d65d46028da7a7,218,0,77,right-6,left,right-dark,light-up,fewer-up,single,48:06.7
5dcea4c3bc83380fe65dba2a,946,0,30,left-3,right,left-dark,light-up,fewer-up,dual,48:06.6
6989f01e85ed4cec632af20e,675,1,9,left-3,right,left-dark,light-up,greater-up,single,48:07.1
5d93b788fdfe9d001c00c255,807,1,41,right-6,right,right-dark,dark-up,greater-up,single,48:08.0
665f81442e9eb2f969a3a4b1,1189,1,72,left-0,left,left-dark,light-up,fewer-up,dual,48:07.5
69925949caa087a146b8dccd,1099,1,16,right-7,left,right-dark,dark-up,fewer-up,dual,48:10.0
60bc8860d04f4ac80d319a5c,NULL,0,2,left-9,none,left-dark,light-up,fewer-up,dual,48:07.4
55d234b45bc5bc0005d9039d,973,1,49,right-6,left,right-dark,light-up,greater-up,single,48:07.7
63483c4522d65d46028da7a7,75,1,78,right-2,right,right-dark,dark-up,greater-up,single,48:07.9
5e6ca4b9a2b73d25c187ae61,1321,0,8,left-1,left,left-dark,light-up,greater-up,single,48:09.2
5e9f3deb12d01a0b806e57b7,1554,1,23,left-5,left,left-dark,dark-up,greater-up,dual,48:09.0
5d93b788fdfe9d001c00c255,803,1,42,left-2,left,left-dark,dark-up,greater-up,single,48:09.9
6989f01e85ed4cec632af20e,474,1,10,left-5,right,left-dark,light-up,greater-up,single,48:09.3
63483c4522d65d46028da7a7,3,0,79,left-4,left,left-dark,dark-up,fewer-up,single,48:09.4
55d234b45bc5bc0005d9039d,937,1,50,right-9,right,right-dark,dark-up,greater-up,single,48:09.7
69925949caa087a146b8dccd,931,0,17,left-3,left,left-dark,dark-up,fewer-up,dual,48:12.2
665f81442e9eb2f969a3a4b1,1152,1,73,left-3,left,left-dark,dark-up,greater-up,dual,48:09.9
5dcea4c3bc83380fe65dba2a,1708,1,31,right-5,left,right-dark,dark-up,fewer-up,dual,48:09.7
60bc8860d04f4ac80d319a5c,1381,1,3,right-0,right,right-dark,dark-up,greater-up,dual,48:10.5
5e6ca4b9a2b73d25c187ae61,1522,1,9,left-4,left,left-dark,dark-up,greater-up,single,48:11.8
5d93b788fdfe9d001c00c255,869,1,43,left-2,left,left-dark,light-up,fewer-up,single,48:12.2
5e9f3deb12d01a0b806e57b7,1528,1,24,left-2,right,left-dark,dark-up,fewer-up,dual,48:11.7
55d234b45bc5bc0005d9039d,839,1,51,left-0,left,left-dark,dark-up,greater-up,single,48:12.0
69925949caa087a146b8dccd,883,1,18,right-6,right,right-dark,dark-up,greater-up,dual,48:14.5
6989f01e85ed4cec632af20e,918,1,11,left-9,left,left-dark,light-up,fewer-up,single,48:12.0
665f81442e9eb2f969a3a4b1,892,1,74,right-3,right,right-dark,dark-up,greater-up,dual,48:12.2
5dcea4c3bc83380fe65dba2a,NULL,0,32,right-2,none,right-dark,dark-up,fewer-up,dual,48:12.1
60bc8860d04f4ac80d319a5c,NULL,0,4,right-4,none,right-dark,light-up,greater-up,dual,48:13.0
5e6ca4b9a2b73d25c187ae61,1168,1,10,right-3,left,right-dark,light-up,greater-up,single,48:14.6
5e9f3deb12d01a0b806e57b7,1157,0,25,left-1,left,left-dark,light-up,greater-up,dual,48:13.9
5d93b788fdfe9d001c00c255,1074,0,44,left-0,left,left-dark,light-up,greater-up,single,48:14.7
55d234b45bc5bc0005d9039d,726,1,52,left-4,right,left-dark,light-up,greater-up,single,48:14.2
69925949caa087a146b8dccd,935,1,19,right-1,left,right-dark,light-up,greater-up,dual,48:16.8
665f81442e9eb2f969a3a4b1,1015,0,75,right-5,right,right-dark,light-up,greater-up,dual,48:14.6
6989f01e85ed4cec632af20e,1057,1,12,right-5,right,right-dark,dark-up,greater-up,single,48:14.8
5dcea4c3bc83380fe65dba2a,973,1,33,left-7,right,left-dark,dark-up,fewer-up,dual,48:14.9
615e420a23219efe3427a367,1569,1,0,left-1,left,left-dark,light-up,fewer-up,dual,48:16.9
55d234b45bc5bc0005d9039d,816,1,53,left-7,right,left-dark,light-up,greater-up,single,48:16.1
5d93b788fdfe9d001c00c255,873,1,45,left-9,left,left-dark,dark-up,greater-up,single,48:16.9
60bc8860d04f4ac80d319a5c,1313,0,5,right-5,left,right-dark,light-up,fewer-up,dual,48:16.0
5e9f3deb12d01a0b806e57b7,1453,1,26,left-4,right,left-dark,light-up,greater-up,dual,48:16.4
665f81442e9eb2f969a3a4b1,914,1,76,right-1,right,right-dark,dark-up,greater-up,dual,48:16.6
5e6ca4b9a2b73d25c187ae61,1594,1,11,left-2,right,left-dark,dark-up,fewer-up,single,48:17.6
604db6324496c57afe822770,892,1,20,left-6,left,left-dark,light-up,fewer-up,single,48:16.9
6989f01e85ed4cec632af20e,1199,0,13,right-0,right,right-dark,light-up,greater-up,single,48:17.3
5dcea4c3bc83380fe65dba2a,NULL,0,34,right-6,none,right-dark,light-up,greater-up,dual,48:17.5
55d234b45bc5bc0005d9039d,745,1,54,right-5,left,right-dark,light-up,greater-up,single,48:18.1
5d93b788fdfe9d001c00c255,1070,1,46,right-6,left,right-dark,dark-up,fewer-up,single,48:19.3
604db6324496c57afe822770,631,1,21,left-4,left,left-dark,dark-up,greater-up,single,48:18.7
665f81442e9eb2f969a3a4b1,920,1,77,left-9,left,left-dark,light-up,fewer-up,dual,48:18.8
615e420a23219efe3427a367,1517,1,1,right-5,right,right-dark,light-up,fewer-up,dual,48:19.9
60bc8860d04f4ac80d319a5c,1276,1,6,left-6,left,left-dark,light-up,fewer-up,dual,48:18.8
5e9f3deb12d01a0b806e57b7,1644,1,27,left-7,left,left-dark,dark-up,greater-up,dual,48:19.2
6989f01e85ed4cec632af20e,578,0,14,right-9,left,right-dark,dark-up,greater-up,single,48:19.6
55d234b45bc5bc0005d9039d,881,1,55,left-1,right,left-dark,light-up,greater-up,single,48:20.3
5e6ca4b9a2b73d25c187ae61,1452,1,12,left-8,left,left-dark,dark-up,greater-up,single,48:21.1
5d93b788fdfe9d001c00c255,792,1,47,right-4,left,right-dark,light-up,greater-up,single,48:21.3
5dcea4c3bc83380fe65dba2a,1273,0,35,right-9,right,right-dark,light-up,greater-up,dual,48:20.5
604db6324496c57afe822770,1033,0,22,right-9,left,right-dark,dark-up,greater-up,single,48:20.8
665f81442e9eb2f969a3a4b1,1276,1,78,right-7,left,right-dark,light-up,greater-up,dual,48:21.2
6989f01e85ed4cec632af20e,443,0,15,left-4,right,left-dark,dark-up,greater-up,single,48:21.3
5e9f3deb12d01a0b806e57b7,1294,1,28,left-8,left,left-dark,light-up,fewer-up,dual,48:21.7
60bc8860d04f4ac80d319a5c,NULL,0,7,right-6,none,right-dark,light-up,fewer-up,dual,48:21.5
615e420a23219efe3427a367,1307,1,2,right-6,right,right-dark,light-up,fewer-up,dual,48:22.8
55d234b45bc5bc0005d9039d,645,1,56,right-9,left,right-dark,light-up,greater-up,single,48:22.4
604db6324496c57afe822770,744,0,23,right-2,left,right-dark,light-up,fewer-up,single,48:22.6
5d93b788fdfe9d001c00c255,1163,1,48,left-8,left,left-dark,light-up,fewer-up,single,48:23.6
5dcea4c3bc83380fe65dba2a,NULL,0,36,right-4,none,right-dark,dark-up,greater-up,dual,48:23.1
5e6ca4b9a2b73d25c187ae61,1053,1,13,right-0,right,right-dark,dark-up,greater-up,single,48:23.9
6989f01e85ed4cec632af20e,724,1,16,right-3,left,right-dark,light-up,greater-up,single,48:23.3
665f81442e9eb2f969a3a4b1,1317,1,79,right-2,left,right-dark,light-up,greater-up,dual,48:23.6
55d234b45bc5bc0005d9039d,636,1,57,right-5,right,right-dark,dark-up,greater-up,single,48:24.2
5e9f3deb12d01a0b806e57b7,1199,1,29,left-1,right,left-dark,dark-up,fewer-up,dual,48:24.3
615e420a23219efe3427a367,1255,1,3,left-0,right,left-dark,dark-up,fewer-up,dual,48:25.2
5d93b788fdfe9d001c00c255,877,1,49,right-5,right,right-dark,dark-up,greater-up,single,48:25.8
6989f01e85ed4cec632af20e,759,0,17,right-9,left,right-dark,light-up,fewer-up,single,48:25.2
604db6324496c57afe822770,1396,1,24,left-2,right,left-dark,dark-up,fewer-up,single,48:25.5
5e6ca4b9a2b73d25c187ae61,1063,1,14,left-1,left,left-dark,light-up,fewer-up,single,48:26.1
60bc8860d04f4ac80d319a5c,1727,1,8,left-7,right,left-dark,light-up,greater-up,dual,48:25.3
5dcea4c3bc83380fe65dba2a,739,1,37,right-8,right,right-dark,light-up,fewer-up,dual,48:25.5
69925949caa087a146b8dccd,1284,1,20,left-2,left,left-dark,light-up,fewer-up,dual,48:28.2
55d234b45bc5bc0005d9039d,707,1,58,right-7,left,right-dark,light-up,greater-up,single,48:26.3
615e420a23219efe3427a367,1198,1,4,left-7,left,left-dark,light-up,fewer-up,dual,48:27.9
5e9f3deb12d01a0b806e57b7,1594,1,30,left-0,left,left-dark,light-up,fewer-up,dual,48:27.0
6989f01e85ed4cec632af20e,551,1,18,left-0,right,left-dark,light-up,greater-up,single,48:27.1
5d93b788fdfe9d001c00c255,1016,1,50,left-1,right,left-dark,dark-up,fewer-up,single,48:28.0
5e6ca4b9a2b73d25c187ae61,1505,1,15,right-6,right,right-dark,light-up,fewer-up,single,48:28.8
604db6324496c57afe822770,1138,0,25,left-9,left,left-dark,dark-up,fewer-up,single,48:28.1
5dcea4c3bc83380fe65dba2a,NULL,0,38,left-6,none,left-dark,dark-up,fewer-up,dual,48:28.1
69925949caa087a146b8dccd,1308,0,21,left-6,left,left-dark,light-up,greater-up,dual,48:30.7
60bc8860d04f4ac80d319a5c,1688,0,9,left-3,left,left-dark,dark-up,fewer-up,dual,48:28.1
55d234b45bc5bc0005d9039d,934,1,59,right-9,left,right-dark,dark-up,fewer-up,single,48:28.8
5d93b788fdfe9d001c00c255,812,1,51,left-2,right,left-dark,dark-up,fewer-up,single,48:29.9
6989f01e85ed4cec632af20e,721,1,19,right-6,left,right-dark,light-up,greater-up,single,48:29.4
615e420a23219efe3427a367,1554,1,5,right-3,right,right-dark,light-up,fewer-up,dual,48:30.6
5e9f3deb12d01a0b806e57b7,1562,0,31,right-0,left,right-dark,dark-up,greater-up,dual,48:29.9
604db6324496c57afe822770,877,0,26,right-1,right,right-dark,light-up,greater-up,single,48:30.2
60bc8860d04f4ac80d319a5c,NULL,0,10,right-7,none,right-dark,light-up,fewer-up,dual,48:30.7
69925949caa087a146b8dccd,1230,1,22,right-6,right,right-dark,light-up,fewer-up,dual,48:33.4
5dcea4c3bc83380fe65dba2a,1087,1,39,right-5,right,right-dark,light-up,fewer-up,dual,48:31.2
5d93b788fdfe9d001c00c255,1097,1,52,right-2,right,right-dark,light-up,fewer-up,single,48:32.2
5e6ca4b9a2b73d25c187ae61,1743,1,16,right-7,left,right-dark,dark-up,fewer-up,single,48:32.4
604db6324496c57afe822770,699,0,27,right-5,left,right-dark,light-up,fewer-up,single,48:32.3
5e9f3deb12d01a0b806e57b7,1467,1,32,right-6,left,right-dark,dark-up,fewer-up,dual,48:33.0
615e420a23219efe3427a367,1738,1,6,left-6,right,left-dark,dark-up,fewer-up,dual,48:34.1
69925949caa087a146b8dccd,923,1,23,left-9,left,left-dark,dark-up,greater-up,dual,48:35.8
5d93b788fdfe9d001c00c255,1201,1,53,left-3,right,left-dark,dark-up,fewer-up,single,48:34.5
5e6ca4b9a2b73d25c187ae61,1074,1,17,right-7,right,right-dark,light-up,fewer-up,single,48:34.8
60bc8860d04f4ac80d319a5c,1508,1,11,right-3,left,right-dark,dark-up,fewer-up,dual,48:33.9
604db6324496c57afe822770,1426,0,28,left-3,left,left-dark,light-up,greater-up,single,48:34.9
5e9f3deb12d01a0b806e57b7,1424,1,33,left-8,right,left-dark,dark-up,fewer-up,dual,48:35.6
6989f01e85ed4cec632af20e,827,1,20,left-9,right,left-dark,light-up,greater-up,single,48:35.6
5d93b788fdfe9d001c00c255,1073,1,54,left-5,right,left-dark,light-up,greater-up,single,48:36.6
69925949caa087a146b8dccd,973,1,24,left-4,right,left-dark,dark-up,fewer-up,dual,48:38.4
615e420a23219efe3427a367,1206,1,7,right-9,right,right-dark,dark-up,greater-up,dual,48:36.9
60bc8860d04f4ac80d319a5c,NULL,0,12,left-3,none,left-dark,dark-up,greater-up,dual,48:36.3
604db6324496c57afe822770,851,1,29,right-7,right,right-dark,dark-up,greater-up,single,48:37.0
5e6ca4b9a2b73d25c187ae61,1547,1,18,right-5,left,right-dark,light-up,greater-up,single,48:37.7
6989f01e85ed4cec632af20e,640,0,21,left-2,right,left-dark,light-up,fewer-up,single,48:37.5
5e9f3deb12d01a0b806e57b7,NULL,0,34,right-1,none,right-dark,dark-up,fewer-up,dual,48:38.1
5d93b788fdfe9d001c00c255,947,1,55,left-4,left,left-dark,dark-up,greater-up,single,48:39.1
55d234b45bc5bc0005d9039d,1289,0,60,right-2,left,right-dark,light-up,fewer-up,single,48:38.6
69925949caa087a146b8dccd,1132,0,25,right-8,left,right-dark,light-up,fewer-up,dual,48:41.0
604db6324496c57afe822770,850,1,30,right-6,right,right-dark,dark-up,greater-up,single,48:39.1
615e420a23219efe3427a367,1464,0,8,left-3,left,left-dark,light-up,greater-up,dual,48:40.2
66b3e078bef7d6dd6c53e015,NULL,0,0,right-6,none,right-dark,light-up,fewer-up,dual,48:39.4
6989f01e85ed4cec632af20e,752,1,22,right-9,left,right-dark,light-up,greater-up,single,48:39.7
60bc8860d04f4ac80d319a5c,1556,0,13,left-7,right,left-dark,light-up,fewer-up,dual,48:39.6
5e6ca4b9a2b73d25c187ae61,1285,1,19,left-3,left,left-dark,light-up,fewer-up,single,48:40.9
5d93b788fdfe9d001c00c255,820,1,56,left-1,left,left-dark,light-up,fewer-up,single,48:41.3
55d234b45bc5bc0005d9039d,1116,1,61,left-4,left,left-dark,dark-up,greater-up,single,48:40.8
5dcea4c3bc83380fe65dba2a,1167,0,40,right-3,right,right-dark,light-up,greater-up,dual,48:40.8
5e9f3deb12d01a0b806e57b7,1148,0,35,left-5,left,left-dark,light-up,greater-up,dual,48:41.1
604db6324496c57afe822770,1123,1,31,right-8,right,right-dark,light-up,fewer-up,single,48:41.4
6989f01e85ed4cec632af20e,601,0,23,left-4,right,left-dark,light-up,fewer-up,single,48:41.5
69925949caa087a146b8dccd,1543,0,26,left-8,left,left-dark,dark-up,fewer-up,dual,48:44.1
615e420a23219efe3427a367,NULL,0,9,right-8,none,right-dark,light-up,greater-up,dual,48:43.0
66b3e078bef7d6dd6c53e015,NULL,0,1,right-2,none,right-dark,light-up,greater-up,dual,48:42.6
60bc8860d04f4ac80d319a5c,NULL,0,14,right-7,none,right-dark,light-up,greater-up,dual,48:42.3
5d93b788fdfe9d001c00c255,930,0,57,right-5,right,right-dark,light-up,greater-up,single,48:43.4
55d234b45bc5bc0005d9039d,815,1,62,right-4,left,right-dark,light-up,greater-up,single,48:42.9
604db6324496c57afe822770,718,0,32,right-9,left,right-dark,light-up,fewer-up,single,48:43.2
5e9f3deb12d01a0b806e57b7,1400,1,36,right-1,right,right-dark,dark-up,greater-up,dual,48:43.7
5dcea4c3bc83380fe65dba2a,1348,0,41,left-1,right,left-dark,light-up,fewer-up,dual,48:43.6
6989f01e85ed4cec632af20e,1252,0,24,right-2,right,right-dark,light-up,greater-up,single,48:44.0
69925949caa087a146b8dccd,1158,1,27,right-4,right,right-dark,dark-up,greater-up,dual,48:46.6
5d93b788fdfe9d001c00c255,765,1,58,right-6,left,right-dark,light-up,greater-up,single,48:45.6
604db6324496c57afe822770,582,0,33,right-4,right,right-dark,light-up,greater-up,single,48:45.2
55d234b45bc5bc0005d9039d,1155,1,63,right-0,left,right-dark,dark-up,fewer-up,single,48:45.3
66b3e078bef7d6dd6c53e015,1288,1,2,right-1,right,right-dark,dark-up,greater-up,dual,48:45.5
615e420a23219efe3427a367,1610,1,10,left-9,right,left-dark,light-up,greater-up,dual,48:46.4
60bc8860d04f4ac80d319a5c,NULL,0,15,left-7,none,left-dark,dark-up,greater-up,dual,48:45.4
6989f01e85ed4cec632af20e,691,0,25,left-2,right,left-dark,dark-up,greater-up,single,48:46.0
5dcea4c3bc83380fe65dba2a,1177,1,42,left-8,left,left-dark,dark-up,greater-up,dual,48:46.0
5e9f3deb12d01a0b806e57b7,1167,1,37,right-3,left,right-dark,dark-up,fewer-up,dual,48:46.2
55d234b45bc5bc0005d9039d,914,1,64,right-7,right,right-dark,dark-up,greater-up,single,48:47.2
69925949caa087a146b8dccd,1681,0,28,left-8,left,left-dark,light-up,greater-up,dual,48:49.6
5d93b788fdfe9d001c00c255,1018,1,59,left-9,right,left-dark,dark-up,fewer-up,single,48:48.1
69acf86d93afc119933913e5,1126,0,0,left-2,left,left-dark,dark-up,fewer-up,dual,48:47.9
604db6324496c57afe822770,1400,0,34,right-8,right,right-dark,light-up,greater-up,single,48:48.0
66b3e078bef7d6dd6c53e015,1325,1,3,right-5,left,right-dark,dark-up,fewer-up,dual,48:48.2
6989f01e85ed4cec632af20e,671,0,26,right-3,left,right-dark,light-up,fewer-up,single,48:48.2
5e9f3deb12d01a0b806e57b7,1203,1,38,right-2,right,right-dark,light-up,fewer-up,dual,48:48.5
5dcea4c3bc83380fe65dba2a,1381,1,43,right-6,right,right-dark,light-up,fewer-up,dual,48:48.6
615e420a23219efe3427a367,1741,1,11,left-3,left,left-dark,light-up,fewer-up,dual,48:49.6
60bc8860d04f4ac80d319a5c,1488,0,16,left-5,right,left-dark,light-up,fewer-up,dual,48:48.9
55d234b45bc5bc0005d9039d,1024,1,65,right-0,right,right-dark,light-up,fewer-up,single,48:49.4
69925949caa087a146b8dccd,1628,0,29,left-0,left,left-dark,light-up,greater-up,dual,48:52.7
6989f01e85ed4cec632af20e,546,1,27,left-8,right,left-dark,dark-up,fewer-up,single,48:50.4
604db6324496c57afe822770,1450,1,35,right-1,left,right-dark,dark-up,fewer-up,single,48:50.5
66b3e078bef7d6dd6c53e015,971,1,4,right-4,right,right-dark,dark-up,greater-up,dual,48:50.6
5e9f3deb12d01a0b806e57b7,1450,0,39,right-5,right,right-dark,light-up,greater-up,dual,48:50.9
69acf86d93afc119933913e5,1580,0,1,left-0,left,left-dark,dark-up,fewer-up,dual,48:51.0
5dcea4c3bc83380fe65dba2a,NULL,0,44,right-7,none,right-dark,light-up,fewer-up,dual,48:51.0
55d234b45bc5bc0005d9039d,798,1,66,left-3,left,left-dark,light-up,fewer-up,single,48:51.4
60bc8860d04f4ac80d319a5c,NULL,0,17,left-9,none,left-dark,dark-up,greater-up,dual,48:51.5
615e420a23219efe3427a367,1585,1,12,right-2,left,right-dark,dark-up,fewer-up,dual,48:52.9
6989f01e85ed4cec632af20e,1041,0,28,right-6,left,right-dark,light-up,fewer-up,single,48:52.6
66b3e078bef7d6dd6c53e015,876,1,5,right-9,right,right-dark,dark-up,greater-up,dual,48:52.9
604db6324496c57afe822770,969,0,36,right-1,left,right-dark,dark-up,greater-up,single,48:52.9
69925949caa087a146b8dccd,1509,1,30,right-5,right,right-dark,light-up,fewer-up,dual,48:55.6
55d234b45bc5bc0005d9039d,931,1,67,right-2,left,right-dark,dark-up,fewer-up,single,48:53.5
5e6ca4b9a2b73d25c187ae61,1438,1,20,left-4,right,left-dark,dark-up,fewer-up,single,48:53.4
5dcea4c3bc83380fe65dba2a,703,0,45,left-6,right,left-dark,light-up,fewer-up,dual,48:53.6
69acf86d93afc119933913e5,1588,1,2,right-2,right,right-dark,light-up,fewer-up,dual,48:53.9
6989f01e85ed4cec632af20e,787,1,29,left-1,right,left-dark,dark-up,fewer-up,single,48:54.8
615e420a23219efe3427a367,1561,0,13,right-3,right,right-dark,light-up,greater-up,dual,48:55.7
604db6324496c57afe822770,1186,0,37,left-8,left,left-dark,light-up,greater-up,single,48:55.2
60bc8860d04f4ac80d319a5c,1531,1,18,right-1,right,right-dark,light-up,fewer-up,dual,48:55.0
5e6ca4b9a2b73d25c187ae61,1400,1,21,right-4,left,right-dark,dark-up,fewer-up,single,48:56.2
66b3e078bef7d6dd6c53e015,1276,1,6,left-4,right,left-dark,dark-up,fewer-up,dual,48:55.4
55d234b45bc5bc0005d9039d,929,1,68,left-6,left,left-dark,dark-up,greater-up,single,48:55.5
69925949caa087a146b8dccd,NULL,0,31,left-3,none,left-dark,light-up,greater-up,dual,48:58.0
69acf86d93afc119933913e5,NULL,0,3,left-9,none,left-dark,dark-up,fewer-up,dual,48:56.3
5dcea4c3bc83380fe65dba2a,1319,0,46,left-5,right,left-dark,dark-up,greater-up,dual,48:56.5
5d93b788fdfe9d001c00c255,1126,1,60,left-7,right,left-dark,dark-up,fewer-up,single,48:57.6
6989f01e85ed4cec632af20e,633,0,30,right-1,left,right-dark,dark-up,greater-up,single,48:56.8
604db6324496c57afe822770,459,1,38,right-3,left,right-dark,dark-up,fewer-up,single,48:57.1
60bc8860d04f4ac80d319a5c,NULL,0,19,right-5,none,right-dark,light-up,greater-up,dual,48:57.3
615e420a23219efe3427a367,NULL,0,14,left-2,none,left-dark,dark-up,greater-up,dual,48:58.5
66b3e078bef7d6dd6c53e015,1054,1,7,right-4,left,right-dark,dark-up,fewer-up,dual,48:58.0
55d234b45bc5bc0005d9039d,1010,1,69,left-9,right,left-dark,dark-up,fewer-up,single,48:58.0
6989f01e85ed4cec632af20e,468,0,31,left-0,right,left-dark,dark-up,greater-up,single,48:58.3
5d93b788fdfe9d001c00c255,771,1,61,right-8,left,right-dark,light-up,greater-up,single,48:59.7
5dcea4c3bc83380fe65dba2a,NULL,0,47,left-4,none,left-dark,dark-up,fewer-up,dual,48:58.8
5e6ca4b9a2b73d25c187ae61,1656,1,22,right-2,right,right-dark,light-up,fewer-up,single,48:59.7
69925949caa087a146b8dccd,1662,1,32,right-9,left,right-dark,light-up,greater-up,dual,49:01.4
604db6324496c57afe822770,864,1,39,left-4,left,left-dark,light-up,fewer-up,single,48:59.2
69acf86d93afc119933913e5,1224,1,4,right-9,left,right-dark,light-up,greater-up,dual,48:59.3
5e9f3deb12d01a0b806e57b7,1291,0,40,left-9,right,left-dark,light-up,fewer-up,dual,48:59.7
695bd68349914a703c6a9e80,NULL,0,0,right-9,none,right-dark,dark-up,fewer-up,dual,49:00.6
6989f01e85ed4cec632af20e,629,1,32,right-1,left,right-dark,light-up,greater-up,single,49:00.3
66b3e078bef7d6dd6c53e015,880,1,8,left-3,right,left-dark,dark-up,fewer-up,dual,49:00.3
55d234b45bc5bc0005d9039d,1188,1,70,left-3,right,left-dark,dark-up,fewer-up,single,49:00.3
5d93b788fdfe9d001c00c255,805,1,62,right-9,left,right-dark,dark-up,fewer-up,single,49:01.7
69925949caa087a146b8dccd,923,1,33,left-2,left,left-dark,dark-up,greater-up,dual,49:03.7
615e420a23219efe3427a367,1429,0,15,left-4,left,left-dark,dark-up,fewer-up,dual,49:02.1
5dcea4c3bc83380fe65dba2a,862,1,48,left-9,right,left-dark,light-up,greater-up,dual,49:01.4
5e6ca4b9a2b73d25c187ae61,1531,1,23,right-0,left,right-dark,dark-up,fewer-up,single,49:02.6
5e9f3deb12d01a0b806e57b7,1215,1,41,right-9,left,right-dark,light-up,greater-up,dual,49:02.0
69acf86d93afc119933913e5,1547,0,5,right-3,left,right-dark,light-up,fewer-up,dual,49:02.2
6989f01e85ed4cec632af20e,773,1,33,left-7,left,left-dark,light-up,fewer-up,single,49:02.4
55d234b45bc5bc0005d9039d,973,1,71,right-8,left,right-dark,dark-up,fewer-up,single,49:02.6
66b3e078bef7d6dd6c53e015,1469,1,9,left-2,left,left-dark,dark-up,greater-up,dual,49:03.0
5d93b788fdfe9d001c00c255,1013,1,63,right-7,right,right-dark,light-up,fewer-up,single,49:03.9
695bd68349914a703c6a9e80,NULL,0,1,right-2,none,right-dark,light-up,greater-up,dual,49:03.9
69925949caa087a146b8dccd,1083,1,34,right-1,right,right-dark,dark-up,greater-up,dual,49:06.1
5dcea4c3bc83380fe65dba2a,1202,0,49,left-8,right,left-dark,light-up,fewer-up,dual,49:03.9
615e420a23219efe3427a367,1430,1,16,right-7,right,right-dark,light-up,fewer-up,dual,49:05.2
5e9f3deb12d01a0b806e57b7,1481,0,42,right-7,right,right-dark,light-up,greater-up,dual,49:04.6
5e6ca4b9a2b73d25c187ae61,1379,1,24,left-3,right,left-dark,dark-up,fewer-up,single,49:05.4
55d234b45bc5bc0005d9039d,1081,1,72,left-8,left,left-dark,dark-up,greater-up,single,49:04.8
6989f01e85ed4cec632af20e,1366,1,34,right-6,right,right-dark,dark-up,greater-up,single,49:04.8
69acf86d93afc119933913e5,1622,0,6,right-6,right,right-dark,dark-up,fewer-up,dual,49:05.1
66b3e078bef7d6dd6c53e015,960,1,10,left-0,right,left-dark,dark-up,fewer-up,dual,49:05.1
5d93b788fdfe9d001c00c255,996,0,64,left-9,left,left-dark,light-up,greater-up,single,49:06.3
695bd68349914a703c6a9e80,NULL,0,2,right-1,none,right-dark,light-up,greater-up,dual,49:07.1
5dcea4c3bc83380fe65dba2a,1257,1,50,left-0,left,left-dark,dark-up,greater-up,dual,49:06.4
69925949caa087a146b8dccd,1458,1,35,left-6,left,left-dark,light-up,fewer-up,dual,49:09.0
5e9f3deb12d01a0b806e57b7,NULL,0,43,right-0,none,right-dark,dark-up,fewer-up,dual,49:07.2
55d234b45bc5bc0005d9039d,1044,1,73,left-7,right,left-dark,dark-up,fewer-up,single,49:07.3
6989f01e85ed4cec632af20e,1334,1,35,right-5,right,right-dark,light-up,fewer-up,single,49:07.3
5e6ca4b9a2b73d25c187ae61,1367,1,25,right-7,right,right-dark,dark-up,greater-up,single,49:08.3
5d93b788fdfe9d001c00c255,851,1,65,left-0,left,left-dark,dark-up,greater-up,single,49:08.3
615e420a23219efe3427a367,1752,0,17,left-7,right,left-dark,dark-up,greater-up,dual,49:08.6
69acf86d93afc119933913e5,1379,1,7,right-6,right,right-dark,light-up,fewer-up,dual,49:07.9
66b3e078bef7d6dd6c53e015,1231,1,11,right-5,right,right-dark,dark-up,greater-up,dual,49:07.9
5dcea4c3bc83380fe65dba2a,NULL,0,51,left-1,none,left-dark,dark-up,greater-up,dual,49:08.9
695bd68349914a703c6a9e80,NULL,0,3,left-4,none,left-dark,light-up,greater-up,dual,49:10.1
69925949caa087a146b8dccd,1443,1,36,right-5,left,right-dark,dark-up,fewer-up,dual,49:11.8
55d234b45bc5bc0005d9039d,929,1,74,left-8,right,left-dark,dark-up,fewer-up,single,49:09.5
5d93b788fdfe9d001c00c255,718,1,66,left-4,right,left-dark,light-up,greater-up,single,49:10.5
60bc8860d04f4ac80d319a5c,1523,0,20,left-0,right,left-dark,light-up,fewer-up,dual,49:09.5
5e6ca4b9a2b73d25c187ae61,1141,1,26,left-8,right,left-dark,light-up,greater-up,single,49:10.9
5e9f3deb12d01a0b806e57b7,1039,0,44,right-1,right,right-dark,light-up,greater-up,dual,49:10.2
6989f01e85ed4cec632af20e,NULL,0,36,right-8,none,right-dark,light-up,greater-up,single,49:10.2
66b3e078bef7d6dd6c53e015,1185,1,12,left-0,left,left-dark,light-up,fewer-up,dual,49:10.3
69acf86d93afc119933913e5,1225,1,8,right-0,left,right-dark,light-up,greater-up,dual,49:10.8
615e420a23219efe3427a367,1595,1,18,left-5,right,left-dark,dark-up,fewer-up,dual,49:12.0
5d93b788fdfe9d001c00c255,758,1,67,right-3,left,right-dark,light-up,greater-up,single,49:12.6
55d234b45bc5bc0005d9039d,1174,1,75,left-6,left,left-dark,light-up,fewer-up,single,49:12.0
69925949caa087a146b8dccd,1354,1,37,left-9,left,left-dark,light-up,fewer-up,dual,49:14.7
5e6ca4b9a2b73d25c187ae61,1014,1,27,left-3,right,left-dark,light-up,greater-up,single,49:13.1
695bd68349914a703c6a9e80,1003,1,4,left-2,left,left-dark,light-up,fewer-up,dual,49:13.1
5dcea4c3bc83380fe65dba2a,1293,0,52,right-7,left,right-dark,dark-up,greater-up,dual,49:12.3
60bc8860d04f4ac80d319a5c,NULL,0,21,left-2,none,left-dark,light-up,fewer-up,dual,49:12.1
66b3e078bef7d6dd6c53e015,983,1,13,right-5,right,right-dark,light-up,fewer-up,dual,49:12.6
5e9f3deb12d01a0b806e57b7,1172,1,45,left-2,left,left-dark,dark-up,greater-up,dual,49:12.7
69acf86d93afc119933913e5,1166,1,9,left-3,right,left-dark,light-up,greater-up,dual,49:13.6
615e420a23219efe3427a367,1182,1,19,left-0,left,left-dark,light-up,fewer-up,dual,49:14.5
6989f01e85ed4cec632af20e,1426,1,37,left-0,right,left-dark,dark-up,fewer-up,single,49:13.6
55d234b45bc5bc0005d9039d,882,1,76,left-0,right,left-dark,dark-up,fewer-up,single,49:14.3
5d93b788fdfe9d001c00c255,1070,1,68,left-4,right,left-dark,dark-up,fewer-up,single,49:15.2
69925949caa087a146b8dccd,794,1,38,right-2,right,right-dark,light-up,fewer-up,dual,49:17.0
66b3e078bef7d6dd6c53e015,764,1,14,left-7,left,left-dark,dark-up,greater-up,dual,49:14.9
5e6ca4b9a2b73d25c187ae61,1282,1,28,left-4,right,left-dark,light-up,greater-up,single,49:15.7
695bd68349914a703c6a9e80,NULL,0,5,right-2,none,right-dark,dark-up,greater-up,dual,49:15.9
67e48f46ac070276b3bc9cfa,916,0,0,right-2,right,right-dark,light-up,greater-up,single,49:15.3
5e9f3deb12d01a0b806e57b7,1365,1,46,left-6,right,left-dark,dark-up,fewer-up,dual,49:15.4
5dcea4c3bc83380fe65dba2a,1713,1,53,left-3,right,left-dark,light-up,greater-up,dual,49:15.4
60bc8860d04f4ac80d319a5c,1290,1,22,left-2,right,left-dark,light-up,greater-up,dual,49:15.3
6989f01e85ed4cec632af20e,1063,1,38,right-0,left,right-dark,dark-up,fewer-up,single,49:16.0
69acf86d93afc119933913e5,1291,0,10,left-5,right,left-dark,light-up,fewer-up,dual,49:16.4
55d234b45bc5bc0005d9039d,934,1,77,left-8,right,left-dark,light-up,greater-up,single,49:16.6
69925949caa087a146b8dccd,1031,1,39,right-9,left,right-dark,dark-up,fewer-up,dual,49:19.2
66b3e078bef7d6dd6c53e015,1160,1,15,left-7,right,left-dark,dark-up,fewer-up,dual,49:17.3
5d93b788fdfe9d001c00c255,1432,1,69,left-1,left,left-dark,dark-up,greater-up,single,49:18.1
67e48f46ac070276b3bc9cfa,780,0,1,right-8,right,right-dark,dark-up,fewer-up,single,49:18.0
5e9f3deb12d01a0b806e57b7,1296,1,47,right-0,right,right-dark,light-up,fewer-up,dual,49:18.1
5dcea4c3bc83380fe65dba2a,NULL,0,54,left-1,none,left-dark,light-up,greater-up,dual,49:18.0
695bd68349914a703c6a9e80,NULL,0,6,right-1,none,right-dark,light-up,fewer-up,dual,49:19.0
5e6ca4b9a2b73d25c187ae61,1294,1,29,right-8,right,right-dark,light-up,fewer-up,single,49:19.0
6989f01e85ed4cec632af20e,965,0,39,right-4,left,right-dark,light-up,fewer-up,single,49:18.4
60bc8860d04f4ac80d319a5c,1677,0,23,left-1,left,left-dark,dark-up,fewer-up,dual,49:18.3
55d234b45bc5bc0005d9039d,1205,1,78,right-3,right,right-dark,dark-up,greater-up,single,49:19.0
69acf86d93afc119933913e5,1631,1,11,right-5,left,right-dark,dark-up,fewer-up,dual,49:19.5
5d93b788fdfe9d001c00c255,815,1,70,right-4,right,right-dark,dark-up,greater-up,single,49:20.5
66b3e078bef7d6dd6c53e015,1284,1,16,right-7,left,right-dark,dark-up,fewer-up,dual,49:19.9
67e48f46ac070276b3bc9cfa,793,1,2,left-5,right,left-dark,light-up,greater-up,single,49:20.6
5e9f3deb12d01a0b806e57b7,1252,1,48,left-9,right,left-dark,dark-up,fewer-up,dual,49:20.6
5e6ca4b9a2b73d25c187ae61,1111,1,30,right-8,right,right-dark,dark-up,greater-up,single,49:21.6
60bc8860d04f4ac80d319a5c,1256,0,24,left-0,left,left-dark,dark-up,fewer-up,dual,49:20.7
5dcea4c3bc83380fe65dba2a,828,1,55,right-2,right,right-dark,light-up,fewer-up,dual,49:20.9
55d234b45bc5bc0005d9039d,677,1,79,left-7,left,left-dark,dark-up,greater-up,single,49:21.0
695bd68349914a703c6a9e80,NULL,0,7,left-9,none,left-dark,light-up,fewer-up,dual,49:21.9
5d93b788fdfe9d001c00c255,913,1,71,left-8,right,left-dark,light-up,greater-up,single,49:22.9
69acf86d93afc119933913e5,1489,1,12,right-1,left,right-dark,dark-up,fewer-up,dual,49:22.6
66b3e078bef7d6dd6c53e015,1154,1,17,right-4,left,right-dark,light-up,greater-up,dual,49:22.6
67e48f46ac070276b3bc9cfa,698,1,3,right-0,left,right-dark,dark-up,fewer-up,single,49:22.8
5e9f3deb12d01a0b806e57b7,1321,1,49,left-1,left,left-dark,dark-up,greater-up,dual,49:23.2
5e6ca4b9a2b73d25c187ae61,1101,1,31,right-7,left,right-dark,light-up,greater-up,single,49:24.0
5dcea4c3bc83380fe65dba2a,966,0,56,left-7,right,left-dark,light-up,fewer-up,dual,49:23.2
60bc8860d04f4ac80d319a5c,NULL,0,25,left-5,none,left-dark,dark-up,fewer-up,dual,49:23.2
695bd68349914a703c6a9e80,917,0,8,left-5,left,left-dark,dark-up,fewer-up,dual,49:24.7
69925949caa087a146b8dccd,NULL,0,40,left-7,none,left-dark,light-up,greater-up,dual,49:26.5
5d93b788fdfe9d001c00c255,833,1,72,left-6,left,left-dark,dark-up,greater-up,single,49:25.0
67e48f46ac070276b3bc9cfa,936,0,4,right-2,left,right-dark,light-up,fewer-up,single,49:24.8
6989f01e85ed4cec632af20e,812,1,40,left-4,right,left-dark,dark-up,fewer-up,single,49:24.7
615e420a23219efe3427a367,1320,0,20,left-5,left,left-dark,light-up,greater-up,dual,49:25.7
66b3e078bef7d6dd6c53e015,1004,1,18,left-1,left,left-dark,light-up,fewer-up,dual,49:25.0
69acf86d93afc119933913e5,NULL,0,13,right-3,none,right-dark,dark-up,fewer-up,dual,49:25.0
5e9f3deb12d01a0b806e57b7,1255,1,50,right-4,right,right-dark,light-up,fewer-up,dual,49:25.7
5e6ca4b9a2b73d25c187ae61,1193,1,32,right-3,left,right-dark,dark-up,fewer-up,single,49:26.4
5dcea4c3bc83380fe65dba2a,NULL,0,57,right-3,none,right-dark,dark-up,fewer-up,dual,49:25.8
695bd68349914a703c6a9e80,1059,0,9,left-5,right,left-dark,dark-up,greater-up,dual,49:26.9
5d93b788fdfe9d001c00c255,1051,1,73,right-1,left,right-dark,dark-up,fewer-up,single,49:27.3
60bc8860d04f4ac80d319a5c,1476,1,26,right-3,right,right-dark,dark-up,greater-up,dual,49:26.3
69925949caa087a146b8dccd,837,1,41,left-7,left,left-dark,dark-up,greater-up,dual,49:29.3
6989f01e85ed4cec632af20e,910,1,41,right-5,left,right-dark,light-up,greater-up,single,49:27.0
67e48f46ac070276b3bc9cfa,1157,1,5,right-0,right,right-dark,dark-up,greater-up,single,49:27.1
66b3e078bef7d6dd6c53e015,1270,1,19,right-3,left,right-dark,light-up,greater-up,dual,49:27.5
69acf86d93afc119933913e5,1015,1,14,right-4,left,right-dark,dark-up,fewer-up,dual,49:28.1
615e420a23219efe3427a367,1221,0,21,right-1,right,right-dark,dark-up,fewer-up,dual,49:28.9
5e9f3deb12d01a0b806e57b7,1294,1,51,left-7,right,left-dark,dark-up,fewer-up,dual,49:28.1
5e6ca4b9a2b73d25c187ae61,1160,1,33,left-1,left,left-dark,dark-up,greater-up,single,49:29.1
695bd68349914a703c6a9e80,NULL,0,10,right-8,none,right-dark,dark-up,fewer-up,dual,49:29.5
5d93b788fdfe9d001c00c255,1015,1,74,left-1,right,left-dark,light-up,greater-up,single,49:29.7
69925949caa087a146b8dccd,1128,1,42,right-0,left,right-dark,light-up,greater-up,dual,49:31.5
60bc8860d04f4ac80d319a5c,1467,1,27,right-9,right,right-dark,dark-up,greater-up,dual,49:29.0
67e48f46ac070276b3bc9cfa,1391,0,6,left-5,right,left-dark,light-up,fewer-up,single,49:29.5
6989f01e85ed4cec632af20e,1250,1,42,left-2,right,left-dark,light-up,greater-up,single,49:29.3
5dcea4c3bc83380fe65dba2a,1527,0,58,left-3,left,left-dark,dark-up,fewer-up,dual,49:29.2
5e6ca4b9a2b73d25c187ae61,1018,1,34,right-2,left,right-dark,light-up,greater-up,single,49:31.2
69acf86d93afc119933913e5,1399,0,15,right-7,left,right-dark,dark-up,greater-up,dual,49:30.6
5e9f3deb12d01a0b806e57b7,1456,1,52,left-6,right,left-dark,light-up,greater-up,dual,49:30.6
5d93b788fdfe9d001c00c255,916,1,75,right-4,left,right-dark,dark-up,fewer-up,single,49:31.9
615e420a23219efe3427a367,1152,1,22,left-9,left,left-dark,dark-up,greater-up,dual,49:32.0
69925949caa087a146b8dccd,682,1,43,right-0,right,right-dark,dark-up,greater-up,dual,49:33.6
5dcea4c3bc83380fe65dba2a,894,1,59,right-9,right,right-dark,dark-up,greater-up,dual,49:31.4
6989f01e85ed4cec632af20e,1329,1,43,right-3,right,right-dark,dark-up,greater-up,single,49:31.7
695bd68349914a703c6a9e80,1136,1,11,right-1,left,right-dark,dark-up,fewer-up,dual,49:32.5
67e48f46ac070276b3bc9cfa,651,1,7,left-0,left,left-dark,light-up,fewer-up,single,49:32.2
60bc8860d04f4ac80d319a5c,1635,1,28,right-4,right,right-dark,dark-up,greater-up,dual,49:32.1
5e9f3deb12d01a0b806e57b7,1441,1,53,right-6,left,right-dark,light-up,greater-up,dual,49:33.1
5d93b788fdfe9d001c00c255,832,1,76,left-3,left,left-dark,light-up,fewer-up,single,49:34.1
69925949caa087a146b8dccd,748,1,44,left-0,left,left-dark,dark-up,greater-up,dual,49:35.8
5e6ca4b9a2b73d25c187ae61,953,1,35,left-7,left,left-dark,dark-up,greater-up,single,49:34.1
69acf86d93afc119933913e5,1658,0,16,right-7,right,right-dark,dark-up,fewer-up,dual,49:33.8
615e420a23219efe3427a367,1236,1,23,right-9,left,right-dark,light-up,greater-up,dual,49:34.7
6989f01e85ed4cec632af20e,953,1,44,left-1,right,left-dark,light-up,greater-up,single,49:33.9
695bd68349914a703c6a9e80,1372,0,12,right-7,right,right-dark,light-up,greater-up,dual,49:35.3
60bc8860d04f4ac80d319a5c,NULL,0,29,left-0,none,left-dark,dark-up,greater-up,dual,49:34.6
67e48f46ac070276b3bc9cfa,1348,0,8,right-6,right,right-dark,dark-up,fewer-up,single,49:35.4
5d93b788fdfe9d001c00c255,938,1,77,right-9,right,right-dark,light-up,fewer-up,single,49:36.4
5e9f3deb12d01a0b806e57b7,1239,1,54,left-0,right,left-dark,light-up,greater-up,dual,49:35.8
69925949caa087a146b8dccd,1393,1,45,left-1,right,left-dark,light-up,greater-up,dual,49:38.6
6989f01e85ed4cec632af20e,1045,0,45,left-3,right,left-dark,light-up,fewer-up,single,49:36.3
5e6ca4b9a2b73d25c187ae61,1330,1,36,right-1,left,right-dark,dark-up,fewer-up,single,49:37.3
695bd68349914a703c6a9e80,924,1,13,right-5,left,right-dark,light-up,greater-up,dual,49:37.3
615e420a23219efe3427a367,1459,1,24,right-3,left,right-dark,dark-up,fewer-up,dual,49:37.6
69acf86d93afc119933913e5,1555,1,17,left-5,right,left-dark,light-up,greater-up,dual,49:36.8
5d93b788fdfe9d001c00c255,801,1,78,left-0,left,left-dark,light-up,fewer-up,single,49:38.5
60bc8860d04f4ac80d319a5c,NULL,0,30,left-8,none,left-dark,dark-up,greater-up,dual,49:37.7
5e9f3deb12d01a0b806e57b7,1239,1,55,left-4,left,left-dark,dark-up,greater-up,dual,49:38.1
69925949caa087a146b8dccd,724,1,46,left-6,left,left-dark,dark-up,greater-up,dual,49:40.7
67e48f46ac070276b3bc9cfa,763,0,9,right-5,left,right-dark,dark-up,greater-up,single,49:38.4
6989f01e85ed4cec632af20e,902,1,46,right-8,left,right-dark,dark-up,fewer-up,single,49:38.7
5e6ca4b9a2b73d25c187ae61,1230,1,37,right-5,right,right-dark,light-up,fewer-up,single,49:39.9
695bd68349914a703c6a9e80,1225,0,14,left-4,right,left-dark,dark-up,greater-up,dual,49:39.9
615e420a23219efe3427a367,NULL,0,25,right-4,none,right-dark,dark-up,fewer-up,dual,49:40.3
69acf86d93afc119933913e5,1549,1,18,left-7,left,left-dark,light-up,fewer-up,dual,49:39.5
5d93b788fdfe9d001c00c255,762,1,79,left-7,left,left-dark,light-up,fewer-up,single,49:40.6
5e9f3deb12d01a0b806e57b7,1205,1,56,right-8,left,right-dark,light-up,greater-up,dual,49:40.6
69925949caa087a146b8dccd,1198,1,47,right-3,right,right-dark,light-up,fewer-up,dual,49:42.9
6989f01e85ed4cec632af20e,805,1,47,left-8,left,left-dark,light-up,fewer-up,single,49:40.9
67e48f46ac070276b3bc9cfa,766,1,10,left-7,right,left-dark,light-up,greater-up,single,49:41.3
60bc8860d04f4ac80d319a5c,1304,1,31,right-8,right,right-dark,dark-up,greater-up,dual,49:41.0
5e6ca4b9a2b73d25c187ae61,1043,1,38,left-2,left,left-dark,dark-up,greater-up,single,49:42.2
695bd68349914a703c6a9e80,1360,0,15,right-3,right,right-dark,dark-up,fewer-up,dual,49:42.7
69acf86d93afc119933913e5,1297,1,19,left-0,left,left-dark,dark-up,greater-up,dual,49:41.9
5dcea4c3bc83380fe65dba2a,985,1,60,left-9,right,left-dark,dark-up,fewer-up,dual,49:41.9
615e420a23219efe3427a367,1313,1,26,right-9,right,right-dark,light-up,fewer-up,dual,49:43.2
6989f01e85ed4cec632af20e,769,0,48,left-1,right,left-dark,dark-up,greater-up,single,49:42.8
69925949caa087a146b8dccd,1136,1,48,left-8,left,left-dark,dark-up,greater-up,dual,49:45.5
5e9f3deb12d01a0b806e57b7,1119,1,57,right-0,left,right-dark,light-up,greater-up,dual,49:43.2
5e6ca4b9a2b73d25c187ae61,920,1,39,right-8,left,right-dark,light-up,greater-up,single,49:44.4
67e48f46ac070276b3bc9cfa,1008,0,11,left-5,right,left-dark,dark-up,greater-up,single,49:43.8
60bc8860d04f4ac80d319a5c,1624,1,32,right-1,right,right-dark,dark-up,greater-up,dual,49:44.0
5dcea4c3bc83380fe65dba2a,872,0,61,left-2,right,left-dark,light-up,fewer-up,dual,49:44.2
6989f01e85ed4cec632af20e,549,1,49,left-7,left,left-dark,dark-up,greater-up,single,49:44.4
695bd68349914a703c6a9e80,1491,0,16,right-6,right,right-dark,dark-up,fewer-up,dual,49:45.3
69925949caa087a146b8dccd,801,1,49,left-2,right,left-dark,dark-up,fewer-up,dual,49:47.4
615e420a23219efe3427a367,1309,1,27,left-3,left,left-dark,dark-up,greater-up,dual,49:46.1
69a5c500037701844052c365,1020,1,0,left-7,right,left-dark,dark-up,fewer-up,single,49:45.5
5e9f3deb12d01a0b806e57b7,1378,1,58,left-9,right,left-dark,light-up,greater-up,dual,49:45.7
67e48f46ac070276b3bc9cfa,703,1,12,left-2,left,left-dark,dark-up,greater-up,single,49:46.5
6989f01e85ed4cec632af20e,663,0,50,right-6,right,right-dark,dark-up,fewer-up,single,49:46.5
5dcea4c3bc83380fe65dba2a,NULL,0,62,right-1,none,right-dark,light-up,greater-up,dual,49:46.7
60bc8860d04f4ac80d319a5c,1505,1,33,right-7,right,right-dark,dark-up,greater-up,dual,49:47.0
695bd68349914a703c6a9e80,1484,0,17,left-8,left,left-dark,light-up,greater-up,dual,49:48.4
69925949caa087a146b8dccd,1435,1,50,right-4,left,right-dark,dark-up,fewer-up,dual,49:50.3
69a5c500037701844052c365,886,1,1,left-3,right,left-dark,light-up,greater-up,single,49:48.0
6989f01e85ed4cec632af20e,575,0,51,right-2,left,right-dark,light-up,fewer-up,single,49:48.2
5e9f3deb12d01a0b806e57b7,1095,1,59,right-2,left,right-dark,light-up,greater-up,dual,49:48.2
615e420a23219efe3427a367,1461,0,28,right-2,right,right-dark,light-up,greater-up,dual,49:49.1
67e48f46ac070276b3bc9cfa,899,0,13,right-6,left,right-dark,dark-up,greater-up,single,49:48.6
5dcea4c3bc83380fe65dba2a,962,0,63,right-0,right,right-dark,dark-up,fewer-up,dual,49:49.4
6989f01e85ed4cec632af20e,659,0,52,right-7,right,right-dark,dark-up,fewer-up,single,49:50.1
69a5c500037701844052c365,977,1,2,left-4,right,left-dark,dark-up,fewer-up,single,49:50.2
60bc8860d04f4ac80d319a5c,1462,0,34,left-3,left,left-dark,light-up,greater-up,dual,49:50.1
5e6ca4b9a2b73d25c187ae61,1441,1,40,right-1,right,right-dark,light-up,fewer-up,single,49:51.3
695bd68349914a703c6a9e80,1523,1,18,left-0,right,left-dark,dark-up,fewer-up,dual,49:51.4
69925949caa087a146b8dccd,1704,1,51,left-4,left,left-dark,light-up,fewer-up,dual,49:53.2
6984a9d17c365f6f621d7fe7,1595,1,0,left-7,right,left-dark,dark-up,fewer-up,dual,49:50.4
615e420a23219efe3427a367,NULL,0,29,right-1,none,right-dark,light-up,greater-up,dual,49:51.8
67e48f46ac070276b3bc9cfa,783,1,14,right-4,left,right-dark,light-up,greater-up,single,49:51.4
5dcea4c3bc83380fe65dba2a,849,0,64,right-6,right,right-dark,dark-up,fewer-up,dual,49:51.8
69acf86d93afc119933913e5,1523,1,20,left-7,right,left-dark,light-up,greater-up,dual,49:52.1
6989f01e85ed4cec632af20e,1065,0,53,left-6,right,left-dark,dark-up,greater-up,single,49:52.3
60bc8860d04f4ac80d319a5c,NULL,0,35,right-0,none,right-dark,light-up,fewer-up,dual,49:52.4
69a5c500037701844052c365,1164,0,3,right-5,left,right-dark,light-up,fewer-up,single,49:52.9
69925949caa087a146b8dccd,996,1,52,left-1,left,left-dark,light-up,fewer-up,dual,49:55.6
5e6ca4b9a2b73d25c187ae61,1540,1,41,right-1,left,right-dark,light-up,greater-up,single,49:54.1
6984a9d17c365f6f621d7fe7,1075,1,1,left-7,left,left-dark,dark-up,greater-up,dual,49:52.9
695bd68349914a703c6a9e80,1670,1,19,right-0,right,right-dark,dark-up,greater-up,dual,49:54.4
5e9f3deb12d01a0b806e57b7,1132,1,60,left-2,right,left-dark,light-up,greater-up,dual,49:53.7
67e48f46ac070276b3bc9cfa,641,0,15,left-4,left,left-dark,light-up,greater-up,single,49:54.0
615e420a23219efe3427a367,1525,1,30,left-6,left,left-dark,light-up,fewer-up,dual,49:55.0
5dcea4c3bc83380fe65dba2a,NULL,0,65,left-5,none,left-dark,light-up,greater-up,dual,49:54.6
6989f01e85ed4cec632af20e,899,0,54,right-7,right,right-dark,light-up,greater-up,single,49:54.8
69acf86d93afc119933913e5,1679,0,21,left-6,left,left-dark,light-up,greater-up,dual,49:55.4
69a5c500037701844052c365,1274,1,4,left-2,left,left-dark,dark-up,greater-up,single,49:55.4
6984a9d17c365f6f621d7fe7,1063,1,2,right-1,right,right-dark,dark-up,greater-up,dual,49:55.1
69925949caa087a146b8dccd,1244,1,53,left-1,right,left-dark,dark-up,fewer-up,dual,49:58.2
5e6ca4b9a2b73d25c187ae61,1025,1,42,right-1,right,right-dark,dark-up,greater-up,single,49:56.6
5e9f3deb12d01a0b806e57b7,988,1,61,right-4,left,right-dark,light-up,greater-up,dual,49:56.1
60bc8860d04f4ac80d319a5c,1704,0,36,left-9,left,left-dark,light-up,greater-up,dual,49:56.0
6989f01e85ed4cec632af20e,526,1,55,left-5,left,left-dark,dark-up,greater-up,single,49:56.8
67e48f46ac070276b3bc9cfa,1368,0,16,left-3,left,left-dark,dark-up,fewer-up,single,49:57.0
615e420a23219efe3427a367,NULL,0,31,right-1,none,right-dark,light-up,fewer-up,dual,49:57.8
5dcea4c3bc83380fe65dba2a,776,0,66,right-1,right,right-dark,dark-up,fewer-up,dual,49:57.0
69a5c500037701844052c365,1186,1,5,left-1,left,left-dark,dark-up,greater-up,single,49:57.9
6984a9d17c365f6f621d7fe7,1211,1,3,right-8,right,right-dark,light-up,fewer-up,dual,49:57.8
69acf86d93afc119933913e5,1321,1,22,left-2,left,left-dark,dark-up,greater-up,dual,49:58.4
69925949caa087a146b8dccd,1310,1,54,right-6,left,right-dark,dark-up,fewer-up,dual,50:00.8
5e6ca4b9a2b73d25c187ae61,1344,1,43,left-6,right,left-dark,dark-up,fewer-up,single,49:59.2
60bc8860d04f4ac80d319a5c,NULL,0,37,left-4,none,left-dark,light-up,fewer-up,dual,49:58.5
6989f01e85ed4cec632af20e,859,1,56,right-8,right,right-dark,light-up,fewer-up,single,49:58.7
5e9f3deb12d01a0b806e57b7,1400,0,62,right-6,left,right-dark,light-up,fewer-up,dual,49:58.9
67e48f46ac070276b3bc9cfa,1247,1,17,left-5,right,left-dark,dark-up,fewer-up,single,49:59.5
5dcea4c3bc83380fe65dba2a,NULL,0,67,left-7,none,left-dark,dark-up,greater-up,dual,49:59.5
69a5c500037701844052c365,925,1,6,right-1,right,right-dark,light-up,fewer-up,single,50:00.1
615e420a23219efe3427a367,1677,1,32,right-5,right,right-dark,dark-up,greater-up,dual,50:01.2
69925949caa087a146b8dccd,908,1,55,right-7,right,right-dark,light-up,fewer-up,dual,50:03.1
6989f01e85ed4cec632af20e,807,0,57,right-7,left,right-dark,dark-up,greater-up,single,50:00.8
5e6ca4b9a2b73d25c187ae61,1130,1,44,right-0,left,right-dark,light-up,greater-up,single,50:01.7
6984a9d17c365f6f621d7fe7,1319,1,4,right-2,left,right-dark,light-up,greater-up,dual,50:00.5
69acf86d93afc119933913e5,1315,0,23,left-3,right,left-dark,light-up,fewer-up,dual,50:01.1
5e9f3deb12d01a0b806e57b7,1643,1,63,left-7,right,left-dark,light-up,greater-up,dual,50:01.9
60bc8860d04f4ac80d319a5c,1630,1,38,left-1,right,left-dark,light-up,greater-up,dual,50:01.8
67e48f46ac070276b3bc9cfa,914,0,18,left-6,right,left-dark,dark-up,greater-up,single,50:02.4
5dcea4c3bc83380fe65dba2a,NULL,0,68,right-7,none,right-dark,dark-up,fewer-up,dual,50:02.4
69a5c500037701844052c365,990,1,7,left-6,right,left-dark,light-up,greater-up,single,50:02.5
6989f01e85ed4cec632af20e,473,0,58,right-1,right,right-dark,dark-up,fewer-up,single,50:02.8
615e420a23219efe3427a367,1239,1,33,left-4,left,left-dark,dark-up,greater-up,dual,50:03.9
5e6ca4b9a2b73d25c187ae61,893,1,45,right-9,right,right-dark,dark-up,greater-up,single,50:03.9
69925949caa087a146b8dccd,1328,1,56,right-3,left,right-dark,light-up,greater-up,dual,50:05.6
69acf86d93afc119933913e5,1303,1,24,right-7,right,right-dark,light-up,fewer-up,dual,50:03.7
6984a9d17c365f6f621d7fe7,1248,1,5,right-5,right,right-dark,dark-up,greater-up,dual,50:03.4
5e9f3deb12d01a0b806e57b7,1119,1,64,left-3,left,left-dark,dark-up,greater-up,dual,50:04.1
60bc8860d04f4ac80d319a5c,NULL,0,39,right-1,none,right-dark,light-up,greater-up,dual,50:04.1
67e48f46ac070276b3bc9cfa,NULL,0,19,right-4,none,right-dark,dark-up,fewer-up,single,50:04.7
69a5c500037701844052c365,817,1,8,right-8,right,right-dark,dark-up,greater-up,single,50:04.6
6989f01e85ed4cec632af20e,524,0,59,right-2,left,right-dark,dark-up,greater-up,single,50:04.8
615e420a23219efe3427a367,1003,0,34,left-7,left,left-dark,dark-up,fewer-up,dual,50:06.0
5dcea4c3bc83380fe65dba2a,NULL,0,69,right-3,none,right-dark,dark-up,greater-up,dual,50:05.4
695bd68349914a703c6a9e80,NULL,0,20,right-5,none,right-dark,dark-up,greater-up,dual,50:06.2
5e6ca4b9a2b73d25c187ae61,876,1,46,left-5,left,left-dark,dark-up,greater-up,single,50:06.5
69925949caa087a146b8dccd,1634,1,57,right-3,left,right-dark,dark-up,fewer-up,dual,50:08.8
5e9f3deb12d01a0b806e57b7,825,1,65,right-3,right,right-dark,dark-up,greater-up,dual,50:06.4
6984a9d17c365f6f621d7fe7,1171,1,6,left-8,left,left-dark,dark-up,greater-up,dual,50:06.0
69acf86d93afc119933913e5,1682,0,25,left-9,left,left-dark,light-up,greater-up,dual,50:06.7
69a5c500037701844052c365,973,1,9,left-8,right,left-dark,dark-up,fewer-up,single,50:07.1
615e420a23219efe3427a367,1241,1,35,left-0,right,left-dark,light-up,greater-up,dual,50:08.4
5e6ca4b9a2b73d25c187ae61,967,1,47,left-6,right,left-dark,light-up,greater-up,single,50:08.5
69925949caa087a146b8dccd,925,1,58,left-4,left,left-dark,dark-up,greater-up,dual,50:10.9
695bd68349914a703c6a9e80,1208,1,21,left-5,left,left-dark,light-up,fewer-up,dual,50:09.2
5dcea4c3bc83380fe65dba2a,NULL,0,70,left-2,none,left-dark,dark-up,fewer-up,dual,50:08.4
5e9f3deb12d01a0b806e57b7,889,1,66,right-2,left,right-dark,dark-up,fewer-up,dual,50:08.8
6984a9d17c365f6f621d7fe7,1184,1,7,right-3,left,right-dark,light-up,greater-up,dual,50:08.8
69acf86d93afc119933913e5,1294,1,26,right-4,right,right-dark,dark-up,greater-up,dual,50:09.3
69a5c500037701844052c365,1273,1,10,right-8,left,right-dark,light-up,greater-up,single,50:09.4
615e420a23219efe3427a367,1567,1,36,left-4,left,left-dark,light-up,fewer-up,dual,50:11.5
5e6ca4b9a2b73d25c187ae61,1429,1,48,left-0,right,left-dark,light-up,greater-up,single,50:11.5
69925949caa087a146b8dccd,1081,1,59,right-1,left,right-dark,dark-up,fewer-up,dual,50:13.2
695bd68349914a703c6a9e80,NULL,0,22,right-9,none,right-dark,light-up,greater-up,dual,50:11.8
5dcea4c3bc83380fe65dba2a,797,1,71,right-0,right,right-dark,light-up,fewer-up,dual,50:11.1
6989f01e85ed4cec632af20e,624,0,60,right-9,right,right-dark,dark-up,fewer-up,single,50:11.3
5e9f3deb12d01a0b806e57b7,1166,0,67,left-5,left,left-dark,dark-up,fewer-up,dual,50:11.4
6984a9d17c365f6f621d7fe7,969,1,8,right-6,left,right-dark,light-up,greater-up,dual,50:10.9
69acf86d93afc119933913e5,1180,1,27,right-9,right,right-dark,light-up,fewer-up,dual,50:11.6
69a5c500037701844052c365,1039,1,11,right-4,left,right-dark,dark-up,fewer-up,single,50:11.7
6989f01e85ed4cec632af20e,745,1,61,left-6,right,left-dark,light-up,greater-up,single,50:13.1
615e420a23219efe3427a367,1289,1,37,left-0,left,left-dark,dark-up,greater-up,dual,50:14.2
5e6ca4b9a2b73d25c187ae61,1374,1,49,left-6,left,left-dark,light-up,fewer-up,single,50:14.2
6984a9d17c365f6f621d7fe7,901,1,9,left-1,left,left-dark,dark-up,greater-up,dual,50:13.3
695bd68349914a703c6a9e80,NULL,0,23,right-8,none,right-dark,light-up,fewer-up,dual,50:14.6
5dcea4c3bc83380fe65dba2a,NULL,0,72,right-1,none,right-dark,dark-up,greater-up,dual,50:13.8
69a5c500037701844052c365,921,1,12,left-9,left,left-dark,dark-up,greater-up,single,50:14.1
5e9f3deb12d01a0b806e57b7,1599,1,68,right-1,right,right-dark,light-up,fewer-up,dual,50:14.3
69acf86d93afc119933913e5,1456,0,28,right-6,right,right-dark,light-up,greater-up,dual,50:14.5
6989f01e85ed4cec632af20e,1224,0,62,left-8,right,left-dark,dark-up,greater-up,single,50:15.5
5e6ca4b9a2b73d25c187ae61,954,1,50,right-2,right,right-dark,dark-up,greater-up,single,50:16.5
615e420a23219efe3427a367,1043,1,38,left-2,right,left-dark,dark-up,fewer-up,dual,50:16.7
5dcea4c3bc83380fe65dba2a,356,1,73,left-8,right,left-dark,dark-up,fewer-up,dual,50:15.8
6984a9d17c365f6f621d7fe7,NULL,0,10,right-1,none,right-dark,dark-up,fewer-up,dual,50:15.8
69a5c500037701844052c365,1005,1,13,right-1,left,right-dark,light-up,greater-up,single,50:16.4
6544ff9e0fb2eaaf83e2de5c,NULL,0,0,left-8,none,left-dark,dark-up,fewer-up,dual,50:16.6
60bc8860d04f4ac80d319a5c,1552,1,40,right-2,left,right-dark,light-up,greater-up,dual,50:16.4
5e9f3deb12d01a0b806e57b7,1231,1,69,left-8,right,left-dark,light-up,greater-up,dual,50:16.7
695bd68349914a703c6a9e80,1343,1,24,right-9,right,right-dark,dark-up,greater-up,dual,50:17.5
69acf86d93afc119933913e5,1333,1,29,right-0,right,right-dark,light-up,fewer-up,dual,50:17.0
67e48f46ac070276b3bc9cfa,759,1,20,left-1,right,left-dark,dark-up,fewer-up,single,50:17.3
6989f01e85ed4cec632af20e,709,0,63,left-9,left,left-dark,dark-up,fewer-up,single,50:17.2
69925949caa087a146b8dccd,NULL,0,60,right-7,none,right-dark,light-up,greater-up,dual,50:20.1
5e6ca4b9a2b73d25c187ae61,1269,1,51,right-3,right,right-dark,light-up,fewer-up,single,50:18.8
5dcea4c3bc83380fe65dba2a,NULL,0,74,right-5,none,right-dark,dark-up,greater-up,dual,50:18.3
69a5c500037701844052c365,743,1,14,right-3,left,right-dark,light-up,greater-up,single,50:18.4
615e420a23219efe3427a367,985,0,39,right-6,right,right-dark,light-up,greater-up,dual,50:19.4
6984a9d17c365f6f621d7fe7,792,1,11,left-8,right,left-dark,light-up,greater-up,dual,50:18.3
6989f01e85ed4cec632af20e,945,0,64,left-3,right,left-dark,dark-up,greater-up,single,50:19.2
67e48f46ac070276b3bc9cfa,985,1,21,right-8,right,right-dark,light-up,fewer-up,single,50:19.4
695bd68349914a703c6a9e80,NULL,0,25,right-7,none,right-dark,dark-up,greater-up,dual,50:20.2
69acf86d93afc119933913e5,1213,1,30,left-2,right,left-dark,light-up,greater-up,dual,50:19.4
60bc8860d04f4ac80d319a5c,1695,0,41,right-9,right,right-dark,dark-up,fewer-up,dual,50:19.5
5e9f3deb12d01a0b806e57b7,1665,1,70,right-9,left,right-dark,dark-up,fewer-up,dual,50:19.9
6544ff9e0fb2eaaf83e2de5c,1585,1,1,right-3,right,right-dark,dark-up,greater-up,dual,50:20.1
69925949caa087a146b8dccd,1132,1,61,left-7,left,left-dark,light-up,fewer-up,dual,50:22.7
5dcea4c3bc83380fe65dba2a,380,1,75,right-3,right,right-dark,light-up,fewer-up,dual,50:20.5
5e6ca4b9a2b73d25c187ae61,1259,1,52,left-0,right,left-dark,dark-up,fewer-up,single,50:21.4
69a5c500037701844052c365,1056,1,15,right-2,left,right-dark,dark-up,fewer-up,single,50:20.9
6984a9d17c365f6f621d7fe7,1100,1,12,right-4,left,right-dark,dark-up,fewer-up,dual,50:20.8
6989f01e85ed4cec632af20e,999,0,65,left-9,right,left-dark,dark-up,greater-up,single,50:21.4
69acf86d93afc119933913e5,1262,1,31,left-9,left,left-dark,light-up,fewer-up,dual,50:21.7
67e48f46ac070276b3bc9cfa,1060,0,22,right-1,left,right-dark,dark-up,greater-up,single,50:22.5
695bd68349914a703c6a9e80,1475,1,26,right-8,left,right-dark,light-up,greater-up,dual,50:23.2
5e9f3deb12d01a0b806e57b7,1305,1,71,right-4,right,right-dark,dark-up,greater-up,dual,50:22.6
6544ff9e0fb2eaaf83e2de5c,NULL,0,2,right-2,none,right-dark,dark-up,fewer-up,dual,50:22.7
60bc8860d04f4ac80d319a5c,1744,1,42,left-4,right,left-dark,light-up,greater-up,dual,50:22.5
69925949caa087a146b8dccd,1306,1,62,right-8,left,right-dark,dark-up,fewer-up,dual,50:25.3
5dcea4c3bc83380fe65dba2a,1085,0,76,right-5,right,right-dark,light-up,greater-up,dual,50:22.8
67164d40becf6c95181afe97,1192,1,0,right-5,left,right-dark,dark-up,fewer-up,dual,50:23.6
6989f01e85ed4cec632af20e,736,1,66,right-5,left,right-dark,dark-up,fewer-up,single,50:23.2
5e6ca4b9a2b73d25c187ae61,1133,1,53,right-0,right,right-dark,light-up,fewer-up,single,50:24.0
69a5c500037701844052c365,874,1,16,left-3,right,left-dark,dark-up,fewer-up,single,50:23.3
698bd173e4842a5bd8ad85bb,NULL,0,0,right-3,none,right-dark,dark-up,fewer-up,single,50:23.3
6984a9d17c365f6f621d7fe7,1063,1,13,left-4,left,left-dark,light-up,fewer-up,dual,50:23.4
69acf86d93afc119933913e5,1721,1,32,right-5,right,right-dark,dark-up,greater-up,dual,50:24.8
695bd68349914a703c6a9e80,NULL,0,27,left-1,none,left-dark,dark-up,fewer-up,dual,50:25.9
5e9f3deb12d01a0b806e57b7,1719,0,72,left-6,right,left-dark,dark-up,greater-up,dual,50:25.5
67e48f46ac070276b3bc9cfa,748,0,23,right-3,right,right-dark,light-up,greater-up,single,50:25.6
69a5c500037701844052c365,1083,1,17,right-3,right,right-dark,light-up,fewer-up,single,50:25.6
6989f01e85ed4cec632af20e,875,0,67,right-4,left,right-dark,dark-up,greater-up,single,50:25.6
69925949caa087a146b8dccd,1337,1,63,left-3,left,left-dark,dark-up,greater-up,dual,50:28.1
60bc8860d04f4ac80d319a5c,1697,1,43,right-5,left,right-dark,dark-up,fewer-up,dual,50:25.5
5dcea4c3bc83380fe65dba2a,1153,1,77,right-4,right,right-dark,light-up,fewer-up,dual,50:25.6
6984a9d17c365f6f621d7fe7,748,1,14,left-4,right,left-dark,light-up,greater-up,dual,50:25.3
5e6ca4b9a2b73d25c187ae61,1174,1,54,right-6,left,right-dark,light-up,greater-up,single,50:26.7
67164d40becf6c95181afe97,1318,1,1,right-8,left,right-dark,light-up,greater-up,dual,50:26.6
6544ff9e0fb2eaaf83e2de5c,1570,0,3,right-0,left,right-dark,dark-up,greater-up,dual,50:26.1
698bd173e4842a5bd8ad85bb,964,1,1,right-5,left,right-dark,dark-up,fewer-up,single,50:26.2
6989f01e85ed4cec632af20e,470,1,68,right-8,right,right-dark,dark-up,greater-up,single,50:27.1
69acf86d93afc119933913e5,1306,1,33,right-9,right,right-dark,dark-up,greater-up,dual,50:27.6
5e9f3deb12d01a0b806e57b7,1189,1,73,right-6,right,right-dark,dark-up,greater-up,dual,50:27.9
695bd68349914a703c6a9e80,NULL,0,28,right-2,none,right-dark,light-up,fewer-up,dual,50:28.8
67e48f46ac070276b3bc9cfa,1179,0,24,left-2,right,left-dark,light-up,fewer-up,single,50:28.2
69a5c500037701844052c365,1154,1,18,left-5,right,left-dark,light-up,greater-up,single,50:28.1
60bc8860d04f4ac80d319a5c,1297,1,44,right-7,left,right-dark,dark-up,fewer-up,dual,50:27.9
5dcea4c3bc83380fe65dba2a,NULL,0,78,left-4,none,left-dark,light-up,greater-up,dual,50:28.0
6984a9d17c365f6f621d7fe7,972,1,15,right-4,right,right-dark,dark-up,greater-up,dual,50:27.8
67164d40becf6c95181afe97,1122,1,2,left-1,right,left-dark,dark-up,fewer-up,dual,50:28.9
5e6ca4b9a2b73d25c187ae61,1341,1,55,left-5,right,left-dark,dark-up,fewer-up,single,50:29.1
69925949caa087a146b8dccd,1524,0,64,left-9,left,left-dark,dark-up,fewer-up,dual,50:30.9
6544ff9e0fb2eaaf83e2de5c,1268,1,4,right-6,right,right-dark,light-up,fewer-up,dual,50:28.6
698bd173e4842a5bd8ad85bb,1281,1,2,left-3,left,left-dark,dark-up,greater-up,single,50:29.0
6989f01e85ed4cec632af20e,1103,0,69,left-5,right,left-dark,light-up,fewer-up,single,50:29.4
69a5c500037701844052c365,797,1,19,right-2,left,right-dark,light-up,greater-up,single,50:30.3
69acf86d93afc119933913e5,1112,1,34,left-8,left,left-dark,dark-up,greater-up,dual,50:30.4
6984a9d17c365f6f621d7fe7,767,1,16,left-3,right,left-dark,light-up,greater-up,dual,50:30.1
5dcea4c3bc83380fe65dba2a,970,0,79,left-0,right,left-dark,light-up,fewer-up,dual,50:30.5
67e48f46ac070276b3bc9cfa,790,0,25,left-8,right,left-dark,light-up,fewer-up,single,50:30.8
67164d40becf6c95181afe97,1286,1,3,left-5,right,left-dark,light-up,greater-up,dual,50:31.5
69925949caa087a146b8dccd,1186,1,65,right-5,right,right-dark,dark-up,greater-up,dual,50:33.3
5e6ca4b9a2b73d25c187ae61,1267,1,56,right-6,left,right-dark,dark-up,fewer-up,single,50:31.5
60bc8860d04f4ac80d319a5c,NULL,0,45,left-8,none,left-dark,light-up,greater-up,dual,50:30.7
615e420a23219efe3427a367,1335,0,40,right-4,left,right-dark,light-up,fewer-up,dual,50:31.8
6544ff9e0fb2eaaf83e2de5c,NULL,0,5,right-8,none,right-dark,dark-up,fewer-up,dual,50:31.3
5e9f3deb12d01a0b806e57b7,1658,1,74,right-7,left,right-dark,dark-up,fewer-up,dual,50:31.2
695bd68349914a703c6a9e80,NULL,0,29,left-3,none,left-dark,light-up,fewer-up,dual,50:32.2
698bd173e4842a5bd8ad85bb,990,1,3,right-3,right,right-dark,dark-up,greater-up,single,50:31.4
6989f01e85ed4cec632af20e,647,1,70,left-3,right,left-dark,dark-up,fewer-up,single,50:31.6
69acf86d93afc119933913e5,NULL,0,35,left-4,none,left-dark,light-up,greater-up,dual,50:32.8
6984a9d17c365f6f621d7fe7,771,1,17,left-2,left,left-dark,dark-up,greater-up,dual,50:32.0
69925949caa087a146b8dccd,1322,1,66,right-2,left,right-dark,dark-up,fewer-up,dual,50:35.6
67e48f46ac070276b3bc9cfa,903,0,26,left-1,left,left-dark,light-up,greater-up,single,50:33.0
615e420a23219efe3427a367,807,1,41,right-0,right,right-dark,dark-up,greater-up,dual,50:34.7
5e6ca4b9a2b73d25c187ae61,1050,1,57,left-9,right,left-dark,dark-up,fewer-up,single,50:33.7
67164d40becf6c95181afe97,988,1,4,right-9,left,right-dark,dark-up,fewer-up,dual,50:34.7
5e9f3deb12d01a0b806e57b7,1132,1,75,right-8,right,right-dark,light-up,fewer-up,dual,50:34.1
698bd173e4842a5bd8ad85bb,1100,1,4,right-6,right,right-dark,light-up,fewer-up,single,50:34.0
6989f01e85ed4cec632af20e,964,1,71,left-2,right,left-dark,dark-up,fewer-up,single,50:33.7
695bd68349914a703c6a9e80,907,0,30,left-9,left,left-dark,light-up,greater-up,dual,50:35.0
6544ff9e0fb2eaaf83e2de5c,NULL,0,6,right-7,none,right-dark,light-up,greater-up,dual,50:34.3
60bc8860d04f4ac80d319a5c,1634,1,46,left-6,right,left-dark,dark-up,fewer-up,dual,50:34.4
6984a9d17c365f6f621d7fe7,1002,1,18,right-1,left,right-dark,light-up,greater-up,dual,50:34.5
65fcab5ed252c205f819b116,693,1,0,right-7,right,right-dark,dark-up,greater-up,dual,50:35.6
69acf86d93afc119933913e5,836,1,36,right-8,right,right-dark,dark-up,greater-up,dual,50:35.4
69925949caa087a146b8dccd,1183,1,67,right-2,right,right-dark,dark-up,greater-up,dual,50:37.9
67e48f46ac070276b3bc9cfa,680,1,27,left-9,left,left-dark,light-up,fewer-up,single,50:35.6
67164d40becf6c95181afe97,982,1,5,left-3,right,left-dark,dark-up,fewer-up,dual,50:37.1
5e6ca4b9a2b73d25c187ae61,1306,1,58,left-7,right,left-dark,dark-up,fewer-up,single,50:36.3
6989f01e85ed4cec632af20e,1027,1,72,left-5,right,left-dark,dark-up,fewer-up,single,50:35.9
698bd173e4842a5bd8ad85bb,964,1,5,right-9,right,right-dark,light-up,fewer-up,single,50:36.3
5e9f3deb12d01a0b806e57b7,1276,1,76,left-0,left,left-dark,dark-up,greater-up,dual,50:36.8
615e420a23219efe3427a367,1408,1,42,left-1,left,left-dark,dark-up,greater-up,dual,50:37.8
695bd68349914a703c6a9e80,1453,0,31,right-4,right,right-dark,light-up,greater-up,dual,50:37.8
6984a9d17c365f6f621d7fe7,742,1,19,right-9,right,right-dark,dark-up,greater-up,dual,50:36.5
65fcab5ed252c205f819b116,635,1,1,left-0,left,left-dark,light-up,fewer-up,dual,50:37.6
6544ff9e0fb2eaaf83e2de5c,NULL,0,7,left-6,none,left-dark,dark-up,fewer-up,dual,50:37.2
60bc8860d04f4ac80d319a5c,1529,1,47,left-7,right,left-dark,dark-up,fewer-up,dual,50:37.2
69925949caa087a146b8dccd,971,1,68,left-0,left,left-dark,light-up,fewer-up,dual,50:40.0
69acf86d93afc119933913e5,1271,1,37,right-1,right,right-dark,dark-up,greater-up,dual,50:37.8
6989f01e85ed4cec632af20e,1248,1,73,left-8,right,left-dark,light-up,greater-up,single,50:38.7
698bd173e4842a5bd8ad85bb,777,1,6,right-5,right,right-dark,light-up,fewer-up,single,50:38.4
5e6ca4b9a2b73d25c187ae61,1057,1,59,right-8,left,right-dark,dark-up,fewer-up,single,50:38.5
5e9f3deb12d01a0b806e57b7,1283,1,77,right-8,right,right-dark,dark-up,greater-up,dual,50:39.1
67e48f46ac070276b3bc9cfa,1061,0,28,left-9,left,left-dark,light-up,greater-up,single,50:38.1
67164d40becf6c95181afe97,1433,1,6,left-7,right,left-dark,light-up,greater-up,dual,50:40.0
615e420a23219efe3427a367,1251,0,43,right-4,right,right-dark,light-up,greater-up,dual,50:40.2
65fcab5ed252c205f819b116,874,1,2,left-4,right,left-dark,dark-up,fewer-up,dual,50:39.5
695bd68349914a703c6a9e80,1278,1,32,left-4,right,left-dark,dark-up,fewer-up,dual,50:40.5
60bc8860d04f4ac80d319a5c,1388,1,48,left-8,right,left-dark,dark-up,fewer-up,dual,50:39.7
6544ff9e0fb2eaaf83e2de5c,NULL,0,8,left-8,none,left-dark,light-up,greater-up,dual,50:40.1
69925949caa087a146b8dccd,836,1,69,right-7,right,right-dark,dark-up,greater-up,dual,50:42.1
69acf86d93afc119933913e5,1182,1,38,left-4,left,left-dark,dark-up,greater-up,dual,50:40.2
69a5c500037701844052c365,954,1,20,left-0,left,left-dark,dark-up,greater-up,single,50:41.1
698bd173e4842a5bd8ad85bb,742,1,7,left-5,left,left-dark,dark-up,greater-up,single,50:40.6
6989f01e85ed4cec632af20e,1086,0,74,right-2,right,right-dark,dark-up,fewer-up,single,50:41.2
615e420a23219efe3427a367,1160,0,44,left-6,left,left-dark,light-up,greater-up,dual,50:42.6
5e9f3deb12d01a0b806e57b7,NULL,0,78,left-1,none,left-dark,light-up,fewer-up,dual,50:41.9
65fcab5ed252c205f819b116,573,1,3,right-1,left,right-dark,light-up,greater-up,dual,50:41.6
67e48f46ac070276b3bc9cfa,1399,1,29,left-0,right,left-dark,light-up,greater-up,single,50:40.7
67164d40becf6c95181afe97,1553,1,7,right-3,left,right-dark,light-up,greater-up,dual,50:42.9
69925949caa087a146b8dccd,1169,1,70,left-0,right,left-dark,dark-up,fewer-up,dual,50:44.4
69acf86d93afc119933913e5,1249,1,39,left-0,left,left-dark,light-up,fewer-up,dual,50:42.5
695bd68349914a703c6a9e80,1392,1,33,left-0,left,left-dark,light-up,fewer-up,dual,50:43.4
60bc8860d04f4ac80d319a5c,1611,1,49,left-1,left,left-dark,light-up,fewer-up,dual,50:42.5
6544ff9e0fb2eaaf83e2de5c,NULL,0,9,left-7,none,left-dark,light-up,greater-up,dual,50:43.4
69a5c500037701844052c365,814,1,21,left-5,left,left-dark,dark-up,greater-up,single,50:43.0
6989f01e85ed4cec632af20e,788,0,75,right-0,left,right-dark,light-up,fewer-up,single,50:43.4
698bd173e4842a5bd8ad85bb,1674,1,8,left-1,right,left-dark,light-up,greater-up,single,50:43.5
65fcab5ed252c205f819b116,907,0,4,right-9,right,right-dark,dark-up,fewer-up,dual,50:43.7
615e420a23219efe3427a367,1129,1,45,right-8,right,right-dark,dark-up,greater-up,dual,50:44.9
67164d40becf6c95181afe97,968,1,8,left-6,left,left-dark,dark-up,greater-up,dual,50:45.1
67e48f46ac070276b3bc9cfa,1181,0,30,left-7,right,left-dark,dark-up,greater-up,single,50:43.1
67e48f46ac070276b3bc9cfa,611,0,31,left-2,left,left-dark,dark-up,fewer-up,single,50:44.7
69925949caa087a146b8dccd,1174,1,71,left-1,left,left-dark,dark-up,greater-up,dual,50:47.1
5e9f3deb12d01a0b806e57b7,1286,1,79,left-3,right,left-dark,dark-up,fewer-up,dual,50:45.2
695bd68349914a703c6a9e80,1488,1,34,right-5,right,right-dark,light-up,fewer-up,dual,50:46.0
69a5c500037701844052c365,1011,1,22,left-9,right,left-dark,light-up,greater-up,single,50:45.3
6989f01e85ed4cec632af20e,718,0,76,right-4,right,right-dark,light-up,greater-up,single,50:45.3
698bd173e4842a5bd8ad85bb,723,1,9,left-9,right,left-dark,light-up,greater-up,single,50:45.4
65fcab5ed252c205f819b116,703,0,5,left-1,left,left-dark,dark-up,fewer-up,dual,50:45.9
60bc8860d04f4ac80d319a5c,1692,1,50,left-6,left,left-dark,dark-up,greater-up,dual,50:45.5
6544ff9e0fb2eaaf83e2de5c,NULL,0,10,right-9,none,right-dark,dark-up,greater-up,dual,50:46.4
615e420a23219efe3427a367,1520,1,46,right-8,left,right-dark,dark-up,fewer-up,dual,50:47.5
67e48f46ac070276b3bc9cfa,569,0,32,left-9,left,left-dark,dark-up,fewer-up,single,50:46.4
69925949caa087a146b8dccd,785,1,72,right-1,right,right-dark,light-up,fewer-up,dual,50:49.4
67164d40becf6c95181afe97,1150,1,9,left-2,left,left-dark,light-up,fewer-up,dual,50:47.8
695bd68349914a703c6a9e80,994,1,35,left-0,left,left-dark,dark-up,greater-up,dual,50:48.1
698bd173e4842a5bd8ad85bb,542,0,10,right-0,right,right-dark,light-up,greater-up,single,50:47.2
65fcab5ed252c205f819b116,729,0,6,right-6,right,right-dark,dark-up,fewer-up,dual,50:47.9
6989f01e85ed4cec632af20e,521,0,77,left-1,right,left-dark,light-up,fewer-up,single,50:47.6
69a5c500037701844052c365,881,1,23,right-0,right,right-dark,dark-up,greater-up,single,50:47.9
5e6ca4b9a2b73d25c187ae61,1198,1,60,left-9,right,left-dark,light-up,greater-up,single,50:48.0
60bc8860d04f4ac80d319a5c,1641,1,51,left-5,right,left-dark,light-up,greater-up,dual,50:48.3
615e420a23219efe3427a367,1354,0,47,left-7,left,left-dark,light-up,greater-up,dual,50:49.9
67e48f46ac070276b3bc9cfa,503,0,33,left-7,right,left-dark,light-up,fewer-up,single,50:48.3
69925949caa087a146b8dccd,860,1,73,right-4,right,right-dark,light-up,fewer-up,dual,50:51.6
6544ff9e0fb2eaaf83e2de5c,968,1,11,right-8,right,right-dark,light-up,fewer-up,dual,50:49.3
65fcab5ed252c205f819b116,521,0,7,left-7,right,left-dark,dark-up,greater-up,dual,50:49.9
698bd173e4842a5bd8ad85bb,900,1,11,right-1,left,right-dark,dark-up,fewer-up,single,50:49.3
695bd68349914a703c6a9e80,1158,1,36,left-8,left,left-dark,dark-up,greater-up,dual,50:50.6
67164d40becf6c95181afe97,1168,1,10,right-0,right,right-dark,light-up,fewer-up,dual,50:50.5
69a5c500037701844052c365,816,1,24,left-6,left,left-dark,dark-up,greater-up,single,50:49.9
6989f01e85ed4cec632af20e,NULL,0,78,left-6,none,left-dark,dark-up,fewer-up,single,50:50.4
67e48f46ac070276b3bc9cfa,448,0,34,right-9,right,right-dark,dark-up,fewer-up,single,50:50.6
65fcab5ed252c205f819b116,471,0,8,right-2,left,right-dark,dark-up,greater-up,dual,50:51.5
6984a9d17c365f6f621d7fe7,1511,1,20,left-2,left,left-dark,light-up,fewer-up,dual,50:50.4
5e6ca4b9a2b73d25c187ae61,1405,1,61,right-3,right,right-dark,dark-up,greater-up,single,50:52.0
60bc8860d04f4ac80d319a5c,NULL,0,52,right-6,none,right-dark,light-up,greater-up,dual,50:51.1
69925949caa087a146b8dccd,1303,1,74,right-8,left,right-dark,light-up,greater-up,dual,50:54.1
6544ff9e0fb2eaaf83e2de5c,NULL,0,12,right-4,none,right-dark,dark-up,greater-up,dual,50:51.8
69a5c500037701844052c365,878,1,25,left-9,right,left-dark,dark-up,fewer-up,single,50:51.9
695bd68349914a703c6a9e80,983,0,37,right-5,right,right-dark,dark-up,fewer-up,dual,50:52.7
698bd173e4842a5bd8ad85bb,1081,1,12,right-9,left,right-dark,dark-up,fewer-up,single,50:51.8
615e420a23219efe3427a367,1699,0,48,right-0,right,right-dark,light-up,greater-up,dual,50:53.0
67164d40becf6c95181afe97,1286,1,11,left-9,right,left-dark,dark-up,fewer-up,dual,50:53.1
67e48f46ac070276b3bc9cfa,688,0,35,right-0,left,right-dark,light-up,fewer-up,single,50:52.6
65fcab5ed252c205f819b116,720,0,9,left-3,left,left-dark,dark-up,fewer-up,dual,50:53.5
6989f01e85ed4cec632af20e,820,1,79,right-1,right,right-dark,light-up,fewer-up,single,50:53.1
6984a9d17c365f6f621d7fe7,763,1,21,right-0,right,right-dark,light-up,fewer-up,dual,50:52.8
69925949caa087a146b8dccd,1235,1,75,left-8,left,left-dark,light-up,fewer-up,dual,50:56.5
698bd173e4842a5bd8ad85bb,873,1,13,left-2,right,left-dark,dark-up,fewer-up,single,50:54.0
5e6ca4b9a2b73d25c187ae61,866,1,62,right-4,left,right-dark,light-up,greater-up,single,50:54.9
69a5c500037701844052c365,1081,1,26,right-4,right,right-dark,light-up,fewer-up,single,50:54.3
695bd68349914a703c6a9e80,1531,1,38,left-3,left,left-dark,dark-up,greater-up,dual,50:55.2
60bc8860d04f4ac80d319a5c,NULL,0,53,right-4,none,right-dark,light-up,fewer-up,dual,50:54.3
67e48f46ac070276b3bc9cfa,569,0,36,left-6,right,left-dark,light-up,fewer-up,single,50:54.6
69acf86d93afc119933913e5,1563,0,40,right-9,right,right-dark,dark-up,fewer-up,dual,50:54.6
65fcab5ed252c205f819b116,511,1,10,left-0,right,left-dark,light-up,greater-up,dual,50:55.3
615e420a23219efe3427a367,1450,1,49,right-6,right,right-dark,dark-up,greater-up,dual,50:55.7
6544ff9e0fb2eaaf83e2de5c,1638,0,13,right-4,right,right-dark,dark-up,fewer-up,dual,50:54.9
67164d40becf6c95181afe97,1650,0,12,right-0,left,right-dark,dark-up,greater-up,dual,50:55.9
6984a9d17c365f6f621d7fe7,850,1,22,right-8,left,right-dark,light-up,greater-up,dual,50:54.9
66b3e078bef7d6dd6c53e015,1374,1,20,right-0,right,right-dark,light-up,fewer-up,dual,50:55.8
698bd173e4842a5bd8ad85bb,773,1,14,left-0,right,left-dark,dark-up,fewer-up,single,50:56.1
695bd68349914a703c6a9e80,NULL,0,39,right-9,none,right-dark,light-up,fewer-up,dual,50:57.5
5e6ca4b9a2b73d25c187ae61,896,1,63,left-5,right,left-dark,light-up,greater-up,single,50:57.6
65fcab5ed252c205f819b116,739,0,11,left-3,right,left-dark,dark-up,greater-up,dual,50:57.4
69925949caa087a146b8dccd,1431,1,76,left-4,right,left-dark,light-up,greater-up,dual,50:59.4
69a5c500037701844052c365,1162,1,27,right-7,left,right-dark,dark-up,fewer-up,single,50:56.9
69acf86d93afc119933913e5,1438,0,41,right-8,right,right-dark,light-up,greater-up,dual,50:57.1
67e48f46ac070276b3bc9cfa,1169,1,37,right-4,right,right-dark,dark-up,greater-up,single,50:57.0
60bc8860d04f4ac80d319a5c,NULL,0,54,left-1,none,left-dark,dark-up,greater-up,dual,50:57.1
615e420a23219efe3427a367,1617,1,50,right-7,left,right-dark,dark-up,fewer-up,dual,50:58.3
6984a9d17c365f6f621d7fe7,984,1,23,left-1,left,left-dark,light-up,fewer-up,dual,50:57.2
6544ff9e0fb2eaaf83e2de5c,1291,1,14,right-5,right,right-dark,dark-up,greater-up,dual,50:57.8
67164d40becf6c95181afe97,1227,1,13,right-6,left,right-dark,light-up,greater-up,dual,50:58.7
66b3e078bef7d6dd6c53e015,1041,1,21,left-6,left,left-dark,light-up,fewer-up,dual,50:58.1
698bd173e4842a5bd8ad85bb,1032,1,15,right-7,left,right-dark,light-up,greater-up,single,50:58.6
69a5c500037701844052c365,826,1,28,right-9,left,right-dark,light-up,greater-up,single,50:59.1
65fcab5ed252c205f819b116,1282,1,12,right-4,left,right-dark,light-up,greater-up,dual,51:00.2
69925949caa087a146b8dccd,NULL,0,77,left-5,none,left-dark,light-up,greater-up,dual,51:02.1
5e6ca4b9a2b73d25c187ae61,1357,1,64,right-9,right,right-dark,light-up,fewer-up,single,51:00.5
6984a9d17c365f6f621d7fe7,967,1,24,right-9,left,right-dark,dark-up,fewer-up,dual,50:59.3
67e48f46ac070276b3bc9cfa,699,1,38,left-6,right,left-dark,light-up,greater-up,single,50:58.9
615e420a23219efe3427a367,1164,1,51,left-2,left,left-dark,light-up,fewer-up,dual,51:00.8
604fe822b095421e07e3f93e,NULL,0,0,right-7,none,right-dark,light-up,greater-up,dual,50:59.0
66b3e078bef7d6dd6c53e015,986,1,22,right-6,left,right-dark,light-up,greater-up,dual,51:00.2
69acf86d93afc119933913e5,1574,0,42,left-1,left,left-dark,dark-up,fewer-up,dual,51:00.4
6544ff9e0fb2eaaf83e2de5c,NULL,0,15,right-5,none,right-dark,dark-up,fewer-up,dual,51:00.4
60bc8860d04f4ac80d319a5c,1450,0,55,right-1,right,right-dark,dark-up,fewer-up,dual,51:00.2
67164d40becf6c95181afe97,1511,1,14,right-8,left,right-dark,dark-up,fewer-up,dual,51:01.7
698bd173e4842a5bd8ad85bb,1164,1,16,left-4,left,left-dark,light-up,fewer-up,single,51:01.1
69a5c500037701844052c365,1100,1,29,left-2,left,left-dark,light-up,fewer-up,single,51:01.6
5e6ca4b9a2b73d25c187ae61,881,1,65,left-0,left,left-dark,dark-up,greater-up,single,51:02.9
6984a9d17c365f6f621d7fe7,NULL,0,25,right-0,none,right-dark,light-up,greater-up,dual,51:01.8
69925949caa087a146b8dccd,NULL,0,78,right-5,none,right-dark,light-up,greater-up,dual,51:05.0
65fcab5ed252c205f819b116,1557,0,13,right-0,left,right-dark,light-up,fewer-up,dual,51:03.1
67e48f46ac070276b3bc9cfa,460,0,39,right-7,right,right-dark,dark-up,fewer-up,single,51:01.5
615e420a23219efe3427a367,1401,1,52,left-4,right,left-dark,light-up,greater-up,dual,51:03.4
60bc8860d04f4ac80d319a5c,1213,1,56,left-8,left,left-dark,light-up,fewer-up,dual,51:02.6
69acf86d93afc119933913e5,1040,1,43,right-7,left,right-dark,light-up,greater-up,dual,51:02.8
604fe822b095421e07e3f93e,1103,0,1,left-5,left,left-dark,dark-up,fewer-up,dual,51:01.9
66b3e078bef7d6dd6c53e015,1463,0,23,left-5,right,left-dark,light-up,fewer-up,dual,51:03.2
698bd173e4842a5bd8ad85bb,978,1,17,left-9,right,left-dark,dark-up,fewer-up,single,51:03.2
6544ff9e0fb2eaaf83e2de5c,1261,1,16,left-0,left,left-dark,dark-up,greater-up,dual,51:03.4
69a5c500037701844052c365,1152,1,30,right-8,left,right-dark,dark-up,fewer-up,single,51:03.8
67164d40becf6c95181afe97,1471,1,15,left-5,left,left-dark,dark-up,greater-up,dual,51:04.6
65fcab5ed252c205f819b116,480,1,14,right-6,right,right-dark,dark-up,greater-up,dual,51:04.9
6984a9d17c365f6f621d7fe7,768,1,26,left-4,left,left-dark,dark-up,greater-up,dual,51:04.4
604db6324496c57afe822770,NULL,0,40,right-4,none,right-dark,dark-up,greater-up,single,51:04.9
615e420a23219efe3427a367,1475,0,53,left-5,right,left-dark,light-up,fewer-up,dual,51:06.0
66b3e078bef7d6dd6c53e015,952,1,24,left-7,left,left-dark,light-up,fewer-up,dual,51:05.3
5e6ca4b9a2b73d25c187ae61,1722,0,66,right-2,right,right-dark,dark-up,fewer-up,single,51:06.1
698bd173e4842a5bd8ad85bb,990,0,18,right-1,left,right-dark,light-up,fewer-up,single,51:05.3
60bc8860d04f4ac80d319a5c,NULL,0,57,right-5,none,right-dark,dark-up,greater-up,dual,51:05.1
69acf86d93afc119933913e5,1672,1,44,left-0,right,left-dark,light-up,greater-up,dual,51:05.6
69925949caa087a146b8dccd,1148,1,79,left-6,right,left-dark,dark-up,fewer-up,dual,51:08.1
604fe822b095421e07e3f93e,1365,0,2,right-3,right,right-dark,light-up,greater-up,dual,51:04.6
69a5c500037701844052c365,952,1,31,left-5,left,left-dark,light-up,fewer-up,single,51:06.0
6544ff9e0fb2eaaf83e2de5c,1662,1,17,left-9,left,left-dark,dark-up,greater-up,dual,51:06.2
65fcab5ed252c205f819b116,737,0,15,right-5,left,right-dark,light-up,fewer-up,dual,51:06.8
67164d40becf6c95181afe97,1675,1,16,right-3,left,right-dark,dark-up,fewer-up,dual,51:07.8
6984a9d17c365f6f621d7fe7,782,1,27,left-9,left,left-dark,dark-up,greater-up,dual,51:06.7
698bd173e4842a5bd8ad85bb,1046,1,19,left-1,left,left-dark,dark-up,greater-up,single,51:07.4
66b3e078bef7d6dd6c53e015,960,1,25,right-2,left,right-dark,dark-up,fewer-up,dual,51:07.5
615e420a23219efe3427a367,NULL,0,54,left-1,none,left-dark,light-up,greater-up,dual,51:08.5
5e6ca4b9a2b73d25c187ae61,1249,1,67,left-0,left,left-dark,light-up,fewer-up,single,51:08.5
604db6324496c57afe822770,1242,1,41,right-0,left,right-dark,light-up,greater-up,single,51:08.0
69acf86d93afc119933913e5,1160,0,45,left-4,right,left-dark,light-up,fewer-up,dual,51:08.0
604fe822b095421e07e3f93e,NULL,0,3,left-4,none,left-dark,light-up,greater-up,dual,51:07.1
69a5c500037701844052c365,724,1,32,left-0,left,left-dark,light-up,fewer-up,single,51:08.2
695bd68349914a703c6a9e80,NULL,0,40,left-2,none,left-dark,dark-up,greater-up,dual,51:09.0
65fcab5ed252c205f819b116,946,1,16,right-7,right,right-dark,light-up,fewer-up,dual,51:08.9
60bc8860d04f4ac80d319a5c,NULL,0,58,right-6,none,right-dark,dark-up,fewer-up,dual,51:08.3
6544ff9e0fb2eaaf83e2de5c,1709,0,18,left-5,left,left-dark,light-up,greater-up,dual,51:09.4
6984a9d17c365f6f621d7fe7,1009,1,28,left-6,left,left-dark,light-up,fewer-up,dual,51:09.0
67164d40becf6c95181afe97,1135,1,17,left-2,left,left-dark,dark-up,greater-up,dual,51:10.3
66b3e078bef7d6dd6c53e015,1019,1,26,right-9,left,right-dark,light-up,greater-up,dual,51:09.7
604db6324496c57afe822770,971,1,42,right-6,left,right-dark,light-up,greater-up,single,51:10.0
69a5c500037701844052c365,916,1,33,left-3,left,left-dark,light-up,fewer-up,single,51:10.4
5e6ca4b9a2b73d25c187ae61,1431,1,68,right-9,left,right-dark,light-up,greater-up,single,51:11.4
69acf86d93afc119933913e5,1491,1,46,right-4,left,right-dark,light-up,greater-up,dual,51:10.9
615e420a23219efe3427a367,1626,0,55,right-2,left,right-dark,light-up,fewer-up,dual,51:11.8
65fcab5ed252c205f819b116,NULL,0,17,left-2,none,left-dark,dark-up,fewer-up,dual,51:11.7
695bd68349914a703c6a9e80,NULL,0,41,right-3,none,right-dark,light-up,greater-up,dual,51:12.1
60bc8860d04f4ac80d319a5c,NULL,0,59,right-2,none,right-dark,dark-up,fewer-up,dual,51:11.4
604fe822b095421e07e3f93e,1478,1,4,right-9,right,right-dark,dark-up,greater-up,dual,51:10.6
6984a9d17c365f6f621d7fe7,1055,1,29,right-3,right,right-dark,light-up,fewer-up,dual,51:11.4
67164d40becf6c95181afe97,NULL,0,18,right-3,none,right-dark,light-up,fewer-up,dual,51:12.6
6544ff9e0fb2eaaf83e2de5c,NULL,0,19,left-5,none,left-dark,dark-up,fewer-up,dual,51:12.1
66b3e078bef7d6dd6c53e015,1136,1,27,right-1,left,right-dark,light-up,greater-up,dual,51:12.2
604db6324496c57afe822770,1482,1,43,left-3,left,left-dark,light-up,fewer-up,single,51:12.6
67e48f46ac070276b3bc9cfa,854,0,40,left-0,right,left-dark,dark-up,greater-up,single,51:12.7
69a5c500037701844052c365,887,1,34,left-1,right,left-dark,light-up,greater-up,single,51:12.8
615e420a23219efe3427a367,1259,1,56,right-9,left,right-dark,dark-up,fewer-up,dual,51:14.2
5e6ca4b9a2b73d25c187ae61,1199,1,69,left-7,left,left-dark,light-up,fewer-up,single,51:14.4
69acf86d93afc119933913e5,NULL,0,47,right-5,none,right-dark,light-up,fewer-up,dual,51:13.6
604fe822b095421e07e3f93e,879,1,5,right-6,left,right-dark,dark-up,fewer-up,dual,51:12.7
65fcab5ed252c205f819b116,1226,0,18,left-7,right,left-dark,light-up,fewer-up,dual,51:14.6
6984a9d17c365f6f621d7fe7,1173,0,30,right-3,right,right-dark,dark-up,fewer-up,dual,51:13.8
67e48f46ac070276b3bc9cfa,563,0,41,right-8,right,right-dark,light-up,greater-up,single,51:14.8
695bd68349914a703c6a9e80,1463,1,42,left-3,right,left-dark,dark-up,fewer-up,dual,51:15.3
67164d40becf6c95181afe97,1058,1,19,right-1,left,right-dark,light-up,greater-up,dual,51:15.5
66b3e078bef7d6dd6c53e015,1005,1,28,left-9,left,left-dark,light-up,fewer-up,dual,51:14.8
69a5c500037701844052c365,1048,1,35,left-0,right,left-dark,dark-up,fewer-up,single,51:14.9
604db6324496c57afe822770,NULL,0,44,left-6,none,left-dark,dark-up,fewer-up,single,51:15.0
615e420a23219efe3427a367,1509,0,57,left-2,left,left-dark,light-up,greater-up,dual,51:16.9
65fcab5ed252c205f819b116,725,0,19,left-9,right,left-dark,dark-up,greater-up,dual,51:16.6
604fe822b095421e07e3f93e,1086,1,6,left-0,right,left-dark,light-up,greater-up,dual,51:15.2
69acf86d93afc119933913e5,1156,0,48,right-8,right,right-dark,dark-up,fewer-up,dual,51:16.4
67e48f46ac070276b3bc9cfa,684,0,42,right-5,right,right-dark,light-up,greater-up,single,51:16.7
5e6ca4b9a2b73d25c187ae61,1155,1,70,left-3,left,left-dark,dark-up,greater-up,single,51:17.4
695bd68349914a703c6a9e80,NULL,0,43,left-9,none,left-dark,dark-up,fewer-up,dual,51:17.6
66b3e078bef7d6dd6c53e015,992,1,29,left-8,left,left-dark,dark-up,greater-up,dual,51:17.0
69a5c500037701844052c365,938,1,36,left-4,left,left-dark,dark-up,greater-up,single,51:17.1
6984a9d17c365f6f621d7fe7,1509,1,31,left-9,left,left-dark,light-up,fewer-up,dual,51:16.7
604db6324496c57afe822770,1099,1,45,left-6,right,left-dark,light-up,greater-up,single,51:17.7
604fe822b095421e07e3f93e,1014,1,7,right-7,left,right-dark,dark-up,fewer-up,dual,51:17.4
615e420a23219efe3427a367,1127,0,58,right-7,right,right-dark,light-up,greater-up,dual,51:19.4
69acf86d93afc119933913e5,1242,1,49,right-2,right,right-dark,dark-up,greater-up,dual,51:18.8
67e48f46ac070276b3bc9cfa,624,1,43,left-8,right,left-dark,light-up,greater-up,single,51:18.8
69a5c500037701844052c365,772,1,37,right-9,right,right-dark,light-up,fewer-up,single,51:19.1
695bd68349914a703c6a9e80,1074,1,44,left-7,left,left-dark,light-up,fewer-up,dual,51:20.3
66b3e078bef7d6dd6c53e015,1282,1,30,right-0,left,right-dark,light-up,greater-up,dual,51:19.6
5e6ca4b9a2b73d25c187ae61,1296,1,71,right-5,left,right-dark,dark-up,fewer-up,single,51:20.6
6984a9d17c365f6f621d7fe7,1422,1,32,left-3,left,left-dark,dark-up,greater-up,dual,51:19.4
604db6324496c57afe822770,1414,0,46,left-2,right,left-dark,light-up,fewer-up,single,51:20.4
604fe822b095421e07e3f93e,1026,1,8,right-2,left,right-dark,dark-up,fewer-up,dual,51:19.8
67e48f46ac070276b3bc9cfa,792,1,44,right-7,right,right-dark,light-up,fewer-up,single,51:21.0
69acf86d93afc119933913e5,1143,1,50,left-9,left,left-dark,dark-up,greater-up,dual,51:21.1
615e420a23219efe3427a367,1248,1,59,right-0,left,right-dark,dark-up,fewer-up,dual,51:22.1
69a5c500037701844052c365,875,1,38,left-4,right,left-dark,light-up,greater-up,single,51:21.4
66b3e078bef7d6dd6c53e015,1099,0,31,right-6,right,right-dark,dark-up,fewer-up,dual,51:21.7
6544ff9e0fb2eaaf83e2de5c,1567,0,20,right-1,left,right-dark,dark-up,greater-up,dual,51:21.9
695bd68349914a703c6a9e80,1309,1,45,left-0,right,left-dark,light-up,greater-up,dual,51:22.7
6984a9d17c365f6f621d7fe7,916,1,33,right-2,right,right-dark,light-up,fewer-up,dual,51:21.6
604db6324496c57afe822770,908,1,47,left-9,left,left-dark,light-up,fewer-up,single,51:22.8
5e6ca4b9a2b73d25c187ae61,1171,1,72,left-2,left,left-dark,light-up,fewer-up,single,51:23.6
67e48f46ac070276b3bc9cfa,377,0,45,left-6,left,left-dark,dark-up,fewer-up,single,51:23.0
604fe822b095421e07e3f93e,1054,1,9,left-0,right,left-dark,dark-up,fewer-up,dual,51:22.3
69acf86d93afc119933913e5,1341,0,51,left-8,left,left-dark,dark-up,fewer-up,dual,51:23.8
66b3e078bef7d6dd6c53e015,893,1,32,left-0,left,left-dark,dark-up,greater-up,dual,51:23.9
69a5c500037701844052c365,1333,1,39,right-6,left,right-dark,light-up,greater-up,single,51:24.2
6984a9d17c365f6f621d7fe7,1020,1,34,left-1,right,left-dark,dark-up,fewer-up,dual,51:23.9
6544ff9e0fb2eaaf83e2de5c,1552,0,21,right-7,right,right-dark,dark-up,fewer-up,dual,51:24.7
695bd68349914a703c6a9e80,1447,0,46,left-6,right,left-dark,light-up,fewer-up,dual,51:25.6
67e48f46ac070276b3bc9cfa,519,1,46,right-6,left,right-dark,light-up,greater-up,single,51:25.0
604db6324496c57afe822770,1217,1,48,right-1,right,right-dark,light-up,fewer-up,single,51:25.3
5e6ca4b9a2b73d25c187ae61,1254,1,73,left-5,left,left-dark,light-up,fewer-up,single,51:26.1
604fe822b095421e07e3f93e,1022,1,10,left-2,left,left-dark,light-up,fewer-up,dual,51:24.5
66b3e078bef7d6dd6c53e015,956,1,33,right-3,right,right-dark,light-up,fewer-up,dual,51:26.0
60bc8860d04f4ac80d319a5c,NULL,0,60,right-0,none,right-dark,dark-up,fewer-up,dual,51:25.8
65fcab5ed252c205f819b116,1511,0,20,left-1,right,left-dark,dark-up,greater-up,dual,51:26.6
6984a9d17c365f6f621d7fe7,850,1,35,right-6,right,right-dark,dark-up,greater-up,dual,51:25.8
69acf86d93afc119933913e5,1234,1,52,left-3,right,left-dark,dark-up,fewer-up,dual,51:26.4
6544ff9e0fb2eaaf83e2de5c,1253,0,22,left-9,right,left-dark,light-up,fewer-up,dual,51:27.3
67e48f46ac070276b3bc9cfa,621,0,47,left-4,left,left-dark,dark-up,fewer-up,single,51:27.6
695bd68349914a703c6a9e80,1528,1,47,left-6,left,left-dark,dark-up,greater-up,dual,51:28.5
604fe822b095421e07e3f93e,999,1,11,left-4,right,left-dark,dark-up,fewer-up,dual,51:26.9
604db6324496c57afe822770,1624,1,49,right-0,left,right-dark,dark-up,fewer-up,single,51:28.0
5e6ca4b9a2b73d25c187ae61,1137,1,74,left-1,right,left-dark,dark-up,fewer-up,single,51:28.8
66b3e078bef7d6dd6c53e015,819,1,34,left-6,left,left-dark,dark-up,greater-up,dual,51:28.3
6984a9d17c365f6f621d7fe7,784,1,36,right-5,right,right-dark,light-up,fewer-up,dual,51:27.7
65fcab5ed252c205f819b116,1196,1,21,left-6,left,left-dark,dark-up,greater-up,dual,51:29.0
69acf86d93afc119933913e5,1267,1,53,left-7,left,left-dark,dark-up,greater-up,dual,51:28.8
60bc8860d04f4ac80d319a5c,1433,0,61,right-3,right,right-dark,light-up,greater-up,dual,51:29.0
6544ff9e0fb2eaaf83e2de5c,NULL,0,23,left-1,none,left-dark,light-up,fewer-up,dual,51:29.7
615e420a23219efe3427a367,1702,0,60,right-5,right,right-dark,dark-up,fewer-up,dual,51:30.8
67e48f46ac070276b3bc9cfa,594,1,48,right-2,right,right-dark,dark-up,greater-up,single,51:30.2
66b3e078bef7d6dd6c53e015,799,1,35,right-6,right,right-dark,dark-up,greater-up,dual,51:30.1
695bd68349914a703c6a9e80,NULL,0,48,right-3,none,right-dark,light-up,fewer-up,dual,51:30.9
65fcab5ed252c205f819b116,545,0,22,right-3,left,right-dark,dark-up,greater-up,dual,51:30.8
604db6324496c57afe822770,962,1,50,left-8,right,left-dark,dark-up,fewer-up,single,51:30.4
6984a9d17c365f6f621d7fe7,857,0,37,left-9,left,left-dark,dark-up,fewer-up,dual,51:29.9
5e6ca4b9a2b73d25c187ae61,1200,0,75,left-8,left,left-dark,dark-up,fewer-up,single,51:31.7
604fe822b095421e07e3f93e,1528,1,12,left-3,left,left-dark,light-up,fewer-up,dual,51:30.0
69acf86d93afc119933913e5,1096,1,54,left-6,left,left-dark,dark-up,greater-up,dual,51:31.4
69a5c500037701844052c365,1180,1,40,right-5,left,right-dark,dark-up,fewer-up,single,51:31.5
65fcab5ed252c205f819b116,596,0,23,right-8,right,right-dark,dark-up,fewer-up,dual,51:32.5
60bc8860d04f4ac80d319a5c,1609,0,62,right-3,left,right-dark,light-up,fewer-up,dual,51:31.7
67e48f46ac070276b3bc9cfa,927,1,49,right-7,right,right-dark,dark-up,greater-up,single,51:32.3
66b3e078bef7d6dd6c53e015,1124,1,36,right-5,left,right-dark,light-up,greater-up,dual,51:32.6
615e420a23219efe3427a367,1367,1,61,left-1,right,left-dark,dark-up,fewer-up,dual,51:33.6
6544ff9e0fb2eaaf83e2de5c,NULL,0,24,left-6,none,left-dark,dark-up,greater-up,dual,51:32.8
6984a9d17c365f6f621d7fe7,1127,1,38,left-5,left,left-dark,dark-up,greater-up,dual,51:32.3
604db6324496c57afe822770,1295,1,51,left-8,left,left-dark,light-up,fewer-up,single,51:33.0
5e6ca4b9a2b73d25c187ae61,1134,1,76,left-7,right,left-dark,light-up,greater-up,single,51:33.9
695bd68349914a703c6a9e80,NULL,0,49,right-2,none,right-dark,dark-up,fewer-up,dual,51:33.9
69a5c500037701844052c365,722,1,41,right-0,right,right-dark,light-up,fewer-up,single,51:33.6
604fe822b095421e07e3f93e,1138,1,13,left-9,right,left-dark,light-up,greater-up,dual,51:32.7
69acf86d93afc119933913e5,1050,1,55,right-0,right,right-dark,dark-up,greater-up,dual,51:33.9
65fcab5ed252c205f819b116,1156,0,24,left-4,left,left-dark,light-up,greater-up,dual,51:34.7
60bc8860d04f4ac80d319a5c,NULL,0,63,right-0,none,right-dark,light-up,greater-up,dual,51:34.0
67e48f46ac070276b3bc9cfa,857,0,50,right-3,left,right-dark,light-up,fewer-up,single,51:34.7
66b3e078bef7d6dd6c53e015,971,1,37,left-5,right,left-dark,dark-up,fewer-up,dual,51:35.0
615e420a23219efe3427a367,1079,0,62,left-9,left,left-dark,dark-up,fewer-up,dual,51:36.1
604db6324496c57afe822770,1283,1,52,right-3,right,right-dark,dark-up,greater-up,single,51:35.3
5e6ca4b9a2b73d25c187ae61,1341,1,77,left-9,left,left-dark,dark-up,greater-up,single,51:36.3
6984a9d17c365f6f621d7fe7,1438,1,39,right-4,left,right-dark,light-up,greater-up,dual,51:35.1
604fe822b095421e07e3f93e,892,1,14,left-6,left,left-dark,dark-up,greater-up,dual,51:34.9
695bd68349914a703c6a9e80,1179,1,50,left-9,left,left-dark,dark-up,greater-up,dual,51:36.7
65fcab5ed252c205f819b116,551,0,25,right-3,right,right-dark,dark-up,fewer-up,dual,51:36.6
6544ff9e0fb2eaaf83e2de5c,NULL,0,25,left-8,none,left-dark,dark-up,greater-up,dual,51:36.1
69acf86d93afc119933913e5,1177,1,56,left-6,left,left-dark,light-up,fewer-up,dual,51:36.3
69a5c500037701844052c365,1187,1,42,left-0,right,left-dark,light-up,greater-up,single,51:36.3
67e48f46ac070276b3bc9cfa,802,0,51,right-7,right,right-dark,light-up,greater-up,single,51:36.7
60bc8860d04f4ac80d319a5c,1262,0,64,right-2,left,right-dark,dark-up,greater-up,dual,51:37.2
66b3e078bef7d6dd6c53e015,1129,1,38,right-7,right,right-dark,light-up,fewer-up,dual,51:37.4
604db6324496c57afe822770,999,1,53,right-0,right,right-dark,light-up,fewer-up,single,51:37.5
5e6ca4b9a2b73d25c187ae61,1113,1,78,left-8,left,left-dark,light-up,fewer-up,single,51:38.6
615e420a23219efe3427a367,1357,0,63,left-8,right,left-dark,light-up,fewer-up,dual,51:39.1
695bd68349914a703c6a9e80,996,0,51,right-4,right,right-dark,dark-up,fewer-up,dual,51:39.0
604fe822b095421e07e3f93e,1037,1,15,right-2,right,right-dark,dark-up,greater-up,dual,51:37.4
69a5c500037701844052c365,885,1,43,left-1,right,left-dark,dark-up,fewer-up,single,51:38.4
65fcab5ed252c205f819b116,967,1,26,right-0,left,right-dark,dark-up,fewer-up,dual,51:39.0
6544ff9e0fb2eaaf83e2de5c,900,1,26,left-3,right,left-dark,dark-up,fewer-up,dual,51:38.6
67e48f46ac070276b3bc9cfa,938,1,52,right-6,right,right-dark,light-up,fewer-up,single,51:38.7
69acf86d93afc119933913e5,1095,1,57,left-6,right,left-dark,dark-up,fewer-up,dual,51:38.9
66b3e078bef7d6dd6c53e015,880,1,39,left-8,right,left-dark,light-up,greater-up,dual,51:39.4
604db6324496c57afe822770,1030,1,54,left-9,left,left-dark,dark-up,greater-up,single,51:39.5
60bc8860d04f4ac80d319a5c,1265,0,65,left-9,left,left-dark,dark-up,fewer-up,dual,51:39.5
5e6ca4b9a2b73d25c187ae61,1144,1,79,right-4,right,right-dark,light-up,fewer-up,single,51:40.8
695bd68349914a703c6a9e80,1152,1,52,left-2,right,left-dark,dark-up,fewer-up,dual,51:41.3
65fcab5ed252c205f819b116,819,1,27,left-6,right,left-dark,light-up,greater-up,dual,51:41.2
69a5c500037701844052c365,882,1,44,right-3,right,right-dark,dark-up,greater-up,single,51:40.7
604fe822b095421e07e3f93e,1136,1,16,right-9,right,right-dark,light-up,fewer-up,dual,51:39.9
615e420a23219efe3427a367,NULL,0,64,left-8,none,left-dark,dark-up,greater-up,dual,51:41.8
67e48f46ac070276b3bc9cfa,859,1,53,left-2,right,left-dark,light-up,greater-up,single,51:41.2
6544ff9e0fb2eaaf83e2de5c,1532,0,27,right-1,left,right-dark,light-up,fewer-up,dual,51:41.3
69acf86d93afc119933913e5,1036,1,58,left-5,left,left-dark,dark-up,greater-up,dual,51:41.3
6984a9d17c365f6f621d7fe7,1295,1,40,right-7,right,right-dark,dark-up,greater-up,dual,51:40.9
604db6324496c57afe822770,951,1,55,left-1,left,left-dark,light-up,fewer-up,single,51:41.7
60bc8860d04f4ac80d319a5c,1332,1,66,right-9,right,right-dark,light-up,fewer-up,dual,51:42.4
695bd68349914a703c6a9e80,1124,1,53,right-0,right,right-dark,light-up,fewer-up,dual,51:43.8
65fcab5ed252c205f819b116,1269,1,28,left-1,right,left-dark,light-up,greater-up,dual,51:43.8
69a5c500037701844052c365,1071,0,45,left-2,left,left-dark,light-up,greater-up,single,51:43.2
6984a9d17c365f6f621d7fe7,757,1,41,left-6,left,left-dark,dark-up,greater-up,dual,51:42.9
604fe822b095421e07e3f93e,1115,1,17,left-5,left,left-dark,light-up,fewer-up,dual,51:42.4
67e48f46ac070276b3bc9cfa,792,1,54,right-9,right,right-dark,dark-up,greater-up,single,51:43.7
69acf86d93afc119933913e5,1149,1,59,left-3,left,left-dark,dark-up,greater-up,dual,51:43.8
6544ff9e0fb2eaaf83e2de5c,1268,1,28,right-6,left,right-dark,dark-up,fewer-up,dual,51:44.0
604db6324496c57afe822770,1320,0,56,left-1,left,left-dark,dark-up,fewer-up,single,51:44.4
615e420a23219efe3427a367,1547,1,65,right-0,right,right-dark,light-up,fewer-up,dual,51:45.4
60bc8860d04f4ac80d319a5c,1699,0,67,right-8,right,right-dark,light-up,greater-up,dual,51:45.2
69a5c500037701844052c365,920,1,46,left-6,right,left-dark,dark-up,fewer-up,single,51:45.5
65fcab5ed252c205f819b116,834,1,29,right-1,left,right-dark,dark-up,fewer-up,dual,51:46.1
6984a9d17c365f6f621d7fe7,943,1,42,left-3,left,left-dark,light-up,fewer-up,dual,51:45.4
604fe822b095421e07e3f93e,903,1,18,right-2,right,right-dark,light-up,fewer-up,dual,51:44.8
695bd68349914a703c6a9e80,1708,1,54,right-1,right,right-dark,dark-up,greater-up,dual,51:46.7
67e48f46ac070276b3bc9cfa,920,0,55,right-1,right,right-dark,dark-up,fewer-up,single,51:46.3
6544ff9e0fb2eaaf83e2de5c,1334,0,29,right-9,right,right-dark,light-up,greater-up,dual,51:46.8
615e420a23219efe3427a367,1117,1,66,right-2,right,right-dark,dark-up,greater-up,dual,51:48.0
604db6324496c57afe822770,1516,1,57,right-6,right,right-dark,light-up,fewer-up,single,51:47.4
65fcab5ed252c205f819b116,732,0,30,left-9,right,left-dark,light-up,fewer-up,dual,51:48.2
6984a9d17c365f6f621d7fe7,900,1,43,left-6,right,left-dark,light-up,greater-up,dual,51:47.6
604fe822b095421e07e3f93e,1033,1,19,right-4,left,right-dark,dark-up,fewer-up,dual,51:47.2
695f9da1eba3887a2214b9f6,1144,1,0,right-3,left,right-dark,dark-up,fewer-up,single,51:48.2
69a5c500037701844052c365,1598,1,47,right-1,left,right-dark,dark-up,fewer-up,single,51:48.4
67e48f46ac070276b3bc9cfa,1076,0,56,left-4,right,left-dark,dark-up,greater-up,single,51:48.6
60bc8860d04f4ac80d319a5c,1663,1,68,left-4,right,left-dark,dark-up,fewer-up,dual,51:48.3
695bd68349914a703c6a9e80,1765,0,55,left-1,right,left-dark,light-up,fewer-up,dual,51:49.7
6544ff9e0fb2eaaf83e2de5c,1328,0,30,right-6,right,right-dark,light-up,greater-up,dual,51:49.4
604db6324496c57afe822770,891,1,58,left-2,left,left-dark,dark-up,greater-up,single,51:49.4
615e420a23219efe3427a367,1224,1,67,left-5,left,left-dark,dark-up,greater-up,dual,51:50.6
65fcab5ed252c205f819b116,717,0,31,right-8,left,right-dark,dark-up,greater-up,dual,51:50.4
695f9da1eba3887a2214b9f6,817,1,1,left-9,right,left-dark,light-up,greater-up,single,51:50.2
6984a9d17c365f6f621d7fe7,943,1,44,right-6,left,right-dark,dark-up,fewer-up,dual,51:50.0
67e48f46ac070276b3bc9cfa,433,1,57,left-3,left,left-dark,dark-up,greater-up,single,51:50.8
69a5c500037701844052c365,1026,1,48,right-2,right,right-dark,light-up,fewer-up,single,51:50.8
60bc8860d04f4ac80d319a5c,NULL,0,69,left-5,none,left-dark,dark-up,greater-up,dual,51:51.0
604db6324496c57afe822770,917,1,59,right-7,right,right-dark,light-up,fewer-up,single,51:51.4
69acf86d93afc119933913e5,1499,1,60,right-8,right,right-dark,light-up,fewer-up,dual,51:51.3
695bd68349914a703c6a9e80,NULL,0,56,left-3,none,left-dark,light-up,greater-up,dual,51:52.3
6544ff9e0fb2eaaf83e2de5c,1283,0,31,left-6,left,left-dark,light-up,greater-up,dual,51:51.8
615e420a23219efe3427a367,917,0,68,right-6,right,right-dark,dark-up,fewer-up,dual,51:53.3
65fcab5ed252c205f819b116,NULL,0,32,left-4,none,left-dark,light-up,fewer-up,dual,51:53.1
6984a9d17c365f6f621d7fe7,850,1,45,right-0,right,right-dark,dark-up,greater-up,dual,51:52.1
695f9da1eba3887a2214b9f6,924,1,2,left-8,left,left-dark,light-up,fewer-up,single,51:52.4
67e48f46ac070276b3bc9cfa,641,0,58,right-4,left,right-dark,light-up,fewer-up,single,51:53.3
69a5c500037701844052c365,1256,1,49,right-6,left,right-dark,dark-up,fewer-up,single,51:53.5
69acf86d93afc119933913e5,1191,1,61,left-1,left,left-dark,light-up,fewer-up,dual,51:53.9
695bd68349914a703c6a9e80,1151,0,57,left-6,left,left-dark,dark-up,fewer-up,dual,51:55.0
60bc8860d04f4ac80d319a5c,NULL,0,70,right-4,none,right-dark,dark-up,fewer-up,dual,51:54.0
695f9da1eba3887a2214b9f6,757,1,3,right-9,right,right-dark,dark-up,greater-up,single,51:54.2
6984a9d17c365f6f621d7fe7,888,0,46,left-5,left,left-dark,dark-up,fewer-up,dual,51:54.1
6544ff9e0fb2eaaf83e2de5c,1734,0,32,right-4,left,right-dark,light-up,fewer-up,dual,51:54.8
604fe822b095421e07e3f93e,1004,1,20,left-8,right,left-dark,light-up,greater-up,dual,51:54.0
65fcab5ed252c205f819b116,657,0,33,left-2,right,left-dark,light-up,fewer-up,dual,51:55.6
698bd173e4842a5bd8ad85bb,NULL,0,20,left-6,none,left-dark,dark-up,greater-up,single,51:55.0
615e420a23219efe3427a367,1555,0,69,right-8,left,right-dark,light-up,fewer-up,dual,51:56.0
67e48f46ac070276b3bc9cfa,1042,1,59,right-9,left,right-dark,light-up,greater-up,single,51:55.7
69a5c500037701844052c365,857,1,50,right-4,right,right-dark,dark-up,greater-up,single,51:55.7
69acf86d93afc119933913e5,1316,1,62,left-1,right,left-dark,light-up,greater-up,dual,51:56.2
695f9da1eba3887a2214b9f6,732,1,4,right-4,right,right-dark,dark-up,greater-up,single,51:56.2
695bd68349914a703c6a9e80,NULL,0,58,right-4,none,right-dark,light-up,fewer-up,dual,51:57.4
65fcab5ed252c205f819b116,723,1,34,right-6,left,right-dark,light-up,greater-up,dual,51:57.5
6984a9d17c365f6f621d7fe7,1509,1,47,left-9,right,left-dark,light-up,greater-up,dual,51:56.6
604fe822b095421e07e3f93e,765,1,21,right-6,right,right-dark,dark-up,greater-up,dual,51:56.3
6544ff9e0fb2eaaf83e2de5c,NULL,0,33,left-0,none,left-dark,light-up,fewer-up,dual,51:57.5
615e420a23219efe3427a367,1328,1,70,left-8,right,left-dark,light-up,greater-up,dual,51:58.5
698bd173e4842a5bd8ad85bb,938,1,21,right-2,right,right-dark,dark-up,greater-up,single,51:57.6
60bc8860d04f4ac80d319a5c,1452,1,71,right-8,right,right-dark,light-up,fewer-up,dual,51:57.5
69a5c500037701844052c365,1189,1,51,left-5,right,left-dark,dark-up,fewer-up,single,51:58.0
69acf86d93afc119933913e5,1239,1,63,left-8,right,left-dark,light-up,greater-up,dual,51:58.6
695f9da1eba3887a2214b9f6,1030,1,5,right-7,right,right-dark,dark-up,greater-up,single,51:58.5
604db6324496c57afe822770,927,1,60,left-7,left,left-dark,dark-up,greater-up,single,51:58.8
6984a9d17c365f6f621d7fe7,1036,1,48,right-6,right,right-dark,light-up,fewer-up,dual,51:58.9
604fe822b095421e07e3f93e,1044,1,22,left-3,left,left-dark,dark-up,greater-up,dual,51:58.5
65fcab5ed252c205f819b116,1144,0,35,left-0,left,left-dark,dark-up,fewer-up,dual,52:00.2
695bd68349914a703c6a9e80,1182,1,59,right-6,right,right-dark,dark-up,greater-up,dual,52:00.5
698bd173e4842a5bd8ad85bb,1018,1,22,left-4,right,left-dark,dark-up,fewer-up,single,51:59.8
69a5c500037701844052c365,1128,1,52,right-9,left,right-dark,dark-up,fewer-up,single,52:00.2
60bc8860d04f4ac80d319a5c,1591,1,72,right-2,right,right-dark,light-up,fewer-up,dual,52:00.3
6544ff9e0fb2eaaf83e2de5c,NULL,0,34,left-7,none,left-dark,light-up,fewer-up,dual,52:00.8
615e420a23219efe3427a367,1459,1,71,right-4,right,right-dark,dark-up,greater-up,dual,52:01.7
695f9da1eba3887a2214b9f6,883,1,6,left-3,left,left-dark,light-up,fewer-up,single,52:00.6
69acf86d93afc119933913e5,1351,0,64,left-2,right,left-dark,light-up,fewer-up,dual,52:01.0
604db6324496c57afe822770,1399,1,61,right-6,left,right-dark,dark-up,fewer-up,single,52:01.7
6984a9d17c365f6f621d7fe7,1069,1,49,left-2,right,left-dark,light-up,greater-up,dual,52:01.4
604fe822b095421e07e3f93e,1185,1,23,right-7,right,right-dark,light-up,fewer-up,dual,52:00.9
65fcab5ed252c205f819b116,985,1,36,right-7,left,right-dark,light-up,greater-up,dual,52:02.6
698bd173e4842a5bd8ad85bb,1208,1,23,right-1,right,right-dark,dark-up,greater-up,single,52:02.3
695f9da1eba3887a2214b9f6,822,1,7,left-1,left,left-dark,dark-up,greater-up,single,52:02.7
6544ff9e0fb2eaaf83e2de5c,270,0,35,left-4,right,left-dark,light-up,fewer-up,dual,52:03.1
69a5c500037701844052c365,1334,1,53,right-5,right,right-dark,dark-up,greater-up,single,52:03.2
67e48f46ac070276b3bc9cfa,1198,1,60,left-3,right,left-dark,light-up,greater-up,single,52:03.4
69acf86d93afc119933913e5,1259,1,65,right-3,right,right-dark,dark-up,greater-up,dual,52:03.4
615e420a23219efe3427a367,1292,1,72,right-1,right,right-dark,dark-up,greater-up,dual,52:04.3
60bc8860d04f4ac80d319a5c,1741,0,73,left-2,left,left-dark,dark-up,fewer-up,dual,52:03.5
604db6324496c57afe822770,997,1,62,left-6,left,left-dark,dark-up,greater-up,single,52:04.1
6984a9d17c365f6f621d7fe7,1266,1,50,left-3,right,left-dark,dark-up,fewer-up,dual,52:03.8
65fcab5ed252c205f819b116,NULL,0,37,left-9,none,left-dark,light-up,greater-up,dual,52:05.0
604fe822b095421e07e3f93e,1274,1,24,left-1,right,left-dark,light-up,greater-up,dual,52:03.4
698bd173e4842a5bd8ad85bb,947,1,24,left-5,right,left-dark,dark-up,fewer-up,single,52:04.5
695f9da1eba3887a2214b9f6,885,1,8,right-5,right,right-dark,light-up,fewer-up,single,52:05.1
69a5c500037701844052c365,901,1,54,right-8,right,right-dark,light-up,fewer-up,single,52:05.4
67e48f46ac070276b3bc9cfa,819,1,61,right-1,right,right-dark,light-up,fewer-up,single,52:05.6
6544ff9e0fb2eaaf83e2de5c,NULL,0,36,right-8,none,right-dark,light-up,greater-up,dual,52:05.6
69adf22dc3c63cb295877200,1327,1,0,right-8,left,right-dark,dark-up,fewer-up,dual,52:05.8
69acf86d93afc119933913e5,1655,0,66,right-0,right,right-dark,dark-up,fewer-up,dual,52:06.1
60bc8860d04f4ac80d319a5c,1248,1,74,left-4,left,left-dark,dark-up,greater-up,dual,52:06.3
6984a9d17c365f6f621d7fe7,833,1,51,left-1,right,left-dark,light-up,greater-up,dual,52:06.1
615e420a23219efe3427a367,1604,0,73,left-3,left,left-dark,dark-up,fewer-up,dual,52:07.5
698bd173e4842a5bd8ad85bb,809,1,25,right-9,left,right-dark,light-up,greater-up,single,52:06.7
604db6324496c57afe822770,1641,0,63,right-8,right,right-dark,dark-up,fewer-up,single,52:07.0
604fe822b095421e07e3f93e,1010,1,25,right-0,left,right-dark,light-up,greater-up,dual,52:05.9
65fcab5ed252c205f819b116,837,0,38,right-4,left,right-dark,dark-up,greater-up,dual,52:07.7
695f9da1eba3887a2214b9f6,835,1,9,right-7,left,right-dark,light-up,greater-up,single,52:06.9
67e48f46ac070276b3bc9cfa,639,1,62,left-0,right,left-dark,dark-up,fewer-up,single,52:08.1
69a5c500037701844052c365,1072,1,55,left-3,left,left-dark,dark-up,greater-up,single,52:08.1
69acf86d93afc119933913e5,937,1,67,right-3,left,right-dark,light-up,greater-up,dual,52:08.5
6544ff9e0fb2eaaf83e2de5c,1268,1,37,right-8,right,right-dark,dark-up,greater-up,dual,52:08.7
69adf22dc3c63cb295877200,1537,0,1,right-8,left,right-dark,light-up,fewer-up,dual,52:08.7
615e420a23219efe3427a367,970,0,74,left-6,right,left-dark,dark-up,greater-up,dual,52:09.7
65fcab5ed252c205f819b116,588,1,39,left-8,right,left-dark,light-up,greater-up,dual,52:09.5
60bc8860d04f4ac80d319a5c,1282,0,75,left-0,left,left-dark,light-up,greater-up,dual,52:08.7
698bd173e4842a5bd8ad85bb,1143,1,26,right-9,right,right-dark,dark-up,greater-up,single,52:08.9
604db6324496c57afe822770,817,1,64,left-1,left,left-dark,dark-up,greater-up,single,52:09.1
6984a9d17c365f6f621d7fe7,1154,1,52,right-5,left,right-dark,dark-up,fewer-up,dual,52:08.7
604fe822b095421e07e3f93e,1133,1,26,right-3,right,right-dark,dark-up,greater-up,dual,52:08.2
695f9da1eba3887a2214b9f6,1079,1,10,left-2,left,left-dark,light-up,fewer-up,single,52:09.1
695bd68349914a703c6a9e80,NULL,0,60,left-6,none,left-dark,light-up,greater-up,dual,52:10.4
69a5c500037701844052c365,804,1,56,right-6,right,right-dark,light-up,fewer-up,single,52:10.4
67e48f46ac070276b3bc9cfa,1041,1,63,left-8,right,left-dark,dark-up,fewer-up,single,52:11.2
69adf22dc3c63cb295877200,1087,1,2,right-4,left,right-dark,dark-up,fewer-up,dual,52:11.3
69acf86d93afc119933913e5,1590,0,68,right-4,left,right-dark,light-up,fewer-up,dual,52:11.3
698bd173e4842a5bd8ad85bb,1038,1,27,left-0,left,left-dark,light-up,fewer-up,single,52:11.2
615e420a23219efe3427a367,1227,1,75,left-9,left,left-dark,light-up,fewer-up,dual,52:12.2
6544ff9e0fb2eaaf83e2de5c,NULL,0,38,right-2,none,right-dark,light-up,greater-up,dual,52:11.4
695f9da1eba3887a2214b9f6,834,1,11,left-2,right,left-dark,light-up,greater-up,single,52:11.3
604fe822b095421e07e3f93e,984,1,27,right-8,left,right-dark,dark-up,fewer-up,dual,52:10.7
60bc8860d04f4ac80d319a5c,1578,0,76,right-8,right,right-dark,dark-up,fewer-up,dual,52:11.6
67164d40becf6c95181afe97,1733,1,20,left-4,right,left-dark,light-up,greater-up,dual,52:12.6
6984a9d17c365f6f621d7fe7,NULL,0,53,left-0,none,left-dark,dark-up,fewer-up,dual,52:11.6
604db6324496c57afe822770,1705,0,65,right-7,right,right-dark,dark-up,fewer-up,single,52:12.2
69a5c500037701844052c365,718,1,57,left-7,left,left-dark,light-up,fewer-up,single,52:12.5
695bd68349914a703c6a9e80,NULL,0,61,right-4,none,right-dark,dark-up,greater-up,dual,52:13.6
698bd173e4842a5bd8ad85bb,815,1,28,left-7,left,left-dark,dark-up,greater-up,single,52:13.2
615e420a23219efe3427a367,NULL,0,76,left-8,none,left-dark,dark-up,fewer-up,dual,52:14.5
695f9da1eba3887a2214b9f6,951,1,12,right-6,right,right-dark,light-up,fewer-up,single,52:13.4
67e48f46ac070276b3bc9cfa,720,1,64,right-5,right,right-dark,light-up,fewer-up,single,52:13.8
69acf86d93afc119933913e5,1015,1,69,left-4,right,left-dark,dark-up,fewer-up,dual,52:13.9
69adf22dc3c63cb295877200,1585,1,3,right-5,left,right-dark,dark-up,fewer-up,dual,52:14.1
67164d40becf6c95181afe97,1191,1,21,left-9,left,left-dark,light-up,fewer-up,dual,52:15.0
6544ff9e0fb2eaaf83e2de5c,1034,0,39,left-4,left,left-dark,dark-up,fewer-up,dual,52:14.5
604fe822b095421e07e3f93e,1660,0,28,right-2,right,right-dark,light-up,greater-up,dual,52:13.4
60bc8860d04f4ac80d319a5c,1486,1,77,left-2,left,left-dark,dark-up,greater-up,dual,52:14.4
6984a9d17c365f6f621d7fe7,946,1,54,left-4,right,left-dark,dark-up,fewer-up,dual,52:14.3
69a5c500037701844052c365,929,1,58,left-8,left,left-dark,dark-up,greater-up,single,52:14.8
604db6324496c57afe822770,1170,1,66,left-3,left,left-dark,dark-up,greater-up,single,52:15.0
698bd173e4842a5bd8ad85bb,936,1,29,left-2,left,left-dark,light-up,fewer-up,single,52:15.3
695f9da1eba3887a2214b9f6,886,1,13,left-3,left,left-dark,dark-up,greater-up,single,52:15.4
65fcab5ed252c205f819b116,922,1,40,right-9,right,right-dark,light-up,fewer-up,dual,52:16.3
67e48f46ac070276b3bc9cfa,959,0,65,right-5,right,right-dark,dark-up,fewer-up,single,52:16.0
695bd68349914a703c6a9e80,1530,0,62,right-7,left,right-dark,light-up,fewer-up,dual,52:16.9
604fe822b095421e07e3f93e,785,1,29,right-0,right,right-dark,dark-up,greater-up,dual,52:15.4
69acf86d93afc119933913e5,1343,0,70,left-8,right,left-dark,light-up,fewer-up,dual,52:16.5
69adf22dc3c63cb295877200,1291,0,4,left-0,right,left-dark,light-up,fewer-up,dual,52:16.8
69a5c500037701844052c365,864,1,59,right-2,right,right-dark,dark-up,greater-up,single,52:16.8
67164d40becf6c95181afe97,1472,1,22,left-9,right,left-dark,light-up,greater-up,dual,52:17.8
60bc8860d04f4ac80d319a5c,1473,0,78,right-6,left,right-dark,dark-up,greater-up,dual,52:17.0
615e420a23219efe3427a367,1603,1,77,right-7,right,right-dark,dark-up,greater-up,dual,52:18.2
604db6324496c57afe822770,1253,1,67,right-7,left,right-dark,light-up,greater-up,single,52:17.3
6984a9d17c365f6f621d7fe7,1242,1,55,right-9,left,right-dark,light-up,greater-up,dual,52:16.9
698bd173e4842a5bd8ad85bb,897,1,30,right-6,right,right-dark,dark-up,greater-up,single,52:17.4
695f9da1eba3887a2214b9f6,742,1,14,right-1,right,right-dark,dark-up,greater-up,single,52:17.6
65fcab5ed252c205f819b116,829,1,41,right-9,left,right-dark,light-up,greater-up,dual,52:18.4
695bd68349914a703c6a9e80,NULL,0,63,left-8,none,left-dark,light-up,fewer-up,dual,52:19.3
604fe822b095421e07e3f93e,1244,1,30,left-8,right,left-dark,dark-up,fewer-up,dual,52:17.8
67e48f46ac070276b3bc9cfa,1245,0,66,right-0,right,right-dark,light-up,greater-up,single,52:19.0
69acf86d93afc119933913e5,1197,1,71,right-6,right,right-dark,dark-up,greater-up,dual,52:19.1
6984a9d17c365f6f621d7fe7,663,1,56,right-1,right,right-dark,light-up,fewer-up,dual,52:18.8
67164d40becf6c95181afe97,1023,1,23,right-2,left,right-dark,light-up,greater-up,dual,52:20.1
69adf22dc3c63cb295877200,NULL,0,5,left-5,none,left-dark,dark-up,fewer-up,dual,52:19.6
698bd173e4842a5bd8ad85bb,866,1,31,left-4,right,left-dark,light-up,greater-up,single,52:19.4
604db6324496c57afe822770,869,1,68,right-5,right,right-dark,dark-up,greater-up,single,52:19.8
615e420a23219efe3427a367,1465,1,78,right-5,left,right-dark,light-up,greater-up,dual,52:20.8
60bc8860d04f4ac80d319a5c,1624,1,79,left-3,left,left-dark,light-up,fewer-up,dual,52:19.7
695f9da1eba3887a2214b9f6,956,1,15,left-1,right,left-dark,dark-up,fewer-up,single,52:19.7
65fcab5ed252c205f819b116,1320,0,42,left-8,right,left-dark,dark-up,greater-up,dual,52:21.1
604fe822b095421e07e3f93e,1128,1,31,right-7,right,right-dark,dark-up,greater-up,dual,52:20.1
67e48f46ac070276b3bc9cfa,477,0,67,right-3,left,right-dark,dark-up,greater-up,single,52:21.0
67164d40becf6c95181afe97,685,1,24,right-5,right,right-dark,dark-up,greater-up,dual,52:22.3
6984a9d17c365f6f621d7fe7,1059,1,57,left-0,left,left-dark,light-up,fewer-up,dual,52:21.1
695bd68349914a703c6a9e80,NULL,0,64,right-6,none,right-dark,light-up,fewer-up,dual,52:22.5
69acf86d93afc119933913e5,1131,1,72,right-1,right,right-dark,light-up,fewer-up,dual,52:21.9
604db6324496c57afe822770,925,1,69,right-2,right,right-dark,dark-up,greater-up,single,52:22.1
698bd173e4842a5bd8ad85bb,963,1,32,left-8,right,left-dark,dark-up,fewer-up,single,52:21.9
695f9da1eba3887a2214b9f6,807,1,16,right-2,right,right-dark,dark-up,greater-up,single,52:21.8
65fcab5ed252c205f819b116,962,1,43,left-0,left,left-dark,dark-up,greater-up,dual,52:23.3
615e420a23219efe3427a367,1474,0,79,right-3,left,right-dark,dark-up,greater-up,dual,52:23.7
69adf22dc3c63cb295877200,1329,1,6,left-8,left,left-dark,light-up,fewer-up,dual,52:23.0
67e48f46ac070276b3bc9cfa,435,0,68,right-8,left,right-dark,dark-up,greater-up,single,52:23.3
67164d40becf6c95181afe97,955,1,25,left-3,right,left-dark,light-up,greater-up,dual,52:24.3
604fe822b095421e07e3f93e,1193,1,32,right-1,right,right-dark,light-up,fewer-up,dual,52:22.8
6984a9d17c365f6f621d7fe7,1165,1,58,right-3,right,right-dark,dark-up,greater-up,dual,52:23.5
604db6324496c57afe822770,858,1,70,left-0,left,left-dark,dark-up,greater-up,single,52:24.1
695f9da1eba3887a2214b9f6,681,1,17,left-6,left,left-dark,dark-up,greater-up,single,52:23.9
698bd173e4842a5bd8ad85bb,884,1,33,right-5,left,right-dark,light-up,greater-up,single,52:24.2
69acf86d93afc119933913e5,1130,1,73,right-2,left,right-dark,light-up,greater-up,dual,52:24.5
65fcab5ed252c205f819b116,719,1,44,left-7,right,left-dark,light-up,greater-up,dual,52:25.3
695bd68349914a703c6a9e80,1357,0,65,left-1,right,left-dark,dark-up,greater-up,dual,52:25.6
67e48f46ac070276b3bc9cfa,512,0,69,left-1,right,left-dark,light-up,fewer-up,single,52:25.5
69adf22dc3c63cb295877200,1260,1,7,left-4,left,left-dark,light-up,fewer-up,dual,52:25.5
69a5c500037701844052c365,1454,0,60,right-4,right,right-dark,light-up,greater-up,single,52:25.9
604fe822b095421e07e3f93e,1210,1,33,left-9,left,left-dark,dark-up,greater-up,dual,52:25.2
67164d40becf6c95181afe97,1588,1,26,left-4,left,left-dark,dark-up,greater-up,dual,52:27.1
6984a9d17c365f6f621d7fe7,999,1,59,left-0,left,left-dark,dark-up,greater-up,dual,52:25.8
695f9da1eba3887a2214b9f6,846,1,18,right-5,left,right-dark,dark-up,fewer-up,single,52:26.1
698bd173e4842a5bd8ad85bb,1160,1,34,right-6,left,right-dark,dark-up,fewer-up,single,52:26.6
604db6324496c57afe822770,1310,1,71,right-5,left,right-dark,light-up,greater-up,single,52:26.7
69acf86d93afc119933913e5,1187,0,74,right-5,right,right-dark,light-up,greater-up,dual,52:26.9
67e48f46ac070276b3bc9cfa,689,1,70,left-1,left,left-dark,dark-up,greater-up,single,52:27.3
65fcab5ed252c205f819b116,1639,0,45,left-6,left,left-dark,dark-up,fewer-up,dual,52:28.5
695bd68349914a703c6a9e80,1671,0,66,left-7,right,left-dark,dark-up,greater-up,dual,52:28.7
695f9da1eba3887a2214b9f6,655,1,19,right-3,right,right-dark,dark-up,greater-up,single,52:27.9
69adf22dc3c63cb295877200,1461,1,8,right-1,right,right-dark,light-up,fewer-up,dual,52:28.3
698bd173e4842a5bd8ad85bb,820,1,35,right-1,left,right-dark,light-up,greater-up,single,52:28.5
604fe822b095421e07e3f93e,1011,1,34,left-1,left,left-dark,dark-up,greater-up,dual,52:27.6
67164d40becf6c95181afe97,1046,1,27,right-6,left,right-dark,dark-up,fewer-up,dual,52:29.4
604db6324496c57afe822770,949,1,72,right-3,left,right-dark,light-up,greater-up,single,52:28.8
69a5c500037701844052c365,1516,1,61,left-2,right,left-dark,dark-up,fewer-up,single,52:28.9
67e48f46ac070276b3bc9cfa,657,0,71,left-7,left,left-dark,dark-up,fewer-up,single,52:29.6
69acf86d93afc119933913e5,1417,1,75,right-2,left,right-dark,dark-up,fewer-up,dual,52:29.6
65fcab5ed252c205f819b116,1359,0,46,left-2,left,left-dark,light-up,greater-up,dual,52:30.9
695bd68349914a703c6a9e80,NULL,0,67,right-7,none,right-dark,dark-up,fewer-up,dual,52:31.4
604db6324496c57afe822770,869,1,73,left-7,right,left-dark,light-up,greater-up,single,52:30.9
69adf22dc3c63cb295877200,NULL,0,9,right-7,none,right-dark,light-up,greater-up,dual,52:30.9
604fe822b095421e07e3f93e,916,1,35,right-4,right,right-dark,light-up,fewer-up,dual,52:29.9
67164d40becf6c95181afe97,1121,1,28,left-3,left,left-dark,light-up,fewer-up,dual,52:31.8
69a5c500037701844052c365,801,1,62,right-6,right,right-dark,dark-up,greater-up,single,52:31.1
698bd173e4842a5bd8ad85bb,1331,1,36,right-7,right,right-dark,dark-up,greater-up,single,52:31.3
67e48f46ac070276b3bc9cfa,695,0,72,left-3,right,left-dark,light-up,fewer-up,single,52:31.6
69acf86d93afc119933913e5,1362,1,76,left-1,left,left-dark,dark-up,greater-up,dual,52:32.4
65fcab5ed252c205f819b116,753,0,47,right-3,right,right-dark,light-up,greater-up,dual,52:33.2
604db6324496c57afe822770,1018,1,74,left-5,right,left-dark,light-up,greater-up,single,52:33.4
604fe822b095421e07e3f93e,1164,1,36,right-3,right,right-dark,light-up,fewer-up,dual,52:32.4
69a5c500037701844052c365,1068,1,63,right-1,right,right-dark,dark-up,greater-up,single,52:33.4
695bd68349914a703c6a9e80,1110,1,68,left-7,right,left-dark,light-up,greater-up,dual,52:34.3
67164d40becf6c95181afe97,1084,1,29,right-2,right,right-dark,light-up,fewer-up,dual,52:34.3
69adf22dc3c63cb295877200,1106,1,10,right-1,left,right-dark,light-up,greater-up,dual,52:33.6
67e48f46ac070276b3bc9cfa,759,1,73,left-4,left,left-dark,light-up,fewer-up,single,52:33.7
698bd173e4842a5bd8ad85bb,1069,1,37,right-7,right,right-dark,light-up,fewer-up,single,52:33.8
6984a9d17c365f6f621d7fe7,1075,1,60,left-8,left,left-dark,light-up,fewer-up,dual,52:33.4
65fcab5ed252c205f819b116,790,1,48,left-5,left,left-dark,light-up,fewer-up,dual,52:35.3
69acf86d93afc119933913e5,1563,1,77,right-1,left,right-dark,light-up,greater-up,dual,52:35.0
604fe822b095421e07e3f93e,1112,1,37,right-1,right,right-dark,dark-up,greater-up,dual,52:34.6
69a5c500037701844052c365,808,1,64,left-8,right,left-dark,light-up,greater-up,single,52:35.7
67164d40becf6c95181afe97,937,1,30,left-7,left,left-dark,light-up,fewer-up,dual,52:36.6
695bd68349914a703c6a9e80,1206,1,69,right-3,right,right-dark,dark-up,greater-up,dual,52:36.9
6984a9d17c365f6f621d7fe7,799,1,61,right-2,left,right-dark,dark-up,fewer-up,dual,52:35.7
604db6324496c57afe822770,1396,1,75,left-5,left,left-dark,light-up,fewer-up,single,52:36.2
698bd173e4842a5bd8ad85bb,787,1,38,left-5,right,left-dark,light-up,greater-up,single,52:36.1
69adf22dc3c63cb295877200,1283,0,11,left-1,left,left-dark,light-up,greater-up,dual,52:36.5
65fcab5ed252c205f819b116,900,0,49,right-3,left,right-dark,light-up,fewer-up,dual,52:37.3
66b3e078bef7d6dd6c53e015,897,1,40,right-0,right,right-dark,dark-up,greater-up,dual,52:36.7
67e48f46ac070276b3bc9cfa,NULL,0,74,left-9,none,left-dark,dark-up,greater-up,single,52:36.9
604fe822b095421e07e3f93e,847,1,38,left-0,left,left-dark,dark-up,greater-up,dual,52:36.4
69acf86d93afc119933913e5,1215,1,78,left-7,right,left-dark,dark-up,fewer-up,dual,52:37.6
67164d40becf6c95181afe97,1241,1,31,left-1,right,left-dark,light-up,greater-up,dual,52:38.9
6984a9d17c365f6f621d7fe7,745,1,62,right-8,right,right-dark,dark-up,greater-up,dual,52:37.6
69a5c500037701844052c365,1062,1,65,left-9,left,left-dark,light-up,fewer-up,single,52:38.4
66d1fdd400acfdbc181f41e0,1286,1,0,left-1,left,left-dark,dark-up,greater-up,dual,52:37.8
604db6324496c57afe822770,1459,1,76,left-2,right,left-dark,light-up,greater-up,single,52:38.8
698bd173e4842a5bd8ad85bb,1085,1,39,right-8,right,right-dark,light-up,fewer-up,single,52:38.7
695bd68349914a703c6a9e80,1530,1,70,right-0,left,right-dark,dark-up,fewer-up,dual,52:39.6
69adf22dc3c63cb295877200,1352,1,12,left-3,left,left-dark,light-up,fewer-up,dual,52:39.2
66b3e078bef7d6dd6c53e015,1108,1,41,right-9,right,right-dark,light-up,fewer-up,dual,52:39.3
65fcab5ed252c205f819b116,1628,1,50,right-6,right,right-dark,light-up,fewer-up,dual,52:40.0
604fe822b095421e07e3f93e,1210,1,39,right-9,left,right-dark,light-up,greater-up,dual,52:38.7
67e48f46ac070276b3bc9cfa,1435,1,75,right-2,left,right-dark,dark-up,fewer-up,single,52:40.0
69acf86d93afc119933913e5,1071,1,79,left-5,right,left-dark,dark-up,fewer-up,dual,52:40.0
67164d40becf6c95181afe97,993,1,32,right-3,right,right-dark,dark-up,greater-up,dual,52:40.9
6984a9d17c365f6f621d7fe7,1157,1,63,left-6,right,left-dark,dark-up,fewer-up,dual,52:40.0
69a5c500037701844052c365,1002,1,66,left-1,left,left-dark,light-up,fewer-up,single,52:40.6
604db6324496c57afe822770,929,1,77,left-4,right,left-dark,light-up,greater-up,single,52:41.0
66d1fdd400acfdbc181f41e0,1446,0,1,right-9,left,right-dark,light-up,fewer-up,dual,52:40.6
65fcab5ed252c205f819b116,870,0,51,left-5,left,left-dark,dark-up,fewer-up,dual,52:42.2
69adf22dc3c63cb295877200,NULL,0,13,right-4,none,right-dark,light-up,fewer-up,dual,52:41.6
695bd68349914a703c6a9e80,1364,1,71,right-6,left,right-dark,light-up,greater-up,dual,52:42.5
66b3e078bef7d6dd6c53e015,1578,1,42,right-3,left,right-dark,dark-up,fewer-up,dual,52:42.0
67e48f46ac070276b3bc9cfa,1324,0,76,right-9,left,right-dark,light-up,fewer-up,single,52:42.6
67164d40becf6c95181afe97,1243,1,33,left-2,right,left-dark,dark-up,fewer-up,dual,52:43.4
6984a9d17c365f6f621d7fe7,1364,1,64,right-5,left,right-dark,light-up,greater-up,dual,52:42.5
69a5c500037701844052c365,1111,1,67,right-3,left,right-dark,dark-up,fewer-up,single,52:43.0
604db6324496c57afe822770,1014,1,78,left-0,right,left-dark,light-up,greater-up,single,52:43.3
66d1fdd400acfdbc181f41e0,1464,1,2,right-8,left,right-dark,light-up,greater-up,dual,52:43.1
65fcab5ed252c205f819b116,1278,0,52,left-7,left,left-dark,dark-up,fewer-up,dual,52:44.6
66b3e078bef7d6dd6c53e015,1048,1,43,left-9,right,left-dark,dark-up,fewer-up,dual,52:44.4
695bd68349914a703c6a9e80,1562,1,72,left-5,right,left-dark,light-up,greater-up,dual,52:45.3
69adf22dc3c63cb295877200,1473,1,14,right-9,right,right-dark,light-up,fewer-up,dual,52:44.9
67e48f46ac070276b3bc9cfa,1285,0,77,left-8,right,left-dark,dark-up,greater-up,single,52:45.2
67164d40becf6c95181afe97,1112,1,34,right-4,left,right-dark,dark-up,fewer-up,dual,52:45.9
69a5c500037701844052c365,884,1,68,left-7,left,left-dark,dark-up,greater-up,single,52:45.3
6984a9d17c365f6f621d7fe7,1428,1,65,left-0,right,left-dark,light-up,greater-up,dual,52:45.1
604db6324496c57afe822770,1192,1,79,right-9,left,right-dark,dark-up,fewer-up,single,52:45.6
6991e46740117ca6ef90cd7c,1701,1,0,right-9,left,right-dark,light-up,greater-up,dual,52:46.2
604fe822b095421e07e3f93e,1231,1,40,left-1,right,left-dark,dark-up,fewer-up,dual,52:45.3
66d1fdd400acfdbc181f41e0,NULL,0,3,left-2,none,left-dark,light-up,greater-up,dual,52:45.9
66b3e078bef7d6dd6c53e015,984,1,44,right-7,left,right-dark,light-up,greater-up,dual,52:46.9
65fcab5ed252c205f819b116,1399,0,53,left-3,left,left-dark,light-up,greater-up,dual,52:47.4
695bd68349914a703c6a9e80,1390,0,73,left-4,right,left-dark,light-up,fewer-up,dual,52:48.1
69adf22dc3c63cb295877200,1159,1,15,right-2,left,right-dark,light-up,greater-up,dual,52:47.4
67e48f46ac070276b3bc9cfa,1439,1,78,right-1,left,right-dark,light-up,greater-up,single,52:47.7
69a5c500037701844052c365,910,1,69,left-6,left,left-dark,light-up,fewer-up,single,52:47.4
6984a9d17c365f6f621d7fe7,990,1,66,right-7,right,right-dark,light-up,fewer-up,dual,52:47.1
67164d40becf6c95181afe97,1206,1,35,right-7,left,right-dark,light-up,greater-up,dual,52:48.4
604fe822b095421e07e3f93e,786,1,41,left-7,left,left-dark,light-up,fewer-up,dual,52:47.4
6991e46740117ca6ef90cd7c,NULL,0,1,right-8,none,right-dark,dark-up,fewer-up,dual,52:48.6
66b3e078bef7d6dd6c53e015,1111,1,45,left-9,right,left-dark,light-up,greater-up,dual,52:49.2
65fcab5ed252c205f819b116,984,0,54,left-8,left,left-dark,dark-up,fewer-up,dual,52:49.9
67e48f46ac070276b3bc9cfa,923,1,79,right-3,left,right-dark,dark-up,fewer-up,single,52:49.7
69ab54719141883544a6c1b6,878,1,0,left-7,left,left-dark,dark-up,greater-up,single,52:49.6
6984a9d17c365f6f621d7fe7,799,1,67,right-7,left,right-dark,light-up,greater-up,dual,52:49.2
69a5c500037701844052c365,1152,1,70,right-7,right,right-dark,light-up,fewer-up,single,52:49.8
695bd68349914a703c6a9e80,NULL,0,74,left-2,none,left-dark,light-up,greater-up,dual,52:50.7
67164d40becf6c95181afe97,1041,1,36,left-0,left,left-dark,dark-up,greater-up,dual,52:50.8
66d1fdd400acfdbc181f41e0,1710,1,4,left-2,left,left-dark,light-up,fewer-up,dual,52:49.3
69adf22dc3c63cb295877200,1442,1,16,right-2,left,right-dark,dark-up,fewer-up,dual,52:50.3
604fe822b095421e07e3f93e,1347,1,42,left-3,right,left-dark,dark-up,fewer-up,dual,52:50.1
65fcab5ed252c205f819b116,588,1,55,right-1,right,right-dark,dark-up,greater-up,dual,52:51.8
66b3e078bef7d6dd6c53e015,1181,0,46,left-2,left,left-dark,dark-up,fewer-up,dual,52:51.6
6991e46740117ca6ef90cd7c,NULL,0,2,left-7,none,left-dark,light-up,fewer-up,dual,52:51.9
6984a9d17c365f6f621d7fe7,1111,1,68,right-7,left,right-dark,dark-up,fewer-up,dual,52:51.3
69ab54719141883544a6c1b6,1021,1,1,right-3,left,right-dark,light-up,greater-up,single,52:51.9
69a5c500037701844052c365,1245,1,71,right-5,left,right-dark,light-up,greater-up,single,52:52.4
66d1fdd400acfdbc181f41e0,1555,1,5,left-7,right,left-dark,dark-up,fewer-up,dual,52:52.0
69adf22dc3c63cb295877200,1368,1,17,left-8,right,left-dark,light-up,greater-up,dual,52:52.9
695bd68349914a703c6a9e80,NULL,0,75,right-0,none,right-dark,light-up,greater-up,dual,52:53.6
67164d40becf6c95181afe97,1668,1,37,right-8,right,right-dark,dark-up,greater-up,dual,52:54.0
6984a9d17c365f6f621d7fe7,926,1,69,left-5,right,left-dark,light-up,greater-up,dual,52:53.3
65fcab5ed252c205f819b116,1247,1,56,right-5,left,right-dark,dark-up,fewer-up,dual,52:54.5
604fe822b095421e07e3f93e,NULL,0,43,left-4,none,left-dark,light-up,fewer-up,dual,52:52.9
66b3e078bef7d6dd6c53e015,1028,1,47,right-3,right,right-dark,dark-up,greater-up,dual,52:54.1
69ab54719141883544a6c1b6,934,1,2,right-1,right,right-dark,dark-up,greater-up,single,52:54.4
69a5c500037701844052c365,1188,0,72,right-7,right,right-dark,light-up,greater-up,single,52:54.8
6991e46740117ca6ef90cd7c,NULL,0,3,left-4,none,left-dark,light-up,greater-up,dual,52:55.3
67164d40becf6c95181afe97,860,1,38,left-7,right,left-dark,dark-up,fewer-up,dual,52:56.0
66d1fdd400acfdbc181f41e0,1317,1,6,right-1,right,right-dark,dark-up,greater-up,dual,52:54.6
69adf22dc3c63cb295877200,1395,1,18,left-2,left,left-dark,light-up,fewer-up,dual,52:55.8
695bd68349914a703c6a9e80,1315,0,76,left-1,left,left-dark,light-up,greater-up,dual,52:56.6
5c309bb410677f0001dda0ed,1658,1,0,left-4,right,left-dark,dark-up,fewer-up,dual,52:55.2
65fcab5ed252c205f819b116,845,0,57,left-1,right,left-dark,light-up,fewer-up,dual,52:56.6
66b3e078bef7d6dd6c53e015,763,1,48,right-8,right,right-dark,dark-up,greater-up,dual,52:56.3
6984a9d17c365f6f621d7fe7,1277,0,70,left-7,right,left-dark,light-up,fewer-up,dual,52:56.1
69ab54719141883544a6c1b6,1065,1,3,right-6,left,right-dark,dark-up,fewer-up,single,52:56.9
604fe822b095421e07e3f93e,1141,1,44,left-2,right,left-dark,light-up,greater-up,dual,52:56.1
67164d40becf6c95181afe97,913,1,39,right-4,left,right-dark,light-up,greater-up,dual,52:58.1
69a5c500037701844052c365,1014,1,73,right-9,right,right-dark,dark-up,greater-up,single,52:57.4
66d1fdd400acfdbc181f41e0,1426,1,7,right-1,left,right-dark,dark-up,fewer-up,dual,52:57.3
5c309bb410677f0001dda0ed,1151,0,1,left-9,left,left-dark,dark-up,fewer-up,dual,52:57.6
69adf22dc3c63cb295877200,1081,1,19,right-4,left,right-dark,light-up,greater-up,dual,52:58.3
65fcab5ed252c205f819b116,1122,1,58,right-8,right,right-dark,light-up,fewer-up,dual,52:59.0
6991e46740117ca6ef90cd7c,1631,1,4,left-0,right,left-dark,light-up,greater-up,dual,52:58.6
695bd68349914a703c6a9e80,1444,1,77,left-8,right,left-dark,dark-up,fewer-up,dual,52:59.2
6984a9d17c365f6f621d7fe7,797,1,71,left-7,right,left-dark,light-up,greater-up,dual,52:58.1
66b3e078bef7d6dd6c53e015,900,1,49,right-9,left,right-dark,dark-up,fewer-up,dual,52:58.6
69ab54719141883544a6c1b6,946,1,4,left-7,right,left-dark,dark-up,fewer-up,single,52:58.9
69a5c500037701844052c365,849,1,74,right-7,right,right-dark,dark-up,greater-up,single,52:59.3
604fe822b095421e07e3f93e,1465,1,45,right-1,left,right-dark,dark-up,fewer-up,dual,52:58.8
5c309bb410677f0001dda0ed,995,0,2,left-7,right,left-dark,light-up,fewer-up,dual,53:00.0
66d1fdd400acfdbc181f41e0,1386,1,8,left-7,left,left-dark,dark-up,greater-up,dual,52:59.9
69ab54719141883544a6c1b6,873,1,5,right-0,left,right-dark,light-up,greater-up,single,53:01.0
6991e46740117ca6ef90cd7c,NULL,0,5,left-1,none,left-dark,light-up,greater-up,dual,53:01.3
66b3e078bef7d6dd6c53e015,1072,1,50,right-1,right,right-dark,light-up,fewer-up,dual,53:01.1
65fcab5ed252c205f819b116,NULL,0,59,right-2,none,right-dark,light-up,greater-up,dual,53:01.8
695bd68349914a703c6a9e80,1307,0,78,right-8,left,right-dark,dark-up,greater-up,dual,53:02.0
6984a9d17c365f6f621d7fe7,1413,0,72,right-2,left,right-dark,dark-up,greater-up,dual,53:01.0
69a5c500037701844052c365,870,1,75,left-4,left,left-dark,light-up,fewer-up,single,53:01.7
604fe822b095421e07e3f93e,1113,1,46,left-8,left,left-dark,dark-up,greater-up,dual,53:01.5
5c309bb410677f0001dda0ed,831,0,3,right-4,right,right-dark,dark-up,fewer-up,dual,53:02.1
69ab54719141883544a6c1b6,941,1,6,right-8,right,right-dark,light-up,fewer-up,single,53:03.3
69a5c500037701844052c365,877,1,76,left-8,left,left-dark,light-up,fewer-up,single,53:03.6
66d1fdd400acfdbc181f41e0,1676,1,9,right-6,left,right-dark,light-up,greater-up,dual,53:02.9
695bd68349914a703c6a9e80,NULL,0,79,left-7,none,left-dark,dark-up,fewer-up,dual,53:04.5
66b3e078bef7d6dd6c53e015,1277,1,51,left-2,left,left-dark,light-up,fewer-up,dual,53:03.8
6984a9d17c365f6f621d7fe7,892,1,73,right-4,right,right-dark,light-up,fewer-up,dual,53:03.4
6991e46740117ca6ef90cd7c,NULL,0,6,left-5,none,left-dark,light-up,greater-up,dual,53:04.4
5c309bb410677f0001dda0ed,452,0,4,right-5,left,right-dark,dark-up,greater-up,dual,53:03.8
604fe822b095421e07e3f93e,1597,1,47,left-5,left,left-dark,dark-up,greater-up,dual,53:04.3
69ab54719141883544a6c1b6,1065,1,7,right-1,left,right-dark,dark-up,fewer-up,single,53:05.5
66b3e078bef7d6dd6c53e015,854,1,52,left-6,right,left-dark,light-up,greater-up,dual,53:05.9
6984a9d17c365f6f621d7fe7,1145,1,74,left-8,right,left-dark,dark-up,fewer-up,dual,53:05.6
66d1fdd400acfdbc181f41e0,1116,1,10,right-7,right,right-dark,dark-up,greater-up,dual,53:05.3
69a5c500037701844052c365,1189,1,77,right-0,left,right-dark,dark-up,fewer-up,single,53:06.4
5c309bb410677f0001dda0ed,832,1,5,left-6,left,left-dark,dark-up,greater-up,dual,53:06.2
6991e46740117ca6ef90cd7c,983,0,7,left-8,right,left-dark,dark-up,greater-up,dual,53:07.1
69ab54719141883544a6c1b6,928,1,8,left-1,right,left-dark,light-up,greater-up,single,53:07.7
604fe822b095421e07e3f93e,973,1,48,left-7,right,left-dark,light-up,greater-up,dual,53:06.7
66b3e078bef7d6dd6c53e015,942,1,53,left-3,left,left-dark,dark-up,greater-up,dual,53:07.9
6984a9d17c365f6f621d7fe7,1023,1,75,right-0,left,right-dark,dark-up,fewer-up,dual,53:07.8
65fcab5ed252c205f819b116,846,0,60,left-5,right,left-dark,dark-up,greater-up,dual,53:08.9
66d1fdd400acfdbc181f41e0,1474,1,11,right-7,left,right-dark,light-up,greater-up,dual,53:07.9
69a5c500037701844052c365,844,1,78,right-0,left,right-dark,light-up,greater-up,single,53:08.6
698bd173e4842a5bd8ad85bb,1345,1,40,left-7,right,left-dark,light-up,greater-up,single,53:08.8
5c309bb410677f0001dda0ed,1258,1,6,right-2,left,right-dark,light-up,greater-up,dual,53:08.8
6991e46740117ca6ef90cd7c,1536,1,8,right-1,left,right-dark,light-up,greater-up,dual,53:09.9
66b3e078bef7d6dd6c53e015,919,1,54,right-8,left,right-dark,light-up,greater-up,dual,53:09.8
69ab54719141883544a6c1b6,873,1,9,left-5,left,left-dark,dark-up,greater-up,single,53:10.0
6984a9d17c365f6f621d7fe7,938,1,76,right-8,left,right-dark,dark-up,fewer-up,dual,53:09.8
604fe822b095421e07e3f93e,1517,1,49,left-3,right,left-dark,light-up,greater-up,dual,53:09.4
65fcab5ed252c205f819b116,1004,0,61,right-5,left,right-dark,dark-up,greater-up,dual,53:11.2
69a5c500037701844052c365,1036,1,79,left-7,right,left-dark,light-up,greater-up,single,53:10.8
698bd173e4842a5bd8ad85bb,912,1,41,left-3,left,left-dark,light-up,fewer-up,single,53:10.7
66d1fdd400acfdbc181f41e0,1241,1,12,right-2,right,right-dark,light-up,fewer-up,dual,53:10.5
5c309bb410677f0001dda0ed,1078,0,7,left-4,right,left-dark,light-up,fewer-up,dual,53:11.0
66b3e078bef7d6dd6c53e015,867,0,55,left-8,right,left-dark,light-up,fewer-up,dual,53:11.9
69ab54719141883544a6c1b6,789,1,10,right-3,right,right-dark,dark-up,greater-up,single,53:11.9
6991e46740117ca6ef90cd7c,NULL,0,9,right-3,none,right-dark,dark-up,greater-up,dual,53:12.5
65fcab5ed252c205f819b116,718,0,62,left-3,right,left-dark,light-up,fewer-up,dual,53:13.0
695f9da1eba3887a2214b9f6,1050,1,20,left-9,right,left-dark,dark-up,fewer-up,single,53:12.3
6984a9d17c365f6f621d7fe7,NULL,0,77,left-2,none,left-dark,dark-up,fewer-up,dual,53:12.3
698bd173e4842a5bd8ad85bb,912,1,42,right-0,left,right-dark,dark-up,fewer-up,single,53:12.8
604fe822b095421e07e3f93e,1206,1,50,left-6,right,left-dark,dark-up,fewer-up,dual,53:12.0
66d1fdd400acfdbc181f41e0,1357,1,13,right-5,left,right-dark,light-up,greater-up,dual,53:13.1
69ab54719141883544a6c1b6,881,1,11,right-2,left,right-dark,light-up,greater-up,single,53:14.0
66b3e078bef7d6dd6c53e015,NULL,0,56,left-3,none,left-dark,light-up,fewer-up,dual,53:14.3
5c309bb410677f0001dda0ed,1293,1,8,right-8,left,right-dark,light-up,greater-up,dual,53:13.7
695f9da1eba3887a2214b9f6,847,1,21,left-8,right,left-dark,light-up,greater-up,single,53:14.3
65fcab5ed252c205f819b116,904,1,63,right-9,right,right-dark,dark-up,greater-up,dual,53:15.2
698bd173e4842a5bd8ad85bb,882,1,43,right-4,left,right-dark,dark-up,fewer-up,single,53:15.1
6991e46740117ca6ef90cd7c,1489,1,10,left-9,right,left-dark,dark-up,fewer-up,dual,53:15.6
604fe822b095421e07e3f93e,1193,1,51,left-6,right,left-dark,light-up,greater-up,dual,53:14.6
66d1fdd400acfdbc181f41e0,1248,0,14,right-0,right,right-dark,dark-up,fewer-up,dual,53:15.5
69ab54719141883544a6c1b6,981,1,12,left-5,left,left-dark,light-up,fewer-up,single,53:16.4
6984a9d17c365f6f621d7fe7,1548,1,78,left-5,left,left-dark,light-up,fewer-up,dual,53:15.9
695f9da1eba3887a2214b9f6,770,1,22,left-3,right,left-dark,light-up,greater-up,single,53:16.3
5c309bb410677f0001dda0ed,1075,0,9,left-2,left,left-dark,dark-up,fewer-up,dual,53:16.2
66b3e078bef7d6dd6c53e015,850,1,57,right-7,right,right-dark,dark-up,greater-up,dual,53:17.0
65fcab5ed252c205f819b116,1678,0,64,right-2,left,right-dark,light-up,fewer-up,dual,53:17.9
698bd173e4842a5bd8ad85bb,1195,1,44,right-5,right,right-dark,dark-up,greater-up,single,53:17.5
604fe822b095421e07e3f93e,1110,1,52,left-2,right,left-dark,dark-up,fewer-up,dual,53:17.1
6991e46740117ca6ef90cd7c,1595,0,11,right-2,left,right-dark,light-up,fewer-up,dual,53:18.6
695f9da1eba3887a2214b9f6,729,1,23,right-4,left,right-dark,light-up,greater-up,single,53:18.3
66d1fdd400acfdbc181f41e0,NULL,0,15,left-2,none,left-dark,dark-up,fewer-up,dual,53:17.8
69ab54719141883544a6c1b6,908,1,13,left-9,left,left-dark,dark-up,greater-up,single,53:18.9
6984a9d17c365f6f621d7fe7,952,1,79,right-9,right,right-dark,light-up,fewer-up,dual,53:18.4
66b3e078bef7d6dd6c53e015,845,1,58,left-9,left,left-dark,dark-up,greater-up,dual,53:19.1
5c309bb410677f0001dda0ed,1084,1,10,left-6,right,left-dark,light-up,greater-up,dual,53:18.5
65fcab5ed252c205f819b116,995,0,65,left-2,right,left-dark,dark-up,greater-up,dual,53:20.2
6544ff9e0fb2eaaf83e2de5c,1269,1,40,left-8,left,left-dark,light-up,fewer-up,dual,53:19.8
69adf22dc3c63cb295877200,1270,0,20,right-1,left,right-dark,dark-up,greater-up,dual,53:19.9
698bd173e4842a5bd8ad85bb,1262,1,45,left-9,left,left-dark,light-up,fewer-up,single,53:20.1
695f9da1eba3887a2214b9f6,641,1,24,right-6,left,right-dark,light-up,greater-up,single,53:20.1
604fe822b095421e07e3f93e,1623,0,53,right-1,right,right-dark,light-up,greater-up,dual,53:19.8
66b3e078bef7d6dd6c53e015,741,1,59,left-5,left,left-dark,dark-up,greater-up,dual,53:21.0
6991e46740117ca6ef90cd7c,NULL,0,12,left-7,none,left-dark,light-up,greater-up,dual,53:21.3
69ab54719141883544a6c1b6,893,1,14,right-4,right,right-dark,light-up,fewer-up,single,53:21.1
5c309bb410677f0001dda0ed,922,1,11,right-7,right,right-dark,dark-up,greater-up,dual,53:20.6
66d1fdd400acfdbc181f41e0,1219,0,16,right-4,left,right-dark,dark-up,greater-up,dual,53:20.9
65fcab5ed252c205f819b116,1315,0,66,right-4,left,right-dark,light-up,fewer-up,dual,53:22.7
6544ff9e0fb2eaaf83e2de5c,1202,0,41,right-0,right,right-dark,light-up,greater-up,dual,53:22.3
695f9da1eba3887a2214b9f6,671,1,25,left-0,right,left-dark,light-up,greater-up,single,53:22.1
698bd173e4842a5bd8ad85bb,880,1,46,left-2,left,left-dark,dark-up,greater-up,single,53:22.4
69adf22dc3c63cb295877200,1692,1,21,left-4,right,left-dark,light-up,greater-up,dual,53:23.0
69ab54719141883544a6c1b6,988,1,15,right-0,right,right-dark,light-up,fewer-up,single,53:23.5
604fe822b095421e07e3f93e,NULL,0,54,right-0,none,right-dark,dark-up,fewer-up,dual,53:22.5
5c309bb410677f0001dda0ed,967,1,12,left-5,left,left-dark,light-up,fewer-up,dual,53:23.1
65fcab5ed252c205f819b116,549,0,67,right-5,right,right-dark,light-up,greater-up,dual,53:24.5
6991e46740117ca6ef90cd7c,1027,1,13,left-3,right,left-dark,dark-up,fewer-up,dual,53:24.3
66d1fdd400acfdbc181f41e0,1224,1,17,right-2,left,right-dark,dark-up,fewer-up,dual,53:23.3
695f9da1eba3887a2214b9f6,642,1,26,left-4,left,left-dark,dark-up,greater-up,single,53:24.0
698bd173e4842a5bd8ad85bb,1047,1,47,left-1,left,left-dark,light-up,fewer-up,single,53:24.5
6544ff9e0fb2eaaf83e2de5c,NULL,0,42,left-3,none,left-dark,dark-up,greater-up,dual,53:25.0
69ab54719141883544a6c1b6,1042,1,16,right-9,left,right-dark,dark-up,fewer-up,single,53:25.9
69adf22dc3c63cb295877200,1479,1,22,left-6,left,left-dark,dark-up,greater-up,dual,53:26.0
5c309bb410677f0001dda0ed,1057,0,13,right-3,right,right-dark,dark-up,fewer-up,dual,53:25.4
65fcab5ed252c205f819b116,969,1,68,right-8,left,right-dark,light-up,greater-up,dual,53:26.8
695f9da1eba3887a2214b9f6,757,1,27,left-1,right,left-dark,light-up,greater-up,single,53:26.1
604fe822b095421e07e3f93e,1126,1,55,left-8,left,left-dark,light-up,fewer-up,dual,53:25.6
6991e46740117ca6ef90cd7c,NULL,0,14,right-5,none,right-dark,light-up,greater-up,dual,53:27.0
698bd173e4842a5bd8ad85bb,1191,1,48,right-6,left,right-dark,light-up,greater-up,single,53:26.8
66d1fdd400acfdbc181f41e0,1320,1,18,left-9,right,left-dark,light-up,greater-up,dual,53:26.1
65fcab5ed252c205f819b116,571,1,69,right-0,right,right-dark,dark-up,greater-up,dual,53:28.6
5c309bb410677f0001dda0ed,NULL,0,14,right-1,none,right-dark,dark-up,fewer-up,dual,53:27.9
6544ff9e0fb2eaaf83e2de5c,1573,1,43,left-0,right,left-dark,dark-up,fewer-up,dual,53:28.5
695f9da1eba3887a2214b9f6,842,1,28,left-0,left,left-dark,light-up,fewer-up,single,53:27.9
69adf22dc3c63cb295877200,1466,1,23,left-2,right,left-dark,dark-up,fewer-up,dual,53:28.9
698bd173e4842a5bd8ad85bb,983,1,49,left-1,right,left-dark,dark-up,fewer-up,single,53:28.8
69ab54719141883544a6c1b6,1250,1,17,left-8,left,left-dark,light-up,fewer-up,single,53:29.1
604fe822b095421e07e3f93e,1555,1,56,right-5,right,right-dark,light-up,fewer-up,dual,53:28.6
66d1fdd400acfdbc181f41e0,1360,1,19,left-8,right,left-dark,dark-up,fewer-up,dual,53:28.9
6991e46740117ca6ef90cd7c,1157,1,15,right-4,left,right-dark,light-up,greater-up,dual,53:30.0
65fcab5ed252c205f819b116,851,1,70,right-4,left,right-dark,dark-up,fewer-up,dual,53:30.5
695f9da1eba3887a2214b9f6,719,1,29,left-5,right,left-dark,light-up,greater-up,single,53:30.3
5c309bb410677f0001dda0ed,434,1,15,left-1,left,left-dark,dark-up,greater-up,dual,53:30.1
6544ff9e0fb2eaaf83e2de5c,NULL,0,44,right-4,none,right-dark,light-up,greater-up,dual,53:31.1
69ab54719141883544a6c1b6,949,1,18,right-0,right,right-dark,dark-up,greater-up,single,53:31.4
698bd173e4842a5bd8ad85bb,1416,1,50,left-8,left,left-dark,dark-up,greater-up,single,53:31.3
69adf22dc3c63cb295877200,1367,1,24,right-5,right,right-dark,dark-up,greater-up,dual,53:31.8
604fe822b095421e07e3f93e,1031,1,57,left-9,left,left-dark,light-up,fewer-up,dual,53:31.1
695f9da1eba3887a2214b9f6,799,1,30,left-1,left,left-dark,light-up,fewer-up,single,53:32.2
65fcab5ed252c205f819b116,1206,1,71,left-4,left,left-dark,dark-up,greater-up,dual,53:33.1
6991e46740117ca6ef90cd7c,1487,0,16,right-0,left,right-dark,dark-up,greater-up,dual,53:32.8
5c309bb410677f0001dda0ed,1435,0,16,left-7,right,left-dark,dark-up,greater-up,dual,53:32.6
69ab54719141883544a6c1b6,998,1,19,right-9,left,right-dark,light-up,greater-up,single,53:33.6
698bd173e4842a5bd8ad85bb,1241,1,51,left-7,left,left-dark,light-up,fewer-up,single,53:33.6
6544ff9e0fb2eaaf83e2de5c,1452,1,45,right-2,right,right-dark,dark-up,greater-up,dual,53:34.3
69adf22dc3c63cb295877200,1374,0,25,left-5,right,left-dark,light-up,fewer-up,dual,53:34.6
604fe822b095421e07e3f93e,NULL,0,58,left-6,none,left-dark,light-up,fewer-up,dual,53:33.6
65fcab5ed252c205f819b116,995,1,72,left-9,right,left-dark,dark-up,fewer-up,dual,53:35.3
66eb1a41306925cf993d6490,1358,1,0,left-7,right,left-dark,dark-up,fewer-up,single,53:34.8
5c309bb410677f0001dda0ed,558,1,17,right-8,right,right-dark,light-up,fewer-up,dual,53:34.3
695f9da1eba3887a2214b9f6,978,1,31,right-4,left,right-dark,dark-up,fewer-up,single,53:34.7
6991e46740117ca6ef90cd7c,1435,1,17,right-3,left,right-dark,light-up,greater-up,dual,53:35.5
698bd173e4842a5bd8ad85bb,1027,1,52,right-4,right,right-dark,light-up,fewer-up,single,53:35.9
6544ff9e0fb2eaaf83e2de5c,NULL,0,46,left-9,none,left-dark,light-up,greater-up,dual,53:36.9
5c309bb410677f0001dda0ed,516,1,18,right-8,left,right-dark,dark-up,fewer-up,dual,53:36.3
695f9da1eba3887a2214b9f6,854,1,32,left-6,right,left-dark,light-up,greater-up,single,53:36.7
65fcab5ed252c205f819b116,940,0,73,right-2,right,right-dark,dark-up,fewer-up,dual,53:37.6
69adf22dc3c63cb295877200,1202,1,26,left-2,left,left-dark,dark-up,greater-up,dual,53:37.1
66eb1a41306925cf993d6490,1002,1,1,right-6,right,right-dark,dark-up,greater-up,single,53:37.4
604fe822b095421e07e3f93e,938,1,59,right-8,right,right-dark,dark-up,greater-up,dual,53:36.4
6991e46740117ca6ef90cd7c,1699,1,18,left-0,left,left-dark,dark-up,greater-up,dual,53:38.5
698bd173e4842a5bd8ad85bb,955,1,53,right-4,right,right-dark,dark-up,greater-up,single,53:38.4
695f9da1eba3887a2214b9f6,948,1,33,right-6,right,right-dark,dark-up,greater-up,single,53:38.7
65fcab5ed252c205f819b116,839,1,74,right-7,left,right-dark,dark-up,fewer-up,dual,53:39.5
5c309bb410677f0001dda0ed,1247,1,19,left-4,right,left-dark,light-up,greater-up,dual,53:38.7
69adf22dc3c63cb295877200,1059,1,27,left-7,right,left-dark,light-up,greater-up,dual,53:39.8
66eb1a41306925cf993d6490,1107,1,2,right-5,left,right-dark,light-up,greater-up,single,53:39.8
6544ff9e0fb2eaaf83e2de5c,1447,1,47,left-1,right,left-dark,dark-up,fewer-up,dual,53:40.3
67164d40becf6c95181afe97,1172,1,40,right-5,right,right-dark,light-up,fewer-up,dual,53:41.3
698bd173e4842a5bd8ad85bb,950,1,54,left-6,left,left-dark,light-up,fewer-up,single,53:40.6
695f9da1eba3887a2214b9f6,700,1,34,left-0,left,left-dark,dark-up,greater-up,single,53:40.6
6991e46740117ca6ef90cd7c,1230,0,19,left-9,right,left-dark,dark-up,greater-up,dual,53:41.0
69ab54719141883544a6c1b6,1106,0,20,left-1,right,left-dark,light-up,fewer-up,single,53:41.1
65fcab5ed252c205f819b116,1081,0,75,left-5,left,left-dark,light-up,greater-up,dual,53:41.8
66eb1a41306925cf993d6490,1355,1,3,left-7,left,left-dark,dark-up,greater-up,single,53:42.3
6544ff9e0fb2eaaf83e2de5c,NULL,0,48,right-9,none,right-dark,light-up,fewer-up,dual,53:42.7
69adf22dc3c63cb295877200,1481,1,28,left-5,right,left-dark,light-up,greater-up,dual,53:42.7
67164d40becf6c95181afe97,937,1,41,right-9,right,right-dark,dark-up,greater-up,dual,53:43.6
698bd173e4842a5bd8ad85bb,789,1,55,right-8,right,right-dark,dark-up,greater-up,single,53:42.8
695f9da1eba3887a2214b9f6,807,1,35,right-6,left,right-dark,dark-up,fewer-up,single,53:42.8
69ab54719141883544a6c1b6,964,1,21,right-7,left,right-dark,light-up,greater-up,single,53:43.3
65fcab5ed252c205f819b116,1388,0,76,right-0,right,right-dark,light-up,greater-up,dual,53:44.2
66d1fdd400acfdbc181f41e0,1006,0,20,right-7,right,right-dark,dark-up,fewer-up,dual,53:44.1
698bd173e4842a5bd8ad85bb,1047,1,56,right-8,left,right-dark,light-up,greater-up,single,53:44.9
66eb1a41306925cf993d6490,1389,1,4,left-9,left,left-dark,light-up,fewer-up,single,53:45.2
67164d40becf6c95181afe97,1325,1,42,right-6,right,right-dark,dark-up,greater-up,dual,53:46.0
695f9da1eba3887a2214b9f6,864,1,36,left-6,right,left-dark,dark-up,fewer-up,single,53:45.1
69adf22dc3c63cb295877200,1513,1,29,right-7,right,right-dark,light-up,fewer-up,dual,53:45.6
69ab54719141883544a6c1b6,868,1,22,right-5,left,right-dark,dark-up,fewer-up,single,53:45.6
65fcab5ed252c205f819b116,835,0,77,left-6,right,left-dark,light-up,fewer-up,dual,53:46.4
6544ff9e0fb2eaaf83e2de5c,1444,1,49,right-5,left,right-dark,light-up,greater-up,dual,53:45.9
604fe822b095421e07e3f93e,1071,1,60,left-2,left,left-dark,dark-up,greater-up,dual,53:45.3
698bd173e4842a5bd8ad85bb,843,1,57,left-6,right,left-dark,light-up,greater-up,single,53:46.9
66d1fdd400acfdbc181f41e0,1289,0,21,left-6,right,left-dark,light-up,fewer-up,dual,53:46.6
65fcab5ed252c205f819b116,340,0,78,right-1,left,right-dark,light-up,fewer-up,dual,53:48.1
66eb1a41306925cf993d6490,986,1,5,right-9,right,right-dark,light-up,fewer-up,single,53:47.7
67164d40becf6c95181afe97,1119,1,43,left-5,left,left-dark,light-up,fewer-up,dual,53:48.5
695f9da1eba3887a2214b9f6,759,1,37,left-7,right,left-dark,light-up,greater-up,single,53:47.4
69ab54719141883544a6c1b6,961,1,23,left-7,right,left-dark,light-up,greater-up,single,53:47.7
5c309bb410677f0001dda0ed,1566,1,20,right-2,right,right-dark,light-up,fewer-up,dual,53:47.2
6991e46740117ca6ef90cd7c,NULL,0,20,left-7,none,left-dark,dark-up,fewer-up,dual,53:48.3
604fe822b095421e07e3f93e,1090,1,61,left-5,right,left-dark,light-up,greater-up,dual,53:47.5
6544ff9e0fb2eaaf83e2de5c,1500,0,50,right-1,right,right-dark,dark-up,fewer-up,dual,53:48.6
69adf22dc3c63cb295877200,1624,1,30,left-1,left,left-dark,light-up,fewer-up,dual,53:48.6
698bd173e4842a5bd8ad85bb,841,1,58,right-3,left,right-dark,light-up,greater-up,single,53:48.8
66b3e078bef7d6dd6c53e015,932,1,60,left-6,right,left-dark,dark-up,fewer-up,dual,53:48.9
65fcab5ed252c205f819b116,325,0,79,left-8,right,left-dark,light-up,fewer-up,dual,53:49.6
695f9da1eba3887a2214b9f6,881,1,38,right-5,right,right-dark,dark-up,greater-up,single,53:49.5
66d1fdd400acfdbc181f41e0,1381,1,22,left-4,right,left-dark,dark-up,fewer-up,dual,53:49.2
69ab54719141883544a6c1b6,1030,1,24,right-7,right,right-dark,dark-up,greater-up,single,53:49.9
67164d40becf6c95181afe97,1105,1,44,left-7,left,left-dark,dark-up,greater-up,dual,53:51.0
66eb1a41306925cf993d6490,918,1,6,left-0,left,left-dark,dark-up,greater-up,single,53:50.3
5c309bb410677f0001dda0ed,1011,0,21,left-5,left,left-dark,dark-up,fewer-up,dual,53:49.7
69adf22dc3c63cb295877200,1133,1,31,left-7,left,left-dark,dark-up,greater-up,dual,53:50.9
698bd173e4842a5bd8ad85bb,943,1,59,left-6,right,left-dark,dark-up,fewer-up,single,53:51.0
604fe822b095421e07e3f93e,NULL,0,62,right-5,none,right-dark,light-up,greater-up,dual,53:50.1
6991e46740117ca6ef90cd7c,1508,1,21,left-6,right,left-dark,light-up,greater-up,dual,53:51.5
66b3e078bef7d6dd6c53e015,1182,1,61,left-5,right,left-dark,light-up,greater-up,dual,53:51.5
6544ff9e0fb2eaaf83e2de5c,1593,1,51,right-2,right,right-dark,light-up,fewer-up,dual,53:51.6
695f9da1eba3887a2214b9f6,1052,1,39,right-9,right,right-dark,light-up,fewer-up,single,53:51.6
69ab54719141883544a6c1b6,890,1,25,right-5,right,right-dark,dark-up,greater-up,single,53:51.9
5c309bb410677f0001dda0ed,732,0,22,left-7,left,left-dark,light-up,greater-up,dual,53:51.4
66d1fdd400acfdbc181f41e0,1060,1,23,right-0,left,right-dark,light-up,greater-up,dual,53:51.4
66eb1a41306925cf993d6490,1230,1,7,right-4,left,right-dark,dark-up,fewer-up,single,53:52.7
67164d40becf6c95181afe97,NULL,0,45,right-9,none,right-dark,light-up,greater-up,dual,53:53.5
69adf22dc3c63cb295877200,1152,1,32,left-9,left,left-dark,light-up,fewer-up,dual,53:53.2
66b3e078bef7d6dd6c53e015,881,1,62,right-2,right,right-dark,dark-up,greater-up,dual,53:53.7
5c309bb410677f0001dda0ed,283,0,23,left-2,left,left-dark,light-up,greater-up,dual,53:53.2
6544ff9e0fb2eaaf83e2de5c,NULL,0,52,left-4,none,left-dark,dark-up,greater-up,dual,53:53.9
604fe822b095421e07e3f93e,1415,1,63,left-9,right,left-dark,dark-up,fewer-up,dual,53:53.1
6991e46740117ca6ef90cd7c,1699,1,22,left-3,right,left-dark,light-up,greater-up,dual,53:54.4
69ab54719141883544a6c1b6,1004,1,26,right-2,right,right-dark,dark-up,greater-up,single,53:54.3
66d1fdd400acfdbc181f41e0,1188,0,24,left-4,right,left-dark,dark-up,greater-up,dual,53:53.8
66eb1a41306925cf993d6490,1003,0,8,right-1,right,right-dark,dark-up,fewer-up,single,53:55.1
67164d40becf6c95181afe97,1350,1,46,right-7,left,right-dark,dark-up,fewer-up,dual,53:56.4
69adf22dc3c63cb295877200,1171,1,33,left-7,right,left-dark,dark-up,fewer-up,dual,53:55.8
66b3e078bef7d6dd6c53e015,847,1,63,left-1,right,left-dark,light-up,greater-up,dual,53:56.0
69ab54719141883544a6c1b6,810,1,27,right-8,right,right-dark,dark-up,greater-up,single,53:56.2
604fe822b095421e07e3f93e,814,1,64,left-4,left,left-dark,dark-up,greater-up,dual,53:55.1
5c309bb410677f0001dda0ed,1395,0,24,left-0,right,left-dark,dark-up,greater-up,dual,53:55.7
6991e46740117ca6ef90cd7c,NULL,0,23,left-4,none,left-dark,light-up,fewer-up,dual,53:56.8
6544ff9e0fb2eaaf83e2de5c,NULL,0,53,left-2,none,left-dark,light-up,fewer-up,dual,53:56.7
66d1fdd400acfdbc181f41e0,1284,1,25,right-4,right,right-dark,light-up,fewer-up,dual,53:56.2
67164d40becf6c95181afe97,930,1,47,left-6,right,left-dark,light-up,greater-up,dual,53:58.5
66eb1a41306925cf993d6490,1131,1,9,left-4,left,left-dark,light-up,fewer-up,single,53:57.8
5c309bb410677f0001dda0ed,431,1,25,left-5,right,left-dark,light-up,greater-up,dual,53:57.1
698bd173e4842a5bd8ad85bb,1048,1,60,left-2,right,left-dark,light-up,greater-up,single,53:58.6
69adf22dc3c63cb295877200,1476,1,34,left-8,left,left-dark,dark-up,greater-up,dual,53:58.7
69ab54719141883544a6c1b6,838,1,28,left-4,left,left-dark,dark-up,greater-up,single,53:58.7
66b3e078bef7d6dd6c53e015,1199,0,64,left-1,left,left-dark,dark-up,fewer-up,dual,53:58.7
604fe822b095421e07e3f93e,1140,1,65,right-8,right,right-dark,light-up,fewer-up,dual,53:57.8
66d1fdd400acfdbc181f41e0,1070,0,26,right-2,left,right-dark,dark-up,greater-up,dual,53:58.6
6544ff9e0fb2eaaf83e2de5c,1152,1,54,left-2,left,left-dark,dark-up,greater-up,dual,53:59.4
6991e46740117ca6ef90cd7c,NULL,0,24,left-0,none,left-dark,dark-up,fewer-up,dual,53:59.8
67164d40becf6c95181afe97,1570,1,48,left-0,left,left-dark,light-up,fewer-up,dual,54:01.1
69ab54719141883544a6c1b6,745,1,29,right-6,right,right-dark,dark-up,greater-up,single,54:00.4
5c309bb410677f0001dda0ed,1386,1,26,right-4,left,right-dark,light-up,greater-up,dual,54:00.0
66eb1a41306925cf993d6490,1553,1,10,left-2,right,left-dark,light-up,greater-up,single,54:00.8
698bd173e4842a5bd8ad85bb,1237,1,61,left-8,left,left-dark,light-up,fewer-up,single,54:00.8
66b3e078bef7d6dd6c53e015,1325,1,65,left-3,right,left-dark,light-up,greater-up,dual,54:01.4
69adf22dc3c63cb295877200,1509,1,35,left-9,left,left-dark,dark-up,greater-up,dual,54:01.4
6544ff9e0fb2eaaf83e2de5c,846,1,55,left-5,left,left-dark,dark-up,greater-up,dual,54:01.7
604fe822b095421e07e3f93e,1579,0,66,left-7,left,left-dark,dark-up,fewer-up,dual,54:00.8
66d1fdd400acfdbc181f41e0,1226,1,27,right-8,right,right-dark,dark-up,greater-up,dual,54:01.1
6991e46740117ca6ef90cd7c,NULL,0,25,right-8,none,right-dark,light-up,fewer-up,dual,54:02.6
69ab54719141883544a6c1b6,866,1,30,left-0,left,left-dark,light-up,fewer-up,single,54:02.5
67164d40becf6c95181afe97,966,1,49,right-7,right,right-dark,dark-up,greater-up,dual,54:03.6
5c309bb410677f0001dda0ed,1303,1,27,left-4,left,left-dark,dark-up,greater-up,dual,54:02.4
66eb1a41306925cf993d6490,1022,1,11,right-2,left,right-dark,light-up,greater-up,single,54:03.2
698bd173e4842a5bd8ad85bb,994,1,62,right-0,right,right-dark,light-up,fewer-up,single,54:03.2
66b3e078bef7d6dd6c53e015,750,1,66,left-4,right,left-dark,light-up,greater-up,dual,54:03.2
6544ff9e0fb2eaaf83e2de5c,1017,1,56,left-3,left,left-dark,light-up,fewer-up,dual,54:04.0
69adf22dc3c63cb295877200,1156,0,36,left-3,left,left-dark,dark-up,fewer-up,dual,54:04.1
604fe822b095421e07e3f93e,1098,1,67,right-9,left,right-dark,dark-up,fewer-up,dual,54:03.2
66d1fdd400acfdbc181f41e0,1129,1,28,left-5,left,left-dark,dark-up,greater-up,dual,54:03.7
69ab54719141883544a6c1b6,923,1,31,left-1,left,left-dark,dark-up,greater-up,single,54:04.8
6991e46740117ca6ef90cd7c,NULL,0,26,right-0,none,right-dark,dark-up,fewer-up,dual,54:05.7
66eb1a41306925cf993d6490,1255,1,12,left-4,right,left-dark,light-up,greater-up,single,54:05.6
67164d40becf6c95181afe97,1352,1,50,left-2,right,left-dark,light-up,greater-up,dual,54:06.4
5c309bb410677f0001dda0ed,1101,1,28,left-8,right,left-dark,light-up,greater-up,dual,54:05.0
66b3e078bef7d6dd6c53e015,1140,1,67,right-4,right,right-dark,light-up,fewer-up,dual,54:05.7
698bd173e4842a5bd8ad85bb,1523,1,63,right-4,left,right-dark,light-up,greater-up,single,54:05.9
6544ff9e0fb2eaaf83e2de5c,925,0,57,left-3,left,left-dark,light-up,greater-up,dual,54:06.1
69adf22dc3c63cb295877200,1006,0,37,right-8,right,right-dark,light-up,greater-up,dual,54:06.2
69ab54719141883544a6c1b6,865,1,32,left-0,right,left-dark,light-up,greater-up,single,54:06.7
66d1fdd400acfdbc181f41e0,1294,1,29,right-0,right,right-dark,light-up,fewer-up,dual,54:06.2
604fe822b095421e07e3f93e,1260,1,68,right-4,left,right-dark,light-up,greater-up,dual,54:05.9
66b3e078bef7d6dd6c53e015,735,1,68,left-1,left,left-dark,dark-up,greater-up,dual,54:07.8
66eb1a41306925cf993d6490,995,1,13,left-1,left,left-dark,dark-up,greater-up,single,54:08.0
698bd173e4842a5bd8ad85bb,1017,1,64,left-5,left,left-dark,light-up,fewer-up,single,54:08.3
67164d40becf6c95181afe97,1050,1,51,left-4,left,left-dark,light-up,fewer-up,dual,54:09.1
5c309bb410677f0001dda0ed,1141,1,29,left-3,right,left-dark,light-up,greater-up,dual,54:07.7
6991e46740117ca6ef90cd7c,1418,1,27,left-9,left,left-dark,light-up,fewer-up,dual,54:08.8
69adf22dc3c63cb295877200,1381,1,38,left-2,right,left-dark,light-up,greater-up,dual,54:08.7
6544ff9e0fb2eaaf83e2de5c,1733,1,58,right-7,right,right-dark,dark-up,greater-up,dual,54:08.9
604fe822b095421e07e3f93e,757,1,69,right-4,right,right-dark,dark-up,greater-up,dual,54:07.9
69ab54719141883544a6c1b6,855,1,33,left-7,left,left-dark,light-up,fewer-up,single,54:09.0
66d1fdd400acfdbc181f41e0,1295,0,30,left-6,left,left-dark,dark-up,fewer-up,dual,54:08.7
66b3e078bef7d6dd6c53e015,1095,1,69,right-8,right,right-dark,light-up,fewer-up,dual,54:10.1
698bd173e4842a5bd8ad85bb,1074,1,65,right-2,right,right-dark,light-up,fewer-up,single,54:10.6
66eb1a41306925cf993d6490,1190,1,14,left-9,right,left-dark,light-up,greater-up,single,54:10.6
67164d40becf6c95181afe97,1011,1,52,right-4,right,right-dark,light-up,fewer-up,dual,54:11.6
5c309bb410677f0001dda0ed,1399,1,30,left-9,left,left-dark,dark-up,greater-up,dual,54:10.2
6544ff9e0fb2eaaf83e2de5c,706,0,59,left-7,left,left-dark,dark-up,fewer-up,dual,54:10.9
69adf22dc3c63cb295877200,NULL,0,39,right-3,none,right-dark,light-up,greater-up,dual,54:11.5
69ab54719141883544a6c1b6,990,1,34,right-3,right,right-dark,light-up,fewer-up,single,54:11.5
6991e46740117ca6ef90cd7c,1665,1,28,left-7,left,left-dark,dark-up,greater-up,dual,54:11.7
66d1fdd400acfdbc181f41e0,1107,1,31,right-8,left,right-dark,dark-up,fewer-up,dual,54:10.9
604fe822b095421e07e3f93e,1484,0,70,right-6,left,right-dark,light-up,fewer-up,dual,54:10.7
695f9da1eba3887a2214b9f6,883,1,40,left-4,right,left-dark,dark-up,fewer-up,single,54:11.6
66b3e078bef7d6dd6c53e015,819,1,70,left-4,left,left-dark,light-up,fewer-up,dual,54:12.2
698bd173e4842a5bd8ad85bb,803,1,66,right-3,right,right-dark,light-up,fewer-up,single,54:12.6
66eb1a41306925cf993d6490,1083,1,15,left-6,left,left-dark,dark-up,greater-up,single,54:13.1
5c309bb410677f0001dda0ed,821,0,31,left-0,left,left-dark,dark-up,fewer-up,dual,54:12.4
67164d40becf6c95181afe97,1020,1,53,left-8,left,left-dark,dark-up,greater-up,dual,54:13.9
69ab54719141883544a6c1b6,897,1,35,left-9,right,left-dark,light-up,greater-up,single,54:13.7
6991e46740117ca6ef90cd7c,NULL,0,29,right-1,none,right-dark,dark-up,fewer-up,dual,54:14.0
604fe822b095421e07e3f93e,961,1,71,right-5,right,right-dark,dark-up,greater-up,dual,54:12.8
66d1fdd400acfdbc181f41e0,1004,1,32,left-5,right,left-dark,dark-up,fewer-up,dual,54:13.3
695f9da1eba3887a2214b9f6,944,1,41,right-8,right,right-dark,light-up,fewer-up,single,54:14.0
66b3e078bef7d6dd6c53e015,1019,1,71,right-0,left,right-dark,dark-up,fewer-up,dual,54:14.7
5c309bb410677f0001dda0ed,500,0,32,right-9,right,right-dark,light-up,greater-up,dual,54:14.2
67a610387d56a92a9e3757a5,1603,1,0,left-2,left,left-dark,light-up,fewer-up,single,54:14.8
698bd173e4842a5bd8ad85bb,1340,1,67,left-8,right,left-dark,light-up,greater-up,single,54:15.1
66eb1a41306925cf993d6490,994,1,16,left-5,right,left-dark,light-up,greater-up,single,54:15.3
67164d40becf6c95181afe97,1637,1,54,right-6,right,right-dark,light-up,fewer-up,dual,54:16.9
695f9da1eba3887a2214b9f6,642,1,42,right-2,left,right-dark,light-up,greater-up,single,54:15.8
69ab54719141883544a6c1b6,1352,1,36,left-5,right,left-dark,dark-up,fewer-up,single,54:16.3
604fe822b095421e07e3f93e,1232,1,72,right-3,left,right-dark,dark-up,fewer-up,dual,54:15.5
66d1fdd400acfdbc181f41e0,1170,1,33,right-9,right,right-dark,dark-up,greater-up,dual,54:15.9
6991e46740117ca6ef90cd7c,NULL,0,30,left-1,none,left-dark,light-up,fewer-up,dual,54:16.8
66b3e078bef7d6dd6c53e015,926,1,72,left-0,right,left-dark,light-up,greater-up,dual,54:16.9
67a610387d56a92a9e3757a5,879,1,1,right-3,right,right-dark,dark-up,greater-up,single,54:17.0
5c309bb410677f0001dda0ed,1062,1,33,left-1,right,left-dark,light-up,greater-up,dual,54:16.6
698bd173e4842a5bd8ad85bb,1276,1,68,left-9,left,left-dark,dark-up,greater-up,single,54:17.6
695f9da1eba3887a2214b9f6,584,1,43,right-9,left,right-dark,light-up,greater-up,single,54:17.5
6544ff9e0fb2eaaf83e2de5c,1125,0,60,left-1,left,left-dark,light-up,greater-up,dual,54:17.8
66eb1a41306925cf993d6490,1308,1,17,left-0,right,left-dark,dark-up,fewer-up,single,54:17.9
67164d40becf6c95181afe97,1077,1,55,right-2,left,right-dark,dark-up,fewer-up,dual,54:19.3
69ab54719141883544a6c1b6,957,1,37,left-8,left,left-dark,dark-up,greater-up,single,54:18.4
66b3e078bef7d6dd6c53e015,1095,1,73,right-8,left,right-dark,dark-up,fewer-up,dual,54:19.1
604fe822b095421e07e3f93e,NULL,0,73,right-5,none,right-dark,dark-up,fewer-up,dual,54:18.1
67a610387d56a92a9e3757a5,1093,1,2,left-1,right,left-dark,light-up,greater-up,single,54:19.2
66d1fdd400acfdbc181f41e0,1530,1,34,left-8,left,left-dark,dark-up,greater-up,dual,54:18.5
6991e46740117ca6ef90cd7c,NULL,0,31,right-1,none,right-dark,light-up,fewer-up,dual,54:19.7
5c309bb410677f0001dda0ed,1069,1,34,left-9,right,left-dark,light-up,greater-up,dual,54:19.1
698bd173e4842a5bd8ad85bb,1258,1,69,right-2,left,right-dark,dark-up,fewer-up,single,54:19.9
695f9da1eba3887a2214b9f6,805,1,44,left-3,right,left-dark,dark-up,fewer-up,single,54:19.7
66eb1a41306925cf993d6490,1347,1,18,right-2,right,right-dark,light-up,fewer-up,single,54:20.4
69ab54719141883544a6c1b6,790,1,38,left-8,right,left-dark,light-up,greater-up,single,54:20.7
67164d40becf6c95181afe97,902,1,56,right-0,left,right-dark,light-up,greater-up,dual,54:21.6
6544ff9e0fb2eaaf83e2de5c,1574,1,61,right-3,right,right-dark,light-up,fewer-up,dual,54:20.8
66b3e078bef7d6dd6c53e015,956,1,74,left-4,left,left-dark,dark-up,greater-up,dual,54:21.2
67a610387d56a92a9e3757a5,1408,1,3,right-9,left,right-dark,dark-up,fewer-up,single,54:21.9
66d1fdd400acfdbc181f41e0,1271,1,35,right-9,left,right-dark,dark-up,fewer-up,dual,54:21.2
5c309bb410677f0001dda0ed,1071,0,35,left-7,left,left-dark,dark-up,fewer-up,dual,54:21.5
695f9da1eba3887a2214b9f6,767,1,45,right-9,left,right-dark,dark-up,fewer-up,single,54:21.9
698bd173e4842a5bd8ad85bb,1164,1,70,right-0,right,right-dark,dark-up,greater-up,single,54:22.4
604fe822b095421e07e3f93e,NULL,0,74,right-8,none,right-dark,light-up,greater-up,dual,54:21.3
69ab54719141883544a6c1b6,1078,1,39,right-6,right,right-dark,light-up,fewer-up,single,54:22.8
6991e46740117ca6ef90cd7c,1538,0,32,left-0,right,left-dark,light-up,fewer-up,dual,54:23.1
67164d40becf6c95181afe97,NULL,0,57,left-3,none,left-dark,dark-up,greater-up,dual,54:24.0
6544ff9e0fb2eaaf83e2de5c,1258,0,62,right-3,right,right-dark,light-up,greater-up,dual,54:23.4
66b3e078bef7d6dd6c53e015,1174,1,75,right-1,left,right-dark,dark-up,fewer-up,dual,54:23.5
67a610387d56a92a9e3757a5,1057,1,4,left-8,right,left-dark,dark-up,fewer-up,single,54:24.2
66d1fdd400acfdbc181f41e0,1172,1,36,left-9,right,left-dark,dark-up,fewer-up,dual,54:23.5
695f9da1eba3887a2214b9f6,951,1,46,left-7,left,left-dark,light-up,fewer-up,single,54:24.1
5c309bb410677f0001dda0ed,886,0,36,left-0,right,left-dark,light-up,fewer-up,dual,54:23.8
698bd173e4842a5bd8ad85bb,1478,1,71,left-3,right,left-dark,light-up,greater-up,single,54:25.3
604fe822b095421e07e3f93e,1441,1,75,right-0,right,right-dark,light-up,fewer-up,dual,54:24.5
6991e46740117ca6ef90cd7c,1349,0,33,right-8,right,right-dark,light-up,greater-up,dual,54:25.9
66b3e078bef7d6dd6c53e015,1214,1,76,left-7,right,left-dark,light-up,greater-up,dual,54:26.1
67164d40becf6c95181afe97,918,1,58,right-9,right,right-dark,light-up,fewer-up,dual,54:26.9
6544ff9e0fb2eaaf83e2de5c,NULL,0,63,right-6,none,right-dark,dark-up,greater-up,dual,54:26.1
695f9da1eba3887a2214b9f6,709,1,47,right-3,left,right-dark,light-up,greater-up,single,54:25.9
5c309bb410677f0001dda0ed,1029,0,37,right-7,right,right-dark,dark-up,fewer-up,dual,54:26.1
61084e45d53567348ae45e57,1375,0,0,right-2,right,right-dark,light-up,greater-up,single,54:27.3
67a610387d56a92a9e3757a5,1065,1,5,right-0,right,right-dark,light-up,fewer-up,single,54:26.8
66d1fdd400acfdbc181f41e0,1477,0,37,right-3,left,right-dark,dark-up,greater-up,dual,54:26.4
698bd173e4842a5bd8ad85bb,735,1,72,left-0,right,left-dark,light-up,greater-up,single,54:27.4
66eb1a41306925cf993d6490,1343,1,19,right-8,right,right-dark,dark-up,greater-up,single,54:23.3
604fe822b095421e07e3f93e,NULL,0,76,left-1,none,left-dark,light-up,fewer-up,dual,54:26.9
66b3e078bef7d6dd6c53e015,948,1,77,left-2,right,left-dark,light-up,greater-up,dual,54:28.2
69ab54719141883544a6c1b6,883,1,40,left-3,right,left-dark,dark-up,fewer-up,single,54:28.3
67164d40becf6c95181afe97,812,1,59,left-0,right,left-dark,light-up,greater-up,dual,54:29.2
695f9da1eba3887a2214b9f6,1165,1,48,right-8,left,right-dark,dark-up,fewer-up,single,54:28.2
6991e46740117ca6ef90cd7c,1687,1,34,right-2,left,right-dark,dark-up,fewer-up,dual,54:29.1
61084e45d53567348ae45e57,960,1,1,left-9,left,left-dark,light-up,fewer-up,single,54:29.6
67a610387d56a92a9e3757a5,1007,1,6,left-5,left,left-dark,dark-up,greater-up,single,54:29.2
5c309bb410677f0001dda0ed,1336,1,38,right-7,left,right-dark,light-up,greater-up,dual,54:28.9
698bd173e4842a5bd8ad85bb,807,1,73,left-4,left,left-dark,dark-up,greater-up,single,54:29.6
6544ff9e0fb2eaaf83e2de5c,1585,1,64,right-0,right,right-dark,light-up,fewer-up,dual,54:29.6
69adf22dc3c63cb295877200,1170,1,40,right-3,right,right-dark,dark-up,greater-up,dual,54:29.6
66d1fdd400acfdbc181f41e0,1304,1,38,right-3,right,right-dark,light-up,fewer-up,dual,54:29.0
66b3e078bef7d6dd6c53e015,1161,1,78,right-2,right,right-dark,light-up,fewer-up,dual,54:30.5
69ab54719141883544a6c1b6,733,1,41,left-6,left,left-dark,dark-up,greater-up,single,54:30.6
695f9da1eba3887a2214b9f6,1014,1,49,right-1,left,right-dark,light-up,greater-up,single,54:30.6
604fe822b095421e07e3f93e,1298,1,77,left-0,left,left-dark,light-up,fewer-up,dual,54:30.0
61084e45d53567348ae45e57,938,1,2,right-8,right,right-dark,light-up,fewer-up,single,54:32.2
6991e46740117ca6ef90cd7c,NULL,0,35,right-4,none,right-dark,light-up,fewer-up,dual,54:31.8
69adf22dc3c63cb295877200,1153,1,41,right-0,right,right-dark,dark-up,greater-up,dual,54:32.0
67a610387d56a92a9e3757a5,1502,1,7,right-7,left,right-dark,dark-up,fewer-up,single,54:31.9
698bd173e4842a5bd8ad85bb,1232,1,74,right-8,left,right-dark,dark-up,fewer-up,single,54:32.1
5c309bb410677f0001dda0ed,1554,1,39,left-9,left,left-dark,light-up,fewer-up,dual,54:31.8
66d1fdd400acfdbc181f41e0,1174,0,39,left-4,left,left-dark,light-up,greater-up,dual,54:31.6
6544ff9e0fb2eaaf83e2de5c,1510,1,65,right-3,left,right-dark,dark-up,fewer-up,dual,54:32.6
69ab54719141883544a6c1b6,796,1,42,left-3,right,left-dark,light-up,greater-up,single,54:32.7
66b3e078bef7d6dd6c53e015,1029,1,79,left-8,right,left-dark,dark-up,fewer-up,dual,54:32.8
604fe822b095421e07e3f93e,731,1,78,left-7,left,left-dark,dark-up,greater-up,dual,54:32.1
695f9da1eba3887a2214b9f6,1004,1,50,left-5,right,left-dark,dark-up,fewer-up,single,54:33.1
67a610387d56a92a9e3757a5,1132,1,8,left-7,left,left-dark,light-up,fewer-up,single,54:34.4
61084e45d53567348ae45e57,1597,1,3,left-4,right,left-dark,dark-up,fewer-up,single,54:35.0
698bd173e4842a5bd8ad85bb,1173,1,75,left-0,left,left-dark,dark-up,greater-up,single,54:34.5
69adf22dc3c63cb295877200,1248,0,42,right-9,right,right-dark,light-up,greater-up,dual,54:34.7
6544ff9e0fb2eaaf83e2de5c,NULL,0,66,left-4,none,left-dark,light-up,greater-up,dual,54:34.9
69ab54719141883544a6c1b6,899,1,43,right-0,left,right-dark,dark-up,fewer-up,single,54:35.0
6991e46740117ca6ef90cd7c,1608,1,36,left-6,left,left-dark,light-up,fewer-up,dual,54:35.4
695f9da1eba3887a2214b9f6,910,1,51,left-6,left,left-dark,light-up,fewer-up,single,54:35.1
604fe822b095421e07e3f93e,1168,1,79,right-6,left,right-dark,light-up,greater-up,dual,54:34.7
61084e45d53567348ae45e57,1139,1,4,left-6,left,left-dark,dark-up,greater-up,single,54:37.4
698bd173e4842a5bd8ad85bb,1064,0,76,right-7,right,right-dark,dark-up,fewer-up,single,54:37.0
69adf22dc3c63cb295877200,NULL,0,43,left-4,none,left-dark,dark-up,greater-up,dual,54:37.1
69ab54719141883544a6c1b6,772,1,44,left-4,left,left-dark,light-up,fewer-up,single,54:37.1
67a610387d56a92a9e3757a5,1534,1,9,right-4,left,right-dark,light-up,greater-up,single,54:37.3
695f9da1eba3887a2214b9f6,793,1,52,left-7,right,left-dark,dark-up,fewer-up,single,54:37.1
6544ff9e0fb2eaaf83e2de5c,1496,1,67,left-1,left,left-dark,dark-up,greater-up,dual,54:37.9
6991e46740117ca6ef90cd7c,NULL,0,37,right-3,none,right-dark,dark-up,fewer-up,dual,54:38.2
698bd173e4842a5bd8ad85bb,1013,1,77,left-3,right,left-dark,dark-up,fewer-up,single,54:39.3
695f9da1eba3887a2214b9f6,885,1,53,left-0,right,left-dark,dark-up,fewer-up,single,54:39.1
61084e45d53567348ae45e57,1222,1,5,right-5,left,right-dark,light-up,greater-up,single,54:39.8
66eb1a41306925cf993d6490,1190,1,20,left-9,left,left-dark,dark-up,greater-up,single,54:39.4
69ab54719141883544a6c1b6,910,1,45,left-6,left,left-dark,light-up,fewer-up,single,54:39.4
67a610387d56a92a9e3757a5,1163,1,10,right-1,right,right-dark,light-up,fewer-up,single,54:39.7
69adf22dc3c63cb295877200,1095,1,44,right-8,right,right-dark,dark-up,greater-up,dual,54:40.0
6544ff9e0fb2eaaf83e2de5c,NULL,0,68,left-5,none,left-dark,light-up,fewer-up,dual,54:40.7
6991e46740117ca6ef90cd7c,1519,0,38,right-6,left,right-dark,dark-up,greater-up,dual,54:41.6
695f9da1eba3887a2214b9f6,960,1,54,left-9,left,left-dark,light-up,fewer-up,single,54:41.3
66eb1a41306925cf993d6490,944,1,21,right-3,right,right-dark,dark-up,greater-up,single,54:41.7
698bd173e4842a5bd8ad85bb,1244,1,78,left-7,right,left-dark,dark-up,fewer-up,single,54:41.9
69ab54719141883544a6c1b6,912,1,46,left-9,right,left-dark,dark-up,fewer-up,single,54:41.9
61084e45d53567348ae45e57,1221,1,6,right-6,left,right-dark,light-up,greater-up,single,54:42.5
67a610387d56a92a9e3757a5,1032,1,11,left-2,right,left-dark,light-up,greater-up,single,54:42.2
69adf22dc3c63cb295877200,859,0,45,left-0,left,left-dark,dark-up,fewer-up,dual,54:42.2
6544ff9e0fb2eaaf83e2de5c,1005,1,69,left-2,right,left-dark,light-up,greater-up,dual,54:43.4
695f9da1eba3887a2214b9f6,792,1,55,left-5,left,left-dark,dark-up,greater-up,single,54:43.4
6991e46740117ca6ef90cd7c,NULL,0,39,right-6,none,right-dark,dark-up,fewer-up,dual,54:44.3
698bd173e4842a5bd8ad85bb,1002,1,79,right-2,left,right-dark,light-up,greater-up,single,54:44.1
69adf22dc3c63cb295877200,966,1,46,left-7,left,left-dark,light-up,fewer-up,dual,54:44.2
69ab54719141883544a6c1b6,893,1,47,right-9,right,right-dark,light-up,fewer-up,single,54:44.3
66eb1a41306925cf993d6490,1288,1,22,right-7,left,right-dark,dark-up,fewer-up,single,54:44.4
61084e45d53567348ae45e57,1142,1,7,left-2,right,left-dark,dark-up,fewer-up,single,54:45.1
67a610387d56a92a9e3757a5,1156,1,12,left-5,left,left-dark,light-up,fewer-up,single,54:44.8
695f9da1eba3887a2214b9f6,695,1,56,left-4,right,left-dark,light-up,greater-up,single,54:45.4
6544ff9e0fb2eaaf83e2de5c,1486,1,70,left-2,right,left-dark,dark-up,fewer-up,dual,54:46.0
69adf22dc3c63cb295877200,1092,1,47,left-0,left,left-dark,dark-up,greater-up,dual,54:46.4
66eb1a41306925cf993d6490,857,1,23,right-3,right,right-dark,light-up,fewer-up,single,54:46.5
69ab54719141883544a6c1b6,963,1,48,right-1,right,right-dark,light-up,fewer-up,single,54:46.8
5c309bb410677f0001dda0ed,NULL,0,40,left-2,none,left-dark,light-up,fewer-up,dual,54:46.2
67a610387d56a92a9e3757a5,1171,1,13,right-4,left,right-dark,dark-up,fewer-up,single,54:47.1
61084e45d53567348ae45e57,1390,1,8,right-6,left,right-dark,dark-up,fewer-up,single,54:48.0
695f9da1eba3887a2214b9f6,985,1,57,right-1,right,right-dark,light-up,fewer-up,single,54:47.9
69adf22dc3c63cb295877200,903,1,48,right-0,right,right-dark,light-up,fewer-up,dual,54:48.6
6544ff9e0fb2eaaf83e2de5c,1278,1,71,right-1,left,right-dark,light-up,greater-up,dual,54:48.7
66eb1a41306925cf993d6490,1456,0,24,left-2,right,left-dark,light-up,fewer-up,single,54:49.0
67a610387d56a92a9e3757a5,885,1,14,right-5,right,right-dark,dark-up,greater-up,single,54:49.1
69ab54719141883544a6c1b6,1175,1,49,right-7,right,right-dark,light-up,fewer-up,single,54:49.5
695f9da1eba3887a2214b9f6,739,1,58,left-7,left,left-dark,dark-up,greater-up,single,54:49.7
5c309bb410677f0001dda0ed,1497,1,41,right-0,left,right-dark,dark-up,fewer-up,dual,54:49.3
61084e45d53567348ae45e57,1077,0,9,right-0,left,right-dark,dark-up,greater-up,single,54:50.6
6991e46740117ca6ef90cd7c,NULL,0,40,left-8,none,left-dark,light-up,fewer-up,dual,54:50.7
6544ff9e0fb2eaaf83e2de5c,1125,1,72,left-6,left,left-dark,light-up,fewer-up,dual,54:51.1
69adf22dc3c63cb295877200,1111,1,49,right-7,right,right-dark,dark-up,greater-up,dual,54:51.1
695f9da1eba3887a2214b9f6,685,1,59,right-8,right,right-dark,dark-up,greater-up,single,54:51.5
67a610387d56a92a9e3757a5,1163,1,15,left-3,right,left-dark,dark-up,fewer-up,single,54:51.7
69ab54719141883544a6c1b6,931,1,50,left-5,right,left-dark,light-up,greater-up,single,54:51.8
66eb1a41306925cf993d6490,1489,1,25,right-0,left,right-dark,dark-up,fewer-up,single,54:52.0
5c309bb410677f0001dda0ed,1127,1,42,right-5,left,right-dark,dark-up,fewer-up,dual,54:51.6
61084e45d53567348ae45e57,1179,1,10,right-9,left,right-dark,light-up,greater-up,single,54:53.0
69adf22dc3c63cb295877200,1159,1,50,left-6,left,left-dark,light-up,fewer-up,dual,54:53.4
6991e46740117ca6ef90cd7c,NULL,0,41,right-7,none,right-dark,light-up,greater-up,dual,54:53.6
6544ff9e0fb2eaaf83e2de5c,1107,0,73,right-9,right,right-dark,dark-up,fewer-up,dual,54:53.6
66d1fdd400acfdbc181f41e0,1288,1,40,left-3,right,left-dark,light-up,greater-up,dual,54:52.9
69ab54719141883544a6c1b6,892,1,51,left-4,right,left-dark,light-up,greater-up,single,54:54.0
67a610387d56a92a9e3757a5,1042,1,16,left-4,left,left-dark,dark-up,greater-up,single,54:54.2
61084e45d53567348ae45e57,941,1,11,left-2,left,left-dark,dark-up,greater-up,single,54:55.1
66eb1a41306925cf993d6490,1143,1,26,right-8,right,right-dark,light-up,fewer-up,single,54:54.7
5c309bb410677f0001dda0ed,1656,0,43,right-0,left,right-dark,light-up,fewer-up,dual,54:54.5
69adf22dc3c63cb295877200,992,0,51,right-6,right,right-dark,light-up,greater-up,dual,54:55.8
6544ff9e0fb2eaaf83e2de5c,1169,1,74,left-0,right,left-dark,light-up,greater-up,dual,54:56.0
69ab54719141883544a6c1b6,901,1,52,left-0,left,left-dark,dark-up,greater-up,single,54:56.0
66d1fdd400acfdbc181f41e0,1124,1,41,left-2,left,left-dark,dark-up,greater-up,dual,54:55.6
67a610387d56a92a9e3757a5,1061,1,17,right-9,right,right-dark,light-up,fewer-up,single,54:56.4
6991e46740117ca6ef90cd7c,NULL,0,42,right-7,none,right-dark,dark-up,fewer-up,dual,54:56.7
66eb1a41306925cf993d6490,1169,1,27,right-4,right,right-dark,light-up,fewer-up,single,54:56.9
61084e45d53567348ae45e57,1408,1,12,right-7,right,right-dark,light-up,fewer-up,single,54:57.7
5c309bb410677f0001dda0ed,1443,1,44,left-3,left,left-dark,light-up,fewer-up,dual,54:57.2
69ab54719141883544a6c1b6,1087,1,53,right-4,left,right-dark,dark-up,fewer-up,single,54:58.4
69adf22dc3c63cb295877200,1282,1,52,left-9,right,left-dark,light-up,greater-up,dual,54:58.5
67a610387d56a92a9e3757a5,1116,1,18,right-8,right,right-dark,light-up,fewer-up,single,54:58.6
6544ff9e0fb2eaaf83e2de5c,NULL,0,75,left-7,none,left-dark,dark-up,greater-up,dual,54:58.6
66d1fdd400acfdbc181f41e0,1354,1,42,right-5,left,right-dark,dark-up,fewer-up,dual,54:58.4
66eb1a41306925cf993d6490,1378,1,28,right-6,right,right-dark,light-up,fewer-up,single,54:59.5
6991e46740117ca6ef90cd7c,NULL,0,43,right-7,none,right-dark,dark-up,greater-up,dual,54:59.8
61084e45d53567348ae45e57,NULL,0,13,left-5,none,left-dark,dark-up,fewer-up,single,55:00.3
5c309bb410677f0001dda0ed,1294,1,45,right-9,right,right-dark,dark-up,greater-up,dual,54:59.8
69ab54719141883544a6c1b6,861,1,54,left-2,right,left-dark,dark-up,fewer-up,single,55:00.6
67a610387d56a92a9e3757a5,914,1,19,left-6,left,left-dark,dark-up,greater-up,single,55:00.8
69adf22dc3c63cb295877200,1153,1,53,left-1,right,left-dark,dark-up,fewer-up,dual,55:01.1
66d1fdd400acfdbc181f41e0,1012,1,43,right-6,right,right-dark,dark-up,greater-up,dual,55:00.7
6544ff9e0fb2eaaf83e2de5c,1213,0,76,right-5,left,right-dark,light-up,fewer-up,dual,55:01.8
66eb1a41306925cf993d6490,1186,1,29,right-4,left,right-dark,light-up,greater-up,single,55:01.9
6991e46740117ca6ef90cd7c,NULL,0,44,left-1,none,left-dark,dark-up,greater-up,dual,55:02.9
69ab54719141883544a6c1b6,953,1,55,right-5,left,right-dark,light-up,greater-up,single,55:02.7
61084e45d53567348ae45e57,1236,1,14,right-2,left,right-dark,dark-up,fewer-up,single,55:03.5
5c309bb410677f0001dda0ed,1291,1,46,right-1,right,right-dark,dark-up,greater-up,dual,55:02.4
69adf22dc3c63cb295877200,1502,1,54,right-7,left,right-dark,dark-up,fewer-up,dual,55:03.7
66eb1a41306925cf993d6490,938,1,30,left-8,right,left-dark,light-up,greater-up,single,55:04.3
6544ff9e0fb2eaaf83e2de5c,1729,0,77,left-9,left,left-dark,dark-up,fewer-up,dual,55:04.7
66d1fdd400acfdbc181f41e0,1676,1,44,left-3,left,left-dark,light-up,fewer-up,dual,55:03.9
61084e45d53567348ae45e57,990,1,15,right-2,right,right-dark,light-up,fewer-up,single,55:05.5
69ab54719141883544a6c1b6,1018,1,56,left-4,right,left-dark,dark-up,fewer-up,single,55:05.2
6991e46740117ca6ef90cd7c,NULL,0,45,right-4,none,right-dark,dark-up,greater-up,dual,55:05.7
5c309bb410677f0001dda0ed,1360,1,47,left-1,right,left-dark,dark-up,fewer-up,dual,55:05.1
69adf22dc3c63cb295877200,NULL,0,55,right-6,none,right-dark,light-up,fewer-up,dual,55:06.0
61084e45d53567348ae45e57,767,0,16,left-1,left,left-dark,dark-up,fewer-up,single,55:07.5
66eb1a41306925cf993d6490,1461,1,31,right-7,right,right-dark,light-up,fewer-up,single,55:07.2
66d1fdd400acfdbc181f41e0,NULL,0,45,left-9,none,left-dark,light-up,fewer-up,dual,55:06.5
69ab54719141883544a6c1b6,989,1,57,left-3,left,left-dark,light-up,fewer-up,single,55:07.4
6544ff9e0fb2eaaf83e2de5c,1598,1,78,right-7,right,right-dark,light-up,fewer-up,dual,55:07.4
6991e46740117ca6ef90cd7c,NULL,0,46,right-5,none,right-dark,dark-up,greater-up,dual,55:08.7
5c309bb410677f0001dda0ed,1541,1,48,right-5,left,right-dark,light-up,greater-up,dual,55:07.9
69adf22dc3c63cb295877200,1148,0,56,right-9,right,right-dark,dark-up,fewer-up,dual,55:09.0
66eb1a41306925cf993d6490,1021,0,32,left-7,right,left-dark,light-up,fewer-up,single,55:09.5
61084e45d53567348ae45e57,NULL,0,17,right-3,none,right-dark,dark-up,fewer-up,single,55:10.3
69ab54719141883544a6c1b6,1282,1,58,right-8,left,right-dark,dark-up,fewer-up,single,55:10.0
6544ff9e0fb2eaaf83e2de5c,1521,0,79,right-0,right,right-dark,dark-up,fewer-up,dual,55:10.2
66d1fdd400acfdbc181f41e0,1396,1,46,left-6,left,left-dark,dark-up,greater-up,dual,55:09.5
5c309bb410677f0001dda0ed,1140,1,49,left-8,right,left-dark,dark-up,fewer-up,dual,55:10.3
69adf22dc3c63cb295877200,1352,1,57,right-5,left,right-dark,light-up,greater-up,dual,55:11.5
6991e46740117ca6ef90cd7c,NULL,0,47,right-7,none,right-dark,light-up,fewer-up,dual,55:11.8
66eb1a41306925cf993d6490,1260,1,33,right-1,right,right-dark,light-up,fewer-up,single,55:11.9
69ab54719141883544a6c1b6,820,1,59,right-6,left,right-dark,light-up,greater-up,single,55:12.2
66d1fdd400acfdbc181f41e0,907,1,47,left-0,left,left-dark,dark-up,greater-up,dual,55:11.6
67a610387d56a92a9e3757a5,1459,1,20,left-0,right,left-dark,dark-up,fewer-up,single,55:12.5
61084e45d53567348ae45e57,NULL,0,18,left-5,none,left-dark,dark-up,greater-up,single,55:13.5
5c309bb410677f0001dda0ed,1221,1,50,left-5,left,left-dark,dark-up,greater-up,dual,55:12.5
69adf22dc3c63cb295877200,1591,1,58,right-9,right,right-dark,dark-up,greater-up,dual,55:14.4
66eb1a41306925cf993d6490,1486,1,34,left-4,right,left-dark,dark-up,fewer-up,single,55:14.6
67a610387d56a92a9e3757a5,1058,1,21,left-1,left,left-dark,light-up,fewer-up,single,55:14.9
6991e46740117ca6ef90cd7c,1457,1,48,right-2,left,right-dark,light-up,greater-up,dual,55:15.2
66d1fdd400acfdbc181f41e0,1248,1,48,right-5,right,right-dark,light-up,fewer-up,dual,55:14.4
61084e45d53567348ae45e57,NULL,0,19,right-0,none,right-dark,light-up,greater-up,single,55:16.3
5c309bb410677f0001dda0ed,1362,1,51,left-6,right,left-dark,dark-up,fewer-up,dual,55:15.4
69ab54719141883544a6c1b6,857,1,60,left-9,left,left-dark,light-up,fewer-up,single,55:16.6
69adf22dc3c63cb295877200,1445,0,59,left-4,left,left-dark,dark-up,fewer-up,dual,55:17.1
67a610387d56a92a9e3757a5,1106,1,22,right-0,left,right-dark,dark-up,fewer-up,single,55:17.1
66eb1a41306925cf993d6490,1529,1,35,left-1,left,left-dark,light-up,fewer-up,single,55:17.2
66d1fdd400acfdbc181f41e0,1249,1,49,right-4,left,right-dark,light-up,greater-up,dual,55:17.0
6991e46740117ca6ef90cd7c,1642,1,49,left-6,left,left-dark,dark-up,greater-up,dual,55:18.4
5c309bb410677f0001dda0ed,1363,1,52,right-6,left,right-dark,light-up,greater-up,dual,55:18.0
69ab54719141883544a6c1b6,764,1,61,right-2,right,right-dark,light-up,fewer-up,single,55:18.8
67a610387d56a92a9e3757a5,798,1,23,right-2,right,right-dark,dark-up,greater-up,single,55:19.3
66eb1a41306925cf993d6490,1303,1,36,left-7,right,left-dark,light-up,greater-up,single,55:19.7
66d1fdd400acfdbc181f41e0,1304,0,50,left-8,right,left-dark,light-up,fewer-up,dual,55:19.5
6991e46740117ca6ef90cd7c,NULL,0,50,right-5,none,right-dark,dark-up,fewer-up,dual,55:21.0
69ab54719141883544a6c1b6,809,1,62,right-3,left,right-dark,dark-up,fewer-up,single,55:20.9
5c309bb410677f0001dda0ed,1255,1,53,right-4,right,right-dark,light-up,fewer-up,dual,55:20.7
695f9da1eba3887a2214b9f6,992,1,60,right-4,right,right-dark,light-up,fewer-up,single,55:21.1
67a610387d56a92a9e3757a5,908,1,24,left-8,left,left-dark,dark-up,greater-up,single,55:21.5
66eb1a41306925cf993d6490,1424,1,37,left-5,right,left-dark,dark-up,fewer-up,single,55:22.5
69ab54719141883544a6c1b6,786,1,63,left-2,right,left-dark,light-up,greater-up,single,55:22.8
66d1fdd400acfdbc181f41e0,1275,1,51,left-1,right,left-dark,dark-up,fewer-up,dual,55:22.1
695f9da1eba3887a2214b9f6,984,1,61,left-8,right,left-dark,dark-up,fewer-up,single,55:23.2
6991e46740117ca6ef90cd7c,NULL,0,51,left-8,none,left-dark,dark-up,fewer-up,dual,55:23.8
67a610387d56a92a9e3757a5,1038,1,25,left-8,left,left-dark,light-up,fewer-up,single,55:23.8
5c309bb410677f0001dda0ed,1556,0,54,left-3,right,left-dark,dark-up,greater-up,dual,55:23.8
66eb1a41306925cf993d6490,957,1,38,left-8,left,left-dark,dark-up,greater-up,single,55:24.7
69ab54719141883544a6c1b6,762,1,64,right-9,right,right-dark,dark-up,greater-up,single,55:24.9
695f9da1eba3887a2214b9f6,785,1,62,right-0,right,right-dark,dark-up,greater-up,single,55:25.3
69adf22dc3c63cb295877200,1228,1,60,left-5,left,left-dark,dark-up,greater-up,dual,55:25.5
66d1fdd400acfdbc181f41e0,1519,1,52,left-1,left,left-dark,light-up,fewer-up,dual,55:24.9
67a610387d56a92a9e3757a5,1048,1,26,left-1,right,left-dark,dark-up,fewer-up,single,55:26.1
5c309bb410677f0001dda0ed,1108,1,55,right-6,left,right-dark,dark-up,fewer-up,dual,55:26.0
6991e46740117ca6ef90cd7c,NULL,0,52,right-4,none,right-dark,dark-up,fewer-up,dual,55:26.8
66eb1a41306925cf993d6490,1222,1,39,right-2,right,right-dark,dark-up,greater-up,single,55:27.2
69ab54719141883544a6c1b6,918,1,65,right-7,left,right-dark,dark-up,fewer-up,single,55:27.2
695f9da1eba3887a2214b9f6,955,1,63,right-0,left,right-dark,dark-up,fewer-up,single,55:27.7
67a610387d56a92a9e3757a5,802,1,27,left-7,right,left-dark,light-up,greater-up,single,55:28.1
69adf22dc3c63cb295877200,1243,0,61,right-2,left,right-dark,light-up,fewer-up,dual,55:28.2
66d1fdd400acfdbc181f41e0,1231,1,53,right-5,right,right-dark,dark-up,greater-up,dual,55:27.6
69ab54719141883544a6c1b6,782,1,66,right-8,left,right-dark,light-up,greater-up,single,55:29.2
5c309bb410677f0001dda0ed,1324,1,56,left-1,left,left-dark,light-up,fewer-up,dual,55:28.7
6991e46740117ca6ef90cd7c,NULL,0,53,left-4,none,left-dark,dark-up,fewer-up,dual,55:30.0
695f9da1eba3887a2214b9f6,916,1,64,right-2,left,right-dark,dark-up,fewer-up,single,55:29.9
69adf22dc3c63cb295877200,1185,0,62,right-6,right,right-dark,dark-up,fewer-up,dual,55:30.6
67a610387d56a92a9e3757a5,1294,1,28,right-5,left,right-dark,dark-up,fewer-up,single,55:30.7
66d1fdd400acfdbc181f41e0,1209,1,54,right-1,left,right-dark,light-up,greater-up,dual,55:30.0
69ab54719141883544a6c1b6,783,1,67,left-3,left,left-dark,dark-up,greater-up,single,55:31.3
5c309bb410677f0001dda0ed,1025,1,57,right-4,right,right-dark,dark-up,greater-up,dual,55:31.1
695f9da1eba3887a2214b9f6,1045,1,65,left-2,right,left-dark,dark-up,fewer-up,single,55:32.2
67a610387d56a92a9e3757a5,1128,1,29,right-7,right,right-dark,light-up,fewer-up,single,55:32.8
6991e46740117ca6ef90cd7c,NULL,0,54,right-8,none,right-dark,dark-up,greater-up,dual,55:33.2
69adf22dc3c63cb295877200,1350,0,63,left-8,left,left-dark,dark-up,fewer-up,dual,55:33.2
69ab54719141883544a6c1b6,876,1,68,left-2,left,left-dark,light-up,fewer-up,single,55:33.3
66d1fdd400acfdbc181f41e0,1365,1,55,right-1,right,right-dark,light-up,fewer-up,dual,55:32.7
5c2d187569ceff00011417de,NULL,0,0,right-0,none,right-dark,dark-up,fewer-up,dual,55:33.0
5c309bb410677f0001dda0ed,1094,1,58,left-8,left,left-dark,light-up,fewer-up,dual,55:33.5
695f9da1eba3887a2214b9f6,918,1,66,left-4,left,left-dark,light-up,fewer-up,single,55:34.1
67a610387d56a92a9e3757a5,851,1,30,right-2,left,right-dark,light-up,greater-up,single,55:34.8
69ab54719141883544a6c1b6,905,1,69,left-8,right,left-dark,dark-up,fewer-up,single,55:35.5
69adf22dc3c63cb295877200,1258,0,64,right-2,left,right-dark,dark-up,greater-up,dual,55:36.0
66d1fdd400acfdbc181f41e0,1284,1,56,left-5,left,left-dark,light-up,fewer-up,dual,55:35.2
6991e46740117ca6ef90cd7c,1371,0,55,right-9,left,right-dark,dark-up,greater-up,dual,55:36.3
5c2d187569ceff00011417de,917,0,1,right-3,right,right-dark,light-up,greater-up,dual,55:35.6
695f9da1eba3887a2214b9f6,848,1,67,right-2,right,right-dark,light-up,fewer-up,single,55:36.5
5c309bb410677f0001dda0ed,1728,1,59,right-9,right,right-dark,light-up,fewer-up,dual,55:36.4
67a610387d56a92a9e3757a5,1113,1,31,right-2,right,right-dark,light-up,fewer-up,single,55:37.4
69ab54719141883544a6c1b6,970,1,70,right-5,right,right-dark,light-up,fewer-up,single,55:37.6
5c2d187569ceff00011417de,885,1,2,left-6,left,left-dark,light-up,fewer-up,dual,55:37.8
66d1fdd400acfdbc181f41e0,1492,0,57,right-9,right,right-dark,light-up,greater-up,dual,55:37.9
69adf22dc3c63cb295877200,1645,1,65,left-0,right,left-dark,light-up,greater-up,dual,55:38.8
695f9da1eba3887a2214b9f6,807,1,68,left-2,left,left-dark,dark-up,greater-up,single,55:38.5
6991e46740117ca6ef90cd7c,NULL,0,56,left-3,none,left-dark,dark-up,greater-up,dual,55:39.0
67a610387d56a92a9e3757a5,813,1,32,right-6,left,right-dark,light-up,greater-up,single,55:39.6
69ab54719141883544a6c1b6,795,1,71,left-2,left,left-dark,dark-up,greater-up,single,55:39.8
5c2d187569ceff00011417de,772,1,3,left-2,left,left-dark,dark-up,greater-up,dual,55:39.9
66eb1a41306925cf993d6490,1078,1,40,right-2,left,right-dark,dark-up,fewer-up,single,55:40.6
695f9da1eba3887a2214b9f6,932,1,69,right-3,right,right-dark,light-up,fewer-up,single,55:40.6
66d1fdd400acfdbc181f41e0,1285,1,58,right-4,left,right-dark,dark-up,fewer-up,dual,55:40.4
69adf22dc3c63cb295877200,1464,1,66,right-3,left,right-dark,dark-up,fewer-up,dual,55:41.7
67a610387d56a92a9e3757a5,878,1,33,right-3,left,right-dark,light-up,greater-up,single,55:41.7
69ab54719141883544a6c1b6,727,1,72,right-4,right,right-dark,dark-up,greater-up,single,55:41.9
5c2d187569ceff00011417de,465,0,4,left-9,left,left-dark,light-up,greater-up,dual,55:41.5
6991e46740117ca6ef90cd7c,NULL,0,57,right-3,none,right-dark,light-up,fewer-up,dual,55:42.3
66eb1a41306925cf993d6490,901,1,41,right-9,left,right-dark,light-up,greater-up,single,55:42.8
695f9da1eba3887a2214b9f6,688,1,70,left-8,left,left-dark,dark-up,greater-up,single,55:42.7
67a610387d56a92a9e3757a5,898,1,34,right-7,left,right-dark,light-up,greater-up,single,55:43.8
69ab54719141883544a6c1b6,815,1,73,left-6,right,left-dark,light-up,greater-up,single,55:44.0
66d1fdd400acfdbc181f41e0,1599,1,59,left-7,left,left-dark,light-up,fewer-up,dual,55:43.5
69adf22dc3c63cb295877200,NULL,0,67,left-3,none,left-dark,light-up,greater-up,dual,55:44.3
5c2d187569ceff00011417de,853,1,5,right-0,right,right-dark,dark-up,greater-up,dual,55:43.8
5c309bb410677f0001dda0ed,904,1,60,right-2,right,right-dark,dark-up,greater-up,dual,55:43.9
695f9da1eba3887a2214b9f6,917,1,71,right-1,left,right-dark,dark-up,fewer-up,single,55:44.9
66eb1a41306925cf993d6490,1176,1,42,right-5,left,right-dark,dark-up,fewer-up,single,55:45.5
6991e46740117ca6ef90cd7c,1326,1,58,left-9,right,left-dark,light-up,greater-up,dual,55:45.6
67a610387d56a92a9e3757a5,962,1,35,right-7,right,right-dark,dark-up,greater-up,single,55:45.8
69ab54719141883544a6c1b6,940,1,74,right-2,left,right-dark,dark-up,fewer-up,single,55:46.0
5c2d187569ceff00011417de,1123,0,6,left-1,right,left-dark,light-up,fewer-up,dual,55:46.2
5c309bb410677f0001dda0ed,1064,1,61,left-6,left,left-dark,light-up,fewer-up,dual,55:46.3
69adf22dc3c63cb295877200,1052,1,68,left-1,left,left-dark,dark-up,greater-up,dual,55:47.3
695f9da1eba3887a2214b9f6,979,1,72,right-0,left,right-dark,light-up,greater-up,single,55:47.4
66eb1a41306925cf993d6490,943,1,43,right-0,right,right-dark,light-up,fewer-up,single,55:47.7
69ab54719141883544a6c1b6,871,1,75,left-0,right,left-dark,dark-up,fewer-up,single,55:48.1
67a610387d56a92a9e3757a5,834,1,36,right-0,right,right-dark,dark-up,greater-up,single,55:48.0
6991e46740117ca6ef90cd7c,1420,0,59,left-5,right,left-dark,dark-up,greater-up,dual,55:48.5
5c309bb410677f0001dda0ed,808,1,62,right-3,right,right-dark,dark-up,greater-up,dual,55:48.3
695f9da1eba3887a2214b9f6,633,1,73,right-5,left,right-dark,light-up,greater-up,single,55:49.2
5c2d187569ceff00011417de,1302,1,7,left-9,left,left-dark,dark-up,greater-up,dual,55:48.9
69adf22dc3c63cb295877200,1285,1,69,left-6,right,left-dark,light-up,greater-up,dual,55:49.9
66eb1a41306925cf993d6490,1142,1,44,right-6,left,right-dark,dark-up,fewer-up,single,55:50.2
69ab54719141883544a6c1b6,803,1,76,right-1,left,right-dark,light-up,greater-up,single,55:50.2
67a610387d56a92a9e3757a5,873,1,37,right-4,right,right-dark,dark-up,greater-up,single,55:50.2
5c309bb410677f0001dda0ed,1259,0,63,right-7,left,right-dark,light-up,fewer-up,dual,55:50.8
5c2d187569ceff00011417de,1303,1,8,right-9,left,right-dark,dark-up,fewer-up,dual,55:51.4
695f9da1eba3887a2214b9f6,1239,1,74,right-7,right,right-dark,light-up,fewer-up,single,55:51.8
69ab54719141883544a6c1b6,805,1,77,left-1,right,left-dark,dark-up,fewer-up,single,55:52.4
69adf22dc3c63cb295877200,1189,1,70,left-6,right,left-dark,dark-up,fewer-up,dual,55:52.5
66eb1a41306925cf993d6490,1144,1,45,right-5,right,right-dark,light-up,fewer-up,single,55:52.8
67a610387d56a92a9e3757a5,1171,1,38,right-1,left,right-dark,dark-up,fewer-up,single,55:52.8
5ac5260dfa3b4e0001736dd3,1068,0,0,right-4,right,right-dark,light-up,greater-up,single,55:53.0
5c309bb410677f0001dda0ed,1056,1,64,right-1,right,right-dark,light-up,fewer-up,dual,55:53.0
695f9da1eba3887a2214b9f6,898,1,75,left-5,left,left-dark,light-up,fewer-up,single,55:54.0
6991e46740117ca6ef90cd7c,NULL,0,60,left-8,none,left-dark,light-up,greater-up,dual,55:54.5
69ab54719141883544a6c1b6,844,1,78,left-6,right,left-dark,dark-up,fewer-up,single,55:54.6
5c2d187569ceff00011417de,1455,0,9,left-5,right,left-dark,light-up,fewer-up,dual,55:54.2
66eb1a41306925cf993d6490,920,1,46,right-7,left,right-dark,light-up,greater-up,single,55:54.8
5ac5260dfa3b4e0001736dd3,364,1,1,left-4,left,left-dark,dark-up,greater-up,single,55:54.9
67a610387d56a92a9e3757a5,1266,1,39,left-4,right,left-dark,dark-up,fewer-up,single,55:55.2
69adf22dc3c63cb295877200,1260,1,71,right-0,left,right-dark,light-up,greater-up,dual,55:55.4
5c309bb410677f0001dda0ed,1081,1,65,right-0,left,right-dark,light-up,greater-up,dual,55:55.6
5c2d187569ceff00011417de,707,0,10,right-2,right,right-dark,light-up,greater-up,dual,55:56.3
5ac5260dfa3b4e0001736dd3,815,0,2,left-1,left,left-dark,light-up,greater-up,single,55:56.9
695f9da1eba3887a2214b9f6,1273,1,76,right-7,left,right-dark,dark-up,fewer-up,single,55:56.7
69ab54719141883544a6c1b6,872,1,79,right-4,left,right-dark,light-up,greater-up,single,55:57.0
66eb1a41306925cf993d6490,942,1,47,right-9,right,right-dark,dark-up,greater-up,single,55:57.1
6991e46740117ca6ef90cd7c,1407,0,61,right-9,right,right-dark,dark-up,fewer-up,dual,55:57.7
69adf22dc3c63cb295877200,1382,1,72,left-9,right,left-dark,dark-up,fewer-up,dual,55:58.0
695f9da1eba3887a2214b9f6,944,1,77,right-8,left,right-dark,light-up,greater-up,single,55:58.9
5c309bb410677f0001dda0ed,1654,1,66,left-0,right,left-dark,light-up,greater-up,dual,55:58.6
5ac5260dfa3b4e0001736dd3,971,1,3,left-2,right,left-dark,light-up,greater-up,single,55:59.4
5c2d187569ceff00011417de,1355,0,11,right-9,left,right-dark,light-up,fewer-up,dual,55:59.1
66eb1a41306925cf993d6490,1141,1,48,right-0,right,right-dark,dark-up,greater-up,single,55:59.7
6991e46740117ca6ef90cd7c,1168,0,62,left-2,right,left-dark,dark-up,greater-up,dual,56:00.4
66d1fdd400acfdbc181f41e0,1260,1,60,right-2,left,right-dark,light-up,greater-up,dual,55:59.8
69adf22dc3c63cb295877200,1557,1,73,right-6,right,right-dark,dark-up,greater-up,dual,56:00.7
695f9da1eba3887a2214b9f6,789,1,78,left-9,left,left-dark,dark-up,greater-up,single,56:01.1
5ac5260dfa3b4e0001736dd3,1001,1,4,left-1,left,left-dark,dark-up,greater-up,single,56:01.6
5c2d187569ceff00011417de,836,1,12,right-5,right,right-dark,light-up,fewer-up,dual,56:01.2
5c309bb410677f0001dda0ed,1152,1,67,left-3,right,left-dark,dark-up,fewer-up,dual,56:01.3
66eb1a41306925cf993d6490,1333,1,49,left-6,right,left-dark,light-up,greater-up,single,56:02.5
6991e46740117ca6ef90cd7c,1464,0,63,right-9,left,right-dark,light-up,fewer-up,dual,56:03.0
66d1fdd400acfdbc181f41e0,1362,1,61,left-5,right,left-dark,light-up,greater-up,dual,56:02.3
69adf22dc3c63cb295877200,1317,0,74,right-0,right,right-dark,dark-up,fewer-up,dual,56:03.2
695f9da1eba3887a2214b9f6,810,1,79,right-0,right,right-dark,light-up,fewer-up,single,56:03.3
5c2d187569ceff00011417de,665,1,13,right-1,right,right-dark,light-up,fewer-up,dual,56:03.3
5ac5260dfa3b4e0001736dd3,1446,0,5,right-0,right,right-dark,light-up,greater-up,single,56:04.3
5c309bb410677f0001dda0ed,NULL,0,68,right-1,none,right-dark,light-up,greater-up,dual,56:03.9
66eb1a41306925cf993d6490,1094,1,50,right-3,left,right-dark,dark-up,fewer-up,single,56:04.9
6991e46740117ca6ef90cd7c,1617,0,64,left-2,right,left-dark,light-up,fewer-up,dual,56:05.7
66d1fdd400acfdbc181f41e0,1194,0,62,left-0,left,left-dark,dark-up,fewer-up,dual,56:04.8
61084e45d53567348ae45e57,1325,1,20,right-0,left,right-dark,dark-up,fewer-up,single,56:06.1
69adf22dc3c63cb295877200,1273,1,75,right-4,right,right-dark,dark-up,greater-up,dual,56:06.0
5c2d187569ceff00011417de,1135,1,14,right-1,right,right-dark,dark-up,greater-up,dual,56:05.5
5ac5260dfa3b4e0001736dd3,1295,0,6,left-4,left,left-dark,light-up,greater-up,single,56:06.6
66eb1a41306925cf993d6490,1408,1,51,left-8,left,left-dark,light-up,fewer-up,single,56:07.4
5c309bb410677f0001dda0ed,1122,1,69,right-6,right,right-dark,dark-up,greater-up,dual,56:06.9
67a610387d56a92a9e3757a5,1106,1,40,left-1,left,left-dark,dark-up,greater-up,single,56:07.4
61084e45d53567348ae45e57,1006,0,21,right-5,right,right-dark,dark-up,fewer-up,single,56:08.3
67164d40becf6c95181afe97,NULL,0,60,right-0,none,right-dark,dark-up,fewer-up,dual,56:08.5
6991e46740117ca6ef90cd7c,NULL,0,65,left-6,none,left-dark,dark-up,fewer-up,dual,56:08.0
5c2d187569ceff00011417de,1010,0,15,left-0,right,left-dark,light-up,fewer-up,dual,56:08.0
5ac5260dfa3b4e0001736dd3,365,0,7,left-8,right,left-dark,light-up,fewer-up,single,56:08.5
69adf22dc3c63cb295877200,1298,1,76,right-5,right,right-dark,light-up,fewer-up,dual,56:08.8
66d1fdd400acfdbc181f41e0,1378,1,63,left-1,right,left-dark,light-up,greater-up,dual,56:07.5
66eb1a41306925cf993d6490,1127,1,52,right-4,right,right-dark,dark-up,greater-up,single,56:09.6
5c309bb410677f0001dda0ed,910,1,70,right-0,right,right-dark,dark-up,greater-up,dual,56:09.1
61084e45d53567348ae45e57,989,1,22,right-8,right,right-dark,dark-up,greater-up,single,56:10.5
67a610387d56a92a9e3757a5,1080,1,41,right-9,left,right-dark,light-up,greater-up,single,56:10.0
66d1fdd400acfdbc181f41e0,1133,1,64,left-8,right,left-dark,light-up,greater-up,dual,56:09.8
67164d40becf6c95181afe97,1089,1,61,left-1,left,left-dark,dark-up,greater-up,dual,56:11.7
5c2d187569ceff00011417de,1227,0,16,left-2,left,left-dark,dark-up,fewer-up,dual,56:10.4
5ac5260dfa3b4e0001736dd3,NULL,0,8,left-5,none,left-dark,light-up,greater-up,single,56:11.4
6991e46740117ca6ef90cd7c,1625,1,66,right-6,left,right-dark,light-up,greater-up,dual,56:11.6
69adf22dc3c63cb295877200,1238,1,77,left-3,left,left-dark,dark-up,greater-up,dual,56:11.6
66eb1a41306925cf993d6490,995,1,53,left-3,left,left-dark,light-up,fewer-up,single,56:12.1
5c309bb410677f0001dda0ed,996,1,71,right-8,right,right-dark,dark-up,greater-up,dual,56:11.7
61084e45d53567348ae45e57,1103,0,23,right-7,right,right-dark,dark-up,fewer-up,single,56:12.9
67a610387d56a92a9e3757a5,1338,1,42,right-4,right,right-dark,light-up,fewer-up,single,56:12.5
67164d40becf6c95181afe97,840,1,62,left-6,right,left-dark,dark-up,fewer-up,dual,56:13.8
5c2d187569ceff00011417de,788,1,17,left-7,left,left-dark,light-up,fewer-up,dual,56:12.3
6991e46740117ca6ef90cd7c,NULL,0,67,right-6,none,right-dark,light-up,fewer-up,dual,56:14.0
69adf22dc3c63cb295877200,1014,1,78,right-3,right,right-dark,light-up,fewer-up,dual,56:14.1
663cceb7909a43d4d01e0c24,NULL,0,0,left-4,none,left-dark,dark-up,fewer-up,dual,56:17.3
67a610387d56a92a9e3757a5,813,1,43,right-6,right,right-dark,dark-up,greater-up,single,56:14.4
61084e45d53567348ae45e57,1290,1,24,left-3,right,left-dark,dark-up,fewer-up,single,56:15.3
66eb1a41306925cf993d6490,1590,1,54,left-3,right,left-dark,dark-up,fewer-up,single,56:14.9
5c309bb410677f0001dda0ed,1265,1,72,left-2,left,left-dark,dark-up,greater-up,dual,56:14.2
5c2d187569ceff00011417de,921,0,18,left-8,left,left-dark,dark-up,fewer-up,dual,56:14.5
67164d40becf6c95181afe97,1288,1,63,right-1,left,right-dark,dark-up,fewer-up,dual,56:16.2
66d1fdd400acfdbc181f41e0,1104,1,65,left-4,left,left-dark,light-up,fewer-up,dual,56:12.2
67a610387d56a92a9e3757a5,749,1,44,right-9,right,right-dark,dark-up,greater-up,single,56:16.3
69adf22dc3c63cb295877200,1288,0,79,right-1,right,right-dark,dark-up,fewer-up,dual,56:16.8
5c2d187569ceff00011417de,749,0,19,right-1,right,right-dark,dark-up,fewer-up,dual,56:16.6
6991e46740117ca6ef90cd7c,1529,0,68,left-2,left,left-dark,dark-up,fewer-up,dual,56:17.3
66eb1a41306925cf993d6490,1087,1,55,left-6,left,left-dark,light-up,fewer-up,single,56:17.4
61084e45d53567348ae45e57,1270,1,25,left-3,right,left-dark,light-up,greater-up,single,56:18.0
663cceb7909a43d4d01e0c24,NULL,0,1,right-7,none,right-dark,light-up,fewer-up,dual,56:20.4
66d1fdd400acfdbc181f41e0,1325,1,66,left-9,left,left-dark,dark-up,greater-up,dual,56:16.7
67164d40becf6c95181afe97,960,1,64,left-6,left,left-dark,light-up,fewer-up,dual,56:18.6
5c309bb410677f0001dda0ed,1661,1,73,right-6,right,right-dark,light-up,fewer-up,dual,56:17.0
67a610387d56a92a9e3757a5,1031,1,45,right-5,left,right-dark,light-up,greater-up,single,56:18.4
66eb1a41306925cf993d6490,1129,1,56,right-6,left,right-dark,light-up,greater-up,single,56:19.5
61084e45d53567348ae45e57,935,1,26,right-4,right,right-dark,dark-up,greater-up,single,56:20.3
6991e46740117ca6ef90cd7c,1445,1,69,right-0,left,right-dark,light-up,greater-up,dual,56:19.9
663cceb7909a43d4d01e0c24,473,0,2,right-3,right,right-dark,dark-up,fewer-up,dual,56:22.8
67164d40becf6c95181afe97,878,1,65,left-5,right,left-dark,dark-up,fewer-up,dual,56:20.8
66d1fdd400acfdbc181f41e0,NULL,0,67,right-8,none,right-dark,light-up,fewer-up,dual,56:19.5
67a610387d56a92a9e3757a5,851,1,46,right-1,left,right-dark,light-up,greater-up,single,56:20.4
5c309bb410677f0001dda0ed,1425,1,74,left-8,left,left-dark,dark-up,greater-up,dual,56:19.8
663cceb7909a43d4d01e0c24,626,1,3,left-8,right,left-dark,dark-up,fewer-up,dual,56:24.7
67164d40becf6c95181afe97,1090,1,66,left-4,right,left-dark,dark-up,fewer-up,dual,56:23.0
6991e46740117ca6ef90cd7c,NULL,0,70,left-1,none,left-dark,dark-up,fewer-up,dual,56:22.6
61084e45d53567348ae45e57,1317,1,27,left-5,right,left-dark,light-up,greater-up,single,56:23.0
66eb1a41306925cf993d6490,1582,1,57,left-1,right,left-dark,light-up,greater-up,single,56:22.6
67a610387d56a92a9e3757a5,862,1,47,right-8,left,right-dark,light-up,greater-up,single,56:22.6
5c309bb410677f0001dda0ed,1205,1,75,right-9,left,right-dark,dark-up,fewer-up,dual,56:22.3
663cceb7909a43d4d01e0c24,344,1,4,right-6,left,right-dark,light-up,greater-up,dual,56:26.7
67164d40becf6c95181afe97,895,1,67,right-1,right,right-dark,light-up,fewer-up,dual,56:25.4
61084e45d53567348ae45e57,1004,1,28,left-8,right,left-dark,light-up,greater-up,single,56:25.3
66eb1a41306925cf993d6490,1208,1,58,right-0,left,right-dark,light-up,greater-up,single,56:24.9
67a610387d56a92a9e3757a5,1283,0,48,left-2,right,left-dark,dark-up,greater-up,single,56:25.5
66d1fdd400acfdbc181f41e0,1424,1,68,right-6,right,right-dark,light-up,fewer-up,dual,56:22.8
5c309bb410677f0001dda0ed,1560,1,76,right-2,left,right-dark,dark-up,fewer-up,dual,56:25.2
6991e46740117ca6ef90cd7c,1440,0,71,right-0,left,right-dark,light-up,fewer-up,dual,56:26.0
663cceb7909a43d4d01e0c24,1111,0,5,right-4,right,right-dark,light-up,greater-up,dual,56:29.0
67164d40becf6c95181afe97,1347,1,68,left-8,right,left-dark,light-up,greater-up,dual,56:28.0
66eb1a41306925cf993d6490,1136,1,59,right-8,left,right-dark,dark-up,fewer-up,single,56:27.4
61084e45d53567348ae45e57,1108,1,29,left-3,left,left-dark,light-up,fewer-up,single,56:28.0
66d1fdd400acfdbc181f41e0,1516,1,69,right-3,left,right-dark,dark-up,fewer-up,dual,56:26.9
5c2d187569ceff00011417de,923,1,20,right-6,right,right-dark,dark-up,greater-up,dual,56:27.3
663cceb7909a43d4d01e0c24,894,1,6,left-4,right,left-dark,light-up,greater-up,dual,56:30.9
67a610387d56a92a9e3757a5,NULL,0,49,left-9,none,left-dark,light-up,greater-up,single,56:28.1
5c309bb410677f0001dda0ed,NULL,0,77,right-3,none,right-dark,light-up,fewer-up,dual,56:27.7
6991e46740117ca6ef90cd7c,NULL,0,72,right-2,none,right-dark,dark-up,greater-up,dual,56:28.7
67164d40becf6c95181afe97,918,1,69,left-8,right,left-dark,dark-up,fewer-up,dual,56:30.1
61084e45d53567348ae45e57,1149,0,30,left-9,left,left-dark,dark-up,fewer-up,single,56:30.4
5c2d187569ceff00011417de,716,1,21,left-1,left,left-dark,dark-up,greater-up,dual,56:29.5
663cceb7909a43d4d01e0c24,1005,1,7,left-9,left,left-dark,light-up,fewer-up,dual,56:33.2
66d1fdd400acfdbc181f41e0,1607,1,70,left-7,right,left-dark,light-up,greater-up,dual,56:29.7
67a610387d56a92a9e3757a5,1040,1,50,left-0,left,left-dark,dark-up,greater-up,single,56:31.0
5c309bb410677f0001dda0ed,853,1,78,right-3,left,right-dark,light-up,greater-up,dual,56:30.5
67164d40becf6c95181afe97,928,1,70,right-5,left,right-dark,light-up,greater-up,dual,56:32.4
5c2d187569ceff00011417de,531,0,22,left-0,left,left-dark,light-up,greater-up,dual,56:31.4
61084e45d53567348ae45e57,976,1,31,right-6,right,right-dark,dark-up,greater-up,single,56:32.5
6991e46740117ca6ef90cd7c,1664,1,73,right-1,right,right-dark,dark-up,greater-up,dual,56:32.2
663cceb7909a43d4d01e0c24,987,1,8,right-2,left,right-dark,dark-up,fewer-up,dual,56:35.5
66d1fdd400acfdbc181f41e0,1401,1,71,left-0,left,left-dark,light-up,fewer-up,dual,56:32.6
5c309bb410677f0001dda0ed,875,1,79,right-5,right,right-dark,light-up,fewer-up,dual,56:32.9
67a610387d56a92a9e3757a5,1484,1,51,right-5,right,right-dark,light-up,fewer-up,single,56:33.5
5c2d187569ceff00011417de,516,0,23,left-3,right,left-dark,light-up,fewer-up,dual,56:33.5
6991e46740117ca6ef90cd7c,NULL,0,74,right-5,none,right-dark,light-up,fewer-up,dual,56:34.5
67164d40becf6c95181afe97,1496,1,71,left-8,left,left-dark,light-up,fewer-up,dual,56:35.4
61084e45d53567348ae45e57,1283,1,32,right-7,left,right-dark,light-up,greater-up,single,56:35.0
663cceb7909a43d4d01e0c24,1200,1,9,left-9,right,left-dark,light-up,greater-up,dual,56:37.8
67a610387d56a92a9e3757a5,NULL,0,52,left-2,none,left-dark,dark-up,fewer-up,single,56:35.8
66d1fdd400acfdbc181f41e0,1627,1,72,right-3,left,right-dark,light-up,greater-up,dual,56:35.6
5c2d187569ceff00011417de,1078,1,24,left-2,left,left-dark,light-up,fewer-up,dual,56:36.1
61084e45d53567348ae45e57,1055,1,33,right-2,right,right-dark,dark-up,greater-up,single,56:37.2
67164d40becf6c95181afe97,914,1,72,right-7,right,right-dark,light-up,fewer-up,dual,56:37.6
663cceb7909a43d4d01e0c24,1169,0,10,right-9,left,right-dark,light-up,fewer-up,dual,56:40.3
6991e46740117ca6ef90cd7c,1381,0,75,left-2,left,left-dark,light-up,greater-up,dual,56:37.6
5c2d187569ceff00011417de,556,0,25,right-4,right,right-dark,dark-up,fewer-up,dual,56:37.9
67164d40becf6c95181afe97,769,1,73,right-8,right,right-dark,light-up,fewer-up,dual,56:39.7
61084e45d53567348ae45e57,960,1,34,right-5,right,right-dark,light-up,fewer-up,single,56:39.5
67a610387d56a92a9e3757a5,1202,1,53,right-0,left,right-dark,light-up,greater-up,single,56:39.1
66d1fdd400acfdbc181f41e0,1565,1,73,left-3,right,left-dark,dark-up,fewer-up,dual,56:38.7
663cceb7909a43d4d01e0c24,917,1,11,left-8,left,left-dark,dark-up,greater-up,dual,56:42.5
5c2d187569ceff00011417de,1003,1,26,right-8,right,right-dark,light-up,fewer-up,dual,56:40.0
6991e46740117ca6ef90cd7c,1636,1,76,left-4,left,left-dark,dark-up,greater-up,dual,56:40.7
66eb1a41306925cf993d6490,1144,1,60,left-3,right,left-dark,light-up,greater-up,single,56:40.6
67164d40becf6c95181afe97,967,0,74,right-1,left,right-dark,dark-up,greater-up,dual,56:41.9
61084e45d53567348ae45e57,1176,1,35,right-3,left,right-dark,light-up,greater-up,single,56:41.9
67a610387d56a92a9e3757a5,1157,1,54,left-5,right,left-dark,light-up,greater-up,single,56:41.6
66d1fdd400acfdbc181f41e0,1150,0,74,right-0,left,right-dark,dark-up,greater-up,dual,56:41.2
663cceb7909a43d4d01e0c24,1209,1,12,right-0,right,right-dark,light-up,fewer-up,dual,56:45.2
5c2d187569ceff00011417de,599,1,27,left-0,left,left-dark,dark-up,greater-up,dual,56:41.9
66eb1a41306925cf993d6490,994,1,61,right-3,left,right-dark,light-up,greater-up,single,56:42.9
6991e46740117ca6ef90cd7c,1478,1,77,left-5,left,left-dark,light-up,fewer-up,dual,56:43.3
67164d40becf6c95181afe97,995,1,75,left-1,left,left-dark,light-up,fewer-up,dual,56:44.3
61084e45d53567348ae45e57,978,1,36,right-0,right,right-dark,light-up,fewer-up,single,56:44.1
67a610387d56a92a9e3757a5,1177,1,55,right-6,left,right-dark,dark-up,fewer-up,single,56:44.1
5c2d187569ceff00011417de,704,0,28,right-5,right,right-dark,light-up,greater-up,dual,56:44.0
663cceb7909a43d4d01e0c24,NULL,0,13,left-7,none,left-dark,light-up,greater-up,dual,56:48.0
66eb1a41306925cf993d6490,856,1,62,right-5,right,right-dark,dark-up,greater-up,single,56:45.2
67164d40becf6c95181afe97,1029,1,76,left-0,right,left-dark,dark-up,fewer-up,dual,56:46.6
6991e46740117ca6ef90cd7c,NULL,0,78,left-3,none,left-dark,light-up,fewer-up,dual,56:46.0
61084e45d53567348ae45e57,1055,1,37,left-7,right,left-dark,light-up,greater-up,single,56:46.5
5c2d187569ceff00011417de,341,1,29,right-7,right,right-dark,light-up,fewer-up,dual,56:45.9
67a610387d56a92a9e3757a5,1380,1,56,left-3,right,left-dark,light-up,greater-up,single,56:46.6
66eb1a41306925cf993d6490,1298,1,63,left-9,right,left-dark,dark-up,fewer-up,single,56:47.6
66d1fdd400acfdbc181f41e0,1553,1,75,right-7,right,right-dark,light-up,fewer-up,dual,56:43.9
663cceb7909a43d4d01e0c24,1098,0,14,right-1,right,right-dark,light-up,greater-up,dual,56:50.8
67164d40becf6c95181afe97,967,1,77,right-4,right,right-dark,dark-up,greater-up,dual,56:48.9
66d1fdd400acfdbc181f41e0,1640,1,76,right-6,left,right-dark,dark-up,fewer-up,dual,56:46.6
67a610387d56a92a9e3757a5,828,1,57,left-9,left,left-dark,dark-up,greater-up,single,56:48.5
5c2d187569ceff00011417de,573,0,30,right-5,right,right-dark,dark-up,fewer-up,dual,56:48.0
61084e45d53567348ae45e57,1202,1,38,left-4,left,left-dark,light-up,fewer-up,single,56:49.1
5f4dc39ffc6fe9aa6901cc6d,1677,0,0,right-3,left,right-dark,light-up,fewer-up,single,55:05.9
6991e46740117ca6ef90cd7c,1509,0,79,left-5,left,left-dark,dark-up,fewer-up,dual,56:49.3
66eb1a41306925cf993d6490,1106,1,64,left-4,left,left-dark,dark-up,greater-up,single,56:49.8
66d1fdd400acfdbc181f41e0,1606,1,77,left-0,right,left-dark,light-up,greater-up,dual,56:49.4
5c2d187569ceff00011417de,407,0,31,left-5,left,left-dark,light-up,greater-up,dual,56:49.7
663cceb7909a43d4d01e0c24,1102,1,15,left-2,right,left-dark,dark-up,fewer-up,dual,56:53.4
67164d40becf6c95181afe97,856,1,78,left-9,left,left-dark,dark-up,greater-up,dual,56:51.3
67a610387d56a92a9e3757a5,760,1,58,left-3,left,left-dark,dark-up,greater-up,single,56:50.6
61084e45d53567348ae45e57,1125,1,39,left-0,right,left-dark,light-up,greater-up,single,56:51.5
5f4dc39ffc6fe9aa6901cc6d,784,1,1,left-9,right,left-dark,dark-up,fewer-up,single,55:08.5
66eb1a41306925cf993d6490,1034,1,65,right-1,left,right-dark,light-up,greater-up,single,56:52.0
5c2d187569ceff00011417de,778,0,32,left-0,left,left-dark,dark-up,fewer-up,dual,56:51.5
67164d40becf6c95181afe97,830,1,79,right-2,right,right-dark,dark-up,greater-up,dual,56:53.3
66d1fdd400acfdbc181f41e0,1274,1,78,left-6,right,left-dark,light-up,greater-up,dual,56:51.9
663cceb7909a43d4d01e0c24,710,0,16,left-1,right,left-dark,dark-up,greater-up,dual,56:55.7
67a610387d56a92a9e3757a5,1154,0,59,right-3,right,right-dark,dark-up,fewer-up,single,56:52.9
5c2d187569ceff00011417de,455,0,33,left-4,left,left-dark,light-up,greater-up,dual,56:53.2
5f4dc39ffc6fe9aa6901cc6d,775,0,2,right-9,right,right-dark,dark-up,fewer-up,single,55:11.0
663cceb7909a43d4d01e0c24,550,1,17,left-7,right,left-dark,dark-up,fewer-up,dual,56:57.5
66eb1a41306925cf993d6490,1170,1,66,left-2,right,left-dark,dark-up,fewer-up,single,56:54.7
66d1fdd400acfdbc181f41e0,1430,1,79,left-3,left,left-dark,dark-up,greater-up,dual,56:54.4
5c2d187569ceff00011417de,456,1,34,right-0,right,right-dark,light-up,fewer-up,dual,56:55.2
663cceb7909a43d4d01e0c24,982,1,18,right-7,left,right-dark,light-up,greater-up,dual,56:59.8
5f4dc39ffc6fe9aa6901cc6d,780,1,3,left-7,left,left-dark,dark-up,greater-up,single,55:13.7
66eb1a41306925cf993d6490,1355,1,67,left-5,left,left-dark,light-up,fewer-up,single,56:57.2
5c2d187569ceff00011417de,519,1,35,left-9,left,left-dark,light-up,fewer-up,dual,56:57.3
663cceb7909a43d4d01e0c24,639,0,19,right-1,left,right-dark,light-up,fewer-up,dual,57:01.9
5f4dc39ffc6fe9aa6901cc6d,992,0,4,left-9,left,left-dark,light-up,greater-up,single,55:16.2
66eb1a41306925cf993d6490,1054,1,68,left-2,left,left-dark,dark-up,greater-up,single,56:59.7
5c2d187569ceff00011417de,672,0,36,left-6,left,left-dark,light-up,greater-up,dual,56:59.4
5f4dc39ffc6fe9aa6901cc6d,627,0,5,right-0,left,right-dark,dark-up,greater-up,single,55:18.5
5c2d187569ceff00011417de,630,1,37,left-6,left,left-dark,dark-up,greater-up,dual,57:01.2
6966aef7933ed17148cf77d0,NULL,0,0,left-7,none,left-dark,dark-up,greater-up,single,57:02.1
66eb1a41306925cf993d6490,1262,1,69,right-1,right,right-dark,dark-up,greater-up,single,57:02.2
67a610387d56a92a9e3757a5,1458,1,60,left-6,right,left-dark,dark-up,fewer-up,single,57:03.1
5c2d187569ceff00011417de,979,1,38,right-7,right,right-dark,dark-up,greater-up,dual,57:03.6
5f4dc39ffc6fe9aa6901cc6d,721,0,6,right-8,right,right-dark,light-up,greater-up,single,55:20.9
66eb1a41306925cf993d6490,1286,1,70,right-7,right,right-dark,dark-up,greater-up,single,57:04.8
6966aef7933ed17148cf77d0,1134,1,1,left-3,left,left-dark,dark-up,greater-up,single,57:05.2
67a610387d56a92a9e3757a5,961,1,61,left-7,left,left-dark,dark-up,greater-up,single,57:05.5
663cceb7909a43d4d01e0c24,953,0,20,left-8,right,left-dark,light-up,fewer-up,dual,57:08.5
5f4dc39ffc6fe9aa6901cc6d,500,1,7,right-1,left,right-dark,light-up,greater-up,single,55:23.1
5c2d187569ceff00011417de,667,1,39,right-6,right,right-dark,light-up,fewer-up,dual,57:05.8
66eb1a41306925cf993d6490,1228,1,71,left-8,right,left-dark,dark-up,fewer-up,single,57:07.4
6966aef7933ed17148cf77d0,991,1,2,right-5,right,right-dark,light-up,fewer-up,single,57:07.5
663cceb7909a43d4d01e0c24,950,0,21,right-1,right,right-dark,dark-up,fewer-up,dual,57:10.7
67a610387d56a92a9e3757a5,1256,1,62,right-2,left,right-dark,dark-up,fewer-up,single,57:08.5
5f4dc39ffc6fe9aa6901cc6d,949,0,8,left-1,left,left-dark,dark-up,fewer-up,single,55:25.6
663cceb7909a43d4d01e0c24,518,0,22,left-2,right,left-dark,light-up,fewer-up,dual,57:12.3
66eb1a41306925cf993d6490,1163,1,72,right-9,left,right-dark,dark-up,fewer-up,single,57:09.9
6966aef7933ed17148cf77d0,911,1,3,right-6,right,right-dark,light-up,fewer-up,single,57:09.9
67a610387d56a92a9e3757a5,1357,1,63,left-0,right,left-dark,light-up,greater-up,single,57:11.2
663cceb7909a43d4d01e0c24,518,0,23,left-7,right,left-dark,light-up,fewer-up,dual,57:14.3
5f4dc39ffc6fe9aa6901cc6d,760,1,9,right-7,left,right-dark,dark-up,fewer-up,single,55:28.3
6966aef7933ed17148cf77d0,887,1,4,right-1,right,right-dark,dark-up,greater-up,single,57:12.0
66eb1a41306925cf993d6490,1058,1,73,left-5,left,left-dark,dark-up,greater-up,single,57:12.1
663cceb7909a43d4d01e0c24,1087,0,24,right-5,right,right-dark,dark-up,fewer-up,dual,57:16.7
5f4dc39ffc6fe9aa6901cc6d,796,1,10,right-3,left,right-dark,dark-up,fewer-up,single,55:30.5
67a610387d56a92a9e3757a5,1517,1,64,left-5,right,left-dark,dark-up,fewer-up,single,57:13.7
66eb1a41306925cf993d6490,1265,1,74,right-8,left,right-dark,light-up,greater-up,single,57:14.4
6966aef7933ed17148cf77d0,1370,1,5,right-4,left,right-dark,light-up,greater-up,single,57:14.8
663cceb7909a43d4d01e0c24,460,1,25,left-8,right,left-dark,light-up,greater-up,dual,57:18.3
67a610387d56a92a9e3757a5,1241,1,65,right-8,right,right-dark,dark-up,greater-up,single,57:16.1
5f4dc39ffc6fe9aa6901cc6d,816,1,11,right-2,left,right-dark,dark-up,fewer-up,single,55:33.2
66eb1a41306925cf993d6490,1493,1,75,left-6,right,left-dark,dark-up,fewer-up,single,57:17.1
663cceb7909a43d4d01e0c24,536,0,26,right-4,left,right-dark,light-up,fewer-up,dual,57:20.1
6966aef7933ed17148cf77d0,1011,1,6,left-9,right,left-dark,dark-up,fewer-up,single,57:17.4
67a7d4e19fee63cbe222ae02,NULL,0,0,left-2,none,left-dark,dark-up,greater-up,single,57:17.8
67a610387d56a92a9e3757a5,900,1,66,left-4,right,left-dark,light-up,greater-up,single,57:18.6
5f4dc39ffc6fe9aa6901cc6d,1320,1,12,right-7,right,right-dark,dark-up,greater-up,single,55:35.7
663cceb7909a43d4d01e0c24,1019,0,27,right-3,left,right-dark,light-up,fewer-up,dual,57:22.4
5c2d187569ceff00011417de,660,1,40,left-4,left,left-dark,light-up,fewer-up,dual,57:18.9
66eb1a41306925cf993d6490,1388,1,76,left-0,right,left-dark,light-up,greater-up,single,57:19.7
6966aef7933ed17148cf77d0,1029,1,7,left-5,right,left-dark,light-up,greater-up,single,57:19.8
67a7d4e19fee63cbe222ae02,329,1,1,left-8,left,left-dark,dark-up,greater-up,single,57:20.1
67a610387d56a92a9e3757a5,1122,1,67,right-1,right,right-dark,dark-up,greater-up,single,57:20.8
663cceb7909a43d4d01e0c24,553,1,28,right-6,right,right-dark,dark-up,greater-up,dual,57:24.1
5f4dc39ffc6fe9aa6901cc6d,796,0,13,left-9,right,left-dark,dark-up,greater-up,single,55:38.0
5c2d187569ceff00011417de,679,0,41,right-2,right,right-dark,dark-up,fewer-up,dual,57:20.9
61084e45d53567348ae45e57,1232,1,40,left-0,left,left-dark,light-up,fewer-up,single,57:21.9
6966aef7933ed17148cf77d0,1006,1,8,right-6,left,right-dark,dark-up,fewer-up,single,57:21.9
67a7d4e19fee63cbe222ae02,871,0,2,right-8,right,right-dark,light-up,greater-up,single,57:22.2
66eb1a41306925cf993d6490,1297,0,77,left-1,left,left-dark,dark-up,fewer-up,single,57:22.6
663cceb7909a43d4d01e0c24,571,0,29,right-7,right,right-dark,dark-up,fewer-up,dual,57:26.0
67a610387d56a92a9e3757a5,1260,1,68,left-9,left,left-dark,light-up,fewer-up,single,57:23.3
5c2d187569ceff00011417de,924,0,42,right-6,right,right-dark,dark-up,fewer-up,dual,57:22.9
5f4dc39ffc6fe9aa6901cc6d,526,1,14,right-4,left,right-dark,dark-up,fewer-up,single,55:40.4
61084e45d53567348ae45e57,868,1,41,right-9,right,right-dark,dark-up,greater-up,single,57:24.2
6966aef7933ed17148cf77d0,990,1,9,left-2,right,left-dark,light-up,greater-up,single,57:24.3
66eb1a41306925cf993d6490,1315,1,78,left-3,left,left-dark,dark-up,greater-up,single,57:25.1
5c2d187569ceff00011417de,467,1,43,right-4,right,right-dark,dark-up,greater-up,dual,57:24.6
67a7d4e19fee63cbe222ae02,1576,0,3,right-7,left,right-dark,light-up,fewer-up,single,57:25.2
67a610387d56a92a9e3757a5,1140,1,69,right-3,right,right-dark,light-up,fewer-up,single,57:25.6
663cceb7909a43d4d01e0c24,1379,0,30,right-6,right,right-dark,dark-up,fewer-up,dual,57:28.6
61084e45d53567348ae45e57,945,1,42,right-9,left,right-dark,dark-up,fewer-up,single,57:26.4
5f4dc39ffc6fe9aa6901cc6d,690,1,15,left-2,right,left-dark,light-up,greater-up,single,55:42.7
6966aef7933ed17148cf77d0,1464,1,10,left-3,left,left-dark,light-up,fewer-up,single,57:27.0
5c2d187569ceff00011417de,750,0,44,left-7,left,left-dark,dark-up,fewer-up,dual,57:26.8
67a7d4e19fee63cbe222ae02,NULL,0,4,left-6,none,left-dark,light-up,greater-up,single,57:27.6
66eb1a41306925cf993d6490,1343,0,79,left-0,right,left-dark,light-up,fewer-up,single,57:27.9
5f4dc39ffc6fe9aa6901cc6d,727,0,16,right-7,left,right-dark,light-up,fewer-up,single,55:44.7
67a610387d56a92a9e3757a5,1215,1,70,left-3,left,left-dark,light-up,fewer-up,single,57:28.0
61084e45d53567348ae45e57,1086,1,43,left-1,left,left-dark,light-up,fewer-up,single,57:28.6
663cceb7909a43d4d01e0c24,NULL,0,31,left-0,none,left-dark,dark-up,fewer-up,dual,57:31.2
5c2d187569ceff00011417de,560,0,45,right-8,right,right-dark,light-up,greater-up,dual,57:28.8
6966aef7933ed17148cf77d0,996,1,11,right-1,left,right-dark,light-up,greater-up,single,57:29.5
67a7d4e19fee63cbe222ae02,933,1,5,right-5,left,right-dark,light-up,greater-up,single,57:30.2
61084e45d53567348ae45e57,936,1,44,right-1,right,right-dark,dark-up,greater-up,single,57:30.9
67a610387d56a92a9e3757a5,853,1,71,left-8,right,left-dark,light-up,greater-up,single,57:30.4
5f4dc39ffc6fe9aa6901cc6d,776,1,17,right-6,left,right-dark,light-up,greater-up,single,55:47.2
663cceb7909a43d4d01e0c24,754,1,32,left-6,right,left-dark,light-up,greater-up,dual,57:34.0
5c2d187569ceff00011417de,961,0,46,left-6,left,left-dark,dark-up,fewer-up,dual,57:30.8
6966aef7933ed17148cf77d0,1194,1,12,right-5,right,right-dark,dark-up,greater-up,single,57:31.9
67a7d4e19fee63cbe222ae02,867,0,6,left-1,right,left-dark,light-up,fewer-up,single,57:32.5
61084e45d53567348ae45e57,741,1,45,left-3,left,left-dark,dark-up,greater-up,single,57:33.1
5f4dc39ffc6fe9aa6901cc6d,686,0,18,left-0,right,left-dark,light-up,fewer-up,single,55:49.6
5c2d187569ceff00011417de,440,1,47,right-8,right,right-dark,dark-up,greater-up,dual,57:32.8
67a610387d56a92a9e3757a5,1502,1,72,right-8,left,right-dark,dark-up,fewer-up,single,57:33.3
663cceb7909a43d4d01e0c24,1501,0,33,right-5,left,right-dark,light-up,fewer-up,dual,57:36.5
6966aef7933ed17148cf77d0,1002,1,13,right-9,left,right-dark,light-up,greater-up,single,57:34.4
67a7d4e19fee63cbe222ae02,670,1,7,right-4,left,right-dark,dark-up,fewer-up,single,57:34.4
61084e45d53567348ae45e57,1282,1,46,left-2,right,left-dark,light-up,greater-up,single,57:35.5
5f4dc39ffc6fe9aa6901cc6d,691,1,19,left-8,left,left-dark,light-up,fewer-up,single,55:52.1
663cceb7909a43d4d01e0c24,521,1,34,left-1,right,left-dark,light-up,greater-up,dual,57:38.4
5c2d187569ceff00011417de,647,0,48,left-1,left,left-dark,dark-up,fewer-up,dual,57:34.9
67a610387d56a92a9e3757a5,1243,1,73,left-6,left,left-dark,light-up,fewer-up,single,57:35.8
6966aef7933ed17148cf77d0,978,1,14,right-2,left,right-dark,dark-up,fewer-up,single,57:36.8
61084e45d53567348ae45e57,722,1,47,left-1,left,left-dark,dark-up,greater-up,single,57:37.3
5c2d187569ceff00011417de,453,1,49,left-7,right,left-dark,light-up,greater-up,dual,57:36.8
67a7d4e19fee63cbe222ae02,1446,1,8,right-1,left,right-dark,dark-up,fewer-up,single,57:37.4
663cceb7909a43d4d01e0c24,870,0,35,left-5,right,left-dark,light-up,fewer-up,dual,57:40.9
67a610387d56a92a9e3757a5,964,1,74,left-6,right,left-dark,light-up,greater-up,single,57:37.8
61084e45d53567348ae45e57,912,1,48,right-1,left,right-dark,dark-up,fewer-up,single,57:39.6
6966aef7933ed17148cf77d0,1097,1,15,left-4,left,left-dark,light-up,fewer-up,single,57:39.2
5c2d187569ceff00011417de,517,0,50,right-3,left,right-dark,light-up,fewer-up,dual,57:38.8
67a7d4e19fee63cbe222ae02,884,0,9,right-1,right,right-dark,light-up,greater-up,single,57:39.6
67a610387d56a92a9e3757a5,973,1,75,left-0,left,left-dark,light-up,fewer-up,single,57:39.9
663cceb7909a43d4d01e0c24,868,0,36,left-6,right,left-dark,dark-up,greater-up,dual,57:43.1
5c2d187569ceff00011417de,710,0,51,left-1,left,left-dark,light-up,greater-up,dual,57:40.7
6966aef7933ed17148cf77d0,998,1,16,right-8,left,right-dark,light-up,greater-up,single,57:41.3
61084e45d53567348ae45e57,1347,0,49,right-7,left,right-dark,dark-up,greater-up,single,57:42.3
663cceb7909a43d4d01e0c24,560,0,37,left-3,right,left-dark,dark-up,greater-up,dual,57:44.9
67a7d4e19fee63cbe222ae02,968,1,10,right-3,left,right-dark,dark-up,fewer-up,single,57:42.1
67a610387d56a92a9e3757a5,1005,1,76,left-7,right,left-dark,dark-up,fewer-up,single,57:42.4
5c2d187569ceff00011417de,559,0,52,right-4,right,right-dark,light-up,greater-up,dual,57:42.5
6966aef7933ed17148cf77d0,882,1,17,right-1,left,right-dark,dark-up,fewer-up,single,57:43.5
61084e45d53567348ae45e57,864,1,50,left-0,left,left-dark,dark-up,greater-up,single,57:44.5
663cceb7909a43d4d01e0c24,NULL,0,38,right-8,none,right-dark,light-up,greater-up,dual,57:47.4
67a7d4e19fee63cbe222ae02,1182,1,11,right-6,right,right-dark,light-up,fewer-up,single,57:44.6
5c2d187569ceff00011417de,424,0,53,right-7,right,right-dark,dark-up,fewer-up,dual,57:44.4
67a610387d56a92a9e3757a5,1081,1,77,right-6,right,right-dark,light-up,fewer-up,single,57:44.9
6966aef7933ed17148cf77d0,945,1,18,left-6,left,left-dark,dark-up,greater-up,single,57:45.7
61084e45d53567348ae45e57,943,1,51,left-2,left,left-dark,light-up,fewer-up,single,57:46.5
5c2d187569ceff00011417de,576,1,54,right-5,right,right-dark,dark-up,greater-up,dual,57:46.0
663cceb7909a43d4d01e0c24,447,1,39,right-6,right,right-dark,light-up,fewer-up,dual,57:49.5
67a7d4e19fee63cbe222ae02,1240,0,12,left-9,left,left-dark,light-up,greater-up,single,57:47.1
67a610387d56a92a9e3757a5,1051,1,78,left-4,left,left-dark,light-up,fewer-up,single,57:47.4
6966aef7933ed17148cf77d0,961,1,19,left-1,right,left-dark,dark-up,fewer-up,single,57:47.9
5f4dc39ffc6fe9aa6901cc6d,764,0,20,left-4,right,left-dark,light-up,fewer-up,single,56:04.8
61084e45d53567348ae45e57,1189,1,52,left-6,right,left-dark,dark-up,fewer-up,single,57:48.8
5c2d187569ceff00011417de,640,1,55,left-7,left,left-dark,dark-up,greater-up,dual,57:47.8
67a610387d56a92a9e3757a5,1156,1,79,left-9,right,left-dark,dark-up,fewer-up,single,57:49.6
67a7d4e19fee63cbe222ae02,1285,1,13,left-0,right,left-dark,dark-up,fewer-up,single,57:49.9
5c2d187569ceff00011417de,516,0,56,left-2,left,left-dark,light-up,greater-up,dual,57:49.6
5f4dc39ffc6fe9aa6901cc6d,775,1,21,right-5,left,right-dark,light-up,greater-up,single,56:07.2
61084e45d53567348ae45e57,1736,1,53,right-6,right,right-dark,light-up,fewer-up,single,57:51.9
5c2d187569ceff00011417de,350,1,57,left-4,right,left-dark,dark-up,fewer-up,dual,57:51.4
5f4dc39ffc6fe9aa6901cc6d,632,0,22,left-0,left,left-dark,light-up,greater-up,single,56:09.1
67a7d4e19fee63cbe222ae02,1411,0,14,right-5,left,right-dark,dark-up,greater-up,single,57:52.4
61084e45d53567348ae45e57,848,1,54,left-4,left,left-dark,dark-up,greater-up,single,57:54.0
663cceb7909a43d4d01e0c24,624,0,40,left-0,right,left-dark,dark-up,greater-up,dual,57:56.6
5c2d187569ceff00011417de,664,1,58,right-2,right,right-dark,light-up,fewer-up,dual,57:53.2
5f4dc39ffc6fe9aa6901cc6d,750,0,23,right-2,left,right-dark,dark-up,greater-up,single,56:11.1
60dfd857e293a99dd577f4c8,1460,1,0,left-2,left,left-dark,dark-up,greater-up,single,57:54.0
67a7d4e19fee63cbe222ae02,916,0,15,right-3,left,right-dark,light-up,fewer-up,single,57:54.7
6966aef7933ed17148cf77d0,1335,1,20,left-8,left,left-dark,dark-up,greater-up,single,57:54.8
663cceb7909a43d4d01e0c24,734,1,41,right-2,right,right-dark,dark-up,greater-up,dual,57:58.4
61084e45d53567348ae45e57,739,1,55,left-7,left,left-dark,dark-up,greater-up,single,57:56.2
5c2d187569ceff00011417de,778,0,59,right-1,right,right-dark,light-up,greater-up,dual,57:55.2
5f4dc39ffc6fe9aa6901cc6d,472,1,24,left-6,right,left-dark,light-up,greater-up,single,56:13.4
6966aef7933ed17148cf77d0,780,1,21,right-0,right,right-dark,dark-up,greater-up,single,57:56.7
67a7d4e19fee63cbe222ae02,1362,0,16,left-4,right,left-dark,dark-up,greater-up,single,57:57.2
663cceb7909a43d4d01e0c24,521,1,42,right-0,right,right-dark,dark-up,greater-up,dual,58:00.3
60dfd857e293a99dd577f4c8,1245,0,1,right-3,left,right-dark,light-up,fewer-up,single,57:56.8
61084e45d53567348ae45e57,1056,1,56,left-6,right,left-dark,light-up,greater-up,single,57:58.4
5f4dc39ffc6fe9aa6901cc6d,889,1,25,right-6,right,right-dark,dark-up,greater-up,single,56:15.5
67a7d4e19fee63cbe222ae02,64,0,17,left-4,left,left-dark,light-up,greater-up,single,57:58.7
6966aef7933ed17148cf77d0,993,1,22,left-1,left,left-dark,light-up,fewer-up,single,57:59.2
663cceb7909a43d4d01e0c24,553,0,43,right-0,right,right-dark,dark-up,fewer-up,dual,58:02.2
60dfd857e293a99dd577f4c8,NULL,0,2,right-2,none,right-dark,light-up,fewer-up,single,57:59.4
61084e45d53567348ae45e57,1310,1,57,left-6,left,left-dark,light-up,fewer-up,single,58:01.1
5f4dc39ffc6fe9aa6901cc6d,799,1,26,left-4,right,left-dark,light-up,greater-up,single,56:17.6
67a7d4e19fee63cbe222ae02,915,0,18,left-7,right,left-dark,light-up,fewer-up,single,58:00.9
6966aef7933ed17148cf77d0,837,1,23,left-8,right,left-dark,light-up,greater-up,single,58:01.1
5c2d187569ceff00011417de,736,1,60,right-3,right,right-dark,dark-up,greater-up,dual,58:00.7
663cceb7909a43d4d01e0c24,628,1,44,left-5,left,left-dark,dark-up,greater-up,dual,58:04.3
67a7d4e19fee63cbe222ae02,286,0,19,right-8,left,right-dark,light-up,fewer-up,single,58:02.4
61084e45d53567348ae45e57,791,1,58,left-7,left,left-dark,light-up,fewer-up,single,58:03.3
5f4dc39ffc6fe9aa6901cc6d,679,0,27,right-4,right,right-dark,light-up,greater-up,single,56:19.6
6966aef7933ed17148cf77d0,827,1,24,left-0,right,left-dark,dark-up,fewer-up,single,58:03.1
5c2d187569ceff00011417de,573,1,61,left-4,left,left-dark,dark-up,greater-up,dual,58:02.8
60dfd857e293a99dd577f4c8,1206,1,3,right-1,right,right-dark,dark-up,greater-up,single,58:02.7
663cceb7909a43d4d01e0c24,1010,1,45,left-3,left,left-dark,light-up,fewer-up,dual,58:06.6
5f4dc39ffc6fe9aa6901cc6d,567,0,28,left-6,right,left-dark,light-up,fewer-up,single,56:21.4
61084e45d53567348ae45e57,865,1,59,right-9,right,right-dark,light-up,fewer-up,single,58:05.3
6966aef7933ed17148cf77d0,917,1,25,left-0,left,left-dark,light-up,fewer-up,single,58:05.1
60dfd857e293a99dd577f4c8,1344,0,4,left-3,left,left-dark,light-up,greater-up,single,58:05.2
5f4dc39ffc6fe9aa6901cc6d,502,0,29,right-4,left,right-dark,dark-up,greater-up,single,56:23.0
663cceb7909a43d4d01e0c24,1430,1,46,right-1,right,right-dark,dark-up,greater-up,dual,58:09.3
5c2d187569ceff00011417de,1640,1,62,right-3,left,right-dark,dark-up,fewer-up,dual,58:05.8
6966aef7933ed17148cf77d0,863,1,26,left-0,left,left-dark,dark-up,greater-up,single,58:07.1
66b8cf43cc43c649a591c3b6,1285,1,0,right-3,right,right-dark,light-up,fewer-up,single,58:06.8
663cceb7909a43d4d01e0c24,581,1,47,right-4,right,right-dark,dark-up,greater-up,dual,58:11.1
5c2d187569ceff00011417de,732,0,63,left-8,left,left-dark,light-up,greater-up,dual,58:07.6
5f4dc39ffc6fe9aa6901cc6d,512,1,30,left-5,right,left-dark,light-up,greater-up,single,56:25.1
60dfd857e293a99dd577f4c8,1345,1,5,left-8,right,left-dark,light-up,greater-up,single,58:07.7
6966aef7933ed17148cf77d0,1123,1,27,right-7,left,right-dark,light-up,greater-up,single,58:09.6
67a7d4e19fee63cbe222ae02,937,1,20,left-9,right,left-dark,dark-up,fewer-up,single,58:09.5
5c2d187569ceff00011417de,456,1,64,left-5,right,left-dark,dark-up,fewer-up,dual,58:09.3
66b8cf43cc43c649a591c3b6,1170,1,1,right-1,left,right-dark,light-up,greater-up,single,58:09.5
663cceb7909a43d4d01e0c24,763,0,48,right-8,right,right-dark,dark-up,fewer-up,dual,58:13.2
5f4dc39ffc6fe9aa6901cc6d,739,1,31,left-5,left,left-dark,light-up,fewer-up,single,56:27.2
60dfd857e293a99dd577f4c8,1411,1,6,left-3,left,left-dark,dark-up,greater-up,single,58:10.5
5c2d187569ceff00011417de,538,1,65,left-3,right,left-dark,dark-up,fewer-up,dual,58:11.0
6966aef7933ed17148cf77d0,910,1,28,right-2,right,right-dark,dark-up,greater-up,single,58:11.9
663cceb7909a43d4d01e0c24,630,0,49,left-3,left,left-dark,dark-up,fewer-up,dual,58:15.0
67a7d4e19fee63cbe222ae02,1533,1,21,left-1,right,left-dark,dark-up,fewer-up,single,58:12.2
66b8cf43cc43c649a591c3b6,1045,1,2,right-5,right,right-dark,dark-up,greater-up,single,58:11.6
5f4dc39ffc6fe9aa6901cc6d,1127,0,32,right-3,left,right-dark,dark-up,greater-up,single,56:29.6
5c2d187569ceff00011417de,359,0,66,left-8,right,left-dark,dark-up,greater-up,dual,58:12.8
60dfd857e293a99dd577f4c8,1018,1,7,left-7,left,left-dark,dark-up,greater-up,single,58:12.7
6966aef7933ed17148cf77d0,804,1,29,left-4,right,left-dark,light-up,greater-up,single,58:14.0
663cceb7909a43d4d01e0c24,1127,0,50,left-2,left,left-dark,light-up,greater-up,dual,58:17.2
66b8cf43cc43c649a591c3b6,1053,1,3,left-8,right,left-dark,light-up,greater-up,single,58:13.9
5c2d187569ceff00011417de,282,0,67,left-3,left,left-dark,light-up,greater-up,dual,58:14.2
67a7d4e19fee63cbe222ae02,1182,0,22,right-6,right,right-dark,dark-up,fewer-up,single,58:14.8
5f4dc39ffc6fe9aa6901cc6d,754,1,33,right-1,right,right-dark,light-up,fewer-up,single,56:31.7
663cceb7909a43d4d01e0c24,536,1,51,right-8,right,right-dark,light-up,fewer-up,dual,58:18.8
6966aef7933ed17148cf77d0,1094,1,30,right-0,left,right-dark,dark-up,fewer-up,single,58:16.1
60dfd857e293a99dd577f4c8,1537,1,8,right-3,left,right-dark,light-up,greater-up,single,58:15.6
5c2d187569ceff00011417de,511,0,68,left-5,right,left-dark,dark-up,greater-up,dual,58:15.8
67a7d4e19fee63cbe222ae02,1096,1,23,right-3,left,right-dark,light-up,greater-up,single,58:17.2
66b8cf43cc43c649a591c3b6,NULL,0,4,right-3,none,right-dark,light-up,greater-up,single,58:16.6
69a5c155a852c9a8ab7762fa,1395,1,0,left-9,left,left-dark,dark-up,greater-up,dual,58:17.9
5f4dc39ffc6fe9aa6901cc6d,985,1,34,left-7,left,left-dark,light-up,fewer-up,single,56:34.1
663cceb7909a43d4d01e0c24,1005,0,52,left-6,left,left-dark,dark-up,fewer-up,dual,58:20.9
5c2d187569ceff00011417de,311,1,69,right-8,left,right-dark,dark-up,fewer-up,dual,58:17.5
6966aef7933ed17148cf77d0,1120,1,31,right-8,right,right-dark,light-up,fewer-up,single,58:18.5
60dfd857e293a99dd577f4c8,1423,1,9,left-6,right,left-dark,light-up,greater-up,single,58:18.2
5c2d187569ceff00011417de,477,0,70,right-9,right,right-dark,light-up,greater-up,dual,58:19.1
5f4dc39ffc6fe9aa6901cc6d,1002,1,35,right-7,left,right-dark,light-up,greater-up,single,56:36.5
67a7d4e19fee63cbe222ae02,1368,1,24,right-0,right,right-dark,light-up,fewer-up,single,58:19.8
663cceb7909a43d4d01e0c24,450,0,53,right-5,right,right-dark,light-up,greater-up,dual,58:22.8
69a5c155a852c9a8ab7762fa,1565,1,1,right-4,left,right-dark,light-up,greater-up,dual,58:21.0
66b8cf43cc43c649a591c3b6,1167,1,5,right-9,left,right-dark,dark-up,fewer-up,single,58:19.9
6966aef7933ed17148cf77d0,822,1,32,left-4,right,left-dark,dark-up,fewer-up,single,58:20.6
5c2d187569ceff00011417de,70,1,71,right-7,left,right-dark,light-up,greater-up,dual,58:20.5
60dfd857e293a99dd577f4c8,NULL,0,10,right-7,none,right-dark,light-up,greater-up,single,58:20.6
5f4dc39ffc6fe9aa6901cc6d,970,1,36,left-8,left,left-dark,dark-up,greater-up,single,56:38.6
663cceb7909a43d4d01e0c24,724,0,54,left-9,right,left-dark,dark-up,greater-up,dual,58:24.8
67a7d4e19fee63cbe222ae02,1323,0,25,right-5,right,right-dark,dark-up,fewer-up,single,58:22.3
6966aef7933ed17148cf77d0,793,1,33,left-1,right,left-dark,light-up,greater-up,single,58:22.7
5c2d187569ceff00011417de,527,0,72,right-4,left,right-dark,light-up,fewer-up,dual,58:22.2
66b8cf43cc43c649a591c3b6,1042,1,6,right-1,right,right-dark,light-up,fewer-up,single,58:22.4
69a5c155a852c9a8ab7762fa,1322,0,2,left-1,right,left-dark,light-up,fewer-up,dual,58:23.8
663cceb7909a43d4d01e0c24,636,1,55,left-7,left,left-dark,dark-up,greater-up,dual,58:26.9
5f4dc39ffc6fe9aa6901cc6d,1093,1,37,right-1,left,right-dark,dark-up,fewer-up,single,56:40.8
5c2d187569ceff00011417de,185,0,73,right-6,right,right-dark,light-up,greater-up,dual,58:23.5
60dfd857e293a99dd577f4c8,NULL,0,11,left-5,none,left-dark,light-up,fewer-up,single,58:23.7
67a7d4e19fee63cbe222ae02,1117,0,26,right-2,left,right-dark,dark-up,greater-up,single,58:24.9
66b8cf43cc43c649a591c3b6,870,1,7,right-7,right,right-dark,dark-up,greater-up,single,58:24.4
6966aef7933ed17148cf77d0,1273,1,34,left-4,left,left-dark,dark-up,greater-up,single,58:25.4
69a5c155a852c9a8ab7762fa,622,1,3,left-0,left,left-dark,dark-up,greater-up,dual,58:26.0
5c2d187569ceff00011417de,366,1,74,right-0,left,right-dark,light-up,greater-up,dual,58:25.1
663cceb7909a43d4d01e0c24,1157,1,56,left-2,left,left-dark,dark-up,greater-up,dual,58:29.1
5f4dc39ffc6fe9aa6901cc6d,826,1,38,right-5,left,right-dark,dark-up,fewer-up,single,56:43.0
67a7d4e19fee63cbe222ae02,NULL,0,27,right-0,none,right-dark,dark-up,fewer-up,single,58:27.2
6966aef7933ed17148cf77d0,998,1,35,right-3,left,right-dark,dark-up,fewer-up,single,58:27.5
66b8cf43cc43c649a591c3b6,1272,1,8,left-1,left,left-dark,light-up,fewer-up,single,58:27.0
5c2d187569ceff00011417de,768,0,75,right-2,left,right-dark,dark-up,greater-up,dual,58:27.2
60dfd857e293a99dd577f4c8,1586,1,12,left-1,right,left-dark,dark-up,fewer-up,single,58:27.1
5f4dc39ffc6fe9aa6901cc6d,1071,0,39,left-1,left,left-dark,light-up,greater-up,single,56:45.1
69a5c155a852c9a8ab7762fa,1393,0,4,left-6,left,left-dark,light-up,greater-up,dual,58:29.0
663cceb7909a43d4d01e0c24,1213,0,57,right-9,left,right-dark,dark-up,greater-up,dual,58:31.5
67a7d4e19fee63cbe222ae02,573,1,28,right-9,left,right-dark,light-up,greater-up,single,58:29.4
5c2d187569ceff00011417de,791,1,76,left-9,right,left-dark,dark-up,fewer-up,dual,58:29.1
6966aef7933ed17148cf77d0,896,1,36,right-5,left,right-dark,dark-up,fewer-up,single,58:29.7
66b8cf43cc43c649a591c3b6,910,1,9,left-8,left,left-dark,dark-up,greater-up,single,58:29.2
60dfd857e293a99dd577f4c8,NULL,0,13,right-2,none,right-dark,dark-up,greater-up,single,58:29.5
69a5c155a852c9a8ab7762fa,656,0,5,right-8,right,right-dark,dark-up,fewer-up,dual,58:30.9
663cceb7909a43d4d01e0c24,618,1,58,left-4,left,left-dark,dark-up,greater-up,dual,58:33.3
5c2d187569ceff00011417de,524,0,77,left-8,right,left-dark,light-up,fewer-up,dual,58:31.1
6966aef7933ed17148cf77d0,1096,1,37,left-7,left,left-dark,light-up,fewer-up,single,58:32.0
67a7d4e19fee63cbe222ae02,1394,1,29,right-4,right,right-dark,dark-up,greater-up,single,58:32.1
663cceb7909a43d4d01e0c24,761,0,59,right-9,right,right-dark,dark-up,fewer-up,dual,58:35.2
66b8cf43cc43c649a591c3b6,923,1,10,right-0,right,right-dark,dark-up,greater-up,single,58:31.7
69a5c155a852c9a8ab7762fa,952,1,6,right-5,left,right-dark,dark-up,fewer-up,dual,58:33.1
60dfd857e293a99dd577f4c8,NULL,0,14,left-3,none,left-dark,light-up,fewer-up,single,58:32.4
5c2d187569ceff00011417de,418,0,78,right-9,left,right-dark,dark-up,greater-up,dual,58:32.7
67a7d4e19fee63cbe222ae02,806,0,30,right-0,left,right-dark,dark-up,greater-up,single,58:34.2
6966aef7933ed17148cf77d0,940,1,38,left-2,left,left-dark,dark-up,greater-up,single,58:34.5
66b8cf43cc43c649a591c3b6,1083,1,11,right-4,left,right-dark,light-up,greater-up,single,58:34.3
5c2d187569ceff00011417de,692,0,79,left-3,right,left-dark,dark-up,greater-up,dual,58:34.6
69a5c155a852c9a8ab7762fa,NULL,0,7,left-8,none,left-dark,light-up,fewer-up,dual,58:35.7
67a7d4e19fee63cbe222ae02,812,1,31,left-1,right,left-dark,light-up,greater-up,single,58:36.5
6966aef7933ed17148cf77d0,877,1,39,left-3,right,left-dark,dark-up,fewer-up,single,58:36.6
60dfd857e293a99dd577f4c8,1678,1,15,left-2,right,left-dark,dark-up,fewer-up,single,58:36.0
66b8cf43cc43c649a591c3b6,1007,1,12,left-7,right,left-dark,light-up,greater-up,single,58:36.5
69a5c155a852c9a8ab7762fa,681,1,8,left-2,left,left-dark,dark-up,greater-up,dual,58:38.4
663cceb7909a43d4d01e0c24,1471,0,60,left-0,right,left-dark,light-up,fewer-up,dual,58:41.4
67a7d4e19fee63cbe222ae02,1252,0,32,right-7,right,right-dark,light-up,greater-up,single,58:39.0
60dfd857e293a99dd577f4c8,1569,1,16,left-8,right,left-dark,dark-up,fewer-up,single,58:38.7
66b8cf43cc43c649a591c3b6,1344,1,13,left-0,right,left-dark,dark-up,fewer-up,single,58:39.2
69a5c155a852c9a8ab7762fa,1317,1,9,right-9,right,right-dark,dark-up,greater-up,dual,58:41.1
663cceb7909a43d4d01e0c24,824,1,61,left-1,left,left-dark,light-up,fewer-up,dual,58:43.7
67a7d4e19fee63cbe222ae02,484,0,33,right-5,left,right-dark,light-up,fewer-up,single,58:40.8
6966aef7933ed17148cf77d0,1058,1,40,right-4,left,right-dark,dark-up,fewer-up,single,58:41.3
60dfd857e293a99dd577f4c8,1228,1,17,right-0,right,right-dark,light-up,fewer-up,single,58:41.1
66b8cf43cc43c649a591c3b6,1100,1,14,left-0,left,left-dark,light-up,fewer-up,single,58:41.4
663cceb7909a43d4d01e0c24,576,0,62,left-9,left,left-dark,dark-up,fewer-up,dual,58:45.8
69a5c155a852c9a8ab7762fa,1396,1,10,right-8,right,right-dark,dark-up,greater-up,dual,58:43.8
67a7d4e19fee63cbe222ae02,1088,1,34,right-8,left,right-dark,dark-up,fewer-up,single,58:43.2
6966aef7933ed17148cf77d0,1044,1,41,right-6,left,right-dark,light-up,greater-up,single,58:43.7
60dfd857e293a99dd577f4c8,1027,1,18,right-5,right,right-dark,light-up,fewer-up,single,58:43.5
61084e45d53567348ae45e57,1389,1,60,right-4,right,right-dark,light-up,fewer-up,single,58:44.7
66b8cf43cc43c649a591c3b6,858,1,15,right-8,right,right-dark,dark-up,greater-up,single,58:43.7
663cceb7909a43d4d01e0c24,709,1,63,left-1,right,left-dark,dark-up,fewer-up,dual,58:47.9
5f4dc39ffc6fe9aa6901cc6d,1104,1,40,left-2,left,left-dark,light-up,fewer-up,single,57:00.9
69a5c155a852c9a8ab7762fa,698,1,11,left-8,left,left-dark,dark-up,greater-up,dual,58:45.8
67a7d4e19fee63cbe222ae02,1223,0,35,right-0,right,right-dark,light-up,greater-up,single,58:45.6
6966aef7933ed17148cf77d0,1101,1,42,right-9,right,right-dark,light-up,fewer-up,single,58:46.3
60dfd857e293a99dd577f4c8,1101,1,19,right-9,right,right-dark,dark-up,greater-up,single,58:45.8
61084e45d53567348ae45e57,1007,0,61,left-9,left,left-dark,light-up,greater-up,single,58:47.1
66b8cf43cc43c649a591c3b6,915,1,16,right-9,left,right-dark,light-up,greater-up,single,58:45.9
663cceb7909a43d4d01e0c24,743,0,64,left-6,right,left-dark,light-up,fewer-up,dual,58:49.9
5f4dc39ffc6fe9aa6901cc6d,624,0,41,left-3,left,left-dark,dark-up,fewer-up,single,57:03.8
67a7d4e19fee63cbe222ae02,477,0,36,left-6,right,left-dark,light-up,fewer-up,single,58:47.4
69a5c155a852c9a8ab7762fa,1013,0,12,left-1,left,left-dark,dark-up,fewer-up,dual,58:48.1
6966aef7933ed17148cf77d0,1103,1,43,right-0,left,right-dark,light-up,greater-up,single,58:48.4
61084e45d53567348ae45e57,1084,1,62,right-1,left,right-dark,light-up,greater-up,single,58:49.2
5f4dc39ffc6fe9aa6901cc6d,603,0,42,right-9,left,right-dark,dark-up,greater-up,single,57:05.6
66b8cf43cc43c649a591c3b6,1269,1,17,left-2,left,left-dark,light-up,fewer-up,single,58:48.5
663cceb7909a43d4d01e0c24,862,0,65,right-5,left,right-dark,dark-up,greater-up,dual,58:52.2
69a5c155a852c9a8ab7762fa,722,0,13,left-3,left,left-dark,dark-up,fewer-up,dual,58:49.9
67a7d4e19fee63cbe222ae02,1105,0,37,left-2,left,left-dark,dark-up,fewer-up,single,58:50.0
6966aef7933ed17148cf77d0,919,1,44,right-4,right,right-dark,dark-up,greater-up,single,58:50.4
5f4dc39ffc6fe9aa6901cc6d,494,1,43,left-4,right,left-dark,dark-up,fewer-up,single,57:07.5
61084e45d53567348ae45e57,909,1,63,right-4,left,right-dark,light-up,greater-up,single,58:51.7
663cceb7909a43d4d01e0c24,763,1,66,right-9,left,right-dark,light-up,greater-up,dual,58:54.2
66b8cf43cc43c649a591c3b6,1087,1,18,left-2,left,left-dark,dark-up,greater-up,single,58:50.7
69a5c155a852c9a8ab7762fa,1139,1,14,left-3,left,left-dark,dark-up,greater-up,dual,58:52.3
6966aef7933ed17148cf77d0,896,1,45,left-2,left,left-dark,light-up,fewer-up,single,58:52.8
5f4dc39ffc6fe9aa6901cc6d,1007,1,44,left-3,left,left-dark,dark-up,greater-up,single,57:09.8
67a7d4e19fee63cbe222ae02,1750,1,38,right-4,left,right-dark,light-up,greater-up,single,58:53.1
663cceb7909a43d4d01e0c24,1201,0,67,right-2,left,right-dark,light-up,fewer-up,dual,58:56.6
61084e45d53567348ae45e57,1513,1,64,right-8,left,right-dark,dark-up,fewer-up,single,58:54.3
66b8cf43cc43c649a591c3b6,1215,1,19,right-3,left,right-dark,dark-up,fewer-up,single,58:53.2
69a5c155a852c9a8ab7762fa,1282,0,15,right-4,right,right-dark,dark-up,fewer-up,dual,58:54.8
6966aef7933ed17148cf77d0,782,1,46,left-7,right,left-dark,light-up,greater-up,single,58:54.7
5f4dc39ffc6fe9aa6901cc6d,956,0,45,right-8,left,right-dark,light-up,fewer-up,single,57:12.1
663cceb7909a43d4d01e0c24,563,1,68,right-4,left,right-dark,dark-up,fewer-up,dual,58:58.4
67a7d4e19fee63cbe222ae02,1499,1,39,right-7,right,right-dark,dark-up,greater-up,single,58:55.7
61084e45d53567348ae45e57,986,1,65,left-8,left,left-dark,dark-up,greater-up,single,58:56.6
69a5c155a852c9a8ab7762fa,1195,1,16,right-3,left,right-dark,light-up,greater-up,dual,58:57.2
6966aef7933ed17148cf77d0,1339,1,47,left-8,left,left-dark,light-up,fewer-up,single,58:57.3
5f4dc39ffc6fe9aa6901cc6d,866,1,46,right-4,right,right-dark,light-up,fewer-up,single,57:14.4
61084e45d53567348ae45e57,924,1,66,right-1,right,right-dark,light-up,fewer-up,single,58:58.7
663cceb7909a43d4d01e0c24,1506,1,69,left-5,right,left-dark,light-up,greater-up,dual,59:01.3
69a5c155a852c9a8ab7762fa,1476,1,17,left-2,right,left-dark,light-up,greater-up,dual,58:59.7
5f4dc39ffc6fe9aa6901cc6d,606,0,47,right-0,right,right-dark,dark-up,fewer-up,single,57:16.2
6966aef7933ed17148cf77d0,703,1,48,left-9,left,left-dark,dark-up,greater-up,single,58:59.4
663cceb7909a43d4d01e0c24,480,1,70,left-3,right,left-dark,light-up,greater-up,dual,59:02.8
61084e45d53567348ae45e57,881,1,67,left-5,left,left-dark,light-up,fewer-up,single,59:01.0
60dfd857e293a99dd577f4c8,1099,1,20,right-8,right,right-dark,light-up,fewer-up,single,59:00.0
5f4dc39ffc6fe9aa6901cc6d,1140,0,48,right-2,left,right-dark,light-up,fewer-up,single,57:18.4
6966aef7933ed17148cf77d0,906,1,49,right-3,left,right-dark,light-up,greater-up,single,59:01.7
69a5c155a852c9a8ab7762fa,1547,1,18,right-9,left,right-dark,dark-up,fewer-up,dual,59:02.4
663cceb7909a43d4d01e0c24,655,0,71,left-4,right,left-dark,light-up,fewer-up,dual,59:05.0
60dfd857e293a99dd577f4c8,991,1,21,right-1,right,right-dark,light-up,fewer-up,single,59:02.1
61084e45d53567348ae45e57,1393,0,68,left-1,left,left-dark,light-up,greater-up,single,59:03.7
5f4dc39ffc6fe9aa6901cc6d,643,0,49,left-7,left,left-dark,dark-up,fewer-up,single,57:20.3
6966aef7933ed17148cf77d0,935,1,50,right-2,left,right-dark,light-up,greater-up,single,59:03.7
663cceb7909a43d4d01e0c24,541,0,72,right-3,left,right-dark,dark-up,greater-up,dual,59:06.7
69a5c155a852c9a8ab7762fa,NULL,0,19,right-0,none,right-dark,dark-up,greater-up,dual,59:05.1
60dfd857e293a99dd577f4c8,1444,1,22,left-4,left,left-dark,dark-up,greater-up,single,59:04.7
66b8cf43cc43c649a591c3b6,1214,1,20,right-9,right,right-dark,light-up,fewer-up,single,59:04.7
5f4dc39ffc6fe9aa6901cc6d,862,0,50,left-2,left,left-dark,dark-up,fewer-up,single,57:22.4
6966aef7933ed17148cf77d0,915,1,51,right-0,right,right-dark,light-up,fewer-up,single,59:05.7
663cceb7909a43d4d01e0c24,609,1,73,right-0,left,right-dark,light-up,greater-up,dual,59:08.7
61084e45d53567348ae45e57,1346,1,69,left-4,right,left-dark,light-up,greater-up,single,59:06.5
5f4dc39ffc6fe9aa6901cc6d,803,0,51,right-5,left,right-dark,dark-up,greater-up,single,57:24.3
66b8cf43cc43c649a591c3b6,1203,1,21,right-6,left,right-dark,light-up,greater-up,single,59:07.3
6966aef7933ed17148cf77d0,959,1,52,right-9,right,right-dark,dark-up,greater-up,single,59:08.1
61084e45d53567348ae45e57,1049,1,70,right-5,right,right-dark,dark-up,greater-up,single,59:08.8
663cceb7909a43d4d01e0c24,1257,1,74,right-7,right,right-dark,dark-up,greater-up,dual,59:11.3
60dfd857e293a99dd577f4c8,1672,1,23,left-5,right,left-dark,dark-up,fewer-up,single,59:07.8
5dad4c34b3446a0015e3de93,1259,1,0,left-0,right,left-dark,dark-up,fewer-up,single,59:07.3
5f4dc39ffc6fe9aa6901cc6d,647,0,52,left-1,right,left-dark,light-up,fewer-up,single,57:26.3
663cceb7909a43d4d01e0c24,628,0,75,right-2,right,right-dark,light-up,greater-up,dual,59:13.0
66b8cf43cc43c649a591c3b6,935,1,22,right-5,left,right-dark,dark-up,fewer-up,single,59:09.4
6966aef7933ed17148cf77d0,943,1,53,left-0,right,left-dark,light-up,greater-up,single,59:10.2
61084e45d53567348ae45e57,888,1,71,left-8,left,left-dark,light-up,fewer-up,single,59:11.0
60dfd857e293a99dd577f4c8,1081,1,24,right-0,right,right-dark,dark-up,greater-up,single,59:10.3
5dad4c34b3446a0015e3de93,874,1,1,left-1,left,left-dark,light-up,fewer-up,single,59:09.4
69a5c155a852c9a8ab7762fa,NULL,0,20,right-7,none,right-dark,dark-up,greater-up,dual,59:11.9
5f4dc39ffc6fe9aa6901cc6d,796,0,53,right-6,right,right-dark,dark-up,fewer-up,single,57:28.2
6966aef7933ed17148cf77d0,1010,1,54,right-8,right,right-dark,dark-up,greater-up,single,59:12.3
663cceb7909a43d4d01e0c24,866,0,76,right-8,left,right-dark,dark-up,greater-up,dual,59:15.3
66b8cf43cc43c649a591c3b6,1294,1,23,left-5,right,left-dark,dark-up,fewer-up,single,59:11.9
61084e45d53567348ae45e57,1141,1,72,left-8,right,left-dark,dark-up,fewer-up,single,59:13.3
5f4dc39ffc6fe9aa6901cc6d,739,1,54,left-2,left,left-dark,dark-up,greater-up,single,57:30.3
5dad4c34b3446a0015e3de93,1050,1,2,right-6,right,right-dark,dark-up,greater-up,single,59:11.9
69a5c155a852c9a8ab7762fa,582,1,21,right-6,left,right-dark,dark-up,fewer-up,dual,59:14.3
60dfd857e293a99dd577f4c8,1385,1,25,left-0,right,left-dark,dark-up,fewer-up,single,59:13.2
6966aef7933ed17148cf77d0,839,1,55,right-6,right,right-dark,dark-up,greater-up,single,59:14.2
66b8cf43cc43c649a591c3b6,1169,1,24,right-5,left,right-dark,light-up,greater-up,single,59:14.2
61084e45d53567348ae45e57,922,1,73,left-7,right,left-dark,dark-up,fewer-up,single,59:15.5
663cceb7909a43d4d01e0c24,1401,1,77,left-0,right,left-dark,light-up,greater-up,dual,59:18.1
5f4dc39ffc6fe9aa6901cc6d,877,1,55,right-9,left,right-dark,light-up,greater-up,single,57:32.3
69a5c155a852c9a8ab7762fa,695,1,22,right-9,left,right-dark,light-up,greater-up,dual,59:16.4
5dad4c34b3446a0015e3de93,725,1,3,right-9,left,right-dark,light-up,greater-up,single,59:14.1
6966aef7933ed17148cf77d0,928,1,56,right-9,left,right-dark,dark-up,fewer-up,single,59:16.2
60dfd857e293a99dd577f4c8,1666,1,26,left-2,left,left-dark,light-up,fewer-up,single,59:16.2
663cceb7909a43d4d01e0c24,1091,0,78,right-3,right,right-dark,light-up,greater-up,dual,59:20.3
61084e45d53567348ae45e57,953,1,74,left-9,left,left-dark,dark-up,greater-up,single,59:18.0
5f4dc39ffc6fe9aa6901cc6d,902,1,56,right-8,left,right-dark,dark-up,fewer-up,single,57:34.4
66b8cf43cc43c649a591c3b6,1462,1,25,left-6,right,left-dark,dark-up,fewer-up,single,59:17.0
5dad4c34b3446a0015e3de93,615,1,4,right-5,left,right-dark,light-up,greater-up,single,59:16.1
5de7d12c26dd95000b6824c5,1252,1,0,left-9,left,left-dark,light-up,fewer-up,dual,59:19.3
69a5c155a852c9a8ab7762fa,1105,1,23,left-0,right,left-dark,dark-up,fewer-up,dual,59:18.9
6966aef7933ed17148cf77d0,1148,1,57,left-9,left,left-dark,light-up,fewer-up,single,59:18.4
69ac82ae94c6c87d2180547f,716,1,0,left-3,right,left-dark,light-up,greater-up,single,59:19.3
663cceb7909a43d4d01e0c24,992,0,79,left-5,left,left-dark,dark-up,fewer-up,dual,59:22.5
5f4dc39ffc6fe9aa6901cc6d,890,1,57,left-6,left,left-dark,dark-up,greater-up,single,57:36.4
672ca130c5f43c5ed7d5d4b8,1397,1,0,left-8,right,left-dark,light-up,greater-up,single,59:19.6
61084e45d53567348ae45e57,1028,1,75,right-3,right,right-dark,light-up,fewer-up,single,59:20.2
60dfd857e293a99dd577f4c8,1436,1,27,left-9,left,left-dark,light-up,fewer-up,single,59:19.2
5dad4c34b3446a0015e3de93,856,1,5,left-4,right,left-dark,light-up,greater-up,single,59:18.2
66b8cf43cc43c649a591c3b6,1134,1,26,left-4,right,left-dark,light-up,greater-up,single,59:19.4
69a5c155a852c9a8ab7762fa,978,1,24,left-7,left,left-dark,dark-up,greater-up,dual,59:21.1
6966aef7933ed17148cf77d0,836,1,58,left-5,left,left-dark,dark-up,greater-up,single,59:20.6
69ac82ae94c6c87d2180547f,440,0,1,right-5,left,right-dark,light-up,fewer-up,single,59:21.1
5de7d12c26dd95000b6824c5,1496,1,1,right-5,left,right-dark,dark-up,fewer-up,dual,59:22.1
5f4dc39ffc6fe9aa6901cc6d,791,1,58,right-0,left,right-dark,light-up,greater-up,single,57:38.4
61084e45d53567348ae45e57,1169,1,76,left-0,right,left-dark,dark-up,fewer-up,single,59:22.5
67a7d4e19fee63cbe222ae02,1102,1,40,right-9,left,right-dark,dark-up,fewer-up,single,59:22.0
60dfd857e293a99dd577f4c8,1004,1,28,left-7,left,left-dark,light-up,fewer-up,single,59:21.5
5dad4c34b3446a0015e3de93,805,1,6,left-9,left,left-dark,dark-up,greater-up,single,59:20.6
672ca130c5f43c5ed7d5d4b8,1561,1,1,right-1,right,right-dark,dark-up,greater-up,single,59:22.4
6966aef7933ed17148cf77d0,819,1,59,left-3,right,left-dark,light-up,greater-up,single,59:22.5
66b8cf43cc43c649a591c3b6,1319,1,27,left-2,right,left-dark,light-up,greater-up,single,59:21.8
69a5c155a852c9a8ab7762fa,988,0,25,left-7,left,left-dark,light-up,greater-up,dual,59:23.6
69ac82ae94c6c87d2180547f,703,0,2,left-7,right,left-dark,light-up,fewer-up,single,59:23.2
5f4dc39ffc6fe9aa6901cc6d,859,0,59,left-7,left,left-dark,light-up,greater-up,single,57:40.5
5de7d12c26dd95000b6824c5,1724,1,2,right-4,left,right-dark,dark-up,fewer-up,dual,59:25.1
67a7d4e19fee63cbe222ae02,1155,0,41,left-2,right,left-dark,light-up,fewer-up,single,59:24.3
60dfd857e293a99dd577f4c8,911,0,29,left-4,left,left-dark,light-up,greater-up,single,59:23.8
61084e45d53567348ae45e57,1048,1,77,right-4,left,right-dark,dark-up,fewer-up,single,59:24.9
672ca130c5f43c5ed7d5d4b8,911,1,2,right-9,right,right-dark,dark-up,greater-up,single,59:24.6
5dad4c34b3446a0015e3de93,1219,1,7,left-6,left,left-dark,light-up,fewer-up,single,59:23.0
69ac82ae94c6c87d2180547f,617,1,3,left-5,right,left-dark,dark-up,fewer-up,single,59:25.2
66b8cf43cc43c649a591c3b6,1301,1,28,right-1,right,right-dark,dark-up,greater-up,single,59:24.5
69a5c155a852c9a8ab7762fa,1286,0,26,left-2,right,left-dark,light-up,fewer-up,dual,59:26.1
5de7d12c26dd95000b6824c5,1081,0,3,right-2,right,right-dark,light-up,greater-up,dual,59:27.5
5dad4c34b3446a0015e3de93,883,1,8,right-4,right,right-dark,light-up,fewer-up,single,59:24.9
672ca130c5f43c5ed7d5d4b8,1184,1,3,right-0,left,right-dark,light-up,greater-up,single,59:26.9
61084e45d53567348ae45e57,1111,1,78,right-3,right,right-dark,dark-up,greater-up,single,59:27.5
67a7d4e19fee63cbe222ae02,1253,0,42,left-5,left,left-dark,light-up,greater-up,single,59:27.1
69ac82ae94c6c87d2180547f,778,1,4,right-7,right,right-dark,dark-up,greater-up,single,59:27.5
66b8cf43cc43c649a591c3b6,1299,1,29,left-4,right,left-dark,dark-up,fewer-up,single,59:27.0
60dfd857e293a99dd577f4c8,1737,1,30,right-7,right,right-dark,light-up,fewer-up,single,59:27.0
6966aef7933ed17148cf77d0,1062,1,60,right-8,left,right-dark,dark-up,fewer-up,single,59:27.8
69a5c155a852c9a8ab7762fa,1056,1,27,right-2,left,right-dark,light-up,greater-up,dual,59:28.7
61084e45d53567348ae45e57,925,1,79,right-8,left,right-dark,light-up,greater-up,single,59:29.6
5dad4c34b3446a0015e3de93,1059,0,9,right-7,left,right-dark,light-up,fewer-up,single,59:27.3
5de7d12c26dd95000b6824c5,998,1,4,right-9,right,right-dark,dark-up,greater-up,dual,59:30.1
67a7d4e19fee63cbe222ae02,1251,1,43,left-0,left,left-dark,dark-up,greater-up,single,59:29.4
69ac82ae94c6c87d2180547f,893,1,5,right-2,right,right-dark,light-up,fewer-up,single,59:29.6
6966aef7933ed17148cf77d0,750,1,61,left-8,right,left-dark,dark-up,fewer-up,single,59:29.7
672ca130c5f43c5ed7d5d4b8,1408,1,4,right-4,left,right-dark,dark-up,fewer-up,single,59:29.7
66b8cf43cc43c649a591c3b6,1282,1,30,left-3,right,left-dark,light-up,greater-up,single,59:29.4
60dfd857e293a99dd577f4c8,1399,1,31,left-4,right,left-dark,dark-up,fewer-up,single,59:29.6
5f4dc39ffc6fe9aa6901cc6d,1597,1,60,left-5,left,left-dark,dark-up,greater-up,single,57:47.2
69a5c155a852c9a8ab7762fa,1378,0,28,right-1,left,right-dark,dark-up,greater-up,dual,59:31.4
67a7d4e19fee63cbe222ae02,580,0,44,left-1,right,left-dark,dark-up,greater-up,single,59:31.2
5dad4c34b3446a0015e3de93,1049,1,10,left-1,left,left-dark,dark-up,greater-up,single,59:29.6
69ac82ae94c6c87d2180547f,732,1,6,left-5,left,left-dark,light-up,fewer-up,single,59:31.6
6966aef7933ed17148cf77d0,767,1,62,left-5,right,left-dark,dark-up,fewer-up,single,59:31.7
5de7d12c26dd95000b6824c5,1362,1,5,right-7,left,right-dark,dark-up,fewer-up,dual,59:32.7
66b8cf43cc43c649a591c3b6,1018,1,31,left-1,left,left-dark,dark-up,greater-up,single,59:31.7
672ca130c5f43c5ed7d5d4b8,1455,1,5,left-1,left,left-dark,light-up,fewer-up,single,59:32.6
5f4dc39ffc6fe9aa6901cc6d,745,1,61,left-0,left,left-dark,dark-up,greater-up,single,57:49.4
60dfd857e293a99dd577f4c8,NULL,0,32,right-5,none,right-dark,dark-up,fewer-up,single,59:32.0
69a5c155a852c9a8ab7762fa,1241,1,29,right-8,right,right-dark,light-up,fewer-up,dual,59:33.8
5dad4c34b3446a0015e3de93,960,1,11,left-3,right,left-dark,light-up,greater-up,single,59:31.8
69ac82ae94c6c87d2180547f,991,1,7,left-8,right,left-dark,light-up,greater-up,single,59:33.9
67a7d4e19fee63cbe222ae02,1270,1,45,right-7,left,right-dark,dark-up,fewer-up,single,59:34.0
5de7d12c26dd95000b6824c5,1228,1,6,right-5,right,right-dark,light-up,fewer-up,dual,59:35.2
6966aef7933ed17148cf77d0,1179,1,63,left-6,left,left-dark,light-up,fewer-up,single,59:34.3
5f4dc39ffc6fe9aa6901cc6d,587,1,62,right-8,right,right-dark,dark-up,greater-up,single,57:51.2
66b8cf43cc43c649a591c3b6,1024,1,32,left-1,right,left-dark,light-up,greater-up,single,59:34.1
672ca130c5f43c5ed7d5d4b8,1448,1,6,right-7,right,right-dark,dark-up,greater-up,single,59:35.2
60dfd857e293a99dd577f4c8,1216,1,33,right-8,left,right-dark,dark-up,fewer-up,single,59:34.8
69a5c155a852c9a8ab7762fa,1343,1,30,right-4,right,right-dark,dark-up,greater-up,dual,59:36.3
69ac82ae94c6c87d2180547f,883,1,8,left-0,left,left-dark,light-up,fewer-up,single,59:36.2
5dad4c34b3446a0015e3de93,1141,0,12,left-4,right,left-dark,light-up,fewer-up,single,59:34.4
6966aef7933ed17148cf77d0,792,1,64,right-4,right,right-dark,light-up,fewer-up,single,59:36.2
5f4dc39ffc6fe9aa6901cc6d,801,1,63,right-3,left,right-dark,light-up,greater-up,single,57:53.3
67a7d4e19fee63cbe222ae02,1585,0,46,right-6,left,right-dark,dark-up,greater-up,single,59:36.8
5de7d12c26dd95000b6824c5,1445,1,7,right-2,left,right-dark,dark-up,fewer-up,dual,59:37.8
66b8cf43cc43c649a591c3b6,1142,1,33,right-8,left,right-dark,dark-up,fewer-up,single,59:36.7
69a5c155a852c9a8ab7762fa,989,1,31,right-0,left,right-dark,light-up,greater-up,dual,59:38.4
672ca130c5f43c5ed7d5d4b8,1420,1,7,right-8,right,right-dark,light-up,fewer-up,single,59:37.9
60dfd857e293a99dd577f4c8,1241,1,34,left-9,left,left-dark,dark-up,greater-up,single,59:37.4
5dad4c34b3446a0015e3de93,914,1,13,left-5,left,left-dark,dark-up,greater-up,single,59:36.4
6966aef7933ed17148cf77d0,906,1,65,left-5,left,left-dark,light-up,fewer-up,single,59:38.3
69ac82ae94c6c87d2180547f,1024,1,9,right-4,left,right-dark,dark-up,fewer-up,single,59:38.6
5f4dc39ffc6fe9aa6901cc6d,1042,1,64,right-2,left,right-dark,light-up,greater-up,single,57:55.5
67a7d4e19fee63cbe222ae02,1312,0,47,left-5,right,left-dark,light-up,fewer-up,single,59:39.6
5de7d12c26dd95000b6824c5,1404,1,8,left-6,right,left-dark,dark-up,fewer-up,dual,59:40.6
66b8cf43cc43c649a591c3b6,1272,1,34,left-4,left,left-dark,light-up,fewer-up,single,59:39.4
69a5c155a852c9a8ab7762fa,995,1,32,right-6,right,right-dark,dark-up,greater-up,dual,59:40.7
672ca130c5f43c5ed7d5d4b8,NULL,0,8,left-7,none,left-dark,dark-up,greater-up,single,59:40.3
5dad4c34b3446a0015e3de93,1032,1,14,left-7,right,left-dark,dark-up,fewer-up,single,59:38.7
6966aef7933ed17148cf77d0,930,1,66,right-7,right,right-dark,light-up,fewer-up,single,59:40.5
69ac82ae94c6c87d2180547f,920,0,10,right-0,right,right-dark,light-up,greater-up,single,59:40.9
60dfd857e293a99dd577f4c8,1617,0,35,right-4,left,right-dark,light-up,fewer-up,single,59:40.2
5f4dc39ffc6fe9aa6901cc6d,1110,0,65,left-3,left,left-dark,light-up,greater-up,single,57:57.7
67a7d4e19fee63cbe222ae02,791,0,48,left-7,left,left-dark,dark-up,fewer-up,single,59:41.6
5de7d12c26dd95000b6824c5,1219,0,9,left-8,left,left-dark,dark-up,fewer-up,dual,59:42.9
66b8cf43cc43c649a591c3b6,1081,1,35,right-5,right,right-dark,light-up,fewer-up,single,59:41.9
6966aef7933ed17148cf77d0,817,1,67,right-3,right,right-dark,dark-up,greater-up,single,59:42.7
69ac82ae94c6c87d2180547f,667,1,11,right-8,left,right-dark,light-up,greater-up,single,59:43.0
67a7d4e19fee63cbe222ae02,65,1,49,left-3,right,left-dark,dark-up,fewer-up,single,59:42.9
5f4dc39ffc6fe9aa6901cc6d,856,1,66,left-1,left,left-dark,dark-up,greater-up,single,57:59.7
5dad4c34b3446a0015e3de93,991,1,15,right-9,right,right-dark,light-up,fewer-up,single,59:41.1
69a5c155a852c9a8ab7762fa,1515,1,33,left-4,left,left-dark,light-up,fewer-up,dual,59:43.7
672ca130c5f43c5ed7d5d4b8,843,1,9,right-2,right,right-dark,dark-up,greater-up,single,59:43.2
60dfd857e293a99dd577f4c8,NULL,0,36,left-5,none,left-dark,dark-up,greater-up,single,59:42.7
5de7d12c26dd95000b6824c5,1090,1,10,right-0,right,right-dark,dark-up,greater-up,dual,59:45.6
67a7d4e19fee63cbe222ae02,1039,1,50,left-3,left,left-dark,dark-up,greater-up,single,59:44.9
69ac82ae94c6c87d2180547f,804,1,12,right-4,right,right-dark,light-up,fewer-up,single,59:45.1
5f4dc39ffc6fe9aa6901cc6d,690,0,67,left-8,left,left-dark,light-up,greater-up,single,58:01.8
66b8cf43cc43c649a591c3b6,NULL,0,36,left-0,none,left-dark,light-up,greater-up,single,59:44.3
6966aef7933ed17148cf77d0,1059,1,68,right-7,right,right-dark,dark-up,greater-up,single,59:45.0
5dad4c34b3446a0015e3de93,1190,1,16,left-5,right,left-dark,dark-up,fewer-up,single,59:43.4
69a5c155a852c9a8ab7762fa,NULL,0,34,right-6,none,right-dark,light-up,greater-up,dual,59:45.9
672ca130c5f43c5ed7d5d4b8,1166,1,10,right-7,left,right-dark,dark-up,fewer-up,single,59:45.6
60dfd857e293a99dd577f4c8,NULL,0,37,right-1,none,right-dark,dark-up,fewer-up,single,59:45.5
69ac82ae94c6c87d2180547f,543,1,13,left-3,right,left-dark,dark-up,fewer-up,single,59:47.0
5de7d12c26dd95000b6824c5,983,1,11,left-3,left,left-dark,dark-up,greater-up,dual,59:48.0
67a7d4e19fee63cbe222ae02,1050,1,51,left-5,right,left-dark,dark-up,fewer-up,single,59:47.1
6966aef7933ed17148cf77d0,1072,1,69,right-7,left,right-dark,dark-up,fewer-up,single,59:47.2
5f4dc39ffc6fe9aa6901cc6d,770,1,68,left-8,right,left-dark,dark-up,fewer-up,single,58:04.0
5dad4c34b3446a0015e3de93,1172,1,17,left-9,right,left-dark,dark-up,fewer-up,single,59:45.7
69a5c155a852c9a8ab7762fa,739,0,35,left-1,left,left-dark,light-up,greater-up,dual,59:48.2
672ca130c5f43c5ed7d5d4b8,1085,1,11,right-1,left,right-dark,dark-up,fewer-up,single,59:48.0
66b8cf43cc43c649a591c3b6,1406,1,37,left-9,right,left-dark,dark-up,fewer-up,single,59:47.4
69ac82ae94c6c87d2180547f,707,0,14,left-3,right,left-dark,light-up,fewer-up,single,59:49.0
60dfd857e293a99dd577f4c8,NULL,0,38,left-8,none,left-dark,dark-up,greater-up,single,59:48.5
5f4dc39ffc6fe9aa6901cc6d,761,0,69,right-9,left,right-dark,light-up,fewer-up,single,58:06.1
67a7d4e19fee63cbe222ae02,1313,1,52,left-3,left,left-dark,light-up,fewer-up,single,59:49.5
5de7d12c26dd95000b6824c5,NULL,0,12,left-8,none,left-dark,light-up,fewer-up,dual,59:50.6
69a5c155a852c9a8ab7762fa,1049,1,36,right-4,right,right-dark,light-up,fewer-up,dual,59:50.4
6966aef7933ed17148cf77d0,1144,1,70,right-1,right,right-dark,light-up,fewer-up,single,59:49.8
5dad4c34b3446a0015e3de93,1212,1,18,right-5,right,right-dark,light-up,fewer-up,single,59:48.2
66b8cf43cc43c649a591c3b6,1133,1,38,left-8,left,left-dark,light-up,fewer-up,single,59:49.7
672ca130c5f43c5ed7d5d4b8,1503,1,12,left-6,left,left-dark,dark-up,greater-up,single,59:50.6
69ac82ae94c6c87d2180547f,814,0,15,right-2,right,right-dark,light-up,greater-up,single,59:50.9
5f4dc39ffc6fe9aa6901cc6d,690,1,70,right-5,right,right-dark,light-up,fewer-up,single,58:08.0
69a5c155a852c9a8ab7762fa,733,1,37,right-7,left,right-dark,dark-up,fewer-up,dual,59:52.3
6966aef7933ed17148cf77d0,1395,1,71,left-9,right,left-dark,light-up,greater-up,single,59:52.3
60dfd857e293a99dd577f4c8,1245,1,39,right-2,left,right-dark,light-up,greater-up,single,59:51.6
5dad4c34b3446a0015e3de93,974,1,19,right-3,right,right-dark,light-up,fewer-up,single,59:50.6
67a7d4e19fee63cbe222ae02,1495,1,53,right-8,right,right-dark,dark-up,greater-up,single,59:52.5
66b8cf43cc43c649a591c3b6,1065,1,39,right-8,left,right-dark,light-up,greater-up,single,59:51.9
69ac82ae94c6c87d2180547f,569,0,16,left-4,left,left-dark,light-up,greater-up,single,59:53.0
5de7d12c26dd95000b6824c5,1364,1,13,left-1,left,left-dark,light-up,fewer-up,dual,59:54.1
5f4dc39ffc6fe9aa6901cc6d,1078,0,71,right-0,left,right-dark,light-up,fewer-up,single,58:10.1
672ca130c5f43c5ed7d5d4b8,1351,0,13,left-6,left,left-dark,dark-up,fewer-up,single,59:53.4
69a5c155a852c9a8ab7762fa,796,0,38,left-6,right,left-dark,dark-up,greater-up,dual,59:54.7
6966aef7933ed17148cf77d0,932,1,72,left-7,right,left-dark,dark-up,fewer-up,single,59:54.6
69ac82ae94c6c87d2180547f,575,1,17,right-3,left,right-dark,light-up,greater-up,single,59:55.1
67a7d4e19fee63cbe222ae02,NULL,0,54,left-6,none,left-dark,dark-up,greater-up,single,59:55.2
5f4dc39ffc6fe9aa6901cc6d,655,1,72,left-4,left,left-dark,dark-up,greater-up,single,58:12.2
5de7d12c26dd95000b6824c5,997,1,14,left-2,left,left-dark,dark-up,greater-up,dual,59:56.4
672ca130c5f43c5ed7d5d4b8,923,1,14,left-2,right,left-dark,dark-up,fewer-up,single,59:55.5
69a5c155a852c9a8ab7762fa,1189,0,39,left-4,left,left-dark,light-up,greater-up,dual,59:57.3
6966aef7933ed17148cf77d0,931,1,73,right-3,right,right-dark,light-up,fewer-up,single,59:56.8
69ac82ae94c6c87d2180547f,691,0,18,left-9,right,left-dark,light-up,fewer-up,single,59:57.1
5f4dc39ffc6fe9aa6901cc6d,539,1,73,left-9,left,left-dark,light-up,fewer-up,single,58:14.2
67a7d4e19fee63cbe222ae02,720,0,55,right-3,left,right-dark,dark-up,greater-up,single,59:57.7
672ca130c5f43c5ed7d5d4b8,1016,1,15,right-0,right,right-dark,dark-up,greater-up,single,59:57.8
5de7d12c26dd95000b6824c5,1358,1,15,right-3,right,right-dark,light-up,fewer-up,dual,59:59.1
5dad4c34b3446a0015e3de93,1442,1,20,left-9,left,left-dark,light-up,fewer-up,single,59:56.7
69ac82ae94c6c87d2180547f,614,0,19,right-3,left,right-dark,light-up,fewer-up,single,59:58.9
6966aef7933ed17148cf77d0,872,1,74,left-1,left,left-dark,dark-up,greater-up,single,59:59.1
67a7d4e19fee63cbe222ae02,257,0,56,left-9,right,left-dark,dark-up,greater-up,single,59:59.1
5f4dc39ffc6fe9aa6901cc6d,557,1,74,left-3,left,left-dark,light-up,fewer-up,single,58:16.0
5dad4c34b3446a0015e3de93,876,1,21,right-7,right,right-dark,dark-up,greater-up,single,59:58.7
5de7d12c26dd95000b6824c5,1208,1,16,right-3,left,right-dark,light-up,greater-up,dual,00:01.5
67a7d4e19fee63cbe222ae02,285,0,57,left-5,right,left-dark,dark-up,greater-up,single,00:00.6
672ca130c5f43c5ed7d5d4b8,1426,1,16,left-8,left,left-dark,dark-up,greater-up,single,00:00.6
5f4dc39ffc6fe9aa6901cc6d,1084,0,75,right-6,left,right-dark,light-up,fewer-up,single,58:18.1
6966aef7933ed17148cf77d0,878,1,75,left-6,right,left-dark,light-up,greater-up,single,00:01.5
67a7d4e19fee63cbe222ae02,488,1,58,left-8,right,left-dark,dark-up,fewer-up,single,00:02.1
5dad4c34b3446a0015e3de93,1291,1,22,left-6,right,left-dark,light-up,greater-up,single,00:01.4
672ca130c5f43c5ed7d5d4b8,1491,0,17,right-4,left,right-dark,light-up,fewer-up,single,00:03.1
5f4dc39ffc6fe9aa6901cc6d,950,0,76,right-1,left,right-dark,dark-up,greater-up,single,58:20.3
6966aef7933ed17148cf77d0,826,1,76,left-2,right,left-dark,dark-up,fewer-up,single,00:03.7
5de7d12c26dd95000b6824c5,1593,1,17,right-1,left,right-dark,light-up,greater-up,dual,00:04.7
67a7d4e19fee63cbe222ae02,1211,1,59,left-7,right,left-dark,light-up,greater-up,single,00:04.4
66b8cf43cc43c649a591c3b6,1260,1,40,left-0,left,left-dark,dark-up,greater-up,single,00:04.8
5dad4c34b3446a0015e3de93,1116,1,23,left-1,right,left-dark,light-up,greater-up,single,00:03.8
6966aef7933ed17148cf77d0,797,1,77,left-6,right,left-dark,dark-up,fewer-up,single,00:05.6
672ca130c5f43c5ed7d5d4b8,1029,1,18,left-3,right,left-dark,dark-up,fewer-up,single,00:05.6
69ac82ae94c6c87d2180547f,735,1,20,right-2,left,right-dark,dark-up,fewer-up,single,00:05.8
5f4dc39ffc6fe9aa6901cc6d,934,0,77,left-6,left,left-dark,dark-up,fewer-up,single,58:22.6
60dfd857e293a99dd577f4c8,1414,1,40,left-4,left,left-dark,light-up,fewer-up,single,00:05.4
5de7d12c26dd95000b6824c5,1595,1,18,right-5,left,right-dark,light-up,greater-up,dual,00:07.4
69a5c155a852c9a8ab7762fa,NULL,0,40,left-2,none,left-dark,dark-up,fewer-up,dual,00:07.6
5dad4c34b3446a0015e3de93,846,1,24,right-4,left,right-dark,light-up,greater-up,single,00:05.7
69ac82ae94c6c87d2180547f,486,0,21,left-8,right,left-dark,dark-up,greater-up,single,00:07.7
5f4dc39ffc6fe9aa6901cc6d,568,1,78,left-5,right,left-dark,dark-up,fewer-up,single,58:24.4
66b8cf43cc43c649a591c3b6,1018,1,41,left-6,right,left-dark,light-up,greater-up,single,00:07.2
6966aef7933ed17148cf77d0,959,1,78,right-5,left,right-dark,light-up,greater-up,single,00:08.0
672ca130c5f43c5ed7d5d4b8,948,1,19,right-3,left,right-dark,dark-up,fewer-up,single,00:08.1
60dfd857e293a99dd577f4c8,1533,1,41,right-7,right,right-dark,dark-up,greater-up,single,00:08.2
69a5c155a852c9a8ab7762fa,429,0,41,right-9,left,right-dark,light-up,fewer-up,dual,00:09.7
5de7d12c26dd95000b6824c5,1338,1,19,left-9,right,left-dark,light-up,greater-up,dual,00:10.0
69ac82ae94c6c87d2180547f,620,1,22,left-0,left,left-dark,dark-up,greater-up,single,00:09.8
5dad4c34b3446a0015e3de93,945,1,25,right-5,right,right-dark,dark-up,greater-up,single,00:08.0
5f4dc39ffc6fe9aa6901cc6d,793,1,79,left-0,right,left-dark,dark-up,fewer-up,single,58:26.6
66b8cf43cc43c649a591c3b6,944,1,42,left-5,right,left-dark,light-up,greater-up,single,00:09.6
6966aef7933ed17148cf77d0,1037,1,79,right-2,right,right-dark,light-up,fewer-up,single,00:10.6
69a5c155a852c9a8ab7762fa,489,0,42,right-0,right,right-dark,dark-up,fewer-up,dual,00:11.6
5dad4c34b3446a0015e3de93,731,1,26,left-7,left,left-dark,dark-up,greater-up,single,00:09.9
69ac82ae94c6c87d2180547f,861,0,23,left-1,left,left-dark,light-up,greater-up,single,00:11.8
60dfd857e293a99dd577f4c8,1355,1,42,right-8,left,right-dark,light-up,greater-up,single,00:11.0
69a5c155a852c9a8ab7762fa,565,0,43,right-6,left,right-dark,light-up,fewer-up,dual,00:13.6
66b8cf43cc43c649a591c3b6,1442,1,43,left-1,right,left-dark,dark-up,fewer-up,single,00:12.4
69ac82ae94c6c87d2180547f,714,0,24,right-4,right,right-dark,light-up,greater-up,single,00:13.6
60dfd857e293a99dd577f4c8,1045,1,43,right-8,right,right-dark,dark-up,greater-up,single,00:13.1
5dad4c34b3446a0015e3de93,1183,1,27,right-6,left,right-dark,dark-up,fewer-up,single,00:12.4
69a5c155a852c9a8ab7762fa,1133,0,44,left-3,left,left-dark,light-up,greater-up,dual,00:16.2
66b8cf43cc43c649a591c3b6,1316,1,44,left-3,left,left-dark,light-up,fewer-up,single,00:15.0
69ac82ae94c6c87d2180547f,696,0,25,right-9,left,right-dark,dark-up,greater-up,single,00:15.9
5dad4c34b3446a0015e3de93,956,1,28,left-1,right,left-dark,dark-up,fewer-up,single,00:14.5
60dfd857e293a99dd577f4c8,1131,1,44,left-0,left,left-dark,light-up,fewer-up,single,00:15.7
672ca130c5f43c5ed7d5d4b8,1305,0,20,right-7,left,right-dark,light-up,fewer-up,single,00:16.8
69ac82ae94c6c87d2180547f,424,1,26,right-4,right,right-dark,dark-up,greater-up,single,00:17.6
5de7d12c26dd95000b6824c5,NULL,0,20,right-8,none,right-dark,light-up,fewer-up,dual,00:18.8
69a5c155a852c9a8ab7762fa,1202,0,45,right-1,right,right-dark,dark-up,fewer-up,dual,00:18.9
66b8cf43cc43c649a591c3b6,1234,1,45,left-8,right,left-dark,dark-up,fewer-up,single,00:17.8
5dad4c34b3446a0015e3de93,1292,1,29,left-0,left,left-dark,light-up,fewer-up,single,00:16.9
60dfd857e293a99dd577f4c8,1413,1,45,right-4,left,right-dark,light-up,greater-up,single,00:18.1
69ac82ae94c6c87d2180547f,760,1,27,right-5,left,right-dark,dark-up,fewer-up,single,00:19.4
672ca130c5f43c5ed7d5d4b8,1169,1,21,left-0,right,left-dark,light-up,greater-up,single,00:19.5
5dad4c34b3446a0015e3de93,968,1,30,right-6,left,right-dark,light-up,greater-up,single,00:18.9
69a5c155a852c9a8ab7762fa,1290,0,46,right-2,right,right-dark,dark-up,fewer-up,dual,00:21.3
67a7d4e19fee63cbe222ae02,1147,0,60,left-2,left,left-dark,light-up,greater-up,single,00:20.9
66b8cf43cc43c649a591c3b6,1135,1,46,right-1,left,right-dark,dark-up,fewer-up,single,00:20.3
5de7d12c26dd95000b6824c5,1311,1,21,left-2,right,left-dark,light-up,greater-up,dual,00:22.0
69ac82ae94c6c87d2180547f,595,0,28,right-8,left,right-dark,light-up,fewer-up,single,00:21.4
672ca130c5f43c5ed7d5d4b8,1074,1,22,right-8,right,right-dark,dark-up,greater-up,single,00:21.6
60dfd857e293a99dd577f4c8,1712,1,46,left-7,right,left-dark,dark-up,fewer-up,single,00:21.2
67a7d4e19fee63cbe222ae02,700,1,61,left-8,right,left-dark,light-up,greater-up,single,00:22.7
5dad4c34b3446a0015e3de93,1075,1,31,left-8,left,left-dark,light-up,fewer-up,single,00:21.1
69a5c155a852c9a8ab7762fa,641,1,47,right-1,left,right-dark,light-up,greater-up,dual,00:23.4
69ac82ae94c6c87d2180547f,933,1,29,left-2,right,left-dark,dark-up,fewer-up,single,00:23.6
66b8cf43cc43c649a591c3b6,1316,1,47,right-0,left,right-dark,light-up,greater-up,single,00:22.8
5de7d12c26dd95000b6824c5,1749,1,22,left-6,left,left-dark,dark-up,greater-up,dual,00:25.1
672ca130c5f43c5ed7d5d4b8,1224,1,23,left-7,right,left-dark,light-up,greater-up,single,00:24.2
60dfd857e293a99dd577f4c8,1200,0,47,right-7,right,right-dark,dark-up,fewer-up,single,00:23.8
67a7d4e19fee63cbe222ae02,1392,0,62,right-1,left,right-dark,dark-up,greater-up,single,00:25.2
5dad4c34b3446a0015e3de93,1089,1,32,right-0,right,right-dark,light-up,fewer-up,single,00:23.6
66b8cf43cc43c649a591c3b6,784,0,48,left-9,right,left-dark,dark-up,greater-up,single,00:25.0
69a5c155a852c9a8ab7762fa,1543,1,48,right-3,left,right-dark,dark-up,fewer-up,dual,00:26.4
69ac82ae94c6c87d2180547f,1013,1,30,left-6,right,left-dark,light-up,greater-up,single,00:26.1
5de7d12c26dd95000b6824c5,923,1,23,left-5,right,left-dark,light-up,greater-up,dual,00:27.3
672ca130c5f43c5ed7d5d4b8,855,1,24,left-4,left,left-dark,dark-up,greater-up,single,00:26.4
60dfd857e293a99dd577f4c8,1675,1,48,left-2,right,left-dark,light-up,greater-up,single,00:26.7
67a7d4e19fee63cbe222ae02,NULL,0,63,right-2,none,right-dark,light-up,fewer-up,single,00:27.9
5dad4c34b3446a0015e3de93,1399,1,33,left-2,right,left-dark,dark-up,fewer-up,single,00:26.1
69a5c155a852c9a8ab7762fa,1165,1,49,right-5,right,right-dark,dark-up,greater-up,dual,00:28.7
69ac82ae94c6c87d2180547f,868,0,31,right-1,left,right-dark,light-up,fewer-up,single,00:28.6
66b8cf43cc43c649a591c3b6,1413,1,49,left-9,left,left-dark,light-up,fewer-up,single,00:27.8
672ca130c5f43c5ed7d5d4b8,1020,1,25,left-1,right,left-dark,light-up,greater-up,single,00:28.9
5de7d12c26dd95000b6824c5,1693,1,24,left-0,right,left-dark,dark-up,fewer-up,dual,00:30.1
60dfd857e293a99dd577f4c8,1698,1,49,right-6,left,right-dark,dark-up,fewer-up,single,00:29.9
69ac82ae94c6c87d2180547f,950,1,32,right-8,right,right-dark,dark-up,greater-up,single,00:30.8
67a7d4e19fee63cbe222ae02,1033,1,64,right-2,left,right-dark,dark-up,fewer-up,single,00:30.7
5dad4c34b3446a0015e3de93,1449,1,34,right-1,right,right-dark,light-up,fewer-up,single,00:29.0
66b8cf43cc43c649a591c3b6,880,1,50,right-3,right,right-dark,dark-up,greater-up,single,00:30.1
69a5c155a852c9a8ab7762fa,1743,1,50,left-6,left,left-dark,light-up,fewer-up,dual,00:31.6
672ca130c5f43c5ed7d5d4b8,1154,1,26,left-9,right,left-dark,dark-up,fewer-up,single,00:31.5
5de7d12c26dd95000b6824c5,1596,1,25,left-4,right,left-dark,light-up,greater-up,dual,00:32.9
67a7d4e19fee63cbe222ae02,606,1,65,left-3,right,left-dark,light-up,greater-up,single,00:32.8
69ac82ae94c6c87d2180547f,1377,0,33,right-1,left,right-dark,dark-up,greater-up,single,00:33.2
60dfd857e293a99dd577f4c8,1140,1,50,left-9,right,left-dark,dark-up,fewer-up,single,00:32.5
66b8cf43cc43c649a591c3b6,1078,1,51,right-2,left,right-dark,light-up,greater-up,single,00:32.6
5dad4c34b3446a0015e3de93,1432,0,35,right-0,left,right-dark,dark-up,greater-up,single,00:31.7
69a5c155a852c9a8ab7762fa,1535,0,51,right-7,right,right-dark,light-up,greater-up,dual,00:34.4
5de7d12c26dd95000b6824c5,1181,1,26,right-6,left,right-dark,light-up,greater-up,dual,00:35.5
672ca130c5f43c5ed7d5d4b8,1569,1,27,right-0,right,right-dark,light-up,fewer-up,single,00:34.6
67a7d4e19fee63cbe222ae02,863,0,66,left-0,right,left-dark,light-up,fewer-up,single,00:35.1
69ac82ae94c6c87d2180547f,1089,1,34,left-7,left,left-dark,dark-up,greater-up,single,00:35.6
66b8cf43cc43c649a591c3b6,1166,1,52,right-0,right,right-dark,light-up,fewer-up,single,00:34.9
60dfd857e293a99dd577f4c8,1627,1,51,right-3,right,right-dark,dark-up,greater-up,single,00:35.2
5dad4c34b3446a0015e3de93,1331,1,36,left-9,right,left-dark,light-up,greater-up,single,00:34.4
69a5c155a852c9a8ab7762fa,1741,0,52,left-6,left,left-dark,dark-up,fewer-up,dual,00:37.4
5de7d12c26dd95000b6824c5,NULL,0,27,left-3,none,left-dark,light-up,fewer-up,dual,00:37.9
672ca130c5f43c5ed7d5d4b8,1247,1,28,left-6,left,left-dark,light-up,fewer-up,single,00:36.9
67a7d4e19fee63cbe222ae02,846,1,67,left-0,right,left-dark,light-up,greater-up,single,00:37.3
66b8cf43cc43c649a591c3b6,1104,1,53,right-4,left,right-dark,dark-up,fewer-up,single,00:37.2
69ac82ae94c6c87d2180547f,1264,1,35,left-9,left,left-dark,dark-up,greater-up,single,00:38.3
60dfd857e293a99dd577f4c8,1168,1,52,right-2,left,right-dark,dark-up,fewer-up,single,00:37.7
5dad4c34b3446a0015e3de93,976,1,37,right-3,left,right-dark,dark-up,fewer-up,single,00:36.8
671bfa2f8751aef24b7d0b3a,1088,0,0,left-6,left,left-dark,dark-up,fewer-up,dual,00:39.9
672ca130c5f43c5ed7d5d4b8,907,1,29,left-4,left,left-dark,light-up,fewer-up,single,00:39.1
69a5c155a852c9a8ab7762fa,1471,1,53,left-3,left,left-dark,light-up,fewer-up,dual,00:40.0
67a7d4e19fee63cbe222ae02,1087,0,68,right-4,left,right-dark,light-up,fewer-up,single,00:39.7
66b8cf43cc43c649a591c3b6,1062,1,54,left-6,left,left-dark,dark-up,greater-up,single,00:39.3
5de7d12c26dd95000b6824c5,1592,1,28,right-2,right,right-dark,dark-up,greater-up,dual,00:41.3
60dfd857e293a99dd577f4c8,1088,1,53,left-1,right,left-dark,light-up,greater-up,single,00:40.0
69ac82ae94c6c87d2180547f,1247,1,36,left-2,left,left-dark,dark-up,greater-up,single,00:40.9
5dad4c34b3446a0015e3de93,1125,1,38,right-1,left,right-dark,light-up,greater-up,single,00:39.2
671ab0904de8eb7273ae9d42,1278,0,0,left-7,right,left-dark,light-up,fewer-up,dual,00:40.2
672ca130c5f43c5ed7d5d4b8,1249,1,30,right-1,left,right-dark,light-up,greater-up,single,00:41.7
671bfa2f8751aef24b7d0b3a,NULL,0,1,right-4,none,right-dark,dark-up,greater-up,dual,00:42.7
67a7d4e19fee63cbe222ae02,1045,0,69,right-2,right,right-dark,light-up,greater-up,single,00:42.0
69a5c155a852c9a8ab7762fa,1204,0,54,left-5,left,left-dark,light-up,greater-up,dual,00:42.8
66b8cf43cc43c649a591c3b6,1129,1,55,right-6,right,right-dark,dark-up,greater-up,single,00:41.8
69ac82ae94c6c87d2180547f,1066,1,37,right-2,right,right-dark,dark-up,greater-up,single,00:43.1
60dfd857e293a99dd577f4c8,1298,1,54,right-6,right,right-dark,light-up,fewer-up,single,00:42.5
5de7d12c26dd95000b6824c5,1402,1,29,left-7,right,left-dark,dark-up,fewer-up,dual,00:44.3
5dad4c34b3446a0015e3de93,994,1,39,right-8,right,right-dark,light-up,fewer-up,single,00:41.7
67a7d4e19fee63cbe222ae02,595,0,70,right-1,left,right-dark,light-up,fewer-up,single,00:43.9
671ab0904de8eb7273ae9d42,1209,0,1,right-0,left,right-dark,dark-up,greater-up,dual,00:42.9
672ca130c5f43c5ed7d5d4b8,1295,1,31,left-2,left,left-dark,light-up,fewer-up,single,00:44.0
66b8cf43cc43c649a591c3b6,1023,1,56,right-2,right,right-dark,dark-up,greater-up,single,00:43.9
69a5c155a852c9a8ab7762fa,1409,0,55,left-0,right,left-dark,light-up,fewer-up,dual,00:45.4
671bfa2f8751aef24b7d0b3a,1573,0,2,left-7,left,left-dark,light-up,greater-up,dual,00:46.1
67a7d4e19fee63cbe222ae02,343,0,71,left-9,right,left-dark,light-up,fewer-up,single,00:45.5
69ac82ae94c6c87d2180547f,1124,1,38,right-7,left,right-dark,light-up,greater-up,single,00:45.6
60dfd857e293a99dd577f4c8,1287,1,55,left-5,right,left-dark,light-up,greater-up,single,00:45.2
5de7d12c26dd95000b6824c5,1287,1,30,left-5,right,left-dark,dark-up,fewer-up,dual,00:46.9
671ab0904de8eb7273ae9d42,1210,1,2,right-3,right,right-dark,light-up,fewer-up,dual,00:45.4
672ca130c5f43c5ed7d5d4b8,1193,1,32,right-0,left,right-dark,dark-up,fewer-up,single,00:46.6
66b8cf43cc43c649a591c3b6,1013,1,57,right-6,left,right-dark,dark-up,fewer-up,single,00:46.0
67a7d4e19fee63cbe222ae02,86,0,72,right-6,right,right-dark,light-up,greater-up,single,00:46.8
69a5c155a852c9a8ab7762fa,939,0,56,left-0,left,left-dark,light-up,greater-up,dual,00:47.6
69ac82ae94c6c87d2180547f,998,1,39,right-6,left,right-dark,light-up,greater-up,single,00:47.7
5dad4c34b3446a0015e3de93,NULL,0,40,right-5,none,right-dark,dark-up,fewer-up,single,00:46.3
671bfa2f8751aef24b7d0b3a,1696,0,3,right-2,right,right-dark,dark-up,fewer-up,dual,00:49.1
67a7d4e19fee63cbe222ae02,260,0,73,left-4,right,left-dark,light-up,fewer-up,single,00:48.2
5de7d12c26dd95000b6824c5,1358,1,31,right-0,left,right-dark,dark-up,fewer-up,dual,00:49.3
60dfd857e293a99dd577f4c8,1284,1,56,left-6,left,left-dark,dark-up,greater-up,single,00:48.0
672ca130c5f43c5ed7d5d4b8,1191,1,33,right-7,left,right-dark,light-up,greater-up,single,00:49.0
66b8cf43cc43c649a591c3b6,1140,1,58,left-2,right,left-dark,dark-up,fewer-up,single,00:48.4
671ab0904de8eb7273ae9d42,908,1,3,right-4,right,right-dark,light-up,fewer-up,dual,00:48.5
67a7d4e19fee63cbe222ae02,5,1,74,left-7,left,left-dark,dark-up,greater-up,single,00:49.5
671bfa2f8751aef24b7d0b3a,375,1,4,right-6,left,right-dark,light-up,greater-up,dual,00:50.7
69a5c155a852c9a8ab7762fa,1594,1,57,left-1,left,left-dark,dark-up,greater-up,dual,00:50.5
5dad4c34b3446a0015e3de93,1022,1,41,right-8,left,right-dark,dark-up,fewer-up,single,00:48.8
5de7d12c26dd95000b6824c5,1376,1,32,right-9,left,right-dark,light-up,greater-up,dual,00:52.0
67a7d4e19fee63cbe222ae02,353,0,75,left-6,left,left-dark,dark-up,fewer-up,single,00:51.1
60dfd857e293a99dd577f4c8,1388,1,57,left-3,right,left-dark,dark-up,fewer-up,single,00:50.5
672ca130c5f43c5ed7d5d4b8,1110,1,34,left-0,left,left-dark,light-up,fewer-up,single,00:51.3
66b8cf43cc43c649a591c3b6,979,1,59,right-9,right,right-dark,dark-up,greater-up,single,00:50.6
671bfa2f8751aef24b7d0b3a,486,0,5,right-3,right,right-dark,light-up,greater-up,dual,00:52.5
69ac82ae94c6c87d2180547f,108,1,40,left-0,right,left-dark,light-up,greater-up,single,00:52.2
671ab0904de8eb7273ae9d42,NULL,0,4,left-0,none,left-dark,dark-up,greater-up,dual,00:51.5
69a5c155a852c9a8ab7762fa,1299,1,58,left-8,right,left-dark,dark-up,fewer-up,dual,00:53.3
67a7d4e19fee63cbe222ae02,288,1,76,left-8,left,left-dark,light-up,fewer-up,single,00:52.7
5dad4c34b3446a0015e3de93,1160,1,42,left-3,left,left-dark,light-up,fewer-up,single,00:51.3
60dfd857e293a99dd577f4c8,1186,1,58,right-6,left,right-dark,light-up,greater-up,single,00:53.1
5de7d12c26dd95000b6824c5,1168,1,33,right-2,right,right-dark,light-up,fewer-up,dual,00:54.7
671bfa2f8751aef24b7d0b3a,1437,0,6,left-4,right,left-dark,light-up,fewer-up,dual,00:55.0
672ca130c5f43c5ed7d5d4b8,1289,1,35,left-4,right,left-dark,light-up,greater-up,single,00:54.0
69ac82ae94c6c87d2180547f,1113,1,41,right-0,right,right-dark,dark-up,greater-up,single,00:54.5
67a7d4e19fee63cbe222ae02,633,0,77,right-9,left,right-dark,light-up,fewer-up,single,00:54.5
671ab0904de8eb7273ae9d42,784,1,5,right-3,left,right-dark,dark-up,fewer-up,dual,00:53.8
5dad4c34b3446a0015e3de93,1468,1,43,right-2,right,right-dark,dark-up,greater-up,single,00:53.8
69a5c155a852c9a8ab7762fa,1578,1,59,right-2,right,right-dark,dark-up,greater-up,dual,00:56.3
60dfd857e293a99dd577f4c8,1153,1,59,right-5,left,right-dark,light-up,greater-up,single,00:55.4
671bfa2f8751aef24b7d0b3a,642,1,7,left-9,left,left-dark,light-up,fewer-up,dual,00:57.2
672ca130c5f43c5ed7d5d4b8,1114,1,36,left-5,right,left-dark,light-up,greater-up,single,00:56.4
5de7d12c26dd95000b6824c5,1294,1,34,left-9,right,left-dark,dark-up,fewer-up,dual,00:57.4
69ac82ae94c6c87d2180547f,1005,0,42,left-1,left,left-dark,dark-up,fewer-up,single,00:56.8
67a7d4e19fee63cbe222ae02,1096,0,78,left-4,left,left-dark,dark-up,fewer-up,single,00:56.8
5dad4c34b3446a0015e3de93,959,1,44,right-3,right,right-dark,dark-up,greater-up,single,00:55.9
671ab0904de8eb7273ae9d42,1430,0,6,right-9,left,right-dark,light-up,fewer-up,dual,00:56.8
67a7d4e19fee63cbe222ae02,313,1,79,right-9,right,right-dark,dark-up,greater-up,single,00:58.4
672ca130c5f43c5ed7d5d4b8,943,1,37,right-4,right,right-dark,dark-up,greater-up,single,00:58.6
671bfa2f8751aef24b7d0b3a,1083,1,8,left-7,left,left-dark,light-up,fewer-up,dual,00:59.8
5de7d12c26dd95000b6824c5,NULL,0,35,left-0,none,left-dark,light-up,fewer-up,dual,01:00.0
69ac82ae94c6c87d2180547f,982,1,43,left-3,left,left-dark,dark-up,greater-up,single,00:59.3
5dad4c34b3446a0015e3de93,669,1,45,left-8,left,left-dark,dark-up,greater-up,single,00:57.7
66b8cf43cc43c649a591c3b6,1422,1,60,right-2,left,right-dark,dark-up,fewer-up,single,00:59.2
671ab0904de8eb7273ae9d42,1347,1,7,right-8,right,right-dark,light-up,fewer-up,dual,00:59.9
671bfa2f8751aef24b7d0b3a,1093,1,9,right-9,right,right-dark,light-up,fewer-up,dual,01:02.0
672ca130c5f43c5ed7d5d4b8,989,1,38,left-9,left,left-dark,light-up,fewer-up,single,01:01.1
69ac82ae94c6c87d2180547f,1039,1,44,right-5,right,right-dark,dark-up,greater-up,single,01:01.6
5de7d12c26dd95000b6824c5,1299,1,36,right-6,left,right-dark,dark-up,fewer-up,dual,01:02.8
5dad4c34b3446a0015e3de93,1129,1,46,left-3,left,left-dark,dark-up,greater-up,single,01:00.2
66b8cf43cc43c649a591c3b6,1010,1,61,right-7,right,right-dark,light-up,fewer-up,single,01:01.6
69ac82ae94c6c87d2180547f,658,1,45,left-1,left,left-dark,light-up,fewer-up,single,01:03.5
672ca130c5f43c5ed7d5d4b8,932,1,39,left-7,left,left-dark,light-up,fewer-up,single,01:03.4
671bfa2f8751aef24b7d0b3a,1396,1,10,right-0,right,right-dark,dark-up,greater-up,dual,01:04.8
671ab0904de8eb7273ae9d42,1332,1,8,right-2,right,right-dark,light-up,fewer-up,dual,01:02.8
5dad4c34b3446a0015e3de93,777,1,47,left-5,right,left-dark,light-up,greater-up,single,01:02.3
69a5c155a852c9a8ab7762fa,1551,0,60,right-1,left,right-dark,light-up,fewer-up,dual,01:04.7
5de7d12c26dd95000b6824c5,1324,1,37,right-6,right,right-dark,light-up,fewer-up,dual,01:05.6
66b8cf43cc43c649a591c3b6,1135,1,62,left-7,left,left-dark,dark-up,greater-up,single,01:04.0
69ac82ae94c6c87d2180547f,956,1,46,right-1,left,right-dark,dark-up,fewer-up,single,01:05.6
5dad4c34b3446a0015e3de93,712,1,48,right-7,left,right-dark,light-up,greater-up,single,01:04.0
671ab0904de8eb7273ae9d42,1057,0,9,left-7,left,left-dark,light-up,greater-up,dual,01:05.1
69a5c155a852c9a8ab7762fa,950,1,61,left-9,right,left-dark,dark-up,fewer-up,dual,01:07.0
671bfa2f8751aef24b7d0b3a,NULL,0,11,right-4,none,right-dark,light-up,greater-up,dual,01:07.5
66b8cf43cc43c649a591c3b6,984,1,63,left-3,left,left-dark,dark-up,greater-up,single,01:06.1
69ac82ae94c6c87d2180547f,429,0,47,left-7,left,left-dark,light-up,greater-up,single,01:07.5
5de7d12c26dd95000b6824c5,1344,1,38,right-3,left,right-dark,dark-up,fewer-up,dual,01:08.4
5dad4c34b3446a0015e3de93,706,1,49,right-3,left,right-dark,light-up,greater-up,single,01:05.7
671ab0904de8eb7273ae9d42,743,0,10,right-2,right,right-dark,light-up,greater-up,dual,01:06.9
69ac82ae94c6c87d2180547f,249,1,48,right-3,right,right-dark,dark-up,greater-up,single,01:08.9
69a5c155a852c9a8ab7762fa,1342,1,62,left-5,right,left-dark,dark-up,fewer-up,dual,01:09.5
66b8cf43cc43c649a591c3b6,800,0,64,right-7,right,right-dark,light-up,greater-up,single,01:08.4
671bfa2f8751aef24b7d0b3a,727,1,12,left-0,left,left-dark,dark-up,greater-up,dual,01:10.1
5dad4c34b3446a0015e3de93,945,1,50,right-9,right,right-dark,dark-up,greater-up,single,01:07.8
671ab0904de8eb7273ae9d42,589,1,11,left-4,right,left-dark,dark-up,fewer-up,dual,01:09.0
5de7d12c26dd95000b6824c5,1518,1,39,right-3,right,right-dark,dark-up,greater-up,dual,01:11.3
671bfa2f8751aef24b7d0b3a,827,0,13,right-9,right,right-dark,dark-up,fewer-up,dual,01:12.1
69ac82ae94c6c87d2180547f,1074,0,49,right-7,right,right-dark,dark-up,fewer-up,single,01:11.3
5dad4c34b3446a0015e3de93,655,1,51,right-2,left,right-dark,light-up,greater-up,single,01:09.5
69a5c155a852c9a8ab7762fa,1613,1,63,left-8,right,left-dark,light-up,greater-up,dual,01:12.2
66b8cf43cc43c649a591c3b6,1196,1,65,right-4,right,right-dark,light-up,fewer-up,single,01:10.9
671ab0904de8eb7273ae9d42,625,0,12,left-1,right,left-dark,dark-up,greater-up,dual,01:11.4
69ac82ae94c6c87d2180547f,532,1,50,left-6,left,left-dark,light-up,fewer-up,single,01:12.9
5dad4c34b3446a0015e3de93,672,1,52,right-8,right,right-dark,dark-up,greater-up,single,01:11.3
672ca130c5f43c5ed7d5d4b8,1549,1,40,right-5,left,right-dark,light-up,greater-up,single,01:13.3
66b8cf43cc43c649a591c3b6,963,1,66,right-7,left,right-dark,dark-up,fewer-up,single,01:13.4
69a5c155a852c9a8ab7762fa,1329,1,64,left-5,left,left-dark,light-up,fewer-up,dual,01:14.7
671bfa2f8751aef24b7d0b3a,1517,1,14,right-6,right,right-dark,light-up,fewer-up,dual,01:15.1
69ac82ae94c6c87d2180547f,755,1,51,left-9,right,left-dark,dark-up,fewer-up,single,01:15.1
671ab0904de8eb7273ae9d42,1076,0,13,left-3,left,left-dark,light-up,greater-up,dual,01:14.0
5dad4c34b3446a0015e3de93,1138,1,53,left-4,right,left-dark,dark-up,fewer-up,single,01:13.8
672ca130c5f43c5ed7d5d4b8,1235,1,41,right-1,right,right-dark,light-up,fewer-up,single,01:15.8
671bfa2f8751aef24b7d0b3a,540,0,15,left-2,left,left-dark,light-up,greater-up,dual,01:17.0
66b8cf43cc43c649a591c3b6,1034,1,67,right-6,right,right-dark,light-up,fewer-up,single,01:15.5
69a5c155a852c9a8ab7762fa,1098,0,65,left-5,right,left-dark,dark-up,greater-up,dual,01:16.8
69ac82ae94c6c87d2180547f,497,1,52,left-1,left,left-dark,dark-up,greater-up,single,01:17.0
671ab0904de8eb7273ae9d42,706,0,14,right-7,left,right-dark,light-up,fewer-up,dual,01:16.4
5dad4c34b3446a0015e3de93,1003,1,54,right-1,left,right-dark,dark-up,fewer-up,single,01:16.0
672ca130c5f43c5ed7d5d4b8,1250,1,42,left-6,right,left-dark,light-up,greater-up,single,01:18.2
671bfa2f8751aef24b7d0b3a,943,1,16,left-0,left,left-dark,light-up,fewer-up,dual,01:19.3
5de7d12c26dd95000b6824c5,987,1,40,right-7,right,right-dark,dark-up,greater-up,dual,01:19.2
66b8cf43cc43c649a591c3b6,1019,1,68,right-8,right,right-dark,light-up,fewer-up,single,01:17.9
69ac82ae94c6c87d2180547f,631,1,53,left-6,right,left-dark,dark-up,fewer-up,single,01:18.7
60dfd857e293a99dd577f4c8,1676,1,60,left-1,left,left-dark,light-up,fewer-up,single,01:18.0
69a5c155a852c9a8ab7762fa,1623,1,66,right-0,right,right-dark,light-up,fewer-up,dual,01:19.6
671ab0904de8eb7273ae9d42,452,0,15,right-1,right,right-dark,dark-up,fewer-up,dual,01:18.4
671bfa2f8751aef24b7d0b3a,532,0,17,left-7,left,left-dark,dark-up,fewer-up,dual,01:21.1
69ac82ae94c6c87d2180547f,416,1,54,left-6,left,left-dark,dark-up,greater-up,single,01:20.4
5dad4c34b3446a0015e3de93,1378,1,55,left-0,left,left-dark,dark-up,greater-up,single,01:18.8
672ca130c5f43c5ed7d5d4b8,864,1,43,right-9,left,right-dark,light-up,greater-up,single,01:20.4
66b8cf43cc43c649a591c3b6,1059,1,69,left-6,left,left-dark,light-up,fewer-up,single,01:20.1
5de7d12c26dd95000b6824c5,1243,1,41,left-1,right,left-dark,light-up,greater-up,dual,01:21.8
60dfd857e293a99dd577f4c8,1130,1,61,left-6,right,left-dark,dark-up,fewer-up,single,01:20.3
69a5c155a852c9a8ab7762fa,799,0,67,left-4,left,left-dark,dark-up,fewer-up,dual,01:21.5
671ab0904de8eb7273ae9d42,NULL,0,16,right-9,none,right-dark,dark-up,greater-up,dual,01:20.9
671bfa2f8751aef24b7d0b3a,792,1,18,right-8,right,right-dark,dark-up,greater-up,dual,01:23.1
69ac82ae94c6c87d2180547f,574,0,55,left-4,right,left-dark,dark-up,greater-up,single,01:22.4
672ca130c5f43c5ed7d5d4b8,1077,1,44,left-1,right,left-dark,dark-up,fewer-up,single,01:22.8
5dad4c34b3446a0015e3de93,965,1,56,right-0,left,right-dark,light-up,greater-up,single,01:21.1
66b8cf43cc43c649a591c3b6,1053,1,70,left-7,left,left-dark,light-up,fewer-up,single,01:22.4
60dfd857e293a99dd577f4c8,988,1,62,left-6,left,left-dark,light-up,fewer-up,single,01:22.6
69a5c155a852c9a8ab7762fa,1606,0,68,right-5,right,right-dark,light-up,greater-up,dual,01:24.3
5de7d12c26dd95000b6824c5,1650,1,42,left-7,left,left-dark,dark-up,greater-up,dual,01:24.7
69ac82ae94c6c87d2180547f,258,0,56,left-0,left,left-dark,dark-up,fewer-up,single,01:24.2
671ab0904de8eb7273ae9d42,600,1,17,left-9,right,left-dark,dark-up,fewer-up,dual,01:23.2
671bfa2f8751aef24b7d0b3a,1054,1,19,right-9,right,right-dark,dark-up,greater-up,dual,01:25.7
672ca130c5f43c5ed7d5d4b8,1184,1,45,right-5,right,right-dark,dark-up,greater-up,single,01:25.1
5dad4c34b3446a0015e3de93,1501,1,57,right-7,left,right-dark,dark-up,fewer-up,single,01:23.8
66b8cf43cc43c649a591c3b6,1173,1,71,right-2,right,right-dark,light-up,fewer-up,single,01:25.0
60dfd857e293a99dd577f4c8,1138,1,63,right-4,left,right-dark,dark-up,fewer-up,single,01:25.3
5de7d12c26dd95000b6824c5,1048,1,43,left-0,left,left-dark,dark-up,greater-up,dual,01:27.1
69a5c155a852c9a8ab7762fa,1209,0,69,right-3,left,right-dark,dark-up,greater-up,dual,01:26.8
69ac82ae94c6c87d2180547f,962,1,57,right-6,right,right-dark,dark-up,greater-up,single,01:26.5
671ab0904de8eb7273ae9d42,1434,0,18,left-4,right,left-dark,dark-up,greater-up,dual,01:26.0
672ca130c5f43c5ed7d5d4b8,967,1,46,left-1,left,left-dark,dark-up,greater-up,single,01:27.4
66b8cf43cc43c649a591c3b6,1076,0,72,left-9,left,left-dark,light-up,greater-up,single,01:27.2
5dad4c34b3446a0015e3de93,957,1,58,right-6,right,right-dark,light-up,fewer-up,single,01:26.2
60dfd857e293a99dd577f4c8,848,1,64,right-4,right,right-dark,dark-up,greater-up,single,01:27.4
69a5c155a852c9a8ab7762fa,501,1,70,right-7,right,right-dark,light-up,fewer-up,dual,01:28.7
5de7d12c26dd95000b6824c5,1341,1,44,right-7,right,right-dark,light-up,fewer-up,dual,01:29.6
69ac82ae94c6c87d2180547f,1223,1,58,left-5,right,left-dark,light-up,greater-up,single,01:29.2
671ab0904de8eb7273ae9d42,1022,1,19,right-0,left,right-dark,light-up,greater-up,dual,01:28.3
672ca130c5f43c5ed7d5d4b8,1014,1,47,left-2,left,left-dark,dark-up,greater-up,single,01:29.8
60dfd857e293a99dd577f4c8,1000,1,65,left-0,left,left-dark,dark-up,greater-up,single,01:29.5
66b8cf43cc43c649a591c3b6,1113,1,73,left-7,right,left-dark,dark-up,fewer-up,single,01:29.7
5dad4c34b3446a0015e3de93,1327,1,59,left-8,right,left-dark,dark-up,fewer-up,single,01:28.8
69ac82ae94c6c87d2180547f,782,1,59,right-9,left,right-dark,light-up,greater-up,single,01:31.1
69a5c155a852c9a8ab7762fa,1415,1,71,right-8,left,right-dark,light-up,greater-up,dual,01:31.6
5de7d12c26dd95000b6824c5,1200,1,45,left-7,left,left-dark,light-up,fewer-up,dual,01:32.2
672ca130c5f43c5ed7d5d4b8,1410,1,48,right-6,left,right-dark,dark-up,fewer-up,single,01:32.6
60dfd857e293a99dd577f4c8,1713,0,66,left-9,left,left-dark,light-up,greater-up,single,01:32.2
66b8cf43cc43c649a591c3b6,1581,1,74,left-4,left,left-dark,dark-up,greater-up,single,01:32.6
69a5c155a852c9a8ab7762fa,1215,0,72,right-3,left,right-dark,light-up,fewer-up,dual,01:34.1
5de7d12c26dd95000b6824c5,1615,1,46,left-4,left,left-dark,dark-up,greater-up,dual,01:35.2
671bfa2f8751aef24b7d0b3a,NULL,0,20,left-2,none,left-dark,dark-up,fewer-up,dual,01:35.3
5dad4c34b3446a0015e3de93,1379,1,60,right-2,right,right-dark,light-up,fewer-up,single,01:32.6
672ca130c5f43c5ed7d5d4b8,1047,1,49,right-6,right,right-dark,dark-up,greater-up,single,01:34.9
60dfd857e293a99dd577f4c8,1132,1,67,right-6,right,right-dark,dark-up,greater-up,single,01:34.6
69ac82ae94c6c87d2180547f,742,0,60,right-5,right,right-dark,light-up,greater-up,single,01:35.5
66b8cf43cc43c649a591c3b6,864,1,75,right-4,right,right-dark,dark-up,greater-up,single,01:35.0
5dad4c34b3446a0015e3de93,791,1,61,right-9,left,right-dark,dark-up,fewer-up,single,01:34.6
69a5c155a852c9a8ab7762fa,1554,1,73,left-7,right,left-dark,dark-up,fewer-up,dual,01:37.1
5de7d12c26dd95000b6824c5,1115,1,47,right-0,left,right-dark,light-up,greater-up,dual,01:37.6
672ca130c5f43c5ed7d5d4b8,1147,1,50,right-6,left,right-dark,light-up,greater-up,single,01:37.1
69ac82ae94c6c87d2180547f,260,0,61,left-8,left,left-dark,dark-up,fewer-up,single,01:37.3
671bfa2f8751aef24b7d0b3a,1259,0,21,right-0,right,right-dark,light-up,greater-up,dual,01:38.4
60dfd857e293a99dd577f4c8,1121,1,68,left-7,right,left-dark,light-up,greater-up,single,01:36.9
66b8cf43cc43c649a591c3b6,1252,1,76,right-0,left,right-dark,dark-up,fewer-up,single,01:37.4
5dad4c34b3446a0015e3de93,1051,0,62,right-8,right,right-dark,light-up,greater-up,single,01:36.8
69a5c155a852c9a8ab7762fa,1011,1,74,left-7,left,left-dark,light-up,fewer-up,dual,01:39.4
69ac82ae94c6c87d2180547f,248,0,62,left-7,left,left-dark,dark-up,fewer-up,single,01:39.1
5de7d12c26dd95000b6824c5,1356,1,48,left-5,left,left-dark,dark-up,greater-up,dual,01:39.9
671ab0904de8eb7273ae9d42,NULL,0,20,left-9,none,left-dark,dark-up,greater-up,dual,01:38.0
671bfa2f8751aef24b7d0b3a,599,1,22,right-5,right,right-dark,light-up,fewer-up,dual,01:40.4
672ca130c5f43c5ed7d5d4b8,965,1,51,left-3,left,left-dark,dark-up,greater-up,single,01:39.5
60dfd857e293a99dd577f4c8,1072,1,69,right-0,left,right-dark,light-up,greater-up,single,01:39.2
66b8cf43cc43c649a591c3b6,1108,1,77,left-3,right,left-dark,dark-up,fewer-up,single,01:39.7
5dad4c34b3446a0015e3de93,1210,1,63,left-3,right,left-dark,dark-up,fewer-up,single,01:39.3
69ac82ae94c6c87d2180547f,1015,1,63,left-5,left,left-dark,dark-up,greater-up,single,01:41.5
69a5c155a852c9a8ab7762fa,NULL,0,75,left-9,none,left-dark,light-up,fewer-up,dual,01:42.1
5de7d12c26dd95000b6824c5,1514,1,49,left-8,left,left-dark,dark-up,greater-up,dual,01:42.5
671bfa2f8751aef24b7d0b3a,1056,0,23,right-5,right,right-dark,dark-up,fewer-up,dual,01:42.6
672ca130c5f43c5ed7d5d4b8,1008,1,52,right-5,right,right-dark,light-up,fewer-up,single,01:41.7
671ab0904de8eb7273ae9d42,NULL,0,21,right-6,none,right-dark,light-up,greater-up,dual,01:41.4
60dfd857e293a99dd577f4c8,1111,1,70,left-1,left,left-dark,dark-up,greater-up,single,01:41.8
66b8cf43cc43c649a591c3b6,1081,1,78,left-5,left,left-dark,light-up,fewer-up,single,01:42.0
5dad4c34b3446a0015e3de93,832,1,64,left-2,left,left-dark,dark-up,greater-up,single,01:41.2
69ac82ae94c6c87d2180547f,462,0,64,right-3,right,right-dark,dark-up,fewer-up,single,01:43.4
671bfa2f8751aef24b7d0b3a,616,0,24,left-5,left,left-dark,light-up,greater-up,dual,01:44.6
5de7d12c26dd95000b6824c5,1071,1,50,left-8,right,left-dark,light-up,greater-up,dual,01:45.0
672ca130c5f43c5ed7d5d4b8,1281,1,53,left-0,right,left-dark,dark-up,fewer-up,single,01:44.4
69a5c155a852c9a8ab7762fa,1249,0,76,right-2,left,right-dark,light-up,fewer-up,dual,01:45.2
69ac82ae94c6c87d2180547f,279,0,65,right-7,left,right-dark,light-up,fewer-up,single,01:45.0
66b8cf43cc43c649a591c3b6,1026,1,79,left-5,left,left-dark,dark-up,greater-up,single,01:44.2
5dad4c34b3446a0015e3de93,657,1,65,left-2,right,left-dark,light-up,greater-up,single,01:43.3
671ab0904de8eb7273ae9d42,559,1,22,left-2,left,left-dark,light-up,fewer-up,dual,01:44.1
60dfd857e293a99dd577f4c8,1629,1,71,right-9,left,right-dark,dark-up,fewer-up,single,01:44.9
671bfa2f8751aef24b7d0b3a,1277,1,25,right-1,right,right-dark,light-up,fewer-up,dual,01:47.3
69ac82ae94c6c87d2180547f,299,0,66,right-9,right,right-dark,dark-up,fewer-up,single,01:46.5
672ca130c5f43c5ed7d5d4b8,1261,1,54,left-0,left,left-dark,dark-up,greater-up,single,01:46.7
69a5c155a852c9a8ab7762fa,852,1,77,left-4,left,left-dark,dark-up,greater-up,dual,01:47.4
5de7d12c26dd95000b6824c5,1676,1,51,right-4,right,right-dark,light-up,fewer-up,dual,01:48.0
671ab0904de8eb7273ae9d42,509,0,23,right-2,right,right-dark,dark-up,fewer-up,dual,01:46.1
5dad4c34b3446a0015e3de93,1055,1,66,left-2,left,left-dark,light-up,fewer-up,single,01:45.6
60dfd857e293a99dd577f4c8,NULL,0,72,right-1,none,right-dark,light-up,greater-up,single,01:47.4
69ac82ae94c6c87d2180547f,584,1,67,left-9,right,left-dark,light-up,greater-up,single,01:48.3
671bfa2f8751aef24b7d0b3a,979,1,26,left-9,left,left-dark,dark-up,greater-up,dual,01:49.4
69a5c155a852c9a8ab7762fa,861,1,78,left-9,right,left-dark,light-up,greater-up,dual,01:49.4
672ca130c5f43c5ed7d5d4b8,882,1,55,right-3,left,right-dark,light-up,greater-up,single,01:48.8
5de7d12c26dd95000b6824c5,783,1,52,right-5,right,right-dark,dark-up,greater-up,dual,01:50.2
5dad4c34b3446a0015e3de93,914,1,67,left-7,left,left-dark,light-up,fewer-up,single,01:47.7
671ab0904de8eb7273ae9d42,1571,0,24,right-3,left,right-dark,dark-up,greater-up,dual,01:48.9
671bfa2f8751aef24b7d0b3a,640,1,27,right-7,right,right-dark,dark-up,greater-up,dual,01:51.1
69ac82ae94c6c87d2180547f,672,1,68,right-1,left,right-dark,light-up,greater-up,single,01:50.4
672ca130c5f43c5ed7d5d4b8,822,1,56,left-9,right,left-dark,light-up,greater-up,single,01:50.9
60dfd857e293a99dd577f4c8,1357,1,73,left-0,right,left-dark,light-up,greater-up,single,01:50.5
69a5c155a852c9a8ab7762fa,1263,0,79,right-5,left,right-dark,light-up,fewer-up,dual,01:52.1
5de7d12c26dd95000b6824c5,962,1,53,right-8,right,right-dark,dark-up,greater-up,dual,01:52.7
671bfa2f8751aef24b7d0b3a,570,1,28,left-2,left,left-dark,dark-up,greater-up,dual,01:52.8
5dad4c34b3446a0015e3de93,1214,1,68,left-5,left,left-dark,light-up,fewer-up,single,01:50.2
671ab0904de8eb7273ae9d42,1171,1,25,right-6,right,right-dark,dark-up,greater-up,dual,01:51.2
69ac82ae94c6c87d2180547f,1069,0,69,left-4,right,left-dark,light-up,fewer-up,single,01:52.8
671bfa2f8751aef24b7d0b3a,512,1,29,right-4,right,right-dark,light-up,fewer-up,dual,01:54.4
672ca130c5f43c5ed7d5d4b8,1190,1,57,left-9,left,left-dark,dark-up,greater-up,single,01:53.5
60dfd857e293a99dd577f4c8,1239,1,74,right-3,left,right-dark,dark-up,fewer-up,single,01:53.1
5de7d12c26dd95000b6824c5,1044,1,54,left-7,right,left-dark,light-up,greater-up,dual,01:54.9
5dad4c34b3446a0015e3de93,826,0,69,right-0,right,right-dark,dark-up,fewer-up,single,01:52.3
69ac82ae94c6c87d2180547f,274,0,70,right-9,left,right-dark,light-up,fewer-up,single,01:54.6
671ab0904de8eb7273ae9d42,933,1,26,left-0,left,left-dark,light-up,fewer-up,dual,01:53.6
671bfa2f8751aef24b7d0b3a,813,1,30,right-7,right,right-dark,light-up,fewer-up,dual,01:56.4
672ca130c5f43c5ed7d5d4b8,1004,1,58,right-9,right,right-dark,light-up,fewer-up,single,01:56.0
69ac82ae94c6c87d2180547f,449,1,71,left-2,left,left-dark,light-up,fewer-up,single,01:56.2
60dfd857e293a99dd577f4c8,1089,1,75,right-9,right,right-dark,light-up,fewer-up,single,01:55.5
5de7d12c26dd95000b6824c5,1347,1,55,right-4,right,right-dark,dark-up,greater-up,dual,01:57.4
5dad4c34b3446a0015e3de93,940,1,70,right-4,right,right-dark,dark-up,greater-up,single,01:54.7
671ab0904de8eb7273ae9d42,850,1,27,left-5,right,left-dark,light-up,greater-up,dual,01:56.2
671bfa2f8751aef24b7d0b3a,670,0,31,right-1,right,right-dark,light-up,greater-up,dual,01:58.3
69ac82ae94c6c87d2180547f,657,1,72,left-4,right,left-dark,dark-up,fewer-up,single,01:57.9
672ca130c5f43c5ed7d5d4b8,888,1,59,left-8,left,left-dark,light-up,fewer-up,single,01:58.2
5dad4c34b3446a0015e3de93,849,1,71,left-4,left,left-dark,dark-up,greater-up,single,01:56.8
60dfd857e293a99dd577f4c8,1229,1,76,right-5,right,right-dark,dark-up,greater-up,single,01:58.2
5de7d12c26dd95000b6824c5,1450,1,56,right-8,left,right-dark,dark-up,fewer-up,dual,01:59.9
671bfa2f8751aef24b7d0b3a,404,0,32,left-1,left,left-dark,dark-up,fewer-up,dual,02:00.0
69ac82ae94c6c87d2180547f,623,0,73,right-6,left,right-dark,light-up,fewer-up,single,01:59.9
671ab0904de8eb7273ae9d42,NULL,0,28,right-4,none,right-dark,dark-up,fewer-up,dual,01:58.9
5dad4c34b3446a0015e3de93,699,1,72,left-8,right,left-dark,light-up,greater-up,single,01:59.0
60dfd857e293a99dd577f4c8,1274,1,77,left-8,left,left-dark,light-up,fewer-up,single,02:00.6
69ac82ae94c6c87d2180547f,248,0,74,right-6,right,right-dark,dark-up,fewer-up,single,02:01.5
5de7d12c26dd95000b6824c5,1225,1,57,right-6,right,right-dark,dark-up,greater-up,dual,02:02.6
671bfa2f8751aef24b7d0b3a,1429,0,33,right-3,right,right-dark,dark-up,fewer-up,dual,02:02.7
671ab0904de8eb7273ae9d42,874,1,29,left-6,right,left-dark,dark-up,fewer-up,dual,02:01.6
5dad4c34b3446a0015e3de93,1006,1,73,left-6,right,left-dark,dark-up,fewer-up,single,02:01.1
69ac82ae94c6c87d2180547f,294,1,75,right-8,left,right-dark,dark-up,fewer-up,single,02:03.3
671bfa2f8751aef24b7d0b3a,407,1,34,left-7,left,left-dark,dark-up,greater-up,dual,02:04.5
60dfd857e293a99dd577f4c8,1400,1,78,right-9,left,right-dark,light-up,greater-up,single,02:03.1
5de7d12c26dd95000b6824c5,1594,1,58,left-4,left,left-dark,light-up,fewer-up,dual,02:05.6
5dad4c34b3446a0015e3de93,711,1,74,left-7,right,left-dark,light-up,greater-up,single,02:03.0
672ca130c5f43c5ed7d5d4b8,1104,1,60,right-9,left,right-dark,dark-up,fewer-up,single,02:04.8
671ab0904de8eb7273ae9d42,1020,0,30,left-7,left,left-dark,dark-up,fewer-up,dual,02:03.9
69ac82ae94c6c87d2180547f,718,0,76,right-0,left,right-dark,light-up,fewer-up,single,02:05.2
671bfa2f8751aef24b7d0b3a,691,0,35,right-8,left,right-dark,light-up,fewer-up,dual,02:06.5
60dfd857e293a99dd577f4c8,1298,1,79,right-0,left,right-dark,dark-up,fewer-up,single,02:05.6
69ac82ae94c6c87d2180547f,790,0,77,left-8,right,left-dark,light-up,fewer-up,single,02:07.0
5dad4c34b3446a0015e3de93,857,1,75,right-2,left,right-dark,dark-up,fewer-up,single,02:05.1
672ca130c5f43c5ed7d5d4b8,1314,1,61,left-3,right,left-dark,light-up,greater-up,single,02:07.2
671ab0904de8eb7273ae9d42,NULL,0,31,right-4,none,right-dark,dark-up,greater-up,dual,02:06.2
5de7d12c26dd95000b6824c5,1209,1,59,right-9,left,right-dark,dark-up,fewer-up,dual,02:08.3
671bfa2f8751aef24b7d0b3a,1436,0,36,right-2,right,right-dark,light-up,greater-up,dual,02:09.1
69ac82ae94c6c87d2180547f,462,1,78,right-0,left,right-dark,dark-up,fewer-up,single,02:08.9
5dad4c34b3446a0015e3de93,1130,1,76,right-4,left,right-dark,dark-up,fewer-up,single,02:07.5
672ca130c5f43c5ed7d5d4b8,1057,1,62,left-7,right,left-dark,dark-up,fewer-up,single,02:09.6
671bfa2f8751aef24b7d0b3a,436,0,37,right-6,right,right-dark,dark-up,fewer-up,dual,02:10.9
671ab0904de8eb7273ae9d42,1105,0,32,left-6,right,left-dark,dark-up,greater-up,dual,02:09.1
69ac82ae94c6c87d2180547f,697,0,79,left-2,left,left-dark,light-up,greater-up,single,02:10.9
671bfa2f8751aef24b7d0b3a,407,1,38,left-1,left,left-dark,dark-up,greater-up,dual,02:12.7
672ca130c5f43c5ed7d5d4b8,972,1,63,right-8,left,right-dark,light-up,greater-up,single,02:11.7
5dad4c34b3446a0015e3de93,1386,1,77,left-0,right,left-dark,light-up,greater-up,single,02:10.4
671ab0904de8eb7273ae9d42,968,0,33,left-6,left,left-dark,light-up,greater-up,dual,02:11.5
5de7d12c26dd95000b6824c5,1069,1,60,right-0,right,right-dark,light-up,fewer-up,dual,02:14.4
671bfa2f8751aef24b7d0b3a,700,0,39,left-4,left,left-dark,dark-up,fewer-up,dual,02:14.6
672ca130c5f43c5ed7d5d4b8,827,1,64,right-4,left,right-dark,light-up,greater-up,single,02:13.9
5dad4c34b3446a0015e3de93,972,0,78,right-1,left,right-dark,dark-up,greater-up,single,02:12.7
671ab0904de8eb7273ae9d42,1474,0,34,right-8,right,right-dark,light-up,greater-up,dual,02:14.0
5de7d12c26dd95000b6824c5,1200,1,61,right-8,left,right-dark,light-up,greater-up,dual,02:16.6
672ca130c5f43c5ed7d5d4b8,1020,1,65,right-3,right,right-dark,light-up,fewer-up,single,02:16.4
5dad4c34b3446a0015e3de93,757,1,79,left-6,left,left-dark,dark-up,greater-up,single,02:14.8
671ab0904de8eb7273ae9d42,904,0,35,left-0,left,left-dark,light-up,greater-up,dual,02:16.3
5de7d12c26dd95000b6824c5,1301,1,62,left-2,right,left-dark,dark-up,fewer-up,dual,02:19.1
672ca130c5f43c5ed7d5d4b8,1307,1,66,left-5,right,left-dark,dark-up,fewer-up,single,02:19.0
671ab0904de8eb7273ae9d42,768,0,36,right-4,right,right-dark,light-up,greater-up,dual,02:18.2
5de7d12c26dd95000b6824c5,1006,1,63,left-0,right,left-dark,light-up,greater-up,dual,02:21.3
672ca130c5f43c5ed7d5d4b8,1279,1,67,left-4,right,left-dark,dark-up,fewer-up,single,02:21.4
671ab0904de8eb7273ae9d42,1080,1,37,right-1,right,right-dark,light-up,fewer-up,dual,02:20.7
5de7d12c26dd95000b6824c5,1478,1,64,right-1,left,right-dark,dark-up,fewer-up,dual,02:24.0
671ab0904de8eb7273ae9d42,1043,1,38,left-0,right,left-dark,dark-up,fewer-up,dual,02:22.8
672ca130c5f43c5ed7d5d4b8,1402,1,68,left-8,right,left-dark,dark-up,fewer-up,single,02:24.0
5de7d12c26dd95000b6824c5,1622,0,65,left-3,left,left-dark,dark-up,fewer-up,dual,02:26.9
671ab0904de8eb7273ae9d42,NULL,0,39,right-7,none,right-dark,dark-up,greater-up,dual,02:25.2
672ca130c5f43c5ed7d5d4b8,1077,1,69,left-2,right,left-dark,light-up,greater-up,single,02:26.4
5de7d12c26dd95000b6824c5,1542,1,66,left-5,left,left-dark,light-up,fewer-up,dual,02:29.8
672ca130c5f43c5ed7d5d4b8,1426,1,70,right-8,left,right-dark,dark-up,fewer-up,single,02:29.0
672ca130c5f43c5ed7d5d4b8,909,1,71,right-5,left,right-dark,dark-up,fewer-up,single,02:31.2
5de7d12c26dd95000b6824c5,1185,1,67,left-4,right,left-dark,dark-up,fewer-up,dual,02:32.2
671bfa2f8751aef24b7d0b3a,833,0,40,right-9,right,right-dark,light-up,greater-up,dual,02:32.9
672ca130c5f43c5ed7d5d4b8,893,1,72,right-2,left,right-dark,light-up,greater-up,single,02:33.4
671bfa2f8751aef24b7d0b3a,487,1,41,left-8,left,left-dark,dark-up,greater-up,dual,02:34.5
5de7d12c26dd95000b6824c5,1295,1,68,left-6,left,left-dark,light-up,fewer-up,dual,02:34.7
671bfa2f8751aef24b7d0b3a,586,1,42,left-6,left,left-dark,dark-up,greater-up,dual,02:36.4
672ca130c5f43c5ed7d5d4b8,853,1,73,right-6,right,right-dark,light-up,fewer-up,single,02:35.5
5de7d12c26dd95000b6824c5,1697,1,69,right-9,right,right-dark,light-up,fewer-up,dual,02:37.7
671bfa2f8751aef24b7d0b3a,685,1,43,right-1,right,right-dark,dark-up,greater-up,dual,02:38.5
672ca130c5f43c5ed7d5d4b8,859,1,74,right-3,right,right-dark,dark-up,greater-up,single,02:37.8
5de7d12c26dd95000b6824c5,1120,1,70,left-2,left,left-dark,light-up,fewer-up,dual,02:40.0
671bfa2f8751aef24b7d0b3a,440,0,44,left-3,left,left-dark,light-up,greater-up,dual,02:40.3
672ca130c5f43c5ed7d5d4b8,1004,1,75,left-5,left,left-dark,dark-up,greater-up,single,02:40.0
671bfa2f8751aef24b7d0b3a,806,0,45,left-6,left,left-dark,light-up,greater-up,dual,02:42.3
5de7d12c26dd95000b6824c5,1219,1,71,left-6,right,left-dark,light-up,greater-up,dual,02:42.4
5b9efb73d1ff7a00013bfe84,874,0,0,right-2,right,right-dark,light-up,greater-up,single,02:38.4
672ca130c5f43c5ed7d5d4b8,869,1,76,left-3,left,left-dark,light-up,fewer-up,single,02:42.1
671bfa2f8751aef24b7d0b3a,462,1,46,left-9,right,left-dark,light-up,greater-up,dual,02:43.9
5de7d12c26dd95000b6824c5,890,0,72,right-4,right,right-dark,light-up,greater-up,dual,02:44.4
5b9efb73d1ff7a00013bfe84,587,0,1,left-3,left,left-dark,dark-up,fewer-up,single,02:40.3
672ca130c5f43c5ed7d5d4b8,1533,1,77,left-5,left,left-dark,light-up,fewer-up,single,02:44.7
671bfa2f8751aef24b7d0b3a,774,1,47,right-0,right,right-dark,light-up,fewer-up,dual,02:46.2
5b9efb73d1ff7a00013bfe84,510,0,2,left-1,left,left-dark,dark-up,fewer-up,single,02:42.0
5de7d12c26dd95000b6824c5,978,1,73,right-1,right,right-dark,light-up,fewer-up,dual,02:46.8
672ca130c5f43c5ed7d5d4b8,985,1,78,right-2,right,right-dark,light-up,fewer-up,single,02:46.7
5b9efb73d1ff7a00013bfe84,416,0,3,left-8,left,left-dark,dark-up,fewer-up,single,02:43.8
671bfa2f8751aef24b7d0b3a,NULL,0,48,right-8,none,right-dark,dark-up,fewer-up,dual,02:48.7
671ab0904de8eb7273ae9d42,NULL,0,40,right-1,none,right-dark,light-up,greater-up,dual,02:46.7
5de7d12c26dd95000b6824c5,1218,1,74,left-1,right,left-dark,dark-up,fewer-up,dual,02:49.5
672ca130c5f43c5ed7d5d4b8,1083,1,79,right-2,left,right-dark,dark-up,fewer-up,single,02:49.2
5b9efb73d1ff7a00013bfe84,596,1,4,right-8,right,right-dark,dark-up,greater-up,single,02:46.0
671bfa2f8751aef24b7d0b3a,621,0,49,right-7,right,right-dark,light-up,greater-up,dual,02:51.0
671ab0904de8eb7273ae9d42,NULL,0,41,right-5,none,right-dark,light-up,greater-up,dual,02:49.8
5b9efb73d1ff7a00013bfe84,453,0,5,right-2,right,right-dark,dark-up,fewer-up,single,02:47.4
5de7d12c26dd95000b6824c5,1251,1,75,left-9,left,left-dark,dark-up,greater-up,dual,02:52.2
671bfa2f8751aef24b7d0b3a,990,1,50,left-4,left,left-dark,dark-up,greater-up,dual,02:53.4
5b9efb73d1ff7a00013bfe84,504,1,6,right-2,right,right-dark,light-up,fewer-up,single,02:49.3
5de7d12c26dd95000b6824c5,1133,1,76,right-7,left,right-dark,light-up,greater-up,dual,02:54.8
671bfa2f8751aef24b7d0b3a,460,0,51,left-8,left,left-dark,light-up,greater-up,dual,02:55.2
671ab0904de8eb7273ae9d42,1705,1,42,left-2,right,left-dark,light-up,greater-up,dual,02:53.3
5b9efb73d1ff7a00013bfe84,484,1,7,right-7,right,right-dark,light-up,fewer-up,single,02:51.1
671bfa2f8751aef24b7d0b3a,612,1,52,left-3,right,left-dark,dark-up,fewer-up,dual,02:56.9
5de7d12c26dd95000b6824c5,985,1,77,right-1,right,right-dark,dark-up,greater-up,dual,02:57.0
5b9efb73d1ff7a00013bfe84,540,1,8,right-5,right,right-dark,dark-up,greater-up,single,02:52.8
671ab0904de8eb7273ae9d42,1016,0,43,left-8,right,left-dark,dark-up,greater-up,dual,02:55.8
671bfa2f8751aef24b7d0b3a,591,1,53,right-2,right,right-dark,light-up,fewer-up,dual,02:59.0
5de7d12c26dd95000b6824c5,NULL,0,78,left-1,none,left-dark,dark-up,greater-up,dual,02:59.6
5b9efb73d1ff7a00013bfe84,1034,1,9,right-9,right,right-dark,light-up,fewer-up,single,02:55.3
671ab0904de8eb7273ae9d42,808,1,44,left-4,left,left-dark,light-up,fewer-up,dual,02:58.1
671bfa2f8751aef24b7d0b3a,574,1,54,left-3,left,left-dark,dark-up,greater-up,dual,03:00.9
5b9efb73d1ff7a00013bfe84,489,1,10,left-2,left,left-dark,light-up,fewer-up,single,02:57.2
5de7d12c26dd95000b6824c5,1005,1,79,left-3,right,left-dark,light-up,greater-up,dual,03:02.6
671bfa2f8751aef24b7d0b3a,498,0,55,left-1,left,left-dark,light-up,greater-up,dual,03:02.8
671ab0904de8eb7273ae9d42,NULL,0,45,right-2,none,right-dark,dark-up,greater-up,dual,03:00.8
5b9efb73d1ff7a00013bfe84,382,0,11,left-2,left,left-dark,light-up,greater-up,single,02:58.7
671bfa2f8751aef24b7d0b3a,316,1,56,right-2,right,right-dark,dark-up,greater-up,dual,03:04.6
5b9efb73d1ff7a00013bfe84,422,1,12,left-4,left,left-dark,light-up,fewer-up,single,03:00.7
671ab0904de8eb7273ae9d42,548,1,46,right-0,right,right-dark,light-up,fewer-up,dual,03:03.5
671bfa2f8751aef24b7d0b3a,909,1,57,right-5,right,right-dark,dark-up,greater-up,dual,03:06.6
5b9efb73d1ff7a00013bfe84,425,0,13,left-3,left,left-dark,light-up,greater-up,single,03:02.4
5b9efb73d1ff7a00013bfe84,376,1,14,left-6,left,left-dark,light-up,fewer-up,single,03:04.2
671ab0904de8eb7273ae9d42,1396,1,47,right-1,right,right-dark,dark-up,greater-up,dual,03:06.8
671bfa2f8751aef24b7d0b3a,810,0,58,left-5,left,left-dark,dark-up,fewer-up,dual,03:08.9
5b9efb73d1ff7a00013bfe84,400,0,15,left-0,left,left-dark,light-up,greater-up,single,03:05.8
671bfa2f8751aef24b7d0b3a,455,1,59,left-4,right,left-dark,light-up,greater-up,dual,03:10.5
671ab0904de8eb7273ae9d42,602,0,48,right-0,right,right-dark,dark-up,fewer-up,dual,03:08.6
5b9efb73d1ff7a00013bfe84,508,0,16,left-6,left,left-dark,dark-up,fewer-up,single,03:07.7
671ab0904de8eb7273ae9d42,1707,1,49,right-7,left,right-dark,light-up,greater-up,dual,03:11.9
5b9efb73d1ff7a00013bfe84,394,1,17,left-2,left,left-dark,dark-up,greater-up,single,03:09.3
5b9efb73d1ff7a00013bfe84,541,1,18,left-7,left,left-dark,dark-up,greater-up,single,03:11.4
671ab0904de8eb7273ae9d42,1479,1,50,left-7,left,left-dark,dark-up,greater-up,dual,03:14.6
5b9efb73d1ff7a00013bfe84,617,0,19,right-4,right,right-dark,light-up,greater-up,single,03:13.5
671ab0904de8eb7273ae9d42,735,0,51,right-8,right,right-dark,dark-up,fewer-up,dual,03:17.0
671bfa2f8751aef24b7d0b3a,1379,0,60,right-5,right,right-dark,light-up,greater-up,dual,03:20.2
671ab0904de8eb7273ae9d42,1213,0,52,left-8,left,left-dark,dark-up,fewer-up,dual,03:19.4
671bfa2f8751aef24b7d0b3a,607,1,61,left-8,left,left-dark,light-up,fewer-up,dual,03:21.8
5b9efb73d1ff7a00013bfe84,748,0,20,right-4,right,right-dark,dark-up,fewer-up,single,03:19.1
671ab0904de8eb7273ae9d42,1144,1,53,right-8,right,right-dark,dark-up,greater-up,dual,03:21.9
671bfa2f8751aef24b7d0b3a,1143,0,62,right-7,right,right-dark,dark-up,fewer-up,dual,03:24.3
5b9efb73d1ff7a00013bfe84,415,1,21,right-3,right,right-dark,light-up,fewer-up,single,03:20.6
671bfa2f8751aef24b7d0b3a,572,0,63,left-9,left,left-dark,dark-up,fewer-up,dual,03:26.1
671ab0904de8eb7273ae9d42,734,1,54,left-1,right,left-dark,dark-up,fewer-up,dual,03:24.3
5b9efb73d1ff7a00013bfe84,391,0,22,right-1,right,right-dark,light-up,greater-up,single,03:22.4
69863754c11c997c89afedf7,811,1,0,right-6,left,right-dark,light-up,greater-up,single,03:26.7
671bfa2f8751aef24b7d0b3a,1341,1,64,right-6,right,right-dark,dark-up,greater-up,dual,03:28.5
5b9efb73d1ff7a00013bfe84,450,1,23,right-4,right,right-dark,dark-up,greater-up,single,03:24.2
671ab0904de8eb7273ae9d42,1097,1,55,right-5,right,right-dark,light-up,fewer-up,dual,03:26.8
5b9efb73d1ff7a00013bfe84,385,0,24,right-3,right,right-dark,dark-up,fewer-up,single,03:25.9
671bfa2f8751aef24b7d0b3a,1029,1,65,left-0,right,left-dark,light-up,greater-up,dual,03:30.8
69863754c11c997c89afedf7,1010,1,1,right-3,right,right-dark,light-up,fewer-up,single,03:29.4
671ab0904de8eb7273ae9d42,1392,1,56,right-6,left,right-dark,dark-up,fewer-up,dual,03:29.7
5b9efb73d1ff7a00013bfe84,425,1,25,right-6,right,right-dark,dark-up,greater-up,single,03:27.7
671bfa2f8751aef24b7d0b3a,840,0,66,left-6,right,left-dark,light-up,fewer-up,dual,03:33.0
69863754c11c997c89afedf7,1143,1,2,right-2,right,right-dark,dark-up,greater-up,single,03:31.9
5b9efb73d1ff7a00013bfe84,540,0,26,left-1,left,left-dark,light-up,greater-up,single,03:29.3
671ab0904de8eb7273ae9d42,NULL,0,57,left-5,none,left-dark,light-up,fewer-up,dual,03:32.4
671bfa2f8751aef24b7d0b3a,1096,0,67,left-0,left,left-dark,dark-up,fewer-up,dual,03:35.3
69863754c11c997c89afedf7,1067,1,3,right-9,right,right-dark,dark-up,greater-up,single,03:34.2
5b9efb73d1ff7a00013bfe84,472,0,27,left-0,left,left-dark,dark-up,fewer-up,single,03:31.2
671ab0904de8eb7273ae9d42,583,1,58,right-5,right,right-dark,dark-up,greater-up,dual,03:35.0
671bfa2f8751aef24b7d0b3a,446,0,68,left-1,right,left-dark,light-up,fewer-up,dual,03:37.1
5b9efb73d1ff7a00013bfe84,424,1,28,left-4,left,left-dark,dark-up,greater-up,single,03:33.0
69863754c11c997c89afedf7,963,1,4,left-5,left,left-dark,light-up,fewer-up,single,03:36.4
671bfa2f8751aef24b7d0b3a,861,0,69,left-3,right,left-dark,light-up,fewer-up,dual,03:39.2
5b9efb73d1ff7a00013bfe84,491,0,29,left-7,left,left-dark,dark-up,fewer-up,single,03:34.7
671ab0904de8eb7273ae9d42,1072,0,59,left-2,left,left-dark,dark-up,fewer-up,dual,03:37.5
69863754c11c997c89afedf7,1222,1,5,right-1,left,right-dark,dark-up,fewer-up,single,03:39.2
5b9efb73d1ff7a00013bfe84,560,0,30,right-7,right,right-dark,light-up,greater-up,single,03:36.4
671bfa2f8751aef24b7d0b3a,800,0,70,left-5,right,left-dark,dark-up,greater-up,dual,03:41.2
5b9efb73d1ff7a00013bfe84,292,0,31,right-2,left,right-dark,dark-up,greater-up,single,03:37.9
671bfa2f8751aef24b7d0b3a,355,0,71,left-8,left,left-dark,dark-up,fewer-up,dual,03:42.7
69863754c11c997c89afedf7,970,1,6,right-5,right,right-dark,dark-up,greater-up,single,03:41.5
5b9efb73d1ff7a00013bfe84,382,0,32,right-3,right,right-dark,light-up,greater-up,single,03:39.7
671bfa2f8751aef24b7d0b3a,740,0,72,right-3,left,right-dark,light-up,fewer-up,dual,03:44.6
69863754c11c997c89afedf7,987,1,7,right-2,left,right-dark,dark-up,fewer-up,single,03:43.9
671bfa2f8751aef24b7d0b3a,339,0,73,right-4,right,right-dark,dark-up,fewer-up,dual,03:46.2
5b9efb73d1ff7a00013bfe84,797,1,33,left-2,right,left-dark,dark-up,fewer-up,single,03:41.6
671bfa2f8751aef24b7d0b3a,330,1,74,left-5,left,left-dark,light-up,fewer-up,dual,03:47.7
69863754c11c997c89afedf7,903,1,8,right-8,right,right-dark,dark-up,greater-up,single,03:46.3
5b9efb73d1ff7a00013bfe84,427,1,34,left-5,right,left-dark,light-up,greater-up,single,03:43.3
671ab0904de8eb7273ae9d42,860,0,60,left-6,right,left-dark,light-up,fewer-up,dual,03:46.8
671bfa2f8751aef24b7d0b3a,604,1,75,left-2,left,left-dark,light-up,fewer-up,dual,03:49.6
5b9efb73d1ff7a00013bfe84,515,0,35,left-5,right,left-dark,light-up,fewer-up,single,03:45.3
69863754c11c997c89afedf7,1160,1,9,left-4,right,left-dark,dark-up,fewer-up,single,03:48.6
671ab0904de8eb7273ae9d42,953,0,61,left-4,left,left-dark,light-up,greater-up,dual,03:48.9
5b9efb73d1ff7a00013bfe84,446,1,36,left-8,right,left-dark,light-up,greater-up,single,03:46.8
671bfa2f8751aef24b7d0b3a,1218,1,76,right-3,right,right-dark,dark-up,greater-up,dual,03:52.2
5b9efb73d1ff7a00013bfe84,633,0,37,left-8,right,left-dark,dark-up,greater-up,single,03:48.6
69863754c11c997c89afedf7,1724,1,10,left-5,right,left-dark,dark-up,fewer-up,single,03:51.8
671ab0904de8eb7273ae9d42,1610,0,62,left-2,right,left-dark,dark-up,greater-up,dual,03:51.8
671bfa2f8751aef24b7d0b3a,832,0,77,right-0,right,right-dark,dark-up,fewer-up,dual,03:54.3
5b9efb73d1ff7a00013bfe84,539,1,38,left-1,left,left-dark,dark-up,greater-up,single,03:50.5
69863754c11c997c89afedf7,1100,1,11,left-8,right,left-dark,light-up,greater-up,single,03:54.2
671bfa2f8751aef24b7d0b3a,335,1,78,right-8,left,right-dark,light-up,greater-up,dual,03:56.1
671ab0904de8eb7273ae9d42,1447,1,63,left-8,left,left-dark,light-up,fewer-up,dual,03:54.7
5b9efb73d1ff7a00013bfe84,672,1,39,right-5,right,right-dark,light-up,fewer-up,single,03:52.6
63852fbf95d78ba25b99005e,1525,1,0,right-0,right,right-dark,dark-up,greater-up,single,03:57.3
671bfa2f8751aef24b7d0b3a,794,1,79,right-1,left,right-dark,dark-up,fewer-up,dual,03:58.2
69863754c11c997c89afedf7,1274,1,12,left-9,right,left-dark,dark-up,fewer-up,single,03:56.8
671ab0904de8eb7273ae9d42,922,1,64,right-5,left,right-dark,dark-up,fewer-up,dual,03:57.1
63852fbf95d78ba25b99005e,1480,0,1,right-1,left,right-dark,light-up,fewer-up,single,04:00.0
69863754c11c997c89afedf7,1085,1,13,left-2,left,left-dark,dark-up,greater-up,single,03:59.2
671ab0904de8eb7273ae9d42,831,1,65,left-8,right,left-dark,light-up,greater-up,dual,03:59.4
5b9efb73d1ff7a00013bfe84,919,1,40,right-9,right,right-dark,dark-up,greater-up,single,03:58.2
69863754c11c997c89afedf7,1052,1,14,left-2,left,left-dark,light-up,fewer-up,single,04:01.5
671ab0904de8eb7273ae9d42,927,1,66,left-5,right,left-dark,dark-up,fewer-up,dual,04:01.5
63852fbf95d78ba25b99005e,1653,1,2,left-9,right,left-dark,dark-up,fewer-up,single,04:03.0
5b9efb73d1ff7a00013bfe84,427,0,41,left-9,left,left-dark,dark-up,fewer-up,single,03:59.9
69863754c11c997c89afedf7,1336,1,15,left-1,right,left-dark,dark-up,fewer-up,single,04:04.2
671ab0904de8eb7273ae9d42,1012,1,67,left-5,left,left-dark,dark-up,greater-up,dual,04:03.8
5b9efb73d1ff7a00013bfe84,619,0,42,right-8,right,right-dark,dark-up,fewer-up,single,04:01.6
63852fbf95d78ba25b99005e,1197,1,3,right-7,right,right-dark,dark-up,greater-up,single,04:05.7
5b9efb73d1ff7a00013bfe84,475,0,43,right-0,right,right-dark,light-up,greater-up,single,04:03.4
69863754c11c997c89afedf7,1184,1,16,left-2,right,left-dark,dark-up,fewer-up,single,04:06.8
671ab0904de8eb7273ae9d42,1559,0,68,left-3,left,left-dark,dark-up,fewer-up,dual,04:06.6
63852fbf95d78ba25b99005e,1337,1,4,right-0,left,right-dark,dark-up,fewer-up,single,04:08.1
5b9efb73d1ff7a00013bfe84,617,0,44,left-5,left,left-dark,dark-up,fewer-up,single,04:05.2
69863754c11c997c89afedf7,792,1,17,left-4,right,left-dark,light-up,greater-up,single,04:08.9
671ab0904de8eb7273ae9d42,668,1,69,left-1,right,left-dark,light-up,greater-up,dual,04:08.6
63852fbf95d78ba25b99005e,1275,1,5,right-1,right,right-dark,dark-up,greater-up,single,04:10.7
5b9efb73d1ff7a00013bfe84,704,1,45,right-7,right,right-dark,dark-up,greater-up,single,04:07.0
69863754c11c997c89afedf7,961,1,18,right-3,left,right-dark,dark-up,fewer-up,single,04:11.2
671ab0904de8eb7273ae9d42,946,0,70,right-6,left,right-dark,light-up,fewer-up,dual,04:11.0
5b9efb73d1ff7a00013bfe84,447,0,46,right-9,right,right-dark,light-up,greater-up,single,04:08.8
63852fbf95d78ba25b99005e,1180,1,6,right-8,right,right-dark,light-up,fewer-up,single,04:13.0
69863754c11c997c89afedf7,819,1,19,left-1,left,left-dark,dark-up,greater-up,single,04:13.5
671ab0904de8eb7273ae9d42,1263,0,71,right-7,right,right-dark,dark-up,fewer-up,dual,04:13.3
5b9efb73d1ff7a00013bfe84,854,0,47,right-3,left,right-dark,dark-up,greater-up,single,04:11.1
63852fbf95d78ba25b99005e,1309,1,7,right-7,right,right-dark,light-up,fewer-up,single,04:15.6
5b9efb73d1ff7a00013bfe84,248,0,48,right-4,left,right-dark,light-up,fewer-up,single,04:12.8
671ab0904de8eb7273ae9d42,789,0,72,right-9,right,right-dark,light-up,greater-up,dual,04:15.7
63852fbf95d78ba25b99005e,1002,1,8,left-0,left,left-dark,light-up,fewer-up,single,04:17.8
5b9efb73d1ff7a00013bfe84,538,0,49,right-6,right,right-dark,dark-up,fewer-up,single,04:14.8
671ab0904de8eb7273ae9d42,924,0,73,left-9,left,left-dark,light-up,greater-up,dual,04:18.2
63852fbf95d78ba25b99005e,841,1,9,left-4,left,left-dark,dark-up,greater-up,single,04:20.1
5b9efb73d1ff7a00013bfe84,477,0,50,left-7,right,left-dark,light-up,fewer-up,single,04:16.8
69863754c11c997c89afedf7,1041,1,20,right-7,right,right-dark,dark-up,greater-up,single,04:20.7
671ab0904de8eb7273ae9d42,NULL,0,74,right-3,none,right-dark,light-up,greater-up,dual,04:20.7
63852fbf95d78ba25b99005e,905,1,10,right-8,right,right-dark,dark-up,greater-up,single,04:22.0
5b9efb73d1ff7a00013bfe84,494,0,51,left-9,left,left-dark,light-up,greater-up,single,04:18.4
69863754c11c997c89afedf7,973,1,21,right-9,left,right-dark,dark-up,fewer-up,single,04:22.8
63852fbf95d78ba25b99005e,1226,1,11,right-9,left,right-dark,dark-up,fewer-up,single,04:24.6
671ab0904de8eb7273ae9d42,NULL,0,75,left-1,none,left-dark,light-up,fewer-up,dual,04:23.9
5b9efb73d1ff7a00013bfe84,1396,1,52,right-8,right,right-dark,light-up,fewer-up,single,04:21.2
69863754c11c997c89afedf7,772,1,22,right-0,left,right-dark,light-up,greater-up,single,04:25.0
5b9efb73d1ff7a00013bfe84,585,1,53,left-3,left,left-dark,light-up,fewer-up,single,04:22.9
63852fbf95d78ba25b99005e,969,1,12,left-0,right,left-dark,dark-up,fewer-up,single,04:26.8
69863754c11c997c89afedf7,973,1,23,left-3,right,left-dark,light-up,greater-up,single,04:27.2
671ab0904de8eb7273ae9d42,1226,0,76,left-9,right,left-dark,light-up,fewer-up,dual,04:26.8
5b9efb73d1ff7a00013bfe84,587,0,54,right-5,right,right-dark,dark-up,fewer-up,single,04:25.1
63852fbf95d78ba25b99005e,1515,1,13,right-2,right,right-dark,dark-up,greater-up,single,04:29.8
69863754c11c997c89afedf7,844,1,24,right-5,left,right-dark,dark-up,fewer-up,single,04:29.5
671ab0904de8eb7273ae9d42,1191,1,77,left-3,left,left-dark,dark-up,greater-up,dual,04:29.3
5b9efb73d1ff7a00013bfe84,453,1,55,left-9,left,left-dark,dark-up,greater-up,single,04:26.8
69863754c11c997c89afedf7,740,1,25,right-3,left,right-dark,light-up,greater-up,single,04:31.5
5b9efb73d1ff7a00013bfe84,473,0,56,left-7,left,left-dark,light-up,greater-up,single,04:28.4
63852fbf95d78ba25b99005e,1243,1,14,left-3,right,left-dark,dark-up,fewer-up,single,04:32.3
671ab0904de8eb7273ae9d42,879,1,78,right-9,left,right-dark,dark-up,fewer-up,dual,04:31.6
5b9efb73d1ff7a00013bfe84,450,0,57,left-4,left,left-dark,light-up,greater-up,single,04:30.0
69863754c11c997c89afedf7,1199,1,26,right-7,right,right-dark,light-up,fewer-up,single,04:34.1
671ab0904de8eb7273ae9d42,656,0,79,left-3,right,left-dark,light-up,fewer-up,dual,04:33.7
63852fbf95d78ba25b99005e,1491,1,15,right-9,right,right-dark,light-up,fewer-up,single,04:35.0
5b9efb73d1ff7a00013bfe84,509,0,58,right-7,right,right-dark,dark-up,fewer-up,single,04:31.6
5b9efb73d1ff7a00013bfe84,285,0,59,right-9,right,right-dark,dark-up,fewer-up,single,04:33.1
69863754c11c997c89afedf7,878,1,27,left-3,left,left-dark,dark-up,greater-up,single,04:36.4
63852fbf95d78ba25b99005e,1556,0,16,left-5,right,left-dark,light-up,fewer-up,single,04:38.0
69863754c11c997c89afedf7,1083,1,28,left-5,right,left-dark,light-up,greater-up,single,04:38.6
63852fbf95d78ba25b99005e,1536,1,17,right-7,left,right-dark,light-up,greater-up,single,04:40.6
5b9efb73d1ff7a00013bfe84,772,1,60,right-0,right,right-dark,light-up,fewer-up,single,04:37.5
69863754c11c997c89afedf7,833,1,29,left-4,left,left-dark,dark-up,greater-up,single,04:40.9
5b9efb73d1ff7a00013bfe84,714,1,61,left-6,left,left-dark,dark-up,greater-up,single,04:39.4
63852fbf95d78ba25b99005e,1593,1,18,right-3,right,right-dark,light-up,fewer-up,single,04:43.3
69863754c11c997c89afedf7,1125,1,30,left-7,left,left-dark,light-up,fewer-up,single,04:43.5
5b9efb73d1ff7a00013bfe84,578,1,62,right-1,right,right-dark,dark-up,greater-up,single,04:41.4
63852fbf95d78ba25b99005e,1099,1,19,left-6,right,left-dark,light-up,greater-up,single,04:45.8
69863754c11c997c89afedf7,1360,1,31,right-8,left,right-dark,dark-up,fewer-up,single,04:45.9
5b9efb73d1ff7a00013bfe84,484,1,63,left-0,left,left-dark,dark-up,greater-up,single,04:43.2
5b9efb73d1ff7a00013bfe84,488,1,64,left-3,left,left-dark,dark-up,greater-up,single,04:45.1
69863754c11c997c89afedf7,996,1,32,right-0,right,right-dark,dark-up,greater-up,single,04:48.4
5b9efb73d1ff7a00013bfe84,455,1,65,left-9,left,left-dark,light-up,fewer-up,single,04:46.7
69863754c11c997c89afedf7,916,1,33,left-0,left,left-dark,dark-up,greater-up,single,04:50.6
63852fbf95d78ba25b99005e,1312,1,20,left-7,left,left-dark,dark-up,greater-up,single,04:52.0
5b9efb73d1ff7a00013bfe84,513,0,66,left-4,left,left-dark,dark-up,fewer-up,single,04:48.7
69863754c11c997c89afedf7,1109,1,34,left-8,right,left-dark,dark-up,fewer-up,single,04:52.9
63852fbf95d78ba25b99005e,939,1,21,right-1,left,right-dark,dark-up,fewer-up,single,04:54.0
5b9efb73d1ff7a00013bfe84,489,1,67,right-0,right,right-dark,dark-up,greater-up,single,04:50.4
69863754c11c997c89afedf7,928,1,35,left-0,right,left-dark,dark-up,fewer-up,single,04:55.3
5b9efb73d1ff7a00013bfe84,737,1,68,left-8,left,left-dark,light-up,fewer-up,single,04:52.3
63852fbf95d78ba25b99005e,1017,1,22,right-6,left,right-dark,dark-up,fewer-up,single,04:56.5
5b9efb73d1ff7a00013bfe84,451,0,69,right-0,right,right-dark,dark-up,fewer-up,single,04:54.0
69863754c11c997c89afedf7,944,1,36,right-7,left,right-dark,light-up,greater-up,single,04:57.4
63852fbf95d78ba25b99005e,1394,1,23,left-2,left,left-dark,dark-up,greater-up,single,04:59.0
5b9efb73d1ff7a00013bfe84,748,0,70,right-6,right,right-dark,light-up,greater-up,single,04:56.1
69863754c11c997c89afedf7,1008,1,37,left-1,right,left-dark,light-up,greater-up,single,04:59.9
63852fbf95d78ba25b99005e,1372,1,24,right-2,left,right-dark,dark-up,fewer-up,single,05:01.5
5b9efb73d1ff7a00013bfe84,502,1,71,left-0,left,left-dark,light-up,fewer-up,single,04:58.1
69863754c11c997c89afedf7,841,1,38,left-8,left,left-dark,dark-up,greater-up,single,05:01.9
63852fbf95d78ba25b99005e,1136,1,25,right-0,right,right-dark,light-up,fewer-up,single,05:03.8
5b9efb73d1ff7a00013bfe84,530,1,72,right-1,right,right-dark,light-up,fewer-up,single,05:00.0
69863754c11c997c89afedf7,999,1,39,left-9,right,left-dark,light-up,greater-up,single,05:04.1
5b9efb73d1ff7a00013bfe84,502,0,73,right-5,right,right-dark,light-up,greater-up,single,05:01.7
63852fbf95d78ba25b99005e,1009,1,26,right-9,left,right-dark,light-up,greater-up,single,05:06.3
5b9efb73d1ff7a00013bfe84,649,1,74,left-1,left,left-dark,light-up,fewer-up,single,05:03.5
63852fbf95d78ba25b99005e,1170,1,27,left-6,right,left-dark,dark-up,fewer-up,single,05:09.0
5b9efb73d1ff7a00013bfe84,461,1,75,right-6,right,right-dark,light-up,fewer-up,single,05:05.2
69863754c11c997c89afedf7,959,1,40,left-0,left,left-dark,light-up,fewer-up,single,05:08.7
5b9efb73d1ff7a00013bfe84,738,0,76,right-1,right,right-dark,dark-up,fewer-up,single,05:07.3
63852fbf95d78ba25b99005e,892,1,28,left-5,left,left-dark,dark-up,greater-up,single,05:11.2
69863754c11c997c89afedf7,876,1,41,right-8,right,right-dark,light-up,fewer-up,single,05:10.7
5b9efb73d1ff7a00013bfe84,521,1,77,left-5,left,left-dark,dark-up,greater-up,single,05:09.1
63852fbf95d78ba25b99005e,1062,1,29,left-1,right,left-dark,dark-up,fewer-up,single,05:13.7
69863754c11c997c89afedf7,985,1,42,right-1,right,right-dark,light-up,fewer-up,single,05:13.0
5b9efb73d1ff7a00013bfe84,505,0,78,left-6,left,left-dark,light-up,greater-up,single,05:10.9
69863754c11c997c89afedf7,933,1,43,right-0,right,right-dark,light-up,fewer-up,single,05:15.2
63852fbf95d78ba25b99005e,999,1,30,left-9,right,left-dark,light-up,greater-up,single,05:16.1
5b9efb73d1ff7a00013bfe84,659,0,79,right-8,right,right-dark,light-up,greater-up,single,05:12.5
69863754c11c997c89afedf7,1108,1,44,right-9,right,right-dark,light-up,fewer-up,single,05:17.5
63852fbf95d78ba25b99005e,1320,1,31,left-7,left,left-dark,light-up,fewer-up,single,05:18.6
69863754c11c997c89afedf7,1107,1,45,right-4,right,right-dark,light-up,fewer-up,single,05:19.9
63852fbf95d78ba25b99005e,893,1,32,right-4,right,right-dark,light-up,fewer-up,single,05:21.1
69863754c11c997c89afedf7,1058,1,46,left-7,left,left-dark,dark-up,greater-up,single,05:22.2
63852fbf95d78ba25b99005e,1118,1,33,right-3,left,right-dark,dark-up,fewer-up,single,05:23.2
69863754c11c997c89afedf7,984,1,47,left-3,left,left-dark,light-up,fewer-up,single,05:24.4
63852fbf95d78ba25b99005e,1029,1,34,left-8,right,left-dark,dark-up,fewer-up,single,05:25.4
63852fbf95d78ba25b99005e,939,1,35,right-6,left,right-dark,light-up,greater-up,single,05:27.4
69863754c11c997c89afedf7,1276,1,48,left-9,left,left-dark,light-up,fewer-up,single,05:26.7
63852fbf95d78ba25b99005e,981,1,36,left-1,right,left-dark,light-up,greater-up,single,05:29.7
69863754c11c997c89afedf7,992,1,49,right-1,right,right-dark,dark-up,greater-up,single,05:29.2
63852fbf95d78ba25b99005e,747,1,37,left-7,right,left-dark,light-up,greater-up,single,05:31.8
69863754c11c997c89afedf7,1329,1,50,left-0,right,left-dark,light-up,greater-up,single,05:32.0
63852fbf95d78ba25b99005e,822,1,38,right-2,left,right-dark,light-up,greater-up,single,05:33.7
69863754c11c997c89afedf7,853,1,51,left-4,left,left-dark,light-up,fewer-up,single,05:34.3
63852fbf95d78ba25b99005e,791,1,39,left-0,right,left-dark,light-up,greater-up,single,05:35.9
69863754c11c997c89afedf7,1247,1,52,right-1,left,right-dark,light-up,greater-up,single,05:36.9
69863754c11c997c89afedf7,1069,1,53,right-2,left,right-dark,light-up,greater-up,single,05:39.3
63852fbf95d78ba25b99005e,941,0,40,right-3,right,right-dark,light-up,greater-up,single,05:40.3
63852fbf95d78ba25b99005e,788,1,41,left-8,left,left-dark,dark-up,greater-up,single,05:42.4
69863754c11c997c89afedf7,1119,1,54,left-7,right,left-dark,dark-up,fewer-up,single,05:41.6
69606ec5fd842b942ecc6932,1462,1,0,right-9,left,right-dark,dark-up,fewer-up,single,05:43.2
69863754c11c997c89afedf7,1041,1,55,left-7,right,left-dark,light-up,greater-up,single,05:44.2
63852fbf95d78ba25b99005e,1205,1,42,left-2,right,left-dark,light-up,greater-up,single,05:45.0
69606ec5fd842b942ecc6932,1222,1,1,left-9,left,left-dark,dark-up,greater-up,single,05:45.8
63852fbf95d78ba25b99005e,783,1,43,right-3,right,right-dark,dark-up,greater-up,single,05:46.9
69863754c11c997c89afedf7,888,1,56,right-9,left,right-dark,light-up,greater-up,single,05:46.5
69606ec5fd842b942ecc6932,1184,1,2,right-0,right,right-dark,light-up,fewer-up,single,05:48.5
69863754c11c997c89afedf7,937,1,57,left-6,left,left-dark,light-up,fewer-up,single,05:48.8
63852fbf95d78ba25b99005e,1229,1,44,right-1,left,right-dark,light-up,greater-up,single,05:49.5
69606ec5fd842b942ecc6932,1043,1,3,right-7,left,right-dark,light-up,greater-up,single,05:51.2
63852fbf95d78ba25b99005e,842,1,45,left-3,left,left-dark,dark-up,greater-up,single,05:51.7
69863754c11c997c89afedf7,1080,1,58,right-5,right,right-dark,light-up,fewer-up,single,05:51.5
63852fbf95d78ba25b99005e,725,1,46,right-5,left,right-dark,light-up,greater-up,single,05:53.7
69606ec5fd842b942ecc6932,1229,1,4,left-2,left,left-dark,light-up,fewer-up,single,05:53.7
69863754c11c997c89afedf7,998,1,59,left-8,left,left-dark,light-up,fewer-up,single,05:53.7
63852fbf95d78ba25b99005e,787,1,47,right-8,left,right-dark,light-up,greater-up,single,05:55.8
69606ec5fd842b942ecc6932,1432,0,5,right-1,right,right-dark,dark-up,fewer-up,single,05:56.4
63852fbf95d78ba25b99005e,818,1,48,left-1,left,left-dark,dark-up,greater-up,single,05:57.7
69863754c11c997c89afedf7,1114,1,60,left-1,left,left-dark,light-up,fewer-up,single,05:57.8
69606ec5fd842b942ecc6932,944,1,6,right-3,left,right-dark,dark-up,fewer-up,single,05:58.9
63852fbf95d78ba25b99005e,961,1,49,left-4,right,left-dark,dark-up,fewer-up,single,05:59.8
69863754c11c997c89afedf7,1008,1,61,left-3,right,left-dark,dark-up,fewer-up,single,06:00.3
69606ec5fd842b942ecc6932,1245,1,7,left-8,left,left-dark,light-up,fewer-up,single,06:01.5
63852fbf95d78ba25b99005e,NULL,0,50,left-5,none,left-dark,dark-up,fewer-up,single,06:02.5
69863754c11c997c89afedf7,759,1,62,right-3,right,right-dark,dark-up,greater-up,single,06:02.4
69606ec5fd842b942ecc6932,1175,1,8,right-7,left,right-dark,dark-up,fewer-up,single,06:03.7
63852fbf95d78ba25b99005e,934,1,51,left-5,right,left-dark,light-up,greater-up,single,06:05.3
69863754c11c997c89afedf7,817,1,63,right-6,right,right-dark,light-up,fewer-up,single,06:04.6
69606ec5fd842b942ecc6932,1156,0,9,right-4,left,right-dark,dark-up,greater-up,single,06:06.0
63852fbf95d78ba25b99005e,706,1,52,left-0,left,left-dark,dark-up,greater-up,single,06:07.6
69863754c11c997c89afedf7,939,1,64,left-6,right,left-dark,dark-up,fewer-up,single,06:07.0
69606ec5fd842b942ecc6932,1054,1,10,left-5,left,left-dark,dark-up,greater-up,single,06:08.5
63852fbf95d78ba25b99005e,914,1,53,left-7,right,left-dark,dark-up,fewer-up,single,06:09.6
69863754c11c997c89afedf7,837,1,65,right-2,right,right-dark,light-up,fewer-up,single,06:09.0
69606ec5fd842b942ecc6932,1459,1,11,right-1,right,right-dark,dark-up,greater-up,single,06:11.2
69863754c11c997c89afedf7,797,1,66,right-6,right,right-dark,dark-up,greater-up,single,06:10.9
63852fbf95d78ba25b99005e,875,1,54,left-4,right,left-dark,light-up,greater-up,single,06:11.8
69606ec5fd842b942ecc6932,1020,1,12,right-6,left,right-dark,light-up,greater-up,single,06:13.3
69863754c11c997c89afedf7,871,1,67,right-5,left,right-dark,light-up,greater-up,single,06:13.2
63852fbf95d78ba25b99005e,848,1,55,left-4,left,left-dark,light-up,fewer-up,single,06:14.2
69606ec5fd842b942ecc6932,1133,0,13,right-1,left,right-dark,light-up,fewer-up,single,06:15.8
69863754c11c997c89afedf7,721,1,68,right-4,right,right-dark,dark-up,greater-up,single,06:15.4
63852fbf95d78ba25b99005e,675,1,56,right-9,right,right-dark,dark-up,greater-up,single,06:16.4
69606ec5fd842b942ecc6932,1189,1,14,right-5,left,right-dark,dark-up,fewer-up,single,06:18.1
69863754c11c997c89afedf7,1029,1,69,right-7,left,right-dark,dark-up,fewer-up,single,06:17.6
63852fbf95d78ba25b99005e,838,1,57,left-2,right,left-dark,dark-up,fewer-up,single,06:18.6
69606ec5fd842b942ecc6932,1145,1,15,right-3,right,right-dark,light-up,fewer-up,single,06:20.3
69863754c11c997c89afedf7,1024,1,70,right-4,left,right-dark,dark-up,fewer-up,single,06:19.9
63852fbf95d78ba25b99005e,924,0,58,right-6,left,right-dark,light-up,fewer-up,single,06:20.8
600c167e28de48080e812884,NULL,0,0,right-2,none,right-dark,dark-up,fewer-up,single,06:21.3
69863754c11c997c89afedf7,754,1,71,left-9,left,left-dark,dark-up,greater-up,single,06:22.2
63852fbf95d78ba25b99005e,967,1,59,right-2,right,right-dark,light-up,fewer-up,single,06:23.1
69606ec5fd842b942ecc6932,1275,1,16,right-0,left,right-dark,dark-up,fewer-up,single,06:23.0
600c167e28de48080e812884,924,1,1,right-0,right,right-dark,light-up,fewer-up,single,06:24.1
69863754c11c997c89afedf7,789,1,72,left-5,left,left-dark,dark-up,greater-up,single,06:24.2
69606ec5fd842b942ecc6932,1073,1,17,left-4,left,left-dark,light-up,fewer-up,single,06:25.3
600c167e28de48080e812884,717,1,2,right-5,right,right-dark,light-up,fewer-up,single,06:26.3
69863754c11c997c89afedf7,747,1,73,left-6,left,left-dark,dark-up,greater-up,single,06:26.1
69606ec5fd842b942ecc6932,959,1,18,left-0,right,left-dark,dark-up,fewer-up,single,06:27.9
63852fbf95d78ba25b99005e,936,1,60,left-6,left,left-dark,light-up,fewer-up,single,06:28.2
600c167e28de48080e812884,1304,0,3,right-9,left,right-dark,dark-up,greater-up,single,06:29.2
69863754c11c997c89afedf7,935,1,74,left-2,right,left-dark,light-up,greater-up,single,06:28.5
63852fbf95d78ba25b99005e,883,1,61,right-8,left,right-dark,dark-up,fewer-up,single,06:30.4
69606ec5fd842b942ecc6932,1144,0,19,right-7,left,right-dark,dark-up,greater-up,single,06:30.3
600c167e28de48080e812884,1233,0,4,right-7,left,right-dark,dark-up,greater-up,single,06:31.7
69863754c11c997c89afedf7,1099,1,75,right-8,left,right-dark,light-up,greater-up,single,06:30.9
63852fbf95d78ba25b99005e,844,1,62,left-6,left,left-dark,dark-up,greater-up,single,06:32.5
600c167e28de48080e812884,846,1,5,left-8,left,left-dark,dark-up,greater-up,single,06:33.8
69863754c11c997c89afedf7,967,1,76,right-4,left,right-dark,light-up,greater-up,single,06:32.9
63852fbf95d78ba25b99005e,687,1,63,right-5,right,right-dark,dark-up,greater-up,single,06:34.6
600c167e28de48080e812884,751,0,6,right-2,right,right-dark,light-up,greater-up,single,06:36.0
69863754c11c997c89afedf7,961,1,77,left-6,right,left-dark,light-up,greater-up,single,06:35.2
63852fbf95d78ba25b99005e,1245,1,64,right-4,left,right-dark,light-up,greater-up,single,06:37.3
600c167e28de48080e812884,761,0,7,right-9,right,right-dark,dark-up,fewer-up,single,06:38.1
69606ec5fd842b942ecc6932,1634,1,20,left-8,right,left-dark,dark-up,fewer-up,single,06:37.9
69863754c11c997c89afedf7,944,1,78,right-0,left,right-dark,dark-up,fewer-up,single,06:37.5
63852fbf95d78ba25b99005e,744,1,65,left-8,right,left-dark,light-up,greater-up,single,06:39.1
69606ec5fd842b942ecc6932,975,1,21,right-2,right,right-dark,light-up,fewer-up,single,06:40.0
69863754c11c997c89afedf7,855,1,79,right-6,left,right-dark,dark-up,fewer-up,single,06:39.7
600c167e28de48080e812884,1672,0,8,right-3,right,right-dark,dark-up,fewer-up,single,06:41.1
63852fbf95d78ba25b99005e,726,1,66,right-7,left,right-dark,dark-up,fewer-up,single,06:41.2
69606ec5fd842b942ecc6932,1128,0,22,left-9,left,left-dark,light-up,greater-up,single,06:42.4
600c167e28de48080e812884,688,1,9,right-8,right,right-dark,dark-up,greater-up,single,06:43.3
63852fbf95d78ba25b99005e,838,1,67,left-2,left,left-dark,light-up,fewer-up,single,06:43.5
69606ec5fd842b942ecc6932,934,1,23,right-0,left,right-dark,light-up,greater-up,single,06:44.5
600c167e28de48080e812884,677,0,10,right-8,right,right-dark,dark-up,fewer-up,single,06:45.0
63852fbf95d78ba25b99005e,779,1,68,left-8,left,left-dark,light-up,fewer-up,single,06:45.8
600c167e28de48080e812884,985,0,11,left-5,left,left-dark,light-up,greater-up,single,06:47.5
69606ec5fd842b942ecc6932,1349,0,24,right-4,left,right-dark,light-up,fewer-up,single,06:47.3
63852fbf95d78ba25b99005e,685,1,69,left-9,left,left-dark,dark-up,greater-up,single,06:47.9
600c167e28de48080e812884,712,1,12,left-9,left,left-dark,dark-up,greater-up,single,06:49.6
69606ec5fd842b942ecc6932,875,1,25,left-8,left,left-dark,dark-up,greater-up,single,06:49.4
63852fbf95d78ba25b99005e,856,1,70,right-5,left,right-dark,dark-up,fewer-up,single,06:49.8
600c167e28de48080e812884,630,1,13,left-3,left,left-dark,dark-up,greater-up,single,06:51.4
63852fbf95d78ba25b99005e,869,1,71,right-6,right,right-dark,dark-up,greater-up,single,06:51.8
69606ec5fd842b942ecc6932,1075,1,26,left-6,left,left-dark,light-up,fewer-up,single,06:51.7
600c167e28de48080e812884,670,1,14,left-5,left,left-dark,light-up,fewer-up,single,06:53.3
63852fbf95d78ba25b99005e,1378,0,72,left-3,right,left-dark,light-up,fewer-up,single,06:54.4
69606ec5fd842b942ecc6932,1116,1,27,right-8,left,right-dark,light-up,greater-up,single,06:54.3
600c167e28de48080e812884,772,1,15,left-6,left,left-dark,dark-up,greater-up,single,06:55.5
63852fbf95d78ba25b99005e,1182,1,73,right-0,left,right-dark,light-up,greater-up,single,06:57.2
69606ec5fd842b942ecc6932,1353,1,28,left-7,left,left-dark,dark-up,greater-up,single,06:57.1
600c167e28de48080e812884,786,0,16,left-8,left,left-dark,light-up,greater-up,single,06:57.4
63852fbf95d78ba25b99005e,910,1,74,left-1,left,left-dark,light-up,fewer-up,single,06:59.3
69606ec5fd842b942ecc6932,1406,1,29,left-7,right,left-dark,dark-up,fewer-up,single,06:59.6
600c167e28de48080e812884,1182,1,17,left-9,left,left-dark,light-up,fewer-up,single,07:00.1
63852fbf95d78ba25b99005e,977,1,75,left-3,right,left-dark,light-up,greater-up,single,07:01.6
69606ec5fd842b942ecc6932,1148,1,30,left-5,left,left-dark,light-up,fewer-up,single,07:01.8
600c167e28de48080e812884,987,0,18,right-3,right,right-dark,light-up,greater-up,single,07:02.5
63852fbf95d78ba25b99005e,1227,1,76,left-9,left,left-dark,light-up,fewer-up,single,07:04.3
600c167e28de48080e812884,861,1,19,right-0,right,right-dark,dark-up,greater-up,single,07:04.7
69606ec5fd842b942ecc6932,1340,1,31,left-6,left,left-dark,dark-up,greater-up,single,07:04.6
63852fbf95d78ba25b99005e,859,1,77,right-5,right,right-dark,light-up,fewer-up,single,07:06.4
69606ec5fd842b942ecc6932,1077,1,32,left-2,right,left-dark,dark-up,fewer-up,single,07:06.8
63852fbf95d78ba25b99005e,818,1,78,right-4,right,right-dark,dark-up,greater-up,single,07:08.4
69606ec5fd842b942ecc6932,840,1,33,left-1,right,left-dark,light-up,greater-up,single,07:08.8
63852fbf95d78ba25b99005e,725,1,79,right-4,left,right-dark,dark-up,fewer-up,single,07:10.6
69606ec5fd842b942ecc6932,926,1,34,left-7,right,left-dark,light-up,greater-up,single,07:11.2
69606ec5fd842b942ecc6932,1066,1,35,right-3,left,right-dark,light-up,greater-up,single,07:13.6
69606ec5fd842b942ecc6932,860,1,36,right-4,left,right-dark,light-up,greater-up,single,07:15.7
573b8bc2f3580b0006ce0986,1346,1,0,left-2,right,left-dark,light-up,greater-up,single,07:16.6
69606ec5fd842b942ecc6932,962,1,37,left-9,right,left-dark,dark-up,fewer-up,single,07:18.1
573b8bc2f3580b0006ce0986,1039,1,1,left-0,right,left-dark,light-up,greater-up,single,07:19.0
69606ec5fd842b942ecc6932,980,1,38,left-3,right,left-dark,dark-up,fewer-up,single,07:20.4
573b8bc2f3580b0006ce0986,825,1,2,left-4,left,left-dark,light-up,fewer-up,single,07:21.3
69606ec5fd842b942ecc6932,948,1,39,left-4,right,left-dark,light-up,greater-up,single,07:22.8
573b8bc2f3580b0006ce0986,1087,1,3,right-5,right,right-dark,dark-up,greater-up,single,07:23.7
573b8bc2f3580b0006ce0986,1310,0,4,right-8,left,right-dark,light-up,fewer-up,single,07:26.5
69606ec5fd842b942ecc6932,1073,1,40,left-0,right,left-dark,light-up,greater-up,single,07:28.2
573b8bc2f3580b0006ce0986,945,1,5,left-2,left,left-dark,dark-up,greater-up,single,07:28.8
67a5c89e37476046227e6616,NULL,0,0,left-3,none,left-dark,light-up,fewer-up,single,07:31.2
69606ec5fd842b942ecc6932,1365,1,41,right-9,left,right-dark,light-up,greater-up,single,07:30.9
573b8bc2f3580b0006ce0986,1001,1,6,right-7,right,right-dark,dark-up,greater-up,single,07:31.3
69606ec5fd842b942ecc6932,1006,1,42,left-1,right,left-dark,dark-up,fewer-up,single,07:33.2
67a5c89e37476046227e6616,1435,1,1,left-4,right,left-dark,light-up,greater-up,single,07:34.3
573b8bc2f3580b0006ce0986,916,1,7,right-2,right,right-dark,dark-up,greater-up,single,07:33.5
69606ec5fd842b942ecc6932,947,1,43,left-8,right,left-dark,light-up,greater-up,single,07:35.3
573b8bc2f3580b0006ce0986,1130,1,8,left-2,left,left-dark,light-up,fewer-up,single,07:35.8
67a5c89e37476046227e6616,1297,1,2,right-6,right,right-dark,light-up,fewer-up,single,07:37.1
69606ec5fd842b942ecc6932,894,1,44,right-2,right,right-dark,dark-up,greater-up,single,07:37.4
573b8bc2f3580b0006ce0986,1192,1,9,left-0,left,left-dark,light-up,fewer-up,single,07:38.2
67a5c89e37476046227e6616,1320,1,3,left-0,left,left-dark,light-up,fewer-up,single,07:39.5
69606ec5fd842b942ecc6932,885,1,45,left-3,right,left-dark,light-up,greater-up,single,07:39.5
573b8bc2f3580b0006ce0986,1130,1,10,right-8,left,right-dark,dark-up,fewer-up,single,07:40.4
67a5c89e37476046227e6616,1456,1,4,left-9,right,left-dark,light-up,greater-up,single,07:42.3
69606ec5fd842b942ecc6932,1035,1,46,right-0,right,right-dark,dark-up,greater-up,single,07:41.6
573b8bc2f3580b0006ce0986,1061,1,11,right-3,right,right-dark,dark-up,greater-up,single,07:43.0
69606ec5fd842b942ecc6932,767,1,47,right-8,right,right-dark,dark-up,greater-up,single,07:43.6
67a5c89e37476046227e6616,1041,1,5,left-2,right,left-dark,dark-up,fewer-up,single,07:44.9
573b8bc2f3580b0006ce0986,919,1,12,right-0,right,right-dark,dark-up,greater-up,single,07:45.1
69606ec5fd842b942ecc6932,809,1,48,right-5,right,right-dark,dark-up,greater-up,single,07:45.8
698caa3dd8c53ba869e20089,658,0,0,left-1,right,left-dark,dark-up,greater-up,single,07:46.9
67a5c89e37476046227e6616,1499,1,6,left-7,right,left-dark,light-up,greater-up,single,07:48.0
573b8bc2f3580b0006ce0986,1190,1,13,right-3,left,right-dark,dark-up,fewer-up,single,07:47.5
69606ec5fd842b942ecc6932,1219,1,49,left-4,right,left-dark,dark-up,fewer-up,single,07:48.6
698caa3dd8c53ba869e20089,809,0,1,right-1,right,right-dark,light-up,greater-up,single,07:49.2
573b8bc2f3580b0006ce0986,1178,1,14,left-7,left,left-dark,dark-up,greater-up,single,07:49.8
67a5c89e37476046227e6616,1415,1,7,left-7,right,left-dark,dark-up,fewer-up,single,07:50.8
69606ec5fd842b942ecc6932,1337,1,50,right-7,right,right-dark,light-up,fewer-up,single,07:51.1
698caa3dd8c53ba869e20089,922,1,2,right-7,left,right-dark,light-up,greater-up,single,07:51.6
69abace8fe8e1c23cb4aae7f,1547,1,0,right-4,left,right-dark,dark-up,fewer-up,single,07:53.7
573b8bc2f3580b0006ce0986,1026,1,15,left-0,right,left-dark,dark-up,fewer-up,single,07:52.1
67a5c89e37476046227e6616,1404,1,8,left-5,right,left-dark,light-up,greater-up,single,07:53.5
69606ec5fd842b942ecc6932,924,1,51,right-8,left,right-dark,dark-up,fewer-up,single,07:53.4
698caa3dd8c53ba869e20089,1138,0,3,left-3,right,left-dark,light-up,fewer-up,single,07:53.8
69abace8fe8e1c23cb4aae7f,1171,1,1,right-3,right,right-dark,dark-up,greater-up,single,07:56.1
573b8bc2f3580b0006ce0986,1054,1,16,right-0,left,right-dark,light-up,greater-up,single,07:54.4
67a5c89e37476046227e6616,1478,1,9,right-5,right,right-dark,light-up,fewer-up,single,07:56.5
69606ec5fd842b942ecc6932,1286,1,52,right-1,left,right-dark,light-up,greater-up,single,07:55.9
698caa3dd8c53ba869e20089,1238,0,4,left-5,right,left-dark,light-up,fewer-up,single,07:56.2
573b8bc2f3580b0006ce0986,1105,0,17,left-5,left,left-dark,dark-up,fewer-up,single,07:56.8
69abace8fe8e1c23cb4aae7f,1249,1,2,left-8,left,left-dark,dark-up,greater-up,single,07:58.7
69606ec5fd842b942ecc6932,862,1,53,left-6,right,left-dark,light-up,greater-up,single,07:58.2
698caa3dd8c53ba869e20089,817,1,5,right-0,left,right-dark,dark-up,fewer-up,single,07:58.3
67a5c89e37476046227e6616,1665,1,10,right-0,left,right-dark,light-up,greater-up,single,07:59.6
69abace8fe8e1c23cb4aae7f,950,1,3,right-9,right,right-dark,dark-up,greater-up,single,08:00.9
573b8bc2f3580b0006ce0986,918,1,18,left-4,left,left-dark,dark-up,greater-up,single,07:59.2
69606ec5fd842b942ecc6932,1025,1,54,left-3,left,left-dark,light-up,fewer-up,single,08:00.3
698caa3dd8c53ba869e20089,794,0,6,right-2,left,right-dark,light-up,fewer-up,single,08:00.6
67a5c89e37476046227e6616,1260,1,11,right-3,left,right-dark,dark-up,fewer-up,single,08:02.0
69abace8fe8e1c23cb4aae7f,978,1,4,left-0,left,left-dark,dark-up,greater-up,single,08:03.0
573b8bc2f3580b0006ce0986,1300,1,19,left-9,left,left-dark,light-up,fewer-up,single,08:01.7
698caa3dd8c53ba869e20089,1204,1,7,left-3,right,left-dark,light-up,greater-up,single,08:02.9
69606ec5fd842b942ecc6932,1247,1,55,left-1,left,left-dark,dark-up,greater-up,single,08:03.1
69abace8fe8e1c23cb4aae7f,1447,1,5,left-1,left,left-dark,dark-up,greater-up,single,08:05.8
67a5c89e37476046227e6616,1648,1,12,left-1,left,left-dark,dark-up,greater-up,single,08:04.9
698caa3dd8c53ba869e20089,1059,1,8,right-7,right,right-dark,dark-up,greater-up,single,08:05.1
69606ec5fd842b942ecc6932,874,1,56,right-9,right,right-dark,light-up,fewer-up,single,08:05.2
67a5c89e37476046227e6616,1101,1,13,right-6,right,right-dark,dark-up,greater-up,single,08:07.3
69abace8fe8e1c23cb4aae7f,1233,1,6,left-8,left,left-dark,light-up,fewer-up,single,08:08.5
69606ec5fd842b942ecc6932,1096,1,57,left-5,right,left-dark,dark-up,fewer-up,single,08:07.3
698caa3dd8c53ba869e20089,1097,1,9,right-1,right,right-dark,dark-up,greater-up,single,08:07.3
69abace8fe8e1c23cb4aae7f,981,1,7,right-9,left,right-dark,light-up,greater-up,single,08:11.0
67a5c89e37476046227e6616,1602,1,14,left-1,right,left-dark,light-up,greater-up,single,08:10.0
698caa3dd8c53ba869e20089,790,0,10,left-6,left,left-dark,light-up,greater-up,single,08:09.5
69606ec5fd842b942ecc6932,1117,1,58,right-6,right,right-dark,light-up,fewer-up,single,08:10.0
600c167e28de48080e812884,NULL,0,20,left-3,none,left-dark,light-up,greater-up,single,08:11.5
67a5c89e37476046227e6616,1174,1,15,right-4,left,right-dark,dark-up,fewer-up,single,08:12.3
69abace8fe8e1c23cb4aae7f,950,1,8,right-6,left,right-dark,light-up,greater-up,single,08:13.4
698caa3dd8c53ba869e20089,919,1,11,right-1,right,right-dark,light-up,fewer-up,single,08:11.8
69606ec5fd842b942ecc6932,1417,1,59,left-6,right,left-dark,dark-up,fewer-up,single,08:12.8
600c167e28de48080e812884,688,0,21,right-9,right,right-dark,light-up,greater-up,single,08:14.2
67a5c89e37476046227e6616,1511,1,16,left-5,left,left-dark,light-up,fewer-up,single,08:14.9
698caa3dd8c53ba869e20089,1018,0,12,left-2,left,left-dark,dark-up,fewer-up,single,08:14.0
69abace8fe8e1c23cb4aae7f,1471,1,9,right-2,right,right-dark,dark-up,greater-up,single,08:16.0
573b8bc2f3580b0006ce0986,1160,1,20,left-3,right,left-dark,dark-up,fewer-up,single,08:15.9
698caa3dd8c53ba869e20089,881,0,13,left-7,left,left-dark,dark-up,fewer-up,single,08:16.1
69abace8fe8e1c23cb4aae7f,818,1,10,right-6,right,right-dark,dark-up,greater-up,single,08:18.0
600c167e28de48080e812884,1286,1,22,right-1,left,right-dark,light-up,greater-up,single,08:17.1
67a5c89e37476046227e6616,1597,1,17,right-8,left,right-dark,light-up,greater-up,single,08:18.0
69606ec5fd842b942ecc6932,872,1,60,right-6,right,right-dark,dark-up,greater-up,single,08:17.4
573b8bc2f3580b0006ce0986,1180,1,21,right-8,right,right-dark,dark-up,greater-up,single,08:18.2
698caa3dd8c53ba869e20089,1056,1,14,right-6,right,right-dark,dark-up,greater-up,single,08:18.6
600c167e28de48080e812884,841,0,23,left-5,left,left-dark,dark-up,fewer-up,single,08:19.0
69abace8fe8e1c23cb4aae7f,1676,1,11,right-1,left,right-dark,light-up,greater-up,single,08:20.9
69606ec5fd842b942ecc6932,NULL,0,61,right-2,none,right-dark,light-up,greater-up,single,08:20.0
67a5c89e37476046227e6616,1549,1,18,right-3,left,right-dark,light-up,greater-up,single,08:21.0
573b8bc2f3580b0006ce0986,1049,1,22,left-4,right,left-dark,dark-up,fewer-up,single,08:20.5
600c167e28de48080e812884,708,1,24,right-4,right,right-dark,light-up,fewer-up,single,08:20.9
698caa3dd8c53ba869e20089,963,1,15,left-9,left,left-dark,dark-up,greater-up,single,08:21.0
69abace8fe8e1c23cb4aae7f,1262,1,12,right-7,right,right-dark,light-up,fewer-up,single,08:23.6
573b8bc2f3580b0006ce0986,827,1,23,left-1,left,left-dark,light-up,fewer-up,single,08:22.7
600c167e28de48080e812884,907,0,25,left-6,left,left-dark,light-up,greater-up,single,08:23.1
69606ec5fd842b942ecc6932,963,1,62,right-9,right,right-dark,dark-up,greater-up,single,08:22.8
67a5c89e37476046227e6616,1327,1,19,right-1,left,right-dark,dark-up,fewer-up,single,08:23.7
698caa3dd8c53ba869e20089,946,0,16,right-6,left,right-dark,light-up,fewer-up,single,08:23.4
69abace8fe8e1c23cb4aae7f,955,1,13,right-4,left,right-dark,light-up,greater-up,single,08:25.8
69606ec5fd842b942ecc6932,796,1,63,left-5,right,left-dark,light-up,greater-up,single,08:24.7
600c167e28de48080e812884,718,1,26,left-0,left,left-dark,dark-up,greater-up,single,08:25.3
573b8bc2f3580b0006ce0986,1196,1,24,right-4,left,right-dark,dark-up,fewer-up,single,08:25.2
698caa3dd8c53ba869e20089,696,1,17,left-2,left,left-dark,dark-up,greater-up,single,08:25.4
69abace8fe8e1c23cb4aae7f,795,0,14,left-1,right,left-dark,light-up,fewer-up,single,08:27.8
69606ec5fd842b942ecc6932,895,1,64,left-3,left,left-dark,dark-up,greater-up,single,08:26.9
698caa3dd8c53ba869e20089,553,1,18,left-5,left,left-dark,dark-up,greater-up,single,08:27.0
600c167e28de48080e812884,580,0,27,left-4,left,left-dark,light-up,greater-up,single,08:27.5
573b8bc2f3580b0006ce0986,1023,1,25,right-0,left,right-dark,dark-up,fewer-up,single,08:27.3
698caa3dd8c53ba869e20089,495,0,19,right-8,right,right-dark,dark-up,fewer-up,single,08:28.8
69abace8fe8e1c23cb4aae7f,1740,1,15,left-7,right,left-dark,light-up,greater-up,single,08:30.7
69606ec5fd842b942ecc6932,801,1,65,left-4,left,left-dark,dark-up,greater-up,single,08:29.0
600c167e28de48080e812884,814,1,28,right-2,right,right-dark,light-up,fewer-up,single,08:29.8
573b8bc2f3580b0006ce0986,997,1,26,left-8,right,left-dark,light-up,greater-up,single,08:29.7
69606ec5fd842b942ecc6932,987,0,66,left-7,right,left-dark,light-up,fewer-up,single,08:31.1
69abace8fe8e1c23cb4aae7f,1294,1,16,left-2,left,left-dark,dark-up,greater-up,single,08:33.3
600c167e28de48080e812884,848,1,29,right-1,right,right-dark,dark-up,greater-up,single,08:32.1
573b8bc2f3580b0006ce0986,1071,1,27,left-7,left,left-dark,light-up,fewer-up,single,08:32.0
69606ec5fd842b942ecc6932,797,1,67,left-2,right,left-dark,light-up,greater-up,single,08:33.4
69abace8fe8e1c23cb4aae7f,1356,1,17,right-2,right,right-dark,light-up,fewer-up,single,08:35.9
600c167e28de48080e812884,860,0,30,right-6,right,right-dark,dark-up,fewer-up,single,08:34.6
573b8bc2f3580b0006ce0986,1338,1,28,right-5,right,right-dark,light-up,fewer-up,single,08:34.6
698caa3dd8c53ba869e20089,778,0,20,left-5,left,left-dark,light-up,greater-up,single,08:35.5
69606ec5fd842b942ecc6932,1315,1,68,right-8,right,right-dark,light-up,fewer-up,single,08:35.9
600c167e28de48080e812884,615,0,31,left-0,left,left-dark,light-up,greater-up,single,08:36.6
69abace8fe8e1c23cb4aae7f,1170,0,18,left-2,left,left-dark,light-up,greater-up,single,08:38.2
573b8bc2f3580b0006ce0986,992,1,29,left-1,left,left-dark,dark-up,greater-up,single,08:36.9
698caa3dd8c53ba869e20089,314,1,21,left-4,left,left-dark,light-up,fewer-up,single,08:37.2
67a5c89e37476046227e6616,NULL,0,20,left-3,none,left-dark,dark-up,fewer-up,single,08:38.2
69606ec5fd842b942ecc6932,1062,1,69,right-2,left,right-dark,dark-up,fewer-up,single,08:38.3
600c167e28de48080e812884,966,1,32,right-7,right,right-dark,light-up,fewer-up,single,08:38.9
69abace8fe8e1c23cb4aae7f,1372,1,19,left-7,left,left-dark,light-up,fewer-up,single,08:40.6
573b8bc2f3580b0006ce0986,1098,1,30,right-3,right,right-dark,light-up,fewer-up,single,08:39.4
698caa3dd8c53ba869e20089,934,1,22,left-8,left,left-dark,dark-up,greater-up,single,08:39.7
67a5c89e37476046227e6616,1477,1,21,left-5,left,left-dark,dark-up,greater-up,single,08:41.1
600c167e28de48080e812884,684,0,33,right-5,right,right-dark,dark-up,fewer-up,single,08:40.7
69606ec5fd842b942ecc6932,1008,1,70,left-2,left,left-dark,dark-up,greater-up,single,08:40.8
573b8bc2f3580b0006ce0986,1158,1,31,right-9,left,right-dark,light-up,greater-up,single,08:42.0
698caa3dd8c53ba869e20089,1052,1,23,right-8,right,right-dark,light-up,fewer-up,single,08:42.0
600c167e28de48080e812884,662,0,34,left-6,left,left-dark,dark-up,fewer-up,single,08:42.7
67a5c89e37476046227e6616,1287,1,22,right-7,right,right-dark,light-up,fewer-up,single,08:43.8
69606ec5fd842b942ecc6932,1287,1,71,right-6,left,right-dark,dark-up,fewer-up,single,08:43.5
573b8bc2f3580b0006ce0986,1085,1,32,left-7,right,left-dark,dark-up,fewer-up,single,08:44.4
698caa3dd8c53ba869e20089,1196,0,24,right-9,right,right-dark,light-up,greater-up,single,08:44.3
600c167e28de48080e812884,920,0,35,right-4,right,right-dark,dark-up,fewer-up,single,08:44.9
69abace8fe8e1c23cb4aae7f,NULL,0,20,left-7,none,left-dark,dark-up,fewer-up,single,08:47.2
67a5c89e37476046227e6616,1372,1,23,left-4,left,left-dark,dark-up,greater-up,single,08:46.4
69606ec5fd842b942ecc6932,1279,1,72,right-5,right,right-dark,light-up,fewer-up,single,08:46.0
573b8bc2f3580b0006ce0986,1143,1,33,left-2,right,left-dark,dark-up,fewer-up,single,08:46.7
600c167e28de48080e812884,1113,1,36,left-4,left,left-dark,light-up,fewer-up,single,08:47.1
698caa3dd8c53ba869e20089,1103,1,25,left-6,left,left-dark,light-up,fewer-up,single,08:46.7
67a5c89e37476046227e6616,1248,1,24,right-8,right,right-dark,light-up,fewer-up,single,08:49.0
69606ec5fd842b942ecc6932,1080,1,73,left-0,left,left-dark,light-up,fewer-up,single,08:48.1
600c167e28de48080e812884,729,1,37,left-1,left,left-dark,light-up,fewer-up,single,08:48.9
573b8bc2f3580b0006ce0986,1066,1,34,right-5,left,right-dark,dark-up,fewer-up,single,08:48.8
698caa3dd8c53ba869e20089,982,0,26,right-4,right,right-dark,light-up,greater-up,single,08:48.8
69abace8fe8e1c23cb4aae7f,1667,1,21,right-5,right,right-dark,light-up,fewer-up,single,08:50.8
69606ec5fd842b942ecc6932,922,1,74,left-1,left,left-dark,light-up,fewer-up,single,08:50.4
67a5c89e37476046227e6616,1419,1,25,left-9,left,left-dark,light-up,fewer-up,single,08:51.4
600c167e28de48080e812884,928,0,38,right-5,right,right-dark,light-up,greater-up,single,08:50.9
698caa3dd8c53ba869e20089,768,1,27,left-1,left,left-dark,light-up,fewer-up,single,08:50.9
573b8bc2f3580b0006ce0986,970,1,35,left-7,right,left-dark,light-up,greater-up,single,08:51.1
69abace8fe8e1c23cb4aae7f,935,1,22,right-0,left,right-dark,light-up,greater-up,single,08:53.2
69606ec5fd842b942ecc6932,1082,1,75,right-5,left,right-dark,light-up,greater-up,single,08:52.6
67a5c89e37476046227e6616,1082,1,26,left-2,left,left-dark,light-up,fewer-up,single,08:53.6
698caa3dd8c53ba869e20089,855,1,28,right-4,right,right-dark,light-up,fewer-up,single,08:52.9
600c167e28de48080e812884,1466,0,39,right-0,right,right-dark,dark-up,fewer-up,single,08:53.5
573b8bc2f3580b0006ce0986,1157,1,36,right-4,left,right-dark,light-up,greater-up,single,08:53.4
69abace8fe8e1c23cb4aae7f,1366,0,23,right-5,right,right-dark,dark-up,fewer-up,single,08:55.8
69606ec5fd842b942ecc6932,938,1,76,left-9,left,left-dark,light-up,fewer-up,single,08:55.0
698caa3dd8c53ba869e20089,706,1,29,left-0,left,left-dark,dark-up,greater-up,single,08:55.1
67a5c89e37476046227e6616,1359,1,27,right-7,right,right-dark,dark-up,greater-up,single,08:56.3
573b8bc2f3580b0006ce0986,1754,1,37,right-9,right,right-dark,light-up,fewer-up,single,08:56.3
698caa3dd8c53ba869e20089,761,1,30,right-0,right,right-dark,light-up,fewer-up,single,08:56.9
69abace8fe8e1c23cb4aae7f,1700,1,24,left-0,left,left-dark,light-up,fewer-up,single,08:58.8
69606ec5fd842b942ecc6932,911,1,77,right-4,left,right-dark,dark-up,fewer-up,single,08:57.2
67a5c89e37476046227e6616,1415,1,28,left-7,left,left-dark,dark-up,greater-up,single,08:58.8
573b8bc2f3580b0006ce0986,955,0,38,right-6,right,right-dark,light-up,greater-up,single,08:58.3
698caa3dd8c53ba869e20089,822,1,31,right-5,right,right-dark,dark-up,greater-up,single,08:59.0
69abace8fe8e1c23cb4aae7f,1062,1,25,left-9,left,left-dark,dark-up,greater-up,single,09:00.9
69606ec5fd842b942ecc6932,882,1,78,left-0,left,left-dark,dark-up,greater-up,single,08:59.5
67a5c89e37476046227e6616,1064,1,29,right-9,right,right-dark,dark-up,greater-up,single,09:01.0
573b8bc2f3580b0006ce0986,1069,1,39,left-8,left,left-dark,dark-up,greater-up,single,09:00.8
698caa3dd8c53ba869e20089,895,0,32,left-7,right,left-dark,dark-up,greater-up,single,09:01.2
69abace8fe8e1c23cb4aae7f,1216,1,26,left-8,right,left-dark,light-up,greater-up,single,09:03.2
69606ec5fd842b942ecc6932,855,1,79,right-3,right,right-dark,dark-up,greater-up,single,09:01.8
67a5c89e37476046227e6616,1299,1,30,left-9,left,left-dark,dark-up,greater-up,single,09:03.6
600c167e28de48080e812884,752,1,40,left-0,left,left-dark,light-up,fewer-up,single,09:03.9
698caa3dd8c53ba869e20089,977,0,33,right-3,right,right-dark,light-up,greater-up,single,09:03.6
69abace8fe8e1c23cb4aae7f,1171,1,27,left-3,right,left-dark,light-up,greater-up,single,09:05.6
67a5c89e37476046227e6616,1171,1,31,left-2,right,left-dark,light-up,greater-up,single,09:05.8
698caa3dd8c53ba869e20089,704,0,34,left-1,left,left-dark,light-up,greater-up,single,09:05.7
600c167e28de48080e812884,606,1,41,left-2,left,left-dark,light-up,fewer-up,single,09:06.1
69abace8fe8e1c23cb4aae7f,902,1,28,left-6,right,left-dark,light-up,greater-up,single,09:07.7
67a5c89e37476046227e6616,1166,1,32,left-0,left,left-dark,dark-up,greater-up,single,09:08.3
573b8bc2f3580b0006ce0986,1086,1,40,right-6,right,right-dark,dark-up,greater-up,single,09:07.5
600c167e28de48080e812884,587,1,42,right-6,right,right-dark,light-up,fewer-up,single,09:08.2
698caa3dd8c53ba869e20089,808,0,35,left-0,left,left-dark,dark-up,fewer-up,single,09:07.9
69abace8fe8e1c23cb4aae7f,1230,1,29,left-2,left,left-dark,light-up,fewer-up,single,09:10.1
600c167e28de48080e812884,546,0,43,left-1,left,left-dark,dark-up,fewer-up,single,09:09.7
573b8bc2f3580b0006ce0986,1154,1,41,right-4,right,right-dark,light-up,fewer-up,single,09:09.8
67a5c89e37476046227e6616,1133,1,33,right-6,left,right-dark,light-up,greater-up,single,09:10.8
698caa3dd8c53ba869e20089,528,0,36,right-6,right,right-dark,dark-up,fewer-up,single,09:09.9
69abace8fe8e1c23cb4aae7f,1296,1,30,left-0,right,left-dark,dark-up,fewer-up,single,09:12.4
600c167e28de48080e812884,665,1,44,right-1,right,right-dark,light-up,fewer-up,single,09:11.6
698caa3dd8c53ba869e20089,957,1,37,right-9,right,right-dark,light-up,fewer-up,single,09:12.1
573b8bc2f3580b0006ce0986,1088,1,42,right-9,left,right-dark,dark-up,fewer-up,single,09:12.3
69abace8fe8e1c23cb4aae7f,810,1,31,left-7,left,left-dark,dark-up,greater-up,single,09:14.3
67a5c89e37476046227e6616,1378,1,34,left-4,left,left-dark,light-up,fewer-up,single,09:13.4
600c167e28de48080e812884,642,0,45,left-4,left,left-dark,dark-up,fewer-up,single,09:13.4
698caa3dd8c53ba869e20089,808,1,38,left-0,left,left-dark,light-up,fewer-up,single,09:14.4
69abace8fe8e1c23cb4aae7f,1010,1,32,left-3,left,left-dark,dark-up,greater-up,single,09:16.5
573b8bc2f3580b0006ce0986,1170,1,43,left-3,left,left-dark,dark-up,greater-up,single,09:14.9
600c167e28de48080e812884,777,1,46,right-9,right,right-dark,light-up,fewer-up,single,09:15.3
67a5c89e37476046227e6616,1142,1,35,left-8,left,left-dark,dark-up,greater-up,single,09:15.9
698caa3dd8c53ba869e20089,665,1,39,right-4,right,right-dark,dark-up,greater-up,single,09:16.1
600c167e28de48080e812884,588,0,47,left-2,left,left-dark,dark-up,fewer-up,single,09:16.9
573b8bc2f3580b0006ce0986,877,1,44,left-4,right,left-dark,light-up,greater-up,single,09:17.1
69abace8fe8e1c23cb4aae7f,1697,1,33,right-1,left,right-dark,dark-up,fewer-up,single,09:19.6
600c167e28de48080e812884,509,0,48,left-1,left,left-dark,light-up,greater-up,single,09:18.5
67a5c89e37476046227e6616,1696,1,36,right-7,left,right-dark,dark-up,fewer-up,single,09:19.1
573b8bc2f3580b0006ce0986,1684,0,45,left-6,left,left-dark,light-up,greater-up,single,09:20.0
600c167e28de48080e812884,626,0,49,right-7,right,right-dark,light-up,greater-up,single,09:20.4
69abace8fe8e1c23cb4aae7f,1649,1,34,right-7,left,right-dark,dark-up,fewer-up,single,09:22.4
67a5c89e37476046227e6616,1252,1,37,right-4,left,right-dark,light-up,greater-up,single,09:21.9
600c167e28de48080e812884,581,1,50,left-7,left,left-dark,light-up,fewer-up,single,09:22.2
573b8bc2f3580b0006ce0986,866,1,46,left-1,right,left-dark,light-up,greater-up,single,09:22.4
698caa3dd8c53ba869e20089,880,0,40,left-4,left,left-dark,dark-up,fewer-up,single,09:22.6
69abace8fe8e1c23cb4aae7f,958,1,35,right-3,left,right-dark,light-up,greater-up,single,09:24.7
67a5c89e37476046227e6616,1207,1,38,left-3,left,left-dark,dark-up,greater-up,single,09:24.4
600c167e28de48080e812884,568,0,51,left-0,left,left-dark,dark-up,fewer-up,single,09:24.0
698caa3dd8c53ba869e20089,732,1,41,left-5,right,left-dark,dark-up,fewer-up,single,09:24.4
573b8bc2f3580b0006ce0986,1279,1,47,right-5,left,right-dark,light-up,greater-up,single,09:25.0
600c167e28de48080e812884,518,1,52,right-5,right,right-dark,dark-up,greater-up,single,09:25.9
69abace8fe8e1c23cb4aae7f,1429,1,36,left-3,left,left-dark,light-up,fewer-up,single,09:27.6
67a5c89e37476046227e6616,1038,1,39,right-5,right,right-dark,dark-up,greater-up,single,09:27.0
698caa3dd8c53ba869e20089,749,1,42,right-5,right,right-dark,light-up,fewer-up,single,09:26.3
573b8bc2f3580b0006ce0986,850,1,48,right-7,left,right-dark,light-up,greater-up,single,09:26.9
600c167e28de48080e812884,514,0,53,left-9,left,left-dark,dark-up,fewer-up,single,09:27.9
69abace8fe8e1c23cb4aae7f,1220,1,37,right-1,right,right-dark,light-up,fewer-up,single,09:30.2
698caa3dd8c53ba869e20089,976,1,43,left-8,right,left-dark,light-up,greater-up,single,09:28.6
573b8bc2f3580b0006ce0986,972,1,49,right-2,right,right-dark,light-up,fewer-up,single,09:29.4
600c167e28de48080e812884,569,0,54,left-8,left,left-dark,dark-up,fewer-up,single,09:30.0
69abace8fe8e1c23cb4aae7f,1173,1,38,right-9,right,right-dark,light-up,fewer-up,single,09:32.4
698caa3dd8c53ba869e20089,939,0,44,left-9,left,left-dark,dark-up,fewer-up,single,09:30.6
600c167e28de48080e812884,637,1,55,right-3,right,right-dark,dark-up,greater-up,single,09:31.7
573b8bc2f3580b0006ce0986,1107,1,50,left-5,right,left-dark,light-up,greater-up,single,09:32.0
698caa3dd8c53ba869e20089,443,0,45,right-6,right,right-dark,light-up,greater-up,single,09:32.5
69abace8fe8e1c23cb4aae7f,722,1,39,right-4,right,right-dark,dark-up,greater-up,single,09:34.5
600c167e28de48080e812884,551,0,56,left-2,left,left-dark,light-up,greater-up,single,09:33.7
698caa3dd8c53ba869e20089,301,0,46,right-4,right,right-dark,dark-up,fewer-up,single,09:34.0
67a5c89e37476046227e6616,1532,1,40,left-6,right,left-dark,dark-up,fewer-up,single,09:35.1
573b8bc2f3580b0006ce0986,916,1,51,left-9,right,left-dark,light-up,greater-up,single,09:34.2
600c167e28de48080e812884,462,0,57,left-9,left,left-dark,light-up,greater-up,single,09:35.3
698caa3dd8c53ba869e20089,823,0,47,right-2,right,right-dark,dark-up,fewer-up,single,09:35.9
573b8bc2f3580b0006ce0986,1085,1,52,right-4,right,right-dark,dark-up,greater-up,single,09:36.6
600c167e28de48080e812884,459,0,58,left-7,left,left-dark,light-up,greater-up,single,09:37.1
67a5c89e37476046227e6616,1497,1,41,right-8,right,right-dark,dark-up,greater-up,single,09:38.0
698caa3dd8c53ba869e20089,473,1,48,left-7,left,left-dark,light-up,fewer-up,single,09:37.4
69abace8fe8e1c23cb4aae7f,1704,1,40,right-3,right,right-dark,light-up,fewer-up,single,09:40.3
573b8bc2f3580b0006ce0986,876,1,53,right-8,left,right-dark,light-up,greater-up,single,09:38.7
600c167e28de48080e812884,968,0,59,right-1,right,right-dark,dark-up,fewer-up,single,09:39.4
698caa3dd8c53ba869e20089,741,0,49,right-2,right,right-dark,light-up,greater-up,single,09:39.5
67a5c89e37476046227e6616,1177,1,42,left-8,right,left-dark,light-up,greater-up,single,09:40.6
69abace8fe8e1c23cb4aae7f,NULL,0,41,left-2,none,left-dark,dark-up,fewer-up,single,09:42.7
573b8bc2f3580b0006ce0986,861,1,54,right-3,left,right-dark,light-up,greater-up,single,09:41.1
698caa3dd8c53ba869e20089,320,1,50,left-4,left,left-dark,dark-up,greater-up,single,09:41.0
67a5c89e37476046227e6616,1381,1,43,left-6,left,left-dark,dark-up,greater-up,single,09:43.2
698caa3dd8c53ba869e20089,585,0,51,left-2,left,left-dark,light-up,greater-up,single,09:43.0
573b8bc2f3580b0006ce0986,1213,1,55,left-8,right,left-dark,dark-up,fewer-up,single,09:43.4
69abace8fe8e1c23cb4aae7f,1052,1,42,left-6,left,left-dark,light-up,fewer-up,single,09:45.4
698caa3dd8c53ba869e20089,445,0,52,right-8,right,right-dark,light-up,greater-up,single,09:44.5
67a5c89e37476046227e6616,1389,0,44,left-8,left,left-dark,dark-up,fewer-up,single,09:45.7
573b8bc2f3580b0006ce0986,1101,1,56,left-5,left,left-dark,light-up,fewer-up,single,09:45.9
698caa3dd8c53ba869e20089,101,1,53,left-9,left,left-dark,light-up,fewer-up,single,09:45.8
69abace8fe8e1c23cb4aae7f,1378,1,43,right-7,left,right-dark,light-up,greater-up,single,09:48.0
67a5c89e37476046227e6616,1660,0,45,right-1,right,right-dark,light-up,greater-up,single,09:48.6
698caa3dd8c53ba869e20089,1067,0,54,right-5,right,right-dark,dark-up,fewer-up,single,09:48.1
573b8bc2f3580b0006ce0986,1112,1,57,left-1,right,left-dark,dark-up,fewer-up,single,09:48.2
69abace8fe8e1c23cb4aae7f,808,1,44,left-0,right,left-dark,light-up,greater-up,single,09:50.2
698caa3dd8c53ba869e20089,834,1,55,right-3,left,right-dark,dark-up,fewer-up,single,09:50.1
67a5c89e37476046227e6616,1577,1,46,right-9,left,right-dark,light-up,greater-up,single,09:51.4
69abace8fe8e1c23cb4aae7f,1042,1,45,right-6,right,right-dark,light-up,fewer-up,single,09:52.4
573b8bc2f3580b0006ce0986,1375,0,58,right-7,left,right-dark,light-up,fewer-up,single,09:51.0
698caa3dd8c53ba869e20089,547,0,56,left-0,left,left-dark,light-up,greater-up,single,09:51.7
69abace8fe8e1c23cb4aae7f,1517,1,46,left-3,right,left-dark,dark-up,fewer-up,single,09:55.2
67a5c89e37476046227e6616,1639,1,47,left-1,right,left-dark,dark-up,fewer-up,single,09:54.5
573b8bc2f3580b0006ce0986,1393,1,59,right-7,left,right-dark,dark-up,fewer-up,single,09:53.8
698caa3dd8c53ba869e20089,855,1,57,right-9,right,right-dark,dark-up,greater-up,single,09:53.8
698caa3dd8c53ba869e20089,849,1,58,right-2,right,right-dark,dark-up,greater-up,single,09:55.7
69abace8fe8e1c23cb4aae7f,1143,1,47,left-5,left,left-dark,light-up,fewer-up,single,09:57.8
67a5c89e37476046227e6616,1358,1,48,right-6,left,right-dark,dark-up,fewer-up,single,09:57.0
698caa3dd8c53ba869e20089,795,1,59,right-7,left,right-dark,dark-up,fewer-up,single,09:57.6
69abace8fe8e1c23cb4aae7f,1092,1,48,right-6,left,right-dark,dark-up,fewer-up,single,10:00.0
67a5c89e37476046227e6616,1536,1,49,right-2,left,right-dark,dark-up,fewer-up,single,09:59.6
69abace8fe8e1c23cb4aae7f,928,1,49,left-1,right,left-dark,dark-up,fewer-up,single,10:02.2
67a5c89e37476046227e6616,1541,1,50,right-3,right,right-dark,dark-up,greater-up,single,10:02.4
698caa3dd8c53ba869e20089,835,0,60,left-6,left,left-dark,dark-up,fewer-up,single,10:01.5
69abace8fe8e1c23cb4aae7f,708,1,50,left-4,left,left-dark,dark-up,greater-up,single,10:04.4
698caa3dd8c53ba869e20089,727,0,61,left-7,left,left-dark,light-up,greater-up,single,10:03.4
67a5c89e37476046227e6616,1191,1,51,right-9,right,right-dark,light-up,fewer-up,single,10:04.7
69abace8fe8e1c23cb4aae7f,1051,1,51,right-2,left,right-dark,light-up,greater-up,single,10:06.6
698caa3dd8c53ba869e20089,735,0,62,left-8,right,left-dark,light-up,fewer-up,single,10:05.2
67a5c89e37476046227e6616,1419,0,52,left-0,left,left-dark,dark-up,fewer-up,single,10:07.6
69abace8fe8e1c23cb4aae7f,827,1,52,left-9,right,left-dark,light-up,greater-up,single,10:08.7
698caa3dd8c53ba869e20089,851,0,63,left-9,left,left-dark,light-up,greater-up,single,10:07.5
600c167e28de48080e812884,1531,1,60,left-3,left,left-dark,light-up,fewer-up,single,10:09.2
573b8bc2f3580b0006ce0986,1289,1,60,left-9,left,left-dark,dark-up,greater-up,single,10:09.2
67a5c89e37476046227e6616,NULL,0,53,left-2,none,left-dark,dark-up,greater-up,single,10:10.2
69abace8fe8e1c23cb4aae7f,1146,1,53,right-7,right,right-dark,dark-up,greater-up,single,10:11.2
698caa3dd8c53ba869e20089,599,1,64,right-8,right,right-dark,dark-up,greater-up,single,10:09.4
69abace8fe8e1c23cb4aae7f,926,1,54,left-5,right,left-dark,light-up,greater-up,single,10:13.2
573b8bc2f3580b0006ce0986,1173,1,61,left-6,left,left-dark,light-up,fewer-up,single,10:11.6
600c167e28de48080e812884,1435,1,61,left-1,left,left-dark,dark-up,greater-up,single,10:12.1
698caa3dd8c53ba869e20089,917,1,65,left-8,right,left-dark,dark-up,fewer-up,single,10:11.8
67a5c89e37476046227e6616,1626,1,54,right-0,right,right-dark,light-up,fewer-up,single,10:13.8
69abace8fe8e1c23cb4aae7f,821,1,55,right-5,left,right-dark,light-up,greater-up,single,10:15.3
573b8bc2f3580b0006ce0986,1030,1,62,left-9,right,left-dark,dark-up,fewer-up,single,10:13.8
698caa3dd8c53ba869e20089,860,1,66,left-3,left,left-dark,dark-up,greater-up,single,10:14.0
600c167e28de48080e812884,NULL,0,62,left-4,none,left-dark,dark-up,greater-up,single,10:14.7
67a5c89e37476046227e6616,NULL,0,55,right-7,none,right-dark,light-up,greater-up,single,10:16.1
573b8bc2f3580b0006ce0986,938,1,63,left-8,left,left-dark,light-up,fewer-up,single,10:16.0
698caa3dd8c53ba869e20089,1026,0,67,right-9,right,right-dark,dark-up,fewer-up,single,10:16.2
69abace8fe8e1c23cb4aae7f,1370,1,56,left-8,right,left-dark,dark-up,fewer-up,single,10:18.1
600c167e28de48080e812884,692,0,63,left-3,left,left-dark,dark-up,fewer-up,single,10:17.0
600c167e28de48080e812884,571,0,64,right-0,right,right-dark,light-up,greater-up,single,10:18.6
69abace8fe8e1c23cb4aae7f,1033,1,57,right-1,right,right-dark,dark-up,greater-up,single,10:20.3
67a5c89e37476046227e6616,1328,1,56,left-8,left,left-dark,light-up,fewer-up,single,10:19.4
573b8bc2f3580b0006ce0986,1178,1,64,right-2,left,right-dark,dark-up,fewer-up,single,10:18.6
698caa3dd8c53ba869e20089,1320,1,68,right-3,right,right-dark,dark-up,greater-up,single,10:19.0
600c167e28de48080e812884,598,0,65,left-7,left,left-dark,dark-up,fewer-up,single,10:20.3
69abace8fe8e1c23cb4aae7f,831,1,58,right-5,right,right-dark,dark-up,greater-up,single,10:22.4
698caa3dd8c53ba869e20089,999,0,69,left-4,left,left-dark,light-up,greater-up,single,10:21.0
573b8bc2f3580b0006ce0986,981,1,65,right-1,right,right-dark,light-up,fewer-up,single,10:21.1
67a5c89e37476046227e6616,1284,1,57,right-0,right,right-dark,dark-up,greater-up,single,10:22.1
600c167e28de48080e812884,1376,0,66,right-2,left,right-dark,dark-up,greater-up,single,10:23.2
698caa3dd8c53ba869e20089,1059,0,70,right-1,right,right-dark,dark-up,fewer-up,single,10:23.2
69abace8fe8e1c23cb4aae7f,1439,1,59,left-5,right,left-dark,dark-up,fewer-up,single,10:25.1
573b8bc2f3580b0006ce0986,1149,1,66,right-1,left,right-dark,dark-up,fewer-up,single,10:23.7
67a5c89e37476046227e6616,1707,1,58,right-1,right,right-dark,light-up,fewer-up,single,10:25.3
600c167e28de48080e812884,620,1,67,right-3,right,right-dark,light-up,fewer-up,single,10:25.3
698caa3dd8c53ba869e20089,1203,1,71,left-2,left,left-dark,light-up,fewer-up,single,10:25.8
573b8bc2f3580b0006ce0986,1618,0,67,left-3,left,left-dark,light-up,greater-up,single,10:26.5
600c167e28de48080e812884,636,1,68,left-8,left,left-dark,light-up,fewer-up,single,10:27.3
67a5c89e37476046227e6616,1563,1,59,left-6,right,left-dark,light-up,greater-up,single,10:28.2
69abace8fe8e1c23cb4aae7f,1181,1,60,left-5,left,left-dark,dark-up,greater-up,single,10:29.8
698caa3dd8c53ba869e20089,1296,1,72,left-1,right,left-dark,dark-up,fewer-up,single,10:28.2
600c167e28de48080e812884,602,1,69,left-7,left,left-dark,dark-up,greater-up,single,10:29.3
573b8bc2f3580b0006ce0986,1345,1,68,right-6,right,right-dark,light-up,fewer-up,single,10:29.0
69abace8fe8e1c23cb4aae7f,902,1,61,right-4,right,right-dark,light-up,fewer-up,single,10:31.9
698caa3dd8c53ba869e20089,802,0,73,right-0,left,right-dark,dark-up,greater-up,single,10:30.2
600c167e28de48080e812884,741,0,70,right-4,right,right-dark,light-up,greater-up,single,10:31.4
573b8bc2f3580b0006ce0986,1197,0,69,right-2,right,right-dark,light-up,greater-up,single,10:31.4
6983d70423bcb8acb217e6c9,NULL,0,0,left-9,none,left-dark,light-up,fewer-up,dual,10:34.4
69abace8fe8e1c23cb4aae7f,1513,1,62,left-6,right,left-dark,dark-up,fewer-up,single,10:34.5
698caa3dd8c53ba869e20089,1100,1,74,right-3,right,right-dark,light-up,fewer-up,single,10:32.7
600c167e28de48080e812884,956,0,71,right-6,right,right-dark,light-up,greater-up,single,10:33.9
573b8bc2f3580b0006ce0986,1404,1,70,left-5,left,left-dark,dark-up,greater-up,single,10:34.1
6983d70423bcb8acb217e6c9,1101,1,1,left-3,right,left-dark,light-up,greater-up,dual,10:37.2
69abace8fe8e1c23cb4aae7f,982,1,63,left-4,left,left-dark,light-up,fewer-up,single,10:37.0
698caa3dd8c53ba869e20089,1243,0,75,right-0,right,right-dark,light-up,greater-up,single,10:35.2
600c167e28de48080e812884,789,1,72,right-6,right,right-dark,dark-up,greater-up,single,10:35.9
573b8bc2f3580b0006ce0986,1322,1,71,right-1,right,right-dark,dark-up,greater-up,single,10:36.6
6983d70423bcb8acb217e6c9,782,1,2,right-9,right,right-dark,dark-up,greater-up,dual,10:39.4
69abace8fe8e1c23cb4aae7f,859,1,64,right-0,right,right-dark,light-up,fewer-up,single,10:39.0
698caa3dd8c53ba869e20089,931,1,76,right-5,left,right-dark,light-up,greater-up,single,10:37.1
600c167e28de48080e812884,692,1,73,left-5,left,left-dark,dark-up,greater-up,single,10:38.0
573b8bc2f3580b0006ce0986,1059,1,72,right-6,left,right-dark,dark-up,fewer-up,single,10:39.0
69abace8fe8e1c23cb4aae7f,878,1,65,right-8,right,right-dark,light-up,fewer-up,single,10:41.2
6983d70423bcb8acb217e6c9,1202,0,3,left-6,right,left-dark,light-up,fewer-up,dual,10:42.1
600c167e28de48080e812884,582,0,74,right-8,right,right-dark,light-up,greater-up,single,10:40.1
698caa3dd8c53ba869e20089,1401,1,77,right-7,right,right-dark,light-up,fewer-up,single,10:39.8
67a5c89e37476046227e6616,1270,1,60,left-9,right,left-dark,dark-up,fewer-up,single,10:42.3
573b8bc2f3580b0006ce0986,1348,1,73,left-6,left,left-dark,dark-up,greater-up,single,10:41.6
600c167e28de48080e812884,776,1,75,left-2,left,left-dark,dark-up,greater-up,single,10:42.1
69abace8fe8e1c23cb4aae7f,1363,1,66,right-9,left,right-dark,dark-up,fewer-up,single,10:43.9
698caa3dd8c53ba869e20089,1146,1,78,left-6,left,left-dark,dark-up,greater-up,single,10:42.1
6983d70423bcb8acb217e6c9,1468,0,4,left-5,left,left-dark,dark-up,fewer-up,dual,10:45.0
600c167e28de48080e812884,689,0,76,right-7,right,right-dark,dark-up,fewer-up,single,10:44.1
67a5c89e37476046227e6616,1096,1,61,right-8,left,right-dark,dark-up,fewer-up,single,10:44.8
573b8bc2f3580b0006ce0986,1107,1,74,right-1,left,right-dark,light-up,greater-up,single,10:44.3
69abace8fe8e1c23cb4aae7f,1108,1,67,left-6,left,left-dark,dark-up,greater-up,single,10:46.1
698caa3dd8c53ba869e20089,1152,1,79,left-3,right,left-dark,dark-up,fewer-up,single,10:44.5
6983d70423bcb8acb217e6c9,768,0,5,left-2,right,left-dark,light-up,fewer-up,dual,10:47.0
600c167e28de48080e812884,645,1,77,right-8,right,right-dark,light-up,fewer-up,single,10:46.1
67a5c89e37476046227e6616,1276,1,62,right-3,right,right-dark,light-up,fewer-up,single,10:47.1
69abace8fe8e1c23cb4aae7f,790,1,68,left-4,right,left-dark,light-up,greater-up,single,10:48.2
573b8bc2f3580b0006ce0986,1258,1,75,right-0,right,right-dark,light-up,fewer-up,single,10:46.6
6983d70423bcb8acb217e6c9,1568,1,6,right-8,left,right-dark,dark-up,fewer-up,dual,10:49.7
600c167e28de48080e812884,674,1,78,left-6,left,left-dark,light-up,fewer-up,single,10:48.2
69abace8fe8e1c23cb4aae7f,741,1,69,right-8,right,right-dark,dark-up,greater-up,single,10:50.2
67a5c89e37476046227e6616,1336,1,63,right-4,right,right-dark,dark-up,greater-up,single,10:49.7
573b8bc2f3580b0006ce0986,1405,1,76,left-3,left,left-dark,light-up,fewer-up,single,10:49.2
6983d70423bcb8acb217e6c9,1361,1,7,left-9,left,left-dark,dark-up,greater-up,dual,10:52.5
600c167e28de48080e812884,678,1,79,right-4,right,right-dark,dark-up,greater-up,single,10:50.4
69abace8fe8e1c23cb4aae7f,693,1,70,right-8,left,right-dark,light-up,greater-up,single,10:52.3
67a5c89e37476046227e6616,1298,1,64,right-5,left,right-dark,dark-up,fewer-up,single,10:52.1
573b8bc2f3580b0006ce0986,1254,1,77,right-9,right,right-dark,dark-up,greater-up,single,10:51.7
6983d70423bcb8acb217e6c9,1156,1,8,left-7,right,left-dark,light-up,greater-up,dual,10:55.1
69abace8fe8e1c23cb4aae7f,1010,1,71,left-9,left,left-dark,light-up,fewer-up,single,10:54.8
67a5c89e37476046227e6616,1272,1,65,left-6,left,left-dark,light-up,fewer-up,single,10:54.5
573b8bc2f3580b0006ce0986,1073,1,78,left-0,left,left-dark,dark-up,greater-up,single,10:54.0
6983d70423bcb8acb217e6c9,1412,0,9,right-7,right,right-dark,dark-up,fewer-up,dual,10:57.8
69abace8fe8e1c23cb4aae7f,1347,1,72,left-4,right,left-dark,dark-up,fewer-up,single,10:57.3
67a5c89e37476046227e6616,NULL,0,66,left-5,none,left-dark,dark-up,fewer-up,single,10:56.8
573b8bc2f3580b0006ce0986,1210,1,79,left-6,right,left-dark,dark-up,fewer-up,single,10:56.7
69abace8fe8e1c23cb4aae7f,744,1,73,right-3,left,right-dark,dark-up,fewer-up,single,10:59.2
6983d70423bcb8acb217e6c9,1369,1,10,right-0,left,right-dark,light-up,greater-up,dual,11:00.5
67a5c89e37476046227e6616,1309,1,67,left-7,left,left-dark,light-up,fewer-up,single,10:59.7
69abace8fe8e1c23cb4aae7f,987,1,74,left-9,right,left-dark,dark-up,fewer-up,single,11:01.3
6983d70423bcb8acb217e6c9,1621,1,11,right-2,left,right-dark,dark-up,fewer-up,dual,11:03.6
67a5c89e37476046227e6616,1414,1,68,right-2,right,right-dark,dark-up,greater-up,single,11:02.3
69abace8fe8e1c23cb4aae7f,1106,1,75,right-0,left,right-dark,dark-up,fewer-up,single,11:03.9
67a5c89e37476046227e6616,1191,1,69,right-4,right,right-dark,light-up,fewer-up,single,11:04.7
6983d70423bcb8acb217e6c9,1352,1,12,left-3,right,left-dark,dark-up,fewer-up,dual,11:06.3
69abace8fe8e1c23cb4aae7f,856,1,76,right-8,left,right-dark,dark-up,fewer-up,single,11:05.8
69abace8fe8e1c23cb4aae7f,736,1,77,right-0,right,right-dark,dark-up,greater-up,single,11:07.9
67a5c89e37476046227e6616,1352,1,70,left-4,right,left-dark,dark-up,fewer-up,single,11:07.3
6983d70423bcb8acb217e6c9,1446,1,13,left-5,right,left-dark,light-up,greater-up,dual,11:08.9
69abace8fe8e1c23cb4aae7f,886,1,78,left-1,right,left-dark,light-up,greater-up,single,11:10.3
67a5c89e37476046227e6616,1323,1,71,right-9,left,right-dark,dark-up,fewer-up,single,11:09.7
6983d70423bcb8acb217e6c9,NULL,0,14,right-4,none,right-dark,light-up,fewer-up,dual,11:11.7
69abace8fe8e1c23cb4aae7f,760,1,79,right-2,left,right-dark,dark-up,fewer-up,single,11:12.3
67a5c89e37476046227e6616,1495,1,72,right-1,right,right-dark,dark-up,greater-up,single,11:12.4
6983d70423bcb8acb217e6c9,918,1,15,right-5,right,right-dark,dark-up,greater-up,dual,11:14.3
6983d70423bcb8acb217e6c9,1097,0,16,left-7,right,left-dark,light-up,fewer-up,dual,11:16.7
67a5c89e37476046227e6616,1487,1,73,left-1,left,left-dark,light-up,fewer-up,single,11:15.3
6983d70423bcb8acb217e6c9,1412,0,17,right-6,left,right-dark,dark-up,greater-up,dual,11:19.6
67a5c89e37476046227e6616,1460,1,74,left-3,right,left-dark,light-up,greater-up,single,11:18.1
67a5c89e37476046227e6616,1306,1,75,right-5,left,right-dark,light-up,greater-up,single,11:20.5
6983d70423bcb8acb217e6c9,1275,0,18,right-0,left,right-dark,light-up,fewer-up,dual,11:22.1
67a5c89e37476046227e6616,1149,1,76,right-2,right,right-dark,light-up,fewer-up,single,11:22.7
6983d70423bcb8acb217e6c9,1172,1,19,left-1,right,left-dark,light-up,greater-up,dual,11:24.9
67a5c89e37476046227e6616,1615,1,77,left-0,right,left-dark,light-up,greater-up,single,11:25.7
67a5c89e37476046227e6616,1245,1,78,right-0,left,right-dark,dark-up,fewer-up,single,11:28.2
67a5c89e37476046227e6616,1209,1,79,right-2,left,right-dark,light-up,greater-up,single,11:30.6
6983d70423bcb8acb217e6c9,1595,1,20,right-8,right,right-dark,dark-up,greater-up,dual,11:33.9
6983d70423bcb8acb217e6c9,929,0,21,left-4,right,left-dark,light-up,fewer-up,dual,11:36.3
6983d70423bcb8acb217e6c9,1069,1,22,right-3,right,right-dark,dark-up,greater-up,dual,11:38.9
6983d70423bcb8acb217e6c9,1739,0,23,right-1,right,right-dark,light-up,greater-up,dual,11:42.0
6983d70423bcb8acb217e6c9,1437,0,24,right-6,left,right-dark,light-up,fewer-up,dual,11:44.8
6983d70423bcb8acb217e6c9,1541,1,25,right-5,left,right-dark,dark-up,fewer-up,dual,11:47.8
6983d70423bcb8acb217e6c9,1473,1,26,left-2,right,left-dark,light-up,greater-up,dual,11:50.4
5fb156d6e16ee65ed2558d7c,1578,0,0,right-0,right,right-dark,dark-up,fewer-up,dual,11:48.2
6983d70423bcb8acb217e6c9,1571,1,27,left-8,left,left-dark,light-up,fewer-up,dual,11:53.5
5fb156d6e16ee65ed2558d7c,1402,1,1,left-1,left,left-dark,dark-up,greater-up,dual,11:51.2
6983d70423bcb8acb217e6c9,NULL,0,28,right-7,none,right-dark,light-up,fewer-up,dual,11:55.9
5fb156d6e16ee65ed2558d7c,990,1,2,left-3,left,left-dark,dark-up,greater-up,dual,11:54.0
6983d70423bcb8acb217e6c9,1021,0,29,right-4,right,right-dark,dark-up,fewer-up,dual,11:58.9
5fb156d6e16ee65ed2558d7c,980,1,3,right-9,right,right-dark,dark-up,greater-up,dual,11:56.5
6983d70423bcb8acb217e6c9,1271,1,30,right-5,left,right-dark,light-up,greater-up,dual,12:01.2
5fb156d6e16ee65ed2558d7c,NULL,0,4,right-2,none,right-dark,dark-up,fewer-up,dual,11:59.3
6983d70423bcb8acb217e6c9,1541,0,31,right-8,right,right-dark,light-up,greater-up,dual,12:03.9
5fb156d6e16ee65ed2558d7c,786,0,5,left-4,left,left-dark,light-up,greater-up,dual,12:02.1
6983d70423bcb8acb217e6c9,NULL,0,32,right-9,none,right-dark,dark-up,fewer-up,dual,12:06.4
5fb156d6e16ee65ed2558d7c,840,0,6,left-6,left,left-dark,light-up,greater-up,dual,12:04.4
6983d70423bcb8acb217e6c9,1136,1,33,left-6,right,left-dark,light-up,greater-up,dual,12:09.2
5fb156d6e16ee65ed2558d7c,1592,1,7,right-6,right,right-dark,dark-up,greater-up,dual,12:07.7
6983d70423bcb8acb217e6c9,NULL,0,34,left-3,none,left-dark,dark-up,greater-up,dual,12:11.6
5fb156d6e16ee65ed2558d7c,NULL,0,8,left-0,none,left-dark,dark-up,fewer-up,dual,12:10.4
6983d70423bcb8acb217e6c9,1201,0,35,left-5,right,left-dark,light-up,fewer-up,dual,12:14.6
6983d70423bcb8acb217e6c9,1185,0,36,right-4,right,right-dark,light-up,greater-up,dual,12:17.3
5fb156d6e16ee65ed2558d7c,1284,0,9,left-8,left,left-dark,light-up,greater-up,dual,12:14.0
6983d70423bcb8acb217e6c9,1203,0,37,right-3,left,right-dark,light-up,fewer-up,dual,12:19.7
5fb156d6e16ee65ed2558d7c,587,0,10,right-5,right,right-dark,dark-up,fewer-up,dual,12:16.4
6983d70423bcb8acb217e6c9,1541,0,38,left-7,left,left-dark,dark-up,fewer-up,dual,12:22.7
5fb156d6e16ee65ed2558d7c,NULL,0,11,right-8,none,right-dark,light-up,fewer-up,dual,12:19.3
5fb156d6e16ee65ed2558d7c,710,1,12,left-6,left,left-dark,dark-up,greater-up,dual,12:22.0
6983d70423bcb8acb217e6c9,1693,1,39,left-0,right,left-dark,light-up,greater-up,dual,12:25.9
5fb156d6e16ee65ed2558d7c,1218,0,13,left-9,right,left-dark,light-up,fewer-up,dual,12:24.6
5fb156d6e16ee65ed2558d7c,1103,0,14,left-8,left,left-dark,dark-up,fewer-up,dual,12:26.9
6983d70423bcb8acb217e6c9,1462,0,40,right-5,left,right-dark,light-up,fewer-up,dual,12:33.2
5fb156d6e16ee65ed2558d7c,1629,0,15,left-7,right,left-dark,dark-up,greater-up,dual,12:30.3
6983d70423bcb8acb217e6c9,1485,0,41,left-1,right,left-dark,dark-up,greater-up,dual,12:36.0
5fb156d6e16ee65ed2558d7c,922,0,16,left-2,left,left-dark,dark-up,fewer-up,dual,12:32.7
6983d70423bcb8acb217e6c9,991,1,42,right-3,left,right-dark,light-up,greater-up,dual,12:38.3
5fb156d6e16ee65ed2558d7c,1414,0,17,right-0,right,right-dark,light-up,greater-up,dual,12:35.5
6983d70423bcb8acb217e6c9,1395,0,43,left-4,left,left-dark,dark-up,fewer-up,dual,12:41.2
5fb156d6e16ee65ed2558d7c,NULL,0,18,right-2,none,right-dark,dark-up,greater-up,dual,12:38.2
6983d70423bcb8acb217e6c9,1237,1,44,right-6,left,right-dark,light-up,greater-up,dual,12:43.6
5fb156d6e16ee65ed2558d7c,NULL,0,19,left-4,none,left-dark,light-up,fewer-up,dual,12:40.9
6983d70423bcb8acb217e6c9,1501,1,45,left-6,right,left-dark,dark-up,fewer-up,dual,12:46.3
6983d70423bcb8acb217e6c9,1543,1,46,left-5,left,left-dark,dark-up,greater-up,dual,12:49.0
6983d70423bcb8acb217e6c9,1129,0,47,left-3,right,left-dark,light-up,fewer-up,dual,12:51.2
6983d70423bcb8acb217e6c9,1033,1,48,right-0,left,right-dark,dark-up,fewer-up,dual,12:53.6
6983d70423bcb8acb217e6c9,1715,0,49,left-4,right,left-dark,dark-up,greater-up,dual,12:56.6
6983d70423bcb8acb217e6c9,1235,1,50,left-0,left,left-dark,dark-up,greater-up,dual,12:58.9
6983d70423bcb8acb217e6c9,1295,1,51,left-1,right,left-dark,dark-up,fewer-up,dual,13:01.7
6983d70423bcb8acb217e6c9,1520,1,52,right-1,right,right-dark,dark-up,greater-up,dual,13:04.3
6983d70423bcb8acb217e6c9,1732,1,53,left-0,right,left-dark,dark-up,fewer-up,dual,13:07.2
6983d70423bcb8acb217e6c9,1239,0,54,right-2,left,right-dark,light-up,fewer-up,dual,13:09.7
6983d70423bcb8acb217e6c9,1607,1,55,left-2,left,left-dark,dark-up,greater-up,dual,13:12.4
6983d70423bcb8acb217e6c9,1420,0,56,right-6,right,right-dark,dark-up,fewer-up,dual,13:15.3
6983d70423bcb8acb217e6c9,909,1,57,left-7,left,left-dark,dark-up,greater-up,dual,13:17.4
698b56669942057664689445,NULL,0,0,right-3,none,right-dark,light-up,greater-up,dual,13:16.4
6983d70423bcb8acb217e6c9,1185,1,58,right-0,right,right-dark,dark-up,greater-up,dual,13:20.1
698b56669942057664689445,1312,1,1,right-6,right,right-dark,dark-up,greater-up,dual,13:19.5
6983d70423bcb8acb217e6c9,1506,1,59,left-0,left,left-dark,light-up,fewer-up,dual,13:23.2
698b56669942057664689445,1105,1,2,right-0,right,right-dark,light-up,fewer-up,dual,13:22.2
698b56669942057664689445,NULL,0,3,right-7,none,right-dark,light-up,fewer-up,dual,13:25.1
6983d70423bcb8acb217e6c9,1496,0,60,left-4,left,left-dark,light-up,greater-up,dual,13:29.6
698b56669942057664689445,NULL,0,4,right-0,none,right-dark,dark-up,fewer-up,dual,13:28.0
6983d70423bcb8acb217e6c9,896,1,61,right-9,left,right-dark,light-up,greater-up,dual,13:31.8
698b56669942057664689445,1549,1,5,left-0,right,left-dark,dark-up,fewer-up,dual,13:31.6
6983d70423bcb8acb217e6c9,1174,1,62,left-8,right,left-dark,dark-up,fewer-up,dual,13:34.2
6983d70423bcb8acb217e6c9,831,0,63,left-2,left,left-dark,dark-up,fewer-up,dual,13:36.2
698b56669942057664689445,782,0,6,right-3,right,right-dark,dark-up,fewer-up,dual,13:33.7
6983d70423bcb8acb217e6c9,976,1,64,left-6,left,left-dark,dark-up,greater-up,dual,13:38.7
698b56669942057664689445,1265,0,7,right-5,right,right-dark,light-up,greater-up,dual,13:36.5
6983d70423bcb8acb217e6c9,1234,1,65,right-7,right,right-dark,dark-up,greater-up,dual,13:41.2
698b56669942057664689445,682,0,8,left-6,left,left-dark,dark-up,fewer-up,dual,13:38.7
698b56669942057664689445,NULL,0,9,left-8,none,left-dark,light-up,fewer-up,dual,13:41.2
6983d70423bcb8acb217e6c9,1566,0,66,right-1,right,right-dark,dark-up,fewer-up,dual,13:43.9
698b56669942057664689445,615,0,10,left-7,left,left-dark,light-up,greater-up,dual,13:43.5
6983d70423bcb8acb217e6c9,1106,0,67,right-9,left,right-dark,light-up,fewer-up,dual,13:46.2
698b56669942057664689445,962,1,11,left-5,right,left-dark,dark-up,fewer-up,dual,13:46.0
6983d70423bcb8acb217e6c9,1169,1,68,left-1,left,left-dark,light-up,fewer-up,dual,13:48.7
698b56669942057664689445,836,0,12,left-1,right,left-dark,dark-up,greater-up,dual,13:48.3
6983d70423bcb8acb217e6c9,1137,1,69,right-8,right,right-dark,light-up,fewer-up,dual,13:51.2
698b56669942057664689445,1657,1,13,right-7,left,right-dark,dark-up,fewer-up,dual,13:51.1
6983d70423bcb8acb217e6c9,1317,1,70,right-4,right,right-dark,dark-up,greater-up,dual,13:53.8
698b56669942057664689445,708,1,14,right-4,left,right-dark,light-up,greater-up,dual,13:53.3
6983d70423bcb8acb217e6c9,1533,0,71,left-9,left,left-dark,dark-up,fewer-up,dual,13:56.5
698b56669942057664689445,NULL,0,15,right-6,none,right-dark,light-up,greater-up,dual,13:55.8
6983d70423bcb8acb217e6c9,1020,1,72,left-8,right,left-dark,light-up,greater-up,dual,13:58.7
6983d70423bcb8acb217e6c9,948,1,73,right-2,left,right-dark,light-up,greater-up,dual,14:01.1
698b56669942057664689445,1051,1,16,right-2,right,right-dark,light-up,fewer-up,dual,13:58.8
6983d70423bcb8acb217e6c9,1194,0,74,right-3,right,right-dark,dark-up,fewer-up,dual,14:03.5
698b56669942057664689445,NULL,0,17,left-1,none,left-dark,light-up,greater-up,dual,14:01.3
6983d70423bcb8acb217e6c9,1090,1,75,right-2,right,right-dark,dark-up,greater-up,dual,14:05.8
698b56669942057664689445,691,1,18,right-4,left,right-dark,dark-up,fewer-up,dual,14:03.8
698b56669942057664689445,1207,0,19,left-7,left,left-dark,dark-up,fewer-up,dual,14:06.1
6983d70423bcb8acb217e6c9,1472,0,76,left-9,left,left-dark,light-up,greater-up,dual,14:08.7
6983d70423bcb8acb217e6c9,1649,1,77,right-1,right,right-dark,light-up,fewer-up,dual,14:11.7
6983d70423bcb8acb217e6c9,1177,0,78,right-7,right,right-dark,light-up,greater-up,dual,14:14.2
6983d70423bcb8acb217e6c9,946,1,79,left-8,left,left-dark,dark-up,greater-up,dual,14:16.2
698b56669942057664689445,NULL,0,20,left-2,none,left-dark,dark-up,fewer-up,dual,14:15.7
698b56669942057664689445,617,1,21,right-1,right,right-dark,light-up,fewer-up,dual,14:17.9
698b56669942057664689445,1052,0,22,right-2,right,right-dark,dark-up,fewer-up,dual,14:20.2
698b56669942057664689445,1734,0,23,left-9,left,left-dark,light-up,greater-up,dual,14:23.3
698b56669942057664689445,970,1,24,left-6,right,left-dark,light-up,greater-up,dual,14:25.5
698b56669942057664689445,820,0,25,right-8,right,right-dark,light-up,greater-up,dual,14:27.5
698b56669942057664689445,588,0,26,right-4,left,right-dark,dark-up,greater-up,dual,14:29.5
698b56669942057664689445,504,0,27,right-9,right,right-dark,dark-up,fewer-up,dual,14:31.4
698b56669942057664689445,713,1,28,right-9,left,right-dark,light-up,greater-up,dual,14:33.3
698b56669942057664689445,787,1,29,left-8,left,left-dark,dark-up,greater-up,dual,14:35.2
698b56669942057664689445,868,0,30,right-7,left,right-dark,dark-up,greater-up,dual,14:37.2
698b56669942057664689445,455,1,31,right-9,right,right-dark,dark-up,greater-up,dual,14:39.1
698b56669942057664689445,813,1,32,left-8,right,left-dark,dark-up,fewer-up,dual,14:41.4
698b56669942057664689445,647,1,33,right-5,left,right-dark,dark-up,fewer-up,dual,14:43.2
698b56669942057664689445,1171,1,34,right-3,right,right-dark,light-up,fewer-up,dual,14:45.9
698b56669942057664689445,826,0,35,right-5,left,right-dark,dark-up,greater-up,dual,14:48.1
5ee2e7bf21501a83d55642cd,726,1,0,left-2,left,left-dark,light-up,fewer-up,single,14:48.2
698b56669942057664689445,558,0,36,left-9,right,left-dark,dark-up,greater-up,dual,14:50.1
5ee2e7bf21501a83d55642cd,698,0,1,left-9,left,left-dark,light-up,greater-up,single,14:50.3
698b56669942057664689445,568,1,37,left-4,left,left-dark,light-up,fewer-up,dual,14:52.0
5ee2e7bf21501a83d55642cd,489,0,2,right-9,right,right-dark,dark-up,fewer-up,single,14:52.0
698b56669942057664689445,820,0,38,left-3,left,left-dark,dark-up,fewer-up,dual,14:54.1
5ee2e7bf21501a83d55642cd,477,0,3,right-2,right,right-dark,light-up,greater-up,single,14:53.8
5ee2e7bf21501a83d55642cd,474,1,4,left-9,left,left-dark,light-up,fewer-up,single,14:55.5
698b56669942057664689445,681,1,39,left-9,right,left-dark,dark-up,fewer-up,dual,14:56.2
5ee2e7bf21501a83d55642cd,560,0,5,right-1,right,right-dark,dark-up,fewer-up,single,14:57.6
5ee2e7bf21501a83d55642cd,477,0,6,left-4,left,left-dark,light-up,greater-up,single,14:59.5
698b56669942057664689445,NULL,0,40,left-4,none,left-dark,light-up,greater-up,dual,15:01.4
5ee2e7bf21501a83d55642cd,462,1,7,left-2,left,left-dark,dark-up,greater-up,single,15:01.3
698b56669942057664689445,468,0,41,left-1,right,left-dark,light-up,fewer-up,dual,15:03.6
5ee2e7bf21501a83d55642cd,465,1,8,right-7,right,right-dark,light-up,fewer-up,single,15:03.4
5ee2e7bf21501a83d55642cd,452,0,9,right-6,right,right-dark,light-up,greater-up,single,15:05.4
698b56669942057664689445,767,1,42,right-1,left,right-dark,dark-up,fewer-up,dual,15:05.8
698b56669942057664689445,560,1,43,left-4,right,left-dark,dark-up,fewer-up,dual,15:07.7
5ee2e7bf21501a83d55642cd,485,1,10,left-5,left,left-dark,dark-up,greater-up,single,15:07.4
698b56669942057664689445,335,0,44,right-7,right,right-dark,light-up,greater-up,dual,15:09.4
5ee2e7bf21501a83d55642cd,465,1,11,left-7,left,left-dark,dark-up,greater-up,single,15:09.4
698b56669942057664689445,635,0,45,left-6,right,left-dark,dark-up,greater-up,dual,15:11.3
5ee2e7bf21501a83d55642cd,522,0,12,left-5,left,left-dark,dark-up,fewer-up,single,15:11.3
698b56669942057664689445,526,0,46,left-8,left,left-dark,light-up,greater-up,dual,15:12.9
5ee2e7bf21501a83d55642cd,482,0,13,left-0,left,left-dark,light-up,greater-up,single,15:13.2
698b56669942057664689445,534,1,47,right-8,left,right-dark,dark-up,fewer-up,dual,15:14.9
5ee2e7bf21501a83d55642cd,543,0,14,right-0,right,right-dark,light-up,greater-up,single,15:15.2
698b56669942057664689445,525,0,48,left-0,right,left-dark,light-up,fewer-up,dual,15:16.8
5ee2e7bf21501a83d55642cd,1466,1,15,right-1,left,right-dark,light-up,greater-up,single,15:17.9
698b56669942057664689445,368,0,49,right-8,left,right-dark,light-up,fewer-up,dual,15:18.5
5ee2e7bf21501a83d55642cd,871,1,16,left-5,right,left-dark,light-up,greater-up,single,15:20.2
698b56669942057664689445,385,1,50,left-5,right,left-dark,light-up,greater-up,dual,15:20.3
698b56669942057664689445,585,0,51,right-4,left,right-dark,light-up,fewer-up,dual,15:22.1
5ee2e7bf21501a83d55642cd,760,0,17,right-5,left,right-dark,dark-up,greater-up,single,15:22.4
698b56669942057664689445,523,1,52,right-5,right,right-dark,light-up,fewer-up,dual,15:24.1
5ee2e7bf21501a83d55642cd,585,1,18,right-3,left,right-dark,dark-up,fewer-up,single,15:24.2
698b56669942057664689445,439,0,53,left-3,right,left-dark,dark-up,greater-up,dual,15:25.9
5ee2e7bf21501a83d55642cd,617,0,19,right-2,left,right-dark,dark-up,greater-up,single,15:26.4
698b56669942057664689445,727,1,54,left-3,left,left-dark,light-up,fewer-up,dual,15:27.9
698b56669942057664689445,NULL,0,55,left-5,none,left-dark,light-up,fewer-up,dual,15:30.3
698b56669942057664689445,628,0,56,left-0,right,left-dark,dark-up,greater-up,dual,15:32.7
5ee2e7bf21501a83d55642cd,740,1,20,left-8,right,left-dark,dark-up,fewer-up,single,15:32.8
698b56669942057664689445,932,1,57,right-0,left,right-dark,light-up,greater-up,dual,15:34.7
5ee2e7bf21501a83d55642cd,466,0,21,left-8,right,left-dark,light-up,fewer-up,single,15:34.5
5ee2e7bf21501a83d55642cd,509,0,22,left-0,right,left-dark,dark-up,greater-up,single,15:36.3
698b56669942057664689445,1083,0,58,left-5,right,left-dark,dark-up,greater-up,dual,15:37.1
698b56669942057664689445,421,0,59,left-2,left,left-dark,light-up,greater-up,dual,15:38.9
5ee2e7bf21501a83d55642cd,982,0,23,right-0,left,right-dark,dark-up,greater-up,single,15:38.6
5ee2e7bf21501a83d55642cd,1335,0,24,right-3,left,right-dark,light-up,fewer-up,single,15:41.5
698b56669942057664689445,851,1,60,right-9,right,right-dark,light-up,fewer-up,dual,15:43.6
5ee2e7bf21501a83d55642cd,1721,1,25,right-8,left,right-dark,light-up,greater-up,single,15:44.7
698b56669942057664689445,646,0,61,right-6,left,right-dark,light-up,fewer-up,dual,15:45.6
5ee2e7bf21501a83d55642cd,NULL,0,26,left-4,none,left-dark,light-up,fewer-up,single,15:47.1
698b56669942057664689445,837,0,62,left-2,right,left-dark,light-up,fewer-up,dual,15:47.9
698b56669942057664689445,340,1,63,right-1,left,right-dark,light-up,greater-up,dual,15:49.8
5ee2e7bf21501a83d55642cd,NULL,0,27,right-7,none,right-dark,dark-up,fewer-up,single,15:49.9
698b56669942057664689445,898,1,64,left-2,left,left-dark,dark-up,greater-up,dual,15:51.8
5ee2e7bf21501a83d55642cd,938,1,28,left-7,right,left-dark,dark-up,fewer-up,single,15:52.9
698b56669942057664689445,636,1,65,left-7,left,left-dark,dark-up,greater-up,dual,15:53.6
698b56669942057664689445,1002,1,66,left-4,left,left-dark,dark-up,greater-up,dual,15:55.8
5ee2e7bf21501a83d55642cd,1217,0,29,left-3,right,left-dark,light-up,fewer-up,single,15:55.5
698b56669942057664689445,460,1,67,left-6,left,left-dark,light-up,fewer-up,dual,15:57.4
5ee2e7bf21501a83d55642cd,1652,1,30,left-6,right,left-dark,dark-up,fewer-up,single,15:58.3
698b56669942057664689445,767,0,68,right-0,left,right-dark,dark-up,greater-up,dual,15:59.3
698b56669942057664689445,413,1,69,left-7,left,left-dark,light-up,fewer-up,dual,16:01.1
5ee2e7bf21501a83d55642cd,1516,1,31,left-6,right,left-dark,light-up,greater-up,single,16:01.0
698b56669942057664689445,467,1,70,right-3,right,right-dark,dark-up,greater-up,dual,16:03.0
5ee2e7bf21501a83d55642cd,1306,1,32,right-2,left,right-dark,dark-up,fewer-up,single,16:03.6
698b56669942057664689445,638,1,71,right-8,right,right-dark,dark-up,greater-up,dual,16:04.7
698b56669942057664689445,853,0,72,left-1,left,left-dark,dark-up,fewer-up,dual,16:06.7
5ee2e7bf21501a83d55642cd,1305,0,33,left-8,right,left-dark,dark-up,greater-up,single,16:06.4
66e8661e0c5e57cda7bf2d39,913,1,0,left-3,right,left-dark,light-up,greater-up,single,16:08.5
5ee2e7bf21501a83d55642cd,1364,0,34,right-4,right,right-dark,dark-up,fewer-up,single,16:08.8
698b56669942057664689445,1328,0,73,left-0,left,left-dark,light-up,greater-up,dual,16:09.3
66e8661e0c5e57cda7bf2d39,896,0,1,left-9,right,left-dark,dark-up,greater-up,single,16:10.5
5ee2e7bf21501a83d55642cd,1300,1,35,left-9,left,left-dark,dark-up,greater-up,single,16:11.4
698b56669942057664689445,1307,1,74,right-2,right,right-dark,dark-up,greater-up,dual,16:11.8
66e8661e0c5e57cda7bf2d39,723,0,2,left-4,left,left-dark,dark-up,fewer-up,single,16:12.7
698b56669942057664689445,736,0,75,right-2,right,right-dark,light-up,greater-up,dual,16:13.5
5ee2e7bf21501a83d55642cd,1058,1,36,left-4,left,left-dark,dark-up,greater-up,single,16:13.6
66e8661e0c5e57cda7bf2d39,777,1,3,right-8,right,right-dark,light-up,fewer-up,single,16:14.8
698b56669942057664689445,330,1,76,left-9,left,left-dark,light-up,fewer-up,dual,16:15.4
5ee2e7bf21501a83d55642cd,903,1,37,left-2,right,left-dark,light-up,greater-up,single,16:15.6
66e8661e0c5e57cda7bf2d39,836,1,4,right-1,right,right-dark,dark-up,greater-up,single,16:17.0
698b56669942057664689445,978,0,77,right-6,right,right-dark,dark-up,fewer-up,dual,16:17.7
5ee2e7bf21501a83d55642cd,1130,0,38,left-5,right,left-dark,light-up,fewer-up,single,16:18.0
66e8661e0c5e57cda7bf2d39,867,1,5,right-0,left,right-dark,dark-up,fewer-up,single,16:19.2
698b56669942057664689445,307,0,78,right-1,left,right-dark,dark-up,greater-up,dual,16:19.4
5ee2e7bf21501a83d55642cd,NULL,0,39,right-8,none,right-dark,light-up,fewer-up,single,16:20.4
66e8661e0c5e57cda7bf2d39,1031,1,6,left-8,left,left-dark,dark-up,greater-up,single,16:21.8
698b56669942057664689445,984,1,79,left-3,right,left-dark,light-up,greater-up,dual,16:21.9
66e8661e0c5e57cda7bf2d39,995,1,7,left-4,left,left-dark,dark-up,greater-up,single,16:24.0
66e8661e0c5e57cda7bf2d39,1086,0,8,left-4,right,left-dark,light-up,fewer-up,single,16:26.4
66e8661e0c5e57cda7bf2d39,875,0,9,right-3,right,right-dark,dark-up,fewer-up,single,16:28.7
5ee2e7bf21501a83d55642cd,1379,1,40,right-7,right,right-dark,dark-up,greater-up,single,16:28.2
66e8661e0c5e57cda7bf2d39,1003,1,10,right-5,right,right-dark,dark-up,greater-up,single,16:31.0
5ee2e7bf21501a83d55642cd,1072,1,41,right-8,left,right-dark,dark-up,fewer-up,single,16:30.5
66e8661e0c5e57cda7bf2d39,821,1,11,right-4,right,right-dark,dark-up,greater-up,single,16:32.9
5ee2e7bf21501a83d55642cd,877,1,42,left-8,right,left-dark,light-up,greater-up,single,16:32.5
66e8661e0c5e57cda7bf2d39,931,1,12,right-8,left,right-dark,light-up,greater-up,single,16:35.0
5ee2e7bf21501a83d55642cd,1205,0,43,right-6,left,right-dark,light-up,fewer-up,single,16:35.2
66e8661e0c5e57cda7bf2d39,878,1,13,right-7,right,right-dark,dark-up,greater-up,single,16:37.4
5ee2e7bf21501a83d55642cd,926,1,44,right-6,right,right-dark,dark-up,greater-up,single,16:37.6
66e8661e0c5e57cda7bf2d39,1028,1,14,right-1,left,right-dark,dark-up,fewer-up,single,16:39.8
5ee2e7bf21501a83d55642cd,1142,0,45,left-1,left,left-dark,dark-up,fewer-up,single,16:39.9
66e8661e0c5e57cda7bf2d39,832,1,15,left-6,left,left-dark,dark-up,greater-up,single,16:42.2
5ee2e7bf21501a83d55642cd,914,1,46,left-1,left,left-dark,dark-up,greater-up,single,16:42.1
66e8661e0c5e57cda7bf2d39,892,0,16,right-0,left,right-dark,light-up,fewer-up,single,16:44.4
5ee2e7bf21501a83d55642cd,980,1,47,right-3,right,right-dark,dark-up,greater-up,single,16:44.6
66e8661e0c5e57cda7bf2d39,1071,0,17,right-2,right,right-dark,dark-up,fewer-up,single,16:46.6
5ee2e7bf21501a83d55642cd,1281,1,48,left-3,right,left-dark,light-up,greater-up,single,16:47.3
66e8661e0c5e57cda7bf2d39,1233,1,18,right-5,left,right-dark,light-up,greater-up,single,16:49.2
5ee2e7bf21501a83d55642cd,1484,0,49,left-6,right,left-dark,light-up,fewer-up,single,16:50.1
66e8661e0c5e57cda7bf2d39,916,1,19,right-8,right,right-dark,dark-up,greater-up,single,16:51.3
5ee2e7bf21501a83d55642cd,1120,1,50,right-9,left,right-dark,light-up,greater-up,single,16:52.4
6664a1634453306b040667c8,NULL,0,0,right-1,none,right-dark,dark-up,fewer-up,dual,16:54.3
5ecc6ffce3ca77849333e83e,882,1,0,right-3,left,right-dark,light-up,greater-up,dual,16:54.4
5ecc6ffce3ca77849333e83e,842,0,1,left-4,right,left-dark,dark-up,greater-up,dual,16:56.6
5ee2e7bf21501a83d55642cd,1693,0,51,right-0,left,right-dark,light-up,fewer-up,single,16:55.6
6664a1634453306b040667c8,1452,1,1,right-2,right,right-dark,dark-up,greater-up,dual,16:57.7
66e8661e0c5e57cda7bf2d39,882,1,20,left-2,left,left-dark,dark-up,greater-up,single,16:57.2
5ecc6ffce3ca77849333e83e,768,0,2,left-2,left,left-dark,light-up,greater-up,dual,16:58.7
5ee2e7bf21501a83d55642cd,1304,1,52,left-6,left,left-dark,dark-up,greater-up,single,16:58.0
6664a1634453306b040667c8,NULL,0,2,right-7,none,right-dark,light-up,fewer-up,dual,17:00.2
66e8661e0c5e57cda7bf2d39,1091,1,21,right-7,left,right-dark,light-up,greater-up,single,16:59.7
5ecc6ffce3ca77849333e83e,1097,1,3,right-3,left,right-dark,dark-up,fewer-up,dual,17:01.2
5ee2e7bf21501a83d55642cd,1242,0,53,right-2,left,right-dark,light-up,fewer-up,single,17:00.7
66e8661e0c5e57cda7bf2d39,838,1,22,right-0,right,right-dark,dark-up,greater-up,single,17:02.0
5ecc6ffce3ca77849333e83e,898,1,4,right-9,left,right-dark,dark-up,fewer-up,dual,17:03.4
6664a1634453306b040667c8,1436,0,3,right-9,right,right-dark,dark-up,fewer-up,dual,17:03.4
5ee2e7bf21501a83d55642cd,944,1,54,right-9,right,right-dark,dark-up,greater-up,single,17:03.1
66e8661e0c5e57cda7bf2d39,796,1,23,right-9,right,right-dark,light-up,fewer-up,single,17:04.2
5ecc6ffce3ca77849333e83e,986,0,5,right-9,left,right-dark,light-up,fewer-up,dual,17:05.5
6664a1634453306b040667c8,1284,1,4,left-3,right,left-dark,light-up,greater-up,dual,17:05.8
66e8661e0c5e57cda7bf2d39,1045,1,24,left-6,right,left-dark,light-up,greater-up,single,17:06.3
5ecc6ffce3ca77849333e83e,565,1,6,left-4,right,left-dark,light-up,greater-up,dual,17:07.4
5ee2e7bf21501a83d55642cd,1541,1,55,right-0,left,right-dark,dark-up,fewer-up,single,17:06.0
6664a1634453306b040667c8,NULL,0,5,right-2,none,right-dark,light-up,fewer-up,dual,17:08.5
66e8661e0c5e57cda7bf2d39,1049,1,25,left-9,right,left-dark,light-up,greater-up,single,17:08.6
5ecc6ffce3ca77849333e83e,825,1,7,right-1,left,right-dark,light-up,greater-up,dual,17:09.5
5ee2e7bf21501a83d55642cd,1203,1,56,right-8,right,right-dark,dark-up,greater-up,single,17:08.5
66e8661e0c5e57cda7bf2d39,837,1,26,left-8,right,left-dark,dark-up,fewer-up,single,17:10.6
5ecc6ffce3ca77849333e83e,724,0,8,left-9,right,left-dark,light-up,fewer-up,dual,17:11.8
5ee2e7bf21501a83d55642cd,1022,0,57,left-3,left,left-dark,dark-up,fewer-up,single,17:10.7
6664a1634453306b040667c8,1705,1,6,right-0,left,right-dark,light-up,greater-up,dual,17:12.2
5ecc6ffce3ca77849333e83e,587,0,9,right-5,left,right-dark,dark-up,greater-up,dual,17:13.7
66e8661e0c5e57cda7bf2d39,1159,1,27,left-3,left,left-dark,dark-up,greater-up,single,17:12.8
5ee2e7bf21501a83d55642cd,937,1,58,right-4,right,right-dark,dark-up,greater-up,single,17:12.8
6664a1634453306b040667c8,1418,1,7,left-7,right,left-dark,light-up,greater-up,dual,17:14.9
5ecc6ffce3ca77849333e83e,840,1,10,right-2,left,right-dark,dark-up,fewer-up,dual,17:15.9
66e8661e0c5e57cda7bf2d39,848,1,28,left-7,left,left-dark,light-up,fewer-up,single,17:15.2
5ee2e7bf21501a83d55642cd,1242,0,59,right-5,right,right-dark,dark-up,fewer-up,single,17:15.4
6664a1634453306b040667c8,1369,0,8,right-8,right,right-dark,dark-up,fewer-up,dual,17:17.8
66e8661e0c5e57cda7bf2d39,855,1,29,left-9,left,left-dark,light-up,fewer-up,single,17:17.0
5ecc6ffce3ca77849333e83e,1384,1,11,right-7,right,right-dark,dark-up,greater-up,dual,17:18.4
66e8661e0c5e57cda7bf2d39,1145,1,30,left-9,right,left-dark,dark-up,fewer-up,single,17:19.4
6664a1634453306b040667c8,NULL,0,9,right-5,none,right-dark,light-up,fewer-up,dual,17:20.5
5ecc6ffce3ca77849333e83e,1502,0,12,left-6,right,left-dark,light-up,fewer-up,dual,17:21.4
66e8661e0c5e57cda7bf2d39,809,0,31,right-6,left,right-dark,light-up,fewer-up,single,17:21.6
5ecc6ffce3ca77849333e83e,1190,1,13,left-6,left,left-dark,dark-up,greater-up,dual,17:23.7
6664a1634453306b040667c8,1612,0,10,right-0,right,right-dark,dark-up,fewer-up,dual,17:23.8
5ee2e7bf21501a83d55642cd,1413,0,60,left-9,left,left-dark,dark-up,fewer-up,single,17:22.6
66e8661e0c5e57cda7bf2d39,818,1,32,right-6,right,right-dark,dark-up,greater-up,single,17:23.9
5ecc6ffce3ca77849333e83e,1040,1,14,left-5,left,left-dark,dark-up,greater-up,dual,17:26.3
5ee2e7bf21501a83d55642cd,1095,0,61,left-0,left,left-dark,dark-up,fewer-up,single,17:24.8
6664a1634453306b040667c8,1300,0,11,right-6,left,right-dark,light-up,fewer-up,dual,17:26.5
66e8661e0c5e57cda7bf2d39,992,1,33,right-4,left,right-dark,dark-up,fewer-up,single,17:26.2
5ee2e7bf21501a83d55642cd,1066,0,62,right-4,left,right-dark,light-up,fewer-up,single,17:27.0
5ecc6ffce3ca77849333e83e,1083,1,15,left-3,left,left-dark,light-up,fewer-up,dual,17:28.9
66e8661e0c5e57cda7bf2d39,851,1,34,right-2,right,right-dark,light-up,fewer-up,single,17:28.1
6664a1634453306b040667c8,NULL,0,12,left-5,none,left-dark,dark-up,greater-up,dual,17:29.3
5ee2e7bf21501a83d55642cd,936,0,63,left-7,right,left-dark,light-up,fewer-up,single,17:29.4
5ecc6ffce3ca77849333e83e,1404,1,16,right-1,right,right-dark,dark-up,greater-up,dual,17:31.5
66e8661e0c5e57cda7bf2d39,1177,1,35,left-3,right,left-dark,dark-up,fewer-up,single,17:30.7
6664a1634453306b040667c8,1270,1,13,left-2,right,left-dark,light-up,greater-up,dual,17:32.3
5ee2e7bf21501a83d55642cd,1310,0,64,left-0,right,left-dark,light-up,fewer-up,single,17:31.8
5d9ea13f25b04c0016961421,867,1,0,right-7,right,right-dark,dark-up,greater-up,single,17:32.5
66e8661e0c5e57cda7bf2d39,947,1,36,left-5,right,left-dark,dark-up,fewer-up,single,17:32.8
5ecc6ffce3ca77849333e83e,1213,0,17,left-0,left,left-dark,dark-up,fewer-up,dual,17:34.1
6664a1634453306b040667c8,1236,0,14,left-0,left,left-dark,dark-up,fewer-up,dual,17:34.9
5ee2e7bf21501a83d55642cd,1052,0,65,right-5,right,right-dark,light-up,greater-up,single,17:34.3
66e8661e0c5e57cda7bf2d39,1138,1,37,left-8,left,left-dark,light-up,fewer-up,single,17:35.2
5d9ea13f25b04c0016961421,1433,1,1,left-6,left,left-dark,light-up,fewer-up,single,17:35.4
5ecc6ffce3ca77849333e83e,NULL,0,18,right-2,none,right-dark,light-up,fewer-up,dual,17:36.4
6664a1634453306b040667c8,NULL,0,15,right-9,none,right-dark,light-up,greater-up,dual,17:37.5
5ee2e7bf21501a83d55642cd,857,0,66,right-9,left,right-dark,light-up,fewer-up,single,17:36.5
63fa47854a6eae0d497059e5,1412,1,0,left-3,right,left-dark,dark-up,fewer-up,single,17:37.0
66e8661e0c5e57cda7bf2d39,852,1,38,right-3,right,right-dark,light-up,fewer-up,single,17:37.4
5d9ea13f25b04c0016961421,850,0,2,right-8,right,right-dark,dark-up,fewer-up,single,17:37.6
5ecc6ffce3ca77849333e83e,1523,0,19,left-2,left,left-dark,dark-up,fewer-up,dual,17:39.5
5ee2e7bf21501a83d55642cd,1366,1,67,right-3,left,right-dark,light-up,greater-up,single,17:39.1
63fa47854a6eae0d497059e5,1253,1,1,right-3,right,right-dark,light-up,fewer-up,single,17:39.6
5d9ea13f25b04c0016961421,860,1,3,left-9,left,left-dark,dark-up,greater-up,single,17:39.8
66e8661e0c5e57cda7bf2d39,989,1,39,left-2,right,left-dark,light-up,greater-up,single,17:39.8
6664a1634453306b040667c8,1357,1,16,left-4,right,left-dark,light-up,greater-up,dual,17:40.8
5d9ea13f25b04c0016961421,1104,1,4,right-9,right,right-dark,light-up,fewer-up,single,17:42.1
5ee2e7bf21501a83d55642cd,1178,0,68,right-5,left,right-dark,light-up,fewer-up,single,17:41.7
63fa47854a6eae0d497059e5,NULL,0,2,right-3,none,right-dark,light-up,greater-up,single,17:42.2
6664a1634453306b040667c8,1303,1,17,left-9,left,left-dark,dark-up,greater-up,dual,17:43.3
5d9ea13f25b04c0016961421,565,0,5,left-2,left,left-dark,light-up,greater-up,single,17:44.1
5ee2e7bf21501a83d55642cd,1120,0,69,left-1,left,left-dark,light-up,greater-up,single,17:44.3
6664a1634453306b040667c8,1256,1,18,right-8,left,right-dark,light-up,greater-up,dual,17:45.7
63fa47854a6eae0d497059e5,981,1,3,right-4,right,right-dark,dark-up,greater-up,single,17:45.2
5d9ea13f25b04c0016961421,950,0,6,left-0,left,left-dark,dark-up,fewer-up,single,17:46.4
5ee2e7bf21501a83d55642cd,995,0,70,left-4,left,left-dark,dark-up,fewer-up,single,17:46.5
6664a1634453306b040667c8,1196,1,19,right-6,right,right-dark,dark-up,greater-up,dual,17:48.2
63fa47854a6eae0d497059e5,892,1,4,right-5,right,right-dark,dark-up,greater-up,single,17:47.6
5d9ea13f25b04c0016961421,709,1,7,right-5,right,right-dark,dark-up,greater-up,single,17:48.6
5ecc6ffce3ca77849333e83e,1369,1,20,right-8,right,right-dark,light-up,fewer-up,dual,17:50.0
5ee2e7bf21501a83d55642cd,1007,0,71,left-2,left,left-dark,dark-up,fewer-up,single,17:48.9
5fb156d6e16ee65ed2558d7c,993,0,20,left-5,left,left-dark,light-up,greater-up,dual,17:48.2
63fa47854a6eae0d497059e5,1164,1,5,left-6,right,left-dark,light-up,greater-up,single,17:50.2
5d9ea13f25b04c0016961421,1122,0,8,left-9,left,left-dark,dark-up,fewer-up,single,17:50.8
5ecc6ffce3ca77849333e83e,1016,0,21,right-8,right,right-dark,dark-up,fewer-up,dual,17:52.2
5fb156d6e16ee65ed2558d7c,917,0,21,left-6,right,left-dark,light-up,fewer-up,dual,17:50.2
5ee2e7bf21501a83d55642cd,1577,0,72,right-7,right,right-dark,light-up,greater-up,single,17:51.7
5d9ea13f25b04c0016961421,685,0,9,right-4,right,right-dark,dark-up,fewer-up,single,17:52.8
63fa47854a6eae0d497059e5,1355,1,6,right-9,left,right-dark,dark-up,fewer-up,single,17:53.0
5fb156d6e16ee65ed2558d7c,586,0,22,left-9,left,left-dark,light-up,greater-up,dual,17:52.3
5ecc6ffce3ca77849333e83e,1397,0,22,left-2,right,left-dark,light-up,fewer-up,dual,17:54.9
5d9ea13f25b04c0016961421,737,1,10,left-5,left,left-dark,dark-up,greater-up,single,17:54.8
5ee2e7bf21501a83d55642cd,1296,1,73,right-4,left,right-dark,light-up,greater-up,single,17:54.2
63fa47854a6eae0d497059e5,1412,1,7,right-7,right,right-dark,light-up,fewer-up,single,17:55.9
5ecc6ffce3ca77849333e83e,1189,1,23,left-7,right,left-dark,light-up,greater-up,dual,17:57.4
5d9ea13f25b04c0016961421,524,0,11,right-9,right,right-dark,dark-up,fewer-up,single,17:56.7
5fb156d6e16ee65ed2558d7c,1667,1,23,right-4,right,right-dark,light-up,fewer-up,dual,17:55.5
5ee2e7bf21501a83d55642cd,1388,0,74,right-6,right,right-dark,dark-up,fewer-up,single,17:56.7
6664a1634453306b040667c8,1717,1,20,right-4,left,right-dark,dark-up,fewer-up,dual,17:58.2
63fa47854a6eae0d497059e5,958,0,8,right-6,right,right-dark,dark-up,fewer-up,single,17:58.2
5d9ea13f25b04c0016961421,574,0,12,left-6,left,left-dark,light-up,greater-up,single,17:58.6
5ecc6ffce3ca77849333e83e,993,0,24,left-0,right,left-dark,light-up,fewer-up,dual,17:59.6
5ee2e7bf21501a83d55642cd,1132,1,75,right-1,right,right-dark,dark-up,greater-up,single,17:59.2
5fb156d6e16ee65ed2558d7c,1549,0,24,right-5,right,right-dark,light-up,greater-up,dual,17:58.5
6664a1634453306b040667c8,1433,0,21,right-4,left,right-dark,light-up,fewer-up,dual,18:00.8
5d9ea13f25b04c0016961421,613,0,13,right-4,right,right-dark,light-up,greater-up,single,18:00.3
63fa47854a6eae0d497059e5,1165,1,9,left-8,left,left-dark,dark-up,greater-up,single,18:00.7
5ecc6ffce3ca77849333e83e,1380,1,25,left-1,left,left-dark,dark-up,greater-up,dual,18:02.3
5ee2e7bf21501a83d55642cd,1154,1,76,left-7,right,left-dark,light-up,greater-up,single,18:01.4
5d9ea13f25b04c0016961421,507,1,14,right-1,right,right-dark,dark-up,greater-up,single,18:02.2
5fb156d6e16ee65ed2558d7c,1482,1,25,right-6,right,right-dark,light-up,fewer-up,dual,18:01.2
6664a1634453306b040667c8,NULL,0,22,left-8,none,left-dark,dark-up,fewer-up,dual,18:03.6
63fa47854a6eae0d497059e5,1276,1,10,right-7,left,right-dark,dark-up,fewer-up,single,18:03.2
69b473c6ef06fe86d13fca62,NULL,0,0,right-9,none,right-dark,dark-up,fewer-up,dual,18:03.6
5ecc6ffce3ca77849333e83e,1350,0,26,right-6,right,right-dark,dark-up,fewer-up,dual,18:05.1
5d9ea13f25b04c0016961421,652,0,15,right-2,right,right-dark,dark-up,fewer-up,single,18:04.4
5ee2e7bf21501a83d55642cd,1324,0,77,right-1,left,right-dark,light-up,fewer-up,single,18:04.0
5fb156d6e16ee65ed2558d7c,1397,0,26,right-4,right,right-dark,dark-up,fewer-up,dual,18:03.7
6664a1634453306b040667c8,921,1,23,left-8,right,left-dark,light-up,greater-up,dual,18:06.3
63fa47854a6eae0d497059e5,1443,1,11,left-1,right,left-dark,dark-up,fewer-up,single,18:06.0
69b473c6ef06fe86d13fca62,NULL,0,1,right-6,none,right-dark,dark-up,greater-up,dual,18:06.6
5ecc6ffce3ca77849333e83e,1477,1,27,left-4,left,left-dark,light-up,fewer-up,dual,18:07.7
5ee2e7bf21501a83d55642cd,1035,0,78,left-1,right,left-dark,light-up,fewer-up,single,18:06.4
5d9ea13f25b04c0016961421,1166,1,16,right-8,left,right-dark,light-up,greater-up,single,18:07.0
6664a1634453306b040667c8,1263,0,24,right-2,right,right-dark,dark-up,fewer-up,dual,18:08.7
5fb156d6e16ee65ed2558d7c,1650,1,27,left-7,left,left-dark,light-up,fewer-up,dual,18:06.7
63fa47854a6eae0d497059e5,912,1,12,left-2,left,left-dark,dark-up,greater-up,single,18:08.5
66e8661e0c5e57cda7bf2d39,959,1,40,right-6,left,right-dark,dark-up,fewer-up,single,18:08.7
5ee2e7bf21501a83d55642cd,997,1,79,left-3,left,left-dark,dark-up,greater-up,single,18:08.5
5ecc6ffce3ca77849333e83e,986,1,28,left-7,left,left-dark,light-up,fewer-up,dual,18:10.0
5d9ea13f25b04c0016961421,1051,0,17,left-0,left,left-dark,light-up,greater-up,single,18:09.5
6664a1634453306b040667c8,668,0,25,left-4,left,left-dark,dark-up,fewer-up,dual,18:10.5
69b473c6ef06fe86d13fca62,NULL,0,2,left-3,none,left-dark,light-up,fewer-up,dual,18:09.8
5fb156d6e16ee65ed2558d7c,854,1,28,left-0,left,left-dark,dark-up,greater-up,dual,18:09.0
66e8661e0c5e57cda7bf2d39,837,1,41,left-2,left,left-dark,light-up,fewer-up,single,18:10.7
63fa47854a6eae0d497059e5,1299,1,13,right-0,left,right-dark,dark-up,fewer-up,single,18:11.1
5ecc6ffce3ca77849333e83e,989,0,29,left-1,left,left-dark,light-up,greater-up,dual,18:12.3
5d9ea13f25b04c0016961421,608,0,18,right-7,right,right-dark,light-up,greater-up,single,18:11.7
6664a1634453306b040667c8,909,0,26,left-6,right,left-dark,light-up,fewer-up,dual,18:12.7
66e8661e0c5e57cda7bf2d39,766,1,42,left-6,left,left-dark,light-up,fewer-up,single,18:12.6
5fb156d6e16ee65ed2558d7c,1069,1,29,right-2,right,right-dark,light-up,fewer-up,dual,18:11.5
5d9ea13f25b04c0016961421,457,1,19,right-1,right,right-dark,light-up,fewer-up,single,18:13.1
63fa47854a6eae0d497059e5,1047,1,14,right-8,right,right-dark,dark-up,greater-up,single,18:13.3
69b473c6ef06fe86d13fca62,1471,1,3,right-2,left,right-dark,dark-up,fewer-up,dual,18:13.2
5ecc6ffce3ca77849333e83e,1212,0,30,left-9,left,left-dark,dark-up,fewer-up,dual,18:14.9
6664a1634453306b040667c8,NULL,0,27,left-1,none,left-dark,light-up,greater-up,dual,18:15.3
66e8661e0c5e57cda7bf2d39,916,1,43,right-5,left,right-dark,dark-up,fewer-up,single,18:15.0
5fb156d6e16ee65ed2558d7c,NULL,0,30,left-4,none,left-dark,dark-up,greater-up,dual,18:14.2
69b473c6ef06fe86d13fca62,946,0,4,right-3,right,right-dark,dark-up,fewer-up,dual,18:15.7
63fa47854a6eae0d497059e5,1358,1,15,left-2,right,left-dark,dark-up,fewer-up,single,18:15.9
5ecc6ffce3ca77849333e83e,1162,1,31,left-8,right,left-dark,dark-up,fewer-up,dual,18:17.2
5d9ea13f25b04c0016961421,707,1,20,right-8,right,right-dark,light-up,fewer-up,single,18:17.1
66e8661e0c5e57cda7bf2d39,924,1,44,right-8,left,right-dark,dark-up,fewer-up,single,18:17.1
5fb156d6e16ee65ed2558d7c,671,1,31,right-5,right,right-dark,light-up,fewer-up,dual,18:16.6
6664a1634453306b040667c8,1621,0,28,left-7,left,left-dark,dark-up,fewer-up,dual,18:19.0
63fa47854a6eae0d497059e5,1049,1,16,right-7,right,right-dark,dark-up,greater-up,single,18:18.2
69b473c6ef06fe86d13fca62,763,1,5,left-4,left,left-dark,dark-up,greater-up,dual,18:18.1
5ecc6ffce3ca77849333e83e,805,1,32,left-7,right,left-dark,dark-up,fewer-up,dual,18:19.3
5d9ea13f25b04c0016961421,408,0,21,right-3,right,right-dark,light-up,greater-up,single,18:19.0
66e8661e0c5e57cda7bf2d39,1153,0,45,left-0,left,left-dark,light-up,greater-up,single,18:19.6
5fb156d6e16ee65ed2558d7c,1037,1,32,left-2,left,left-dark,dark-up,greater-up,dual,18:18.9
5d9ea13f25b04c0016961421,283,0,22,left-1,right,left-dark,dark-up,greater-up,single,18:20.6
5ecc6ffce3ca77849333e83e,1221,1,33,left-6,right,left-dark,light-up,greater-up,dual,18:21.6
6664a1634453306b040667c8,1029,0,29,left-0,right,left-dark,light-up,fewer-up,dual,18:21.6
63fa47854a6eae0d497059e5,1021,1,17,right-1,right,right-dark,light-up,fewer-up,single,18:20.7
69b473c6ef06fe86d13fca62,1171,1,6,left-7,left,left-dark,dark-up,greater-up,dual,18:20.7
66e8661e0c5e57cda7bf2d39,852,1,46,left-0,left,left-dark,dark-up,greater-up,single,18:21.9
5d9ea13f25b04c0016961421,374,1,23,left-5,left,left-dark,light-up,fewer-up,single,18:22.3
5ecc6ffce3ca77849333e83e,1106,1,34,left-8,right,left-dark,light-up,greater-up,dual,18:23.8
69b473c6ef06fe86d13fca62,760,0,7,left-7,right,left-dark,light-up,fewer-up,dual,18:22.7
5fb156d6e16ee65ed2558d7c,1077,0,33,right-3,right,right-dark,light-up,greater-up,dual,18:21.7
63fa47854a6eae0d497059e5,816,1,18,left-6,left,left-dark,dark-up,greater-up,single,18:23.0
6664a1634453306b040667c8,NULL,0,30,left-1,none,left-dark,dark-up,fewer-up,dual,18:24.0
66e8661e0c5e57cda7bf2d39,721,1,47,right-3,right,right-dark,dark-up,greater-up,single,18:23.9
5d9ea13f25b04c0016961421,435,0,24,left-3,left,left-dark,light-up,greater-up,single,18:24.0
63fa47854a6eae0d497059e5,881,1,19,left-1,left,left-dark,dark-up,greater-up,single,18:24.9
69b473c6ef06fe86d13fca62,1471,0,8,right-9,left,right-dark,dark-up,greater-up,dual,18:25.2
5ecc6ffce3ca77849333e83e,1351,0,35,left-1,right,left-dark,light-up,fewer-up,dual,18:26.4
5fb156d6e16ee65ed2558d7c,825,1,34,right-7,right,right-dark,dark-up,greater-up,dual,18:24.2
5d9ea13f25b04c0016961421,361,1,25,left-0,left,left-dark,light-up,fewer-up,single,18:25.8
6664a1634453306b040667c8,1283,1,31,left-0,left,left-dark,dark-up,greater-up,dual,18:27.0
66e8661e0c5e57cda7bf2d39,1095,0,48,right-1,right,right-dark,light-up,greater-up,single,18:26.5
5d9ea13f25b04c0016961421,350,0,26,left-8,left,left-dark,dark-up,fewer-up,single,18:27.5
5ecc6ffce3ca77849333e83e,1142,1,36,right-8,left,right-dark,light-up,greater-up,dual,18:28.5
5fb156d6e16ee65ed2558d7c,NULL,0,35,right-0,none,right-dark,dark-up,greater-up,dual,18:26.5
69b473c6ef06fe86d13fca62,1214,0,9,left-3,right,left-dark,dark-up,greater-up,dual,18:27.8
6664a1634453306b040667c8,NULL,0,32,left-6,none,left-dark,dark-up,fewer-up,dual,18:29.4
66e8661e0c5e57cda7bf2d39,790,1,49,right-2,right,right-dark,dark-up,greater-up,single,18:28.7
5d9ea13f25b04c0016961421,536,1,27,right-5,right,right-dark,light-up,fewer-up,single,18:29.5
61bb396840db417c1a138e3d,873,0,0,right-7,right,right-dark,light-up,greater-up,dual,18:27.5
5fb156d6e16ee65ed2558d7c,397,0,36,right-9,right,right-dark,light-up,greater-up,dual,18:28.8
69b473c6ef06fe86d13fca62,1278,0,10,right-6,right,right-dark,dark-up,fewer-up,dual,18:30.1
5ecc6ffce3ca77849333e83e,1484,1,37,right-0,left,right-dark,dark-up,fewer-up,dual,18:31.5
5d9ea13f25b04c0016961421,430,0,28,right-1,right,right-dark,light-up,greater-up,single,18:31.0
66e8661e0c5e57cda7bf2d39,988,1,50,left-5,right,left-dark,light-up,greater-up,single,18:31.1
6664a1634453306b040667c8,1196,0,33,right-0,left,right-dark,light-up,fewer-up,dual,18:32.4
5fb156d6e16ee65ed2558d7c,641,1,37,left-2,left,left-dark,light-up,fewer-up,dual,18:30.7
63fa47854a6eae0d497059e5,968,1,20,right-2,left,right-dark,light-up,greater-up,single,18:32.2
61bb396840db417c1a138e3d,1602,1,1,left-8,left,left-dark,dark-up,greater-up,dual,18:30.5
69b473c6ef06fe86d13fca62,NULL,0,11,right-9,none,right-dark,light-up,fewer-up,dual,18:32.8
5d9ea13f25b04c0016961421,993,0,29,right-1,right,right-dark,dark-up,fewer-up,single,18:33.2
5ecc6ffce3ca77849333e83e,1277,0,38,left-7,right,left-dark,dark-up,greater-up,dual,18:34.1
66e8661e0c5e57cda7bf2d39,934,1,51,right-6,left,right-dark,light-up,greater-up,single,18:33.5
6664a1634453306b040667c8,1333,1,34,right-3,left,right-dark,light-up,greater-up,dual,18:35.0
5fb156d6e16ee65ed2558d7c,1254,1,38,right-0,right,right-dark,light-up,fewer-up,dual,18:33.3
63fa47854a6eae0d497059e5,1003,1,21,left-4,right,left-dark,light-up,greater-up,single,18:34.6
61bb396840db417c1a138e3d,916,1,2,right-1,right,right-dark,dark-up,greater-up,dual,18:32.7
5d9ea13f25b04c0016961421,453,1,30,right-3,right,right-dark,dark-up,greater-up,single,18:35.0
5ecc6ffce3ca77849333e83e,1128,1,39,right-2,left,right-dark,light-up,greater-up,dual,18:36.4
66e8661e0c5e57cda7bf2d39,1007,1,52,left-2,right,left-dark,dark-up,fewer-up,single,18:35.5
69b473c6ef06fe86d13fca62,775,1,12,left-0,left,left-dark,light-up,fewer-up,dual,18:35.7
5fb156d6e16ee65ed2558d7c,649,0,39,left-7,left,left-dark,dark-up,fewer-up,dual,18:35.1
5d9ea13f25b04c0016961421,256,0,31,right-6,right,right-dark,dark-up,fewer-up,single,18:36.8
6664a1634453306b040667c8,1477,1,35,right-8,right,right-dark,light-up,fewer-up,dual,18:37.7
61bb396840db417c1a138e3d,973,1,3,right-3,left,right-dark,dark-up,fewer-up,dual,18:34.9
63fa47854a6eae0d497059e5,1151,0,22,right-1,right,right-dark,dark-up,fewer-up,single,18:37.2
66e8661e0c5e57cda7bf2d39,1007,1,53,right-1,right,right-dark,light-up,fewer-up,single,18:37.9
5d9ea13f25b04c0016961421,460,0,32,left-7,left,left-dark,light-up,greater-up,single,18:38.4
69b473c6ef06fe86d13fca62,1051,1,13,right-6,right,right-dark,light-up,fewer-up,dual,18:38.2
61bb396840db417c1a138e3d,659,0,4,left-2,right,left-dark,light-up,fewer-up,dual,18:37.1
63fa47854a6eae0d497059e5,953,1,23,left-4,left,left-dark,light-up,fewer-up,single,18:39.4
6664a1634453306b040667c8,NULL,0,36,left-9,none,left-dark,light-up,greater-up,dual,18:40.5
5d9ea13f25b04c0016961421,340,1,33,right-4,right,right-dark,light-up,fewer-up,single,18:40.1
66e8661e0c5e57cda7bf2d39,1050,1,54,left-7,right,left-dark,light-up,greater-up,single,18:40.4
61bb396840db417c1a138e3d,615,0,5,left-1,left,left-dark,dark-up,fewer-up,dual,18:38.8
69b473c6ef06fe86d13fca62,1561,0,14,left-7,left,left-dark,dark-up,fewer-up,dual,18:40.8
5d9ea13f25b04c0016961421,358,1,34,left-4,left,left-dark,dark-up,greater-up,single,18:41.7
63fa47854a6eae0d497059e5,1433,1,24,left-5,right,left-dark,dark-up,fewer-up,single,18:42.2
66e8661e0c5e57cda7bf2d39,1070,1,55,left-7,right,left-dark,dark-up,fewer-up,single,18:42.6
61bb396840db417c1a138e3d,428,1,6,left-1,left,left-dark,dark-up,greater-up,dual,18:40.4
6664a1634453306b040667c8,1555,0,37,left-9,right,left-dark,light-up,fewer-up,dual,18:43.7
5ecc6ffce3ca77849333e83e,975,1,40,left-5,right,left-dark,light-up,greater-up,dual,18:43.8
5d9ea13f25b04c0016961421,380,1,35,right-2,right,right-dark,light-up,fewer-up,single,18:43.4
69b473c6ef06fe86d13fca62,1625,1,15,right-7,right,right-dark,light-up,fewer-up,dual,18:43.9
5fb156d6e16ee65ed2558d7c,NULL,0,40,right-8,none,right-dark,dark-up,greater-up,dual,18:42.6
63fa47854a6eae0d497059e5,1162,0,25,left-8,left,left-dark,dark-up,fewer-up,single,18:44.7
5ecc6ffce3ca77849333e83e,960,0,41,right-6,left,right-dark,light-up,fewer-up,dual,18:45.8
5d9ea13f25b04c0016961421,387,0,36,left-7,left,left-dark,dark-up,fewer-up,single,18:45.0
66e8661e0c5e57cda7bf2d39,1083,0,56,left-1,right,left-dark,dark-up,greater-up,single,18:45.3
6664a1634453306b040667c8,NULL,0,38,left-3,none,left-dark,light-up,fewer-up,dual,18:46.3
61bb396840db417c1a138e3d,1409,0,7,left-2,left,left-dark,dark-up,fewer-up,dual,18:43.3
5fb156d6e16ee65ed2558d7c,531,0,41,left-3,left,left-dark,dark-up,fewer-up,dual,18:44.8
69b473c6ef06fe86d13fca62,969,1,16,right-5,right,right-dark,light-up,fewer-up,dual,18:46.1
5d9ea13f25b04c0016961421,555,1,37,right-3,right,right-dark,light-up,fewer-up,single,18:47.1
63fa47854a6eae0d497059e5,1392,1,26,left-6,left,left-dark,light-up,fewer-up,single,18:47.3
5ecc6ffce3ca77849333e83e,1323,0,42,right-4,right,right-dark,light-up,greater-up,dual,18:48.3
66e8661e0c5e57cda7bf2d39,985,0,57,right-2,right,right-dark,light-up,greater-up,single,18:47.4
5fb156d6e16ee65ed2558d7c,860,1,42,right-9,right,right-dark,light-up,fewer-up,dual,18:46.7
61bb396840db417c1a138e3d,1502,1,8,right-6,left,right-dark,light-up,greater-up,dual,18:46.3
5d9ea13f25b04c0016961421,480,1,38,right-0,right,right-dark,light-up,fewer-up,single,18:48.8
6664a1634453306b040667c8,NULL,0,39,right-7,none,right-dark,dark-up,fewer-up,dual,18:49.6
69b473c6ef06fe86d13fca62,1267,0,17,right-9,right,right-dark,light-up,greater-up,dual,18:48.7
66e8661e0c5e57cda7bf2d39,930,1,58,left-6,right,left-dark,dark-up,fewer-up,single,18:49.7
63fa47854a6eae0d497059e5,1401,0,27,left-1,left,left-dark,light-up,greater-up,single,18:49.8
5ecc6ffce3ca77849333e83e,1106,1,43,left-9,left,left-dark,dark-up,greater-up,dual,18:50.9
5fb156d6e16ee65ed2558d7c,596,0,43,left-1,left,left-dark,light-up,greater-up,dual,18:48.8
61bb396840db417c1a138e3d,1236,1,9,right-6,right,right-dark,dark-up,greater-up,dual,18:48.8
5d9ea13f25b04c0016961421,1461,1,39,left-6,left,left-dark,dark-up,greater-up,single,18:51.6
66e8661e0c5e57cda7bf2d39,932,1,59,left-1,left,left-dark,light-up,fewer-up,single,18:51.7
5ecc6ffce3ca77849333e83e,674,1,44,right-8,right,right-dark,dark-up,greater-up,dual,18:52.9
5fb156d6e16ee65ed2558d7c,740,0,44,left-8,right,left-dark,light-up,fewer-up,dual,18:50.9
69b473c6ef06fe86d13fca62,1707,0,18,left-2,right,left-dark,light-up,fewer-up,dual,18:52.2
63fa47854a6eae0d497059e5,1246,1,28,right-4,left,right-dark,light-up,greater-up,single,18:52.3
61bb396840db417c1a138e3d,795,0,10,left-9,right,left-dark,dark-up,greater-up,dual,18:50.9
5fb156d6e16ee65ed2558d7c,604,0,45,left-3,left,left-dark,light-up,greater-up,dual,18:52.8
5ecc6ffce3ca77849333e83e,1408,1,45,right-3,right,right-dark,dark-up,greater-up,dual,18:55.3
69b473c6ef06fe86d13fca62,732,1,19,left-9,left,left-dark,light-up,fewer-up,dual,18:54.3
63fa47854a6eae0d497059e5,955,1,29,right-5,left,right-dark,light-up,greater-up,single,18:54.6
6664a1634453306b040667c8,1428,1,40,left-6,right,left-dark,light-up,greater-up,dual,18:56.4
61bb396840db417c1a138e3d,1586,0,11,left-7,right,left-dark,light-up,fewer-up,dual,18:54.0
5ecc6ffce3ca77849333e83e,724,1,46,left-8,left,left-dark,light-up,fewer-up,dual,18:57.2
5fb156d6e16ee65ed2558d7c,1581,1,46,left-1,right,left-dark,dark-up,fewer-up,dual,18:55.4
63fa47854a6eae0d497059e5,908,1,30,right-1,right,right-dark,dark-up,greater-up,single,18:56.9
6664a1634453306b040667c8,1392,1,41,right-1,left,right-dark,light-up,greater-up,dual,18:59.0
5ecc6ffce3ca77849333e83e,958,1,47,right-1,right,right-dark,light-up,fewer-up,dual,18:59.2
61bb396840db417c1a138e3d,1483,0,12,right-4,right,right-dark,light-up,greater-up,dual,18:56.6
5fb156d6e16ee65ed2558d7c,1052,0,47,right-7,right,right-dark,light-up,greater-up,dual,18:57.6
66e8661e0c5e57cda7bf2d39,895,1,60,right-7,right,right-dark,light-up,fewer-up,single,18:58.9
63fa47854a6eae0d497059e5,875,1,31,left-5,left,left-dark,light-up,fewer-up,single,18:59.2
5ecc6ffce3ca77849333e83e,888,1,48,left-0,left,left-dark,dark-up,greater-up,dual,19:01.4
5fb156d6e16ee65ed2558d7c,588,1,48,left-0,left,left-dark,light-up,fewer-up,dual,18:59.4
6664a1634453306b040667c8,1621,1,42,right-6,left,right-dark,dark-up,fewer-up,dual,19:01.9
61bb396840db417c1a138e3d,NULL,0,13,right-4,none,right-dark,dark-up,greater-up,dual,18:58.9
66e8661e0c5e57cda7bf2d39,1030,1,61,right-0,left,right-dark,light-up,greater-up,single,19:01.3
63fa47854a6eae0d497059e5,973,1,32,left-7,left,left-dark,dark-up,greater-up,single,19:01.5
5fb156d6e16ee65ed2558d7c,519,1,49,right-3,right,right-dark,dark-up,greater-up,dual,19:01.3
5ecc6ffce3ca77849333e83e,835,1,49,right-0,left,right-dark,light-up,greater-up,dual,19:03.6
63fa47854a6eae0d497059e5,895,1,33,right-2,right,right-dark,dark-up,greater-up,single,19:03.5
66e8661e0c5e57cda7bf2d39,973,1,62,right-4,right,right-dark,light-up,fewer-up,single,19:03.6
6664a1634453306b040667c8,1340,0,43,left-4,right,left-dark,dark-up,greater-up,dual,19:04.7
61bb396840db417c1a138e3d,1155,1,14,right-2,right,right-dark,dark-up,greater-up,dual,19:01.7
5fb156d6e16ee65ed2558d7c,601,0,50,right-1,left,right-dark,light-up,fewer-up,dual,19:03.5
69b473c6ef06fe86d13fca62,NULL,0,20,right-5,none,right-dark,dark-up,fewer-up,dual,19:04.7
5ecc6ffce3ca77849333e83e,1254,1,50,left-3,left,left-dark,dark-up,greater-up,dual,19:06.3
63fa47854a6eae0d497059e5,1025,1,34,left-5,left,left-dark,dark-up,greater-up,single,19:05.5
6664a1634453306b040667c8,1357,1,44,right-4,right,right-dark,dark-up,greater-up,dual,19:07.1
66e8661e0c5e57cda7bf2d39,1389,1,63,right-3,left,right-dark,light-up,greater-up,single,19:06.4
61bb396840db417c1a138e3d,1658,1,15,right-0,right,right-dark,dark-up,greater-up,dual,19:04.9
5fb156d6e16ee65ed2558d7c,1362,0,51,left-9,left,left-dark,dark-up,fewer-up,dual,19:06.2
69b473c6ef06fe86d13fca62,960,0,21,left-9,left,left-dark,light-up,greater-up,dual,19:07.6
63fa47854a6eae0d497059e5,1430,1,35,right-4,right,right-dark,light-up,fewer-up,single,19:08.1
5ecc6ffce3ca77849333e83e,1661,1,51,right-7,left,right-dark,light-up,greater-up,dual,19:09.3
66e8661e0c5e57cda7bf2d39,1023,1,64,left-5,left,left-dark,light-up,fewer-up,single,19:08.5
6664a1634453306b040667c8,1577,1,45,left-2,left,left-dark,light-up,fewer-up,dual,19:09.9
5fb156d6e16ee65ed2558d7c,335,1,52,right-4,right,right-dark,dark-up,greater-up,dual,19:08.1
61bb396840db417c1a138e3d,965,0,16,left-3,left,left-dark,light-up,greater-up,dual,19:07.4
69b473c6ef06fe86d13fca62,628,1,22,right-8,right,right-dark,light-up,fewer-up,dual,19:09.7
63fa47854a6eae0d497059e5,1083,1,36,right-3,left,right-dark,dark-up,fewer-up,single,19:10.3
66e8661e0c5e57cda7bf2d39,723,1,65,right-9,right,right-dark,dark-up,greater-up,single,19:10.7
5ecc6ffce3ca77849333e83e,1474,1,52,left-8,left,left-dark,dark-up,greater-up,dual,19:11.9
61bb396840db417c1a138e3d,298,1,17,right-1,right,right-dark,light-up,fewer-up,dual,19:09.0
6664a1634453306b040667c8,995,1,46,right-0,right,right-dark,dark-up,greater-up,dual,19:12.2
5fb156d6e16ee65ed2558d7c,1147,1,53,right-3,right,right-dark,light-up,fewer-up,dual,19:10.2
69b473c6ef06fe86d13fca62,1090,1,23,right-4,right,right-dark,dark-up,greater-up,dual,19:12.2
63fa47854a6eae0d497059e5,881,1,37,left-7,right,left-dark,light-up,greater-up,single,19:12.7
66e8661e0c5e57cda7bf2d39,1148,0,66,left-8,left,left-dark,light-up,greater-up,single,19:13.0
61bb396840db417c1a138e3d,910,0,18,left-8,left,left-dark,dark-up,fewer-up,dual,19:11.0
5ecc6ffce3ca77849333e83e,937,0,53,left-0,left,left-dark,light-up,greater-up,dual,19:14.3
6664a1634453306b040667c8,1255,1,47,right-2,left,right-dark,light-up,greater-up,dual,19:14.7
5fb156d6e16ee65ed2558d7c,1035,0,54,left-5,right,left-dark,dark-up,greater-up,dual,19:12.7
61bb396840db417c1a138e3d,26,0,19,right-8,right,right-dark,dark-up,fewer-up,dual,19:12.6
63fa47854a6eae0d497059e5,1004,1,38,right-0,left,right-dark,light-up,greater-up,single,19:14.9
69b473c6ef06fe86d13fca62,NULL,0,24,right-6,none,right-dark,light-up,greater-up,dual,19:14.8
66e8661e0c5e57cda7bf2d39,1523,1,67,right-4,left,right-dark,light-up,greater-up,single,19:15.6
5ecc6ffce3ca77849333e83e,NULL,0,54,left-5,none,left-dark,light-up,fewer-up,dual,19:16.6
5fb156d6e16ee65ed2558d7c,536,0,55,right-6,right,right-dark,light-up,greater-up,dual,19:14.3
6664a1634453306b040667c8,1658,1,48,left-3,right,left-dark,dark-up,fewer-up,dual,19:17.4
63fa47854a6eae0d497059e5,964,1,39,right-8,left,right-dark,light-up,greater-up,single,19:17.1
66e8661e0c5e57cda7bf2d39,872,1,68,left-0,right,left-dark,dark-up,fewer-up,single,19:17.9
69b473c6ef06fe86d13fca62,993,0,25,left-6,left,left-dark,dark-up,fewer-up,dual,19:17.7
5fb156d6e16ee65ed2558d7c,911,0,56,right-8,right,right-dark,dark-up,fewer-up,dual,19:16.6
5ecc6ffce3ca77849333e83e,936,1,55,left-6,right,left-dark,dark-up,fewer-up,dual,19:19.3
6664a1634453306b040667c8,1629,1,49,left-6,left,left-dark,dark-up,greater-up,dual,19:20.6
5fb156d6e16ee65ed2558d7c,546,1,57,right-7,left,right-dark,dark-up,fewer-up,dual,19:18.6
66e8661e0c5e57cda7bf2d39,875,1,69,left-4,right,left-dark,light-up,greater-up,single,19:19.9
69b473c6ef06fe86d13fca62,894,0,26,left-8,left,left-dark,dark-up,fewer-up,dual,19:20.4
5ecc6ffce3ca77849333e83e,1016,0,56,right-4,left,right-dark,light-up,fewer-up,dual,19:21.8
66e8661e0c5e57cda7bf2d39,1059,1,70,left-1,right,left-dark,dark-up,fewer-up,single,19:22.0
6664a1634453306b040667c8,1453,0,50,left-1,right,left-dark,light-up,fewer-up,dual,19:23.1
5fb156d6e16ee65ed2558d7c,NULL,0,58,left-3,none,left-dark,light-up,fewer-up,dual,19:21.3
69b473c6ef06fe86d13fca62,1410,1,27,left-6,left,left-dark,dark-up,greater-up,dual,19:23.0
5ecc6ffce3ca77849333e83e,NULL,0,57,right-2,none,right-dark,dark-up,greater-up,dual,19:24.2
6664a1634453306b040667c8,97,1,51,left-8,left,left-dark,dark-up,greater-up,dual,19:24.4
63fa47854a6eae0d497059e5,1406,1,40,right-0,right,right-dark,light-up,fewer-up,single,19:24.3
66e8661e0c5e57cda7bf2d39,1091,1,71,left-0,left,left-dark,light-up,fewer-up,single,19:24.5
5fb156d6e16ee65ed2558d7c,616,1,59,right-6,left,right-dark,dark-up,fewer-up,dual,19:23.6
69b473c6ef06fe86d13fca62,911,1,28,right-1,right,right-dark,dark-up,greater-up,dual,19:25.4
5ecc6ffce3ca77849333e83e,1132,0,58,left-1,left,left-dark,dark-up,fewer-up,dual,19:27.1
6664a1634453306b040667c8,1749,1,52,right-4,left,right-dark,light-up,greater-up,dual,19:27.7
63fa47854a6eae0d497059e5,912,1,41,left-0,left,left-dark,dark-up,greater-up,single,19:26.8
66e8661e0c5e57cda7bf2d39,1287,1,72,left-1,right,left-dark,light-up,greater-up,single,19:27.0
69b473c6ef06fe86d13fca62,878,1,29,left-5,right,left-dark,light-up,greater-up,dual,19:27.8
5ecc6ffce3ca77849333e83e,1156,1,59,left-5,right,left-dark,dark-up,fewer-up,dual,19:29.7
63fa47854a6eae0d497059e5,926,1,42,right-0,right,right-dark,dark-up,greater-up,single,19:29.2
6664a1634453306b040667c8,980,1,53,right-7,right,right-dark,dark-up,greater-up,dual,19:30.1
61bb396840db417c1a138e3d,700,0,20,left-0,right,left-dark,light-up,fewer-up,dual,19:27.1
66e8661e0c5e57cda7bf2d39,1164,1,73,left-5,left,left-dark,dark-up,greater-up,single,19:29.4
69b473c6ef06fe86d13fca62,1480,0,30,right-2,right,right-dark,light-up,greater-up,dual,19:30.7
66e8661e0c5e57cda7bf2d39,802,1,74,left-7,left,left-dark,dark-up,greater-up,single,19:31.4
63fa47854a6eae0d497059e5,987,1,43,left-1,left,left-dark,light-up,fewer-up,single,19:31.5
61bb396840db417c1a138e3d,1609,1,21,left-1,left,left-dark,light-up,fewer-up,dual,19:29.7
6664a1634453306b040667c8,1660,1,54,right-5,left,right-dark,dark-up,fewer-up,dual,19:33.2
69b473c6ef06fe86d13fca62,867,0,31,right-1,right,right-dark,dark-up,fewer-up,dual,19:32.8
5ecc6ffce3ca77849333e83e,1286,1,60,right-6,right,right-dark,dark-up,greater-up,dual,19:34.3
61bb396840db417c1a138e3d,777,1,22,left-9,right,left-dark,light-up,greater-up,dual,19:31.5
63fa47854a6eae0d497059e5,976,1,44,right-8,left,right-dark,dark-up,fewer-up,single,19:33.9
66e8661e0c5e57cda7bf2d39,1340,0,75,right-7,right,right-dark,dark-up,fewer-up,single,19:34.2
6664a1634453306b040667c8,NULL,0,55,right-1,none,right-dark,light-up,fewer-up,dual,19:35.7
69b473c6ef06fe86d13fca62,701,1,32,right-7,right,right-dark,dark-up,greater-up,dual,19:34.7
5fb156d6e16ee65ed2558d7c,723,0,60,left-5,left,left-dark,dark-up,fewer-up,dual,19:33.8
5ecc6ffce3ca77849333e83e,1099,1,61,right-7,left,right-dark,dark-up,fewer-up,dual,19:36.5
63fa47854a6eae0d497059e5,932,0,45,left-8,right,left-dark,light-up,fewer-up,single,19:36.1
61bb396840db417c1a138e3d,1494,0,23,left-3,right,left-dark,dark-up,greater-up,dual,19:34.2
66e8661e0c5e57cda7bf2d39,968,1,76,left-3,left,left-dark,light-up,fewer-up,single,19:36.6
5fb156d6e16ee65ed2558d7c,590,1,61,right-5,right,right-dark,dark-up,greater-up,dual,19:35.6
69b473c6ef06fe86d13fca62,809,0,33,left-6,left,left-dark,light-up,greater-up,dual,19:36.7
6664a1634453306b040667c8,1340,1,56,left-3,left,left-dark,dark-up,greater-up,dual,19:38.7
5ecc6ffce3ca77849333e83e,883,1,62,right-4,right,right-dark,dark-up,greater-up,dual,19:38.5
63fa47854a6eae0d497059e5,988,1,46,right-6,right,right-dark,dark-up,greater-up,single,19:38.5
5fb156d6e16ee65ed2558d7c,364,0,62,right-2,right,right-dark,light-up,greater-up,dual,19:37.3
66e8661e0c5e57cda7bf2d39,990,1,77,right-5,right,right-dark,light-up,fewer-up,single,19:38.8
61bb396840db417c1a138e3d,1393,0,24,left-5,left,left-dark,dark-up,fewer-up,dual,19:36.7
69b473c6ef06fe86d13fca62,656,0,34,right-4,right,right-dark,dark-up,fewer-up,dual,19:38.8
5ecc6ffce3ca77849333e83e,956,1,63,left-9,right,left-dark,light-up,greater-up,dual,19:40.5
6664a1634453306b040667c8,1196,1,57,right-5,left,right-dark,light-up,greater-up,dual,19:41.3
5fb156d6e16ee65ed2558d7c,747,1,63,right-7,right,right-dark,light-up,fewer-up,dual,19:39.5
63fa47854a6eae0d497059e5,1011,1,47,right-5,right,right-dark,light-up,fewer-up,single,19:41.0
69b473c6ef06fe86d13fca62,1092,0,35,left-0,left,left-dark,dark-up,fewer-up,dual,19:41.0
66e8661e0c5e57cda7bf2d39,1331,0,78,right-9,right,right-dark,dark-up,fewer-up,single,19:41.6
61bb396840db417c1a138e3d,1636,1,25,left-3,left,left-dark,light-up,fewer-up,dual,19:39.8
5ecc6ffce3ca77849333e83e,1324,0,64,right-9,right,right-dark,light-up,greater-up,dual,19:43.3
6664a1634453306b040667c8,NULL,0,58,left-4,none,left-dark,light-up,fewer-up,dual,19:43.8
63fa47854a6eae0d497059e5,1254,1,48,left-8,right,left-dark,light-up,greater-up,single,19:43.4
5fb156d6e16ee65ed2558d7c,1441,0,64,left-6,left,left-dark,dark-up,fewer-up,dual,19:42.3
69b473c6ef06fe86d13fca62,1121,0,36,right-8,right,right-dark,light-up,greater-up,dual,19:43.6
66e8661e0c5e57cda7bf2d39,1103,1,79,right-9,left,right-dark,light-up,greater-up,single,19:44.0
61bb396840db417c1a138e3d,1282,1,26,right-0,right,right-dark,light-up,fewer-up,dual,19:42.5
5ecc6ffce3ca77849333e83e,1247,0,65,right-0,left,right-dark,light-up,fewer-up,dual,19:45.7
5fb156d6e16ee65ed2558d7c,550,0,65,right-1,right,right-dark,dark-up,fewer-up,dual,19:44.3
63fa47854a6eae0d497059e5,1309,0,49,right-9,left,right-dark,light-up,fewer-up,single,19:45.9
6664a1634453306b040667c8,NULL,0,59,left-9,none,left-dark,dark-up,fewer-up,dual,19:46.9
69b473c6ef06fe86d13fca62,1684,1,37,right-2,right,right-dark,dark-up,greater-up,dual,19:46.4
61bb396840db417c1a138e3d,1686,0,27,right-8,right,right-dark,light-up,greater-up,dual,19:45.2
5ecc6ffce3ca77849333e83e,1217,1,66,right-9,right,right-dark,dark-up,greater-up,dual,19:48.4
5fb156d6e16ee65ed2558d7c,1232,1,66,left-8,left,left-dark,dark-up,greater-up,dual,19:46.5
63fa47854a6eae0d497059e5,1440,0,50,right-7,right,right-dark,light-up,greater-up,single,19:48.5
69b473c6ef06fe86d13fca62,1117,1,38,left-8,left,left-dark,dark-up,greater-up,dual,19:48.7
61bb396840db417c1a138e3d,839,0,28,right-0,right,right-dark,dark-up,fewer-up,dual,19:47.2
5ecc6ffce3ca77849333e83e,838,0,67,right-4,right,right-dark,dark-up,fewer-up,dual,19:50.6
5fb156d6e16ee65ed2558d7c,872,1,67,left-5,left,left-dark,light-up,fewer-up,dual,19:48.7
63fa47854a6eae0d497059e5,1097,1,51,left-5,right,left-dark,light-up,greater-up,single,19:50.8
69b473c6ef06fe86d13fca62,1406,1,39,right-2,right,right-dark,light-up,fewer-up,dual,19:51.2
61bb396840db417c1a138e3d,880,0,29,right-3,left,right-dark,dark-up,greater-up,dual,19:49.4
5fb156d6e16ee65ed2558d7c,1299,0,68,right-1,right,right-dark,light-up,greater-up,dual,19:51.3
5ecc6ffce3ca77849333e83e,1714,0,68,right-7,left,right-dark,light-up,fewer-up,dual,19:53.8
63fa47854a6eae0d497059e5,1506,0,52,right-6,left,right-dark,light-up,fewer-up,single,19:53.7
6664a1634453306b040667c8,1347,1,60,right-9,right,right-dark,dark-up,greater-up,dual,19:55.0
61bb396840db417c1a138e3d,1655,1,30,left-5,right,left-dark,light-up,greater-up,dual,19:52.1
5fb156d6e16ee65ed2558d7c,1533,0,69,left-4,left,left-dark,dark-up,fewer-up,dual,19:54.1
5ecc6ffce3ca77849333e83e,1294,1,69,right-5,right,right-dark,light-up,fewer-up,dual,19:56.3
63fa47854a6eae0d497059e5,1108,0,53,left-9,right,left-dark,light-up,fewer-up,single,19:56.2
6664a1634453306b040667c8,1336,0,61,left-2,left,left-dark,dark-up,fewer-up,dual,19:57.8
61bb396840db417c1a138e3d,1112,0,31,right-9,left,right-dark,dark-up,greater-up,dual,19:54.8
5fb156d6e16ee65ed2558d7c,857,1,70,right-9,left,right-dark,dark-up,fewer-up,dual,19:56.2
5ecc6ffce3ca77849333e83e,NULL,0,70,right-5,none,right-dark,dark-up,fewer-up,dual,19:59.0
69b473c6ef06fe86d13fca62,1589,0,40,right-5,right,right-dark,light-up,greater-up,dual,19:58.1
63fa47854a6eae0d497059e5,1212,0,54,left-2,right,left-dark,light-up,fewer-up,single,19:58.9
61bb396840db417c1a138e3d,885,1,32,left-7,right,left-dark,dark-up,fewer-up,dual,19:56.8
6664a1634453306b040667c8,1482,1,62,left-5,left,left-dark,light-up,fewer-up,dual,20:00.6
5fb156d6e16ee65ed2558d7c,1005,1,71,left-7,right,left-dark,light-up,greater-up,dual,19:58.6
5ecc6ffce3ca77849333e83e,1254,1,71,right-0,right,right-dark,dark-up,greater-up,dual,20:02.1
69b473c6ef06fe86d13fca62,NULL,0,41,left-4,none,left-dark,light-up,greater-up,dual,20:00.8
61bb396840db417c1a138e3d,793,0,33,left-6,left,left-dark,light-up,greater-up,dual,19:59.1
63fa47854a6eae0d497059e5,1125,1,55,left-7,right,left-dark,dark-up,fewer-up,single,20:01.3
6664a1634453306b040667c8,996,0,63,right-3,right,right-dark,dark-up,fewer-up,dual,20:02.9
5fb156d6e16ee65ed2558d7c,1106,0,72,right-1,left,right-dark,dark-up,greater-up,dual,20:01.0
61bb396840db417c1a138e3d,1300,0,34,left-6,right,left-dark,light-up,fewer-up,dual,20:01.7
5ecc6ffce3ca77849333e83e,NULL,0,72,left-3,none,left-dark,dark-up,fewer-up,dual,20:04.8
63fa47854a6eae0d497059e5,1119,1,56,right-9,left,right-dark,light-up,greater-up,single,20:03.8
5fb156d6e16ee65ed2558d7c,747,0,73,right-3,right,right-dark,dark-up,fewer-up,dual,20:02.8
69b473c6ef06fe86d13fca62,1261,0,42,left-3,left,left-dark,light-up,greater-up,dual,20:04.0
6664a1634453306b040667c8,1243,1,64,right-1,right,right-dark,dark-up,greater-up,dual,20:05.6
61bb396840db417c1a138e3d,497,0,35,left-1,left,left-dark,light-up,greater-up,dual,20:03.5
63fa47854a6eae0d497059e5,921,1,57,left-9,right,left-dark,light-up,greater-up,single,20:06.1
5fb156d6e16ee65ed2558d7c,1193,0,74,left-0,left,left-dark,light-up,greater-up,dual,20:05.2
5ecc6ffce3ca77849333e83e,970,1,73,right-5,left,right-dark,light-up,greater-up,dual,20:07.8
6664a1634453306b040667c8,789,1,65,right-8,right,right-dark,dark-up,greater-up,dual,20:07.8
69b473c6ef06fe86d13fca62,1159,0,43,right-7,right,right-dark,dark-up,fewer-up,dual,20:06.6
61bb396840db417c1a138e3d,399,0,36,right-8,left,right-dark,dark-up,greater-up,dual,20:05.2
5fb156d6e16ee65ed2558d7c,510,0,75,right-4,right,right-dark,light-up,greater-up,dual,20:06.9
63fa47854a6eae0d497059e5,828,1,58,right-6,left,right-dark,light-up,greater-up,single,20:08.2
5ecc6ffce3ca77849333e83e,1251,0,74,left-4,left,left-dark,dark-up,fewer-up,dual,20:10.1
69b473c6ef06fe86d13fca62,NULL,0,44,right-4,none,right-dark,light-up,greater-up,dual,20:09.1
61bb396840db417c1a138e3d,879,1,37,left-3,right,left-dark,dark-up,fewer-up,dual,20:07.5
6664a1634453306b040667c8,1434,1,66,left-2,left,left-dark,dark-up,greater-up,dual,20:10.7
63fa47854a6eae0d497059e5,1054,1,59,left-3,left,left-dark,dark-up,greater-up,single,20:10.5
5fb156d6e16ee65ed2558d7c,1047,0,76,left-2,left,left-dark,light-up,greater-up,dual,20:09.5
61bb396840db417c1a138e3d,1037,1,38,left-4,left,left-dark,light-up,fewer-up,dual,20:10.0
5ecc6ffce3ca77849333e83e,1739,1,75,right-3,right,right-dark,light-up,fewer-up,dual,20:13.2
6664a1634453306b040667c8,1201,1,67,left-7,left,left-dark,dark-up,greater-up,dual,20:13.2
69b473c6ef06fe86d13fca62,1253,1,45,right-3,right,right-dark,dark-up,greater-up,dual,20:12.2
5fb156d6e16ee65ed2558d7c,890,0,77,right-8,right,right-dark,light-up,greater-up,dual,20:11.4
61bb396840db417c1a138e3d,537,1,39,right-7,right,right-dark,dark-up,greater-up,dual,20:12.1
5ecc6ffce3ca77849333e83e,1220,1,76,left-2,left,left-dark,dark-up,greater-up,dual,20:15.6
69b473c6ef06fe86d13fca62,985,0,46,left-0,left,left-dark,light-up,greater-up,dual,20:14.6
6664a1634453306b040667c8,1390,1,68,left-5,right,left-dark,dark-up,fewer-up,dual,20:15.9
5fb156d6e16ee65ed2558d7c,687,1,78,left-1,left,left-dark,light-up,fewer-up,dual,20:13.7
63fa47854a6eae0d497059e5,943,0,60,right-8,left,right-dark,light-up,fewer-up,single,20:15.2
69b473c6ef06fe86d13fca62,1122,0,47,left-8,left,left-dark,light-up,greater-up,dual,20:16.8
5ecc6ffce3ca77849333e83e,1230,1,77,right-1,left,right-dark,dark-up,fewer-up,dual,20:18.3
5fb156d6e16ee65ed2558d7c,689,1,79,left-9,left,left-dark,dark-up,greater-up,dual,20:16.1
63fa47854a6eae0d497059e5,940,1,61,left-4,left,left-dark,dark-up,greater-up,single,20:17.5
6664a1634453306b040667c8,NULL,0,69,right-3,none,right-dark,light-up,fewer-up,dual,20:18.6
5ecc6ffce3ca77849333e83e,872,1,78,left-3,right,left-dark,light-up,greater-up,dual,20:20.2
69b473c6ef06fe86d13fca62,1010,1,48,left-1,right,left-dark,light-up,greater-up,dual,20:19.2
63fa47854a6eae0d497059e5,1222,0,62,left-3,left,left-dark,light-up,greater-up,single,20:19.9
6664a1634453306b040667c8,1490,1,70,left-7,left,left-dark,light-up,fewer-up,dual,20:22.1
5ecc6ffce3ca77849333e83e,856,0,79,right-6,right,right-dark,light-up,greater-up,dual,20:22.1
69b473c6ef06fe86d13fca62,NULL,0,49,right-7,none,right-dark,light-up,greater-up,dual,20:21.5
61bb396840db417c1a138e3d,707,1,40,left-0,right,left-dark,light-up,greater-up,dual,20:20.6
63fa47854a6eae0d497059e5,1535,1,63,right-3,right,right-dark,dark-up,greater-up,single,20:22.9
6664a1634453306b040667c8,1601,1,71,left-8,left,left-dark,light-up,fewer-up,dual,20:24.8
69b473c6ef06fe86d13fca62,652,1,50,left-6,left,left-dark,light-up,fewer-up,dual,20:24.0
61bb396840db417c1a138e3d,1118,1,41,left-2,left,left-dark,dark-up,greater-up,dual,20:22.8
63fa47854a6eae0d497059e5,1163,1,64,left-6,right,left-dark,dark-up,fewer-up,single,20:25.6
69b473c6ef06fe86d13fca62,787,0,51,right-1,right,right-dark,light-up,greater-up,dual,20:26.1
6664a1634453306b040667c8,NULL,0,72,left-5,none,left-dark,light-up,greater-up,dual,20:27.2
5d9ea13f25b04c0016961421,NULL,0,40,right-5,none,right-dark,dark-up,fewer-up,single,20:26.4
61bb396840db417c1a138e3d,1011,0,42,right-9,left,right-dark,light-up,fewer-up,dual,20:25.1
63fa47854a6eae0d497059e5,1323,1,65,right-4,left,right-dark,dark-up,fewer-up,single,20:28.0
69b473c6ef06fe86d13fca62,947,0,52,left-0,right,left-dark,dark-up,greater-up,dual,20:28.2
6664a1634453306b040667c8,1146,1,73,right-6,left,right-dark,light-up,greater-up,dual,20:30.3
5d9ea13f25b04c0016961421,NULL,0,41,left-9,none,left-dark,light-up,greater-up,single,20:29.5
61bb396840db417c1a138e3d,NULL,0,43,left-9,none,left-dark,dark-up,fewer-up,dual,20:27.7
69b473c6ef06fe86d13fca62,495,0,53,right-0,right,right-dark,light-up,greater-up,dual,20:30.2
63fa47854a6eae0d497059e5,1461,1,66,right-1,left,right-dark,light-up,greater-up,single,20:30.6
6664a1634453306b040667c8,1699,1,74,right-9,right,right-dark,light-up,fewer-up,dual,20:33.2
5d9ea13f25b04c0016961421,NULL,0,42,left-8,none,left-dark,light-up,fewer-up,single,20:32.4
61bb396840db417c1a138e3d,1306,0,44,right-0,right,right-dark,light-up,greater-up,dual,20:30.6
69b473c6ef06fe86d13fca62,1131,0,54,left-4,left,left-dark,dark-up,fewer-up,dual,20:32.6
63fa47854a6eae0d497059e5,1485,1,67,left-7,left,left-dark,light-up,fewer-up,single,20:33.6
61bb396840db417c1a138e3d,621,0,45,right-6,left,right-dark,light-up,fewer-up,dual,20:32.3
6664a1634453306b040667c8,1082,1,75,right-7,left,right-dark,light-up,greater-up,dual,20:35.7
69b473c6ef06fe86d13fca62,1196,1,55,right-8,right,right-dark,dark-up,greater-up,dual,20:34.9
5d9ea13f25b04c0016961421,NULL,0,43,right-9,none,right-dark,dark-up,greater-up,single,20:35.6
63fa47854a6eae0d497059e5,900,1,68,right-9,right,right-dark,dark-up,greater-up,single,20:35.9
61bb396840db417c1a138e3d,284,0,46,right-9,right,right-dark,light-up,greater-up,dual,20:33.8
6664a1634453306b040667c8,1054,1,76,right-5,right,right-dark,dark-up,greater-up,dual,20:37.9
69b473c6ef06fe86d13fca62,984,1,56,right-1,right,right-dark,light-up,fewer-up,dual,20:37.3
5d9ea13f25b04c0016961421,546,0,44,right-9,right,right-dark,light-up,greater-up,single,20:37.7
61bb396840db417c1a138e3d,633,0,47,right-2,left,right-dark,light-up,fewer-up,dual,20:35.9
63fa47854a6eae0d497059e5,1553,1,69,right-2,right,right-dark,light-up,fewer-up,single,20:39.0
61bb396840db417c1a138e3d,382,0,48,right-5,left,right-dark,light-up,fewer-up,dual,20:37.3
5d9ea13f25b04c0016961421,464,0,45,left-2,left,left-dark,dark-up,fewer-up,single,20:39.6
69b473c6ef06fe86d13fca62,926,1,57,left-7,right,left-dark,light-up,greater-up,dual,20:39.4
6664a1634453306b040667c8,1486,1,77,left-1,left,left-dark,dark-up,greater-up,dual,20:40.8
63fa47854a6eae0d497059e5,959,0,70,left-9,left,left-dark,dark-up,fewer-up,single,20:41.0
61bb396840db417c1a138e3d,322,1,49,right-3,left,right-dark,light-up,greater-up,dual,20:38.9
69b473c6ef06fe86d13fca62,746,1,58,right-3,right,right-dark,light-up,fewer-up,dual,20:41.1
5d9ea13f25b04c0016961421,346,1,46,right-0,right,right-dark,dark-up,greater-up,single,20:41.4
6664a1634453306b040667c8,NULL,0,78,right-3,none,right-dark,dark-up,greater-up,dual,20:43.4
61bb396840db417c1a138e3d,549,0,50,left-6,left,left-dark,dark-up,fewer-up,dual,20:40.8
5d9ea13f25b04c0016961421,441,1,47,left-3,left,left-dark,light-up,fewer-up,single,20:43.2
63fa47854a6eae0d497059e5,963,1,71,right-2,left,right-dark,dark-up,fewer-up,single,20:43.2
69b473c6ef06fe86d13fca62,938,0,59,left-2,left,left-dark,light-up,greater-up,dual,20:43.3
61bb396840db417c1a138e3d,345,0,51,right-5,right,right-dark,dark-up,fewer-up,dual,20:42.5
5d9ea13f25b04c0016961421,298,0,48,right-6,right,right-dark,light-up,greater-up,single,20:44.8
63fa47854a6eae0d497059e5,1046,0,72,left-0,left,left-dark,dark-up,fewer-up,single,20:45.8
6664a1634453306b040667c8,1586,1,79,left-0,right,left-dark,light-up,greater-up,dual,20:46.8
5d9ea13f25b04c0016961421,282,0,49,left-1,left,left-dark,dark-up,fewer-up,single,20:46.6
61bb396840db417c1a138e3d,1428,1,52,left-8,left,left-dark,light-up,fewer-up,dual,20:45.3
63fa47854a6eae0d497059e5,861,1,73,left-2,right,left-dark,light-up,greater-up,single,20:48.0
5d9ea13f25b04c0016961421,364,1,50,left-2,left,left-dark,dark-up,greater-up,single,20:48.3
61bb396840db417c1a138e3d,901,1,53,left-4,right,left-dark,light-up,greater-up,dual,20:47.3
5d9ea13f25b04c0016961421,445,0,51,right-0,right,right-dark,dark-up,fewer-up,single,20:49.9
69b473c6ef06fe86d13fca62,NULL,0,60,left-2,none,left-dark,dark-up,greater-up,dual,20:49.6
63fa47854a6eae0d497059e5,1285,1,74,left-3,left,left-dark,light-up,fewer-up,single,20:50.4
5d9ea13f25b04c0016961421,245,0,52,left-4,left,left-dark,dark-up,fewer-up,single,20:51.6
61bb396840db417c1a138e3d,1131,1,54,left-8,right,left-dark,light-up,greater-up,dual,20:49.7
69b473c6ef06fe86d13fca62,819,0,61,left-2,left,left-dark,dark-up,fewer-up,dual,20:52.0
63fa47854a6eae0d497059e5,1299,1,75,left-4,right,left-dark,dark-up,fewer-up,single,20:52.9
5d9ea13f25b04c0016961421,379,0,53,left-3,left,left-dark,dark-up,fewer-up,single,20:53.4
61bb396840db417c1a138e3d,702,0,55,right-3,left,right-dark,light-up,fewer-up,dual,20:51.6
69b473c6ef06fe86d13fca62,863,0,62,left-4,right,left-dark,light-up,fewer-up,dual,20:54.0
5d9ea13f25b04c0016961421,359,1,54,right-6,right,right-dark,light-up,fewer-up,single,20:54.9
63fa47854a6eae0d497059e5,897,1,76,left-9,left,left-dark,dark-up,greater-up,single,20:55.0
69b473c6ef06fe86d13fca62,779,0,63,right-8,right,right-dark,dark-up,fewer-up,dual,20:55.8
61bb396840db417c1a138e3d,1436,1,56,left-7,right,left-dark,light-up,greater-up,dual,20:54.2
5d9ea13f25b04c0016961421,428,0,55,left-6,left,left-dark,dark-up,fewer-up,single,20:56.7
63fa47854a6eae0d497059e5,1476,1,77,left-0,right,left-dark,light-up,greater-up,single,20:57.6
61bb396840db417c1a138e3d,457,1,57,right-7,left,right-dark,dark-up,fewer-up,dual,20:55.8
5d9ea13f25b04c0016961421,389,0,56,right-3,right,right-dark,dark-up,fewer-up,single,20:58.5
69b473c6ef06fe86d13fca62,1244,1,64,left-5,left,left-dark,dark-up,greater-up,dual,20:58.3
63fa47854a6eae0d497059e5,804,1,78,right-5,left,right-dark,dark-up,fewer-up,single,20:59.9
5d9ea13f25b04c0016961421,293,1,57,left-0,left,left-dark,dark-up,greater-up,single,21:00.1
61bb396840db417c1a138e3d,1160,0,58,left-7,right,left-dark,dark-up,greater-up,dual,20:58.2
69b473c6ef06fe86d13fca62,NULL,0,65,right-3,none,right-dark,light-up,greater-up,dual,21:00.9
61bb396840db417c1a138e3d,248,1,59,right-4,left,right-dark,dark-up,fewer-up,dual,20:59.6
5d9ea13f25b04c0016961421,393,0,58,left-4,left,left-dark,light-up,greater-up,single,21:01.9
63fa47854a6eae0d497059e5,883,0,79,left-0,right,left-dark,light-up,fewer-up,single,21:02.3
5d9ea13f25b04c0016961421,368,1,59,left-7,left,left-dark,dark-up,greater-up,single,21:03.5
69b473c6ef06fe86d13fca62,1364,0,66,left-3,left,left-dark,dark-up,fewer-up,dual,21:04.0
5d9ea13f25b04c0016961421,469,0,60,right-0,right,right-dark,light-up,greater-up,single,21:06.5
69b473c6ef06fe86d13fca62,NULL,0,67,left-1,none,left-dark,light-up,fewer-up,dual,21:06.5
61bb396840db417c1a138e3d,1492,1,60,right-1,left,right-dark,light-up,greater-up,dual,21:05.8
5d9ea13f25b04c0016961421,309,1,61,right-8,right,right-dark,dark-up,greater-up,single,21:08.0
5d9ea13f25b04c0016961421,336,0,62,left-3,right,left-dark,dark-up,greater-up,single,21:09.5
69b473c6ef06fe86d13fca62,NULL,0,68,left-9,none,left-dark,dark-up,greater-up,dual,21:09.6
61bb396840db417c1a138e3d,946,0,61,left-4,left,left-dark,dark-up,fewer-up,dual,21:08.2
5d9ea13f25b04c0016961421,1176,1,63,right-2,right,right-dark,dark-up,greater-up,single,21:12.1
61bb396840db417c1a138e3d,505,1,62,right-1,left,right-dark,dark-up,fewer-up,dual,21:10.0
69b473c6ef06fe86d13fca62,889,1,69,right-0,right,right-dark,dark-up,greater-up,dual,21:12.1
5d9ea13f25b04c0016961421,486,0,64,right-2,right,right-dark,light-up,greater-up,single,21:14.0
69b473c6ef06fe86d13fca62,926,0,70,left-1,left,left-dark,dark-up,fewer-up,dual,21:14.5
61bb396840db417c1a138e3d,1193,0,63,left-4,right,left-dark,dark-up,greater-up,dual,21:12.5
5d9ea13f25b04c0016961421,411,1,65,left-8,right,left-dark,light-up,greater-up,single,21:15.5
61bb396840db417c1a138e3d,501,0,64,left-5,right,left-dark,dark-up,greater-up,dual,21:14.1
69b473c6ef06fe86d13fca62,497,1,71,right-0,right,right-dark,light-up,fewer-up,dual,21:16.4
5d9ea13f25b04c0016961421,384,0,66,left-5,left,left-dark,light-up,greater-up,single,21:17.2
61bb396840db417c1a138e3d,577,0,65,left-9,right,left-dark,light-up,fewer-up,dual,21:15.9
69b473c6ef06fe86d13fca62,464,1,72,right-4,right,right-dark,light-up,fewer-up,dual,21:18.3
5d9ea13f25b04c0016961421,389,0,67,left-9,right,left-dark,light-up,fewer-up,single,21:18.9
61bb396840db417c1a138e3d,359,1,66,right-4,right,right-dark,light-up,fewer-up,dual,21:17.4
69b473c6ef06fe86d13fca62,857,0,73,left-9,left,left-dark,dark-up,fewer-up,dual,21:20.2
5d9ea13f25b04c0016961421,405,1,68,left-2,left,left-dark,light-up,fewer-up,single,21:20.4
61bb396840db417c1a138e3d,421,1,67,left-5,left,left-dark,light-up,fewer-up,dual,21:19.2
69b473c6ef06fe86d13fca62,380,0,74,left-1,right,left-dark,dark-up,greater-up,dual,21:21.9
5d9ea13f25b04c0016961421,451,1,69,right-4,right,right-dark,dark-up,greater-up,single,21:22.2
61bb396840db417c1a138e3d,771,1,68,right-5,left,right-dark,light-up,greater-up,dual,21:21.1
69b473c6ef06fe86d13fca62,428,0,75,left-5,left,left-dark,dark-up,fewer-up,dual,21:23.6
5d9ea13f25b04c0016961421,302,1,70,left-8,left,left-dark,dark-up,greater-up,single,21:24.0
61bb396840db417c1a138e3d,532,0,69,right-7,left,right-dark,light-up,fewer-up,dual,21:22.9
69b473c6ef06fe86d13fca62,484,0,76,left-5,right,left-dark,light-up,fewer-up,dual,21:25.2
5d9ea13f25b04c0016961421,432,1,71,right-7,right,right-dark,light-up,fewer-up,single,21:25.6
69b473c6ef06fe86d13fca62,409,0,77,left-8,right,left-dark,light-up,fewer-up,dual,21:26.6
5d9ea13f25b04c0016961421,389,0,72,left-1,left,left-dark,light-up,greater-up,single,21:27.5
61bb396840db417c1a138e3d,913,0,70,left-0,left,left-dark,dark-up,fewer-up,dual,21:25.3
69b473c6ef06fe86d13fca62,481,0,78,right-0,right,right-dark,dark-up,fewer-up,dual,21:28.3
5d9ea13f25b04c0016961421,389,0,73,right-7,right,right-dark,dark-up,fewer-up,single,21:29.3
61bb396840db417c1a138e3d,1322,1,71,left-6,left,left-dark,dark-up,greater-up,dual,21:27.7
69b473c6ef06fe86d13fca62,866,1,79,right-5,right,right-dark,dark-up,greater-up,dual,21:30.6
5d9ea13f25b04c0016961421,366,0,74,right-5,right,right-dark,light-up,greater-up,single,21:30.9
61bb396840db417c1a138e3d,668,0,72,right-2,right,right-dark,light-up,greater-up,dual,21:29.6
5d9ea13f25b04c0016961421,463,0,75,left-5,left,left-dark,dark-up,fewer-up,single,21:32.6
61bb396840db417c1a138e3d,574,0,73,left-2,left,left-dark,light-up,greater-up,dual,21:31.3
5d9ea13f25b04c0016961421,428,1,76,right-6,right,right-dark,dark-up,greater-up,single,21:34.3
61bb396840db417c1a138e3d,488,0,74,right-2,right,right-dark,dark-up,fewer-up,dual,21:33.1
5d9ea13f25b04c0016961421,416,1,77,left-4,left,left-dark,light-up,fewer-up,single,21:36.0
61bb396840db417c1a138e3d,NULL,0,75,right-8,none,right-dark,light-up,fewer-up,dual,21:35.4
5d9ea13f25b04c0016961421,261,0,78,left-1,right,left-dark,light-up,fewer-up,single,21:37.7
5d9ea13f25b04c0016961421,503,1,79,left-7,left,left-dark,light-up,fewer-up,single,21:39.3
61bb396840db417c1a138e3d,545,0,76,right-9,right,right-dark,dark-up,fewer-up,dual,21:37.8
61bb396840db417c1a138e3d,875,1,77,left-0,left,left-dark,dark-up,greater-up,dual,21:39.7
61bb396840db417c1a138e3d,993,1,78,right-5,right,right-dark,dark-up,greater-up,dual,21:42.0
61bb396840db417c1a138e3d,1084,0,79,right-6,right,right-dark,dark-up,fewer-up,dual,21:44.4
69adc20056851fd7e8fc3ccf,1251,1,0,left-3,right,left-dark,light-up,greater-up,dual,21:54.1
69adc20056851fd7e8fc3ccf,1432,1,1,left-8,right,left-dark,light-up,greater-up,dual,21:56.7
69adc20056851fd7e8fc3ccf,1415,1,2,right-2,left,right-dark,light-up,greater-up,dual,21:59.2
69adc20056851fd7e8fc3ccf,1056,1,3,right-6,left,right-dark,dark-up,fewer-up,dual,22:01.7
69adc20056851fd7e8fc3ccf,1619,1,4,left-7,left,left-dark,light-up,fewer-up,dual,22:04.7
69adc20056851fd7e8fc3ccf,1156,1,5,right-4,left,right-dark,dark-up,fewer-up,dual,22:07.4
69adc20056851fd7e8fc3ccf,1320,1,6,left-1,left,left-dark,light-up,fewer-up,dual,22:10.2
69adc20056851fd7e8fc3ccf,1476,1,7,right-7,left,right-dark,light-up,greater-up,dual,22:13.0
69adc20056851fd7e8fc3ccf,1447,1,8,left-2,left,left-dark,light-up,fewer-up,dual,22:15.7
69adc20056851fd7e8fc3ccf,1167,1,9,right-4,right,right-dark,dark-up,greater-up,dual,22:18.0
69adc20056851fd7e8fc3ccf,1314,1,10,left-8,right,left-dark,dark-up,fewer-up,dual,22:20.4
69adc20056851fd7e8fc3ccf,1131,1,11,left-4,left,left-dark,dark-up,greater-up,dual,22:22.9
69adc20056851fd7e8fc3ccf,960,1,12,left-1,right,left-dark,dark-up,fewer-up,dual,22:25.3
69adc20056851fd7e8fc3ccf,1314,1,13,right-9,left,right-dark,dark-up,fewer-up,dual,22:28.0
69adc20056851fd7e8fc3ccf,1541,1,14,left-6,right,left-dark,dark-up,fewer-up,dual,22:31.0
69adc20056851fd7e8fc3ccf,1348,1,15,right-7,right,right-dark,dark-up,greater-up,dual,22:33.7
69adc20056851fd7e8fc3ccf,887,1,16,left-8,left,left-dark,dark-up,greater-up,dual,22:35.7
69adc20056851fd7e8fc3ccf,1496,1,17,left-0,left,left-dark,light-up,fewer-up,dual,22:38.3
69adc20056851fd7e8fc3ccf,1168,1,18,left-9,right,left-dark,dark-up,fewer-up,dual,22:40.6
69adc20056851fd7e8fc3ccf,1131,1,19,right-3,left,right-dark,dark-up,fewer-up,dual,22:42.9
69adc20056851fd7e8fc3ccf,1115,1,20,left-9,left,left-dark,light-up,fewer-up,dual,22:56.1
69adc20056851fd7e8fc3ccf,1124,0,21,right-9,right,right-dark,light-up,greater-up,dual,22:58.3
69adc20056851fd7e8fc3ccf,1146,1,22,right-9,right,right-dark,light-up,fewer-up,dual,23:00.7
69adc20056851fd7e8fc3ccf,1217,1,23,left-3,left,left-dark,dark-up,greater-up,dual,23:03.0
69adc20056851fd7e8fc3ccf,1009,1,24,left-2,right,left-dark,dark-up,fewer-up,dual,23:05.4
69adc20056851fd7e8fc3ccf,1567,1,25,right-7,right,right-dark,light-up,fewer-up,dual,23:08.1
69adc20056851fd7e8fc3ccf,1048,1,26,right-0,right,right-dark,light-up,fewer-up,dual,23:10.3
69adc20056851fd7e8fc3ccf,909,1,27,left-4,left,left-dark,light-up,fewer-up,dual,23:12.2
69adc20056851fd7e8fc3ccf,1194,1,28,left-5,right,left-dark,dark-up,fewer-up,dual,23:14.6
69adc20056851fd7e8fc3ccf,1026,1,29,right-8,right,right-dark,light-up,fewer-up,dual,23:17.0
69b306d0aabcb968f7ca7ec5,1032,1,0,left-2,right,left-dark,light-up,greater-up,dual,23:18.1
69adc20056851fd7e8fc3ccf,1639,1,30,right-3,right,right-dark,dark-up,greater-up,dual,23:19.9
69b306d0aabcb968f7ca7ec5,NULL,0,1,right-9,none,right-dark,dark-up,greater-up,dual,23:20.5
69adc20056851fd7e8fc3ccf,1400,1,31,left-6,left,left-dark,light-up,fewer-up,dual,23:22.6
69b306d0aabcb968f7ca7ec5,NULL,0,2,right-7,none,right-dark,light-up,fewer-up,dual,23:23.5
69adc20056851fd7e8fc3ccf,1492,1,32,right-2,left,right-dark,dark-up,fewer-up,dual,23:25.2
69b306d0aabcb968f7ca7ec5,1309,1,3,left-3,right,left-dark,dark-up,fewer-up,dual,23:26.8
69adc20056851fd7e8fc3ccf,1432,1,33,right-3,left,right-dark,light-up,greater-up,dual,23:27.8
69b306d0aabcb968f7ca7ec5,1255,1,4,left-0,left,left-dark,dark-up,greater-up,dual,23:29.1
69adc20056851fd7e8fc3ccf,NULL,0,34,left-7,none,left-dark,dark-up,fewer-up,dual,23:30.3
69b306d0aabcb968f7ca7ec5,1242,1,5,left-3,right,left-dark,light-up,greater-up,dual,23:31.7
69adc20056851fd7e8fc3ccf,1226,1,35,left-1,right,left-dark,light-up,greater-up,dual,23:33.4
69b306d0aabcb968f7ca7ec5,NULL,0,6,left-5,none,left-dark,dark-up,fewer-up,dual,23:34.4
69adc20056851fd7e8fc3ccf,1057,1,36,left-9,left,left-dark,dark-up,greater-up,dual,23:35.7
69b306d0aabcb968f7ca7ec5,1682,1,7,right-0,right,right-dark,light-up,fewer-up,dual,23:38.0
69adc20056851fd7e8fc3ccf,990,1,37,left-5,left,left-dark,light-up,fewer-up,dual,23:38.2
69adc20056851fd7e8fc3ccf,1147,1,38,right-8,left,right-dark,light-up,greater-up,dual,23:40.4
69b306d0aabcb968f7ca7ec5,NULL,0,8,left-7,none,left-dark,dark-up,greater-up,dual,23:40.6
69adc20056851fd7e8fc3ccf,1393,1,39,right-0,left,right-dark,dark-up,fewer-up,dual,23:43.0
69b306d0aabcb968f7ca7ec5,1349,1,9,right-6,left,right-dark,dark-up,fewer-up,dual,23:43.6
69b306d0aabcb968f7ca7ec5,1464,1,10,right-2,left,right-dark,light-up,greater-up,dual,23:46.6
69b306d0aabcb968f7ca7ec5,1559,1,11,left-4,left,left-dark,light-up,fewer-up,dual,23:49.3
69b306d0aabcb968f7ca7ec5,NULL,0,12,right-1,none,right-dark,light-up,fewer-up,dual,23:51.8
69b306d0aabcb968f7ca7ec5,1584,1,13,left-9,left,left-dark,dark-up,greater-up,dual,23:55.5
69adc20056851fd7e8fc3ccf,1405,1,40,right-4,right,right-dark,light-up,fewer-up,dual,23:55.5
69adc20056851fd7e8fc3ccf,1012,1,41,right-2,right,right-dark,light-up,fewer-up,dual,23:57.6
69b306d0aabcb968f7ca7ec5,1632,1,14,left-7,right,left-dark,light-up,greater-up,dual,23:58.4
69adc20056851fd7e8fc3ccf,962,1,42,left-5,right,left-dark,light-up,greater-up,dual,23:59.9
69b306d0aabcb968f7ca7ec5,1601,1,15,right-5,left,right-dark,dark-up,fewer-up,dual,24:01.5
69adc20056851fd7e8fc3ccf,1277,1,43,right-6,left,right-dark,light-up,greater-up,dual,24:02.3
69b306d0aabcb968f7ca7ec5,1318,1,16,right-8,right,right-dark,dark-up,greater-up,dual,24:04.3
69adc20056851fd7e8fc3ccf,1547,1,44,left-3,left,left-dark,light-up,fewer-up,dual,24:05.2
69b306d0aabcb968f7ca7ec5,1536,0,17,left-0,right,left-dark,light-up,fewer-up,dual,24:06.9
69adc20056851fd7e8fc3ccf,1306,1,45,right-8,left,right-dark,dark-up,fewer-up,dual,24:07.9
69b306d0aabcb968f7ca7ec5,1428,1,18,right-7,left,right-dark,light-up,greater-up,dual,24:09.6
69adc20056851fd7e8fc3ccf,1748,0,46,right-4,right,right-dark,light-up,greater-up,dual,24:10.7
69b306d0aabcb968f7ca7ec5,1023,1,19,right-0,left,right-dark,light-up,greater-up,dual,24:12.2
69adc20056851fd7e8fc3ccf,1228,1,47,left-1,left,left-dark,dark-up,greater-up,dual,24:13.1
69adc20056851fd7e8fc3ccf,1377,1,48,right-1,right,right-dark,light-up,fewer-up,dual,24:15.8
69adc20056851fd7e8fc3ccf,1132,1,49,right-3,right,right-dark,light-up,fewer-up,dual,24:18.2
69adc20056851fd7e8fc3ccf,875,1,50,left-0,right,left-dark,dark-up,fewer-up,dual,24:20.4
69adc20056851fd7e8fc3ccf,961,1,51,left-0,left,left-dark,dark-up,greater-up,dual,24:22.7
69b306d0aabcb968f7ca7ec5,1578,0,20,right-8,left,right-dark,light-up,fewer-up,dual,24:24.2
69adc20056851fd7e8fc3ccf,968,1,52,right-0,right,right-dark,dark-up,greater-up,dual,24:24.8
69b306d0aabcb968f7ca7ec5,1138,1,21,left-8,left,left-dark,dark-up,greater-up,dual,24:26.7
69adc20056851fd7e8fc3ccf,1041,1,53,left-3,right,left-dark,dark-up,fewer-up,dual,24:27.0
69b306d0aabcb968f7ca7ec5,1538,1,22,left-6,left,left-dark,light-up,fewer-up,dual,24:29.6
69adc20056851fd7e8fc3ccf,1344,1,54,right-6,right,right-dark,light-up,fewer-up,dual,24:29.6
69adc20056851fd7e8fc3ccf,1287,1,55,left-2,left,left-dark,dark-up,greater-up,dual,24:32.2
69b306d0aabcb968f7ca7ec5,1646,1,23,right-6,left,right-dark,light-up,greater-up,dual,24:32.4
69b306d0aabcb968f7ca7ec5,1505,1,24,left-6,right,left-dark,light-up,greater-up,dual,24:35.2
69adc20056851fd7e8fc3ccf,1685,0,56,left-9,left,left-dark,light-up,greater-up,dual,24:35.2
69b306d0aabcb968f7ca7ec5,1413,1,25,right-5,left,right-dark,light-up,greater-up,dual,24:37.6
69adc20056851fd7e8fc3ccf,1224,1,57,right-5,right,right-dark,dark-up,greater-up,dual,24:37.6
69b306d0aabcb968f7ca7ec5,1438,1,26,left-4,right,left-dark,dark-up,fewer-up,dual,24:40.3
69adc20056851fd7e8fc3ccf,1657,1,58,left-5,left,left-dark,dark-up,greater-up,dual,24:40.4
69b306d0aabcb968f7ca7ec5,1539,0,27,right-5,left,right-dark,dark-up,greater-up,dual,24:43.1
69adc20056851fd7e8fc3ccf,1289,1,59,left-6,right,left-dark,light-up,greater-up,dual,24:43.3
69b306d0aabcb968f7ca7ec5,1357,1,28,right-6,right,right-dark,light-up,fewer-up,dual,24:45.6
69b306d0aabcb968f7ca7ec5,1149,1,29,left-8,right,left-dark,dark-up,fewer-up,dual,24:48.2
69b306d0aabcb968f7ca7ec5,1636,0,30,right-7,right,right-dark,dark-up,fewer-up,dual,24:51.2
69b306d0aabcb968f7ca7ec5,NULL,0,31,left-1,none,left-dark,dark-up,fewer-up,dual,24:53.9
69adc20056851fd7e8fc3ccf,1518,1,60,right-2,right,right-dark,dark-up,greater-up,dual,24:54.1
69b306d0aabcb968f7ca7ec5,1199,1,32,right-9,left,right-dark,dark-up,fewer-up,dual,24:56.8
69adc20056851fd7e8fc3ccf,1334,1,61,left-6,left,left-dark,dark-up,greater-up,dual,24:56.9
69b306d0aabcb968f7ca7ec5,1122,1,33,right-4,right,right-dark,light-up,fewer-up,dual,24:59.2
69adc20056851fd7e8fc3ccf,1169,1,62,left-4,right,left-dark,dark-up,fewer-up,dual,24:59.5
69b306d0aabcb968f7ca7ec5,1414,1,34,left-1,left,left-dark,light-up,fewer-up,dual,25:02.1
69adc20056851fd7e8fc3ccf,1405,1,63,right-0,left,right-dark,light-up,greater-up,dual,25:02.3
69b306d0aabcb968f7ca7ec5,1099,1,35,right-2,right,right-dark,light-up,fewer-up,dual,25:04.7
69adc20056851fd7e8fc3ccf,1432,0,64,right-1,right,right-dark,dark-up,fewer-up,dual,25:05.2
69b306d0aabcb968f7ca7ec5,1125,1,36,right-4,left,right-dark,light-up,greater-up,dual,25:06.8
69adc20056851fd7e8fc3ccf,1086,1,65,right-6,right,right-dark,dark-up,greater-up,dual,25:07.7
69b306d0aabcb968f7ca7ec5,NULL,0,37,left-7,none,left-dark,dark-up,fewer-up,dual,25:09.4
69adc20056851fd7e8fc3ccf,1184,0,66,left-4,left,left-dark,light-up,greater-up,dual,25:10.2
69b306d0aabcb968f7ca7ec5,1255,1,38,left-3,left,left-dark,light-up,fewer-up,dual,25:12.4
69adc20056851fd7e8fc3ccf,1126,1,67,right-9,right,right-dark,dark-up,greater-up,dual,25:12.9
69b306d0aabcb968f7ca7ec5,1058,0,39,left-1,left,left-dark,light-up,greater-up,dual,25:14.9
69adc20056851fd7e8fc3ccf,1480,1,68,right-1,left,right-dark,light-up,greater-up,dual,25:15.8
69adc20056851fd7e8fc3ccf,1309,1,69,left-7,right,left-dark,light-up,greater-up,dual,25:18.5
69adc20056851fd7e8fc3ccf,976,1,70,left-7,left,left-dark,dark-up,greater-up,dual,25:20.9
69b306d0aabcb968f7ca7ec5,1712,1,40,right-5,right,right-dark,light-up,fewer-up,dual,25:21.1
69b306d0aabcb968f7ca7ec5,1247,1,41,right-1,right,right-dark,dark-up,greater-up,dual,25:23.4
69adc20056851fd7e8fc3ccf,1269,1,71,right-5,left,right-dark,light-up,greater-up,dual,25:23.5
69b306d0aabcb968f7ca7ec5,1136,1,42,left-8,left,left-dark,light-up,fewer-up,dual,25:25.8
69adc20056851fd7e8fc3ccf,1101,1,72,left-0,right,left-dark,light-up,greater-up,dual,25:26.0
69b306d0aabcb968f7ca7ec5,NULL,0,43,left-5,none,left-dark,light-up,fewer-up,dual,25:28.2
69adc20056851fd7e8fc3ccf,1353,1,73,right-5,left,right-dark,dark-up,fewer-up,dual,25:28.4
69b306d0aabcb968f7ca7ec5,1421,0,44,right-3,right,right-dark,dark-up,fewer-up,dual,25:31.2
69adc20056851fd7e8fc3ccf,1537,1,74,right-7,left,right-dark,dark-up,fewer-up,dual,25:31.3
69b306d0aabcb968f7ca7ec5,901,1,45,left-4,left,left-dark,dark-up,greater-up,dual,25:33.5
69adc20056851fd7e8fc3ccf,1151,1,75,right-5,right,right-dark,light-up,fewer-up,dual,25:33.7
69b306d0aabcb968f7ca7ec5,1590,0,46,left-5,left,left-dark,light-up,greater-up,dual,25:36.6
69adc20056851fd7e8fc3ccf,1655,0,76,left-8,right,left-dark,light-up,fewer-up,dual,25:36.9
69b306d0aabcb968f7ca7ec5,1355,1,47,right-4,right,right-dark,dark-up,greater-up,dual,25:39.4
69adc20056851fd7e8fc3ccf,1415,1,77,left-2,right,left-dark,light-up,greater-up,dual,25:39.8
69b306d0aabcb968f7ca7ec5,1277,1,48,right-3,right,right-dark,light-up,fewer-up,dual,25:41.9
69adc20056851fd7e8fc3ccf,1457,1,78,right-1,right,right-dark,dark-up,greater-up,dual,25:42.8
69b306d0aabcb968f7ca7ec5,946,1,49,left-5,left,left-dark,dark-up,greater-up,dual,25:44.2
69adc20056851fd7e8fc3ccf,900,1,79,right-8,right,right-dark,dark-up,greater-up,dual,25:44.7
69b306d0aabcb968f7ca7ec5,960,1,50,right-9,right,right-dark,light-up,fewer-up,dual,25:46.5
69b306d0aabcb968f7ca7ec5,1709,1,51,left-2,left,left-dark,light-up,fewer-up,dual,25:49.6
69b306d0aabcb968f7ca7ec5,1122,1,52,right-4,left,right-dark,dark-up,fewer-up,dual,25:52.0
69b306d0aabcb968f7ca7ec5,1034,1,53,right-0,right,right-dark,dark-up,greater-up,dual,25:54.4
69b306d0aabcb968f7ca7ec5,1096,0,54,right-6,left,right-dark,dark-up,greater-up,dual,25:56.6
69b306d0aabcb968f7ca7ec5,NULL,0,55,left-6,none,left-dark,dark-up,fewer-up,dual,25:59.2
69b306d0aabcb968f7ca7ec5,NULL,0,56,right-7,none,right-dark,dark-up,greater-up,dual,26:02.1
69b306d0aabcb968f7ca7ec5,NULL,0,57,left-9,none,left-dark,dark-up,fewer-up,dual,26:05.3
69b306d0aabcb968f7ca7ec5,1513,1,58,right-9,left,right-dark,light-up,greater-up,dual,26:08.3
69b306d0aabcb968f7ca7ec5,1324,0,59,right-1,right,right-dark,dark-up,fewer-up,dual,26:10.8
69b306d0aabcb968f7ca7ec5,1386,0,60,left-9,left,left-dark,light-up,greater-up,dual,26:17.5
69b306d0aabcb968f7ca7ec5,1348,1,61,right-8,left,right-dark,light-up,greater-up,dual,26:20.1
69b306d0aabcb968f7ca7ec5,NULL,0,62,left-9,none,left-dark,light-up,fewer-up,dual,26:22.4
69b306d0aabcb968f7ca7ec5,1285,1,63,left-0,right,left-dark,light-up,greater-up,dual,26:25.5
69a2031dab8373c829ee7358,1480,0,0,left-7,left,left-dark,light-up,greater-up,dual,26:27.7
69b306d0aabcb968f7ca7ec5,1436,1,64,right-8,left,right-dark,dark-up,fewer-up,dual,26:28.0
69a2031dab8373c829ee7358,929,1,1,left-9,left,left-dark,light-up,fewer-up,dual,26:30.0
69b306d0aabcb968f7ca7ec5,1186,1,65,right-2,right,right-dark,dark-up,greater-up,dual,26:30.7
69a2031dab8373c829ee7358,679,0,2,right-0,right,right-dark,dark-up,fewer-up,dual,26:32.3
69b306d0aabcb968f7ca7ec5,1551,1,66,left-8,right,left-dark,light-up,greater-up,dual,26:33.7
69a2031dab8373c829ee7358,702,0,3,right-8,right,right-dark,dark-up,fewer-up,dual,26:34.6
69b306d0aabcb968f7ca7ec5,1648,1,67,right-0,left,right-dark,dark-up,fewer-up,dual,26:36.6
69a2031dab8373c829ee7358,1321,0,4,left-9,left,left-dark,light-up,greater-up,dual,26:37.1
69b306d0aabcb968f7ca7ec5,991,1,68,right-3,left,right-dark,light-up,greater-up,dual,26:39.1
69a2031dab8373c829ee7358,702,1,5,right-9,right,right-dark,dark-up,greater-up,dual,26:39.3
69b306d0aabcb968f7ca7ec5,1381,1,69,left-2,left,left-dark,dark-up,greater-up,dual,26:41.7
69a2031dab8373c829ee7358,NULL,0,6,right-9,none,right-dark,light-up,fewer-up,dual,26:41.9
69b306d0aabcb968f7ca7ec5,788,1,70,left-3,left,left-dark,dark-up,greater-up,dual,26:43.9
69a2031dab8373c829ee7358,625,1,7,left-1,left,left-dark,light-up,fewer-up,dual,26:44.6
69b306d0aabcb968f7ca7ec5,1144,1,71,left-4,right,left-dark,light-up,greater-up,dual,26:46.1
69a2031dab8373c829ee7358,631,0,8,left-0,left,left-dark,dark-up,fewer-up,dual,26:46.5
69b306d0aabcb968f7ca7ec5,NULL,0,72,left-6,none,left-dark,dark-up,greater-up,dual,26:48.7
69a2031dab8373c829ee7358,NULL,0,9,left-0,none,left-dark,dark-up,greater-up,dual,26:48.9
69a2031dab8373c829ee7358,545,0,10,right-9,right,right-dark,light-up,greater-up,dual,26:51.4
69b306d0aabcb968f7ca7ec5,882,1,73,left-1,left,left-dark,dark-up,greater-up,dual,26:51.5
69a2031dab8373c829ee7358,768,0,11,left-1,left,left-dark,dark-up,fewer-up,dual,26:53.3
69b306d0aabcb968f7ca7ec5,993,1,74,left-0,right,left-dark,dark-up,fewer-up,dual,26:53.7
69a2031dab8373c829ee7358,560,1,12,left-1,left,left-dark,dark-up,greater-up,dual,26:55.0
69b306d0aabcb968f7ca7ec5,1153,1,75,left-7,left,left-dark,light-up,fewer-up,dual,26:56.0
69a2031dab8373c829ee7358,834,0,13,right-8,right,right-dark,light-up,greater-up,dual,26:57.3
69b306d0aabcb968f7ca7ec5,1240,1,76,right-3,right,right-dark,dark-up,greater-up,dual,26:58.4
69a2031dab8373c829ee7358,1092,1,14,right-4,right,right-dark,dark-up,greater-up,dual,26:59.9
69b306d0aabcb968f7ca7ec5,777,1,77,right-1,left,right-dark,light-up,greater-up,dual,27:00.6
69a2031dab8373c829ee7358,1272,1,15,right-8,right,right-dark,dark-up,greater-up,dual,27:02.2
69b306d0aabcb968f7ca7ec5,1318,1,78,right-2,left,right-dark,dark-up,fewer-up,dual,27:03.4
69a2031dab8373c829ee7358,1001,1,16,left-3,left,left-dark,light-up,fewer-up,dual,27:04.7
69b306d0aabcb968f7ca7ec5,1094,1,79,left-2,right,left-dark,dark-up,fewer-up,dual,27:05.8
69a2031dab8373c829ee7358,805,0,17,left-7,left,left-dark,dark-up,fewer-up,dual,27:06.6
69a2031dab8373c829ee7358,1075,0,18,left-5,left,left-dark,dark-up,fewer-up,dual,27:09.0
69a2031dab8373c829ee7358,964,0,19,right-7,right,right-dark,light-up,greater-up,dual,27:11.1
69a2031dab8373c829ee7358,722,0,20,left-3,left,left-dark,light-up,greater-up,dual,27:19.5
69a2031dab8373c829ee7358,681,0,21,left-2,left,left-dark,light-up,greater-up,dual,27:21.4
69a2031dab8373c829ee7358,793,0,22,right-4,right,right-dark,dark-up,fewer-up,dual,27:23.2
69a2031dab8373c829ee7358,710,0,23,left-5,left,left-dark,light-up,greater-up,dual,27:25.3
69a2031dab8373c829ee7358,682,1,24,left-3,left,left-dark,dark-up,greater-up,dual,27:27.3
69a487baa6a180f22544ba20,NULL,0,0,left-1,none,left-dark,light-up,fewer-up,dual,28:16.6
69a2031dab8373c829ee7358,750,0,25,left-0,left,left-dark,light-up,greater-up,dual,27:29.5
69a487baa6a180f22544ba20,NULL,0,1,left-7,none,left-dark,dark-up,greater-up,dual,28:19.4
69a2031dab8373c829ee7358,NULL,0,26,right-0,none,right-dark,light-up,fewer-up,dual,27:32.3
69a487baa6a180f22544ba20,940,0,2,left-1,left,left-dark,dark-up,fewer-up,dual,28:22.2
69a2031dab8373c829ee7358,657,1,27,left-5,left,left-dark,light-up,fewer-up,dual,27:34.9
69a2031dab8373c829ee7358,814,0,28,right-5,right,right-dark,dark-up,fewer-up,dual,27:36.8
69a487baa6a180f22544ba20,NULL,0,3,left-2,none,left-dark,light-up,greater-up,dual,28:24.6
69a2031dab8373c829ee7358,807,1,29,right-3,right,right-dark,light-up,fewer-up,dual,27:38.9
69a487baa6a180f22544ba20,834,1,4,right-9,right,right-dark,light-up,fewer-up,dual,28:27.4
69a2031dab8373c829ee7358,913,1,30,left-8,left,left-dark,light-up,fewer-up,dual,27:41.0
69a487baa6a180f22544ba20,1669,0,5,left-6,right,left-dark,light-up,fewer-up,dual,28:30.4
69a2031dab8373c829ee7358,1548,1,31,left-6,left,left-dark,light-up,fewer-up,dual,27:43.9
69a487baa6a180f22544ba20,1458,1,6,right-1,left,right-dark,dark-up,fewer-up,dual,28:33.1
69a2031dab8373c829ee7358,688,0,32,left-2,left,left-dark,dark-up,fewer-up,dual,27:45.9
69a2031dab8373c829ee7358,808,0,33,right-3,right,right-dark,light-up,greater-up,dual,27:48.2
69a487baa6a180f22544ba20,1499,0,7,right-7,right,right-dark,dark-up,fewer-up,dual,28:36.1
69a2031dab8373c829ee7358,999,0,34,right-0,right,right-dark,light-up,greater-up,dual,27:50.5
69a487baa6a180f22544ba20,1258,0,8,left-2,right,left-dark,light-up,fewer-up,dual,28:38.7
69a2031dab8373c829ee7358,NULL,0,35,left-6,none,left-dark,light-up,greater-up,dual,27:53.1
69a487baa6a180f22544ba20,1578,1,9,right-1,right,right-dark,light-up,fewer-up,dual,28:41.7
69a2031dab8373c829ee7358,674,1,36,right-6,right,right-dark,light-up,fewer-up,dual,27:55.6
69a487baa6a180f22544ba20,1174,1,10,left-4,left,left-dark,light-up,fewer-up,dual,28:44.0
69a2031dab8373c829ee7358,1436,1,37,left-7,left,left-dark,dark-up,greater-up,dual,27:58.4
69a487baa6a180f22544ba20,1161,1,11,right-0,left,right-dark,light-up,greater-up,dual,28:46.4
69a2031dab8373c829ee7358,960,1,38,right-7,right,right-dark,dark-up,greater-up,dual,28:00.6
69a487baa6a180f22544ba20,987,1,12,right-9,left,right-dark,light-up,greater-up,dual,28:48.4
69a2031dab8373c829ee7358,982,0,39,left-8,left,left-dark,light-up,greater-up,dual,28:03.0
69a487baa6a180f22544ba20,1213,1,13,left-4,right,left-dark,light-up,greater-up,dual,28:50.9
69a487baa6a180f22544ba20,1103,1,14,left-1,left,left-dark,dark-up,greater-up,dual,28:53.4
69a487baa6a180f22544ba20,974,1,15,left-0,right,left-dark,light-up,greater-up,dual,28:55.6
69a2031dab8373c829ee7358,1631,1,40,left-6,left,left-dark,dark-up,greater-up,dual,28:08.5
69a487baa6a180f22544ba20,1349,1,16,right-8,left,right-dark,light-up,greater-up,dual,28:58.2
69a2031dab8373c829ee7358,1126,0,41,right-5,right,right-dark,light-up,greater-up,dual,28:11.1
69a487baa6a180f22544ba20,979,1,17,right-3,left,right-dark,dark-up,fewer-up,dual,29:00.3
69a2031dab8373c829ee7358,923,1,42,left-9,left,left-dark,dark-up,greater-up,dual,28:13.1
69a487baa6a180f22544ba20,992,1,18,right-4,right,right-dark,dark-up,greater-up,dual,29:02.7
69a2031dab8373c829ee7358,1603,1,43,right-4,right,right-dark,light-up,fewer-up,dual,28:16.0
69a487baa6a180f22544ba20,807,1,19,right-5,right,right-dark,dark-up,greater-up,dual,29:04.9
69a2031dab8373c829ee7358,711,0,44,right-6,right,right-dark,light-up,greater-up,dual,28:18.1
69a2031dab8373c829ee7358,1563,1,45,right-2,right,right-dark,light-up,fewer-up,dual,28:21.1
69a2031dab8373c829ee7358,1419,1,46,right-7,right,right-dark,light-up,fewer-up,dual,28:23.8
69a2031dab8373c829ee7358,838,1,47,left-7,left,left-dark,light-up,fewer-up,dual,28:25.7
69a487baa6a180f22544ba20,1195,1,20,left-1,right,left-dark,light-up,greater-up,dual,29:13.5
69a2031dab8373c829ee7358,781,0,48,left-8,left,left-dark,dark-up,fewer-up,dual,28:27.9
69a487baa6a180f22544ba20,1213,1,21,left-0,left,left-dark,dark-up,greater-up,dual,29:15.9
69a2031dab8373c829ee7358,703,0,49,right-4,right,right-dark,light-up,greater-up,dual,28:30.1
69a487baa6a180f22544ba20,904,1,22,right-3,left,right-dark,light-up,greater-up,dual,29:18.3
69a2031dab8373c829ee7358,1414,1,50,left-5,left,left-dark,dark-up,greater-up,dual,28:32.9
69a487baa6a180f22544ba20,1310,1,23,left-7,right,left-dark,light-up,greater-up,dual,29:21.0
69a2031dab8373c829ee7358,742,1,51,left-0,left,left-dark,light-up,fewer-up,dual,28:34.9
69a487baa6a180f22544ba20,890,0,24,right-6,left,right-dark,light-up,fewer-up,dual,29:23.4
69a2031dab8373c829ee7358,1194,1,52,right-0,right,right-dark,dark-up,greater-up,dual,28:37.6
69a487baa6a180f22544ba20,1015,1,25,right-3,right,right-dark,light-up,fewer-up,dual,29:25.9
69a2031dab8373c829ee7358,1125,1,53,left-4,left,left-dark,dark-up,greater-up,dual,28:39.9
69a487baa6a180f22544ba20,835,1,26,right-5,left,right-dark,light-up,greater-up,dual,29:28.0
69a2031dab8373c829ee7358,1081,0,54,right-2,right,right-dark,light-up,greater-up,dual,28:42.5
69a487baa6a180f22544ba20,958,1,27,right-2,left,right-dark,dark-up,fewer-up,dual,29:30.4
69a2031dab8373c829ee7358,695,1,55,right-1,right,right-dark,light-up,fewer-up,dual,28:44.6
69a487baa6a180f22544ba20,1562,1,28,right-1,right,right-dark,dark-up,greater-up,dual,29:33.1
69a2031dab8373c829ee7358,903,0,56,right-2,right,right-dark,dark-up,fewer-up,dual,28:46.9
69a487baa6a180f22544ba20,1050,1,29,right-5,right,right-dark,light-up,fewer-up,dual,29:35.6
69a2031dab8373c829ee7358,1096,0,57,right-1,right,right-dark,dark-up,fewer-up,dual,28:49.1
69a487baa6a180f22544ba20,855,0,30,left-8,left,left-dark,dark-up,fewer-up,dual,29:38.0
69a2031dab8373c829ee7358,1041,0,58,left-3,left,left-dark,dark-up,fewer-up,dual,28:51.6
69a487baa6a180f22544ba20,1181,1,31,left-9,right,left-dark,light-up,greater-up,dual,29:40.3
69a2031dab8373c829ee7358,1124,0,59,right-1,right,right-dark,light-up,greater-up,dual,28:54.2
69a487baa6a180f22544ba20,1326,1,32,left-6,right,left-dark,dark-up,fewer-up,dual,29:43.1
69a487baa6a180f22544ba20,862,1,33,right-9,right,right-dark,dark-up,greater-up,dual,29:45.3
69a487baa6a180f22544ba20,950,1,34,right-0,right,right-dark,light-up,fewer-up,dual,29:47.5
69a487baa6a180f22544ba20,964,1,35,right-6,left,right-dark,light-up,greater-up,dual,29:50.0
69a2031dab8373c829ee7358,929,0,60,right-7,right,right-dark,dark-up,fewer-up,dual,29:02.6
69a2031dab8373c829ee7358,646,1,61,right-5,right,right-dark,light-up,fewer-up,dual,29:04.6
69a487baa6a180f22544ba20,1042,1,36,left-3,right,left-dark,light-up,greater-up,dual,29:52.3
69a2031dab8373c829ee7358,613,1,62,left-8,left,left-dark,dark-up,greater-up,dual,29:06.7
69a487baa6a180f22544ba20,1421,1,37,left-8,left,left-dark,dark-up,greater-up,dual,29:55.1
69a2031dab8373c829ee7358,685,0,63,right-3,right,right-dark,dark-up,fewer-up,dual,29:08.8
69a487baa6a180f22544ba20,1191,1,38,right-3,right,right-dark,dark-up,greater-up,dual,29:57.4
69a2031dab8373c829ee7358,969,0,64,left-6,left,left-dark,dark-up,fewer-up,dual,29:10.8
69a487baa6a180f22544ba20,1119,1,39,left-0,right,left-dark,dark-up,fewer-up,dual,29:59.8
69a2031dab8373c829ee7358,731,1,65,right-5,right,right-dark,dark-up,greater-up,dual,29:12.7
69a2031dab8373c829ee7358,574,1,66,right-6,right,right-dark,dark-up,greater-up,dual,29:14.7
69a2031dab8373c829ee7358,598,1,67,right-1,right,right-dark,dark-up,greater-up,dual,29:16.6
69a2031dab8373c829ee7358,1197,1,68,left-2,left,left-dark,light-up,fewer-up,dual,29:18.8
69a487baa6a180f22544ba20,1648,1,40,right-4,left,right-dark,dark-up,fewer-up,dual,30:06.8
69a2031dab8373c829ee7358,695,1,69,left-2,left,left-dark,dark-up,greater-up,dual,29:21.0
69a487baa6a180f22544ba20,899,1,41,left-0,left,left-dark,light-up,fewer-up,dual,30:09.1
69a2031dab8373c829ee7358,634,0,70,left-4,left,left-dark,dark-up,fewer-up,dual,29:22.8
69a487baa6a180f22544ba20,1007,1,42,right-2,left,right-dark,light-up,greater-up,dual,30:11.4
69a2031dab8373c829ee7358,730,0,71,left-9,left,left-dark,dark-up,fewer-up,dual,29:25.0
69a487baa6a180f22544ba20,1262,1,43,right-8,right,right-dark,light-up,fewer-up,dual,30:14.2
69a2031dab8373c829ee7358,1696,0,72,left-4,left,left-dark,light-up,greater-up,dual,29:28.2
69a487baa6a180f22544ba20,865,1,44,right-7,right,right-dark,dark-up,greater-up,dual,30:16.2
69a2031dab8373c829ee7358,841,0,73,left-1,left,left-dark,light-up,greater-up,dual,29:30.4
69a487baa6a180f22544ba20,909,1,45,right-2,right,right-dark,dark-up,greater-up,dual,30:18.6
69a2031dab8373c829ee7358,1554,0,74,right-9,right,right-dark,dark-up,fewer-up,dual,29:33.4
69a487baa6a180f22544ba20,NULL,0,46,right-2,none,right-dark,light-up,fewer-up,dual,30:21.1
69a2031dab8373c829ee7358,1094,0,75,right-6,right,right-dark,dark-up,fewer-up,dual,29:35.6
69a487baa6a180f22544ba20,1140,0,47,left-5,left,left-dark,light-up,greater-up,dual,30:24.1
69a2031dab8373c829ee7358,NULL,0,76,right-2,none,right-dark,dark-up,greater-up,dual,29:38.4
69a487baa6a180f22544ba20,943,1,48,right-8,left,right-dark,dark-up,fewer-up,dual,30:26.3
69a487baa6a180f22544ba20,817,1,49,right-5,left,right-dark,dark-up,fewer-up,dual,30:28.2
69a2031dab8373c829ee7358,NULL,0,77,left-4,none,left-dark,light-up,fewer-up,dual,29:41.4
69a487baa6a180f22544ba20,1308,1,50,left-6,left,left-dark,dark-up,greater-up,dual,30:30.6
69a2031dab8373c829ee7358,1368,1,78,right-3,right,right-dark,dark-up,greater-up,dual,29:44.5
69a487baa6a180f22544ba20,958,1,51,left-4,left,left-dark,dark-up,greater-up,dual,30:32.8
69a2031dab8373c829ee7358,1575,0,79,right-8,left,right-dark,light-up,fewer-up,dual,29:47.4
69a487baa6a180f22544ba20,1145,0,52,right-1,right,right-dark,light-up,greater-up,dual,30:35.3
69a487baa6a180f22544ba20,1250,1,53,right-7,right,right-dark,light-up,fewer-up,dual,30:37.8
69a487baa6a180f22544ba20,1512,1,54,right-8,right,right-dark,dark-up,greater-up,dual,30:40.3
69a487baa6a180f22544ba20,1140,1,55,right-7,left,right-dark,light-up,greater-up,dual,30:42.8
69a487baa6a180f22544ba20,889,1,56,left-6,right,left-dark,light-up,greater-up,dual,30:44.7
69a487baa6a180f22544ba20,798,1,57,left-3,left,left-dark,dark-up,greater-up,dual,30:47.0
69a487baa6a180f22544ba20,916,1,58,left-7,right,left-dark,dark-up,fewer-up,dual,30:49.4
69a487baa6a180f22544ba20,1469,1,59,left-5,right,left-dark,dark-up,fewer-up,dual,30:52.2
69a487baa6a180f22544ba20,NULL,0,60,left-8,none,left-dark,light-up,fewer-up,dual,30:56.8
6780099a3882d9a086755003,1655,1,0,right-7,left,right-dark,light-up,greater-up,single,30:11.9
69a487baa6a180f22544ba20,872,1,61,right-0,left,right-dark,dark-up,fewer-up,dual,30:59.6
6780099a3882d9a086755003,1104,1,1,right-1,right,right-dark,light-up,fewer-up,single,30:14.6
69a487baa6a180f22544ba20,1450,1,62,right-6,right,right-dark,dark-up,greater-up,dual,31:02.6
6780099a3882d9a086755003,1038,1,2,right-8,right,right-dark,dark-up,greater-up,single,30:17.2
69a487baa6a180f22544ba20,1383,1,63,left-9,right,left-dark,dark-up,fewer-up,dual,31:05.1
6780099a3882d9a086755003,999,1,3,right-3,right,right-dark,dark-up,greater-up,single,30:19.6
69a487baa6a180f22544ba20,732,1,64,left-5,left,left-dark,dark-up,greater-up,dual,31:07.2
6780099a3882d9a086755003,1088,1,4,left-6,left,left-dark,dark-up,greater-up,single,30:21.9
69a487baa6a180f22544ba20,813,1,65,left-9,left,left-dark,light-up,fewer-up,dual,31:09.3
6780099a3882d9a086755003,1137,1,5,left-9,right,left-dark,dark-up,fewer-up,single,30:24.3
69a487baa6a180f22544ba20,1365,1,66,left-4,right,left-dark,dark-up,fewer-up,dual,31:11.7
69a487baa6a180f22544ba20,718,1,67,left-9,left,left-dark,dark-up,greater-up,dual,31:13.6
6780099a3882d9a086755003,1234,0,6,left-3,right,left-dark,light-up,fewer-up,single,30:27.1
69a487baa6a180f22544ba20,1057,1,68,left-3,left,left-dark,light-up,fewer-up,dual,31:15.9
6780099a3882d9a086755003,1240,1,7,right-0,right,right-dark,light-up,fewer-up,single,30:29.9
69a487baa6a180f22544ba20,956,1,69,left-7,left,left-dark,light-up,fewer-up,dual,31:18.2
6780099a3882d9a086755003,1638,1,8,left-4,right,left-dark,light-up,greater-up,single,30:32.7
69a487baa6a180f22544ba20,826,1,70,right-0,right,right-dark,dark-up,greater-up,dual,31:20.4
6780099a3882d9a086755003,1158,1,9,left-2,left,left-dark,light-up,fewer-up,single,30:35.2
69a487baa6a180f22544ba20,846,1,71,right-9,left,right-dark,dark-up,fewer-up,dual,31:22.6
6780099a3882d9a086755003,1334,1,10,right-0,left,right-dark,light-up,greater-up,single,30:37.6
69a487baa6a180f22544ba20,939,0,72,right-6,right,right-dark,dark-up,fewer-up,dual,31:24.7
69a487baa6a180f22544ba20,989,1,73,left-8,right,left-dark,light-up,greater-up,dual,31:26.7
6780099a3882d9a086755003,1347,1,11,right-7,left,right-dark,dark-up,fewer-up,single,30:40.2
69a487baa6a180f22544ba20,805,0,74,right-4,left,right-dark,light-up,fewer-up,dual,31:29.0
6780099a3882d9a086755003,1203,1,12,left-3,left,left-dark,dark-up,greater-up,single,30:42.7
69a487baa6a180f22544ba20,1037,1,75,right-4,left,right-dark,light-up,greater-up,dual,31:31.2
6780099a3882d9a086755003,1110,1,13,left-0,left,left-dark,light-up,fewer-up,single,30:45.2
69a487baa6a180f22544ba20,924,1,76,left-3,right,left-dark,dark-up,fewer-up,dual,31:33.5
6780099a3882d9a086755003,1047,1,14,left-5,right,left-dark,light-up,greater-up,single,30:47.9
69a487baa6a180f22544ba20,1252,1,77,left-2,right,left-dark,dark-up,fewer-up,dual,31:35.9
6780099a3882d9a086755003,1009,1,15,left-9,left,left-dark,dark-up,greater-up,single,30:50.1
69a487baa6a180f22544ba20,946,1,78,left-5,left,left-dark,light-up,fewer-up,dual,31:38.3
6780099a3882d9a086755003,1017,1,16,right-4,right,right-dark,dark-up,greater-up,single,30:52.3
69a487baa6a180f22544ba20,1007,1,79,left-2,left,left-dark,dark-up,greater-up,dual,31:40.8
6780099a3882d9a086755003,1485,1,17,right-8,left,right-dark,dark-up,fewer-up,single,30:55.1
6780099a3882d9a086755003,1066,1,18,right-4,left,right-dark,dark-up,fewer-up,single,30:57.7
6780099a3882d9a086755003,1221,1,19,right-9,right,right-dark,light-up,fewer-up,single,31:00.2
6780099a3882d9a086755003,1048,1,20,left-1,right,left-dark,light-up,greater-up,single,31:09.7
6780099a3882d9a086755003,1402,1,21,left-4,left,left-dark,light-up,fewer-up,single,31:12.2
6780099a3882d9a086755003,1085,1,22,left-2,right,left-dark,dark-up,fewer-up,single,31:14.6
6780099a3882d9a086755003,1264,1,23,right-8,left,right-dark,light-up,greater-up,single,31:17.2
6780099a3882d9a086755003,1300,1,24,left-7,left,left-dark,dark-up,greater-up,single,31:19.7
6780099a3882d9a086755003,904,1,25,left-0,left,left-dark,dark-up,greater-up,single,31:21.9
6780099a3882d9a086755003,914,1,26,left-4,left,left-dark,dark-up,greater-up,single,31:23.9
6780099a3882d9a086755003,1513,1,27,right-3,right,right-dark,light-up,fewer-up,single,31:26.9
6780099a3882d9a086755003,1106,1,28,left-6,right,left-dark,light-up,greater-up,single,31:29.3
6606f138695c55157b90291c,1245,1,0,right-2,right,right-dark,dark-up,greater-up,dual,31:30.3
6780099a3882d9a086755003,1209,1,29,right-5,right,right-dark,dark-up,greater-up,single,31:31.9
6606f138695c55157b90291c,1137,1,1,right-6,right,right-dark,dark-up,greater-up,dual,31:33.0
6780099a3882d9a086755003,1178,1,30,right-6,right,right-dark,light-up,fewer-up,single,31:34.4
6606f138695c55157b90291c,1096,1,2,right-4,right,right-dark,dark-up,greater-up,dual,31:35.2
6780099a3882d9a086755003,1425,1,31,right-1,left,right-dark,dark-up,fewer-up,single,31:37.1
6606f138695c55157b90291c,1390,1,3,right-5,left,right-dark,light-up,greater-up,dual,31:38.1
6780099a3882d9a086755003,1109,1,32,left-8,right,left-dark,light-up,greater-up,single,31:39.9
6606f138695c55157b90291c,1628,1,4,left-8,right,left-dark,light-up,greater-up,dual,31:41.1
6780099a3882d9a086755003,1106,1,33,left-7,right,left-dark,light-up,greater-up,single,31:42.0
6606f138695c55157b90291c,NULL,0,5,left-8,none,left-dark,light-up,fewer-up,dual,31:43.8
6780099a3882d9a086755003,1272,1,34,right-2,left,right-dark,dark-up,fewer-up,single,31:44.8
6780099a3882d9a086755003,1213,1,35,left-9,right,left-dark,light-up,greater-up,single,31:47.5
6606f138695c55157b90291c,1462,1,6,left-7,right,left-dark,dark-up,fewer-up,dual,31:47.0
6780099a3882d9a086755003,1199,1,36,left-5,left,left-dark,dark-up,greater-up,single,31:49.9
6606f138695c55157b90291c,1702,1,7,left-8,right,left-dark,dark-up,fewer-up,dual,31:49.9
6780099a3882d9a086755003,1221,1,37,left-6,right,left-dark,dark-up,fewer-up,single,31:52.7
6606f138695c55157b90291c,1503,1,8,left-2,left,left-dark,dark-up,greater-up,dual,31:52.9
6780099a3882d9a086755003,1289,1,38,left-8,right,left-dark,dark-up,fewer-up,single,31:55.2
6606f138695c55157b90291c,1497,1,9,right-4,left,right-dark,dark-up,fewer-up,dual,31:55.5
6780099a3882d9a086755003,1288,1,39,left-3,right,left-dark,dark-up,fewer-up,single,31:57.7
6606f138695c55157b90291c,1285,1,10,left-4,left,left-dark,dark-up,greater-up,dual,31:58.1
6606f138695c55157b90291c,1299,1,11,left-9,left,left-dark,light-up,fewer-up,dual,32:00.9
67daaf1bd5692a92530dcadb,NULL,0,0,left-3,none,left-dark,light-up,fewer-up,dual,32:03.2
6606f138695c55157b90291c,1501,1,12,left-7,left,left-dark,light-up,fewer-up,dual,32:03.6
67daaf1bd5692a92530dcadb,676,0,1,left-3,right,left-dark,dark-up,greater-up,dual,32:05.6
67daaf1bd5692a92530dcadb,758,1,2,right-2,left,right-dark,light-up,greater-up,dual,32:07.7
6606f138695c55157b90291c,1308,1,13,right-4,left,right-dark,light-up,greater-up,dual,32:06.2
67daaf1bd5692a92530dcadb,607,0,3,right-6,right,right-dark,dark-up,fewer-up,dual,32:09.5
6780099a3882d9a086755003,1042,1,40,right-1,right,right-dark,dark-up,greater-up,single,32:08.5
6606f138695c55157b90291c,1685,1,14,right-3,left,right-dark,dark-up,fewer-up,dual,32:09.0
6780099a3882d9a086755003,1032,1,41,left-1,left,left-dark,dark-up,greater-up,single,32:10.9
67daaf1bd5692a92530dcadb,1734,1,4,right-8,right,right-dark,dark-up,greater-up,dual,32:12.4
6606f138695c55157b90291c,1691,0,15,left-6,left,left-dark,light-up,greater-up,dual,32:11.9
6780099a3882d9a086755003,992,1,42,right-9,right,right-dark,dark-up,greater-up,single,32:13.4
67daaf1bd5692a92530dcadb,NULL,0,5,left-6,none,left-dark,light-up,fewer-up,dual,32:15.0
6606f138695c55157b90291c,1302,1,16,left-2,right,left-dark,light-up,greater-up,dual,32:14.7
67daaf1bd5692a92530dcadb,632,0,6,left-3,left,left-dark,dark-up,fewer-up,dual,32:17.2
6780099a3882d9a086755003,1245,1,43,right-2,right,right-dark,light-up,fewer-up,single,32:16.1
6606f138695c55157b90291c,1418,1,17,left-8,left,left-dark,dark-up,greater-up,dual,32:17.4
67daaf1bd5692a92530dcadb,NULL,0,7,left-6,none,left-dark,light-up,greater-up,dual,32:19.9
6780099a3882d9a086755003,1638,1,44,left-5,right,left-dark,dark-up,fewer-up,single,32:19.3
6606f138695c55157b90291c,1246,1,18,right-5,right,right-dark,light-up,fewer-up,dual,32:19.7
67daaf1bd5692a92530dcadb,10,0,8,left-3,left,left-dark,light-up,greater-up,dual,32:21.9
6780099a3882d9a086755003,1319,1,45,right-2,left,right-dark,light-up,greater-up,single,32:21.7
67daaf1bd5692a92530dcadb,487,0,9,left-0,right,left-dark,light-up,fewer-up,dual,32:23.9
6606f138695c55157b90291c,1597,1,19,left-2,right,left-dark,dark-up,fewer-up,dual,32:22.6
6780099a3882d9a086755003,1100,1,46,right-4,left,right-dark,light-up,greater-up,single,32:24.2
67daaf1bd5692a92530dcadb,1108,1,10,left-7,left,left-dark,light-up,fewer-up,dual,32:26.1
6780099a3882d9a086755003,1090,1,47,left-8,left,left-dark,dark-up,greater-up,single,32:26.3
67daaf1bd5692a92530dcadb,435,1,11,left-5,left,left-dark,dark-up,greater-up,dual,32:27.7
67daaf1bd5692a92530dcadb,579,1,12,right-7,left,right-dark,light-up,greater-up,dual,32:29.8
6780099a3882d9a086755003,1751,1,48,right-7,right,right-dark,light-up,fewer-up,single,32:29.5
67daaf1bd5692a92530dcadb,NULL,0,13,right-9,none,right-dark,dark-up,fewer-up,dual,32:32.4
6780099a3882d9a086755003,1269,1,49,left-1,left,left-dark,light-up,fewer-up,single,32:32.0
6606f138695c55157b90291c,1490,1,20,left-7,right,left-dark,light-up,greater-up,dual,32:31.6
67daaf1bd5692a92530dcadb,524,1,14,left-5,left,left-dark,light-up,fewer-up,dual,32:34.7
6780099a3882d9a086755003,1099,1,50,left-6,left,left-dark,light-up,fewer-up,single,32:34.6
6606f138695c55157b90291c,1123,1,21,right-5,left,right-dark,dark-up,fewer-up,dual,32:34.0
67daaf1bd5692a92530dcadb,1219,1,15,right-8,left,right-dark,dark-up,fewer-up,dual,32:37.3
6606f138695c55157b90291c,1576,1,22,left-1,right,left-dark,dark-up,fewer-up,dual,32:36.8
6780099a3882d9a086755003,1555,1,51,right-0,left,right-dark,dark-up,fewer-up,single,32:37.5
67daaf1bd5692a92530dcadb,569,0,16,right-2,left,right-dark,light-up,fewer-up,dual,32:39.2
6780099a3882d9a086755003,1093,1,52,left-7,left,left-dark,light-up,fewer-up,single,32:39.8
6606f138695c55157b90291c,1262,1,23,right-8,left,right-dark,light-up,greater-up,dual,32:39.2
67daaf1bd5692a92530dcadb,NULL,0,17,left-6,none,left-dark,dark-up,fewer-up,dual,32:42.0
6780099a3882d9a086755003,1147,1,53,right-5,left,right-dark,light-up,greater-up,single,32:42.0
6606f138695c55157b90291c,1429,1,24,left-9,right,left-dark,dark-up,fewer-up,dual,32:41.9
67daaf1bd5692a92530dcadb,148,0,18,left-7,left,left-dark,light-up,greater-up,dual,32:43.9
6780099a3882d9a086755003,1039,1,54,right-9,left,right-dark,light-up,greater-up,single,32:44.3
67daaf1bd5692a92530dcadb,589,0,19,right-1,left,right-dark,light-up,fewer-up,dual,32:45.7
6606f138695c55157b90291c,1404,1,25,left-0,right,left-dark,light-up,greater-up,dual,32:44.6
6780099a3882d9a086755003,1120,1,55,right-5,right,right-dark,light-up,fewer-up,single,32:46.8
6606f138695c55157b90291c,1688,1,26,right-1,right,right-dark,light-up,fewer-up,dual,32:47.3
6780099a3882d9a086755003,1306,1,56,right-9,left,right-dark,dark-up,fewer-up,single,32:49.2
6606f138695c55157b90291c,NULL,0,27,right-2,none,right-dark,light-up,fewer-up,dual,32:50.0
6780099a3882d9a086755003,1429,1,57,right-1,left,right-dark,light-up,greater-up,single,32:51.7
6606f138695c55157b90291c,NULL,0,28,left-9,none,left-dark,dark-up,greater-up,dual,32:53.0
67daaf1bd5692a92530dcadb,504,1,20,left-8,left,left-dark,light-up,fewer-up,dual,32:54.8
6780099a3882d9a086755003,1541,0,58,left-0,left,left-dark,light-up,greater-up,single,32:54.7
6606f138695c55157b90291c,1195,1,29,left-1,left,left-dark,light-up,fewer-up,dual,32:55.8
67daaf1bd5692a92530dcadb,1533,0,21,left-1,left,left-dark,light-up,greater-up,dual,32:57.8
6780099a3882d9a086755003,1040,1,59,right-2,right,right-dark,dark-up,greater-up,single,32:57.4
67daaf1bd5692a92530dcadb,NULL,0,22,right-6,none,right-dark,light-up,fewer-up,dual,33:00.2
6606f138695c55157b90291c,1372,0,30,right-7,left,right-dark,light-up,fewer-up,dual,32:58.6
67daaf1bd5692a92530dcadb,12,1,23,right-5,left,right-dark,dark-up,fewer-up,dual,33:02.0
6606f138695c55157b90291c,1413,1,31,right-8,right,right-dark,dark-up,greater-up,dual,33:01.1
67daaf1bd5692a92530dcadb,NULL,0,24,right-5,none,right-dark,light-up,greater-up,dual,33:04.5
6606f138695c55157b90291c,1444,1,32,left-6,right,left-dark,dark-up,fewer-up,dual,33:03.9
67daaf1bd5692a92530dcadb,850,1,25,right-1,left,right-dark,light-up,greater-up,dual,33:07.0
6606f138695c55157b90291c,926,1,33,left-3,right,left-dark,light-up,greater-up,dual,33:06.1
67daaf1bd5692a92530dcadb,NULL,0,26,left-0,none,left-dark,dark-up,greater-up,dual,33:09.5
6606f138695c55157b90291c,1103,0,34,right-3,left,right-dark,light-up,fewer-up,dual,33:08.7
67daaf1bd5692a92530dcadb,369,1,27,right-0,left,right-dark,light-up,greater-up,dual,33:11.7
6606f138695c55157b90291c,1003,1,35,left-5,left,left-dark,dark-up,greater-up,dual,33:10.9
6780099a3882d9a086755003,1009,1,60,right-3,left,right-dark,light-up,greater-up,single,33:11.8
67daaf1bd5692a92530dcadb,1466,1,28,left-2,left,left-dark,dark-up,greater-up,dual,33:14.3
6606f138695c55157b90291c,1198,0,36,right-6,right,right-dark,dark-up,fewer-up,dual,33:13.3
6780099a3882d9a086755003,1175,1,61,left-7,right,left-dark,dark-up,fewer-up,single,33:14.7
67daaf1bd5692a92530dcadb,526,1,29,right-7,left,right-dark,dark-up,fewer-up,dual,33:15.9
6606f138695c55157b90291c,1262,1,37,right-1,left,right-dark,light-up,greater-up,dual,33:15.6
67daaf1bd5692a92530dcadb,996,0,30,left-0,left,left-dark,dark-up,fewer-up,dual,33:18.2
6780099a3882d9a086755003,1157,1,62,left-9,left,left-dark,light-up,fewer-up,single,33:17.1
67daaf1bd5692a92530dcadb,685,1,31,right-8,left,right-dark,light-up,greater-up,dual,33:19.9
6606f138695c55157b90291c,1375,1,38,left-3,right,left-dark,dark-up,fewer-up,dual,33:18.3
6780099a3882d9a086755003,1276,1,63,left-2,left,left-dark,dark-up,greater-up,single,33:19.7
6606f138695c55157b90291c,977,1,39,left-2,left,left-dark,light-up,fewer-up,dual,33:20.7
67daaf1bd5692a92530dcadb,NULL,0,32,left-5,none,left-dark,light-up,greater-up,dual,33:22.6
6780099a3882d9a086755003,1192,1,64,left-4,right,left-dark,dark-up,fewer-up,single,33:22.2
67daaf1bd5692a92530dcadb,543,1,33,right-4,left,right-dark,light-up,greater-up,dual,33:24.8
6780099a3882d9a086755003,1212,1,65,left-2,right,left-dark,light-up,greater-up,single,33:24.4
67daaf1bd5692a92530dcadb,591,1,34,right-4,left,right-dark,dark-up,fewer-up,dual,33:26.7
6780099a3882d9a086755003,1049,1,66,left-8,left,left-dark,light-up,fewer-up,single,33:26.9
67daaf1bd5692a92530dcadb,1426,0,35,left-8,left,left-dark,light-up,greater-up,dual,33:29.3
6780099a3882d9a086755003,1190,1,67,right-8,right,right-dark,light-up,fewer-up,single,33:29.4
6606f138695c55157b90291c,NULL,0,40,left-5,none,left-dark,dark-up,fewer-up,dual,33:29.1
67daaf1bd5692a92530dcadb,738,1,36,right-0,left,right-dark,dark-up,fewer-up,dual,33:31.6
6780099a3882d9a086755003,1129,1,68,right-6,left,right-dark,light-up,greater-up,single,33:31.9
67daaf1bd5692a92530dcadb,707,0,37,right-5,left,right-dark,dark-up,greater-up,dual,33:33.5
6606f138695c55157b90291c,1024,1,41,left-5,left,left-dark,light-up,fewer-up,dual,33:32.0
6780099a3882d9a086755003,1040,1,69,left-3,right,left-dark,light-up,greater-up,single,33:34.3
6606f138695c55157b90291c,1024,0,42,left-4,left,left-dark,dark-up,fewer-up,dual,33:34.1
67daaf1bd5692a92530dcadb,1391,1,38,right-3,left,right-dark,light-up,greater-up,dual,33:36.2
67daaf1bd5692a92530dcadb,441,0,39,right-5,left,right-dark,light-up,fewer-up,dual,33:37.7
6780099a3882d9a086755003,1051,1,70,right-7,right,right-dark,dark-up,greater-up,single,33:36.5
6606f138695c55157b90291c,1206,0,43,right-8,right,right-dark,dark-up,fewer-up,dual,33:36.8
6780099a3882d9a086755003,1291,1,71,right-6,left,right-dark,dark-up,fewer-up,single,33:39.3
6606f138695c55157b90291c,1315,1,44,right-3,left,right-dark,light-up,greater-up,dual,33:39.2
6780099a3882d9a086755003,1307,1,72,left-0,right,left-dark,dark-up,fewer-up,single,33:41.7
6606f138695c55157b90291c,1009,1,45,left-3,left,left-dark,dark-up,greater-up,dual,33:41.5
67daaf1bd5692a92530dcadb,771,0,40,left-2,left,left-dark,dark-up,fewer-up,dual,33:44.5
6780099a3882d9a086755003,1216,1,73,right-5,left,right-dark,dark-up,fewer-up,single,33:44.1
697ed59824964096e537d7d3,1580,0,0,left-4,left,left-dark,light-up,greater-up,dual,33:44.0
6606f138695c55157b90291c,1201,0,46,right-1,left,right-dark,dark-up,greater-up,dual,33:44.1
67daaf1bd5692a92530dcadb,879,1,41,left-6,left,left-dark,dark-up,greater-up,dual,33:46.6
697ed59824964096e537d7d3,393,0,1,left-2,left,left-dark,light-up,greater-up,dual,33:45.9
6780099a3882d9a086755003,1390,1,74,right-6,right,right-dark,dark-up,greater-up,single,33:46.8
6606f138695c55157b90291c,1202,1,47,left-6,left,left-dark,light-up,fewer-up,dual,33:46.7
67daaf1bd5692a92530dcadb,669,0,42,right-3,left,right-dark,light-up,fewer-up,dual,33:48.4
697ed59824964096e537d7d3,352,0,2,left-2,left,left-dark,dark-up,fewer-up,dual,33:47.6
67daaf1bd5692a92530dcadb,301,0,43,right-4,left,right-dark,light-up,fewer-up,dual,33:49.9
6780099a3882d9a086755003,1137,1,75,right-3,left,right-dark,dark-up,fewer-up,single,33:49.3
697ed59824964096e537d7d3,312,1,3,left-7,left,left-dark,light-up,fewer-up,dual,33:49.1
67daaf1bd5692a92530dcadb,402,0,44,left-9,left,left-dark,light-up,greater-up,dual,33:51.6
6606f138695c55157b90291c,1670,1,48,left-5,right,left-dark,light-up,greater-up,dual,33:49.9
697ed59824964096e537d7d3,169,0,4,right-7,left,right-dark,light-up,fewer-up,dual,33:50.8
6780099a3882d9a086755003,1162,1,76,right-4,right,right-dark,light-up,fewer-up,single,33:51.9
67daaf1bd5692a92530dcadb,1072,1,45,left-4,left,left-dark,light-up,fewer-up,dual,33:53.8
6606f138695c55157b90291c,1208,1,49,left-0,left,left-dark,dark-up,greater-up,dual,33:52.2
697ed59824964096e537d7d3,927,1,5,right-5,left,right-dark,dark-up,fewer-up,dual,33:53.0
67daaf1bd5692a92530dcadb,263,0,46,right-0,left,right-dark,light-up,fewer-up,dual,33:55.4
6780099a3882d9a086755003,1144,1,77,left-1,right,left-dark,dark-up,fewer-up,single,33:54.7
6606f138695c55157b90291c,1376,1,50,right-8,right,right-dark,light-up,fewer-up,dual,33:54.7
697ed59824964096e537d7d3,1002,1,6,left-2,left,left-dark,dark-up,greater-up,dual,33:55.5
67daaf1bd5692a92530dcadb,460,0,47,right-9,left,right-dark,dark-up,greater-up,dual,33:57.2
6780099a3882d9a086755003,1183,1,78,right-0,right,right-dark,dark-up,greater-up,single,33:57.5
67daaf1bd5692a92530dcadb,335,0,48,left-2,right,left-dark,light-up,fewer-up,dual,33:58.9
6606f138695c55157b90291c,1174,1,51,right-2,left,right-dark,light-up,greater-up,dual,33:57.3
697ed59824964096e537d7d3,655,1,7,left-9,left,left-dark,dark-up,greater-up,dual,33:57.7
6780099a3882d9a086755003,1182,1,79,left-5,left,left-dark,light-up,fewer-up,single,33:59.9
67daaf1bd5692a92530dcadb,NULL,0,49,right-4,none,right-dark,dark-up,greater-up,dual,34:01.3
697ed59824964096e537d7d3,658,0,8,right-9,left,right-dark,dark-up,greater-up,dual,33:59.8
6606f138695c55157b90291c,1150,1,52,left-0,left,left-dark,light-up,fewer-up,dual,33:59.8
697ed59824964096e537d7d3,302,0,9,left-9,left,left-dark,dark-up,fewer-up,dual,34:01.5
6606f138695c55157b90291c,1198,1,53,left-0,right,left-dark,dark-up,fewer-up,dual,34:02.0
67daaf1bd5692a92530dcadb,NULL,0,50,left-2,none,left-dark,light-up,greater-up,dual,34:04.4
697ed59824964096e537d7d3,453,0,10,right-6,left,right-dark,dark-up,greater-up,dual,34:03.3
67daaf1bd5692a92530dcadb,250,1,51,right-2,left,right-dark,dark-up,fewer-up,dual,34:06.3
6606f138695c55157b90291c,1479,0,54,right-6,left,right-dark,light-up,fewer-up,dual,34:04.6
697ed59824964096e537d7d3,297,0,11,left-0,left,left-dark,dark-up,fewer-up,dual,34:04.9
67daaf1bd5692a92530dcadb,584,1,52,left-1,left,left-dark,light-up,fewer-up,dual,34:08.4
697ed59824964096e537d7d3,326,1,12,right-1,left,right-dark,dark-up,fewer-up,dual,34:06.7
6606f138695c55157b90291c,1229,1,55,right-5,right,right-dark,dark-up,greater-up,dual,34:07.0
697ed59824964096e537d7d3,358,0,13,right-4,left,right-dark,light-up,fewer-up,dual,34:08.5
67daaf1bd5692a92530dcadb,491,0,53,right-8,left,right-dark,light-up,fewer-up,dual,34:10.3
6606f138695c55157b90291c,1638,0,56,left-1,left,left-dark,light-up,greater-up,dual,34:09.6
697ed59824964096e537d7d3,345,0,14,left-3,left,left-dark,dark-up,fewer-up,dual,34:10.0
67daaf1bd5692a92530dcadb,625,0,54,left-5,left,left-dark,dark-up,fewer-up,dual,34:12.0
697ed59824964096e537d7d3,355,0,15,right-0,left,right-dark,dark-up,greater-up,dual,34:11.5
67daaf1bd5692a92530dcadb,629,1,55,left-7,left,left-dark,dark-up,greater-up,dual,34:14.0
6606f138695c55157b90291c,1307,1,57,right-6,left,right-dark,light-up,greater-up,dual,34:12.4
697ed59824964096e537d7d3,845,0,16,left-0,left,left-dark,light-up,greater-up,dual,34:13.4
67daaf1bd5692a92530dcadb,954,0,56,right-7,left,right-dark,light-up,fewer-up,dual,34:16.1
6606f138695c55157b90291c,1655,1,58,right-2,left,right-dark,dark-up,fewer-up,dual,34:15.2
697ed59824964096e537d7d3,NULL,0,17,right-1,none,right-dark,light-up,greater-up,dual,34:16.1
67daaf1bd5692a92530dcadb,639,0,57,left-4,left,left-dark,dark-up,fewer-up,dual,34:18.2
6606f138695c55157b90291c,1288,0,59,right-0,left,right-dark,light-up,fewer-up,dual,34:17.6
67daaf1bd5692a92530dcadb,416,0,58,left-8,left,left-dark,dark-up,fewer-up,dual,34:20.0
697ed59824964096e537d7d3,697,1,18,right-0,left,right-dark,dark-up,fewer-up,dual,34:18.7
67daaf1bd5692a92530dcadb,264,1,59,right-6,left,right-dark,light-up,greater-up,dual,34:21.4
697ed59824964096e537d7d3,319,1,19,right-6,left,right-dark,dark-up,fewer-up,dual,34:20.3
6606f138695c55157b90291c,1604,1,60,left-6,left,left-dark,dark-up,greater-up,dual,34:24.5
6606f138695c55157b90291c,1063,1,61,left-4,left,left-dark,light-up,fewer-up,dual,34:26.6
67daaf1bd5692a92530dcadb,292,0,60,right-3,left,right-dark,dark-up,greater-up,dual,34:29.0
697ed59824964096e537d7d3,1045,0,20,left-5,left,left-dark,dark-up,fewer-up,dual,34:28.0
67daaf1bd5692a92530dcadb,93,1,61,left-9,left,left-dark,dark-up,greater-up,dual,34:30.4
6606f138695c55157b90291c,1108,0,62,right-9,right,right-dark,dark-up,fewer-up,dual,34:29.2
697ed59824964096e537d7d3,241,0,21,right-5,left,right-dark,dark-up,greater-up,dual,34:29.4
67daaf1bd5692a92530dcadb,94,0,62,right-0,left,right-dark,dark-up,greater-up,dual,34:31.8
697ed59824964096e537d7d3,285,1,22,right-4,left,right-dark,dark-up,fewer-up,dual,34:31.1
67daaf1bd5692a92530dcadb,184,0,63,left-0,left,left-dark,light-up,greater-up,dual,34:33.4
6606f138695c55157b90291c,1199,1,63,right-1,left,right-dark,dark-up,fewer-up,dual,34:31.8
697ed59824964096e537d7d3,269,1,23,left-1,left,left-dark,dark-up,greater-up,dual,34:32.8
67daaf1bd5692a92530dcadb,0,0,64,right-2,left,right-dark,dark-up,greater-up,dual,34:34.8
6606f138695c55157b90291c,1698,1,64,left-4,right,left-dark,light-up,greater-up,dual,34:34.5
67daaf1bd5692a92530dcadb,172,1,65,left-1,left,left-dark,dark-up,greater-up,dual,34:36.3
697ed59824964096e537d7d3,1008,1,24,left-7,left,left-dark,dark-up,greater-up,dual,34:35.2
67daaf1bd5692a92530dcadb,16,0,66,left-4,left,left-dark,light-up,greater-up,dual,34:37.3
697ed59824964096e537d7d3,505,0,25,left-6,left,left-dark,dark-up,fewer-up,dual,34:36.8
6606f138695c55157b90291c,1281,1,65,right-9,right,right-dark,light-up,fewer-up,dual,34:36.9
67daaf1bd5692a92530dcadb,21,0,67,left-8,right,left-dark,dark-up,greater-up,dual,34:38.6
67daaf1bd5692a92530dcadb,153,1,68,left-9,right,left-dark,dark-up,fewer-up,dual,34:40.0
697ed59824964096e537d7d3,164,1,26,left-4,left,left-dark,light-up,fewer-up,dual,34:38.4
6606f138695c55157b90291c,1045,1,66,right-9,left,right-dark,light-up,greater-up,dual,34:39.3
67daaf1bd5692a92530dcadb,105,0,69,left-7,left,left-dark,dark-up,fewer-up,dual,34:41.6
697ed59824964096e537d7d3,464,0,27,right-2,left,right-dark,dark-up,greater-up,dual,34:40.1
67daaf1bd5692a92530dcadb,169,1,70,right-1,left,right-dark,dark-up,fewer-up,dual,34:43.3
6606f138695c55157b90291c,1152,1,67,right-3,right,right-dark,dark-up,greater-up,dual,34:41.7
697ed59824964096e537d7d3,705,0,28,right-7,left,right-dark,dark-up,greater-up,dual,34:42.3
67daaf1bd5692a92530dcadb,80,1,71,right-1,right,right-dark,dark-up,greater-up,dual,34:44.5
67daaf1bd5692a92530dcadb,144,1,72,right-6,right,right-dark,dark-up,greater-up,dual,34:45.7
697ed59824964096e537d7d3,724,0,29,left-9,left,left-dark,light-up,greater-up,dual,34:44.2
6606f138695c55157b90291c,973,1,68,right-7,right,right-dark,dark-up,greater-up,dual,34:44.2
67daaf1bd5692a92530dcadb,126,0,73,left-4,right,left-dark,dark-up,greater-up,dual,34:47.1
6606f138695c55157b90291c,1101,1,69,right-0,left,right-dark,dark-up,fewer-up,dual,34:46.4
67daaf1bd5692a92530dcadb,138,0,74,left-1,left,left-dark,dark-up,fewer-up,dual,34:48.6
697ed59824964096e537d7d3,1513,1,30,left-6,left,left-dark,light-up,fewer-up,dual,34:47.1
67daaf1bd5692a92530dcadb,117,0,75,right-9,right,right-dark,light-up,greater-up,dual,34:50.2
6606f138695c55157b90291c,1640,1,70,right-7,left,right-dark,dark-up,fewer-up,dual,34:49.3
697ed59824964096e537d7d3,NULL,0,31,left-4,none,left-dark,dark-up,greater-up,dual,34:49.6
67daaf1bd5692a92530dcadb,180,0,76,left-9,right,left-dark,light-up,fewer-up,dual,34:52.0
697ed59824964096e537d7d3,291,1,32,right-3,left,right-dark,dark-up,fewer-up,dual,34:51.6
67daaf1bd5692a92530dcadb,154,1,77,right-7,right,right-dark,dark-up,greater-up,dual,34:53.6
6606f138695c55157b90291c,1131,1,71,left-3,left,left-dark,light-up,fewer-up,dual,34:51.9
697ed59824964096e537d7d3,386,0,33,left-8,left,left-dark,dark-up,fewer-up,dual,34:53.5
67daaf1bd5692a92530dcadb,151,0,78,right-9,left,right-dark,light-up,fewer-up,dual,34:55.2
6606f138695c55157b90291c,1176,0,72,right-9,left,right-dark,dark-up,greater-up,dual,34:54.3
67daaf1bd5692a92530dcadb,221,1,79,right-3,left,right-dark,dark-up,fewer-up,dual,34:56.9
697ed59824964096e537d7d3,534,1,34,right-3,left,right-dark,light-up,greater-up,dual,34:55.4
6606f138695c55157b90291c,1082,1,73,left-7,left,left-dark,dark-up,greater-up,dual,34:56.7
697ed59824964096e537d7d3,1480,0,35,right-1,left,right-dark,light-up,fewer-up,dual,34:58.1
6606f138695c55157b90291c,1288,1,74,right-4,right,right-dark,light-up,fewer-up,dual,34:59.6
697ed59824964096e537d7d3,693,0,36,right-3,left,right-dark,dark-up,greater-up,dual,35:00.2
6606f138695c55157b90291c,1181,1,75,left-1,left,left-dark,dark-up,greater-up,dual,35:02.0
697ed59824964096e537d7d3,1467,1,37,right-2,left,right-dark,dark-up,fewer-up,dual,35:03.0
697ed59824964096e537d7d3,388,1,38,right-7,left,right-dark,light-up,greater-up,dual,35:04.8
6606f138695c55157b90291c,1475,1,76,right-7,left,right-dark,light-up,greater-up,dual,35:05.0
697ed59824964096e537d7d3,577,0,39,right-4,left,right-dark,dark-up,greater-up,dual,35:06.4
6606f138695c55157b90291c,992,1,77,right-0,right,right-dark,dark-up,greater-up,dual,35:07.5
6606f138695c55157b90291c,1428,1,78,left-9,right,left-dark,light-up,greater-up,dual,35:10.4
697ed59824964096e537d7d3,965,1,40,left-1,left,left-dark,light-up,fewer-up,dual,35:13.1
6606f138695c55157b90291c,1650,1,79,right-0,left,right-dark,light-up,greater-up,dual,35:13.2
697ed59824964096e537d7d3,269,1,41,left-5,left,left-dark,dark-up,greater-up,dual,35:14.6
697ed59824964096e537d7d3,213,1,42,right-0,left,right-dark,light-up,greater-up,dual,35:16.2
697ed59824964096e537d7d3,270,1,43,right-5,left,right-dark,light-up,greater-up,dual,35:17.8
697ed59824964096e537d7d3,302,1,44,left-2,left,left-dark,light-up,fewer-up,dual,35:19.2
697ed59824964096e537d7d3,271,1,45,left-0,left,left-dark,light-up,fewer-up,dual,35:21.0
697ed59824964096e537d7d3,323,1,46,right-6,left,right-dark,light-up,greater-up,dual,35:22.7
697ed59824964096e537d7d3,514,1,47,left-3,left,left-dark,dark-up,greater-up,dual,35:24.4
697ed59824964096e537d7d3,711,0,48,right-1,left,right-dark,dark-up,greater-up,dual,35:26.6
697ed59824964096e537d7d3,321,1,49,right-9,left,right-dark,light-up,greater-up,dual,35:28.2
697ed59824964096e537d7d3,388,0,50,right-5,left,right-dark,light-up,fewer-up,dual,35:30.1
697ed59824964096e537d7d3,311,1,51,right-8,left,right-dark,dark-up,fewer-up,dual,35:31.6
697ed59824964096e537d7d3,269,1,52,right-8,left,right-dark,light-up,greater-up,dual,35:33.0
697ed59824964096e537d7d3,242,1,53,left-6,left,left-dark,dark-up,greater-up,dual,35:34.8
697ed59824964096e537d7d3,169,1,54,right-4,left,right-dark,light-up,greater-up,dual,35:36.4
697ed59824964096e537d7d3,559,0,55,left-4,left,left-dark,dark-up,fewer-up,dual,35:38.5
697ed59824964096e537d7d3,711,0,56,left-1,left,left-dark,light-up,greater-up,dual,35:40.4
697ed59824964096e537d7d3,435,1,57,left-0,left,left-dark,dark-up,greater-up,dual,35:42.3
697ed59824964096e537d7d3,289,0,58,right-8,left,right-dark,light-up,fewer-up,dual,35:43.9
697ed59824964096e537d7d3,348,0,59,left-7,left,left-dark,light-up,greater-up,dual,35:45.3
697ed59824964096e537d7d3,291,0,60,right-8,left,right-dark,dark-up,greater-up,dual,35:48.5
697ed59824964096e537d7d3,154,1,61,right-7,left,right-dark,dark-up,fewer-up,dual,35:50.0
697ed59824964096e537d7d3,397,1,62,left-8,left,left-dark,dark-up,greater-up,dual,35:51.5
697ed59824964096e537d7d3,557,0,63,left-8,left,left-dark,light-up,greater-up,dual,35:53.3
697ed59824964096e537d7d3,316,0,64,left-3,left,left-dark,light-up,greater-up,dual,35:55.1
697ed59824964096e537d7d3,337,1,65,right-9,left,right-dark,dark-up,fewer-up,dual,35:56.6
697ed59824964096e537d7d3,910,0,66,right-3,left,right-dark,light-up,fewer-up,dual,35:58.6
697ed59824964096e537d7d3,453,0,67,left-1,left,left-dark,dark-up,fewer-up,dual,36:00.2
697ed59824964096e537d7d3,305,1,68,left-3,left,left-dark,light-up,fewer-up,dual,36:01.8
697ed59824964096e537d7d3,828,0,69,left-7,left,left-dark,dark-up,fewer-up,dual,36:03.7
697ed59824964096e537d7d3,401,1,70,right-2,left,right-dark,light-up,greater-up,dual,36:05.1
697ed59824964096e537d7d3,400,0,71,left-6,left,left-dark,light-up,greater-up,dual,36:06.8
697ed59824964096e537d7d3,239,0,72,right-9,left,right-dark,light-up,fewer-up,dual,36:08.5
697ed59824964096e537d7d3,306,0,73,right-2,left,right-dark,light-up,fewer-up,dual,36:10.2
697ed59824964096e537d7d3,187,1,74,left-5,left,left-dark,light-up,fewer-up,dual,36:11.7
697ed59824964096e537d7d3,538,1,75,left-8,left,left-dark,light-up,fewer-up,dual,36:13.7
697ed59824964096e537d7d3,451,0,76,right-6,left,right-dark,light-up,fewer-up,dual,36:15.2
697ed59824964096e537d7d3,1076,1,77,left-9,left,left-dark,light-up,fewer-up,dual,36:17.6
697ed59824964096e537d7d3,314,0,78,left-5,left,left-dark,light-up,greater-up,dual,36:19.0
697ed59824964096e537d7d3,325,0,79,right-0,left,right-dark,light-up,fewer-up,dual,36:20.5
58cbd0a55d42920001414dd3,1283,1,0,left-8,right,left-dark,light-up,greater-up,dual,36:39.1
58cbd0a55d42920001414dd3,1251,1,1,right-8,left,right-dark,dark-up,fewer-up,dual,36:41.6
58cbd0a55d42920001414dd3,1495,1,2,left-1,right,left-dark,dark-up,fewer-up,dual,36:44.6
58cbd0a55d42920001414dd3,1279,1,3,left-3,right,left-dark,light-up,greater-up,dual,36:47.4
58cbd0a55d42920001414dd3,1383,1,4,right-4,left,right-dark,light-up,greater-up,dual,36:50.1
58cbd0a55d42920001414dd3,1274,1,5,left-0,left,left-dark,light-up,fewer-up,dual,36:52.9
58cbd0a55d42920001414dd3,1557,1,6,right-2,left,right-dark,light-up,greater-up,dual,36:55.8
58cbd0a55d42920001414dd3,1653,1,7,left-5,right,left-dark,dark-up,fewer-up,dual,36:58.7
58cbd0a55d42920001414dd3,NULL,0,8,right-7,none,right-dark,light-up,fewer-up,dual,37:01.4
58cbd0a55d42920001414dd3,952,1,9,right-4,left,right-dark,dark-up,fewer-up,dual,37:04.1
58cbd0a55d42920001414dd3,1659,1,10,left-6,left,left-dark,dark-up,greater-up,dual,37:07.1
69829bc1224b28f0538900d5,NULL,0,0,left-6,none,left-dark,dark-up,fewer-up,dual,37:08.3
58cbd0a55d42920001414dd3,1525,1,11,left-0,right,left-dark,dark-up,fewer-up,dual,37:10.0
69829bc1224b28f0538900d5,801,0,1,left-8,left,left-dark,light-up,greater-up,dual,37:11.1
58cbd0a55d42920001414dd3,907,1,12,left-4,right,left-dark,dark-up,fewer-up,dual,37:12.1
69829bc1224b28f0538900d5,1609,1,2,right-5,right,right-dark,light-up,fewer-up,dual,37:14.0
58cbd0a55d42920001414dd3,1536,1,13,left-6,left,left-dark,light-up,fewer-up,dual,37:15.0
69829bc1224b28f0538900d5,712,1,3,right-7,right,right-dark,dark-up,greater-up,dual,37:16.1
58cbd0a55d42920001414dd3,1162,1,14,right-0,left,right-dark,light-up,greater-up,dual,37:17.7
69829bc1224b28f0538900d5,947,1,4,right-2,right,right-dark,dark-up,greater-up,dual,37:18.4
69829bc1224b28f0538900d5,545,1,5,right-4,right,right-dark,light-up,fewer-up,dual,37:20.1
58cbd0a55d42920001414dd3,NULL,0,15,left-9,none,left-dark,dark-up,fewer-up,dual,37:20.4
69829bc1224b28f0538900d5,657,1,6,left-4,left,left-dark,dark-up,greater-up,dual,37:22.0
58cbd0a55d42920001414dd3,852,1,16,left-6,right,left-dark,dark-up,fewer-up,dual,37:23.0
69829bc1224b28f0538900d5,598,0,7,right-9,right,right-dark,dark-up,fewer-up,dual,37:23.8
69829bc1224b28f0538900d5,692,0,8,right-7,right,right-dark,dark-up,fewer-up,dual,37:25.6
58cbd0a55d42920001414dd3,NULL,0,17,left-2,none,left-dark,light-up,greater-up,dual,37:25.4
69829bc1224b28f0538900d5,515,0,9,right-5,right,right-dark,light-up,greater-up,dual,37:27.5
58cbd0a55d42920001414dd3,954,1,18,right-6,left,right-dark,light-up,greater-up,dual,37:28.3
69829bc1224b28f0538900d5,768,0,10,right-6,right,right-dark,light-up,greater-up,dual,37:29.5
58cbd0a55d42920001414dd3,1044,1,19,left-3,left,left-dark,light-up,fewer-up,dual,37:30.8
69829bc1224b28f0538900d5,1286,0,11,right-8,left,right-dark,light-up,fewer-up,dual,37:32.0
69829bc1224b28f0538900d5,891,0,12,right-7,right,right-dark,light-up,greater-up,dual,37:34.0
69829bc1224b28f0538900d5,NULL,0,13,right-1,none,right-dark,light-up,greater-up,dual,37:36.6
69829bc1224b28f0538900d5,692,0,14,right-2,right,right-dark,light-up,greater-up,dual,37:39.1
58cbd0a55d42920001414dd3,883,1,20,left-1,left,left-dark,dark-up,greater-up,dual,37:38.9
58cbd0a55d42920001414dd3,923,1,21,left-4,left,left-dark,dark-up,greater-up,dual,37:41.3
69829bc1224b28f0538900d5,NULL,0,15,right-6,none,right-dark,dark-up,fewer-up,dual,37:41.7
58cbd0a55d42920001414dd3,1140,1,22,right-4,right,right-dark,dark-up,greater-up,dual,37:43.7
69829bc1224b28f0538900d5,1138,1,16,left-9,right,left-dark,light-up,greater-up,dual,37:44.6
58cbd0a55d42920001414dd3,1096,1,23,left-7,right,left-dark,dark-up,fewer-up,dual,37:45.9
69829bc1224b28f0538900d5,959,1,17,left-8,left,left-dark,light-up,fewer-up,dual,37:47.1
58cbd0a55d42920001414dd3,963,0,24,left-1,right,left-dark,light-up,fewer-up,dual,37:48.4
69829bc1224b28f0538900d5,749,1,18,left-1,left,left-dark,dark-up,greater-up,dual,37:49.4
69829bc1224b28f0538900d5,690,1,19,left-8,left,left-dark,dark-up,greater-up,dual,37:51.3
58cbd0a55d42920001414dd3,1185,0,25,left-9,left,left-dark,light-up,greater-up,dual,37:51.1
58cbd0a55d42920001414dd3,1567,1,26,right-0,left,right-dark,dark-up,fewer-up,dual,37:53.8
58cbd0a55d42920001414dd3,1082,1,27,left-8,left,left-dark,dark-up,greater-up,dual,37:56.4
58cbd0a55d42920001414dd3,913,1,28,left-7,left,left-dark,dark-up,greater-up,dual,37:58.7
58cbd0a55d42920001414dd3,1353,1,29,left-4,left,left-dark,light-up,fewer-up,dual,38:01.2
5b4d64a9b8b20a00015a850e,1025,0,0,right-7,right,right-dark,light-up,greater-up,dual,38:01.0
58cbd0a55d42920001414dd3,1153,1,30,left-0,right,left-dark,light-up,greater-up,dual,38:03.7
5b4d64a9b8b20a00015a850e,897,1,1,right-6,right,right-dark,dark-up,greater-up,dual,38:03.1
58cbd0a55d42920001414dd3,1606,1,31,left-8,right,left-dark,dark-up,fewer-up,dual,38:06.4
5b4d64a9b8b20a00015a850e,694,0,2,right-7,left,right-dark,dark-up,greater-up,dual,38:05.2
69829bc1224b28f0538900d5,711,1,20,right-1,right,right-dark,light-up,fewer-up,dual,38:08.0
5b4d64a9b8b20a00015a850e,514,1,3,right-9,right,right-dark,dark-up,greater-up,dual,38:07.1
58cbd0a55d42920001414dd3,1180,0,32,right-7,left,right-dark,dark-up,greater-up,dual,38:09.1
69829bc1224b28f0538900d5,1234,0,21,left-0,left,left-dark,light-up,greater-up,dual,38:10.4
5b4d64a9b8b20a00015a850e,613,1,4,left-4,left,left-dark,light-up,fewer-up,dual,38:08.9
58cbd0a55d42920001414dd3,858,1,33,right-3,right,right-dark,dark-up,greater-up,dual,38:11.3
69829bc1224b28f0538900d5,NULL,0,22,left-9,none,left-dark,light-up,fewer-up,dual,38:12.7
5b4d64a9b8b20a00015a850e,1239,1,5,left-7,left,left-dark,light-up,fewer-up,dual,38:11.7
58cbd0a55d42920001414dd3,889,1,34,right-1,right,right-dark,dark-up,greater-up,dual,38:13.5
69829bc1224b28f0538900d5,1080,1,23,right-0,right,right-dark,light-up,fewer-up,dual,38:15.5
5b4d64a9b8b20a00015a850e,570,0,6,right-8,right,right-dark,light-up,greater-up,dual,38:13.8
58cbd0a55d42920001414dd3,1016,1,35,right-5,left,right-dark,dark-up,fewer-up,dual,38:15.9
69829bc1224b28f0538900d5,518,0,24,left-7,left,left-dark,light-up,greater-up,dual,38:17.2
5b4d64a9b8b20a00015a850e,593,0,7,left-9,left,left-dark,light-up,greater-up,dual,38:15.5
58cbd0a55d42920001414dd3,NULL,0,36,left-8,none,left-dark,light-up,fewer-up,dual,38:18.3
69829bc1224b28f0538900d5,701,1,25,left-8,right,left-dark,dark-up,fewer-up,dual,38:18.9
5b4d64a9b8b20a00015a850e,462,0,8,left-7,left,left-dark,dark-up,fewer-up,dual,38:17.4
58cbd0a55d42920001414dd3,1330,1,37,left-2,left,left-dark,dark-up,greater-up,dual,38:21.3
69829bc1224b28f0538900d5,1493,1,26,right-9,right,right-dark,dark-up,greater-up,dual,38:21.9
5b4d64a9b8b20a00015a850e,1415,1,9,left-8,left,left-dark,light-up,fewer-up,dual,38:20.2
58cbd0a55d42920001414dd3,782,1,38,left-5,left,left-dark,dark-up,greater-up,dual,38:23.3
5b4d64a9b8b20a00015a850e,536,0,10,right-9,right,right-dark,dark-up,fewer-up,dual,38:22.2
69829bc1224b28f0538900d5,515,1,27,left-3,left,left-dark,dark-up,greater-up,dual,38:24.0
5b4d64a9b8b20a00015a850e,755,1,11,left-0,left,left-dark,dark-up,greater-up,dual,38:24.1
58cbd0a55d42920001414dd3,1103,1,39,right-3,right,right-dark,light-up,fewer-up,dual,38:25.8
69829bc1224b28f0538900d5,702,0,28,left-4,left,left-dark,dark-up,fewer-up,dual,38:26.2
69829bc1224b28f0538900d5,555,1,29,left-0,left,left-dark,light-up,fewer-up,dual,38:27.9
5b4d64a9b8b20a00015a850e,570,1,12,right-5,right,right-dark,dark-up,greater-up,dual,38:25.9
5b4d64a9b8b20a00015a850e,584,1,13,left-3,left,left-dark,dark-up,greater-up,dual,38:28.0
69829bc1224b28f0538900d5,1432,1,30,left-5,left,left-dark,dark-up,greater-up,dual,38:30.5
5b4d64a9b8b20a00015a850e,598,1,14,right-2,right,right-dark,dark-up,greater-up,dual,38:29.7
5b4d64a9b8b20a00015a850e,527,0,15,right-3,right,right-dark,light-up,greater-up,dual,38:31.3
69829bc1224b28f0538900d5,NULL,0,31,right-9,none,right-dark,light-up,greater-up,dual,38:33.3
5b4d64a9b8b20a00015a850e,958,1,16,left-8,left,left-dark,dark-up,greater-up,dual,38:33.5
69829bc1224b28f0538900d5,556,1,32,left-7,left,left-dark,light-up,fewer-up,dual,38:35.6
58cbd0a55d42920001414dd3,887,1,40,left-4,right,left-dark,light-up,greater-up,dual,38:35.6
5b4d64a9b8b20a00015a850e,449,1,17,right-8,right,right-dark,light-up,fewer-up,dual,38:35.4
69829bc1224b28f0538900d5,716,0,33,left-4,left,left-dark,light-up,greater-up,dual,38:37.7
58cbd0a55d42920001414dd3,1190,1,41,left-2,right,left-dark,dark-up,fewer-up,dual,38:38.3
5b4d64a9b8b20a00015a850e,525,1,18,right-9,right,right-dark,light-up,fewer-up,dual,38:37.2
69829bc1224b28f0538900d5,539,0,34,right-4,right,right-dark,dark-up,fewer-up,dual,38:39.7
5b4d64a9b8b20a00015a850e,421,0,19,left-2,left,left-dark,dark-up,fewer-up,dual,38:39.1
58cbd0a55d42920001414dd3,1435,1,42,right-3,left,right-dark,dark-up,fewer-up,dual,38:40.9
69829bc1224b28f0538900d5,702,1,35,left-6,left,left-dark,dark-up,greater-up,dual,38:41.8
58cbd0a55d42920001414dd3,818,1,43,right-6,right,right-dark,dark-up,greater-up,dual,38:42.9
69829bc1224b28f0538900d5,1539,0,36,left-0,left,left-dark,dark-up,fewer-up,dual,38:44.5
58cbd0a55d42920001414dd3,1233,1,44,left-3,right,left-dark,dark-up,fewer-up,dual,38:45.3
69829bc1224b28f0538900d5,491,0,37,left-2,left,left-dark,dark-up,fewer-up,dual,38:46.4
58cbd0a55d42920001414dd3,1084,1,45,right-2,right,right-dark,light-up,fewer-up,dual,38:47.9
69829bc1224b28f0538900d5,937,1,38,left-3,right,left-dark,light-up,greater-up,dual,38:48.8
5b4d64a9b8b20a00015a850e,684,0,20,left-1,left,left-dark,light-up,greater-up,dual,38:48.3
58cbd0a55d42920001414dd3,978,1,46,right-8,right,right-dark,dark-up,greater-up,dual,38:50.1
69829bc1224b28f0538900d5,517,0,39,right-0,right,right-dark,light-up,greater-up,dual,38:50.8
5b4d64a9b8b20a00015a850e,393,1,21,left-2,right,left-dark,light-up,greater-up,dual,38:50.0
58cbd0a55d42920001414dd3,1561,1,47,right-9,right,right-dark,light-up,fewer-up,dual,38:52.8
5b4d64a9b8b20a00015a850e,628,1,22,left-5,right,left-dark,light-up,greater-up,dual,38:52.0
69829bc1224b28f0538900d5,658,0,40,left-7,left,left-dark,dark-up,fewer-up,dual,38:54.9
58cbd0a55d42920001414dd3,942,1,48,right-3,left,right-dark,light-up,greater-up,dual,38:55.0
5b4d64a9b8b20a00015a850e,1188,0,23,left-7,left,left-dark,light-up,greater-up,dual,38:54.5
69829bc1224b28f0538900d5,572,0,41,right-2,right,right-dark,dark-up,fewer-up,dual,38:56.9
58cbd0a55d42920001414dd3,1470,1,49,right-1,left,right-dark,dark-up,fewer-up,dual,38:57.8
5b4d64a9b8b20a00015a850e,465,1,24,right-0,right,right-dark,light-up,fewer-up,dual,38:56.5
69829bc1224b28f0538900d5,767,1,42,left-1,left,left-dark,light-up,fewer-up,dual,38:58.9
58cbd0a55d42920001414dd3,1104,1,50,right-5,left,right-dark,light-up,greater-up,dual,39:00.2
5b4d64a9b8b20a00015a850e,1011,0,25,left-8,left,left-dark,dark-up,fewer-up,dual,38:58.9
69829bc1224b28f0538900d5,665,0,43,right-4,right,right-dark,light-up,greater-up,dual,39:01.0
69829bc1224b28f0538900d5,401,0,44,right-6,left,right-dark,light-up,fewer-up,dual,39:02.5
5b4d64a9b8b20a00015a850e,611,1,26,left-6,left,left-dark,light-up,fewer-up,dual,39:01.0
58cbd0a55d42920001414dd3,1195,1,51,left-2,left,left-dark,light-up,fewer-up,dual,39:02.6
5b4d64a9b8b20a00015a850e,757,1,27,left-2,left,left-dark,dark-up,greater-up,dual,39:03.0
69829bc1224b28f0538900d5,1139,0,45,right-0,right,right-dark,dark-up,fewer-up,dual,39:04.8
58cbd0a55d42920001414dd3,1069,1,52,right-9,right,right-dark,dark-up,greater-up,dual,39:04.7
69829bc1224b28f0538900d5,579,0,46,right-7,left,right-dark,light-up,fewer-up,dual,39:06.5
5b4d64a9b8b20a00015a850e,494,0,28,right-4,right,right-dark,light-up,greater-up,dual,39:05.0
58cbd0a55d42920001414dd3,1271,1,53,left-3,left,left-dark,dark-up,greater-up,dual,39:07.0
69829bc1224b28f0538900d5,555,1,47,right-1,right,right-dark,dark-up,greater-up,dual,39:08.6
5b4d64a9b8b20a00015a850e,1085,0,29,right-6,left,right-dark,light-up,fewer-up,dual,39:07.2
58cbd0a55d42920001414dd3,1097,1,54,right-6,right,right-dark,light-up,fewer-up,dual,39:09.6
69829bc1224b28f0538900d5,592,0,48,left-6,left,left-dark,light-up,greater-up,dual,39:10.6
5b4d64a9b8b20a00015a850e,838,1,30,right-3,left,right-dark,dark-up,fewer-up,dual,39:09.1
69829bc1224b28f0538900d5,439,0,49,right-8,right,right-dark,dark-up,fewer-up,dual,39:12.3
58cbd0a55d42920001414dd3,1413,1,55,left-5,right,left-dark,light-up,greater-up,dual,39:12.5
5b4d64a9b8b20a00015a850e,1001,0,31,right-9,right,right-dark,light-up,greater-up,dual,39:11.3
69829bc1224b28f0538900d5,1354,0,50,left-5,left,left-dark,dark-up,fewer-up,dual,39:14.9
5b4d64a9b8b20a00015a850e,491,1,32,right-3,right,right-dark,dark-up,greater-up,dual,39:13.1
58cbd0a55d42920001414dd3,974,1,56,left-9,left,left-dark,dark-up,greater-up,dual,39:14.8
69829bc1224b28f0538900d5,337,1,51,right-2,right,right-dark,light-up,fewer-up,dual,39:16.4
5b4d64a9b8b20a00015a850e,665,1,33,left-9,left,left-dark,light-up,fewer-up,dual,39:15.2
58cbd0a55d42920001414dd3,1178,0,57,left-1,left,left-dark,light-up,greater-up,dual,39:17.3
69829bc1224b28f0538900d5,478,0,52,right-4,left,right-dark,dark-up,greater-up,dual,39:18.1
5b4d64a9b8b20a00015a850e,489,0,34,right-1,right,right-dark,dark-up,fewer-up,dual,39:17.2
69829bc1224b28f0538900d5,298,0,53,right-1,right,right-dark,dark-up,fewer-up,dual,39:19.7
58cbd0a55d42920001414dd3,1326,1,58,left-9,left,left-dark,light-up,fewer-up,dual,39:19.8
5b4d64a9b8b20a00015a850e,633,0,35,left-1,left,left-dark,dark-up,fewer-up,dual,39:19.0
69829bc1224b28f0538900d5,495,1,54,left-5,left,left-dark,light-up,fewer-up,dual,39:21.2
5b4d64a9b8b20a00015a850e,421,0,36,left-9,left,left-dark,dark-up,fewer-up,dual,39:20.8
58cbd0a55d42920001414dd3,1352,1,59,right-9,left,right-dark,light-up,greater-up,dual,39:22.7
69829bc1224b28f0538900d5,519,0,55,right-3,right,right-dark,light-up,greater-up,dual,39:23.0
5b4d64a9b8b20a00015a850e,647,1,37,left-4,left,left-dark,dark-up,greater-up,dual,39:22.7
69829bc1224b28f0538900d5,679,1,56,left-6,left,left-dark,light-up,fewer-up,dual,39:24.9
69829bc1224b28f0538900d5,432,1,57,right-9,right,right-dark,light-up,fewer-up,dual,39:26.8
5b4d64a9b8b20a00015a850e,1027,1,38,left-2,left,left-dark,light-up,fewer-up,dual,39:25.2
5b4d64a9b8b20a00015a850e,693,0,39,left-5,left,left-dark,dark-up,fewer-up,dual,39:27.4
69829bc1224b28f0538900d5,1536,0,58,right-8,right,right-dark,light-up,greater-up,dual,39:29.4
58cbd0a55d42920001414dd3,867,1,60,right-0,right,right-dark,dark-up,greater-up,dual,39:30.1
69829bc1224b28f0538900d5,423,1,59,left-2,left,left-dark,light-up,fewer-up,dual,39:31.2
58cbd0a55d42920001414dd3,1260,1,61,right-7,left,right-dark,light-up,greater-up,dual,39:32.8
58cbd0a55d42920001414dd3,1348,1,62,right-6,left,right-dark,dark-up,fewer-up,dual,39:35.2
5b4d64a9b8b20a00015a850e,603,1,40,right-7,right,right-dark,light-up,fewer-up,dual,39:33.9
5b4d64a9b8b20a00015a850e,546,0,41,left-0,left,left-dark,light-up,greater-up,dual,39:35.6
58cbd0a55d42920001414dd3,777,1,63,right-8,left,right-dark,light-up,greater-up,dual,39:37.4
69829bc1224b28f0538900d5,452,0,60,right-3,right,right-dark,dark-up,fewer-up,dual,39:38.8
5b4d64a9b8b20a00015a850e,595,0,42,left-4,left,left-dark,dark-up,fewer-up,dual,39:37.5
58cbd0a55d42920001414dd3,1150,1,64,left-7,left,left-dark,light-up,fewer-up,dual,39:40.0
69829bc1224b28f0538900d5,101,0,61,right-3,left,right-dark,light-up,fewer-up,dual,39:40.4
5b4d64a9b8b20a00015a850e,425,1,43,right-3,right,right-dark,light-up,fewer-up,dual,39:39.1
69829bc1224b28f0538900d5,382,0,62,right-5,right,right-dark,dark-up,fewer-up,dual,39:42.3
58cbd0a55d42920001414dd3,1482,1,65,right-1,left,right-dark,light-up,greater-up,dual,39:42.6
5b4d64a9b8b20a00015a850e,1040,0,44,right-8,left,right-dark,dark-up,greater-up,dual,39:41.2
69829bc1224b28f0538900d5,610,0,63,right-0,left,right-dark,dark-up,greater-up,dual,39:44.4
58cbd0a55d42920001414dd3,899,1,66,right-2,right,right-dark,dark-up,greater-up,dual,39:44.5
5b4d64a9b8b20a00015a850e,452,0,45,left-8,left,left-dark,light-up,greater-up,dual,39:43.2
69829bc1224b28f0538900d5,148,0,64,left-2,right,left-dark,dark-up,greater-up,dual,39:45.9
5b4d64a9b8b20a00015a850e,967,1,46,right-1,right,right-dark,light-up,fewer-up,dual,39:45.3
69829bc1224b28f0538900d5,275,0,65,left-1,left,left-dark,dark-up,fewer-up,dual,39:47.4
58cbd0a55d42920001414dd3,1099,1,67,right-0,right,right-dark,light-up,fewer-up,dual,39:47.1
69829bc1224b28f0538900d5,524,0,66,right-6,left,right-dark,dark-up,greater-up,dual,39:49.1
5b4d64a9b8b20a00015a850e,735,1,47,left-1,left,left-dark,dark-up,greater-up,dual,39:47.3
58cbd0a55d42920001414dd3,1128,1,68,left-6,right,left-dark,light-up,greater-up,dual,39:49.7
69829bc1224b28f0538900d5,937,0,67,left-0,right,left-dark,dark-up,greater-up,dual,39:51.4
5b4d64a9b8b20a00015a850e,1126,0,48,right-1,right,right-dark,light-up,greater-up,dual,39:49.9
58cbd0a55d42920001414dd3,1189,1,69,right-4,right,right-dark,light-up,fewer-up,dual,39:52.2
69829bc1224b28f0538900d5,493,1,68,left-9,left,left-dark,dark-up,greater-up,dual,39:53.1
5b4d64a9b8b20a00015a850e,602,0,49,left-3,left,left-dark,light-up,greater-up,dual,39:52.0
58cbd0a55d42920001414dd3,1167,1,70,right-8,right,right-dark,light-up,fewer-up,dual,39:54.4
69829bc1224b28f0538900d5,582,1,69,right-5,right,right-dark,dark-up,greater-up,dual,39:54.9
5b4d64a9b8b20a00015a850e,579,1,50,left-0,left,left-dark,light-up,fewer-up,dual,39:53.9
69829bc1224b28f0538900d5,774,0,70,left-2,left,left-dark,light-up,greater-up,dual,39:56.7
58cbd0a55d42920001414dd3,1194,1,71,left-5,left,left-dark,light-up,fewer-up,dual,39:56.6
5b4d64a9b8b20a00015a850e,758,1,51,left-1,left,left-dark,light-up,fewer-up,dual,39:56.1
69829bc1224b28f0538900d5,631,0,71,left-4,right,left-dark,light-up,fewer-up,dual,39:58.6
58cbd0a55d42920001414dd3,929,1,72,right-5,right,right-dark,light-up,fewer-up,dual,39:58.6
5b4d64a9b8b20a00015a850e,600,0,52,left-0,left,left-dark,dark-up,fewer-up,dual,39:57.8
69829bc1224b28f0538900d5,254,1,72,left-3,left,left-dark,light-up,fewer-up,dual,40:00.0
5b4d64a9b8b20a00015a850e,853,1,53,right-2,left,right-dark,dark-up,fewer-up,dual,39:59.7
69829bc1224b28f0538900d5,433,1,73,left-5,right,left-dark,light-up,greater-up,dual,40:01.5
58cbd0a55d42920001414dd3,1547,1,73,right-9,left,right-dark,dark-up,fewer-up,dual,40:01.5
69829bc1224b28f0538900d5,601,1,74,left-7,left,left-dark,dark-up,greater-up,dual,40:03.4
5b4d64a9b8b20a00015a850e,490,1,54,right-6,left,right-dark,dark-up,fewer-up,dual,40:01.7
58cbd0a55d42920001414dd3,979,1,74,right-1,right,right-dark,light-up,fewer-up,dual,40:03.9
69829bc1224b28f0538900d5,443,0,75,left-1,left,left-dark,light-up,greater-up,dual,40:05.3
5b4d64a9b8b20a00015a850e,339,1,55,right-5,right,right-dark,light-up,fewer-up,dual,40:03.6
58cbd0a55d42920001414dd3,NULL,0,75,left-7,none,left-dark,light-up,greater-up,dual,40:06.1
69829bc1224b28f0538900d5,370,1,76,right-8,right,right-dark,dark-up,greater-up,dual,40:06.8
5b4d64a9b8b20a00015a850e,1241,1,56,left-5,left,left-dark,dark-up,greater-up,dual,40:05.8
69829bc1224b28f0538900d5,523,1,77,right-3,right,right-dark,dark-up,greater-up,dual,40:08.6
5b4d64a9b8b20a00015a850e,542,1,57,right-0,right,right-dark,dark-up,greater-up,dual,40:07.7
58cbd0a55d42920001414dd3,1168,1,76,right-7,left,right-dark,dark-up,fewer-up,dual,40:09.3
69829bc1224b28f0538900d5,1094,1,78,left-9,right,left-dark,dark-up,fewer-up,dual,40:10.9
5b4d64a9b8b20a00015a850e,458,0,58,left-6,right,left-dark,dark-up,greater-up,dual,40:09.5
58cbd0a55d42920001414dd3,1236,1,77,right-5,right,right-dark,dark-up,greater-up,dual,40:12.0
5b4d64a9b8b20a00015a850e,291,0,59,left-3,right,left-dark,light-up,fewer-up,dual,40:11.0
69829bc1224b28f0538900d5,1706,1,79,left-3,right,left-dark,dark-up,fewer-up,dual,40:14.0
58cbd0a55d42920001414dd3,1046,1,78,right-2,left,right-dark,dark-up,fewer-up,dual,40:14.1
5b4d64a9b8b20a00015a850e,822,0,60,left-5,right,left-dark,light-up,fewer-up,dual,40:14.9
58cbd0a55d42920001414dd3,974,1,79,left-0,left,left-dark,dark-up,greater-up,dual,40:16.6
5b4d64a9b8b20a00015a850e,482,0,61,left-6,left,left-dark,light-up,greater-up,dual,40:16.4
5b4d64a9b8b20a00015a850e,844,1,62,right-2,left,right-dark,light-up,greater-up,dual,40:18.7
5b4d64a9b8b20a00015a850e,510,1,63,left-9,left,left-dark,dark-up,greater-up,dual,40:20.6
5b4d64a9b8b20a00015a850e,722,1,64,right-4,right,right-dark,light-up,fewer-up,dual,40:22.8
5b4d64a9b8b20a00015a850e,602,0,65,right-0,right,right-dark,light-up,greater-up,dual,40:24.5
5b4d64a9b8b20a00015a850e,797,0,66,right-6,right,right-dark,light-up,greater-up,dual,40:26.8
5fab3afc780978629141d35f,1370,1,0,right-1,left,right-dark,dark-up,fewer-up,single,40:27.8
5b4d64a9b8b20a00015a850e,592,0,67,right-5,right,right-dark,light-up,greater-up,dual,40:28.7
5fab3afc780978629141d35f,942,1,1,right-5,left,right-dark,dark-up,fewer-up,single,40:29.9
5b4d64a9b8b20a00015a850e,399,1,68,right-1,right,right-dark,dark-up,greater-up,dual,40:30.4
5fab3afc780978629141d35f,1124,1,2,left-7,left,left-dark,light-up,fewer-up,single,40:32.4
5b4d64a9b8b20a00015a850e,1092,1,69,left-3,right,left-dark,dark-up,fewer-up,dual,40:32.9
5fab3afc780978629141d35f,981,1,3,left-6,left,left-dark,light-up,fewer-up,single,40:34.9
5b4d64a9b8b20a00015a850e,701,0,70,right-0,right,right-dark,dark-up,fewer-up,dual,40:34.6
5b4d64a9b8b20a00015a850e,612,1,71,left-6,right,left-dark,dark-up,fewer-up,dual,40:36.4
5fab3afc780978629141d35f,1681,1,4,left-6,right,left-dark,dark-up,fewer-up,single,40:38.1
5b4d64a9b8b20a00015a850e,626,0,72,right-7,right,right-dark,dark-up,fewer-up,dual,40:38.1
5fab3afc780978629141d35f,913,1,5,left-2,right,left-dark,light-up,greater-up,single,40:40.3
5b4d64a9b8b20a00015a850e,499,0,73,right-5,right,right-dark,dark-up,fewer-up,dual,40:39.8
5fab3afc780978629141d35f,1013,1,6,left-4,right,left-dark,light-up,greater-up,single,40:42.4
5b4d64a9b8b20a00015a850e,NULL,0,74,left-7,none,left-dark,dark-up,greater-up,dual,40:42.1
5fab3afc780978629141d35f,1258,1,7,left-7,right,left-dark,light-up,greater-up,single,40:45.0
5b4d64a9b8b20a00015a850e,458,1,75,left-4,right,left-dark,light-up,greater-up,dual,40:44.3
5b4d64a9b8b20a00015a850e,622,1,76,right-4,right,right-dark,dark-up,greater-up,dual,40:46.3
5fab3afc780978629141d35f,1031,1,8,left-3,right,left-dark,dark-up,fewer-up,single,40:47.3
5b4d64a9b8b20a00015a850e,794,0,77,right-4,right,right-dark,dark-up,fewer-up,dual,40:48.2
5fab3afc780978629141d35f,1366,1,9,right-3,right,right-dark,light-up,fewer-up,single,40:50.2
5b4d64a9b8b20a00015a850e,400,1,78,right-2,right,right-dark,light-up,fewer-up,dual,40:50.0
5fab3afc780978629141d35f,1154,1,10,right-8,right,right-dark,light-up,fewer-up,single,40:52.5
5b4d64a9b8b20a00015a850e,1016,0,79,right-8,right,right-dark,dark-up,fewer-up,dual,40:52.2
5fab3afc780978629141d35f,1096,1,11,right-0,right,right-dark,dark-up,greater-up,single,40:54.7
5fab3afc780978629141d35f,1174,1,12,right-6,left,right-dark,dark-up,fewer-up,single,40:57.2
5fab3afc780978629141d35f,1213,1,13,right-2,left,right-dark,light-up,greater-up,single,40:59.9
5fab3afc780978629141d35f,NULL,0,14,left-2,none,left-dark,light-up,fewer-up,single,41:02.6
5fab3afc780978629141d35f,1175,1,15,right-8,left,right-dark,light-up,greater-up,single,41:05.7
5fab3afc780978629141d35f,1071,1,16,right-9,right,right-dark,light-up,fewer-up,single,41:08.3
5fab3afc780978629141d35f,1309,1,17,left-3,right,left-dark,light-up,greater-up,single,41:10.9
5fab3afc780978629141d35f,1416,1,18,right-5,right,right-dark,light-up,fewer-up,single,41:13.5
5fab3afc780978629141d35f,1258,1,19,left-4,right,left-dark,dark-up,fewer-up,single,41:16.2
5fab3afc780978629141d35f,1139,1,20,left-5,right,left-dark,light-up,greater-up,single,41:23.5
5fab3afc780978629141d35f,896,1,21,left-1,right,left-dark,light-up,greater-up,single,41:25.4
5fab3afc780978629141d35f,950,1,22,left-8,right,left-dark,dark-up,fewer-up,single,41:27.8
5fab3afc780978629141d35f,1133,1,23,left-0,left,left-dark,light-up,fewer-up,single,41:30.1
5fab3afc780978629141d35f,1249,1,24,right-6,right,right-dark,light-up,fewer-up,single,41:32.8
5fab3afc780978629141d35f,1030,0,25,left-9,right,left-dark,dark-up,greater-up,single,41:35.2
5fab3afc780978629141d35f,1198,1,26,right-7,left,right-dark,dark-up,fewer-up,single,41:37.5
5fab3afc780978629141d35f,1060,1,27,right-4,left,right-dark,light-up,greater-up,single,41:40.0
5fab3afc780978629141d35f,1032,1,28,left-5,left,left-dark,dark-up,greater-up,single,41:42.4
5fab3afc780978629141d35f,1265,1,29,left-5,left,left-dark,light-up,fewer-up,single,41:44.8
5fab3afc780978629141d35f,1226,1,30,left-1,right,left-dark,dark-up,fewer-up,single,41:47.1
5fab3afc780978629141d35f,1370,1,31,right-4,right,right-dark,light-up,fewer-up,single,41:49.7
5fab3afc780978629141d35f,1286,1,32,left-5,right,left-dark,dark-up,fewer-up,single,41:52.1
5fab3afc780978629141d35f,1464,1,33,right-6,right,right-dark,dark-up,greater-up,single,41:55.0
5fab3afc780978629141d35f,1242,1,34,right-9,left,right-dark,dark-up,fewer-up,single,41:57.5
5fab3afc780978629141d35f,1437,1,35,right-5,left,right-dark,light-up,greater-up,single,42:00.0
5fab3afc780978629141d35f,1281,1,36,left-0,right,left-dark,dark-up,fewer-up,single,42:02.6
5fab3afc780978629141d35f,1174,1,37,right-1,right,right-dark,light-up,fewer-up,single,42:04.9
5fab3afc780978629141d35f,1075,1,38,right-3,left,right-dark,light-up,greater-up,single,42:07.5
5fab3afc780978629141d35f,1252,1,39,left-9,left,left-dark,light-up,fewer-up,single,42:10.0
5fab3afc780978629141d35f,1206,1,40,right-0,right,right-dark,light-up,fewer-up,single,42:20.4
5fab3afc780978629141d35f,1450,1,41,left-6,left,left-dark,dark-up,greater-up,single,42:23.0
5fab3afc780978629141d35f,948,1,42,right-8,right,right-dark,dark-up,greater-up,single,42:25.2
5fab3afc780978629141d35f,1167,1,43,left-7,left,left-dark,dark-up,greater-up,single,42:27.7
5fab3afc780978629141d35f,960,1,44,right-0,left,right-dark,light-up,greater-up,single,42:29.8
5fab3afc780978629141d35f,904,1,45,right-2,right,right-dark,light-up,fewer-up,single,42:31.9
5fab3afc780978629141d35f,1349,1,46,left-4,left,left-dark,light-up,fewer-up,single,42:34.4
5fab3afc780978629141d35f,1457,1,47,right-6,left,right-dark,light-up,greater-up,single,42:37.3
5fab3afc780978629141d35f,788,1,48,left-8,right,left-dark,light-up,greater-up,single,42:39.4
5fab3afc780978629141d35f,1273,1,49,right-1,right,right-dark,dark-up,greater-up,single,42:41.9
5fab3afc780978629141d35f,945,1,50,right-7,right,right-dark,dark-up,greater-up,single,42:44.2
5fab3afc780978629141d35f,1068,1,51,left-2,right,left-dark,dark-up,fewer-up,single,42:46.5
5fab3afc780978629141d35f,1102,1,52,left-6,right,left-dark,light-up,greater-up,single,42:48.9
5fab3afc780978629141d35f,NULL,0,53,left-8,none,left-dark,dark-up,greater-up,single,42:51.6
5fab3afc780978629141d35f,1003,1,54,right-4,left,right-dark,dark-up,fewer-up,single,42:54.3
5fab3afc780978629141d35f,1158,1,55,right-8,left,right-dark,dark-up,fewer-up,single,42:56.6
5fab3afc780978629141d35f,1381,1,56,left-9,right,left-dark,dark-up,fewer-up,single,42:59.0
5fab3afc780978629141d35f,1504,1,57,right-7,left,right-dark,light-up,greater-up,single,43:01.7
5fab3afc780978629141d35f,994,1,58,right-5,right,right-dark,dark-up,greater-up,single,43:03.7
5fab3afc780978629141d35f,1306,0,59,left-7,left,left-dark,dark-up,fewer-up,single,43:06.4
5fab3afc780978629141d35f,916,1,60,left-8,left,left-dark,light-up,fewer-up,single,43:13.2
5fab3afc780978629141d35f,755,1,61,right-4,right,right-dark,dark-up,greater-up,single,43:15.4
5fab3afc780978629141d35f,1450,1,62,left-0,left,left-dark,dark-up,greater-up,single,43:18.0
5fab3afc780978629141d35f,979,1,63,left-3,left,left-dark,light-up,fewer-up,single,43:20.1
5fab3afc780978629141d35f,947,1,64,right-1,left,right-dark,light-up,greater-up,single,43:22.2
5fab3afc780978629141d35f,1134,1,65,right-2,right,right-dark,dark-up,greater-up,single,43:25.0
5fab3afc780978629141d35f,1248,1,66,left-9,right,left-dark,light-up,greater-up,single,43:27.6
5fab3afc780978629141d35f,900,1,67,right-9,right,right-dark,dark-up,greater-up,single,43:29.8
5fab3afc780978629141d35f,989,1,68,right-9,left,right-dark,light-up,greater-up,single,43:32.0
5fab3afc780978629141d35f,763,1,69,left-0,right,left-dark,light-up,greater-up,single,43:33.8
5fab3afc780978629141d35f,1169,1,70,right-2,left,right-dark,dark-up,fewer-up,single,43:36.1
5fab3afc780978629141d35f,909,1,71,left-3,left,left-dark,dark-up,greater-up,single,43:38.1
5fab3afc780978629141d35f,979,1,72,right-3,left,right-dark,dark-up,fewer-up,single,43:40.6
5fab3afc780978629141d35f,857,1,73,left-1,left,left-dark,dark-up,greater-up,single,43:42.9
5fab3afc780978629141d35f,1157,1,74,right-7,right,right-dark,light-up,fewer-up,single,43:45.2
5fab3afc780978629141d35f,1124,1,75,left-1,left,left-dark,light-up,fewer-up,single,43:47.3
5fab3afc780978629141d35f,893,1,76,left-2,left,left-dark,dark-up,greater-up,single,43:49.7
5fab3afc780978629141d35f,818,1,77,right-3,right,right-dark,dark-up,greater-up,single,43:51.8
5fab3afc780978629141d35f,1085,1,78,right-0,left,right-dark,dark-up,fewer-up,single,43:54.4
5fab3afc780978629141d35f,1104,1,79,left-4,left,left-dark,dark-up,greater-up,single,43:56.9
6705977e4d70a709a02b2b4f,NULL,0,0,right-5,none,right-dark,dark-up,fewer-up,dual,49:54.5
6705977e4d70a709a02b2b4f,984,1,1,left-1,left,left-dark,light-up,fewer-up,dual,49:57.2
6705977e4d70a709a02b2b4f,1228,1,2,left-4,left,left-dark,dark-up,greater-up,dual,49:59.7
6705977e4d70a709a02b2b4f,1361,0,3,right-7,right,right-dark,light-up,greater-up,dual,50:02.7
6705977e4d70a709a02b2b4f,1764,1,4,left-2,right,left-dark,dark-up,fewer-up,dual,50:05.8
6705977e4d70a709a02b2b4f,1558,1,5,right-6,left,right-dark,light-up,greater-up,dual,50:09.0
6705977e4d70a709a02b2b4f,1305,0,6,right-2,left,right-dark,dark-up,greater-up,dual,50:11.8
6705977e4d70a709a02b2b4f,1620,1,7,right-9,right,right-dark,dark-up,greater-up,dual,50:14.9
6705977e4d70a709a02b2b4f,1440,0,8,left-0,right,left-dark,light-up,fewer-up,dual,50:17.9
6705977e4d70a709a02b2b4f,262,1,9,right-4,left,right-dark,dark-up,fewer-up,dual,50:19.7
6705977e4d70a709a02b2b4f,1396,1,10,right-0,left,right-dark,light-up,greater-up,dual,50:22.7
6705977e4d70a709a02b2b4f,1706,1,11,left-7,right,left-dark,dark-up,fewer-up,dual,50:25.9
6705977e4d70a709a02b2b4f,1726,1,12,left-3,right,left-dark,light-up,greater-up,dual,50:28.8
6705977e4d70a709a02b2b4f,1556,1,13,left-6,right,left-dark,dark-up,fewer-up,dual,50:31.9
6705977e4d70a709a02b2b4f,NULL,0,14,left-4,none,left-dark,dark-up,fewer-up,dual,50:34.3
6705977e4d70a709a02b2b4f,1460,0,15,left-7,right,left-dark,light-up,fewer-up,dual,50:37.6
6705977e4d70a709a02b2b4f,1497,1,16,right-3,left,right-dark,dark-up,fewer-up,dual,50:40.6
6705977e4d70a709a02b2b4f,1530,1,17,left-4,right,left-dark,light-up,greater-up,dual,50:43.5
6705977e4d70a709a02b2b4f,1538,1,18,right-4,right,right-dark,dark-up,greater-up,dual,50:46.6
6705977e4d70a709a02b2b4f,1445,0,19,right-1,left,right-dark,dark-up,greater-up,dual,50:49.4
6705977e4d70a709a02b2b4f,1047,0,20,right-6,right,right-dark,dark-up,fewer-up,dual,51:01.1
6705977e4d70a709a02b2b4f,1386,1,21,right-2,left,right-dark,light-up,greater-up,dual,51:03.7
6705977e4d70a709a02b2b4f,1037,1,22,left-6,right,left-dark,light-up,greater-up,dual,51:05.8
6705977e4d70a709a02b2b4f,1507,1,23,right-2,left,right-dark,dark-up,fewer-up,dual,51:08.8
6705977e4d70a709a02b2b4f,NULL,0,24,right-4,none,right-dark,light-up,greater-up,dual,51:11.1
6705977e4d70a709a02b2b4f,1342,1,25,right-1,left,right-dark,dark-up,fewer-up,dual,51:14.2
6705977e4d70a709a02b2b4f,1635,0,26,left-8,right,left-dark,light-up,fewer-up,dual,51:17.1
6705977e4d70a709a02b2b4f,1606,1,27,left-4,left,left-dark,light-up,fewer-up,dual,51:20.2
6705977e4d70a709a02b2b4f,1571,1,28,right-9,left,right-dark,light-up,greater-up,dual,51:23.0
6705977e4d70a709a02b2b4f,1602,1,29,right-7,right,right-dark,dark-up,greater-up,dual,51:25.7
6705977e4d70a709a02b2b4f,NULL,0,30,right-3,none,right-dark,dark-up,greater-up,dual,51:28.3
6705977e4d70a709a02b2b4f,1565,0,31,left-9,left,left-dark,light-up,greater-up,dual,51:31.8
6705977e4d70a709a02b2b4f,1564,1,32,left-9,right,left-dark,dark-up,fewer-up,dual,51:34.8
6705977e4d70a709a02b2b4f,NULL,0,33,left-7,none,left-dark,light-up,greater-up,dual,51:37.1
6705977e4d70a709a02b2b4f,1402,0,34,right-8,right,right-dark,light-up,greater-up,dual,51:40.4
6705977e4d70a709a02b2b4f,1052,0,35,right-3,right,right-dark,light-up,greater-up,dual,51:43.0
6705977e4d70a709a02b2b4f,1160,1,36,right-6,right,right-dark,dark-up,greater-up,dual,51:45.4
6705977e4d70a709a02b2b4f,1282,0,37,right-2,left,right-dark,light-up,fewer-up,dual,51:47.8
6705977e4d70a709a02b2b4f,1007,1,38,left-6,left,left-dark,dark-up,greater-up,dual,51:50.2
6705977e4d70a709a02b2b4f,1303,1,39,left-1,left,left-dark,dark-up,greater-up,dual,51:52.7
6705977e4d70a709a02b2b4f,1255,0,40,left-0,left,left-dark,light-up,greater-up,dual,51:59.2
6705977e4d70a709a02b2b4f,1417,1,41,left-9,left,left-dark,dark-up,greater-up,dual,52:02.3
6705977e4d70a709a02b2b4f,1413,1,42,left-8,right,left-dark,dark-up,fewer-up,dual,52:05.2
6705977e4d70a709a02b2b4f,1291,0,43,right-7,right,right-dark,dark-up,fewer-up,dual,52:08.0
6705977e4d70a709a02b2b4f,1074,0,44,left-2,right,left-dark,light-up,fewer-up,dual,52:10.4
6705977e4d70a709a02b2b4f,1209,0,45,left-8,left,left-dark,light-up,greater-up,dual,52:13.1
6705977e4d70a709a02b2b4f,1521,1,46,right-7,right,right-dark,light-up,fewer-up,dual,52:15.9
6705977e4d70a709a02b2b4f,1721,1,47,right-5,right,right-dark,dark-up,greater-up,dual,52:18.9
6705977e4d70a709a02b2b4f,1655,1,48,left-5,left,left-dark,light-up,fewer-up,dual,52:22.1
6705977e4d70a709a02b2b4f,1533,0,49,right-3,left,right-dark,light-up,fewer-up,dual,52:25.0
6705977e4d70a709a02b2b4f,1209,1,50,left-3,left,left-dark,dark-up,greater-up,dual,52:27.4
6705977e4d70a709a02b2b4f,1474,1,51,left-3,left,left-dark,light-up,fewer-up,dual,52:30.0
6705977e4d70a709a02b2b4f,1380,1,52,left-6,left,left-dark,light-up,fewer-up,dual,52:32.8
6705977e4d70a709a02b2b4f,1534,1,53,left-3,right,left-dark,dark-up,fewer-up,dual,52:35.4
6705977e4d70a709a02b2b4f,1433,1,54,left-1,right,left-dark,light-up,greater-up,dual,52:38.4
6705977e4d70a709a02b2b4f,1346,1,55,right-5,right,right-dark,light-up,fewer-up,dual,52:41.2
6705977e4d70a709a02b2b4f,806,0,56,right-8,right,right-dark,dark-up,fewer-up,dual,52:43.4
6705977e4d70a709a02b2b4f,1391,1,57,left-5,left,left-dark,dark-up,greater-up,dual,52:46.3
6705977e4d70a709a02b2b4f,1609,0,58,right-9,right,right-dark,dark-up,fewer-up,dual,52:49.3
6705977e4d70a709a02b2b4f,909,1,59,left-7,left,left-dark,dark-up,greater-up,dual,52:51.7
6705977e4d70a709a02b2b4f,1640,1,60,left-2,right,left-dark,light-up,greater-up,dual,53:03.0
6705977e4d70a709a02b2b4f,1680,1,61,right-8,right,right-dark,light-up,fewer-up,dual,53:05.8
6705977e4d70a709a02b2b4f,NULL,0,62,left-1,none,left-dark,dark-up,fewer-up,dual,53:08.5
6705977e4d70a709a02b2b4f,NULL,0,63,left-9,none,left-dark,light-up,fewer-up,dual,53:11.3
6705977e4d70a709a02b2b4f,840,0,64,right-0,right,right-dark,dark-up,fewer-up,dual,53:13.9
6705977e4d70a709a02b2b4f,632,0,65,left-5,left,left-dark,dark-up,fewer-up,dual,53:15.9
6705977e4d70a709a02b2b4f,917,1,66,left-2,left,left-dark,dark-up,greater-up,dual,53:17.9
6705977e4d70a709a02b2b4f,1279,0,67,left-0,left,left-dark,dark-up,fewer-up,dual,53:20.2
6705977e4d70a709a02b2b4f,559,1,68,left-5,right,left-dark,light-up,greater-up,dual,53:22.2
6705977e4d70a709a02b2b4f,NULL,0,69,right-5,none,right-dark,light-up,greater-up,dual,53:24.6
6705977e4d70a709a02b2b4f,923,1,70,right-8,right,right-dark,dark-up,greater-up,dual,53:27.0
6705977e4d70a709a02b2b4f,1283,1,71,right-4,right,right-dark,light-up,fewer-up,dual,53:30.0
6705977e4d70a709a02b2b4f,1748,1,72,right-0,right,right-dark,dark-up,greater-up,dual,53:32.9
6705977e4d70a709a02b2b4f,1386,1,73,right-0,right,right-dark,light-up,fewer-up,dual,53:35.4
6705977e4d70a709a02b2b4f,1079,1,74,right-1,right,right-dark,light-up,fewer-up,dual,53:37.9
6705977e4d70a709a02b2b4f,1380,0,75,left-8,right,left-dark,dark-up,greater-up,dual,53:40.4
6705977e4d70a709a02b2b4f,1022,1,76,right-9,right,right-dark,light-up,fewer-up,dual,53:42.7
6705977e4d70a709a02b2b4f,1054,0,77,left-0,right,left-dark,dark-up,greater-up,dual,53:44.9
6705977e4d70a709a02b2b4f,1060,1,78,right-6,right,right-dark,light-up,fewer-up,dual,53:47.7
6705977e4d70a709a02b2b4f,1379,0,79,right-1,right,right-dark,light-up,greater-up,dual,53:50.5
695fc3adc91e0de4df9e63e8,NULL,0,0,right-0,none,right-dark,light-up,fewer-up,dual,53:55.0
695fc3adc91e0de4df9e63e8,243,0,1,right-2,right,right-dark,light-up,greater-up,dual,53:57.3
695fc3adc91e0de4df9e63e8,210,1,2,right-7,left,right-dark,dark-up,fewer-up,dual,53:58.6
695fc3adc91e0de4df9e63e8,392,0,3,right-6,right,right-dark,dark-up,fewer-up,dual,54:00.4
695fc3adc91e0de4df9e63e8,757,1,4,left-3,right,left-dark,dark-up,fewer-up,dual,54:02.3
695fc3adc91e0de4df9e63e8,1110,0,5,right-1,left,right-dark,light-up,fewer-up,dual,54:04.5
695fc3adc91e0de4df9e63e8,1603,0,6,right-8,right,right-dark,dark-up,fewer-up,dual,54:07.3
695fc3adc91e0de4df9e63e8,745,0,7,right-4,right,right-dark,light-up,greater-up,dual,54:09.4
695fc3adc91e0de4df9e63e8,972,0,8,right-6,right,right-dark,light-up,greater-up,dual,54:11.6
695fc3adc91e0de4df9e63e8,507,0,9,left-2,right,left-dark,dark-up,greater-up,dual,54:13.4
695fc3adc91e0de4df9e63e8,516,0,10,left-1,right,left-dark,light-up,fewer-up,dual,54:15.1
695fc3adc91e0de4df9e63e8,924,0,11,right-3,right,right-dark,light-up,greater-up,dual,54:17.2
695fc3adc91e0de4df9e63e8,987,1,12,left-9,right,left-dark,light-up,greater-up,dual,54:19.7
695fc3adc91e0de4df9e63e8,1573,1,13,left-7,left,left-dark,light-up,fewer-up,dual,54:22.6
695fc3adc91e0de4df9e63e8,1325,0,14,right-9,right,right-dark,light-up,greater-up,dual,54:25.0
695fc3adc91e0de4df9e63e8,1082,1,15,right-1,right,right-dark,dark-up,greater-up,dual,54:27.4
695fc3adc91e0de4df9e63e8,NULL,0,16,right-7,none,right-dark,light-up,fewer-up,dual,54:29.8
695fc3adc91e0de4df9e63e8,1274,0,17,right-2,left,right-dark,light-up,fewer-up,dual,54:32.9
695fc3adc91e0de4df9e63e8,863,1,18,right-7,right,right-dark,dark-up,greater-up,dual,54:35.0
695fc3adc91e0de4df9e63e8,1154,0,19,right-8,left,right-dark,light-up,fewer-up,dual,54:37.5
695fc3adc91e0de4df9e63e8,1674,1,20,right-3,right,right-dark,light-up,fewer-up,dual,54:47.1
695fc3adc91e0de4df9e63e8,574,1,21,right-3,right,right-dark,dark-up,greater-up,dual,54:48.7
695fc3adc91e0de4df9e63e8,547,0,22,right-9,left,right-dark,light-up,fewer-up,dual,54:50.4
695fc3adc91e0de4df9e63e8,1062,1,23,left-2,right,left-dark,dark-up,fewer-up,dual,54:52.6
695fc3adc91e0de4df9e63e8,980,0,24,left-6,right,left-dark,light-up,fewer-up,dual,54:54.8
695fc3adc91e0de4df9e63e8,NULL,0,25,right-7,none,right-dark,light-up,greater-up,dual,54:57.4
695fc3adc91e0de4df9e63e8,1271,1,26,left-4,right,left-dark,light-up,greater-up,dual,55:00.6
695fc3adc91e0de4df9e63e8,904,0,27,left-6,left,left-dark,light-up,greater-up,dual,55:03.0
5c3a5a61fc2bdf00017714a2,1279,1,0,right-7,right,right-dark,light-up,fewer-up,dual,55:02.2
695fc3adc91e0de4df9e63e8,1383,0,28,right-9,right,right-dark,dark-up,fewer-up,dual,55:05.5
5c3a5a61fc2bdf00017714a2,843,1,1,right-8,right,right-dark,dark-up,greater-up,dual,55:04.6
695fc3adc91e0de4df9e63e8,344,1,29,right-5,right,right-dark,light-up,fewer-up,dual,55:07.2
5c3a5a61fc2bdf00017714a2,640,1,2,left-9,left,left-dark,light-up,fewer-up,dual,55:06.6
695fc3adc91e0de4df9e63e8,991,1,30,left-6,right,left-dark,dark-up,fewer-up,dual,55:09.5
5c3a5a61fc2bdf00017714a2,634,0,3,left-1,left,left-dark,dark-up,fewer-up,dual,55:08.5
695fc3adc91e0de4df9e63e8,614,1,31,left-8,right,left-dark,dark-up,fewer-up,dual,55:11.2
5c3a5a61fc2bdf00017714a2,853,0,4,right-9,right,right-dark,dark-up,fewer-up,dual,55:10.6
695fc3adc91e0de4df9e63e8,666,1,32,right-3,left,right-dark,dark-up,fewer-up,dual,55:13.4
5c3a5a61fc2bdf00017714a2,1292,1,5,right-3,right,right-dark,dark-up,greater-up,dual,55:13.1
695fc3adc91e0de4df9e63e8,1227,0,33,right-6,left,right-dark,light-up,fewer-up,dual,55:16.1
5c3a5a61fc2bdf00017714a2,630,0,6,right-3,right,right-dark,dark-up,fewer-up,dual,55:15.2
695fc3adc91e0de4df9e63e8,747,1,34,right-2,left,right-dark,dark-up,fewer-up,dual,55:18.1
5c3a5a61fc2bdf00017714a2,1087,1,7,right-1,right,right-dark,dark-up,greater-up,dual,55:17.7
695fc3adc91e0de4df9e63e8,1309,0,35,right-8,left,right-dark,dark-up,greater-up,dual,55:20.6
5c3a5a61fc2bdf00017714a2,583,0,8,right-4,right,right-dark,dark-up,fewer-up,dual,55:19.7
695fc3adc91e0de4df9e63e8,707,0,36,left-9,right,left-dark,light-up,fewer-up,dual,55:22.7
5c3a5a61fc2bdf00017714a2,437,1,9,right-2,right,right-dark,dark-up,greater-up,dual,55:21.7
695fc3adc91e0de4df9e63e8,863,1,37,left-5,left,left-dark,dark-up,greater-up,dual,55:24.7
5c3a5a61fc2bdf00017714a2,595,0,10,right-6,right,right-dark,light-up,greater-up,dual,55:23.4
695fc3adc91e0de4df9e63e8,733,0,38,right-4,left,right-dark,light-up,fewer-up,dual,55:26.5
5c3a5a61fc2bdf00017714a2,784,0,11,left-4,left,left-dark,dark-up,fewer-up,dual,55:25.3
695fc3adc91e0de4df9e63e8,681,1,39,right-5,left,right-dark,dark-up,fewer-up,dual,55:28.4
5c3a5a61fc2bdf00017714a2,NULL,0,12,left-8,none,left-dark,dark-up,greater-up,dual,55:27.8
5c3a5a61fc2bdf00017714a2,916,1,13,right-3,right,right-dark,light-up,fewer-up,dual,55:30.6
695fc3adc91e0de4df9e63e8,649,0,40,left-0,right,left-dark,dark-up,greater-up,dual,55:33.9
5c3a5a61fc2bdf00017714a2,929,0,14,right-8,right,right-dark,light-up,greater-up,dual,55:32.7
695fc3adc91e0de4df9e63e8,501,1,41,left-0,right,left-dark,dark-up,fewer-up,dual,55:35.5
5c3a5a61fc2bdf00017714a2,657,0,15,right-6,right,right-dark,dark-up,fewer-up,dual,55:34.5
5c3a5a61fc2bdf00017714a2,572,1,16,right-0,right,right-dark,light-up,fewer-up,dual,55:36.5
695fc3adc91e0de4df9e63e8,NULL,0,42,left-3,none,left-dark,dark-up,greater-up,dual,55:38.2
5c3a5a61fc2bdf00017714a2,702,1,17,left-4,left,left-dark,light-up,fewer-up,dual,55:38.5
695fc3adc91e0de4df9e63e8,835,0,43,left-3,left,left-dark,light-up,greater-up,dual,55:40.9
5c3a5a61fc2bdf00017714a2,461,0,18,right-7,right,right-dark,dark-up,fewer-up,dual,55:40.3
695fc3adc91e0de4df9e63e8,1353,1,44,left-7,right,left-dark,light-up,greater-up,dual,55:43.5
5c3a5a61fc2bdf00017714a2,611,1,19,left-6,left,left-dark,dark-up,greater-up,dual,55:42.4
695fc3adc91e0de4df9e63e8,1471,0,45,right-5,left,right-dark,dark-up,greater-up,dual,55:46.5
695fc3adc91e0de4df9e63e8,895,0,46,right-1,right,right-dark,dark-up,fewer-up,dual,55:48.5
695fc3adc91e0de4df9e63e8,723,0,47,left-7,left,left-dark,dark-up,fewer-up,dual,55:50.7
695fc3adc91e0de4df9e63e8,1065,1,48,right-4,right,right-dark,dark-up,greater-up,dual,55:53.3
695fc3adc91e0de4df9e63e8,492,0,49,right-0,right,right-dark,dark-up,fewer-up,dual,55:55.2
695fc3adc91e0de4df9e63e8,1411,0,50,right-1,right,right-dark,light-up,greater-up,dual,55:58.0
5c3a5a61fc2bdf00017714a2,1233,0,20,right-9,right,right-dark,light-up,greater-up,dual,55:57.0
5c3a5a61fc2bdf00017714a2,795,0,21,left-5,left,left-dark,light-up,greater-up,dual,55:59.1
695fc3adc91e0de4df9e63e8,1410,1,51,left-5,right,left-dark,dark-up,fewer-up,dual,56:00.6
695fc3adc91e0de4df9e63e8,918,1,52,right-0,left,right-dark,light-up,greater-up,dual,56:03.0
5c3a5a61fc2bdf00017714a2,1597,1,22,left-5,left,left-dark,light-up,fewer-up,dual,56:01.7
5c3a5a61fc2bdf00017714a2,525,1,23,left-2,left,left-dark,light-up,fewer-up,dual,56:03.5
695fc3adc91e0de4df9e63e8,950,1,53,left-1,right,left-dark,light-up,greater-up,dual,56:05.2
5c3a5a61fc2bdf00017714a2,918,1,24,left-1,left,left-dark,dark-up,greater-up,dual,56:05.6
695fc3adc91e0de4df9e63e8,1733,0,54,right-2,left,right-dark,dark-up,greater-up,dual,56:08.0
5c3a5a61fc2bdf00017714a2,446,1,25,right-9,right,right-dark,light-up,fewer-up,dual,56:07.4
695fc3adc91e0de4df9e63e8,683,0,55,left-7,right,left-dark,dark-up,greater-up,dual,56:09.8
5c3a5a61fc2bdf00017714a2,446,1,26,left-4,left,left-dark,dark-up,greater-up,dual,56:09.1
5c3a5a61fc2bdf00017714a2,623,0,27,left-5,left,left-dark,dark-up,fewer-up,dual,56:10.8
695fc3adc91e0de4df9e63e8,NULL,0,56,left-2,none,left-dark,light-up,fewer-up,dual,56:12.4
5c3a5a61fc2bdf00017714a2,563,0,28,left-7,left,left-dark,dark-up,fewer-up,dual,56:12.9
695fc3adc91e0de4df9e63e8,1236,0,57,left-9,left,left-dark,dark-up,fewer-up,dual,56:15.4
5c3a5a61fc2bdf00017714a2,881,0,29,right-0,right,right-dark,dark-up,fewer-up,dual,56:15.3
695fc3adc91e0de4df9e63e8,864,1,58,left-4,left,left-dark,light-up,fewer-up,dual,56:17.4
5c3a5a61fc2bdf00017714a2,452,1,30,right-5,right,right-dark,light-up,fewer-up,dual,56:17.3
695fc3adc91e0de4df9e63e8,775,0,59,left-4,right,left-dark,dark-up,greater-up,dual,56:19.5
5c3a5a61fc2bdf00017714a2,700,1,31,right-1,right,right-dark,light-up,fewer-up,dual,56:19.2
5c3a5a61fc2bdf00017714a2,499,1,32,right-8,right,right-dark,light-up,fewer-up,dual,56:21.1
695fc3adc91e0de4df9e63e8,477,1,60,right-5,left,right-dark,light-up,greater-up,dual,56:23.8
5c3a5a61fc2bdf00017714a2,545,1,33,left-9,left,left-dark,dark-up,greater-up,dual,56:22.7
695fc3adc91e0de4df9e63e8,751,1,61,left-8,right,left-dark,light-up,greater-up,dual,56:25.7
5c3a5a61fc2bdf00017714a2,664,1,34,left-2,left,left-dark,dark-up,greater-up,dual,56:24.8
695fc3adc91e0de4df9e63e8,491,1,62,right-9,right,right-dark,dark-up,greater-up,dual,56:27.5
5c3a5a61fc2bdf00017714a2,695,0,35,left-6,left,left-dark,dark-up,fewer-up,dual,56:26.8
695fc3adc91e0de4df9e63e8,419,0,63,left-5,left,left-dark,light-up,greater-up,dual,56:29.0
5c3a5a61fc2bdf00017714a2,680,0,36,left-2,left,left-dark,light-up,greater-up,dual,56:28.7
695fc3adc91e0de4df9e63e8,584,1,64,left-8,left,left-dark,light-up,fewer-up,dual,56:30.8
5c3a5a61fc2bdf00017714a2,729,1,37,right-2,right,right-dark,light-up,fewer-up,dual,56:31.0
695fc3adc91e0de4df9e63e8,809,0,65,right-4,right,right-dark,dark-up,fewer-up,dual,56:33.1
5c3a5a61fc2bdf00017714a2,451,1,38,right-4,right,right-dark,dark-up,greater-up,dual,56:32.5
695fc3adc91e0de4df9e63e8,330,1,66,left-3,left,left-dark,light-up,fewer-up,dual,56:34.7
5c3a5a61fc2bdf00017714a2,1020,0,39,left-3,left,left-dark,light-up,greater-up,dual,56:35.0
695fc3adc91e0de4df9e63e8,703,1,67,right-0,right,right-dark,dark-up,greater-up,dual,56:36.9
695fc3adc91e0de4df9e63e8,1055,0,68,left-6,right,left-dark,dark-up,greater-up,dual,56:39.2
695fc3adc91e0de4df9e63e8,1014,1,69,left-1,left,left-dark,dark-up,greater-up,dual,56:41.5
5c3a5a61fc2bdf00017714a2,578,1,40,right-6,right,right-dark,light-up,fewer-up,dual,56:40.6
5c3a5a61fc2bdf00017714a2,455,0,41,right-7,right,right-dark,light-up,greater-up,dual,56:42.0
695fc3adc91e0de4df9e63e8,1588,0,70,left-2,left,left-dark,light-up,greater-up,dual,56:44.5
5c3a5a61fc2bdf00017714a2,586,1,42,left-0,left,left-dark,dark-up,greater-up,dual,56:43.8
695fc3adc91e0de4df9e63e8,604,1,71,left-0,right,left-dark,light-up,greater-up,dual,56:46.7
5c3a5a61fc2bdf00017714a2,470,1,43,right-4,right,right-dark,light-up,fewer-up,dual,56:45.7
5c3a5a61fc2bdf00017714a2,520,0,44,left-4,left,left-dark,light-up,greater-up,dual,56:47.4
695fc3adc91e0de4df9e63e8,951,0,72,right-6,left,right-dark,dark-up,greater-up,dual,56:49.1
5c3a5a61fc2bdf00017714a2,614,1,45,right-9,right,right-dark,dark-up,greater-up,dual,56:49.1
695fc3adc91e0de4df9e63e8,801,1,73,left-1,right,left-dark,dark-up,fewer-up,dual,56:51.4
5c3a5a61fc2bdf00017714a2,425,1,46,left-3,left,left-dark,dark-up,greater-up,dual,56:50.9
695fc3adc91e0de4df9e63e8,816,0,74,left-4,left,left-dark,dark-up,fewer-up,dual,56:53.6
5c3a5a61fc2bdf00017714a2,803,0,47,right-5,right,right-dark,dark-up,fewer-up,dual,56:52.7
695fc3adc91e0de4df9e63e8,585,0,75,left-9,right,left-dark,dark-up,greater-up,dual,56:55.3
5c3a5a61fc2bdf00017714a2,449,0,48,right-5,right,right-dark,light-up,greater-up,dual,56:54.6
695fc3adc91e0de4df9e63e8,945,1,76,left-5,left,left-dark,light-up,fewer-up,dual,56:57.6
5c3a5a61fc2bdf00017714a2,622,1,49,left-0,left,left-dark,light-up,fewer-up,dual,56:56.7
695fc3adc91e0de4df9e63e8,769,0,77,left-0,right,left-dark,light-up,fewer-up,dual,56:59.4
5c3a5a61fc2bdf00017714a2,464,1,50,right-0,right,right-dark,dark-up,greater-up,dual,56:58.6
695fc3adc91e0de4df9e63e8,715,1,78,left-8,left,left-dark,dark-up,greater-up,dual,57:01.5
5c3a5a61fc2bdf00017714a2,911,0,51,left-9,left,left-dark,light-up,greater-up,dual,57:00.6
695fc3adc91e0de4df9e63e8,635,0,79,right-8,right,right-dark,light-up,greater-up,dual,57:03.4
5c3a5a61fc2bdf00017714a2,397,0,52,right-3,right,right-dark,light-up,greater-up,dual,57:02.5
5c3a5a61fc2bdf00017714a2,1087,1,53,right-2,left,right-dark,light-up,greater-up,dual,57:04.7
5c3a5a61fc2bdf00017714a2,665,0,54,left-8,left,left-dark,light-up,greater-up,dual,57:06.9
5c3a5a61fc2bdf00017714a2,632,0,55,left-0,left,left-dark,light-up,greater-up,dual,57:08.6
5c3a5a61fc2bdf00017714a2,533,0,56,left-7,left,left-dark,light-up,greater-up,dual,57:10.5
5c3a5a61fc2bdf00017714a2,565,1,57,left-1,left,left-dark,light-up,fewer-up,dual,57:12.4
5c3a5a61fc2bdf00017714a2,974,1,58,left-7,left,left-dark,dark-up,greater-up,dual,57:14.8
5c3a5a61fc2bdf00017714a2,523,0,59,left-2,left,left-dark,dark-up,fewer-up,dual,57:16.8
5c3a5a61fc2bdf00017714a2,645,0,60,left-9,left,left-dark,dark-up,fewer-up,dual,57:30.7
5c3a5a61fc2bdf00017714a2,654,1,61,right-7,right,right-dark,dark-up,greater-up,dual,57:32.5
5c3a5a61fc2bdf00017714a2,490,0,62,right-8,right,right-dark,dark-up,fewer-up,dual,57:34.4
5c3a5a61fc2bdf00017714a2,383,1,63,right-5,right,right-dark,dark-up,greater-up,dual,57:36.2
5c3a5a61fc2bdf00017714a2,891,1,64,right-6,right,right-dark,dark-up,greater-up,dual,57:38.2
5c3a5a61fc2bdf00017714a2,539,0,65,left-1,left,left-dark,light-up,greater-up,dual,57:40.0
5c3a5a61fc2bdf00017714a2,399,0,66,right-4,right,right-dark,light-up,greater-up,dual,57:41.9
5c3a5a61fc2bdf00017714a2,512,0,67,left-6,left,left-dark,light-up,greater-up,dual,57:43.5
5c3a5a61fc2bdf00017714a2,845,0,68,right-0,right,right-dark,light-up,greater-up,dual,57:45.6
5c3a5a61fc2bdf00017714a2,494,0,69,right-1,right,right-dark,light-up,greater-up,dual,57:47.2
5c3a5a61fc2bdf00017714a2,523,1,70,left-6,left,left-dark,light-up,fewer-up,dual,57:49.1
5c3a5a61fc2bdf00017714a2,479,1,71,left-5,left,left-dark,dark-up,greater-up,dual,57:51.0
5c3a5a61fc2bdf00017714a2,495,1,72,left-7,left,left-dark,light-up,fewer-up,dual,57:53.0
5c3a5a61fc2bdf00017714a2,506,1,73,left-8,left,left-dark,light-up,fewer-up,dual,57:54.8
5c3a5a61fc2bdf00017714a2,408,0,74,right-1,right,right-dark,dark-up,fewer-up,dual,57:56.7
5c3a5a61fc2bdf00017714a2,466,0,75,left-8,left,left-dark,dark-up,fewer-up,dual,57:58.7
5c3a5a61fc2bdf00017714a2,490,0,76,left-3,left,left-dark,dark-up,fewer-up,dual,58:00.4
5c3a5a61fc2bdf00017714a2,518,0,77,left-0,left,left-dark,dark-up,fewer-up,dual,58:02.3
5c3a5a61fc2bdf00017714a2,1407,1,78,left-3,left,left-dark,light-up,fewer-up,dual,58:05.1
5c3a5a61fc2bdf00017714a2,742,0,79,right-2,right,right-dark,dark-up,fewer-up,dual,58:07.2
695fce61010f0b6fd2766b0b,NULL,0,0,left-8,none,left-dark,dark-up,fewer-up,single,59:57.4
695fce61010f0b6fd2766b0b,932,1,1,left-0,right,left-dark,light-up,greater-up,single,59:59.9
695fce61010f0b6fd2766b0b,831,0,2,right-8,left,right-dark,light-up,fewer-up,single,00:02.0
695fce61010f0b6fd2766b0b,967,1,3,right-6,left,right-dark,light-up,greater-up,single,00:04.5
695fce61010f0b6fd2766b0b,1044,1,4,right-7,left,right-dark,dark-up,fewer-up,single,00:06.8
695fce61010f0b6fd2766b0b,1089,1,5,left-3,left,left-dark,light-up,fewer-up,single,00:09.3
695fce61010f0b6fd2766b0b,1005,1,6,right-6,left,right-dark,dark-up,fewer-up,single,00:11.7
695fce61010f0b6fd2766b0b,1329,1,7,left-0,right,left-dark,dark-up,fewer-up,single,00:14.2
695fce61010f0b6fd2766b0b,910,1,8,left-9,left,left-dark,dark-up,greater-up,single,00:16.4
695fce61010f0b6fd2766b0b,839,1,9,left-8,left,left-dark,dark-up,greater-up,single,00:18.7
695fce61010f0b6fd2766b0b,944,1,10,right-5,right,right-dark,light-up,fewer-up,single,00:21.0
695fce61010f0b6fd2766b0b,1090,1,11,right-8,left,right-dark,light-up,greater-up,single,00:23.2
695fce61010f0b6fd2766b0b,887,1,12,left-9,right,left-dark,light-up,greater-up,single,00:25.3
695fce61010f0b6fd2766b0b,1012,1,13,left-1,right,left-dark,dark-up,fewer-up,single,00:27.7
695fce61010f0b6fd2766b0b,1183,1,14,right-7,right,right-dark,light-up,fewer-up,single,00:30.1
695fce61010f0b6fd2766b0b,1410,1,15,left-3,right,left-dark,dark-up,fewer-up,single,00:32.8
695fce61010f0b6fd2766b0b,1317,1,16,right-9,left,right-dark,dark-up,fewer-up,single,00:35.7
695fce61010f0b6fd2766b0b,1009,1,17,right-0,right,right-dark,light-up,fewer-up,single,00:37.8
695fce61010f0b6fd2766b0b,792,1,18,right-8,right,right-dark,dark-up,greater-up,single,00:39.7
695fce61010f0b6fd2766b0b,1554,1,19,right-4,left,right-dark,dark-up,fewer-up,single,00:42.5
695fce61010f0b6fd2766b0b,1102,1,20,left-3,left,left-dark,dark-up,greater-up,single,00:57.2
695fce61010f0b6fd2766b0b,1192,1,21,right-9,right,right-dark,light-up,fewer-up,single,00:59.6
695fce61010f0b6fd2766b0b,1303,1,22,left-9,right,left-dark,dark-up,fewer-up,single,01:02.0
695fce61010f0b6fd2766b0b,1237,1,23,left-9,left,left-dark,light-up,fewer-up,single,01:04.4
695fce61010f0b6fd2766b0b,1049,1,24,left-6,right,left-dark,dark-up,fewer-up,single,01:06.9
695fce61010f0b6fd2766b0b,1051,1,25,left-1,left,left-dark,light-up,fewer-up,single,01:09.1
695fce61010f0b6fd2766b0b,875,1,26,left-7,left,left-dark,light-up,fewer-up,single,01:11.2
695fce61010f0b6fd2766b0b,816,0,27,right-2,right,right-dark,dark-up,fewer-up,single,01:13.1
695fce61010f0b6fd2766b0b,1091,1,28,right-5,right,right-dark,dark-up,greater-up,single,01:15.4
695fce61010f0b6fd2766b0b,910,1,29,right-9,right,right-dark,dark-up,greater-up,single,01:17.6
695fce61010f0b6fd2766b0b,805,1,30,right-6,right,right-dark,dark-up,greater-up,single,01:19.8
695fce61010f0b6fd2766b0b,1043,1,31,left-2,left,left-dark,dark-up,greater-up,single,01:22.2
695fce61010f0b6fd2766b0b,884,1,32,right-3,right,right-dark,dark-up,greater-up,single,01:24.6
695fce61010f0b6fd2766b0b,795,1,33,left-5,left,left-dark,dark-up,greater-up,single,01:27.0
695fce61010f0b6fd2766b0b,1409,1,34,left-2,right,left-dark,light-up,greater-up,single,01:29.7
695fce61010f0b6fd2766b0b,1235,1,35,right-7,right,right-dark,dark-up,greater-up,single,01:32.1
695fce61010f0b6fd2766b0b,1129,1,36,right-2,left,right-dark,light-up,greater-up,single,01:34.3
695fce61010f0b6fd2766b0b,1255,1,37,left-5,left,left-dark,light-up,fewer-up,single,01:36.7
695fce61010f0b6fd2766b0b,1060,1,38,right-4,left,right-dark,light-up,greater-up,single,01:39.2
695fce61010f0b6fd2766b0b,861,1,39,left-4,right,left-dark,dark-up,fewer-up,single,01:41.2
695fce61010f0b6fd2766b0b,1342,1,40,right-6,right,right-dark,light-up,fewer-up,single,01:53.4
695fce61010f0b6fd2766b0b,825,1,41,left-1,right,left-dark,light-up,greater-up,single,01:55.4
695fce61010f0b6fd2766b0b,1305,1,42,right-5,left,right-dark,light-up,greater-up,single,01:57.9
695fce61010f0b6fd2766b0b,1086,1,43,right-1,right,right-dark,light-up,fewer-up,single,02:00.3
695fce61010f0b6fd2766b0b,1061,1,44,left-2,right,left-dark,dark-up,fewer-up,single,02:02.7
695fce61010f0b6fd2766b0b,795,1,45,left-7,right,left-dark,light-up,greater-up,single,02:05.0
695fce61010f0b6fd2766b0b,957,1,46,right-3,left,right-dark,dark-up,fewer-up,single,02:07.0
695fce61010f0b6fd2766b0b,918,1,47,left-6,left,left-dark,dark-up,greater-up,single,02:09.4
695fce61010f0b6fd2766b0b,1065,1,48,right-0,left,right-dark,dark-up,fewer-up,single,02:11.7
695fce61010f0b6fd2766b0b,850,1,49,right-4,right,right-dark,dark-up,greater-up,single,02:13.7
695fce61010f0b6fd2766b0b,943,1,50,right-8,left,right-dark,dark-up,fewer-up,single,02:16.0
695fce61010f0b6fd2766b0b,849,1,51,right-3,left,right-dark,light-up,greater-up,single,02:18.3
695fce61010f0b6fd2766b0b,792,1,52,left-4,right,left-dark,light-up,greater-up,single,02:20.5
695fce61010f0b6fd2766b0b,922,1,53,left-8,left,left-dark,light-up,fewer-up,single,02:22.8
695fce61010f0b6fd2766b0b,1088,1,54,left-5,right,left-dark,dark-up,fewer-up,single,02:25.3
695fce61010f0b6fd2766b0b,932,1,55,left-6,left,left-dark,light-up,fewer-up,single,02:27.4
695fce61010f0b6fd2766b0b,761,1,56,left-4,left,left-dark,dark-up,greater-up,single,02:29.5
695fce61010f0b6fd2766b0b,1203,1,57,left-8,right,left-dark,light-up,greater-up,single,02:32.2
695fce61010f0b6fd2766b0b,1430,1,58,left-7,left,left-dark,dark-up,greater-up,single,02:35.0
695fce61010f0b6fd2766b0b,801,1,59,left-1,left,left-dark,dark-up,greater-up,single,02:37.0
695fce61010f0b6fd2766b0b,1353,1,60,right-5,left,right-dark,dark-up,fewer-up,single,02:47.3
695fce61010f0b6fd2766b0b,784,1,61,right-9,left,right-dark,light-up,greater-up,single,02:49.4
695fce61010f0b6fd2766b0b,749,1,62,left-3,right,left-dark,light-up,greater-up,single,02:51.5
695fce61010f0b6fd2766b0b,991,1,63,right-2,right,right-dark,dark-up,greater-up,single,02:53.7
695fce61010f0b6fd2766b0b,1171,1,64,right-4,right,right-dark,light-up,fewer-up,single,02:56.0
695fce61010f0b6fd2766b0b,901,1,65,left-0,left,left-dark,light-up,fewer-up,single,02:58.3
695fce61010f0b6fd2766b0b,1282,1,66,right-1,left,right-dark,light-up,greater-up,single,03:01.0
695fce61010f0b6fd2766b0b,1001,1,67,left-7,right,left-dark,dark-up,fewer-up,single,03:03.3
695fce61010f0b6fd2766b0b,1246,1,68,left-0,left,left-dark,dark-up,greater-up,single,03:05.9
695fce61010f0b6fd2766b0b,1223,1,69,left-6,right,left-dark,light-up,greater-up,single,03:08.4
695fce61010f0b6fd2766b0b,1587,1,70,right-0,right,right-dark,dark-up,greater-up,single,03:11.4
695fce61010f0b6fd2766b0b,1300,1,71,left-5,right,left-dark,light-up,greater-up,single,03:14.0
695fce61010f0b6fd2766b0b,838,1,72,right-0,left,right-dark,light-up,greater-up,single,03:16.3
695fce61010f0b6fd2766b0b,996,1,73,right-3,right,right-dark,light-up,fewer-up,single,03:18.6
695fce61010f0b6fd2766b0b,1017,1,74,right-2,right,right-dark,light-up,fewer-up,single,03:21.0
695fce61010f0b6fd2766b0b,1374,1,75,left-2,left,left-dark,light-up,fewer-up,single,03:23.6
695fce61010f0b6fd2766b0b,1447,1,76,right-7,left,right-dark,light-up,greater-up,single,03:26.6
695fce61010f0b6fd2766b0b,1449,1,77,right-1,left,right-dark,dark-up,fewer-up,single,03:29.3
695fce61010f0b6fd2766b0b,918,1,78,left-4,left,left-dark,light-up,fewer-up,single,03:31.3
695fce61010f0b6fd2766b0b,1047,1,79,right-1,right,right-dark,dark-up,greater-up,single,03:33.7
5c01dc58067bbf00019bb318,1437,1,0,left-7,left,left-dark,light-up,fewer-up,single,10:39.7
5c01dc58067bbf00019bb318,1181,1,1,right-5,right,right-dark,light-up,fewer-up,single,10:42.3
5c01dc58067bbf00019bb318,978,1,2,left-8,left,left-dark,light-up,fewer-up,single,10:44.6
5c01dc58067bbf00019bb318,1125,1,3,left-2,left,left-dark,dark-up,greater-up,single,10:46.8
5c01dc58067bbf00019bb318,1240,1,4,right-6,right,right-dark,dark-up,greater-up,single,10:49.2
5c01dc58067bbf00019bb318,1425,1,5,right-7,left,right-dark,dark-up,fewer-up,single,10:51.7
5c01dc58067bbf00019bb318,1070,1,6,right-3,left,right-dark,dark-up,fewer-up,single,10:54.1
5c01dc58067bbf00019bb318,1109,1,7,left-4,left,left-dark,light-up,fewer-up,single,10:56.7
5c01dc58067bbf00019bb318,1744,0,8,left-9,left,left-dark,light-up,greater-up,single,10:59.7
5c01dc58067bbf00019bb318,NULL,0,9,right-8,none,right-dark,light-up,greater-up,single,11:02.4
5c01dc58067bbf00019bb318,1516,1,10,left-6,left,left-dark,dark-up,greater-up,single,11:06.0
5c01dc58067bbf00019bb318,1360,1,11,right-4,right,right-dark,dark-up,greater-up,single,11:08.7
5c01dc58067bbf00019bb318,1037,0,12,left-2,left,left-dark,dark-up,fewer-up,single,11:10.9
5c01dc58067bbf00019bb318,1225,1,13,right-6,right,right-dark,light-up,fewer-up,single,11:13.4
5c01dc58067bbf00019bb318,1327,1,14,left-0,left,left-dark,dark-up,greater-up,single,11:16.2
5c01dc58067bbf00019bb318,1526,1,15,left-0,right,left-dark,dark-up,fewer-up,single,11:19.0
5c01dc58067bbf00019bb318,1333,1,16,right-8,right,right-dark,dark-up,greater-up,single,11:21.6
5c01dc58067bbf00019bb318,1360,1,17,right-0,left,right-dark,dark-up,fewer-up,single,11:24.1
5c01dc58067bbf00019bb318,1458,1,18,right-7,right,right-dark,dark-up,greater-up,single,11:26.8
5c01dc58067bbf00019bb318,1646,1,19,left-5,right,left-dark,light-up,greater-up,single,11:30.0
5c01dc58067bbf00019bb318,1437,1,20,right-6,left,right-dark,light-up,greater-up,single,11:46.8
5c01dc58067bbf00019bb318,1143,1,21,left-7,left,left-dark,dark-up,greater-up,single,11:49.1
5c01dc58067bbf00019bb318,NULL,0,22,left-3,none,left-dark,dark-up,fewer-up,single,11:51.7
5c01dc58067bbf00019bb318,NULL,0,23,left-9,none,left-dark,dark-up,fewer-up,single,11:54.8
5c01dc58067bbf00019bb318,1018,1,24,left-1,left,left-dark,light-up,fewer-up,single,11:57.5
5c01dc58067bbf00019bb318,1345,1,25,right-0,left,right-dark,light-up,greater-up,single,11:59.9
5c01dc58067bbf00019bb318,NULL,0,26,left-5,none,left-dark,dark-up,greater-up,single,12:02.4
5c01dc58067bbf00019bb318,NULL,0,27,left-7,none,left-dark,dark-up,fewer-up,single,12:05.4
5c01dc58067bbf00019bb318,1391,1,28,left-8,left,left-dark,dark-up,greater-up,single,12:08.7
5c01dc58067bbf00019bb318,886,1,29,left-9,left,left-dark,light-up,fewer-up,single,12:10.9
5c01dc58067bbf00019bb318,NULL,0,30,left-4,none,left-dark,dark-up,greater-up,single,12:13.5
5c01dc58067bbf00019bb318,993,0,31,right-9,right,right-dark,dark-up,fewer-up,single,12:16.3
5c01dc58067bbf00019bb318,NULL,0,32,left-3,none,left-dark,light-up,greater-up,single,12:18.7
5c01dc58067bbf00019bb318,NULL,0,33,left-6,none,left-dark,light-up,fewer-up,single,12:21.9
5c01dc58067bbf00019bb318,NULL,0,34,left-9,none,left-dark,dark-up,greater-up,single,12:25.3
5c01dc58067bbf00019bb318,NULL,0,35,right-1,none,right-dark,dark-up,greater-up,single,12:28.5
5c01dc58067bbf00019bb318,1631,1,36,right-5,right,right-dark,dark-up,greater-up,single,12:31.8
5c01dc58067bbf00019bb318,1145,1,37,right-8,left,right-dark,dark-up,fewer-up,single,12:34.1
5c01dc58067bbf00019bb318,1357,1,38,right-7,right,right-dark,light-up,fewer-up,single,12:36.8
5c01dc58067bbf00019bb318,1548,1,39,right-3,right,right-dark,dark-up,greater-up,single,12:39.5
5d329756062745001921494a,819,1,0,left-7,left,left-dark,dark-up,greater-up,single,12:57.2
5d329756062745001921494a,1102,1,1,right-8,right,right-dark,light-up,fewer-up,single,12:59.5
5d329756062745001921494a,881,1,2,left-3,left,left-dark,light-up,fewer-up,single,13:02.0
5d329756062745001921494a,949,1,3,right-7,right,right-dark,light-up,fewer-up,single,13:04.0
5c01dc58067bbf00019bb318,1398,1,40,right-1,right,right-dark,light-up,fewer-up,single,13:03.9
5d329756062745001921494a,1483,1,4,left-4,right,left-dark,dark-up,fewer-up,single,13:07.0
5c01dc58067bbf00019bb318,1614,1,41,left-2,right,left-dark,light-up,greater-up,single,13:06.9
5d329756062745001921494a,929,0,5,left-7,right,left-dark,light-up,fewer-up,single,13:09.0
5c01dc58067bbf00019bb318,1141,1,42,left-4,right,left-dark,dark-up,fewer-up,single,13:09.3
5d329756062745001921494a,1561,1,6,right-1,right,right-dark,dark-up,greater-up,single,13:11.7
5c01dc58067bbf00019bb318,1627,0,43,right-1,right,right-dark,light-up,greater-up,single,13:12.4
5d329756062745001921494a,1596,1,7,right-7,left,right-dark,dark-up,fewer-up,single,13:14.7
5c01dc58067bbf00019bb318,1597,1,44,right-6,left,right-dark,dark-up,fewer-up,single,13:15.5
5d329756062745001921494a,1203,1,8,left-5,right,left-dark,light-up,greater-up,single,13:17.4
5c01dc58067bbf00019bb318,1006,1,45,right-5,left,right-dark,light-up,greater-up,single,13:18.0
5d329756062745001921494a,1177,1,9,right-5,left,right-dark,light-up,greater-up,single,13:19.9
5c01dc58067bbf00019bb318,1284,1,46,left-3,left,left-dark,dark-up,greater-up,single,13:20.8
5d329756062745001921494a,829,1,10,right-6,right,right-dark,dark-up,greater-up,single,13:22.0
5c01dc58067bbf00019bb318,1224,1,47,right-4,right,right-dark,light-up,fewer-up,single,13:23.2
5d329756062745001921494a,1267,1,11,right-2,left,right-dark,light-up,greater-up,single,13:24.7
5c01dc58067bbf00019bb318,1235,1,48,right-8,right,right-dark,light-up,fewer-up,single,13:25.6
5d329756062745001921494a,1440,1,12,left-1,left,left-dark,light-up,fewer-up,single,13:27.4
5c01dc58067bbf00019bb318,1313,1,49,right-4,left,right-dark,dark-up,fewer-up,single,13:28.2
5d329756062745001921494a,1513,1,13,right-9,right,right-dark,light-up,fewer-up,single,13:30.5
5c01dc58067bbf00019bb318,1610,1,50,right-9,left,right-dark,light-up,greater-up,single,13:31.2
5d329756062745001921494a,1238,1,14,right-9,right,right-dark,dark-up,greater-up,single,13:33.1
5c01dc58067bbf00019bb318,1277,1,51,left-0,left,left-dark,light-up,fewer-up,single,13:33.7
5d329756062745001921494a,1110,1,15,left-0,right,left-dark,light-up,greater-up,single,13:35.7
5c01dc58067bbf00019bb318,1375,1,52,right-2,right,right-dark,light-up,fewer-up,single,13:36.4
5d329756062745001921494a,1330,1,16,right-8,left,right-dark,light-up,greater-up,single,13:38.3
5c01dc58067bbf00019bb318,1545,1,53,left-5,right,left-dark,dark-up,fewer-up,single,13:39.4
5d329756062745001921494a,1188,1,17,right-2,left,right-dark,dark-up,fewer-up,single,13:41.0
5d329756062745001921494a,1230,1,18,left-3,right,left-dark,light-up,greater-up,single,13:43.5
5c01dc58067bbf00019bb318,1762,1,54,left-6,right,left-dark,dark-up,fewer-up,single,13:42.7
5d329756062745001921494a,930,1,19,right-0,left,right-dark,light-up,greater-up,single,13:46.1
5c01dc58067bbf00019bb318,1502,1,55,left-1,left,left-dark,dark-up,greater-up,single,13:45.4
5c01dc58067bbf00019bb318,1386,1,56,left-1,right,left-dark,light-up,greater-up,single,13:48.2
5c01dc58067bbf00019bb318,1617,1,57,right-4,left,right-dark,light-up,greater-up,single,13:51.2
5d329756062745001921494a,1115,1,20,right-3,left,right-dark,light-up,greater-up,single,13:52.7
5c01dc58067bbf00019bb318,1292,1,58,left-8,right,left-dark,light-up,greater-up,single,13:53.6
5d329756062745001921494a,1200,1,21,right-7,left,right-dark,light-up,greater-up,single,13:55.0
5c01dc58067bbf00019bb318,1292,1,59,right-1,left,right-dark,dark-up,fewer-up,single,13:56.3
5d329756062745001921494a,812,1,22,left-2,right,left-dark,light-up,greater-up,single,13:57.3
5d329756062745001921494a,1130,1,23,right-9,left,right-dark,dark-up,fewer-up,single,13:59.7
5d329756062745001921494a,1247,1,24,left-0,left,left-dark,light-up,fewer-up,single,14:02.0
5d329756062745001921494a,960,1,25,left-4,left,left-dark,light-up,fewer-up,single,14:04.5
5d329756062745001921494a,999,1,26,right-3,left,right-dark,dark-up,fewer-up,single,14:06.8
5d329756062745001921494a,993,1,27,left-3,right,left-dark,dark-up,fewer-up,single,14:09.2
5d329756062745001921494a,1139,1,28,left-1,left,left-dark,dark-up,greater-up,single,14:11.4
5c01dc58067bbf00019bb318,1661,1,60,left-8,right,left-dark,dark-up,fewer-up,single,14:12.0
5d329756062745001921494a,1211,1,29,left-2,left,left-dark,light-up,fewer-up,single,14:14.1
5c01dc58067bbf00019bb318,1276,1,61,left-3,left,left-dark,light-up,fewer-up,single,14:14.7
5d329756062745001921494a,1031,1,30,left-1,right,left-dark,dark-up,fewer-up,single,14:16.4
5c01dc58067bbf00019bb318,1372,1,62,left-6,right,left-dark,light-up,greater-up,single,14:17.2
5d329756062745001921494a,1196,1,31,left-5,left,left-dark,dark-up,greater-up,single,14:19.1
5c01dc58067bbf00019bb318,1190,1,63,right-2,left,right-dark,light-up,greater-up,single,14:19.7
5d329756062745001921494a,1049,1,32,right-2,right,right-dark,light-up,fewer-up,single,14:21.4
5c01dc58067bbf00019bb318,NULL,0,64,left-7,none,left-dark,light-up,greater-up,single,14:22.5
5d329756062745001921494a,957,1,33,right-5,right,right-dark,light-up,fewer-up,single,14:23.6
5d329756062745001921494a,849,1,34,left-6,left,left-dark,dark-up,greater-up,single,14:25.7
5c01dc58067bbf00019bb318,NULL,0,65,left-4,none,left-dark,light-up,greater-up,single,14:25.4
5d329756062745001921494a,914,1,35,right-0,right,right-dark,light-up,fewer-up,single,14:27.9
5c01dc58067bbf00019bb318,NULL,0,66,left-0,none,left-dark,light-up,greater-up,single,14:28.7
5d329756062745001921494a,839,1,36,right-5,left,right-dark,dark-up,fewer-up,single,14:30.0
5c01dc58067bbf00019bb318,NULL,0,67,right-2,none,right-dark,dark-up,fewer-up,single,14:31.7
5d329756062745001921494a,1149,1,37,left-4,right,left-dark,light-up,greater-up,single,14:32.7
5d329756062745001921494a,1181,1,38,right-9,left,right-dark,light-up,greater-up,single,14:35.2
5c01dc58067bbf00019bb318,1220,1,68,right-9,right,right-dark,light-up,fewer-up,single,14:34.5
5d329756062745001921494a,1025,1,39,right-6,left,right-dark,light-up,greater-up,single,14:37.5
5c01dc58067bbf00019bb318,1137,1,69,right-0,right,right-dark,light-up,fewer-up,single,14:37.2
5c01dc58067bbf00019bb318,1164,1,70,right-3,left,right-dark,light-up,greater-up,single,14:39.5
5d329756062745001921494a,1158,1,40,left-5,left,left-dark,light-up,fewer-up,single,14:42.3
5c01dc58067bbf00019bb318,1177,0,71,right-5,right,right-dark,dark-up,fewer-up,single,14:41.8
5d329756062745001921494a,NULL,0,41,left-6,none,left-dark,light-up,greater-up,single,14:44.7
5c01dc58067bbf00019bb318,1487,0,72,right-3,left,right-dark,light-up,fewer-up,single,14:44.5
5d329756062745001921494a,832,1,42,left-1,right,left-dark,light-up,greater-up,single,14:47.3
5c01dc58067bbf00019bb318,1194,1,73,right-9,right,right-dark,dark-up,greater-up,single,14:47.0
5d329756062745001921494a,1023,1,43,right-0,left,right-dark,dark-up,fewer-up,single,14:49.8
5c01dc58067bbf00019bb318,1702,1,74,left-1,right,left-dark,dark-up,fewer-up,single,14:49.9
5d329756062745001921494a,1172,1,44,right-8,right,right-dark,dark-up,greater-up,single,14:52.1
5c01dc58067bbf00019bb318,1076,1,75,left-2,left,left-dark,light-up,fewer-up,single,14:52.3
5d329756062745001921494a,971,1,45,left-9,right,left-dark,light-up,greater-up,single,14:54.2
5c01dc58067bbf00019bb318,1050,0,76,right-0,left,right-dark,dark-up,greater-up,single,14:54.6
5d329756062745001921494a,930,1,46,left-8,right,left-dark,dark-up,fewer-up,single,14:56.6
5c01dc58067bbf00019bb318,1185,1,77,left-5,left,left-dark,light-up,fewer-up,single,14:57.1
5d329756062745001921494a,1020,1,47,right-8,left,right-dark,dark-up,fewer-up,single,14:58.8
5c01dc58067bbf00019bb318,1603,1,78,right-2,right,right-dark,dark-up,greater-up,single,15:00.2
5d329756062745001921494a,1013,0,48,left-2,right,left-dark,dark-up,greater-up,single,15:01.2
5d329756062745001921494a,986,1,49,right-3,right,right-dark,dark-up,greater-up,single,15:03.5
5c01dc58067bbf00019bb318,1126,1,79,right-7,left,right-dark,light-up,greater-up,single,15:02.7
5d329756062745001921494a,953,1,50,right-1,right,right-dark,light-up,fewer-up,single,15:05.8
5d329756062745001921494a,1019,1,51,left-9,right,left-dark,dark-up,fewer-up,single,15:08.0
5d329756062745001921494a,1063,1,52,left-0,left,left-dark,dark-up,greater-up,single,15:10.4
5d329756062745001921494a,1031,1,53,left-8,right,left-dark,light-up,greater-up,single,15:12.9
5d329756062745001921494a,765,1,54,left-8,left,left-dark,dark-up,greater-up,single,15:15.2
5d329756062745001921494a,887,1,55,right-3,right,right-dark,light-up,fewer-up,single,15:17.2
5d329756062745001921494a,806,1,56,right-6,right,right-dark,light-up,fewer-up,single,15:19.1
5d329756062745001921494a,1131,1,57,left-9,left,left-dark,dark-up,greater-up,single,15:21.3
5d329756062745001921494a,817,1,58,left-3,left,left-dark,dark-up,greater-up,single,15:23.4
5d329756062745001921494a,762,1,59,right-2,right,right-dark,dark-up,greater-up,single,15:25.5
5d329756062745001921494a,1058,1,60,right-4,right,right-dark,light-up,fewer-up,single,15:30.8
5d329756062745001921494a,792,1,61,right-4,right,right-dark,dark-up,greater-up,single,15:32.8
5d329756062745001921494a,860,1,62,right-0,right,right-dark,dark-up,greater-up,single,15:34.8
5d329756062745001921494a,1001,1,63,left-8,left,left-dark,light-up,fewer-up,single,15:37.0
5d329756062745001921494a,916,1,64,right-1,left,right-dark,light-up,greater-up,single,15:39.2
5d329756062745001921494a,1011,1,65,left-6,left,left-dark,light-up,fewer-up,single,15:41.4
5d329756062745001921494a,775,1,66,left-4,left,left-dark,dark-up,greater-up,single,15:43.4
5d329756062745001921494a,985,1,67,left-0,right,left-dark,dark-up,fewer-up,single,15:45.7
5d329756062745001921494a,1029,1,68,left-5,right,left-dark,dark-up,fewer-up,single,15:48.0
5d329756062745001921494a,1111,1,69,right-4,left,right-dark,light-up,greater-up,single,15:50.3
5d329756062745001921494a,886,1,70,left-2,right,left-dark,dark-up,fewer-up,single,15:52.5
5d329756062745001921494a,955,1,71,right-7,right,right-dark,dark-up,greater-up,single,15:54.9
5d329756062745001921494a,999,1,72,left-9,left,left-dark,light-up,fewer-up,single,15:57.2
5d329756062745001921494a,984,1,73,right-4,left,right-dark,dark-up,fewer-up,single,15:59.4
5d329756062745001921494a,913,1,74,right-6,left,right-dark,dark-up,fewer-up,single,16:01.4
5d329756062745001921494a,1191,0,75,left-7,left,left-dark,light-up,greater-up,single,16:04.0
5d329756062745001921494a,889,1,76,right-1,left,right-dark,dark-up,fewer-up,single,16:06.1
5d329756062745001921494a,1640,1,77,left-7,right,left-dark,dark-up,fewer-up,single,16:08.9
5d329756062745001921494a,1296,1,78,right-5,right,right-dark,dark-up,greater-up,single,16:11.6
5d329756062745001921494a,976,1,79,left-6,right,left-dark,dark-up,fewer-up,single,16:13.8
67a8180879799b283e4ae296,NULL,0,0,right-7,none,right-dark,light-up,fewer-up,single,40:07.4
67a8180879799b283e4ae296,1055,1,1,right-8,right,right-dark,dark-up,greater-up,single,40:10.0
67a8180879799b283e4ae296,849,1,2,left-6,left,left-dark,dark-up,greater-up,single,40:12.4
67a8180879799b283e4ae296,755,1,3,left-0,left,left-dark,dark-up,greater-up,single,40:14.3
67a8180879799b283e4ae296,740,1,4,left-8,left,left-dark,dark-up,greater-up,single,40:16.2
67a8180879799b283e4ae296,593,0,5,left-5,left,left-dark,light-up,greater-up,single,40:18.3
67a8180879799b283e4ae296,1237,1,6,left-7,left,left-dark,dark-up,greater-up,single,40:20.9
67a8180879799b283e4ae296,990,0,7,right-1,right,right-dark,light-up,greater-up,single,40:23.3
67a8180879799b283e4ae296,1455,0,8,right-7,right,right-dark,light-up,greater-up,single,40:26.1
67a8180879799b283e4ae296,1540,1,9,left-7,left,left-dark,light-up,fewer-up,single,40:28.9
67a8180879799b283e4ae296,NULL,0,10,right-0,none,right-dark,dark-up,fewer-up,single,40:31.3
67a8180879799b283e4ae296,NULL,0,11,right-3,none,right-dark,light-up,fewer-up,single,40:34.4
67a8180879799b283e4ae296,1040,1,12,right-4,right,right-dark,dark-up,greater-up,single,40:37.5
67a8180879799b283e4ae296,1099,0,13,right-1,left,right-dark,light-up,fewer-up,single,40:40.1
67a8180879799b283e4ae296,780,0,14,left-5,right,left-dark,light-up,fewer-up,single,40:42.2
67a8180879799b283e4ae296,930,1,15,right-4,left,right-dark,dark-up,fewer-up,single,40:44.6
67a8180879799b283e4ae296,884,1,16,left-0,left,left-dark,light-up,fewer-up,single,40:46.7
67a8180879799b283e4ae296,1311,0,17,left-6,left,left-dark,dark-up,fewer-up,single,40:49.5
67a8180879799b283e4ae296,1189,1,18,right-0,right,right-dark,dark-up,greater-up,single,40:51.8
67a8180879799b283e4ae296,1399,0,19,left-0,left,left-dark,light-up,greater-up,single,40:54.5
67a8180879799b283e4ae296,1119,0,20,left-3,left,left-dark,dark-up,fewer-up,single,41:19.1
67a8180879799b283e4ae296,1406,1,21,left-6,right,left-dark,light-up,greater-up,single,41:21.6
67a8180879799b283e4ae296,1380,1,22,right-7,right,right-dark,dark-up,greater-up,single,41:24.3
67a8180879799b283e4ae296,1717,1,23,right-5,right,right-dark,dark-up,greater-up,single,41:27.4
67a8180879799b283e4ae296,NULL,0,24,right-8,none,right-dark,dark-up,fewer-up,single,41:30.1
67a8180879799b283e4ae296,1323,0,25,right-6,right,right-dark,light-up,greater-up,single,41:33.4
67a8180879799b283e4ae296,NULL,0,26,right-5,none,right-dark,light-up,fewer-up,single,41:36.0
67a8180879799b283e4ae296,1419,1,27,right-2,left,right-dark,light-up,greater-up,single,41:39.3
67a8180879799b283e4ae296,1724,0,28,right-2,left,right-dark,dark-up,greater-up,single,41:42.2
67a8180879799b283e4ae296,1406,0,29,right-6,left,right-dark,light-up,fewer-up,single,41:45.1
67a8180879799b283e4ae296,1171,1,30,right-9,right,right-dark,light-up,fewer-up,single,41:47.5
67a8180879799b283e4ae296,1568,1,31,left-4,left,left-dark,light-up,fewer-up,single,41:50.3
67a8180879799b283e4ae296,1507,1,32,right-1,right,right-dark,dark-up,greater-up,single,41:53.0
67a8180879799b283e4ae296,1256,1,33,left-2,left,left-dark,light-up,fewer-up,single,41:55.8
67a8180879799b283e4ae296,1020,0,34,right-5,right,right-dark,dark-up,fewer-up,single,41:58.0
67a8180879799b283e4ae296,1441,0,35,right-8,right,right-dark,light-up,greater-up,single,42:00.7
67a8180879799b283e4ae296,NULL,0,36,right-4,none,right-dark,light-up,fewer-up,single,42:03.0
67a8180879799b283e4ae296,1206,1,37,right-6,right,right-dark,dark-up,greater-up,single,42:06.1
67a8180879799b283e4ae296,825,0,38,right-9,right,right-dark,dark-up,fewer-up,single,42:08.1
67a8180879799b283e4ae296,1218,1,39,left-6,left,left-dark,light-up,fewer-up,single,42:10.5
67a8180879799b283e4ae296,775,0,40,left-1,left,left-dark,light-up,greater-up,single,42:22.8
67a8180879799b283e4ae296,959,1,41,right-3,right,right-dark,dark-up,greater-up,single,42:25.3
67a8180879799b283e4ae296,1279,0,42,left-2,left,left-dark,dark-up,fewer-up,single,42:27.8
67a8180879799b283e4ae296,1197,0,43,right-3,right,right-dark,light-up,greater-up,single,42:30.2
67a8180879799b283e4ae296,969,1,44,right-0,left,right-dark,light-up,greater-up,single,42:32.2
67a8180879799b283e4ae296,1089,0,45,left-0,left,left-dark,dark-up,fewer-up,single,42:34.4
67a8180879799b283e4ae296,1562,1,46,right-9,right,right-dark,dark-up,greater-up,single,42:37.3
67a8180879799b283e4ae296,NULL,0,47,left-9,none,left-dark,dark-up,fewer-up,single,42:39.8
67a8180879799b283e4ae296,1330,1,48,left-3,right,left-dark,light-up,greater-up,single,42:42.8
67a8180879799b283e4ae296,1458,1,49,right-1,left,right-dark,dark-up,fewer-up,single,42:45.4
67a8180879799b283e4ae296,1498,1,50,left-5,left,left-dark,dark-up,greater-up,single,42:48.1
67a8180879799b283e4ae296,1406,1,51,right-6,left,right-dark,dark-up,fewer-up,single,42:50.6
67a8180879799b283e4ae296,1442,0,52,left-5,left,left-dark,dark-up,fewer-up,single,42:53.3
67a8180879799b283e4ae296,807,1,53,right-8,right,right-dark,light-up,fewer-up,single,42:55.2
67a8180879799b283e4ae296,1408,0,54,left-3,right,left-dark,dark-up,greater-up,single,42:57.6
67a8180879799b283e4ae296,NULL,0,55,right-9,none,right-dark,light-up,greater-up,single,43:00.0
67a8180879799b283e4ae296,1315,0,56,right-2,right,right-dark,dark-up,fewer-up,single,43:03.1
67a8180879799b283e4ae296,750,1,57,left-2,left,left-dark,dark-up,greater-up,single,43:05.1
67a8180879799b283e4ae296,1345,1,58,left-1,left,left-dark,dark-up,greater-up,single,43:07.9
67a8180879799b283e4ae296,1614,1,59,left-4,right,left-dark,dark-up,fewer-up,single,43:10.9
67a8180879799b283e4ae296,1323,1,60,left-4,left,left-dark,dark-up,greater-up,single,43:23.5
67a8180879799b283e4ae296,1665,1,61,left-8,right,left-dark,light-up,greater-up,single,43:26.3
67a8180879799b283e4ae296,1298,1,62,right-2,right,right-dark,light-up,fewer-up,single,43:29.1
67a8180879799b283e4ae296,1600,0,63,left-8,left,left-dark,dark-up,fewer-up,single,43:31.9
67a8180879799b283e4ae296,1264,0,64,right-3,right,right-dark,dark-up,fewer-up,single,43:34.3
67a8180879799b283e4ae296,1420,1,65,left-9,left,left-dark,dark-up,greater-up,single,43:36.8
67a8180879799b283e4ae296,1121,1,66,left-1,right,left-dark,dark-up,fewer-up,single,43:39.2
67a8180879799b283e4ae296,1371,1,67,right-0,right,right-dark,light-up,fewer-up,single,43:41.7
67a8180879799b283e4ae296,1308,1,68,left-8,left,left-dark,light-up,fewer-up,single,43:44.2
67a8180879799b283e4ae296,1149,1,69,left-2,right,left-dark,light-up,greater-up,single,43:46.5
67a8180879799b283e4ae296,1043,1,70,left-1,left,left-dark,light-up,fewer-up,single,43:48.7
67a8180879799b283e4ae296,1311,1,71,left-4,right,left-dark,light-up,greater-up,single,43:51.1
67a8180879799b283e4ae296,1181,0,72,right-4,right,right-dark,light-up,greater-up,single,43:53.4
67a8180879799b283e4ae296,NULL,0,73,left-7,none,left-dark,dark-up,fewer-up,single,43:55.8
67a8180879799b283e4ae296,1522,1,74,left-3,left,left-dark,light-up,fewer-up,single,43:59.0
67a8180879799b283e4ae296,1643,1,75,left-9,right,left-dark,light-up,greater-up,single,44:01.7
67a8180879799b283e4ae296,985,1,76,left-9,left,left-dark,light-up,fewer-up,single,44:04.0
67a8180879799b283e4ae296,1401,1,77,left-7,right,left-dark,light-up,greater-up,single,44:06.5
67a8180879799b283e4ae296,NULL,0,78,right-5,none,right-dark,light-up,greater-up,single,44:09.1
67a8180879799b283e4ae296,1251,1,79,right-7,left,right-dark,dark-up,fewer-up,single,44:12.2
67ca0f025ac00bea9d6fa2ff,NULL,0,0,right-5,none,right-dark,light-up,fewer-up,dual,00:22.3
67ca0f025ac00bea9d6fa2ff,271,1,1,right-9,right,right-dark,light-up,fewer-up,dual,00:25.0
67ca0f025ac00bea9d6fa2ff,881,1,2,left-6,right,left-dark,light-up,greater-up,dual,00:30.0
67ca0f025ac00bea9d6fa2ff,948,1,3,left-3,right,left-dark,dark-up,fewer-up,dual,00:33.2
67ca0f025ac00bea9d6fa2ff,1284,1,4,left-2,right,left-dark,light-up,greater-up,dual,00:38.5
67ca0f025ac00bea9d6fa2ff,NULL,0,5,left-0,none,left-dark,light-up,fewer-up,dual,00:44.6
67ca0f025ac00bea9d6fa2ff,1418,1,6,right-8,right,right-dark,light-up,fewer-up,dual,00:48.3
67ca0f025ac00bea9d6fa2ff,820,1,7,left-9,right,left-dark,light-up,greater-up,dual,00:53.9
67ca0f025ac00bea9d6fa2ff,1194,1,8,right-6,right,right-dark,dark-up,greater-up,dual,00:59.5
67ca0f025ac00bea9d6fa2ff,NULL,0,9,left-0,none,left-dark,dark-up,fewer-up,dual,01:02.0
67ca0f025ac00bea9d6fa2ff,1584,1,10,left-0,right,left-dark,light-up,greater-up,dual,01:05.4
67ca0f025ac00bea9d6fa2ff,988,1,11,left-7,right,left-dark,light-up,greater-up,dual,01:10.4
67ca0f025ac00bea9d6fa2ff,1203,0,12,left-1,left,left-dark,dark-up,fewer-up,dual,01:13.7
67ca0f025ac00bea9d6fa2ff,NULL,0,13,left-6,none,left-dark,dark-up,greater-up,dual,01:16.1
67ca0f025ac00bea9d6fa2ff,NULL,0,14,right-9,none,right-dark,light-up,greater-up,dual,01:18.9
67ca0f025ac00bea9d6fa2ff,NULL,0,15,left-3,none,left-dark,light-up,fewer-up,dual,01:22.1
67ca0f025ac00bea9d6fa2ff,1101,1,16,right-0,right,right-dark,light-up,fewer-up,dual,01:26.0
67ca0f025ac00bea9d6fa2ff,1253,0,17,right-0,right,right-dark,dark-up,fewer-up,dual,01:28.6
67ca0f025ac00bea9d6fa2ff,NULL,0,18,right-6,none,right-dark,light-up,greater-up,dual,01:31.3
67ca0f025ac00bea9d6fa2ff,NULL,0,19,left-5,none,left-dark,dark-up,greater-up,dual,01:35.1
67ca0f025ac00bea9d6fa2ff,729,1,20,right-2,right,right-dark,dark-up,greater-up,dual,01:48.1
67ca0f025ac00bea9d6fa2ff,NULL,0,21,right-6,none,right-dark,light-up,fewer-up,dual,01:50.8
67ca0f025ac00bea9d6fa2ff,1291,0,22,left-4,right,left-dark,light-up,fewer-up,dual,01:54.6
67ca0f025ac00bea9d6fa2ff,NULL,0,23,right-5,none,right-dark,dark-up,fewer-up,dual,01:57.3
67ca0f025ac00bea9d6fa2ff,NULL,0,24,left-9,none,left-dark,dark-up,fewer-up,dual,02:00.1
67ca0f025ac00bea9d6fa2ff,948,1,25,left-5,right,left-dark,light-up,greater-up,dual,02:02.6
67ca0f025ac00bea9d6fa2ff,NULL,0,26,right-0,none,right-dark,dark-up,greater-up,dual,02:05.1
67ca0f025ac00bea9d6fa2ff,1510,1,27,left-2,right,left-dark,dark-up,fewer-up,dual,02:08.2
67ca0f025ac00bea9d6fa2ff,NULL,0,28,left-9,none,left-dark,dark-up,greater-up,dual,02:10.7
67ca0f025ac00bea9d6fa2ff,1207,0,29,right-2,left,right-dark,light-up,fewer-up,dual,02:13.9
67ca0f025ac00bea9d6fa2ff,903,0,30,right-7,right,right-dark,light-up,greater-up,dual,02:18.9
67ca0f025ac00bea9d6fa2ff,782,1,31,right-1,right,right-dark,dark-up,greater-up,dual,02:21.8
67ca0f025ac00bea9d6fa2ff,1176,0,32,left-8,right,left-dark,light-up,fewer-up,dual,02:25.1
67ca0f025ac00bea9d6fa2ff,NULL,0,33,right-2,none,right-dark,light-up,greater-up,dual,02:27.5
67ca0f025ac00bea9d6fa2ff,899,0,34,right-4,left,right-dark,light-up,fewer-up,dual,02:30.9
67ca0f025ac00bea9d6fa2ff,1380,1,35,left-1,right,left-dark,light-up,greater-up,dual,02:34.3
67ca0f025ac00bea9d6fa2ff,1103,0,36,right-7,left,right-dark,light-up,fewer-up,dual,02:37.5
67ca0f025ac00bea9d6fa2ff,1140,0,37,right-9,right,right-dark,dark-up,fewer-up,dual,02:40.8
67ca0f025ac00bea9d6fa2ff,1009,1,38,left-3,right,left-dark,light-up,greater-up,dual,02:43.8
67ca0f025ac00bea9d6fa2ff,NULL,0,39,left-1,none,left-dark,light-up,fewer-up,dual,02:46.4
67ca0f025ac00bea9d6fa2ff,896,1,40,left-4,right,left-dark,dark-up,fewer-up,dual,02:59.7
67ca0f025ac00bea9d6fa2ff,NULL,0,41,right-3,none,right-dark,light-up,greater-up,dual,03:05.2
67ca0f025ac00bea9d6fa2ff,1021,1,42,right-7,right,right-dark,dark-up,greater-up,dual,03:07.7
67ca0f025ac00bea9d6fa2ff,929,1,43,left-6,right,left-dark,dark-up,fewer-up,dual,03:12.9
67ca0f025ac00bea9d6fa2ff,NULL,0,44,right-4,none,right-dark,light-up,greater-up,dual,03:15.3
67ca0f025ac00bea9d6fa2ff,857,1,45,left-4,right,left-dark,light-up,greater-up,dual,03:18.1
67ca0f025ac00bea9d6fa2ff,1222,1,46,right-9,right,right-dark,dark-up,greater-up,dual,03:20.5
67ca0f025ac00bea9d6fa2ff,1341,0,47,right-3,right,right-dark,dark-up,fewer-up,dual,03:22.9
67ca0f025ac00bea9d6fa2ff,865,1,48,right-3,right,right-dark,light-up,fewer-up,dual,03:25.1
67ca0f025ac00bea9d6fa2ff,723,0,49,left-3,right,left-dark,dark-up,greater-up,dual,03:27.1
67ca0f025ac00bea9d6fa2ff,545,0,50,left-5,left,left-dark,dark-up,fewer-up,dual,03:31.7
67ca0f025ac00bea9d6fa2ff,1192,0,51,right-5,right,right-dark,light-up,greater-up,dual,03:34.7
67ca0f025ac00bea9d6fa2ff,1038,0,52,left-2,right,left-dark,dark-up,greater-up,dual,03:37.5
67ca0f025ac00bea9d6fa2ff,988,1,53,right-8,right,right-dark,dark-up,greater-up,dual,03:40.7
67ca0f025ac00bea9d6fa2ff,1052,0,54,right-0,right,right-dark,light-up,greater-up,dual,03:46.2
67ca0f025ac00bea9d6fa2ff,1533,0,55,right-1,right,right-dark,light-up,greater-up,dual,03:49.7
67ca0f025ac00bea9d6fa2ff,1308,0,56,left-9,right,left-dark,light-up,fewer-up,dual,03:53.1
67ca0f025ac00bea9d6fa2ff,NULL,0,57,left-2,none,left-dark,light-up,fewer-up,dual,03:55.7
67ca0f025ac00bea9d6fa2ff,880,0,58,left-1,right,left-dark,dark-up,greater-up,dual,03:58.2
67ca0f025ac00bea9d6fa2ff,638,0,59,right-6,right,right-dark,dark-up,fewer-up,dual,04:02.9
67ca0f025ac00bea9d6fa2ff,871,0,60,left-5,right,left-dark,light-up,fewer-up,dual,04:24.5
67ca0f025ac00bea9d6fa2ff,989,0,61,left-7,right,left-dark,dark-up,greater-up,dual,04:27.5
67ca0f025ac00bea9d6fa2ff,748,1,62,left-7,left,left-dark,light-up,fewer-up,dual,04:29.6
67ca0f025ac00bea9d6fa2ff,1163,1,63,right-5,right,right-dark,dark-up,greater-up,dual,04:35.1
67ca0f025ac00bea9d6fa2ff,1024,0,64,left-8,right,left-dark,dark-up,greater-up,dual,04:38.3
67ca0f025ac00bea9d6fa2ff,736,0,65,right-4,left,right-dark,dark-up,greater-up,dual,04:43.5
67ca0f025ac00bea9d6fa2ff,1202,0,66,right-4,right,right-dark,dark-up,fewer-up,dual,04:45.8
67ca0f025ac00bea9d6fa2ff,534,1,67,left-7,right,left-dark,dark-up,fewer-up,dual,04:50.6
67ca0f025ac00bea9d6fa2ff,NULL,0,68,left-6,none,left-dark,light-up,fewer-up,dual,04:56.0
67ca0f025ac00bea9d6fa2ff,818,0,69,right-8,right,right-dark,light-up,greater-up,dual,04:59.0
67ca0f025ac00bea9d6fa2ff,1043,1,70,left-4,left,left-dark,dark-up,greater-up,dual,05:04.0
67ca0f025ac00bea9d6fa2ff,1322,0,71,right-2,right,right-dark,dark-up,fewer-up,dual,05:07.5
67ca0f025ac00bea9d6fa2ff,1575,0,72,left-8,left,left-dark,dark-up,fewer-up,dual,05:10.4
67ca0f025ac00bea9d6fa2ff,612,0,73,right-1,right,right-dark,dark-up,fewer-up,dual,05:13.1
67ca0f025ac00bea9d6fa2ff,573,1,74,left-0,left,left-dark,dark-up,greater-up,dual,05:15.7
67ca0f025ac00bea9d6fa2ff,703,1,75,right-3,right,right-dark,dark-up,greater-up,dual,05:20.8
67ca0f025ac00bea9d6fa2ff,1475,1,76,left-8,right,left-dark,light-up,greater-up,dual,05:23.4
67ca0f025ac00bea9d6fa2ff,NULL,0,77,right-8,none,right-dark,dark-up,fewer-up,dual,05:26.1
67ca0f025ac00bea9d6fa2ff,NULL,0,78,right-1,none,right-dark,light-up,fewer-up,dual,05:29.1
67ca0f025ac00bea9d6fa2ff,450,0,79,right-7,right,right-dark,dark-up,fewer-up,dual,05:32.1
66d8b0d36ce7d36e6f850028,1512,1,0,right-6,right,right-dark,light-up,fewer-up,dual,08:14.6
66d8b0d36ce7d36e6f850028,1087,1,1,left-7,right,left-dark,light-up,greater-up,dual,08:17.1
66d8b0d36ce7d36e6f850028,1003,1,2,left-6,right,left-dark,light-up,greater-up,dual,08:19.3
66d8b0d36ce7d36e6f850028,1030,1,3,left-3,right,left-dark,dark-up,fewer-up,dual,08:21.8
66d8b0d36ce7d36e6f850028,1042,1,4,left-3,left,left-dark,dark-up,greater-up,dual,08:24.2
66d8b0d36ce7d36e6f850028,868,1,5,right-1,left,right-dark,dark-up,fewer-up,dual,08:26.4
66d8b0d36ce7d36e6f850028,1717,1,6,left-1,right,left-dark,dark-up,fewer-up,dual,08:29.4
66d8b0d36ce7d36e6f850028,1278,1,7,left-9,left,left-dark,light-up,fewer-up,dual,08:32.0
66d8b0d36ce7d36e6f850028,1209,1,8,right-9,right,right-dark,dark-up,greater-up,dual,08:34.6
66d8b0d36ce7d36e6f850028,1267,1,9,left-2,left,left-dark,light-up,fewer-up,dual,08:37.1
66d8b0d36ce7d36e6f850028,920,1,10,right-0,right,right-dark,dark-up,greater-up,dual,08:39.3
66d8b0d36ce7d36e6f850028,1126,1,11,right-7,left,right-dark,light-up,greater-up,dual,08:41.7
66d8b0d36ce7d36e6f850028,923,1,12,left-7,right,left-dark,dark-up,fewer-up,dual,08:43.7
66d8b0d36ce7d36e6f850028,1045,1,13,left-4,left,left-dark,dark-up,greater-up,dual,08:46.2
66d8b0d36ce7d36e6f850028,1258,1,14,right-8,right,right-dark,dark-up,greater-up,dual,08:48.9
66d8b0d36ce7d36e6f850028,1030,1,15,left-2,right,left-dark,dark-up,fewer-up,dual,08:51.1
66d8b0d36ce7d36e6f850028,1028,1,16,left-9,right,left-dark,light-up,greater-up,dual,08:53.6
66d8b0d36ce7d36e6f850028,1190,1,17,left-5,right,left-dark,dark-up,fewer-up,dual,08:55.9
66d8b0d36ce7d36e6f850028,971,1,18,right-2,right,right-dark,light-up,fewer-up,dual,08:58.2
66d8b0d36ce7d36e6f850028,1503,0,19,left-6,right,left-dark,dark-up,greater-up,dual,09:00.9
66d8b0d36ce7d36e6f850028,1051,0,20,left-7,right,left-dark,dark-up,greater-up,dual,09:07.3
66d8b0d36ce7d36e6f850028,1129,1,21,right-0,left,right-dark,dark-up,fewer-up,dual,09:09.7
66d8b0d36ce7d36e6f850028,795,1,22,right-5,right,right-dark,light-up,fewer-up,dual,09:11.8
66d8b0d36ce7d36e6f850028,1110,1,23,left-0,left,left-dark,dark-up,greater-up,dual,09:14.0
66d8b0d36ce7d36e6f850028,939,0,24,right-8,left,right-dark,light-up,fewer-up,dual,09:16.2
66d8b0d36ce7d36e6f850028,1266,1,25,left-2,right,left-dark,light-up,greater-up,dual,09:18.7
66d8b0d36ce7d36e6f850028,1045,1,26,right-4,right,right-dark,dark-up,greater-up,dual,09:21.4
66d8b0d36ce7d36e6f850028,994,1,27,left-1,left,left-dark,dark-up,greater-up,dual,09:23.6
66d8b0d36ce7d36e6f850028,1213,1,28,left-5,left,left-dark,dark-up,greater-up,dual,09:26.1
66d8b0d36ce7d36e6f850028,1477,1,29,left-4,right,left-dark,dark-up,fewer-up,dual,09:29.0
66d8b0d36ce7d36e6f850028,879,1,30,right-3,right,right-dark,dark-up,greater-up,dual,09:31.3
66d8b0d36ce7d36e6f850028,1161,1,31,right-2,right,right-dark,dark-up,greater-up,dual,09:33.5
66d8b0d36ce7d36e6f850028,1070,1,32,left-5,left,left-dark,light-up,fewer-up,dual,09:35.8
66d8b0d36ce7d36e6f850028,1063,0,33,left-8,left,left-dark,light-up,greater-up,dual,09:38.3
66d8b0d36ce7d36e6f850028,870,1,34,right-5,left,right-dark,light-up,greater-up,dual,09:40.3
66d8b0d36ce7d36e6f850028,845,1,35,left-0,left,left-dark,light-up,fewer-up,dual,09:42.4
66d8b0d36ce7d36e6f850028,924,1,36,left-8,left,left-dark,dark-up,greater-up,dual,09:44.6
66d8b0d36ce7d36e6f850028,1156,1,37,left-3,right,left-dark,light-up,greater-up,dual,09:47.2
66d8b0d36ce7d36e6f850028,1331,1,38,right-3,right,right-dark,light-up,fewer-up,dual,09:49.6
66d8b0d36ce7d36e6f850028,1467,1,39,left-8,right,left-dark,dark-up,fewer-up,dual,09:52.4
66d8b0d36ce7d36e6f850028,1249,0,40,right-6,right,right-dark,light-up,greater-up,dual,09:57.3
66d8b0d36ce7d36e6f850028,969,0,41,right-7,left,right-dark,dark-up,greater-up,dual,09:59.4
66d8b0d36ce7d36e6f850028,705,1,42,left-3,left,left-dark,light-up,fewer-up,dual,10:01.5
66d8b0d36ce7d36e6f850028,884,1,43,left-2,left,left-dark,dark-up,greater-up,dual,10:03.4
66d8b0d36ce7d36e6f850028,959,0,44,right-4,right,right-dark,light-up,greater-up,dual,10:05.8
66d8b0d36ce7d36e6f850028,1226,1,45,right-0,left,right-dark,light-up,greater-up,dual,10:08.0
66d8b0d36ce7d36e6f850028,847,1,46,right-1,right,right-dark,dark-up,greater-up,dual,10:10.1
66d8b0d36ce7d36e6f850028,810,1,47,left-4,right,left-dark,light-up,greater-up,dual,10:12.3
66d8b0d36ce7d36e6f850028,821,1,48,left-1,left,left-dark,light-up,fewer-up,dual,10:14.3
66d8b0d36ce7d36e6f850028,822,1,49,right-8,left,right-dark,light-up,greater-up,dual,10:16.4
66d8b0d36ce7d36e6f850028,985,1,50,right-4,left,right-dark,dark-up,fewer-up,dual,10:18.5
66d8b0d36ce7d36e6f850028,754,1,51,right-1,right,right-dark,light-up,fewer-up,dual,10:20.7
66d8b0d36ce7d36e6f850028,703,1,52,right-6,right,right-dark,dark-up,greater-up,dual,10:22.7
66d8b0d36ce7d36e6f850028,1192,1,53,right-4,right,right-dark,light-up,fewer-up,dual,10:25.2
66d8b0d36ce7d36e6f850028,890,1,54,right-9,left,right-dark,light-up,greater-up,dual,10:27.6
66d8b0d36ce7d36e6f850028,1301,1,55,left-0,right,left-dark,dark-up,fewer-up,dual,10:30.2
66d8b0d36ce7d36e6f850028,1316,1,56,right-8,left,right-dark,dark-up,fewer-up,dual,10:32.6
66d8b0d36ce7d36e6f850028,1353,1,57,left-6,right,left-dark,dark-up,fewer-up,dual,10:35.1
66d8b0d36ce7d36e6f850028,1141,1,58,left-9,left,left-dark,dark-up,greater-up,dual,10:37.4
66d8b0d36ce7d36e6f850028,1398,1,59,right-2,left,right-dark,light-up,greater-up,dual,10:40.0
66d8b0d36ce7d36e6f850028,1250,1,60,left-8,left,left-dark,light-up,fewer-up,dual,10:44.9
66d8b0d36ce7d36e6f850028,892,1,61,left-7,left,left-dark,light-up,fewer-up,dual,10:47.3
66d8b0d36ce7d36e6f850028,825,1,62,right-3,left,right-dark,dark-up,fewer-up,dual,10:49.7
66d8b0d36ce7d36e6f850028,1500,1,63,left-0,right,left-dark,light-up,greater-up,dual,10:52.4
66d8b0d36ce7d36e6f850028,982,1,64,right-5,left,right-dark,dark-up,fewer-up,dual,10:54.6
66d8b0d36ce7d36e6f850028,890,1,65,right-6,left,right-dark,dark-up,fewer-up,dual,10:56.9
66d8b0d36ce7d36e6f850028,NULL,0,66,left-5,none,left-dark,light-up,greater-up,dual,10:59.5
66d8b0d36ce7d36e6f850028,936,1,67,right-2,left,right-dark,dark-up,fewer-up,dual,11:02.4
66d8b0d36ce7d36e6f850028,836,1,68,left-9,right,left-dark,dark-up,fewer-up,dual,11:04.7
66d8b0d36ce7d36e6f850028,663,0,69,right-7,left,right-dark,light-up,fewer-up,dual,11:06.7
66d8b0d36ce7d36e6f850028,1096,1,70,right-7,left,right-dark,dark-up,fewer-up,dual,11:09.0
66d8b0d36ce7d36e6f850028,1039,1,71,right-9,left,right-dark,dark-up,fewer-up,dual,11:11.3
66d8b0d36ce7d36e6f850028,1255,0,72,left-6,right,left-dark,light-up,fewer-up,dual,11:14.0
66d8b0d36ce7d36e6f850028,1214,0,73,right-5,left,right-dark,dark-up,greater-up,dual,11:16.5
66d8b0d36ce7d36e6f850028,1204,1,74,left-4,left,left-dark,light-up,fewer-up,dual,11:19.0
66d8b0d36ce7d36e6f850028,951,0,75,left-1,left,left-dark,light-up,greater-up,dual,11:21.2
66d8b0d36ce7d36e6f850028,1231,1,76,right-9,right,right-dark,light-up,fewer-up,dual,11:23.5
66d8b0d36ce7d36e6f850028,1429,1,77,right-3,left,right-dark,light-up,greater-up,dual,11:26.0
66d8b0d36ce7d36e6f850028,1509,1,78,right-1,left,right-dark,light-up,greater-up,dual,11:28.9
66d8b0d36ce7d36e6f850028,800,1,79,right-0,right,right-dark,light-up,fewer-up,dual,11:31.0
663a5fd6be8d75132d5c3e73,733,1,0,left-2,right,left-dark,light-up,greater-up,dual,16:28.4
663a5fd6be8d75132d5c3e73,1644,1,1,left-8,right,left-dark,light-up,greater-up,dual,16:31.5
663a5fd6be8d75132d5c3e73,656,0,2,left-1,right,left-dark,light-up,fewer-up,dual,16:33.3
663a5fd6be8d75132d5c3e73,NULL,0,3,left-6,none,left-dark,light-up,greater-up,dual,16:35.7
663a5fd6be8d75132d5c3e73,1268,0,4,right-0,left,right-dark,light-up,fewer-up,dual,16:38.9
663a5fd6be8d75132d5c3e73,575,1,5,left-0,right,left-dark,dark-up,fewer-up,dual,16:41.1
663a5fd6be8d75132d5c3e73,1693,0,6,left-7,right,left-dark,light-up,fewer-up,dual,16:44.0
663a5fd6be8d75132d5c3e73,1744,1,7,left-3,left,left-dark,dark-up,greater-up,dual,16:47.2
663a5fd6be8d75132d5c3e73,1162,1,8,left-3,left,left-dark,light-up,fewer-up,dual,16:49.5
663a5fd6be8d75132d5c3e73,1281,0,9,left-3,left,left-dark,light-up,greater-up,dual,16:51.8
663a5fd6be8d75132d5c3e73,653,1,10,right-1,right,right-dark,dark-up,greater-up,dual,16:53.7
663a5fd6be8d75132d5c3e73,1112,0,11,right-3,right,right-dark,dark-up,fewer-up,dual,16:55.9
663a5fd6be8d75132d5c3e73,1232,0,12,left-5,left,left-dark,dark-up,fewer-up,dual,16:58.3
663a5fd6be8d75132d5c3e73,NULL,0,13,right-7,none,right-dark,dark-up,greater-up,dual,17:01.0
663a5fd6be8d75132d5c3e73,1325,1,14,left-4,left,left-dark,light-up,fewer-up,dual,17:04.1
663a5fd6be8d75132d5c3e73,882,1,15,right-6,right,right-dark,dark-up,greater-up,dual,17:06.2
663a5fd6be8d75132d5c3e73,1142,1,16,left-1,left,left-dark,dark-up,greater-up,dual,17:08.5
663a5fd6be8d75132d5c3e73,823,0,17,right-3,right,right-dark,light-up,greater-up,dual,17:10.5
663a5fd6be8d75132d5c3e73,1086,1,18,right-8,right,right-dark,dark-up,greater-up,dual,17:13.0
663a5fd6be8d75132d5c3e73,789,0,19,left-4,left,left-dark,dark-up,fewer-up,dual,17:15.0
663a5fd6be8d75132d5c3e73,1550,1,20,right-0,right,right-dark,dark-up,greater-up,dual,17:33.9
663a5fd6be8d75132d5c3e73,1223,0,21,left-3,left,left-dark,dark-up,fewer-up,dual,17:36.6
663a5fd6be8d75132d5c3e73,NULL,0,22,right-6,none,right-dark,light-up,greater-up,dual,17:39.3
663a5fd6be8d75132d5c3e73,1168,0,23,right-4,left,right-dark,light-up,fewer-up,dual,17:42.2
663a5fd6be8d75132d5c3e73,NULL,0,24,left-2,none,left-dark,light-up,fewer-up,dual,17:44.7
663a5fd6be8d75132d5c3e73,1109,1,25,right-5,right,right-dark,light-up,fewer-up,dual,17:47.5
663a5fd6be8d75132d5c3e73,NULL,0,26,right-8,none,right-dark,light-up,greater-up,dual,17:50.1
663a5fd6be8d75132d5c3e73,771,0,27,left-9,left,left-dark,light-up,greater-up,dual,17:52.9
663a5fd6be8d75132d5c3e73,NULL,0,28,right-2,none,right-dark,light-up,greater-up,dual,17:55.2
663a5fd6be8d75132d5c3e73,593,1,29,right-4,right,right-dark,dark-up,greater-up,dual,17:57.6
663a5fd6be8d75132d5c3e73,1082,1,30,left-8,left,left-dark,dark-up,greater-up,dual,17:59.8
663a5fd6be8d75132d5c3e73,727,0,31,right-9,right,right-dark,light-up,greater-up,dual,18:02.1
663a5fd6be8d75132d5c3e73,1509,0,32,right-4,right,right-dark,light-up,greater-up,dual,18:04.7
663a5fd6be8d75132d5c3e73,1310,1,33,left-0,left,left-dark,light-up,fewer-up,dual,18:07.4
663a5fd6be8d75132d5c3e73,1338,1,34,left-9,right,left-dark,dark-up,fewer-up,dual,18:10.0
663a5fd6be8d75132d5c3e73,625,0,35,left-0,left,left-dark,light-up,greater-up,dual,18:11.8
663a5fd6be8d75132d5c3e73,NULL,0,36,right-1,none,right-dark,light-up,greater-up,dual,18:14.5
663a5fd6be8d75132d5c3e73,1389,1,37,right-1,right,right-dark,light-up,fewer-up,dual,18:17.8
663a5fd6be8d75132d5c3e73,933,0,38,right-9,right,right-dark,dark-up,fewer-up,dual,18:20.1
663a5fd6be8d75132d5c3e73,865,1,39,left-5,left,left-dark,light-up,fewer-up,dual,18:22.0
663a5fd6be8d75132d5c3e73,1406,1,40,left-4,left,left-dark,dark-up,greater-up,dual,18:56.3
663a5fd6be8d75132d5c3e73,1654,1,41,right-8,left,right-dark,dark-up,fewer-up,dual,18:58.9
663a5fd6be8d75132d5c3e73,1042,0,42,left-8,right,left-dark,light-up,fewer-up,dual,19:01.2
663a5fd6be8d75132d5c3e73,NULL,0,43,right-0,none,right-dark,dark-up,fewer-up,dual,19:03.5
663a5fd6be8d75132d5c3e73,1284,0,44,right-0,right,right-dark,light-up,greater-up,dual,19:06.7
663a5fd6be8d75132d5c3e73,719,1,45,left-7,left,left-dark,dark-up,greater-up,dual,19:08.7
663a5fd6be8d75132d5c3e73,646,0,46,right-6,right,right-dark,dark-up,fewer-up,dual,19:10.9
663a5fd6be8d75132d5c3e73,1399,1,47,left-4,right,left-dark,light-up,greater-up,dual,19:13.7
663a5fd6be8d75132d5c3e73,1498,1,48,right-2,right,right-dark,light-up,fewer-up,dual,19:16.7
663a5fd6be8d75132d5c3e73,1409,1,49,right-7,left,right-dark,dark-up,fewer-up,dual,19:19.4
663a5fd6be8d75132d5c3e73,1005,1,50,right-8,right,right-dark,light-up,fewer-up,dual,19:21.7
663a5fd6be8d75132d5c3e73,1529,1,51,right-7,left,right-dark,light-up,greater-up,dual,19:24.4
663a5fd6be8d75132d5c3e73,1349,1,52,left-2,left,left-dark,dark-up,greater-up,dual,19:27.0
663a5fd6be8d75132d5c3e73,1600,0,53,left-1,left,left-dark,dark-up,fewer-up,dual,19:30.1
663a5fd6be8d75132d5c3e73,NULL,0,54,right-2,none,right-dark,dark-up,fewer-up,dual,19:32.4
663a5fd6be8d75132d5c3e73,1729,0,55,right-3,left,right-dark,light-up,fewer-up,dual,19:36.2
663a5fd6be8d75132d5c3e73,1262,1,56,right-4,left,right-dark,dark-up,fewer-up,dual,19:38.6
663a5fd6be8d75132d5c3e73,1553,1,57,right-5,left,right-dark,light-up,greater-up,dual,19:41.7
663a5fd6be8d75132d5c3e73,NULL,0,58,right-5,none,right-dark,dark-up,fewer-up,dual,19:44.5
663a5fd6be8d75132d5c3e73,NULL,0,59,left-7,none,left-dark,dark-up,fewer-up,dual,19:47.7
663a5fd6be8d75132d5c3e73,1636,0,60,left-7,left,left-dark,light-up,greater-up,dual,19:55.8
663a5fd6be8d75132d5c3e73,1334,1,61,right-3,right,right-dark,dark-up,greater-up,dual,19:58.3
663a5fd6be8d75132d5c3e73,1667,0,62,left-2,left,left-dark,dark-up,fewer-up,dual,20:01.1
663a5fd6be8d75132d5c3e73,1016,1,63,left-0,left,left-dark,dark-up,greater-up,dual,20:03.4
663a5fd6be8d75132d5c3e73,1488,1,64,left-5,left,left-dark,dark-up,greater-up,dual,20:06.4
663a5fd6be8d75132d5c3e73,1052,1,65,right-2,right,right-dark,dark-up,greater-up,dual,20:08.6
663a5fd6be8d75132d5c3e73,1169,1,66,left-1,right,left-dark,light-up,greater-up,dual,20:11.2
663a5fd6be8d75132d5c3e73,1209,0,67,left-6,right,left-dark,light-up,fewer-up,dual,20:13.9
663a5fd6be8d75132d5c3e73,1580,1,68,right-1,left,right-dark,dark-up,fewer-up,dual,20:16.9
663a5fd6be8d75132d5c3e73,1270,1,69,left-6,right,left-dark,dark-up,fewer-up,dual,20:19.4
663a5fd6be8d75132d5c3e73,1545,0,70,right-7,left,right-dark,light-up,fewer-up,dual,20:22.4
663a5fd6be8d75132d5c3e73,1549,0,71,left-9,right,left-dark,light-up,fewer-up,dual,20:25.4
663a5fd6be8d75132d5c3e73,1543,1,72,right-6,right,right-dark,light-up,fewer-up,dual,20:28.0
663a5fd6be8d75132d5c3e73,1158,1,73,right-9,right,right-dark,dark-up,greater-up,dual,20:30.4
663a5fd6be8d75132d5c3e73,1697,1,74,left-9,left,left-dark,dark-up,greater-up,dual,20:33.3
663a5fd6be8d75132d5c3e73,1159,1,75,left-6,left,left-dark,dark-up,greater-up,dual,20:35.8
663a5fd6be8d75132d5c3e73,1177,1,76,left-5,right,left-dark,light-up,greater-up,dual,20:38.2
663a5fd6be8d75132d5c3e73,1184,1,77,right-5,right,right-dark,dark-up,greater-up,dual,20:40.8
663a5fd6be8d75132d5c3e73,948,0,78,right-9,left,right-dark,light-up,fewer-up,dual,20:43.2
663a5fd6be8d75132d5c3e73,1409,1,79,left-8,right,left-dark,dark-up,fewer-up,dual,20:45.8
5f4a4da1575d605c43bef871,1309,1,0,left-4,right,left-dark,light-up,greater-up,dual,56:17.0
5f4a4da1575d605c43bef871,958,1,1,right-3,right,right-dark,light-up,fewer-up,dual,56:19.6
5f4a4da1575d605c43bef871,1278,1,2,right-1,right,right-dark,light-up,fewer-up,dual,56:21.9
5f4a4da1575d605c43bef871,NULL,0,3,right-2,none,right-dark,light-up,greater-up,dual,56:24.6
5f4a4da1575d605c43bef871,954,1,4,right-1,right,right-dark,dark-up,greater-up,dual,56:27.4
5f4a4da1575d605c43bef871,874,1,5,right-1,left,right-dark,light-up,greater-up,dual,56:29.7
5f4a4da1575d605c43bef871,1187,0,6,left-7,right,left-dark,dark-up,greater-up,dual,56:32.0
5f4a4da1575d605c43bef871,1008,1,7,left-4,left,left-dark,dark-up,greater-up,dual,56:34.5
5f4a4da1575d605c43bef871,1058,1,8,right-6,right,right-dark,dark-up,greater-up,dual,56:36.8
5f4a4da1575d605c43bef871,910,1,9,right-6,left,right-dark,light-up,greater-up,dual,56:39.1
5f4a4da1575d605c43bef871,1026,1,10,left-6,right,left-dark,light-up,greater-up,dual,56:41.3
5f4a4da1575d605c43bef871,1285,0,11,right-9,left,right-dark,dark-up,greater-up,dual,56:43.9
5f4a4da1575d605c43bef871,1186,1,12,left-6,left,left-dark,dark-up,greater-up,dual,56:46.3
5f4a4da1575d605c43bef871,919,1,13,right-7,right,right-dark,dark-up,greater-up,dual,56:48.5
5f4a4da1575d605c43bef871,849,1,14,left-8,left,left-dark,dark-up,greater-up,dual,56:51.0
5f4a4da1575d605c43bef871,1297,1,15,left-9,right,left-dark,dark-up,fewer-up,dual,56:53.7
5f4a4da1575d605c43bef871,1224,1,16,left-2,right,left-dark,light-up,greater-up,dual,56:56.1
5f4a4da1575d605c43bef871,1445,0,17,left-4,right,left-dark,light-up,fewer-up,dual,56:58.7
5f4a4da1575d605c43bef871,903,1,18,left-6,left,left-dark,light-up,fewer-up,dual,57:00.9
5f4a4da1575d605c43bef871,1109,1,19,right-0,right,right-dark,dark-up,greater-up,dual,57:03.1
5f4a4da1575d605c43bef871,NULL,0,20,right-8,none,right-dark,dark-up,greater-up,dual,57:21.8
5f4a4da1575d605c43bef871,1633,0,21,right-9,right,right-dark,dark-up,fewer-up,dual,57:25.4
5f4a4da1575d605c43bef871,1444,1,22,right-3,right,right-dark,dark-up,greater-up,dual,57:28.3
5f4a4da1575d605c43bef871,967,1,23,right-1,left,right-dark,dark-up,fewer-up,dual,57:30.4
5f4a4da1575d605c43bef871,1210,1,24,left-5,left,left-dark,light-up,fewer-up,dual,57:33.1
5f4a4da1575d605c43bef871,1522,0,25,left-2,right,left-dark,dark-up,greater-up,dual,57:36.1
5f4a4da1575d605c43bef871,NULL,0,26,left-7,none,left-dark,light-up,greater-up,dual,57:38.5
5f4a4da1575d605c43bef871,1235,1,27,left-9,left,left-dark,dark-up,greater-up,dual,57:41.7
5f4a4da1575d605c43bef871,1230,1,28,left-1,right,left-dark,light-up,greater-up,dual,57:44.3
5f4a4da1575d605c43bef871,1148,0,29,left-7,left,left-dark,dark-up,fewer-up,dual,57:46.6
5f4a4da1575d605c43bef871,NULL,0,30,right-7,none,right-dark,light-up,greater-up,dual,57:48.9
5f4a4da1575d605c43bef871,1569,1,31,right-6,right,right-dark,light-up,fewer-up,dual,57:52.0
5f4a4da1575d605c43bef871,1353,1,32,right-7,right,right-dark,light-up,fewer-up,dual,57:54.5
5f4a4da1575d605c43bef871,1302,1,33,left-8,right,left-dark,light-up,greater-up,dual,57:57.2
5f4a4da1575d605c43bef871,1343,1,34,left-3,left,left-dark,dark-up,greater-up,dual,58:00.0
5f4a4da1575d605c43bef871,1397,1,35,left-0,right,left-dark,light-up,greater-up,dual,58:02.5
5f4a4da1575d605c43bef871,1548,1,36,left-2,left,left-dark,light-up,fewer-up,dual,58:05.3
5f4a4da1575d605c43bef871,1554,1,37,right-2,right,right-dark,dark-up,greater-up,dual,58:08.3
5f4a4da1575d605c43bef871,1366,1,38,right-3,left,right-dark,dark-up,fewer-up,dual,58:10.7
5f4a4da1575d605c43bef871,1051,1,39,right-5,left,right-dark,light-up,greater-up,dual,58:13.3
5f4a4da1575d605c43bef871,1059,1,40,left-5,right,left-dark,light-up,greater-up,dual,58:20.9
5f4a4da1575d605c43bef871,910,1,41,right-8,left,right-dark,light-up,greater-up,dual,58:23.1
5f4a4da1575d605c43bef871,1049,1,42,right-0,right,right-dark,light-up,fewer-up,dual,58:25.5
5f4a4da1575d605c43bef871,922,0,43,left-5,left,left-dark,dark-up,fewer-up,dual,58:27.9
5f4a4da1575d605c43bef871,1428,1,44,left-5,left,left-dark,dark-up,greater-up,dual,58:30.5
5f4a4da1575d605c43bef871,1047,1,45,right-2,right,right-dark,light-up,fewer-up,dual,58:32.9
5f4a4da1575d605c43bef871,1095,1,46,left-7,left,left-dark,light-up,fewer-up,dual,58:35.3
5f4a4da1575d605c43bef871,1062,1,47,left-1,left,left-dark,light-up,fewer-up,dual,58:37.5
5f4a4da1575d605c43bef871,1237,0,48,right-3,right,right-dark,light-up,greater-up,dual,58:40.1
5f4a4da1575d605c43bef871,964,1,49,right-0,left,right-dark,dark-up,fewer-up,dual,58:42.6
5f4a4da1575d605c43bef871,1176,1,50,left-8,left,left-dark,light-up,fewer-up,dual,58:45.2
5f4a4da1575d605c43bef871,1099,1,51,right-4,left,right-dark,dark-up,fewer-up,dual,58:47.7
5f4a4da1575d605c43bef871,848,1,52,right-2,left,right-dark,dark-up,fewer-up,dual,58:50.1
5f4a4da1575d605c43bef871,971,0,53,left-9,right,left-dark,light-up,fewer-up,dual,58:52.7
5f4a4da1575d605c43bef871,1525,1,54,right-7,left,right-dark,dark-up,fewer-up,dual,58:55.4
5f4a4da1575d605c43bef871,1404,1,55,left-2,right,left-dark,dark-up,fewer-up,dual,58:57.9
5f4a4da1575d605c43bef871,1190,1,56,right-4,right,right-dark,dark-up,greater-up,dual,59:00.4
5f4a4da1575d605c43bef871,785,0,57,right-9,right,right-dark,light-up,greater-up,dual,59:02.4
5f4a4da1575d605c43bef871,1480,1,58,left-0,right,left-dark,dark-up,fewer-up,dual,59:05.5
5f4a4da1575d605c43bef871,1184,1,59,left-6,right,left-dark,dark-up,fewer-up,dual,59:07.9
5f4a4da1575d605c43bef871,NULL,0,60,left-3,none,left-dark,light-up,greater-up,dual,59:30.4
5f4a4da1575d605c43bef871,NULL,0,61,left-9,none,left-dark,light-up,greater-up,dual,59:33.5
5f4a4da1575d605c43bef871,1047,0,62,right-6,right,right-dark,dark-up,fewer-up,dual,59:36.4
5f4a4da1575d605c43bef871,1552,1,63,right-4,right,right-dark,light-up,fewer-up,dual,59:39.0
5f4a4da1575d605c43bef871,1087,0,64,left-1,left,left-dark,dark-up,fewer-up,dual,59:41.2
5f4a4da1575d605c43bef871,1235,0,65,right-5,right,right-dark,dark-up,fewer-up,dual,59:43.8
5f4a4da1575d605c43bef871,1235,1,66,left-4,right,left-dark,dark-up,fewer-up,dual,59:46.7
5f4a4da1575d605c43bef871,1319,0,67,right-0,right,right-dark,light-up,greater-up,dual,59:49.1
5f4a4da1575d605c43bef871,NULL,0,68,left-1,none,left-dark,dark-up,greater-up,dual,59:51.7
5f4a4da1575d605c43bef871,777,1,69,right-9,right,right-dark,light-up,fewer-up,dual,59:54.1
5f4a4da1575d605c43bef871,1417,1,70,right-8,right,right-dark,light-up,fewer-up,dual,59:56.7
5f4a4da1575d605c43bef871,1034,1,71,right-5,right,right-dark,light-up,fewer-up,dual,59:58.9
5f4a4da1575d605c43bef871,1086,1,72,right-4,left,right-dark,light-up,greater-up,dual,00:01.5
5f4a4da1575d605c43bef871,791,0,73,left-3,right,left-dark,light-up,fewer-up,dual,00:03.6
5f4a4da1575d605c43bef871,1405,1,74,right-5,right,right-dark,dark-up,greater-up,dual,00:06.5
5f4a4da1575d605c43bef871,1638,0,75,left-0,right,left-dark,dark-up,greater-up,dual,00:09.6
5f4a4da1575d605c43bef871,1134,0,76,right-8,right,right-dark,dark-up,fewer-up,dual,00:12.1
5f4a4da1575d605c43bef871,1489,0,77,left-3,left,left-dark,dark-up,fewer-up,dual,00:14.8
5f4a4da1575d605c43bef871,1332,0,78,left-0,right,left-dark,light-up,fewer-up,dual,00:17.5
5f4a4da1575d605c43bef871,NULL,0,79,left-8,none,left-dark,dark-up,fewer-up,dual,00:19.9
69a5e6f586d61f0e699b64b5,1450,1,0,right-5,right,right-dark,light-up,fewer-up,dual,02:00.4
69a5e6f586d61f0e699b64b5,1574,0,1,left-1,left,left-dark,light-up,greater-up,dual,02:03.5
69a5e6f586d61f0e699b64b5,NULL,0,2,left-5,none,left-dark,dark-up,fewer-up,dual,02:06.0
69a5e6f586d61f0e699b64b5,1544,1,3,left-9,left,left-dark,light-up,fewer-up,dual,02:09.2
69a5e6f586d61f0e699b64b5,1297,1,4,left-0,left,left-dark,light-up,fewer-up,dual,02:11.5
69a5e6f586d61f0e699b64b5,NULL,0,5,left-2,none,left-dark,dark-up,fewer-up,dual,02:14.3
69a5e6f586d61f0e699b64b5,1042,0,6,right-5,right,right-dark,light-up,greater-up,dual,02:17.1
69a5e6f586d61f0e699b64b5,1616,1,7,left-6,right,left-dark,light-up,greater-up,dual,02:20.1
69a5e6f586d61f0e699b64b5,1701,0,8,left-5,right,left-dark,light-up,fewer-up,dual,02:23.2
69a5e6f586d61f0e699b64b5,925,1,9,right-1,right,right-dark,light-up,fewer-up,dual,02:25.4
69a5e6f586d61f0e699b64b5,1644,1,10,left-3,right,left-dark,light-up,greater-up,dual,02:28.5
69a5e6f586d61f0e699b64b5,1232,1,11,left-4,left,left-dark,light-up,fewer-up,dual,02:31.0
69a5e6f586d61f0e699b64b5,NULL,0,12,right-4,none,right-dark,dark-up,greater-up,dual,02:33.7
69a5e6f586d61f0e699b64b5,1215,0,13,right-2,right,right-dark,light-up,greater-up,dual,02:36.7
69a5e6f586d61f0e699b64b5,1262,1,14,right-9,right,right-dark,dark-up,greater-up,dual,02:39.4
69a5e6f586d61f0e699b64b5,1284,1,15,right-9,left,right-dark,dark-up,fewer-up,dual,02:42.2
69a5e6f586d61f0e699b64b5,1710,1,16,right-1,right,right-dark,dark-up,greater-up,dual,02:45.2
69a5e6f586d61f0e699b64b5,1663,1,17,right-0,left,right-dark,light-up,greater-up,dual,02:48.2
69a5e6f586d61f0e699b64b5,1202,1,18,left-3,left,left-dark,light-up,fewer-up,dual,02:50.7
69a5e6f586d61f0e699b64b5,1504,0,19,right-6,right,right-dark,dark-up,fewer-up,dual,02:53.6
69a5e6f586d61f0e699b64b5,1478,1,20,left-2,left,left-dark,dark-up,greater-up,dual,03:13.6
69a5e6f586d61f0e699b64b5,NULL,0,21,left-3,none,left-dark,dark-up,fewer-up,dual,03:16.1
69a5e6f586d61f0e699b64b5,994,1,22,right-5,right,right-dark,dark-up,greater-up,dual,03:18.7
69a5e6f586d61f0e699b64b5,976,1,23,right-9,right,right-dark,light-up,fewer-up,dual,03:20.7
69a5e6f586d61f0e699b64b5,1228,1,24,right-1,left,right-dark,light-up,greater-up,dual,03:23.0
69a5e6f586d61f0e699b64b5,1419,1,25,left-1,left,left-dark,light-up,fewer-up,dual,03:25.7
69a5e6f586d61f0e699b64b5,1198,1,26,left-1,right,left-dark,dark-up,fewer-up,dual,03:28.3
69a5e6f586d61f0e699b64b5,993,1,27,left-3,left,left-dark,dark-up,greater-up,dual,03:30.5
69a5e6f586d61f0e699b64b5,1269,1,28,left-7,right,left-dark,dark-up,fewer-up,dual,03:32.9
69a5e6f586d61f0e699b64b5,1005,1,29,left-4,right,left-dark,dark-up,fewer-up,dual,03:35.1
69a5e6f586d61f0e699b64b5,1345,1,30,right-3,right,right-dark,light-up,fewer-up,dual,03:37.9
69a5e6f586d61f0e699b64b5,1429,1,31,right-0,right,right-dark,light-up,fewer-up,dual,03:40.7
69a5e6f586d61f0e699b64b5,1385,1,32,left-6,right,left-dark,dark-up,fewer-up,dual,03:43.3
69a5e6f586d61f0e699b64b5,1142,1,33,left-6,left,left-dark,light-up,fewer-up,dual,03:45.7
69a5e6f586d61f0e699b64b5,1259,1,34,right-6,right,right-dark,light-up,fewer-up,dual,03:47.9
69a5e6f586d61f0e699b64b5,1166,1,35,left-9,right,left-dark,light-up,greater-up,dual,03:50.4
69a5e6f586d61f0e699b64b5,1157,1,36,right-2,left,right-dark,dark-up,fewer-up,dual,03:52.8
69a5e6f586d61f0e699b64b5,1660,1,37,left-0,left,left-dark,dark-up,greater-up,dual,03:55.5
69a5e6f586d61f0e699b64b5,1120,1,38,right-5,left,right-dark,dark-up,fewer-up,dual,03:58.0
69a5e6f586d61f0e699b64b5,1518,0,39,left-2,left,left-dark,light-up,greater-up,dual,04:01.0
69a5e6f586d61f0e699b64b5,1236,1,40,left-8,right,left-dark,dark-up,fewer-up,dual,04:41.7
69a5e6f586d61f0e699b64b5,1047,1,41,left-6,left,left-dark,dark-up,greater-up,dual,04:44.1
69a5e6f586d61f0e699b64b5,1220,1,42,right-2,right,right-dark,light-up,fewer-up,dual,04:46.5
69a5e6f586d61f0e699b64b5,1379,1,43,right-4,right,right-dark,light-up,fewer-up,dual,04:49.3
69a5e6f586d61f0e699b64b5,1275,1,44,right-7,right,right-dark,dark-up,greater-up,dual,04:51.8
69a5e6f586d61f0e699b64b5,1206,1,45,right-2,right,right-dark,dark-up,greater-up,dual,04:54.4
69a5e6f586d61f0e699b64b5,1520,0,46,left-0,left,left-dark,light-up,greater-up,dual,04:57.0
69a5e6f586d61f0e699b64b5,1072,1,47,right-3,left,right-dark,light-up,greater-up,dual,04:59.4
69a5e6f586d61f0e699b64b5,930,1,48,right-0,right,right-dark,dark-up,greater-up,dual,05:01.8
69a5e6f586d61f0e699b64b5,1241,0,49,right-7,right,right-dark,light-up,greater-up,dual,05:04.5
69a5e6f586d61f0e699b64b5,1003,1,50,left-8,right,left-dark,light-up,greater-up,dual,05:07.0
69a5e6f586d61f0e699b64b5,996,1,51,left-5,left,left-dark,dark-up,greater-up,dual,05:09.2
69a5e6f586d61f0e699b64b5,877,1,52,right-8,right,right-dark,dark-up,greater-up,dual,05:11.4
69a5e6f586d61f0e699b64b5,959,1,53,right-8,right,right-dark,light-up,fewer-up,dual,05:13.5
69a5e6f586d61f0e699b64b5,949,1,54,left-4,left,left-dark,dark-up,greater-up,dual,05:15.6
69a5e6f586d61f0e699b64b5,1305,1,55,right-4,left,right-dark,dark-up,fewer-up,dual,05:18.0
69a5e6f586d61f0e699b64b5,1442,1,56,left-5,right,left-dark,light-up,greater-up,dual,05:20.7
69a5e6f586d61f0e699b64b5,1471,1,57,right-3,left,right-dark,dark-up,fewer-up,dual,05:23.4
69a5e6f586d61f0e699b64b5,1243,1,58,left-7,left,left-dark,dark-up,greater-up,dual,05:25.7
69a5e6f586d61f0e699b64b5,1524,1,59,left-7,right,left-dark,light-up,greater-up,dual,05:28.7
69a5e6f586d61f0e699b64b5,1092,1,60,left-2,left,left-dark,light-up,fewer-up,dual,05:39.2
69a5e6f586d61f0e699b64b5,1310,1,61,right-9,left,right-dark,light-up,greater-up,dual,05:41.7
69a5e6f586d61f0e699b64b5,933,1,62,left-1,left,left-dark,dark-up,greater-up,dual,05:44.1
69a5e6f586d61f0e699b64b5,952,1,63,left-9,left,left-dark,dark-up,greater-up,dual,05:46.4
69a5e6f586d61f0e699b64b5,1184,0,64,right-8,right,right-dark,light-up,greater-up,dual,05:48.6
69a5e6f586d61f0e699b64b5,NULL,0,65,left-9,none,left-dark,dark-up,fewer-up,dual,05:51.0
69a5e6f586d61f0e699b64b5,839,1,66,left-7,left,left-dark,light-up,fewer-up,dual,05:53.5
69a5e6f586d61f0e699b64b5,1185,1,67,right-7,left,right-dark,dark-up,fewer-up,dual,05:56.1
69a5e6f586d61f0e699b64b5,1379,1,68,right-0,left,right-dark,dark-up,fewer-up,dual,05:58.7
69a5e6f586d61f0e699b64b5,1261,1,69,right-8,left,right-dark,dark-up,fewer-up,dual,06:01.2
69a5e6f586d61f0e699b64b5,1661,1,70,right-3,right,right-dark,dark-up,greater-up,dual,06:03.8
69a5e6f586d61f0e699b64b5,1152,1,71,left-0,right,left-dark,dark-up,fewer-up,dual,06:06.1
69a5e6f586d61f0e699b64b5,NULL,0,72,right-6,none,right-dark,light-up,greater-up,dual,06:08.7
69a5e6f586d61f0e699b64b5,849,1,73,left-8,left,left-dark,light-up,fewer-up,dual,06:11.2
69a5e6f586d61f0e699b64b5,1007,1,74,right-7,right,right-dark,light-up,fewer-up,dual,06:13.6
69a5e6f586d61f0e699b64b5,1389,1,75,left-4,right,left-dark,light-up,greater-up,dual,06:16.5
69a5e6f586d61f0e699b64b5,982,1,76,left-8,left,left-dark,dark-up,greater-up,dual,06:18.5
69a5e6f586d61f0e699b64b5,NULL,0,77,right-1,none,right-dark,dark-up,fewer-up,dual,06:20.9
69a5e6f586d61f0e699b64b5,1545,1,78,right-4,left,right-dark,light-up,greater-up,dual,06:24.2
69a5e6f586d61f0e699b64b5,1090,1,79,right-6,right,right-dark,dark-up,greater-up,dual,06:26.4
699272bdfe904d1053d03405,NULL,0,0,left-1,none,left-dark,dark-up,greater-up,dual,39:00.7
699272bdfe904d1053d03405,NULL,0,1,right-5,none,right-dark,light-up,fewer-up,dual,39:03.5
699272bdfe904d1053d03405,NULL,0,2,left-6,none,left-dark,dark-up,greater-up,dual,39:06.6
699272bdfe904d1053d03405,660,1,3,left-7,left,left-dark,light-up,fewer-up,dual,39:08.9
699272bdfe904d1053d03405,1208,1,4,right-8,right,right-dark,light-up,fewer-up,dual,39:11.3
699272bdfe904d1053d03405,1284,0,5,left-8,left,left-dark,light-up,greater-up,dual,39:13.7
699272bdfe904d1053d03405,884,0,6,left-6,right,left-dark,light-up,fewer-up,dual,39:15.6
699272bdfe904d1053d03405,1671,0,7,right-9,right,right-dark,light-up,greater-up,dual,39:18.5
699272bdfe904d1053d03405,1316,1,8,left-8,left,left-dark,dark-up,greater-up,dual,39:21.4
699272bdfe904d1053d03405,1431,0,9,right-6,right,right-dark,dark-up,fewer-up,dual,39:24.1
699272bdfe904d1053d03405,1212,1,10,right-2,right,right-dark,light-up,fewer-up,dual,39:26.7
699272bdfe904d1053d03405,NULL,0,11,left-7,none,left-dark,dark-up,fewer-up,dual,39:29.3
699272bdfe904d1053d03405,NULL,0,12,left-2,none,left-dark,light-up,fewer-up,dual,39:32.3
699272bdfe904d1053d03405,1105,1,13,left-8,right,left-dark,dark-up,fewer-up,dual,39:35.3
699272bdfe904d1053d03405,NULL,0,14,left-7,none,left-dark,light-up,greater-up,dual,39:37.7
699272bdfe904d1053d03405,702,1,15,left-6,right,left-dark,light-up,greater-up,dual,39:40.1
699272bdfe904d1053d03405,739,1,16,left-3,left,left-dark,light-up,fewer-up,dual,39:42.1
699272bdfe904d1053d03405,1513,1,17,left-2,left,left-dark,dark-up,greater-up,dual,39:44.8
699272bdfe904d1053d03405,1606,1,18,right-6,left,right-dark,light-up,greater-up,dual,39:47.9
699272bdfe904d1053d03405,1060,1,19,left-2,right,left-dark,light-up,greater-up,dual,39:50.0
699272bdfe904d1053d03405,1260,1,20,left-5,left,left-dark,dark-up,greater-up,dual,39:56.6
699272bdfe904d1053d03405,1143,0,21,left-1,left,left-dark,dark-up,fewer-up,dual,39:59.3
699272bdfe904d1053d03405,1300,1,22,right-1,right,right-dark,light-up,fewer-up,dual,40:01.8
699272bdfe904d1053d03405,1515,1,23,right-4,right,right-dark,light-up,fewer-up,dual,40:04.9
699272bdfe904d1053d03405,1072,1,24,right-0,left,right-dark,dark-up,fewer-up,dual,40:07.3
699272bdfe904d1053d03405,1224,1,25,right-0,right,right-dark,light-up,fewer-up,dual,40:09.7
699272bdfe904d1053d03405,1311,1,26,right-1,left,right-dark,dark-up,fewer-up,dual,40:12.2
699272bdfe904d1053d03405,NULL,0,27,right-5,none,right-dark,dark-up,fewer-up,dual,40:14.6
699272bdfe904d1053d03405,1067,1,28,right-7,left,right-dark,dark-up,fewer-up,dual,40:17.4
699272bdfe904d1053d03405,1549,1,29,right-3,right,right-dark,dark-up,greater-up,dual,40:20.2
699272bdfe904d1053d03405,1294,1,30,right-2,left,right-dark,dark-up,fewer-up,dual,40:22.7
699272bdfe904d1053d03405,999,1,31,left-7,left,left-dark,dark-up,greater-up,dual,40:25.1
699272bdfe904d1053d03405,1572,1,32,left-5,right,left-dark,light-up,greater-up,dual,40:28.1
699272bdfe904d1053d03405,NULL,0,33,right-1,none,right-dark,dark-up,greater-up,dual,40:30.8
699272bdfe904d1053d03405,1105,1,34,left-2,right,left-dark,dark-up,fewer-up,dual,40:33.8
699272bdfe904d1053d03405,1048,1,35,left-0,right,left-dark,dark-up,fewer-up,dual,40:36.3
699272bdfe904d1053d03405,NULL,0,36,right-7,none,right-dark,light-up,greater-up,dual,40:38.8
699272bdfe904d1053d03405,1162,1,37,right-8,left,right-dark,light-up,greater-up,dual,40:41.7
699272bdfe904d1053d03405,1156,1,38,right-5,left,right-dark,light-up,greater-up,dual,40:44.0
699272bdfe904d1053d03405,1156,0,39,left-0,left,left-dark,light-up,greater-up,dual,40:46.3
699272bdfe904d1053d03405,1258,1,40,left-9,left,left-dark,dark-up,greater-up,dual,40:55.0
699272bdfe904d1053d03405,1154,1,41,right-9,right,right-dark,light-up,fewer-up,dual,40:57.5
699272bdfe904d1053d03405,922,1,42,left-4,left,left-dark,dark-up,greater-up,dual,40:59.7
699272bdfe904d1053d03405,1706,1,43,left-0,left,left-dark,light-up,fewer-up,dual,41:02.8
699272bdfe904d1053d03405,1087,1,44,left-1,right,left-dark,light-up,greater-up,dual,41:05.1
699272bdfe904d1053d03405,990,1,45,right-9,left,right-dark,dark-up,fewer-up,dual,41:07.5
699272bdfe904d1053d03405,908,1,46,left-9,right,left-dark,dark-up,fewer-up,dual,41:09.6
699272bdfe904d1053d03405,872,1,47,right-3,right,right-dark,light-up,fewer-up,dual,41:12.0
699272bdfe904d1053d03405,1550,1,48,left-6,right,left-dark,dark-up,fewer-up,dual,41:14.7
699272bdfe904d1053d03405,830,0,49,right-1,right,right-dark,light-up,greater-up,dual,41:16.7
699272bdfe904d1053d03405,1130,0,50,right-4,left,right-dark,dark-up,greater-up,dual,41:18.9
699272bdfe904d1053d03405,897,1,51,left-4,right,left-dark,dark-up,fewer-up,dual,41:21.2
699272bdfe904d1053d03405,992,1,52,right-2,right,right-dark,dark-up,greater-up,dual,41:23.5
699272bdfe904d1053d03405,1656,1,53,right-9,right,right-dark,dark-up,greater-up,dual,41:26.4
699272bdfe904d1053d03405,1417,1,54,right-7,right,right-dark,light-up,fewer-up,dual,41:28.9
699272bdfe904d1053d03405,977,1,55,right-2,left,right-dark,light-up,greater-up,dual,41:31.1
699272bdfe904d1053d03405,707,1,56,right-5,right,right-dark,dark-up,greater-up,dual,41:32.9
699272bdfe904d1053d03405,1669,1,57,left-4,left,left-dark,light-up,fewer-up,dual,41:35.7
699272bdfe904d1053d03405,1398,1,58,right-4,left,right-dark,dark-up,fewer-up,dual,41:38.3
699272bdfe904d1053d03405,NULL,0,59,right-8,none,right-dark,dark-up,fewer-up,dual,41:40.7
699272bdfe904d1053d03405,1182,1,60,right-6,right,right-dark,dark-up,greater-up,dual,41:48.6
699272bdfe904d1053d03405,1454,1,61,left-3,left,left-dark,dark-up,greater-up,dual,41:51.6
699272bdfe904d1053d03405,904,0,62,right-4,right,right-dark,light-up,greater-up,dual,41:53.8
699272bdfe904d1053d03405,1124,1,63,right-3,left,right-dark,dark-up,fewer-up,dual,41:56.3
699272bdfe904d1053d03405,833,0,64,left-5,right,left-dark,light-up,fewer-up,dual,41:58.5
699272bdfe904d1053d03405,746,1,65,right-0,right,right-dark,dark-up,greater-up,dual,42:00.6
699272bdfe904d1053d03405,988,0,66,right-6,left,right-dark,light-up,fewer-up,dual,42:03.0
699272bdfe904d1053d03405,1266,1,67,left-4,right,left-dark,light-up,greater-up,dual,42:05.5
699272bdfe904d1053d03405,1437,1,68,left-5,right,left-dark,dark-up,fewer-up,dual,42:08.2
699272bdfe904d1053d03405,1023,1,69,left-9,left,left-dark,light-up,fewer-up,dual,42:10.8
699272bdfe904d1053d03405,1514,1,70,left-9,right,left-dark,light-up,greater-up,dual,42:13.3
699272bdfe904d1053d03405,NULL,0,71,right-3,none,right-dark,light-up,greater-up,dual,42:15.7
699272bdfe904d1053d03405,1265,0,72,left-3,left,left-dark,dark-up,fewer-up,dual,42:18.8
699272bdfe904d1053d03405,1031,1,73,left-0,left,left-dark,dark-up,greater-up,dual,42:20.9
699272bdfe904d1053d03405,929,0,74,right-0,right,right-dark,light-up,greater-up,dual,42:23.0
699272bdfe904d1053d03405,920,1,75,left-1,left,left-dark,light-up,fewer-up,dual,42:25.0
699272bdfe904d1053d03405,1596,1,76,right-7,right,right-dark,dark-up,greater-up,dual,42:27.9
699272bdfe904d1053d03405,1124,1,77,left-8,left,left-dark,light-up,fewer-up,dual,42:30.6
699272bdfe904d1053d03405,998,1,78,left-3,right,left-dark,light-up,greater-up,dual,42:32.6
699272bdfe904d1053d03405,1651,1,79,right-8,right,right-dark,dark-up,greater-up,dual,42:35.5
6933a234773555df88857a03,1442,1,0,right-6,right,right-dark,light-up,fewer-up,dual,42:56.3
6933a234773555df88857a03,951,1,1,right-9,left,right-dark,light-up,greater-up,dual,42:58.4
6933a234773555df88857a03,811,1,2,left-6,left,left-dark,dark-up,greater-up,dual,43:00.9
6933a234773555df88857a03,1268,1,3,left-0,right,left-dark,dark-up,fewer-up,dual,43:03.4
6933a234773555df88857a03,1024,1,4,left-7,left,left-dark,light-up,fewer-up,dual,43:05.9
6933a234773555df88857a03,994,1,5,right-6,right,right-dark,dark-up,greater-up,dual,43:08.3
6933a234773555df88857a03,1027,1,6,left-6,left,left-dark,light-up,fewer-up,dual,43:10.5
6933a234773555df88857a03,978,1,7,left-1,right,left-dark,dark-up,fewer-up,dual,43:13.0
6933a234773555df88857a03,NULL,0,8,right-1,none,right-dark,light-up,greater-up,dual,43:15.7
6933a234773555df88857a03,1278,0,9,left-6,left,left-dark,dark-up,fewer-up,dual,43:18.8
6933a234773555df88857a03,1092,1,10,right-7,left,right-dark,light-up,greater-up,dual,43:21.1
6933a234773555df88857a03,1113,1,11,left-5,right,left-dark,light-up,greater-up,dual,43:23.5
6933a234773555df88857a03,1388,1,12,right-9,left,right-dark,dark-up,fewer-up,dual,43:26.1
6933a234773555df88857a03,1015,1,13,right-8,left,right-dark,light-up,greater-up,dual,43:28.5
6933a234773555df88857a03,748,1,14,right-2,right,right-dark,light-up,fewer-up,dual,43:30.6
6933a234773555df88857a03,1760,0,15,right-3,right,right-dark,dark-up,fewer-up,dual,43:33.5
6933a234773555df88857a03,1493,1,16,left-4,right,left-dark,dark-up,fewer-up,dual,43:36.2
6933a234773555df88857a03,1113,1,17,right-7,left,right-dark,dark-up,fewer-up,dual,43:38.4
6933a234773555df88857a03,1271,1,18,right-9,right,right-dark,dark-up,greater-up,dual,43:40.8
6933a234773555df88857a03,1228,1,19,left-7,right,left-dark,dark-up,fewer-up,dual,43:43.1
6933a234773555df88857a03,1518,1,20,left-2,left,left-dark,light-up,fewer-up,dual,43:51.2
6933a234773555df88857a03,729,1,21,right-8,right,right-dark,dark-up,greater-up,dual,43:53.2
6933a234773555df88857a03,874,1,22,right-0,left,right-dark,dark-up,fewer-up,dual,43:55.2
6933a234773555df88857a03,986,1,23,right-6,left,right-dark,dark-up,fewer-up,dual,43:57.3
6933a234773555df88857a03,1091,1,24,right-2,left,right-dark,light-up,greater-up,dual,43:59.4
6933a234773555df88857a03,726,1,25,left-1,right,left-dark,light-up,greater-up,dual,44:01.2
6933a234773555df88857a03,787,1,26,left-4,left,left-dark,dark-up,greater-up,dual,44:03.3
6933a234773555df88857a03,940,1,27,left-4,left,left-dark,light-up,fewer-up,dual,44:05.4
6933a234773555df88857a03,896,1,28,right-2,left,right-dark,dark-up,fewer-up,dual,44:07.4
6933a234773555df88857a03,1620,1,29,left-9,left,left-dark,dark-up,greater-up,dual,44:10.2
6933a234773555df88857a03,786,1,30,right-0,left,right-dark,light-up,greater-up,dual,44:12.4
6933a234773555df88857a03,811,1,31,right-4,right,right-dark,dark-up,greater-up,dual,44:14.3
6933a234773555df88857a03,909,1,32,right-7,right,right-dark,light-up,fewer-up,dual,44:16.7
6933a234773555df88857a03,870,1,33,left-3,left,left-dark,light-up,fewer-up,dual,44:18.9
6933a234773555df88857a03,1015,1,34,left-7,right,left-dark,light-up,greater-up,dual,44:21.3
6933a234773555df88857a03,683,1,35,left-2,left,left-dark,dark-up,greater-up,dual,44:23.4
6933a234773555df88857a03,955,1,36,right-0,right,right-dark,dark-up,greater-up,dual,44:25.6
6933a234773555df88857a03,875,1,37,right-3,left,right-dark,light-up,greater-up,dual,44:27.5
6933a234773555df88857a03,1109,1,38,right-8,left,right-dark,dark-up,fewer-up,dual,44:29.6
6933a234773555df88857a03,913,1,39,right-6,left,right-dark,light-up,greater-up,dual,44:32.0
6933a234773555df88857a03,984,1,40,right-0,right,right-dark,light-up,fewer-up,dual,44:36.2
6933a234773555df88857a03,699,1,41,left-8,left,left-dark,dark-up,greater-up,dual,44:38.3
6933a234773555df88857a03,1131,1,42,right-1,right,right-dark,dark-up,greater-up,dual,44:40.6
6933a234773555df88857a03,862,1,43,left-3,right,left-dark,light-up,greater-up,dual,44:42.7
6933a234773555df88857a03,866,1,44,left-0,left,left-dark,light-up,fewer-up,dual,44:45.0
6933a234773555df88857a03,973,1,45,left-9,left,left-dark,light-up,fewer-up,dual,44:47.4
6933a234773555df88857a03,684,1,46,left-0,left,left-dark,dark-up,greater-up,dual,44:49.2
6933a234773555df88857a03,1205,1,47,left-3,right,left-dark,dark-up,fewer-up,dual,44:51.6
6933a234773555df88857a03,1082,1,48,left-9,right,left-dark,dark-up,fewer-up,dual,44:53.8
6933a234773555df88857a03,815,1,49,right-5,right,right-dark,light-up,fewer-up,dual,44:56.0
6933a234773555df88857a03,686,1,50,right-7,right,right-dark,dark-up,greater-up,dual,44:58.1
6933a234773555df88857a03,741,1,51,left-6,right,left-dark,light-up,greater-up,dual,45:00.3
69953458bd746094a67ced96,1358,0,0,right-1,left,right-dark,light-up,fewer-up,dual,45:01.4
6933a234773555df88857a03,688,1,52,left-5,left,left-dark,dark-up,greater-up,dual,45:02.6
69953458bd746094a67ced96,645,1,1,left-2,right,left-dark,dark-up,fewer-up,dual,45:03.6
6933a234773555df88857a03,709,1,53,right-2,right,right-dark,dark-up,greater-up,dual,45:04.8
69953458bd746094a67ced96,739,1,2,right-7,right,right-dark,light-up,fewer-up,dual,45:05.6
69953458bd746094a67ced96,1134,0,3,right-0,left,right-dark,dark-up,greater-up,dual,45:07.8
6933a234773555df88857a03,1300,0,54,right-1,left,right-dark,light-up,fewer-up,dual,45:07.5
69953458bd746094a67ced96,675,0,4,left-2,right,left-dark,dark-up,greater-up,dual,45:09.9
6933a234773555df88857a03,779,1,55,left-0,right,left-dark,light-up,greater-up,dual,45:09.4
6933a234773555df88857a03,785,1,56,left-8,right,left-dark,light-up,greater-up,dual,45:11.5
69953458bd746094a67ced96,1221,0,5,left-7,right,left-dark,light-up,fewer-up,dual,45:12.2
6933a234773555df88857a03,806,1,57,right-3,right,right-dark,dark-up,greater-up,dual,45:13.7
69953458bd746094a67ced96,953,1,6,right-9,left,right-dark,light-up,greater-up,dual,45:14.4
69953458bd746094a67ced96,895,1,7,right-7,left,right-dark,light-up,greater-up,dual,45:16.6
6933a234773555df88857a03,1400,1,58,right-8,right,right-dark,light-up,fewer-up,dual,45:16.7
69953458bd746094a67ced96,1336,0,8,left-9,right,left-dark,dark-up,greater-up,dual,45:19.1
6933a234773555df88857a03,894,1,59,left-3,left,left-dark,dark-up,greater-up,dual,45:18.7
69953458bd746094a67ced96,904,0,9,left-2,right,left-dark,light-up,fewer-up,dual,45:21.2
6933a234773555df88857a03,618,0,60,left-4,left,left-dark,light-up,greater-up,dual,45:22.2
69953458bd746094a67ced96,1017,0,10,left-6,right,left-dark,light-up,fewer-up,dual,45:23.5
6933a234773555df88857a03,1261,1,61,right-5,left,right-dark,dark-up,fewer-up,dual,45:24.7
69953458bd746094a67ced96,1525,0,11,right-6,right,right-dark,dark-up,fewer-up,dual,45:26.2
6933a234773555df88857a03,1118,0,62,right-4,right,right-dark,light-up,greater-up,dual,45:27.2
69953458bd746094a67ced96,711,0,12,left-1,left,left-dark,light-up,greater-up,dual,45:28.3
6933a234773555df88857a03,710,1,63,right-5,right,right-dark,dark-up,greater-up,dual,45:29.2
69953458bd746094a67ced96,1640,0,13,right-9,right,right-dark,dark-up,fewer-up,dual,45:31.0
6933a234773555df88857a03,946,1,64,left-8,right,left-dark,dark-up,fewer-up,dual,45:31.6
69953458bd746094a67ced96,923,1,14,left-5,left,left-dark,dark-up,greater-up,dual,45:33.3
6933a234773555df88857a03,1041,1,65,right-5,left,right-dark,light-up,greater-up,dual,45:34.2
69953458bd746094a67ced96,851,1,15,right-4,left,right-dark,dark-up,fewer-up,dual,45:35.3
6933a234773555df88857a03,926,1,66,left-5,left,left-dark,light-up,fewer-up,dual,45:36.6
69953458bd746094a67ced96,NULL,0,16,right-5,none,right-dark,light-up,greater-up,dual,45:37.8
6933a234773555df88857a03,874,1,67,left-2,right,left-dark,light-up,greater-up,dual,45:38.8
69953458bd746094a67ced96,674,0,17,right-2,right,right-dark,dark-up,fewer-up,dual,45:40.4
6933a234773555df88857a03,1393,1,68,left-5,right,left-dark,dark-up,fewer-up,dual,45:41.4
69953458bd746094a67ced96,687,0,18,right-5,left,right-dark,light-up,fewer-up,dual,45:42.2
6933a234773555df88857a03,812,1,69,left-1,left,left-dark,dark-up,greater-up,dual,45:43.6
69953458bd746094a67ced96,864,1,19,right-3,left,right-dark,light-up,greater-up,dual,45:44.5
6933a234773555df88857a03,1308,1,70,right-4,right,right-dark,light-up,fewer-up,dual,45:46.3
6933a234773555df88857a03,777,1,71,left-7,left,left-dark,dark-up,greater-up,dual,45:48.2
69953458bd746094a67ced96,1296,0,20,left-6,left,left-dark,dark-up,fewer-up,dual,45:50.5
6933a234773555df88857a03,877,1,72,left-8,left,left-dark,light-up,fewer-up,dual,45:50.5
69953458bd746094a67ced96,797,0,21,left-1,right,left-dark,dark-up,greater-up,dual,45:52.5
6933a234773555df88857a03,933,1,73,left-1,left,left-dark,light-up,fewer-up,dual,45:53.0
69953458bd746094a67ced96,723,0,22,right-3,left,right-dark,light-up,fewer-up,dual,45:54.6
6933a234773555df88857a03,884,1,74,right-9,right,right-dark,light-up,fewer-up,dual,45:55.1
69953458bd746094a67ced96,985,0,23,left-7,left,left-dark,light-up,greater-up,dual,45:56.7
6933a234773555df88857a03,1669,1,75,right-1,left,right-dark,dark-up,fewer-up,dual,45:58.0
69953458bd746094a67ced96,786,0,24,right-3,left,right-dark,dark-up,greater-up,dual,45:58.5
6933a234773555df88857a03,1507,1,76,left-2,right,left-dark,dark-up,fewer-up,dual,46:00.5
69953458bd746094a67ced96,NULL,0,25,right-0,none,right-dark,light-up,greater-up,dual,46:01.1
6933a234773555df88857a03,916,1,77,right-3,right,right-dark,light-up,fewer-up,dual,46:02.6
69953458bd746094a67ced96,584,1,26,right-2,right,right-dark,light-up,fewer-up,dual,46:03.4
69953458bd746094a67ced96,724,1,27,right-8,right,right-dark,light-up,fewer-up,dual,46:05.3
6933a234773555df88857a03,947,1,78,right-4,left,right-dark,dark-up,fewer-up,dual,46:04.7
69953458bd746094a67ced96,659,0,28,left-4,right,left-dark,light-up,fewer-up,dual,46:07.2
6933a234773555df88857a03,906,1,79,left-9,right,left-dark,light-up,greater-up,dual,46:07.1
69953458bd746094a67ced96,777,1,29,left-6,left,left-dark,dark-up,greater-up,dual,46:09.4
69953458bd746094a67ced96,860,1,30,right-9,right,right-dark,dark-up,greater-up,dual,46:11.3
69953458bd746094a67ced96,975,1,31,left-9,right,left-dark,dark-up,fewer-up,dual,46:13.7
69953458bd746094a67ced96,758,1,32,left-2,right,left-dark,light-up,greater-up,dual,46:15.5
69953458bd746094a67ced96,685,0,33,left-8,left,left-dark,light-up,greater-up,dual,46:17.4
69953458bd746094a67ced96,591,1,34,left-4,right,left-dark,dark-up,fewer-up,dual,46:19.4
69953458bd746094a67ced96,734,0,35,right-4,left,right-dark,light-up,fewer-up,dual,46:21.4
69953458bd746094a67ced96,1009,0,36,left-9,right,left-dark,light-up,fewer-up,dual,46:23.5
69953458bd746094a67ced96,663,0,37,left-3,right,left-dark,light-up,fewer-up,dual,46:25.7
69953458bd746094a67ced96,1567,0,38,left-0,left,left-dark,light-up,greater-up,dual,46:28.5
69953458bd746094a67ced96,847,1,39,right-2,right,right-dark,dark-up,greater-up,dual,46:30.5
69953458bd746094a67ced96,1328,0,40,right-6,left,right-dark,dark-up,greater-up,dual,46:36.0
69953458bd746094a67ced96,744,1,41,left-1,right,left-dark,dark-up,fewer-up,dual,46:38.1
69953458bd746094a67ced96,635,1,42,right-9,right,right-dark,light-up,fewer-up,dual,46:40.2
69953458bd746094a67ced96,701,0,43,right-7,left,right-dark,dark-up,greater-up,dual,46:42.4
69953458bd746094a67ced96,510,1,44,right-5,right,right-dark,dark-up,greater-up,dual,46:44.1
69953458bd746094a67ced96,1357,1,45,right-1,right,right-dark,dark-up,greater-up,dual,46:46.8
69953458bd746094a67ced96,643,1,46,left-3,right,left-dark,dark-up,fewer-up,dual,46:49.0
69953458bd746094a67ced96,620,0,47,right-1,right,right-dark,light-up,greater-up,dual,46:50.9
69953458bd746094a67ced96,498,1,48,left-1,left,left-dark,light-up,fewer-up,dual,46:52.7
69953458bd746094a67ced96,718,0,49,right-6,left,right-dark,light-up,fewer-up,dual,46:54.5
69953458bd746094a67ced96,615,0,50,right-5,right,right-dark,dark-up,fewer-up,dual,46:56.2
69953458bd746094a67ced96,388,1,51,left-8,left,left-dark,dark-up,greater-up,dual,46:57.9
69953458bd746094a67ced96,523,1,52,right-3,left,right-dark,dark-up,fewer-up,dual,46:59.6
69953458bd746094a67ced96,570,0,53,right-8,left,right-dark,dark-up,greater-up,dual,47:01.6
69953458bd746094a67ced96,759,1,54,right-0,right,right-dark,light-up,fewer-up,dual,47:03.7
69953458bd746094a67ced96,1062,1,55,left-4,right,left-dark,light-up,greater-up,dual,47:06.2
69953458bd746094a67ced96,1626,1,56,left-4,left,left-dark,dark-up,greater-up,dual,47:08.9
69953458bd746094a67ced96,509,1,57,left-8,right,left-dark,dark-up,fewer-up,dual,47:10.8
69953458bd746094a67ced96,598,0,58,right-4,right,right-dark,light-up,greater-up,dual,47:12.5
69953458bd746094a67ced96,410,1,59,right-2,left,right-dark,light-up,greater-up,dual,47:14.3
69953458bd746094a67ced96,592,1,60,left-6,right,left-dark,light-up,greater-up,dual,47:18.5
69953458bd746094a67ced96,302,0,61,right-4,left,right-dark,dark-up,greater-up,dual,47:20.2
69953458bd746094a67ced96,415,1,62,left-7,right,left-dark,dark-up,fewer-up,dual,47:21.7
69953458bd746094a67ced96,355,1,63,right-1,left,right-dark,dark-up,fewer-up,dual,47:23.4
69953458bd746094a67ced96,382,0,64,left-7,right,left-dark,dark-up,greater-up,dual,47:25.3
69953458bd746094a67ced96,452,1,65,left-0,left,left-dark,light-up,fewer-up,dual,47:27.2
69953458bd746094a67ced96,305,1,66,left-8,left,left-dark,light-up,fewer-up,dual,47:29.0
69953458bd746094a67ced96,783,0,67,left-5,left,left-dark,dark-up,fewer-up,dual,47:31.3
69953458bd746094a67ced96,1151,0,68,left-3,right,left-dark,dark-up,greater-up,dual,47:33.6
69953458bd746094a67ced96,269,1,69,left-3,right,left-dark,light-up,greater-up,dual,47:35.3
69953458bd746094a67ced96,278,0,70,left-9,left,left-dark,light-up,greater-up,dual,47:36.9
69953458bd746094a67ced96,155,0,71,right-6,right,right-dark,light-up,greater-up,dual,47:38.3
69953458bd746094a67ced96,63,1,72,right-0,left,right-dark,dark-up,fewer-up,dual,47:39.5
69953458bd746094a67ced96,402,0,73,left-0,left,left-dark,dark-up,fewer-up,dual,47:41.1
69953458bd746094a67ced96,331,0,74,left-0,right,left-dark,dark-up,greater-up,dual,47:42.5
69953458bd746094a67ced96,319,1,75,right-8,left,right-dark,dark-up,fewer-up,dual,47:44.3
69953458bd746094a67ced96,421,1,76,right-7,left,right-dark,dark-up,fewer-up,dual,47:45.8
69953458bd746094a67ced96,358,0,77,left-5,left,left-dark,light-up,greater-up,dual,47:47.6
69953458bd746094a67ced96,523,0,78,left-5,right,left-dark,light-up,fewer-up,dual,47:49.6
69953458bd746094a67ced96,785,1,79,right-8,left,right-dark,light-up,greater-up,dual,47:51.6
6942a793a0943732e26bc8a2,644,0,0,left-8,right,left-dark,dark-up,greater-up,dual,51:35.1
6942a793a0943732e26bc8a2,1183,1,1,left-6,left,left-dark,dark-up,greater-up,dual,51:37.8
6942a793a0943732e26bc8a2,1177,0,2,left-9,left,left-dark,light-up,greater-up,dual,51:40.6
6942a793a0943732e26bc8a2,1412,1,3,right-4,right,right-dark,dark-up,greater-up,dual,51:43.2
6942a793a0943732e26bc8a2,801,1,4,left-2,left,left-dark,light-up,fewer-up,dual,51:45.5
6942a793a0943732e26bc8a2,955,1,5,left-2,left,left-dark,dark-up,greater-up,dual,51:47.5
6942a793a0943732e26bc8a2,1381,0,6,left-8,left,left-dark,dark-up,fewer-up,dual,51:50.3
6942a793a0943732e26bc8a2,690,0,7,right-5,right,right-dark,dark-up,fewer-up,dual,51:52.5
6942a793a0943732e26bc8a2,1341,1,8,right-6,right,right-dark,light-up,fewer-up,dual,51:55.3
6942a793a0943732e26bc8a2,1324,0,9,left-1,left,left-dark,light-up,greater-up,dual,51:57.7
6942a793a0943732e26bc8a2,1340,1,10,left-0,left,left-dark,light-up,fewer-up,dual,52:00.6
6942a793a0943732e26bc8a2,1443,1,11,left-2,right,left-dark,dark-up,fewer-up,dual,52:03.4
6942a793a0943732e26bc8a2,1270,1,12,left-7,left,left-dark,dark-up,greater-up,dual,52:06.1
6942a793a0943732e26bc8a2,841,0,13,right-9,right,right-dark,light-up,greater-up,dual,52:08.2
6942a793a0943732e26bc8a2,1101,1,14,right-1,right,right-dark,light-up,fewer-up,dual,52:10.7
6942a793a0943732e26bc8a2,1306,0,15,left-5,left,left-dark,light-up,greater-up,dual,52:13.5
6942a793a0943732e26bc8a2,617,0,16,right-6,right,right-dark,light-up,greater-up,dual,52:15.3
6942a793a0943732e26bc8a2,1024,0,17,left-3,left,left-dark,dark-up,fewer-up,dual,52:17.6
6942a793a0943732e26bc8a2,NULL,0,18,left-1,none,left-dark,light-up,fewer-up,dual,52:20.2
6942a793a0943732e26bc8a2,1402,1,19,left-1,left,left-dark,dark-up,greater-up,dual,52:23.3
6942a793a0943732e26bc8a2,1164,0,20,right-7,right,right-dark,light-up,greater-up,dual,52:32.5
6942a793a0943732e26bc8a2,1321,0,21,right-6,right,right-dark,dark-up,fewer-up,dual,52:35.0
6942a793a0943732e26bc8a2,1433,1,22,left-9,left,left-dark,dark-up,greater-up,dual,52:37.8
6942a793a0943732e26bc8a2,NULL,0,23,left-7,none,left-dark,light-up,fewer-up,dual,52:40.3
6942a793a0943732e26bc8a2,1351,1,24,left-0,left,left-dark,dark-up,greater-up,dual,52:43.4
6942a793a0943732e26bc8a2,786,1,25,right-0,right,right-dark,dark-up,greater-up,dual,52:45.4
6942a793a0943732e26bc8a2,1412,0,26,left-9,left,left-dark,dark-up,fewer-up,dual,52:48.2
6942a793a0943732e26bc8a2,1130,1,27,right-7,right,right-dark,dark-up,greater-up,dual,52:50.7
6942a793a0943732e26bc8a2,1550,0,28,right-1,right,right-dark,dark-up,fewer-up,dual,52:53.6
6942a793a0943732e26bc8a2,1301,0,29,left-8,left,left-dark,light-up,greater-up,dual,52:56.5
6942a793a0943732e26bc8a2,1628,0,30,left-7,left,left-dark,light-up,greater-up,dual,52:59.3
6942a793a0943732e26bc8a2,1243,1,31,left-0,right,left-dark,light-up,greater-up,dual,53:02.0
6942a793a0943732e26bc8a2,1103,1,32,right-0,right,right-dark,light-up,fewer-up,dual,53:04.5
6942a793a0943732e26bc8a2,1511,0,33,right-0,right,right-dark,dark-up,fewer-up,dual,53:07.5
6942a793a0943732e26bc8a2,825,1,34,right-5,right,right-dark,dark-up,greater-up,dual,53:09.9
6942a793a0943732e26bc8a2,1460,0,35,right-9,right,right-dark,dark-up,fewer-up,dual,53:12.6
6942a793a0943732e26bc8a2,1072,1,36,right-9,right,right-dark,light-up,fewer-up,dual,53:14.8
6942a793a0943732e26bc8a2,1148,1,37,left-9,left,left-dark,light-up,fewer-up,dual,53:17.3
6942a793a0943732e26bc8a2,1380,0,38,right-1,right,right-dark,light-up,greater-up,dual,53:19.8
6942a793a0943732e26bc8a2,1210,0,39,left-0,left,left-dark,dark-up,fewer-up,dual,53:22.1
6942a793a0943732e26bc8a2,1319,0,40,right-4,right,right-dark,light-up,greater-up,dual,53:35.9
6942a793a0943732e26bc8a2,1334,1,41,right-9,right,right-dark,dark-up,greater-up,dual,53:38.4
6942a793a0943732e26bc8a2,1421,1,42,right-8,right,right-dark,light-up,fewer-up,dual,53:41.3
6942a793a0943732e26bc8a2,NULL,0,43,right-3,none,right-dark,dark-up,fewer-up,dual,53:43.9
6942a793a0943732e26bc8a2,1265,1,44,right-6,right,right-dark,dark-up,greater-up,dual,53:47.2
6942a793a0943732e26bc8a2,1393,1,45,right-3,right,right-dark,dark-up,greater-up,dual,53:50.1
6942a793a0943732e26bc8a2,1517,0,46,right-5,right,right-dark,light-up,greater-up,dual,53:52.9
6942a793a0943732e26bc8a2,943,1,47,left-4,left,left-dark,light-up,fewer-up,dual,53:55.5
6942a793a0943732e26bc8a2,1244,1,48,right-1,right,right-dark,dark-up,greater-up,dual,53:58.0
6942a793a0943732e26bc8a2,1499,1,49,right-2,left,right-dark,dark-up,fewer-up,dual,54:01.0
6942a793a0943732e26bc8a2,1223,1,50,left-4,left,left-dark,dark-up,greater-up,dual,54:03.6
6942a793a0943732e26bc8a2,1287,1,51,left-3,left,left-dark,dark-up,greater-up,dual,54:06.4
6942a793a0943732e26bc8a2,1601,0,52,left-3,left,left-dark,light-up,greater-up,dual,54:09.1
6942a793a0943732e26bc8a2,862,0,53,right-0,right,right-dark,light-up,greater-up,dual,54:11.0
6942a793a0943732e26bc8a2,897,1,54,left-5,left,left-dark,dark-up,greater-up,dual,54:13.2
6942a793a0943732e26bc8a2,1515,1,55,left-3,left,left-dark,light-up,fewer-up,dual,54:16.2
6942a793a0943732e26bc8a2,789,1,56,right-8,right,right-dark,dark-up,greater-up,dual,54:18.3
6942a793a0943732e26bc8a2,783,1,57,left-5,left,left-dark,light-up,fewer-up,dual,54:20.3
6942a793a0943732e26bc8a2,739,0,58,right-4,right,right-dark,dark-up,fewer-up,dual,54:22.5
6942a793a0943732e26bc8a2,603,1,59,right-7,left,right-dark,dark-up,fewer-up,dual,54:24.4
6942a793a0943732e26bc8a2,NULL,0,60,right-7,none,right-dark,light-up,fewer-up,dual,54:30.9
6942a793a0943732e26bc8a2,871,0,61,left-5,left,left-dark,dark-up,fewer-up,dual,54:33.3
6942a793a0943732e26bc8a2,1233,0,62,left-2,left,left-dark,light-up,greater-up,dual,54:36.0
6942a793a0943732e26bc8a2,642,0,63,left-8,right,left-dark,light-up,fewer-up,dual,54:38.0
6942a793a0943732e26bc8a2,636,1,64,right-4,right,right-dark,light-up,fewer-up,dual,54:40.0
6942a793a0943732e26bc8a2,1130,1,65,right-2,left,right-dark,light-up,greater-up,dual,54:42.2
6942a793a0943732e26bc8a2,1103,0,66,right-3,right,right-dark,light-up,greater-up,dual,54:44.7
6942a793a0943732e26bc8a2,NULL,0,67,right-5,none,right-dark,light-up,fewer-up,dual,54:47.0
6942a793a0943732e26bc8a2,877,1,68,right-2,right,right-dark,dark-up,greater-up,dual,54:49.7
6942a793a0943732e26bc8a2,1107,0,69,left-4,left,left-dark,dark-up,fewer-up,dual,54:52.3
6942a793a0943732e26bc8a2,1500,1,70,right-3,right,right-dark,light-up,fewer-up,dual,54:55.0
6942a793a0943732e26bc8a2,1698,0,71,left-6,left,left-dark,light-up,greater-up,dual,54:58.1
6942a793a0943732e26bc8a2,926,1,72,left-1,right,left-dark,dark-up,fewer-up,dual,55:00.2
6942a793a0943732e26bc8a2,NULL,0,73,left-7,none,left-dark,dark-up,fewer-up,dual,55:02.7
6942a793a0943732e26bc8a2,857,0,74,right-8,right,right-dark,light-up,greater-up,dual,55:05.2
6942a793a0943732e26bc8a2,1074,1,75,left-6,left,left-dark,light-up,fewer-up,dual,55:07.6
6942a793a0943732e26bc8a2,1300,0,76,right-2,left,right-dark,light-up,fewer-up,dual,55:10.4
6942a793a0943732e26bc8a2,941,0,77,right-8,right,right-dark,dark-up,fewer-up,dual,55:12.7
6942a793a0943732e26bc8a2,740,0,78,left-6,left,left-dark,dark-up,fewer-up,dual,55:14.7
6942a793a0943732e26bc8a2,732,1,79,left-4,right,left-dark,light-up,greater-up,dual,55:16.5
655e3d32d5562c5520717cfc,NULL,0,0,right-8,none,right-dark,light-up,fewer-up,dual,05:48.8
655e3d32d5562c5520717cfc,NULL,0,1,left-6,none,left-dark,light-up,fewer-up,dual,05:52.0
655e3d32d5562c5520717cfc,747,1,2,left-7,right,left-dark,dark-up,fewer-up,dual,05:54.8
655e3d32d5562c5520717cfc,903,1,3,left-0,right,left-dark,dark-up,fewer-up,dual,05:57.1
655e3d32d5562c5520717cfc,1423,0,4,right-9,right,right-dark,dark-up,fewer-up,dual,05:59.9
655e3d32d5562c5520717cfc,1286,0,5,right-0,left,right-dark,dark-up,greater-up,dual,06:02.7
655e3d32d5562c5520717cfc,928,0,6,left-0,right,left-dark,light-up,fewer-up,dual,06:04.9
655e3d32d5562c5520717cfc,NULL,0,7,left-2,none,left-dark,light-up,greater-up,dual,06:07.4
655e3d32d5562c5520717cfc,NULL,0,8,left-9,none,left-dark,light-up,fewer-up,dual,06:10.3
655e3d32d5562c5520717cfc,1514,1,9,left-3,right,left-dark,light-up,greater-up,dual,06:13.9
655e3d32d5562c5520717cfc,NULL,0,10,left-1,none,left-dark,light-up,greater-up,dual,06:16.6
655e3d32d5562c5520717cfc,637,0,11,right-1,right,right-dark,light-up,greater-up,dual,06:19.1
655e3d32d5562c5520717cfc,597,1,12,left-3,left,left-dark,dark-up,greater-up,dual,06:21.2
655e3d32d5562c5520717cfc,906,1,13,right-8,right,right-dark,dark-up,greater-up,dual,06:23.5
655e3d32d5562c5520717cfc,1240,1,14,left-9,right,left-dark,light-up,greater-up,dual,06:26.3
655e3d32d5562c5520717cfc,894,0,15,right-8,right,right-dark,dark-up,fewer-up,dual,06:28.5
655e3d32d5562c5520717cfc,NULL,0,16,right-3,none,right-dark,light-up,fewer-up,dual,06:31.1
655e3d32d5562c5520717cfc,NULL,0,17,right-5,none,right-dark,dark-up,fewer-up,dual,06:34.0
655e3d32d5562c5520717cfc,646,0,18,right-7,right,right-dark,dark-up,fewer-up,dual,06:36.3
655e3d32d5562c5520717cfc,928,1,19,left-4,left,left-dark,dark-up,greater-up,dual,06:38.4
655e3d32d5562c5520717cfc,NULL,0,20,left-5,none,left-dark,dark-up,greater-up,dual,07:32.1
655e3d32d5562c5520717cfc,1410,0,21,right-5,right,right-dark,light-up,greater-up,dual,07:35.5
655e3d32d5562c5520717cfc,491,1,22,right-6,left,right-dark,dark-up,fewer-up,dual,07:37.4
655e3d32d5562c5520717cfc,1441,0,23,left-1,right,left-dark,light-up,fewer-up,dual,07:40.1
655e3d32d5562c5520717cfc,1150,1,24,right-9,right,right-dark,dark-up,greater-up,dual,07:42.6
655e3d32d5562c5520717cfc,709,0,25,right-2,left,right-dark,light-up,fewer-up,dual,07:44.8
655e3d32d5562c5520717cfc,1379,0,26,right-6,right,right-dark,light-up,greater-up,dual,07:47.6
655e3d32d5562c5520717cfc,783,1,27,left-4,left,left-dark,light-up,fewer-up,dual,07:49.5
655e3d32d5562c5520717cfc,460,1,28,right-7,left,right-dark,light-up,greater-up,dual,07:51.1
655e3d32d5562c5520717cfc,842,1,29,right-7,right,right-dark,light-up,fewer-up,dual,07:53.4
655e3d32d5562c5520717cfc,430,1,30,left-6,right,left-dark,dark-up,fewer-up,dual,07:55.3
655e3d32d5562c5520717cfc,1479,0,31,left-1,left,left-dark,dark-up,fewer-up,dual,07:58.1
655e3d32d5562c5520717cfc,651,0,32,left-3,right,left-dark,light-up,fewer-up,dual,08:00.0
655e3d32d5562c5520717cfc,1254,1,33,right-3,left,right-dark,dark-up,fewer-up,dual,08:02.3
655e3d32d5562c5520717cfc,554,1,34,right-1,right,right-dark,light-up,fewer-up,dual,08:04.0
655e3d32d5562c5520717cfc,NULL,0,35,left-9,none,left-dark,dark-up,fewer-up,dual,08:06.5
655e3d32d5562c5520717cfc,28,0,36,right-4,right,right-dark,dark-up,fewer-up,dual,08:08.5
655e3d32d5562c5520717cfc,1629,0,37,left-5,right,left-dark,light-up,fewer-up,dual,08:11.6
655e3d32d5562c5520717cfc,307,1,38,right-0,left,right-dark,dark-up,fewer-up,dual,08:13.2
655e3d32d5562c5520717cfc,1051,0,39,left-7,right,left-dark,light-up,fewer-up,dual,08:15.3
655e3d32d5562c5520717cfc,NULL,0,40,left-8,none,left-dark,dark-up,greater-up,dual,11:34.0
655e3d32d5562c5520717cfc,630,1,41,right-4,right,right-dark,dark-up,greater-up,dual,11:36.3
655e3d32d5562c5520717cfc,30,1,42,right-4,right,right-dark,light-up,fewer-up,dual,11:37.7
655e3d32d5562c5520717cfc,439,1,43,left-0,right,left-dark,light-up,greater-up,dual,11:39.7
655e3d32d5562c5520717cfc,968,0,44,right-8,right,right-dark,light-up,greater-up,dual,11:41.8
655e3d32d5562c5520717cfc,373,1,45,left-8,left,left-dark,light-up,fewer-up,dual,11:43.2
655e3d32d5562c5520717cfc,613,1,46,left-7,right,left-dark,light-up,greater-up,dual,11:45.1
655e3d32d5562c5520717cfc,392,1,47,left-2,left,left-dark,light-up,fewer-up,dual,11:46.8
655e3d32d5562c5520717cfc,1508,0,48,left-3,left,left-dark,dark-up,fewer-up,dual,11:49.9
655e3d32d5562c5520717cfc,NULL,0,49,right-5,none,right-dark,dark-up,greater-up,dual,11:52.5
655e3d32d5562c5520717cfc,1401,0,50,left-2,left,left-dark,dark-up,fewer-up,dual,11:55.9
655e3d32d5562c5520717cfc,835,0,51,right-3,right,right-dark,light-up,greater-up,dual,11:58.0
655e3d32d5562c5520717cfc,601,0,52,left-8,left,left-dark,light-up,greater-up,dual,11:59.8
655e3d32d5562c5520717cfc,238,1,53,right-5,right,right-dark,light-up,fewer-up,dual,12:01.1
655e3d32d5562c5520717cfc,465,0,54,right-7,left,right-dark,dark-up,greater-up,dual,12:02.9
655e3d32d5562c5520717cfc,325,1,55,left-5,right,left-dark,dark-up,fewer-up,dual,12:04.5
655e3d32d5562c5520717cfc,511,0,56,left-7,right,left-dark,dark-up,greater-up,dual,12:06.3
655e3d32d5562c5520717cfc,253,1,57,left-9,left,left-dark,dark-up,greater-up,dual,12:07.7
655e3d32d5562c5520717cfc,463,1,58,left-0,left,left-dark,dark-up,greater-up,dual,12:09.4
655e3d32d5562c5520717cfc,1100,1,59,right-9,right,right-dark,light-up,fewer-up,dual,12:11.9
652359572fd30ff57dfea7fb,1314,0,0,right-3,left,right-dark,light-up,fewer-up,dual,12:47.8
652359572fd30ff57dfea7fb,1256,1,1,left-2,left,left-dark,dark-up,greater-up,dual,12:50.2
652359572fd30ff57dfea7fb,1226,1,2,right-0,right,right-dark,dark-up,greater-up,dual,12:52.5
652359572fd30ff57dfea7fb,1686,0,3,right-6,left,right-dark,light-up,fewer-up,dual,12:55.4
652359572fd30ff57dfea7fb,NULL,0,4,left-4,none,left-dark,dark-up,fewer-up,dual,12:58.1
652359572fd30ff57dfea7fb,1570,1,5,left-4,left,left-dark,dark-up,greater-up,dual,13:01.6
652359572fd30ff57dfea7fb,NULL,0,6,left-2,none,left-dark,dark-up,fewer-up,dual,13:04.4
652359572fd30ff57dfea7fb,1747,1,7,left-3,left,left-dark,dark-up,greater-up,dual,13:08.0
652359572fd30ff57dfea7fb,1257,1,8,left-8,right,left-dark,light-up,greater-up,dual,13:10.5
652359572fd30ff57dfea7fb,1691,1,9,left-0,left,left-dark,light-up,fewer-up,dual,13:13.7
652359572fd30ff57dfea7fb,1653,0,10,right-9,right,right-dark,light-up,greater-up,dual,13:16.5
652359572fd30ff57dfea7fb,NULL,0,11,left-2,none,left-dark,light-up,fewer-up,dual,13:19.1
652359572fd30ff57dfea7fb,1281,1,12,right-4,left,right-dark,dark-up,fewer-up,dual,13:22.1
652359572fd30ff57dfea7fb,1480,1,13,left-3,right,left-dark,light-up,greater-up,dual,13:24.9
652359572fd30ff57dfea7fb,876,1,14,right-8,right,right-dark,dark-up,greater-up,dual,13:27.1
655e3d32d5562c5520717cfc,NULL,0,60,left-2,none,left-dark,dark-up,greater-up,dual,13:49.3
652359572fd30ff57dfea7fb,1432,1,15,left-1,right,left-dark,dark-up,fewer-up,dual,13:29.8
655e3d32d5562c5520717cfc,NULL,0,61,right-2,none,right-dark,light-up,greater-up,dual,13:52.4
652359572fd30ff57dfea7fb,1531,1,16,right-5,left,right-dark,light-up,greater-up,dual,13:32.6
655e3d32d5562c5520717cfc,NULL,0,62,right-0,none,right-dark,light-up,fewer-up,dual,13:55.6
652359572fd30ff57dfea7fb,1569,1,17,right-3,left,right-dark,light-up,greater-up,dual,13:35.2
655e3d32d5562c5520717cfc,NULL,0,63,left-5,none,left-dark,light-up,greater-up,dual,13:58.5
652359572fd30ff57dfea7fb,NULL,0,18,right-0,none,right-dark,dark-up,fewer-up,dual,13:37.8
655e3d32d5562c5520717cfc,NULL,0,64,right-6,none,right-dark,light-up,fewer-up,dual,14:01.5
652359572fd30ff57dfea7fb,NULL,0,19,left-6,none,left-dark,dark-up,fewer-up,dual,13:40.7
655e3d32d5562c5520717cfc,NULL,0,65,left-8,none,left-dark,dark-up,fewer-up,dual,14:04.7
655e3d32d5562c5520717cfc,635,1,66,right-4,left,right-dark,light-up,greater-up,dual,14:07.0
655e3d32d5562c5520717cfc,540,1,67,left-4,right,left-dark,dark-up,fewer-up,dual,14:08.9
655e3d32d5562c5520717cfc,230,0,68,right-6,left,right-dark,dark-up,greater-up,dual,14:10.2
655e3d32d5562c5520717cfc,1503,0,69,right-2,right,right-dark,dark-up,fewer-up,dual,14:12.9
652359572fd30ff57dfea7fb,1335,1,20,left-7,left,left-dark,light-up,fewer-up,dual,13:51.3
652359572fd30ff57dfea7fb,1331,1,21,right-2,right,right-dark,dark-up,greater-up,dual,13:53.9
655e3d32d5562c5520717cfc,1465,0,70,left-6,right,left-dark,dark-up,greater-up,dual,14:15.8
655e3d32d5562c5520717cfc,188,0,71,right-0,right,right-dark,light-up,greater-up,dual,14:17.4
652359572fd30ff57dfea7fb,1112,1,22,left-2,right,left-dark,light-up,greater-up,dual,13:56.3
655e3d32d5562c5520717cfc,NULL,0,72,left-6,none,left-dark,light-up,greater-up,dual,14:19.9
652359572fd30ff57dfea7fb,1462,1,23,left-0,left,left-dark,dark-up,greater-up,dual,13:59.1
655e3d32d5562c5520717cfc,292,0,73,right-2,left,right-dark,dark-up,greater-up,dual,14:21.9
652359572fd30ff57dfea7fb,1143,1,24,left-1,right,left-dark,light-up,greater-up,dual,14:01.5
655e3d32d5562c5520717cfc,NULL,0,74,right-9,none,right-dark,light-up,greater-up,dual,14:24.6
652359572fd30ff57dfea7fb,NULL,0,25,left-5,none,left-dark,dark-up,fewer-up,dual,14:03.9
655e3d32d5562c5520717cfc,642,1,75,right-3,right,right-dark,dark-up,greater-up,dual,14:26.7
652359572fd30ff57dfea7fb,NULL,0,26,right-1,none,right-dark,light-up,fewer-up,dual,14:06.9
655e3d32d5562c5520717cfc,886,1,76,right-1,left,right-dark,dark-up,fewer-up,dual,14:28.9
652359572fd30ff57dfea7fb,1155,1,27,right-3,right,right-dark,dark-up,greater-up,dual,14:09.7
655e3d32d5562c5520717cfc,NULL,0,77,right-1,none,right-dark,dark-up,greater-up,dual,14:31.6
652359572fd30ff57dfea7fb,1026,0,28,right-9,left,right-dark,light-up,fewer-up,dual,14:11.8
655e3d32d5562c5520717cfc,429,0,78,left-1,right,left-dark,dark-up,greater-up,dual,14:34.1
655e3d32d5562c5520717cfc,1012,0,79,left-4,left,left-dark,light-up,greater-up,dual,14:36.4
652359572fd30ff57dfea7fb,1434,1,29,right-6,left,right-dark,light-up,greater-up,dual,14:14.8
652359572fd30ff57dfea7fb,1040,1,30,right-8,left,right-dark,light-up,greater-up,dual,14:17.1
652359572fd30ff57dfea7fb,1603,1,31,right-3,left,right-dark,dark-up,fewer-up,dual,14:20.0
652359572fd30ff57dfea7fb,1771,1,32,right-5,left,right-dark,dark-up,fewer-up,dual,14:22.8
652359572fd30ff57dfea7fb,1555,1,33,left-8,left,left-dark,dark-up,greater-up,dual,14:25.9
652359572fd30ff57dfea7fb,1339,1,34,left-9,left,left-dark,light-up,fewer-up,dual,14:28.7
652359572fd30ff57dfea7fb,1314,1,35,left-4,left,left-dark,light-up,fewer-up,dual,14:31.5
652359572fd30ff57dfea7fb,1212,1,36,left-7,right,left-dark,light-up,greater-up,dual,14:34.0
652359572fd30ff57dfea7fb,NULL,0,37,left-6,none,left-dark,light-up,fewer-up,dual,14:36.5
652359572fd30ff57dfea7fb,1221,1,38,left-6,right,left-dark,light-up,greater-up,dual,14:39.3
652359572fd30ff57dfea7fb,1238,1,39,left-7,left,left-dark,dark-up,greater-up,dual,14:41.8
652359572fd30ff57dfea7fb,1222,0,40,right-4,right,right-dark,light-up,greater-up,dual,14:48.7
652359572fd30ff57dfea7fb,1310,1,41,right-1,right,right-dark,dark-up,greater-up,dual,14:51.2
652359572fd30ff57dfea7fb,1265,1,42,right-6,left,right-dark,dark-up,fewer-up,dual,14:53.6
652359572fd30ff57dfea7fb,1262,1,43,left-9,right,left-dark,light-up,greater-up,dual,14:56.3
652359572fd30ff57dfea7fb,1286,1,44,right-5,right,right-dark,light-up,fewer-up,dual,14:58.9
652359572fd30ff57dfea7fb,1513,0,45,right-2,right,right-dark,dark-up,fewer-up,dual,15:01.5
652359572fd30ff57dfea7fb,1708,1,46,right-7,left,right-dark,dark-up,fewer-up,dual,15:04.5
652359572fd30ff57dfea7fb,1358,0,47,left-5,right,left-dark,dark-up,greater-up,dual,15:07.4
652359572fd30ff57dfea7fb,1110,1,48,right-9,right,right-dark,dark-up,greater-up,dual,15:09.6
652359572fd30ff57dfea7fb,1576,1,49,left-5,right,left-dark,light-up,greater-up,dual,15:12.3
652359572fd30ff57dfea7fb,1025,1,50,right-8,left,right-dark,dark-up,fewer-up,dual,15:14.7
652359572fd30ff57dfea7fb,NULL,0,51,right-4,none,right-dark,light-up,fewer-up,dual,15:17.2
652359572fd30ff57dfea7fb,1266,1,52,right-9,left,right-dark,dark-up,fewer-up,dual,15:20.4
652359572fd30ff57dfea7fb,1050,1,53,left-4,right,left-dark,light-up,greater-up,dual,15:23.0
652359572fd30ff57dfea7fb,1105,1,54,left-8,right,left-dark,dark-up,fewer-up,dual,15:25.5
652359572fd30ff57dfea7fb,1035,1,55,left-3,left,left-dark,light-up,fewer-up,dual,15:27.6
652359572fd30ff57dfea7fb,1117,0,56,right-8,left,right-dark,light-up,fewer-up,dual,15:30.2
652359572fd30ff57dfea7fb,1419,1,57,right-0,left,right-dark,light-up,greater-up,dual,15:32.6
652359572fd30ff57dfea7fb,1197,1,58,left-0,right,left-dark,dark-up,fewer-up,dual,15:35.1
652359572fd30ff57dfea7fb,1502,1,59,right-7,right,right-dark,dark-up,greater-up,dual,15:38.0
652359572fd30ff57dfea7fb,1092,1,60,right-1,left,right-dark,dark-up,fewer-up,dual,15:44.2
652359572fd30ff57dfea7fb,1634,1,61,left-7,right,left-dark,dark-up,fewer-up,dual,15:47.1
652359572fd30ff57dfea7fb,981,1,62,right-2,right,right-dark,light-up,fewer-up,dual,15:49.4
652359572fd30ff57dfea7fb,1037,1,63,left-9,left,left-dark,dark-up,greater-up,dual,15:51.9
652359572fd30ff57dfea7fb,940,1,64,left-3,right,left-dark,dark-up,fewer-up,dual,15:54.2
652359572fd30ff57dfea7fb,NULL,0,65,right-1,none,right-dark,light-up,greater-up,dual,15:56.5
652359572fd30ff57dfea7fb,809,1,66,right-5,right,right-dark,dark-up,greater-up,dual,15:59.1
652359572fd30ff57dfea7fb,1408,1,67,right-2,left,right-dark,light-up,greater-up,dual,16:01.6
652359572fd30ff57dfea7fb,1191,1,68,left-1,left,left-dark,light-up,fewer-up,dual,16:03.9
652359572fd30ff57dfea7fb,1559,1,69,left-9,right,left-dark,dark-up,fewer-up,dual,16:06.4
652359572fd30ff57dfea7fb,1513,0,70,left-5,right,left-dark,light-up,fewer-up,dual,16:09.0
652359572fd30ff57dfea7fb,1654,1,71,left-8,left,left-dark,light-up,fewer-up,dual,16:12.2
652359572fd30ff57dfea7fb,1589,1,72,left-0,right,left-dark,light-up,greater-up,dual,16:14.8
652359572fd30ff57dfea7fb,1258,1,73,right-7,left,right-dark,light-up,greater-up,dual,16:17.4
652359572fd30ff57dfea7fb,890,1,74,right-4,right,right-dark,dark-up,greater-up,dual,16:19.7
652359572fd30ff57dfea7fb,1202,1,75,right-7,right,right-dark,light-up,fewer-up,dual,16:22.3
652359572fd30ff57dfea7fb,1033,1,76,right-6,right,right-dark,dark-up,greater-up,dual,16:24.5
652359572fd30ff57dfea7fb,1324,1,77,right-0,right,right-dark,light-up,fewer-up,dual,16:27.3
652359572fd30ff57dfea7fb,1219,0,78,left-1,right,left-dark,dark-up,greater-up,dual,16:30.1
652359572fd30ff57dfea7fb,1096,1,79,left-6,left,left-dark,dark-up,greater-up,dual,16:32.5
6717f0ac88d9f27d9b79af31,1369,1,0,left-5,right,left-dark,dark-up,fewer-up,single,04:49.7
6717f0ac88d9f27d9b79af31,1090,1,1,right-6,right,right-dark,light-up,fewer-up,single,04:52.0
6717f0ac88d9f27d9b79af31,773,1,2,right-6,left,right-dark,light-up,greater-up,single,04:54.1
6717f0ac88d9f27d9b79af31,900,1,3,right-1,right,right-dark,light-up,fewer-up,single,04:56.5
6717f0ac88d9f27d9b79af31,1127,1,4,left-4,right,left-dark,light-up,greater-up,single,04:58.9
6717f0ac88d9f27d9b79af31,934,1,5,right-3,left,right-dark,dark-up,fewer-up,single,05:01.2
6717f0ac88d9f27d9b79af31,676,1,6,right-9,right,right-dark,dark-up,greater-up,single,05:03.1
6717f0ac88d9f27d9b79af31,757,1,7,right-2,right,right-dark,dark-up,greater-up,single,05:05.0
6717f0ac88d9f27d9b79af31,985,1,8,right-2,left,right-dark,dark-up,fewer-up,single,05:07.3
6717f0ac88d9f27d9b79af31,933,1,9,left-0,right,left-dark,dark-up,fewer-up,single,05:09.7
6717f0ac88d9f27d9b79af31,808,1,10,left-8,left,left-dark,dark-up,greater-up,single,05:11.7
6717f0ac88d9f27d9b79af31,695,1,11,right-5,left,right-dark,light-up,greater-up,single,05:13.8
6717f0ac88d9f27d9b79af31,910,1,12,left-3,right,left-dark,light-up,greater-up,single,05:15.9
6717f0ac88d9f27d9b79af31,979,1,13,right-8,left,right-dark,dark-up,fewer-up,single,05:17.9
6717f0ac88d9f27d9b79af31,682,1,14,right-8,right,right-dark,dark-up,greater-up,single,05:19.9
6717f0ac88d9f27d9b79af31,755,1,15,right-1,right,right-dark,dark-up,greater-up,single,05:22.1
6717f0ac88d9f27d9b79af31,855,1,16,left-5,left,left-dark,light-up,fewer-up,single,05:24.4
6717f0ac88d9f27d9b79af31,826,1,17,right-0,right,right-dark,light-up,fewer-up,single,05:26.7
6717f0ac88d9f27d9b79af31,993,1,18,right-3,right,right-dark,dark-up,greater-up,single,05:28.7
6717f0ac88d9f27d9b79af31,1065,1,19,left-7,right,left-dark,dark-up,fewer-up,single,05:31.0
6717f0ac88d9f27d9b79af31,791,1,20,left-1,left,left-dark,dark-up,greater-up,single,05:35.7
6717f0ac88d9f27d9b79af31,872,1,21,left-3,right,left-dark,dark-up,fewer-up,single,05:38.1
6717f0ac88d9f27d9b79af31,951,1,22,right-7,right,right-dark,dark-up,greater-up,single,05:40.2
6717f0ac88d9f27d9b79af31,1109,0,23,left-9,left,left-dark,light-up,greater-up,single,05:42.4
6717f0ac88d9f27d9b79af31,1105,1,24,right-7,left,right-dark,dark-up,fewer-up,single,05:44.7
6717f0ac88d9f27d9b79af31,863,1,25,right-5,right,right-dark,light-up,fewer-up,single,05:46.9
6717f0ac88d9f27d9b79af31,806,1,26,left-5,right,left-dark,light-up,greater-up,single,05:48.8
6717f0ac88d9f27d9b79af31,620,1,27,left-7,right,left-dark,light-up,greater-up,single,05:50.6
6717f0ac88d9f27d9b79af31,691,1,28,left-2,left,left-dark,dark-up,greater-up,single,05:52.4
6717f0ac88d9f27d9b79af31,820,1,29,right-6,left,right-dark,dark-up,fewer-up,single,05:54.6
6717f0ac88d9f27d9b79af31,675,1,30,right-4,right,right-dark,dark-up,greater-up,single,05:56.8
6717f0ac88d9f27d9b79af31,844,1,31,left-4,right,left-dark,dark-up,fewer-up,single,05:58.7
6717f0ac88d9f27d9b79af31,758,1,32,right-7,left,right-dark,light-up,greater-up,single,06:00.6
6717f0ac88d9f27d9b79af31,860,1,33,left-0,left,left-dark,light-up,fewer-up,single,06:02.5
6717f0ac88d9f27d9b79af31,747,1,34,left-7,left,left-dark,dark-up,greater-up,single,06:04.4
6717f0ac88d9f27d9b79af31,819,1,35,right-1,left,right-dark,dark-up,fewer-up,single,06:06.6
6717f0ac88d9f27d9b79af31,912,1,36,left-9,left,left-dark,light-up,fewer-up,single,06:08.9
6717f0ac88d9f27d9b79af31,1107,1,37,left-2,right,left-dark,dark-up,fewer-up,single,06:11.3
6717f0ac88d9f27d9b79af31,942,1,38,left-6,left,left-dark,dark-up,greater-up,single,06:13.9
6717f0ac88d9f27d9b79af31,795,1,39,left-6,right,left-dark,light-up,greater-up,single,06:16.1
6717f0ac88d9f27d9b79af31,869,1,40,left-4,left,left-dark,dark-up,greater-up,single,06:20.5
6717f0ac88d9f27d9b79af31,762,1,41,left-9,left,left-dark,dark-up,greater-up,single,06:22.5
6717f0ac88d9f27d9b79af31,743,1,42,right-2,left,right-dark,light-up,greater-up,single,06:24.5
6717f0ac88d9f27d9b79af31,704,1,43,right-9,left,right-dark,light-up,greater-up,single,06:26.7
6717f0ac88d9f27d9b79af31,1062,1,44,right-0,left,right-dark,light-up,greater-up,single,06:28.9
6717f0ac88d9f27d9b79af31,1167,1,45,left-0,right,left-dark,light-up,greater-up,single,06:31.5
6717f0ac88d9f27d9b79af31,673,1,46,left-5,left,left-dark,dark-up,greater-up,single,06:33.6
6717f0ac88d9f27d9b79af31,859,1,47,right-9,right,right-dark,light-up,fewer-up,single,06:35.5
6717f0ac88d9f27d9b79af31,682,1,48,right-6,right,right-dark,dark-up,greater-up,single,06:37.5
6717f0ac88d9f27d9b79af31,1187,1,49,right-8,left,right-dark,light-up,greater-up,single,06:39.8
6717f0ac88d9f27d9b79af31,667,1,50,right-0,right,right-dark,dark-up,greater-up,single,06:41.7
6717f0ac88d9f27d9b79af31,909,1,51,right-8,right,right-dark,light-up,fewer-up,single,06:43.6
6717f0ac88d9f27d9b79af31,1122,1,52,left-9,right,left-dark,dark-up,fewer-up,single,06:46.2
6717f0ac88d9f27d9b79af31,877,1,53,left-1,right,left-dark,dark-up,fewer-up,single,06:48.3
6717f0ac88d9f27d9b79af31,1049,1,54,right-4,left,right-dark,light-up,greater-up,single,06:50.6
6717f0ac88d9f27d9b79af31,856,1,55,right-0,left,right-dark,dark-up,fewer-up,single,06:52.7
6717f0ac88d9f27d9b79af31,932,1,56,left-8,right,left-dark,dark-up,fewer-up,single,06:55.0
6717f0ac88d9f27d9b79af31,893,1,57,right-5,left,right-dark,dark-up,fewer-up,single,06:57.3
6717f0ac88d9f27d9b79af31,907,1,58,right-1,left,right-dark,light-up,greater-up,single,06:59.4
6717f0ac88d9f27d9b79af31,930,1,59,left-6,left,left-dark,light-up,fewer-up,single,07:01.7
6717f0ac88d9f27d9b79af31,1105,1,60,left-2,right,left-dark,light-up,greater-up,single,07:06.0
6717f0ac88d9f27d9b79af31,1069,1,61,right-7,right,right-dark,light-up,fewer-up,single,07:08.5
6717f0ac88d9f27d9b79af31,1110,1,62,right-4,left,right-dark,dark-up,fewer-up,single,07:10.8
6717f0ac88d9f27d9b79af31,723,1,63,right-3,left,right-dark,light-up,greater-up,single,07:12.9
6717f0ac88d9f27d9b79af31,791,1,64,left-4,left,left-dark,light-up,fewer-up,single,07:15.0
6717f0ac88d9f27d9b79af31,1024,1,65,left-1,left,left-dark,light-up,fewer-up,single,07:17.1
6717f0ac88d9f27d9b79af31,865,1,66,right-9,left,right-dark,dark-up,fewer-up,single,07:19.1
6717f0ac88d9f27d9b79af31,768,1,67,left-2,left,left-dark,light-up,fewer-up,single,07:21.3
6717f0ac88d9f27d9b79af31,807,1,68,right-4,right,right-dark,light-up,fewer-up,single,07:23.3
6717f0ac88d9f27d9b79af31,1090,1,69,left-8,right,left-dark,light-up,greater-up,single,07:25.5
6717f0ac88d9f27d9b79af31,840,1,70,right-3,right,right-dark,light-up,fewer-up,single,07:27.8
6717f0ac88d9f27d9b79af31,763,1,71,right-2,right,right-dark,light-up,fewer-up,single,07:30.0
6717f0ac88d9f27d9b79af31,835,1,72,left-6,right,left-dark,dark-up,fewer-up,single,07:32.2
6717f0ac88d9f27d9b79af31,814,1,73,left-8,left,left-dark,light-up,fewer-up,single,07:34.1
6717f0ac88d9f27d9b79af31,785,1,74,left-7,left,left-dark,light-up,fewer-up,single,07:36.3
6717f0ac88d9f27d9b79af31,839,1,75,left-3,left,left-dark,dark-up,greater-up,single,07:38.3
6717f0ac88d9f27d9b79af31,967,1,76,left-1,right,left-dark,light-up,greater-up,single,07:40.4
6717f0ac88d9f27d9b79af31,704,1,77,right-5,right,right-dark,dark-up,greater-up,single,07:42.5
6717f0ac88d9f27d9b79af31,922,1,78,left-3,left,left-dark,light-up,fewer-up,single,07:44.5
6717f0ac88d9f27d9b79af31,766,1,79,left-0,left,left-dark,dark-up,greater-up,single,07:46.3
60b7a77ccd6f5c19f13e83e6,1215,1,0,left-4,right,left-dark,dark-up,fewer-up,single,25:55.5
60b7a77ccd6f5c19f13e83e6,1412,1,1,left-7,right,left-dark,light-up,greater-up,single,25:58.5
60b7a77ccd6f5c19f13e83e6,NULL,0,2,right-6,none,right-dark,dark-up,fewer-up,single,26:00.9
60b7a77ccd6f5c19f13e83e6,559,0,3,right-0,right,right-dark,light-up,greater-up,single,26:03.5
60b7a77ccd6f5c19f13e83e6,909,1,4,right-8,left,right-dark,light-up,greater-up,single,26:06.0
60b7a77ccd6f5c19f13e83e6,812,0,5,right-2,left,right-dark,dark-up,greater-up,single,26:08.3
60b7a77ccd6f5c19f13e83e6,958,1,6,left-0,right,left-dark,light-up,greater-up,single,26:10.4
60b7a77ccd6f5c19f13e83e6,1015,1,7,left-7,left,left-dark,dark-up,greater-up,single,26:12.7
60b7a77ccd6f5c19f13e83e6,1150,1,8,right-5,left,right-dark,light-up,greater-up,single,26:15.1
60b7a77ccd6f5c19f13e83e6,1073,1,9,left-2,left,left-dark,dark-up,greater-up,single,26:17.6
60b7a77ccd6f5c19f13e83e6,894,1,10,left-7,right,left-dark,dark-up,fewer-up,single,26:20.0
60b7a77ccd6f5c19f13e83e6,990,1,11,right-8,right,right-dark,dark-up,greater-up,single,26:22.4
60b7a77ccd6f5c19f13e83e6,736,1,12,right-7,right,right-dark,dark-up,greater-up,single,26:24.7
60b7a77ccd6f5c19f13e83e6,929,0,13,left-9,left,left-dark,light-up,greater-up,single,26:27.0
60b7a77ccd6f5c19f13e83e6,634,1,14,right-9,right,right-dark,dark-up,greater-up,single,26:29.0
60b7a77ccd6f5c19f13e83e6,1011,1,15,right-2,left,right-dark,dark-up,fewer-up,single,26:31.0
60b7a77ccd6f5c19f13e83e6,920,0,16,right-5,left,right-dark,light-up,fewer-up,single,26:33.2
60b7a77ccd6f5c19f13e83e6,1138,1,17,left-9,left,left-dark,dark-up,greater-up,single,26:35.3
60b7a77ccd6f5c19f13e83e6,813,0,18,left-2,left,left-dark,dark-up,fewer-up,single,26:37.2
60b7a77ccd6f5c19f13e83e6,1247,1,19,right-9,left,right-dark,dark-up,fewer-up,single,26:39.8
60b7a77ccd6f5c19f13e83e6,1012,0,20,left-8,left,left-dark,dark-up,fewer-up,single,26:44.8
60b7a77ccd6f5c19f13e83e6,1001,0,21,right-3,right,right-dark,dark-up,fewer-up,single,26:47.0
60b7a77ccd6f5c19f13e83e6,974,1,22,left-0,left,left-dark,dark-up,greater-up,single,26:49.0
60b7a77ccd6f5c19f13e83e6,903,1,23,left-6,right,left-dark,dark-up,fewer-up,single,26:51.1
60b7a77ccd6f5c19f13e83e6,1072,0,24,left-1,left,left-dark,dark-up,fewer-up,single,26:53.5
60b7a77ccd6f5c19f13e83e6,1253,1,25,left-1,right,left-dark,light-up,greater-up,single,26:55.8
60b7a77ccd6f5c19f13e83e6,949,1,26,left-4,right,left-dark,light-up,greater-up,single,26:58.2
60b7a77ccd6f5c19f13e83e6,1551,1,27,left-2,right,left-dark,light-up,greater-up,single,27:01.0
60b7a77ccd6f5c19f13e83e6,1135,1,28,right-9,left,right-dark,light-up,greater-up,single,27:03.6
60b7a77ccd6f5c19f13e83e6,1124,1,29,left-4,left,left-dark,dark-up,greater-up,single,27:05.8
60b7a77ccd6f5c19f13e83e6,935,1,30,right-5,left,right-dark,dark-up,fewer-up,single,27:08.0
60b7a77ccd6f5c19f13e83e6,1163,1,31,left-5,right,left-dark,light-up,greater-up,single,27:10.3
60b7a77ccd6f5c19f13e83e6,929,1,32,left-3,left,left-dark,dark-up,greater-up,single,27:12.3
60b7a77ccd6f5c19f13e83e6,777,0,33,right-4,right,right-dark,dark-up,fewer-up,single,27:14.3
60b7a77ccd6f5c19f13e83e6,1034,1,34,right-0,right,right-dark,dark-up,greater-up,single,27:16.7
60b7a77ccd6f5c19f13e83e6,964,0,35,right-0,left,right-dark,light-up,fewer-up,single,27:18.8
60b7a77ccd6f5c19f13e83e6,1564,1,36,right-6,right,right-dark,light-up,fewer-up,single,27:21.7
60b7a77ccd6f5c19f13e83e6,1159,0,37,left-6,right,left-dark,dark-up,greater-up,single,27:24.3
60b7a77ccd6f5c19f13e83e6,1046,1,38,left-8,left,left-dark,light-up,fewer-up,single,27:26.7
60b7a77ccd6f5c19f13e83e6,713,1,39,right-1,right,right-dark,dark-up,greater-up,single,27:28.8
60b7a77ccd6f5c19f13e83e6,955,1,40,right-7,left,right-dark,dark-up,fewer-up,single,27:32.9
60b7a77ccd6f5c19f13e83e6,916,1,41,right-0,left,right-dark,dark-up,fewer-up,single,27:34.9
60b7a77ccd6f5c19f13e83e6,1046,0,42,left-5,right,left-dark,light-up,fewer-up,single,27:37.4
60b7a77ccd6f5c19f13e83e6,852,1,43,left-1,left,left-dark,dark-up,greater-up,single,27:39.7
60b7a77ccd6f5c19f13e83e6,697,1,44,left-8,left,left-dark,dark-up,greater-up,single,27:41.9
60b7a77ccd6f5c19f13e83e6,1096,0,45,left-0,left,left-dark,dark-up,fewer-up,single,27:44.0
60b7a77ccd6f5c19f13e83e6,1349,1,46,right-6,left,right-dark,light-up,greater-up,single,27:46.6
60b7a77ccd6f5c19f13e83e6,705,1,47,right-3,right,right-dark,dark-up,greater-up,single,27:48.4
60b7a77ccd6f5c19f13e83e6,1344,1,48,left-9,left,left-dark,light-up,fewer-up,single,27:51.1
60b7a77ccd6f5c19f13e83e6,841,1,49,left-0,left,left-dark,light-up,fewer-up,single,27:53.2
60b7a77ccd6f5c19f13e83e6,744,1,50,right-4,right,right-dark,dark-up,greater-up,single,27:55.3
60b7a77ccd6f5c19f13e83e6,914,1,51,right-1,right,right-dark,light-up,fewer-up,single,27:57.4
60b7a77ccd6f5c19f13e83e6,968,1,52,right-2,left,right-dark,light-up,greater-up,single,27:59.8
60b7a77ccd6f5c19f13e83e6,1338,1,53,right-9,right,right-dark,light-up,fewer-up,single,28:02.3
60b7a77ccd6f5c19f13e83e6,1083,1,54,right-3,left,right-dark,light-up,greater-up,single,28:04.8
60b7a77ccd6f5c19f13e83e6,1152,1,55,left-2,left,left-dark,light-up,fewer-up,single,28:07.4
60b7a77ccd6f5c19f13e83e6,930,1,56,left-3,left,left-dark,light-up,fewer-up,single,28:09.5
60b7a77ccd6f5c19f13e83e6,863,1,57,left-7,left,left-dark,light-up,fewer-up,single,28:11.5
60b7a77ccd6f5c19f13e83e6,1034,1,58,left-6,right,left-dark,light-up,greater-up,single,28:13.9
60b7a77ccd6f5c19f13e83e6,1338,0,59,right-3,left,right-dark,light-up,fewer-up,single,28:16.5
60b7a77ccd6f5c19f13e83e6,1101,1,60,left-9,right,left-dark,dark-up,fewer-up,single,28:22.4
60b7a77ccd6f5c19f13e83e6,937,1,61,right-7,right,right-dark,light-up,fewer-up,single,28:24.6
60b7a77ccd6f5c19f13e83e6,798,1,62,right-1,left,right-dark,dark-up,fewer-up,single,28:26.8
60b7a77ccd6f5c19f13e83e6,1240,1,63,left-6,left,left-dark,light-up,fewer-up,single,28:29.1
60b7a77ccd6f5c19f13e83e6,809,1,64,right-4,right,right-dark,light-up,fewer-up,single,28:31.1
60b7a77ccd6f5c19f13e83e6,699,1,65,left-1,left,left-dark,light-up,fewer-up,single,28:33.2
60b7a77ccd6f5c19f13e83e6,915,1,66,right-4,left,right-dark,light-up,greater-up,single,28:35.4
60b7a77ccd6f5c19f13e83e6,1034,0,67,left-5,left,left-dark,dark-up,fewer-up,single,28:37.5
60b7a77ccd6f5c19f13e83e6,1239,1,68,right-8,right,right-dark,light-up,fewer-up,single,28:39.9
60b7a77ccd6f5c19f13e83e6,707,0,69,left-3,left,left-dark,light-up,greater-up,single,28:42.1
60b7a77ccd6f5c19f13e83e6,1265,1,70,left-8,right,left-dark,light-up,greater-up,single,28:44.7
60b7a77ccd6f5c19f13e83e6,1162,0,71,left-4,right,left-dark,light-up,fewer-up,single,28:47.2
60b7a77ccd6f5c19f13e83e6,1216,1,72,right-8,left,right-dark,dark-up,fewer-up,single,28:49.5
60b7a77ccd6f5c19f13e83e6,993,0,73,right-7,right,right-dark,light-up,greater-up,single,28:51.8
60b7a77ccd6f5c19f13e83e6,1193,1,74,right-6,right,right-dark,dark-up,greater-up,single,28:54.3
60b7a77ccd6f5c19f13e83e6,910,1,75,right-2,right,right-dark,light-up,fewer-up,single,28:56.6
60b7a77ccd6f5c19f13e83e6,787,1,76,right-5,right,right-dark,dark-up,greater-up,single,28:58.6
60b7a77ccd6f5c19f13e83e6,1385,1,77,right-1,left,right-dark,light-up,greater-up,single,29:01.4
60b7a77ccd6f5c19f13e83e6,914,1,78,left-5,left,left-dark,dark-up,greater-up,single,29:03.7
60b7a77ccd6f5c19f13e83e6,958,1,79,left-3,right,left-dark,dark-up,fewer-up,single,29:06.0
614becce61f2753af92727bb,1263,1,0,left-0,left,left-dark,dark-up,greater-up,single,41:35.2
614becce61f2753af92727bb,1162,1,1,right-9,right,right-dark,dark-up,greater-up,single,41:37.7
614becce61f2753af92727bb,1349,1,2,left-8,right,left-dark,light-up,greater-up,single,41:40.5
614becce61f2753af92727bb,1598,0,3,right-9,right,right-dark,dark-up,fewer-up,single,41:43.3
614becce61f2753af92727bb,1480,0,4,right-1,right,right-dark,dark-up,fewer-up,single,41:46.2
614becce61f2753af92727bb,1503,0,5,right-5,right,right-dark,light-up,greater-up,single,41:49.3
614becce61f2753af92727bb,1232,1,6,right-2,left,right-dark,light-up,greater-up,single,41:52.1
614becce61f2753af92727bb,1465,1,7,left-9,left,left-dark,light-up,fewer-up,single,41:55.0
614becce61f2753af92727bb,1376,1,8,left-2,right,left-dark,light-up,greater-up,single,41:57.5
614becce61f2753af92727bb,1448,1,9,left-8,left,left-dark,light-up,fewer-up,single,42:00.3
614becce61f2753af92727bb,1362,1,10,right-4,left,right-dark,dark-up,fewer-up,single,42:03.2
614becce61f2753af92727bb,1359,1,11,right-7,right,right-dark,light-up,fewer-up,single,42:06.0
614becce61f2753af92727bb,960,1,12,right-7,right,right-dark,dark-up,greater-up,single,42:08.4
614becce61f2753af92727bb,1295,1,13,left-5,right,left-dark,dark-up,fewer-up,single,42:11.0
614becce61f2753af92727bb,1221,1,14,left-2,left,left-dark,dark-up,greater-up,single,42:13.5
614becce61f2753af92727bb,1244,1,15,right-6,left,right-dark,light-up,greater-up,single,42:15.9
614becce61f2753af92727bb,1355,1,16,left-4,right,left-dark,light-up,greater-up,single,42:18.8
614becce61f2753af92727bb,1101,1,17,left-2,left,left-dark,light-up,fewer-up,single,42:21.2
614becce61f2753af92727bb,1058,1,18,left-5,left,left-dark,light-up,fewer-up,single,42:23.6
614becce61f2753af92727bb,1074,1,19,left-7,left,left-dark,light-up,fewer-up,single,42:26.1
614becce61f2753af92727bb,NULL,0,20,right-3,none,right-dark,light-up,greater-up,single,42:32.1
614becce61f2753af92727bb,1497,1,21,left-3,right,left-dark,dark-up,fewer-up,single,42:35.4
614becce61f2753af92727bb,1164,1,22,right-4,right,right-dark,light-up,fewer-up,single,42:37.8
614becce61f2753af92727bb,1108,1,23,left-1,left,left-dark,light-up,fewer-up,single,42:40.3
614becce61f2753af92727bb,1160,0,24,left-6,left,left-dark,dark-up,fewer-up,single,42:42.8
614becce61f2753af92727bb,1117,1,25,left-1,left,left-dark,dark-up,greater-up,single,42:45.3
614becce61f2753af92727bb,994,0,26,right-0,right,right-dark,light-up,greater-up,single,42:47.8
614becce61f2753af92727bb,996,1,27,left-0,left,left-dark,light-up,fewer-up,single,42:50.1
614becce61f2753af92727bb,1065,1,28,left-9,right,left-dark,dark-up,fewer-up,single,42:52.7
614becce61f2753af92727bb,1149,1,29,right-9,right,right-dark,light-up,fewer-up,single,42:55.0
614becce61f2753af92727bb,1079,1,30,right-6,left,right-dark,dark-up,fewer-up,single,42:57.6
614becce61f2753af92727bb,1106,1,31,left-9,right,left-dark,light-up,greater-up,single,43:00.2
614becce61f2753af92727bb,1099,1,32,left-6,left,left-dark,light-up,fewer-up,single,43:02.3
614becce61f2753af92727bb,1016,1,33,right-9,left,right-dark,light-up,greater-up,single,43:04.6
614becce61f2753af92727bb,923,1,34,right-6,right,right-dark,light-up,fewer-up,single,43:07.0
614becce61f2753af92727bb,1093,1,35,right-8,right,right-dark,light-up,fewer-up,single,43:09.3
614becce61f2753af92727bb,1190,1,36,right-2,right,right-dark,dark-up,greater-up,single,43:11.9
614becce61f2753af92727bb,1353,1,37,right-4,left,right-dark,light-up,greater-up,single,43:14.6
614becce61f2753af92727bb,1200,1,38,right-0,left,right-dark,dark-up,fewer-up,single,43:17.3
614becce61f2753af92727bb,1353,1,39,right-0,right,right-dark,dark-up,greater-up,single,43:20.2
614becce61f2753af92727bb,1353,1,40,left-4,right,left-dark,dark-up,fewer-up,single,43:25.9
614becce61f2753af92727bb,1170,1,41,right-5,right,right-dark,light-up,fewer-up,single,43:28.4
614becce61f2753af92727bb,1105,1,42,left-5,right,left-dark,light-up,greater-up,single,43:30.8
614becce61f2753af92727bb,1202,1,43,left-6,right,left-dark,light-up,greater-up,single,43:33.3
614becce61f2753af92727bb,1546,1,44,left-0,right,left-dark,dark-up,fewer-up,single,43:36.1
614becce61f2753af92727bb,852,1,45,left-4,left,left-dark,dark-up,greater-up,single,43:38.3
614becce61f2753af92727bb,1263,1,46,right-2,left,right-dark,dark-up,fewer-up,single,43:40.7
614becce61f2753af92727bb,1029,1,47,left-7,right,left-dark,light-up,greater-up,single,43:42.8
614becce61f2753af92727bb,883,1,48,right-4,right,right-dark,dark-up,greater-up,single,43:44.9
614becce61f2753af92727bb,928,1,49,right-7,left,right-dark,light-up,greater-up,single,43:47.2
614becce61f2753af92727bb,795,1,50,right-1,right,right-dark,dark-up,greater-up,single,43:49.5
614becce61f2753af92727bb,1049,1,51,left-5,left,left-dark,dark-up,greater-up,single,43:51.8
614becce61f2753af92727bb,1178,1,52,left-2,right,left-dark,dark-up,fewer-up,single,43:54.1
614becce61f2753af92727bb,1018,1,53,left-1,right,left-dark,light-up,greater-up,single,43:56.3
614becce61f2753af92727bb,991,1,54,right-1,right,right-dark,light-up,fewer-up,single,43:58.7
614becce61f2753af92727bb,1032,1,55,right-7,left,right-dark,dark-up,fewer-up,single,44:00.9
614becce61f2753af92727bb,789,1,56,right-6,right,right-dark,dark-up,greater-up,single,44:02.8
614becce61f2753af92727bb,1052,1,57,left-7,right,left-dark,dark-up,fewer-up,single,44:04.9
614becce61f2753af92727bb,927,0,58,left-8,left,left-dark,dark-up,fewer-up,single,44:07.1
614becce61f2753af92727bb,972,1,59,left-3,left,left-dark,dark-up,greater-up,single,44:09.5
614becce61f2753af92727bb,1174,1,60,left-1,right,left-dark,dark-up,fewer-up,single,44:15.0
614becce61f2753af92727bb,1034,1,61,right-0,right,right-dark,light-up,fewer-up,single,44:17.5
614becce61f2753af92727bb,886,1,62,left-7,left,left-dark,dark-up,greater-up,single,44:19.4
614becce61f2753af92727bb,787,1,63,left-0,right,left-dark,light-up,greater-up,single,44:21.3
614becce61f2753af92727bb,875,1,64,left-4,left,left-dark,light-up,fewer-up,single,44:23.7
614becce61f2753af92727bb,819,1,65,right-2,right,right-dark,light-up,fewer-up,single,44:26.0
614becce61f2753af92727bb,1281,1,66,left-3,left,left-dark,light-up,fewer-up,single,44:28.7
614becce61f2753af92727bb,809,1,67,right-8,right,right-dark,dark-up,greater-up,single,44:30.8
614becce61f2753af92727bb,836,1,68,right-8,left,right-dark,light-up,greater-up,single,44:33.0
614becce61f2753af92727bb,914,1,69,right-1,left,right-dark,light-up,greater-up,single,44:35.2
614becce61f2753af92727bb,769,1,70,left-3,right,left-dark,light-up,greater-up,single,44:37.2
614becce61f2753af92727bb,906,1,71,left-6,left,left-dark,dark-up,greater-up,single,44:39.5
614becce61f2753af92727bb,750,1,72,right-3,right,right-dark,dark-up,greater-up,single,44:41.4
614becce61f2753af92727bb,1063,1,73,left-9,left,left-dark,dark-up,greater-up,single,44:43.6
614becce61f2753af92727bb,1101,1,74,right-5,left,right-dark,dark-up,fewer-up,single,44:46.1
614becce61f2753af92727bb,833,1,75,right-5,right,right-dark,dark-up,greater-up,single,44:48.3
614becce61f2753af92727bb,1269,1,76,left-8,left,left-dark,dark-up,greater-up,single,44:50.9
614becce61f2753af92727bb,1039,1,77,right-8,left,right-dark,dark-up,fewer-up,single,44:53.2
614becce61f2753af92727bb,990,1,78,right-3,right,right-dark,light-up,fewer-up,single,44:55.3
614becce61f2753af92727bb,1152,1,79,right-3,left,right-dark,dark-up,fewer-up,single,44:57.7
6932f8200cc88ea0570aabba,1430,1,0,left-7,left,left-dark,light-up,fewer-up,single,54:23.8
6932f8200cc88ea0570aabba,748,1,1,right-2,right,right-dark,light-up,fewer-up,single,54:26.1
6932f8200cc88ea0570aabba,905,1,2,right-5,right,right-dark,dark-up,greater-up,single,54:28.5
6932f8200cc88ea0570aabba,902,1,3,left-0,left,left-dark,light-up,fewer-up,single,54:30.8
6932f8200cc88ea0570aabba,952,1,4,left-2,left,left-dark,light-up,fewer-up,single,54:33.1
6932f8200cc88ea0570aabba,1122,1,5,left-9,right,left-dark,dark-up,fewer-up,single,54:35.4
6932f8200cc88ea0570aabba,857,1,6,right-0,right,right-dark,dark-up,greater-up,single,54:37.7
6932f8200cc88ea0570aabba,788,1,7,right-5,right,right-dark,light-up,fewer-up,single,54:39.9
6932f8200cc88ea0570aabba,971,1,8,left-5,right,left-dark,dark-up,fewer-up,single,54:42.3
6932f8200cc88ea0570aabba,790,1,9,right-0,left,right-dark,dark-up,fewer-up,single,54:44.3
6932f8200cc88ea0570aabba,1341,1,10,right-1,left,right-dark,light-up,greater-up,single,54:47.1
6932f8200cc88ea0570aabba,845,1,11,left-1,right,left-dark,light-up,greater-up,single,54:49.1
6932f8200cc88ea0570aabba,1361,1,12,left-7,right,left-dark,light-up,greater-up,single,54:51.6
6932f8200cc88ea0570aabba,943,1,13,right-4,left,right-dark,light-up,greater-up,single,54:54.0
6932f8200cc88ea0570aabba,1161,1,14,right-1,right,right-dark,light-up,fewer-up,single,54:56.3
6932f8200cc88ea0570aabba,1465,0,15,right-1,right,right-dark,dark-up,fewer-up,single,54:59.2
6932f8200cc88ea0570aabba,1149,1,16,right-8,left,right-dark,dark-up,fewer-up,single,55:01.7
6932f8200cc88ea0570aabba,1182,1,17,right-2,left,right-dark,dark-up,fewer-up,single,55:04.1
6932f8200cc88ea0570aabba,929,1,18,left-0,right,left-dark,dark-up,fewer-up,single,55:06.3
6932f8200cc88ea0570aabba,1129,1,19,left-5,right,left-dark,light-up,greater-up,single,55:08.4
6932f8200cc88ea0570aabba,1269,1,20,right-3,right,right-dark,light-up,fewer-up,single,55:16.1
6932f8200cc88ea0570aabba,1075,1,21,right-3,right,right-dark,dark-up,greater-up,single,55:18.5
6932f8200cc88ea0570aabba,979,1,22,left-5,left,left-dark,dark-up,greater-up,single,55:20.5
6932f8200cc88ea0570aabba,871,1,23,left-2,right,left-dark,dark-up,fewer-up,single,55:22.6
6932f8200cc88ea0570aabba,1001,1,24,left-8,left,left-dark,dark-up,greater-up,single,55:25.1
6932f8200cc88ea0570aabba,942,1,25,right-9,left,right-dark,light-up,greater-up,single,55:27.4
6932f8200cc88ea0570aabba,782,1,26,left-9,right,left-dark,light-up,greater-up,single,55:29.6
6932f8200cc88ea0570aabba,930,1,27,left-3,left,left-dark,light-up,fewer-up,single,55:31.7
6932f8200cc88ea0570aabba,832,1,28,right-8,left,right-dark,light-up,greater-up,single,55:33.9
6932f8200cc88ea0570aabba,920,1,29,left-9,left,left-dark,dark-up,greater-up,single,55:36.1
6932f8200cc88ea0570aabba,814,1,30,right-5,left,right-dark,dark-up,fewer-up,single,55:38.4
6932f8200cc88ea0570aabba,952,1,31,left-8,left,left-dark,light-up,fewer-up,single,55:40.4
6932f8200cc88ea0570aabba,892,1,32,left-5,left,left-dark,light-up,fewer-up,single,55:42.7
6932f8200cc88ea0570aabba,803,1,33,right-6,left,right-dark,dark-up,fewer-up,single,55:44.7
6932f8200cc88ea0570aabba,1071,1,34,right-7,right,right-dark,light-up,fewer-up,single,55:47.0
6932f8200cc88ea0570aabba,843,1,35,left-4,left,left-dark,light-up,fewer-up,single,55:49.1
6932f8200cc88ea0570aabba,970,1,36,left-4,left,left-dark,dark-up,greater-up,single,55:51.5
6932f8200cc88ea0570aabba,867,1,37,left-3,right,left-dark,light-up,greater-up,single,55:53.5
6932f8200cc88ea0570aabba,827,1,38,right-6,left,right-dark,light-up,greater-up,single,55:55.4
6932f8200cc88ea0570aabba,857,1,39,right-6,right,right-dark,dark-up,greater-up,single,55:57.3
6932f8200cc88ea0570aabba,833,1,40,left-1,left,left-dark,light-up,fewer-up,single,56:06.9
6932f8200cc88ea0570aabba,892,1,41,right-2,left,right-dark,light-up,greater-up,single,56:09.1
6932f8200cc88ea0570aabba,836,1,42,right-6,right,right-dark,light-up,fewer-up,single,56:11.0
6932f8200cc88ea0570aabba,756,1,43,left-6,left,left-dark,dark-up,greater-up,single,56:12.9
6932f8200cc88ea0570aabba,756,1,44,right-9,right,right-dark,light-up,fewer-up,single,56:14.7
6932f8200cc88ea0570aabba,791,1,45,left-6,left,left-dark,light-up,fewer-up,single,56:16.9
6932f8200cc88ea0570aabba,838,1,46,left-8,right,left-dark,dark-up,fewer-up,single,56:19.0
6932f8200cc88ea0570aabba,933,1,47,right-4,right,right-dark,light-up,fewer-up,single,56:21.0
6932f8200cc88ea0570aabba,1300,0,48,right-9,left,right-dark,dark-up,greater-up,single,56:23.6
6932f8200cc88ea0570aabba,778,1,49,right-0,right,right-dark,light-up,fewer-up,single,56:25.8
6932f8200cc88ea0570aabba,707,1,50,left-0,right,left-dark,light-up,greater-up,single,56:27.9
6932f8200cc88ea0570aabba,826,1,51,right-3,left,right-dark,dark-up,fewer-up,single,56:29.8
6932f8200cc88ea0570aabba,835,1,52,right-0,left,right-dark,light-up,greater-up,single,56:31.8
6932f8200cc88ea0570aabba,826,1,53,left-7,right,left-dark,dark-up,fewer-up,single,56:33.8
6932f8200cc88ea0570aabba,875,1,54,right-2,right,right-dark,dark-up,greater-up,single,56:36.0
6932f8200cc88ea0570aabba,794,1,55,left-7,left,left-dark,dark-up,greater-up,single,56:38.3
6932f8200cc88ea0570aabba,1225,1,56,left-9,left,left-dark,light-up,fewer-up,single,56:40.7
6932f8200cc88ea0570aabba,1570,1,57,right-4,left,right-dark,dark-up,fewer-up,single,56:43.8
6932f8200cc88ea0570aabba,911,1,58,right-8,right,right-dark,dark-up,greater-up,single,56:45.9
6932f8200cc88ea0570aabba,986,1,59,left-0,left,left-dark,dark-up,greater-up,single,56:48.2
6932f8200cc88ea0570aabba,1136,1,60,right-9,left,right-dark,dark-up,fewer-up,single,56:55.7
6932f8200cc88ea0570aabba,1012,1,61,right-7,right,right-dark,dark-up,greater-up,single,56:58.0
6932f8200cc88ea0570aabba,868,1,62,left-1,right,left-dark,dark-up,fewer-up,single,57:00.2
6932f8200cc88ea0570aabba,838,1,63,right-8,right,right-dark,light-up,fewer-up,single,57:02.3
6932f8200cc88ea0570aabba,1136,1,64,right-1,right,right-dark,dark-up,greater-up,single,57:04.5
6932f8200cc88ea0570aabba,925,1,65,right-4,right,right-dark,dark-up,greater-up,single,57:06.6
6932f8200cc88ea0570aabba,951,1,66,left-4,right,left-dark,dark-up,fewer-up,single,57:09.0
6932f8200cc88ea0570aabba,1338,1,67,right-3,left,right-dark,light-up,greater-up,single,57:11.5
6932f8200cc88ea0570aabba,927,1,68,left-1,left,left-dark,dark-up,greater-up,single,57:13.8
6932f8200cc88ea0570aabba,989,1,69,left-6,right,left-dark,light-up,greater-up,single,57:16.0
6932f8200cc88ea0570aabba,903,1,70,right-7,left,right-dark,light-up,greater-up,single,57:18.2
6932f8200cc88ea0570aabba,783,1,71,left-8,right,left-dark,light-up,greater-up,single,57:20.3
6932f8200cc88ea0570aabba,773,1,72,left-4,right,left-dark,light-up,greater-up,single,57:22.5
6932f8200cc88ea0570aabba,1093,1,73,left-6,right,left-dark,dark-up,fewer-up,single,57:25.0
6932f8200cc88ea0570aabba,871,1,74,left-3,left,left-dark,dark-up,greater-up,single,57:27.0
6932f8200cc88ea0570aabba,844,1,75,right-5,left,right-dark,light-up,greater-up,single,57:29.2
6932f8200cc88ea0570aabba,824,1,76,left-2,right,left-dark,light-up,greater-up,single,57:31.2
6932f8200cc88ea0570aabba,1060,1,77,right-7,left,right-dark,dark-up,fewer-up,single,57:33.8
6932f8200cc88ea0570aabba,764,1,78,left-2,left,left-dark,dark-up,greater-up,single,57:35.9
6932f8200cc88ea0570aabba,1059,1,79,left-3,right,left-dark,dark-up,fewer-up,single,57:38.0
671bfaa7d312fef1ab1d7fa0,1330,1,0,right-8,right,right-dark,dark-up,greater-up,single,19:30.6
671bfaa7d312fef1ab1d7fa0,953,1,1,right-1,left,right-dark,dark-up,fewer-up,single,19:32.8
671bfaa7d312fef1ab1d7fa0,1049,1,2,left-9,right,left-dark,dark-up,fewer-up,single,19:35.2
671bfaa7d312fef1ab1d7fa0,863,1,3,right-4,left,right-dark,light-up,greater-up,single,19:37.5
671bfaa7d312fef1ab1d7fa0,988,1,4,right-6,left,right-dark,light-up,greater-up,single,19:39.7
671bfaa7d312fef1ab1d7fa0,1111,1,5,right-5,right,right-dark,light-up,fewer-up,single,19:42.0
671bfaa7d312fef1ab1d7fa0,1173,1,6,right-7,left,right-dark,light-up,greater-up,single,19:44.7
671bfaa7d312fef1ab1d7fa0,943,0,7,right-5,right,right-dark,dark-up,fewer-up,single,19:46.7
671bfaa7d312fef1ab1d7fa0,948,1,8,left-8,left,left-dark,light-up,fewer-up,single,19:49.1
671bfaa7d312fef1ab1d7fa0,700,1,9,left-7,right,left-dark,light-up,greater-up,single,19:51.0
671bfaa7d312fef1ab1d7fa0,700,1,10,left-1,right,left-dark,light-up,greater-up,single,19:52.9
671bfaa7d312fef1ab1d7fa0,727,1,11,right-6,left,right-dark,dark-up,fewer-up,single,19:54.8
671bfaa7d312fef1ab1d7fa0,1676,1,12,right-0,left,right-dark,light-up,greater-up,single,19:57.9
671bfaa7d312fef1ab1d7fa0,1101,1,13,left-0,right,left-dark,dark-up,fewer-up,single,20:00.5
671bfaa7d312fef1ab1d7fa0,1059,1,14,left-5,left,left-dark,light-up,fewer-up,single,20:02.8
671bfaa7d312fef1ab1d7fa0,721,0,15,left-5,left,left-dark,dark-up,fewer-up,single,20:04.6
671bfaa7d312fef1ab1d7fa0,1123,1,16,right-1,right,right-dark,dark-up,greater-up,single,20:07.2
671bfaa7d312fef1ab1d7fa0,986,1,17,right-9,right,right-dark,dark-up,greater-up,single,20:09.5
671bfaa7d312fef1ab1d7fa0,1166,0,18,right-2,right,right-dark,light-up,greater-up,single,20:12.3
671bfaa7d312fef1ab1d7fa0,1191,1,19,right-7,left,right-dark,dark-up,fewer-up,single,20:14.9
671bfaa7d312fef1ab1d7fa0,NULL,0,20,right-2,none,right-dark,dark-up,fewer-up,single,20:27.5
671bfaa7d312fef1ab1d7fa0,869,1,21,right-5,right,right-dark,dark-up,greater-up,single,20:30.3
671bfaa7d312fef1ab1d7fa0,560,1,22,right-7,right,right-dark,dark-up,greater-up,single,20:32.2
671bfaa7d312fef1ab1d7fa0,936,1,23,right-0,left,right-dark,dark-up,fewer-up,single,20:34.5
671bfaa7d312fef1ab1d7fa0,1199,1,24,left-7,left,left-dark,dark-up,greater-up,single,20:37.0
671bfaa7d312fef1ab1d7fa0,865,1,25,left-5,left,left-dark,dark-up,greater-up,single,20:39.0
671bfaa7d312fef1ab1d7fa0,1250,0,26,left-9,right,left-dark,dark-up,greater-up,single,20:41.7
671bfaa7d312fef1ab1d7fa0,1268,1,27,left-9,right,left-dark,light-up,greater-up,single,20:44.2
671bfaa7d312fef1ab1d7fa0,840,1,28,left-7,left,left-dark,light-up,fewer-up,single,20:46.4
671bfaa7d312fef1ab1d7fa0,1008,1,29,right-6,right,right-dark,dark-up,greater-up,single,20:48.9
671bfaa7d312fef1ab1d7fa0,971,1,30,left-3,left,left-dark,light-up,fewer-up,single,20:51.4
671bfaa7d312fef1ab1d7fa0,1056,1,31,left-4,right,left-dark,dark-up,fewer-up,single,20:53.6
671bfaa7d312fef1ab1d7fa0,982,1,32,right-8,left,right-dark,dark-up,fewer-up,single,20:55.8
671bfaa7d312fef1ab1d7fa0,1365,1,33,right-8,right,right-dark,light-up,fewer-up,single,20:58.2
671bfaa7d312fef1ab1d7fa0,1255,1,34,left-3,left,left-dark,dark-up,greater-up,single,21:00.9
671bfaa7d312fef1ab1d7fa0,911,1,35,right-9,right,right-dark,light-up,fewer-up,single,21:03.0
671bfaa7d312fef1ab1d7fa0,826,1,36,right-0,right,right-dark,light-up,fewer-up,single,21:04.9
671bfaa7d312fef1ab1d7fa0,1015,1,37,left-6,left,left-dark,light-up,fewer-up,single,21:07.2
671bfaa7d312fef1ab1d7fa0,1058,0,38,right-5,right,right-dark,light-up,greater-up,single,21:09.4
671bfaa7d312fef1ab1d7fa0,1282,0,39,right-3,right,right-dark,light-up,greater-up,single,21:12.0
671bfaa7d312fef1ab1d7fa0,1254,0,40,left-2,right,left-dark,light-up,fewer-up,single,21:17.6
671bfaa7d312fef1ab1d7fa0,1419,1,41,right-2,right,right-dark,light-up,fewer-up,single,21:20.5
671bfaa7d312fef1ab1d7fa0,1058,1,42,right-4,left,right-dark,dark-up,fewer-up,single,21:23.0
671bfaa7d312fef1ab1d7fa0,1104,1,43,left-2,left,left-dark,dark-up,greater-up,single,21:25.6
671bfaa7d312fef1ab1d7fa0,NULL,0,44,left-6,none,left-dark,light-up,greater-up,single,21:27.9
671bfaa7d312fef1ab1d7fa0,813,1,45,left-6,left,left-dark,dark-up,greater-up,single,21:30.8
671bfaa7d312fef1ab1d7fa0,913,1,46,left-0,left,left-dark,dark-up,greater-up,single,21:32.7
671bfaa7d312fef1ab1d7fa0,1000,1,47,left-2,right,left-dark,light-up,greater-up,single,21:35.2
671bfaa7d312fef1ab1d7fa0,734,1,48,left-9,left,left-dark,light-up,fewer-up,single,21:37.1
671bfaa7d312fef1ab1d7fa0,793,0,49,right-1,left,right-dark,light-up,fewer-up,single,21:38.9
671bfaa7d312fef1ab1d7fa0,858,1,50,left-4,left,left-dark,light-up,fewer-up,single,21:41.0
671bfaa7d312fef1ab1d7fa0,1228,1,51,right-2,right,right-dark,dark-up,greater-up,single,21:43.3
671bfaa7d312fef1ab1d7fa0,869,1,52,left-8,right,left-dark,dark-up,fewer-up,single,21:45.3
671bfaa7d312fef1ab1d7fa0,1180,1,53,left-4,left,left-dark,dark-up,greater-up,single,21:47.5
671bfaa7d312fef1ab1d7fa0,706,1,54,right-4,right,right-dark,light-up,fewer-up,single,21:49.6
671bfaa7d312fef1ab1d7fa0,1201,1,55,left-3,right,left-dark,dark-up,fewer-up,single,21:52.2
671bfaa7d312fef1ab1d7fa0,1139,1,56,right-3,right,right-dark,light-up,fewer-up,single,21:54.4
671bfaa7d312fef1ab1d7fa0,1196,1,57,left-1,left,left-dark,dark-up,greater-up,single,21:56.8
671bfaa7d312fef1ab1d7fa0,928,1,58,left-0,left,left-dark,light-up,fewer-up,single,21:59.3
671bfaa7d312fef1ab1d7fa0,689,1,59,left-8,right,left-dark,light-up,greater-up,single,22:01.5
671bfaa7d312fef1ab1d7fa0,1364,1,60,right-7,right,right-dark,light-up,fewer-up,single,22:08.2
671bfaa7d312fef1ab1d7fa0,986,0,61,right-6,left,right-dark,light-up,fewer-up,single,22:10.6
671bfaa7d312fef1ab1d7fa0,1221,0,62,left-8,right,left-dark,dark-up,greater-up,single,22:13.3
671bfaa7d312fef1ab1d7fa0,1041,1,63,left-0,right,left-dark,light-up,greater-up,single,22:15.8
671bfaa7d312fef1ab1d7fa0,1062,1,64,left-1,left,left-dark,light-up,fewer-up,single,22:18.4
671bfaa7d312fef1ab1d7fa0,766,1,65,left-2,right,left-dark,dark-up,fewer-up,single,22:20.6
671bfaa7d312fef1ab1d7fa0,971,1,66,left-3,right,left-dark,light-up,greater-up,single,22:23.0
671bfaa7d312fef1ab1d7fa0,945,1,67,right-9,left,right-dark,light-up,greater-up,single,22:25.1
671bfaa7d312fef1ab1d7fa0,1185,1,68,left-5,right,left-dark,light-up,greater-up,single,22:27.5
671bfaa7d312fef1ab1d7fa0,838,1,69,left-7,right,left-dark,dark-up,fewer-up,single,22:29.6
671bfaa7d312fef1ab1d7fa0,851,1,70,left-4,right,left-dark,light-up,greater-up,single,22:31.7
671bfaa7d312fef1ab1d7fa0,792,1,71,right-4,right,right-dark,dark-up,greater-up,single,22:33.9
671bfaa7d312fef1ab1d7fa0,1094,1,72,right-8,left,right-dark,light-up,greater-up,single,22:36.2
671bfaa7d312fef1ab1d7fa0,724,1,73,left-1,right,left-dark,dark-up,fewer-up,single,22:38.3
671bfaa7d312fef1ab1d7fa0,1113,1,74,right-3,right,right-dark,dark-up,greater-up,single,22:40.7
671bfaa7d312fef1ab1d7fa0,1011,1,75,right-1,left,right-dark,light-up,greater-up,single,22:42.8
671bfaa7d312fef1ab1d7fa0,1013,1,76,left-6,right,left-dark,dark-up,fewer-up,single,22:45.0
671bfaa7d312fef1ab1d7fa0,1199,1,77,right-3,left,right-dark,dark-up,fewer-up,single,22:47.5
671bfaa7d312fef1ab1d7fa0,981,1,78,right-0,right,right-dark,dark-up,greater-up,single,22:49.9
671bfaa7d312fef1ab1d7fa0,863,1,79,right-9,left,right-dark,dark-up,fewer-up,single,22:51.8