id,participant_id,response_time,correct,trial_number,stimuli_number,response,heatmap_condition,legend_condition,label_condition,attention,time_when
28658,5eb59571d84b730b01d4b2ca,1097,1,0,right-6,right,right-dark,dark-up,greater-up,single,2026-03-05 17:40:21.6870000
28659,5eb59571d84b730b01d4b2ca,1030,1,1,right-7,right,right-dark,light-up,fewer-up,single,2026-03-05 17:40:23.9110000
28660,5eb59571d84b730b01d4b2ca,1433,1,2,left-6,left,left-dark,light-up,fewer-up,single,2026-03-05 17:40:26.4770000
28661,5eb59571d84b730b01d4b2ca,994,1,3,left-8,left,left-dark,light-up,fewer-up,single,2026-03-05 17:40:29.0360000
28662,5eb59571d84b730b01d4b2ca,867,0,4,left-4,left,left-dark,light-up,greater-up,single,2026-03-05 17:40:31.1840000
28663,5eb59571d84b730b01d4b2ca,846,0,5,right-0,right,right-dark,light-up,greater-up,single,2026-03-05 17:40:33.6330000
28664,5eb59571d84b730b01d4b2ca,1334,0,6,left-5,left,left-dark,dark-up,fewer-up,single,2026-03-05 17:40:36.5000000
28665,5eb59571d84b730b01d4b2ca,924,1,7,left-2,right,left-dark,light-up,greater-up,single,2026-03-05 17:40:38.7560000
28666,5eb59571d84b730b01d4b2ca,1372,1,8,right-5,right,right-dark,dark-up,greater-up,single,2026-03-05 17:40:41.4390000
28667,5eb59571d84b730b01d4b2ca,555,1,9,right-2,right,right-dark,dark-up,greater-up,single,2026-03-05 17:40:43.4460000
28668,5eb59571d84b730b01d4b2ca,917,1,10,right-3,left,right-dark,light-up,greater-up,single,2026-03-05 17:40:45.7810000
28669,5eb59571d84b730b01d4b2ca,745,1,11,right-1,right,right-dark,light-up,fewer-up,single,2026-03-05 17:40:47.8670000
28670,5eb59571d84b730b01d4b2ca,703,0,12,left-8,left,left-dark,dark-up,fewer-up,single,2026-03-05 17:40:49.7930000
28671,5eb59571d84b730b01d4b2ca,834,0,13,right-1,right,right-dark,dark-up,fewer-up,single,2026-03-05 17:40:51.6740000
28672,5eb59571d84b730b01d4b2ca,838,0,14,left-0,left,left-dark,dark-up,fewer-up,single,2026-03-05 17:40:53.8350000
28673,5eb59571d84b730b01d4b2ca,810,0,15,left-5,right,left-dark,light-up,fewer-up,single,2026-03-05 17:40:55.7890000
28674,5eb59571d84b730b01d4b2ca,769,0,16,left-1,left,left-dark,dark-up,fewer-up,single,2026-03-05 17:40:57.8310000
28675,5eb59571d84b730b01d4b2ca,1102,1,17,right-1,right,right-dark,dark-up,greater-up,single,2026-03-05 17:41:00.2470000
28676,5eb59571d84b730b01d4b2ca,918,0,18,left-1,right,left-dark,dark-up,greater-up,single,2026-03-05 17:41:02.1880000
28677,5eb59571d84b730b01d4b2ca,935,1,19,right-6,left,right-dark,light-up,greater-up,single,2026-03-05 17:41:04.4680000
28678,60ca13ec0bc197cf1fdef3d7,822,1,0,right-9,right,right-dark,dark-up,greater-up,single,2026-03-05 17:41:21.8700000
28679,5eb59571d84b730b01d4b2ca,526,0,20,right-2,right,right-dark,dark-up,fewer-up,single,2026-03-05 17:41:22.1170000
28680,60ca13ec0bc197cf1fdef3d7,565,0,1,left-5,left,left-dark,dark-up,fewer-up,single,2026-03-05 17:41:23.7320000
28681,5eb59571d84b730b01d4b2ca,686,1,21,right-6,right,right-dark,light-up,fewer-up,single,2026-03-05 17:41:23.9130000
28682,5eb59571d84b730b01d4b2ca,497,1,22,right-3,left,right-dark,dark-up,fewer-up,single,2026-03-05 17:41:25.9150000
28683,60ca13ec0bc197cf1fdef3d7,1554,1,2,right-3,right,right-dark,dark-up,greater-up,single,2026-03-05 17:41:26.5130000
28684,5eb59571d84b730b01d4b2ca,709,1,23,left-0,left,left-dark,dark-up,greater-up,single,2026-03-05 17:41:27.8380000
28685,60ca13ec0bc197cf1fdef3d7,1296,1,3,right-5,left,right-dark,light-up,greater-up,single,2026-03-05 17:41:29.2530000
28686,5eb59571d84b730b01d4b2ca,643,1,24,left-7,left,left-dark,dark-up,greater-up,single,2026-03-05 17:41:29.7480000
28687,60ca13ec0bc197cf1fdef3d7,952,1,4,right-4,right,right-dark,dark-up,greater-up,single,2026-03-05 17:41:31.3560000
28688,5eb59571d84b730b01d4b2ca,609,0,25,right-0,right,right-dark,dark-up,fewer-up,single,2026-03-05 17:41:31.8540000
28689,60ca13ec0bc197cf1fdef3d7,830,1,5,left-3,right,left-dark,light-up,greater-up,single,2026-03-05 17:41:33.5340000
28690,5eb59571d84b730b01d4b2ca,496,1,26,left-3,left,left-dark,light-up,fewer-up,single,2026-03-05 17:41:33.8800000
28691,60ca13ec0bc197cf1fdef3d7,630,0,6,right-3,left,right-dark,light-up,fewer-up,single,2026-03-05 17:41:35.3030000
28692,5eb59571d84b730b01d4b2ca,575,0,27,left-9,left,left-dark,dark-up,fewer-up,single,2026-03-05 17:41:35.6950000
28693,60ca13ec0bc197cf1fdef3d7,1214,1,7,right-2,right,right-dark,dark-up,greater-up,single,2026-03-05 17:41:37.9570000
28694,5eb59571d84b730b01d4b2ca,686,1,28,left-8,left,left-dark,dark-up,greater-up,single,2026-03-05 17:41:37.8640000
28695,5eb59571d84b730b01d4b2ca,566,0,29,left-4,left,left-dark,dark-up,fewer-up,single,2026-03-05 17:41:39.5590000
28696,60ca13ec0bc197cf1fdef3d7,1546,1,8,left-0,left,left-dark,light-up,fewer-up,single,2026-03-05 17:41:40.7690000
28697,5eb59571d84b730b01d4b2ca,1030,0,30,right-6,right,right-dark,dark-up,fewer-up,single,2026-03-05 17:41:41.6550000
28698,60ca13ec0bc197cf1fdef3d7,1175,1,9,left-8,left,left-dark,light-up,fewer-up,single,2026-03-05 17:41:43.0420000
28699,5eb59571d84b730b01d4b2ca,644,1,31,right-4,left,right-dark,light-up,greater-up,single,2026-03-05 17:41:43.8380000
28700,60ca13ec0bc197cf1fdef3d7,1080,1,10,right-8,left,right-dark,dark-up,fewer-up,single,2026-03-05 17:41:45.3080000
28701,5eb59571d84b730b01d4b2ca,997,0,32,right-1,right,right-dark,light-up,greater-up,single,2026-03-05 17:41:46.1390000
28702,60ca13ec0bc197cf1fdef3d7,1270,1,11,left-1,right,left-dark,light-up,greater-up,single,2026-03-05 17:41:47.6580000
28703,5eb59571d84b730b01d4b2ca,1002,0,33,left-6,left,left-dark,light-up,greater-up,single,2026-03-05 17:41:48.2950000
28704,60ca13ec0bc197cf1fdef3d7,754,1,12,left-2,right,left-dark,light-up,greater-up,single,2026-03-05 17:41:49.8750000
28705,5eb59571d84b730b01d4b2ca,1047,1,34,left-9,right,left-dark,light-up,greater-up,single,2026-03-05 17:41:50.4860000
28706,60ca13ec0bc197cf1fdef3d7,1183,1,13,right-4,left,right-dark,dark-up,fewer-up,single,2026-03-05 17:41:52.2720000
28707,5eb59571d84b730b01d4b2ca,952,1,35,left-0,right,left-dark,light-up,greater-up,single,2026-03-05 17:41:52.6700000
28708,60ca13ec0bc197cf1fdef3d7,1225,1,14,right-0,right,right-dark,light-up,fewer-up,single,2026-03-05 17:41:54.8740000
28709,5eb59571d84b730b01d4b2ca,1095,1,36,right-7,left,right-dark,dark-up,fewer-up,single,2026-03-05 17:41:54.9200000
28710,60ca13ec0bc197cf1fdef3d7,1067,1,15,left-6,right,left-dark,light-up,greater-up,single,2026-03-05 17:41:57.1500000
28711,5eb59571d84b730b01d4b2ca,1022,0,37,right-8,right,right-dark,light-up,greater-up,single,2026-03-05 17:41:57.5180000
28712,60ca13ec0bc197cf1fdef3d7,1267,1,16,right-7,left,right-dark,light-up,greater-up,single,2026-03-05 17:41:59.6020000
28713,5eb59571d84b730b01d4b2ca,1116,1,38,right-7,left,right-dark,light-up,greater-up,single,2026-03-05 17:41:59.8760000
28714,5eb59571d84b730b01d4b2ca,501,1,39,right-3,right,right-dark,dark-up,greater-up,single,2026-03-05 17:42:01.4700000
28715,60ca13ec0bc197cf1fdef3d7,727,1,17,left-5,right,left-dark,light-up,greater-up,single,2026-03-05 17:42:01.7940000
28716,60ca13ec0bc197cf1fdef3d7,861,1,18,right-1,left,right-dark,light-up,greater-up,single,2026-03-05 17:42:04.1540000
28717,60ca13ec0bc197cf1fdef3d7,1301,0,19,right-2,right,right-dark,dark-up,fewer-up,single,2026-03-05 17:42:06.4760000
28718,60ca13ec0bc197cf1fdef3d7,1274,1,20,left-1,left,left-dark,dark-up,greater-up,single,2026-03-05 17:42:12.5700000
28719,60ca13ec0bc197cf1fdef3d7,846,1,21,right-2,left,right-dark,light-up,greater-up,single,2026-03-05 17:42:14.9180000
28720,60ca13ec0bc197cf1fdef3d7,973,0,22,left-1,left,left-dark,dark-up,fewer-up,single,2026-03-05 17:42:17.3210000
28721,60ca13ec0bc197cf1fdef3d7,793,0,23,right-5,left,right-dark,light-up,fewer-up,single,2026-03-05 17:42:19.3950000
28722,60ca13ec0bc197cf1fdef3d7,NULL,0,24,left-7,none,left-dark,light-up,fewer-up,single,2026-03-05 17:42:21.9140000
28723,5eb59571d84b730b01d4b2ca,701,1,40,right-8,right,right-dark,light-up,fewer-up,single,2026-03-05 17:42:21.7950000
28724,5eb59571d84b730b01d4b2ca,1008,1,41,left-0,left,left-dark,light-up,fewer-up,single,2026-03-05 17:42:24.0060000
28725,60ca13ec0bc197cf1fdef3d7,941,1,25,left-3,left,left-dark,dark-up,greater-up,single,2026-03-05 17:42:24.7740000
28726,5eb59571d84b730b01d4b2ca,1176,1,42,right-7,right,right-dark,dark-up,greater-up,single,2026-03-05 17:42:26.3550000
28727,60ca13ec0bc197cf1fdef3d7,1677,1,26,left-9,right,left-dark,dark-up,fewer-up,single,2026-03-05 17:42:27.6410000
28728,5eb59571d84b730b01d4b2ca,994,1,43,left-3,right,left-dark,light-up,greater-up,single,2026-03-05 17:42:28.6320000
28729,662fb42cc3458e96dee33181,837,1,0,right-2,left,right-dark,light-up,greater-up,single,2026-03-05 17:42:29.6750000
28730,68097549e4347f7fdce7ffd5,1208,0,0,left-1,left,left-dark,light-up,greater-up,dual,2026-03-05 17:42:29.4430000
28731,60ca13ec0bc197cf1fdef3d7,793,1,27,left-9,left,left-dark,dark-up,greater-up,single,2026-03-05 17:42:29.5100000
28732,5eb59571d84b730b01d4b2ca,997,1,44,right-9,right,right-dark,light-up,fewer-up,single,2026-03-05 17:42:30.9600000
28733,662fb42cc3458e96dee33181,742,1,1,right-8,left,right-dark,light-up,greater-up,single,2026-03-05 17:42:31.8560000
28734,60ca13ec0bc197cf1fdef3d7,847,1,28,left-1,left,left-dark,light-up,fewer-up,single,2026-03-05 17:42:31.5990000
28735,68097549e4347f7fdce7ffd5,1732,0,1,right-4,right,right-dark,dark-up,fewer-up,dual,2026-03-05 17:42:32.2970000
28736,5eb59571d84b730b01d4b2ca,767,1,45,right-0,right,right-dark,dark-up,greater-up,single,2026-03-05 17:42:32.9660000
28737,60ca13ec0bc197cf1fdef3d7,932,1,29,left-9,right,left-dark,light-up,greater-up,single,2026-03-05 17:42:33.7230000
28738,662fb42cc3458e96dee33181,1215,1,2,left-9,left,left-dark,light-up,fewer-up,single,2026-03-05 17:42:34.4090000
28739,68097549e4347f7fdce7ffd5,NULL,0,2,left-6,none,left-dark,light-up,fewer-up,dual,2026-03-05 17:42:34.7650000
28740,5eb59571d84b730b01d4b2ca,1003,0,46,left-6,left,left-dark,dark-up,fewer-up,single,2026-03-05 17:42:35.2020000
28741,60ca13ec0bc197cf1fdef3d7,952,1,30,right-4,right,right-dark,light-up,fewer-up,single,2026-03-05 17:42:35.7440000
28742,662fb42cc3458e96dee33181,833,1,3,left-6,left,left-dark,dark-up,greater-up,single,2026-03-05 17:42:36.6410000
28743,68097549e4347f7fdce7ffd5,1475,0,3,right-1,right,right-dark,dark-up,fewer-up,dual,2026-03-05 17:42:37.8830000
28744,5eb59571d84b730b01d4b2ca,1096,0,47,left-9,right,left-dark,light-up,fewer-up,single,2026-03-05 17:42:37.5170000
28745,60ca13ec0bc197cf1fdef3d7,1363,1,31,left-2,right,left-dark,dark-up,fewer-up,single,2026-03-05 17:42:38.3980000
28746,662fb42cc3458e96dee33181,1064,1,4,right-2,right,right-dark,light-up,fewer-up,single,2026-03-05 17:42:38.8730000
28747,68097549e4347f7fdce7ffd5,1234,1,4,right-9,right,right-dark,dark-up,greater-up,dual,2026-03-05 17:42:40.2940000
28748,5eb59571d84b730b01d4b2ca,1102,0,48,right-8,right,right-dark,dark-up,fewer-up,single,2026-03-05 17:42:39.9870000
28749,662fb42cc3458e96dee33181,970,1,5,left-0,right,left-dark,dark-up,fewer-up,single,2026-03-05 17:42:41.4130000
28750,60ca13ec0bc197cf1fdef3d7,1394,1,32,left-6,right,left-dark,dark-up,fewer-up,single,2026-03-05 17:42:41.2080000
28751,66e0585aeee549c122da5983,NULL,0,0,right-7,none,right-dark,light-up,greater-up,single,2026-03-05 17:42:40.9820000
28752,68097549e4347f7fdce7ffd5,755,0,5,left-4,left,left-dark,light-up,greater-up,dual,2026-03-05 17:42:42.1700000
28753,5eb59571d84b730b01d4b2ca,904,1,49,right-0,right,right-dark,light-up,fewer-up,single,2026-03-05 17:42:42.1420000
28754,662fb42cc3458e96dee33181,805,1,6,right-9,left,right-dark,light-up,greater-up,single,2026-03-05 17:42:43.5850000
28755,60ca13ec0bc197cf1fdef3d7,1111,1,33,right-9,left,right-dark,dark-up,fewer-up,single,2026-03-05 17:42:43.4210000
28756,5eb59571d84b730b01d4b2ca,737,0,50,left-7,left,left-dark,light-up,greater-up,single,2026-03-05 17:42:44.1920000
28757,66e0585aeee549c122da5983,1617,1,1,right-6,right,right-dark,dark-up,greater-up,single,2026-03-05 17:42:44.4180000
28758,662fb42cc3458e96dee33181,820,1,7,left-4,left,left-dark,dark-up,greater-up,single,2026-03-05 17:42:45.6800000
28759,68097549e4347f7fdce7ffd5,1736,1,6,right-0,right,right-dark,light-up,fewer-up,dual,2026-03-05 17:42:45.3410000
28760,60ca13ec0bc197cf1fdef3d7,935,1,34,right-1,right,right-dark,dark-up,greater-up,single,2026-03-05 17:42:45.7360000
28761,66e0585aeee549c122da5983,511,0,2,left-4,right,left-dark,dark-up,greater-up,single,2026-03-05 17:42:46.0660000
28762,5eb59571d84b730b01d4b2ca,873,1,51,right-5,right,right-dark,light-up,fewer-up,single,2026-03-05 17:42:46.2850000
28763,68097549e4347f7fdce7ffd5,710,1,7,right-7,right,right-dark,dark-up,greater-up,dual,2026-03-05 17:42:47.3260000
28764,662fb42cc3458e96dee33181,884,1,8,right-7,left,right-dark,light-up,greater-up,single,2026-03-05 17:42:48.0470000
28765,60ca13ec0bc197cf1fdef3d7,846,1,35,left-4,right,left-dark,light-up,greater-up,single,2026-03-05 17:42:48.0060000
28766,66e0585aeee549c122da5983,459,0,3,left-0,right,left-dark,dark-up,greater-up,single,2026-03-05 17:42:47.9890000
28767,5eb59571d84b730b01d4b2ca,1360,1,52,right-4,right,right-dark,light-up,fewer-up,single,2026-03-05 17:42:48.7520000
28768,68097549e4347f7fdce7ffd5,1209,0,8,left-8,left,left-dark,dark-up,fewer-up,dual,2026-03-05 17:42:49.8300000
28769,662fb42cc3458e96dee33181,927,1,9,left-7,left,left-dark,dark-up,greater-up,single,2026-03-05 17:42:50.2200000
28770,60ca13ec0bc197cf1fdef3d7,808,1,36,right-4,left,right-dark,light-up,greater-up,single,2026-03-05 17:42:49.8820000
28771,66e0585aeee549c122da5983,549,1,4,left-8,left,left-dark,light-up,fewer-up,single,2026-03-05 17:42:49.6810000
28772,5eb59571d84b730b01d4b2ca,1059,0,53,left-2,right,left-dark,dark-up,greater-up,single,2026-03-05 17:42:50.9300000
28773,662fb42cc3458e96dee33181,971,1,10,right-2,left,right-dark,dark-up,fewer-up,single,2026-03-05 17:42:52.3710000
28774,66e0585aeee549c122da5983,479,0,5,right-0,left,right-dark,dark-up,greater-up,single,2026-03-05 17:42:51.5260000
28775,60ca13ec0bc197cf1fdef3d7,1272,1,37,right-7,right,right-dark,light-up,fewer-up,single,2026-03-05 17:42:52.1690000
28776,68097549e4347f7fdce7ffd5,1681,1,9,left-2,left,left-dark,dark-up,greater-up,dual,2026-03-05 17:42:52.9870000
28777,5eb59571d84b730b01d4b2ca,988,1,54,right-9,right,right-dark,dark-up,greater-up,single,2026-03-05 17:42:52.9370000
28778,662fb42cc3458e96dee33181,834,1,11,right-8,right,right-dark,dark-up,greater-up,single,2026-03-05 17:42:54.3560000
28779,66e0585aeee549c122da5983,1061,1,6,left-1,right,left-dark,dark-up,fewer-up,single,2026-03-05 17:42:53.7840000
28780,60ca13ec0bc197cf1fdef3d7,1125,1,38,left-6,left,left-dark,light-up,fewer-up,single,2026-03-05 17:42:54.5000000
28781,68097549e4347f7fdce7ffd5,1027,0,10,right-6,right,right-dark,dark-up,fewer-up,dual,2026-03-05 17:42:55.4840000
28782,5eb59571d84b730b01d4b2ca,920,0,55,right-4,left,right-dark,dark-up,greater-up,single,2026-03-05 17:42:55.2070000
28783,66e0585aeee549c122da5983,787,1,7,right-1,right,right-dark,light-up,fewer-up,single,2026-03-05 17:42:55.8230000
28784,662fb42cc3458e96dee33181,1400,1,12,left-0,right,left-dark,light-up,greater-up,single,2026-03-05 17:42:57.0650000
28785,60ca13ec0bc197cf1fdef3d7,1183,1,39,left-5,left,left-dark,light-up,fewer-up,single,2026-03-05 17:42:56.8920000
28786,5eb59571d84b730b01d4b2ca,618,0,56,left-7,right,left-dark,light-up,fewer-up,single,2026-03-05 17:42:57.1690000
28787,66e0585aeee549c122da5983,908,0,8,right-0,right,right-dark,light-up,greater-up,single,2026-03-05 17:42:57.7720000
28788,68097549e4347f7fdce7ffd5,1450,0,11,left-6,left,left-dark,light-up,greater-up,dual,2026-03-05 17:42:58.3680000
28789,662fb42cc3458e96dee33181,831,1,13,right-4,left,right-dark,light-up,greater-up,single,2026-03-05 17:42:59.2330000
28790,5eb59571d84b730b01d4b2ca,596,0,57,right-9,right,right-dark,light-up,greater-up,single,2026-03-05 17:42:59.0260000
28791,66e0585aeee549c122da5983,933,0,9,right-4,right,right-dark,dark-up,fewer-up,single,2026-03-05 17:42:59.9600000
28792,662fb42cc3458e96dee33181,734,1,14,left-9,left,left-dark,dark-up,greater-up,single,2026-03-05 17:43:01.4040000
28793,60ca13ec0bc197cf1fdef3d7,908,1,40,left-6,left,left-dark,dark-up,greater-up,single,2026-03-05 17:43:01.3480000
28794,68097549e4347f7fdce7ffd5,1566,0,12,left-5,left,left-dark,dark-up,fewer-up,dual,2026-03-05 17:43:01.3660000
28795,5eb59571d84b730b01d4b2ca,774,0,58,left-2,left,left-dark,dark-up,fewer-up,single,2026-03-05 17:43:00.8660000
28796,5eb59571d84b730b01d4b2ca,536,0,59,right-5,right,right-dark,dark-up,fewer-up,single,2026-03-05 17:43:02.5800000
28797,662fb42cc3458e96dee33181,980,1,15,right-0,left,right-dark,dark-up,fewer-up,single,2026-03-05 17:43:03.5390000
28798,66e0585aeee549c122da5983,1523,1,10,left-6,left,left-dark,dark-up,greater-up,single,2026-03-05 17:43:02.9130000
28799,60ca13ec0bc197cf1fdef3d7,1245,1,41,right-2,right,right-dark,light-up,fewer-up,single,2026-03-05 17:43:03.7530000
28800,68097549e4347f7fdce7ffd5,1547,0,13,left-2,left,left-dark,dark-up,fewer-up,dual,2026-03-05 17:43:04.3530000
28801,662fb42cc3458e96dee33181,934,1,16,right-3,left,right-dark,dark-up,fewer-up,single,2026-03-05 17:43:05.7670000
28802,66e0585aeee549c122da5983,710,0,11,left-5,right,left-dark,light-up,fewer-up,single,2026-03-05 17:43:05.1200000
28803,60ca13ec0bc197cf1fdef3d7,853,1,42,right-1,right,right-dark,light-up,fewer-up,single,2026-03-05 17:43:05.6290000
28804,68097549e4347f7fdce7ffd5,444,0,14,left-9,right,left-dark,dark-up,greater-up,dual,2026-03-05 17:43:05.9920000
28805,662fb42cc3458e96dee33181,824,1,17,left-6,right,left-dark,dark-up,fewer-up,single,2026-03-05 17:43:07.7680000
28806,60ca13ec0bc197cf1fdef3d7,740,1,43,left-5,left,left-dark,dark-up,greater-up,single,2026-03-05 17:43:07.3870000
28807,66e0585aeee549c122da5983,765,0,12,left-6,left,left-dark,light-up,greater-up,single,2026-03-05 17:43:07.1990000
28808,68097549e4347f7fdce7ffd5,NULL,0,15,left-3,none,left-dark,dark-up,greater-up,dual,2026-03-05 17:43:08.5380000
28809,60ca13ec0bc197cf1fdef3d7,826,1,44,left-4,right,left-dark,dark-up,fewer-up,single,2026-03-05 17:43:09.4330000
28810,662fb42cc3458e96dee33181,790,1,18,left-6,right,left-dark,light-up,greater-up,single,2026-03-05 17:43:09.8900000
28811,66e0585aeee549c122da5983,374,0,13,left-9,left,left-dark,dark-up,fewer-up,single,2026-03-05 17:43:09.0710000
28812,68097549e4347f7fdce7ffd5,957,0,16,right-0,left,right-dark,dark-up,greater-up,dual,2026-03-05 17:43:11.0280000
28813,60ca13ec0bc197cf1fdef3d7,670,1,45,right-9,left,right-dark,light-up,greater-up,single,2026-03-05 17:43:11.2790000
28814,662fb42cc3458e96dee33181,878,1,19,right-7,left,right-dark,dark-up,fewer-up,single,2026-03-05 17:43:12.2590000
28815,66e0585aeee549c122da5983,803,0,14,right-5,right,right-dark,light-up,greater-up,single,2026-03-05 17:43:11.4180000
28816,68097549e4347f7fdce7ffd5,418,0,17,right-3,right,right-dark,dark-up,fewer-up,dual,2026-03-05 17:43:12.9850000
28817,60ca13ec0bc197cf1fdef3d7,631,1,46,left-8,left,left-dark,dark-up,greater-up,single,2026-03-05 17:43:13.2550000
28818,66e0585aeee549c122da5983,846,1,15,left-9,left,left-dark,dark-up,greater-up,single,2026-03-05 17:43:13.7550000
28819,60ca13ec0bc197cf1fdef3d7,989,1,47,left-3,right,left-dark,dark-up,fewer-up,single,2026-03-05 17:43:15.4350000
28820,68097549e4347f7fdce7ffd5,1483,0,18,left-0,left,left-dark,dark-up,fewer-up,dual,2026-03-05 17:43:15.6860000
28821,66e0585aeee549c122da5983,NULL,0,16,right-1,none,right-dark,dark-up,fewer-up,single,2026-03-05 17:43:16.4850000
28822,60ca13ec0bc197cf1fdef3d7,967,1,48,right-3,left,right-dark,dark-up,fewer-up,single,2026-03-05 17:43:17.8680000
28823,68097549e4347f7fdce7ffd5,1207,1,19,left-0,left,left-dark,light-up,fewer-up,dual,2026-03-05 17:43:18.3600000
28824,662fb42cc3458e96dee33181,835,1,20,right-1,right,right-dark,dark-up,greater-up,single,2026-03-05 17:43:19.4200000
28825,66e0585aeee549c122da5983,603,0,17,right-3,right,right-dark,light-up,greater-up,single,2026-03-05 17:43:18.8380000
28826,60ca13ec0bc197cf1fdef3d7,712,1,49,left-7,left,left-dark,dark-up,greater-up,single,2026-03-05 17:43:19.9810000
28827,662fb42cc3458e96dee33181,760,1,21,right-6,left,right-dark,dark-up,fewer-up,single,2026-03-05 17:43:21.4050000
28828,5eb59571d84b730b01d4b2ca,697,0,60,right-9,right,right-dark,dark-up,fewer-up,single,2026-03-05 17:43:20.9810000
28829,66e0585aeee549c122da5983,1132,0,18,right-4,right,right-dark,light-up,greater-up,single,2026-03-05 17:43:21.0910000
28830,60ca13ec0bc197cf1fdef3d7,1077,1,50,left-4,left,left-dark,light-up,fewer-up,single,2026-03-05 17:43:22.1990000
28831,662fb42cc3458e96dee33181,773,1,22,right-4,left,right-dark,dark-up,fewer-up,single,2026-03-05 17:43:23.3730000
28832,5eb59571d84b730b01d4b2ca,862,1,61,right-8,right,right-dark,dark-up,greater-up,single,2026-03-05 17:43:23.2340000
28833,66e0585aeee549c122da5983,931,1,19,left-7,left,left-dark,dark-up,greater-up,single,2026-03-05 17:43:23.1590000
28834,60ca13ec0bc197cf1fdef3d7,1377,1,51,left-4,left,left-dark,dark-up,greater-up,single,2026-03-05 17:43:24.8330000
28835,662fb42cc3458e96dee33181,836,1,23,left-7,right,left-dark,light-up,greater-up,single,2026-03-05 17:43:25.7260000
28836,5eb59571d84b730b01d4b2ca,1155,0,62,left-6,right,left-dark,dark-up,greater-up,single,2026-03-05 17:43:25.7350000
28837,60ca13ec0bc197cf1fdef3d7,793,1,52,right-5,left,right-dark,dark-up,fewer-up,single,2026-03-05 17:43:27.0370000
28838,662fb42cc3458e96dee33181,1001,1,24,left-6,left,left-dark,light-up,fewer-up,single,2026-03-05 17:43:27.8930000
28839,5eb59571d84b730b01d4b2ca,1010,0,63,left-4,right,left-dark,light-up,fewer-up,single,2026-03-05 17:43:27.9180000
28840,60ca13ec0bc197cf1fdef3d7,941,1,53,right-0,left,right-dark,dark-up,fewer-up,single,2026-03-05 17:43:29.0820000
28841,662fb42cc3458e96dee33181,975,1,25,right-0,left,right-dark,light-up,greater-up,single,2026-03-05 17:43:30.3860000
28842,5eb59571d84b730b01d4b2ca,883,1,64,right-5,left,right-dark,light-up,greater-up,single,2026-03-05 17:43:29.9890000
28843,60ca13ec0bc197cf1fdef3d7,954,1,54,right-8,left,right-dark,light-up,greater-up,single,2026-03-05 17:43:31.2360000
28844,662fb42cc3458e96dee33181,864,1,26,right-5,right,right-dark,dark-up,greater-up,single,2026-03-05 17:43:32.4010000
28845,5eb59571d84b730b01d4b2ca,1191,1,65,left-8,right,left-dark,light-up,greater-up,single,2026-03-05 17:43:32.3680000
28846,60ca13ec0bc197cf1fdef3d7,793,1,55,right-8,right,right-dark,dark-up,greater-up,single,2026-03-05 17:43:33.4990000
28847,662fb42cc3458e96dee33181,879,1,27,left-5,right,left-dark,dark-up,fewer-up,single,2026-03-05 17:43:34.6330000
28848,5eb59571d84b730b01d4b2ca,579,1,66,left-1,right,left-dark,light-up,greater-up,single,2026-03-05 17:43:34.3270000
28849,60ca13ec0bc197cf1fdef3d7,756,1,56,right-0,right,right-dark,dark-up,greater-up,single,2026-03-05 17:43:35.6900000
28850,66e0585aeee549c122da5983,1620,1,20,right-3,right,right-dark,light-up,fewer-up,single,2026-03-05 17:43:35.9100000
28851,662fb42cc3458e96dee33181,1100,1,28,right-4,right,right-dark,light-up,fewer-up,single,2026-03-05 17:43:36.9460000
28852,5eb59571d84b730b01d4b2ca,745,0,67,left-2,right,left-dark,light-up,fewer-up,single,2026-03-05 17:43:36.4560000
28853,60ca13ec0bc197cf1fdef3d7,1267,1,57,left-7,right,left-dark,dark-up,fewer-up,single,2026-03-05 17:43:38.2570000
28854,68097549e4347f7fdce7ffd5,1554,1,20,right-3,right,right-dark,dark-up,greater-up,dual,2026-03-05 17:43:38.2480000
28855,5eb59571d84b730b01d4b2ca,648,0,68,left-3,left,left-dark,dark-up,fewer-up,single,2026-03-05 17:43:38.3910000
28856,662fb42cc3458e96dee33181,905,1,29,right-7,right,right-dark,light-up,fewer-up,single,2026-03-05 17:43:39.0010000
28857,66e0585aeee549c122da5983,1050,0,21,left-3,left,left-dark,dark-up,fewer-up,single,2026-03-05 17:43:38.3040000
28858,60ca13ec0bc197cf1fdef3d7,762,1,58,right-6,right,right-dark,dark-up,greater-up,single,2026-03-05 17:43:40.3730000
28859,662fb42cc3458e96dee33181,814,1,30,right-8,right,right-dark,light-up,fewer-up,single,2026-03-05 17:43:41.0950000
28860,5eb59571d84b730b01d4b2ca,1217,1,69,right-2,right,right-dark,light-up,fewer-up,single,2026-03-05 17:43:40.6700000
28861,68097549e4347f7fdce7ffd5,1680,0,21,right-4,right,right-dark,light-up,greater-up,dual,2026-03-05 17:43:41.3010000
28862,66e0585aeee549c122da5983,1108,0,22,left-3,right,left-dark,light-up,fewer-up,single,2026-03-05 17:43:40.9110000
28863,662fb42cc3458e96dee33181,904,1,31,left-5,left,left-dark,dark-up,greater-up,single,2026-03-05 17:43:43.0510000
28864,5eb59571d84b730b01d4b2ca,713,0,70,left-1,right,left-dark,light-up,fewer-up,single,2026-03-05 17:43:42.7410000
28865,60ca13ec0bc197cf1fdef3d7,1445,1,59,left-8,right,left-dark,light-up,greater-up,single,2026-03-05 17:43:43.0060000
28866,66e0585aeee549c122da5983,512,0,23,left-2,right,left-dark,dark-up,greater-up,single,2026-03-05 17:43:42.6230000
28867,68097549e4347f7fdce7ffd5,1711,1,22,right-6,right,right-dark,light-up,fewer-up,dual,2026-03-05 17:43:44.1490000
28868,66e0585aeee549c122da5983,373,1,24,left-8,right,left-dark,light-up,greater-up,single,2026-03-05 17:43:44.1250000
28869,662fb42cc3458e96dee33181,827,1,32,left-8,right,left-dark,dark-up,fewer-up,single,2026-03-05 17:43:45.1390000
28870,5eb59571d84b730b01d4b2ca,793,0,71,right-2,right,right-dark,light-up,greater-up,single,2026-03-05 17:43:44.9940000
28871,662fb42cc3458e96dee33181,878,1,33,left-9,right,left-dark,light-up,greater-up,single,2026-03-05 17:43:47.5900000
28872,66e0585aeee549c122da5983,1241,0,25,right-7,right,right-dark,dark-up,fewer-up,single,2026-03-05 17:43:46.6830000
28873,60ca13ec0bc197cf1fdef3d7,864,1,60,right-6,left,right-dark,light-up,greater-up,single,2026-03-05 17:43:47.2170000
28874,68097549e4347f7fdce7ffd5,1658,1,23,right-2,right,right-dark,dark-up,greater-up,dual,2026-03-05 17:43:47.3390000
28875,5eb59571d84b730b01d4b2ca,666,1,72,left-4,left,left-dark,dark-up,greater-up,single,2026-03-05 17:43:47.0070000
28876,5eb59571d84b730b01d4b2ca,821,1,73,left-5,right,left-dark,light-up,greater-up,single,2026-03-05 17:43:48.9220000
28877,60ca13ec0bc197cf1fdef3d7,769,1,61,left-2,left,left-dark,dark-up,greater-up,single,2026-03-05 17:43:49.3020000
28878,66e0585aeee549c122da5983,1272,0,26,left-7,right,left-dark,light-up,fewer-up,single,2026-03-05 17:43:49.2900000
28879,68097549e4347f7fdce7ffd5,NULL,0,24,right-8,none,right-dark,dark-up,fewer-up,dual,2026-03-05 17:43:50.0680000
28880,662fb42cc3458e96dee33181,1277,1,34,left-4,right,left-dark,dark-up,fewer-up,single,2026-03-05 17:43:50.4610000
28881,5eb59571d84b730b01d4b2ca,834,0,74,left-9,right,left-dark,dark-up,greater-up,single,2026-03-05 17:43:51.2500000
28882,60ca13ec0bc197cf1fdef3d7,1508,1,62,right-1,left,right-dark,dark-up,fewer-up,single,2026-03-05 17:43:52.0200000
28883,66e0585aeee549c122da5983,1201,1,27,right-5,right,right-dark,light-up,fewer-up,single,2026-03-05 17:43:51.5660000
28884,662fb42cc3458e96dee33181,1039,1,35,left-5,right,left-dark,light-up,greater-up,single,2026-03-05 17:43:52.8140000
28885,68097549e4347f7fdce7ffd5,1369,1,25,left-0,left,left-dark,dark-up,greater-up,dual,2026-03-05 17:43:53.2740000
28886,5eb59571d84b730b01d4b2ca,676,0,75,right-4,right,right-dark,dark-up,fewer-up,single,2026-03-05 17:43:53.4110000
28887,66e0585aeee549c122da5983,794,0,28,right-2,right,right-dark,light-up,greater-up,single,2026-03-05 17:43:53.4360000
28888,662fb42cc3458e96dee33181,797,1,36,right-0,right,right-dark,dark-up,greater-up,single,2026-03-05 17:43:54.9850000
28889,60ca13ec0bc197cf1fdef3d7,1550,1,63,left-3,left,left-dark,light-up,fewer-up,single,2026-03-05 17:43:54.9910000
28890,5eb59571d84b730b01d4b2ca,336,1,76,left-3,left,left-dark,dark-up,greater-up,single,2026-03-05 17:43:55.2100000
28891,68097549e4347f7fdce7ffd5,1471,0,26,right-7,right,right-dark,light-up,greater-up,dual,2026-03-05 17:43:55.7790000
28892,66e0585aeee549c122da5983,867,0,29,right-7,left,right-dark,light-up,fewer-up,single,2026-03-05 17:43:55.6750000
28893,662fb42cc3458e96dee33181,810,1,37,left-3,right,left-dark,light-up,greater-up,single,2026-03-05 17:43:57.3240000
28894,60ca13ec0bc197cf1fdef3d7,1041,1,64,right-7,right,right-dark,dark-up,greater-up,single,2026-03-05 17:43:57.4570000
28895,5eb59571d84b730b01d4b2ca,678,1,77,left-5,left,left-dark,dark-up,greater-up,single,2026-03-05 17:43:57.2950000
28896,66e0585aeee549c122da5983,826,0,30,left-6,left,left-dark,dark-up,fewer-up,single,2026-03-05 17:43:58.0590000
28897,68097549e4347f7fdce7ffd5,1680,0,27,left-9,left,left-dark,dark-up,fewer-up,dual,2026-03-05 17:43:58.9010000
28898,662fb42cc3458e96dee33181,886,1,38,left-0,left,left-dark,light-up,fewer-up,single,2026-03-05 17:43:59.3360000
28899,60ca13ec0bc197cf1fdef3d7,940,0,65,left-8,left,left-dark,dark-up,fewer-up,single,2026-03-05 17:43:59.4350000
28900,5eb59571d84b730b01d4b2ca,641,1,78,right-3,right,right-dark,light-up,fewer-up,single,2026-03-05 17:43:59.4190000
28901,66e0585aeee549c122da5983,567,0,31,right-9,right,right-dark,dark-up,fewer-up,single,2026-03-05 17:44:00.1770000
28902,662fb42cc3458e96dee33181,814,1,39,left-3,left,left-dark,dark-up,greater-up,single,2026-03-05 17:44:01.3540000
28903,5eb59571d84b730b01d4b2ca,673,0,79,left-7,left,left-dark,dark-up,fewer-up,single,2026-03-05 17:44:01.1860000
28904,60ca13ec0bc197cf1fdef3d7,814,1,66,left-0,right,left-dark,dark-up,fewer-up,single,2026-03-05 17:44:01.4320000
28905,68097549e4347f7fdce7ffd5,1487,1,28,left-5,left,left-dark,light-up,fewer-up,dual,2026-03-05 17:44:01.4490000
28906,66e0585aeee549c122da5983,446,0,32,right-8,right,right-dark,dark-up,fewer-up,single,2026-03-05 17:44:01.9070000
28907,60ca13ec0bc197cf1fdef3d7,1184,1,67,right-0,left,right-dark,light-up,greater-up,single,2026-03-05 17:44:03.9730000
28908,68097549e4347f7fdce7ffd5,1565,0,29,left-3,left,left-dark,light-up,greater-up,dual,2026-03-05 17:44:04.4230000
28909,66e0585aeee549c122da5983,674,0,33,left-1,left,left-dark,light-up,greater-up,single,2026-03-05 17:44:04.0960000
28910,662fb42cc3458e96dee33181,856,1,40,left-2,left,left-dark,dark-up,greater-up,single,2026-03-05 17:44:05.4130000
28911,60ca13ec0bc197cf1fdef3d7,736,1,68,right-9,right,right-dark,light-up,fewer-up,single,2026-03-05 17:44:06.2200000
28912,66e0585aeee549c122da5983,475,0,34,left-9,left,left-dark,light-up,greater-up,single,2026-03-05 17:44:05.9100000
28913,68097549e4347f7fdce7ffd5,947,0,30,right-5,right,right-dark,light-up,greater-up,dual,2026-03-05 17:44:06.8920000
28914,662fb42cc3458e96dee33181,890,1,41,left-2,right,left-dark,dark-up,fewer-up,single,2026-03-05 17:44:07.3350000
28915,60ca13ec0bc197cf1fdef3d7,802,1,69,right-6,right,right-dark,light-up,fewer-up,single,2026-03-05 17:44:08.1250000
28916,66e0585aeee549c122da5983,408,0,35,left-2,left,left-dark,light-up,greater-up,single,2026-03-05 17:44:07.8460000
28917,662fb42cc3458e96dee33181,991,1,42,left-3,left,left-dark,light-up,fewer-up,single,2026-03-05 17:44:09.4560000
28918,68097549e4347f7fdce7ffd5,1569,0,31,right-7,left,right-dark,light-up,fewer-up,dual,2026-03-05 17:44:09.7740000
28919,60ca13ec0bc197cf1fdef3d7,653,1,70,right-8,right,right-dark,light-up,fewer-up,single,2026-03-05 17:44:09.8590000
28920,66e0585aeee549c122da5983,663,0,36,right-2,left,right-dark,dark-up,greater-up,single,2026-03-05 17:44:09.8830000
28921,662fb42cc3458e96dee33181,756,1,43,right-7,right,right-dark,dark-up,greater-up,single,2026-03-05 17:44:11.6820000
28922,60ca13ec0bc197cf1fdef3d7,710,0,71,left-9,right,left-dark,light-up,fewer-up,single,2026-03-05 17:44:11.7110000
28923,68097549e4347f7fdce7ffd5,1106,1,32,right-2,right,right-dark,light-up,fewer-up,dual,2026-03-05 17:44:12.0190000
28924,66e0585aeee549c122da5983,1107,0,37,left-7,left,left-dark,light-up,greater-up,single,2026-03-05 17:44:12.0730000
28925,662fb42cc3458e96dee33181,811,1,44,left-4,right,left-dark,light-up,greater-up,single,2026-03-05 17:44:13.8490000
28926,60ca13ec0bc197cf1fdef3d7,1366,1,72,left-7,right,left-dark,light-up,greater-up,single,2026-03-05 17:44:14.3900000
28927,66e0585aeee549c122da5983,781,1,38,right-5,right,right-dark,dark-up,greater-up,single,2026-03-05 17:44:14.3480000
28928,68097549e4347f7fdce7ffd5,1578,0,33,right-7,right,right-dark,dark-up,fewer-up,dual,2026-03-05 17:44:15.0740000
28929,662fb42cc3458e96dee33181,828,1,45,left-1,right,left-dark,light-up,greater-up,single,2026-03-05 17:44:15.8800000
28930,66e0585aeee549c122da5983,455,1,39,right-1,right,right-dark,dark-up,greater-up,single,2026-03-05 17:44:15.9990000
28931,60ca13ec0bc197cf1fdef3d7,989,1,73,left-0,right,left-dark,light-up,greater-up,single,2026-03-05 17:44:16.6270000
28932,662fb42cc3458e96dee33181,825,1,46,right-2,right,right-dark,dark-up,greater-up,single,2026-03-05 17:44:18.2680000
28933,68097549e4347f7fdce7ffd5,1598,0,34,right-5,right,right-dark,dark-up,fewer-up,dual,2026-03-05 17:44:17.9040000
28934,60ca13ec0bc197cf1fdef3d7,687,1,74,left-0,left,left-dark,dark-up,greater-up,single,2026-03-05 17:44:18.4620000
28935,68097549e4347f7fdce7ffd5,667,1,35,left-9,left,left-dark,light-up,fewer-up,dual,2026-03-05 17:44:19.8320000
28936,662fb42cc3458e96dee33181,790,1,47,right-9,right,right-dark,dark-up,greater-up,single,2026-03-05 17:44:20.5410000
28937,60ca13ec0bc197cf1fdef3d7,1030,1,75,right-7,left,right-dark,dark-up,fewer-up,single,2026-03-05 17:44:20.7350000
28938,68097549e4347f7fdce7ffd5,NULL,0,36,left-2,none,left-dark,light-up,greater-up,dual,2026-03-05 17:44:22.2390000
28939,662fb42cc3458e96dee33181,997,1,48,right-8,left,right-dark,dark-up,fewer-up,single,2026-03-05 17:44:22.6470000
28940,60ca13ec0bc197cf1fdef3d7,724,1,76,right-5,right,right-dark,dark-up,greater-up,single,2026-03-05 17:44:22.8930000
28941,66e0585aeee549c122da5983,1635,1,40,left-1,left,left-dark,dark-up,greater-up,single,2026-03-05 17:44:23.3310000
28942,68097549e4347f7fdce7ffd5,621,1,37,left-4,left,left-dark,dark-up,greater-up,dual,2026-03-05 17:44:24.6500000
28943,662fb42cc3458e96dee33181,861,1,49,right-3,right,right-dark,dark-up,greater-up,single,2026-03-05 17:44:25.0760000
28944,60ca13ec0bc197cf1fdef3d7,849,1,77,right-6,left,right-dark,dark-up,fewer-up,single,2026-03-05 17:44:24.8990000
28945,66e0585aeee549c122da5983,1319,1,41,right-8,left,right-dark,light-up,greater-up,single,2026-03-05 17:44:26.1350000
28946,662fb42cc3458e96dee33181,777,1,50,right-6,left,right-dark,light-up,greater-up,single,2026-03-05 17:44:27.1820000
28947,60ca13ec0bc197cf1fdef3d7,1077,1,78,right-3,left,right-dark,light-up,greater-up,single,2026-03-05 17:44:27.2070000
28948,68097549e4347f7fdce7ffd5,1378,0,38,left-7,left,left-dark,dark-up,fewer-up,dual,2026-03-05 17:44:27.3540000
28949,66e0585aeee549c122da5983,777,0,42,left-0,left,left-dark,dark-up,fewer-up,single,2026-03-05 17:44:28.4330000
28950,662fb42cc3458e96dee33181,1010,1,51,left-7,left,left-dark,light-up,fewer-up,single,2026-03-05 17:44:29.6140000
28951,60ca13ec0bc197cf1fdef3d7,1037,0,79,left-2,right,left-dark,light-up,fewer-up,single,2026-03-05 17:44:29.5730000
28952,68097549e4347f7fdce7ffd5,1421,0,39,left-1,left,left-dark,dark-up,fewer-up,dual,2026-03-05 17:44:30.2520000
28953,66e0585aeee549c122da5983,1036,0,43,right-6,right,right-dark,light-up,greater-up,single,2026-03-05 17:44:30.6220000
28954,662fb42cc3458e96dee33181,826,1,52,right-4,right,right-dark,dark-up,greater-up,single,2026-03-05 17:44:31.6600000
28955,66e0585aeee549c122da5983,1365,0,44,left-5,left,left-dark,light-up,greater-up,single,2026-03-05 17:44:33.1480000
28956,662fb42cc3458e96dee33181,1013,1,53,left-7,right,left-dark,dark-up,fewer-up,single,2026-03-05 17:44:34.0900000
28957,66e0585aeee549c122da5983,672,1,45,right-9,right,right-dark,light-up,fewer-up,single,2026-03-05 17:44:35.2550000
28958,662fb42cc3458e96dee33181,933,0,54,left-8,right,left-dark,dark-up,greater-up,single,2026-03-05 17:44:36.4000000
28959,68097549e4347f7fdce7ffd5,1272,1,40,right-1,right,right-dark,dark-up,greater-up,dual,2026-03-05 17:44:37.8080000
28960,66e0585aeee549c122da5983,882,0,46,right-3,right,right-dark,dark-up,fewer-up,single,2026-03-05 17:44:37.3790000
28961,662fb42cc3458e96dee33181,1186,1,55,left-8,left,left-dark,light-up,fewer-up,single,2026-03-05 17:44:39.0940000
28962,68097549e4347f7fdce7ffd5,1061,0,41,left-8,left,left-dark,light-up,greater-up,dual,2026-03-05 17:44:39.9300000
28963,66e0585aeee549c122da5983,1231,1,47,left-5,right,left-dark,dark-up,fewer-up,single,2026-03-05 17:44:40.0690000
28964,662fb42cc3458e96dee33181,864,1,56,left-0,left,left-dark,dark-up,greater-up,single,2026-03-05 17:44:41.1070000
28965,662fb42cc3458e96dee33181,802,1,57,left-2,right,left-dark,light-up,greater-up,single,2026-03-05 17:44:43.0320000
28966,68097549e4347f7fdce7ffd5,1434,0,42,left-9,left,left-dark,light-up,greater-up,dual,2026-03-05 17:44:42.8440000
28967,66e0585aeee549c122da5983,1244,1,48,left-4,right,left-dark,light-up,greater-up,single,2026-03-05 17:44:42.5420000
28968,662fb42cc3458e96dee33181,1185,1,58,right-3,right,right-dark,light-up,fewer-up,single,2026-03-05 17:44:45.5250000
28969,68097549e4347f7fdce7ffd5,1154,0,43,right-0,right,right-dark,dark-up,fewer-up,dual,2026-03-05 17:44:45.3980000
28970,66e0585aeee549c122da5983,1348,0,49,left-4,right,left-dark,light-up,fewer-up,single,2026-03-05 17:44:45.3090000
28971,662fb42cc3458e96dee33181,917,1,59,left-4,left,left-dark,light-up,fewer-up,single,2026-03-05 17:44:47.7090000
28972,68097549e4347f7fdce7ffd5,1077,0,44,right-1,right,right-dark,light-up,greater-up,dual,2026-03-05 17:44:47.5830000
28973,66e0585aeee549c122da5983,746,1,50,right-4,right,right-dark,dark-up,greater-up,single,2026-03-05 17:44:47.4030000
28974,68097549e4347f7fdce7ffd5,677,0,45,right-9,right,right-dark,dark-up,fewer-up,dual,2026-03-05 17:44:49.6450000
28975,66e0585aeee549c122da5983,1705,0,51,left-8,left,left-dark,dark-up,fewer-up,single,2026-03-05 17:44:50.3000000
28976,662fb42cc3458e96dee33181,1264,1,60,right-9,right,right-dark,light-up,fewer-up,single,2026-03-05 17:44:51.8770000
28977,68097549e4347f7fdce7ffd5,944,0,46,right-8,right,right-dark,light-up,greater-up,dual,2026-03-05 17:44:51.7810000
28978,66e0585aeee549c122da5983,584,0,52,right-2,right,right-dark,dark-up,fewer-up,single,2026-03-05 17:44:52.3340000
28979,662fb42cc3458e96dee33181,784,1,61,left-1,left,left-dark,dark-up,greater-up,single,2026-03-05 17:44:53.8310000
28980,68097549e4347f7fdce7ffd5,659,0,47,right-6,left,right-dark,dark-up,greater-up,dual,2026-03-05 17:44:53.8480000
28981,662fb42cc3458e96dee33181,924,1,62,right-6,right,right-dark,dark-up,greater-up,single,2026-03-05 17:44:55.7980000
28982,68097549e4347f7fdce7ffd5,836,0,48,right-3,right,right-dark,light-up,greater-up,dual,2026-03-05 17:44:55.7950000
28983,66e0585aeee549c122da5983,1641,1,53,left-4,right,left-dark,dark-up,fewer-up,single,2026-03-05 17:44:55.3240000
28984,68097549e4347f7fdce7ffd5,401,0,49,left-4,left,left-dark,dark-up,fewer-up,dual,2026-03-05 17:44:57.3080000
28985,662fb42cc3458e96dee33181,924,0,63,left-1,left,left-dark,dark-up,fewer-up,single,2026-03-05 17:44:57.7810000
28986,66e0585aeee549c122da5983,NULL,0,54,right-7,none,right-dark,dark-up,greater-up,single,2026-03-05 17:44:58.0880000
28987,68097549e4347f7fdce7ffd5,563,1,50,right-9,left,right-dark,light-up,greater-up,dual,2026-03-05 17:44:58.8990000
28988,662fb42cc3458e96dee33181,1043,1,64,right-6,right,right-dark,light-up,fewer-up,single,2026-03-05 17:45:00.0580000
28989,68097549e4347f7fdce7ffd5,869,1,51,left-6,left,left-dark,dark-up,greater-up,dual,2026-03-05 17:45:01.1240000
28990,662fb42cc3458e96dee33181,928,1,65,right-5,right,right-dark,light-up,fewer-up,single,2026-03-05 17:45:02.1840000
28991,66e0585aeee549c122da5983,1515,0,55,right-4,left,right-dark,light-up,fewer-up,single,2026-03-05 17:45:01.3480000
28992,662fb42cc3458e96dee33181,847,1,66,right-1,right,right-dark,light-up,fewer-up,single,2026-03-05 17:45:04.2600000
28993,68097549e4347f7fdce7ffd5,1452,1,52,left-8,left,left-dark,light-up,fewer-up,dual,2026-03-05 17:45:03.8790000
28994,66e0585aeee549c122da5983,796,0,56,left-6,right,left-dark,light-up,fewer-up,single,2026-03-05 17:45:03.5210000
28995,66e0585aeee549c122da5983,680,0,57,left-8,right,left-dark,dark-up,greater-up,single,2026-03-05 17:45:05.3750000
28996,68097549e4347f7fdce7ffd5,966,1,53,left-4,left,left-dark,light-up,fewer-up,dual,2026-03-05 17:45:06.0380000
28997,662fb42cc3458e96dee33181,877,1,67,left-2,left,left-dark,light-up,fewer-up,single,2026-03-05 17:45:06.6600000
28998,66e0585aeee549c122da5983,451,1,58,left-0,right,left-dark,light-up,greater-up,single,2026-03-05 17:45:07.2590000
28999,68097549e4347f7fdce7ffd5,1092,0,54,left-5,left,left-dark,light-up,greater-up,dual,2026-03-05 17:45:08.2850000
29000,662fb42cc3458e96dee33181,975,1,68,right-1,left,right-dark,light-up,greater-up,single,2026-03-05 17:45:08.7860000
29001,66e0585aeee549c122da5983,1107,1,59,right-2,right,right-dark,light-up,fewer-up,single,2026-03-05 17:45:09.4410000
29002,68097549e4347f7fdce7ffd5,435,1,55,right-3,right,right-dark,light-up,fewer-up,dual,2026-03-05 17:45:10.0330000
29003,662fb42cc3458e96dee33181,773,1,69,right-5,left,right-dark,light-up,greater-up,single,2026-03-05 17:45:10.7390000
29004,68097549e4347f7fdce7ffd5,1085,0,56,left-7,right,left-dark,light-up,fewer-up,dual,2026-03-05 17:45:12.2180000
29005,662fb42cc3458e96dee33181,880,1,70,right-0,right,right-dark,light-up,fewer-up,single,2026-03-05 17:45:12.7090000
29006,68097549e4347f7fdce7ffd5,857,0,57,right-2,right,right-dark,dark-up,fewer-up,dual,2026-03-05 17:45:14.4500000
29007,662fb42cc3458e96dee33181,1217,1,71,right-3,left,right-dark,light-up,greater-up,single,2026-03-05 17:45:15.1090000
29008,68097549e4347f7fdce7ffd5,687,0,58,right-0,right,right-dark,light-up,greater-up,dual,2026-03-05 17:45:16.4570000
29009,66e0585aeee549c122da5983,1554,0,60,right-1,right,right-dark,light-up,greater-up,single,2026-03-05 17:45:16.2230000
29010,662fb42cc3458e96dee33181,918,1,72,left-9,right,left-dark,dark-up,fewer-up,single,2026-03-05 17:45:17.3860000
29011,68097549e4347f7fdce7ffd5,292,1,59,left-5,left,left-dark,dark-up,greater-up,dual,2026-03-05 17:45:18.0960000
29012,66e0585aeee549c122da5983,802,1,61,left-5,left,left-dark,dark-up,greater-up,single,2026-03-05 17:45:18.1840000
29013,662fb42cc3458e96dee33181,822,1,73,left-8,right,left-dark,light-up,greater-up,single,2026-03-05 17:45:19.5650000
29014,66e0585aeee549c122da5983,1393,0,62,right-6,left,right-dark,light-up,fewer-up,single,2026-03-05 17:45:20.6640000
29015,662fb42cc3458e96dee33181,1001,1,74,right-1,left,right-dark,dark-up,fewer-up,single,2026-03-05 17:45:21.7620000
29016,66e0585aeee549c122da5983,565,1,63,left-3,right,left-dark,light-up,greater-up,single,2026-03-05 17:45:22.6800000
29017,662fb42cc3458e96dee33181,982,1,75,left-5,left,left-dark,light-up,fewer-up,single,2026-03-05 17:45:23.9770000
29018,68097549e4347f7fdce7ffd5,1046,1,60,right-5,right,right-dark,light-up,fewer-up,dual,2026-03-05 17:45:24.6100000
29019,66e0585aeee549c122da5983,1080,1,64,right-3,right,right-dark,dark-up,greater-up,single,2026-03-05 17:45:25.2630000
29020,662fb42cc3458e96dee33181,1577,1,76,right-9,left,right-dark,dark-up,fewer-up,single,2026-03-05 17:45:26.6230000
29021,68097549e4347f7fdce7ffd5,1035,1,61,right-8,right,right-dark,light-up,fewer-up,dual,2026-03-05 17:45:27.1710000
29022,66e0585aeee549c122da5983,1212,0,65,right-0,left,right-dark,light-up,fewer-up,single,2026-03-05 17:45:27.5770000
29023,662fb42cc3458e96dee33181,872,1,77,right-5,left,right-dark,dark-up,fewer-up,single,2026-03-05 17:45:28.6390000
29024,68097549e4347f7fdce7ffd5,1096,1,62,right-4,right,right-dark,light-up,fewer-up,dual,2026-03-05 17:45:29.7440000
29025,66e0585aeee549c122da5983,1120,0,66,left-9,right,left-dark,light-up,fewer-up,single,2026-03-05 17:45:29.7280000
29026,662fb42cc3458e96dee33181,NULL,0,78,left-1,none,left-dark,light-up,fewer-up,single,2026-03-05 17:45:31.1340000
29027,68097549e4347f7fdce7ffd5,1031,1,63,right-2,left,right-dark,light-up,greater-up,dual,2026-03-05 17:45:32.2540000
29028,66e0585aeee549c122da5983,665,0,67,right-6,right,right-dark,dark-up,fewer-up,single,2026-03-05 17:45:31.8930000
29029,662fb42cc3458e96dee33181,1436,1,79,left-3,right,left-dark,dark-up,fewer-up,single,2026-03-05 17:45:34.3170000
29030,66e0585aeee549c122da5983,452,0,68,left-2,left,left-dark,dark-up,fewer-up,single,2026-03-05 17:45:33.5840000
29031,68097549e4347f7fdce7ffd5,887,0,64,right-9,left,right-dark,light-up,fewer-up,dual,2026-03-05 17:45:34.6550000
29032,66e0585aeee549c122da5983,603,1,69,right-8,right,right-dark,light-up,fewer-up,single,2026-03-05 17:45:35.6990000
29033,68097549e4347f7fdce7ffd5,1087,0,65,right-6,right,right-dark,light-up,greater-up,dual,2026-03-05 17:45:36.9990000
29034,66e0585aeee549c122da5983,679,0,70,right-9,right,right-dark,light-up,greater-up,single,2026-03-05 17:45:37.4650000
29035,68097549e4347f7fdce7ffd5,597,0,66,left-7,left,left-dark,light-up,greater-up,dual,2026-03-05 17:45:39.0690000
29036,66e0585aeee549c122da5983,596,0,71,left-2,right,left-dark,light-up,fewer-up,single,2026-03-05 17:45:39.2780000
29037,68097549e4347f7fdce7ffd5,1076,0,67,left-6,left,left-dark,dark-up,fewer-up,dual,2026-03-05 17:45:41.3570000
29038,66e0585aeee549c122da5983,486,1,72,right-9,right,right-dark,dark-up,greater-up,single,2026-03-05 17:45:41.1450000
29039,68097549e4347f7fdce7ffd5,1075,1,68,right-5,right,right-dark,dark-up,greater-up,dual,2026-03-05 17:45:43.5030000
29040,66e0585aeee549c122da5983,1243,1,73,left-7,right,left-dark,dark-up,fewer-up,single,2026-03-05 17:45:43.6680000
29041,68097549e4347f7fdce7ffd5,1045,1,69,left-3,left,left-dark,light-up,fewer-up,dual,2026-03-05 17:45:46.0220000
29042,66e0585aeee549c122da5983,1133,0,74,right-8,left,right-dark,dark-up,greater-up,single,2026-03-05 17:45:46.0450000
29043,68097549e4347f7fdce7ffd5,986,1,70,left-3,right,left-dark,dark-up,fewer-up,dual,2026-03-05 17:45:48.0530000
29044,66e0585aeee549c122da5983,1045,0,75,left-1,right,left-dark,light-up,fewer-up,single,2026-03-05 17:45:48.4930000
29045,68097549e4347f7fdce7ffd5,859,1,71,right-1,right,right-dark,light-up,fewer-up,dual,2026-03-05 17:45:50.1200000
29046,66e0585aeee549c122da5983,720,0,76,right-5,right,right-dark,dark-up,fewer-up,single,2026-03-05 17:45:50.5190000
29047,68097549e4347f7fdce7ffd5,1320,1,72,left-1,left,left-dark,dark-up,greater-up,dual,2026-03-05 17:45:52.6010000
29048,66e0585aeee549c122da5983,578,0,77,left-3,right,left-dark,dark-up,greater-up,single,2026-03-05 17:45:52.4960000
29049,68097549e4347f7fdce7ffd5,832,1,73,right-4,right,right-dark,dark-up,greater-up,dual,2026-03-05 17:45:54.8270000
29050,66e0585aeee549c122da5983,852,0,78,left-0,right,left-dark,light-up,fewer-up,single,2026-03-05 17:45:54.4740000
29051,68097549e4347f7fdce7ffd5,647,1,74,right-8,right,right-dark,dark-up,greater-up,dual,2026-03-05 17:45:56.9270000
29052,66e0585aeee549c122da5983,712,1,79,right-0,left,right-dark,dark-up,fewer-up,single,2026-03-05 17:45:56.6680000
29053,68097549e4347f7fdce7ffd5,703,1,75,left-7,left,left-dark,dark-up,greater-up,dual,2026-03-05 17:45:58.8220000
29054,68097549e4347f7fdce7ffd5,690,0,76,left-0,left,left-dark,light-up,greater-up,dual,2026-03-05 17:46:00.6950000
29055,68097549e4347f7fdce7ffd5,811,0,77,left-8,right,left-dark,dark-up,greater-up,dual,2026-03-05 17:46:02.8460000
29056,68097549e4347f7fdce7ffd5,721,1,78,left-2,left,left-dark,light-up,fewer-up,dual,2026-03-05 17:46:05.0590000
29057,68097549e4347f7fdce7ffd5,1408,1,79,left-1,left,left-dark,light-up,fewer-up,dual,2026-03-05 17:46:07.7690000
29058,55b5f6b6fdf99b713277dc94,1377,1,0,left-9,left,left-dark,dark-up,greater-up,dual,2026-03-05 17:55:51.9110000
29059,55b5f6b6fdf99b713277dc94,815,1,1,right-7,right,right-dark,dark-up,greater-up,dual,2026-03-05 17:55:54.0770000
29060,55b5f6b6fdf99b713277dc94,838,1,2,left-2,left,left-dark,light-up,fewer-up,dual,2026-03-05 17:55:56.2270000
29061,55b5f6b6fdf99b713277dc94,652,0,3,left-7,left,left-dark,light-up,greater-up,dual,2026-03-05 17:55:58.4290000
29062,55b5f6b6fdf99b713277dc94,767,0,4,left-9,left,left-dark,dark-up,fewer-up,dual,2026-03-05 17:56:00.3590000
29063,55b5f6b6fdf99b713277dc94,691,1,5,left-2,left,left-dark,dark-up,greater-up,dual,2026-03-05 17:56:02.3180000
29064,55b5f6b6fdf99b713277dc94,599,0,6,left-1,left,left-dark,light-up,greater-up,dual,2026-03-05 17:56:04.1960000
29065,55b5f6b6fdf99b713277dc94,680,1,7,left-4,left,left-dark,light-up,fewer-up,dual,2026-03-05 17:56:06.4220000
29066,55b5f6b6fdf99b713277dc94,NULL,0,8,right-8,none,right-dark,light-up,greater-up,dual,2026-03-05 17:56:08.8940000
29067,55b5f6b6fdf99b713277dc94,595,1,9,left-6,left,left-dark,light-up,fewer-up,dual,2026-03-05 17:56:11.4330000
29068,55b5f6b6fdf99b713277dc94,484,1,10,left-0,left,left-dark,light-up,fewer-up,dual,2026-03-05 17:56:13.3630000
29069,676427fa7d4ecfeff61b58fe,1735,1,0,right-5,right,right-dark,dark-up,greater-up,single,2026-03-05 17:56:24.3880000
29070,55b5f6b6fdf99b713277dc94,587,0,11,left-4,left,left-dark,light-up,greater-up,dual,2026-03-05 17:56:15.2430000
29071,676427fa7d4ecfeff61b58fe,1486,1,1,left-9,right,left-dark,dark-up,fewer-up,single,2026-03-05 17:56:27.2190000
29072,55b5f6b6fdf99b713277dc94,NULL,0,12,right-0,none,right-dark,light-up,fewer-up,dual,2026-03-05 17:56:17.8430000
29073,676427fa7d4ecfeff61b58fe,NULL,0,2,right-7,none,right-dark,dark-up,fewer-up,single,2026-03-05 17:56:29.8590000
29074,55b5f6b6fdf99b713277dc94,772,1,13,left-0,left,left-dark,dark-up,greater-up,dual,2026-03-05 17:56:20.6220000
29075,55b5f6b6fdf99b713277dc94,968,0,14,left-5,left,left-dark,dark-up,fewer-up,dual,2026-03-05 17:56:22.7710000
29076,676427fa7d4ecfeff61b58fe,1313,0,3,right-3,right,right-dark,light-up,greater-up,single,2026-03-05 17:56:32.8680000
29077,55b5f6b6fdf99b713277dc94,569,0,15,right-9,left,right-dark,dark-up,greater-up,dual,2026-03-05 17:56:24.8120000
29078,676427fa7d4ecfeff61b58fe,NULL,0,4,left-4,none,left-dark,dark-up,greater-up,single,2026-03-05 17:56:35.2570000
29079,55b5f6b6fdf99b713277dc94,1058,1,16,right-0,right,right-dark,dark-up,greater-up,dual,2026-03-05 17:56:26.9980000
29080,676427fa7d4ecfeff61b58fe,1365,1,5,left-3,right,left-dark,light-up,greater-up,single,2026-03-05 17:56:38.4370000
29081,55b5f6b6fdf99b713277dc94,1420,0,17,right-6,right,right-dark,light-up,greater-up,dual,2026-03-05 17:56:29.4970000
29082,676427fa7d4ecfeff61b58fe,1318,0,6,right-7,right,right-dark,light-up,greater-up,single,2026-03-05 17:56:41.1880000
29083,55b5f6b6fdf99b713277dc94,787,0,18,left-8,right,left-dark,dark-up,greater-up,dual,2026-03-05 17:56:31.6290000
29084,676427fa7d4ecfeff61b58fe,1244,1,7,right-1,right,right-dark,dark-up,greater-up,single,2026-03-05 17:56:43.7810000
29085,55b5f6b6fdf99b713277dc94,1322,1,19,right-4,left,right-dark,dark-up,fewer-up,dual,2026-03-05 17:56:34.5030000
29086,676427fa7d4ecfeff61b58fe,1038,1,8,left-5,left,left-dark,light-up,fewer-up,single,2026-03-05 17:56:46.1980000
29087,676427fa7d4ecfeff61b58fe,1149,1,9,left-8,right,left-dark,dark-up,fewer-up,single,2026-03-05 17:56:48.5350000
29088,676427fa7d4ecfeff61b58fe,756,1,10,left-2,left,left-dark,dark-up,greater-up,single,2026-03-05 17:56:50.7680000
29089,676427fa7d4ecfeff61b58fe,1030,1,11,left-1,left,left-dark,dark-up,greater-up,single,2026-03-05 17:56:52.8850000
29090,55b5f6b6fdf99b713277dc94,1280,1,20,left-4,right,left-dark,dark-up,fewer-up,dual,2026-03-05 17:56:43.9960000
29091,676427fa7d4ecfeff61b58fe,1154,0,12,right-8,right,right-dark,dark-up,fewer-up,single,2026-03-05 17:56:55.2680000
29092,55b5f6b6fdf99b713277dc94,755,0,21,left-7,right,left-dark,light-up,fewer-up,dual,2026-03-05 17:56:46.0760000
29093,676427fa7d4ecfeff61b58fe,1322,1,13,left-2,right,left-dark,light-up,greater-up,single,2026-03-05 17:56:57.9100000
29094,55b5f6b6fdf99b713277dc94,1619,1,22,right-2,left,right-dark,dark-up,fewer-up,dual,2026-03-05 17:56:49.2400000
29095,676427fa7d4ecfeff61b58fe,1410,1,14,left-5,right,left-dark,light-up,greater-up,single,2026-03-05 17:57:00.8480000
29096,55b5f6b6fdf99b713277dc94,1289,0,23,right-9,left,right-dark,light-up,fewer-up,dual,2026-03-05 17:56:51.7380000
29097,676427fa7d4ecfeff61b58fe,1511,0,15,right-0,right,right-dark,light-up,greater-up,single,2026-03-05 17:57:03.6490000
29098,55b5f6b6fdf99b713277dc94,1012,0,24,right-1,right,right-dark,dark-up,fewer-up,dual,2026-03-05 17:56:54.0680000
29099,55b5f6b6fdf99b713277dc94,544,0,25,right-1,left,right-dark,dark-up,greater-up,dual,2026-03-05 17:56:55.8880000
29100,676427fa7d4ecfeff61b58fe,927,1,16,left-0,left,left-dark,dark-up,greater-up,single,2026-03-05 17:57:05.9480000
29101,55b5f6b6fdf99b713277dc94,1346,1,26,left-3,right,left-dark,dark-up,fewer-up,dual,2026-03-05 17:56:58.7550000
29102,676427fa7d4ecfeff61b58fe,1192,1,17,left-2,right,left-dark,dark-up,fewer-up,single,2026-03-05 17:57:08.3960000
29103,676427fa7d4ecfeff61b58fe,1280,1,18,right-9,right,right-dark,light-up,fewer-up,single,2026-03-05 17:57:10.7320000
29104,55b5f6b6fdf99b713277dc94,1302,1,27,right-1,left,right-dark,light-up,greater-up,dual,2026-03-05 17:57:01.4270000
29105,676427fa7d4ecfeff61b58fe,1528,1,19,right-0,left,right-dark,dark-up,fewer-up,single,2026-03-05 17:57:13.3450000
29106,55b5f6b6fdf99b713277dc94,NULL,0,28,right-2,none,right-dark,light-up,fewer-up,dual,2026-03-05 17:57:03.9710000
29107,55b5f6b6fdf99b713277dc94,NULL,0,29,right-8,none,right-dark,dark-up,fewer-up,dual,2026-03-05 17:57:06.7540000
29108,55b5f6b6fdf99b713277dc94,1427,0,30,right-8,left,right-dark,dark-up,greater-up,dual,2026-03-05 17:57:10.0020000
29109,55b5f6b6fdf99b713277dc94,1098,0,31,left-8,left,left-dark,dark-up,fewer-up,dual,2026-03-05 17:57:12.5770000
29110,676427fa7d4ecfeff61b58fe,1533,0,20,left-3,right,left-dark,light-up,fewer-up,single,2026-03-05 17:57:23.5960000
29111,55b5f6b6fdf99b713277dc94,1452,1,32,right-9,left,right-dark,dark-up,fewer-up,dual,2026-03-05 17:57:15.1890000
29112,676427fa7d4ecfeff61b58fe,1302,0,21,left-3,left,left-dark,dark-up,fewer-up,single,2026-03-05 17:57:26.2610000
29113,55b5f6b6fdf99b713277dc94,1654,0,33,left-5,left,left-dark,light-up,greater-up,dual,2026-03-05 17:57:18.1920000
29114,676427fa7d4ecfeff61b58fe,1711,1,22,right-4,right,right-dark,dark-up,greater-up,single,2026-03-05 17:57:29.3950000
29115,55b5f6b6fdf99b713277dc94,828,1,34,right-5,left,right-dark,dark-up,fewer-up,dual,2026-03-05 17:57:20.3010000
29116,676427fa7d4ecfeff61b58fe,1349,1,23,right-8,right,right-dark,light-up,fewer-up,single,2026-03-05 17:57:32.2460000
29117,55b5f6b6fdf99b713277dc94,1212,1,35,left-6,right,left-dark,light-up,greater-up,dual,2026-03-05 17:57:22.9390000
29118,676427fa7d4ecfeff61b58fe,NULL,0,24,left-3,none,left-dark,dark-up,greater-up,single,2026-03-05 17:57:34.6780000
29119,55b5f6b6fdf99b713277dc94,1276,0,36,left-3,right,left-dark,light-up,fewer-up,dual,2026-03-05 17:57:25.3060000
29120,55b5f6b6fdf99b713277dc94,1076,0,37,right-7,left,right-dark,light-up,fewer-up,dual,2026-03-05 17:57:27.8280000
29121,676427fa7d4ecfeff61b58fe,1169,1,25,left-8,left,left-dark,dark-up,greater-up,single,2026-03-05 17:57:37.4900000
29122,55b5f6b6fdf99b713277dc94,1040,0,38,left-4,right,left-dark,dark-up,greater-up,dual,2026-03-05 17:57:29.9740000
29123,676427fa7d4ecfeff61b58fe,1183,1,26,right-9,right,right-dark,dark-up,greater-up,single,2026-03-05 17:57:39.7930000
29124,55b5f6b6fdf99b713277dc94,720,0,39,left-6,left,left-dark,dark-up,fewer-up,dual,2026-03-05 17:57:31.8070000
29125,676427fa7d4ecfeff61b58fe,1126,1,27,left-6,left,left-dark,dark-up,greater-up,single,2026-03-05 17:57:42.1590000
29126,676427fa7d4ecfeff61b58fe,1336,1,28,left-5,right,left-dark,dark-up,fewer-up,single,2026-03-05 17:57:44.8070000
29127,676427fa7d4ecfeff61b58fe,1174,1,29,right-8,left,right-dark,light-up,greater-up,single,2026-03-05 17:57:47.1260000
29128,676427fa7d4ecfeff61b58fe,1557,0,30,right-0,left,right-dark,dark-up,greater-up,single,2026-03-05 17:57:50.0070000
29129,676427fa7d4ecfeff61b58fe,1463,0,31,right-6,right,right-dark,light-up,greater-up,single,2026-03-05 17:57:52.8760000
29130,55b5f6b6fdf99b713277dc94,819,0,40,right-1,left,right-dark,light-up,fewer-up,dual,2026-03-05 17:57:44.2220000
29131,676427fa7d4ecfeff61b58fe,1315,0,32,left-0,left,left-dark,dark-up,fewer-up,single,2026-03-05 17:57:55.3890000
29132,55b5f6b6fdf99b713277dc94,811,0,41,right-0,right,right-dark,dark-up,fewer-up,dual,2026-03-05 17:57:46.2770000
29133,676427fa7d4ecfeff61b58fe,1334,1,33,right-1,left,right-dark,dark-up,fewer-up,single,2026-03-05 17:57:58.0250000
29134,55b5f6b6fdf99b713277dc94,1247,0,42,left-8,right,left-dark,light-up,fewer-up,dual,2026-03-05 17:57:48.6020000
29135,676427fa7d4ecfeff61b58fe,1633,1,34,right-3,right,right-dark,dark-up,greater-up,single,2026-03-05 17:58:00.9400000
29136,55b5f6b6fdf99b713277dc94,1640,1,43,right-7,left,right-dark,light-up,greater-up,dual,2026-03-05 17:57:51.5200000
29137,676427fa7d4ecfeff61b58fe,1363,1,35,right-0,right,right-dark,light-up,fewer-up,single,2026-03-05 17:58:03.5400000
29138,55b5f6b6fdf99b713277dc94,1649,1,44,right-4,left,right-dark,light-up,greater-up,dual,2026-03-05 17:57:54.3320000
29139,55b5f6b6fdf99b713277dc94,770,0,45,left-7,left,left-dark,dark-up,fewer-up,dual,2026-03-05 17:57:56.3730000
29140,676427fa7d4ecfeff61b58fe,1518,1,36,left-7,right,left-dark,dark-up,fewer-up,single,2026-03-05 17:58:06.3890000
29141,55b5f6b6fdf99b713277dc94,1053,0,46,left-1,right,left-dark,light-up,fewer-up,dual,2026-03-05 17:57:58.6700000
29142,676427fa7d4ecfeff61b58fe,1600,0,37,left-0,left,left-dark,light-up,greater-up,single,2026-03-05 17:58:09.0390000
29143,55b5f6b6fdf99b713277dc94,NULL,0,47,right-0,none,right-dark,light-up,greater-up,dual,2026-03-05 17:58:01.1080000
29144,676427fa7d4ecfeff61b58fe,1542,1,38,right-4,left,right-dark,dark-up,fewer-up,single,2026-03-05 17:58:11.8700000
29145,55b5f6b6fdf99b713277dc94,762,0,48,left-7,right,left-dark,dark-up,greater-up,dual,2026-03-05 17:58:03.6830000
29146,676427fa7d4ecfeff61b58fe,1584,1,39,right-3,right,right-dark,light-up,fewer-up,single,2026-03-05 17:58:14.5210000
29147,55b5f6b6fdf99b713277dc94,508,0,49,right-3,left,right-dark,light-up,fewer-up,dual,2026-03-05 17:58:05.2780000
29148,55b5f6b6fdf99b713277dc94,898,0,50,right-5,left,right-dark,light-up,fewer-up,dual,2026-03-05 17:58:07.4700000
29149,55b5f6b6fdf99b713277dc94,1265,1,51,right-8,right,right-dark,light-up,fewer-up,dual,2026-03-05 17:58:10.0150000
29150,55b5f6b6fdf99b713277dc94,704,1,52,right-6,right,right-dark,light-up,fewer-up,dual,2026-03-05 17:58:11.9270000
29151,55b5f6b6fdf99b713277dc94,870,1,53,right-2,right,right-dark,dark-up,greater-up,dual,2026-03-05 17:58:14.0610000
29152,55b5f6b6fdf99b713277dc94,802,0,54,right-3,right,right-dark,light-up,greater-up,dual,2026-03-05 17:58:16.0670000
29153,55b5f6b6fdf99b713277dc94,237,0,55,right-2,right,right-dark,light-up,greater-up,dual,2026-03-05 17:58:17.4780000
29154,55b5f6b6fdf99b713277dc94,593,1,56,right-4,right,right-dark,dark-up,greater-up,dual,2026-03-05 17:58:19.5980000
29155,676427fa7d4ecfeff61b58fe,1235,1,40,left-1,left,left-dark,light-up,fewer-up,single,2026-03-05 17:58:30.4690000
29156,55b5f6b6fdf99b713277dc94,423,1,57,left-0,right,left-dark,dark-up,fewer-up,dual,2026-03-05 17:58:21.3180000
29157,55b5f6b6fdf99b713277dc94,817,1,58,right-5,right,right-dark,dark-up,greater-up,dual,2026-03-05 17:58:23.4790000
29158,676427fa7d4ecfeff61b58fe,1302,1,41,right-4,left,right-dark,light-up,greater-up,single,2026-03-05 17:58:33.2340000
29159,55b5f6b6fdf99b713277dc94,488,1,59,right-3,right,right-dark,dark-up,greater-up,dual,2026-03-05 17:58:25.4240000
29160,676427fa7d4ecfeff61b58fe,1244,1,42,right-6,right,right-dark,dark-up,greater-up,single,2026-03-05 17:58:35.9660000
29161,676427fa7d4ecfeff61b58fe,1228,1,43,left-2,left,left-dark,light-up,fewer-up,single,2026-03-05 17:58:38.4840000
29162,55b5f6b6fdf99b713277dc94,771,1,60,left-9,right,left-dark,light-up,greater-up,dual,2026-03-05 17:58:31.1000000
29163,676427fa7d4ecfeff61b58fe,1295,1,44,left-5,left,left-dark,dark-up,greater-up,single,2026-03-05 17:58:40.8690000
29164,55b5f6b6fdf99b713277dc94,252,1,61,left-3,right,left-dark,light-up,greater-up,dual,2026-03-05 17:58:32.7630000
29165,676427fa7d4ecfeff61b58fe,1294,1,45,right-6,right,right-dark,light-up,fewer-up,single,2026-03-05 17:58:43.4510000
29166,55b5f6b6fdf99b713277dc94,491,1,62,right-4,right,right-dark,light-up,fewer-up,dual,2026-03-05 17:58:34.3310000
29167,55b5f6b6fdf99b713277dc94,289,0,63,left-5,right,left-dark,light-up,fewer-up,dual,2026-03-05 17:58:36.0000000
29168,676427fa7d4ecfeff61b58fe,1263,1,46,right-5,left,right-dark,light-up,greater-up,single,2026-03-05 17:58:46.2310000
29169,55b5f6b6fdf99b713277dc94,716,0,64,right-3,right,right-dark,dark-up,fewer-up,dual,2026-03-05 17:58:37.8560000
29170,676427fa7d4ecfeff61b58fe,1194,1,47,right-6,left,right-dark,dark-up,fewer-up,single,2026-03-05 17:58:48.4650000
29171,55b5f6b6fdf99b713277dc94,495,0,65,left-3,right,left-dark,dark-up,greater-up,dual,2026-03-05 17:58:39.5340000
29172,55b5f6b6fdf99b713277dc94,324,0,66,left-5,right,left-dark,dark-up,greater-up,dual,2026-03-05 17:58:41.1090000
29173,676427fa7d4ecfeff61b58fe,1190,1,48,right-3,left,right-dark,dark-up,fewer-up,single,2026-03-05 17:58:51.0960000
29174,55b5f6b6fdf99b713277dc94,382,1,67,left-1,left,left-dark,dark-up,greater-up,dual,2026-03-05 17:58:42.5380000
29175,676427fa7d4ecfeff61b58fe,1189,1,49,left-7,right,left-dark,light-up,greater-up,single,2026-03-05 17:58:53.4670000
29176,55b5f6b6fdf99b713277dc94,369,0,68,left-0,left,left-dark,light-up,greater-up,dual,2026-03-05 17:58:44.3100000
29177,55b5f6b6fdf99b713277dc94,313,0,69,left-2,left,left-dark,dark-up,fewer-up,dual,2026-03-05 17:58:45.9320000
29178,676427fa7d4ecfeff61b58fe,1075,1,50,left-9,left,left-dark,light-up,fewer-up,single,2026-03-05 17:58:55.9300000
29179,55b5f6b6fdf99b713277dc94,784,0,70,right-6,right,right-dark,dark-up,fewer-up,dual,2026-03-05 17:58:48.1950000
29180,676427fa7d4ecfeff61b58fe,1392,1,51,right-9,left,right-dark,dark-up,fewer-up,single,2026-03-05 17:58:58.6970000
29181,55b5f6b6fdf99b713277dc94,10,1,71,right-5,left,right-dark,light-up,greater-up,dual,2026-03-05 17:58:49.3590000
29182,55b5f6b6fdf99b713277dc94,419,0,72,right-6,left,right-dark,dark-up,greater-up,dual,2026-03-05 17:58:51.0030000
29183,676427fa7d4ecfeff61b58fe,1309,1,52,left-8,left,left-dark,light-up,fewer-up,single,2026-03-05 17:59:01.0640000
29184,55b5f6b6fdf99b713277dc94,239,1,73,left-1,right,left-dark,dark-up,fewer-up,dual,2026-03-05 17:58:52.5750000
29185,676427fa7d4ecfeff61b58fe,1124,1,53,left-0,left,left-dark,light-up,fewer-up,single,2026-03-05 17:59:03.6120000
29186,55b5f6b6fdf99b713277dc94,1126,0,74,right-7,right,right-dark,dark-up,fewer-up,dual,2026-03-05 17:58:54.7820000
29187,676427fa7d4ecfeff61b58fe,852,1,54,left-7,left,left-dark,light-up,fewer-up,single,2026-03-05 17:59:05.7480000
29188,55b5f6b6fdf99b713277dc94,437,1,75,left-6,left,left-dark,dark-up,greater-up,dual,2026-03-05 17:58:56.2850000
29189,55b5f6b6fdf99b713277dc94,1246,1,76,right-9,left,right-dark,light-up,greater-up,dual,2026-03-05 17:58:58.6980000
29190,676427fa7d4ecfeff61b58fe,1741,1,55,right-2,left,right-dark,dark-up,fewer-up,single,2026-03-05 17:59:08.7580000
29191,55b5f6b6fdf99b713277dc94,539,1,77,left-9,left,left-dark,light-up,fewer-up,dual,2026-03-05 17:59:00.4510000
29192,676427fa7d4ecfeff61b58fe,1146,1,56,left-6,left,left-dark,light-up,fewer-up,single,2026-03-05 17:59:11.0300000
29193,55b5f6b6fdf99b713277dc94,813,0,78,left-2,left,left-dark,light-up,greater-up,dual,2026-03-05 17:59:02.4060000
29194,676427fa7d4ecfeff61b58fe,1082,1,57,right-8,right,right-dark,dark-up,greater-up,single,2026-03-05 17:59:13.5630000
29195,55b5f6b6fdf99b713277dc94,418,1,79,left-8,right,left-dark,light-up,greater-up,dual,2026-03-05 17:59:04.2420000
29196,676427fa7d4ecfeff61b58fe,1516,1,58,left-6,right,left-dark,dark-up,fewer-up,single,2026-03-05 17:59:16.4770000
29197,676427fa7d4ecfeff61b58fe,1589,0,59,left-4,left,left-dark,dark-up,fewer-up,single,2026-03-05 17:59:19.2930000
29198,676427fa7d4ecfeff61b58fe,1331,1,60,left-9,right,left-dark,light-up,greater-up,single,2026-03-05 17:59:34.1750000
29199,676427fa7d4ecfeff61b58fe,776,1,61,left-9,left,left-dark,dark-up,greater-up,single,2026-03-05 17:59:36.0250000
29200,676427fa7d4ecfeff61b58fe,982,1,62,left-4,right,left-dark,light-up,greater-up,single,2026-03-05 17:59:38.1410000
29201,676427fa7d4ecfeff61b58fe,1257,1,63,right-2,right,right-dark,light-up,fewer-up,single,2026-03-05 17:59:40.4400000
29202,676427fa7d4ecfeff61b58fe,1233,1,64,left-7,left,left-dark,dark-up,greater-up,single,2026-03-05 17:59:42.7580000
29203,676427fa7d4ecfeff61b58fe,1002,1,65,right-7,right,right-dark,light-up,fewer-up,single,2026-03-05 17:59:45.1740000
29204,676427fa7d4ecfeff61b58fe,1026,1,66,right-4,right,right-dark,light-up,fewer-up,single,2026-03-05 17:59:47.5410000
29205,676427fa7d4ecfeff61b58fe,1118,1,67,right-7,right,right-dark,dark-up,greater-up,single,2026-03-05 17:59:50.0390000
29206,676427fa7d4ecfeff61b58fe,1345,0,68,left-6,left,left-dark,light-up,greater-up,single,2026-03-05 17:59:52.8550000
29207,676427fa7d4ecfeff61b58fe,1138,1,69,right-2,right,right-dark,dark-up,greater-up,single,2026-03-05 17:59:55.1400000
29208,676427fa7d4ecfeff61b58fe,1324,1,70,right-9,left,right-dark,light-up,greater-up,single,2026-03-05 17:59:57.8380000
29209,676427fa7d4ecfeff61b58fe,1287,1,71,right-2,left,right-dark,light-up,greater-up,single,2026-03-05 18:00:00.6550000
29210,676427fa7d4ecfeff61b58fe,1035,1,72,right-5,right,right-dark,light-up,fewer-up,single,2026-03-05 18:00:02.9370000
29211,676427fa7d4ecfeff61b58fe,1312,1,73,right-1,left,right-dark,light-up,greater-up,single,2026-03-05 18:00:05.5700000
29212,676427fa7d4ecfeff61b58fe,1216,1,74,right-5,left,right-dark,dark-up,fewer-up,single,2026-03-05 18:00:08.1850000
29213,676427fa7d4ecfeff61b58fe,1290,1,75,left-8,right,left-dark,light-up,greater-up,single,2026-03-05 18:00:10.7520000
29214,676427fa7d4ecfeff61b58fe,1229,1,76,left-1,right,left-dark,dark-up,fewer-up,single,2026-03-05 18:00:13.1140000
29215,676427fa7d4ecfeff61b58fe,1202,1,77,left-1,right,left-dark,light-up,greater-up,single,2026-03-05 18:00:15.6690000
29216,676427fa7d4ecfeff61b58fe,1015,1,78,left-4,left,left-dark,light-up,fewer-up,single,2026-03-05 18:00:18.0180000
29217,676427fa7d4ecfeff61b58fe,1178,1,79,right-1,right,right-dark,light-up,fewer-up,single,2026-03-05 18:00:20.2190000
29218,5f4813c94e8b081877fb26a6,NULL,0,0,left-2,none,left-dark,dark-up,fewer-up,dual,2026-03-05 18:08:17.0160000
29219,5f4813c94e8b081877fb26a6,1055,1,1,right-1,left,right-dark,light-up,greater-up,dual,2026-03-05 18:08:19.7990000
29220,5f4813c94e8b081877fb26a6,1090,1,2,left-8,left,left-dark,dark-up,greater-up,dual,2026-03-05 18:08:22.1500000
29221,5f4813c94e8b081877fb26a6,1261,1,3,left-8,left,left-dark,light-up,fewer-up,dual,2026-03-05 18:08:24.9130000
29222,5f4813c94e8b081877fb26a6,865,1,4,right-4,left,right-dark,light-up,greater-up,dual,2026-03-05 18:08:26.9260000
29223,5f4813c94e8b081877fb26a6,714,1,5,left-2,right,left-dark,light-up,greater-up,dual,2026-03-05 18:08:28.9040000
29224,5f4813c94e8b081877fb26a6,1040,1,6,right-8,right,right-dark,dark-up,greater-up,dual,2026-03-05 18:08:31.2440000
29225,5f4813c94e8b081877fb26a6,1513,1,7,right-2,right,right-dark,light-up,fewer-up,dual,2026-03-05 18:08:34.3250000
29226,5f4813c94e8b081877fb26a6,1079,1,8,right-0,left,right-dark,dark-up,fewer-up,dual,2026-03-05 18:08:36.6810000
29227,5f4813c94e8b081877fb26a6,1185,1,9,right-0,right,right-dark,light-up,fewer-up,dual,2026-03-05 18:08:39.0620000
29228,5f4813c94e8b081877fb26a6,1171,0,10,right-0,right,right-dark,light-up,greater-up,dual,2026-03-05 18:08:41.4590000
29229,5f4813c94e8b081877fb26a6,1094,1,11,right-2,left,right-dark,light-up,greater-up,dual,2026-03-05 18:08:43.6720000
29230,5f4813c94e8b081877fb26a6,957,1,12,right-5,left,right-dark,light-up,greater-up,dual,2026-03-05 18:08:46.1910000
29231,5f4813c94e8b081877fb26a6,903,1,13,right-7,right,right-dark,dark-up,greater-up,dual,2026-03-05 18:08:48.2230000
29232,5f4813c94e8b081877fb26a6,861,1,14,left-5,left,left-dark,dark-up,greater-up,dual,2026-03-05 18:08:50.5250000
29233,5f4813c94e8b081877fb26a6,NULL,0,15,left-0,none,left-dark,dark-up,fewer-up,dual,2026-03-05 18:08:53.2940000
29235,5f4813c94e8b081877fb26a6,1201,1,16,left-2,left,left-dark,light-up,fewer-up,dual,2026-03-05 18:08:56.3850000
29237,5f4813c94e8b081877fb26a6,969,1,17,left-3,right,left-dark,light-up,greater-up,dual,2026-03-05 18:08:58.5830000
29239,5f4813c94e8b081877fb26a6,1109,1,18,left-6,right,left-dark,dark-up,fewer-up,dual,2026-03-05 18:09:01.0870000
29241,5f4813c94e8b081877fb26a6,943,1,19,left-4,right,left-dark,dark-up,fewer-up,dual,2026-03-05 18:09:03.1320000
29254,5f4813c94e8b081877fb26a6,1358,1,20,right-9,left,right-dark,light-up,greater-up,dual,2026-03-05 18:09:27.2580000
29257,5f4813c94e8b081877fb26a6,1281,1,21,right-6,right,right-dark,light-up,fewer-up,dual,2026-03-05 18:09:29.6550000
29259,5f4813c94e8b081877fb26a6,977,1,22,left-7,right,left-dark,dark-up,fewer-up,dual,2026-03-05 18:09:31.8690000
29261,5f4813c94e8b081877fb26a6,1512,1,23,right-7,left,right-dark,light-up,greater-up,dual,2026-03-05 18:09:34.7160000
29262,5f4813c94e8b081877fb26a6,778,1,24,left-7,right,left-dark,light-up,greater-up,dual,2026-03-05 18:09:36.8980000
29263,5f4813c94e8b081877fb26a6,821,1,25,left-9,left,left-dark,dark-up,greater-up,dual,2026-03-05 18:09:39.7460000
29265,5f4813c94e8b081877fb26a6,964,1,26,left-4,left,left-dark,dark-up,greater-up,dual,2026-03-05 18:09:42.1020000
29266,5f4813c94e8b081877fb26a6,663,1,27,left-0,left,left-dark,dark-up,greater-up,dual,2026-03-05 18:09:43.9130000
29267,5f4813c94e8b081877fb26a6,1000,1,28,left-6,right,left-dark,light-up,greater-up,dual,2026-03-05 18:09:46.0810000
29268,5f4813c94e8b081877fb26a6,916,1,29,right-0,right,right-dark,dark-up,greater-up,dual,2026-03-05 18:09:48.3400000
29269,5f4813c94e8b081877fb26a6,1202,1,30,right-2,right,right-dark,dark-up,greater-up,dual,2026-03-05 18:09:51.0460000
29270,5f4813c94e8b081877fb26a6,968,1,31,left-1,left,left-dark,light-up,fewer-up,dual,2026-03-05 18:09:53.6140000
29271,5f4813c94e8b081877fb26a6,742,1,32,left-6,left,left-dark,light-up,fewer-up,dual,2026-03-05 18:09:55.7510000
29272,5f4813c94e8b081877fb26a6,1289,1,33,right-7,left,right-dark,dark-up,fewer-up,dual,2026-03-05 18:09:58.3810000
29273,5f4813c94e8b081877fb26a6,929,1,34,right-3,right,right-dark,dark-up,greater-up,dual,2026-03-05 18:10:00.7680000
29274,5f4813c94e8b081877fb26a6,890,1,35,left-9,right,left-dark,light-up,greater-up,dual,2026-03-05 18:10:02.6760000
29275,5f4813c94e8b081877fb26a6,1152,0,36,left-9,left,left-dark,dark-up,fewer-up,dual,2026-03-05 18:10:05.2130000
29276,5f4813c94e8b081877fb26a6,953,1,37,right-2,left,right-dark,dark-up,fewer-up,dual,2026-03-05 18:10:07.5180000
29277,5f4813c94e8b081877fb26a6,992,1,38,right-6,left,right-dark,light-up,greater-up,dual,2026-03-05 18:10:09.9160000
29278,5f4813c94e8b081877fb26a6,1254,1,39,right-3,right,right-dark,light-up,fewer-up,dual,2026-03-05 18:10:12.6340000
29279,5f4813c94e8b081877fb26a6,970,1,40,left-6,left,left-dark,dark-up,greater-up,dual,2026-03-05 18:10:27.7800000
29280,5f4813c94e8b081877fb26a6,741,1,41,left-8,right,left-dark,light-up,greater-up,dual,2026-03-05 18:10:29.8280000
29281,5f4813c94e8b081877fb26a6,1402,1,42,left-3,right,left-dark,dark-up,fewer-up,dual,2026-03-05 18:10:32.5950000
29282,5f4813c94e8b081877fb26a6,969,1,43,left-5,left,left-dark,light-up,fewer-up,dual,2026-03-05 18:10:35.0080000
29283,5f4813c94e8b081877fb26a6,803,1,44,right-9,right,right-dark,dark-up,greater-up,dual,2026-03-05 18:10:37.2190000
29284,5f4813c94e8b081877fb26a6,940,1,45,right-3,left,right-dark,light-up,greater-up,dual,2026-03-05 18:10:39.6480000
29285,5f4813c94e8b081877fb26a6,732,1,46,right-5,right,right-dark,light-up,fewer-up,dual,2026-03-05 18:10:41.7070000
29286,5f4813c94e8b081877fb26a6,878,1,47,right-9,right,right-dark,light-up,fewer-up,dual,2026-03-05 18:10:43.8120000
29287,5f4813c94e8b081877fb26a6,817,1,48,right-3,left,right-dark,dark-up,fewer-up,dual,2026-03-05 18:10:45.7480000
29288,5f4813c94e8b081877fb26a6,1077,1,49,left-9,left,left-dark,light-up,fewer-up,dual,2026-03-05 18:10:48.2410000
29289,5f4813c94e8b081877fb26a6,1041,1,50,left-5,right,left-dark,light-up,greater-up,dual,2026-03-05 18:10:50.5950000
29290,5f4813c94e8b081877fb26a6,711,1,51,left-4,left,left-dark,light-up,fewer-up,dual,2026-03-05 18:10:52.8730000
29291,5f4813c94e8b081877fb26a6,1633,1,52,right-8,left,right-dark,dark-up,fewer-up,dual,2026-03-05 18:10:56.5420000
29292,5f4813c94e8b081877fb26a6,875,1,53,right-4,right,right-dark,dark-up,greater-up,dual,2026-03-05 18:10:58.9090000
29293,5f4813c94e8b081877fb26a6,782,1,54,left-0,left,left-dark,light-up,fewer-up,dual,2026-03-05 18:11:01.2590000
29294,5f4813c94e8b081877fb26a6,979,1,55,left-3,left,left-dark,light-up,fewer-up,dual,2026-03-05 18:11:03.6150000
29295,5f4813c94e8b081877fb26a6,1419,1,56,left-5,right,left-dark,dark-up,fewer-up,dual,2026-03-05 18:11:06.2400000
29296,5f4813c94e8b081877fb26a6,805,1,57,right-6,left,right-dark,dark-up,fewer-up,dual,2026-03-05 18:11:08.2270000
29297,5f4813c94e8b081877fb26a6,1122,1,58,right-5,left,right-dark,dark-up,fewer-up,dual,2026-03-05 18:11:10.5780000
29298,5f4813c94e8b081877fb26a6,827,1,59,right-4,right,right-dark,light-up,fewer-up,dual,2026-03-05 18:11:12.4230000
29299,5f4813c94e8b081877fb26a6,904,1,60,left-7,left,left-dark,dark-up,greater-up,dual,2026-03-05 18:11:24.7620000
29300,5f4813c94e8b081877fb26a6,725,1,61,left-1,right,left-dark,dark-up,fewer-up,dual,2026-03-05 18:11:27.0200000
29301,5f4813c94e8b081877fb26a6,731,1,62,right-5,right,right-dark,dark-up,greater-up,dual,2026-03-05 18:11:29.0660000
29302,5f4813c94e8b081877fb26a6,848,1,63,left-8,right,left-dark,dark-up,fewer-up,dual,2026-03-05 18:11:31.0370000
29303,5f4813c94e8b081877fb26a6,907,1,64,right-8,left,right-dark,light-up,greater-up,dual,2026-03-05 18:11:33.0640000
29304,5f4813c94e8b081877fb26a6,831,1,65,right-6,right,right-dark,dark-up,greater-up,dual,2026-03-05 18:11:34.9050000
29305,5f4813c94e8b081877fb26a6,938,1,66,left-1,right,left-dark,light-up,greater-up,dual,2026-03-05 18:11:37.1490000
29306,5f4813c94e8b081877fb26a6,669,1,67,left-2,left,left-dark,dark-up,greater-up,dual,2026-03-05 18:11:39.3630000
29307,5f4813c94e8b081877fb26a6,934,1,68,right-1,left,right-dark,dark-up,fewer-up,dual,2026-03-05 18:11:41.6900000
29308,5f4813c94e8b081877fb26a6,1590,1,69,right-7,right,right-dark,light-up,fewer-up,dual,2026-03-05 18:11:44.6120000
29309,5f4813c94e8b081877fb26a6,733,1,70,left-0,right,left-dark,light-up,greater-up,dual,2026-03-05 18:11:46.9380000
29310,5f4813c94e8b081877fb26a6,1034,1,71,right-4,left,right-dark,dark-up,fewer-up,dual,2026-03-05 18:11:49.1980000
29311,5f4813c94e8b081877fb26a6,1442,1,72,left-1,left,left-dark,dark-up,greater-up,dual,2026-03-05 18:11:51.9360000
29312,5f4813c94e8b081877fb26a6,932,1,73,right-1,right,right-dark,dark-up,greater-up,dual,2026-03-05 18:11:54.1960000
29313,5f4813c94e8b081877fb26a6,1472,1,74,left-7,left,left-dark,light-up,fewer-up,dual,2026-03-05 18:11:56.7490000
29314,5f4813c94e8b081877fb26a6,1236,1,75,left-3,left,left-dark,dark-up,greater-up,dual,2026-03-05 18:11:59.3000000
29315,5f4813c94e8b081877fb26a6,1700,1,76,left-4,right,left-dark,light-up,greater-up,dual,2026-03-05 18:12:02.4210000
29316,5f4813c94e8b081877fb26a6,1135,1,77,right-9,left,right-dark,dark-up,fewer-up,dual,2026-03-05 18:12:04.9870000
29317,5f4813c94e8b081877fb26a6,1178,1,78,right-8,right,right-dark,light-up,fewer-up,dual,2026-03-05 18:12:07.3430000
29318,5f4813c94e8b081877fb26a6,1267,1,79,right-1,right,right-dark,light-up,fewer-up,dual,2026-03-05 18:12:10.4700000
29319,671bbaf1bec15d847b871b9b,NULL,0,0,left-2,none,left-dark,light-up,fewer-up,single,2026-03-05 18:14:28.4820000
29320,671bbaf1bec15d847b871b9b,1531,1,1,left-9,left,left-dark,dark-up,greater-up,single,2026-03-05 18:14:31.9040000
29321,671bbaf1bec15d847b871b9b,1598,1,2,left-8,right,left-dark,light-up,greater-up,single,2026-03-05 18:14:34.7020000
29322,671bbaf1bec15d847b871b9b,1326,1,3,right-8,left,right-dark,light-up,greater-up,single,2026-03-05 18:14:37.3670000
29323,671bbaf1bec15d847b871b9b,1613,0,4,right-1,left,right-dark,light-up,fewer-up,single,2026-03-05 18:14:40.2810000
29324,671bbaf1bec15d847b871b9b,1536,1,5,left-7,left,left-dark,dark-up,greater-up,single,2026-03-05 18:14:43.3590000
29325,671bbaf1bec15d847b871b9b,NULL,0,6,left-6,none,left-dark,dark-up,greater-up,single,2026-03-05 18:14:45.9040000
29326,671bbaf1bec15d847b871b9b,1424,1,7,left-0,left,left-dark,light-up,fewer-up,single,2026-03-05 18:14:48.9340000
29327,671bbaf1bec15d847b871b9b,1716,1,8,right-2,left,right-dark,light-up,greater-up,single,2026-03-05 18:14:51.7960000
29328,671bbaf1bec15d847b871b9b,1457,1,9,left-1,right,left-dark,dark-up,fewer-up,single,2026-03-05 18:14:54.3800000
29329,671bbaf1bec15d847b871b9b,1658,1,10,right-7,right,right-dark,light-up,fewer-up,single,2026-03-05 18:14:57.2130000
29330,671bbaf1bec15d847b871b9b,1470,1,11,right-3,right,right-dark,dark-up,greater-up,single,2026-03-05 18:15:00.2110000
29331,671bbaf1bec15d847b871b9b,1662,1,12,right-8,right,right-dark,light-up,fewer-up,single,2026-03-05 18:15:03.2110000
29332,671bbaf1bec15d847b871b9b,1543,1,13,right-4,left,right-dark,light-up,greater-up,single,2026-03-05 18:15:05.8690000
29333,671bbaf1bec15d847b871b9b,1238,1,14,right-9,right,right-dark,dark-up,greater-up,single,2026-03-05 18:15:08.4400000
29334,671bbaf1bec15d847b871b9b,1276,0,15,right-6,left,right-dark,light-up,fewer-up,single,2026-03-05 18:15:11.1490000
29335,671bbaf1bec15d847b871b9b,1286,1,16,right-1,right,right-dark,dark-up,greater-up,single,2026-03-05 18:15:13.6470000
29336,671bbaf1bec15d847b871b9b,1619,0,17,right-4,right,right-dark,dark-up,fewer-up,single,2026-03-05 18:15:16.7460000
29337,671bbaf1bec15d847b871b9b,1349,1,18,right-1,left,right-dark,light-up,greater-up,single,2026-03-05 18:15:19.5930000
29338,671bbaf1bec15d847b871b9b,1108,1,19,right-0,left,right-dark,light-up,greater-up,single,2026-03-05 18:15:22.2180000
29339,671bbaf1bec15d847b871b9b,NULL,0,20,right-1,none,right-dark,dark-up,fewer-up,single,2026-03-05 18:15:30.8960000
29340,671bbaf1bec15d847b871b9b,1629,1,21,right-6,right,right-dark,dark-up,greater-up,single,2026-03-05 18:15:34.2600000
29341,671bbaf1bec15d847b871b9b,1523,1,22,right-8,left,right-dark,dark-up,fewer-up,single,2026-03-05 18:15:37.2760000
29342,671bbaf1bec15d847b871b9b,1501,1,23,left-8,left,left-dark,light-up,fewer-up,single,2026-03-05 18:15:39.9560000
29343,671bbaf1bec15d847b871b9b,1285,1,24,left-0,left,left-dark,dark-up,greater-up,single,2026-03-05 18:15:42.6220000
29344,671bbaf1bec15d847b871b9b,1214,1,25,left-5,left,left-dark,dark-up,greater-up,single,2026-03-05 18:15:45.0540000
29345,671bbaf1bec15d847b871b9b,1409,1,26,left-3,left,left-dark,light-up,fewer-up,single,2026-03-05 18:15:47.9530000
29346,671bbaf1bec15d847b871b9b,1203,1,27,right-2,right,right-dark,dark-up,greater-up,single,2026-03-05 18:15:50.3470000
29347,671bbaf1bec15d847b871b9b,1332,1,28,right-6,left,right-dark,dark-up,fewer-up,single,2026-03-05 18:15:53.0910000
29348,671bbaf1bec15d847b871b9b,1408,1,29,right-3,left,right-dark,light-up,greater-up,single,2026-03-05 18:15:55.9260000
29349,671bbaf1bec15d847b871b9b,1335,1,30,left-7,right,left-dark,dark-up,fewer-up,single,2026-03-05 18:15:58.3250000
29350,671bbaf1bec15d847b871b9b,1526,1,31,right-2,right,right-dark,light-up,fewer-up,single,2026-03-05 18:16:01.0690000
29351,671bbaf1bec15d847b871b9b,NULL,0,32,left-5,none,left-dark,dark-up,fewer-up,single,2026-03-05 18:16:03.3770000
29352,671bbaf1bec15d847b871b9b,1626,1,33,left-1,right,left-dark,light-up,greater-up,single,2026-03-05 18:16:06.9460000
29353,671bbaf1bec15d847b871b9b,1559,1,34,right-5,right,right-dark,light-up,fewer-up,single,2026-03-05 18:16:09.8820000
29354,671bbaf1bec15d847b871b9b,1319,1,35,left-6,right,left-dark,light-up,greater-up,single,2026-03-05 18:16:12.6390000
29355,671bbaf1bec15d847b871b9b,1471,1,36,left-6,right,left-dark,dark-up,fewer-up,single,2026-03-05 18:16:15.2740000
29356,671bbaf1bec15d847b871b9b,NULL,0,37,left-5,none,left-dark,light-up,fewer-up,single,2026-03-05 18:16:18.0290000
29357,671bbaf1bec15d847b871b9b,1288,1,38,left-8,right,left-dark,dark-up,fewer-up,single,2026-03-05 18:16:21.3320000
29358,671bbaf1bec15d847b871b9b,1378,1,39,left-1,left,left-dark,light-up,fewer-up,single,2026-03-05 18:16:24.2330000
29359,671bbaf1bec15d847b871b9b,1501,1,40,left-2,left,left-dark,dark-up,greater-up,single,2026-03-05 18:16:34.6490000
29360,671bbaf1bec15d847b871b9b,NULL,0,41,right-3,none,right-dark,dark-up,fewer-up,single,2026-03-05 18:16:37.0610000
29361,671bbaf1bec15d847b871b9b,1208,1,42,right-8,right,right-dark,dark-up,greater-up,single,2026-03-05 18:16:40.1780000
29362,671bbaf1bec15d847b871b9b,1489,1,43,right-2,left,right-dark,dark-up,fewer-up,single,2026-03-05 18:16:42.8450000
29363,671bbaf1bec15d847b871b9b,1193,1,44,left-2,right,left-dark,light-up,greater-up,single,2026-03-05 18:16:45.2910000
29364,671bbaf1bec15d847b871b9b,1122,1,45,left-4,left,left-dark,light-up,fewer-up,single,2026-03-05 18:16:47.9400000
29365,671bbaf1bec15d847b871b9b,1166,1,46,right-5,left,right-dark,dark-up,fewer-up,single,2026-03-05 18:16:50.3530000
29366,671bbaf1bec15d847b871b9b,1214,1,47,left-4,right,left-dark,light-up,greater-up,single,2026-03-05 18:16:52.7870000
29367,671bbaf1bec15d847b871b9b,NULL,0,48,left-9,none,left-dark,light-up,fewer-up,single,2026-03-05 18:16:55.0730000
29368,671bbaf1bec15d847b871b9b,1583,1,49,right-9,left,right-dark,light-up,greater-up,single,2026-03-05 18:16:58.2300000
29369,671bbaf1bec15d847b871b9b,1153,1,50,right-7,right,right-dark,dark-up,greater-up,single,2026-03-05 18:17:00.7970000
29370,671bbaf1bec15d847b871b9b,1415,1,51,left-3,right,left-dark,light-up,greater-up,single,2026-03-05 18:17:03.5560000
29371,671bbaf1bec15d847b871b9b,1261,1,52,left-3,left,left-dark,dark-up,greater-up,single,2026-03-05 18:17:06.2520000
29372,671bbaf1bec15d847b871b9b,1203,1,53,left-4,right,left-dark,dark-up,fewer-up,single,2026-03-05 18:17:08.9010000
29373,671bbaf1bec15d847b871b9b,1437,1,54,left-8,left,left-dark,dark-up,greater-up,single,2026-03-05 18:17:11.5840000
29374,671bbaf1bec15d847b871b9b,1128,1,55,right-6,left,right-dark,light-up,greater-up,single,2026-03-05 18:17:14.1470000
29375,671bbaf1bec15d847b871b9b,1273,1,56,right-0,right,right-dark,dark-up,greater-up,single,2026-03-05 18:17:16.5600000
29376,671bbaf1bec15d847b871b9b,1309,1,57,right-7,left,right-dark,light-up,greater-up,single,2026-03-05 18:17:18.9700000
29377,671bbaf1bec15d847b871b9b,1377,0,58,left-2,left,left-dark,dark-up,fewer-up,single,2026-03-05 18:17:21.5250000
29378,671bbaf1bec15d847b871b9b,1224,1,59,right-9,right,right-dark,light-up,fewer-up,single,2026-03-05 18:17:24.0390000
29379,671bbaf1bec15d847b871b9b,1435,0,60,right-4,left,right-dark,light-up,fewer-up,single,2026-03-05 18:17:34.5930000
29380,671bbaf1bec15d847b871b9b,1335,1,61,left-3,right,left-dark,dark-up,fewer-up,single,2026-03-05 18:17:37.4360000
29381,671bbaf1bec15d847b871b9b,1255,1,62,right-9,left,right-dark,dark-up,fewer-up,single,2026-03-05 18:17:40.1030000
29382,671bbaf1bec15d847b871b9b,1184,1,63,left-0,right,left-dark,dark-up,fewer-up,single,2026-03-05 18:17:42.8020000
29383,671bbaf1bec15d847b871b9b,1305,1,64,right-5,left,right-dark,light-up,greater-up,single,2026-03-05 18:17:45.6090000
29384,671bbaf1bec15d847b871b9b,1287,1,65,right-3,right,right-dark,light-up,fewer-up,single,2026-03-05 18:17:48.1770000
29385,671bbaf1bec15d847b871b9b,1160,0,66,left-9,left,left-dark,dark-up,fewer-up,single,2026-03-05 18:17:50.5070000
29386,671bbaf1bec15d847b871b9b,1475,1,67,left-1,left,left-dark,dark-up,greater-up,single,2026-03-05 18:17:53.3600000
29387,671bbaf1bec15d847b871b9b,1182,1,68,left-9,right,left-dark,light-up,greater-up,single,2026-03-05 18:17:56.0400000
29388,671bbaf1bec15d847b871b9b,1301,1,69,left-6,left,left-dark,light-up,fewer-up,single,2026-03-05 18:17:58.6770000
29389,671bbaf1bec15d847b871b9b,1163,1,70,right-4,right,right-dark,dark-up,greater-up,single,2026-03-05 18:18:01.3810000
29390,671bbaf1bec15d847b871b9b,1234,1,71,right-5,right,right-dark,dark-up,greater-up,single,2026-03-05 18:18:03.7200000
29391,671bbaf1bec15d847b871b9b,1126,0,72,left-7,left,left-dark,light-up,greater-up,single,2026-03-05 18:18:06.1030000
29392,671bbaf1bec15d847b871b9b,1193,1,73,right-0,left,right-dark,dark-up,fewer-up,single,2026-03-05 18:18:08.6400000
29393,671bbaf1bec15d847b871b9b,1246,0,74,left-7,right,left-dark,light-up,fewer-up,single,2026-03-05 18:18:11.1310000
29394,671bbaf1bec15d847b871b9b,1705,1,75,right-7,left,right-dark,dark-up,fewer-up,single,2026-03-05 18:18:13.9690000
29395,671bbaf1bec15d847b871b9b,1395,1,76,left-0,right,left-dark,light-up,greater-up,single,2026-03-05 18:18:16.7560000
29396,671bbaf1bec15d847b871b9b,1331,1,77,left-4,left,left-dark,dark-up,greater-up,single,2026-03-05 18:18:19.6340000
29397,671bbaf1bec15d847b871b9b,1302,1,78,left-5,right,left-dark,light-up,greater-up,single,2026-03-05 18:18:22.0930000
29398,671bbaf1bec15d847b871b9b,1666,1,79,right-0,right,right-dark,light-up,fewer-up,single,2026-03-05 18:18:24.8970000
29399,63a9a8f2f098b7e45bd03721,NULL,0,0,left-7,none,left-dark,dark-up,greater-up,dual,2026-03-05 18:19:52.4110000
29400,63a9a8f2f098b7e45bd03721,NULL,0,1,left-0,none,left-dark,dark-up,greater-up,dual,2026-03-05 18:19:55.4920000
29401,63a9a8f2f098b7e45bd03721,1337,1,2,left-7,left,left-dark,light-up,fewer-up,dual,2026-03-05 18:19:58.5770000
29402,63a9a8f2f098b7e45bd03721,1635,1,3,left-8,left,left-dark,light-up,fewer-up,dual,2026-03-05 18:20:01.4430000
29403,63a9a8f2f098b7e45bd03721,NULL,0,4,right-6,none,right-dark,dark-up,greater-up,dual,2026-03-05 18:20:04.1080000
29404,63a9a8f2f098b7e45bd03721,1643,1,5,right-6,left,right-dark,light-up,greater-up,dual,2026-03-05 18:20:07.8120000
29405,63a9a8f2f098b7e45bd03721,NULL,0,6,right-6,none,right-dark,light-up,fewer-up,dual,2026-03-05 18:20:10.1300000
29406,63a9a8f2f098b7e45bd03721,1576,1,7,left-3,right,left-dark,dark-up,fewer-up,dual,2026-03-05 18:20:13.4970000
29407,63a9a8f2f098b7e45bd03721,NULL,0,8,right-0,none,right-dark,dark-up,fewer-up,dual,2026-03-05 18:20:16.1860000
29408,63a9a8f2f098b7e45bd03721,NULL,0,9,left-9,none,left-dark,dark-up,greater-up,dual,2026-03-05 18:20:19.2810000
29409,63a9a8f2f098b7e45bd03721,1257,1,10,right-3,right,right-dark,dark-up,greater-up,dual,2026-03-05 18:20:22.1940000
29410,63a9a8f2f098b7e45bd03721,NULL,0,11,right-5,none,right-dark,dark-up,fewer-up,dual,2026-03-05 18:20:24.8430000
29411,63a9a8f2f098b7e45bd03721,1375,1,12,right-9,right,right-dark,light-up,fewer-up,dual,2026-03-05 18:20:27.8540000
29412,63a9a8f2f098b7e45bd03721,1671,1,13,left-0,left,left-dark,light-up,fewer-up,dual,2026-03-05 18:20:30.7190000
29413,63a9a8f2f098b7e45bd03721,1520,1,14,left-5,left,left-dark,light-up,fewer-up,dual,2026-03-05 18:20:33.5200000
29414,63a9a8f2f098b7e45bd03721,1087,1,15,left-1,left,left-dark,light-up,fewer-up,dual,2026-03-05 18:20:36.0250000
29415,63a9a8f2f098b7e45bd03721,1379,1,16,left-9,left,left-dark,light-up,fewer-up,dual,2026-03-05 18:20:38.8950000
29416,63a9a8f2f098b7e45bd03721,1623,1,17,left-9,right,left-dark,dark-up,fewer-up,dual,2026-03-05 18:20:41.8790000
29417,63a9a8f2f098b7e45bd03721,1439,1,18,right-4,right,right-dark,light-up,fewer-up,dual,2026-03-05 18:20:44.8090000
29418,63a9a8f2f098b7e45bd03721,1153,1,19,left-8,left,left-dark,dark-up,greater-up,dual,2026-03-05 18:20:47.5230000
29419,63a9a8f2f098b7e45bd03721,NULL,0,20,left-2,none,left-dark,light-up,greater-up,dual,2026-03-05 18:20:58.8960000
29420,63a9a8f2f098b7e45bd03721,NULL,0,21,left-1,none,left-dark,dark-up,fewer-up,dual,2026-03-05 18:21:01.9220000
29421,63a9a8f2f098b7e45bd03721,1672,0,22,left-2,right,left-dark,light-up,fewer-up,dual,2026-03-05 18:21:05.5300000
29422,63a9a8f2f098b7e45bd03721,1615,1,23,left-0,right,left-dark,dark-up,fewer-up,dual,2026-03-05 18:21:08.3350000
29423,63a9a8f2f098b7e45bd03721,1150,1,24,right-5,right,right-dark,dark-up,greater-up,dual,2026-03-05 18:21:10.6230000
29424,63a9a8f2f098b7e45bd03721,1433,1,25,right-4,left,right-dark,dark-up,fewer-up,dual,2026-03-05 18:21:13.1590000
29425,63a9a8f2f098b7e45bd03721,1541,1,26,right-2,right,right-dark,light-up,fewer-up,dual,2026-03-05 18:21:16.1450000
29426,63a9a8f2f098b7e45bd03721,1322,1,27,left-4,left,left-dark,dark-up,greater-up,dual,2026-03-05 18:21:19.0410000
29427,63a9a8f2f098b7e45bd03721,1294,1,28,left-3,left,left-dark,light-up,fewer-up,dual,2026-03-05 18:21:21.8850000
29428,63a9a8f2f098b7e45bd03721,1142,1,29,right-9,right,right-dark,dark-up,greater-up,dual,2026-03-05 18:21:24.3700000
29429,63a9a8f2f098b7e45bd03721,1422,1,30,right-2,left,right-dark,dark-up,fewer-up,dual,2026-03-05 18:21:27.2740000
29430,63a9a8f2f098b7e45bd03721,1323,1,31,right-1,right,right-dark,light-up,fewer-up,dual,2026-03-05 18:21:30.1000000
29431,63a9a8f2f098b7e45bd03721,1440,1,32,right-2,left,right-dark,light-up,greater-up,dual,2026-03-05 18:21:32.5760000
29432,63a9a8f2f098b7e45bd03721,1408,1,33,right-1,right,right-dark,dark-up,greater-up,dual,2026-03-05 18:21:35.3400000
29433,63a9a8f2f098b7e45bd03721,1350,1,34,right-0,left,right-dark,light-up,greater-up,dual,2026-03-05 18:21:38.2920000
29434,63a9a8f2f098b7e45bd03721,1230,1,35,right-9,left,right-dark,light-up,greater-up,dual,2026-03-05 18:21:40.9720000
29435,63a9a8f2f098b7e45bd03721,1311,1,36,right-5,left,right-dark,light-up,greater-up,dual,2026-03-05 18:21:43.3160000
29436,63a9a8f2f098b7e45bd03721,1260,1,37,right-8,left,right-dark,dark-up,fewer-up,dual,2026-03-05 18:21:45.7400000
29437,63a9a8f2f098b7e45bd03721,1294,1,38,right-3,left,right-dark,light-up,greater-up,dual,2026-03-05 18:21:48.4780000
29438,63a9a8f2f098b7e45bd03721,1714,1,39,right-7,right,right-dark,dark-up,greater-up,dual,2026-03-05 18:21:51.5090000
29439,63a9a8f2f098b7e45bd03721,1368,1,40,left-5,right,left-dark,light-up,greater-up,dual,2026-03-05 18:22:02.4270000
29440,63a9a8f2f098b7e45bd03721,1422,1,41,left-1,right,left-dark,light-up,greater-up,dual,2026-03-05 18:22:05.1770000
29441,63a9a8f2f098b7e45bd03721,1665,1,42,left-3,left,left-dark,dark-up,greater-up,dual,2026-03-05 18:22:08.0740000
29442,63a9a8f2f098b7e45bd03721,1250,1,43,left-6,right,left-dark,light-up,greater-up,dual,2026-03-05 18:22:10.6190000
29443,63a9a8f2f098b7e45bd03721,927,1,44,right-8,right,right-dark,dark-up,greater-up,dual,2026-03-05 18:22:12.6410000
29444,63a9a8f2f098b7e45bd03721,1667,1,45,right-1,left,right-dark,light-up,greater-up,dual,2026-03-05 18:22:15.5230000
29445,63a9a8f2f098b7e45bd03721,1358,1,46,right-8,left,right-dark,light-up,greater-up,dual,2026-03-05 18:22:18.3000000
29446,63a9a8f2f098b7e45bd03721,1337,1,47,left-9,right,left-dark,light-up,greater-up,dual,2026-03-05 18:22:21.0280000
29447,63a9a8f2f098b7e45bd03721,1371,1,48,right-1,left,right-dark,dark-up,fewer-up,dual,2026-03-05 18:22:23.7620000
29448,63a9a8f2f098b7e45bd03721,1346,1,49,right-0,right,right-dark,dark-up,greater-up,dual,2026-03-05 18:22:26.4410000
29449,63a9a8f2f098b7e45bd03721,1222,1,50,left-5,right,left-dark,dark-up,fewer-up,dual,2026-03-05 18:22:29.0950000
29450,63a9a8f2f098b7e45bd03721,1264,1,51,right-0,right,right-dark,light-up,fewer-up,dual,2026-03-05 18:22:31.8180000
29451,63a9a8f2f098b7e45bd03721,1230,1,52,left-3,right,left-dark,light-up,greater-up,dual,2026-03-05 18:22:34.3140000
29452,63a9a8f2f098b7e45bd03721,1451,1,53,right-5,right,right-dark,light-up,fewer-up,dual,2026-03-05 18:22:36.8310000
29453,63a9a8f2f098b7e45bd03721,1425,1,54,left-8,right,left-dark,dark-up,fewer-up,dual,2026-03-05 18:22:39.3570000
29454,63a9a8f2f098b7e45bd03721,1385,1,55,left-4,right,left-dark,dark-up,fewer-up,dual,2026-03-05 18:22:41.9670000
29455,63a9a8f2f098b7e45bd03721,1640,1,56,left-6,left,left-dark,dark-up,greater-up,dual,2026-03-05 18:22:44.9880000
29456,63a9a8f2f098b7e45bd03721,1034,1,57,left-8,right,left-dark,light-up,greater-up,dual,2026-03-05 18:22:47.3200000
29457,63a9a8f2f098b7e45bd03721,1620,1,58,left-4,right,left-dark,light-up,greater-up,dual,2026-03-05 18:22:50.0810000
29458,63a9a8f2f098b7e45bd03721,1271,1,59,left-7,right,left-dark,light-up,greater-up,dual,2026-03-05 18:22:52.8750000
29459,63a9a8f2f098b7e45bd03721,1270,1,60,left-0,right,left-dark,light-up,greater-up,dual,2026-03-05 18:23:04.1740000
29460,63a9a8f2f098b7e45bd03721,1528,1,61,left-4,left,left-dark,light-up,fewer-up,dual,2026-03-05 18:23:07.0100000
29461,63a9a8f2f098b7e45bd03721,1292,1,62,right-9,left,right-dark,dark-up,fewer-up,dual,2026-03-05 18:23:09.7860000
29462,63a9a8f2f098b7e45bd03721,1648,1,63,right-2,right,right-dark,dark-up,greater-up,dual,2026-03-05 18:23:12.4950000
29463,63a9a8f2f098b7e45bd03721,936,1,64,right-3,right,right-dark,light-up,fewer-up,dual,2026-03-05 18:23:14.7680000
29464,63a9a8f2f098b7e45bd03721,1204,1,65,right-4,left,right-dark,light-up,greater-up,dual,2026-03-05 18:23:17.3930000
29465,63a9a8f2f098b7e45bd03721,1409,1,66,left-5,left,left-dark,dark-up,greater-up,dual,2026-03-05 18:23:20.1900000
29466,63a9a8f2f098b7e45bd03721,994,1,67,left-7,right,left-dark,dark-up,fewer-up,dual,2026-03-05 18:23:22.4820000
29467,63a9a8f2f098b7e45bd03721,1232,1,68,left-6,right,left-dark,dark-up,fewer-up,dual,2026-03-05 18:23:24.9110000
29468,63a9a8f2f098b7e45bd03721,1481,1,69,left-2,left,left-dark,dark-up,greater-up,dual,2026-03-05 18:23:27.6770000
29469,63a9a8f2f098b7e45bd03721,1532,1,70,right-8,right,right-dark,light-up,fewer-up,dual,2026-03-05 18:23:30.4190000
29470,63a9a8f2f098b7e45bd03721,1451,1,71,right-6,left,right-dark,dark-up,fewer-up,dual,2026-03-05 18:23:33.1360000
29471,63a9a8f2f098b7e45bd03721,1193,1,72,left-6,left,left-dark,light-up,fewer-up,dual,2026-03-05 18:23:35.5900000
29472,63a9a8f2f098b7e45bd03721,1066,1,73,right-3,left,right-dark,dark-up,fewer-up,dual,2026-03-05 18:23:38.1260000
29473,63a9a8f2f098b7e45bd03721,1066,1,74,right-4,right,right-dark,dark-up,greater-up,dual,2026-03-05 18:23:40.6680000
29474,63a9a8f2f098b7e45bd03721,1658,1,75,right-7,left,right-dark,light-up,greater-up,dual,2026-03-05 18:23:43.7300000
29475,63a9a8f2f098b7e45bd03721,NULL,0,76,left-2,none,left-dark,dark-up,fewer-up,dual,2026-03-05 18:23:46.0820000
29476,63a9a8f2f098b7e45bd03721,1364,1,77,left-1,left,left-dark,dark-up,greater-up,dual,2026-03-05 18:23:49.1180000
29477,63a9a8f2f098b7e45bd03721,1398,1,78,right-7,right,right-dark,light-up,fewer-up,dual,2026-03-05 18:23:51.7070000
29478,63a9a8f2f098b7e45bd03721,1223,1,79,right-7,left,right-dark,dark-up,fewer-up,dual,2026-03-05 18:23:54.2470000
29479,6369700320bc7dd22e733009,750,0,0,right-5,right,right-dark,dark-up,fewer-up,dual,2026-03-05 18:24:59.2560000
29480,6369700320bc7dd22e733009,1498,1,1,left-6,right,left-dark,light-up,greater-up,dual,2026-03-05 18:25:02.1540000
29481,6369700320bc7dd22e733009,1633,1,2,right-7,right,right-dark,dark-up,greater-up,dual,2026-03-05 18:25:05.0620000
29482,6369700320bc7dd22e733009,1082,1,3,right-6,right,right-dark,dark-up,greater-up,dual,2026-03-05 18:25:07.3240000
29483,6369700320bc7dd22e733009,1124,1,4,right-4,left,right-dark,light-up,greater-up,dual,2026-03-05 18:25:09.6960000
29484,6369700320bc7dd22e733009,1147,0,5,left-1,right,left-dark,light-up,fewer-up,dual,2026-03-05 18:25:12.3020000
29485,6369700320bc7dd22e733009,NULL,0,6,left-0,none,left-dark,dark-up,fewer-up,dual,2026-03-05 18:25:14.9160000
29486,6369700320bc7dd22e733009,1301,1,7,right-7,left,right-dark,light-up,greater-up,dual,2026-03-05 18:25:17.8990000
29487,6369700320bc7dd22e733009,1004,0,8,left-2,right,left-dark,dark-up,greater-up,dual,2026-03-05 18:25:20.3510000
29488,6369700320bc7dd22e733009,1461,0,9,right-4,right,right-dark,dark-up,fewer-up,dual,2026-03-05 18:25:22.9210000
29489,6369700320bc7dd22e733009,1538,0,10,right-4,left,right-dark,light-up,fewer-up,dual,2026-03-05 18:25:25.6200000
29490,6369700320bc7dd22e733009,1453,1,11,left-4,right,left-dark,dark-up,fewer-up,dual,2026-03-05 18:25:28.1590000
29491,6369700320bc7dd22e733009,1251,1,12,right-2,left,right-dark,light-up,greater-up,dual,2026-03-05 18:25:30.9920000
29492,6369700320bc7dd22e733009,1609,0,13,right-2,left,right-dark,light-up,fewer-up,dual,2026-03-05 18:25:33.9960000
29493,6369700320bc7dd22e733009,1406,1,14,right-8,left,right-dark,light-up,greater-up,dual,2026-03-05 18:25:36.8110000
29494,6369700320bc7dd22e733009,1425,1,15,right-1,left,right-dark,dark-up,fewer-up,dual,2026-03-05 18:25:39.4560000
29495,6369700320bc7dd22e733009,1220,1,16,left-1,right,left-dark,light-up,greater-up,dual,2026-03-05 18:25:42.0660000
29496,6369700320bc7dd22e733009,NULL,0,17,right-9,none,right-dark,light-up,greater-up,dual,2026-03-05 18:25:44.6290000
29497,6369700320bc7dd22e733009,NULL,0,18,right-5,none,right-dark,light-up,fewer-up,dual,2026-03-05 18:25:47.8230000
29498,6369700320bc7dd22e733009,1094,0,19,left-9,right,left-dark,dark-up,greater-up,dual,2026-03-05 18:25:50.6030000
29499,6369700320bc7dd22e733009,NULL,0,20,right-0,none,right-dark,light-up,fewer-up,dual,2026-03-05 18:26:12.1860000
29500,6369700320bc7dd22e733009,1105,0,21,left-5,right,left-dark,dark-up,greater-up,dual,2026-03-05 18:26:14.9300000
29501,6369700320bc7dd22e733009,1319,1,22,left-8,right,left-dark,dark-up,fewer-up,dual,2026-03-05 18:26:17.4290000
29502,6369700320bc7dd22e733009,1106,1,23,right-8,right,right-dark,dark-up,greater-up,dual,2026-03-05 18:26:19.6440000
29503,6369700320bc7dd22e733009,1376,1,24,left-2,right,left-dark,light-up,greater-up,dual,2026-03-05 18:26:22.2340000
29504,6369700320bc7dd22e733009,1436,1,25,left-5,right,left-dark,light-up,greater-up,dual,2026-03-05 18:26:24.7490000
29505,6369700320bc7dd22e733009,930,1,26,left-0,right,left-dark,light-up,greater-up,dual,2026-03-05 18:26:27.0980000
29506,6369700320bc7dd22e733009,1544,1,27,right-7,right,right-dark,light-up,fewer-up,dual,2026-03-05 18:26:30.1050000
29507,6369700320bc7dd22e733009,1467,1,28,left-4,left,left-dark,light-up,fewer-up,dual,2026-03-05 18:26:32.8460000
29508,6369700320bc7dd22e733009,NULL,0,29,left-2,none,left-dark,light-up,fewer-up,dual,2026-03-05 18:26:35.1250000
29509,6369700320bc7dd22e733009,NULL,0,30,left-3,none,left-dark,light-up,greater-up,dual,2026-03-05 18:26:38.3960000
29510,6369700320bc7dd22e733009,1088,1,31,right-0,right,right-dark,dark-up,greater-up,dual,2026-03-05 18:26:41.0520000
29511,6369700320bc7dd22e733009,1537,1,32,right-2,left,right-dark,dark-up,fewer-up,dual,2026-03-05 18:26:44.0380000
29512,6369700320bc7dd22e733009,1434,1,33,right-1,right,right-dark,light-up,fewer-up,dual,2026-03-05 18:26:46.8920000
29513,6369700320bc7dd22e733009,1391,1,34,right-8,left,right-dark,dark-up,fewer-up,dual,2026-03-05 18:26:49.5090000
29514,6369700320bc7dd22e733009,1342,1,35,left-7,left,left-dark,dark-up,greater-up,dual,2026-03-05 18:26:52.2030000
29515,6369700320bc7dd22e733009,1315,1,36,right-1,right,right-dark,dark-up,greater-up,dual,2026-03-05 18:26:54.6870000
29516,6369700320bc7dd22e733009,1752,1,37,left-4,left,left-dark,dark-up,greater-up,dual,2026-03-05 18:26:57.6720000
29517,6369700320bc7dd22e733009,1155,1,38,right-3,right,right-dark,dark-up,greater-up,dual,2026-03-05 18:27:00.3620000
29518,6369700320bc7dd22e733009,1100,1,39,left-1,right,left-dark,dark-up,fewer-up,dual,2026-03-05 18:27:02.8840000
29519,6369700320bc7dd22e733009,NULL,0,40,left-4,none,left-dark,light-up,greater-up,dual,2026-03-05 18:27:23.9130000
29520,6369700320bc7dd22e733009,955,1,41,right-0,left,right-dark,dark-up,fewer-up,dual,2026-03-05 18:27:26.6260000
29521,6369700320bc7dd22e733009,1186,1,42,right-6,left,right-dark,dark-up,fewer-up,dual,2026-03-05 18:27:29.2790000
29522,6369700320bc7dd22e733009,1209,1,43,left-6,left,left-dark,dark-up,greater-up,dual,2026-03-05 18:27:31.7140000
29523,6369700320bc7dd22e733009,1283,1,44,left-6,left,left-dark,light-up,fewer-up,dual,2026-03-05 18:27:34.4600000
29524,6369700320bc7dd22e733009,1730,1,45,right-5,right,right-dark,dark-up,greater-up,dual,2026-03-05 18:27:37.2740000
29525,6369700320bc7dd22e733009,1302,1,46,left-0,left,left-dark,light-up,fewer-up,dual,2026-03-05 18:27:39.6790000
29526,6369700320bc7dd22e733009,1167,1,47,left-7,right,left-dark,light-up,greater-up,dual,2026-03-05 18:27:42.3340000
29527,6369700320bc7dd22e733009,1523,1,48,left-9,left,left-dark,light-up,fewer-up,dual,2026-03-05 18:27:45.0290000
29528,6369700320bc7dd22e733009,1218,1,49,left-8,left,left-dark,dark-up,greater-up,dual,2026-03-05 18:27:47.5330000
29529,6369700320bc7dd22e733009,1244,1,50,left-5,left,left-dark,light-up,fewer-up,dual,2026-03-05 18:27:50.2130000
29530,6369700320bc7dd22e733009,1292,1,51,right-8,right,right-dark,light-up,fewer-up,dual,2026-03-05 18:27:52.7850000
29531,6369700320bc7dd22e733009,NULL,0,52,right-3,none,right-dark,light-up,greater-up,dual,2026-03-05 18:27:55.5510000
29532,6369700320bc7dd22e733009,1313,1,53,left-9,right,left-dark,dark-up,fewer-up,dual,2026-03-05 18:27:58.3800000
29533,6369700320bc7dd22e733009,1393,0,54,right-6,left,right-dark,light-up,fewer-up,dual,2026-03-05 18:28:01.0340000
29534,6369700320bc7dd22e733009,1175,1,55,left-8,right,left-dark,light-up,greater-up,dual,2026-03-05 18:28:03.2850000
29535,6369700320bc7dd22e733009,965,1,56,left-3,left,left-dark,dark-up,greater-up,dual,2026-03-05 18:28:05.3940000
29536,6369700320bc7dd22e733009,1505,1,57,right-3,right,right-dark,light-up,fewer-up,dual,2026-03-05 18:28:08.0580000
29537,6369700320bc7dd22e733009,1140,1,58,left-7,right,left-dark,dark-up,fewer-up,dual,2026-03-05 18:28:10.4900000
29538,6369700320bc7dd22e733009,1206,1,59,left-2,right,left-dark,dark-up,fewer-up,dual,2026-03-05 18:28:12.9120000
29539,6369700320bc7dd22e733009,NULL,0,60,left-3,none,left-dark,dark-up,fewer-up,dual,2026-03-05 18:28:35.3850000
29540,6369700320bc7dd22e733009,1146,1,61,right-9,left,right-dark,dark-up,fewer-up,dual,2026-03-05 18:28:38.2750000
29541,6369700320bc7dd22e733009,1096,1,62,right-9,right,right-dark,light-up,fewer-up,dual,2026-03-05 18:28:40.6830000
29542,6369700320bc7dd22e733009,1114,1,63,right-1,left,right-dark,light-up,greater-up,dual,2026-03-05 18:28:43.1450000
29543,6369700320bc7dd22e733009,NULL,0,64,left-3,none,left-dark,light-up,fewer-up,dual,2026-03-05 18:28:45.6150000
29544,6369700320bc7dd22e733009,1246,1,65,right-3,left,right-dark,dark-up,fewer-up,dual,2026-03-05 18:28:48.8500000
29545,6369700320bc7dd22e733009,1379,1,66,right-0,left,right-dark,light-up,greater-up,dual,2026-03-05 18:28:51.5920000
29546,6369700320bc7dd22e733009,1040,0,67,left-6,left,left-dark,dark-up,fewer-up,dual,2026-03-05 18:28:54.1640000
29547,6369700320bc7dd22e733009,1533,1,68,right-4,right,right-dark,dark-up,greater-up,dual,2026-03-05 18:28:56.8370000
29548,6369700320bc7dd22e733009,929,1,69,right-9,right,right-dark,dark-up,greater-up,dual,2026-03-05 18:28:59.0870000
29549,6369700320bc7dd22e733009,1294,1,70,right-2,right,right-dark,dark-up,greater-up,dual,2026-03-05 18:29:01.5470000
29550,6369700320bc7dd22e733009,1080,1,71,left-0,left,left-dark,dark-up,greater-up,dual,2026-03-05 18:29:03.8970000
29551,6369700320bc7dd22e733009,980,1,72,left-5,right,left-dark,dark-up,fewer-up,dual,2026-03-05 18:29:06.0910000
29552,6369700320bc7dd22e733009,1429,1,73,right-6,left,right-dark,light-up,greater-up,dual,2026-03-05 18:29:08.6210000
29553,6369700320bc7dd22e733009,1284,0,74,right-7,right,right-dark,dark-up,fewer-up,dual,2026-03-05 18:29:11.0810000
29554,6369700320bc7dd22e733009,1342,1,75,left-7,left,left-dark,light-up,fewer-up,dual,2026-03-05 18:29:13.7940000
29555,6369700320bc7dd22e733009,1728,1,76,left-9,right,left-dark,light-up,greater-up,dual,2026-03-05 18:29:16.6600000
29556,6369700320bc7dd22e733009,1147,1,77,left-8,left,left-dark,light-up,fewer-up,dual,2026-03-05 18:29:18.9000000
29557,6369700320bc7dd22e733009,1217,1,78,right-5,left,right-dark,light-up,greater-up,dual,2026-03-05 18:29:21.3050000
29558,6369700320bc7dd22e733009,776,0,79,left-1,right,left-dark,dark-up,greater-up,dual,2026-03-05 18:29:23.3670000
29559,58c1ce3c3783090001b49355,1545,1,0,right-8,left,right-dark,dark-up,fewer-up,dual,2026-03-05 18:31:37.0090000
29560,58c1ce3c3783090001b49355,1209,1,1,right-2,left,right-dark,light-up,greater-up,dual,2026-03-05 18:31:39.3050000
29561,58c1ce3c3783090001b49355,1136,1,2,right-8,left,right-dark,light-up,greater-up,dual,2026-03-05 18:31:41.6640000
29562,58c1ce3c3783090001b49355,1191,0,3,left-3,right,left-dark,light-up,fewer-up,dual,2026-03-05 18:31:44.1630000
29563,58c1ce3c3783090001b49355,1139,1,4,left-1,left,left-dark,light-up,fewer-up,dual,2026-03-05 18:31:46.6300000
29564,58c1ce3c3783090001b49355,1666,1,5,left-9,right,left-dark,dark-up,fewer-up,dual,2026-03-05 18:31:49.6160000
29565,58c1ce3c3783090001b49355,1469,1,6,left-7,right,left-dark,light-up,greater-up,dual,2026-03-05 18:31:52.5910000
29566,58c1ce3c3783090001b49355,1047,1,7,left-6,left,left-dark,dark-up,greater-up,dual,2026-03-05 18:31:55.1280000
29567,58c1ce3c3783090001b49355,873,1,8,right-4,right,right-dark,dark-up,greater-up,dual,2026-03-05 18:31:57.3540000
29568,58c1ce3c3783090001b49355,1301,1,9,right-7,left,right-dark,light-up,greater-up,dual,2026-03-05 18:31:59.9810000
29569,58c1ce3c3783090001b49355,1140,0,10,left-4,right,left-dark,light-up,fewer-up,dual,2026-03-05 18:32:02.2940000
29570,58c1ce3c3783090001b49355,1053,1,11,left-6,left,left-dark,light-up,fewer-up,dual,2026-03-05 18:32:04.5090000
29571,58c1ce3c3783090001b49355,1217,0,12,left-2,right,left-dark,light-up,fewer-up,dual,2026-03-05 18:32:07.0700000
29572,58c1ce3c3783090001b49355,953,1,13,right-9,right,right-dark,dark-up,greater-up,dual,2026-03-05 18:32:09.1940000
29573,58c1ce3c3783090001b49355,804,1,14,left-8,left,left-dark,dark-up,greater-up,dual,2026-03-05 18:32:11.3490000
29574,58c1ce3c3783090001b49355,NULL,0,15,right-2,none,right-dark,light-up,fewer-up,dual,2026-03-05 18:32:13.6940000
29575,58c1ce3c3783090001b49355,841,1,16,right-3,right,right-dark,dark-up,greater-up,dual,2026-03-05 18:32:16.3500000
29576,58c1ce3c3783090001b49355,944,1,17,right-0,left,right-dark,dark-up,fewer-up,dual,2026-03-05 18:32:18.6080000
29577,58c1ce3c3783090001b49355,1747,1,18,left-2,right,left-dark,light-up,greater-up,dual,2026-03-05 18:32:21.6180000
29578,58c1ce3c3783090001b49355,849,1,19,left-2,left,left-dark,dark-up,greater-up,dual,2026-03-05 18:32:23.6630000
29579,58c1ce3c3783090001b49355,1474,1,20,left-5,left,left-dark,light-up,fewer-up,dual,2026-03-05 18:32:34.3220000
29580,58c1ce3c3783090001b49355,889,1,21,left-5,right,left-dark,dark-up,fewer-up,dual,2026-03-05 18:32:36.3210000
29581,58c1ce3c3783090001b49355,933,1,22,right-6,left,right-dark,dark-up,fewer-up,dual,2026-03-05 18:32:38.7300000
29582,58c1ce3c3783090001b49355,882,0,23,left-0,right,left-dark,dark-up,greater-up,dual,2026-03-05 18:32:40.8520000
29583,58c1ce3c3783090001b49355,772,1,24,left-0,right,left-dark,light-up,greater-up,dual,2026-03-05 18:32:43.0100000
29584,58c1ce3c3783090001b49355,944,1,25,left-7,left,left-dark,dark-up,greater-up,dual,2026-03-05 18:32:45.1570000
29585,58c1ce3c3783090001b49355,823,1,26,left-9,left,left-dark,dark-up,greater-up,dual,2026-03-05 18:32:47.3860000
29586,58c1ce3c3783090001b49355,881,1,27,left-4,right,left-dark,light-up,greater-up,dual,2026-03-05 18:32:49.3490000
29587,58c1ce3c3783090001b49355,1081,1,28,left-7,left,left-dark,light-up,fewer-up,dual,2026-03-05 18:32:51.4870000
29588,58c1ce3c3783090001b49355,881,1,29,left-3,left,left-dark,dark-up,greater-up,dual,2026-03-05 18:32:53.8340000
29589,58c1ce3c3783090001b49355,1177,1,30,left-1,right,left-dark,light-up,greater-up,dual,2026-03-05 18:32:56.5080000
29590,58c1ce3c3783090001b49355,1006,1,31,right-7,left,right-dark,dark-up,fewer-up,dual,2026-03-05 18:32:58.6450000
29591,58c1ce3c3783090001b49355,968,1,32,left-3,right,left-dark,light-up,greater-up,dual,2026-03-05 18:33:01.0080000
29592,58c1ce3c3783090001b49355,NULL,0,33,right-7,none,right-dark,light-up,fewer-up,dual,2026-03-05 18:33:03.5390000
29593,58c1ce3c3783090001b49355,1218,1,34,right-2,right,right-dark,dark-up,greater-up,dual,2026-03-05 18:33:06.4920000
29594,58c1ce3c3783090001b49355,1247,0,35,right-9,right,right-dark,dark-up,fewer-up,dual,2026-03-05 18:33:09.2120000
29595,58c1ce3c3783090001b49355,1144,1,36,right-3,left,right-dark,light-up,greater-up,dual,2026-03-05 18:33:11.6810000
29596,58c1ce3c3783090001b49355,817,1,37,right-6,right,right-dark,dark-up,greater-up,dual,2026-03-05 18:33:13.6450000
29597,58c1ce3c3783090001b49355,764,1,38,left-4,left,left-dark,dark-up,greater-up,dual,2026-03-05 18:33:15.8250000
29598,58c1ce3c3783090001b49355,819,1,39,right-5,left,right-dark,light-up,greater-up,dual,2026-03-05 18:33:17.9740000
29599,58c1ce3c3783090001b49355,1714,1,40,right-6,left,right-dark,light-up,greater-up,dual,2026-03-05 18:33:23.6580000
29600,58c1ce3c3783090001b49355,955,1,41,right-4,left,right-dark,light-up,greater-up,dual,2026-03-05 18:33:25.9340000
29601,58c1ce3c3783090001b49355,963,1,42,right-1,left,right-dark,light-up,greater-up,dual,2026-03-05 18:33:28.3470000
29602,58c1ce3c3783090001b49355,NULL,0,43,right-2,none,right-dark,dark-up,fewer-up,dual,2026-03-05 18:33:30.9620000
29603,58c1ce3c3783090001b49355,NULL,0,44,left-4,none,left-dark,dark-up,fewer-up,dual,2026-03-05 18:33:34.2260000
29604,58c1ce3c3783090001b49355,853,0,45,right-8,left,right-dark,light-up,fewer-up,dual,2026-03-05 18:33:36.6770000
29605,58c1ce3c3783090001b49355,1084,1,46,right-4,right,right-dark,light-up,fewer-up,dual,2026-03-05 18:33:39.0410000
29606,58c1ce3c3783090001b49355,993,1,47,right-0,right,right-dark,dark-up,greater-up,dual,2026-03-05 18:33:41.2420000
29607,58c1ce3c3783090001b49355,1085,0,48,left-8,left,left-dark,dark-up,fewer-up,dual,2026-03-05 18:33:43.6470000
29608,58c1ce3c3783090001b49355,1083,1,49,right-5,right,right-dark,dark-up,greater-up,dual,2026-03-05 18:33:46.2230000
29609,58c1ce3c3783090001b49355,1364,1,50,left-1,right,left-dark,dark-up,fewer-up,dual,2026-03-05 18:33:48.8350000
29610,58c1ce3c3783090001b49355,1336,1,51,left-9,left,left-dark,light-up,fewer-up,dual,2026-03-05 18:33:51.6810000
29611,58c1ce3c3783090001b49355,1298,1,52,right-9,right,right-dark,light-up,fewer-up,dual,2026-03-05 18:33:54.3660000
29612,58c1ce3c3783090001b49355,1509,1,53,right-3,left,right-dark,dark-up,fewer-up,dual,2026-03-05 18:33:56.9740000
29613,58c1ce3c3783090001b49355,1072,1,54,right-8,right,right-dark,dark-up,greater-up,dual,2026-03-05 18:33:59.5800000
29614,58c1ce3c3783090001b49355,1245,1,55,right-3,right,right-dark,light-up,fewer-up,dual,2026-03-05 18:34:01.8610000
29615,58c1ce3c3783090001b49355,1311,1,56,left-6,right,left-dark,dark-up,fewer-up,dual,2026-03-05 18:34:04.6570000
29616,58c1ce3c3783090001b49355,1207,1,57,right-6,right,right-dark,light-up,fewer-up,dual,2026-03-05 18:34:07.3960000
29617,58c1ce3c3783090001b49355,868,1,58,left-5,right,left-dark,light-up,greater-up,dual,2026-03-05 18:34:09.8020000
29618,58c1ce3c3783090001b49355,1095,1,59,right-0,left,right-dark,light-up,greater-up,dual,2026-03-05 18:34:12.4000000
29619,58c1ce3c3783090001b49355,NULL,0,60,right-1,none,right-dark,light-up,fewer-up,dual,2026-03-05 18:34:17.2130000
29620,58c1ce3c3783090001b49355,NULL,0,61,left-9,none,left-dark,light-up,greater-up,dual,2026-03-05 18:34:20.3500000
29621,58c1ce3c3783090001b49355,794,1,62,left-5,left,left-dark,dark-up,greater-up,dual,2026-03-05 18:34:23.1470000
29622,58c1ce3c3783090001b49355,1153,0,63,left-0,right,left-dark,light-up,fewer-up,dual,2026-03-05 18:34:25.3840000
29623,58c1ce3c3783090001b49355,980,1,64,right-4,left,right-dark,dark-up,fewer-up,dual,2026-03-05 18:34:27.7920000
29624,58c1ce3c3783090001b49355,1256,1,65,right-5,left,right-dark,dark-up,fewer-up,dual,2026-03-05 18:34:30.3260000
29625,58c1ce3c3783090001b49355,977,1,66,left-8,left,left-dark,light-up,fewer-up,dual,2026-03-05 18:34:32.6960000
29626,58c1ce3c3783090001b49355,966,1,67,left-6,right,left-dark,light-up,greater-up,dual,2026-03-05 18:34:35.1050000
29627,58c1ce3c3783090001b49355,951,1,68,right-9,left,right-dark,light-up,greater-up,dual,2026-03-05 18:34:37.1280000
29628,58c1ce3c3783090001b49355,NULL,0,69,left-0,none,left-dark,dark-up,fewer-up,dual,2026-03-05 18:34:39.5890000
29629,58c1ce3c3783090001b49355,935,1,70,right-7,right,right-dark,dark-up,greater-up,dual,2026-03-05 18:34:42.5470000
29630,58c1ce3c3783090001b49355,1343,1,71,right-5,right,right-dark,light-up,fewer-up,dual,2026-03-05 18:34:45.3330000
29631,58c1ce3c3783090001b49355,761,0,72,right-0,left,right-dark,light-up,fewer-up,dual,2026-03-05 18:34:47.4490000
29632,58c1ce3c3783090001b49355,819,1,73,left-8,right,left-dark,light-up,greater-up,dual,2026-03-05 18:34:49.3090000
29633,58c1ce3c3783090001b49355,1214,0,74,left-7,left,left-dark,dark-up,fewer-up,dual,2026-03-05 18:34:51.8170000
29634,58c1ce3c3783090001b49355,926,1,75,left-1,left,left-dark,dark-up,greater-up,dual,2026-03-05 18:34:54.1020000
29635,58c1ce3c3783090001b49355,1062,0,76,right-1,left,right-dark,dark-up,greater-up,dual,2026-03-05 18:34:56.2930000
29636,58c1ce3c3783090001b49355,NULL,0,77,left-2,none,left-dark,dark-up,fewer-up,dual,2026-03-05 18:34:58.7900000
29637,58c1ce3c3783090001b49355,1546,0,78,right-1,right,right-dark,dark-up,fewer-up,dual,2026-03-05 18:35:02.0880000
29638,58c1ce3c3783090001b49355,1383,1,79,left-3,right,left-dark,dark-up,fewer-up,dual,2026-03-05 18:35:04.8990000
29639,5eac686d82cc012af1e953c7,NULL,0,0,right-6,none,right-dark,dark-up,greater-up,single,2026-03-05 19:02:51.5540000
29640,5eac686d82cc012af1e953c7,NULL,0,1,left-2,none,left-dark,light-up,fewer-up,single,2026-03-05 19:02:54.6330000
29641,5eac686d82cc012af1e953c7,706,0,2,left-1,left,left-dark,light-up,greater-up,single,2026-03-05 19:02:57.0850000
29642,5eac686d82cc012af1e953c7,798,1,3,left-2,left,left-dark,dark-up,greater-up,single,2026-03-05 19:02:59.0430000
29643,5eac686d82cc012af1e953c7,995,1,4,left-0,left,left-dark,light-up,fewer-up,single,2026-03-05 19:03:01.4950000
29644,5eac686d82cc012af1e953c7,1412,0,5,left-4,left,left-dark,dark-up,fewer-up,single,2026-03-05 19:03:04.3070000
29645,5eac686d82cc012af1e953c7,788,1,6,right-6,right,right-dark,light-up,fewer-up,single,2026-03-05 19:03:06.5580000
29646,5eac686d82cc012af1e953c7,1210,1,7,right-4,left,right-dark,light-up,greater-up,single,2026-03-05 19:03:09.0320000
29647,5eac686d82cc012af1e953c7,1274,0,8,left-9,right,left-dark,light-up,fewer-up,single,2026-03-05 19:03:11.6420000
29648,5eac686d82cc012af1e953c7,1229,1,9,left-7,left,left-dark,dark-up,greater-up,single,2026-03-05 19:03:14.0950000
29649,5eac686d82cc012af1e953c7,1260,1,10,right-9,right,right-dark,light-up,fewer-up,single,2026-03-05 19:03:16.7280000
29650,5eac686d82cc012af1e953c7,1479,0,11,left-4,left,left-dark,light-up,greater-up,single,2026-03-05 19:03:19.4960000
29651,5eac686d82cc012af1e953c7,1610,0,12,left-5,right,left-dark,dark-up,greater-up,single,2026-03-05 19:03:22.2640000
29652,5eac686d82cc012af1e953c7,649,0,13,left-7,left,left-dark,light-up,greater-up,single,2026-03-05 19:03:23.9950000
29653,5eac686d82cc012af1e953c7,901,1,14,right-4,right,right-dark,dark-up,greater-up,single,2026-03-05 19:03:26.3120000
29654,5eac686d82cc012af1e953c7,1474,0,15,right-9,right,right-dark,light-up,greater-up,single,2026-03-05 19:03:29.1490000
29655,5eac686d82cc012af1e953c7,1201,1,16,left-8,left,left-dark,dark-up,greater-up,single,2026-03-05 19:03:31.8250000
29656,5eac686d82cc012af1e953c7,1529,1,17,right-2,left,right-dark,dark-up,fewer-up,single,2026-03-05 19:03:34.5020000
29657,5eac686d82cc012af1e953c7,NULL,0,18,left-9,none,left-dark,dark-up,fewer-up,single,2026-03-05 19:03:36.8920000
29658,5eac686d82cc012af1e953c7,1344,1,19,right-5,left,right-dark,light-up,greater-up,single,2026-03-05 19:03:39.9470000
29659,5eac686d82cc012af1e953c7,1341,1,20,left-8,left,left-dark,light-up,fewer-up,single,2026-03-05 19:03:48.3640000
29660,5eac686d82cc012af1e953c7,1564,1,21,left-3,right,left-dark,dark-up,fewer-up,single,2026-03-05 19:03:51.1990000
29661,5eac686d82cc012af1e953c7,1209,1,22,right-2,right,right-dark,dark-up,greater-up,single,2026-03-05 19:03:53.6500000
29662,5eac686d82cc012af1e953c7,1573,1,23,left-3,left,left-dark,dark-up,greater-up,single,2026-03-05 19:03:56.2380000
29663,5eac686d82cc012af1e953c7,1694,1,24,left-1,right,left-dark,dark-up,fewer-up,single,2026-03-05 19:03:59.3650000
29664,5eac686d82cc012af1e953c7,NULL,0,25,left-5,none,left-dark,dark-up,fewer-up,single,2026-03-05 19:04:01.7070000
29665,5eac686d82cc012af1e953c7,1272,1,26,right-1,left,right-dark,dark-up,fewer-up,single,2026-03-05 19:04:04.9680000
29666,5eac686d82cc012af1e953c7,1610,0,27,left-4,right,left-dark,dark-up,greater-up,single,2026-03-05 19:04:07.6220000
29667,5eac686d82cc012af1e953c7,1550,1,28,right-4,left,right-dark,dark-up,fewer-up,single,2026-03-05 19:04:10.3230000
29668,5eac686d82cc012af1e953c7,NULL,0,29,left-5,none,left-dark,light-up,greater-up,single,2026-03-05 19:04:12.7970000
29669,5eac686d82cc012af1e953c7,1491,1,30,left-0,right,left-dark,light-up,greater-up,single,2026-03-05 19:04:16.2630000
29670,5eac686d82cc012af1e953c7,1371,1,31,left-7,right,left-dark,dark-up,fewer-up,single,2026-03-05 19:04:19.0310000
29671,5eac686d82cc012af1e953c7,NULL,0,32,right-2,none,right-dark,light-up,greater-up,single,2026-03-05 19:04:21.5150000
29672,5eac686d82cc012af1e953c7,1158,1,33,left-7,left,left-dark,light-up,fewer-up,single,2026-03-05 19:04:24.2510000
29673,5eac686d82cc012af1e953c7,965,1,34,right-2,right,right-dark,light-up,fewer-up,single,2026-03-05 19:04:26.4110000
29674,5eac686d82cc012af1e953c7,1041,1,35,left-6,left,left-dark,light-up,fewer-up,single,2026-03-05 19:04:28.7280000
29675,5eac686d82cc012af1e953c7,1090,0,36,left-2,left,left-dark,light-up,greater-up,single,2026-03-05 19:04:30.9330000
29676,5eac686d82cc012af1e953c7,NULL,0,37,left-1,none,left-dark,dark-up,greater-up,single,2026-03-05 19:04:33.5580000
29677,5eac686d82cc012af1e953c7,872,1,38,right-9,right,right-dark,dark-up,greater-up,single,2026-03-05 19:04:36.3780000
29678,5eac686d82cc012af1e953c7,870,1,39,right-0,right,right-dark,dark-up,greater-up,single,2026-03-05 19:04:38.6050000
29679,5eac686d82cc012af1e953c7,1116,1,40,left-4,left,left-dark,light-up,fewer-up,single,2026-03-05 19:04:45.4910000
29680,5eac686d82cc012af1e953c7,768,0,41,left-2,left,left-dark,dark-up,fewer-up,single,2026-03-05 19:04:47.3360000
29681,5eac686d82cc012af1e953c7,1198,1,42,left-1,left,left-dark,light-up,fewer-up,single,2026-03-05 19:04:49.7650000
29682,5eac686d82cc012af1e953c7,922,1,43,left-0,left,left-dark,dark-up,greater-up,single,2026-03-05 19:04:51.7900000
29683,5eac686d82cc012af1e953c7,1051,1,44,right-8,right,right-dark,light-up,fewer-up,single,2026-03-05 19:04:54.0860000
29684,5eac686d82cc012af1e953c7,1160,1,45,right-4,right,right-dark,light-up,fewer-up,single,2026-03-05 19:04:56.3360000
29685,5eac686d82cc012af1e953c7,904,0,46,right-7,left,right-dark,dark-up,greater-up,single,2026-03-05 19:04:58.3620000
29686,5eac686d82cc012af1e953c7,1102,1,47,right-8,right,right-dark,dark-up,greater-up,single,2026-03-05 19:05:00.8580000
29687,5eac686d82cc012af1e953c7,959,1,48,right-1,left,right-dark,light-up,greater-up,single,2026-03-05 19:05:03.2660000
29688,5eac686d82cc012af1e953c7,1275,1,49,right-7,left,right-dark,dark-up,fewer-up,single,2026-03-05 19:05:05.8530000
29689,5eac686d82cc012af1e953c7,1286,1,50,left-6,left,left-dark,dark-up,greater-up,single,2026-03-05 19:05:08.5320000
29690,5eac686d82cc012af1e953c7,1075,1,51,left-9,left,left-dark,dark-up,greater-up,single,2026-03-05 19:05:10.8930000
29691,5eac686d82cc012af1e953c7,1355,1,52,right-5,right,right-dark,light-up,fewer-up,single,2026-03-05 19:05:13.2780000
29692,5eac686d82cc012af1e953c7,1171,1,53,right-6,left,right-dark,dark-up,fewer-up,single,2026-03-05 19:05:15.5510000
29693,5eac686d82cc012af1e953c7,1540,0,54,right-6,right,right-dark,light-up,greater-up,single,2026-03-05 19:05:18.3180000
29694,5eac686d82cc012af1e953c7,1161,1,55,right-0,left,right-dark,light-up,greater-up,single,2026-03-05 19:05:20.7710000
29695,5eac686d82cc012af1e953c7,1215,1,56,right-1,right,right-dark,dark-up,greater-up,single,2026-03-05 19:05:23.5610000
29696,5eac686d82cc012af1e953c7,1032,1,57,right-0,left,right-dark,dark-up,fewer-up,single,2026-03-05 19:05:25.7880000
29697,5eac686d82cc012af1e953c7,1198,1,58,right-0,right,right-dark,light-up,fewer-up,single,2026-03-05 19:05:28.0380000
29698,5eac686d82cc012af1e953c7,1217,1,59,right-3,right,right-dark,light-up,fewer-up,single,2026-03-05 19:05:30.4250000
29699,5eac686d82cc012af1e953c7,1252,1,60,right-8,left,right-dark,light-up,greater-up,single,2026-03-05 19:05:42.8210000
29700,5eac686d82cc012af1e953c7,1718,1,61,left-3,left,left-dark,light-up,fewer-up,single,2026-03-05 19:05:45.9710000
29701,5eac686d82cc012af1e953c7,1647,0,62,left-3,left,left-dark,light-up,greater-up,single,2026-03-05 19:05:49.1210000
29702,5eac686d82cc012af1e953c7,1489,1,63,right-7,left,right-dark,light-up,greater-up,single,2026-03-05 19:05:51.9130000
29703,5eac686d82cc012af1e953c7,NULL,0,64,left-9,none,left-dark,light-up,greater-up,single,2026-03-05 19:05:54.4850000
29704,5eac686d82cc012af1e953c7,1608,1,65,right-1,right,right-dark,light-up,fewer-up,single,2026-03-05 19:05:57.8740000
29705,5eac686d82cc012af1e953c7,1730,1,66,left-0,right,left-dark,dark-up,fewer-up,single,2026-03-05 19:06:01.0690000
29706,5eac686d82cc012af1e953c7,1575,1,67,left-5,left,left-dark,light-up,fewer-up,single,2026-03-05 19:06:03.7700000
29707,5eac686d82cc012af1e953c7,1094,1,68,right-5,right,right-dark,dark-up,greater-up,single,2026-03-05 19:06:06.2890000
29708,5eac686d82cc012af1e953c7,1664,1,69,left-8,right,left-dark,dark-up,fewer-up,single,2026-03-05 19:06:09.0110000
29709,5eac686d82cc012af1e953c7,1315,0,70,right-3,left,right-dark,dark-up,greater-up,single,2026-03-05 19:06:11.3740000
29710,5eac686d82cc012af1e953c7,1339,1,71,right-3,left,right-dark,light-up,greater-up,single,2026-03-05 19:06:14.2100000
29711,5eac686d82cc012af1e953c7,NULL,0,72,right-9,none,right-dark,dark-up,fewer-up,single,2026-03-05 19:06:16.6940000
29712,5eac686d82cc012af1e953c7,1433,1,73,left-6,right,left-dark,dark-up,fewer-up,single,2026-03-05 19:06:19.7210000
29713,5eac686d82cc012af1e953c7,1477,1,74,right-3,left,right-dark,dark-up,fewer-up,single,2026-03-05 19:06:22.2430000
29714,5eac686d82cc012af1e953c7,1254,1,75,right-5,left,right-dark,dark-up,fewer-up,single,2026-03-05 19:06:24.5370000
29715,5eac686d82cc012af1e953c7,1263,1,76,right-7,right,right-dark,light-up,fewer-up,single,2026-03-05 19:06:26.8760000
29716,5eac686d82cc012af1e953c7,1173,1,77,right-8,left,right-dark,dark-up,fewer-up,single,2026-03-05 19:06:29.1720000
29717,5eac686d82cc012af1e953c7,1266,0,78,left-6,left,left-dark,light-up,greater-up,single,2026-03-05 19:06:31.8040000
29718,5eac686d82cc012af1e953c7,1067,1,79,left-8,right,left-dark,light-up,greater-up,single,2026-03-05 19:06:34.0540000
29719,6543afa5203e223a1e94efcd,NULL,0,0,left-2,none,left-dark,dark-up,greater-up,dual,2026-03-05 19:23:20.8100000
29720,6543afa5203e223a1e94efcd,1081,1,1,right-3,right,right-dark,dark-up,greater-up,dual,2026-03-05 19:23:23.7130000
29721,6543afa5203e223a1e94efcd,1183,1,2,right-3,right,right-dark,light-up,fewer-up,dual,2026-03-05 19:23:26.3520000
29722,6543afa5203e223a1e94efcd,911,1,3,right-5,right,right-dark,light-up,fewer-up,dual,2026-03-05 19:23:28.9710000
29723,6543afa5203e223a1e94efcd,1128,1,4,left-8,right,left-dark,dark-up,fewer-up,dual,2026-03-05 19:23:31.8540000
29724,6543afa5203e223a1e94efcd,1528,1,5,left-6,right,left-dark,light-up,greater-up,dual,2026-03-05 19:23:35.3240000
29725,6543afa5203e223a1e94efcd,1465,1,6,right-0,right,right-dark,dark-up,greater-up,dual,2026-03-05 19:23:38.5270000
29726,6543afa5203e223a1e94efcd,1203,1,7,left-0,right,left-dark,dark-up,fewer-up,dual,2026-03-05 19:23:41.0250000
29727,6543afa5203e223a1e94efcd,1644,0,8,right-3,right,right-dark,light-up,greater-up,dual,2026-03-05 19:23:43.7960000
29728,6543afa5203e223a1e94efcd,1229,1,9,left-0,left,left-dark,light-up,fewer-up,dual,2026-03-05 19:23:46.2150000
29729,6543afa5203e223a1e94efcd,NULL,0,10,left-4,none,left-dark,light-up,greater-up,dual,2026-03-05 19:23:48.8830000
29730,6543afa5203e223a1e94efcd,1114,0,11,left-3,left,left-dark,light-up,greater-up,dual,2026-03-05 19:23:51.9900000
29731,6543afa5203e223a1e94efcd,932,0,12,right-3,right,right-dark,dark-up,fewer-up,dual,2026-03-05 19:23:54.4310000
29732,6543afa5203e223a1e94efcd,1485,0,13,right-9,left,right-dark,dark-up,greater-up,dual,2026-03-05 19:23:57.1800000
29733,6543afa5203e223a1e94efcd,1168,1,14,left-7,right,left-dark,dark-up,fewer-up,dual,2026-03-05 19:24:00.0650000
29734,6543afa5203e223a1e94efcd,1628,1,15,right-7,right,right-dark,dark-up,greater-up,dual,2026-03-05 19:24:03.3620000
29735,6543afa5203e223a1e94efcd,1407,1,16,left-7,left,left-dark,dark-up,greater-up,dual,2026-03-05 19:24:05.8300000
29736,6543afa5203e223a1e94efcd,1369,1,17,right-8,right,right-dark,light-up,fewer-up,dual,2026-03-05 19:24:08.8420000
29737,6543afa5203e223a1e94efcd,1615,1,18,left-9,right,left-dark,light-up,greater-up,dual,2026-03-05 19:24:11.6580000
29738,6543afa5203e223a1e94efcd,1258,1,19,right-6,left,right-dark,light-up,greater-up,dual,2026-03-05 19:24:14.8000000
29739,6543afa5203e223a1e94efcd,1157,1,20,left-8,right,left-dark,light-up,greater-up,dual,2026-03-05 19:24:19.6820000
29740,6543afa5203e223a1e94efcd,1135,1,21,right-6,right,right-dark,light-up,fewer-up,dual,2026-03-05 19:24:21.9950000
29741,6543afa5203e223a1e94efcd,927,1,22,right-5,left,right-dark,light-up,greater-up,dual,2026-03-05 19:24:24.0090000
29742,6543afa5203e223a1e94efcd,1088,1,23,left-3,right,left-dark,dark-up,fewer-up,dual,2026-03-05 19:24:26.5400000
29743,6543afa5203e223a1e94efcd,1409,1,24,right-8,left,right-dark,dark-up,fewer-up,dual,2026-03-05 19:24:29.0150000
29744,6543afa5203e223a1e94efcd,1063,1,25,left-4,right,left-dark,dark-up,fewer-up,dual,2026-03-05 19:24:31.1480000
29745,6543afa5203e223a1e94efcd,1533,1,26,left-5,right,left-dark,light-up,greater-up,dual,2026-03-05 19:24:34.2000000
29746,6543afa5203e223a1e94efcd,1014,1,27,left-3,left,left-dark,dark-up,greater-up,dual,2026-03-05 19:24:36.3440000
29747,6543afa5203e223a1e94efcd,878,1,28,right-1,left,right-dark,dark-up,fewer-up,dual,2026-03-05 19:24:39.3760000
29748,6543afa5203e223a1e94efcd,1063,1,29,left-9,left,left-dark,light-up,fewer-up,dual,2026-03-05 19:24:41.6310000
29749,6543afa5203e223a1e94efcd,1079,1,30,left-7,right,left-dark,light-up,greater-up,dual,2026-03-05 19:24:43.7520000
29750,6543afa5203e223a1e94efcd,1053,1,31,left-1,left,left-dark,dark-up,greater-up,dual,2026-03-05 19:24:46.5390000
29751,6543afa5203e223a1e94efcd,736,1,32,left-5,left,left-dark,dark-up,greater-up,dual,2026-03-05 19:24:48.3110000
29752,6543afa5203e223a1e94efcd,1075,1,33,right-1,right,right-dark,dark-up,greater-up,dual,2026-03-05 19:24:50.8040000
29753,6543afa5203e223a1e94efcd,1111,1,34,left-8,left,left-dark,light-up,fewer-up,dual,2026-03-05 19:24:53.1100000
29754,6543afa5203e223a1e94efcd,909,1,35,left-2,left,left-dark,light-up,fewer-up,dual,2026-03-05 19:24:55.0970000
29755,6543afa5203e223a1e94efcd,1564,1,36,left-6,right,left-dark,dark-up,fewer-up,dual,2026-03-05 19:24:57.9520000
29756,6543afa5203e223a1e94efcd,1071,1,37,left-5,left,left-dark,light-up,fewer-up,dual,2026-03-05 19:25:00.4150000
29757,6543afa5203e223a1e94efcd,871,1,38,right-2,right,right-dark,light-up,fewer-up,dual,2026-03-05 19:25:02.9340000
29758,6543afa5203e223a1e94efcd,1586,1,39,right-1,left,right-dark,light-up,greater-up,dual,2026-03-05 19:25:06.0190000
29759,6543afa5203e223a1e94efcd,1490,1,40,right-4,left,right-dark,light-up,greater-up,dual,2026-03-05 19:25:11.2050000
29760,6543afa5203e223a1e94efcd,1048,1,41,left-9,right,left-dark,dark-up,fewer-up,dual,2026-03-05 19:25:13.3550000
29761,6543afa5203e223a1e94efcd,798,1,42,right-0,right,right-dark,light-up,fewer-up,dual,2026-03-05 19:25:15.2420000
29762,6543afa5203e223a1e94efcd,887,1,43,right-7,left,right-dark,dark-up,fewer-up,dual,2026-03-05 19:25:17.3880000
29763,6543afa5203e223a1e94efcd,778,1,44,left-9,left,left-dark,dark-up,greater-up,dual,2026-03-05 19:25:20.2430000
29764,6543afa5203e223a1e94efcd,920,1,45,right-9,right,right-dark,light-up,fewer-up,dual,2026-03-05 19:25:22.7810000
29765,6543afa5203e223a1e94efcd,1440,1,46,left-6,left,left-dark,light-up,fewer-up,dual,2026-03-05 19:25:25.4550000
29766,6543afa5203e223a1e94efcd,892,1,47,right-9,left,right-dark,dark-up,fewer-up,dual,2026-03-05 19:25:27.6550000
29767,6543afa5203e223a1e94efcd,958,1,48,right-5,left,right-dark,dark-up,fewer-up,dual,2026-03-05 19:25:30.2800000
29768,6543afa5203e223a1e94efcd,791,1,49,right-0,left,right-dark,dark-up,fewer-up,dual,2026-03-05 19:25:33.0550000
29769,6543afa5203e223a1e94efcd,888,1,50,left-6,left,left-dark,dark-up,greater-up,dual,2026-03-05 19:25:35.3780000
29770,6543afa5203e223a1e94efcd,861,1,51,right-4,left,right-dark,dark-up,fewer-up,dual,2026-03-05 19:25:37.5770000
29771,6543afa5203e223a1e94efcd,1061,1,52,right-6,right,right-dark,dark-up,greater-up,dual,2026-03-05 19:25:40.8490000
29772,6543afa5203e223a1e94efcd,1122,1,53,left-1,left,left-dark,light-up,fewer-up,dual,2026-03-05 19:25:43.7990000
29773,6543afa5203e223a1e94efcd,1098,0,54,left-1,left,left-dark,light-up,greater-up,dual,2026-03-05 19:25:45.9280000
29774,6543afa5203e223a1e94efcd,1519,1,55,right-4,right,right-dark,dark-up,greater-up,dual,2026-03-05 19:25:48.8910000
29775,6543afa5203e223a1e94efcd,1303,1,56,left-2,right,left-dark,light-up,greater-up,dual,2026-03-05 19:25:51.7340000
29776,6543afa5203e223a1e94efcd,1006,1,57,left-7,left,left-dark,light-up,fewer-up,dual,2026-03-05 19:25:54.3820000
29777,6543afa5203e223a1e94efcd,1064,1,58,right-8,left,right-dark,light-up,greater-up,dual,2026-03-05 19:25:56.6940000
29778,6543afa5203e223a1e94efcd,753,1,59,left-0,left,left-dark,dark-up,greater-up,dual,2026-03-05 19:25:58.7250000
29779,6543afa5203e223a1e94efcd,1183,1,60,right-4,right,right-dark,light-up,fewer-up,dual,2026-03-05 19:26:03.3630000
29780,6543afa5203e223a1e94efcd,845,1,61,left-2,right,left-dark,dark-up,fewer-up,dual,2026-03-05 19:26:05.7050000
29781,6543afa5203e223a1e94efcd,873,1,62,right-6,left,right-dark,dark-up,fewer-up,dual,2026-03-05 19:26:07.8310000
29782,6543afa5203e223a1e94efcd,923,1,63,right-5,right,right-dark,dark-up,greater-up,dual,2026-03-05 19:26:09.9250000
29783,6543afa5203e223a1e94efcd,838,1,64,right-8,right,right-dark,dark-up,greater-up,dual,2026-03-05 19:26:12.0150000
29784,6543afa5203e223a1e94efcd,941,1,65,right-1,right,right-dark,light-up,fewer-up,dual,2026-03-05 19:26:14.7800000
29785,6543afa5203e223a1e94efcd,1131,1,66,right-9,left,right-dark,light-up,greater-up,dual,2026-03-05 19:26:16.9700000
29786,6543afa5203e223a1e94efcd,1179,1,67,left-5,right,left-dark,dark-up,fewer-up,dual,2026-03-05 19:26:19.6050000
29787,6543afa5203e223a1e94efcd,856,1,68,left-4,left,left-dark,light-up,fewer-up,dual,2026-03-05 19:26:21.5910000
29788,6543afa5203e223a1e94efcd,885,1,69,right-7,left,right-dark,light-up,greater-up,dual,2026-03-05 19:26:23.8220000
29789,6543afa5203e223a1e94efcd,886,1,70,right-7,right,right-dark,light-up,fewer-up,dual,2026-03-05 19:26:25.7400000
29790,6543afa5203e223a1e94efcd,1293,1,71,left-4,left,left-dark,dark-up,greater-up,dual,2026-03-05 19:26:28.4510000
29791,6543afa5203e223a1e94efcd,1221,1,72,right-0,left,right-dark,light-up,greater-up,dual,2026-03-05 19:26:30.7280000
29792,6543afa5203e223a1e94efcd,875,1,73,right-2,right,right-dark,dark-up,greater-up,dual,2026-03-05 19:26:32.8540000
29793,6543afa5203e223a1e94efcd,967,1,74,left-1,right,left-dark,dark-up,fewer-up,dual,2026-03-05 19:26:34.9170000
29794,6543afa5203e223a1e94efcd,957,1,75,right-2,left,right-dark,dark-up,fewer-up,dual,2026-03-05 19:26:37.1150000
29795,6543afa5203e223a1e94efcd,1257,1,76,right-2,left,right-dark,light-up,greater-up,dual,2026-03-05 19:26:39.6740000
29796,6543afa5203e223a1e94efcd,857,0,77,left-3,right,left-dark,light-up,fewer-up,dual,2026-03-05 19:26:42.1500000
29797,6543afa5203e223a1e94efcd,1356,1,78,left-0,right,left-dark,light-up,greater-up,dual,2026-03-05 19:26:44.7240000
29798,6543afa5203e223a1e94efcd,697,1,79,left-8,left,left-dark,dark-up,greater-up,dual,2026-03-05 19:26:47.0520000
29799,66e32aaad05615cfd9fcbe48,1349,0,0,left-6,right,left-dark,light-up,fewer-up,single,2026-03-05 19:27:12.9720000
29800,66e32aaad05615cfd9fcbe48,1383,1,1,left-5,right,left-dark,dark-up,fewer-up,single,2026-03-05 19:27:15.5530000
29801,66e32aaad05615cfd9fcbe48,1385,0,2,right-1,right,right-dark,dark-up,fewer-up,single,2026-03-05 19:27:18.0910000
29802,66e32aaad05615cfd9fcbe48,1350,1,3,left-7,left,left-dark,dark-up,greater-up,single,2026-03-05 19:27:20.6870000
29803,66e32aaad05615cfd9fcbe48,1134,1,4,right-2,left,right-dark,light-up,greater-up,single,2026-03-05 19:27:23.2650000
29804,66e32aaad05615cfd9fcbe48,1050,1,5,right-7,right,right-dark,light-up,fewer-up,single,2026-03-05 19:27:25.6790000
29805,66e32aaad05615cfd9fcbe48,1174,1,6,left-9,right,left-dark,dark-up,fewer-up,single,2026-03-05 19:27:28.3820000
29806,66e32aaad05615cfd9fcbe48,1002,1,7,right-6,left,right-dark,dark-up,fewer-up,single,2026-03-05 19:27:30.8220000
29807,66e32aaad05615cfd9fcbe48,919,1,8,left-0,left,left-dark,light-up,fewer-up,single,2026-03-05 19:27:33.1250000
29808,66e32aaad05615cfd9fcbe48,929,1,9,left-5,left,left-dark,light-up,fewer-up,single,2026-03-05 19:27:35.2110000
29809,66e32aaad05615cfd9fcbe48,1019,1,10,left-3,right,left-dark,dark-up,fewer-up,single,2026-03-05 19:27:37.3700000
29810,66e32aaad05615cfd9fcbe48,964,1,11,right-6,right,right-dark,dark-up,greater-up,single,2026-03-05 19:27:39.7220000
29811,66e32aaad05615cfd9fcbe48,885,1,12,left-0,right,left-dark,light-up,greater-up,single,2026-03-05 19:27:42.0340000
29812,66e32aaad05615cfd9fcbe48,934,1,13,left-4,right,left-dark,dark-up,fewer-up,single,2026-03-05 19:27:44.2310000
29813,66e32aaad05615cfd9fcbe48,983,1,14,left-9,right,left-dark,light-up,greater-up,single,2026-03-05 19:27:46.5480000
29814,66e32aaad05615cfd9fcbe48,881,1,15,right-8,right,right-dark,light-up,fewer-up,single,2026-03-05 19:27:48.7640000
29815,66e32aaad05615cfd9fcbe48,770,1,16,left-8,left,left-dark,dark-up,greater-up,single,2026-03-05 19:27:51.0440000
29816,66e32aaad05615cfd9fcbe48,837,1,17,right-5,right,right-dark,light-up,fewer-up,single,2026-03-05 19:27:53.3280000
29817,66e32aaad05615cfd9fcbe48,795,1,18,right-3,right,right-dark,dark-up,greater-up,single,2026-03-05 19:27:55.5400000
29818,66e32aaad05615cfd9fcbe48,760,1,19,left-0,left,left-dark,dark-up,greater-up,single,2026-03-05 19:27:57.5500000
29819,66e32aaad05615cfd9fcbe48,1145,1,20,left-5,right,left-dark,light-up,greater-up,single,2026-03-05 19:28:07.7760000
29820,66e32aaad05615cfd9fcbe48,874,1,21,left-1,left,left-dark,dark-up,greater-up,single,2026-03-05 19:28:09.8280000
29821,66e32aaad05615cfd9fcbe48,982,1,22,left-7,right,left-dark,light-up,greater-up,single,2026-03-05 19:28:12.0040000
29822,66e32aaad05615cfd9fcbe48,911,1,23,right-2,right,right-dark,dark-up,greater-up,single,2026-03-05 19:28:13.9650000
29823,66e32aaad05615cfd9fcbe48,1052,1,24,right-2,left,right-dark,dark-up,fewer-up,single,2026-03-05 19:28:16.3450000
29824,66e32aaad05615cfd9fcbe48,870,1,25,right-5,left,right-dark,light-up,greater-up,single,2026-03-05 19:28:18.5760000
29825,66e32aaad05615cfd9fcbe48,1184,0,26,left-7,right,left-dark,light-up,fewer-up,single,2026-03-05 19:28:20.8040000
29826,66e32aaad05615cfd9fcbe48,869,1,27,left-5,left,left-dark,dark-up,greater-up,single,2026-03-05 19:28:22.8220000
29827,66e32aaad05615cfd9fcbe48,987,0,28,left-8,left,left-dark,light-up,greater-up,single,2026-03-05 19:28:25.1370000
29828,66e32aaad05615cfd9fcbe48,922,1,29,left-3,left,left-dark,dark-up,greater-up,single,2026-03-05 19:28:27.3470000
29829,66e32aaad05615cfd9fcbe48,1177,1,30,left-1,right,left-dark,light-up,greater-up,single,2026-03-05 19:28:29.7900000
29830,66e32aaad05615cfd9fcbe48,946,1,31,left-2,right,left-dark,dark-up,fewer-up,single,2026-03-05 19:28:32.3480000
29831,66e32aaad05615cfd9fcbe48,1044,1,32,right-7,left,right-dark,dark-up,fewer-up,single,2026-03-05 19:28:34.8530000
29832,66e32aaad05615cfd9fcbe48,1104,1,33,right-3,left,right-dark,dark-up,fewer-up,single,2026-03-05 19:28:37.4540000
29833,66e32aaad05615cfd9fcbe48,1020,1,34,right-3,right,right-dark,light-up,fewer-up,single,2026-03-05 19:28:39.6470000
29834,66e32aaad05615cfd9fcbe48,826,1,35,right-4,left,right-dark,dark-up,fewer-up,single,2026-03-05 19:28:41.6660000
29835,66e32aaad05615cfd9fcbe48,895,1,36,right-0,left,right-dark,light-up,greater-up,single,2026-03-05 19:28:44.1390000
29836,66e32aaad05615cfd9fcbe48,729,1,37,left-6,right,left-dark,light-up,greater-up,single,2026-03-05 19:28:46.3600000
29837,66e32aaad05615cfd9fcbe48,962,1,38,right-0,left,right-dark,dark-up,fewer-up,single,2026-03-05 19:28:48.4760000
29838,66e32aaad05615cfd9fcbe48,793,1,39,right-7,right,right-dark,dark-up,greater-up,single,2026-03-05 19:28:50.6370000
29839,66e32aaad05615cfd9fcbe48,1131,1,40,left-8,left,left-dark,light-up,fewer-up,single,2026-03-05 19:29:02.3240000
29840,66e32aaad05615cfd9fcbe48,877,1,41,left-4,right,left-dark,light-up,greater-up,single,2026-03-05 19:29:04.5630000
29841,66e32aaad05615cfd9fcbe48,1049,1,42,left-9,left,left-dark,light-up,fewer-up,single,2026-03-05 19:29:06.8120000
29842,66e32aaad05615cfd9fcbe48,877,1,43,right-1,left,right-dark,light-up,greater-up,single,2026-03-05 19:29:09.0920000
29843,66e32aaad05615cfd9fcbe48,1003,1,44,right-6,right,right-dark,light-up,fewer-up,single,2026-03-05 19:29:11.3890000
29844,66e32aaad05615cfd9fcbe48,909,1,45,right-4,left,right-dark,light-up,greater-up,single,2026-03-05 19:29:13.5660000
29845,66e32aaad05615cfd9fcbe48,1138,1,46,left-1,left,left-dark,light-up,fewer-up,single,2026-03-05 19:29:16.0700000
29846,66e32aaad05615cfd9fcbe48,778,1,47,left-3,right,left-dark,light-up,greater-up,single,2026-03-05 19:29:18.2950000
29847,66e32aaad05615cfd9fcbe48,968,1,48,left-7,right,left-dark,dark-up,fewer-up,single,2026-03-05 19:29:20.4660000
29848,66e32aaad05615cfd9fcbe48,1052,1,49,left-1,right,left-dark,dark-up,fewer-up,single,2026-03-05 19:29:22.9060000
29849,66e32aaad05615cfd9fcbe48,900,1,50,right-9,right,right-dark,dark-up,greater-up,single,2026-03-05 19:29:25.4170000
29850,66e32aaad05615cfd9fcbe48,724,1,51,left-4,left,left-dark,dark-up,greater-up,single,2026-03-05 19:29:27.4730000
29851,66e32aaad05615cfd9fcbe48,919,1,52,right-6,left,right-dark,light-up,greater-up,single,2026-03-05 19:29:29.4500000
29852,66e32aaad05615cfd9fcbe48,936,1,53,right-2,right,right-dark,light-up,fewer-up,single,2026-03-05 19:29:31.8740000
29853,66e32aaad05615cfd9fcbe48,808,1,54,right-1,right,right-dark,dark-up,greater-up,single,2026-03-05 19:29:33.8800000
29854,66e32aaad05615cfd9fcbe48,986,1,55,right-9,right,right-dark,light-up,fewer-up,single,2026-03-05 19:29:36.2480000
29855,66e32aaad05615cfd9fcbe48,824,1,56,right-0,right,right-dark,dark-up,greater-up,single,2026-03-05 19:29:38.5510000
29856,66e32aaad05615cfd9fcbe48,935,1,57,left-3,left,left-dark,light-up,fewer-up,single,2026-03-05 19:29:40.7560000
29857,66e32aaad05615cfd9fcbe48,1002,1,58,left-2,left,left-dark,light-up,fewer-up,single,2026-03-05 19:29:42.9140000
29858,66e32aaad05615cfd9fcbe48,741,1,59,right-4,right,right-dark,dark-up,greater-up,single,2026-03-05 19:29:44.8450000
29859,66e32aaad05615cfd9fcbe48,1321,1,60,right-0,right,right-dark,light-up,fewer-up,single,2026-03-05 19:29:59.5640000
29860,66e32aaad05615cfd9fcbe48,1024,1,61,right-9,left,right-dark,dark-up,fewer-up,single,2026-03-05 19:30:01.6960000
29861,66e32aaad05615cfd9fcbe48,1263,0,62,left-4,right,left-dark,light-up,fewer-up,single,2026-03-05 19:30:04.2800000
29862,66e32aaad05615cfd9fcbe48,1098,1,63,right-5,left,right-dark,dark-up,fewer-up,single,2026-03-05 19:30:06.7590000
29863,66e32aaad05615cfd9fcbe48,857,1,64,right-3,left,right-dark,light-up,greater-up,single,2026-03-05 19:30:09.0840000
29864,66e32aaad05615cfd9fcbe48,1002,1,65,left-0,right,left-dark,dark-up,fewer-up,single,2026-03-05 19:30:11.5210000
29865,66e32aaad05615cfd9fcbe48,1333,1,66,left-9,left,left-dark,dark-up,greater-up,single,2026-03-05 19:30:14.1740000
29866,66e32aaad05615cfd9fcbe48,859,1,67,left-2,left,left-dark,dark-up,greater-up,single,2026-03-05 19:30:16.5500000
29867,66e32aaad05615cfd9fcbe48,854,0,68,right-7,right,right-dark,light-up,greater-up,single,2026-03-05 19:30:18.5190000
29868,66e32aaad05615cfd9fcbe48,888,1,69,right-9,left,right-dark,light-up,greater-up,single,2026-03-05 19:30:20.6190000
29869,66e32aaad05615cfd9fcbe48,1108,1,70,right-1,right,right-dark,light-up,fewer-up,single,2026-03-05 19:30:23.1880000
29870,66e32aaad05615cfd9fcbe48,838,1,71,left-6,left,left-dark,dark-up,greater-up,single,2026-03-05 19:30:25.0890000
29871,66e32aaad05615cfd9fcbe48,1052,1,72,left-6,right,left-dark,dark-up,fewer-up,single,2026-03-05 19:30:27.2940000
29872,66e32aaad05615cfd9fcbe48,1317,1,73,left-8,right,left-dark,dark-up,fewer-up,single,2026-03-05 19:30:29.7720000
29873,66e32aaad05615cfd9fcbe48,770,1,74,right-8,right,right-dark,dark-up,greater-up,single,2026-03-05 19:30:32.0120000
29874,66e32aaad05615cfd9fcbe48,789,1,75,right-8,left,right-dark,light-up,greater-up,single,2026-03-05 19:30:34.0490000
29875,66e32aaad05615cfd9fcbe48,685,1,76,left-2,right,left-dark,light-up,greater-up,single,2026-03-05 19:30:35.9600000
29876,66e32aaad05615cfd9fcbe48,864,0,77,right-8,right,right-dark,dark-up,fewer-up,single,2026-03-05 19:30:37.9250000
29877,66e32aaad05615cfd9fcbe48,1068,1,78,right-4,right,right-dark,light-up,fewer-up,single,2026-03-05 19:30:40.1360000
29878,66e32aaad05615cfd9fcbe48,753,1,79,right-5,right,right-dark,dark-up,greater-up,single,2026-03-05 19:30:42.1930000
29879,66e60882afb732f6e17a6790,NULL,0,0,left-8,none,left-dark,light-up,fewer-up,dual,2026-03-05 20:23:47.1730000
29880,66e60882afb732f6e17a6790,NULL,0,1,left-0,none,left-dark,light-up,greater-up,dual,2026-03-05 20:23:50.2320000
29881,66e60882afb732f6e17a6790,1682,0,2,right-3,right,right-dark,dark-up,fewer-up,dual,2026-03-05 20:23:53.8290000
29882,66e60882afb732f6e17a6790,NULL,0,3,left-1,none,left-dark,dark-up,fewer-up,dual,2026-03-05 20:23:56.6570000
29883,66e60882afb732f6e17a6790,NULL,0,4,right-5,none,right-dark,dark-up,fewer-up,dual,2026-03-05 20:23:59.9140000
29884,66e60882afb732f6e17a6790,860,1,5,right-4,right,right-dark,light-up,fewer-up,dual,2026-03-05 20:24:02.8170000
29885,66e60882afb732f6e17a6790,NULL,0,6,right-6,none,right-dark,dark-up,greater-up,dual,2026-03-05 20:24:05.5240000
29886,66e60882afb732f6e17a6790,820,1,7,right-1,right,right-dark,dark-up,greater-up,dual,2026-03-05 20:24:08.1770000
29887,66e60882afb732f6e17a6790,NULL,0,8,left-5,none,left-dark,dark-up,greater-up,dual,2026-03-05 20:24:10.6200000
29888,66e60882afb732f6e17a6790,NULL,0,9,right-8,none,right-dark,dark-up,fewer-up,dual,2026-03-05 20:24:13.6650000
29889,66e60882afb732f6e17a6790,1511,1,10,left-9,right,left-dark,dark-up,fewer-up,dual,2026-03-05 20:24:17.0580000
29890,66e60882afb732f6e17a6790,1408,0,11,right-4,right,right-dark,light-up,greater-up,dual,2026-03-05 20:24:19.6560000
29891,66e60882afb732f6e17a6790,NULL,0,12,left-4,none,left-dark,light-up,greater-up,dual,2026-03-05 20:24:22.0370000
29892,66e60882afb732f6e17a6790,NULL,0,13,right-7,none,right-dark,light-up,greater-up,dual,2026-03-05 20:24:25.0850000
29893,66e60882afb732f6e17a6790,847,0,14,right-1,left,right-dark,light-up,fewer-up,dual,2026-03-05 20:24:27.7360000
29894,66e60882afb732f6e17a6790,1617,1,15,left-0,left,left-dark,dark-up,greater-up,dual,2026-03-05 20:24:30.5040000
29895,66e60882afb732f6e17a6790,800,0,16,left-8,right,left-dark,dark-up,greater-up,dual,2026-03-05 20:24:32.6480000
29896,66e60882afb732f6e17a6790,1078,0,17,right-4,right,right-dark,dark-up,fewer-up,dual,2026-03-05 20:24:35.1040000
29897,66e60882afb732f6e17a6790,NULL,0,18,left-6,none,left-dark,dark-up,fewer-up,dual,2026-03-05 20:24:37.8910000
29898,66e60882afb732f6e17a6790,204,1,19,left-2,left,left-dark,dark-up,greater-up,dual,2026-03-05 20:24:39.6880000
29899,66e60882afb732f6e17a6790,NULL,0,20,left-6,none,left-dark,light-up,fewer-up,dual,2026-03-05 20:24:47.7850000
29900,66e60882afb732f6e17a6790,38,1,21,right-7,right,right-dark,dark-up,greater-up,dual,2026-03-05 20:24:49.4600000
29901,66e60882afb732f6e17a6790,NULL,0,22,left-8,none,left-dark,light-up,greater-up,dual,2026-03-05 20:24:51.9370000
29902,66e60882afb732f6e17a6790,973,1,23,left-7,right,left-dark,dark-up,fewer-up,dual,2026-03-05 20:24:54.6920000
29903,66e60882afb732f6e17a6790,1056,0,24,right-3,right,right-dark,light-up,greater-up,dual,2026-03-05 20:24:56.9590000
29904,66e60882afb732f6e17a6790,617,0,25,left-1,right,left-dark,dark-up,greater-up,dual,2026-03-05 20:24:58.9250000
29905,66e60882afb732f6e17a6790,1225,1,26,left-2,right,left-dark,light-up,greater-up,dual,2026-03-05 20:25:01.3540000
29906,66e60882afb732f6e17a6790,848,0,27,right-6,right,right-dark,dark-up,fewer-up,dual,2026-03-05 20:25:03.5310000
29907,66e60882afb732f6e17a6790,NULL,0,28,right-9,none,right-dark,dark-up,greater-up,dual,2026-03-05 20:25:05.8950000
29908,66e60882afb732f6e17a6790,585,1,29,left-0,left,left-dark,light-up,fewer-up,dual,2026-03-05 20:25:08.3590000
29909,66e60882afb732f6e17a6790,925,1,30,left-4,right,left-dark,dark-up,fewer-up,dual,2026-03-05 20:25:10.6030000
29910,66e60882afb732f6e17a6790,NULL,0,31,left-4,none,left-dark,dark-up,greater-up,dual,2026-03-05 20:25:13.0030000
29911,66e60882afb732f6e17a6790,486,0,32,right-7,right,right-dark,dark-up,fewer-up,dual,2026-03-05 20:25:15.4040000
29912,66e60882afb732f6e17a6790,1313,1,33,right-5,right,right-dark,dark-up,greater-up,dual,2026-03-05 20:25:18.2110000
29913,66e60882afb732f6e17a6790,836,0,34,left-7,right,left-dark,light-up,fewer-up,dual,2026-03-05 20:25:20.4280000
29914,66e60882afb732f6e17a6790,1248,0,35,left-3,right,left-dark,dark-up,greater-up,dual,2026-03-05 20:25:22.9210000
29915,66e60882afb732f6e17a6790,1239,0,36,left-2,left,left-dark,dark-up,fewer-up,dual,2026-03-05 20:25:25.2100000
29916,66e60882afb732f6e17a6790,427,1,37,left-5,right,left-dark,dark-up,fewer-up,dual,2026-03-05 20:25:27.0890000
29917,66e60882afb732f6e17a6790,NULL,0,38,right-0,none,right-dark,light-up,greater-up,dual,2026-03-05 20:25:29.5510000
29918,66e60882afb732f6e17a6790,1259,0,39,right-0,left,right-dark,dark-up,greater-up,dual,2026-03-05 20:25:32.4790000
29919,66e60882afb732f6e17a6790,1347,1,40,left-6,right,left-dark,light-up,greater-up,dual,2026-03-05 20:25:38.3690000
29920,66e60882afb732f6e17a6790,1371,0,41,left-9,right,left-dark,light-up,fewer-up,dual,2026-03-05 20:25:40.8470000
29921,66e60882afb732f6e17a6790,NULL,0,42,right-2,none,right-dark,light-up,fewer-up,dual,2026-03-05 20:25:43.2830000
29922,66e60882afb732f6e17a6790,NULL,0,43,right-5,none,right-dark,light-up,greater-up,dual,2026-03-05 20:25:46.3360000
29923,66e60882afb732f6e17a6790,98,1,44,right-8,right,right-dark,light-up,fewer-up,dual,2026-03-05 20:25:48.4130000
29924,66e60882afb732f6e17a6790,1703,1,45,right-6,left,right-dark,light-up,greater-up,dual,2026-03-05 20:25:51.6610000
29925,66e60882afb732f6e17a6790,1745,0,46,right-3,left,right-dark,light-up,fewer-up,dual,2026-03-05 20:25:54.7770000
29926,66e60882afb732f6e17a6790,NULL,0,47,left-4,none,left-dark,light-up,fewer-up,dual,2026-03-05 20:25:57.2940000
29927,66e60882afb732f6e17a6790,348,0,48,right-1,right,right-dark,light-up,greater-up,dual,2026-03-05 20:25:59.3060000
29928,66e60882afb732f6e17a6790,1160,1,49,left-3,left,left-dark,light-up,fewer-up,dual,2026-03-05 20:26:01.9180000
29929,66e60882afb732f6e17a6790,1294,1,50,right-6,right,right-dark,light-up,fewer-up,dual,2026-03-05 20:26:04.4530000
29930,66e60882afb732f6e17a6790,1002,0,51,left-1,left,left-dark,light-up,greater-up,dual,2026-03-05 20:26:06.7230000
29931,66e60882afb732f6e17a6790,NULL,0,52,left-6,none,left-dark,dark-up,greater-up,dual,2026-03-05 20:26:09.3270000
29932,66e60882afb732f6e17a6790,752,1,53,right-9,right,right-dark,light-up,fewer-up,dual,2026-03-05 20:26:12.1290000
29933,66e60882afb732f6e17a6790,NULL,0,54,right-7,none,right-dark,light-up,fewer-up,dual,2026-03-05 20:26:14.6100000
29934,66e60882afb732f6e17a6790,1385,0,55,left-5,right,left-dark,light-up,fewer-up,dual,2026-03-05 20:26:17.7940000
29935,66e60882afb732f6e17a6790,NULL,0,56,right-8,none,right-dark,light-up,greater-up,dual,2026-03-05 20:26:20.4340000
29936,66e60882afb732f6e17a6790,557,1,57,right-2,left,right-dark,dark-up,fewer-up,dual,2026-03-05 20:26:22.9480000
29937,66e60882afb732f6e17a6790,1124,1,58,right-0,left,right-dark,dark-up,fewer-up,dual,2026-03-05 20:26:25.2990000
29938,66e60882afb732f6e17a6790,NULL,0,59,left-0,none,left-dark,dark-up,fewer-up,dual,2026-03-05 20:26:27.8310000
29939,66e60882afb732f6e17a6790,NULL,0,60,left-7,none,left-dark,light-up,greater-up,dual,2026-03-05 20:26:33.2520000
29940,66e60882afb732f6e17a6790,1728,1,61,right-9,left,right-dark,dark-up,fewer-up,dual,2026-03-05 20:26:36.8490000
29941,66e60882afb732f6e17a6790,NULL,0,62,right-0,none,right-dark,light-up,fewer-up,dual,2026-03-05 20:26:39.4840000
29942,66e60882afb732f6e17a6790,601,1,63,left-1,left,left-dark,light-up,fewer-up,dual,2026-03-05 20:26:42.0890000
29943,66e60882afb732f6e17a6790,NULL,0,64,left-9,none,left-dark,dark-up,greater-up,dual,2026-03-05 20:26:44.6990000
29944,66e60882afb732f6e17a6790,1026,1,65,right-4,right,right-dark,dark-up,greater-up,dual,2026-03-05 20:26:47.8210000
29945,66e60882afb732f6e17a6790,NULL,0,66,right-1,none,right-dark,dark-up,fewer-up,dual,2026-03-05 20:26:50.3500000
29946,66e60882afb732f6e17a6790,551,1,67,right-8,right,right-dark,dark-up,greater-up,dual,2026-03-05 20:26:52.4940000
29947,66e60882afb732f6e17a6790,1373,1,68,left-2,left,left-dark,light-up,fewer-up,dual,2026-03-05 20:26:55.3210000
29948,66e60882afb732f6e17a6790,571,1,69,left-8,right,left-dark,dark-up,fewer-up,dual,2026-03-05 20:26:57.0000000
29949,66e60882afb732f6e17a6790,342,1,70,right-3,right,right-dark,dark-up,greater-up,dual,2026-03-05 20:26:58.7020000
29950,66e60882afb732f6e17a6790,NULL,0,71,left-5,none,left-dark,light-up,greater-up,dual,2026-03-05 20:27:01.3340000
29951,66e60882afb732f6e17a6790,430,0,72,left-3,left,left-dark,dark-up,fewer-up,dual,2026-03-05 20:27:03.7260000
29952,66e60882afb732f6e17a6790,543,1,73,right-2,right,right-dark,dark-up,greater-up,dual,2026-03-05 20:27:05.5510000
29953,66e60882afb732f6e17a6790,NULL,0,74,right-2,none,right-dark,light-up,greater-up,dual,2026-03-05 20:27:08.2620000
29954,66e60882afb732f6e17a6790,830,0,75,left-7,right,left-dark,dark-up,greater-up,dual,2026-03-05 20:27:11.0780000
29955,66e60882afb732f6e17a6790,1082,1,76,right-5,right,right-dark,light-up,fewer-up,dual,2026-03-05 20:27:13.2970000
29956,66e60882afb732f6e17a6790,NULL,0,77,left-9,none,left-dark,light-up,greater-up,dual,2026-03-05 20:27:15.9500000
29957,66e60882afb732f6e17a6790,1404,1,78,left-3,right,left-dark,light-up,greater-up,dual,2026-03-05 20:27:18.9060000
29958,66e60882afb732f6e17a6790,NULL,0,79,right-9,none,right-dark,light-up,greater-up,dual,2026-03-05 20:27:21.1950000
29959,6959d5a0452fb017bbf5cba2,1639,1,0,right-4,left,right-dark,light-up,greater-up,single,2026-03-05 20:27:57.7910000
29960,6959d5a0452fb017bbf5cba2,1299,1,1,left-4,left,left-dark,dark-up,greater-up,single,2026-03-05 20:28:00.8850000
29961,6959d5a0452fb017bbf5cba2,1170,0,2,left-7,right,left-dark,light-up,fewer-up,single,2026-03-05 20:28:03.7910000
29962,6959d5a0452fb017bbf5cba2,1529,1,3,left-8,left,left-dark,dark-up,greater-up,single,2026-03-05 20:28:06.7760000
29963,6959d5a0452fb017bbf5cba2,1200,1,4,left-2,right,left-dark,light-up,greater-up,single,2026-03-05 20:28:09.7290000
29964,6959d5a0452fb017bbf5cba2,1144,1,5,left-1,right,left-dark,light-up,greater-up,single,2026-03-05 20:28:12.5570000
29965,6959d5a0452fb017bbf5cba2,1008,1,6,right-1,left,right-dark,dark-up,fewer-up,single,2026-03-05 20:28:15.2610000
29966,6959d5a0452fb017bbf5cba2,1637,1,7,left-6,right,left-dark,light-up,greater-up,single,2026-03-05 20:28:18.2760000
29967,6959d5a0452fb017bbf5cba2,1017,1,8,left-8,right,left-dark,light-up,greater-up,single,2026-03-05 20:28:20.7610000
29968,6959d5a0452fb017bbf5cba2,1208,1,9,left-5,right,left-dark,light-up,greater-up,single,2026-03-05 20:28:23.7600000
29969,6959d5a0452fb017bbf5cba2,961,1,10,right-8,left,right-dark,dark-up,fewer-up,single,2026-03-05 20:28:26.4170000
29970,6959d5a0452fb017bbf5cba2,1487,1,11,right-3,right,right-dark,light-up,fewer-up,single,2026-03-05 20:28:29.7140000
29971,6959d5a0452fb017bbf5cba2,1576,1,12,right-2,left,right-dark,light-up,greater-up,single,2026-03-05 20:28:33.1670000
29972,6959d5a0452fb017bbf5cba2,1281,1,13,right-3,right,right-dark,dark-up,greater-up,single,2026-03-05 20:28:35.7440000
29973,6959d5a0452fb017bbf5cba2,NULL,0,14,right-7,none,right-dark,dark-up,fewer-up,single,2026-03-05 20:28:38.6850000
29974,6959d5a0452fb017bbf5cba2,1027,1,15,right-0,left,right-dark,light-up,greater-up,single,2026-03-05 20:28:41.8540000
29975,6959d5a0452fb017bbf5cba2,1353,1,16,right-5,right,right-dark,light-up,fewer-up,single,2026-03-05 20:28:44.8230000
29976,6959d5a0452fb017bbf5cba2,1299,1,17,right-8,right,right-dark,dark-up,greater-up,single,2026-03-05 20:28:47.4640000
29977,6959d5a0452fb017bbf5cba2,1052,1,18,right-2,right,right-dark,dark-up,greater-up,single,2026-03-05 20:28:49.8330000
29978,6959d5a0452fb017bbf5cba2,1652,1,19,left-1,left,left-dark,light-up,fewer-up,single,2026-03-05 20:28:52.7290000
29979,6959d5a0452fb017bbf5cba2,1687,1,20,left-7,right,left-dark,dark-up,fewer-up,single,2026-03-05 20:29:01.9790000
29980,6959d5a0452fb017bbf5cba2,NULL,0,21,right-0,none,right-dark,dark-up,fewer-up,single,2026-03-05 20:29:04.5120000
29981,6959d5a0452fb017bbf5cba2,1596,1,22,left-3,right,left-dark,light-up,greater-up,single,2026-03-05 20:29:08.2590000
29982,6959d5a0452fb017bbf5cba2,1239,1,23,left-6,left,left-dark,dark-up,greater-up,single,2026-03-05 20:29:10.7450000
29983,6959d5a0452fb017bbf5cba2,1032,1,24,left-6,left,left-dark,light-up,fewer-up,single,2026-03-05 20:29:12.8230000
29984,6959d5a0452fb017bbf5cba2,1146,1,25,left-0,right,left-dark,light-up,greater-up,single,2026-03-05 20:29:15.6980000
29985,6959d5a0452fb017bbf5cba2,1203,1,26,right-4,right,right-dark,light-up,fewer-up,single,2026-03-05 20:29:18.2770000
29986,6959d5a0452fb017bbf5cba2,1281,1,27,left-3,left,left-dark,dark-up,greater-up,single,2026-03-05 20:29:20.6980000
29987,6959d5a0452fb017bbf5cba2,1057,1,28,left-8,right,left-dark,dark-up,fewer-up,single,2026-03-05 20:29:22.9160000
29988,6959d5a0452fb017bbf5cba2,1066,1,29,right-3,left,right-dark,dark-up,fewer-up,single,2026-03-05 20:29:25.0730000
29989,6959d5a0452fb017bbf5cba2,1069,1,30,right-9,right,right-dark,dark-up,greater-up,single,2026-03-05 20:29:27.7760000
29990,6959d5a0452fb017bbf5cba2,1266,1,31,right-2,right,right-dark,light-up,fewer-up,single,2026-03-05 20:29:30.3020000
29991,6959d5a0452fb017bbf5cba2,1227,1,32,right-0,right,right-dark,dark-up,greater-up,single,2026-03-05 20:29:32.7290000
29992,6959d5a0452fb017bbf5cba2,1256,1,33,left-8,left,left-dark,light-up,fewer-up,single,2026-03-05 20:29:35.4170000
29993,6959d5a0452fb017bbf5cba2,1328,1,34,right-5,right,right-dark,dark-up,greater-up,single,2026-03-05 20:29:37.9790000
29994,6959d5a0452fb017bbf5cba2,1618,1,35,right-0,right,right-dark,light-up,fewer-up,single,2026-03-05 20:29:40.6670000
29995,6959d5a0452fb017bbf5cba2,1395,1,36,left-5,left,left-dark,dark-up,greater-up,single,2026-03-05 20:29:43.5580000
29996,6959d5a0452fb017bbf5cba2,1360,1,37,right-9,left,right-dark,dark-up,fewer-up,single,2026-03-05 20:29:46.6090000
29997,6959d5a0452fb017bbf5cba2,1075,1,38,right-6,right,right-dark,dark-up,greater-up,single,2026-03-05 20:29:49.4160000
29998,6959d5a0452fb017bbf5cba2,1169,1,39,left-4,right,left-dark,dark-up,fewer-up,single,2026-03-05 20:29:52.0570000
29999,6959d5a0452fb017bbf5cba2,1314,1,40,right-6,left,right-dark,dark-up,fewer-up,single,2026-03-05 20:29:57.7140000
30000,6959d5a0452fb017bbf5cba2,1222,0,41,left-0,right,left-dark,light-up,fewer-up,single,2026-03-05 20:30:01.2910000
30001,6959d5a0452fb017bbf5cba2,1286,0,42,right-7,right,right-dark,light-up,greater-up,single,2026-03-05 20:30:04.2760000
30002,6959d5a0452fb017bbf5cba2,1198,1,43,left-9,left,left-dark,dark-up,greater-up,single,2026-03-05 20:30:07.1030000
30003,6959d5a0452fb017bbf5cba2,921,1,44,right-8,right,right-dark,light-up,fewer-up,single,2026-03-05 20:30:09.3550000
30004,6959d5a0452fb017bbf5cba2,857,1,45,right-7,right,right-dark,dark-up,greater-up,single,2026-03-05 20:30:11.6510000
30005,6959d5a0452fb017bbf5cba2,1123,1,46,left-2,left,left-dark,dark-up,greater-up,single,2026-03-05 20:30:14.1470000
30006,6959d5a0452fb017bbf5cba2,1374,0,47,right-9,right,right-dark,light-up,greater-up,single,2026-03-05 20:30:16.9950000
30007,6959d5a0452fb017bbf5cba2,1578,1,48,right-8,left,right-dark,light-up,greater-up,single,2026-03-05 20:30:20.0880000
30008,6959d5a0452fb017bbf5cba2,1188,1,49,right-1,right,right-dark,light-up,fewer-up,single,2026-03-05 20:30:23.0270000
30009,6959d5a0452fb017bbf5cba2,1207,1,50,right-1,right,right-dark,dark-up,greater-up,single,2026-03-05 20:30:25.2770000
30010,6959d5a0452fb017bbf5cba2,1354,1,51,left-0,right,left-dark,dark-up,fewer-up,single,2026-03-05 20:30:27.7130000
30011,6959d5a0452fb017bbf5cba2,1110,1,52,right-5,left,right-dark,light-up,greater-up,single,2026-03-05 20:30:30.4330000
30012,6959d5a0452fb017bbf5cba2,1369,1,53,left-2,left,left-dark,light-up,fewer-up,single,2026-03-05 20:30:33.2450000
30013,6959d5a0452fb017bbf5cba2,1402,1,54,left-7,right,left-dark,light-up,greater-up,single,2026-03-05 20:30:35.9940000
30014,6959d5a0452fb017bbf5cba2,982,1,55,right-6,left,right-dark,light-up,greater-up,single,2026-03-05 20:30:38.3740000
30015,6959d5a0452fb017bbf5cba2,1019,0,56,left-7,right,left-dark,dark-up,greater-up,single,2026-03-05 20:30:40.6810000
30016,6959d5a0452fb017bbf5cba2,1163,1,57,left-3,left,left-dark,light-up,fewer-up,single,2026-03-05 20:30:43.5740000
30017,6959d5a0452fb017bbf5cba2,968,0,58,right-2,right,right-dark,dark-up,fewer-up,single,2026-03-05 20:30:46.1820000
30018,6959d5a0452fb017bbf5cba2,1197,1,59,right-1,left,right-dark,light-up,greater-up,single,2026-03-05 20:30:48.7800000
30019,6959d5a0452fb017bbf5cba2,1114,1,60,left-6,right,left-dark,dark-up,fewer-up,single,2026-03-05 20:30:55.3070000
30020,6959d5a0452fb017bbf5cba2,1442,1,61,right-9,right,right-dark,light-up,fewer-up,single,2026-03-05 20:30:58.0880000
30021,6959d5a0452fb017bbf5cba2,1494,1,62,left-1,left,left-dark,dark-up,greater-up,single,2026-03-05 20:31:01.1670000
30022,6959d5a0452fb017bbf5cba2,NULL,0,63,left-9,none,left-dark,light-up,fewer-up,single,2026-03-05 20:31:03.4670000
30023,6959d5a0452fb017bbf5cba2,1345,1,64,left-9,right,left-dark,light-up,greater-up,single,2026-03-05 20:31:06.5410000
30024,6959d5a0452fb017bbf5cba2,1284,1,65,left-4,right,left-dark,light-up,greater-up,single,2026-03-05 20:31:08.8710000
30025,6959d5a0452fb017bbf5cba2,1052,0,66,left-3,left,left-dark,dark-up,fewer-up,single,2026-03-05 20:31:11.4170000
30026,6959d5a0452fb017bbf5cba2,1481,1,67,left-5,left,left-dark,light-up,fewer-up,single,2026-03-05 20:31:14.2760000
30027,6959d5a0452fb017bbf5cba2,1193,1,68,right-4,left,right-dark,dark-up,fewer-up,single,2026-03-05 20:31:17.2600000
30028,6959d5a0452fb017bbf5cba2,1146,1,69,left-1,right,left-dark,dark-up,fewer-up,single,2026-03-05 20:31:19.4990000
30029,6959d5a0452fb017bbf5cba2,1195,1,70,right-3,left,right-dark,light-up,greater-up,single,2026-03-05 20:31:22.4980000
30030,6959d5a0452fb017bbf5cba2,1450,1,71,left-0,left,left-dark,dark-up,greater-up,single,2026-03-05 20:31:24.9940000
30031,6959d5a0452fb017bbf5cba2,1098,1,72,right-6,right,right-dark,light-up,fewer-up,single,2026-03-05 20:31:27.5730000
30032,6959d5a0452fb017bbf5cba2,1319,1,73,right-4,right,right-dark,dark-up,greater-up,single,2026-03-05 20:31:30.1460000
30033,6959d5a0452fb017bbf5cba2,1058,1,74,left-5,right,left-dark,dark-up,fewer-up,single,2026-03-05 20:31:32.2800000
30034,6959d5a0452fb017bbf5cba2,1415,1,75,left-9,right,left-dark,dark-up,fewer-up,single,2026-03-05 20:31:34.9470000
30035,6959d5a0452fb017bbf5cba2,1264,1,76,left-4,left,left-dark,light-up,fewer-up,single,2026-03-05 20:31:37.4020000
30036,6959d5a0452fb017bbf5cba2,1121,1,77,right-5,left,right-dark,dark-up,fewer-up,single,2026-03-05 20:31:40.0100000
30037,6959d5a0452fb017bbf5cba2,1129,1,78,left-2,right,left-dark,dark-up,fewer-up,single,2026-03-05 20:31:42.2450000
30038,6959d5a0452fb017bbf5cba2,1360,1,79,right-7,right,right-dark,light-up,fewer-up,single,2026-03-05 20:31:44.7440000
30039,655b6992cfadb38c5e155316,1170,0,0,right-8,right,right-dark,dark-up,fewer-up,dual,2026-03-05 20:31:42.8490000
30040,655b6992cfadb38c5e155316,1411,1,1,right-6,left,right-dark,dark-up,fewer-up,dual,2026-03-05 20:31:45.4630000
30041,655b6992cfadb38c5e155316,925,0,2,right-7,right,right-dark,dark-up,fewer-up,dual,2026-03-05 20:31:47.7700000
30042,655b6992cfadb38c5e155316,1371,1,3,right-8,left,right-dark,light-up,greater-up,dual,2026-03-05 20:31:50.2890000
30043,655b6992cfadb38c5e155316,1282,1,4,right-1,left,right-dark,dark-up,fewer-up,dual,2026-03-05 20:31:53.0150000
30044,655b6992cfadb38c5e155316,1410,1,5,left-9,left,left-dark,light-up,fewer-up,dual,2026-03-05 20:31:55.5860000
30045,655b6992cfadb38c5e155316,1320,1,6,left-3,right,left-dark,light-up,greater-up,dual,2026-03-05 20:31:58.3810000
30046,655b6992cfadb38c5e155316,1033,1,7,left-8,right,left-dark,light-up,greater-up,dual,2026-03-05 20:32:00.7210000
30047,655b6992cfadb38c5e155316,1245,1,8,left-6,right,left-dark,light-up,greater-up,dual,2026-03-05 20:32:03.4150000
30048,655b6992cfadb38c5e155316,914,0,9,right-5,right,right-dark,dark-up,fewer-up,dual,2026-03-05 20:32:05.5590000
30049,655b6992cfadb38c5e155316,904,0,10,right-5,left,right-dark,dark-up,greater-up,dual,2026-03-05 20:32:07.5540000
30050,655b6992cfadb38c5e155316,1126,1,11,left-4,right,left-dark,dark-up,fewer-up,dual,2026-03-05 20:32:09.9440000
30051,655b6992cfadb38c5e155316,1073,1,12,left-6,left,left-dark,light-up,fewer-up,dual,2026-03-05 20:32:12.3470000
30052,655b6992cfadb38c5e155316,1249,1,13,left-4,right,left-dark,light-up,greater-up,dual,2026-03-05 20:32:14.9750000
30053,655b6992cfadb38c5e155316,1272,1,14,left-7,left,left-dark,light-up,fewer-up,dual,2026-03-05 20:32:17.5820000
30054,655b6992cfadb38c5e155316,1090,1,15,left-3,right,left-dark,dark-up,fewer-up,dual,2026-03-05 20:32:19.9980000
30055,655b6992cfadb38c5e155316,1224,1,16,right-6,right,right-dark,light-up,fewer-up,dual,2026-03-05 20:32:22.3540000
30056,655b6992cfadb38c5e155316,1479,1,17,right-7,left,right-dark,light-up,greater-up,dual,2026-03-05 20:32:25.3980000
30057,655b6992cfadb38c5e155316,1292,1,18,left-1,left,left-dark,light-up,fewer-up,dual,2026-03-05 20:32:28.1910000
30058,655b6992cfadb38c5e155316,1273,1,19,left-2,right,left-dark,dark-up,fewer-up,dual,2026-03-05 20:32:30.9730000
30059,655b6992cfadb38c5e155316,1348,1,20,left-9,left,left-dark,dark-up,greater-up,dual,2026-03-05 20:32:39.0350000
30060,655b6992cfadb38c5e155316,884,1,21,right-8,right,right-dark,dark-up,greater-up,dual,2026-03-05 20:32:41.0960000
30061,655b6992cfadb38c5e155316,1253,1,22,left-0,left,left-dark,light-up,fewer-up,dual,2026-03-05 20:32:43.5910000
30062,655b6992cfadb38c5e155316,903,0,23,right-9,right,right-dark,dark-up,fewer-up,dual,2026-03-05 20:32:45.6230000
30063,655b6992cfadb38c5e155316,1236,1,24,left-8,left,left-dark,light-up,fewer-up,dual,2026-03-05 20:32:48.2850000
30064,655b6992cfadb38c5e155316,895,1,25,right-4,right,right-dark,dark-up,greater-up,dual,2026-03-05 20:32:50.3760000
30065,655b6992cfadb38c5e155316,1119,1,26,right-9,left,right-dark,light-up,greater-up,dual,2026-03-05 20:32:52.5760000
30066,655b6992cfadb38c5e155316,1266,1,27,right-1,left,right-dark,light-up,greater-up,dual,2026-03-05 20:32:54.9280000
30067,655b6992cfadb38c5e155316,758,1,28,right-6,right,right-dark,dark-up,greater-up,dual,2026-03-05 20:32:56.9560000
30068,655b6992cfadb38c5e155316,938,0,29,left-7,left,left-dark,dark-up,fewer-up,dual,2026-03-05 20:32:58.9540000
30069,655b6992cfadb38c5e155316,1187,1,30,right-2,left,right-dark,light-up,greater-up,dual,2026-03-05 20:33:01.4250000
30070,655b6992cfadb38c5e155316,1005,1,31,right-2,left,right-dark,dark-up,fewer-up,dual,2026-03-05 20:33:03.7930000
30071,655b6992cfadb38c5e155316,895,1,32,right-7,right,right-dark,dark-up,greater-up,dual,2026-03-05 20:33:06.0510000
30072,655b6992cfadb38c5e155316,1312,1,33,right-1,right,right-dark,dark-up,greater-up,dual,2026-03-05 20:33:08.8160000
30073,655b6992cfadb38c5e155316,1038,1,34,right-4,left,right-dark,dark-up,fewer-up,dual,2026-03-05 20:33:10.9330000
30074,655b6992cfadb38c5e155316,1247,0,35,left-4,right,left-dark,dark-up,greater-up,dual,2026-03-05 20:33:13.5100000
30075,655b6992cfadb38c5e155316,1604,1,36,right-0,right,right-dark,light-up,fewer-up,dual,2026-03-05 20:33:16.6130000
30076,655b6992cfadb38c5e155316,840,1,37,left-3,left,left-dark,dark-up,greater-up,dual,2026-03-05 20:33:18.8460000
30077,655b6992cfadb38c5e155316,899,1,38,left-5,left,left-dark,dark-up,greater-up,dual,2026-03-05 20:33:21.2270000
30078,655b6992cfadb38c5e155316,881,1,39,left-0,right,left-dark,dark-up,fewer-up,dual,2026-03-05 20:33:23.3950000
30079,655b6992cfadb38c5e155316,1430,1,40,right-9,right,right-dark,light-up,fewer-up,dual,2026-03-05 20:33:30.0960000
30080,655b6992cfadb38c5e155316,1138,1,41,left-2,right,left-dark,light-up,greater-up,dual,2026-03-05 20:33:32.3250000
30081,655b6992cfadb38c5e155316,846,1,42,left-8,left,left-dark,dark-up,greater-up,dual,2026-03-05 20:33:34.5820000
30082,655b6992cfadb38c5e155316,1143,1,43,left-6,right,left-dark,dark-up,fewer-up,dual,2026-03-05 20:33:36.9230000
30083,655b6992cfadb38c5e155316,881,1,44,right-4,left,right-dark,light-up,greater-up,dual,2026-03-05 20:33:39.2870000
30084,655b6992cfadb38c5e155316,1225,1,45,left-0,left,left-dark,dark-up,greater-up,dual,2026-03-05 20:33:41.7520000
30085,655b6992cfadb38c5e155316,950,1,46,left-1,right,left-dark,light-up,greater-up,dual,2026-03-05 20:33:44.1090000
30086,655b6992cfadb38c5e155316,1309,1,47,right-8,right,right-dark,light-up,fewer-up,dual,2026-03-05 20:33:46.7550000
30087,655b6992cfadb38c5e155316,939,1,48,right-0,right,right-dark,dark-up,greater-up,dual,2026-03-05 20:33:48.9870000
30088,655b6992cfadb38c5e155316,1013,0,49,right-2,left,right-dark,light-up,fewer-up,dual,2026-03-05 20:33:51.0760000
30089,655b6992cfadb38c5e155316,1058,1,50,right-7,right,right-dark,light-up,fewer-up,dual,2026-03-05 20:33:53.6210000
30090,655b6992cfadb38c5e155316,1339,1,51,left-9,right,left-dark,dark-up,fewer-up,dual,2026-03-05 20:33:56.3750000
30091,655b6992cfadb38c5e155316,1217,1,52,left-0,right,left-dark,light-up,greater-up,dual,2026-03-05 20:33:59.0630000
30092,655b6992cfadb38c5e155316,NULL,0,53,right-5,none,right-dark,light-up,fewer-up,dual,2026-03-05 20:34:01.4780000
30093,655b6992cfadb38c5e155316,1045,1,54,left-7,left,left-dark,dark-up,greater-up,dual,2026-03-05 20:34:04.5170000
30094,655b6992cfadb38c5e155316,1000,1,55,left-3,left,left-dark,light-up,fewer-up,dual,2026-03-05 20:34:07.0090000
30095,655b6992cfadb38c5e155316,1295,1,56,left-5,left,left-dark,light-up,fewer-up,dual,2026-03-05 20:34:09.8110000
30096,655b6992cfadb38c5e155316,1454,1,57,right-5,left,right-dark,light-up,greater-up,dual,2026-03-05 20:34:12.5830000
30097,655b6992cfadb38c5e155316,1419,1,58,left-2,left,left-dark,dark-up,greater-up,dual,2026-03-05 20:34:15.0400000
30098,655b6992cfadb38c5e155316,1030,1,59,right-4,right,right-dark,light-up,fewer-up,dual,2026-03-05 20:34:17.1640000
30099,655b6992cfadb38c5e155316,1270,1,60,left-9,right,left-dark,light-up,greater-up,dual,2026-03-05 20:34:23.9160000
30100,655b6992cfadb38c5e155316,1020,1,61,right-3,left,right-dark,light-up,greater-up,dual,2026-03-05 20:34:26.1460000
30101,655b6992cfadb38c5e155316,1184,1,62,left-2,left,left-dark,light-up,fewer-up,dual,2026-03-05 20:34:28.6860000
30102,655b6992cfadb38c5e155316,1180,1,63,right-3,right,right-dark,light-up,fewer-up,dual,2026-03-05 20:34:31.2670000
30103,655b6992cfadb38c5e155316,911,1,64,left-6,left,left-dark,dark-up,greater-up,dual,2026-03-05 20:34:33.5270000
30104,655b6992cfadb38c5e155316,993,1,65,right-3,left,right-dark,dark-up,fewer-up,dual,2026-03-05 20:34:35.8810000
30105,655b6992cfadb38c5e155316,1365,0,66,left-7,left,left-dark,light-up,greater-up,dual,2026-03-05 20:34:38.3150000
30106,655b6992cfadb38c5e155316,903,1,67,right-9,right,right-dark,dark-up,greater-up,dual,2026-03-05 20:34:40.4620000
30107,655b6992cfadb38c5e155316,871,1,68,right-3,right,right-dark,dark-up,greater-up,dual,2026-03-05 20:34:42.6150000
30108,655b6992cfadb38c5e155316,NULL,0,69,right-6,none,right-dark,light-up,greater-up,dual,2026-03-05 20:34:44.9030000
30109,655b6992cfadb38c5e155316,913,1,70,right-2,right,right-dark,dark-up,greater-up,dual,2026-03-05 20:34:47.4440000
30110,655b6992cfadb38c5e155316,1137,1,71,right-1,right,right-dark,light-up,fewer-up,dual,2026-03-05 20:34:49.8470000
30111,655b6992cfadb38c5e155316,1442,1,72,left-4,left,left-dark,light-up,fewer-up,dual,2026-03-05 20:34:52.6400000
30112,655b6992cfadb38c5e155316,1039,1,73,right-0,left,right-dark,dark-up,fewer-up,dual,2026-03-05 20:34:54.9760000
30113,655b6992cfadb38c5e155316,966,1,74,left-8,right,left-dark,dark-up,fewer-up,dual,2026-03-05 20:34:57.2690000
30114,655b6992cfadb38c5e155316,1023,1,75,left-1,left,left-dark,dark-up,greater-up,dual,2026-03-05 20:34:59.5780000
30115,655b6992cfadb38c5e155316,1059,1,76,left-5,right,left-dark,light-up,greater-up,dual,2026-03-05 20:35:01.8250000
30116,655b6992cfadb38c5e155316,1045,1,77,left-5,right,left-dark,dark-up,fewer-up,dual,2026-03-05 20:35:04.3380000
30117,655b6992cfadb38c5e155316,1112,1,78,left-1,right,left-dark,dark-up,fewer-up,dual,2026-03-05 20:35:06.5050000
30118,655b6992cfadb38c5e155316,1015,1,79,right-0,left,right-dark,light-up,greater-up,dual,2026-03-05 20:35:08.6730000
30119,698b800e27e7c9d8b47ec9b1,896,1,0,left-3,left,left-dark,dark-up,greater-up,dual,2026-03-05 21:18:34.2050000
30120,698b800e27e7c9d8b47ec9b1,1739,1,1,right-7,right,right-dark,light-up,fewer-up,dual,2026-03-05 21:18:37.4940000
30121,698b800e27e7c9d8b47ec9b1,1457,1,2,right-5,left,right-dark,dark-up,fewer-up,dual,2026-03-05 21:18:40.3030000
30122,698b800e27e7c9d8b47ec9b1,1567,1,3,right-7,left,right-dark,light-up,greater-up,dual,2026-03-05 21:18:43.3430000
30123,698b800e27e7c9d8b47ec9b1,NULL,0,4,right-0,none,right-dark,dark-up,fewer-up,dual,2026-03-05 21:18:45.8340000
30124,698b800e27e7c9d8b47ec9b1,1589,0,5,left-4,right,left-dark,dark-up,greater-up,dual,2026-03-05 21:18:49.4700000
30125,698b800e27e7c9d8b47ec9b1,1354,1,6,left-6,right,left-dark,light-up,greater-up,dual,2026-03-05 21:18:51.9790000
30126,698b800e27e7c9d8b47ec9b1,NULL,0,7,left-1,none,left-dark,light-up,fewer-up,dual,2026-03-05 21:18:54.7300000
30127,698b800e27e7c9d8b47ec9b1,926,0,8,right-4,left,right-dark,light-up,fewer-up,dual,2026-03-05 21:18:57.6410000
30128,698b800e27e7c9d8b47ec9b1,1189,0,9,right-6,right,right-dark,dark-up,fewer-up,dual,2026-03-05 21:19:00.3960000
30129,698b800e27e7c9d8b47ec9b1,1354,0,10,right-8,left,right-dark,light-up,fewer-up,dual,2026-03-05 21:19:02.9680000
30130,698b800e27e7c9d8b47ec9b1,NULL,0,11,right-6,none,right-dark,light-up,fewer-up,dual,2026-03-05 21:19:05.3890000
30131,698b800e27e7c9d8b47ec9b1,1598,0,12,right-1,right,right-dark,light-up,greater-up,dual,2026-03-05 21:19:08.9640000
30132,698b800e27e7c9d8b47ec9b1,1064,1,13,right-0,right,right-dark,dark-up,greater-up,dual,2026-03-05 21:19:11.4710000
30133,698b800e27e7c9d8b47ec9b1,NULL,0,14,right-3,none,right-dark,light-up,greater-up,dual,2026-03-05 21:19:14.2690000
30134,698b800e27e7c9d8b47ec9b1,1200,0,15,left-8,right,left-dark,dark-up,greater-up,dual,2026-03-05 21:19:17.3110000
30135,698b800e27e7c9d8b47ec9b1,1287,0,16,left-1,left,left-dark,dark-up,fewer-up,dual,2026-03-05 21:19:19.6850000
30136,698b800e27e7c9d8b47ec9b1,1737,1,17,left-4,right,left-dark,dark-up,fewer-up,dual,2026-03-05 21:19:22.5690000
30137,698b800e27e7c9d8b47ec9b1,1654,1,18,right-8,right,right-dark,dark-up,greater-up,dual,2026-03-05 21:19:25.4590000
30138,698b800e27e7c9d8b47ec9b1,NULL,0,19,right-7,none,right-dark,dark-up,fewer-up,dual,2026-03-05 21:19:27.9030000
30139,698b800e27e7c9d8b47ec9b1,1379,0,20,right-5,left,right-dark,light-up,fewer-up,dual,2026-03-05 21:19:39.0770000
30140,698b800e27e7c9d8b47ec9b1,1099,1,21,left-8,left,left-dark,light-up,fewer-up,dual,2026-03-05 21:19:41.6710000
30141,698b800e27e7c9d8b47ec9b1,1175,1,22,left-6,right,left-dark,dark-up,fewer-up,dual,2026-03-05 21:19:44.1900000
30142,698b800e27e7c9d8b47ec9b1,1072,1,23,right-2,right,right-dark,dark-up,greater-up,dual,2026-03-05 21:19:46.7000000
30143,698b800e27e7c9d8b47ec9b1,NULL,0,24,left-9,none,left-dark,dark-up,fewer-up,dual,2026-03-05 21:19:49.1780000
30144,698b800e27e7c9d8b47ec9b1,1276,1,25,right-4,left,right-dark,dark-up,fewer-up,dual,2026-03-05 21:19:52.0230000
30145,698b800e27e7c9d8b47ec9b1,942,1,26,left-4,right,left-dark,light-up,greater-up,dual,2026-03-05 21:19:54.2540000
30146,698b800e27e7c9d8b47ec9b1,1532,1,27,right-2,left,right-dark,light-up,greater-up,dual,2026-03-05 21:19:57.0270000
30147,698b800e27e7c9d8b47ec9b1,1287,1,28,right-0,right,right-dark,light-up,fewer-up,dual,2026-03-05 21:19:59.6610000
30148,698b800e27e7c9d8b47ec9b1,1583,1,29,right-4,left,right-dark,light-up,greater-up,dual,2026-03-05 21:20:02.4730000
30149,698b800e27e7c9d8b47ec9b1,1629,1,30,left-0,right,left-dark,dark-up,fewer-up,dual,2026-03-05 21:20:05.3030000
30150,698b800e27e7c9d8b47ec9b1,1097,1,31,right-9,left,right-dark,dark-up,fewer-up,dual,2026-03-05 21:20:07.9470000
30151,698b800e27e7c9d8b47ec9b1,1021,1,32,right-6,left,right-dark,light-up,greater-up,dual,2026-03-05 21:20:10.5210000
30152,698b800e27e7c9d8b47ec9b1,978,1,33,left-2,right,left-dark,dark-up,fewer-up,dual,2026-03-05 21:20:12.6260000
30153,698b800e27e7c9d8b47ec9b1,1185,1,34,right-2,left,right-dark,dark-up,fewer-up,dual,2026-03-05 21:20:15.3300000
30154,698b800e27e7c9d8b47ec9b1,1504,1,35,left-3,right,left-dark,light-up,greater-up,dual,2026-03-05 21:20:18.0600000
30155,698b800e27e7c9d8b47ec9b1,1077,1,36,left-8,right,left-dark,dark-up,fewer-up,dual,2026-03-05 21:20:20.3270000
30156,698b800e27e7c9d8b47ec9b1,1621,1,37,left-5,left,left-dark,light-up,fewer-up,dual,2026-03-05 21:20:23.2470000
30157,698b800e27e7c9d8b47ec9b1,1532,1,38,right-3,left,right-dark,dark-up,fewer-up,dual,2026-03-05 21:20:26.0040000
30158,698b800e27e7c9d8b47ec9b1,1498,1,39,left-2,right,left-dark,light-up,greater-up,dual,2026-03-05 21:20:28.9250000
30159,698b800e27e7c9d8b47ec9b1,1339,1,40,left-6,left,left-dark,light-up,fewer-up,dual,2026-03-05 21:20:40.0350000
30160,698b800e27e7c9d8b47ec9b1,942,1,41,right-2,right,right-dark,light-up,fewer-up,dual,2026-03-05 21:20:42.1070000
30161,698b800e27e7c9d8b47ec9b1,1255,1,42,right-9,right,right-dark,dark-up,greater-up,dual,2026-03-05 21:20:44.7370000
30162,698b800e27e7c9d8b47ec9b1,742,1,43,right-6,right,right-dark,dark-up,greater-up,dual,2026-03-05 21:20:46.9790000
30163,698b800e27e7c9d8b47ec9b1,1004,1,44,left-9,left,left-dark,light-up,fewer-up,dual,2026-03-05 21:20:49.3730000
30164,698b800e27e7c9d8b47ec9b1,693,1,45,left-7,left,left-dark,dark-up,greater-up,dual,2026-03-05 21:20:51.3050000
30165,698b800e27e7c9d8b47ec9b1,919,1,46,right-4,right,right-dark,dark-up,greater-up,dual,2026-03-05 21:20:53.5540000
30166,698b800e27e7c9d8b47ec9b1,1430,1,47,left-3,left,left-dark,light-up,fewer-up,dual,2026-03-05 21:20:56.3430000
30167,698b800e27e7c9d8b47ec9b1,1139,1,48,left-8,right,left-dark,light-up,greater-up,dual,2026-03-05 21:20:58.7220000
30168,698b800e27e7c9d8b47ec9b1,1556,0,49,left-5,left,left-dark,light-up,greater-up,dual,2026-03-05 21:21:01.4720000
30169,698b800e27e7c9d8b47ec9b1,787,1,50,left-7,right,left-dark,light-up,greater-up,dual,2026-03-05 21:21:03.4240000
30170,698b800e27e7c9d8b47ec9b1,907,1,51,left-2,left,left-dark,light-up,fewer-up,dual,2026-03-05 21:21:05.6490000
30171,698b800e27e7c9d8b47ec9b1,1161,1,52,left-7,left,left-dark,light-up,fewer-up,dual,2026-03-05 21:21:07.9530000
30172,698b800e27e7c9d8b47ec9b1,1126,1,53,right-9,right,right-dark,light-up,fewer-up,dual,2026-03-05 21:21:10.2530000
30173,698b800e27e7c9d8b47ec9b1,1544,1,54,right-7,right,right-dark,dark-up,greater-up,dual,2026-03-05 21:21:13.1480000
30174,698b800e27e7c9d8b47ec9b1,1076,1,55,left-4,left,left-dark,light-up,fewer-up,dual,2026-03-05 21:21:15.6870000
30175,698b800e27e7c9d8b47ec9b1,996,1,56,left-9,left,left-dark,dark-up,greater-up,dual,2026-03-05 21:21:18.0370000
30176,698b800e27e7c9d8b47ec9b1,920,1,57,left-7,right,left-dark,dark-up,fewer-up,dual,2026-03-05 21:21:20.0000000
30177,698b800e27e7c9d8b47ec9b1,1175,1,58,right-1,right,right-dark,light-up,fewer-up,dual,2026-03-05 21:21:22.4630000
30178,698b800e27e7c9d8b47ec9b1,998,1,59,right-3,right,right-dark,dark-up,greater-up,dual,2026-03-05 21:21:24.5910000
30179,698b800e27e7c9d8b47ec9b1,1395,1,60,left-3,right,left-dark,dark-up,fewer-up,dual,2026-03-05 21:21:31.6220000
30180,698b800e27e7c9d8b47ec9b1,1025,1,61,left-5,left,left-dark,dark-up,greater-up,dual,2026-03-05 21:21:33.8250000
30181,698b800e27e7c9d8b47ec9b1,1035,1,62,left-1,right,left-dark,light-up,greater-up,dual,2026-03-05 21:21:35.9570000
30182,698b800e27e7c9d8b47ec9b1,727,1,63,right-5,left,right-dark,light-up,greater-up,dual,2026-03-05 21:21:38.2090000
30183,698b800e27e7c9d8b47ec9b1,1026,1,64,left-9,right,left-dark,light-up,greater-up,dual,2026-03-05 21:21:40.6280000
30184,698b800e27e7c9d8b47ec9b1,1575,1,65,left-2,left,left-dark,dark-up,greater-up,dual,2026-03-05 21:21:43.2560000
30185,698b800e27e7c9d8b47ec9b1,1023,1,66,right-8,left,right-dark,dark-up,fewer-up,dual,2026-03-05 21:21:45.5240000
30186,698b800e27e7c9d8b47ec9b1,1279,1,67,right-8,left,right-dark,light-up,greater-up,dual,2026-03-05 21:21:47.8930000
30187,698b800e27e7c9d8b47ec9b1,1006,0,68,right-3,left,right-dark,light-up,fewer-up,dual,2026-03-05 21:21:50.0120000
30188,698b800e27e7c9d8b47ec9b1,989,1,69,left-6,left,left-dark,dark-up,greater-up,dual,2026-03-05 21:21:52.1070000
30189,698b800e27e7c9d8b47ec9b1,1548,1,70,right-0,left,right-dark,light-up,greater-up,dual,2026-03-05 21:21:54.9260000
30190,698b800e27e7c9d8b47ec9b1,1288,0,71,left-0,left,left-dark,light-up,greater-up,dual,2026-03-05 21:21:57.3600000
30191,698b800e27e7c9d8b47ec9b1,1251,1,72,right-1,right,right-dark,dark-up,greater-up,dual,2026-03-05 21:21:59.6570000
30192,698b800e27e7c9d8b47ec9b1,1281,1,73,left-0,left,left-dark,dark-up,greater-up,dual,2026-03-05 21:22:02.0680000
30193,698b800e27e7c9d8b47ec9b1,1164,1,74,right-1,left,right-dark,dark-up,fewer-up,dual,2026-03-05 21:22:04.5390000
30194,698b800e27e7c9d8b47ec9b1,1316,1,75,left-1,left,left-dark,dark-up,greater-up,dual,2026-03-05 21:22:07.2870000
30195,698b800e27e7c9d8b47ec9b1,1583,1,76,right-9,left,right-dark,light-up,greater-up,dual,2026-03-05 21:22:10.1070000
30196,698b800e27e7c9d8b47ec9b1,1167,1,77,left-0,left,left-dark,light-up,fewer-up,dual,2026-03-05 21:22:12.5320000
30197,698b800e27e7c9d8b47ec9b1,1049,1,78,right-5,right,right-dark,dark-up,greater-up,dual,2026-03-05 21:22:14.7620000
30198,698b800e27e7c9d8b47ec9b1,NULL,0,79,left-5,none,left-dark,dark-up,fewer-up,dual,2026-03-05 21:22:17.1300000
30199,67055b370e3c0c4965a03128,926,0,0,right-0,right,right-dark,dark-up,fewer-up,single,2026-03-05 21:50:24.0970000
30200,67055b370e3c0c4965a03128,977,1,1,left-1,left,left-dark,dark-up,greater-up,single,2026-03-05 21:50:26.7000000
30201,67055b370e3c0c4965a03128,733,0,2,left-2,left,left-dark,dark-up,fewer-up,single,2026-03-05 21:50:29.8450000
30202,67055b370e3c0c4965a03128,1190,0,3,right-0,right,right-dark,light-up,greater-up,single,2026-03-05 21:50:32.2780000
30203,67055b370e3c0c4965a03128,1102,1,4,right-2,right,right-dark,light-up,fewer-up,single,2026-03-05 21:50:34.7050000
30204,67055b370e3c0c4965a03128,841,1,5,right-0,right,right-dark,dark-up,greater-up,single,2026-03-05 21:50:36.8510000
30205,67055b370e3c0c4965a03128,717,1,6,left-7,left,left-dark,dark-up,greater-up,single,2026-03-05 21:50:38.8270000
30206,67055b370e3c0c4965a03128,1081,0,7,right-1,left,right-dark,dark-up,greater-up,single,2026-03-05 21:50:41.2640000
30207,67055b370e3c0c4965a03128,1009,0,8,left-1,left,left-dark,dark-up,fewer-up,single,2026-03-05 21:50:43.6080000
30208,67055b370e3c0c4965a03128,1043,1,9,left-2,left,left-dark,dark-up,greater-up,single,2026-03-05 21:50:45.9870000
30209,67055b370e3c0c4965a03128,940,1,10,right-6,right,right-dark,dark-up,greater-up,single,2026-03-05 21:50:48.3150000
30210,67055b370e3c0c4965a03128,746,0,11,left-3,left,left-dark,dark-up,fewer-up,single,2026-03-05 21:50:50.7200000
30211,67055b370e3c0c4965a03128,701,1,12,left-0,left,left-dark,dark-up,greater-up,single,2026-03-05 21:50:52.8750000
30212,67055b370e3c0c4965a03128,794,1,13,left-6,left,left-dark,light-up,fewer-up,single,2026-03-05 21:50:55.2540000
30213,67055b370e3c0c4965a03128,835,1,14,left-5,left,left-dark,light-up,fewer-up,single,2026-03-05 21:50:58.3360000
30214,67055b370e3c0c4965a03128,1348,1,15,right-6,right,right-dark,light-up,fewer-up,single,2026-03-05 21:51:01.0940000
30215,67055b370e3c0c4965a03128,1195,1,16,right-2,right,right-dark,dark-up,greater-up,single,2026-03-05 21:51:03.6090000
30216,67055b370e3c0c4965a03128,861,0,17,right-5,right,right-dark,light-up,greater-up,single,2026-03-05 21:51:06.2150000
30217,67055b370e3c0c4965a03128,1122,0,18,right-7,left,right-dark,dark-up,greater-up,single,2026-03-05 21:51:08.8560000
30218,67055b370e3c0c4965a03128,856,1,19,left-4,left,left-dark,light-up,fewer-up,single,2026-03-05 21:51:11.2460000
30219,67055b370e3c0c4965a03128,742,1,20,left-8,left,left-dark,light-up,fewer-up,single,2026-03-05 21:51:17.3490000
30220,67055b370e3c0c4965a03128,808,0,21,right-2,right,right-dark,light-up,greater-up,single,2026-03-05 21:51:19.2900000
30221,67055b370e3c0c4965a03128,846,1,22,left-9,left,left-dark,dark-up,greater-up,single,2026-03-05 21:51:22.3440000
30222,67055b370e3c0c4965a03128,690,0,23,left-7,left,left-dark,light-up,greater-up,single,2026-03-05 21:51:24.2860000
30223,67055b370e3c0c4965a03128,688,1,24,left-6,left,left-dark,dark-up,greater-up,single,2026-03-05 21:51:26.1700000
30224,67055b370e3c0c4965a03128,961,1,25,left-2,left,left-dark,light-up,fewer-up,single,2026-03-05 21:51:28.6830000
30225,67055b370e3c0c4965a03128,917,1,26,right-5,right,right-dark,dark-up,greater-up,single,2026-03-05 21:51:31.0740000
30226,67055b370e3c0c4965a03128,943,0,27,right-8,right,right-dark,dark-up,fewer-up,single,2026-03-05 21:51:33.4960000
30227,67055b370e3c0c4965a03128,911,0,28,left-9,left,left-dark,light-up,greater-up,single,2026-03-05 21:51:35.4400000
30228,67055b370e3c0c4965a03128,729,1,29,right-3,right,right-dark,light-up,fewer-up,single,2026-03-05 21:51:37.7190000
30229,67055b370e3c0c4965a03128,956,0,30,right-4,right,right-dark,light-up,greater-up,single,2026-03-05 21:51:39.9870000
30230,67055b370e3c0c4965a03128,1130,0,31,right-7,right,right-dark,light-up,greater-up,single,2026-03-05 21:51:42.3030000
30231,67055b370e3c0c4965a03128,734,1,32,right-7,left,right-dark,dark-up,fewer-up,single,2026-03-05 21:51:44.4990000
30232,67055b370e3c0c4965a03128,914,0,33,right-4,right,right-dark,dark-up,fewer-up,single,2026-03-05 21:51:46.6150000
30233,67055b370e3c0c4965a03128,954,0,34,left-3,left,left-dark,light-up,greater-up,single,2026-03-05 21:51:49.0820000
30234,67055b370e3c0c4965a03128,932,0,35,left-6,left,left-dark,light-up,greater-up,single,2026-03-05 21:51:51.2090000
30235,67055b370e3c0c4965a03128,947,0,36,left-0,left,left-dark,light-up,greater-up,single,2026-03-05 21:51:53.5220000
30236,67055b370e3c0c4965a03128,765,1,37,right-7,right,right-dark,light-up,fewer-up,single,2026-03-05 21:51:55.7090000
30237,67055b370e3c0c4965a03128,991,0,38,left-5,left,left-dark,dark-up,fewer-up,single,2026-03-05 21:51:58.0080000
30238,67055b370e3c0c4965a03128,630,0,39,left-4,left,left-dark,light-up,greater-up,single,2026-03-05 21:52:00.0280000
30239,67055b370e3c0c4965a03128,754,1,40,left-5,left,left-dark,dark-up,greater-up,single,2026-03-05 21:52:04.4140000
30240,67055b370e3c0c4965a03128,1081,1,41,left-1,left,left-dark,light-up,fewer-up,single,2026-03-05 21:52:06.7420000
30241,67055b370e3c0c4965a03128,882,1,42,left-9,left,left-dark,light-up,fewer-up,single,2026-03-05 21:52:09.1340000
30242,67055b370e3c0c4965a03128,941,1,43,right-4,right,right-dark,light-up,fewer-up,single,2026-03-05 21:52:11.3370000
30243,67055b370e3c0c4965a03128,971,0,44,right-1,right,right-dark,dark-up,fewer-up,single,2026-03-05 21:52:13.4330000
30244,67055b370e3c0c4965a03128,873,0,45,right-6,right,right-dark,light-up,greater-up,single,2026-03-05 21:52:15.3590000
30245,67055b370e3c0c4965a03128,886,0,46,right-3,right,right-dark,dark-up,fewer-up,single,2026-03-05 21:52:17.7030000
30246,67055b370e3c0c4965a03128,1153,0,47,left-9,left,left-dark,dark-up,fewer-up,single,2026-03-05 21:52:20.2580000
30247,67055b370e3c0c4965a03128,1001,1,48,left-5,right,left-dark,light-up,greater-up,single,2026-03-05 21:52:22.3740000
30248,67055b370e3c0c4965a03128,910,0,49,right-6,right,right-dark,dark-up,fewer-up,single,2026-03-05 21:52:24.3350000
30249,67055b370e3c0c4965a03128,998,0,50,left-1,left,left-dark,light-up,greater-up,single,2026-03-05 21:52:26.6940000
30250,67055b370e3c0c4965a03128,1148,0,51,right-0,left,right-dark,light-up,fewer-up,single,2026-03-05 21:52:29.3000000
30251,67055b370e3c0c4965a03128,803,1,52,right-5,right,right-dark,light-up,fewer-up,single,2026-03-05 21:52:31.3050000
30252,67055b370e3c0c4965a03128,798,0,53,right-9,right,right-dark,light-up,greater-up,single,2026-03-05 21:52:33.5410000
30253,67055b370e3c0c4965a03128,966,1,54,left-8,left,left-dark,dark-up,greater-up,single,2026-03-05 21:52:35.9760000
30254,67055b370e3c0c4965a03128,984,1,55,left-3,left,left-dark,dark-up,greater-up,single,2026-03-05 21:52:38.2090000
30255,67055b370e3c0c4965a03128,820,1,56,right-9,right,right-dark,light-up,fewer-up,single,2026-03-05 21:52:40.4460000
30256,67055b370e3c0c4965a03128,740,1,57,right-4,right,right-dark,dark-up,greater-up,single,2026-03-05 21:52:42.6810000
30257,67055b370e3c0c4965a03128,845,0,58,left-8,left,left-dark,dark-up,fewer-up,single,2026-03-05 21:52:44.9500000
30258,67055b370e3c0c4965a03128,924,0,59,right-1,right,right-dark,light-up,greater-up,single,2026-03-05 21:52:47.1860000
30259,67055b370e3c0c4965a03128,750,1,60,left-0,left,left-dark,light-up,fewer-up,single,2026-03-05 21:52:50.8700000
30260,67055b370e3c0c4965a03128,669,0,61,left-6,left,left-dark,dark-up,fewer-up,single,2026-03-05 21:52:52.9220000
30261,67055b370e3c0c4965a03128,840,0,62,left-4,left,left-dark,dark-up,fewer-up,single,2026-03-05 21:52:55.0320000
30262,67055b370e3c0c4965a03128,1159,0,63,right-9,right,right-dark,dark-up,fewer-up,single,2026-03-05 21:52:57.6410000
30263,67055b370e3c0c4965a03128,978,1,64,right-8,right,right-dark,light-up,fewer-up,single,2026-03-05 21:53:00.0160000
30264,67055b370e3c0c4965a03128,1365,0,65,right-3,right,right-dark,light-up,greater-up,single,2026-03-05 21:53:02.6380000
30265,67055b370e3c0c4965a03128,812,0,66,left-2,left,left-dark,light-up,greater-up,single,2026-03-05 21:53:04.9220000
30266,67055b370e3c0c4965a03128,1096,0,67,right-8,right,right-dark,light-up,greater-up,single,2026-03-05 21:53:07.1280000
30267,67055b370e3c0c4965a03128,933,1,68,left-8,right,left-dark,light-up,greater-up,single,2026-03-05 21:53:09.2570000
30268,67055b370e3c0c4965a03128,NULL,0,69,left-7,none,left-dark,light-up,fewer-up,single,2026-03-05 21:53:11.8620000
30269,67055b370e3c0c4965a03128,1394,0,70,right-1,left,right-dark,light-up,fewer-up,single,2026-03-05 21:53:14.9470000
30270,67055b370e3c0c4965a03128,1188,1,71,left-0,right,left-dark,dark-up,fewer-up,single,2026-03-05 21:53:17.5060000
30271,67055b370e3c0c4965a03128,938,1,72,right-5,left,right-dark,dark-up,fewer-up,single,2026-03-05 21:53:19.5920000
30272,67055b370e3c0c4965a03128,1119,1,73,right-8,right,right-dark,dark-up,greater-up,single,2026-03-05 21:53:21.8710000
30273,67055b370e3c0c4965a03128,824,1,74,left-4,left,left-dark,dark-up,greater-up,single,2026-03-05 21:53:24.0350000
30274,67055b370e3c0c4965a03128,1054,1,75,left-3,left,left-dark,light-up,fewer-up,single,2026-03-05 21:53:26.5120000
30275,67055b370e3c0c4965a03128,1295,1,76,right-3,right,right-dark,dark-up,greater-up,single,2026-03-05 21:53:28.8590000
30276,67055b370e3c0c4965a03128,1231,1,77,left-7,right,left-dark,dark-up,fewer-up,single,2026-03-05 21:53:31.1410000
30277,67055b370e3c0c4965a03128,1276,1,78,right-9,right,right-dark,dark-up,greater-up,single,2026-03-05 21:53:33.7020000
30278,67055b370e3c0c4965a03128,962,1,79,right-2,left,right-dark,dark-up,fewer-up,single,2026-03-05 21:53:35.8880000
