id,participant_id,response_time,correct,trial_number,stimuli_number,response,slope,legend,statement_type,statement_truth,attention,time_when,comparison_frame,valid_response_time,valid_correct,is_answered,participant_type,is_complete,mean_rt_ms,participant_rt_sd_ms,exclude_low_task_accuracy,exclude_low_phone_dprime,exclude_mean_rt_outlier,exclude_within_participant_rt_outlier
1865,5ad7e2dc74a9220001ba091a,15329,1,0,linechart-real-22-shuffled-interaction-1-5,right,increasing,shuffled,interaction,true,single,2026-03-19T15:23:49Z,less,TRUE,TRUE,TRUE,study,TRUE,6115.25,3286.6560808135046,FALSE,FALSE,FALSE,TRUE
1868,5ad7e2dc74a9220001ba091a,13663,1,1,linechart-real-19-ordered-main_effect-0-24,left,increasing,ordered,main_effect,false,single,2026-03-19T15:24:03Z,more,TRUE,TRUE,TRUE,study,TRUE,6115.25,3286.6560808135046,FALSE,FALSE,FALSE,TRUE
1870,5ad7e2dc74a9220001ba091a,5619,1,2,linechart-real-6-ordered-main_effect-0-18,left,increasing,ordered,main_effect,false,single,2026-03-19T15:24:09Z,less,TRUE,TRUE,TRUE,study,TRUE,6115.25,3286.6560808135046,FALSE,FALSE,FALSE,FALSE
1872,5ad7e2dc74a9220001ba091a,7150,0,3,linechart-real-11-ordered-interaction-1-10,left,increasing,ordered,interaction,true,single,2026-03-19T15:24:17Z,less,TRUE,TRUE,TRUE,study,TRUE,6115.25,3286.6560808135046,FALSE,FALSE,FALSE,FALSE
1874,5ad7e2dc74a9220001ba091a,14283,1,4,linechart-real-27-ordered-main_effect-0-6,left,increasing,ordered,main_effect,false,single,2026-03-19T15:24:33Z,less,TRUE,TRUE,TRUE,study,TRUE,6115.25,3286.6560808135046,FALSE,FALSE,FALSE,TRUE
1876,5ad7e2dc74a9220001ba091a,11428,1,5,linechart-real-30-shuffled-interaction-0-30,left,increasing,shuffled,interaction,false,single,2026-03-19T15:24:45Z,less,TRUE,TRUE,TRUE,study,TRUE,6115.25,3286.6560808135046,FALSE,FALSE,FALSE,FALSE
1877,5ad7e2dc74a9220001ba091a,3786,1,6,linechart-real-8-ordered-interaction-1-26,right,increasing,ordered,interaction,true,single,2026-03-19T15:24:50Z,more,TRUE,TRUE,TRUE,study,TRUE,6115.25,3286.6560808135046,FALSE,FALSE,FALSE,FALSE
1878,5ad7e2dc74a9220001ba091a,6182,0,7,linechart-real-28-shuffled-interaction-1-7,left,increasing,shuffled,interaction,true,single,2026-03-19T15:24:56Z,less,TRUE,TRUE,TRUE,study,TRUE,6115.25,3286.6560808135046,FALSE,FALSE,FALSE,FALSE
1880,5ad7e2dc74a9220001ba091a,6699,1,8,linechart-real-25-shuffled-interaction-1-1,right,increasing,shuffled,interaction,true,single,2026-03-19T15:25:07Z,more,TRUE,TRUE,TRUE,study,TRUE,6115.25,3286.6560808135046,FALSE,FALSE,FALSE,FALSE
1881,5ad7e2dc74a9220001ba091a,6353,0,9,linechart-real-7-shuffled-main_effect-0-31,right,increasing,shuffled,main_effect,false,single,2026-03-19T15:25:14Z,more,TRUE,TRUE,TRUE,study,TRUE,6115.25,3286.6560808135046,FALSE,FALSE,FALSE,FALSE
1883,5ad7e2dc74a9220001ba091a,4008,0,10,linechart-real-12-ordered-interaction-0-20,right,increasing,ordered,interaction,false,single,2026-03-19T15:25:20Z,more,TRUE,TRUE,TRUE,study,TRUE,6115.25,3286.6560808135046,FALSE,FALSE,FALSE,FALSE
1884,5ad7e2dc74a9220001ba091a,9093,1,11,linechart-real-31-ordered-main_effect-0-13,left,increasing,ordered,main_effect,false,single,2026-03-19T15:25:30Z,less,TRUE,TRUE,TRUE,study,TRUE,6115.25,3286.6560808135046,FALSE,FALSE,FALSE,FALSE
1885,5ad7e2dc74a9220001ba091a,7344,0,12,linechart-real-1-ordered-interaction-1-22,left,increasing,ordered,interaction,true,single,2026-03-19T15:25:38Z,less,TRUE,TRUE,TRUE,study,TRUE,6115.25,3286.6560808135046,FALSE,FALSE,FALSE,FALSE
1887,5ad7e2dc74a9220001ba091a,6367,1,13,linechart-real-26-ordered-main_effect-1-16,right,increasing,ordered,main_effect,true,single,2026-03-19T15:25:46Z,less,TRUE,TRUE,TRUE,study,TRUE,6115.25,3286.6560808135046,FALSE,FALSE,FALSE,FALSE
1888,5ad7e2dc74a9220001ba091a,4530,1,14,linechart-real-13-ordered-interaction-1-15,right,increasing,ordered,interaction,true,single,2026-03-19T15:25:52Z,less,TRUE,TRUE,TRUE,study,TRUE,6115.25,3286.6560808135046,FALSE,FALSE,FALSE,FALSE
1889,5ad7e2dc74a9220001ba091a,5727,0,15,linechart-real-4-ordered-main_effect-1-3,left,increasing,ordered,main_effect,true,single,2026-03-19T15:25:58Z,less,TRUE,TRUE,TRUE,study,TRUE,6115.25,3286.6560808135046,FALSE,FALSE,FALSE,FALSE
1890,5ad7e2dc74a9220001ba091a,5716,1,16,linechart-real-16-shuffled-interaction-0-4,left,increasing,shuffled,interaction,false,single,2026-03-19T15:26:06Z,more,TRUE,TRUE,TRUE,study,TRUE,6115.25,3286.6560808135046,FALSE,FALSE,FALSE,FALSE
1891,5ad7e2dc74a9220001ba091a,6343,1,17,linechart-real-18-shuffled-interaction-0-29,left,increasing,shuffled,interaction,false,single,2026-03-19T15:26:14Z,less,TRUE,TRUE,TRUE,study,TRUE,6115.25,3286.6560808135046,FALSE,FALSE,FALSE,FALSE
1892,5ad7e2dc74a9220001ba091a,5633,1,18,linechart-real-24-shuffled-main_effect-1-21,right,increasing,shuffled,main_effect,true,single,2026-03-19T15:26:20Z,more,TRUE,TRUE,TRUE,study,TRUE,6115.25,3286.6560808135046,FALSE,FALSE,FALSE,FALSE
1894,5ad7e2dc74a9220001ba091a,4279,1,19,linechart-real-23-shuffled-main_effect-0-27,left,increasing,shuffled,main_effect,false,single,2026-03-19T15:26:25Z,more,TRUE,TRUE,TRUE,study,TRUE,6115.25,3286.6560808135046,FALSE,FALSE,FALSE,FALSE
1895,5ad7e2dc74a9220001ba091a,3956,1,20,linechart-real-5-shuffled-main_effect-0-0,left,increasing,shuffled,main_effect,false,single,2026-03-19T15:26:29Z,more,TRUE,TRUE,TRUE,study,TRUE,6115.25,3286.6560808135046,FALSE,FALSE,FALSE,FALSE
1896,5ad7e2dc74a9220001ba091a,5651,1,21,linechart-real-3-shuffled-main_effect-1-8,right,increasing,shuffled,main_effect,true,single,2026-03-19T15:26:36Z,more,TRUE,TRUE,TRUE,study,TRUE,6115.25,3286.6560808135046,FALSE,FALSE,FALSE,FALSE
1897,5ad7e2dc74a9220001ba091a,4355,1,22,linechart-real-29-shuffled-interaction-0-19,left,increasing,shuffled,interaction,false,single,2026-03-19T15:26:41Z,more,TRUE,TRUE,TRUE,study,TRUE,6115.25,3286.6560808135046,FALSE,FALSE,FALSE,FALSE
1898,5ad7e2dc74a9220001ba091a,2983,1,23,linechart-real-10-shuffled-main_effect-1-25,right,increasing,shuffled,main_effect,true,single,2026-03-19T15:26:44Z,more,TRUE,TRUE,TRUE,study,TRUE,6115.25,3286.6560808135046,FALSE,FALSE,FALSE,FALSE
1899,5ad7e2dc74a9220001ba091a,2928,0,24,linechart-real-14-ordered-main_effect-1-11,left,increasing,ordered,main_effect,true,single,2026-03-19T15:26:49Z,less,TRUE,TRUE,TRUE,study,TRUE,6115.25,3286.6560808135046,FALSE,FALSE,FALSE,FALSE
1900,5ad7e2dc74a9220001ba091a,3457,1,25,linechart-real-2-shuffled-interaction-1-14,right,increasing,shuffled,interaction,true,single,2026-03-19T15:26:55Z,less,TRUE,TRUE,TRUE,study,TRUE,6115.25,3286.6560808135046,FALSE,FALSE,FALSE,FALSE
1902,5ad7e2dc74a9220001ba091a,4031,1,26,linechart-real-15-ordered-interaction-0-9,left,increasing,ordered,interaction,false,single,2026-03-19T15:26:59Z,more,TRUE,TRUE,TRUE,study,TRUE,6115.25,3286.6560808135046,FALSE,FALSE,FALSE,FALSE
1903,5ad7e2dc74a9220001ba091a,3993,0,27,linechart-real-0-ordered-main_effect-0-28,right,increasing,ordered,main_effect,false,single,2026-03-19T15:27:04Z,less,TRUE,TRUE,TRUE,study,TRUE,6115.25,3286.6560808135046,FALSE,FALSE,FALSE,FALSE
1904,5ad7e2dc74a9220001ba091a,4107,1,28,linechart-real-20-shuffled-main_effect-1-17,right,increasing,shuffled,main_effect,true,single,2026-03-19T15:27:10Z,more,TRUE,TRUE,TRUE,study,TRUE,6115.25,3286.6560808135046,FALSE,FALSE,FALSE,FALSE
1905,5ad7e2dc74a9220001ba091a,4336,1,29,linechart-real-21-ordered-interaction-0-12,left,increasing,ordered,interaction,false,single,2026-03-19T15:27:15Z,more,TRUE,TRUE,TRUE,study,TRUE,6115.25,3286.6560808135046,FALSE,FALSE,FALSE,FALSE
1906,5ad7e2dc74a9220001ba091a,2384,0,30,linechart-real-9-shuffled-main_effect-1-23,left,increasing,shuffled,main_effect,true,single,2026-03-19T15:27:18Z,less,TRUE,TRUE,TRUE,study,TRUE,6115.25,3286.6560808135046,FALSE,FALSE,FALSE,FALSE
1907,5ad7e2dc74a9220001ba091a,3975,1,31,linechart-real-17-ordered-interaction-0-2,left,increasing,ordered,interaction,false,single,2026-03-19T15:27:23Z,more,TRUE,TRUE,TRUE,study,TRUE,6115.25,3286.6560808135046,FALSE,FALSE,FALSE,FALSE
2794,5b7aefd06c1ccb000178b710,10304,1,0,linechart-real-21-shuffled-interaction-1-14,right,increasing,shuffled,interaction,true,dual,2026-03-20T16:08:50Z,more,TRUE,TRUE,TRUE,study,TRUE,8791.875,4014.1048554220133,TRUE,FALSE,FALSE,FALSE
2800,5b7aefd06c1ccb000178b710,9074,0,1,linechart-real-3-ordered-main_effect-1-9,left,increasing,ordered,main_effect,true,dual,2026-03-20T16:09:00Z,less,TRUE,TRUE,TRUE,study,TRUE,8791.875,4014.1048554220133,TRUE,FALSE,FALSE,FALSE
2808,5b7aefd06c1ccb000178b710,9234,0,2,linechart-real-1-ordered-interaction-1-27,left,increasing,ordered,interaction,true,dual,2026-03-20T16:09:11Z,less,TRUE,TRUE,TRUE,study,TRUE,8791.875,4014.1048554220133,TRUE,FALSE,FALSE,FALSE
2816,5b7aefd06c1ccb000178b710,8679,1,3,linechart-real-7-ordered-main_effect-0-30,left,increasing,ordered,main_effect,false,dual,2026-03-20T16:09:21Z,more,TRUE,TRUE,TRUE,study,TRUE,8791.875,4014.1048554220133,TRUE,FALSE,FALSE,FALSE
2820,5b7aefd06c1ccb000178b710,10676,0,4,linechart-real-19-ordered-main_effect-0-1,right,increasing,ordered,main_effect,false,dual,2026-03-20T16:09:32Z,less,TRUE,TRUE,TRUE,study,TRUE,8791.875,4014.1048554220133,TRUE,FALSE,FALSE,FALSE
2825,5b7aefd06c1ccb000178b710,13324,1,5,linechart-real-13-shuffled-interaction-0-8,left,increasing,shuffled,interaction,false,dual,2026-03-20T16:09:47Z,less,TRUE,TRUE,TRUE,study,TRUE,8791.875,4014.1048554220133,TRUE,FALSE,FALSE,FALSE
2831,5b7aefd06c1ccb000178b710,10992,1,6,linechart-real-26-ordered-interaction-1-22,right,increasing,ordered,interaction,true,dual,2026-03-20T16:09:59Z,less,TRUE,TRUE,TRUE,study,TRUE,8791.875,4014.1048554220133,TRUE,FALSE,FALSE,FALSE
2838,5b7aefd06c1ccb000178b710,10773,0,7,linechart-real-16-shuffled-main_effect-1-28,left,increasing,shuffled,main_effect,true,dual,2026-03-20T16:10:10Z,more,TRUE,TRUE,TRUE,study,TRUE,8791.875,4014.1048554220133,TRUE,FALSE,FALSE,FALSE
2849,5b7aefd06c1ccb000178b710,9960,1,8,linechart-real-23-shuffled-main_effect-0-2,left,increasing,shuffled,main_effect,false,dual,2026-03-20T16:10:40Z,more,TRUE,TRUE,TRUE,study,TRUE,8791.875,4014.1048554220133,TRUE,FALSE,FALSE,FALSE
2854,5b7aefd06c1ccb000178b710,10023,1,9,linechart-real-10-ordered-main_effect-1-23,right,increasing,ordered,main_effect,true,dual,2026-03-20T16:10:50Z,more,TRUE,TRUE,TRUE,study,TRUE,8791.875,4014.1048554220133,TRUE,FALSE,FALSE,FALSE
2857,5b7aefd06c1ccb000178b710,13474,0,10,linechart-real-29-ordered-interaction-0-17,right,increasing,ordered,interaction,false,dual,2026-03-20T16:11:05Z,less,TRUE,TRUE,TRUE,study,TRUE,8791.875,4014.1048554220133,TRUE,FALSE,FALSE,FALSE
2859,5b7aefd06c1ccb000178b710,59,0,11,linechart-real-24-shuffled-main_effect-0-19,right,increasing,shuffled,main_effect,false,dual,2026-03-20T16:11:06Z,less,TRUE,TRUE,TRUE,study,TRUE,8791.875,4014.1048554220133,TRUE,FALSE,FALSE,TRUE
2861,5b7aefd06c1ccb000178b710,55,1,12,linechart-real-12-ordered-interaction-1-12,right,increasing,ordered,interaction,true,dual,2026-03-20T16:11:08Z,more,TRUE,TRUE,TRUE,study,TRUE,8791.875,4014.1048554220133,TRUE,FALSE,FALSE,TRUE
2862,5b7aefd06c1ccb000178b710,75,1,13,linechart-real-18-shuffled-main_effect-1-20,right,increasing,shuffled,main_effect,true,dual,2026-03-20T16:11:09Z,less,TRUE,TRUE,TRUE,study,TRUE,8791.875,4014.1048554220133,TRUE,FALSE,FALSE,TRUE
2864,5b7aefd06c1ccb000178b710,24,1,14,linechart-real-0-shuffled-main_effect-1-6,right,increasing,shuffled,main_effect,true,dual,2026-03-20T16:11:09Z,more,TRUE,TRUE,TRUE,study,TRUE,8791.875,4014.1048554220133,TRUE,FALSE,FALSE,TRUE
2865,5b7aefd06c1ccb000178b710,75,0,15,linechart-real-20-ordered-main_effect-0-11,right,increasing,ordered,main_effect,false,dual,2026-03-20T16:11:10Z,more,TRUE,TRUE,TRUE,study,TRUE,8791.875,4014.1048554220133,TRUE,FALSE,FALSE,TRUE
2870,5b7aefd06c1ccb000178b710,10414,1,16,linechart-real-25-shuffled-interaction-0-15,left,increasing,shuffled,interaction,false,dual,2026-03-20T16:11:29Z,more,TRUE,TRUE,TRUE,study,TRUE,8791.875,4014.1048554220133,TRUE,FALSE,FALSE,FALSE
2874,5b7aefd06c1ccb000178b710,11232,1,17,linechart-real-17-shuffled-interaction-1-7,right,increasing,shuffled,interaction,true,dual,2026-03-20T16:11:41Z,more,TRUE,TRUE,TRUE,study,TRUE,8791.875,4014.1048554220133,TRUE,FALSE,FALSE,FALSE
2878,5b7aefd06c1ccb000178b710,9535,1,18,linechart-real-30-ordered-main_effect-0-21,left,increasing,ordered,main_effect,false,dual,2026-03-20T16:11:51Z,more,TRUE,TRUE,TRUE,study,TRUE,8791.875,4014.1048554220133,TRUE,FALSE,FALSE,FALSE
2882,5b7aefd06c1ccb000178b710,8719,0,19,linechart-real-22-ordered-interaction-0-4,right,increasing,ordered,interaction,false,dual,2026-03-20T16:12:00Z,less,TRUE,TRUE,TRUE,study,TRUE,8791.875,4014.1048554220133,TRUE,FALSE,FALSE,FALSE
2885,5b7aefd06c1ccb000178b710,9714,1,20,linechart-real-8-ordered-main_effect-0-18,left,increasing,ordered,main_effect,false,dual,2026-03-20T16:12:11Z,more,TRUE,TRUE,TRUE,study,TRUE,8791.875,4014.1048554220133,TRUE,FALSE,FALSE,FALSE
2890,5b7aefd06c1ccb000178b710,12057,1,21,linechart-real-31-ordered-interaction-1-16,right,increasing,ordered,interaction,true,dual,2026-03-20T16:12:24Z,more,TRUE,TRUE,TRUE,study,TRUE,8791.875,4014.1048554220133,TRUE,FALSE,FALSE,FALSE
2893,5b7aefd06c1ccb000178b710,11227,1,22,linechart-real-4-ordered-main_effect-0-0,left,increasing,ordered,main_effect,false,dual,2026-03-20T16:12:36Z,less,TRUE,TRUE,TRUE,study,TRUE,8791.875,4014.1048554220133,TRUE,FALSE,FALSE,FALSE
2897,5b7aefd06c1ccb000178b710,10785,1,23,linechart-real-27-ordered-interaction-1-13,right,increasing,ordered,interaction,true,dual,2026-03-20T16:12:47Z,less,TRUE,TRUE,TRUE,study,TRUE,8791.875,4014.1048554220133,TRUE,FALSE,FALSE,FALSE
2904,5b7aefd06c1ccb000178b710,12955,0,24,linechart-real-5-ordered-interaction-0-3,right,increasing,ordered,interaction,false,dual,2026-03-20T16:13:10Z,more,TRUE,TRUE,TRUE,study,TRUE,8791.875,4014.1048554220133,TRUE,FALSE,FALSE,FALSE
2909,5b7aefd06c1ccb000178b710,9541,1,25,linechart-real-14-shuffled-main_effect-0-25,left,increasing,shuffled,main_effect,false,dual,2026-03-20T16:13:22Z,less,TRUE,TRUE,TRUE,study,TRUE,8791.875,4014.1048554220133,TRUE,FALSE,FALSE,FALSE
2911,5b7aefd06c1ccb000178b710,8718,1,26,linechart-real-15-shuffled-interaction-1-10,right,increasing,shuffled,interaction,true,dual,2026-03-20T16:13:31Z,more,TRUE,TRUE,TRUE,study,TRUE,8791.875,4014.1048554220133,TRUE,FALSE,FALSE,FALSE
2915,5b7aefd06c1ccb000178b710,10444,0,27,linechart-real-9-shuffled-main_effect-1-31,left,increasing,shuffled,main_effect,true,dual,2026-03-20T16:13:42Z,less,TRUE,TRUE,TRUE,study,TRUE,8791.875,4014.1048554220133,TRUE,FALSE,FALSE,FALSE
2918,5b7aefd06c1ccb000178b710,10931,0,28,linechart-real-6-shuffled-interaction-1-5,left,increasing,shuffled,interaction,true,dual,2026-03-20T16:13:55Z,less,TRUE,TRUE,TRUE,study,TRUE,8791.875,4014.1048554220133,TRUE,FALSE,FALSE,FALSE
2922,5b7aefd06c1ccb000178b710,8809,1,29,linechart-real-11-shuffled-main_effect-1-26,right,increasing,shuffled,main_effect,true,dual,2026-03-20T16:14:05Z,more,TRUE,TRUE,TRUE,study,TRUE,8791.875,4014.1048554220133,TRUE,FALSE,FALSE,FALSE
2924,5b7aefd06c1ccb000178b710,10126,1,30,linechart-real-28-shuffled-interaction-0-29,left,increasing,shuffled,interaction,false,dual,2026-03-20T16:14:16Z,less,TRUE,TRUE,TRUE,study,TRUE,8791.875,4014.1048554220133,TRUE,FALSE,FALSE,FALSE
2926,5b7aefd06c1ccb000178b710,9332,1,31,linechart-real-2-shuffled-interaction-0-24,left,increasing,shuffled,interaction,false,dual,2026-03-20T16:14:26Z,less,TRUE,TRUE,TRUE,study,TRUE,8791.875,4014.1048554220133,TRUE,FALSE,FALSE,FALSE
1699,5c40bb8880392f00015e8910,44011,1,0,linechart-real-1-shuffled-main_effect-0-7,left,increasing,shuffled,main_effect,false,dual,2026-03-19T15:10:54Z,more,TRUE,TRUE,TRUE,study,TRUE,29378.25,10716.026351880326,FALSE,FALSE,TRUE,FALSE
1719,5c40bb8880392f00015e8910,39208,1,1,linechart-real-19-shuffled-main_effect-1-6,right,increasing,shuffled,main_effect,true,dual,2026-03-19T15:11:34Z,more,TRUE,TRUE,TRUE,study,TRUE,29378.25,10716.026351880326,FALSE,FALSE,TRUE,FALSE
1734,5c40bb8880392f00015e8910,21797,1,2,linechart-real-17-ordered-interaction-1-27,right,increasing,ordered,interaction,true,dual,2026-03-19T15:11:57Z,more,TRUE,TRUE,TRUE,study,TRUE,29378.25,10716.026351880326,FALSE,FALSE,TRUE,FALSE
1748,5c40bb8880392f00015e8910,23429,0,3,linechart-real-12-shuffled-interaction-0-31,right,increasing,shuffled,interaction,false,dual,2026-03-19T15:12:21Z,less,TRUE,TRUE,TRUE,study,TRUE,29378.25,10716.026351880326,FALSE,FALSE,TRUE,FALSE
1757,5c40bb8880392f00015e8910,24284,1,4,linechart-real-7-ordered-interaction-0-4,left,increasing,ordered,interaction,false,dual,2026-03-19T15:12:47Z,more,TRUE,TRUE,TRUE,study,TRUE,29378.25,10716.026351880326,FALSE,FALSE,TRUE,FALSE
1765,5c40bb8880392f00015e8910,25832,0,5,linechart-real-18-shuffled-interaction-1-22,left,increasing,shuffled,interaction,true,dual,2026-03-19T15:13:14Z,less,TRUE,TRUE,TRUE,study,TRUE,29378.25,10716.026351880326,FALSE,FALSE,TRUE,FALSE
1774,5c40bb8880392f00015e8910,37945,1,6,linechart-real-10-ordered-main_effect-0-0,left,increasing,ordered,main_effect,false,dual,2026-03-19T15:13:53Z,more,TRUE,TRUE,TRUE,study,TRUE,29378.25,10716.026351880326,FALSE,FALSE,TRUE,FALSE
1778,5c40bb8880392f00015e8910,15112,1,7,linechart-real-20-ordered-main_effect-0-19,left,increasing,ordered,main_effect,false,dual,2026-03-19T15:14:09Z,less,TRUE,TRUE,TRUE,study,TRUE,29378.25,10716.026351880326,FALSE,FALSE,TRUE,FALSE
1793,5c40bb8880392f00015e8910,17163,1,8,linechart-real-30-shuffled-interaction-1-5,right,increasing,shuffled,interaction,true,dual,2026-03-19T15:15:38Z,more,TRUE,TRUE,TRUE,study,TRUE,29378.25,10716.026351880326,FALSE,FALSE,TRUE,FALSE
1801,5c40bb8880392f00015e8910,22877,0,9,linechart-real-0-shuffled-interaction-0-23,right,increasing,shuffled,interaction,false,dual,2026-03-19T15:16:02Z,less,TRUE,TRUE,TRUE,study,TRUE,29378.25,10716.026351880326,FALSE,FALSE,TRUE,FALSE
1810,5c40bb8880392f00015e8910,31137,1,10,linechart-real-23-ordered-main_effect-1-25,right,increasing,ordered,main_effect,true,dual,2026-03-19T15:16:36Z,more,TRUE,TRUE,TRUE,study,TRUE,29378.25,10716.026351880326,FALSE,FALSE,TRUE,FALSE
1813,5c40bb8880392f00015e8910,18350,0,11,linechart-real-24-ordered-main_effect-1-17,left,increasing,ordered,main_effect,true,dual,2026-03-19T15:16:55Z,more,TRUE,TRUE,TRUE,study,TRUE,29378.25,10716.026351880326,FALSE,FALSE,TRUE,FALSE
1820,5c40bb8880392f00015e8910,45177,1,12,linechart-real-3-ordered-main_effect-0-2,left,increasing,ordered,main_effect,false,dual,2026-03-19T15:17:42Z,less,TRUE,TRUE,TRUE,study,TRUE,29378.25,10716.026351880326,FALSE,FALSE,TRUE,FALSE
1825,5c40bb8880392f00015e8910,25469,1,13,linechart-real-9-ordered-interaction-1-21,right,increasing,ordered,interaction,true,dual,2026-03-19T15:18:09Z,more,TRUE,TRUE,TRUE,study,TRUE,29378.25,10716.026351880326,FALSE,FALSE,TRUE,FALSE
1832,5c40bb8880392f00015e8910,40245,1,14,linechart-real-26-ordered-interaction-1-16,right,increasing,ordered,interaction,true,dual,2026-03-19T15:18:50Z,less,TRUE,TRUE,TRUE,study,TRUE,29378.25,10716.026351880326,FALSE,FALSE,TRUE,FALSE
1834,5c40bb8880392f00015e8910,21627,1,15,linechart-real-2-shuffled-interaction-1-10,right,increasing,shuffled,interaction,true,dual,2026-03-19T15:19:13Z,less,TRUE,TRUE,TRUE,study,TRUE,29378.25,10716.026351880326,FALSE,FALSE,TRUE,FALSE
1852,5c40bb8880392f00015e8910,56655,0,16,linechart-real-29-shuffled-interaction-0-11,right,increasing,shuffled,interaction,false,dual,2026-03-19T15:22:22Z,less,TRUE,TRUE,TRUE,study,TRUE,29378.25,10716.026351880326,FALSE,FALSE,TRUE,TRUE
1857,5c40bb8880392f00015e8910,36087,0,17,linechart-real-21-ordered-interaction-0-15,right,increasing,ordered,interaction,false,dual,2026-03-19T15:23:00Z,less,TRUE,TRUE,TRUE,study,TRUE,29378.25,10716.026351880326,FALSE,FALSE,TRUE,FALSE
1862,5c40bb8880392f00015e8910,26144,1,18,linechart-real-11-shuffled-interaction-1-24,right,increasing,shuffled,interaction,true,dual,2026-03-19T15:23:28Z,less,TRUE,TRUE,TRUE,study,TRUE,29378.25,10716.026351880326,FALSE,FALSE,TRUE,FALSE
1869,5c40bb8880392f00015e8910,35716,1,19,linechart-real-16-ordered-main_effect-0-30,left,increasing,ordered,main_effect,false,dual,2026-03-19T15:24:04Z,more,TRUE,TRUE,TRUE,study,TRUE,29378.25,10716.026351880326,FALSE,FALSE,TRUE,FALSE
1875,5c40bb8880392f00015e8910,31337,1,20,linechart-real-4-shuffled-main_effect-1-9,right,increasing,shuffled,main_effect,true,dual,2026-03-19T15:24:36Z,more,TRUE,TRUE,TRUE,study,TRUE,29378.25,10716.026351880326,FALSE,FALSE,TRUE,FALSE
1879,5c40bb8880392f00015e8910,22875,1,21,linechart-real-22-ordered-main_effect-1-18,right,increasing,ordered,main_effect,true,dual,2026-03-19T15:25:00Z,more,TRUE,TRUE,TRUE,study,TRUE,29378.25,10716.026351880326,FALSE,FALSE,TRUE,FALSE
1882,5c40bb8880392f00015e8910,15144,1,22,linechart-real-28-ordered-interaction-0-13,left,increasing,ordered,interaction,false,dual,2026-03-19T15:25:16Z,more,TRUE,TRUE,TRUE,study,TRUE,29378.25,10716.026351880326,FALSE,FALSE,TRUE,FALSE
1886,5c40bb8880392f00015e8910,26227,1,23,linechart-real-13-ordered-interaction-0-28,left,increasing,ordered,interaction,false,dual,2026-03-19T15:25:43Z,less,TRUE,TRUE,TRUE,study,TRUE,29378.25,10716.026351880326,FALSE,FALSE,TRUE,FALSE
1911,5c40bb8880392f00015e8910,32217,1,24,linechart-real-14-shuffled-main_effect-1-1,right,increasing,shuffled,main_effect,true,dual,2026-03-19T15:27:59Z,less,TRUE,TRUE,TRUE,study,TRUE,29378.25,10716.026351880326,FALSE,FALSE,TRUE,FALSE
1921,5c40bb8880392f00015e8910,50803,0,25,linechart-real-5-shuffled-interaction-0-8,right,increasing,shuffled,interaction,false,dual,2026-03-19T15:28:50Z,less,TRUE,TRUE,TRUE,study,TRUE,29378.25,10716.026351880326,FALSE,FALSE,TRUE,FALSE
1927,5c40bb8880392f00015e8910,22447,1,26,linechart-real-31-ordered-main_effect-0-20,left,increasing,ordered,main_effect,false,dual,2026-03-19T15:29:15Z,less,TRUE,TRUE,TRUE,study,TRUE,29378.25,10716.026351880326,FALSE,FALSE,TRUE,FALSE
1936,5c40bb8880392f00015e8910,32794,1,27,linechart-real-8-shuffled-main_effect-0-14,left,increasing,shuffled,main_effect,false,dual,2026-03-19T15:29:48Z,less,TRUE,TRUE,TRUE,study,TRUE,29378.25,10716.026351880326,FALSE,FALSE,TRUE,FALSE
1939,5c40bb8880392f00015e8910,28853,1,28,linechart-real-25-shuffled-main_effect-1-29,right,increasing,shuffled,main_effect,true,dual,2026-03-19T15:30:18Z,less,TRUE,TRUE,TRUE,study,TRUE,29378.25,10716.026351880326,FALSE,FALSE,TRUE,FALSE
1943,5c40bb8880392f00015e8910,37464,1,29,linechart-real-27-shuffled-main_effect-1-26,right,increasing,shuffled,main_effect,true,dual,2026-03-19T15:30:57Z,more,TRUE,TRUE,TRUE,study,TRUE,29378.25,10716.026351880326,FALSE,FALSE,TRUE,FALSE
1947,5c40bb8880392f00015e8910,12365,0,30,linechart-real-15-shuffled-main_effect-0-3,right,increasing,shuffled,main_effect,false,dual,2026-03-19T15:31:10Z,more,TRUE,TRUE,TRUE,study,TRUE,29378.25,10716.026351880326,FALSE,FALSE,TRUE,FALSE
1951,5c40bb8880392f00015e8910,19313,1,31,linechart-real-6-ordered-interaction-1-12,right,increasing,ordered,interaction,true,dual,2026-03-19T15:31:31Z,more,TRUE,TRUE,TRUE,study,TRUE,29378.25,10716.026351880326,FALSE,FALSE,TRUE,FALSE
1717,5c4684826a7dbc00017c0a87,5973,1,0,linechart-real-26-shuffled-main_effect-1-28,right,increasing,shuffled,main_effect,true,single,2026-03-19T15:11:33Z,more,TRUE,TRUE,TRUE,study,TRUE,8267.5625,2851.8034015564663,FALSE,FALSE,FALSE,FALSE
1723,5c4684826a7dbc00017c0a87,8266,1,1,linechart-real-15-shuffled-interaction-0-26,left,increasing,shuffled,interaction,false,single,2026-03-19T15:11:42Z,less,TRUE,TRUE,TRUE,study,TRUE,8267.5625,2851.8034015564663,FALSE,FALSE,FALSE,FALSE
1729,5c4684826a7dbc00017c0a87,7463,0,2,linechart-real-5-ordered-interaction-1-16,left,increasing,ordered,interaction,true,single,2026-03-19T15:11:50Z,less,TRUE,TRUE,TRUE,study,TRUE,8267.5625,2851.8034015564663,FALSE,FALSE,FALSE,FALSE
1738,5c4684826a7dbc00017c0a87,11071,0,3,linechart-real-10-shuffled-interaction-0-9,right,increasing,shuffled,interaction,false,single,2026-03-19T15:12:03Z,more,TRUE,TRUE,TRUE,study,TRUE,8267.5625,2851.8034015564663,FALSE,FALSE,FALSE,FALSE
1745,5c4684826a7dbc00017c0a87,11523,1,4,linechart-real-11-ordered-interaction-0-8,left,increasing,ordered,interaction,false,single,2026-03-19T15:12:16Z,more,TRUE,TRUE,TRUE,study,TRUE,8267.5625,2851.8034015564663,FALSE,FALSE,FALSE,FALSE
1750,5c4684826a7dbc00017c0a87,9909,1,5,linechart-real-29-ordered-main_effect-1-6,right,increasing,ordered,main_effect,true,single,2026-03-19T15:12:27Z,less,TRUE,TRUE,TRUE,study,TRUE,8267.5625,2851.8034015564663,FALSE,FALSE,FALSE,FALSE
1752,5c4684826a7dbc00017c0a87,5778,1,6,linechart-real-24-ordered-main_effect-0-2,left,increasing,ordered,main_effect,false,single,2026-03-19T15:12:33Z,less,TRUE,TRUE,TRUE,study,TRUE,8267.5625,2851.8034015564663,FALSE,FALSE,FALSE,FALSE
1756,5c4684826a7dbc00017c0a87,10609,0,7,linechart-real-2-ordered-interaction-1-20,left,increasing,ordered,interaction,true,single,2026-03-19T15:12:44Z,less,TRUE,TRUE,TRUE,study,TRUE,8267.5625,2851.8034015564663,FALSE,FALSE,FALSE,FALSE
1760,5c4684826a7dbc00017c0a87,5993,1,8,linechart-real-28-shuffled-interaction-1-29,right,increasing,shuffled,interaction,true,single,2026-03-19T15:12:58Z,more,TRUE,TRUE,TRUE,study,TRUE,8267.5625,2851.8034015564663,FALSE,FALSE,FALSE,FALSE
1762,5c4684826a7dbc00017c0a87,6228,1,9,linechart-real-4-ordered-main_effect-0-21,left,increasing,ordered,main_effect,false,single,2026-03-19T15:13:05Z,more,TRUE,TRUE,TRUE,study,TRUE,8267.5625,2851.8034015564663,FALSE,FALSE,FALSE,FALSE
1763,5c4684826a7dbc00017c0a87,4449,1,10,linechart-real-12-ordered-main_effect-0-5,left,increasing,ordered,main_effect,false,single,2026-03-19T15:13:10Z,more,TRUE,TRUE,TRUE,study,TRUE,8267.5625,2851.8034015564663,FALSE,FALSE,FALSE,FALSE
1766,5c4684826a7dbc00017c0a87,7504,1,11,linechart-real-22-ordered-main_effect-0-22,left,increasing,ordered,main_effect,false,single,2026-03-19T15:13:19Z,more,TRUE,TRUE,TRUE,study,TRUE,8267.5625,2851.8034015564663,FALSE,FALSE,FALSE,FALSE
1767,5c4684826a7dbc00017c0a87,5372,1,12,linechart-real-14-shuffled-main_effect-1-19,right,increasing,shuffled,main_effect,true,single,2026-03-19T15:13:25Z,less,TRUE,TRUE,TRUE,study,TRUE,8267.5625,2851.8034015564663,FALSE,FALSE,FALSE,FALSE
1769,5c4684826a7dbc00017c0a87,10038,1,13,linechart-real-23-ordered-interaction-0-31,left,increasing,ordered,interaction,false,single,2026-03-19T15:13:35Z,less,TRUE,TRUE,TRUE,study,TRUE,8267.5625,2851.8034015564663,FALSE,FALSE,FALSE,FALSE
1770,5c4684826a7dbc00017c0a87,9085,1,14,linechart-real-6-ordered-interaction-1-0,right,increasing,ordered,interaction,true,single,2026-03-19T15:13:45Z,less,TRUE,TRUE,TRUE,study,TRUE,8267.5625,2851.8034015564663,FALSE,FALSE,FALSE,FALSE
1772,5c4684826a7dbc00017c0a87,6611,1,15,linechart-real-19-shuffled-interaction-1-15,right,increasing,shuffled,interaction,true,single,2026-03-19T15:13:52Z,less,TRUE,TRUE,TRUE,study,TRUE,8267.5625,2851.8034015564663,FALSE,FALSE,FALSE,FALSE
1776,5c4684826a7dbc00017c0a87,5920,0,16,linechart-real-9-shuffled-main_effect-1-23,left,increasing,shuffled,main_effect,true,single,2026-03-19T15:14:01Z,less,TRUE,TRUE,TRUE,study,TRUE,8267.5625,2851.8034015564663,FALSE,FALSE,FALSE,FALSE
1779,5c4684826a7dbc00017c0a87,12465,0,17,linechart-real-18-shuffled-interaction-0-12,right,increasing,shuffled,interaction,false,single,2026-03-19T15:14:15Z,more,TRUE,TRUE,TRUE,study,TRUE,8267.5625,2851.8034015564663,FALSE,FALSE,FALSE,FALSE
1781,5c4684826a7dbc00017c0a87,5749,1,18,linechart-real-17-ordered-main_effect-0-3,left,increasing,ordered,main_effect,false,single,2026-03-19T15:14:22Z,more,TRUE,TRUE,TRUE,study,TRUE,8267.5625,2851.8034015564663,FALSE,FALSE,FALSE,FALSE
1782,5c4684826a7dbc00017c0a87,7307,1,19,linechart-real-1-shuffled-main_effect-0-30,left,increasing,shuffled,main_effect,false,single,2026-03-19T15:14:30Z,less,TRUE,TRUE,TRUE,study,TRUE,8267.5625,2851.8034015564663,FALSE,FALSE,FALSE,FALSE
1783,5c4684826a7dbc00017c0a87,7942,1,20,linechart-real-25-ordered-main_effect-1-1,right,increasing,ordered,main_effect,true,single,2026-03-19T15:14:39Z,more,TRUE,TRUE,TRUE,study,TRUE,8267.5625,2851.8034015564663,FALSE,FALSE,FALSE,FALSE
1784,5c4684826a7dbc00017c0a87,10392,1,21,linechart-real-7-shuffled-main_effect-0-24,left,increasing,shuffled,main_effect,false,single,2026-03-19T15:14:50Z,less,TRUE,TRUE,TRUE,study,TRUE,8267.5625,2851.8034015564663,FALSE,FALSE,FALSE,FALSE
1786,5c4684826a7dbc00017c0a87,6649,1,22,linechart-real-13-shuffled-main_effect-0-11,left,increasing,shuffled,main_effect,false,single,2026-03-19T15:14:57Z,more,TRUE,TRUE,TRUE,study,TRUE,8267.5625,2851.8034015564663,FALSE,FALSE,FALSE,FALSE
1788,5c4684826a7dbc00017c0a87,6154,1,23,linechart-real-21-ordered-interaction-1-7,right,increasing,ordered,interaction,true,single,2026-03-19T15:15:04Z,more,TRUE,TRUE,TRUE,study,TRUE,8267.5625,2851.8034015564663,FALSE,FALSE,FALSE,FALSE
1790,5c4684826a7dbc00017c0a87,10270,1,24,linechart-real-27-shuffled-interaction-0-4,left,increasing,shuffled,interaction,false,single,2026-03-19T15:15:24Z,more,TRUE,TRUE,TRUE,study,TRUE,8267.5625,2851.8034015564663,FALSE,FALSE,FALSE,FALSE
1794,5c4684826a7dbc00017c0a87,18302,1,25,linechart-real-8-ordered-main_effect-0-10,left,increasing,ordered,main_effect,false,single,2026-03-19T15:15:43Z,less,TRUE,TRUE,TRUE,study,TRUE,8267.5625,2851.8034015564663,FALSE,FALSE,FALSE,TRUE
1796,5c4684826a7dbc00017c0a87,6720,0,26,linechart-real-3-ordered-interaction-1-18,left,increasing,ordered,interaction,true,single,2026-03-19T15:15:50Z,less,TRUE,TRUE,TRUE,study,TRUE,8267.5625,2851.8034015564663,FALSE,FALSE,FALSE,FALSE
1799,5c4684826a7dbc00017c0a87,8302,1,27,linechart-real-16-shuffled-main_effect-1-25,right,increasing,shuffled,main_effect,true,single,2026-03-19T15:16:00Z,more,TRUE,TRUE,TRUE,study,TRUE,8267.5625,2851.8034015564663,FALSE,FALSE,FALSE,FALSE
1802,5c4684826a7dbc00017c0a87,6057,0,28,linechart-real-31-shuffled-main_effect-1-13,left,increasing,shuffled,main_effect,true,single,2026-03-19T15:16:07Z,less,TRUE,TRUE,TRUE,study,TRUE,8267.5625,2851.8034015564663,FALSE,FALSE,FALSE,FALSE
1804,5c4684826a7dbc00017c0a87,6818,0,29,linechart-real-20-ordered-interaction-1-17,left,increasing,ordered,interaction,true,single,2026-03-19T15:16:15Z,less,TRUE,TRUE,TRUE,study,TRUE,8267.5625,2851.8034015564663,FALSE,FALSE,FALSE,FALSE
1807,5c4684826a7dbc00017c0a87,12364,1,30,linechart-real-30-shuffled-interaction-1-14,right,increasing,shuffled,interaction,true,single,2026-03-19T15:16:29Z,more,TRUE,TRUE,TRUE,study,TRUE,8267.5625,2851.8034015564663,FALSE,FALSE,FALSE,FALSE
1809,5c4684826a7dbc00017c0a87,7279,1,31,linechart-real-0-shuffled-interaction-0-27,left,increasing,shuffled,interaction,false,single,2026-03-19T15:16:37Z,more,TRUE,TRUE,TRUE,study,TRUE,8267.5625,2851.8034015564663,FALSE,FALSE,FALSE,FALSE
2436,5c715022b2da8a0001ee0a84,16606,1,0,linechart-real-2-ordered-main_effect-0-1,left,increasing,ordered,main_effect,false,single,2026-03-20T16:02:27Z,less,TRUE,TRUE,TRUE,study,TRUE,10324.4375,3449.734659618649,FALSE,FALSE,FALSE,FALSE
2454,5c715022b2da8a0001ee0a84,16460,1,1,linechart-real-12-shuffled-interaction-1-21,right,increasing,shuffled,interaction,true,single,2026-03-20T16:02:44Z,less,TRUE,TRUE,TRUE,study,TRUE,10324.4375,3449.734659618649,FALSE,FALSE,FALSE,FALSE
2464,5c715022b2da8a0001ee0a84,10833,1,2,linechart-real-24-shuffled-interaction-1-4,right,increasing,shuffled,interaction,true,single,2026-03-20T16:02:56Z,more,TRUE,TRUE,TRUE,study,TRUE,10324.4375,3449.734659618649,FALSE,FALSE,FALSE,FALSE
2470,5c715022b2da8a0001ee0a84,8616,1,3,linechart-real-7-shuffled-interaction-1-15,right,increasing,shuffled,interaction,true,single,2026-03-20T16:03:05Z,more,TRUE,TRUE,TRUE,study,TRUE,10324.4375,3449.734659618649,FALSE,FALSE,FALSE,FALSE
2483,5c715022b2da8a0001ee0a84,16003,0,4,linechart-real-20-ordered-interaction-0-24,right,increasing,ordered,interaction,false,single,2026-03-20T16:03:22Z,more,TRUE,TRUE,TRUE,study,TRUE,10324.4375,3449.734659618649,FALSE,FALSE,FALSE,FALSE
2491,5c715022b2da8a0001ee0a84,10502,1,5,linechart-real-23-shuffled-interaction-1-5,right,increasing,shuffled,interaction,true,single,2026-03-20T16:03:34Z,less,TRUE,TRUE,TRUE,study,TRUE,10324.4375,3449.734659618649,FALSE,FALSE,FALSE,FALSE
2496,5c715022b2da8a0001ee0a84,7099,0,6,linechart-real-27-ordered-main_effect-1-16,left,increasing,ordered,main_effect,true,single,2026-03-20T16:03:42Z,less,TRUE,TRUE,TRUE,study,TRUE,10324.4375,3449.734659618649,FALSE,FALSE,FALSE,FALSE
2511,5c715022b2da8a0001ee0a84,16480,1,7,linechart-real-3-ordered-main_effect-1-19,right,increasing,ordered,main_effect,true,single,2026-03-20T16:04:00Z,less,TRUE,TRUE,TRUE,study,TRUE,10324.4375,3449.734659618649,FALSE,FALSE,FALSE,FALSE
2523,5c715022b2da8a0001ee0a84,6809,1,8,linechart-real-16-shuffled-interaction-1-6,right,increasing,shuffled,interaction,true,single,2026-03-20T16:04:11Z,more,TRUE,TRUE,TRUE,study,TRUE,10324.4375,3449.734659618649,FALSE,FALSE,FALSE,FALSE
2529,5c715022b2da8a0001ee0a84,6531,0,9,linechart-real-31-shuffled-main_effect-1-22,left,increasing,shuffled,main_effect,true,single,2026-03-20T16:04:18Z,more,TRUE,TRUE,TRUE,study,TRUE,10324.4375,3449.734659618649,FALSE,FALSE,FALSE,FALSE
2539,5c715022b2da8a0001ee0a84,8513,0,10,linechart-real-10-ordered-main_effect-0-29,right,increasing,ordered,main_effect,false,single,2026-03-20T16:04:28Z,less,TRUE,TRUE,TRUE,study,TRUE,10324.4375,3449.734659618649,FALSE,FALSE,FALSE,FALSE
2550,5c715022b2da8a0001ee0a84,8249,1,11,linechart-real-6-ordered-interaction-1-26,right,increasing,ordered,interaction,true,single,2026-03-20T16:04:38Z,more,TRUE,TRUE,TRUE,study,TRUE,10324.4375,3449.734659618649,FALSE,FALSE,FALSE,FALSE
2566,5c715022b2da8a0001ee0a84,14564,0,12,linechart-real-29-shuffled-main_effect-0-10,right,increasing,shuffled,main_effect,false,single,2026-03-20T16:04:53Z,less,TRUE,TRUE,TRUE,study,TRUE,10324.4375,3449.734659618649,FALSE,FALSE,FALSE,FALSE
2579,5c715022b2da8a0001ee0a84,11513,1,13,linechart-real-0-shuffled-main_effect-0-8,left,increasing,shuffled,main_effect,false,single,2026-03-20T16:05:06Z,more,TRUE,TRUE,TRUE,study,TRUE,10324.4375,3449.734659618649,FALSE,FALSE,FALSE,FALSE
2596,5c715022b2da8a0001ee0a84,12587,1,14,linechart-real-26-ordered-interaction-0-30,left,increasing,ordered,interaction,false,single,2026-03-20T16:05:20Z,less,TRUE,TRUE,TRUE,study,TRUE,10324.4375,3449.734659618649,FALSE,FALSE,FALSE,FALSE
2608,5c715022b2da8a0001ee0a84,9196,1,15,linechart-real-19-ordered-interaction-1-12,right,increasing,ordered,interaction,true,single,2026-03-20T16:05:29Z,more,TRUE,TRUE,TRUE,study,TRUE,10324.4375,3449.734659618649,FALSE,FALSE,FALSE,FALSE
2626,5c715022b2da8a0001ee0a84,11171,1,16,linechart-real-25-shuffled-main_effect-1-31,right,increasing,shuffled,main_effect,true,single,2026-03-20T16:05:45Z,less,TRUE,TRUE,TRUE,study,TRUE,10324.4375,3449.734659618649,FALSE,FALSE,FALSE,FALSE
2635,5c715022b2da8a0001ee0a84,8158,1,17,linechart-real-21-shuffled-main_effect-0-13,left,increasing,shuffled,main_effect,false,single,2026-03-20T16:05:54Z,more,TRUE,TRUE,TRUE,study,TRUE,10324.4375,3449.734659618649,FALSE,FALSE,FALSE,FALSE
2650,5c715022b2da8a0001ee0a84,11396,1,18,linechart-real-1-ordered-main_effect-1-18,right,increasing,ordered,main_effect,true,single,2026-03-20T16:06:06Z,less,TRUE,TRUE,TRUE,study,TRUE,10324.4375,3449.734659618649,FALSE,FALSE,FALSE,FALSE
2662,5c715022b2da8a0001ee0a84,8113,1,19,linechart-real-4-ordered-main_effect-0-11,left,increasing,ordered,main_effect,false,single,2026-03-20T16:06:14Z,less,TRUE,TRUE,TRUE,study,TRUE,10324.4375,3449.734659618649,FALSE,FALSE,FALSE,FALSE
2677,5c715022b2da8a0001ee0a84,13198,1,20,linechart-real-22-ordered-interaction-0-7,left,increasing,ordered,interaction,false,single,2026-03-20T16:06:28Z,less,TRUE,TRUE,TRUE,study,TRUE,10324.4375,3449.734659618649,FALSE,FALSE,FALSE,FALSE
2687,5c715022b2da8a0001ee0a84,8299,1,21,linechart-real-11-ordered-main_effect-0-20,left,increasing,ordered,main_effect,false,single,2026-03-20T16:06:37Z,less,TRUE,TRUE,TRUE,study,TRUE,10324.4375,3449.734659618649,FALSE,FALSE,FALSE,FALSE
2705,5c715022b2da8a0001ee0a84,16135,0,22,linechart-real-17-shuffled-interaction-0-25,right,increasing,shuffled,interaction,false,single,2026-03-20T16:06:54Z,less,TRUE,TRUE,TRUE,study,TRUE,10324.4375,3449.734659618649,FALSE,FALSE,FALSE,FALSE
2718,5c715022b2da8a0001ee0a84,6917,1,23,linechart-real-14-ordered-interaction-1-28,right,increasing,ordered,interaction,true,single,2026-03-20T16:07:02Z,more,TRUE,TRUE,TRUE,study,TRUE,10324.4375,3449.734659618649,FALSE,FALSE,FALSE,FALSE
2725,5c715022b2da8a0001ee0a84,10513,0,24,linechart-real-18-ordered-interaction-0-23,right,increasing,ordered,interaction,false,single,2026-03-20T16:07:15Z,more,TRUE,TRUE,TRUE,study,TRUE,10324.4375,3449.734659618649,FALSE,FALSE,FALSE,FALSE
2735,5c715022b2da8a0001ee0a84,12433,1,25,linechart-real-5-shuffled-main_effect-0-17,left,increasing,shuffled,main_effect,false,single,2026-03-20T16:07:29Z,less,TRUE,TRUE,TRUE,study,TRUE,10324.4375,3449.734659618649,FALSE,FALSE,FALSE,FALSE
2741,5c715022b2da8a0001ee0a84,7499,1,26,linechart-real-8-ordered-interaction-1-27,right,increasing,ordered,interaction,true,single,2026-03-20T16:07:37Z,more,TRUE,TRUE,TRUE,study,TRUE,10324.4375,3449.734659618649,FALSE,FALSE,FALSE,FALSE
2745,5c715022b2da8a0001ee0a84,5296,0,27,linechart-real-13-shuffled-main_effect-0-0,right,increasing,shuffled,main_effect,false,single,2026-03-20T16:07:43Z,more,TRUE,TRUE,TRUE,study,TRUE,10324.4375,3449.734659618649,FALSE,FALSE,FALSE,FALSE
2754,5c715022b2da8a0001ee0a84,10095,1,28,linechart-real-15-shuffled-main_effect-1-9,right,increasing,shuffled,main_effect,true,single,2026-03-20T16:07:55Z,more,TRUE,TRUE,TRUE,study,TRUE,10324.4375,3449.734659618649,FALSE,FALSE,FALSE,FALSE
2762,5c715022b2da8a0001ee0a84,5437,0,29,linechart-real-28-shuffled-interaction-0-2,right,increasing,shuffled,interaction,false,single,2026-03-20T16:08:01Z,more,TRUE,TRUE,TRUE,study,TRUE,10324.4375,3449.734659618649,FALSE,FALSE,FALSE,FALSE
2770,5c715022b2da8a0001ee0a84,8586,1,30,linechart-real-9-shuffled-interaction-1-3,right,increasing,shuffled,interaction,true,single,2026-03-20T16:08:11Z,less,TRUE,TRUE,TRUE,study,TRUE,10324.4375,3449.734659618649,FALSE,FALSE,FALSE,FALSE
2775,5c715022b2da8a0001ee0a84,6575,1,31,linechart-real-30-ordered-main_effect-0-14,left,increasing,ordered,main_effect,false,single,2026-03-20T16:08:18Z,more,TRUE,TRUE,TRUE,study,TRUE,10324.4375,3449.734659618649,FALSE,FALSE,FALSE,FALSE
1683,5ccb779b2c4e1f00159333ea,9706,1,0,linechart-real-14-shuffled-interaction-1-13,right,increasing,shuffled,interaction,true,single,2026-03-19T15:09:44Z,more,TRUE,TRUE,TRUE,study,TRUE,11606.03125,6008.3504283588245,FALSE,FALSE,FALSE,FALSE
1687,5ccb779b2c4e1f00159333ea,17704,1,1,linechart-real-1-ordered-interaction-0-27,left,increasing,ordered,interaction,false,single,2026-03-19T15:10:02Z,less,TRUE,TRUE,TRUE,study,TRUE,11606.03125,6008.3504283588245,FALSE,FALSE,FALSE,FALSE
1693,5ccb779b2c4e1f00159333ea,24994,1,2,linechart-real-6-shuffled-main_effect-1-23,right,increasing,shuffled,main_effect,true,single,2026-03-19T15:10:28Z,less,TRUE,TRUE,TRUE,study,TRUE,11606.03125,6008.3504283588245,FALSE,FALSE,FALSE,TRUE
1695,5ccb779b2c4e1f00159333ea,11491,1,3,linechart-real-31-ordered-main_effect-1-2,right,increasing,ordered,main_effect,true,single,2026-03-19T15:10:40Z,less,TRUE,TRUE,TRUE,study,TRUE,11606.03125,6008.3504283588245,FALSE,FALSE,FALSE,FALSE
1698,5ccb779b2c4e1f00159333ea,5496,1,4,linechart-real-5-ordered-main_effect-1-12,right,increasing,ordered,main_effect,true,single,2026-03-19T15:10:46Z,more,TRUE,TRUE,TRUE,study,TRUE,11606.03125,6008.3504283588245,FALSE,FALSE,FALSE,FALSE
1701,5ccb779b2c4e1f00159333ea,6937,1,5,linechart-real-23-ordered-interaction-1-26,right,increasing,ordered,interaction,true,single,2026-03-19T15:10:54Z,less,TRUE,TRUE,TRUE,study,TRUE,11606.03125,6008.3504283588245,FALSE,FALSE,FALSE,FALSE
1707,5ccb779b2c4e1f00159333ea,15702,1,6,linechart-real-27-ordered-interaction-1-11,right,increasing,ordered,interaction,true,single,2026-03-19T15:11:10Z,less,TRUE,TRUE,TRUE,study,TRUE,11606.03125,6008.3504283588245,FALSE,FALSE,FALSE,FALSE
1716,5ccb779b2c4e1f00159333ea,14540,1,7,linechart-real-7-ordered-interaction-0-31,left,increasing,ordered,interaction,false,single,2026-03-19T15:11:26Z,more,TRUE,TRUE,TRUE,study,TRUE,11606.03125,6008.3504283588245,FALSE,FALSE,FALSE,FALSE
1730,5ccb779b2c4e1f00159333ea,15541,1,8,linechart-real-3-shuffled-main_effect-0-6,left,increasing,shuffled,main_effect,false,single,2026-03-19T15:11:45Z,less,TRUE,TRUE,TRUE,study,TRUE,11606.03125,6008.3504283588245,FALSE,FALSE,FALSE,FALSE
1739,5ccb779b2c4e1f00159333ea,13342,1,9,linechart-real-4-ordered-interaction-1-0,right,increasing,ordered,interaction,true,single,2026-03-19T15:11:59Z,more,TRUE,TRUE,TRUE,study,TRUE,11606.03125,6008.3504283588245,FALSE,FALSE,FALSE,FALSE
1747,5ccb779b2c4e1f00159333ea,15484,1,10,linechart-real-13-ordered-interaction-0-4,left,increasing,ordered,interaction,false,single,2026-03-19T15:12:15Z,less,TRUE,TRUE,TRUE,study,TRUE,11606.03125,6008.3504283588245,FALSE,FALSE,FALSE,FALSE
1751,5ccb779b2c4e1f00159333ea,8710,1,11,linechart-real-22-ordered-main_effect-0-25,left,increasing,ordered,main_effect,false,single,2026-03-19T15:12:25Z,more,TRUE,TRUE,TRUE,study,TRUE,11606.03125,6008.3504283588245,FALSE,FALSE,FALSE,FALSE
1754,5ccb779b2c4e1f00159333ea,12571,1,12,linechart-real-0-shuffled-interaction-0-7,left,increasing,shuffled,interaction,false,single,2026-03-19T15:12:38Z,more,TRUE,TRUE,TRUE,study,TRUE,11606.03125,6008.3504283588245,FALSE,FALSE,FALSE,FALSE
1758,5ccb779b2c4e1f00159333ea,7440,1,13,linechart-real-29-shuffled-main_effect-0-19,left,increasing,shuffled,main_effect,false,single,2026-03-19T15:12:46Z,less,TRUE,TRUE,TRUE,study,TRUE,11606.03125,6008.3504283588245,FALSE,FALSE,FALSE,FALSE
1761,5ccb779b2c4e1f00159333ea,11742,1,14,linechart-real-21-shuffled-main_effect-0-1,left,increasing,shuffled,main_effect,false,single,2026-03-19T15:12:59Z,less,TRUE,TRUE,TRUE,study,TRUE,11606.03125,6008.3504283588245,FALSE,FALSE,FALSE,FALSE
1764,5ccb779b2c4e1f00159333ea,7597,1,15,linechart-real-20-ordered-main_effect-1-21,right,increasing,ordered,main_effect,true,single,2026-03-19T15:13:07Z,more,TRUE,TRUE,TRUE,study,TRUE,11606.03125,6008.3504283588245,FALSE,FALSE,FALSE,FALSE
1768,5ccb779b2c4e1f00159333ea,9182,1,16,linechart-real-12-ordered-main_effect-1-10,right,increasing,ordered,main_effect,true,single,2026-03-19T15:13:21Z,less,TRUE,TRUE,TRUE,study,TRUE,11606.03125,6008.3504283588245,FALSE,FALSE,FALSE,FALSE
1771,5ccb779b2c4e1f00159333ea,18168,1,17,linechart-real-2-shuffled-interaction-0-8,left,increasing,shuffled,interaction,false,single,2026-03-19T15:13:40Z,more,TRUE,TRUE,TRUE,study,TRUE,11606.03125,6008.3504283588245,FALSE,FALSE,FALSE,FALSE
1773,5ccb779b2c4e1f00159333ea,6579,1,18,linechart-real-30-ordered-main_effect-0-17,left,increasing,ordered,main_effect,false,single,2026-03-19T15:13:47Z,less,TRUE,TRUE,TRUE,study,TRUE,11606.03125,6008.3504283588245,FALSE,FALSE,FALSE,FALSE
1775,5ccb779b2c4e1f00159333ea,5660,1,19,linechart-real-11-shuffled-main_effect-1-18,right,increasing,shuffled,main_effect,true,single,2026-03-19T15:13:54Z,more,TRUE,TRUE,TRUE,study,TRUE,11606.03125,6008.3504283588245,FALSE,FALSE,FALSE,FALSE
1777,5ccb779b2c4e1f00159333ea,6698,1,20,linechart-real-16-shuffled-interaction-0-14,left,increasing,shuffled,interaction,false,single,2026-03-19T15:14:01Z,more,TRUE,TRUE,TRUE,study,TRUE,11606.03125,6008.3504283588245,FALSE,FALSE,FALSE,FALSE
1780,5ccb779b2c4e1f00159333ea,8641,1,21,linechart-real-25-shuffled-interaction-1-9,right,increasing,shuffled,interaction,true,single,2026-03-19T15:14:11Z,more,TRUE,TRUE,TRUE,study,TRUE,11606.03125,6008.3504283588245,FALSE,FALSE,FALSE,FALSE
1785,5ccb779b2c4e1f00159333ea,33566,1,22,linechart-real-26-shuffled-interaction-1-24,right,increasing,shuffled,interaction,true,single,2026-03-19T15:14:45Z,more,TRUE,TRUE,TRUE,study,TRUE,11606.03125,6008.3504283588245,FALSE,FALSE,FALSE,TRUE
1787,5ccb779b2c4e1f00159333ea,8174,1,23,linechart-real-28-ordered-interaction-1-29,right,increasing,ordered,interaction,true,single,2026-03-19T15:14:54Z,more,TRUE,TRUE,TRUE,study,TRUE,11606.03125,6008.3504283588245,FALSE,FALSE,FALSE,FALSE
1789,5ccb779b2c4e1f00159333ea,10128,1,24,linechart-real-18-ordered-main_effect-0-3,left,increasing,ordered,main_effect,false,single,2026-03-19T15:15:07Z,more,TRUE,TRUE,TRUE,study,TRUE,11606.03125,6008.3504283588245,FALSE,FALSE,FALSE,FALSE
1791,5ccb779b2c4e1f00159333ea,11379,1,25,linechart-real-17-shuffled-interaction-0-16,left,increasing,shuffled,interaction,false,single,2026-03-19T15:15:19Z,more,TRUE,TRUE,TRUE,study,TRUE,11606.03125,6008.3504283588245,FALSE,FALSE,FALSE,FALSE
1792,5ccb779b2c4e1f00159333ea,5747,1,26,linechart-real-24-shuffled-main_effect-1-22,right,increasing,shuffled,main_effect,true,single,2026-03-19T15:15:25Z,more,TRUE,TRUE,TRUE,study,TRUE,11606.03125,6008.3504283588245,FALSE,FALSE,FALSE,FALSE
1795,5ccb779b2c4e1f00159333ea,15259,1,27,linechart-real-9-ordered-interaction-0-28,left,increasing,ordered,interaction,false,single,2026-03-19T15:15:41Z,less,TRUE,TRUE,TRUE,study,TRUE,11606.03125,6008.3504283588245,FALSE,FALSE,FALSE,FALSE
1797,5ccb779b2c4e1f00159333ea,7355,1,28,linechart-real-10-shuffled-main_effect-0-20,left,increasing,shuffled,main_effect,false,single,2026-03-19T15:15:49Z,less,TRUE,TRUE,TRUE,study,TRUE,11606.03125,6008.3504283588245,FALSE,FALSE,FALSE,FALSE
1800,5ccb779b2c4e1f00159333ea,7696,1,29,linechart-real-19-ordered-main_effect-1-5,right,increasing,ordered,main_effect,true,single,2026-03-19T15:15:58Z,less,TRUE,TRUE,TRUE,study,TRUE,11606.03125,6008.3504283588245,FALSE,FALSE,FALSE,FALSE
1803,5ccb779b2c4e1f00159333ea,10781,1,30,linechart-real-8-shuffled-main_effect-0-30,left,increasing,shuffled,main_effect,false,single,2026-03-19T15:16:09Z,less,TRUE,TRUE,TRUE,study,TRUE,11606.03125,6008.3504283588245,FALSE,FALSE,FALSE,FALSE
1806,5ccb779b2c4e1f00159333ea,7383,0,31,linechart-real-15-shuffled-interaction-1-15,left,increasing,shuffled,interaction,true,single,2026-03-19T15:16:17Z,less,TRUE,TRUE,TRUE,study,TRUE,11606.03125,6008.3504283588245,FALSE,FALSE,FALSE,FALSE
2040,5d2e4267565e1200017efb42,9666,1,0,linechart-real-15-shuffled-interaction-1-31,right,increasing,shuffled,interaction,true,single,2026-03-19T15:43:06Z,less,TRUE,TRUE,TRUE,study,TRUE,8512.46875,3533.4823815787477,FALSE,FALSE,FALSE,FALSE
2041,5d2e4267565e1200017efb42,9480,1,1,linechart-real-0-ordered-main_effect-1-30,right,increasing,ordered,main_effect,true,single,2026-03-19T15:43:17Z,more,TRUE,TRUE,TRUE,study,TRUE,8512.46875,3533.4823815787477,FALSE,FALSE,FALSE,FALSE
2043,5d2e4267565e1200017efb42,8015,1,2,linechart-real-19-ordered-main_effect-1-29,right,increasing,ordered,main_effect,true,single,2026-03-19T15:43:26Z,less,TRUE,TRUE,TRUE,study,TRUE,8512.46875,3533.4823815787477,FALSE,FALSE,FALSE,FALSE
2044,5d2e4267565e1200017efb42,7539,1,3,linechart-real-4-shuffled-main_effect-0-16,left,increasing,shuffled,main_effect,false,single,2026-03-19T15:43:36Z,less,TRUE,TRUE,TRUE,study,TRUE,8512.46875,3533.4823815787477,FALSE,FALSE,FALSE,FALSE
2045,5d2e4267565e1200017efb42,5167,1,4,linechart-real-18-shuffled-main_effect-1-15,right,increasing,shuffled,main_effect,true,single,2026-03-19T15:43:44Z,less,TRUE,TRUE,TRUE,study,TRUE,8512.46875,3533.4823815787477,FALSE,FALSE,FALSE,FALSE
2046,5d2e4267565e1200017efb42,12160,1,5,linechart-real-20-shuffled-interaction-1-14,right,increasing,shuffled,interaction,true,single,2026-03-19T15:43:57Z,more,TRUE,TRUE,TRUE,study,TRUE,8512.46875,3533.4823815787477,FALSE,FALSE,FALSE,FALSE
2047,5d2e4267565e1200017efb42,13117,1,6,linechart-real-9-shuffled-interaction-0-11,left,increasing,shuffled,interaction,false,single,2026-03-19T15:44:11Z,more,TRUE,TRUE,TRUE,study,TRUE,8512.46875,3533.4823815787477,FALSE,FALSE,FALSE,FALSE
2048,5d2e4267565e1200017efb42,7094,1,7,linechart-real-8-shuffled-main_effect-1-0,right,increasing,shuffled,main_effect,true,single,2026-03-19T15:44:20Z,less,TRUE,TRUE,TRUE,study,TRUE,8512.46875,3533.4823815787477,FALSE,FALSE,FALSE,FALSE
2050,5d2e4267565e1200017efb42,6886,0,8,linechart-real-25-shuffled-interaction-0-25,right,increasing,shuffled,interaction,false,single,2026-03-19T15:44:33Z,more,TRUE,TRUE,TRUE,study,TRUE,8512.46875,3533.4823815787477,FALSE,FALSE,FALSE,FALSE
2051,5d2e4267565e1200017efb42,9498,1,9,linechart-real-29-ordered-interaction-1-13,right,increasing,ordered,interaction,true,single,2026-03-19T15:44:45Z,less,TRUE,TRUE,TRUE,study,TRUE,8512.46875,3533.4823815787477,FALSE,FALSE,FALSE,FALSE
2052,5d2e4267565e1200017efb42,6913,1,10,linechart-real-1-shuffled-main_effect-1-3,right,increasing,shuffled,main_effect,true,single,2026-03-19T15:44:53Z,more,TRUE,TRUE,TRUE,study,TRUE,8512.46875,3533.4823815787477,FALSE,FALSE,FALSE,FALSE
2054,5d2e4267565e1200017efb42,11319,1,11,linechart-real-7-ordered-interaction-0-17,left,increasing,ordered,interaction,false,single,2026-03-19T15:45:06Z,less,TRUE,TRUE,TRUE,study,TRUE,8512.46875,3533.4823815787477,FALSE,FALSE,FALSE,FALSE
2055,5d2e4267565e1200017efb42,7851,1,12,linechart-real-23-ordered-interaction-0-20,left,increasing,ordered,interaction,false,single,2026-03-19T15:45:15Z,more,TRUE,TRUE,TRUE,study,TRUE,8512.46875,3533.4823815787477,FALSE,FALSE,FALSE,FALSE
2057,5d2e4267565e1200017efb42,5320,1,13,linechart-real-22-ordered-main_effect-0-6,left,increasing,ordered,main_effect,false,single,2026-03-19T15:45:21Z,less,TRUE,TRUE,TRUE,study,TRUE,8512.46875,3533.4823815787477,FALSE,FALSE,FALSE,FALSE
2058,5d2e4267565e1200017efb42,6614,1,14,linechart-real-17-ordered-interaction-0-23,left,increasing,ordered,interaction,false,single,2026-03-19T15:45:28Z,less,TRUE,TRUE,TRUE,study,TRUE,8512.46875,3533.4823815787477,FALSE,FALSE,FALSE,FALSE
2059,5d2e4267565e1200017efb42,6201,1,15,linechart-real-27-ordered-interaction-0-12,left,increasing,ordered,interaction,false,single,2026-03-19T15:45:36Z,more,TRUE,TRUE,TRUE,study,TRUE,8512.46875,3533.4823815787477,FALSE,FALSE,FALSE,FALSE
2060,5d2e4267565e1200017efb42,6714,1,16,linechart-real-10-ordered-interaction-1-27,right,increasing,ordered,interaction,true,single,2026-03-19T15:45:48Z,more,TRUE,TRUE,TRUE,study,TRUE,8512.46875,3533.4823815787477,FALSE,FALSE,FALSE,FALSE
2061,5d2e4267565e1200017efb42,7513,1,17,linechart-real-6-ordered-interaction-1-22,right,increasing,ordered,interaction,true,single,2026-03-19T15:45:56Z,less,TRUE,TRUE,TRUE,study,TRUE,8512.46875,3533.4823815787477,FALSE,FALSE,FALSE,FALSE
2063,5d2e4267565e1200017efb42,7024,1,18,linechart-real-12-shuffled-interaction-0-19,left,increasing,shuffled,interaction,false,single,2026-03-19T15:46:05Z,more,TRUE,TRUE,TRUE,study,TRUE,8512.46875,3533.4823815787477,FALSE,FALSE,FALSE,FALSE
2065,5d2e4267565e1200017efb42,11368,1,19,linechart-real-5-ordered-main_effect-1-8,right,increasing,ordered,main_effect,true,single,2026-03-19T15:46:17Z,more,TRUE,TRUE,TRUE,study,TRUE,8512.46875,3533.4823815787477,FALSE,FALSE,FALSE,FALSE
2066,5d2e4267565e1200017efb42,5774,1,20,linechart-real-13-ordered-interaction-0-18,left,increasing,ordered,interaction,false,single,2026-03-19T15:46:24Z,more,TRUE,TRUE,TRUE,study,TRUE,8512.46875,3533.4823815787477,FALSE,FALSE,FALSE,FALSE
2067,5d2e4267565e1200017efb42,4982,1,21,linechart-real-31-shuffled-interaction-0-5,left,increasing,shuffled,interaction,false,single,2026-03-19T15:46:31Z,more,TRUE,TRUE,TRUE,study,TRUE,8512.46875,3533.4823815787477,FALSE,FALSE,FALSE,FALSE
2069,5d2e4267565e1200017efb42,7058,1,22,linechart-real-16-ordered-main_effect-1-21,right,increasing,ordered,main_effect,true,single,2026-03-19T15:46:39Z,less,TRUE,TRUE,TRUE,study,TRUE,8512.46875,3533.4823815787477,FALSE,FALSE,FALSE,FALSE
2071,5d2e4267565e1200017efb42,9753,1,23,linechart-real-11-ordered-main_effect-1-7,right,increasing,ordered,main_effect,true,single,2026-03-19T15:46:50Z,more,TRUE,TRUE,TRUE,study,TRUE,8512.46875,3533.4823815787477,FALSE,FALSE,FALSE,FALSE
2072,5d2e4267565e1200017efb42,7641,1,24,linechart-real-30-shuffled-interaction-0-2,left,increasing,shuffled,interaction,false,single,2026-03-19T15:47:03Z,more,TRUE,TRUE,TRUE,study,TRUE,8512.46875,3533.4823815787477,FALSE,FALSE,FALSE,FALSE
2074,5d2e4267565e1200017efb42,7748,1,25,linechart-real-26-ordered-main_effect-1-1,right,increasing,ordered,main_effect,true,single,2026-03-19T15:47:12Z,less,TRUE,TRUE,TRUE,study,TRUE,8512.46875,3533.4823815787477,FALSE,FALSE,FALSE,FALSE
2075,5d2e4267565e1200017efb42,5462,1,26,linechart-real-24-ordered-main_effect-0-9,left,increasing,ordered,main_effect,false,single,2026-03-19T15:47:19Z,more,TRUE,TRUE,TRUE,study,TRUE,8512.46875,3533.4823815787477,FALSE,FALSE,FALSE,FALSE
2077,5d2e4267565e1200017efb42,7322,1,27,linechart-real-21-shuffled-interaction-1-28,right,increasing,shuffled,interaction,true,single,2026-03-19T15:47:28Z,less,TRUE,TRUE,TRUE,study,TRUE,8512.46875,3533.4823815787477,FALSE,FALSE,FALSE,FALSE
2079,5d2e4267565e1200017efb42,23961,1,28,linechart-real-14-shuffled-main_effect-0-24,left,increasing,shuffled,main_effect,false,single,2026-03-19T15:47:53Z,less,TRUE,TRUE,TRUE,study,TRUE,8512.46875,3533.4823815787477,FALSE,FALSE,FALSE,TRUE
2080,5d2e4267565e1200017efb42,11894,1,29,linechart-real-3-shuffled-main_effect-0-4,left,increasing,shuffled,main_effect,false,single,2026-03-19T15:48:06Z,less,TRUE,TRUE,TRUE,study,TRUE,8512.46875,3533.4823815787477,FALSE,FALSE,FALSE,FALSE
2082,5d2e4267565e1200017efb42,8152,1,30,linechart-real-2-shuffled-main_effect-0-10,left,increasing,shuffled,main_effect,false,single,2026-03-19T15:48:15Z,less,TRUE,TRUE,TRUE,study,TRUE,8512.46875,3533.4823815787477,FALSE,FALSE,FALSE,FALSE
2084,5d2e4267565e1200017efb42,7193,1,31,linechart-real-28-shuffled-main_effect-1-26,right,increasing,shuffled,main_effect,true,single,2026-03-19T15:48:23Z,more,TRUE,TRUE,TRUE,study,TRUE,8512.46875,3533.4823815787477,FALSE,FALSE,FALSE,FALSE
2098,5dbc46b70338051eb7999760,14069,1,0,linechart-real-24-ordered-main_effect-0-1,left,increasing,ordered,main_effect,false,dual,2026-03-19T16:04:08Z,more,TRUE,TRUE,TRUE,study,TRUE,15496.0625,7370.675663594432,FALSE,FALSE,FALSE,FALSE
2099,5dbc46b70338051eb7999760,17609,1,1,linechart-real-10-shuffled-main_effect-1-25,right,increasing,shuffled,main_effect,true,dual,2026-03-19T16:04:26Z,less,TRUE,TRUE,TRUE,study,TRUE,15496.0625,7370.675663594432,FALSE,FALSE,FALSE,FALSE
2100,5dbc46b70338051eb7999760,11576,1,2,linechart-real-3-ordered-interaction-1-23,right,increasing,ordered,interaction,true,dual,2026-03-19T16:04:39Z,less,TRUE,TRUE,TRUE,study,TRUE,15496.0625,7370.675663594432,FALSE,FALSE,FALSE,FALSE
2101,5dbc46b70338051eb7999760,14742,1,3,linechart-real-31-ordered-interaction-0-13,left,increasing,ordered,interaction,false,dual,2026-03-19T16:04:54Z,more,TRUE,TRUE,TRUE,study,TRUE,15496.0625,7370.675663594432,FALSE,FALSE,FALSE,FALSE
2102,5dbc46b70338051eb7999760,16843,0,4,linechart-real-18-ordered-interaction-1-31,left,increasing,ordered,interaction,true,dual,2026-03-19T16:05:12Z,less,TRUE,TRUE,TRUE,study,TRUE,15496.0625,7370.675663594432,FALSE,FALSE,FALSE,FALSE
2103,5dbc46b70338051eb7999760,8161,1,5,linechart-real-2-shuffled-interaction-1-2,right,increasing,shuffled,interaction,true,dual,2026-03-19T16:05:22Z,more,TRUE,TRUE,TRUE,study,TRUE,15496.0625,7370.675663594432,FALSE,FALSE,FALSE,FALSE
2104,5dbc46b70338051eb7999760,15251,1,6,linechart-real-17-shuffled-main_effect-1-3,right,increasing,shuffled,main_effect,true,dual,2026-03-19T16:05:38Z,less,TRUE,TRUE,TRUE,study,TRUE,15496.0625,7370.675663594432,FALSE,FALSE,FALSE,FALSE
2105,5dbc46b70338051eb7999760,19722,1,7,linechart-real-5-ordered-main_effect-1-26,right,increasing,ordered,main_effect,true,dual,2026-03-19T16:05:58Z,more,TRUE,TRUE,TRUE,study,TRUE,15496.0625,7370.675663594432,FALSE,FALSE,FALSE,FALSE
2110,5dbc46b70338051eb7999760,48262,1,8,linechart-real-6-shuffled-interaction-0-20,left,increasing,shuffled,interaction,false,dual,2026-03-19T16:06:57Z,less,TRUE,TRUE,TRUE,study,TRUE,15496.0625,7370.675663594432,FALSE,FALSE,FALSE,TRUE
2112,5dbc46b70338051eb7999760,11143,1,9,linechart-real-19-ordered-main_effect-1-19,right,increasing,ordered,main_effect,true,dual,2026-03-19T16:07:09Z,more,TRUE,TRUE,TRUE,study,TRUE,15496.0625,7370.675663594432,FALSE,FALSE,FALSE,FALSE
2115,5dbc46b70338051eb7999760,20686,1,10,linechart-real-9-ordered-main_effect-1-17,right,increasing,ordered,main_effect,true,dual,2026-03-19T16:07:30Z,less,TRUE,TRUE,TRUE,study,TRUE,15496.0625,7370.675663594432,FALSE,FALSE,FALSE,FALSE
2116,5dbc46b70338051eb7999760,15146,1,11,linechart-real-16-ordered-main_effect-1-9,right,increasing,ordered,main_effect,true,dual,2026-03-19T16:07:46Z,less,TRUE,TRUE,TRUE,study,TRUE,15496.0625,7370.675663594432,FALSE,FALSE,FALSE,FALSE
2118,5dbc46b70338051eb7999760,25631,1,12,linechart-real-23-ordered-interaction-0-10,left,increasing,ordered,interaction,false,dual,2026-03-19T16:08:13Z,more,TRUE,TRUE,TRUE,study,TRUE,15496.0625,7370.675663594432,FALSE,FALSE,FALSE,FALSE
2120,5dbc46b70338051eb7999760,20917,1,13,linechart-real-27-ordered-main_effect-1-18,right,increasing,ordered,main_effect,true,dual,2026-03-19T16:08:34Z,more,TRUE,TRUE,TRUE,study,TRUE,15496.0625,7370.675663594432,FALSE,FALSE,FALSE,FALSE
2123,5dbc46b70338051eb7999760,19616,1,14,linechart-real-14-shuffled-interaction-0-4,left,increasing,shuffled,interaction,false,dual,2026-03-19T16:08:55Z,less,TRUE,TRUE,TRUE,study,TRUE,15496.0625,7370.675663594432,FALSE,FALSE,FALSE,FALSE
2124,5dbc46b70338051eb7999760,7553,1,15,linechart-real-20-ordered-interaction-0-6,left,increasing,ordered,interaction,false,dual,2026-03-19T16:09:03Z,less,TRUE,TRUE,TRUE,study,TRUE,15496.0625,7370.675663594432,FALSE,FALSE,FALSE,FALSE
2126,5dbc46b70338051eb7999760,12424,1,16,linechart-real-4-shuffled-main_effect-0-15,left,increasing,shuffled,main_effect,false,dual,2026-03-19T16:09:21Z,more,TRUE,TRUE,TRUE,study,TRUE,15496.0625,7370.675663594432,FALSE,FALSE,FALSE,FALSE
2128,5dbc46b70338051eb7999760,16884,1,17,linechart-real-1-shuffled-interaction-0-7,left,increasing,shuffled,interaction,false,dual,2026-03-19T16:09:38Z,more,TRUE,TRUE,TRUE,study,TRUE,15496.0625,7370.675663594432,FALSE,FALSE,FALSE,FALSE
2130,5dbc46b70338051eb7999760,9052,1,18,linechart-real-26-shuffled-interaction-0-5,left,increasing,shuffled,interaction,false,dual,2026-03-19T16:09:48Z,less,TRUE,TRUE,TRUE,study,TRUE,15496.0625,7370.675663594432,FALSE,FALSE,FALSE,FALSE
2132,5dbc46b70338051eb7999760,11603,1,19,linechart-real-22-shuffled-main_effect-1-14,right,increasing,shuffled,main_effect,true,dual,2026-03-19T16:10:00Z,more,TRUE,TRUE,TRUE,study,TRUE,15496.0625,7370.675663594432,FALSE,FALSE,FALSE,FALSE
2134,5dbc46b70338051eb7999760,16532,1,20,linechart-real-25-shuffled-interaction-0-12,left,increasing,shuffled,interaction,false,dual,2026-03-19T16:10:18Z,less,TRUE,TRUE,TRUE,study,TRUE,15496.0625,7370.675663594432,FALSE,FALSE,FALSE,FALSE
2135,5dbc46b70338051eb7999760,11775,1,21,linechart-real-30-ordered-interaction-1-30,right,increasing,ordered,interaction,true,dual,2026-03-19T16:10:30Z,more,TRUE,TRUE,TRUE,study,TRUE,15496.0625,7370.675663594432,FALSE,FALSE,FALSE,FALSE
2137,5dbc46b70338051eb7999760,8507,0,22,linechart-real-13-shuffled-interaction-0-22,right,increasing,shuffled,interaction,false,dual,2026-03-19T16:10:39Z,less,TRUE,TRUE,TRUE,study,TRUE,15496.0625,7370.675663594432,FALSE,FALSE,FALSE,FALSE
2139,5dbc46b70338051eb7999760,13168,1,23,linechart-real-7-ordered-main_effect-0-0,left,increasing,ordered,main_effect,false,dual,2026-03-19T16:10:54Z,less,TRUE,TRUE,TRUE,study,TRUE,15496.0625,7370.675663594432,FALSE,FALSE,FALSE,FALSE
2141,5dbc46b70338051eb7999760,19799,1,24,linechart-real-29-shuffled-main_effect-0-11,left,increasing,shuffled,main_effect,false,dual,2026-03-19T16:11:19Z,more,TRUE,TRUE,TRUE,study,TRUE,15496.0625,7370.675663594432,FALSE,FALSE,FALSE,FALSE
2143,5dbc46b70338051eb7999760,9145,1,25,linechart-real-8-shuffled-main_effect-0-8,left,increasing,shuffled,main_effect,false,dual,2026-03-19T16:11:29Z,more,TRUE,TRUE,TRUE,study,TRUE,15496.0625,7370.675663594432,FALSE,FALSE,FALSE,FALSE
2145,5dbc46b70338051eb7999760,10073,1,26,linechart-real-0-shuffled-interaction-0-24,left,increasing,shuffled,interaction,false,dual,2026-03-19T16:11:40Z,less,TRUE,TRUE,TRUE,study,TRUE,15496.0625,7370.675663594432,FALSE,FALSE,FALSE,FALSE
2147,5dbc46b70338051eb7999760,15690,1,27,linechart-real-28-shuffled-main_effect-1-29,right,increasing,shuffled,main_effect,true,dual,2026-03-19T16:11:56Z,more,TRUE,TRUE,TRUE,study,TRUE,15496.0625,7370.675663594432,FALSE,FALSE,FALSE,FALSE
2149,5dbc46b70338051eb7999760,17021,1,28,linechart-real-11-ordered-interaction-0-27,left,increasing,ordered,interaction,false,dual,2026-03-19T16:12:14Z,more,TRUE,TRUE,TRUE,study,TRUE,15496.0625,7370.675663594432,FALSE,FALSE,FALSE,FALSE
2151,5dbc46b70338051eb7999760,12694,1,29,linechart-real-12-ordered-main_effect-1-28,right,increasing,ordered,main_effect,true,dual,2026-03-19T16:12:28Z,more,TRUE,TRUE,TRUE,study,TRUE,15496.0625,7370.675663594432,FALSE,FALSE,FALSE,FALSE
2153,5dbc46b70338051eb7999760,12526,0,30,linechart-real-21-ordered-interaction-1-16,left,increasing,ordered,interaction,true,dual,2026-03-19T16:12:41Z,less,TRUE,TRUE,TRUE,study,TRUE,15496.0625,7370.675663594432,FALSE,FALSE,FALSE,FALSE
2155,5dbc46b70338051eb7999760,12054,1,31,linechart-real-15-shuffled-main_effect-1-21,right,increasing,shuffled,main_effect,true,dual,2026-03-19T16:12:55Z,less,TRUE,TRUE,TRUE,study,TRUE,15496.0625,7370.675663594432,FALSE,FALSE,FALSE,FALSE
3056,5de8887aa2db898017debf1a,9994,1,0,linechart-real-14-shuffled-interaction-1-15,right,increasing,shuffled,interaction,true,single,2026-03-20T17:31:41Z,more,TRUE,TRUE,TRUE,study,TRUE,10497.21875,2508.2798338300267,FALSE,FALSE,FALSE,FALSE
3062,5de8887aa2db898017debf1a,9207,1,1,linechart-real-23-shuffled-interaction-1-3,right,increasing,shuffled,interaction,true,single,2026-03-20T17:31:51Z,more,TRUE,TRUE,TRUE,study,TRUE,10497.21875,2508.2798338300267,FALSE,FALSE,FALSE,FALSE
3074,5de8887aa2db898017debf1a,14510,1,2,linechart-real-19-ordered-main_effect-0-30,left,increasing,ordered,main_effect,false,single,2026-03-20T17:32:06Z,more,TRUE,TRUE,TRUE,study,TRUE,10497.21875,2508.2798338300267,FALSE,FALSE,FALSE,FALSE
3085,5de8887aa2db898017debf1a,11295,1,3,linechart-real-15-shuffled-main_effect-1-24,right,increasing,shuffled,main_effect,true,single,2026-03-20T17:32:18Z,more,TRUE,TRUE,TRUE,study,TRUE,10497.21875,2508.2798338300267,FALSE,FALSE,FALSE,FALSE
3097,5de8887aa2db898017debf1a,13545,1,4,linechart-real-18-ordered-interaction-1-2,right,increasing,ordered,interaction,true,single,2026-03-20T17:32:32Z,more,TRUE,TRUE,TRUE,study,TRUE,10497.21875,2508.2798338300267,FALSE,FALSE,FALSE,FALSE
3122,5de8887aa2db898017debf1a,19234,1,5,linechart-real-20-shuffled-interaction-1-22,right,increasing,shuffled,interaction,true,single,2026-03-20T17:32:52Z,more,TRUE,TRUE,TRUE,study,TRUE,10497.21875,2508.2798338300267,FALSE,FALSE,FALSE,TRUE
3142,5de8887aa2db898017debf1a,14393,1,6,linechart-real-27-shuffled-interaction-0-18,left,increasing,shuffled,interaction,false,single,2026-03-20T17:33:07Z,more,TRUE,TRUE,TRUE,study,TRUE,10497.21875,2508.2798338300267,FALSE,FALSE,FALSE,FALSE
3157,5de8887aa2db898017debf1a,10183,0,7,linechart-real-4-shuffled-interaction-1-29,left,increasing,shuffled,interaction,true,single,2026-03-20T17:33:18Z,less,TRUE,TRUE,TRUE,study,TRUE,10497.21875,2508.2798338300267,FALSE,FALSE,FALSE,FALSE
3184,5de8887aa2db898017debf1a,12842,1,8,linechart-real-29-ordered-interaction-0-1,left,increasing,ordered,interaction,false,single,2026-03-20T17:33:38Z,less,TRUE,TRUE,TRUE,study,TRUE,10497.21875,2508.2798338300267,FALSE,FALSE,FALSE,FALSE
3193,5de8887aa2db898017debf1a,10050,1,9,linechart-real-16-shuffled-interaction-0-9,left,increasing,shuffled,interaction,false,single,2026-03-20T17:33:50Z,more,TRUE,TRUE,TRUE,study,TRUE,10497.21875,2508.2798338300267,FALSE,FALSE,FALSE,FALSE
3203,5de8887aa2db898017debf1a,13105,0,10,linechart-real-7-shuffled-main_effect-0-7,right,increasing,shuffled,main_effect,false,single,2026-03-20T17:34:03Z,more,TRUE,TRUE,TRUE,study,TRUE,10497.21875,2508.2798338300267,FALSE,FALSE,FALSE,FALSE
3219,5de8887aa2db898017debf1a,12240,1,11,linechart-real-13-ordered-main_effect-1-26,right,increasing,ordered,main_effect,true,single,2026-03-20T17:34:17Z,less,TRUE,TRUE,TRUE,study,TRUE,10497.21875,2508.2798338300267,FALSE,FALSE,FALSE,FALSE
3233,5de8887aa2db898017debf1a,11466,1,12,linechart-real-2-shuffled-interaction-1-0,right,increasing,shuffled,interaction,true,single,2026-03-20T17:34:29Z,more,TRUE,TRUE,TRUE,study,TRUE,10497.21875,2508.2798338300267,FALSE,FALSE,FALSE,FALSE
3242,5de8887aa2db898017debf1a,10517,1,13,linechart-real-10-ordered-main_effect-0-19,left,increasing,ordered,main_effect,false,single,2026-03-20T17:34:41Z,less,TRUE,TRUE,TRUE,study,TRUE,10497.21875,2508.2798338300267,FALSE,FALSE,FALSE,FALSE
3254,5de8887aa2db898017debf1a,9075,1,14,linechart-real-9-ordered-interaction-0-4,left,increasing,ordered,interaction,false,single,2026-03-20T17:34:50Z,less,TRUE,TRUE,TRUE,study,TRUE,10497.21875,2508.2798338300267,FALSE,FALSE,FALSE,FALSE
3265,5de8887aa2db898017debf1a,11456,1,15,linechart-real-11-shuffled-main_effect-0-10,left,increasing,shuffled,main_effect,false,single,2026-03-20T17:35:02Z,less,TRUE,TRUE,TRUE,study,TRUE,10497.21875,2508.2798338300267,FALSE,FALSE,FALSE,FALSE
3282,5de8887aa2db898017debf1a,8573,1,16,linechart-real-3-ordered-interaction-1-14,right,increasing,ordered,interaction,true,single,2026-03-20T17:35:15Z,more,TRUE,TRUE,TRUE,study,TRUE,10497.21875,2508.2798338300267,FALSE,FALSE,FALSE,FALSE
3287,5de8887aa2db898017debf1a,8638,1,17,linechart-real-17-ordered-interaction-1-13,right,increasing,ordered,interaction,true,single,2026-03-20T17:35:25Z,more,TRUE,TRUE,TRUE,study,TRUE,10497.21875,2508.2798338300267,FALSE,FALSE,FALSE,FALSE
3298,5de8887aa2db898017debf1a,10571,1,18,linechart-real-30-ordered-interaction-0-20,left,increasing,ordered,interaction,false,single,2026-03-20T17:35:36Z,more,TRUE,TRUE,TRUE,study,TRUE,10497.21875,2508.2798338300267,FALSE,FALSE,FALSE,FALSE
3307,5de8887aa2db898017debf1a,8695,1,19,linechart-real-22-ordered-interaction-1-25,right,increasing,ordered,interaction,true,single,2026-03-20T17:35:45Z,more,TRUE,TRUE,TRUE,study,TRUE,10497.21875,2508.2798338300267,FALSE,FALSE,FALSE,FALSE
3314,5de8887aa2db898017debf1a,8998,1,20,linechart-real-6-shuffled-main_effect-0-8,left,increasing,shuffled,main_effect,false,single,2026-03-20T17:35:55Z,less,TRUE,TRUE,TRUE,study,TRUE,10497.21875,2508.2798338300267,FALSE,FALSE,FALSE,FALSE
3323,5de8887aa2db898017debf1a,6863,1,21,linechart-real-26-shuffled-main_effect-1-27,right,increasing,shuffled,main_effect,true,single,2026-03-20T17:36:03Z,less,TRUE,TRUE,TRUE,study,TRUE,10497.21875,2508.2798338300267,FALSE,FALSE,FALSE,FALSE
3335,5de8887aa2db898017debf1a,7954,1,22,linechart-real-5-shuffled-interaction-1-11,right,increasing,shuffled,interaction,true,single,2026-03-20T17:36:11Z,less,TRUE,TRUE,TRUE,study,TRUE,10497.21875,2508.2798338300267,FALSE,FALSE,FALSE,FALSE
3342,5de8887aa2db898017debf1a,7945,1,23,linechart-real-21-ordered-main_effect-1-17,right,increasing,ordered,main_effect,true,single,2026-03-20T17:36:20Z,less,TRUE,TRUE,TRUE,study,TRUE,10497.21875,2508.2798338300267,FALSE,FALSE,FALSE,FALSE
3361,5de8887aa2db898017debf1a,9481,1,24,linechart-real-0-ordered-interaction-1-5,right,increasing,ordered,interaction,true,single,2026-03-20T17:36:38Z,less,TRUE,TRUE,TRUE,study,TRUE,10497.21875,2508.2798338300267,FALSE,FALSE,FALSE,FALSE
3372,5de8887aa2db898017debf1a,9798,1,25,linechart-real-25-ordered-main_effect-1-6,right,increasing,ordered,main_effect,true,single,2026-03-20T17:36:48Z,less,TRUE,TRUE,TRUE,study,TRUE,10497.21875,2508.2798338300267,FALSE,FALSE,FALSE,FALSE
3381,5de8887aa2db898017debf1a,9348,1,26,linechart-real-24-shuffled-main_effect-0-21,left,increasing,shuffled,main_effect,false,single,2026-03-20T17:36:58Z,less,TRUE,TRUE,TRUE,study,TRUE,10497.21875,2508.2798338300267,FALSE,FALSE,FALSE,FALSE
3389,5de8887aa2db898017debf1a,9427,1,27,linechart-real-8-ordered-main_effect-0-31,left,increasing,ordered,main_effect,false,single,2026-03-20T17:37:08Z,more,TRUE,TRUE,TRUE,study,TRUE,10497.21875,2508.2798338300267,FALSE,FALSE,FALSE,FALSE
3400,5de8887aa2db898017debf1a,7761,1,28,linechart-real-31-ordered-main_effect-0-28,left,increasing,ordered,main_effect,false,single,2026-03-20T17:37:17Z,less,TRUE,TRUE,TRUE,study,TRUE,10497.21875,2508.2798338300267,FALSE,FALSE,FALSE,FALSE
3408,5de8887aa2db898017debf1a,9799,1,29,linechart-real-28-ordered-main_effect-0-23,left,increasing,ordered,main_effect,false,single,2026-03-20T17:37:27Z,less,TRUE,TRUE,TRUE,study,TRUE,10497.21875,2508.2798338300267,FALSE,FALSE,FALSE,FALSE
3415,5de8887aa2db898017debf1a,10731,1,30,linechart-real-1-shuffled-main_effect-0-12,left,increasing,shuffled,main_effect,false,single,2026-03-20T17:37:39Z,less,TRUE,TRUE,TRUE,study,TRUE,10497.21875,2508.2798338300267,FALSE,FALSE,FALSE,FALSE
3421,5de8887aa2db898017debf1a,8217,1,31,linechart-real-12-shuffled-main_effect-0-16,left,increasing,shuffled,main_effect,false,single,2026-03-20T17:37:48Z,more,TRUE,TRUE,TRUE,study,TRUE,10497.21875,2508.2798338300267,FALSE,FALSE,FALSE,FALSE
1798,5e09ffd8fa3d102a583771c1,10808,1,0,linechart-real-4-ordered-main_effect-1-0,right,increasing,ordered,main_effect,true,dual,2026-03-19T15:15:56Z,less,TRUE,TRUE,TRUE,study,FALSE,11321.461538461539,2866.986792650215,FALSE,FALSE,FALSE,FALSE
1805,5e09ffd8fa3d102a583771c1,18918,1,1,linechart-real-22-shuffled-interaction-1-26,right,increasing,shuffled,interaction,true,dual,2026-03-19T15:16:15Z,more,TRUE,TRUE,TRUE,study,FALSE,11321.461538461539,2866.986792650215,FALSE,FALSE,FALSE,TRUE
1808,5e09ffd8fa3d102a583771c1,13295,1,2,linechart-real-30-shuffled-main_effect-1-23,right,increasing,shuffled,main_effect,true,dual,2026-03-19T15:16:30Z,more,TRUE,TRUE,TRUE,study,FALSE,11321.461538461539,2866.986792650215,FALSE,FALSE,FALSE,FALSE
1811,5e09ffd8fa3d102a583771c1,8951,1,3,linechart-real-27-shuffled-main_effect-1-7,right,increasing,shuffled,main_effect,true,dual,2026-03-19T15:16:39Z,less,TRUE,TRUE,TRUE,study,FALSE,11321.461538461539,2866.986792650215,FALSE,FALSE,FALSE,FALSE
1812,5e09ffd8fa3d102a583771c1,11150,1,4,linechart-real-3-shuffled-interaction-1-21,right,increasing,shuffled,interaction,true,dual,2026-03-19T15:16:52Z,more,TRUE,TRUE,TRUE,study,FALSE,11321.461538461539,2866.986792650215,FALSE,FALSE,FALSE,FALSE
1814,5e09ffd8fa3d102a583771c1,12423,1,5,linechart-real-6-shuffled-main_effect-1-3,right,increasing,shuffled,main_effect,true,dual,2026-03-19T15:17:05Z,more,TRUE,TRUE,TRUE,study,FALSE,11321.461538461539,2866.986792650215,FALSE,FALSE,FALSE,FALSE
1816,5e09ffd8fa3d102a583771c1,11164,1,6,linechart-real-26-shuffled-main_effect-0-20,left,increasing,shuffled,main_effect,false,dual,2026-03-19T15:17:17Z,more,TRUE,TRUE,TRUE,study,FALSE,11321.461538461539,2866.986792650215,FALSE,FALSE,FALSE,FALSE
1818,5e09ffd8fa3d102a583771c1,11890,0,7,linechart-real-21-ordered-interaction-0-4,right,increasing,ordered,interaction,false,dual,2026-03-19T15:17:30Z,less,TRUE,TRUE,TRUE,study,FALSE,11321.461538461539,2866.986792650215,FALSE,FALSE,FALSE,FALSE
1822,5e09ffd8fa3d102a583771c1,9655,1,8,linechart-real-13-shuffled-interaction-0-12,left,increasing,shuffled,interaction,false,dual,2026-03-19T15:17:49Z,less,TRUE,TRUE,TRUE,study,FALSE,11321.461538461539,2866.986792650215,FALSE,FALSE,FALSE,FALSE
1824,5e09ffd8fa3d102a583771c1,13048,0,9,linechart-real-9-ordered-interaction-0-5,right,increasing,ordered,interaction,false,dual,2026-03-19T15:18:03Z,less,TRUE,TRUE,TRUE,study,FALSE,11321.461538461539,2866.986792650215,FALSE,FALSE,FALSE,FALSE
1826,5e09ffd8fa3d102a583771c1,8125,1,10,linechart-real-29-ordered-main_effect-1-18,right,increasing,ordered,main_effect,true,dual,2026-03-19T15:18:13Z,more,TRUE,TRUE,TRUE,study,FALSE,11321.461538461539,2866.986792650215,FALSE,FALSE,FALSE,FALSE
1828,5e09ffd8fa3d102a583771c1,7975,1,11,linechart-real-2-shuffled-interaction-1-25,right,increasing,shuffled,interaction,true,dual,2026-03-19T15:18:22Z,less,TRUE,TRUE,TRUE,study,FALSE,11321.461538461539,2866.986792650215,FALSE,FALSE,FALSE,FALSE
1830,5e09ffd8fa3d102a583771c1,9777,1,12,linechart-real-10-ordered-main_effect-1-22,right,increasing,ordered,main_effect,true,dual,2026-03-19T15:18:33Z,more,TRUE,TRUE,TRUE,study,FALSE,11321.461538461539,2866.986792650215,FALSE,FALSE,FALSE,FALSE
1841,5e34325430e5263f0bebb32d,24920,1,0,linechart-real-11-shuffled-main_effect-1-7,right,increasing,shuffled,main_effect,true,dual,2026-03-19T15:20:42Z,less,TRUE,TRUE,TRUE,study,TRUE,28210.25,12253.89072380555,FALSE,FALSE,TRUE,FALSE
1844,5e34325430e5263f0bebb32d,31626,1,1,linechart-real-22-shuffled-interaction-1-28,right,increasing,shuffled,interaction,true,dual,2026-03-19T15:21:14Z,more,TRUE,TRUE,TRUE,study,TRUE,28210.25,12253.89072380555,FALSE,FALSE,TRUE,FALSE
1847,5e34325430e5263f0bebb32d,24685,1,2,linechart-real-31-ordered-interaction-1-20,right,increasing,ordered,interaction,true,dual,2026-03-19T15:21:39Z,less,TRUE,TRUE,TRUE,study,TRUE,28210.25,12253.89072380555,FALSE,FALSE,TRUE,FALSE
1851,5e34325430e5263f0bebb32d,29739,1,3,linechart-real-5-shuffled-main_effect-1-8,right,increasing,shuffled,main_effect,true,dual,2026-03-19T15:22:10Z,more,TRUE,TRUE,TRUE,study,TRUE,28210.25,12253.89072380555,FALSE,FALSE,TRUE,FALSE
1854,5e34325430e5263f0bebb32d,19270,1,4,linechart-real-8-shuffled-main_effect-0-10,left,increasing,shuffled,main_effect,false,dual,2026-03-19T15:22:29Z,more,TRUE,TRUE,TRUE,study,TRUE,28210.25,12253.89072380555,FALSE,FALSE,TRUE,FALSE
1858,5e34325430e5263f0bebb32d,35400,1,5,linechart-real-23-shuffled-main_effect-1-11,right,increasing,shuffled,main_effect,true,dual,2026-03-19T15:23:05Z,less,TRUE,TRUE,TRUE,study,TRUE,28210.25,12253.89072380555,FALSE,FALSE,TRUE,FALSE
1864,5e34325430e5263f0bebb32d,34539,1,6,linechart-real-17-ordered-interaction-1-15,right,increasing,ordered,interaction,true,dual,2026-03-19T15:23:40Z,less,TRUE,TRUE,TRUE,study,TRUE,28210.25,12253.89072380555,FALSE,FALSE,TRUE,FALSE
1873,5e34325430e5263f0bebb32d,46708,1,7,linechart-real-26-shuffled-interaction-1-27,right,increasing,shuffled,interaction,true,dual,2026-03-19T15:24:28Z,less,TRUE,TRUE,TRUE,study,TRUE,28210.25,12253.89072380555,FALSE,FALSE,TRUE,FALSE
1893,5e34325430e5263f0bebb32d,52874,1,8,linechart-real-28-ordered-interaction-0-16,left,increasing,ordered,interaction,false,dual,2026-03-19T15:26:21Z,less,TRUE,TRUE,TRUE,study,TRUE,28210.25,12253.89072380555,FALSE,FALSE,TRUE,TRUE
1901,5e34325430e5263f0bebb32d,31787,1,9,linechart-real-27-ordered-interaction-0-1,left,increasing,ordered,interaction,false,dual,2026-03-19T15:26:54Z,less,TRUE,TRUE,TRUE,study,TRUE,28210.25,12253.89072380555,FALSE,FALSE,TRUE,FALSE
1912,5e34325430e5263f0bebb32d,65270,1,10,linechart-real-1-shuffled-interaction-1-26,right,increasing,shuffled,interaction,true,dual,2026-03-19T15:27:59Z,more,TRUE,TRUE,TRUE,study,TRUE,28210.25,12253.89072380555,FALSE,FALSE,TRUE,TRUE
1917,5e34325430e5263f0bebb32d,29828,1,11,linechart-real-18-shuffled-interaction-0-5,left,increasing,shuffled,interaction,false,dual,2026-03-19T15:28:30Z,more,TRUE,TRUE,TRUE,study,TRUE,28210.25,12253.89072380555,FALSE,FALSE,TRUE,FALSE
1922,5e34325430e5263f0bebb32d,20220,1,12,linechart-real-3-ordered-interaction-1-6,right,increasing,ordered,interaction,true,dual,2026-03-19T15:28:51Z,less,TRUE,TRUE,TRUE,study,TRUE,28210.25,12253.89072380555,FALSE,FALSE,TRUE,FALSE
1928,5e34325430e5263f0bebb32d,24218,1,13,linechart-real-13-ordered-interaction-0-13,left,increasing,ordered,interaction,false,dual,2026-03-19T15:29:15Z,less,TRUE,TRUE,TRUE,study,TRUE,28210.25,12253.89072380555,FALSE,FALSE,TRUE,FALSE
1933,5e34325430e5263f0bebb32d,27927,1,14,linechart-real-14-ordered-main_effect-0-2,left,increasing,ordered,main_effect,false,dual,2026-03-19T15:29:44Z,more,TRUE,TRUE,TRUE,study,TRUE,28210.25,12253.89072380555,FALSE,FALSE,TRUE,FALSE
1940,5e34325430e5263f0bebb32d,41501,1,15,linechart-real-10-ordered-main_effect-1-30,right,increasing,ordered,main_effect,true,dual,2026-03-19T15:30:26Z,less,TRUE,TRUE,TRUE,study,TRUE,28210.25,12253.89072380555,FALSE,FALSE,TRUE,FALSE
1962,5e34325430e5263f0bebb32d,27015,1,16,linechart-real-24-ordered-main_effect-1-29,right,increasing,ordered,main_effect,true,dual,2026-03-19T15:32:31Z,less,TRUE,TRUE,TRUE,study,TRUE,28210.25,12253.89072380555,FALSE,FALSE,TRUE,FALSE
1964,5e34325430e5263f0bebb32d,13416,1,17,linechart-real-4-shuffled-main_effect-1-25,right,increasing,shuffled,main_effect,true,dual,2026-03-19T15:32:45Z,more,TRUE,TRUE,TRUE,study,TRUE,28210.25,12253.89072380555,FALSE,FALSE,TRUE,FALSE
1970,5e34325430e5263f0bebb32d,24719,1,18,linechart-real-19-shuffled-interaction-0-24,left,increasing,shuffled,interaction,false,dual,2026-03-19T15:33:10Z,more,TRUE,TRUE,TRUE,study,TRUE,28210.25,12253.89072380555,FALSE,FALSE,TRUE,FALSE
1978,5e34325430e5263f0bebb32d,42485,1,19,linechart-real-12-ordered-interaction-1-18,right,increasing,ordered,interaction,true,dual,2026-03-19T15:33:53Z,more,TRUE,TRUE,TRUE,study,TRUE,28210.25,12253.89072380555,FALSE,FALSE,TRUE,FALSE
1982,5e34325430e5263f0bebb32d,30685,1,20,linechart-real-25-shuffled-main_effect-1-12,right,increasing,shuffled,main_effect,true,dual,2026-03-19T15:34:25Z,less,TRUE,TRUE,TRUE,study,TRUE,28210.25,12253.89072380555,FALSE,FALSE,TRUE,FALSE
1984,5e34325430e5263f0bebb32d,30077,0,21,linechart-real-30-shuffled-interaction-0-31,right,increasing,shuffled,interaction,false,dual,2026-03-19T15:34:55Z,more,TRUE,TRUE,TRUE,study,TRUE,28210.25,12253.89072380555,FALSE,FALSE,TRUE,FALSE
1987,5e34325430e5263f0bebb32d,25158,1,22,linechart-real-2-ordered-main_effect-0-17,left,increasing,ordered,main_effect,false,dual,2026-03-19T15:35:22Z,more,TRUE,TRUE,TRUE,study,TRUE,28210.25,12253.89072380555,FALSE,FALSE,TRUE,FALSE
1990,5e34325430e5263f0bebb32d,21024,1,23,linechart-real-9-ordered-interaction-0-21,left,increasing,ordered,interaction,false,dual,2026-03-19T15:35:44Z,less,TRUE,TRUE,TRUE,study,TRUE,28210.25,12253.89072380555,FALSE,FALSE,TRUE,FALSE
1997,5e34325430e5263f0bebb32d,26523,1,24,linechart-real-21-shuffled-interaction-0-14,left,increasing,shuffled,interaction,false,dual,2026-03-19T15:36:22Z,more,TRUE,TRUE,TRUE,study,TRUE,28210.25,12253.89072380555,FALSE,FALSE,TRUE,FALSE
2001,5e34325430e5263f0bebb32d,14629,0,25,linechart-real-0-ordered-main_effect-0-23,right,increasing,ordered,main_effect,false,dual,2026-03-19T15:36:37Z,less,TRUE,TRUE,TRUE,study,TRUE,28210.25,12253.89072380555,FALSE,FALSE,TRUE,FALSE
2003,5e34325430e5263f0bebb32d,10128,1,26,linechart-real-29-shuffled-interaction-1-9,right,increasing,shuffled,interaction,true,dual,2026-03-19T15:36:49Z,more,TRUE,TRUE,TRUE,study,TRUE,28210.25,12253.89072380555,FALSE,FALSE,TRUE,FALSE
2007,5e34325430e5263f0bebb32d,23225,1,27,linechart-real-7-shuffled-main_effect-0-0,left,increasing,shuffled,main_effect,false,dual,2026-03-19T15:37:12Z,more,TRUE,TRUE,TRUE,study,TRUE,28210.25,12253.89072380555,FALSE,FALSE,TRUE,FALSE
2010,5e34325430e5263f0bebb32d,16676,1,28,linechart-real-6-shuffled-main_effect-0-3,left,increasing,shuffled,main_effect,false,dual,2026-03-19T15:37:30Z,less,TRUE,TRUE,TRUE,study,TRUE,28210.25,12253.89072380555,FALSE,FALSE,TRUE,FALSE
2012,5e34325430e5263f0bebb32d,6975,0,29,linechart-real-15-ordered-main_effect-1-22,left,increasing,ordered,main_effect,true,dual,2026-03-19T15:37:37Z,more,TRUE,TRUE,TRUE,study,TRUE,28210.25,12253.89072380555,FALSE,FALSE,TRUE,FALSE
2015,5e34325430e5263f0bebb32d,14837,1,30,linechart-real-20-ordered-main_effect-0-19,left,increasing,ordered,main_effect,false,dual,2026-03-19T15:37:54Z,less,TRUE,TRUE,TRUE,study,TRUE,28210.25,12253.89072380555,FALSE,FALSE,TRUE,FALSE
2020,5e34325430e5263f0bebb32d,34644,1,31,linechart-real-16-ordered-main_effect-0-4,left,increasing,ordered,main_effect,false,dual,2026-03-19T15:38:29Z,more,TRUE,TRUE,TRUE,study,TRUE,28210.25,12253.89072380555,FALSE,FALSE,TRUE,FALSE
2231,5e84bd7c34d5d9072128fac1,12646,1,0,linechart-real-22-ordered-interaction-1-21,right,increasing,ordered,interaction,true,single,2026-03-19T17:59:59Z,less,TRUE,TRUE,TRUE,study,TRUE,6868.5,1878.8424713791374,FALSE,FALSE,FALSE,TRUE
2232,5e84bd7c34d5d9072128fac1,10461,1,1,linechart-real-27-shuffled-interaction-1-24,right,increasing,shuffled,interaction,true,single,2026-03-19T18:00:11Z,more,TRUE,TRUE,TRUE,study,TRUE,6868.5,1878.8424713791374,FALSE,FALSE,FALSE,FALSE
2233,5e84bd7c34d5d9072128fac1,7203,1,2,linechart-real-25-shuffled-interaction-0-10,left,increasing,shuffled,interaction,false,single,2026-03-19T18:00:18Z,more,TRUE,TRUE,TRUE,study,TRUE,6868.5,1878.8424713791374,FALSE,FALSE,FALSE,FALSE
2234,5e84bd7c34d5d9072128fac1,10316,1,3,linechart-real-4-ordered-main_effect-0-29,left,increasing,ordered,main_effect,false,single,2026-03-19T18:00:29Z,less,TRUE,TRUE,TRUE,study,TRUE,6868.5,1878.8424713791374,FALSE,FALSE,FALSE,FALSE
2235,5e84bd7c34d5d9072128fac1,6843,1,4,linechart-real-1-shuffled-interaction-1-22,right,increasing,shuffled,interaction,true,single,2026-03-19T18:00:37Z,more,TRUE,TRUE,TRUE,study,TRUE,6868.5,1878.8424713791374,FALSE,FALSE,FALSE,FALSE
2236,5e84bd7c34d5d9072128fac1,7114,1,5,linechart-real-26-shuffled-interaction-1-19,right,increasing,shuffled,interaction,true,single,2026-03-19T18:00:44Z,more,TRUE,TRUE,TRUE,study,TRUE,6868.5,1878.8424713791374,FALSE,FALSE,FALSE,FALSE
2237,5e84bd7c34d5d9072128fac1,5838,1,6,linechart-real-10-shuffled-interaction-0-1,left,increasing,shuffled,interaction,false,single,2026-03-19T18:00:51Z,more,TRUE,TRUE,TRUE,study,TRUE,6868.5,1878.8424713791374,FALSE,FALSE,FALSE,FALSE
2238,5e84bd7c34d5d9072128fac1,5106,1,7,linechart-real-6-ordered-interaction-0-27,left,increasing,ordered,interaction,false,single,2026-03-19T18:00:57Z,less,TRUE,TRUE,TRUE,study,TRUE,6868.5,1878.8424713791374,FALSE,FALSE,FALSE,FALSE
2239,5e84bd7c34d5d9072128fac1,7101,1,8,linechart-real-8-ordered-main_effect-1-5,right,increasing,ordered,main_effect,true,single,2026-03-19T18:01:06Z,more,TRUE,TRUE,TRUE,study,TRUE,6868.5,1878.8424713791374,FALSE,FALSE,FALSE,FALSE
2240,5e84bd7c34d5d9072128fac1,5638,1,9,linechart-real-24-ordered-interaction-1-31,right,increasing,ordered,interaction,true,single,2026-03-19T18:01:13Z,more,TRUE,TRUE,TRUE,study,TRUE,6868.5,1878.8424713791374,FALSE,FALSE,FALSE,FALSE
2241,5e84bd7c34d5d9072128fac1,5170,1,10,linechart-real-29-shuffled-main_effect-0-13,left,increasing,shuffled,main_effect,false,single,2026-03-19T18:01:18Z,more,TRUE,TRUE,TRUE,study,TRUE,6868.5,1878.8424713791374,FALSE,FALSE,FALSE,FALSE
2242,5e84bd7c34d5d9072128fac1,6398,1,11,linechart-real-11-ordered-interaction-1-26,right,increasing,ordered,interaction,true,single,2026-03-19T18:01:25Z,less,TRUE,TRUE,TRUE,study,TRUE,6868.5,1878.8424713791374,FALSE,FALSE,FALSE,FALSE
2243,5e84bd7c34d5d9072128fac1,4690,1,12,linechart-real-23-ordered-main_effect-0-14,left,increasing,ordered,main_effect,false,single,2026-03-19T18:01:31Z,more,TRUE,TRUE,TRUE,study,TRUE,6868.5,1878.8424713791374,FALSE,FALSE,FALSE,FALSE
2244,5e84bd7c34d5d9072128fac1,5678,1,13,linechart-real-3-ordered-interaction-0-2,left,increasing,ordered,interaction,false,single,2026-03-19T18:01:37Z,more,TRUE,TRUE,TRUE,study,TRUE,6868.5,1878.8424713791374,FALSE,FALSE,FALSE,FALSE
2245,5e84bd7c34d5d9072128fac1,5672,1,14,linechart-real-13-shuffled-main_effect-1-4,right,increasing,shuffled,main_effect,true,single,2026-03-19T18:01:43Z,more,TRUE,TRUE,TRUE,study,TRUE,6868.5,1878.8424713791374,FALSE,FALSE,FALSE,FALSE
2246,5e84bd7c34d5d9072128fac1,9537,1,15,linechart-real-28-ordered-interaction-1-16,right,increasing,ordered,interaction,true,single,2026-03-19T18:01:53Z,less,TRUE,TRUE,TRUE,study,TRUE,6868.5,1878.8424713791374,FALSE,FALSE,FALSE,FALSE
2247,5e84bd7c34d5d9072128fac1,4773,1,16,linechart-real-20-shuffled-main_effect-1-0,right,increasing,shuffled,main_effect,true,single,2026-03-19T18:02:00Z,more,TRUE,TRUE,TRUE,study,TRUE,6868.5,1878.8424713791374,FALSE,FALSE,FALSE,FALSE
2248,5e84bd7c34d5d9072128fac1,5863,1,17,linechart-real-16-ordered-main_effect-1-28,right,increasing,ordered,main_effect,true,single,2026-03-19T18:02:07Z,more,TRUE,TRUE,TRUE,study,TRUE,6868.5,1878.8424713791374,FALSE,FALSE,FALSE,FALSE
2249,5e84bd7c34d5d9072128fac1,6499,1,18,linechart-real-5-ordered-interaction-0-23,left,increasing,ordered,interaction,false,single,2026-03-19T18:02:14Z,less,TRUE,TRUE,TRUE,study,TRUE,6868.5,1878.8424713791374,FALSE,FALSE,FALSE,FALSE
2250,5e84bd7c34d5d9072128fac1,5465,1,19,linechart-real-30-ordered-main_effect-1-6,right,increasing,ordered,main_effect,true,single,2026-03-19T18:02:20Z,less,TRUE,TRUE,TRUE,study,TRUE,6868.5,1878.8424713791374,FALSE,FALSE,FALSE,FALSE
2251,5e84bd7c34d5d9072128fac1,8081,1,20,linechart-real-18-shuffled-interaction-0-9,left,increasing,shuffled,interaction,false,single,2026-03-19T18:02:29Z,less,TRUE,TRUE,TRUE,study,TRUE,6868.5,1878.8424713791374,FALSE,FALSE,FALSE,FALSE
2252,5e84bd7c34d5d9072128fac1,8428,1,21,linechart-real-15-shuffled-main_effect-0-17,left,increasing,shuffled,main_effect,false,single,2026-03-19T18:02:38Z,less,TRUE,TRUE,TRUE,study,TRUE,6868.5,1878.8424713791374,FALSE,FALSE,FALSE,FALSE
2253,5e84bd7c34d5d9072128fac1,7927,1,22,linechart-real-19-ordered-interaction-0-25,left,increasing,ordered,interaction,false,single,2026-03-19T18:02:46Z,less,TRUE,TRUE,TRUE,study,TRUE,6868.5,1878.8424713791374,FALSE,FALSE,FALSE,FALSE
2254,5e84bd7c34d5d9072128fac1,5797,1,23,linechart-real-14-shuffled-interaction-1-15,right,increasing,shuffled,interaction,true,single,2026-03-19T18:02:53Z,more,TRUE,TRUE,TRUE,study,TRUE,6868.5,1878.8424713791374,FALSE,FALSE,FALSE,FALSE
2255,5e84bd7c34d5d9072128fac1,8277,1,24,linechart-real-9-shuffled-main_effect-0-12,left,increasing,shuffled,main_effect,false,single,2026-03-19T18:03:03Z,more,TRUE,TRUE,TRUE,study,TRUE,6868.5,1878.8424713791374,FALSE,FALSE,FALSE,FALSE
2256,5e84bd7c34d5d9072128fac1,6231,1,25,linechart-real-17-shuffled-interaction-0-30,left,increasing,shuffled,interaction,false,single,2026-03-19T18:03:10Z,less,TRUE,TRUE,TRUE,study,TRUE,6868.5,1878.8424713791374,FALSE,FALSE,FALSE,FALSE
2257,5e84bd7c34d5d9072128fac1,7636,1,26,linechart-real-12-ordered-main_effect-0-3,left,increasing,ordered,main_effect,false,single,2026-03-19T18:03:18Z,more,TRUE,TRUE,TRUE,study,TRUE,6868.5,1878.8424713791374,FALSE,FALSE,FALSE,FALSE
2258,5e84bd7c34d5d9072128fac1,7544,1,27,linechart-real-21-shuffled-main_effect-1-11,right,increasing,shuffled,main_effect,true,single,2026-03-19T18:03:26Z,less,TRUE,TRUE,TRUE,study,TRUE,6868.5,1878.8424713791374,FALSE,FALSE,FALSE,FALSE
2259,5e84bd7c34d5d9072128fac1,6683,1,28,linechart-real-2-ordered-main_effect-0-8,left,increasing,ordered,main_effect,false,single,2026-03-19T18:03:33Z,less,TRUE,TRUE,TRUE,study,TRUE,6868.5,1878.8424713791374,FALSE,FALSE,FALSE,FALSE
2260,5e84bd7c34d5d9072128fac1,4654,1,29,linechart-real-7-ordered-main_effect-1-18,right,increasing,ordered,main_effect,true,single,2026-03-19T18:03:39Z,less,TRUE,TRUE,TRUE,study,TRUE,6868.5,1878.8424713791374,FALSE,FALSE,FALSE,FALSE
2261,5e84bd7c34d5d9072128fac1,4867,1,30,linechart-real-0-shuffled-main_effect-0-7,left,increasing,shuffled,main_effect,false,single,2026-03-19T18:03:44Z,less,TRUE,TRUE,TRUE,study,TRUE,6868.5,1878.8424713791374,FALSE,FALSE,FALSE,FALSE
2262,5e84bd7c34d5d9072128fac1,5656,1,31,linechart-real-31-shuffled-main_effect-1-20,right,increasing,shuffled,main_effect,true,single,2026-03-19T18:03:51Z,less,TRUE,TRUE,TRUE,study,TRUE,6868.5,1878.8424713791374,FALSE,FALSE,FALSE,FALSE
2395,5eb070eb793af1113c01e244,13013,1,0,linechart-real-16-ordered-interaction-1-16,right,increasing,ordered,interaction,true,single,2026-03-20T16:01:39Z,more,TRUE,TRUE,TRUE,study,TRUE,12259.875,5011.2830161288975,FALSE,FALSE,FALSE,FALSE
2417,5eb070eb793af1113c01e244,25329,0,1,linechart-real-28-shuffled-interaction-0-25,right,increasing,shuffled,interaction,false,single,2026-03-20T16:02:05Z,more,TRUE,TRUE,TRUE,study,TRUE,12259.875,5011.2830161288975,FALSE,FALSE,FALSE,TRUE
2426,5eb070eb793af1113c01e244,10746,1,2,linechart-real-15-shuffled-interaction-1-28,right,increasing,shuffled,interaction,true,single,2026-03-20T16:02:17Z,less,TRUE,TRUE,TRUE,study,TRUE,12259.875,5011.2830161288975,FALSE,FALSE,FALSE,FALSE
2434,5eb070eb793af1113c01e244,8573,1,3,linechart-real-8-ordered-main_effect-0-18,left,increasing,ordered,main_effect,false,single,2026-03-20T16:02:27Z,more,TRUE,TRUE,TRUE,study,TRUE,12259.875,5011.2830161288975,FALSE,FALSE,FALSE,FALSE
2444,5eb070eb793af1113c01e244,6271,1,4,linechart-real-21-ordered-interaction-1-21,right,increasing,ordered,interaction,true,single,2026-03-20T16:02:34Z,more,TRUE,TRUE,TRUE,study,TRUE,12259.875,5011.2830161288975,FALSE,FALSE,FALSE,FALSE
2450,5eb070eb793af1113c01e244,7429,1,5,linechart-real-14-ordered-main_effect-1-15,right,increasing,ordered,main_effect,true,single,2026-03-20T16:02:42Z,less,TRUE,TRUE,TRUE,study,TRUE,12259.875,5011.2830161288975,FALSE,FALSE,FALSE,FALSE
2460,5eb070eb793af1113c01e244,11646,1,6,linechart-real-26-shuffled-interaction-0-10,left,increasing,shuffled,interaction,false,single,2026-03-20T16:02:54Z,less,TRUE,TRUE,TRUE,study,TRUE,12259.875,5011.2830161288975,FALSE,FALSE,FALSE,FALSE
2473,5eb070eb793af1113c01e244,15489,1,7,linechart-real-27-shuffled-main_effect-1-0,right,increasing,shuffled,main_effect,true,single,2026-03-20T16:03:10Z,more,TRUE,TRUE,TRUE,study,TRUE,12259.875,5011.2830161288975,FALSE,FALSE,FALSE,FALSE
2499,5eb070eb793af1113c01e244,12611,1,8,linechart-real-24-shuffled-main_effect-1-23,right,increasing,shuffled,main_effect,true,single,2026-03-20T16:03:44Z,less,TRUE,TRUE,TRUE,study,TRUE,12259.875,5011.2830161288975,FALSE,FALSE,FALSE,FALSE
2510,5eb070eb793af1113c01e244,14471,1,9,linechart-real-3-ordered-interaction-1-17,right,increasing,ordered,interaction,true,single,2026-03-20T16:03:59Z,less,TRUE,TRUE,TRUE,study,TRUE,12259.875,5011.2830161288975,FALSE,FALSE,FALSE,FALSE
2541,5eb070eb793af1113c01e244,31023,1,10,linechart-real-2-shuffled-interaction-0-22,left,increasing,shuffled,interaction,false,single,2026-03-20T16:04:30Z,more,TRUE,TRUE,TRUE,study,TRUE,12259.875,5011.2830161288975,FALSE,FALSE,FALSE,TRUE
2557,5eb070eb793af1113c01e244,13059,1,11,linechart-real-25-ordered-interaction-0-13,left,increasing,ordered,interaction,false,single,2026-03-20T16:04:44Z,more,TRUE,TRUE,TRUE,study,TRUE,12259.875,5011.2830161288975,FALSE,FALSE,FALSE,FALSE
2572,5eb070eb793af1113c01e244,13063,1,12,linechart-real-23-shuffled-main_effect-0-29,left,increasing,shuffled,main_effect,false,single,2026-03-20T16:04:58Z,more,TRUE,TRUE,TRUE,study,TRUE,12259.875,5011.2830161288975,FALSE,FALSE,FALSE,FALSE
2581,5eb070eb793af1113c01e244,8091,1,13,linechart-real-7-ordered-main_effect-0-2,left,increasing,ordered,main_effect,false,single,2026-03-20T16:05:07Z,less,TRUE,TRUE,TRUE,study,TRUE,12259.875,5011.2830161288975,FALSE,FALSE,FALSE,FALSE
2599,5eb070eb793af1113c01e244,13384,1,14,linechart-real-20-shuffled-interaction-1-12,right,increasing,shuffled,interaction,true,single,2026-03-20T16:05:21Z,more,TRUE,TRUE,TRUE,study,TRUE,12259.875,5011.2830161288975,FALSE,FALSE,FALSE,FALSE
2610,5eb070eb793af1113c01e244,9032,1,15,linechart-real-22-ordered-main_effect-1-5,right,increasing,ordered,main_effect,true,single,2026-03-20T16:05:30Z,more,TRUE,TRUE,TRUE,study,TRUE,12259.875,5011.2830161288975,FALSE,FALSE,FALSE,FALSE
2696,5eb070eb793af1113c01e244,10250,1,16,linechart-real-10-shuffled-main_effect-1-24,right,increasing,shuffled,main_effect,true,single,2026-03-20T16:06:45Z,less,TRUE,TRUE,TRUE,study,TRUE,12259.875,5011.2830161288975,FALSE,FALSE,FALSE,FALSE
2707,5eb070eb793af1113c01e244,9308,1,17,linechart-real-17-shuffled-interaction-0-11,left,increasing,shuffled,interaction,false,single,2026-03-20T16:06:55Z,less,TRUE,TRUE,TRUE,study,TRUE,12259.875,5011.2830161288975,FALSE,FALSE,FALSE,FALSE
2723,5eb070eb793af1113c01e244,15623,1,18,linechart-real-9-ordered-interaction-0-27,left,increasing,ordered,interaction,false,single,2026-03-20T16:07:11Z,more,TRUE,TRUE,TRUE,study,TRUE,12259.875,5011.2830161288975,FALSE,FALSE,FALSE,FALSE
2731,5eb070eb793af1113c01e244,12550,1,19,linechart-real-31-shuffled-main_effect-0-4,left,increasing,shuffled,main_effect,false,single,2026-03-20T16:07:24Z,less,TRUE,TRUE,TRUE,study,TRUE,12259.875,5011.2830161288975,FALSE,FALSE,FALSE,FALSE
2746,5eb070eb793af1113c01e244,18524,1,20,linechart-real-4-shuffled-main_effect-0-9,left,increasing,shuffled,main_effect,false,single,2026-03-20T16:07:44Z,more,TRUE,TRUE,TRUE,study,TRUE,12259.875,5011.2830161288975,FALSE,FALSE,FALSE,FALSE
2757,5eb070eb793af1113c01e244,12438,1,21,linechart-real-13-ordered-interaction-1-7,right,increasing,ordered,interaction,true,single,2026-03-20T16:07:57Z,less,TRUE,TRUE,TRUE,study,TRUE,12259.875,5011.2830161288975,FALSE,FALSE,FALSE,FALSE
2765,5eb070eb793af1113c01e244,9445,1,22,linechart-real-30-shuffled-interaction-0-30,left,increasing,shuffled,interaction,false,single,2026-03-20T16:08:07Z,less,TRUE,TRUE,TRUE,study,TRUE,12259.875,5011.2830161288975,FALSE,FALSE,FALSE,FALSE
2779,5eb070eb793af1113c01e244,13534,1,23,linechart-real-11-ordered-interaction-0-6,left,increasing,ordered,interaction,false,single,2026-03-20T16:08:21Z,less,TRUE,TRUE,TRUE,study,TRUE,12259.875,5011.2830161288975,FALSE,FALSE,FALSE,FALSE
2801,5eb070eb793af1113c01e244,8204,1,24,linechart-real-12-ordered-main_effect-1-20,right,increasing,ordered,main_effect,true,single,2026-03-20T16:09:04Z,more,TRUE,TRUE,TRUE,study,TRUE,12259.875,5011.2830161288975,FALSE,FALSE,FALSE,FALSE
2810,5eb070eb793af1113c01e244,9891,1,25,linechart-real-6-ordered-main_effect-0-3,left,increasing,ordered,main_effect,false,single,2026-03-20T16:09:15Z,less,TRUE,TRUE,TRUE,study,TRUE,12259.875,5011.2830161288975,FALSE,FALSE,FALSE,FALSE
2817,5eb070eb793af1113c01e244,10426,1,26,linechart-real-5-shuffled-main_effect-1-1,right,increasing,shuffled,main_effect,true,single,2026-03-20T16:09:26Z,less,TRUE,TRUE,TRUE,study,TRUE,12259.875,5011.2830161288975,FALSE,FALSE,FALSE,FALSE
2824,5eb070eb793af1113c01e244,9611,1,27,linechart-real-29-ordered-interaction-0-31,left,increasing,ordered,interaction,false,single,2026-03-20T16:09:36Z,less,TRUE,TRUE,TRUE,study,TRUE,12259.875,5011.2830161288975,FALSE,FALSE,FALSE,FALSE
2826,5eb070eb793af1113c01e244,10629,1,28,linechart-real-19-shuffled-interaction-1-14,right,increasing,shuffled,interaction,true,single,2026-03-20T16:09:47Z,more,TRUE,TRUE,TRUE,study,TRUE,12259.875,5011.2830161288975,FALSE,FALSE,FALSE,FALSE
2829,5eb070eb793af1113c01e244,8983,1,29,linechart-real-0-ordered-main_effect-0-8,left,increasing,ordered,main_effect,false,single,2026-03-20T16:09:57Z,more,TRUE,TRUE,TRUE,study,TRUE,12259.875,5011.2830161288975,FALSE,FALSE,FALSE,FALSE
2835,5eb070eb793af1113c01e244,8558,1,30,linechart-real-1-shuffled-main_effect-1-19,right,increasing,shuffled,main_effect,true,single,2026-03-20T16:10:06Z,less,TRUE,TRUE,TRUE,study,TRUE,12259.875,5011.2830161288975,FALSE,FALSE,FALSE,FALSE
2840,5eb070eb793af1113c01e244,11112,1,31,linechart-real-18-ordered-main_effect-1-26,right,increasing,ordered,main_effect,true,single,2026-03-20T16:10:18Z,more,TRUE,TRUE,TRUE,study,TRUE,12259.875,5011.2830161288975,FALSE,FALSE,FALSE,FALSE
3095,5f16f559325a640008bb9a07,1567,1,0,linechart-real-7-ordered-main_effect-0-2,left,increasing,ordered,main_effect,false,dual,2026-03-20T17:32:15Z,less,TRUE,TRUE,TRUE,study,TRUE,671.4375,1309.7178454451246,TRUE,TRUE,FALSE,FALSE
3098,5f16f559325a640008bb9a07,1282,0,1,linechart-real-14-ordered-main_effect-1-7,left,increasing,ordered,main_effect,true,dual,2026-03-20T17:32:17Z,less,TRUE,TRUE,TRUE,study,TRUE,671.4375,1309.7178454451246,TRUE,TRUE,FALSE,FALSE
3104,5f16f559325a640008bb9a07,3584,1,2,linechart-real-2-ordered-main_effect-1-15,right,increasing,ordered,main_effect,true,dual,2026-03-20T17:32:23Z,less,TRUE,TRUE,TRUE,study,TRUE,671.4375,1309.7178454451246,TRUE,TRUE,FALSE,TRUE
3115,5f16f559325a640008bb9a07,6852,0,3,linechart-real-22-shuffled-interaction-1-21,left,increasing,shuffled,interaction,true,dual,2026-03-20T17:32:30Z,less,TRUE,TRUE,TRUE,study,TRUE,671.4375,1309.7178454451246,TRUE,TRUE,FALSE,TRUE
3116,5f16f559325a640008bb9a07,439,1,4,linechart-real-24-ordered-interaction-0-9,left,increasing,ordered,interaction,false,dual,2026-03-20T17:32:32Z,more,TRUE,TRUE,TRUE,study,TRUE,671.4375,1309.7178454451246,TRUE,TRUE,FALSE,FALSE
3117,5f16f559325a640008bb9a07,840,0,5,linechart-real-6-ordered-interaction-0-29,right,increasing,ordered,interaction,false,dual,2026-03-20T17:32:34Z,less,TRUE,TRUE,TRUE,study,TRUE,671.4375,1309.7178454451246,TRUE,TRUE,FALSE,FALSE
3121,5f16f559325a640008bb9a07,135,0,6,linechart-real-0-ordered-interaction-0-8,right,increasing,ordered,interaction,false,dual,2026-03-20T17:32:35Z,more,TRUE,TRUE,TRUE,study,TRUE,671.4375,1309.7178454451246,TRUE,TRUE,FALSE,FALSE
3124,5f16f559325a640008bb9a07,152,0,7,linechart-real-29-ordered-interaction-0-0,right,increasing,ordered,interaction,false,dual,2026-03-20T17:32:37Z,more,TRUE,TRUE,TRUE,study,TRUE,671.4375,1309.7178454451246,TRUE,TRUE,FALSE,FALSE
3127,5f16f559325a640008bb9a07,366,1,8,linechart-real-18-ordered-main_effect-1-1,right,increasing,ordered,main_effect,true,dual,2026-03-20T17:32:41Z,more,TRUE,TRUE,TRUE,study,TRUE,671.4375,1309.7178454451246,TRUE,TRUE,FALSE,FALSE
3129,5f16f559325a640008bb9a07,417,1,9,linechart-real-15-shuffled-main_effect-0-3,left,increasing,shuffled,main_effect,false,dual,2026-03-20T17:32:42Z,less,TRUE,TRUE,TRUE,study,TRUE,671.4375,1309.7178454451246,TRUE,TRUE,FALSE,FALSE
3131,5f16f559325a640008bb9a07,701,1,10,linechart-real-8-ordered-main_effect-0-20,left,increasing,ordered,main_effect,false,dual,2026-03-20T17:32:43Z,less,TRUE,TRUE,TRUE,study,TRUE,671.4375,1309.7178454451246,TRUE,TRUE,FALSE,FALSE
3133,5f16f559325a640008bb9a07,620,1,11,linechart-real-23-shuffled-interaction-1-17,right,increasing,shuffled,interaction,true,dual,2026-03-20T17:32:44Z,more,TRUE,TRUE,TRUE,study,TRUE,671.4375,1309.7178454451246,TRUE,TRUE,FALSE,FALSE
3135,5f16f559325a640008bb9a07,640,1,12,linechart-real-1-ordered-interaction-0-4,left,increasing,ordered,interaction,false,dual,2026-03-20T17:32:46Z,more,TRUE,TRUE,TRUE,study,TRUE,671.4375,1309.7178454451246,TRUE,TRUE,FALSE,FALSE
3138,5f16f559325a640008bb9a07,565,0,13,linechart-real-30-ordered-main_effect-1-22,left,increasing,ordered,main_effect,true,dual,2026-03-20T17:32:47Z,less,TRUE,TRUE,TRUE,study,TRUE,671.4375,1309.7178454451246,TRUE,TRUE,FALSE,FALSE
3139,5f16f559325a640008bb9a07,98,0,14,linechart-real-5-shuffled-main_effect-1-31,left,increasing,shuffled,main_effect,true,dual,2026-03-20T17:32:49Z,more,TRUE,TRUE,TRUE,study,TRUE,671.4375,1309.7178454451246,TRUE,TRUE,FALSE,FALSE
3141,5f16f559325a640008bb9a07,134,0,15,linechart-real-20-ordered-interaction-1-23,left,increasing,ordered,interaction,true,dual,2026-03-20T17:32:50Z,more,TRUE,TRUE,TRUE,study,TRUE,671.4375,1309.7178454451246,TRUE,TRUE,FALSE,FALSE
3145,5f16f559325a640008bb9a07,506,0,16,linechart-real-28-ordered-interaction-1-24,left,increasing,ordered,interaction,true,dual,2026-03-20T17:32:53Z,less,TRUE,TRUE,TRUE,study,TRUE,671.4375,1309.7178454451246,TRUE,TRUE,FALSE,FALSE
3146,5f16f559325a640008bb9a07,270,1,17,linechart-real-31-shuffled-main_effect-0-16,left,increasing,shuffled,main_effect,false,dual,2026-03-20T17:32:55Z,more,TRUE,TRUE,TRUE,study,TRUE,671.4375,1309.7178454451246,TRUE,TRUE,FALSE,FALSE
3148,5f16f559325a640008bb9a07,160,1,18,linechart-real-12-shuffled-interaction-1-25,right,increasing,shuffled,interaction,true,dual,2026-03-20T17:32:56Z,less,TRUE,TRUE,TRUE,study,TRUE,671.4375,1309.7178454451246,TRUE,TRUE,FALSE,FALSE
3149,5f16f559325a640008bb9a07,139,0,19,linechart-real-19-ordered-main_effect-0-18,right,increasing,ordered,main_effect,false,dual,2026-03-20T17:32:57Z,more,TRUE,TRUE,TRUE,study,TRUE,671.4375,1309.7178454451246,TRUE,TRUE,FALSE,FALSE
3151,5f16f559325a640008bb9a07,183,0,20,linechart-real-4-shuffled-interaction-1-13,left,increasing,shuffled,interaction,true,dual,2026-03-20T17:32:59Z,less,TRUE,TRUE,TRUE,study,TRUE,671.4375,1309.7178454451246,TRUE,TRUE,FALSE,FALSE
3155,5f16f559325a640008bb9a07,122,0,21,linechart-real-27-shuffled-main_effect-0-6,right,increasing,shuffled,main_effect,false,dual,2026-03-20T17:33:00Z,less,TRUE,TRUE,TRUE,study,TRUE,671.4375,1309.7178454451246,TRUE,TRUE,FALSE,FALSE
3158,5f16f559325a640008bb9a07,141,1,22,linechart-real-13-shuffled-main_effect-0-11,left,increasing,shuffled,main_effect,false,dual,2026-03-20T17:33:02Z,more,TRUE,TRUE,TRUE,study,TRUE,671.4375,1309.7178454451246,TRUE,TRUE,FALSE,FALSE
3160,5f16f559325a640008bb9a07,237,0,23,linechart-real-25-shuffled-main_effect-1-14,left,increasing,shuffled,main_effect,true,dual,2026-03-20T17:33:03Z,more,TRUE,TRUE,TRUE,study,TRUE,671.4375,1309.7178454451246,TRUE,TRUE,FALSE,FALSE
3161,5f16f559325a640008bb9a07,449,1,24,linechart-real-16-ordered-main_effect-0-12,left,increasing,ordered,main_effect,false,dual,2026-03-20T17:33:05Z,more,TRUE,TRUE,TRUE,study,TRUE,671.4375,1309.7178454451246,TRUE,TRUE,FALSE,FALSE
3163,5f16f559325a640008bb9a07,221,0,25,linechart-real-21-shuffled-interaction-1-26,left,increasing,shuffled,interaction,true,dual,2026-03-20T17:33:06Z,less,TRUE,TRUE,TRUE,study,TRUE,671.4375,1309.7178454451246,TRUE,TRUE,FALSE,FALSE
3166,5f16f559325a640008bb9a07,59,0,26,linechart-real-17-shuffled-interaction-1-30,left,increasing,shuffled,interaction,true,dual,2026-03-20T17:33:08Z,less,TRUE,TRUE,TRUE,study,TRUE,671.4375,1309.7178454451246,TRUE,TRUE,FALSE,FALSE
3170,5f16f559325a640008bb9a07,80,1,27,linechart-real-26-shuffled-main_effect-0-10,left,increasing,shuffled,main_effect,false,dual,2026-03-20T17:33:10Z,more,TRUE,TRUE,TRUE,study,TRUE,671.4375,1309.7178454451246,TRUE,TRUE,FALSE,FALSE
3171,5f16f559325a640008bb9a07,121,1,28,linechart-real-11-shuffled-interaction-1-28,right,increasing,shuffled,interaction,true,dual,2026-03-20T17:33:10Z,less,TRUE,TRUE,TRUE,study,TRUE,671.4375,1309.7178454451246,TRUE,TRUE,FALSE,FALSE
3175,5f16f559325a640008bb9a07,143,1,29,linechart-real-10-shuffled-interaction-1-27,right,increasing,shuffled,interaction,true,dual,2026-03-20T17:33:11Z,less,TRUE,TRUE,TRUE,study,TRUE,671.4375,1309.7178454451246,TRUE,TRUE,FALSE,FALSE
3176,5f16f559325a640008bb9a07,112,1,30,linechart-real-3-shuffled-main_effect-0-19,left,increasing,shuffled,main_effect,false,dual,2026-03-20T17:33:12Z,more,TRUE,TRUE,TRUE,study,TRUE,671.4375,1309.7178454451246,TRUE,TRUE,FALSE,FALSE
3178,5f16f559325a640008bb9a07,151,1,31,linechart-real-9-ordered-interaction-0-5,left,increasing,ordered,interaction,false,dual,2026-03-20T17:33:13Z,more,TRUE,TRUE,TRUE,study,TRUE,671.4375,1309.7178454451246,TRUE,TRUE,FALSE,FALSE
2940,602fd11faa844cd2d0fd5818,49110,1,0,linechart-real-13-ordered-interaction-0-17,left,increasing,ordered,interaction,false,dual,2026-03-20T16:18:52Z,more,TRUE,TRUE,TRUE,study,TRUE,6331.5,11068.491432017516,TRUE,FALSE,FALSE,TRUE
2941,602fd11faa844cd2d0fd5818,44243,0,1,linechart-real-12-ordered-main_effect-0-19,right,increasing,ordered,main_effect,false,dual,2026-03-20T16:19:37Z,more,TRUE,TRUE,TRUE,study,TRUE,6331.5,11068.491432017516,TRUE,FALSE,FALSE,TRUE
2942,602fd11faa844cd2d0fd5818,6325,1,2,linechart-real-17-shuffled-main_effect-1-12,right,increasing,shuffled,main_effect,true,dual,2026-03-20T16:19:45Z,less,TRUE,TRUE,TRUE,study,TRUE,6331.5,11068.491432017516,TRUE,FALSE,FALSE,FALSE
2943,602fd11faa844cd2d0fd5818,3567,0,3,linechart-real-0-ordered-interaction-0-1,right,increasing,ordered,interaction,false,dual,2026-03-20T16:19:49Z,less,TRUE,TRUE,TRUE,study,TRUE,6331.5,11068.491432017516,TRUE,FALSE,FALSE,FALSE
2944,602fd11faa844cd2d0fd5818,2979,1,4,linechart-real-7-ordered-interaction-0-15,left,increasing,ordered,interaction,false,dual,2026-03-20T16:19:54Z,less,TRUE,TRUE,TRUE,study,TRUE,6331.5,11068.491432017516,TRUE,FALSE,FALSE,FALSE
2945,602fd11faa844cd2d0fd5818,2963,1,5,linechart-real-4-shuffled-interaction-0-25,left,increasing,shuffled,interaction,false,dual,2026-03-20T16:19:57Z,less,TRUE,TRUE,TRUE,study,TRUE,6331.5,11068.491432017516,TRUE,FALSE,FALSE,FALSE
2946,602fd11faa844cd2d0fd5818,11966,0,6,linechart-real-16-ordered-main_effect-1-20,left,increasing,ordered,main_effect,true,dual,2026-03-20T16:20:10Z,less,TRUE,TRUE,TRUE,study,TRUE,6331.5,11068.491432017516,TRUE,FALSE,FALSE,FALSE
2947,602fd11faa844cd2d0fd5818,7335,1,7,linechart-real-25-ordered-main_effect-1-16,right,increasing,ordered,main_effect,true,dual,2026-03-20T16:20:19Z,less,TRUE,TRUE,TRUE,study,TRUE,6331.5,11068.491432017516,TRUE,FALSE,FALSE,FALSE
2948,602fd11faa844cd2d0fd5818,3421,1,8,linechart-real-19-shuffled-interaction-1-9,right,increasing,shuffled,interaction,true,dual,2026-03-20T16:20:30Z,less,TRUE,TRUE,TRUE,study,TRUE,6331.5,11068.491432017516,TRUE,FALSE,FALSE,FALSE
2949,602fd11faa844cd2d0fd5818,2277,0,9,linechart-real-15-ordered-interaction-0-6,right,increasing,ordered,interaction,false,dual,2026-03-20T16:20:33Z,more,TRUE,TRUE,TRUE,study,TRUE,6331.5,11068.491432017516,TRUE,FALSE,FALSE,FALSE
2950,602fd11faa844cd2d0fd5818,2153,0,10,linechart-real-3-shuffled-interaction-1-8,left,increasing,shuffled,interaction,true,dual,2026-03-20T16:20:37Z,less,TRUE,TRUE,TRUE,study,TRUE,6331.5,11068.491432017516,TRUE,FALSE,FALSE,FALSE
2951,602fd11faa844cd2d0fd5818,2197,1,11,linechart-real-21-ordered-interaction-1-23,right,increasing,ordered,interaction,true,dual,2026-03-20T16:20:41Z,more,TRUE,TRUE,TRUE,study,TRUE,6331.5,11068.491432017516,TRUE,FALSE,FALSE,FALSE
2952,602fd11faa844cd2d0fd5818,2552,0,12,linechart-real-18-shuffled-main_effect-0-18,right,increasing,shuffled,main_effect,false,dual,2026-03-20T16:20:44Z,more,TRUE,TRUE,TRUE,study,TRUE,6331.5,11068.491432017516,TRUE,FALSE,FALSE,FALSE
2953,602fd11faa844cd2d0fd5818,1572,0,13,linechart-real-10-shuffled-interaction-0-13,right,increasing,shuffled,interaction,false,dual,2026-03-20T16:20:47Z,less,TRUE,TRUE,TRUE,study,TRUE,6331.5,11068.491432017516,TRUE,FALSE,FALSE,FALSE
2954,602fd11faa844cd2d0fd5818,1095,0,14,linechart-real-14-ordered-interaction-0-10,right,increasing,ordered,interaction,false,dual,2026-03-20T16:20:50Z,more,TRUE,TRUE,TRUE,study,TRUE,6331.5,11068.491432017516,TRUE,FALSE,FALSE,FALSE
2955,602fd11faa844cd2d0fd5818,2848,1,15,linechart-real-5-ordered-main_effect-1-27,right,increasing,ordered,main_effect,true,dual,2026-03-20T16:20:54Z,more,TRUE,TRUE,TRUE,study,TRUE,6331.5,11068.491432017516,TRUE,FALSE,FALSE,FALSE
2956,602fd11faa844cd2d0fd5818,3228,0,16,linechart-real-11-shuffled-interaction-1-28,left,increasing,shuffled,interaction,true,dual,2026-03-20T16:21:03Z,more,TRUE,TRUE,TRUE,study,TRUE,6331.5,11068.491432017516,TRUE,FALSE,FALSE,FALSE
2957,602fd11faa844cd2d0fd5818,8103,0,17,linechart-real-31-ordered-interaction-0-14,right,increasing,ordered,interaction,false,dual,2026-03-20T16:21:13Z,less,TRUE,TRUE,TRUE,study,TRUE,6331.5,11068.491432017516,TRUE,FALSE,FALSE,FALSE
2958,602fd11faa844cd2d0fd5818,964,0,18,linechart-real-20-ordered-main_effect-0-11,right,increasing,ordered,main_effect,false,dual,2026-03-20T16:21:15Z,more,TRUE,TRUE,TRUE,study,TRUE,6331.5,11068.491432017516,TRUE,FALSE,FALSE,FALSE
2959,602fd11faa844cd2d0fd5818,872,1,19,linechart-real-2-ordered-main_effect-1-2,right,increasing,ordered,main_effect,true,dual,2026-03-20T16:21:18Z,less,TRUE,TRUE,TRUE,study,TRUE,6331.5,11068.491432017516,TRUE,FALSE,FALSE,FALSE
2960,602fd11faa844cd2d0fd5818,1868,0,20,linechart-real-8-ordered-main_effect-0-24,right,increasing,ordered,main_effect,false,dual,2026-03-20T16:21:20Z,less,TRUE,TRUE,TRUE,study,TRUE,6331.5,11068.491432017516,TRUE,FALSE,FALSE,FALSE
2961,602fd11faa844cd2d0fd5818,1355,1,21,linechart-real-23-shuffled-interaction-0-0,left,increasing,shuffled,interaction,false,dual,2026-03-20T16:21:23Z,less,TRUE,TRUE,TRUE,study,TRUE,6331.5,11068.491432017516,TRUE,FALSE,FALSE,FALSE
2962,602fd11faa844cd2d0fd5818,1045,0,22,linechart-real-28-shuffled-interaction-1-26,left,increasing,shuffled,interaction,true,dual,2026-03-20T16:21:25Z,more,TRUE,TRUE,TRUE,study,TRUE,6331.5,11068.491432017516,TRUE,FALSE,FALSE,FALSE
2963,602fd11faa844cd2d0fd5818,597,0,23,linechart-real-9-shuffled-main_effect-1-7,left,increasing,shuffled,main_effect,true,dual,2026-03-20T16:21:27Z,more,TRUE,TRUE,TRUE,study,TRUE,6331.5,11068.491432017516,TRUE,FALSE,FALSE,FALSE
2964,602fd11faa844cd2d0fd5818,2306,1,24,linechart-real-26-shuffled-main_effect-0-3,left,increasing,shuffled,main_effect,false,dual,2026-03-20T16:21:37Z,more,TRUE,TRUE,TRUE,study,TRUE,6331.5,11068.491432017516,TRUE,FALSE,FALSE,FALSE
2965,602fd11faa844cd2d0fd5818,3226,0,25,linechart-real-1-shuffled-main_effect-1-31,left,increasing,shuffled,main_effect,true,dual,2026-03-20T16:21:40Z,more,TRUE,TRUE,TRUE,study,TRUE,6331.5,11068.491432017516,TRUE,FALSE,FALSE,FALSE
2966,602fd11faa844cd2d0fd5818,5849,1,26,linechart-real-24-ordered-main_effect-1-22,right,increasing,ordered,main_effect,true,dual,2026-03-20T16:21:48Z,less,TRUE,TRUE,TRUE,study,TRUE,6331.5,11068.491432017516,TRUE,FALSE,FALSE,FALSE
2967,602fd11faa844cd2d0fd5818,14219,0,27,linechart-real-30-shuffled-main_effect-0-29,right,increasing,shuffled,main_effect,false,dual,2026-03-20T16:22:03Z,more,TRUE,TRUE,TRUE,study,TRUE,6331.5,11068.491432017516,TRUE,FALSE,FALSE,FALSE
2968,602fd11faa844cd2d0fd5818,1227,0,28,linechart-real-27-shuffled-main_effect-1-21,left,increasing,shuffled,main_effect,true,dual,2026-03-20T16:22:05Z,less,TRUE,TRUE,TRUE,study,TRUE,6331.5,11068.491432017516,TRUE,FALSE,FALSE,FALSE
2969,602fd11faa844cd2d0fd5818,703,0,29,linechart-real-29-ordered-interaction-1-4,left,increasing,ordered,interaction,true,dual,2026-03-20T16:22:08Z,less,TRUE,TRUE,TRUE,study,TRUE,6331.5,11068.491432017516,TRUE,FALSE,FALSE,FALSE
2970,602fd11faa844cd2d0fd5818,6987,1,30,linechart-real-6-shuffled-main_effect-0-5,left,increasing,shuffled,main_effect,false,dual,2026-03-20T16:22:16Z,more,TRUE,TRUE,TRUE,study,TRUE,6331.5,11068.491432017516,TRUE,FALSE,FALSE,FALSE
2971,602fd11faa844cd2d0fd5818,3456,1,31,linechart-real-22-shuffled-interaction-1-30,right,increasing,shuffled,interaction,true,dual,2026-03-20T16:22:20Z,more,TRUE,TRUE,TRUE,study,TRUE,6331.5,11068.491432017516,TRUE,FALSE,FALSE,FALSE
2330,608bfa04767191aa4d57bfd8,25331,1,0,linechart-real-5-shuffled-interaction-0-16,left,increasing,shuffled,interaction,false,dual,2026-03-20T15:58:22Z,less,TRUE,TRUE,TRUE,study,TRUE,19280.96875,7667.070019010606,FALSE,FALSE,FALSE,FALSE
2332,608bfa04767191aa4d57bfd8,18346,0,1,linechart-real-0-ordered-interaction-0-13,right,increasing,ordered,interaction,false,dual,2026-03-20T15:58:41Z,less,TRUE,TRUE,TRUE,study,TRUE,19280.96875,7667.070019010606,FALSE,FALSE,FALSE,FALSE
2335,608bfa04767191aa4d57bfd8,21767,0,2,linechart-real-26-ordered-interaction-0-0,right,increasing,ordered,interaction,false,dual,2026-03-20T15:59:05Z,less,TRUE,TRUE,TRUE,study,TRUE,19280.96875,7667.070019010606,FALSE,FALSE,FALSE,FALSE
2338,608bfa04767191aa4d57bfd8,41080,0,3,linechart-real-9-shuffled-main_effect-1-26,left,increasing,shuffled,main_effect,true,dual,2026-03-20T15:59:48Z,less,TRUE,TRUE,TRUE,study,TRUE,19280.96875,7667.070019010606,FALSE,FALSE,FALSE,TRUE
2346,608bfa04767191aa4d57bfd8,28374,1,4,linechart-real-14-shuffled-interaction-0-31,left,increasing,shuffled,interaction,false,dual,2026-03-20T16:00:18Z,more,TRUE,TRUE,TRUE,study,TRUE,19280.96875,7667.070019010606,FALSE,FALSE,FALSE,FALSE
2365,608bfa04767191aa4d57bfd8,31053,1,5,linechart-real-7-shuffled-interaction-1-11,right,increasing,shuffled,interaction,true,dual,2026-03-20T16:00:49Z,more,TRUE,TRUE,TRUE,study,TRUE,19280.96875,7667.070019010606,FALSE,FALSE,FALSE,FALSE
2376,608bfa04767191aa4d57bfd8,19698,0,6,linechart-real-20-ordered-interaction-0-2,right,increasing,ordered,interaction,false,dual,2026-03-20T16:01:10Z,less,TRUE,TRUE,TRUE,study,TRUE,19280.96875,7667.070019010606,FALSE,FALSE,FALSE,FALSE
2389,608bfa04767191aa4d57bfd8,17218,1,7,linechart-real-29-shuffled-interaction-1-22,right,increasing,shuffled,interaction,true,dual,2026-03-20T16:01:28Z,more,TRUE,TRUE,TRUE,study,TRUE,19280.96875,7667.070019010606,FALSE,FALSE,FALSE,FALSE
2414,608bfa04767191aa4d57bfd8,24423,1,8,linechart-real-24-shuffled-main_effect-1-10,right,increasing,shuffled,main_effect,true,dual,2026-03-20T16:02:03Z,more,TRUE,TRUE,TRUE,study,TRUE,19280.96875,7667.070019010606,FALSE,FALSE,FALSE,FALSE
2441,608bfa04767191aa4d57bfd8,27066,0,9,linechart-real-1-ordered-main_effect-0-1,right,increasing,ordered,main_effect,false,dual,2026-03-20T16:02:31Z,more,TRUE,TRUE,TRUE,study,TRUE,19280.96875,7667.070019010606,FALSE,FALSE,FALSE,FALSE
2462,608bfa04767191aa4d57bfd8,21808,1,10,linechart-real-17-ordered-interaction-1-30,right,increasing,ordered,interaction,true,dual,2026-03-20T16:02:54Z,less,TRUE,TRUE,TRUE,study,TRUE,19280.96875,7667.070019010606,FALSE,FALSE,FALSE,FALSE
2480,608bfa04767191aa4d57bfd8,21129,1,11,linechart-real-3-shuffled-main_effect-1-6,right,increasing,shuffled,main_effect,true,dual,2026-03-20T16:03:16Z,more,TRUE,TRUE,TRUE,study,TRUE,19280.96875,7667.070019010606,FALSE,FALSE,FALSE,FALSE
2494,608bfa04767191aa4d57bfd8,18247,1,12,linechart-real-28-ordered-main_effect-0-15,left,increasing,ordered,main_effect,false,dual,2026-03-20T16:03:35Z,less,TRUE,TRUE,TRUE,study,TRUE,19280.96875,7667.070019010606,FALSE,FALSE,FALSE,FALSE
2505,608bfa04767191aa4d57bfd8,16838,1,13,linechart-real-15-ordered-main_effect-0-18,left,increasing,ordered,main_effect,false,dual,2026-03-20T16:03:53Z,less,TRUE,TRUE,TRUE,study,TRUE,19280.96875,7667.070019010606,FALSE,FALSE,FALSE,FALSE
2518,608bfa04767191aa4d57bfd8,11118,0,14,linechart-real-12-shuffled-main_effect-1-4,left,increasing,shuffled,main_effect,true,dual,2026-03-20T16:04:04Z,less,TRUE,TRUE,TRUE,study,TRUE,19280.96875,7667.070019010606,FALSE,FALSE,FALSE,FALSE
2537,608bfa04767191aa4d57bfd8,18994,1,15,linechart-real-8-shuffled-main_effect-1-28,right,increasing,shuffled,main_effect,true,dual,2026-03-20T16:04:25Z,more,TRUE,TRUE,TRUE,study,TRUE,19280.96875,7667.070019010606,FALSE,FALSE,FALSE,FALSE
2558,608bfa04767191aa4d57bfd8,8757,1,16,linechart-real-22-ordered-main_effect-0-19,left,increasing,ordered,main_effect,false,dual,2026-03-20T16:04:45Z,more,TRUE,TRUE,TRUE,study,TRUE,19280.96875,7667.070019010606,FALSE,FALSE,FALSE,FALSE
2595,608bfa04767191aa4d57bfd8,32592,0,17,linechart-real-13-shuffled-interaction-0-5,right,increasing,shuffled,interaction,false,dual,2026-03-20T16:05:18Z,less,TRUE,TRUE,TRUE,study,TRUE,19280.96875,7667.070019010606,FALSE,FALSE,FALSE,FALSE
2613,608bfa04767191aa4d57bfd8,12281,1,18,linechart-real-23-ordered-interaction-1-25,right,increasing,ordered,interaction,true,dual,2026-03-20T16:05:32Z,more,TRUE,TRUE,TRUE,study,TRUE,19280.96875,7667.070019010606,FALSE,FALSE,FALSE,FALSE
2638,608bfa04767191aa4d57bfd8,22405,1,19,linechart-real-30-ordered-main_effect-0-20,left,increasing,ordered,main_effect,false,dual,2026-03-20T16:05:56Z,less,TRUE,TRUE,TRUE,study,TRUE,19280.96875,7667.070019010606,FALSE,FALSE,FALSE,FALSE
2652,608bfa04767191aa4d57bfd8,9866,1,20,linechart-real-16-ordered-main_effect-1-8,right,increasing,ordered,main_effect,true,dual,2026-03-20T16:06:06Z,more,TRUE,TRUE,TRUE,study,TRUE,19280.96875,7667.070019010606,FALSE,FALSE,FALSE,FALSE
2665,608bfa04767191aa4d57bfd8,9211,1,21,linechart-real-2-shuffled-main_effect-0-23,left,increasing,shuffled,main_effect,false,dual,2026-03-20T16:06:16Z,more,TRUE,TRUE,TRUE,study,TRUE,19280.96875,7667.070019010606,FALSE,FALSE,FALSE,FALSE
2681,608bfa04767191aa4d57bfd8,15232,1,22,linechart-real-4-shuffled-main_effect-0-24,left,increasing,shuffled,main_effect,false,dual,2026-03-20T16:06:32Z,less,TRUE,TRUE,TRUE,study,TRUE,19280.96875,7667.070019010606,FALSE,FALSE,FALSE,FALSE
2703,608bfa04767191aa4d57bfd8,18038,0,23,linechart-real-31-ordered-interaction-0-27,right,increasing,ordered,interaction,false,dual,2026-03-20T16:06:51Z,more,TRUE,TRUE,TRUE,study,TRUE,19280.96875,7667.070019010606,FALSE,FALSE,FALSE,FALSE
2732,608bfa04767191aa4d57bfd8,29685,0,24,linechart-real-11-shuffled-interaction-0-7,right,increasing,shuffled,interaction,false,dual,2026-03-20T16:07:26Z,less,TRUE,TRUE,TRUE,study,TRUE,19280.96875,7667.070019010606,FALSE,FALSE,FALSE,FALSE
2742,608bfa04767191aa4d57bfd8,12757,1,25,linechart-real-19-ordered-interaction-1-12,right,increasing,ordered,interaction,true,dual,2026-03-20T16:07:40Z,more,TRUE,TRUE,TRUE,study,TRUE,19280.96875,7667.070019010606,FALSE,FALSE,FALSE,FALSE
2751,608bfa04767191aa4d57bfd8,11342,1,26,linechart-real-18-shuffled-main_effect-1-21,right,increasing,shuffled,main_effect,true,dual,2026-03-20T16:07:52Z,more,TRUE,TRUE,TRUE,study,TRUE,19280.96875,7667.070019010606,FALSE,FALSE,FALSE,FALSE
2769,608bfa04767191aa4d57bfd8,15326,1,27,linechart-real-10-ordered-main_effect-1-9,right,increasing,ordered,main_effect,true,dual,2026-03-20T16:08:08Z,more,TRUE,TRUE,TRUE,study,TRUE,19280.96875,7667.070019010606,FALSE,FALSE,FALSE,FALSE
2781,608bfa04767191aa4d57bfd8,16167,1,28,linechart-real-21-shuffled-interaction-1-17,right,increasing,shuffled,interaction,true,dual,2026-03-20T16:08:25Z,less,TRUE,TRUE,TRUE,study,TRUE,19280.96875,7667.070019010606,FALSE,FALSE,FALSE,FALSE
2788,608bfa04767191aa4d57bfd8,11278,1,29,linechart-real-27-ordered-main_effect-1-14,right,increasing,ordered,main_effect,true,dual,2026-03-20T16:08:37Z,more,TRUE,TRUE,TRUE,study,TRUE,19280.96875,7667.070019010606,FALSE,FALSE,FALSE,FALSE
2795,608bfa04767191aa4d57bfd8,12688,1,30,linechart-real-6-ordered-interaction-0-29,left,increasing,ordered,interaction,false,dual,2026-03-20T16:08:50Z,less,TRUE,TRUE,TRUE,study,TRUE,19280.96875,7667.070019010606,FALSE,FALSE,FALSE,FALSE
2805,608bfa04767191aa4d57bfd8,16876,1,31,linechart-real-25-shuffled-interaction-1-3,right,increasing,shuffled,interaction,true,dual,2026-03-20T16:09:08Z,less,TRUE,TRUE,TRUE,study,TRUE,19280.96875,7667.070019010606,FALSE,FALSE,FALSE,FALSE
1654,60fef46ad3fef7593e28ead4,12308,1,0,linechart-real-21-ordered-main_effect-0-16,left,increasing,ordered,main_effect,false,dual,2026-03-19T15:06:58Z,more,TRUE,TRUE,TRUE,study,TRUE,9503.1875,4787.672735450304,TRUE,FALSE,FALSE,FALSE
1658,60fef46ad3fef7593e28ead4,17395,0,1,linechart-real-18-shuffled-main_effect-0-21,right,increasing,shuffled,main_effect,false,dual,2026-03-19T15:07:17Z,less,TRUE,TRUE,TRUE,study,TRUE,9503.1875,4787.672735450304,TRUE,FALSE,FALSE,FALSE
1661,60fef46ad3fef7593e28ead4,7076,1,2,linechart-real-23-shuffled-interaction-1-30,right,increasing,shuffled,interaction,true,dual,2026-03-19T15:07:25Z,more,TRUE,TRUE,TRUE,study,TRUE,9503.1875,4787.672735450304,TRUE,FALSE,FALSE,FALSE
1663,60fef46ad3fef7593e28ead4,8322,1,3,linechart-real-15-shuffled-interaction-0-29,left,increasing,shuffled,interaction,false,dual,2026-03-19T15:07:35Z,less,TRUE,TRUE,TRUE,study,TRUE,9503.1875,4787.672735450304,TRUE,FALSE,FALSE,FALSE
1665,60fef46ad3fef7593e28ead4,11534,1,4,linechart-real-30-ordered-interaction-1-31,right,increasing,ordered,interaction,true,dual,2026-03-19T15:07:47Z,less,TRUE,TRUE,TRUE,study,TRUE,9503.1875,4787.672735450304,TRUE,FALSE,FALSE,FALSE
1666,60fef46ad3fef7593e28ead4,6133,1,5,linechart-real-7-shuffled-interaction-0-18,left,increasing,shuffled,interaction,false,dual,2026-03-19T15:07:54Z,less,TRUE,TRUE,TRUE,study,TRUE,9503.1875,4787.672735450304,TRUE,FALSE,FALSE,FALSE
1669,60fef46ad3fef7593e28ead4,10845,0,6,linechart-real-4-shuffled-interaction-1-6,left,increasing,shuffled,interaction,true,dual,2026-03-19T15:08:06Z,less,TRUE,TRUE,TRUE,study,TRUE,9503.1875,4787.672735450304,TRUE,FALSE,FALSE,FALSE
1674,60fef46ad3fef7593e28ead4,17767,1,7,linechart-real-0-shuffled-interaction-1-27,right,increasing,shuffled,interaction,true,dual,2026-03-19T15:08:25Z,less,TRUE,TRUE,TRUE,study,TRUE,9503.1875,4787.672735450304,TRUE,FALSE,FALSE,FALSE
1677,60fef46ad3fef7593e28ead4,6994,1,8,linechart-real-3-shuffled-main_effect-1-13,right,increasing,shuffled,main_effect,true,dual,2026-03-19T15:08:43Z,less,TRUE,TRUE,TRUE,study,TRUE,9503.1875,4787.672735450304,TRUE,FALSE,FALSE,FALSE
1678,60fef46ad3fef7593e28ead4,14697,0,9,linechart-real-27-shuffled-main_effect-1-28,left,increasing,shuffled,main_effect,true,dual,2026-03-19T15:08:59Z,more,TRUE,TRUE,TRUE,study,TRUE,9503.1875,4787.672735450304,TRUE,FALSE,FALSE,FALSE
1679,60fef46ad3fef7593e28ead4,13017,0,10,linechart-real-20-shuffled-interaction-1-19,left,increasing,shuffled,interaction,true,dual,2026-03-19T15:09:13Z,less,TRUE,TRUE,TRUE,study,TRUE,9503.1875,4787.672735450304,TRUE,FALSE,FALSE,FALSE
1680,60fef46ad3fef7593e28ead4,2881,0,11,linechart-real-28-ordered-main_effect-0-4,right,increasing,ordered,main_effect,false,dual,2026-03-19T15:09:18Z,more,TRUE,TRUE,TRUE,study,TRUE,9503.1875,4787.672735450304,TRUE,FALSE,FALSE,FALSE
1681,60fef46ad3fef7593e28ead4,12075,1,12,linechart-real-8-ordered-main_effect-0-14,left,increasing,ordered,main_effect,false,dual,2026-03-19T15:09:32Z,more,TRUE,TRUE,TRUE,study,TRUE,9503.1875,4787.672735450304,TRUE,FALSE,FALSE,FALSE
1682,60fef46ad3fef7593e28ead4,10111,0,13,linechart-real-31-shuffled-main_effect-1-0,left,increasing,shuffled,main_effect,true,dual,2026-03-19T15:09:43Z,more,TRUE,TRUE,TRUE,study,TRUE,9503.1875,4787.672735450304,TRUE,FALSE,FALSE,FALSE
1686,60fef46ad3fef7593e28ead4,16222,0,14,linechart-real-1-shuffled-main_effect-1-12,left,increasing,shuffled,main_effect,true,dual,2026-03-19T15:10:01Z,less,TRUE,TRUE,TRUE,study,TRUE,9503.1875,4787.672735450304,TRUE,FALSE,FALSE,FALSE
1688,60fef46ad3fef7593e28ead4,5532,0,15,linechart-real-5-ordered-main_effect-1-15,left,increasing,ordered,main_effect,true,dual,2026-03-19T15:10:08Z,less,TRUE,TRUE,TRUE,study,TRUE,9503.1875,4787.672735450304,TRUE,FALSE,FALSE,FALSE
1690,60fef46ad3fef7593e28ead4,8430,0,16,linechart-real-2-ordered-interaction-0-2,right,increasing,ordered,interaction,false,dual,2026-03-19T15:10:23Z,less,TRUE,TRUE,TRUE,study,TRUE,9503.1875,4787.672735450304,TRUE,FALSE,FALSE,FALSE
1692,60fef46ad3fef7593e28ead4,4252,1,17,linechart-real-29-ordered-interaction-1-25,right,increasing,ordered,interaction,true,dual,2026-03-19T15:10:29Z,less,TRUE,TRUE,TRUE,study,TRUE,9503.1875,4787.672735450304,TRUE,FALSE,FALSE,FALSE
1696,60fef46ad3fef7593e28ead4,14198,0,18,linechart-real-22-ordered-main_effect-1-3,left,increasing,ordered,main_effect,true,dual,2026-03-19T15:10:44Z,less,TRUE,TRUE,TRUE,study,TRUE,9503.1875,4787.672735450304,TRUE,FALSE,FALSE,FALSE
1703,60fef46ad3fef7593e28ead4,17588,0,19,linechart-real-6-shuffled-main_effect-1-20,left,increasing,shuffled,main_effect,true,dual,2026-03-19T15:11:04Z,less,TRUE,TRUE,TRUE,study,TRUE,9503.1875,4787.672735450304,TRUE,FALSE,FALSE,FALSE
1709,60fef46ad3fef7593e28ead4,10450,0,20,linechart-real-16-shuffled-interaction-1-23,left,increasing,shuffled,interaction,true,dual,2026-03-19T15:11:16Z,more,TRUE,TRUE,TRUE,study,TRUE,9503.1875,4787.672735450304,TRUE,FALSE,FALSE,FALSE
1711,60fef46ad3fef7593e28ead4,433,0,21,linechart-real-26-ordered-interaction-0-1,right,increasing,ordered,interaction,false,dual,2026-03-19T15:11:18Z,less,TRUE,TRUE,TRUE,study,TRUE,9503.1875,4787.672735450304,TRUE,FALSE,FALSE,FALSE
1714,60fef46ad3fef7593e28ead4,2895,0,22,linechart-real-19-ordered-main_effect-1-7,left,increasing,ordered,main_effect,true,dual,2026-03-19T15:11:23Z,more,TRUE,TRUE,TRUE,study,TRUE,9503.1875,4787.672735450304,TRUE,FALSE,FALSE,FALSE
1720,60fef46ad3fef7593e28ead4,7742,0,23,linechart-real-10-ordered-interaction-0-8,right,increasing,ordered,interaction,false,dual,2026-03-19T15:11:33Z,more,TRUE,TRUE,TRUE,study,TRUE,9503.1875,4787.672735450304,TRUE,FALSE,FALSE,FALSE
1725,60fef46ad3fef7593e28ead4,3312,0,24,linechart-real-9-ordered-main_effect-1-22,left,increasing,ordered,main_effect,true,dual,2026-03-19T15:11:40Z,more,TRUE,TRUE,TRUE,study,TRUE,9503.1875,4787.672735450304,TRUE,FALSE,FALSE,FALSE
1728,60fef46ad3fef7593e28ead4,3256,1,25,linechart-real-11-shuffled-main_effect-0-11,left,increasing,shuffled,main_effect,false,dual,2026-03-19T15:11:46Z,more,TRUE,TRUE,TRUE,study,TRUE,9503.1875,4787.672735450304,TRUE,FALSE,FALSE,FALSE
1735,60fef46ad3fef7593e28ead4,9980,1,26,linechart-real-25-shuffled-main_effect-0-17,left,increasing,shuffled,main_effect,false,dual,2026-03-19T15:11:56Z,more,TRUE,TRUE,TRUE,study,TRUE,9503.1875,4787.672735450304,TRUE,FALSE,FALSE,FALSE
1746,60fef46ad3fef7593e28ead4,16161,1,27,linechart-real-17-ordered-interaction-0-5,left,increasing,ordered,interaction,false,dual,2026-03-19T15:12:13Z,less,TRUE,TRUE,TRUE,study,TRUE,9503.1875,4787.672735450304,TRUE,FALSE,FALSE,FALSE
1749,60fef46ad3fef7593e28ead4,5918,0,28,linechart-real-12-ordered-interaction-0-9,right,increasing,ordered,interaction,false,dual,2026-03-19T15:12:20Z,more,TRUE,TRUE,TRUE,study,TRUE,9503.1875,4787.672735450304,TRUE,FALSE,FALSE,FALSE
1753,60fef46ad3fef7593e28ead4,10620,1,29,linechart-real-24-shuffled-interaction-0-24,left,increasing,shuffled,interaction,false,dual,2026-03-19T15:12:33Z,more,TRUE,TRUE,TRUE,study,TRUE,9503.1875,4787.672735450304,TRUE,FALSE,FALSE,FALSE
1755,60fef46ad3fef7593e28ead4,6661,1,30,linechart-real-13-ordered-main_effect-0-26,left,increasing,ordered,main_effect,false,dual,2026-03-19T15:12:40Z,more,TRUE,TRUE,TRUE,study,TRUE,9503.1875,4787.672735450304,TRUE,FALSE,FALSE,FALSE
1759,60fef46ad3fef7593e28ead4,9297,0,31,linechart-real-14-ordered-interaction-0-10,right,increasing,ordered,interaction,false,dual,2026-03-19T15:12:50Z,more,TRUE,TRUE,TRUE,study,TRUE,9503.1875,4787.672735450304,TRUE,FALSE,FALSE,FALSE
2263,61095a37fbf7b13d6f7f2f5b,12634,1,0,linechart-real-4-shuffled-interaction-0-30,left,increasing,shuffled,interaction,false,dual,2026-03-19T18:30:38Z,more,TRUE,TRUE,TRUE,study,TRUE,8859.34375,2342.3237098862237,FALSE,FALSE,FALSE,FALSE
2264,61095a37fbf7b13d6f7f2f5b,8244,0,1,linechart-real-13-shuffled-main_effect-0-5,right,increasing,shuffled,main_effect,false,dual,2026-03-19T18:30:47Z,less,TRUE,TRUE,TRUE,study,TRUE,8859.34375,2342.3237098862237,FALSE,FALSE,FALSE,FALSE
2265,61095a37fbf7b13d6f7f2f5b,8847,1,2,linechart-real-9-ordered-main_effect-0-28,left,increasing,ordered,main_effect,false,dual,2026-03-19T18:30:58Z,more,TRUE,TRUE,TRUE,study,TRUE,8859.34375,2342.3237098862237,FALSE,FALSE,FALSE,FALSE
2266,61095a37fbf7b13d6f7f2f5b,10303,1,3,linechart-real-28-ordered-interaction-0-11,left,increasing,ordered,interaction,false,dual,2026-03-19T18:31:09Z,more,TRUE,TRUE,TRUE,study,TRUE,8859.34375,2342.3237098862237,FALSE,FALSE,FALSE,FALSE
2267,61095a37fbf7b13d6f7f2f5b,8401,1,4,linechart-real-0-ordered-main_effect-1-12,right,increasing,ordered,main_effect,true,dual,2026-03-19T18:31:18Z,more,TRUE,TRUE,TRUE,study,TRUE,8859.34375,2342.3237098862237,FALSE,FALSE,FALSE,FALSE
2268,61095a37fbf7b13d6f7f2f5b,12110,1,5,linechart-real-31-ordered-interaction-1-23,right,increasing,ordered,interaction,true,dual,2026-03-19T18:31:30Z,less,TRUE,TRUE,TRUE,study,TRUE,8859.34375,2342.3237098862237,FALSE,FALSE,FALSE,FALSE
2269,61095a37fbf7b13d6f7f2f5b,10883,1,6,linechart-real-30-ordered-interaction-0-31,left,increasing,ordered,interaction,false,dual,2026-03-19T18:31:42Z,more,TRUE,TRUE,TRUE,study,TRUE,8859.34375,2342.3237098862237,FALSE,FALSE,FALSE,FALSE
2270,61095a37fbf7b13d6f7f2f5b,9716,1,7,linechart-real-25-ordered-interaction-1-8,right,increasing,ordered,interaction,true,dual,2026-03-19T18:31:52Z,less,TRUE,TRUE,TRUE,study,TRUE,8859.34375,2342.3237098862237,FALSE,FALSE,FALSE,FALSE
2271,61095a37fbf7b13d6f7f2f5b,8143,1,8,linechart-real-21-ordered-interaction-0-10,left,increasing,ordered,interaction,false,dual,2026-03-19T18:32:11Z,more,TRUE,TRUE,TRUE,study,TRUE,8859.34375,2342.3237098862237,FALSE,FALSE,FALSE,FALSE
2272,61095a37fbf7b13d6f7f2f5b,7990,1,9,linechart-real-7-ordered-main_effect-0-13,left,increasing,ordered,main_effect,false,dual,2026-03-19T18:32:20Z,more,TRUE,TRUE,TRUE,study,TRUE,8859.34375,2342.3237098862237,FALSE,FALSE,FALSE,FALSE
2273,61095a37fbf7b13d6f7f2f5b,9191,0,10,linechart-real-26-shuffled-main_effect-1-26,left,increasing,shuffled,main_effect,true,dual,2026-03-19T18:32:29Z,less,TRUE,TRUE,TRUE,study,TRUE,8859.34375,2342.3237098862237,FALSE,FALSE,FALSE,FALSE
2274,61095a37fbf7b13d6f7f2f5b,8971,1,11,linechart-real-2-ordered-main_effect-1-4,right,increasing,ordered,main_effect,true,dual,2026-03-19T18:32:40Z,less,TRUE,TRUE,TRUE,study,TRUE,8859.34375,2342.3237098862237,FALSE,FALSE,FALSE,FALSE
2275,61095a37fbf7b13d6f7f2f5b,10054,1,12,linechart-real-15-shuffled-interaction-0-14,left,increasing,shuffled,interaction,false,dual,2026-03-19T18:32:51Z,less,TRUE,TRUE,TRUE,study,TRUE,8859.34375,2342.3237098862237,FALSE,FALSE,FALSE,FALSE
2276,61095a37fbf7b13d6f7f2f5b,14489,1,13,linechart-real-1-shuffled-main_effect-1-20,right,increasing,shuffled,main_effect,true,dual,2026-03-19T18:33:06Z,less,TRUE,TRUE,TRUE,study,TRUE,8859.34375,2342.3237098862237,FALSE,FALSE,FALSE,TRUE
2277,61095a37fbf7b13d6f7f2f5b,8158,1,14,linechart-real-6-ordered-main_effect-1-16,right,increasing,ordered,main_effect,true,dual,2026-03-19T18:33:14Z,less,TRUE,TRUE,TRUE,study,TRUE,8859.34375,2342.3237098862237,FALSE,FALSE,FALSE,FALSE
2278,61095a37fbf7b13d6f7f2f5b,7810,1,15,linechart-real-5-shuffled-main_effect-1-22,right,increasing,shuffled,main_effect,true,dual,2026-03-19T18:33:23Z,more,TRUE,TRUE,TRUE,study,TRUE,8859.34375,2342.3237098862237,FALSE,FALSE,FALSE,FALSE
2279,61095a37fbf7b13d6f7f2f5b,8723,1,16,linechart-real-3-shuffled-interaction-0-19,left,increasing,shuffled,interaction,false,dual,2026-03-19T18:33:36Z,less,TRUE,TRUE,TRUE,study,TRUE,8859.34375,2342.3237098862237,FALSE,FALSE,FALSE,FALSE
2280,61095a37fbf7b13d6f7f2f5b,8471,1,17,linechart-real-23-ordered-main_effect-0-3,left,increasing,ordered,main_effect,false,dual,2026-03-19T18:33:45Z,more,TRUE,TRUE,TRUE,study,TRUE,8859.34375,2342.3237098862237,FALSE,FALSE,FALSE,FALSE
2281,61095a37fbf7b13d6f7f2f5b,6797,1,18,linechart-real-8-ordered-main_effect-1-25,right,increasing,ordered,main_effect,true,dual,2026-03-19T18:33:52Z,less,TRUE,TRUE,TRUE,study,TRUE,8859.34375,2342.3237098862237,FALSE,FALSE,FALSE,FALSE
2282,61095a37fbf7b13d6f7f2f5b,13204,1,19,linechart-real-16-shuffled-interaction-1-27,right,increasing,shuffled,interaction,true,dual,2026-03-19T18:34:06Z,less,TRUE,TRUE,TRUE,study,TRUE,8859.34375,2342.3237098862237,FALSE,FALSE,FALSE,FALSE
2283,61095a37fbf7b13d6f7f2f5b,8150,1,20,linechart-real-20-shuffled-main_effect-1-29,right,increasing,shuffled,main_effect,true,dual,2026-03-19T18:34:15Z,less,TRUE,TRUE,TRUE,study,TRUE,8859.34375,2342.3237098862237,FALSE,FALSE,FALSE,FALSE
2284,61095a37fbf7b13d6f7f2f5b,7646,1,21,linechart-real-24-ordered-interaction-1-9,right,increasing,ordered,interaction,true,dual,2026-03-19T18:34:23Z,more,TRUE,TRUE,TRUE,study,TRUE,8859.34375,2342.3237098862237,FALSE,FALSE,FALSE,FALSE
2285,61095a37fbf7b13d6f7f2f5b,8489,1,22,linechart-real-11-shuffled-interaction-0-2,left,increasing,shuffled,interaction,false,dual,2026-03-19T18:34:32Z,less,TRUE,TRUE,TRUE,study,TRUE,8859.34375,2342.3237098862237,FALSE,FALSE,FALSE,FALSE
2286,61095a37fbf7b13d6f7f2f5b,8526,1,23,linechart-real-17-shuffled-interaction-1-18,right,increasing,shuffled,interaction,true,dual,2026-03-19T18:34:41Z,more,TRUE,TRUE,TRUE,study,TRUE,8859.34375,2342.3237098862237,FALSE,FALSE,FALSE,FALSE
2287,61095a37fbf7b13d6f7f2f5b,8000,1,24,linechart-real-10-ordered-interaction-1-7,right,increasing,ordered,interaction,true,dual,2026-03-19T18:34:53Z,less,TRUE,TRUE,TRUE,study,TRUE,8859.34375,2342.3237098862237,FALSE,FALSE,FALSE,FALSE
2288,61095a37fbf7b13d6f7f2f5b,8602,1,25,linechart-real-27-shuffled-interaction-1-1,right,increasing,shuffled,interaction,true,dual,2026-03-19T18:35:02Z,more,TRUE,TRUE,TRUE,study,TRUE,8859.34375,2342.3237098862237,FALSE,FALSE,FALSE,FALSE
2289,61095a37fbf7b13d6f7f2f5b,8624,1,26,linechart-real-18-ordered-main_effect-0-17,left,increasing,ordered,main_effect,false,dual,2026-03-19T18:35:11Z,more,TRUE,TRUE,TRUE,study,TRUE,8859.34375,2342.3237098862237,FALSE,FALSE,FALSE,FALSE
2290,61095a37fbf7b13d6f7f2f5b,8008,1,27,linechart-real-14-shuffled-main_effect-1-6,right,increasing,shuffled,main_effect,true,dual,2026-03-19T18:35:20Z,less,TRUE,TRUE,TRUE,study,TRUE,8859.34375,2342.3237098862237,FALSE,FALSE,FALSE,FALSE
2291,61095a37fbf7b13d6f7f2f5b,6656,1,28,linechart-real-22-ordered-interaction-0-15,left,increasing,ordered,interaction,false,dual,2026-03-19T18:35:27Z,more,TRUE,TRUE,TRUE,study,TRUE,8859.34375,2342.3237098862237,FALSE,FALSE,FALSE,FALSE
2292,61095a37fbf7b13d6f7f2f5b,632,1,29,linechart-real-29-shuffled-interaction-0-21,left,increasing,shuffled,interaction,false,dual,2026-03-19T18:35:28Z,less,TRUE,TRUE,TRUE,study,TRUE,8859.34375,2342.3237098862237,FALSE,FALSE,FALSE,TRUE
2293,61095a37fbf7b13d6f7f2f5b,9454,1,30,linechart-real-19-shuffled-main_effect-0-0,left,increasing,shuffled,main_effect,false,dual,2026-03-19T18:35:38Z,more,TRUE,TRUE,TRUE,study,TRUE,8859.34375,2342.3237098862237,FALSE,FALSE,FALSE,FALSE
2294,61095a37fbf7b13d6f7f2f5b,7573,1,31,linechart-real-12-shuffled-main_effect-0-24,left,increasing,shuffled,main_effect,false,dual,2026-03-19T18:35:46Z,more,TRUE,TRUE,TRUE,study,TRUE,8859.34375,2342.3237098862237,FALSE,FALSE,FALSE,FALSE
3541,6165ab1d62dc48b90438ea1d,1288,0,0,linechart-real-5-shuffled-interaction-0-12,right,increasing,shuffled,interaction,false,single,2026-03-20T17:50:54Z,less,TRUE,TRUE,TRUE,study,TRUE,542.03125,250.66871652351912,TRUE,FALSE,FALSE,TRUE
3542,6165ab1d62dc48b90438ea1d,532,0,1,linechart-real-1-ordered-main_effect-1-7,left,increasing,ordered,main_effect,true,single,2026-03-20T17:50:56Z,more,TRUE,TRUE,TRUE,study,TRUE,542.03125,250.66871652351912,TRUE,FALSE,FALSE,FALSE
3543,6165ab1d62dc48b90438ea1d,518,0,2,linechart-real-3-ordered-main_effect-0-24,right,increasing,ordered,main_effect,false,single,2026-03-20T17:50:59Z,more,TRUE,TRUE,TRUE,study,TRUE,542.03125,250.66871652351912,TRUE,FALSE,FALSE,FALSE
3544,6165ab1d62dc48b90438ea1d,530,0,3,linechart-real-27-ordered-interaction-0-30,right,increasing,ordered,interaction,false,single,2026-03-20T17:51:01Z,less,TRUE,TRUE,TRUE,study,TRUE,542.03125,250.66871652351912,TRUE,FALSE,FALSE,FALSE
3545,6165ab1d62dc48b90438ea1d,469,0,4,linechart-real-13-shuffled-main_effect-1-17,left,increasing,shuffled,main_effect,true,single,2026-03-20T17:51:03Z,less,TRUE,TRUE,TRUE,study,TRUE,542.03125,250.66871652351912,TRUE,FALSE,FALSE,FALSE
3546,6165ab1d62dc48b90438ea1d,259,0,5,linechart-real-30-ordered-interaction-0-21,right,increasing,ordered,interaction,false,single,2026-03-20T17:51:05Z,less,TRUE,TRUE,TRUE,study,TRUE,542.03125,250.66871652351912,TRUE,FALSE,FALSE,FALSE
3547,6165ab1d62dc48b90438ea1d,687,1,6,linechart-real-10-shuffled-interaction-1-31,right,increasing,shuffled,interaction,true,single,2026-03-20T17:51:08Z,less,TRUE,TRUE,TRUE,study,TRUE,542.03125,250.66871652351912,TRUE,FALSE,FALSE,FALSE
3548,6165ab1d62dc48b90438ea1d,514,0,7,linechart-real-15-ordered-interaction-0-20,right,increasing,ordered,interaction,false,single,2026-03-20T17:51:09Z,less,TRUE,TRUE,TRUE,study,TRUE,542.03125,250.66871652351912,TRUE,FALSE,FALSE,FALSE
3549,6165ab1d62dc48b90438ea1d,1084,1,8,linechart-real-19-ordered-interaction-0-25,left,increasing,ordered,interaction,false,single,2026-03-20T17:51:14Z,less,TRUE,TRUE,TRUE,study,TRUE,542.03125,250.66871652351912,TRUE,FALSE,FALSE,TRUE
3550,6165ab1d62dc48b90438ea1d,764,1,9,linechart-real-14-ordered-interaction-0-5,left,increasing,ordered,interaction,false,single,2026-03-20T17:51:16Z,less,TRUE,TRUE,TRUE,study,TRUE,542.03125,250.66871652351912,TRUE,FALSE,FALSE,FALSE
3551,6165ab1d62dc48b90438ea1d,791,0,10,linechart-real-17-shuffled-main_effect-1-13,left,increasing,shuffled,main_effect,true,single,2026-03-20T17:51:18Z,less,TRUE,TRUE,TRUE,study,TRUE,542.03125,250.66871652351912,TRUE,FALSE,FALSE,FALSE
3552,6165ab1d62dc48b90438ea1d,760,1,11,linechart-real-4-ordered-interaction-0-15,left,increasing,ordered,interaction,false,single,2026-03-20T17:51:20Z,more,TRUE,TRUE,TRUE,study,TRUE,542.03125,250.66871652351912,TRUE,FALSE,FALSE,FALSE
3553,6165ab1d62dc48b90438ea1d,722,0,12,linechart-real-31-shuffled-main_effect-1-9,left,increasing,shuffled,main_effect,true,single,2026-03-20T17:51:22Z,less,TRUE,TRUE,TRUE,study,TRUE,542.03125,250.66871652351912,TRUE,FALSE,FALSE,FALSE
3554,6165ab1d62dc48b90438ea1d,352,1,13,linechart-real-11-ordered-main_effect-1-2,right,increasing,ordered,main_effect,true,single,2026-03-20T17:51:24Z,more,TRUE,TRUE,TRUE,study,TRUE,542.03125,250.66871652351912,TRUE,FALSE,FALSE,FALSE
3555,6165ab1d62dc48b90438ea1d,491,0,14,linechart-real-8-ordered-main_effect-0-11,right,increasing,ordered,main_effect,false,single,2026-03-20T17:51:25Z,less,TRUE,TRUE,TRUE,study,TRUE,542.03125,250.66871652351912,TRUE,FALSE,FALSE,FALSE
3556,6165ab1d62dc48b90438ea1d,503,1,15,linechart-real-28-ordered-main_effect-0-23,left,increasing,ordered,main_effect,false,single,2026-03-20T17:51:27Z,more,TRUE,TRUE,TRUE,study,TRUE,542.03125,250.66871652351912,TRUE,FALSE,FALSE,FALSE
3557,6165ab1d62dc48b90438ea1d,761,0,16,linechart-real-23-ordered-main_effect-0-18,right,increasing,ordered,main_effect,false,single,2026-03-20T17:51:31Z,more,TRUE,TRUE,TRUE,study,TRUE,542.03125,250.66871652351912,TRUE,FALSE,FALSE,FALSE
3558,6165ab1d62dc48b90438ea1d,399,0,17,linechart-real-24-shuffled-main_effect-1-0,left,increasing,shuffled,main_effect,true,single,2026-03-20T17:51:34Z,less,TRUE,TRUE,TRUE,study,TRUE,542.03125,250.66871652351912,TRUE,FALSE,FALSE,FALSE
3559,6165ab1d62dc48b90438ea1d,425,0,18,linechart-real-25-shuffled-interaction-1-14,left,increasing,shuffled,interaction,true,single,2026-03-20T17:51:36Z,less,TRUE,TRUE,TRUE,study,TRUE,542.03125,250.66871652351912,TRUE,FALSE,FALSE,FALSE
3560,6165ab1d62dc48b90438ea1d,122,1,19,linechart-real-12-ordered-interaction-1-3,right,increasing,ordered,interaction,true,single,2026-03-20T17:51:38Z,more,TRUE,TRUE,TRUE,study,TRUE,542.03125,250.66871652351912,TRUE,FALSE,FALSE,FALSE
3561,6165ab1d62dc48b90438ea1d,652,0,20,linechart-real-7-shuffled-main_effect-0-26,right,increasing,shuffled,main_effect,false,single,2026-03-20T17:51:39Z,less,TRUE,TRUE,TRUE,study,TRUE,542.03125,250.66871652351912,TRUE,FALSE,FALSE,FALSE
3562,6165ab1d62dc48b90438ea1d,437,1,21,linechart-real-6-shuffled-interaction-0-27,left,increasing,shuffled,interaction,false,single,2026-03-20T17:51:41Z,more,TRUE,TRUE,TRUE,study,TRUE,542.03125,250.66871652351912,TRUE,FALSE,FALSE,FALSE
3563,6165ab1d62dc48b90438ea1d,357,1,22,linechart-real-18-ordered-interaction-1-19,right,increasing,ordered,interaction,true,single,2026-03-20T17:51:42Z,more,TRUE,TRUE,TRUE,study,TRUE,542.03125,250.66871652351912,TRUE,FALSE,FALSE,FALSE
3564,6165ab1d62dc48b90438ea1d,401,1,23,linechart-real-9-shuffled-interaction-1-1,right,increasing,shuffled,interaction,true,single,2026-03-20T17:51:44Z,more,TRUE,TRUE,TRUE,study,TRUE,542.03125,250.66871652351912,TRUE,FALSE,FALSE,FALSE
3565,6165ab1d62dc48b90438ea1d,965,0,24,linechart-real-22-shuffled-interaction-0-22,right,increasing,shuffled,interaction,false,single,2026-03-20T17:51:48Z,more,TRUE,TRUE,TRUE,study,TRUE,542.03125,250.66871652351912,TRUE,FALSE,FALSE,FALSE
3566,6165ab1d62dc48b90438ea1d,413,0,25,linechart-real-21-shuffled-interaction-1-10,left,increasing,shuffled,interaction,true,single,2026-03-20T17:51:50Z,more,TRUE,TRUE,TRUE,study,TRUE,542.03125,250.66871652351912,TRUE,FALSE,FALSE,FALSE
3567,6165ab1d62dc48b90438ea1d,325,0,26,linechart-real-26-ordered-main_effect-0-29,right,increasing,ordered,main_effect,false,single,2026-03-20T17:51:52Z,more,TRUE,TRUE,TRUE,study,TRUE,542.03125,250.66871652351912,TRUE,FALSE,FALSE,FALSE
3568,6165ab1d62dc48b90438ea1d,300,1,27,linechart-real-16-shuffled-main_effect-1-28,right,increasing,shuffled,main_effect,true,single,2026-03-20T17:51:54Z,more,TRUE,TRUE,TRUE,study,TRUE,542.03125,250.66871652351912,TRUE,FALSE,FALSE,FALSE
3569,6165ab1d62dc48b90438ea1d,284,1,28,linechart-real-2-ordered-main_effect-1-6,right,increasing,ordered,main_effect,true,single,2026-03-20T17:51:55Z,more,TRUE,TRUE,TRUE,study,TRUE,542.03125,250.66871652351912,TRUE,FALSE,FALSE,FALSE
3570,6165ab1d62dc48b90438ea1d,444,1,29,linechart-real-20-shuffled-main_effect-1-16,right,increasing,shuffled,main_effect,true,single,2026-03-20T17:51:56Z,less,TRUE,TRUE,TRUE,study,TRUE,542.03125,250.66871652351912,TRUE,FALSE,FALSE,FALSE
3571,6165ab1d62dc48b90438ea1d,356,0,30,linechart-real-0-shuffled-interaction-0-4,right,increasing,shuffled,interaction,false,single,2026-03-20T17:51:58Z,more,TRUE,TRUE,TRUE,study,TRUE,542.03125,250.66871652351912,TRUE,FALSE,FALSE,FALSE
3572,6165ab1d62dc48b90438ea1d,440,0,31,linechart-real-29-shuffled-main_effect-1-8,left,increasing,shuffled,main_effect,true,single,2026-03-20T17:52:00Z,less,TRUE,TRUE,TRUE,study,TRUE,542.03125,250.66871652351912,TRUE,FALSE,FALSE,FALSE
1992,62a0b34cbcc5987a8fa73c39,8347,1,0,linechart-real-21-ordered-interaction-0-11,left,increasing,ordered,interaction,false,single,2026-03-19T15:35:55Z,more,TRUE,TRUE,TRUE,study,TRUE,6820.3125,1871.9249439995563,FALSE,FALSE,FALSE,FALSE
1993,62a0b34cbcc5987a8fa73c39,6185,1,1,linechart-real-2-ordered-interaction-1-27,right,increasing,ordered,interaction,true,single,2026-03-19T15:36:02Z,more,TRUE,TRUE,TRUE,study,TRUE,6820.3125,1871.9249439995563,FALSE,FALSE,FALSE,FALSE
1995,62a0b34cbcc5987a8fa73c39,9731,1,2,linechart-real-25-shuffled-main_effect-1-20,right,increasing,shuffled,main_effect,true,single,2026-03-19T15:36:12Z,less,TRUE,TRUE,TRUE,study,TRUE,6820.3125,1871.9249439995563,FALSE,FALSE,FALSE,FALSE
1996,62a0b34cbcc5987a8fa73c39,6502,1,3,linechart-real-29-ordered-interaction-1-16,right,increasing,ordered,interaction,true,single,2026-03-19T15:36:19Z,less,TRUE,TRUE,TRUE,study,TRUE,6820.3125,1871.9249439995563,FALSE,FALSE,FALSE,FALSE
1999,62a0b34cbcc5987a8fa73c39,6626,1,4,linechart-real-4-ordered-main_effect-0-0,left,increasing,ordered,main_effect,false,single,2026-03-19T15:36:26Z,more,TRUE,TRUE,TRUE,study,TRUE,6820.3125,1871.9249439995563,FALSE,FALSE,FALSE,FALSE
2000,62a0b34cbcc5987a8fa73c39,8020,1,5,linechart-real-31-ordered-main_effect-0-24,left,increasing,ordered,main_effect,false,single,2026-03-19T15:36:35Z,less,TRUE,TRUE,TRUE,study,TRUE,6820.3125,1871.9249439995563,FALSE,FALSE,FALSE,FALSE
2002,62a0b34cbcc5987a8fa73c39,7570,1,6,linechart-real-16-ordered-main_effect-1-7,right,increasing,ordered,main_effect,true,single,2026-03-19T15:36:43Z,more,TRUE,TRUE,TRUE,study,TRUE,6820.3125,1871.9249439995563,FALSE,FALSE,FALSE,FALSE
2004,62a0b34cbcc5987a8fa73c39,9398,1,7,linechart-real-3-shuffled-main_effect-1-5,right,increasing,shuffled,main_effect,true,single,2026-03-19T15:36:53Z,less,TRUE,TRUE,TRUE,study,TRUE,6820.3125,1871.9249439995563,FALSE,FALSE,FALSE,FALSE
2005,62a0b34cbcc5987a8fa73c39,5074,1,8,linechart-real-26-ordered-interaction-0-9,left,increasing,ordered,interaction,false,single,2026-03-19T15:37:02Z,more,TRUE,TRUE,TRUE,study,TRUE,6820.3125,1871.9249439995563,FALSE,FALSE,FALSE,FALSE
2006,62a0b34cbcc5987a8fa73c39,5150,1,9,linechart-real-7-ordered-main_effect-0-18,left,increasing,ordered,main_effect,false,single,2026-03-19T15:37:08Z,less,TRUE,TRUE,TRUE,study,TRUE,6820.3125,1871.9249439995563,FALSE,FALSE,FALSE,FALSE
2008,62a0b34cbcc5987a8fa73c39,8292,1,10,linechart-real-1-shuffled-main_effect-0-8,left,increasing,shuffled,main_effect,false,single,2026-03-19T15:37:17Z,less,TRUE,TRUE,TRUE,study,TRUE,6820.3125,1871.9249439995563,FALSE,FALSE,FALSE,FALSE
2009,62a0b34cbcc5987a8fa73c39,6201,1,11,linechart-real-19-shuffled-main_effect-1-13,right,increasing,shuffled,main_effect,true,single,2026-03-19T15:37:24Z,less,TRUE,TRUE,TRUE,study,TRUE,6820.3125,1871.9249439995563,FALSE,FALSE,FALSE,FALSE
2011,62a0b34cbcc5987a8fa73c39,8414,1,12,linechart-real-23-ordered-interaction-1-26,right,increasing,ordered,interaction,true,single,2026-03-19T15:37:33Z,more,TRUE,TRUE,TRUE,study,TRUE,6820.3125,1871.9249439995563,FALSE,FALSE,FALSE,FALSE
2013,62a0b34cbcc5987a8fa73c39,12296,1,13,linechart-real-17-ordered-interaction-0-15,left,increasing,ordered,interaction,false,single,2026-03-19T15:37:46Z,more,TRUE,TRUE,TRUE,study,TRUE,6820.3125,1871.9249439995563,FALSE,FALSE,FALSE,TRUE
2014,62a0b34cbcc5987a8fa73c39,6651,1,14,linechart-real-27-shuffled-interaction-1-12,right,increasing,shuffled,interaction,true,single,2026-03-19T15:37:53Z,more,TRUE,TRUE,TRUE,study,TRUE,6820.3125,1871.9249439995563,FALSE,FALSE,FALSE,FALSE
2016,62a0b34cbcc5987a8fa73c39,5970,1,15,linechart-real-24-ordered-main_effect-1-17,right,increasing,ordered,main_effect,true,single,2026-03-19T15:37:59Z,more,TRUE,TRUE,TRUE,study,TRUE,6820.3125,1871.9249439995563,FALSE,FALSE,FALSE,FALSE
2017,62a0b34cbcc5987a8fa73c39,4033,1,16,linechart-real-12-ordered-main_effect-1-31,right,increasing,ordered,main_effect,true,single,2026-03-19T15:38:13Z,more,TRUE,TRUE,TRUE,study,TRUE,6820.3125,1871.9249439995563,FALSE,FALSE,FALSE,FALSE
2018,62a0b34cbcc5987a8fa73c39,6879,1,17,linechart-real-6-shuffled-interaction-1-19,right,increasing,shuffled,interaction,true,single,2026-03-19T15:38:20Z,more,TRUE,TRUE,TRUE,study,TRUE,6820.3125,1871.9249439995563,FALSE,FALSE,FALSE,FALSE
2019,62a0b34cbcc5987a8fa73c39,4968,1,18,linechart-real-10-shuffled-main_effect-0-3,left,increasing,shuffled,main_effect,false,single,2026-03-19T15:38:26Z,less,TRUE,TRUE,TRUE,study,TRUE,6820.3125,1871.9249439995563,FALSE,FALSE,FALSE,FALSE
2021,62a0b34cbcc5987a8fa73c39,3855,1,19,linechart-real-22-shuffled-interaction-0-6,left,increasing,shuffled,interaction,false,single,2026-03-19T15:38:31Z,less,TRUE,TRUE,TRUE,study,TRUE,6820.3125,1871.9249439995563,FALSE,FALSE,FALSE,FALSE
2022,62a0b34cbcc5987a8fa73c39,6518,1,20,linechart-real-11-shuffled-interaction-0-21,left,increasing,shuffled,interaction,false,single,2026-03-19T15:38:38Z,more,TRUE,TRUE,TRUE,study,TRUE,6820.3125,1871.9249439995563,FALSE,FALSE,FALSE,FALSE
2023,62a0b34cbcc5987a8fa73c39,3903,1,21,linechart-real-9-shuffled-interaction-0-30,left,increasing,shuffled,interaction,false,single,2026-03-19T15:38:42Z,less,TRUE,TRUE,TRUE,study,TRUE,6820.3125,1871.9249439995563,FALSE,FALSE,FALSE,FALSE
2024,62a0b34cbcc5987a8fa73c39,4895,1,22,linechart-real-0-shuffled-main_effect-0-28,left,increasing,shuffled,main_effect,false,single,2026-03-19T15:38:48Z,more,TRUE,TRUE,TRUE,study,TRUE,6820.3125,1871.9249439995563,FALSE,FALSE,FALSE,FALSE
2025,62a0b34cbcc5987a8fa73c39,4957,1,23,linechart-real-14-ordered-main_effect-0-2,left,increasing,ordered,main_effect,false,single,2026-03-19T15:38:53Z,less,TRUE,TRUE,TRUE,study,TRUE,6820.3125,1871.9249439995563,FALSE,FALSE,FALSE,FALSE
2026,62a0b34cbcc5987a8fa73c39,5480,1,24,linechart-real-13-ordered-main_effect-0-22,left,increasing,ordered,main_effect,false,single,2026-03-19T15:39:02Z,more,TRUE,TRUE,TRUE,study,TRUE,6820.3125,1871.9249439995563,FALSE,FALSE,FALSE,FALSE
2027,62a0b34cbcc5987a8fa73c39,8127,1,25,linechart-real-30-shuffled-interaction-1-29,right,increasing,shuffled,interaction,true,single,2026-03-19T15:39:10Z,less,TRUE,TRUE,TRUE,study,TRUE,6820.3125,1871.9249439995563,FALSE,FALSE,FALSE,FALSE
2028,62a0b34cbcc5987a8fa73c39,7207,1,26,linechart-real-5-shuffled-main_effect-1-25,right,increasing,shuffled,main_effect,true,single,2026-03-19T15:39:18Z,more,TRUE,TRUE,TRUE,study,TRUE,6820.3125,1871.9249439995563,FALSE,FALSE,FALSE,FALSE
2029,62a0b34cbcc5987a8fa73c39,5641,1,27,linechart-real-15-ordered-interaction-0-14,left,increasing,ordered,interaction,false,single,2026-03-19T15:39:24Z,more,TRUE,TRUE,TRUE,study,TRUE,6820.3125,1871.9249439995563,FALSE,FALSE,FALSE,FALSE
2030,62a0b34cbcc5987a8fa73c39,8516,0,28,linechart-real-18-shuffled-interaction-1-1,left,increasing,shuffled,interaction,true,single,2026-03-19T15:39:34Z,less,TRUE,TRUE,TRUE,study,TRUE,6820.3125,1871.9249439995563,FALSE,FALSE,FALSE,FALSE
2031,62a0b34cbcc5987a8fa73c39,8488,1,29,linechart-real-28-shuffled-interaction-1-10,right,increasing,shuffled,interaction,true,single,2026-03-19T15:39:44Z,less,TRUE,TRUE,TRUE,study,TRUE,6820.3125,1871.9249439995563,FALSE,FALSE,FALSE,FALSE
2032,62a0b34cbcc5987a8fa73c39,6833,1,30,linechart-real-20-shuffled-main_effect-0-23,left,increasing,shuffled,main_effect,false,single,2026-03-19T15:39:51Z,less,TRUE,TRUE,TRUE,study,TRUE,6820.3125,1871.9249439995563,FALSE,FALSE,FALSE,FALSE
2033,62a0b34cbcc5987a8fa73c39,7523,1,31,linechart-real-8-ordered-interaction-1-4,right,increasing,ordered,interaction,true,single,2026-03-19T15:39:59Z,less,TRUE,TRUE,TRUE,study,TRUE,6820.3125,1871.9249439995563,FALSE,FALSE,FALSE,FALSE
3042,62cbf51439a76e8fccd8a495,18428,1,0,linechart-real-17-shuffled-interaction-0-8,left,increasing,shuffled,interaction,false,single,2026-03-20T17:31:11Z,more,TRUE,TRUE,TRUE,study,FALSE,15483.70588235294,6477.456491215378,FALSE,FALSE,FALSE,FALSE
3047,62cbf51439a76e8fccd8a495,10000,1,1,linechart-real-0-ordered-main_effect-0-31,left,increasing,ordered,main_effect,false,single,2026-03-20T17:31:22Z,more,TRUE,TRUE,TRUE,study,FALSE,15483.70588235294,6477.456491215378,FALSE,FALSE,FALSE,FALSE
3058,62cbf51439a76e8fccd8a495,25977,1,2,linechart-real-6-ordered-main_effect-0-10,left,increasing,ordered,main_effect,false,single,2026-03-20T17:31:49Z,more,TRUE,TRUE,TRUE,study,FALSE,15483.70588235294,6477.456491215378,FALSE,FALSE,FALSE,FALSE
3069,62cbf51439a76e8fccd8a495,12435,1,3,linechart-real-31-ordered-interaction-1-13,right,increasing,ordered,interaction,true,single,2026-03-20T17:32:02Z,more,TRUE,TRUE,TRUE,study,FALSE,15483.70588235294,6477.456491215378,FALSE,FALSE,FALSE,FALSE
3081,62cbf51439a76e8fccd8a495,11658,0,4,linechart-real-28-shuffled-interaction-0-27,right,increasing,shuffled,interaction,false,single,2026-03-20T17:32:14Z,more,TRUE,TRUE,TRUE,study,FALSE,15483.70588235294,6477.456491215378,FALSE,FALSE,FALSE,FALSE
3091,62cbf51439a76e8fccd8a495,14116,1,5,linechart-real-24-ordered-main_effect-1-9,right,increasing,ordered,main_effect,true,single,2026-03-20T17:32:30Z,more,TRUE,TRUE,TRUE,study,FALSE,15483.70588235294,6477.456491215378,FALSE,FALSE,FALSE,FALSE
3103,62cbf51439a76e8fccd8a495,8953,1,6,linechart-real-23-shuffled-main_effect-0-3,left,increasing,shuffled,main_effect,false,single,2026-03-20T17:32:40Z,more,TRUE,TRUE,TRUE,study,FALSE,15483.70588235294,6477.456491215378,FALSE,FALSE,FALSE,FALSE
3123,62cbf51439a76e8fccd8a495,12847,1,7,linechart-real-29-ordered-main_effect-1-23,right,increasing,ordered,main_effect,true,single,2026-03-20T17:32:53Z,less,TRUE,TRUE,TRUE,study,FALSE,15483.70588235294,6477.456491215378,FALSE,FALSE,FALSE,FALSE
3173,62cbf51439a76e8fccd8a495,17215,1,8,linechart-real-13-shuffled-main_effect-0-21,left,increasing,shuffled,main_effect,false,single,2026-03-20T17:33:28Z,less,TRUE,TRUE,TRUE,study,FALSE,15483.70588235294,6477.456491215378,FALSE,FALSE,FALSE,FALSE
3189,62cbf51439a76e8fccd8a495,14487,1,9,linechart-real-26-ordered-interaction-1-17,right,increasing,ordered,interaction,true,single,2026-03-20T17:33:44Z,less,TRUE,TRUE,TRUE,study,FALSE,15483.70588235294,6477.456491215378,FALSE,FALSE,FALSE,FALSE
3198,62cbf51439a76e8fccd8a495,11905,0,10,linechart-real-18-ordered-interaction-0-19,right,increasing,ordered,interaction,false,single,2026-03-20T17:33:56Z,more,TRUE,TRUE,TRUE,study,FALSE,15483.70588235294,6477.456491215378,FALSE,FALSE,FALSE,FALSE
3209,62cbf51439a76e8fccd8a495,12053,0,11,linechart-real-3-ordered-main_effect-0-26,right,increasing,ordered,main_effect,false,single,2026-03-20T17:34:10Z,less,TRUE,TRUE,TRUE,study,FALSE,15483.70588235294,6477.456491215378,FALSE,FALSE,FALSE,FALSE
3232,62cbf51439a76e8fccd8a495,18041,1,12,linechart-real-5-shuffled-main_effect-1-5,right,increasing,shuffled,main_effect,true,single,2026-03-20T17:34:30Z,less,TRUE,TRUE,TRUE,study,FALSE,15483.70588235294,6477.456491215378,FALSE,FALSE,FALSE,FALSE
3243,62cbf51439a76e8fccd8a495,10838,0,13,linechart-real-11-shuffled-interaction-0-24,right,increasing,shuffled,interaction,false,single,2026-03-20T17:34:41Z,less,TRUE,TRUE,TRUE,study,FALSE,15483.70588235294,6477.456491215378,FALSE,FALSE,FALSE,FALSE
3267,62cbf51439a76e8fccd8a495,20556,1,14,linechart-real-22-shuffled-main_effect-0-4,left,increasing,shuffled,main_effect,false,single,2026-03-20T17:35:04Z,more,TRUE,TRUE,TRUE,study,FALSE,15483.70588235294,6477.456491215378,FALSE,FALSE,FALSE,FALSE
3281,62cbf51439a76e8fccd8a495,9953,1,15,linechart-real-8-shuffled-main_effect-0-25,left,increasing,shuffled,main_effect,false,single,2026-03-20T17:35:14Z,more,TRUE,TRUE,TRUE,study,FALSE,15483.70588235294,6477.456491215378,FALSE,FALSE,FALSE,FALSE
3311,62cbf51439a76e8fccd8a495,33761,0,16,linechart-real-20-shuffled-interaction-0-11,right,increasing,shuffled,interaction,false,single,2026-03-20T17:35:55Z,more,TRUE,TRUE,TRUE,study,FALSE,15483.70588235294,6477.456491215378,FALSE,FALSE,FALSE,TRUE
3086,62e031ff72817d69b9ceae0c,9938,0,0,linechart-real-20-ordered-main_effect-1-24,left,increasing,ordered,main_effect,true,single,2026-03-20T17:32:18Z,less,TRUE,TRUE,TRUE,study,TRUE,9467.40625,3053.9462768515036,TRUE,FALSE,FALSE,FALSE
3092,62e031ff72817d69b9ceae0c,9100,1,1,linechart-real-17-shuffled-main_effect-1-25,right,increasing,shuffled,main_effect,true,single,2026-03-20T17:32:29Z,more,TRUE,TRUE,TRUE,study,TRUE,9467.40625,3053.9462768515036,TRUE,FALSE,FALSE,FALSE
3109,62e031ff72817d69b9ceae0c,10771,0,2,linechart-real-27-ordered-main_effect-0-23,right,increasing,ordered,main_effect,false,single,2026-03-20T17:32:40Z,less,TRUE,TRUE,TRUE,study,TRUE,9467.40625,3053.9462768515036,TRUE,FALSE,FALSE,FALSE
3119,62e031ff72817d69b9ceae0c,8258,0,3,linechart-real-8-shuffled-interaction-0-18,right,increasing,shuffled,interaction,false,single,2026-03-20T17:32:50Z,less,TRUE,TRUE,TRUE,study,TRUE,9467.40625,3053.9462768515036,TRUE,FALSE,FALSE,FALSE
3130,62e031ff72817d69b9ceae0c,6440,1,4,linechart-real-22-ordered-main_effect-1-26,right,increasing,ordered,main_effect,true,single,2026-03-20T17:32:58Z,less,TRUE,TRUE,TRUE,study,TRUE,9467.40625,3053.9462768515036,TRUE,FALSE,FALSE,FALSE
3140,62e031ff72817d69b9ceae0c,5661,1,5,linechart-real-28-ordered-main_effect-0-7,left,increasing,ordered,main_effect,false,single,2026-03-20T17:33:05Z,less,TRUE,TRUE,TRUE,study,TRUE,9467.40625,3053.9462768515036,TRUE,FALSE,FALSE,FALSE
3153,62e031ff72817d69b9ceae0c,9623,1,6,linechart-real-9-shuffled-interaction-1-6,right,increasing,shuffled,interaction,true,single,2026-03-20T17:33:16Z,more,TRUE,TRUE,TRUE,study,TRUE,9467.40625,3053.9462768515036,TRUE,FALSE,FALSE,FALSE
3174,62e031ff72817d69b9ceae0c,9577,0,7,linechart-real-0-shuffled-interaction-0-17,right,increasing,shuffled,interaction,false,single,2026-03-20T17:33:26Z,more,TRUE,TRUE,TRUE,study,TRUE,9467.40625,3053.9462768515036,TRUE,FALSE,FALSE,FALSE
3186,62e031ff72817d69b9ceae0c,6232,1,8,linechart-real-5-shuffled-main_effect-1-16,right,increasing,shuffled,main_effect,true,single,2026-03-20T17:33:39Z,less,TRUE,TRUE,TRUE,study,TRUE,9467.40625,3053.9462768515036,TRUE,FALSE,FALSE,FALSE
3192,62e031ff72817d69b9ceae0c,7000,1,9,linechart-real-14-shuffled-main_effect-1-21,right,increasing,shuffled,main_effect,true,single,2026-03-20T17:33:47Z,more,TRUE,TRUE,TRUE,study,TRUE,9467.40625,3053.9462768515036,TRUE,FALSE,FALSE,FALSE
3200,62e031ff72817d69b9ceae0c,8837,1,10,linechart-real-3-ordered-interaction-0-11,left,increasing,ordered,interaction,false,single,2026-03-20T17:33:56Z,more,TRUE,TRUE,TRUE,study,TRUE,9467.40625,3053.9462768515036,TRUE,FALSE,FALSE,FALSE
3207,62e031ff72817d69b9ceae0c,7257,0,11,linechart-real-26-ordered-interaction-1-0,left,increasing,ordered,interaction,true,single,2026-03-20T17:34:04Z,less,TRUE,TRUE,TRUE,study,TRUE,9467.40625,3053.9462768515036,TRUE,FALSE,FALSE,FALSE
3221,62e031ff72817d69b9ceae0c,11787,0,12,linechart-real-25-ordered-interaction-1-2,left,increasing,ordered,interaction,true,single,2026-03-20T17:34:18Z,less,TRUE,TRUE,TRUE,study,TRUE,9467.40625,3053.9462768515036,TRUE,FALSE,FALSE,FALSE
3234,62e031ff72817d69b9ceae0c,7596,1,13,linechart-real-24-shuffled-interaction-0-14,left,increasing,shuffled,interaction,false,single,2026-03-20T17:34:27Z,less,TRUE,TRUE,TRUE,study,TRUE,9467.40625,3053.9462768515036,TRUE,FALSE,FALSE,FALSE
3246,62e031ff72817d69b9ceae0c,12545,0,14,linechart-real-12-shuffled-interaction-1-30,left,increasing,shuffled,interaction,true,single,2026-03-20T17:34:42Z,less,TRUE,TRUE,TRUE,study,TRUE,9467.40625,3053.9462768515036,TRUE,FALSE,FALSE,FALSE
3259,62e031ff72817d69b9ceae0c,11164,1,15,linechart-real-1-shuffled-interaction-0-8,left,increasing,shuffled,interaction,false,single,2026-03-20T17:34:55Z,less,TRUE,TRUE,TRUE,study,TRUE,9467.40625,3053.9462768515036,TRUE,FALSE,FALSE,FALSE
3275,62e031ff72817d69b9ceae0c,11365,0,16,linechart-real-18-ordered-interaction-0-29,right,increasing,ordered,interaction,false,single,2026-03-20T17:35:09Z,more,TRUE,TRUE,TRUE,study,TRUE,9467.40625,3053.9462768515036,TRUE,FALSE,FALSE,FALSE
3294,62e031ff72817d69b9ceae0c,18053,1,17,linechart-real-15-ordered-interaction-1-22,right,increasing,ordered,interaction,true,single,2026-03-20T17:35:29Z,more,TRUE,TRUE,TRUE,study,TRUE,9467.40625,3053.9462768515036,TRUE,FALSE,FALSE,TRUE
3303,62e031ff72817d69b9ceae0c,8696,1,18,linechart-real-10-shuffled-main_effect-1-15,right,increasing,shuffled,main_effect,true,single,2026-03-20T17:35:39Z,more,TRUE,TRUE,TRUE,study,TRUE,9467.40625,3053.9462768515036,TRUE,FALSE,FALSE,FALSE
3316,62e031ff72817d69b9ceae0c,14785,1,19,linechart-real-16-shuffled-main_effect-0-3,left,increasing,shuffled,main_effect,false,single,2026-03-20T17:35:54Z,more,TRUE,TRUE,TRUE,study,TRUE,9467.40625,3053.9462768515036,TRUE,FALSE,FALSE,FALSE
3330,62e031ff72817d69b9ceae0c,10324,0,20,linechart-real-7-ordered-interaction-1-5,left,increasing,ordered,interaction,true,single,2026-03-20T17:36:05Z,more,TRUE,TRUE,TRUE,study,TRUE,9467.40625,3053.9462768515036,TRUE,FALSE,FALSE,FALSE
3347,62e031ff72817d69b9ceae0c,14396,0,21,linechart-real-11-ordered-main_effect-0-4,right,increasing,ordered,main_effect,false,single,2026-03-20T17:36:22Z,less,TRUE,TRUE,TRUE,study,TRUE,9467.40625,3053.9462768515036,TRUE,FALSE,FALSE,FALSE
3354,62e031ff72817d69b9ceae0c,7276,1,22,linechart-real-13-shuffled-interaction-1-27,right,increasing,shuffled,interaction,true,single,2026-03-20T17:36:31Z,less,TRUE,TRUE,TRUE,study,TRUE,9467.40625,3053.9462768515036,TRUE,FALSE,FALSE,FALSE
3367,62e031ff72817d69b9ceae0c,11304,0,23,linechart-real-2-shuffled-main_effect-0-31,right,increasing,shuffled,main_effect,false,single,2026-03-20T17:36:43Z,less,TRUE,TRUE,TRUE,study,TRUE,9467.40625,3053.9462768515036,TRUE,FALSE,FALSE,FALSE
3374,62e031ff72817d69b9ceae0c,5575,0,24,linechart-real-21-shuffled-main_effect-1-13,left,increasing,shuffled,main_effect,true,single,2026-03-20T17:36:52Z,more,TRUE,TRUE,TRUE,study,TRUE,9467.40625,3053.9462768515036,TRUE,FALSE,FALSE,FALSE
3387,62e031ff72817d69b9ceae0c,9726,1,25,linechart-real-31-ordered-main_effect-0-10,left,increasing,ordered,main_effect,false,single,2026-03-20T17:37:03Z,more,TRUE,TRUE,TRUE,study,TRUE,9467.40625,3053.9462768515036,TRUE,FALSE,FALSE,FALSE
3391,62e031ff72817d69b9ceae0c,4335,1,26,linechart-real-19-ordered-main_effect-0-28,left,increasing,ordered,main_effect,false,single,2026-03-20T17:37:08Z,more,TRUE,TRUE,TRUE,study,TRUE,9467.40625,3053.9462768515036,TRUE,FALSE,FALSE,FALSE
3399,62e031ff72817d69b9ceae0c,6749,1,27,linechart-real-29-ordered-interaction-0-1,left,increasing,ordered,interaction,false,single,2026-03-20T17:37:16Z,more,TRUE,TRUE,TRUE,study,TRUE,9467.40625,3053.9462768515036,TRUE,FALSE,FALSE,FALSE
3406,62e031ff72817d69b9ceae0c,7628,1,28,linechart-real-30-shuffled-interaction-1-9,right,increasing,shuffled,interaction,true,single,2026-03-20T17:37:24Z,more,TRUE,TRUE,TRUE,study,TRUE,9467.40625,3053.9462768515036,TRUE,FALSE,FALSE,FALSE
3412,62e031ff72817d69b9ceae0c,6262,1,29,linechart-real-23-ordered-interaction-0-20,left,increasing,ordered,interaction,false,single,2026-03-20T17:37:31Z,more,TRUE,TRUE,TRUE,study,TRUE,9467.40625,3053.9462768515036,TRUE,FALSE,FALSE,FALSE
3419,62e031ff72817d69b9ceae0c,11995,1,30,linechart-real-6-ordered-main_effect-0-12,left,increasing,ordered,main_effect,false,single,2026-03-20T17:37:45Z,less,TRUE,TRUE,TRUE,study,TRUE,9467.40625,3053.9462768515036,TRUE,FALSE,FALSE,FALSE
3428,62e031ff72817d69b9ceae0c,12702,1,31,linechart-real-4-shuffled-main_effect-1-19,right,increasing,shuffled,main_effect,true,single,2026-03-20T17:37:58Z,less,TRUE,TRUE,TRUE,study,TRUE,9467.40625,3053.9462768515036,TRUE,FALSE,FALSE,FALSE
2193,6372d1f14a6bd3713c1c0acf,12822,1,0,linechart-real-25-ordered-interaction-0-4,left,increasing,ordered,interaction,false,single,2026-03-19T16:57:14Z,more,TRUE,TRUE,TRUE,study,FALSE,11487.8,5226.264076756933,FALSE,FALSE,FALSE,FALSE
2195,6372d1f14a6bd3713c1c0acf,14512,1,1,linechart-real-9-shuffled-interaction-1-7,right,increasing,shuffled,interaction,true,single,2026-03-19T16:57:29Z,more,TRUE,TRUE,TRUE,study,FALSE,11487.8,5226.264076756933,FALSE,FALSE,FALSE,FALSE
2196,6372d1f14a6bd3713c1c0acf,11028,1,2,linechart-real-10-shuffled-main_effect-0-19,left,increasing,shuffled,main_effect,false,single,2026-03-19T16:57:41Z,less,TRUE,TRUE,TRUE,study,FALSE,11487.8,5226.264076756933,FALSE,FALSE,FALSE,FALSE
2197,6372d1f14a6bd3713c1c0acf,2811,0,3,linechart-real-23-shuffled-main_effect-0-27,right,increasing,shuffled,main_effect,false,single,2026-03-19T16:57:44Z,less,TRUE,TRUE,TRUE,study,FALSE,11487.8,5226.264076756933,FALSE,FALSE,FALSE,FALSE
2198,6372d1f14a6bd3713c1c0acf,16266,1,4,linechart-real-4-ordered-interaction-0-18,left,increasing,ordered,interaction,false,single,2026-03-19T16:58:02Z,less,TRUE,TRUE,TRUE,study,FALSE,11487.8,5226.264076756933,FALSE,FALSE,FALSE,FALSE
2394,63d7e5f60432d71a6670d0ba,13618,1,0,linechart-real-5-ordered-interaction-1-12,right,increasing,ordered,interaction,true,single,2026-03-20T16:01:34Z,less,TRUE,TRUE,TRUE,study,TRUE,13369.90625,5032.280412717255,FALSE,FALSE,FALSE,FALSE
2402,63d7e5f60432d71a6670d0ba,11023,1,1,linechart-real-13-ordered-interaction-0-15,left,increasing,ordered,interaction,false,single,2026-03-20T16:01:46Z,less,TRUE,TRUE,TRUE,study,TRUE,13369.90625,5032.280412717255,FALSE,FALSE,FALSE,FALSE
2412,63d7e5f60432d71a6670d0ba,10732,1,2,linechart-real-14-ordered-main_effect-0-23,left,increasing,ordered,main_effect,false,single,2026-03-20T16:01:57Z,more,TRUE,TRUE,TRUE,study,TRUE,13369.90625,5032.280412717255,FALSE,FALSE,FALSE,FALSE
2424,63d7e5f60432d71a6670d0ba,16310,1,3,linechart-real-22-shuffled-interaction-1-11,right,increasing,shuffled,interaction,true,single,2026-03-20T16:02:14Z,more,TRUE,TRUE,TRUE,study,TRUE,13369.90625,5032.280412717255,FALSE,FALSE,FALSE,FALSE
2439,63d7e5f60432d71a6670d0ba,13726,1,4,linechart-real-26-ordered-interaction-1-30,right,increasing,ordered,interaction,true,single,2026-03-20T16:02:29Z,more,TRUE,TRUE,TRUE,study,TRUE,13369.90625,5032.280412717255,FALSE,FALSE,FALSE,FALSE
2452,63d7e5f60432d71a6670d0ba,12971,1,5,linechart-real-25-ordered-main_effect-1-18,right,increasing,ordered,main_effect,true,single,2026-03-20T16:02:42Z,less,TRUE,TRUE,TRUE,study,TRUE,13369.90625,5032.280412717255,FALSE,FALSE,FALSE,FALSE
2466,63d7e5f60432d71a6670d0ba,12297,1,6,linechart-real-29-shuffled-main_effect-0-8,left,increasing,shuffled,main_effect,false,single,2026-03-20T16:02:55Z,more,TRUE,TRUE,TRUE,study,TRUE,13369.90625,5032.280412717255,FALSE,FALSE,FALSE,FALSE
2477,63d7e5f60432d71a6670d0ba,15081,1,7,linechart-real-1-ordered-interaction-0-31,left,increasing,ordered,interaction,false,single,2026-03-20T16:03:11Z,more,TRUE,TRUE,TRUE,study,TRUE,13369.90625,5032.280412717255,FALSE,FALSE,FALSE,FALSE
2503,63d7e5f60432d71a6670d0ba,24523,1,8,linechart-real-8-ordered-interaction-0-26,left,increasing,ordered,interaction,false,single,2026-03-20T16:03:44Z,more,TRUE,TRUE,TRUE,study,TRUE,13369.90625,5032.280412717255,FALSE,FALSE,FALSE,TRUE
2513,63d7e5f60432d71a6670d0ba,14169,1,9,linechart-real-3-shuffled-interaction-1-27,right,increasing,shuffled,interaction,true,single,2026-03-20T16:03:59Z,more,TRUE,TRUE,TRUE,study,TRUE,13369.90625,5032.280412717255,FALSE,FALSE,FALSE,FALSE
2525,63d7e5f60432d71a6670d0ba,11144,1,10,linechart-real-7-shuffled-interaction-1-5,right,increasing,shuffled,interaction,true,single,2026-03-20T16:04:11Z,less,TRUE,TRUE,TRUE,study,TRUE,13369.90625,5032.280412717255,FALSE,FALSE,FALSE,FALSE
2542,63d7e5f60432d71a6670d0ba,18955,1,11,linechart-real-6-shuffled-main_effect-0-14,left,increasing,shuffled,main_effect,false,single,2026-03-20T16:04:31Z,less,TRUE,TRUE,TRUE,study,TRUE,13369.90625,5032.280412717255,FALSE,FALSE,FALSE,FALSE
2561,63d7e5f60432d71a6670d0ba,17116,1,12,linechart-real-27-shuffled-main_effect-0-22,left,increasing,shuffled,main_effect,false,single,2026-03-20T16:04:48Z,less,TRUE,TRUE,TRUE,study,TRUE,13369.90625,5032.280412717255,FALSE,FALSE,FALSE,FALSE
2575,63d7e5f60432d71a6670d0ba,10849,1,13,linechart-real-0-ordered-main_effect-0-20,left,increasing,ordered,main_effect,false,single,2026-03-20T16:05:00Z,less,TRUE,TRUE,TRUE,study,TRUE,13369.90625,5032.280412717255,FALSE,FALSE,FALSE,FALSE
2589,63d7e5f60432d71a6670d0ba,12455,1,14,linechart-real-21-ordered-interaction-0-4,left,increasing,ordered,interaction,false,single,2026-03-20T16:05:13Z,more,TRUE,TRUE,TRUE,study,TRUE,13369.90625,5032.280412717255,FALSE,FALSE,FALSE,FALSE
2601,63d7e5f60432d71a6670d0ba,8249,1,15,linechart-real-28-ordered-main_effect-0-10,left,increasing,ordered,main_effect,false,single,2026-03-20T16:05:22Z,less,TRUE,TRUE,TRUE,study,TRUE,13369.90625,5032.280412717255,FALSE,FALSE,FALSE,FALSE
2616,63d7e5f60432d71a6670d0ba,6958,1,16,linechart-real-11-shuffled-main_effect-0-16,left,increasing,shuffled,main_effect,false,single,2026-03-20T16:05:37Z,less,TRUE,TRUE,TRUE,study,TRUE,13369.90625,5032.280412717255,FALSE,FALSE,FALSE,FALSE
2633,63d7e5f60432d71a6670d0ba,14146,1,17,linechart-real-9-shuffled-interaction-1-25,right,increasing,shuffled,interaction,true,single,2026-03-20T16:05:52Z,more,TRUE,TRUE,TRUE,study,TRUE,13369.90625,5032.280412717255,FALSE,FALSE,FALSE,FALSE
2644,63d7e5f60432d71a6670d0ba,6950,1,18,linechart-real-20-ordered-main_effect-1-13,right,increasing,ordered,main_effect,true,single,2026-03-20T16:05:59Z,more,TRUE,TRUE,TRUE,study,TRUE,13369.90625,5032.280412717255,FALSE,FALSE,FALSE,FALSE
2660,63d7e5f60432d71a6670d0ba,11909,1,19,linechart-real-18-ordered-interaction-1-2,right,increasing,ordered,interaction,true,single,2026-03-20T16:06:12Z,less,TRUE,TRUE,TRUE,study,TRUE,13369.90625,5032.280412717255,FALSE,FALSE,FALSE,FALSE
2690,63d7e5f60432d71a6670d0ba,27061,1,20,linechart-real-23-shuffled-interaction-0-24,left,increasing,shuffled,interaction,false,single,2026-03-20T16:06:40Z,more,TRUE,TRUE,TRUE,study,TRUE,13369.90625,5032.280412717255,FALSE,FALSE,FALSE,TRUE
2713,63d7e5f60432d71a6670d0ba,16594,1,21,linechart-real-16-shuffled-main_effect-1-9,right,increasing,shuffled,main_effect,true,single,2026-03-20T16:06:57Z,more,TRUE,TRUE,TRUE,study,TRUE,13369.90625,5032.280412717255,FALSE,FALSE,FALSE,FALSE
2720,63d7e5f60432d71a6670d0ba,8909,1,22,linechart-real-19-shuffled-interaction-1-6,right,increasing,shuffled,interaction,true,single,2026-03-20T16:07:07Z,more,TRUE,TRUE,TRUE,study,TRUE,13369.90625,5032.280412717255,FALSE,FALSE,FALSE,FALSE
2728,63d7e5f60432d71a6670d0ba,13296,1,23,linechart-real-2-shuffled-main_effect-1-19,right,increasing,shuffled,main_effect,true,single,2026-03-20T16:07:21Z,less,TRUE,TRUE,TRUE,study,TRUE,13369.90625,5032.280412717255,FALSE,FALSE,FALSE,FALSE
2739,63d7e5f60432d71a6670d0ba,9991,1,24,linechart-real-31-shuffled-main_effect-0-7,left,increasing,shuffled,main_effect,false,single,2026-03-20T16:07:34Z,less,TRUE,TRUE,TRUE,study,TRUE,13369.90625,5032.280412717255,FALSE,FALSE,FALSE,FALSE
2747,63d7e5f60432d71a6670d0ba,9030,1,25,linechart-real-10-ordered-main_effect-0-3,left,increasing,ordered,main_effect,false,single,2026-03-20T16:07:44Z,less,TRUE,TRUE,TRUE,study,TRUE,13369.90625,5032.280412717255,FALSE,FALSE,FALSE,FALSE
2752,63d7e5f60432d71a6670d0ba,7637,1,26,linechart-real-17-ordered-main_effect-1-1,right,increasing,ordered,main_effect,true,single,2026-03-20T16:07:52Z,more,TRUE,TRUE,TRUE,study,TRUE,13369.90625,5032.280412717255,FALSE,FALSE,FALSE,FALSE
2764,63d7e5f60432d71a6670d0ba,9249,1,27,linechart-real-30-shuffled-interaction-1-29,right,increasing,shuffled,interaction,true,single,2026-03-20T16:08:02Z,less,TRUE,TRUE,TRUE,study,TRUE,13369.90625,5032.280412717255,FALSE,FALSE,FALSE,FALSE
2776,63d7e5f60432d71a6670d0ba,14747,1,28,linechart-real-12-shuffled-interaction-1-28,right,increasing,shuffled,interaction,true,single,2026-03-20T16:08:18Z,more,TRUE,TRUE,TRUE,study,TRUE,13369.90625,5032.280412717255,FALSE,FALSE,FALSE,FALSE
2784,63d7e5f60432d71a6670d0ba,10859,1,29,linechart-real-15-ordered-main_effect-1-0,right,increasing,ordered,main_effect,true,single,2026-03-20T16:08:29Z,less,TRUE,TRUE,TRUE,study,TRUE,13369.90625,5032.280412717255,FALSE,FALSE,FALSE,FALSE
2798,63d7e5f60432d71a6670d0ba,25859,1,30,linechart-real-4-ordered-interaction-0-17,left,increasing,ordered,interaction,false,single,2026-03-20T16:08:56Z,less,TRUE,TRUE,TRUE,study,TRUE,13369.90625,5032.280412717255,FALSE,FALSE,FALSE,TRUE
2807,63d7e5f60432d71a6670d0ba,11424,1,31,linechart-real-24-shuffled-main_effect-0-21,left,increasing,shuffled,main_effect,false,single,2026-03-20T16:09:08Z,more,TRUE,TRUE,TRUE,study,TRUE,13369.90625,5032.280412717255,FALSE,FALSE,FALSE,FALSE
2419,6548f960db60a00d76e92695,20405,1,0,linechart-real-12-shuffled-interaction-1-19,right,increasing,shuffled,interaction,true,single,2026-03-20T16:02:07Z,less,TRUE,TRUE,TRUE,study,FALSE,15604.4,5307.821003010557,TRUE,FALSE,FALSE,FALSE
2438,6548f960db60a00d76e92695,21445,1,1,linechart-real-17-shuffled-interaction-1-25,right,increasing,shuffled,interaction,true,single,2026-03-20T16:02:29Z,less,TRUE,TRUE,TRUE,study,FALSE,15604.4,5307.821003010557,TRUE,FALSE,FALSE,FALSE
2455,6548f960db60a00d76e92695,15501,1,2,linechart-real-18-ordered-interaction-1-28,right,increasing,ordered,interaction,true,single,2026-03-20T16:02:45Z,less,TRUE,TRUE,TRUE,study,FALSE,15604.4,5307.821003010557,TRUE,FALSE,FALSE,FALSE
2465,6548f960db60a00d76e92695,10326,0,3,linechart-real-9-ordered-interaction-0-22,right,increasing,ordered,interaction,false,single,2026-03-20T16:02:56Z,less,TRUE,TRUE,TRUE,study,FALSE,15604.4,5307.821003010557,TRUE,FALSE,FALSE,FALSE
2472,6548f960db60a00d76e92695,10345,0,4,linechart-real-23-ordered-main_effect-0-14,right,increasing,ordered,main_effect,false,single,2026-03-20T16:03:08Z,less,TRUE,TRUE,TRUE,study,FALSE,15604.4,5307.821003010557,TRUE,FALSE,FALSE,FALSE
2295,656bf1dfc5463c1ed2f2d6f6,8209,1,0,linechart-real-28-shuffled-main_effect-1-17,right,increasing,shuffled,main_effect,true,dual,2026-03-19T20:21:48Z,more,TRUE,TRUE,TRUE,study,TRUE,17270.59375,8178.069240783942,FALSE,FALSE,FALSE,FALSE
2296,656bf1dfc5463c1ed2f2d6f6,11248,0,1,linechart-real-13-shuffled-main_effect-1-12,left,increasing,shuffled,main_effect,true,dual,2026-03-19T20:22:00Z,less,TRUE,TRUE,TRUE,study,TRUE,17270.59375,8178.069240783942,FALSE,FALSE,FALSE,FALSE
2297,656bf1dfc5463c1ed2f2d6f6,20838,0,2,linechart-real-10-ordered-interaction-1-21,left,increasing,ordered,interaction,true,dual,2026-03-19T20:22:23Z,less,TRUE,TRUE,TRUE,study,TRUE,17270.59375,8178.069240783942,FALSE,FALSE,FALSE,FALSE
2298,656bf1dfc5463c1ed2f2d6f6,14250,1,3,linechart-real-16-shuffled-interaction-1-31,right,increasing,shuffled,interaction,true,dual,2026-03-19T20:22:39Z,less,TRUE,TRUE,TRUE,study,TRUE,17270.59375,8178.069240783942,FALSE,FALSE,FALSE,FALSE
2299,656bf1dfc5463c1ed2f2d6f6,23102,1,4,linechart-real-21-ordered-interaction-0-25,left,increasing,ordered,interaction,false,dual,2026-03-19T20:23:02Z,less,TRUE,TRUE,TRUE,study,TRUE,17270.59375,8178.069240783942,FALSE,FALSE,FALSE,FALSE
2300,656bf1dfc5463c1ed2f2d6f6,31432,1,5,linechart-real-18-ordered-interaction-1-13,right,increasing,ordered,interaction,true,dual,2026-03-19T20:23:34Z,more,TRUE,TRUE,TRUE,study,TRUE,17270.59375,8178.069240783942,FALSE,FALSE,FALSE,FALSE
2301,656bf1dfc5463c1ed2f2d6f6,8792,1,6,linechart-real-8-shuffled-interaction-1-26,right,increasing,shuffled,interaction,true,dual,2026-03-19T20:23:44Z,more,TRUE,TRUE,TRUE,study,TRUE,17270.59375,8178.069240783942,FALSE,FALSE,FALSE,FALSE
2302,656bf1dfc5463c1ed2f2d6f6,16793,1,7,linechart-real-1-ordered-interaction-1-18,right,increasing,ordered,interaction,true,dual,2026-03-19T20:24:01Z,more,TRUE,TRUE,TRUE,study,TRUE,17270.59375,8178.069240783942,FALSE,FALSE,FALSE,FALSE
2303,656bf1dfc5463c1ed2f2d6f6,11346,1,8,linechart-real-3-ordered-interaction-0-16,left,increasing,ordered,interaction,false,dual,2026-03-19T20:24:21Z,more,TRUE,TRUE,TRUE,study,TRUE,17270.59375,8178.069240783942,FALSE,FALSE,FALSE,FALSE
2304,656bf1dfc5463c1ed2f2d6f6,28226,0,9,linechart-real-29-shuffled-main_effect-0-15,right,increasing,shuffled,main_effect,false,dual,2026-03-19T20:24:50Z,less,TRUE,TRUE,TRUE,study,TRUE,17270.59375,8178.069240783942,FALSE,FALSE,FALSE,FALSE
2305,656bf1dfc5463c1ed2f2d6f6,32987,1,10,linechart-real-25-shuffled-interaction-1-3,right,increasing,shuffled,interaction,true,dual,2026-03-19T20:25:24Z,less,TRUE,TRUE,TRUE,study,TRUE,17270.59375,8178.069240783942,FALSE,FALSE,FALSE,FALSE
2306,656bf1dfc5463c1ed2f2d6f6,14261,0,11,linechart-real-24-ordered-interaction-0-7,right,increasing,ordered,interaction,false,dual,2026-03-19T20:25:39Z,more,TRUE,TRUE,TRUE,study,TRUE,17270.59375,8178.069240783942,FALSE,FALSE,FALSE,FALSE
2307,656bf1dfc5463c1ed2f2d6f6,12616,1,12,linechart-real-5-shuffled-interaction-0-29,left,increasing,shuffled,interaction,false,dual,2026-03-19T20:25:53Z,more,TRUE,TRUE,TRUE,study,TRUE,17270.59375,8178.069240783942,FALSE,FALSE,FALSE,FALSE
2308,656bf1dfc5463c1ed2f2d6f6,13798,1,13,linechart-real-20-shuffled-interaction-0-23,left,increasing,shuffled,interaction,false,dual,2026-03-19T20:26:08Z,more,TRUE,TRUE,TRUE,study,TRUE,17270.59375,8178.069240783942,FALSE,FALSE,FALSE,FALSE
2309,656bf1dfc5463c1ed2f2d6f6,41150,1,14,linechart-real-15-shuffled-main_effect-0-30,left,increasing,shuffled,main_effect,false,dual,2026-03-19T20:26:49Z,more,TRUE,TRUE,TRUE,study,TRUE,17270.59375,8178.069240783942,FALSE,FALSE,FALSE,TRUE
2310,656bf1dfc5463c1ed2f2d6f6,16286,1,15,linechart-real-4-ordered-main_effect-1-19,right,increasing,ordered,main_effect,true,dual,2026-03-19T20:27:06Z,more,TRUE,TRUE,TRUE,study,TRUE,17270.59375,8178.069240783942,FALSE,FALSE,FALSE,FALSE
2311,656bf1dfc5463c1ed2f2d6f6,7144,0,16,linechart-real-17-ordered-main_effect-0-24,right,increasing,ordered,main_effect,false,dual,2026-03-19T20:27:19Z,less,TRUE,TRUE,TRUE,study,TRUE,17270.59375,8178.069240783942,FALSE,FALSE,FALSE,FALSE
2312,656bf1dfc5463c1ed2f2d6f6,16217,1,17,linechart-real-19-ordered-main_effect-0-28,left,increasing,ordered,main_effect,false,dual,2026-03-19T20:27:37Z,less,TRUE,TRUE,TRUE,study,TRUE,17270.59375,8178.069240783942,FALSE,FALSE,FALSE,FALSE
2313,656bf1dfc5463c1ed2f2d6f6,15032,1,18,linechart-real-30-ordered-main_effect-1-11,right,increasing,ordered,main_effect,true,dual,2026-03-19T20:27:53Z,more,TRUE,TRUE,TRUE,study,TRUE,17270.59375,8178.069240783942,FALSE,FALSE,FALSE,FALSE
2314,656bf1dfc5463c1ed2f2d6f6,18333,0,19,linechart-real-14-ordered-interaction-1-9,left,increasing,ordered,interaction,true,dual,2026-03-19T20:28:12Z,less,TRUE,TRUE,TRUE,study,TRUE,17270.59375,8178.069240783942,FALSE,FALSE,FALSE,FALSE
2315,656bf1dfc5463c1ed2f2d6f6,17906,1,20,linechart-real-22-ordered-main_effect-1-1,right,increasing,ordered,main_effect,true,dual,2026-03-19T20:28:31Z,more,TRUE,TRUE,TRUE,study,TRUE,17270.59375,8178.069240783942,FALSE,FALSE,FALSE,FALSE
2316,656bf1dfc5463c1ed2f2d6f6,11222,1,21,linechart-real-12-ordered-main_effect-1-22,right,increasing,ordered,main_effect,true,dual,2026-03-19T20:28:43Z,less,TRUE,TRUE,TRUE,study,TRUE,17270.59375,8178.069240783942,FALSE,FALSE,FALSE,FALSE
2317,656bf1dfc5463c1ed2f2d6f6,12594,1,22,linechart-real-7-shuffled-interaction-0-4,left,increasing,shuffled,interaction,false,dual,2026-03-19T20:28:56Z,more,TRUE,TRUE,TRUE,study,TRUE,17270.59375,8178.069240783942,FALSE,FALSE,FALSE,FALSE
2318,656bf1dfc5463c1ed2f2d6f6,11734,1,23,linechart-real-0-shuffled-interaction-0-0,left,increasing,shuffled,interaction,false,dual,2026-03-19T20:29:08Z,less,TRUE,TRUE,TRUE,study,TRUE,17270.59375,8178.069240783942,FALSE,FALSE,FALSE,FALSE
2319,656bf1dfc5463c1ed2f2d6f6,24488,1,24,linechart-real-27-shuffled-main_effect-0-10,left,increasing,shuffled,main_effect,false,dual,2026-03-19T20:29:37Z,less,TRUE,TRUE,TRUE,study,TRUE,17270.59375,8178.069240783942,FALSE,FALSE,FALSE,FALSE
2320,656bf1dfc5463c1ed2f2d6f6,13967,1,25,linechart-real-11-shuffled-main_effect-0-27,left,increasing,shuffled,main_effect,false,dual,2026-03-19T20:29:52Z,less,TRUE,TRUE,TRUE,study,TRUE,17270.59375,8178.069240783942,FALSE,FALSE,FALSE,FALSE
2321,656bf1dfc5463c1ed2f2d6f6,7898,1,26,linechart-real-6-shuffled-main_effect-1-6,right,increasing,shuffled,main_effect,true,dual,2026-03-19T20:30:01Z,less,TRUE,TRUE,TRUE,study,TRUE,17270.59375,8178.069240783942,FALSE,FALSE,FALSE,FALSE
2322,656bf1dfc5463c1ed2f2d6f6,14360,1,27,linechart-real-31-ordered-main_effect-0-8,left,increasing,ordered,main_effect,false,dual,2026-03-19T20:30:16Z,less,TRUE,TRUE,TRUE,study,TRUE,17270.59375,8178.069240783942,FALSE,FALSE,FALSE,FALSE
2323,656bf1dfc5463c1ed2f2d6f6,18849,1,28,linechart-real-23-shuffled-interaction-0-14,left,increasing,shuffled,interaction,false,dual,2026-03-19T20:30:35Z,more,TRUE,TRUE,TRUE,study,TRUE,17270.59375,8178.069240783942,FALSE,FALSE,FALSE,FALSE
2324,656bf1dfc5463c1ed2f2d6f6,10627,0,29,linechart-real-9-ordered-main_effect-1-5,left,increasing,ordered,main_effect,true,dual,2026-03-19T20:30:46Z,less,TRUE,TRUE,TRUE,study,TRUE,17270.59375,8178.069240783942,FALSE,FALSE,FALSE,FALSE
2325,656bf1dfc5463c1ed2f2d6f6,15477,1,30,linechart-real-26-ordered-interaction-1-20,right,increasing,ordered,interaction,true,dual,2026-03-19T20:31:03Z,more,TRUE,TRUE,TRUE,study,TRUE,17270.59375,8178.069240783942,FALSE,FALSE,FALSE,FALSE
2326,656bf1dfc5463c1ed2f2d6f6,31477,1,31,linechart-real-2-shuffled-main_effect-0-2,left,increasing,shuffled,main_effect,false,dual,2026-03-19T20:31:36Z,more,TRUE,TRUE,TRUE,study,TRUE,17270.59375,8178.069240783942,FALSE,FALSE,FALSE,FALSE
2352,65cb6c039e74e4bae823b84b,5435,1,0,linechart-real-5-shuffled-main_effect-1-1,right,increasing,shuffled,main_effect,true,single,2026-03-20T16:00:27Z,more,TRUE,TRUE,TRUE,study,TRUE,7258.6875,3007.24101866725,FALSE,FALSE,FALSE,FALSE
2357,65cb6c039e74e4bae823b84b,9712,1,1,linechart-real-15-shuffled-interaction-1-27,right,increasing,shuffled,interaction,true,single,2026-03-20T16:00:38Z,less,TRUE,TRUE,TRUE,study,TRUE,7258.6875,3007.24101866725,FALSE,FALSE,FALSE,FALSE
2362,65cb6c039e74e4bae823b84b,7354,1,2,linechart-real-18-shuffled-main_effect-0-25,left,increasing,shuffled,main_effect,false,single,2026-03-20T16:00:46Z,more,TRUE,TRUE,TRUE,study,TRUE,7258.6875,3007.24101866725,FALSE,FALSE,FALSE,FALSE
2366,65cb6c039e74e4bae823b84b,5645,0,3,linechart-real-13-shuffled-main_effect-1-5,left,increasing,shuffled,main_effect,true,single,2026-03-20T16:00:52Z,less,TRUE,TRUE,TRUE,study,TRUE,7258.6875,3007.24101866725,FALSE,FALSE,FALSE,FALSE
2370,65cb6c039e74e4bae823b84b,7799,1,4,linechart-real-10-shuffled-interaction-1-6,right,increasing,shuffled,interaction,true,single,2026-03-20T16:01:02Z,more,TRUE,TRUE,TRUE,study,TRUE,7258.6875,3007.24101866725,FALSE,FALSE,FALSE,FALSE
2378,65cb6c039e74e4bae823b84b,10518,1,5,linechart-real-24-ordered-interaction-1-17,right,increasing,ordered,interaction,true,single,2026-03-20T16:01:13Z,less,TRUE,TRUE,TRUE,study,TRUE,7258.6875,3007.24101866725,FALSE,FALSE,FALSE,FALSE
2385,65cb6c039e74e4bae823b84b,10158,1,6,linechart-real-19-shuffled-main_effect-0-14,left,increasing,shuffled,main_effect,false,single,2026-03-20T16:01:24Z,less,TRUE,TRUE,TRUE,study,TRUE,7258.6875,3007.24101866725,FALSE,FALSE,FALSE,FALSE
2398,65cb6c039e74e4bae823b84b,16212,1,7,linechart-real-26-shuffled-interaction-1-24,right,increasing,shuffled,interaction,true,single,2026-03-20T16:01:41Z,more,TRUE,TRUE,TRUE,study,TRUE,7258.6875,3007.24101866725,FALSE,FALSE,FALSE,TRUE
2406,65cb6c039e74e4bae823b84b,5332,1,8,linechart-real-6-ordered-interaction-1-13,right,increasing,ordered,interaction,true,single,2026-03-20T16:01:51Z,more,TRUE,TRUE,TRUE,study,TRUE,7258.6875,3007.24101866725,FALSE,FALSE,FALSE,FALSE
2410,65cb6c039e74e4bae823b84b,3651,1,9,linechart-real-21-ordered-main_effect-0-22,left,increasing,ordered,main_effect,false,single,2026-03-20T16:01:56Z,less,TRUE,TRUE,TRUE,study,TRUE,7258.6875,3007.24101866725,FALSE,FALSE,FALSE,FALSE
2416,65cb6c039e74e4bae823b84b,7524,1,10,linechart-real-22-shuffled-main_effect-0-21,left,increasing,shuffled,main_effect,false,single,2026-03-20T16:02:04Z,more,TRUE,TRUE,TRUE,study,TRUE,7258.6875,3007.24101866725,FALSE,FALSE,FALSE,FALSE
2422,65cb6c039e74e4bae823b84b,7222,0,11,linechart-real-8-shuffled-interaction-0-30,right,increasing,shuffled,interaction,false,single,2026-03-20T16:02:12Z,less,TRUE,TRUE,TRUE,study,TRUE,7258.6875,3007.24101866725,FALSE,FALSE,FALSE,FALSE
2427,65cb6c039e74e4bae823b84b,4673,1,12,linechart-real-14-ordered-main_effect-1-0,right,increasing,ordered,main_effect,true,single,2026-03-20T16:02:18Z,more,TRUE,TRUE,TRUE,study,TRUE,7258.6875,3007.24101866725,FALSE,FALSE,FALSE,FALSE
2431,65cb6c039e74e4bae823b84b,5648,1,13,linechart-real-9-ordered-main_effect-1-16,right,increasing,ordered,main_effect,true,single,2026-03-20T16:02:25Z,more,TRUE,TRUE,TRUE,study,TRUE,7258.6875,3007.24101866725,FALSE,FALSE,FALSE,FALSE
2443,65cb6c039e74e4bae823b84b,8221,1,14,linechart-real-0-ordered-main_effect-1-29,right,increasing,ordered,main_effect,true,single,2026-03-20T16:02:33Z,less,TRUE,TRUE,TRUE,study,TRUE,7258.6875,3007.24101866725,FALSE,FALSE,FALSE,FALSE
2449,65cb6c039e74e4bae823b84b,6039,1,15,linechart-real-25-ordered-main_effect-0-28,left,increasing,ordered,main_effect,false,single,2026-03-20T16:02:40Z,less,TRUE,TRUE,TRUE,study,TRUE,7258.6875,3007.24101866725,FALSE,FALSE,FALSE,FALSE
2456,65cb6c039e74e4bae823b84b,6199,1,16,linechart-real-20-ordered-interaction-0-9,left,increasing,ordered,interaction,false,single,2026-03-20T16:02:50Z,less,TRUE,TRUE,TRUE,study,TRUE,7258.6875,3007.24101866725,FALSE,FALSE,FALSE,FALSE
2463,65cb6c039e74e4bae823b84b,4157,1,17,linechart-real-16-shuffled-interaction-0-23,left,increasing,shuffled,interaction,false,single,2026-03-20T16:02:55Z,less,TRUE,TRUE,TRUE,study,TRUE,7258.6875,3007.24101866725,FALSE,FALSE,FALSE,FALSE
2474,65cb6c039e74e4bae823b84b,14797,1,18,linechart-real-27-shuffled-interaction-1-2,right,increasing,shuffled,interaction,true,single,2026-03-20T16:03:10Z,more,TRUE,TRUE,TRUE,study,TRUE,7258.6875,3007.24101866725,FALSE,FALSE,FALSE,TRUE
2481,65cb6c039e74e4bae823b84b,6377,0,19,linechart-real-2-ordered-interaction-0-3,right,increasing,ordered,interaction,false,single,2026-03-20T16:03:18Z,more,TRUE,TRUE,TRUE,study,TRUE,7258.6875,3007.24101866725,FALSE,FALSE,FALSE,FALSE
2484,65cb6c039e74e4bae823b84b,5495,1,20,linechart-real-28-ordered-main_effect-1-10,right,increasing,ordered,main_effect,true,single,2026-03-20T16:03:25Z,more,TRUE,TRUE,TRUE,study,TRUE,7258.6875,3007.24101866725,FALSE,FALSE,FALSE,FALSE
2488,65cb6c039e74e4bae823b84b,5384,1,21,linechart-real-3-ordered-interaction-0-26,left,increasing,ordered,interaction,false,single,2026-03-20T16:03:31Z,more,TRUE,TRUE,TRUE,study,TRUE,7258.6875,3007.24101866725,FALSE,FALSE,FALSE,FALSE
2492,65cb6c039e74e4bae823b84b,2157,1,22,linechart-real-7-ordered-interaction-1-18,right,increasing,ordered,interaction,true,single,2026-03-20T16:03:34Z,more,TRUE,TRUE,TRUE,study,TRUE,7258.6875,3007.24101866725,FALSE,FALSE,FALSE,FALSE
2497,65cb6c039e74e4bae823b84b,8366,1,23,linechart-real-4-shuffled-main_effect-0-7,left,increasing,shuffled,main_effect,false,single,2026-03-20T16:03:43Z,less,TRUE,TRUE,TRUE,study,TRUE,7258.6875,3007.24101866725,FALSE,FALSE,FALSE,FALSE
2507,65cb6c039e74e4bae823b84b,7463,0,24,linechart-real-17-shuffled-main_effect-1-20,left,increasing,shuffled,main_effect,true,single,2026-03-20T16:03:53Z,less,TRUE,TRUE,TRUE,study,TRUE,7258.6875,3007.24101866725,FALSE,FALSE,FALSE,FALSE
2514,65cb6c039e74e4bae823b84b,6687,0,25,linechart-real-11-shuffled-interaction-0-11,right,increasing,shuffled,interaction,false,single,2026-03-20T16:04:02Z,less,TRUE,TRUE,TRUE,study,TRUE,7258.6875,3007.24101866725,FALSE,FALSE,FALSE,FALSE
2522,65cb6c039e74e4bae823b84b,6896,1,26,linechart-real-12-ordered-main_effect-0-8,left,increasing,ordered,main_effect,false,single,2026-03-20T16:04:10Z,less,TRUE,TRUE,TRUE,study,TRUE,7258.6875,3007.24101866725,FALSE,FALSE,FALSE,FALSE
2527,65cb6c039e74e4bae823b84b,4727,1,27,linechart-real-1-ordered-main_effect-0-4,left,increasing,ordered,main_effect,false,single,2026-03-20T16:04:16Z,less,TRUE,TRUE,TRUE,study,TRUE,7258.6875,3007.24101866725,FALSE,FALSE,FALSE,FALSE
2534,65cb6c039e74e4bae823b84b,5388,0,28,linechart-real-30-ordered-interaction-0-12,right,increasing,ordered,interaction,false,single,2026-03-20T16:04:22Z,more,TRUE,TRUE,TRUE,study,TRUE,7258.6875,3007.24101866725,FALSE,FALSE,FALSE,FALSE
2548,65cb6c039e74e4bae823b84b,12411,1,29,linechart-real-23-ordered-interaction-0-15,left,increasing,ordered,interaction,false,single,2026-03-20T16:04:36Z,more,TRUE,TRUE,TRUE,study,TRUE,7258.6875,3007.24101866725,FALSE,FALSE,FALSE,FALSE
2555,65cb6c039e74e4bae823b84b,6532,1,30,linechart-real-31-shuffled-interaction-1-31,right,increasing,shuffled,interaction,true,single,2026-03-20T16:04:43Z,more,TRUE,TRUE,TRUE,study,TRUE,7258.6875,3007.24101866725,FALSE,FALSE,FALSE,FALSE
2564,65cb6c039e74e4bae823b84b,8099,1,31,linechart-real-29-shuffled-main_effect-1-19,right,increasing,shuffled,main_effect,true,single,2026-03-20T16:04:52Z,less,TRUE,TRUE,TRUE,study,TRUE,7258.6875,3007.24101866725,FALSE,FALSE,FALSE,FALSE
3078,663a8c84b8e7c046d854c8dd,10002,1,0,linechart-real-10-ordered-main_effect-1-4,right,increasing,ordered,main_effect,true,single,2026-03-20T17:32:11Z,more,TRUE,TRUE,TRUE,study,TRUE,12789.25,5263.930593228085,FALSE,FALSE,FALSE,FALSE
3087,663a8c84b8e7c046d854c8dd,10850,1,1,linechart-real-6-ordered-main_effect-0-25,left,increasing,ordered,main_effect,false,single,2026-03-20T17:32:22Z,more,TRUE,TRUE,TRUE,study,TRUE,12789.25,5263.930593228085,FALSE,FALSE,FALSE,FALSE
3101,663a8c84b8e7c046d854c8dd,14474,1,2,linechart-real-3-shuffled-interaction-0-21,left,increasing,shuffled,interaction,false,single,2026-03-20T17:32:38Z,less,TRUE,TRUE,TRUE,study,TRUE,12789.25,5263.930593228085,FALSE,FALSE,FALSE,FALSE
3120,663a8c84b8e7c046d854c8dd,13054,1,3,linechart-real-12-ordered-interaction-1-8,right,increasing,ordered,interaction,true,single,2026-03-20T17:32:51Z,more,TRUE,TRUE,TRUE,study,TRUE,12789.25,5263.930593228085,FALSE,FALSE,FALSE,FALSE
3136,663a8c84b8e7c046d854c8dd,10794,1,4,linechart-real-7-ordered-main_effect-1-0,right,increasing,ordered,main_effect,true,single,2026-03-20T17:33:03Z,more,TRUE,TRUE,TRUE,study,TRUE,12789.25,5263.930593228085,FALSE,FALSE,FALSE,FALSE
3154,663a8c84b8e7c046d854c8dd,12695,1,5,linechart-real-17-shuffled-main_effect-0-22,left,increasing,shuffled,main_effect,false,single,2026-03-20T17:33:16Z,less,TRUE,TRUE,TRUE,study,TRUE,12789.25,5263.930593228085,FALSE,FALSE,FALSE,FALSE
3168,663a8c84b8e7c046d854c8dd,8421,1,6,linechart-real-30-ordered-main_effect-1-17,right,increasing,ordered,main_effect,true,single,2026-03-20T17:33:26Z,more,TRUE,TRUE,TRUE,study,TRUE,12789.25,5263.930593228085,FALSE,FALSE,FALSE,FALSE
3182,663a8c84b8e7c046d854c8dd,7621,1,7,linechart-real-0-ordered-main_effect-1-15,right,increasing,ordered,main_effect,true,single,2026-03-20T17:33:34Z,less,TRUE,TRUE,TRUE,study,TRUE,12789.25,5263.930593228085,FALSE,FALSE,FALSE,FALSE
3195,663a8c84b8e7c046d854c8dd,15664,1,8,linechart-real-5-ordered-interaction-0-11,left,increasing,ordered,interaction,false,single,2026-03-20T17:33:53Z,more,TRUE,TRUE,TRUE,study,TRUE,12789.25,5263.930593228085,FALSE,FALSE,FALSE,FALSE
3213,663a8c84b8e7c046d854c8dd,19138,1,9,linechart-real-29-shuffled-main_effect-0-23,left,increasing,shuffled,main_effect,false,single,2026-03-20T17:34:13Z,less,TRUE,TRUE,TRUE,study,TRUE,12789.25,5263.930593228085,FALSE,FALSE,FALSE,FALSE
3224,663a8c84b8e7c046d854c8dd,6655,1,10,linechart-real-28-ordered-main_effect-1-19,right,increasing,ordered,main_effect,true,single,2026-03-20T17:34:20Z,more,TRUE,TRUE,TRUE,study,TRUE,12789.25,5263.930593228085,FALSE,FALSE,FALSE,FALSE
3244,663a8c84b8e7c046d854c8dd,19999,1,11,linechart-real-31-ordered-interaction-1-10,right,increasing,ordered,interaction,true,single,2026-03-20T17:34:41Z,less,TRUE,TRUE,TRUE,study,TRUE,12789.25,5263.930593228085,FALSE,FALSE,FALSE,FALSE
3266,663a8c84b8e7c046d854c8dd,20971,1,12,linechart-real-22-shuffled-main_effect-0-3,left,increasing,shuffled,main_effect,false,single,2026-03-20T17:35:03Z,more,TRUE,TRUE,TRUE,study,TRUE,12789.25,5263.930593228085,FALSE,FALSE,FALSE,FALSE
3280,663a8c84b8e7c046d854c8dd,9484,1,13,linechart-real-11-shuffled-interaction-0-1,left,increasing,shuffled,interaction,false,single,2026-03-20T17:35:13Z,more,TRUE,TRUE,TRUE,study,TRUE,12789.25,5263.930593228085,FALSE,FALSE,FALSE,FALSE
3295,663a8c84b8e7c046d854c8dd,16957,1,14,linechart-real-21-ordered-interaction-1-13,right,increasing,ordered,interaction,true,single,2026-03-20T17:35:31Z,less,TRUE,TRUE,TRUE,study,TRUE,12789.25,5263.930593228085,FALSE,FALSE,FALSE,FALSE
3305,663a8c84b8e7c046d854c8dd,10768,1,15,linechart-real-8-shuffled-interaction-0-5,left,increasing,shuffled,interaction,false,single,2026-03-20T17:35:42Z,less,TRUE,TRUE,TRUE,study,TRUE,12789.25,5263.930593228085,FALSE,FALSE,FALSE,FALSE
3321,663a8c84b8e7c046d854c8dd,13529,1,16,linechart-real-20-shuffled-main_effect-1-31,right,increasing,shuffled,main_effect,true,single,2026-03-20T17:35:59Z,more,TRUE,TRUE,TRUE,study,TRUE,12789.25,5263.930593228085,FALSE,FALSE,FALSE,FALSE
3333,663a8c84b8e7c046d854c8dd,10454,1,17,linechart-real-27-ordered-interaction-0-24,left,increasing,ordered,interaction,false,single,2026-03-20T17:36:10Z,more,TRUE,TRUE,TRUE,study,TRUE,12789.25,5263.930593228085,FALSE,FALSE,FALSE,FALSE
3352,663a8c84b8e7c046d854c8dd,17357,1,18,linechart-real-16-shuffled-main_effect-0-12,left,increasing,shuffled,main_effect,false,single,2026-03-20T17:36:28Z,more,TRUE,TRUE,TRUE,study,TRUE,12789.25,5263.930593228085,FALSE,FALSE,FALSE,FALSE
3370,663a8c84b8e7c046d854c8dd,14584,1,19,linechart-real-23-shuffled-interaction-0-6,left,increasing,shuffled,interaction,false,single,2026-03-20T17:36:44Z,less,TRUE,TRUE,TRUE,study,TRUE,12789.25,5263.930593228085,FALSE,FALSE,FALSE,FALSE
3379,663a8c84b8e7c046d854c8dd,10214,1,20,linechart-real-15-shuffled-interaction-0-20,left,increasing,shuffled,interaction,false,single,2026-03-20T17:36:55Z,less,TRUE,TRUE,TRUE,study,TRUE,12789.25,5263.930593228085,FALSE,FALSE,FALSE,FALSE
3392,663a8c84b8e7c046d854c8dd,14295,1,21,linechart-real-2-ordered-interaction-1-7,right,increasing,ordered,interaction,true,single,2026-03-20T17:37:10Z,less,TRUE,TRUE,TRUE,study,TRUE,12789.25,5263.930593228085,FALSE,FALSE,FALSE,FALSE
3402,663a8c84b8e7c046d854c8dd,7311,1,22,linechart-real-19-ordered-interaction-1-27,right,increasing,ordered,interaction,true,single,2026-03-20T17:37:18Z,less,TRUE,TRUE,TRUE,study,TRUE,12789.25,5263.930593228085,FALSE,FALSE,FALSE,FALSE
3420,663a8c84b8e7c046d854c8dd,28850,1,23,linechart-real-1-shuffled-main_effect-1-28,right,increasing,shuffled,main_effect,true,single,2026-03-20T17:37:47Z,less,TRUE,TRUE,TRUE,study,TRUE,12789.25,5263.930593228085,FALSE,FALSE,FALSE,TRUE
3427,663a8c84b8e7c046d854c8dd,8634,1,24,linechart-real-24-shuffled-interaction-1-29,right,increasing,shuffled,interaction,true,single,2026-03-20T17:37:59Z,more,TRUE,TRUE,TRUE,study,TRUE,12789.25,5263.930593228085,FALSE,FALSE,FALSE,FALSE
3430,663a8c84b8e7c046d854c8dd,7109,1,25,linechart-real-18-shuffled-interaction-1-9,right,increasing,shuffled,interaction,true,single,2026-03-20T17:38:07Z,more,TRUE,TRUE,TRUE,study,TRUE,12789.25,5263.930593228085,FALSE,FALSE,FALSE,FALSE
3435,663a8c84b8e7c046d854c8dd,11266,1,26,linechart-real-26-shuffled-main_effect-1-26,right,increasing,shuffled,main_effect,true,single,2026-03-20T17:38:19Z,more,TRUE,TRUE,TRUE,study,TRUE,12789.25,5263.930593228085,FALSE,FALSE,FALSE,FALSE
3439,663a8c84b8e7c046d854c8dd,8050,1,27,linechart-real-13-ordered-main_effect-0-30,left,increasing,ordered,main_effect,false,single,2026-03-20T17:38:27Z,less,TRUE,TRUE,TRUE,study,TRUE,12789.25,5263.930593228085,FALSE,FALSE,FALSE,FALSE
3447,663a8c84b8e7c046d854c8dd,17099,1,28,linechart-real-14-ordered-main_effect-0-14,left,increasing,ordered,main_effect,false,single,2026-03-20T17:38:45Z,less,TRUE,TRUE,TRUE,study,TRUE,12789.25,5263.930593228085,FALSE,FALSE,FALSE,FALSE
3450,663a8c84b8e7c046d854c8dd,6670,1,29,linechart-real-4-ordered-interaction-1-16,right,increasing,ordered,interaction,true,single,2026-03-20T17:38:53Z,less,TRUE,TRUE,TRUE,study,TRUE,12789.25,5263.930593228085,FALSE,FALSE,FALSE,FALSE
3453,663a8c84b8e7c046d854c8dd,6082,1,30,linechart-real-25-shuffled-interaction-0-18,left,increasing,shuffled,interaction,false,single,2026-03-20T17:38:59Z,less,TRUE,TRUE,TRUE,study,TRUE,12789.25,5263.930593228085,FALSE,FALSE,FALSE,FALSE
3461,663a8c84b8e7c046d854c8dd,20205,1,31,linechart-real-9-shuffled-main_effect-0-2,left,increasing,shuffled,main_effect,false,single,2026-03-20T17:39:20Z,more,TRUE,TRUE,TRUE,study,TRUE,12789.25,5263.930593228085,FALSE,FALSE,FALSE,FALSE
3661,664003b962a847c71db3ebb0,14773,0,0,linechart-real-24-shuffled-interaction-0-22,right,increasing,shuffled,interaction,false,dual,2026-03-20T18:12:40Z,less,TRUE,TRUE,TRUE,study,TRUE,23463.78125,11645.556033856932,TRUE,FALSE,TRUE,FALSE
3662,664003b962a847c71db3ebb0,15461,0,1,linechart-real-1-shuffled-interaction-1-19,left,increasing,shuffled,interaction,true,dual,2026-03-20T18:12:57Z,more,TRUE,TRUE,TRUE,study,TRUE,23463.78125,11645.556033856932,TRUE,FALSE,TRUE,FALSE
3663,664003b962a847c71db3ebb0,1069,0,2,linechart-real-17-ordered-main_effect-0-9,right,increasing,ordered,main_effect,false,dual,2026-03-20T18:13:00Z,more,TRUE,TRUE,TRUE,study,TRUE,23463.78125,11645.556033856932,TRUE,FALSE,TRUE,FALSE
3664,664003b962a847c71db3ebb0,19210,0,3,linechart-real-25-shuffled-interaction-0-12,right,increasing,shuffled,interaction,false,dual,2026-03-20T18:13:21Z,more,TRUE,TRUE,TRUE,study,TRUE,23463.78125,11645.556033856932,TRUE,FALSE,TRUE,FALSE
3665,664003b962a847c71db3ebb0,8680,0,4,linechart-real-14-shuffled-main_effect-1-1,left,increasing,shuffled,main_effect,true,dual,2026-03-20T18:13:31Z,more,TRUE,TRUE,TRUE,study,TRUE,23463.78125,11645.556033856932,TRUE,FALSE,TRUE,FALSE
3666,664003b962a847c71db3ebb0,26728,0,5,linechart-real-15-ordered-main_effect-0-13,right,increasing,ordered,main_effect,false,dual,2026-03-20T18:13:59Z,more,TRUE,TRUE,TRUE,study,TRUE,23463.78125,11645.556033856932,TRUE,FALSE,TRUE,FALSE
3667,664003b962a847c71db3ebb0,19541,0,6,linechart-real-16-ordered-interaction-1-28,left,increasing,ordered,interaction,true,dual,2026-03-20T18:14:21Z,more,TRUE,TRUE,TRUE,study,TRUE,23463.78125,11645.556033856932,TRUE,FALSE,TRUE,FALSE
3668,664003b962a847c71db3ebb0,35834,0,7,linechart-real-10-ordered-interaction-0-21,right,increasing,ordered,interaction,false,dual,2026-03-20T18:14:58Z,less,TRUE,TRUE,TRUE,study,TRUE,23463.78125,11645.556033856932,TRUE,FALSE,TRUE,FALSE
3669,664003b962a847c71db3ebb0,54870,0,8,linechart-real-18-shuffled-main_effect-1-4,left,increasing,shuffled,main_effect,true,dual,2026-03-20T18:16:05Z,less,TRUE,TRUE,TRUE,study,TRUE,23463.78125,11645.556033856932,TRUE,FALSE,TRUE,TRUE
3670,664003b962a847c71db3ebb0,17733,1,9,linechart-real-6-shuffled-main_effect-0-27,left,increasing,shuffled,main_effect,false,dual,2026-03-20T18:16:24Z,more,TRUE,TRUE,TRUE,study,TRUE,23463.78125,11645.556033856932,TRUE,FALSE,TRUE,FALSE
3671,664003b962a847c71db3ebb0,16324,1,10,linechart-real-7-ordered-interaction-0-6,left,increasing,ordered,interaction,false,dual,2026-03-20T18:16:41Z,less,TRUE,TRUE,TRUE,study,TRUE,23463.78125,11645.556033856932,TRUE,FALSE,TRUE,FALSE
3672,664003b962a847c71db3ebb0,19192,0,11,linechart-real-30-ordered-interaction-1-30,left,increasing,ordered,interaction,true,dual,2026-03-20T18:17:01Z,less,TRUE,TRUE,TRUE,study,TRUE,23463.78125,11645.556033856932,TRUE,FALSE,TRUE,FALSE
3673,664003b962a847c71db3ebb0,31811,1,12,linechart-real-27-ordered-main_effect-0-24,left,increasing,ordered,main_effect,false,dual,2026-03-20T18:17:35Z,less,TRUE,TRUE,TRUE,study,TRUE,23463.78125,11645.556033856932,TRUE,FALSE,TRUE,FALSE
3674,664003b962a847c71db3ebb0,23434,1,13,linechart-real-12-ordered-interaction-1-18,right,increasing,ordered,interaction,true,dual,2026-03-20T18:17:59Z,more,TRUE,TRUE,TRUE,study,TRUE,23463.78125,11645.556033856932,TRUE,FALSE,TRUE,FALSE
3675,664003b962a847c71db3ebb0,37166,0,14,linechart-real-8-shuffled-main_effect-1-31,left,increasing,shuffled,main_effect,true,dual,2026-03-20T18:18:37Z,less,TRUE,TRUE,TRUE,study,TRUE,23463.78125,11645.556033856932,TRUE,FALSE,TRUE,FALSE
3676,664003b962a847c71db3ebb0,20782,1,15,linechart-real-21-ordered-main_effect-0-14,left,increasing,ordered,main_effect,false,dual,2026-03-20T18:18:59Z,more,TRUE,TRUE,TRUE,study,TRUE,23463.78125,11645.556033856932,TRUE,FALSE,TRUE,FALSE
3677,664003b962a847c71db3ebb0,26639,0,16,linechart-real-29-shuffled-interaction-1-0,left,increasing,shuffled,interaction,true,dual,2026-03-20T18:19:34Z,more,TRUE,TRUE,TRUE,study,TRUE,23463.78125,11645.556033856932,TRUE,FALSE,TRUE,FALSE
3678,664003b962a847c71db3ebb0,15603,1,17,linechart-real-11-ordered-main_effect-0-2,left,increasing,ordered,main_effect,false,dual,2026-03-20T18:19:51Z,more,TRUE,TRUE,TRUE,study,TRUE,23463.78125,11645.556033856932,TRUE,FALSE,TRUE,FALSE
3679,664003b962a847c71db3ebb0,50628,1,18,linechart-real-9-ordered-main_effect-1-20,right,increasing,ordered,main_effect,true,dual,2026-03-20T18:20:42Z,more,TRUE,TRUE,TRUE,study,TRUE,23463.78125,11645.556033856932,TRUE,FALSE,TRUE,TRUE
3680,664003b962a847c71db3ebb0,32227,1,19,linechart-real-23-ordered-main_effect-0-29,left,increasing,ordered,main_effect,false,dual,2026-03-20T18:21:15Z,less,TRUE,TRUE,TRUE,study,TRUE,23463.78125,11645.556033856932,TRUE,FALSE,TRUE,FALSE
3681,664003b962a847c71db3ebb0,28917,1,20,linechart-real-20-shuffled-main_effect-1-10,right,increasing,shuffled,main_effect,true,dual,2026-03-20T18:21:45Z,less,TRUE,TRUE,TRUE,study,TRUE,23463.78125,11645.556033856932,TRUE,FALSE,TRUE,FALSE
3682,664003b962a847c71db3ebb0,19116,0,21,linechart-real-28-shuffled-interaction-1-25,left,increasing,shuffled,interaction,true,dual,2026-03-20T18:22:04Z,less,TRUE,TRUE,TRUE,study,TRUE,23463.78125,11645.556033856932,TRUE,FALSE,TRUE,FALSE
3683,664003b962a847c71db3ebb0,16892,0,22,linechart-real-26-ordered-interaction-1-15,left,increasing,ordered,interaction,true,dual,2026-03-20T18:22:23Z,less,TRUE,TRUE,TRUE,study,TRUE,23463.78125,11645.556033856932,TRUE,FALSE,TRUE,FALSE
3684,664003b962a847c71db3ebb0,17586,1,23,linechart-real-5-shuffled-main_effect-0-11,left,increasing,shuffled,main_effect,false,dual,2026-03-20T18:22:42Z,more,TRUE,TRUE,TRUE,study,TRUE,23463.78125,11645.556033856932,TRUE,FALSE,TRUE,FALSE
3685,664003b962a847c71db3ebb0,31795,1,24,linechart-real-13-ordered-main_effect-1-5,right,increasing,ordered,main_effect,true,dual,2026-03-20T18:23:21Z,more,TRUE,TRUE,TRUE,study,TRUE,23463.78125,11645.556033856932,TRUE,FALSE,TRUE,FALSE
3686,664003b962a847c71db3ebb0,10031,0,25,linechart-real-22-shuffled-main_effect-0-8,right,increasing,shuffled,main_effect,false,dual,2026-03-20T18:23:32Z,less,TRUE,TRUE,TRUE,study,TRUE,23463.78125,11645.556033856932,TRUE,FALSE,TRUE,FALSE
3687,664003b962a847c71db3ebb0,40636,0,26,linechart-real-0-ordered-interaction-1-7,left,increasing,ordered,interaction,true,dual,2026-03-20T18:24:14Z,less,TRUE,TRUE,TRUE,study,TRUE,23463.78125,11645.556033856932,TRUE,FALSE,TRUE,FALSE
3688,664003b962a847c71db3ebb0,25004,1,27,linechart-real-2-shuffled-interaction-0-3,left,increasing,shuffled,interaction,false,dual,2026-03-20T18:24:41Z,more,TRUE,TRUE,TRUE,study,TRUE,23463.78125,11645.556033856932,TRUE,FALSE,TRUE,FALSE
3689,664003b962a847c71db3ebb0,18358,1,28,linechart-real-3-shuffled-interaction-0-17,left,increasing,shuffled,interaction,false,dual,2026-03-20T18:25:00Z,less,TRUE,TRUE,TRUE,study,TRUE,23463.78125,11645.556033856932,TRUE,FALSE,TRUE,FALSE
3690,664003b962a847c71db3ebb0,18940,1,29,linechart-real-4-shuffled-interaction-1-23,right,increasing,shuffled,interaction,true,dual,2026-03-20T18:25:19Z,more,TRUE,TRUE,TRUE,study,TRUE,23463.78125,11645.556033856932,TRUE,FALSE,TRUE,FALSE
3691,664003b962a847c71db3ebb0,9977,1,30,linechart-real-31-ordered-interaction-0-26,left,increasing,ordered,interaction,false,dual,2026-03-20T18:25:30Z,less,TRUE,TRUE,TRUE,study,TRUE,23463.78125,11645.556033856932,TRUE,FALSE,TRUE,FALSE
3692,664003b962a847c71db3ebb0,25884,0,31,linechart-real-19-shuffled-main_effect-1-16,left,increasing,shuffled,main_effect,true,dual,2026-03-20T18:25:57Z,less,TRUE,TRUE,TRUE,study,TRUE,23463.78125,11645.556033856932,TRUE,FALSE,TRUE,FALSE
2384,66465c850d9a3e177f2649fa,12988,1,0,linechart-real-29-ordered-main_effect-1-5,right,increasing,ordered,main_effect,true,dual,2026-03-20T16:01:23Z,more,TRUE,TRUE,TRUE,study,TRUE,12830.75,5809.090112529145,FALSE,FALSE,FALSE,FALSE
2390,66465c850d9a3e177f2649fa,6762,1,1,linechart-real-23-shuffled-main_effect-1-7,right,increasing,shuffled,main_effect,true,dual,2026-03-20T16:01:31Z,less,TRUE,TRUE,TRUE,study,TRUE,12830.75,5809.090112529145,FALSE,FALSE,FALSE,FALSE
2407,66465c850d9a3e177f2649fa,19575,1,2,linechart-real-8-ordered-interaction-1-11,right,increasing,ordered,interaction,true,dual,2026-03-20T16:01:51Z,more,TRUE,TRUE,TRUE,study,TRUE,12830.75,5809.090112529145,FALSE,FALSE,FALSE,FALSE
2418,66465c850d9a3e177f2649fa,14087,0,3,linechart-real-27-ordered-interaction-1-0,left,increasing,ordered,interaction,true,dual,2026-03-20T16:02:06Z,less,TRUE,TRUE,TRUE,study,TRUE,12830.75,5809.090112529145,FALSE,FALSE,FALSE,FALSE
2446,66465c850d9a3e177f2649fa,29668,1,4,linechart-real-20-shuffled-interaction-0-19,left,increasing,shuffled,interaction,false,dual,2026-03-20T16:02:37Z,more,TRUE,TRUE,TRUE,study,TRUE,12830.75,5809.090112529145,FALSE,FALSE,FALSE,TRUE
2471,66465c850d9a3e177f2649fa,28730,1,5,linechart-real-3-shuffled-main_effect-1-14,right,increasing,shuffled,main_effect,true,dual,2026-03-20T16:03:07Z,less,TRUE,TRUE,TRUE,study,TRUE,12830.75,5809.090112529145,FALSE,FALSE,FALSE,TRUE
2478,66465c850d9a3e177f2649fa,7688,1,6,linechart-real-31-ordered-main_effect-0-12,left,increasing,ordered,main_effect,false,dual,2026-03-20T16:03:15Z,more,TRUE,TRUE,TRUE,study,TRUE,12830.75,5809.090112529145,FALSE,FALSE,FALSE,FALSE
2486,66465c850d9a3e177f2649fa,11667,1,7,linechart-real-10-shuffled-main_effect-1-31,right,increasing,shuffled,main_effect,true,dual,2026-03-20T16:03:28Z,less,TRUE,TRUE,TRUE,study,TRUE,12830.75,5809.090112529145,FALSE,FALSE,FALSE,FALSE
2519,66465c850d9a3e177f2649fa,20290,1,8,linechart-real-28-shuffled-interaction-0-10,left,increasing,shuffled,interaction,false,dual,2026-03-20T16:04:04Z,more,TRUE,TRUE,TRUE,study,TRUE,12830.75,5809.090112529145,FALSE,FALSE,FALSE,FALSE
2528,66465c850d9a3e177f2649fa,12328,0,9,linechart-real-21-ordered-interaction-0-27,right,increasing,ordered,interaction,false,dual,2026-03-20T16:04:17Z,less,TRUE,TRUE,TRUE,study,TRUE,12830.75,5809.090112529145,FALSE,FALSE,FALSE,FALSE
2549,66465c850d9a3e177f2649fa,18090,1,10,linechart-real-25-shuffled-main_effect-0-29,left,increasing,shuffled,main_effect,false,dual,2026-03-20T16:04:37Z,less,TRUE,TRUE,TRUE,study,TRUE,12830.75,5809.090112529145,FALSE,FALSE,FALSE,FALSE
2562,66465c850d9a3e177f2649fa,11494,1,11,linechart-real-0-shuffled-interaction-1-25,right,increasing,shuffled,interaction,true,dual,2026-03-20T16:04:49Z,more,TRUE,TRUE,TRUE,study,TRUE,12830.75,5809.090112529145,FALSE,FALSE,FALSE,FALSE
2574,66465c850d9a3e177f2649fa,9791,0,12,linechart-real-30-ordered-interaction-0-3,right,increasing,ordered,interaction,false,dual,2026-03-20T16:05:00Z,more,TRUE,TRUE,TRUE,study,TRUE,12830.75,5809.090112529145,FALSE,FALSE,FALSE,FALSE
2597,66465c850d9a3e177f2649fa,17952,1,13,linechart-real-19-ordered-interaction-0-1,left,increasing,ordered,interaction,false,dual,2026-03-20T16:05:19Z,less,TRUE,TRUE,TRUE,study,TRUE,12830.75,5809.090112529145,FALSE,FALSE,FALSE,FALSE
2609,66465c850d9a3e177f2649fa,9088,1,14,linechart-real-7-ordered-main_effect-1-30,right,increasing,ordered,main_effect,true,dual,2026-03-20T16:05:29Z,less,TRUE,TRUE,TRUE,study,TRUE,12830.75,5809.090112529145,FALSE,FALSE,FALSE,FALSE
2622,66465c850d9a3e177f2649fa,12055,1,15,linechart-real-6-shuffled-interaction-0-28,left,increasing,shuffled,interaction,false,dual,2026-03-20T16:05:42Z,less,TRUE,TRUE,TRUE,study,TRUE,12830.75,5809.090112529145,FALSE,FALSE,FALSE,FALSE
2647,66465c850d9a3e177f2649fa,16022,1,16,linechart-real-22-ordered-interaction-1-24,right,increasing,ordered,interaction,true,dual,2026-03-20T16:06:03Z,more,TRUE,TRUE,TRUE,study,TRUE,12830.75,5809.090112529145,FALSE,FALSE,FALSE,FALSE
2658,66465c850d9a3e177f2649fa,7837,1,17,linechart-real-11-shuffled-main_effect-0-15,left,increasing,shuffled,main_effect,false,dual,2026-03-20T16:06:11Z,less,TRUE,TRUE,TRUE,study,TRUE,12830.75,5809.090112529145,FALSE,FALSE,FALSE,FALSE
2668,66465c850d9a3e177f2649fa,9135,1,18,linechart-real-24-shuffled-main_effect-0-17,left,increasing,shuffled,main_effect,false,dual,2026-03-20T16:06:21Z,less,TRUE,TRUE,TRUE,study,TRUE,12830.75,5809.090112529145,FALSE,FALSE,FALSE,FALSE
2682,66465c850d9a3e177f2649fa,12236,0,19,linechart-real-17-shuffled-interaction-0-22,right,increasing,shuffled,interaction,false,dual,2026-03-20T16:06:34Z,more,TRUE,TRUE,TRUE,study,TRUE,12830.75,5809.090112529145,FALSE,FALSE,FALSE,FALSE
2699,66465c850d9a3e177f2649fa,10529,1,20,linechart-real-14-shuffled-main_effect-0-26,left,increasing,shuffled,main_effect,false,dual,2026-03-20T16:06:47Z,less,TRUE,TRUE,TRUE,study,TRUE,12830.75,5809.090112529145,FALSE,FALSE,FALSE,FALSE
2709,66465c850d9a3e177f2649fa,8694,1,21,linechart-real-18-ordered-main_effect-1-18,right,increasing,ordered,main_effect,true,dual,2026-03-20T16:06:56Z,more,TRUE,TRUE,TRUE,study,TRUE,12830.75,5809.090112529145,FALSE,FALSE,FALSE,FALSE
2722,66465c850d9a3e177f2649fa,13107,1,22,linechart-real-13-ordered-interaction-1-13,right,increasing,ordered,interaction,true,dual,2026-03-20T16:07:10Z,more,TRUE,TRUE,TRUE,study,TRUE,12830.75,5809.090112529145,FALSE,FALSE,FALSE,FALSE
2730,66465c850d9a3e177f2649fa,11700,1,23,linechart-real-16-shuffled-interaction-1-21,right,increasing,shuffled,interaction,true,dual,2026-03-20T16:07:22Z,more,TRUE,TRUE,TRUE,study,TRUE,12830.75,5809.090112529145,FALSE,FALSE,FALSE,FALSE
2738,66465c850d9a3e177f2649fa,8916,1,24,linechart-real-26-shuffled-interaction-1-4,right,increasing,shuffled,interaction,true,dual,2026-03-20T16:07:34Z,more,TRUE,TRUE,TRUE,study,TRUE,12830.75,5809.090112529145,FALSE,FALSE,FALSE,FALSE
2749,66465c850d9a3e177f2649fa,12394,1,25,linechart-real-4-ordered-main_effect-0-9,left,increasing,ordered,main_effect,false,dual,2026-03-20T16:07:48Z,more,TRUE,TRUE,TRUE,study,TRUE,12830.75,5809.090112529145,FALSE,FALSE,FALSE,FALSE
2753,66465c850d9a3e177f2649fa,4785,1,26,linechart-real-5-ordered-main_effect-0-20,left,increasing,ordered,main_effect,false,dual,2026-03-20T16:07:53Z,less,TRUE,TRUE,TRUE,study,TRUE,12830.75,5809.090112529145,FALSE,FALSE,FALSE,FALSE
2761,66465c850d9a3e177f2649fa,6090,1,27,linechart-real-15-ordered-main_effect-0-8,left,increasing,ordered,main_effect,false,dual,2026-03-20T16:08:00Z,less,TRUE,TRUE,TRUE,study,TRUE,12830.75,5809.090112529145,FALSE,FALSE,FALSE,FALSE
2767,66465c850d9a3e177f2649fa,6761,1,28,linechart-real-1-ordered-main_effect-1-23,right,increasing,ordered,main_effect,true,dual,2026-03-20T16:08:07Z,less,TRUE,TRUE,TRUE,study,TRUE,12830.75,5809.090112529145,FALSE,FALSE,FALSE,FALSE
2774,66465c850d9a3e177f2649fa,9182,1,29,linechart-real-12-shuffled-main_effect-1-16,right,increasing,shuffled,main_effect,true,dual,2026-03-20T16:08:17Z,more,TRUE,TRUE,TRUE,study,TRUE,12830.75,5809.090112529145,FALSE,FALSE,FALSE,FALSE
2787,66465c850d9a3e177f2649fa,15418,0,30,linechart-real-2-shuffled-interaction-0-2,right,increasing,shuffled,interaction,false,dual,2026-03-20T16:08:34Z,less,TRUE,TRUE,TRUE,study,TRUE,12830.75,5809.090112529145,FALSE,FALSE,FALSE,FALSE
2796,66465c850d9a3e177f2649fa,15525,1,31,linechart-real-9-ordered-interaction-1-6,right,increasing,ordered,interaction,true,dual,2026-03-20T16:08:51Z,more,TRUE,TRUE,TRUE,study,TRUE,12830.75,5809.090112529145,FALSE,FALSE,FALSE,FALSE
3004,66a182588d81e6d035c2b106,19913,0,0,linechart-real-6-shuffled-interaction-0-25,right,increasing,shuffled,interaction,false,single,2026-03-20T16:53:18Z,more,TRUE,TRUE,TRUE,study,TRUE,9393.75,3439.01085741516,FALSE,FALSE,FALSE,TRUE
3005,66a182588d81e6d035c2b106,9775,1,1,linechart-real-31-ordered-main_effect-1-21,right,increasing,ordered,main_effect,true,single,2026-03-20T16:53:29Z,more,TRUE,TRUE,TRUE,study,TRUE,9393.75,3439.01085741516,FALSE,FALSE,FALSE,FALSE
3006,66a182588d81e6d035c2b106,4891,1,2,linechart-real-9-shuffled-interaction-0-31,left,increasing,shuffled,interaction,false,single,2026-03-20T16:53:35Z,less,TRUE,TRUE,TRUE,study,TRUE,9393.75,3439.01085741516,FALSE,FALSE,FALSE,FALSE
3007,66a182588d81e6d035c2b106,14883,1,3,linechart-real-16-ordered-main_effect-0-24,left,increasing,ordered,main_effect,false,single,2026-03-20T16:53:50Z,less,TRUE,TRUE,TRUE,study,TRUE,9393.75,3439.01085741516,FALSE,FALSE,FALSE,FALSE
3008,66a182588d81e6d035c2b106,11592,1,4,linechart-real-14-shuffled-main_effect-0-17,left,increasing,shuffled,main_effect,false,single,2026-03-20T16:54:03Z,more,TRUE,TRUE,TRUE,study,TRUE,9393.75,3439.01085741516,FALSE,FALSE,FALSE,FALSE
3009,66a182588d81e6d035c2b106,7822,0,5,linechart-real-1-ordered-interaction-1-13,left,increasing,ordered,interaction,true,single,2026-03-20T16:54:11Z,less,TRUE,TRUE,TRUE,study,TRUE,9393.75,3439.01085741516,FALSE,FALSE,FALSE,FALSE
3010,66a182588d81e6d035c2b106,10659,1,6,linechart-real-17-shuffled-interaction-0-11,left,increasing,shuffled,interaction,false,single,2026-03-20T16:54:23Z,less,TRUE,TRUE,TRUE,study,TRUE,9393.75,3439.01085741516,FALSE,FALSE,FALSE,FALSE
3011,66a182588d81e6d035c2b106,9930,1,7,linechart-real-2-shuffled-main_effect-1-4,right,increasing,shuffled,main_effect,true,single,2026-03-20T16:54:34Z,more,TRUE,TRUE,TRUE,study,TRUE,9393.75,3439.01085741516,FALSE,FALSE,FALSE,FALSE
3012,66a182588d81e6d035c2b106,7787,1,8,linechart-real-27-shuffled-main_effect-0-26,left,increasing,shuffled,main_effect,false,single,2026-03-20T16:55:05Z,more,TRUE,TRUE,TRUE,study,TRUE,9393.75,3439.01085741516,FALSE,FALSE,FALSE,FALSE
3013,66a182588d81e6d035c2b106,6040,1,9,linechart-real-20-ordered-main_effect-0-9,left,increasing,ordered,main_effect,false,single,2026-03-20T16:55:12Z,more,TRUE,TRUE,TRUE,study,TRUE,9393.75,3439.01085741516,FALSE,FALSE,FALSE,FALSE
3014,66a182588d81e6d035c2b106,7450,1,10,linechart-real-28-ordered-interaction-1-3,right,increasing,ordered,interaction,true,single,2026-03-20T16:55:20Z,more,TRUE,TRUE,TRUE,study,TRUE,9393.75,3439.01085741516,FALSE,FALSE,FALSE,FALSE
3015,66a182588d81e6d035c2b106,6512,1,11,linechart-real-4-shuffled-main_effect-1-8,right,increasing,shuffled,main_effect,true,single,2026-03-20T16:55:28Z,more,TRUE,TRUE,TRUE,study,TRUE,9393.75,3439.01085741516,FALSE,FALSE,FALSE,FALSE
3016,66a182588d81e6d035c2b106,6943,1,12,linechart-real-19-shuffled-interaction-1-22,right,increasing,shuffled,interaction,true,single,2026-03-20T16:55:35Z,less,TRUE,TRUE,TRUE,study,TRUE,9393.75,3439.01085741516,FALSE,FALSE,FALSE,FALSE
3017,66a182588d81e6d035c2b106,9436,1,13,linechart-real-13-ordered-interaction-0-7,left,increasing,ordered,interaction,false,single,2026-03-20T16:55:45Z,less,TRUE,TRUE,TRUE,study,TRUE,9393.75,3439.01085741516,FALSE,FALSE,FALSE,FALSE
3018,66a182588d81e6d035c2b106,8832,1,14,linechart-real-5-shuffled-interaction-1-1,right,increasing,shuffled,interaction,true,single,2026-03-20T16:55:55Z,more,TRUE,TRUE,TRUE,study,TRUE,9393.75,3439.01085741516,FALSE,FALSE,FALSE,FALSE
3019,66a182588d81e6d035c2b106,8530,1,15,linechart-real-22-ordered-interaction-0-5,left,increasing,ordered,interaction,false,single,2026-03-20T16:56:04Z,more,TRUE,TRUE,TRUE,study,TRUE,9393.75,3439.01085741516,FALSE,FALSE,FALSE,FALSE
3020,66a182588d81e6d035c2b106,13892,1,16,linechart-real-15-shuffled-main_effect-1-16,right,increasing,shuffled,main_effect,true,single,2026-03-20T16:56:42Z,less,TRUE,TRUE,TRUE,study,TRUE,9393.75,3439.01085741516,FALSE,FALSE,FALSE,FALSE
3021,66a182588d81e6d035c2b106,13402,0,17,linechart-real-30-shuffled-interaction-1-27,left,increasing,shuffled,interaction,true,single,2026-03-20T16:56:56Z,more,TRUE,TRUE,TRUE,study,TRUE,9393.75,3439.01085741516,FALSE,FALSE,FALSE,FALSE
3022,66a182588d81e6d035c2b106,16148,1,18,linechart-real-23-shuffled-main_effect-0-30,left,increasing,shuffled,main_effect,false,single,2026-03-20T16:57:14Z,more,TRUE,TRUE,TRUE,study,TRUE,9393.75,3439.01085741516,FALSE,FALSE,FALSE,FALSE
3023,66a182588d81e6d035c2b106,11679,1,19,linechart-real-21-ordered-interaction-0-10,left,increasing,ordered,interaction,false,single,2026-03-20T16:57:26Z,more,TRUE,TRUE,TRUE,study,TRUE,9393.75,3439.01085741516,FALSE,FALSE,FALSE,FALSE
3024,66a182588d81e6d035c2b106,12025,1,20,linechart-real-25-ordered-main_effect-1-12,right,increasing,ordered,main_effect,true,single,2026-03-20T16:57:39Z,less,TRUE,TRUE,TRUE,study,TRUE,9393.75,3439.01085741516,FALSE,FALSE,FALSE,FALSE
3025,66a182588d81e6d035c2b106,9046,1,21,linechart-real-7-shuffled-main_effect-1-29,right,increasing,shuffled,main_effect,true,single,2026-03-20T16:57:49Z,less,TRUE,TRUE,TRUE,study,TRUE,9393.75,3439.01085741516,FALSE,FALSE,FALSE,FALSE
3026,66a182588d81e6d035c2b106,6891,1,22,linechart-real-18-ordered-interaction-0-28,left,increasing,ordered,interaction,false,single,2026-03-20T16:57:56Z,less,TRUE,TRUE,TRUE,study,TRUE,9393.75,3439.01085741516,FALSE,FALSE,FALSE,FALSE
3027,66a182588d81e6d035c2b106,6156,1,23,linechart-real-11-ordered-main_effect-0-23,left,increasing,ordered,main_effect,false,single,2026-03-20T16:58:03Z,less,TRUE,TRUE,TRUE,study,TRUE,9393.75,3439.01085741516,FALSE,FALSE,FALSE,FALSE
3028,66a182588d81e6d035c2b106,7299,1,24,linechart-real-24-ordered-interaction-0-2,left,increasing,ordered,interaction,false,single,2026-03-20T16:59:34Z,less,TRUE,TRUE,TRUE,study,TRUE,9393.75,3439.01085741516,FALSE,FALSE,FALSE,FALSE
3029,66a182588d81e6d035c2b106,6344,1,25,linechart-real-29-shuffled-interaction-1-19,right,increasing,shuffled,interaction,true,single,2026-03-20T16:59:41Z,more,TRUE,TRUE,TRUE,study,TRUE,9393.75,3439.01085741516,FALSE,FALSE,FALSE,FALSE
3030,66a182588d81e6d035c2b106,8185,1,26,linechart-real-26-ordered-interaction-1-6,right,increasing,ordered,interaction,true,single,2026-03-20T16:59:50Z,more,TRUE,TRUE,TRUE,study,TRUE,9393.75,3439.01085741516,FALSE,FALSE,FALSE,FALSE
3031,66a182588d81e6d035c2b106,7887,1,27,linechart-real-3-ordered-main_effect-1-20,right,increasing,ordered,main_effect,true,single,2026-03-20T16:59:58Z,less,TRUE,TRUE,TRUE,study,TRUE,9393.75,3439.01085741516,FALSE,FALSE,FALSE,FALSE
3032,66a182588d81e6d035c2b106,7061,1,28,linechart-real-0-shuffled-interaction-1-14,right,increasing,shuffled,interaction,true,single,2026-03-20T17:00:06Z,more,TRUE,TRUE,TRUE,study,TRUE,9393.75,3439.01085741516,FALSE,FALSE,FALSE,FALSE
3033,66a182588d81e6d035c2b106,11138,1,29,linechart-real-8-ordered-main_effect-1-0,right,increasing,ordered,main_effect,true,single,2026-03-20T17:00:18Z,less,TRUE,TRUE,TRUE,study,TRUE,9393.75,3439.01085741516,FALSE,FALSE,FALSE,FALSE
3034,66a182588d81e6d035c2b106,8007,1,30,linechart-real-10-shuffled-main_effect-0-15,left,increasing,shuffled,main_effect,false,single,2026-03-20T17:00:27Z,less,TRUE,TRUE,TRUE,study,TRUE,9393.75,3439.01085741516,FALSE,FALSE,FALSE,FALSE
3035,66a182588d81e6d035c2b106,4445,1,31,linechart-real-12-ordered-main_effect-0-18,left,increasing,ordered,main_effect,false,single,2026-03-20T17:00:32Z,less,TRUE,TRUE,TRUE,study,TRUE,9393.75,3439.01085741516,FALSE,FALSE,FALSE,FALSE
3525,66b3e078bef7d6dd6c53e015,7235,1,0,linechart-real-18-ordered-main_effect-0-24,left,increasing,ordered,main_effect,false,dual,2026-03-20T17:48:22Z,less,TRUE,TRUE,TRUE,study,TRUE,12168.59375,4843.317370585758,FALSE,FALSE,FALSE,FALSE
3526,66b3e078bef7d6dd6c53e015,5682,1,1,linechart-real-5-shuffled-main_effect-1-12,right,increasing,shuffled,main_effect,true,dual,2026-03-20T17:48:29Z,less,TRUE,TRUE,TRUE,study,TRUE,12168.59375,4843.317370585758,FALSE,FALSE,FALSE,FALSE
3528,66b3e078bef7d6dd6c53e015,9758,1,2,linechart-real-1-ordered-main_effect-0-15,left,increasing,ordered,main_effect,false,dual,2026-03-20T17:48:39Z,more,TRUE,TRUE,TRUE,study,TRUE,12168.59375,4843.317370585758,FALSE,FALSE,FALSE,FALSE
3530,66b3e078bef7d6dd6c53e015,14822,1,3,linechart-real-15-ordered-interaction-1-16,right,increasing,ordered,interaction,true,dual,2026-03-20T17:48:55Z,less,TRUE,TRUE,TRUE,study,TRUE,12168.59375,4843.317370585758,FALSE,FALSE,FALSE,FALSE
3533,66b3e078bef7d6dd6c53e015,19632,1,4,linechart-real-4-shuffled-interaction-1-4,right,increasing,shuffled,interaction,true,dual,2026-03-20T17:49:15Z,less,TRUE,TRUE,TRUE,study,TRUE,12168.59375,4843.317370585758,FALSE,FALSE,FALSE,FALSE
3535,66b3e078bef7d6dd6c53e015,13071,1,5,linechart-real-24-shuffled-main_effect-0-27,left,increasing,shuffled,main_effect,false,dual,2026-03-20T17:49:29Z,more,TRUE,TRUE,TRUE,study,TRUE,12168.59375,4843.317370585758,FALSE,FALSE,FALSE,FALSE
3537,66b3e078bef7d6dd6c53e015,9964,1,6,linechart-real-17-ordered-main_effect-1-22,right,increasing,ordered,main_effect,true,dual,2026-03-20T17:49:39Z,less,TRUE,TRUE,TRUE,study,TRUE,12168.59375,4843.317370585758,FALSE,FALSE,FALSE,FALSE
3539,66b3e078bef7d6dd6c53e015,11062,0,7,linechart-real-0-shuffled-main_effect-1-8,left,increasing,shuffled,main_effect,true,dual,2026-03-20T17:49:51Z,less,TRUE,TRUE,TRUE,study,TRUE,12168.59375,4843.317370585758,FALSE,FALSE,FALSE,FALSE
3573,66b3e078bef7d6dd6c53e015,17099,0,8,linechart-real-14-shuffled-main_effect-0-29,right,increasing,shuffled,main_effect,false,dual,2026-03-20T17:52:24Z,more,TRUE,TRUE,TRUE,study,TRUE,12168.59375,4843.317370585758,FALSE,FALSE,FALSE,FALSE
3574,66b3e078bef7d6dd6c53e015,13358,1,9,linechart-real-21-ordered-interaction-0-18,left,increasing,ordered,interaction,false,dual,2026-03-20T17:52:39Z,less,TRUE,TRUE,TRUE,study,TRUE,12168.59375,4843.317370585758,FALSE,FALSE,FALSE,FALSE
3575,66b3e078bef7d6dd6c53e015,7341,1,10,linechart-real-19-ordered-interaction-1-7,right,increasing,ordered,interaction,true,dual,2026-03-20T17:52:47Z,more,TRUE,TRUE,TRUE,study,TRUE,12168.59375,4843.317370585758,FALSE,FALSE,FALSE,FALSE
3576,66b3e078bef7d6dd6c53e015,6047,1,11,linechart-real-29-ordered-interaction-0-5,left,increasing,ordered,interaction,false,dual,2026-03-20T17:52:53Z,less,TRUE,TRUE,TRUE,study,TRUE,12168.59375,4843.317370585758,FALSE,FALSE,FALSE,FALSE
3577,66b3e078bef7d6dd6c53e015,18541,1,12,linechart-real-20-shuffled-interaction-0-31,left,increasing,shuffled,interaction,false,dual,2026-03-20T17:53:12Z,less,TRUE,TRUE,TRUE,study,TRUE,12168.59375,4843.317370585758,FALSE,FALSE,FALSE,FALSE
3578,66b3e078bef7d6dd6c53e015,10995,0,13,linechart-real-25-ordered-interaction-1-21,left,increasing,ordered,interaction,true,dual,2026-03-20T17:53:24Z,more,TRUE,TRUE,TRUE,study,TRUE,12168.59375,4843.317370585758,FALSE,FALSE,FALSE,FALSE
3581,66b3e078bef7d6dd6c53e015,24668,1,14,linechart-real-9-ordered-main_effect-0-10,left,increasing,ordered,main_effect,false,dual,2026-03-20T17:53:50Z,more,TRUE,TRUE,TRUE,study,TRUE,12168.59375,4843.317370585758,FALSE,FALSE,FALSE,TRUE
3583,66b3e078bef7d6dd6c53e015,11936,1,15,linechart-real-7-shuffled-main_effect-0-30,left,increasing,shuffled,main_effect,false,dual,2026-03-20T17:54:03Z,more,TRUE,TRUE,TRUE,study,TRUE,12168.59375,4843.317370585758,FALSE,FALSE,FALSE,FALSE
3612,66b3e078bef7d6dd6c53e015,13746,1,16,linechart-real-22-shuffled-interaction-0-1,left,increasing,shuffled,interaction,false,dual,2026-03-20T17:59:22Z,less,TRUE,TRUE,TRUE,study,TRUE,12168.59375,4843.317370585758,FALSE,FALSE,FALSE,FALSE
3615,66b3e078bef7d6dd6c53e015,8857,0,17,linechart-real-2-shuffled-main_effect-1-3,left,increasing,shuffled,main_effect,true,dual,2026-03-20T17:59:32Z,less,TRUE,TRUE,TRUE,study,TRUE,12168.59375,4843.317370585758,FALSE,FALSE,FALSE,FALSE
3619,66b3e078bef7d6dd6c53e015,13341,0,18,linechart-real-30-shuffled-interaction-1-11,left,increasing,shuffled,interaction,true,dual,2026-03-20T17:59:47Z,more,TRUE,TRUE,TRUE,study,TRUE,12168.59375,4843.317370585758,FALSE,FALSE,FALSE,FALSE
3623,66b3e078bef7d6dd6c53e015,12562,1,19,linechart-real-6-ordered-main_effect-1-28,right,increasing,ordered,main_effect,true,dual,2026-03-20T18:00:01Z,more,TRUE,TRUE,TRUE,study,TRUE,12168.59375,4843.317370585758,FALSE,FALSE,FALSE,FALSE
3625,66b3e078bef7d6dd6c53e015,7230,1,20,linechart-real-16-ordered-interaction-1-25,right,increasing,ordered,interaction,true,dual,2026-03-20T18:00:09Z,more,TRUE,TRUE,TRUE,study,TRUE,12168.59375,4843.317370585758,FALSE,FALSE,FALSE,FALSE
3629,66b3e078bef7d6dd6c53e015,16559,1,21,linechart-real-28-shuffled-interaction-1-23,right,increasing,shuffled,interaction,true,dual,2026-03-20T18:00:26Z,less,TRUE,TRUE,TRUE,study,TRUE,12168.59375,4843.317370585758,FALSE,FALSE,FALSE,FALSE
3630,66b3e078bef7d6dd6c53e015,10838,1,22,linechart-real-11-ordered-main_effect-0-2,left,increasing,ordered,main_effect,false,dual,2026-03-20T18:00:38Z,more,TRUE,TRUE,TRUE,study,TRUE,12168.59375,4843.317370585758,FALSE,FALSE,FALSE,FALSE
3633,66b3e078bef7d6dd6c53e015,9639,1,23,linechart-real-27-ordered-main_effect-1-20,right,increasing,ordered,main_effect,true,dual,2026-03-20T18:00:48Z,more,TRUE,TRUE,TRUE,study,TRUE,12168.59375,4843.317370585758,FALSE,FALSE,FALSE,FALSE
3636,66b3e078bef7d6dd6c53e015,5642,1,24,linechart-real-23-ordered-main_effect-0-13,left,increasing,ordered,main_effect,false,dual,2026-03-20T18:01:03Z,less,TRUE,TRUE,TRUE,study,TRUE,12168.59375,4843.317370585758,FALSE,FALSE,FALSE,FALSE
3638,66b3e078bef7d6dd6c53e015,6801,1,25,linechart-real-8-shuffled-interaction-0-19,left,increasing,shuffled,interaction,false,dual,2026-03-20T18:01:10Z,less,TRUE,TRUE,TRUE,study,TRUE,12168.59375,4843.317370585758,FALSE,FALSE,FALSE,FALSE
3641,66b3e078bef7d6dd6c53e015,9468,1,26,linechart-real-12-shuffled-main_effect-1-6,right,increasing,shuffled,main_effect,true,dual,2026-03-20T18:01:20Z,less,TRUE,TRUE,TRUE,study,TRUE,12168.59375,4843.317370585758,FALSE,FALSE,FALSE,FALSE
3644,66b3e078bef7d6dd6c53e015,12906,1,27,linechart-real-13-ordered-interaction-0-14,left,increasing,ordered,interaction,false,dual,2026-03-20T18:01:34Z,less,TRUE,TRUE,TRUE,study,TRUE,12168.59375,4843.317370585758,FALSE,FALSE,FALSE,FALSE
3647,66b3e078bef7d6dd6c53e015,12624,0,28,linechart-real-31-shuffled-interaction-1-17,left,increasing,shuffled,interaction,true,dual,2026-03-20T18:01:47Z,more,TRUE,TRUE,TRUE,study,TRUE,12168.59375,4843.317370585758,FALSE,FALSE,FALSE,FALSE
3650,66b3e078bef7d6dd6c53e015,24508,1,29,linechart-real-26-shuffled-interaction-0-26,left,increasing,shuffled,interaction,false,dual,2026-03-20T18:02:13Z,more,TRUE,TRUE,TRUE,study,TRUE,12168.59375,4843.317370585758,FALSE,FALSE,FALSE,TRUE
3652,66b3e078bef7d6dd6c53e015,10829,1,30,linechart-real-10-ordered-interaction-1-9,right,increasing,ordered,interaction,true,dual,2026-03-20T18:02:25Z,more,TRUE,TRUE,TRUE,study,TRUE,12168.59375,4843.317370585758,FALSE,FALSE,FALSE,FALSE
3654,66b3e078bef7d6dd6c53e015,12634,1,31,linechart-real-3-shuffled-main_effect-0-0,left,increasing,shuffled,main_effect,false,dual,2026-03-20T18:02:38Z,more,TRUE,TRUE,TRUE,study,TRUE,12168.59375,4843.317370585758,FALSE,FALSE,FALSE,FALSE
2347,66bfc8fe4f0e1d8933bd472c,8520,1,0,linechart-real-6-ordered-interaction-1-0,right,increasing,ordered,interaction,true,dual,2026-03-20T16:00:20Z,less,TRUE,TRUE,TRUE,study,TRUE,3321.125,4244.308695942322,TRUE,FALSE,FALSE,FALSE
2351,66bfc8fe4f0e1d8933bd472c,6779,0,1,linechart-real-29-shuffled-interaction-0-8,right,increasing,shuffled,interaction,false,dual,2026-03-20T16:00:27Z,less,TRUE,TRUE,TRUE,study,TRUE,3321.125,4244.308695942322,TRUE,FALSE,FALSE,FALSE
2353,66bfc8fe4f0e1d8933bd472c,1367,1,2,linechart-real-22-shuffled-main_effect-0-2,left,increasing,shuffled,main_effect,false,dual,2026-03-20T16:00:30Z,less,TRUE,TRUE,TRUE,study,TRUE,3321.125,4244.308695942322,TRUE,FALSE,FALSE,FALSE
2355,66bfc8fe4f0e1d8933bd472c,2700,1,3,linechart-real-9-shuffled-interaction-1-1,right,increasing,shuffled,interaction,true,dual,2026-03-20T16:00:34Z,less,TRUE,TRUE,TRUE,study,TRUE,3321.125,4244.308695942322,TRUE,FALSE,FALSE,FALSE
2356,66bfc8fe4f0e1d8933bd472c,1116,1,4,linechart-real-1-shuffled-interaction-0-17,left,increasing,shuffled,interaction,false,dual,2026-03-20T16:00:35Z,more,TRUE,TRUE,TRUE,study,TRUE,3321.125,4244.308695942322,TRUE,FALSE,FALSE,FALSE
2359,66bfc8fe4f0e1d8933bd472c,5012,0,5,linechart-real-30-shuffled-main_effect-0-5,right,increasing,shuffled,main_effect,false,dual,2026-03-20T16:00:41Z,more,TRUE,TRUE,TRUE,study,TRUE,3321.125,4244.308695942322,TRUE,FALSE,FALSE,FALSE
2361,66bfc8fe4f0e1d8933bd472c,384,1,6,linechart-real-21-shuffled-main_effect-1-7,right,increasing,shuffled,main_effect,true,dual,2026-03-20T16:00:43Z,more,TRUE,TRUE,TRUE,study,TRUE,3321.125,4244.308695942322,TRUE,FALSE,FALSE,FALSE
2363,66bfc8fe4f0e1d8933bd472c,3464,1,7,linechart-real-10-ordered-main_effect-0-13,left,increasing,ordered,main_effect,false,dual,2026-03-20T16:00:47Z,less,TRUE,TRUE,TRUE,study,TRUE,3321.125,4244.308695942322,TRUE,FALSE,FALSE,FALSE
2371,66bfc8fe4f0e1d8933bd472c,3929,1,8,linechart-real-17-shuffled-interaction-0-14,left,increasing,shuffled,interaction,false,dual,2026-03-20T16:01:02Z,less,TRUE,TRUE,TRUE,study,TRUE,3321.125,4244.308695942322,TRUE,FALSE,FALSE,FALSE
2374,66bfc8fe4f0e1d8933bd472c,2531,0,9,linechart-real-23-shuffled-interaction-1-25,left,increasing,shuffled,interaction,true,dual,2026-03-20T16:01:05Z,more,TRUE,TRUE,TRUE,study,TRUE,3321.125,4244.308695942322,TRUE,FALSE,FALSE,FALSE
2379,66bfc8fe4f0e1d8933bd472c,5828,0,10,linechart-real-12-shuffled-main_effect-1-19,left,increasing,shuffled,main_effect,true,dual,2026-03-20T16:01:13Z,more,TRUE,TRUE,TRUE,study,TRUE,3321.125,4244.308695942322,TRUE,FALSE,FALSE,FALSE
2380,66bfc8fe4f0e1d8933bd472c,467,1,11,linechart-real-31-ordered-main_effect-1-6,right,increasing,ordered,main_effect,true,dual,2026-03-20T16:01:15Z,less,TRUE,TRUE,TRUE,study,TRUE,3321.125,4244.308695942322,TRUE,FALSE,FALSE,FALSE
2381,66bfc8fe4f0e1d8933bd472c,2480,1,12,linechart-real-7-ordered-main_effect-1-9,right,increasing,ordered,main_effect,true,dual,2026-03-20T16:01:18Z,less,TRUE,TRUE,TRUE,study,TRUE,3321.125,4244.308695942322,TRUE,FALSE,FALSE,FALSE
2382,66bfc8fe4f0e1d8933bd472c,892,0,13,linechart-real-15-ordered-main_effect-0-11,right,increasing,ordered,main_effect,false,dual,2026-03-20T16:01:20Z,more,TRUE,TRUE,TRUE,study,TRUE,3321.125,4244.308695942322,TRUE,FALSE,FALSE,FALSE
2383,66bfc8fe4f0e1d8933bd472c,249,1,14,linechart-real-20-ordered-interaction-1-10,right,increasing,ordered,interaction,true,dual,2026-03-20T16:01:22Z,more,TRUE,TRUE,TRUE,study,TRUE,3321.125,4244.308695942322,TRUE,FALSE,FALSE,FALSE
2387,66bfc8fe4f0e1d8933bd472c,3331,1,15,linechart-real-18-ordered-interaction-1-20,right,increasing,ordered,interaction,true,dual,2026-03-20T16:01:26Z,less,TRUE,TRUE,TRUE,study,TRUE,3321.125,4244.308695942322,TRUE,FALSE,FALSE,FALSE
2391,66bfc8fe4f0e1d8933bd472c,2484,0,16,linechart-real-11-shuffled-interaction-1-22,left,increasing,shuffled,interaction,true,dual,2026-03-20T16:01:33Z,more,TRUE,TRUE,TRUE,study,TRUE,3321.125,4244.308695942322,TRUE,FALSE,FALSE,FALSE
2392,66bfc8fe4f0e1d8933bd472c,218,1,17,linechart-real-28-ordered-interaction-1-24,right,increasing,ordered,interaction,true,dual,2026-03-20T16:01:35Z,less,TRUE,TRUE,TRUE,study,TRUE,3321.125,4244.308695942322,TRUE,FALSE,FALSE,FALSE
2397,66bfc8fe4f0e1d8933bd472c,3653,1,18,linechart-real-14-ordered-interaction-1-18,right,increasing,ordered,interaction,true,dual,2026-03-20T16:01:40Z,less,TRUE,TRUE,TRUE,study,TRUE,3321.125,4244.308695942322,TRUE,FALSE,FALSE,FALSE
2400,66bfc8fe4f0e1d8933bd472c,3564,0,19,linechart-real-2-ordered-main_effect-0-30,right,increasing,ordered,main_effect,false,dual,2026-03-20T16:01:44Z,more,TRUE,TRUE,TRUE,study,TRUE,3321.125,4244.308695942322,TRUE,FALSE,FALSE,FALSE
2401,66bfc8fe4f0e1d8933bd472c,1022,0,20,linechart-real-4-shuffled-interaction-1-16,left,increasing,shuffled,interaction,true,dual,2026-03-20T16:01:47Z,less,TRUE,TRUE,TRUE,study,TRUE,3321.125,4244.308695942322,TRUE,FALSE,FALSE,FALSE
2403,66bfc8fe4f0e1d8933bd472c,460,0,21,linechart-real-0-shuffled-interaction-0-27,right,increasing,shuffled,interaction,false,dual,2026-03-20T16:01:49Z,more,TRUE,TRUE,TRUE,study,TRUE,3321.125,4244.308695942322,TRUE,FALSE,FALSE,FALSE
2405,66bfc8fe4f0e1d8933bd472c,375,1,22,linechart-real-19-ordered-interaction-0-15,left,increasing,ordered,interaction,false,dual,2026-03-20T16:01:51Z,more,TRUE,TRUE,TRUE,study,TRUE,3321.125,4244.308695942322,TRUE,FALSE,FALSE,FALSE
2409,66bfc8fe4f0e1d8933bd472c,3681,0,23,linechart-real-27-ordered-main_effect-0-23,right,increasing,ordered,main_effect,false,dual,2026-03-20T16:01:56Z,less,TRUE,TRUE,TRUE,study,TRUE,3321.125,4244.308695942322,TRUE,FALSE,FALSE,FALSE
2428,66bfc8fe4f0e1d8933bd472c,22552,0,24,linechart-real-13-ordered-interaction-0-26,right,increasing,ordered,interaction,false,dual,2026-03-20T16:02:23Z,less,TRUE,TRUE,TRUE,study,TRUE,3321.125,4244.308695942322,TRUE,FALSE,FALSE,TRUE
2432,66bfc8fe4f0e1d8933bd472c,401,1,25,linechart-real-26-ordered-main_effect-0-21,left,increasing,ordered,main_effect,false,dual,2026-03-20T16:02:25Z,more,TRUE,TRUE,TRUE,study,TRUE,3321.125,4244.308695942322,TRUE,FALSE,FALSE,FALSE
2433,66bfc8fe4f0e1d8933bd472c,974,0,26,linechart-real-25-shuffled-main_effect-1-3,left,increasing,shuffled,main_effect,true,dual,2026-03-20T16:02:27Z,more,TRUE,TRUE,TRUE,study,TRUE,3321.125,4244.308695942322,TRUE,FALSE,FALSE,FALSE
2437,66bfc8fe4f0e1d8933bd472c,473,0,27,linechart-real-24-ordered-main_effect-0-4,right,increasing,ordered,main_effect,false,dual,2026-03-20T16:02:29Z,more,TRUE,TRUE,TRUE,study,TRUE,3321.125,4244.308695942322,TRUE,FALSE,FALSE,FALSE
2442,66bfc8fe4f0e1d8933bd472c,492,1,28,linechart-real-16-shuffled-main_effect-0-28,left,increasing,shuffled,main_effect,false,dual,2026-03-20T16:02:31Z,more,TRUE,TRUE,TRUE,study,TRUE,3321.125,4244.308695942322,TRUE,FALSE,FALSE,FALSE
2445,66bfc8fe4f0e1d8933bd472c,6310,0,29,linechart-real-8-ordered-interaction-1-31,left,increasing,ordered,interaction,true,dual,2026-03-20T16:02:38Z,less,TRUE,TRUE,TRUE,study,TRUE,3321.125,4244.308695942322,TRUE,FALSE,FALSE,FALSE
2451,66bfc8fe4f0e1d8933bd472c,2283,1,30,linechart-real-3-shuffled-main_effect-1-12,right,increasing,shuffled,main_effect,true,dual,2026-03-20T16:02:42Z,less,TRUE,TRUE,TRUE,study,TRUE,3321.125,4244.308695942322,TRUE,FALSE,FALSE,FALSE
2458,66bfc8fe4f0e1d8933bd472c,8285,0,31,linechart-real-5-shuffled-main_effect-0-29,right,increasing,shuffled,main_effect,false,dual,2026-03-20T16:02:51Z,more,TRUE,TRUE,TRUE,study,TRUE,3321.125,4244.308695942322,TRUE,FALSE,FALSE,FALSE
2972,66ca1f98117343c0b3e0b098,13482,1,0,linechart-real-0-shuffled-interaction-1-26,right,increasing,shuffled,interaction,true,dual,2026-03-20T16:27:10Z,more,TRUE,TRUE,TRUE,study,TRUE,8295.46875,5722.188234630204,TRUE,FALSE,FALSE,FALSE
2973,66ca1f98117343c0b3e0b098,22489,0,1,linechart-real-30-shuffled-interaction-0-23,right,increasing,shuffled,interaction,false,dual,2026-03-20T16:27:33Z,more,TRUE,TRUE,TRUE,study,TRUE,8295.46875,5722.188234630204,TRUE,FALSE,FALSE,TRUE
2974,66ca1f98117343c0b3e0b098,5067,1,2,linechart-real-6-shuffled-main_effect-1-2,right,increasing,shuffled,main_effect,true,dual,2026-03-20T16:27:40Z,less,TRUE,TRUE,TRUE,study,TRUE,8295.46875,5722.188234630204,TRUE,FALSE,FALSE,FALSE
2975,66ca1f98117343c0b3e0b098,5289,1,3,linechart-real-1-shuffled-main_effect-1-11,right,increasing,shuffled,main_effect,true,dual,2026-03-20T16:27:46Z,more,TRUE,TRUE,TRUE,study,TRUE,8295.46875,5722.188234630204,TRUE,FALSE,FALSE,FALSE
2976,66ca1f98117343c0b3e0b098,3081,0,4,linechart-real-24-ordered-main_effect-0-14,right,increasing,ordered,main_effect,false,dual,2026-03-20T16:27:50Z,less,TRUE,TRUE,TRUE,study,TRUE,8295.46875,5722.188234630204,TRUE,FALSE,FALSE,FALSE
2977,66ca1f98117343c0b3e0b098,369,0,5,linechart-real-26-ordered-main_effect-1-10,left,increasing,ordered,main_effect,true,dual,2026-03-20T16:27:52Z,more,TRUE,TRUE,TRUE,study,TRUE,8295.46875,5722.188234630204,TRUE,FALSE,FALSE,FALSE
2978,66ca1f98117343c0b3e0b098,2037,0,6,linechart-real-7-shuffled-interaction-0-4,right,increasing,shuffled,interaction,false,dual,2026-03-20T16:27:56Z,less,TRUE,TRUE,TRUE,study,TRUE,8295.46875,5722.188234630204,TRUE,FALSE,FALSE,FALSE
2979,66ca1f98117343c0b3e0b098,2991,1,7,linechart-real-19-ordered-interaction-0-24,left,increasing,ordered,interaction,false,dual,2026-03-20T16:28:01Z,less,TRUE,TRUE,TRUE,study,TRUE,8295.46875,5722.188234630204,TRUE,FALSE,FALSE,FALSE
2980,66ca1f98117343c0b3e0b098,6801,1,8,linechart-real-5-ordered-main_effect-0-30,left,increasing,ordered,main_effect,false,dual,2026-03-20T16:28:14Z,less,TRUE,TRUE,TRUE,study,TRUE,8295.46875,5722.188234630204,TRUE,FALSE,FALSE,FALSE
2981,66ca1f98117343c0b3e0b098,14862,1,9,linechart-real-25-shuffled-main_effect-1-22,right,increasing,shuffled,main_effect,true,dual,2026-03-20T16:28:29Z,less,TRUE,TRUE,TRUE,study,TRUE,8295.46875,5722.188234630204,TRUE,FALSE,FALSE,FALSE
2982,66ca1f98117343c0b3e0b098,17363,1,10,linechart-real-28-shuffled-main_effect-0-12,left,increasing,shuffled,main_effect,false,dual,2026-03-20T16:28:47Z,less,TRUE,TRUE,TRUE,study,TRUE,8295.46875,5722.188234630204,TRUE,FALSE,FALSE,FALSE
2983,66ca1f98117343c0b3e0b098,2796,1,11,linechart-real-16-ordered-interaction-1-7,right,increasing,ordered,interaction,true,dual,2026-03-20T16:28:51Z,more,TRUE,TRUE,TRUE,study,TRUE,8295.46875,5722.188234630204,TRUE,FALSE,FALSE,FALSE
2984,66ca1f98117343c0b3e0b098,9460,1,12,linechart-real-11-shuffled-main_effect-1-9,right,increasing,shuffled,main_effect,true,dual,2026-03-20T16:29:02Z,more,TRUE,TRUE,TRUE,study,TRUE,8295.46875,5722.188234630204,TRUE,FALSE,FALSE,FALSE
2985,66ca1f98117343c0b3e0b098,10805,1,13,linechart-real-22-ordered-main_effect-1-19,right,increasing,ordered,main_effect,true,dual,2026-03-20T16:29:13Z,more,TRUE,TRUE,TRUE,study,TRUE,8295.46875,5722.188234630204,TRUE,FALSE,FALSE,FALSE
2986,66ca1f98117343c0b3e0b098,2314,1,14,linechart-real-10-ordered-main_effect-1-16,right,increasing,ordered,main_effect,true,dual,2026-03-20T16:29:16Z,more,TRUE,TRUE,TRUE,study,TRUE,8295.46875,5722.188234630204,TRUE,FALSE,FALSE,FALSE
2987,66ca1f98117343c0b3e0b098,4880,1,15,linechart-real-13-shuffled-interaction-0-17,left,increasing,shuffled,interaction,false,dual,2026-03-20T16:29:22Z,more,TRUE,TRUE,TRUE,study,TRUE,8295.46875,5722.188234630204,TRUE,FALSE,FALSE,FALSE
2988,66ca1f98117343c0b3e0b098,10748,1,16,linechart-real-4-shuffled-interaction-1-20,right,increasing,shuffled,interaction,true,dual,2026-03-20T16:29:39Z,less,TRUE,TRUE,TRUE,study,TRUE,8295.46875,5722.188234630204,TRUE,FALSE,FALSE,FALSE
2989,66ca1f98117343c0b3e0b098,1933,0,17,linechart-real-18-ordered-interaction-0-18,right,increasing,ordered,interaction,false,dual,2026-03-20T16:29:42Z,more,TRUE,TRUE,TRUE,study,TRUE,8295.46875,5722.188234630204,TRUE,FALSE,FALSE,FALSE
2990,66ca1f98117343c0b3e0b098,9362,0,18,linechart-real-12-shuffled-interaction-0-6,right,increasing,shuffled,interaction,false,dual,2026-03-20T16:29:53Z,more,TRUE,TRUE,TRUE,study,TRUE,8295.46875,5722.188234630204,TRUE,FALSE,FALSE,FALSE
2991,66ca1f98117343c0b3e0b098,11221,1,19,linechart-real-15-shuffled-main_effect-0-5,left,increasing,shuffled,main_effect,false,dual,2026-03-20T16:30:06Z,more,TRUE,TRUE,TRUE,study,TRUE,8295.46875,5722.188234630204,TRUE,FALSE,FALSE,FALSE
2992,66ca1f98117343c0b3e0b098,7807,1,20,linechart-real-21-ordered-main_effect-1-0,right,increasing,ordered,main_effect,true,dual,2026-03-20T16:30:15Z,more,TRUE,TRUE,TRUE,study,TRUE,8295.46875,5722.188234630204,TRUE,FALSE,FALSE,FALSE
2993,66ca1f98117343c0b3e0b098,11539,1,21,linechart-real-17-ordered-main_effect-0-28,left,increasing,ordered,main_effect,false,dual,2026-03-20T16:30:27Z,less,TRUE,TRUE,TRUE,study,TRUE,8295.46875,5722.188234630204,TRUE,FALSE,FALSE,FALSE
2994,66ca1f98117343c0b3e0b098,6688,0,22,linechart-real-14-shuffled-interaction-1-31,left,increasing,shuffled,interaction,true,dual,2026-03-20T16:30:35Z,less,TRUE,TRUE,TRUE,study,TRUE,8295.46875,5722.188234630204,TRUE,FALSE,FALSE,FALSE
2995,66ca1f98117343c0b3e0b098,8730,1,23,linechart-real-8-shuffled-main_effect-1-27,right,increasing,shuffled,main_effect,true,dual,2026-03-20T16:30:45Z,less,TRUE,TRUE,TRUE,study,TRUE,8295.46875,5722.188234630204,TRUE,FALSE,FALSE,FALSE
2996,66ca1f98117343c0b3e0b098,9918,1,24,linechart-real-2-ordered-main_effect-0-15,left,increasing,ordered,main_effect,false,dual,2026-03-20T16:30:59Z,less,TRUE,TRUE,TRUE,study,TRUE,8295.46875,5722.188234630204,TRUE,FALSE,FALSE,FALSE
2997,66ca1f98117343c0b3e0b098,12043,1,25,linechart-real-29-ordered-interaction-1-21,right,increasing,ordered,interaction,true,dual,2026-03-20T16:31:12Z,less,TRUE,TRUE,TRUE,study,TRUE,8295.46875,5722.188234630204,TRUE,FALSE,FALSE,FALSE
2998,66ca1f98117343c0b3e0b098,1304,0,26,linechart-real-3-ordered-interaction-0-1,right,increasing,ordered,interaction,false,dual,2026-03-20T16:31:14Z,less,TRUE,TRUE,TRUE,study,TRUE,8295.46875,5722.188234630204,TRUE,FALSE,FALSE,FALSE
2999,66ca1f98117343c0b3e0b098,19146,1,27,linechart-real-23-shuffled-main_effect-0-8,left,increasing,shuffled,main_effect,false,dual,2026-03-20T16:31:35Z,more,TRUE,TRUE,TRUE,study,TRUE,8295.46875,5722.188234630204,TRUE,FALSE,FALSE,FALSE
3000,66ca1f98117343c0b3e0b098,1673,0,28,linechart-real-9-ordered-interaction-1-3,left,increasing,ordered,interaction,true,dual,2026-03-20T16:31:37Z,less,TRUE,TRUE,TRUE,study,TRUE,8295.46875,5722.188234630204,TRUE,FALSE,FALSE,FALSE
3001,66ca1f98117343c0b3e0b098,2287,0,29,linechart-real-31-shuffled-interaction-0-13,right,increasing,shuffled,interaction,false,dual,2026-03-20T16:31:42Z,more,TRUE,TRUE,TRUE,study,TRUE,8295.46875,5722.188234630204,TRUE,FALSE,FALSE,FALSE
3002,66ca1f98117343c0b3e0b098,11232,1,30,linechart-real-20-ordered-interaction-1-29,right,increasing,ordered,interaction,true,dual,2026-03-20T16:31:55Z,less,TRUE,TRUE,TRUE,study,TRUE,8295.46875,5722.188234630204,TRUE,FALSE,FALSE,FALSE
3003,66ca1f98117343c0b3e0b098,15738,1,31,linechart-real-27-ordered-interaction-0-25,left,increasing,ordered,interaction,false,dual,2026-03-20T16:32:11Z,more,TRUE,TRUE,TRUE,study,TRUE,8295.46875,5722.188234630204,TRUE,FALSE,FALSE,FALSE
1684,66cc97280604bbb0c7bc71bd,8705,1,0,linechart-real-0-shuffled-interaction-1-1,right,increasing,shuffled,interaction,true,dual,2026-03-19T15:09:57Z,more,TRUE,TRUE,TRUE,study,TRUE,3149.125,3566.1027317715325,TRUE,FALSE,FALSE,FALSE
1685,66cc97280604bbb0c7bc71bd,5703,1,1,linechart-real-11-shuffled-main_effect-0-6,left,increasing,shuffled,main_effect,false,dual,2026-03-19T15:10:03Z,more,TRUE,TRUE,TRUE,study,TRUE,3149.125,3566.1027317715325,TRUE,FALSE,FALSE,FALSE
1689,66cc97280604bbb0c7bc71bd,8506,0,2,linechart-real-2-shuffled-main_effect-1-18,left,increasing,shuffled,main_effect,true,dual,2026-03-19T15:10:13Z,less,TRUE,TRUE,TRUE,study,TRUE,3149.125,3566.1027317715325,TRUE,FALSE,FALSE,FALSE
1691,66cc97280604bbb0c7bc71bd,14022,1,3,linechart-real-10-ordered-main_effect-1-25,right,increasing,ordered,main_effect,true,dual,2026-03-19T15:10:28Z,less,TRUE,TRUE,TRUE,study,TRUE,3149.125,3566.1027317715325,TRUE,FALSE,FALSE,TRUE
1694,66cc97280604bbb0c7bc71bd,9527,1,4,linechart-real-7-ordered-main_effect-1-3,right,increasing,ordered,main_effect,true,dual,2026-03-19T15:10:38Z,more,TRUE,TRUE,TRUE,study,TRUE,3149.125,3566.1027317715325,TRUE,FALSE,FALSE,FALSE
1697,66cc97280604bbb0c7bc71bd,12362,0,5,linechart-real-5-shuffled-interaction-0-20,right,increasing,shuffled,interaction,false,dual,2026-03-19T15:10:51Z,less,TRUE,TRUE,TRUE,study,TRUE,3149.125,3566.1027317715325,TRUE,FALSE,FALSE,TRUE
1700,66cc97280604bbb0c7bc71bd,5307,0,6,linechart-real-17-ordered-interaction-0-27,right,increasing,ordered,interaction,false,dual,2026-03-19T15:10:58Z,less,TRUE,TRUE,TRUE,study,TRUE,3149.125,3566.1027317715325,TRUE,FALSE,FALSE,FALSE
1702,66cc97280604bbb0c7bc71bd,1006,1,7,linechart-real-8-ordered-main_effect-0-2,left,increasing,ordered,main_effect,false,dual,2026-03-19T15:11:01Z,less,TRUE,TRUE,TRUE,study,TRUE,3149.125,3566.1027317715325,TRUE,FALSE,FALSE,FALSE
1704,66cc97280604bbb0c7bc71bd,2398,1,8,linechart-real-14-shuffled-interaction-1-28,right,increasing,shuffled,interaction,true,dual,2026-03-19T15:11:10Z,less,TRUE,TRUE,TRUE,study,TRUE,3149.125,3566.1027317715325,TRUE,FALSE,FALSE,FALSE
1705,66cc97280604bbb0c7bc71bd,2369,0,9,linechart-real-19-shuffled-main_effect-0-4,right,increasing,shuffled,main_effect,false,dual,2026-03-19T15:11:12Z,more,TRUE,TRUE,TRUE,study,TRUE,3149.125,3566.1027317715325,TRUE,FALSE,FALSE,FALSE
1706,66cc97280604bbb0c7bc71bd,798,1,10,linechart-real-28-ordered-interaction-0-17,left,increasing,ordered,interaction,false,dual,2026-03-19T15:11:15Z,less,TRUE,TRUE,TRUE,study,TRUE,3149.125,3566.1027317715325,TRUE,FALSE,FALSE,FALSE
1708,66cc97280604bbb0c7bc71bd,1706,1,11,linechart-real-30-ordered-main_effect-0-19,left,increasing,ordered,main_effect,false,dual,2026-03-19T15:11:17Z,less,TRUE,TRUE,TRUE,study,TRUE,3149.125,3566.1027317715325,TRUE,FALSE,FALSE,FALSE
1710,66cc97280604bbb0c7bc71bd,2602,0,12,linechart-real-9-ordered-interaction-1-16,left,increasing,ordered,interaction,true,dual,2026-03-19T15:11:20Z,more,TRUE,TRUE,TRUE,study,TRUE,3149.125,3566.1027317715325,TRUE,FALSE,FALSE,FALSE
1712,66cc97280604bbb0c7bc71bd,1972,1,13,linechart-real-26-ordered-interaction-1-31,right,increasing,ordered,interaction,true,dual,2026-03-19T15:11:24Z,more,TRUE,TRUE,TRUE,study,TRUE,3149.125,3566.1027317715325,TRUE,FALSE,FALSE,FALSE
1713,66cc97280604bbb0c7bc71bd,1616,0,14,linechart-real-20-ordered-main_effect-0-10,right,increasing,ordered,main_effect,false,dual,2026-03-19T15:11:26Z,less,TRUE,TRUE,TRUE,study,TRUE,3149.125,3566.1027317715325,TRUE,FALSE,FALSE,FALSE
1715,66cc97280604bbb0c7bc71bd,1037,0,15,linechart-real-22-ordered-interaction-1-7,left,increasing,ordered,interaction,true,dual,2026-03-19T15:11:29Z,more,TRUE,TRUE,TRUE,study,TRUE,3149.125,3566.1027317715325,TRUE,FALSE,FALSE,FALSE
1718,66cc97280604bbb0c7bc71bd,1096,0,16,linechart-real-3-shuffled-interaction-0-5,right,increasing,shuffled,interaction,false,dual,2026-03-19T15:11:36Z,more,TRUE,TRUE,TRUE,study,TRUE,3149.125,3566.1027317715325,TRUE,FALSE,FALSE,FALSE
1721,66cc97280604bbb0c7bc71bd,523,1,17,linechart-real-6-ordered-interaction-1-9,right,increasing,ordered,interaction,true,dual,2026-03-19T15:11:38Z,more,TRUE,TRUE,TRUE,study,TRUE,3149.125,3566.1027317715325,TRUE,FALSE,FALSE,FALSE
1722,66cc97280604bbb0c7bc71bd,1803,0,18,linechart-real-29-shuffled-main_effect-0-29,right,increasing,shuffled,main_effect,false,dual,2026-03-19T15:11:40Z,more,TRUE,TRUE,TRUE,study,TRUE,3149.125,3566.1027317715325,TRUE,FALSE,FALSE,FALSE
1724,66cc97280604bbb0c7bc71bd,1302,0,19,linechart-real-27-shuffled-main_effect-1-21,left,increasing,shuffled,main_effect,true,dual,2026-03-19T15:11:43Z,more,TRUE,TRUE,TRUE,study,TRUE,3149.125,3566.1027317715325,TRUE,FALSE,FALSE,FALSE
1726,66cc97280604bbb0c7bc71bd,875,0,20,linechart-real-23-ordered-main_effect-1-15,left,increasing,ordered,main_effect,true,dual,2026-03-19T15:11:46Z,less,TRUE,TRUE,TRUE,study,TRUE,3149.125,3566.1027317715325,TRUE,FALSE,FALSE,FALSE
1727,66cc97280604bbb0c7bc71bd,750,1,21,linechart-real-13-shuffled-interaction-1-11,right,increasing,shuffled,interaction,true,dual,2026-03-19T15:11:48Z,more,TRUE,TRUE,TRUE,study,TRUE,3149.125,3566.1027317715325,TRUE,FALSE,FALSE,FALSE
1731,66cc97280604bbb0c7bc71bd,2367,0,22,linechart-real-1-shuffled-interaction-0-30,right,increasing,shuffled,interaction,false,dual,2026-03-19T15:11:51Z,less,TRUE,TRUE,TRUE,study,TRUE,3149.125,3566.1027317715325,TRUE,FALSE,FALSE,FALSE
1732,66cc97280604bbb0c7bc71bd,803,1,23,linechart-real-4-shuffled-main_effect-0-0,left,increasing,shuffled,main_effect,false,dual,2026-03-19T15:11:54Z,less,TRUE,TRUE,TRUE,study,TRUE,3149.125,3566.1027317715325,TRUE,FALSE,FALSE,FALSE
1733,66cc97280604bbb0c7bc71bd,1492,0,24,linechart-real-16-shuffled-interaction-0-24,right,increasing,shuffled,interaction,false,dual,2026-03-19T15:11:58Z,less,TRUE,TRUE,TRUE,study,TRUE,3149.125,3566.1027317715325,TRUE,FALSE,FALSE,FALSE
1736,66cc97280604bbb0c7bc71bd,1444,1,25,linechart-real-21-shuffled-interaction-0-13,left,increasing,shuffled,interaction,false,dual,2026-03-19T15:12:01Z,more,TRUE,TRUE,TRUE,study,TRUE,3149.125,3566.1027317715325,TRUE,FALSE,FALSE,FALSE
1737,66cc97280604bbb0c7bc71bd,936,0,26,linechart-real-25-ordered-interaction-1-14,left,increasing,ordered,interaction,true,dual,2026-03-19T15:12:02Z,more,TRUE,TRUE,TRUE,study,TRUE,3149.125,3566.1027317715325,TRUE,FALSE,FALSE,FALSE
1740,66cc97280604bbb0c7bc71bd,880,1,27,linechart-real-24-shuffled-main_effect-1-22,right,increasing,shuffled,main_effect,true,dual,2026-03-19T15:12:05Z,less,TRUE,TRUE,TRUE,study,TRUE,3149.125,3566.1027317715325,TRUE,FALSE,FALSE,FALSE
1741,66cc97280604bbb0c7bc71bd,1455,1,28,linechart-real-12-shuffled-main_effect-1-8,right,increasing,shuffled,main_effect,true,dual,2026-03-19T15:12:07Z,more,TRUE,TRUE,TRUE,study,TRUE,3149.125,3566.1027317715325,TRUE,FALSE,FALSE,FALSE
1742,66cc97280604bbb0c7bc71bd,1909,1,29,linechart-real-18-ordered-interaction-1-23,right,increasing,ordered,interaction,true,dual,2026-03-19T15:12:09Z,more,TRUE,TRUE,TRUE,study,TRUE,3149.125,3566.1027317715325,TRUE,FALSE,FALSE,FALSE
1743,66cc97280604bbb0c7bc71bd,2220,1,30,linechart-real-15-ordered-main_effect-0-12,left,increasing,ordered,main_effect,false,dual,2026-03-19T15:12:12Z,less,TRUE,TRUE,TRUE,study,TRUE,3149.125,3566.1027317715325,TRUE,FALSE,FALSE,FALSE
1744,66cc97280604bbb0c7bc71bd,1281,1,31,linechart-real-31-ordered-main_effect-0-26,left,increasing,ordered,main_effect,false,dual,2026-03-19T15:12:14Z,less,TRUE,TRUE,TRUE,study,TRUE,3149.125,3566.1027317715325,TRUE,FALSE,FALSE,FALSE
2199,66e4ef42a321cf28dda09db2,12008,0,0,linechart-real-4-shuffled-main_effect-1-18,left,increasing,shuffled,main_effect,true,single,2026-03-19T17:44:47Z,less,TRUE,TRUE,TRUE,study,TRUE,9658.34375,2241.152650000628,FALSE,FALSE,FALSE,FALSE
2200,66e4ef42a321cf28dda09db2,10345,1,1,linechart-real-21-ordered-main_effect-0-10,left,increasing,ordered,main_effect,false,single,2026-03-19T17:44:59Z,less,TRUE,TRUE,TRUE,study,TRUE,9658.34375,2241.152650000628,FALSE,FALSE,FALSE,FALSE
2201,66e4ef42a321cf28dda09db2,12856,1,2,linechart-real-10-shuffled-main_effect-1-23,right,increasing,shuffled,main_effect,true,single,2026-03-19T17:45:13Z,less,TRUE,TRUE,TRUE,study,TRUE,9658.34375,2241.152650000628,FALSE,FALSE,FALSE,FALSE
2202,66e4ef42a321cf28dda09db2,7868,1,3,linechart-real-7-shuffled-main_effect-1-29,right,increasing,shuffled,main_effect,true,single,2026-03-19T17:45:21Z,more,TRUE,TRUE,TRUE,study,TRUE,9658.34375,2241.152650000628,FALSE,FALSE,FALSE,FALSE
2203,66e4ef42a321cf28dda09db2,9028,1,4,linechart-real-29-shuffled-main_effect-1-28,right,increasing,shuffled,main_effect,true,single,2026-03-19T17:45:31Z,less,TRUE,TRUE,TRUE,study,TRUE,9658.34375,2241.152650000628,FALSE,FALSE,FALSE,FALSE
2204,66e4ef42a321cf28dda09db2,8428,1,5,linechart-real-18-ordered-interaction-1-22,right,increasing,ordered,interaction,true,single,2026-03-19T17:45:40Z,less,TRUE,TRUE,TRUE,study,TRUE,9658.34375,2241.152650000628,FALSE,FALSE,FALSE,FALSE
2205,66e4ef42a321cf28dda09db2,8076,1,6,linechart-real-23-ordered-main_effect-0-21,left,increasing,ordered,main_effect,false,single,2026-03-19T17:45:49Z,more,TRUE,TRUE,TRUE,study,TRUE,9658.34375,2241.152650000628,FALSE,FALSE,FALSE,FALSE
2206,66e4ef42a321cf28dda09db2,9743,1,7,linechart-real-26-ordered-main_effect-0-8,left,increasing,ordered,main_effect,false,single,2026-03-19T17:45:59Z,more,TRUE,TRUE,TRUE,study,TRUE,9658.34375,2241.152650000628,FALSE,FALSE,FALSE,FALSE
2207,66e4ef42a321cf28dda09db2,9899,0,8,linechart-real-8-ordered-interaction-0-20,right,increasing,ordered,interaction,false,single,2026-03-19T17:46:16Z,more,TRUE,TRUE,TRUE,study,TRUE,9658.34375,2241.152650000628,FALSE,FALSE,FALSE,FALSE
2208,66e4ef42a321cf28dda09db2,8337,1,9,linechart-real-19-ordered-interaction-1-13,right,increasing,ordered,interaction,true,single,2026-03-19T17:46:26Z,more,TRUE,TRUE,TRUE,study,TRUE,9658.34375,2241.152650000628,FALSE,FALSE,FALSE,FALSE
2209,66e4ef42a321cf28dda09db2,10235,1,10,linechart-real-2-ordered-main_effect-1-2,right,increasing,ordered,main_effect,true,single,2026-03-19T17:46:37Z,less,TRUE,TRUE,TRUE,study,TRUE,9658.34375,2241.152650000628,FALSE,FALSE,FALSE,FALSE
2210,66e4ef42a321cf28dda09db2,9323,1,11,linechart-real-3-shuffled-main_effect-0-31,left,increasing,shuffled,main_effect,false,single,2026-03-19T17:46:47Z,more,TRUE,TRUE,TRUE,study,TRUE,9658.34375,2241.152650000628,FALSE,FALSE,FALSE,FALSE
2211,66e4ef42a321cf28dda09db2,12545,1,12,linechart-real-1-shuffled-main_effect-1-0,right,increasing,shuffled,main_effect,true,single,2026-03-19T17:47:00Z,less,TRUE,TRUE,TRUE,study,TRUE,9658.34375,2241.152650000628,FALSE,FALSE,FALSE,FALSE
2212,66e4ef42a321cf28dda09db2,9436,1,13,linechart-real-31-ordered-interaction-1-1,right,increasing,ordered,interaction,true,single,2026-03-19T17:47:10Z,more,TRUE,TRUE,TRUE,study,TRUE,9658.34375,2241.152650000628,FALSE,FALSE,FALSE,FALSE
2213,66e4ef42a321cf28dda09db2,6763,1,14,linechart-real-13-ordered-interaction-1-25,right,increasing,ordered,interaction,true,single,2026-03-19T17:47:18Z,more,TRUE,TRUE,TRUE,study,TRUE,9658.34375,2241.152650000628,FALSE,FALSE,FALSE,FALSE
2214,66e4ef42a321cf28dda09db2,9326,1,15,linechart-real-0-ordered-interaction-0-14,left,increasing,ordered,interaction,false,single,2026-03-19T17:47:28Z,more,TRUE,TRUE,TRUE,study,TRUE,9658.34375,2241.152650000628,FALSE,FALSE,FALSE,FALSE
2215,66e4ef42a321cf28dda09db2,7506,1,16,linechart-real-27-ordered-interaction-1-4,right,increasing,ordered,interaction,true,single,2026-03-19T17:47:40Z,more,TRUE,TRUE,TRUE,study,TRUE,9658.34375,2241.152650000628,FALSE,FALSE,FALSE,FALSE
2216,66e4ef42a321cf28dda09db2,9639,1,17,linechart-real-9-shuffled-interaction-1-19,right,increasing,shuffled,interaction,true,single,2026-03-19T17:47:50Z,less,TRUE,TRUE,TRUE,study,TRUE,9658.34375,2241.152650000628,FALSE,FALSE,FALSE,FALSE
2217,66e4ef42a321cf28dda09db2,6381,1,18,linechart-real-6-ordered-main_effect-0-30,left,increasing,ordered,main_effect,false,single,2026-03-19T17:47:57Z,less,TRUE,TRUE,TRUE,study,TRUE,9658.34375,2241.152650000628,FALSE,FALSE,FALSE,FALSE
2218,66e4ef42a321cf28dda09db2,7751,1,19,linechart-real-25-shuffled-main_effect-0-26,left,increasing,shuffled,main_effect,false,single,2026-03-19T17:48:06Z,less,TRUE,TRUE,TRUE,study,TRUE,9658.34375,2241.152650000628,FALSE,FALSE,FALSE,FALSE
2219,66e4ef42a321cf28dda09db2,11098,1,20,linechart-real-24-shuffled-interaction-0-3,left,increasing,shuffled,interaction,false,single,2026-03-19T17:48:18Z,more,TRUE,TRUE,TRUE,study,TRUE,9658.34375,2241.152650000628,FALSE,FALSE,FALSE,FALSE
2220,66e4ef42a321cf28dda09db2,15741,1,21,linechart-real-30-shuffled-interaction-0-16,left,increasing,shuffled,interaction,false,single,2026-03-19T17:48:34Z,less,TRUE,TRUE,TRUE,study,TRUE,9658.34375,2241.152650000628,FALSE,FALSE,FALSE,TRUE
2221,66e4ef42a321cf28dda09db2,10557,1,22,linechart-real-17-shuffled-interaction-0-5,left,increasing,shuffled,interaction,false,single,2026-03-19T17:48:45Z,more,TRUE,TRUE,TRUE,study,TRUE,9658.34375,2241.152650000628,FALSE,FALSE,FALSE,FALSE
2222,66e4ef42a321cf28dda09db2,7606,1,23,linechart-real-20-shuffled-interaction-0-15,left,increasing,shuffled,interaction,false,single,2026-03-19T17:48:54Z,more,TRUE,TRUE,TRUE,study,TRUE,9658.34375,2241.152650000628,FALSE,FALSE,FALSE,FALSE
2223,66e4ef42a321cf28dda09db2,6541,1,24,linechart-real-12-ordered-main_effect-0-6,left,increasing,ordered,main_effect,false,single,2026-03-19T17:49:04Z,less,TRUE,TRUE,TRUE,study,TRUE,9658.34375,2241.152650000628,FALSE,FALSE,FALSE,FALSE
2224,66e4ef42a321cf28dda09db2,10379,0,25,linechart-real-15-ordered-interaction-0-24,right,increasing,ordered,interaction,false,single,2026-03-19T17:49:15Z,less,TRUE,TRUE,TRUE,study,TRUE,9658.34375,2241.152650000628,FALSE,FALSE,FALSE,FALSE
2225,66e4ef42a321cf28dda09db2,13908,1,26,linechart-real-11-ordered-main_effect-0-12,left,increasing,ordered,main_effect,false,single,2026-03-19T17:49:30Z,more,TRUE,TRUE,TRUE,study,TRUE,9658.34375,2241.152650000628,FALSE,FALSE,FALSE,FALSE
2226,66e4ef42a321cf28dda09db2,7152,1,27,linechart-real-28-shuffled-interaction-1-17,right,increasing,shuffled,interaction,true,single,2026-03-19T17:49:38Z,more,TRUE,TRUE,TRUE,study,TRUE,9658.34375,2241.152650000628,FALSE,FALSE,FALSE,FALSE
2227,66e4ef42a321cf28dda09db2,13082,1,28,linechart-real-16-shuffled-interaction-0-11,left,increasing,shuffled,interaction,false,single,2026-03-19T17:49:52Z,less,TRUE,TRUE,TRUE,study,TRUE,9658.34375,2241.152650000628,FALSE,FALSE,FALSE,FALSE
2228,66e4ef42a321cf28dda09db2,8421,1,29,linechart-real-14-shuffled-interaction-1-7,right,increasing,shuffled,interaction,true,single,2026-03-19T17:50:01Z,less,TRUE,TRUE,TRUE,study,TRUE,9658.34375,2241.152650000628,FALSE,FALSE,FALSE,FALSE
2229,66e4ef42a321cf28dda09db2,8602,1,30,linechart-real-5-ordered-main_effect-1-27,right,increasing,ordered,main_effect,true,single,2026-03-19T17:50:10Z,less,TRUE,TRUE,TRUE,study,TRUE,9658.34375,2241.152650000628,FALSE,FALSE,FALSE,FALSE
2230,66e4ef42a321cf28dda09db2,10487,1,31,linechart-real-22-shuffled-main_effect-1-9,right,increasing,shuffled,main_effect,true,single,2026-03-19T17:50:22Z,more,TRUE,TRUE,TRUE,study,TRUE,9658.34375,2241.152650000628,FALSE,FALSE,FALSE,FALSE
3044,66e9cc5fb04f5ba6d8b5a3f1,11589,1,0,linechart-real-15-shuffled-interaction-0-30,left,increasing,shuffled,interaction,false,single,2026-03-20T17:31:17Z,more,TRUE,TRUE,TRUE,study,TRUE,10467,2395.994035751099,FALSE,FALSE,FALSE,FALSE
3051,66e9cc5fb04f5ba6d8b5a3f1,12279,1,1,linechart-real-8-ordered-interaction-1-8,right,increasing,ordered,interaction,true,single,2026-03-20T17:31:30Z,more,TRUE,TRUE,TRUE,study,TRUE,10467,2395.994035751099,FALSE,FALSE,FALSE,FALSE
3054,66e9cc5fb04f5ba6d8b5a3f1,8233,1,2,linechart-real-23-ordered-main_effect-0-2,left,increasing,ordered,main_effect,false,single,2026-03-20T17:31:39Z,less,TRUE,TRUE,TRUE,study,TRUE,10467,2395.994035751099,FALSE,FALSE,FALSE,FALSE
3063,66e9cc5fb04f5ba6d8b5a3f1,13461,1,3,linechart-real-3-ordered-interaction-1-0,right,increasing,ordered,interaction,true,single,2026-03-20T17:31:53Z,less,TRUE,TRUE,TRUE,study,TRUE,10467,2395.994035751099,FALSE,FALSE,FALSE,FALSE
3072,66e9cc5fb04f5ba6d8b5a3f1,11734,1,4,linechart-real-30-shuffled-interaction-0-6,left,increasing,shuffled,interaction,false,single,2026-03-20T17:32:05Z,more,TRUE,TRUE,TRUE,study,TRUE,10467,2395.994035751099,FALSE,FALSE,FALSE,FALSE
3084,66e9cc5fb04f5ba6d8b5a3f1,11438,1,5,linechart-real-18-ordered-interaction-1-27,right,increasing,ordered,interaction,true,single,2026-03-20T17:32:17Z,more,TRUE,TRUE,TRUE,study,TRUE,10467,2395.994035751099,FALSE,FALSE,FALSE,FALSE
3096,66e9cc5fb04f5ba6d8b5a3f1,15096,1,6,linechart-real-17-shuffled-interaction-0-23,left,increasing,shuffled,interaction,false,single,2026-03-20T17:32:33Z,less,TRUE,TRUE,TRUE,study,TRUE,10467,2395.994035751099,FALSE,FALSE,FALSE,FALSE
3112,66e9cc5fb04f5ba6d8b5a3f1,12410,1,7,linechart-real-10-shuffled-main_effect-1-1,right,increasing,shuffled,main_effect,true,single,2026-03-20T17:32:46Z,more,TRUE,TRUE,TRUE,study,TRUE,10467,2395.994035751099,FALSE,FALSE,FALSE,FALSE
3134,66e9cc5fb04f5ba6d8b5a3f1,8950,1,8,linechart-real-19-shuffled-interaction-1-14,right,increasing,shuffled,interaction,true,single,2026-03-20T17:33:03Z,more,TRUE,TRUE,TRUE,study,TRUE,10467,2395.994035751099,FALSE,FALSE,FALSE,FALSE
3152,66e9cc5fb04f5ba6d8b5a3f1,13366,1,9,linechart-real-0-shuffled-interaction-0-13,left,increasing,shuffled,interaction,false,single,2026-03-20T17:33:17Z,more,TRUE,TRUE,TRUE,study,TRUE,10467,2395.994035751099,FALSE,FALSE,FALSE,FALSE
3172,66e9cc5fb04f5ba6d8b5a3f1,10621,1,10,linechart-real-7-shuffled-interaction-1-25,right,increasing,shuffled,interaction,true,single,2026-03-20T17:33:28Z,less,TRUE,TRUE,TRUE,study,TRUE,10467,2395.994035751099,FALSE,FALSE,FALSE,FALSE
3187,66e9cc5fb04f5ba6d8b5a3f1,11879,1,11,linechart-real-27-ordered-interaction-1-11,right,increasing,ordered,interaction,true,single,2026-03-20T17:33:41Z,less,TRUE,TRUE,TRUE,study,TRUE,10467,2395.994035751099,FALSE,FALSE,FALSE,FALSE
3196,66e9cc5fb04f5ba6d8b5a3f1,12647,1,12,linechart-real-9-ordered-main_effect-0-19,left,increasing,ordered,main_effect,false,single,2026-03-20T17:33:54Z,more,TRUE,TRUE,TRUE,study,TRUE,10467,2395.994035751099,FALSE,FALSE,FALSE,FALSE
3205,66e9cc5fb04f5ba6d8b5a3f1,9678,1,13,linechart-real-16-ordered-interaction-0-3,left,increasing,ordered,interaction,false,single,2026-03-20T17:34:05Z,less,TRUE,TRUE,TRUE,study,TRUE,10467,2395.994035751099,FALSE,FALSE,FALSE,FALSE
3212,66e9cc5fb04f5ba6d8b5a3f1,8328,1,14,linechart-real-5-ordered-interaction-1-20,right,increasing,ordered,interaction,true,single,2026-03-20T17:34:14Z,less,TRUE,TRUE,TRUE,study,TRUE,10467,2395.994035751099,FALSE,FALSE,FALSE,FALSE
3229,66e9cc5fb04f5ba6d8b5a3f1,13395,1,15,linechart-real-21-shuffled-main_effect-0-12,left,increasing,shuffled,main_effect,false,single,2026-03-20T17:34:28Z,less,TRUE,TRUE,TRUE,study,TRUE,10467,2395.994035751099,FALSE,FALSE,FALSE,FALSE
3247,66e9cc5fb04f5ba6d8b5a3f1,12335,1,16,linechart-real-14-shuffled-main_effect-0-18,left,increasing,shuffled,main_effect,false,single,2026-03-20T17:34:44Z,less,TRUE,TRUE,TRUE,study,TRUE,10467,2395.994035751099,FALSE,FALSE,FALSE,FALSE
3258,66e9cc5fb04f5ba6d8b5a3f1,8617,1,17,linechart-real-12-ordered-main_effect-0-9,left,increasing,ordered,main_effect,false,single,2026-03-20T17:34:54Z,more,TRUE,TRUE,TRUE,study,TRUE,10467,2395.994035751099,FALSE,FALSE,FALSE,FALSE
3263,66e9cc5fb04f5ba6d8b5a3f1,8297,1,18,linechart-real-26-ordered-main_effect-0-17,left,increasing,ordered,main_effect,false,single,2026-03-20T17:35:03Z,less,TRUE,TRUE,TRUE,study,TRUE,10467,2395.994035751099,FALSE,FALSE,FALSE,FALSE
3276,66e9cc5fb04f5ba6d8b5a3f1,7946,1,19,linechart-real-29-shuffled-main_effect-1-29,right,increasing,shuffled,main_effect,true,single,2026-03-20T17:35:11Z,more,TRUE,TRUE,TRUE,study,TRUE,10467,2395.994035751099,FALSE,FALSE,FALSE,FALSE
3290,66e9cc5fb04f5ba6d8b5a3f1,16170,1,20,linechart-real-20-shuffled-interaction-1-4,right,increasing,shuffled,interaction,true,single,2026-03-20T17:35:28Z,more,TRUE,TRUE,TRUE,study,TRUE,10467,2395.994035751099,FALSE,FALSE,FALSE,TRUE
3299,66e9cc5fb04f5ba6d8b5a3f1,8479,1,21,linechart-real-28-shuffled-main_effect-1-31,right,increasing,shuffled,main_effect,true,single,2026-03-20T17:35:37Z,more,TRUE,TRUE,TRUE,study,TRUE,10467,2395.994035751099,FALSE,FALSE,FALSE,FALSE
3309,66e9cc5fb04f5ba6d8b5a3f1,10306,1,22,linechart-real-6-shuffled-main_effect-1-22,right,increasing,shuffled,main_effect,true,single,2026-03-20T17:35:48Z,less,TRUE,TRUE,TRUE,study,TRUE,10467,2395.994035751099,FALSE,FALSE,FALSE,FALSE
3322,66e9cc5fb04f5ba6d8b5a3f1,11242,1,23,linechart-real-11-ordered-interaction-0-5,left,increasing,ordered,interaction,false,single,2026-03-20T17:36:00Z,more,TRUE,TRUE,TRUE,study,TRUE,10467,2395.994035751099,FALSE,FALSE,FALSE,FALSE
3334,66e9cc5fb04f5ba6d8b5a3f1,7669,1,24,linechart-real-2-ordered-main_effect-1-16,right,increasing,ordered,main_effect,true,single,2026-03-20T17:36:12Z,less,TRUE,TRUE,TRUE,study,TRUE,10467,2395.994035751099,FALSE,FALSE,FALSE,FALSE
3345,66e9cc5fb04f5ba6d8b5a3f1,9476,1,25,linechart-real-31-ordered-main_effect-0-10,left,increasing,ordered,main_effect,false,single,2026-03-20T17:36:22Z,more,TRUE,TRUE,TRUE,study,TRUE,10467,2395.994035751099,FALSE,FALSE,FALSE,FALSE
3351,66e9cc5fb04f5ba6d8b5a3f1,6448,1,26,linechart-real-1-ordered-main_effect-1-15,right,increasing,ordered,main_effect,true,single,2026-03-20T17:36:29Z,more,TRUE,TRUE,TRUE,study,TRUE,10467,2395.994035751099,FALSE,FALSE,FALSE,FALSE
3360,66e9cc5fb04f5ba6d8b5a3f1,8543,1,27,linechart-real-22-ordered-main_effect-1-7,right,increasing,ordered,main_effect,true,single,2026-03-20T17:36:38Z,less,TRUE,TRUE,TRUE,study,TRUE,10467,2395.994035751099,FALSE,FALSE,FALSE,FALSE
3371,66e9cc5fb04f5ba6d8b5a3f1,7287,1,28,linechart-real-13-shuffled-main_effect-1-28,right,increasing,shuffled,main_effect,true,single,2026-03-20T17:36:46Z,more,TRUE,TRUE,TRUE,study,TRUE,10467,2395.994035751099,FALSE,FALSE,FALSE,FALSE
3380,66e9cc5fb04f5ba6d8b5a3f1,8839,1,29,linechart-real-24-shuffled-main_effect-0-21,left,increasing,shuffled,main_effect,false,single,2026-03-20T17:36:56Z,less,TRUE,TRUE,TRUE,study,TRUE,10467,2395.994035751099,FALSE,FALSE,FALSE,FALSE
3388,66e9cc5fb04f5ba6d8b5a3f1,9399,1,30,linechart-real-4-ordered-interaction-0-26,left,increasing,ordered,interaction,false,single,2026-03-20T17:37:06Z,less,TRUE,TRUE,TRUE,study,TRUE,10467,2395.994035751099,FALSE,FALSE,FALSE,FALSE
3395,66e9cc5fb04f5ba6d8b5a3f1,8787,1,31,linechart-real-25-shuffled-interaction-0-24,left,increasing,shuffled,interaction,false,single,2026-03-20T17:37:16Z,less,TRUE,TRUE,TRUE,study,TRUE,10467,2395.994035751099,FALSE,FALSE,FALSE,FALSE
2420,66ea6797ef341f18e62ad904,12849,1,0,linechart-real-7-shuffled-main_effect-1-18,right,increasing,shuffled,main_effect,true,dual,2026-03-20T16:02:09Z,less,TRUE,TRUE,TRUE,study,TRUE,9663.03125,3407.580775407594,TRUE,FALSE,FALSE,FALSE
2429,66ea6797ef341f18e62ad904,13793,1,1,linechart-real-30-ordered-main_effect-1-9,right,increasing,ordered,main_effect,true,dual,2026-03-20T16:02:23Z,less,TRUE,TRUE,TRUE,study,TRUE,9663.03125,3407.580775407594,TRUE,FALSE,FALSE,FALSE
2448,66ea6797ef341f18e62ad904,15941,1,2,linechart-real-15-ordered-interaction-1-6,right,increasing,ordered,interaction,true,dual,2026-03-20T16:02:40Z,less,TRUE,TRUE,TRUE,study,TRUE,9663.03125,3407.580775407594,TRUE,FALSE,FALSE,FALSE
2461,66ea6797ef341f18e62ad904,13794,1,3,linechart-real-3-shuffled-main_effect-1-21,right,increasing,shuffled,main_effect,true,dual,2026-03-20T16:02:55Z,more,TRUE,TRUE,TRUE,study,TRUE,9663.03125,3407.580775407594,TRUE,FALSE,FALSE,FALSE
2475,66ea6797ef341f18e62ad904,15622,0,4,linechart-real-31-shuffled-interaction-0-7,right,increasing,shuffled,interaction,false,dual,2026-03-20T16:03:11Z,less,TRUE,TRUE,TRUE,study,TRUE,9663.03125,3407.580775407594,TRUE,FALSE,FALSE,FALSE
2485,66ea6797ef341f18e62ad904,13994,0,5,linechart-real-26-shuffled-interaction-0-20,right,increasing,shuffled,interaction,false,dual,2026-03-20T16:03:27Z,more,TRUE,TRUE,TRUE,study,TRUE,9663.03125,3407.580775407594,TRUE,FALSE,FALSE,FALSE
2495,66ea6797ef341f18e62ad904,8601,0,6,linechart-real-4-ordered-main_effect-0-23,right,increasing,ordered,main_effect,false,dual,2026-03-20T16:03:37Z,more,TRUE,TRUE,TRUE,study,TRUE,9663.03125,3407.580775407594,TRUE,FALSE,FALSE,FALSE
2500,66ea6797ef341f18e62ad904,5758,1,7,linechart-real-17-shuffled-main_effect-1-14,right,increasing,shuffled,main_effect,true,dual,2026-03-20T16:03:44Z,more,TRUE,TRUE,TRUE,study,TRUE,9663.03125,3407.580775407594,TRUE,FALSE,FALSE,FALSE
2536,66ea6797ef341f18e62ad904,12581,1,8,linechart-real-5-shuffled-main_effect-1-25,right,increasing,shuffled,main_effect,true,dual,2026-03-20T16:04:23Z,more,TRUE,TRUE,TRUE,study,TRUE,9663.03125,3407.580775407594,TRUE,FALSE,FALSE,FALSE
2547,66ea6797ef341f18e62ad904,11273,1,9,linechart-real-22-ordered-main_effect-1-2,right,increasing,ordered,main_effect,true,dual,2026-03-20T16:04:35Z,more,TRUE,TRUE,TRUE,study,TRUE,9663.03125,3407.580775407594,TRUE,FALSE,FALSE,FALSE
2552,66ea6797ef341f18e62ad904,6160,1,10,linechart-real-8-ordered-interaction-0-22,left,increasing,ordered,interaction,false,dual,2026-03-20T16:04:42Z,less,TRUE,TRUE,TRUE,study,TRUE,9663.03125,3407.580775407594,TRUE,FALSE,FALSE,FALSE
2563,66ea6797ef341f18e62ad904,7819,1,11,linechart-real-21-ordered-interaction-0-12,left,increasing,ordered,interaction,false,dual,2026-03-20T16:04:50Z,more,TRUE,TRUE,TRUE,study,TRUE,9663.03125,3407.580775407594,TRUE,FALSE,FALSE,FALSE
2570,66ea6797ef341f18e62ad904,7039,0,12,linechart-real-24-ordered-main_effect-1-24,left,increasing,ordered,main_effect,true,dual,2026-03-20T16:04:58Z,more,TRUE,TRUE,TRUE,study,TRUE,9663.03125,3407.580775407594,TRUE,FALSE,FALSE,FALSE
2584,66ea6797ef341f18e62ad904,9463,1,13,linechart-real-25-ordered-interaction-1-13,right,increasing,ordered,interaction,true,dual,2026-03-20T16:05:09Z,more,TRUE,TRUE,TRUE,study,TRUE,9663.03125,3407.580775407594,TRUE,FALSE,FALSE,FALSE
2591,66ea6797ef341f18e62ad904,6243,1,14,linechart-real-29-ordered-interaction-0-0,left,increasing,ordered,interaction,false,dual,2026-03-20T16:05:16Z,more,TRUE,TRUE,TRUE,study,TRUE,9663.03125,3407.580775407594,TRUE,FALSE,FALSE,FALSE
2607,66ea6797ef341f18e62ad904,11607,0,15,linechart-real-13-ordered-interaction-0-3,right,increasing,ordered,interaction,false,dual,2026-03-20T16:05:28Z,less,TRUE,TRUE,TRUE,study,TRUE,9663.03125,3407.580775407594,TRUE,FALSE,FALSE,FALSE
2629,66ea6797ef341f18e62ad904,13611,0,16,linechart-real-18-shuffled-main_effect-1-1,left,increasing,shuffled,main_effect,true,dual,2026-03-20T16:05:49Z,more,TRUE,TRUE,TRUE,study,TRUE,9663.03125,3407.580775407594,TRUE,FALSE,FALSE,FALSE
2641,66ea6797ef341f18e62ad904,8289,1,17,linechart-real-16-ordered-main_effect-1-4,right,increasing,ordered,main_effect,true,dual,2026-03-20T16:05:59Z,less,TRUE,TRUE,TRUE,study,TRUE,9663.03125,3407.580775407594,TRUE,FALSE,FALSE,FALSE
2659,66ea6797ef341f18e62ad904,13108,0,18,linechart-real-20-shuffled-main_effect-0-27,right,increasing,shuffled,main_effect,false,dual,2026-03-20T16:06:13Z,less,TRUE,TRUE,TRUE,study,TRUE,9663.03125,3407.580775407594,TRUE,FALSE,FALSE,FALSE
2667,66ea6797ef341f18e62ad904,6225,0,19,linechart-real-27-ordered-main_effect-0-17,right,increasing,ordered,main_effect,false,dual,2026-03-20T16:06:21Z,more,TRUE,TRUE,TRUE,study,TRUE,9663.03125,3407.580775407594,TRUE,FALSE,FALSE,FALSE
2673,66ea6797ef341f18e62ad904,3839,1,20,linechart-real-10-ordered-main_effect-0-19,left,increasing,ordered,main_effect,false,dual,2026-03-20T16:06:26Z,more,TRUE,TRUE,TRUE,study,TRUE,9663.03125,3407.580775407594,TRUE,FALSE,FALSE,FALSE
2685,66ea6797ef341f18e62ad904,8588,1,21,linechart-real-19-ordered-interaction-1-11,right,increasing,ordered,interaction,true,dual,2026-03-20T16:06:36Z,less,TRUE,TRUE,TRUE,study,TRUE,9663.03125,3407.580775407594,TRUE,FALSE,FALSE,FALSE
2701,66ea6797ef341f18e62ad904,13323,1,22,linechart-real-12-shuffled-main_effect-1-15,right,increasing,shuffled,main_effect,true,dual,2026-03-20T16:06:50Z,less,TRUE,TRUE,TRUE,study,TRUE,9663.03125,3407.580775407594,TRUE,FALSE,FALSE,FALSE
2710,66ea6797ef341f18e62ad904,7351,1,23,linechart-real-11-shuffled-interaction-1-29,right,increasing,shuffled,interaction,true,dual,2026-03-20T16:06:58Z,more,TRUE,TRUE,TRUE,study,TRUE,9663.03125,3407.580775407594,TRUE,FALSE,FALSE,FALSE
2724,66ea6797ef341f18e62ad904,6745,0,24,linechart-real-14-shuffled-interaction-0-31,right,increasing,shuffled,interaction,false,dual,2026-03-20T16:07:15Z,less,TRUE,TRUE,TRUE,study,TRUE,9663.03125,3407.580775407594,TRUE,FALSE,FALSE,FALSE
2729,66ea6797ef341f18e62ad904,5934,1,25,linechart-real-9-shuffled-interaction-1-30,right,increasing,shuffled,interaction,true,dual,2026-03-20T16:07:22Z,less,TRUE,TRUE,TRUE,study,TRUE,9663.03125,3407.580775407594,TRUE,FALSE,FALSE,FALSE
2733,66ea6797ef341f18e62ad904,5787,0,26,linechart-real-2-shuffled-interaction-0-8,right,increasing,shuffled,interaction,false,dual,2026-03-20T16:07:29Z,more,TRUE,TRUE,TRUE,study,TRUE,9663.03125,3407.580775407594,TRUE,FALSE,FALSE,FALSE
2740,66ea6797ef341f18e62ad904,5267,1,27,linechart-real-6-shuffled-interaction-0-5,left,increasing,shuffled,interaction,false,dual,2026-03-20T16:07:36Z,less,TRUE,TRUE,TRUE,study,TRUE,9663.03125,3407.580775407594,TRUE,FALSE,FALSE,FALSE
2748,66ea6797ef341f18e62ad904,11455,1,28,linechart-real-23-ordered-main_effect-0-10,left,increasing,ordered,main_effect,false,dual,2026-03-20T16:07:48Z,more,TRUE,TRUE,TRUE,study,TRUE,9663.03125,3407.580775407594,TRUE,FALSE,FALSE,FALSE
2759,66ea6797ef341f18e62ad904,9553,1,29,linechart-real-0-ordered-interaction-0-26,left,increasing,ordered,interaction,false,dual,2026-03-20T16:07:58Z,less,TRUE,TRUE,TRUE,study,TRUE,9663.03125,3407.580775407594,TRUE,FALSE,FALSE,FALSE
2766,66ea6797ef341f18e62ad904,8798,1,30,linechart-real-28-shuffled-interaction-1-28,right,increasing,shuffled,interaction,true,dual,2026-03-20T16:08:08Z,less,TRUE,TRUE,TRUE,study,TRUE,9663.03125,3407.580775407594,TRUE,FALSE,FALSE,FALSE
2773,66ea6797ef341f18e62ad904,8807,1,31,linechart-real-1-shuffled-main_effect-0-16,left,increasing,shuffled,main_effect,false,dual,2026-03-20T16:08:17Z,less,TRUE,TRUE,TRUE,study,TRUE,9663.03125,3407.580775407594,TRUE,FALSE,FALSE,FALSE
3090,67101c3dfe5b4472590f64ff,10099,1,0,linechart-real-24-shuffled-interaction-0-23,left,increasing,shuffled,interaction,false,single,2026-03-20T17:32:59Z,more,TRUE,TRUE,TRUE,study,TRUE,11587.21875,3728.4469804583127,FALSE,FALSE,FALSE,FALSE
3107,67101c3dfe5b4472590f64ff,12278,1,1,linechart-real-19-ordered-main_effect-1-15,right,increasing,ordered,main_effect,true,single,2026-03-20T17:33:12Z,less,TRUE,TRUE,TRUE,study,TRUE,11587.21875,3728.4469804583127,FALSE,FALSE,FALSE,FALSE
3126,67101c3dfe5b4472590f64ff,16333,1,2,linechart-real-29-shuffled-interaction-0-11,left,increasing,shuffled,interaction,false,single,2026-03-20T17:33:28Z,less,TRUE,TRUE,TRUE,study,TRUE,11587.21875,3728.4469804583127,FALSE,FALSE,FALSE,FALSE
3144,67101c3dfe5b4472590f64ff,12104,1,3,linechart-real-3-shuffled-main_effect-0-30,left,increasing,shuffled,main_effect,false,single,2026-03-20T17:33:41Z,more,TRUE,TRUE,TRUE,study,TRUE,11587.21875,3728.4469804583127,FALSE,FALSE,FALSE,FALSE
3165,67101c3dfe5b4472590f64ff,13910,1,4,linechart-real-20-shuffled-interaction-0-9,left,increasing,shuffled,interaction,false,single,2026-03-20T17:33:56Z,more,TRUE,TRUE,TRUE,study,TRUE,11587.21875,3728.4469804583127,FALSE,FALSE,FALSE,FALSE
3183,67101c3dfe5b4472590f64ff,10124,1,5,linechart-real-5-shuffled-main_effect-1-28,right,increasing,shuffled,main_effect,true,single,2026-03-20T17:34:06Z,more,TRUE,TRUE,TRUE,study,TRUE,11587.21875,3728.4469804583127,FALSE,FALSE,FALSE,FALSE
3188,67101c3dfe5b4472590f64ff,7344,1,6,linechart-real-4-ordered-main_effect-0-24,left,increasing,ordered,main_effect,false,single,2026-03-20T17:34:14Z,less,TRUE,TRUE,TRUE,study,TRUE,11587.21875,3728.4469804583127,FALSE,FALSE,FALSE,FALSE
3202,67101c3dfe5b4472590f64ff,16679,1,7,linechart-real-18-shuffled-main_effect-1-27,right,increasing,shuffled,main_effect,true,single,2026-03-20T17:34:32Z,more,TRUE,TRUE,TRUE,study,TRUE,11587.21875,3728.4469804583127,FALSE,FALSE,FALSE,FALSE
3220,67101c3dfe5b4472590f64ff,11730,1,8,linechart-real-16-shuffled-interaction-1-0,right,increasing,shuffled,interaction,true,single,2026-03-20T17:34:49Z,less,TRUE,TRUE,TRUE,study,TRUE,11587.21875,3728.4469804583127,FALSE,FALSE,FALSE,FALSE
3231,67101c3dfe5b4472590f64ff,9919,1,9,linechart-real-14-ordered-interaction-1-16,right,increasing,ordered,interaction,true,single,2026-03-20T17:34:59Z,more,TRUE,TRUE,TRUE,study,TRUE,11587.21875,3728.4469804583127,FALSE,FALSE,FALSE,FALSE
3239,67101c3dfe5b4472590f64ff,10648,1,10,linechart-real-30-ordered-main_effect-1-2,right,increasing,ordered,main_effect,true,single,2026-03-20T17:35:11Z,more,TRUE,TRUE,TRUE,study,TRUE,11587.21875,3728.4469804583127,FALSE,FALSE,FALSE,FALSE
3253,67101c3dfe5b4472590f64ff,9167,1,11,linechart-real-1-ordered-interaction-1-18,right,increasing,ordered,interaction,true,single,2026-03-20T17:35:20Z,less,TRUE,TRUE,TRUE,study,TRUE,11587.21875,3728.4469804583127,FALSE,FALSE,FALSE,FALSE
3271,67101c3dfe5b4472590f64ff,15882,1,12,linechart-real-23-shuffled-interaction-1-25,right,increasing,shuffled,interaction,true,single,2026-03-20T17:35:37Z,more,TRUE,TRUE,TRUE,study,TRUE,11587.21875,3728.4469804583127,FALSE,FALSE,FALSE,FALSE
3284,67101c3dfe5b4472590f64ff,12435,1,13,linechart-real-26-ordered-interaction-0-12,left,increasing,ordered,interaction,false,single,2026-03-20T17:35:50Z,less,TRUE,TRUE,TRUE,study,TRUE,11587.21875,3728.4469804583127,FALSE,FALSE,FALSE,FALSE
3292,67101c3dfe5b4472590f64ff,8778,1,14,linechart-real-31-shuffled-main_effect-0-8,left,increasing,shuffled,main_effect,false,single,2026-03-20T17:35:59Z,less,TRUE,TRUE,TRUE,study,TRUE,11587.21875,3728.4469804583127,FALSE,FALSE,FALSE,FALSE
3302,67101c3dfe5b4472590f64ff,10098,1,15,linechart-real-0-ordered-main_effect-0-7,left,increasing,ordered,main_effect,false,single,2026-03-20T17:36:10Z,more,TRUE,TRUE,TRUE,study,TRUE,11587.21875,3728.4469804583127,FALSE,FALSE,FALSE,FALSE
3312,67101c3dfe5b4472590f64ff,11351,1,16,linechart-real-25-ordered-interaction-0-5,left,increasing,ordered,interaction,false,single,2026-03-20T17:36:26Z,more,TRUE,TRUE,TRUE,study,TRUE,11587.21875,3728.4469804583127,FALSE,FALSE,FALSE,FALSE
3326,67101c3dfe5b4472590f64ff,9066,1,17,linechart-real-2-ordered-interaction-1-14,right,increasing,ordered,interaction,true,single,2026-03-20T17:36:36Z,more,TRUE,TRUE,TRUE,study,TRUE,11587.21875,3728.4469804583127,FALSE,FALSE,FALSE,FALSE
3336,67101c3dfe5b4472590f64ff,8765,1,18,linechart-real-8-ordered-main_effect-1-10,right,increasing,ordered,main_effect,true,single,2026-03-20T17:36:45Z,less,TRUE,TRUE,TRUE,study,TRUE,11587.21875,3728.4469804583127,FALSE,FALSE,FALSE,FALSE
3344,67101c3dfe5b4472590f64ff,6397,1,19,linechart-real-10-ordered-main_effect-1-6,right,increasing,ordered,main_effect,true,single,2026-03-20T17:36:52Z,less,TRUE,TRUE,TRUE,study,TRUE,11587.21875,3728.4469804583127,FALSE,FALSE,FALSE,FALSE
3355,67101c3dfe5b4472590f64ff,12027,1,20,linechart-real-11-shuffled-interaction-0-1,left,increasing,shuffled,interaction,false,single,2026-03-20T17:37:05Z,more,TRUE,TRUE,TRUE,study,TRUE,11587.21875,3728.4469804583127,FALSE,FALSE,FALSE,FALSE
3369,67101c3dfe5b4472590f64ff,9850,1,21,linechart-real-27-shuffled-main_effect-0-29,left,increasing,shuffled,main_effect,false,single,2026-03-20T17:37:15Z,less,TRUE,TRUE,TRUE,study,TRUE,11587.21875,3728.4469804583127,FALSE,FALSE,FALSE,FALSE
3377,67101c3dfe5b4472590f64ff,9762,1,22,linechart-real-15-ordered-main_effect-1-19,right,increasing,ordered,main_effect,true,single,2026-03-20T17:37:26Z,less,TRUE,TRUE,TRUE,study,TRUE,11587.21875,3728.4469804583127,FALSE,FALSE,FALSE,FALSE
3384,67101c3dfe5b4472590f64ff,7649,1,23,linechart-real-28-ordered-interaction-0-13,left,increasing,ordered,interaction,false,single,2026-03-20T17:37:34Z,more,TRUE,TRUE,TRUE,study,TRUE,11587.21875,3728.4469804583127,FALSE,FALSE,FALSE,FALSE
3394,67101c3dfe5b4472590f64ff,9934,1,24,linechart-real-17-shuffled-main_effect-0-26,left,increasing,shuffled,main_effect,false,single,2026-03-20T17:37:46Z,more,TRUE,TRUE,TRUE,study,TRUE,11587.21875,3728.4469804583127,FALSE,FALSE,FALSE,FALSE
3404,67101c3dfe5b4472590f64ff,8454,1,25,linechart-real-6-ordered-main_effect-1-4,right,increasing,ordered,main_effect,true,single,2026-03-20T17:37:55Z,more,TRUE,TRUE,TRUE,study,TRUE,11587.21875,3728.4469804583127,FALSE,FALSE,FALSE,FALSE
3423,67101c3dfe5b4472590f64ff,26364,1,26,linechart-real-7-shuffled-interaction-0-22,left,increasing,shuffled,interaction,false,single,2026-03-20T17:38:22Z,less,TRUE,TRUE,TRUE,study,TRUE,11587.21875,3728.4469804583127,FALSE,FALSE,FALSE,TRUE
3429,67101c3dfe5b4472590f64ff,13375,1,27,linechart-real-22-ordered-interaction-1-31,right,increasing,ordered,interaction,true,single,2026-03-20T17:38:36Z,less,TRUE,TRUE,TRUE,study,TRUE,11587.21875,3728.4469804583127,FALSE,FALSE,FALSE,FALSE
3433,67101c3dfe5b4472590f64ff,9768,1,28,linechart-real-9-ordered-interaction-0-20,left,increasing,ordered,interaction,false,single,2026-03-20T17:38:46Z,more,TRUE,TRUE,TRUE,study,TRUE,11587.21875,3728.4469804583127,FALSE,FALSE,FALSE,FALSE
3440,67101c3dfe5b4472590f64ff,14865,1,29,linechart-real-21-shuffled-main_effect-1-3,right,increasing,shuffled,main_effect,true,single,2026-03-20T17:39:02Z,less,TRUE,TRUE,TRUE,study,TRUE,11587.21875,3728.4469804583127,FALSE,FALSE,FALSE,FALSE
3446,67101c3dfe5b4472590f64ff,13377,1,30,linechart-real-12-shuffled-main_effect-1-17,right,increasing,shuffled,main_effect,true,single,2026-03-20T17:39:16Z,less,TRUE,TRUE,TRUE,study,TRUE,11587.21875,3728.4469804583127,FALSE,FALSE,FALSE,FALSE
3452,67101c3dfe5b4472590f64ff,12259,1,31,linechart-real-13-shuffled-interaction-0-21,left,increasing,shuffled,interaction,false,single,2026-03-20T17:39:28Z,less,TRUE,TRUE,TRUE,study,TRUE,11587.21875,3728.4469804583127,FALSE,FALSE,FALSE,FALSE
3225,6717f0ac88d9f27d9b79af31,20923,0,0,linechart-real-29-shuffled-interaction-0-4,right,increasing,shuffled,interaction,false,dual,2026-03-20T17:34:22Z,less,TRUE,TRUE,TRUE,study,TRUE,10942.78125,3158.296669698818,FALSE,FALSE,FALSE,TRUE
3235,6717f0ac88d9f27d9b79af31,7847,1,1,linechart-real-10-ordered-interaction-1-16,right,increasing,ordered,interaction,true,dual,2026-03-20T17:34:31Z,less,TRUE,TRUE,TRUE,study,TRUE,10942.78125,3158.296669698818,FALSE,FALSE,FALSE,FALSE
3241,6717f0ac88d9f27d9b79af31,8632,1,2,linechart-real-24-shuffled-interaction-1-29,right,increasing,shuffled,interaction,true,dual,2026-03-20T17:34:40Z,more,TRUE,TRUE,TRUE,study,TRUE,10942.78125,3158.296669698818,FALSE,FALSE,FALSE,FALSE
3255,6717f0ac88d9f27d9b79af31,10244,1,3,linechart-real-16-shuffled-interaction-1-13,right,increasing,shuffled,interaction,true,dual,2026-03-20T17:34:51Z,less,TRUE,TRUE,TRUE,study,TRUE,10942.78125,3158.296669698818,FALSE,FALSE,FALSE,FALSE
3264,6717f0ac88d9f27d9b79af31,9887,1,4,linechart-real-17-ordered-main_effect-1-25,right,increasing,ordered,main_effect,true,dual,2026-03-20T17:35:02Z,less,TRUE,TRUE,TRUE,study,TRUE,10942.78125,3158.296669698818,FALSE,FALSE,FALSE,FALSE
3279,6717f0ac88d9f27d9b79af31,9960,0,5,linechart-real-3-ordered-interaction-0-12,right,increasing,ordered,interaction,false,dual,2026-03-20T17:35:12Z,less,TRUE,TRUE,TRUE,study,TRUE,10942.78125,3158.296669698818,FALSE,FALSE,FALSE,FALSE
3289,6717f0ac88d9f27d9b79af31,12429,1,6,linechart-real-2-ordered-interaction-0-1,left,increasing,ordered,interaction,false,dual,2026-03-20T17:35:26Z,more,TRUE,TRUE,TRUE,study,TRUE,10942.78125,3158.296669698818,FALSE,FALSE,FALSE,FALSE
3300,6717f0ac88d9f27d9b79af31,10042,1,7,linechart-real-25-ordered-main_effect-0-23,left,increasing,ordered,main_effect,false,dual,2026-03-20T17:35:37Z,less,TRUE,TRUE,TRUE,study,TRUE,10942.78125,3158.296669698818,FALSE,FALSE,FALSE,FALSE
3313,6717f0ac88d9f27d9b79af31,11652,1,8,linechart-real-8-shuffled-main_effect-0-2,left,increasing,shuffled,main_effect,false,dual,2026-03-20T17:35:55Z,less,TRUE,TRUE,TRUE,study,TRUE,10942.78125,3158.296669698818,FALSE,FALSE,FALSE,FALSE
3325,6717f0ac88d9f27d9b79af31,8049,1,9,linechart-real-30-ordered-main_effect-0-21,left,increasing,ordered,main_effect,false,dual,2026-03-20T17:36:03Z,more,TRUE,TRUE,TRUE,study,TRUE,10942.78125,3158.296669698818,FALSE,FALSE,FALSE,FALSE
3339,6717f0ac88d9f27d9b79af31,13748,1,10,linechart-real-28-shuffled-main_effect-1-15,right,increasing,shuffled,main_effect,true,dual,2026-03-20T17:36:18Z,more,TRUE,TRUE,TRUE,study,TRUE,10942.78125,3158.296669698818,FALSE,FALSE,FALSE,FALSE
3353,6717f0ac88d9f27d9b79af31,11687,1,11,linechart-real-27-shuffled-main_effect-0-7,left,increasing,shuffled,main_effect,false,dual,2026-03-20T17:36:30Z,less,TRUE,TRUE,TRUE,study,TRUE,10942.78125,3158.296669698818,FALSE,FALSE,FALSE,FALSE
3365,6717f0ac88d9f27d9b79af31,11228,1,12,linechart-real-9-ordered-main_effect-1-30,right,increasing,ordered,main_effect,true,dual,2026-03-20T17:36:42Z,more,TRUE,TRUE,TRUE,study,TRUE,10942.78125,3158.296669698818,FALSE,FALSE,FALSE,FALSE
3376,6717f0ac88d9f27d9b79af31,10845,1,13,linechart-real-23-ordered-interaction-0-8,left,increasing,ordered,interaction,false,dual,2026-03-20T17:36:53Z,more,TRUE,TRUE,TRUE,study,TRUE,10942.78125,3158.296669698818,FALSE,FALSE,FALSE,FALSE
3382,6717f0ac88d9f27d9b79af31,5995,1,14,linechart-real-26-shuffled-main_effect-1-10,right,increasing,shuffled,main_effect,true,dual,2026-03-20T17:37:00Z,less,TRUE,TRUE,TRUE,study,TRUE,10942.78125,3158.296669698818,FALSE,FALSE,FALSE,FALSE
3396,6717f0ac88d9f27d9b79af31,14127,1,15,linechart-real-1-shuffled-main_effect-1-18,right,increasing,shuffled,main_effect,true,dual,2026-03-20T17:37:15Z,less,TRUE,TRUE,TRUE,study,TRUE,10942.78125,3158.296669698818,FALSE,FALSE,FALSE,FALSE
3409,6717f0ac88d9f27d9b79af31,10272,1,16,linechart-real-11-shuffled-interaction-1-19,right,increasing,shuffled,interaction,true,dual,2026-03-20T17:37:29Z,more,TRUE,TRUE,TRUE,study,TRUE,10942.78125,3158.296669698818,FALSE,FALSE,FALSE,FALSE
3416,6717f0ac88d9f27d9b79af31,14157,1,17,linechart-real-22-shuffled-main_effect-1-0,right,increasing,shuffled,main_effect,true,dual,2026-03-20T17:37:44Z,more,TRUE,TRUE,TRUE,study,TRUE,10942.78125,3158.296669698818,FALSE,FALSE,FALSE,FALSE
3425,6717f0ac88d9f27d9b79af31,11940,1,18,linechart-real-20-ordered-interaction-0-31,left,increasing,ordered,interaction,false,dual,2026-03-20T17:37:57Z,more,TRUE,TRUE,TRUE,study,TRUE,10942.78125,3158.296669698818,FALSE,FALSE,FALSE,FALSE
3432,6717f0ac88d9f27d9b79af31,16902,1,19,linechart-real-0-shuffled-interaction-1-22,right,increasing,shuffled,interaction,true,dual,2026-03-20T17:38:14Z,less,TRUE,TRUE,TRUE,study,TRUE,10942.78125,3158.296669698818,FALSE,FALSE,FALSE,FALSE
3437,6717f0ac88d9f27d9b79af31,9309,1,20,linechart-real-21-ordered-interaction-1-28,right,increasing,ordered,interaction,true,dual,2026-03-20T17:38:24Z,less,TRUE,TRUE,TRUE,study,TRUE,10942.78125,3158.296669698818,FALSE,FALSE,FALSE,FALSE
3441,6717f0ac88d9f27d9b79af31,6882,1,21,linechart-real-4-ordered-main_effect-0-9,left,increasing,ordered,main_effect,false,dual,2026-03-20T17:38:31Z,more,TRUE,TRUE,TRUE,study,TRUE,10942.78125,3158.296669698818,FALSE,FALSE,FALSE,FALSE
3444,6717f0ac88d9f27d9b79af31,8098,1,22,linechart-real-5-ordered-interaction-1-3,right,increasing,ordered,interaction,true,dual,2026-03-20T17:38:40Z,more,TRUE,TRUE,TRUE,study,TRUE,10942.78125,3158.296669698818,FALSE,FALSE,FALSE,FALSE
3448,6717f0ac88d9f27d9b79af31,8053,1,23,linechart-real-7-ordered-main_effect-0-17,left,increasing,ordered,main_effect,false,dual,2026-03-20T17:38:49Z,less,TRUE,TRUE,TRUE,study,TRUE,10942.78125,3158.296669698818,FALSE,FALSE,FALSE,FALSE
3456,6717f0ac88d9f27d9b79af31,13119,1,24,linechart-real-18-shuffled-main_effect-1-20,right,increasing,shuffled,main_effect,true,dual,2026-03-20T17:39:06Z,less,TRUE,TRUE,TRUE,study,TRUE,10942.78125,3158.296669698818,FALSE,FALSE,FALSE,FALSE
3458,6717f0ac88d9f27d9b79af31,8628,1,25,linechart-real-13-ordered-main_effect-0-14,left,increasing,ordered,main_effect,false,dual,2026-03-20T17:39:15Z,less,TRUE,TRUE,TRUE,study,TRUE,10942.78125,3158.296669698818,FALSE,FALSE,FALSE,FALSE
3463,6717f0ac88d9f27d9b79af31,10616,1,26,linechart-real-19-shuffled-main_effect-0-24,left,increasing,shuffled,main_effect,false,dual,2026-03-20T17:39:26Z,more,TRUE,TRUE,TRUE,study,TRUE,10942.78125,3158.296669698818,FALSE,FALSE,FALSE,FALSE
3467,6717f0ac88d9f27d9b79af31,14247,1,27,linechart-real-12-shuffled-interaction-0-5,left,increasing,shuffled,interaction,false,dual,2026-03-20T17:39:41Z,more,TRUE,TRUE,TRUE,study,TRUE,10942.78125,3158.296669698818,FALSE,FALSE,FALSE,FALSE
3469,6717f0ac88d9f27d9b79af31,9326,1,28,linechart-real-15-ordered-main_effect-0-26,left,increasing,ordered,main_effect,false,dual,2026-03-20T17:39:51Z,less,TRUE,TRUE,TRUE,study,TRUE,10942.78125,3158.296669698818,FALSE,FALSE,FALSE,FALSE
3473,6717f0ac88d9f27d9b79af31,14889,1,29,linechart-real-31-ordered-interaction-0-6,left,increasing,ordered,interaction,false,dual,2026-03-20T17:40:06Z,more,TRUE,TRUE,TRUE,study,TRUE,10942.78125,3158.296669698818,FALSE,FALSE,FALSE,FALSE
3475,6717f0ac88d9f27d9b79af31,8065,1,30,linechart-real-14-shuffled-interaction-1-27,right,increasing,shuffled,interaction,true,dual,2026-03-20T17:40:15Z,more,TRUE,TRUE,TRUE,study,TRUE,10942.78125,3158.296669698818,FALSE,FALSE,FALSE,FALSE
3477,6717f0ac88d9f27d9b79af31,8371,1,31,linechart-real-6-shuffled-interaction-1-11,right,increasing,shuffled,interaction,true,dual,2026-03-20T17:40:24Z,more,TRUE,TRUE,TRUE,study,TRUE,10942.78125,3158.296669698818,FALSE,FALSE,FALSE,FALSE
1637,67204af156acf704058c6e66,5802,1,0,linechart-real-3-ordered-main_effect-0-19,left,increasing,ordered,main_effect,false,dual,2026-03-19T15:04:36Z,less,TRUE,TRUE,TRUE,study,TRUE,5798.53125,2779.69781351783,FALSE,FALSE,FALSE,FALSE
1638,67204af156acf704058c6e66,3827,1,1,linechart-real-25-ordered-interaction-1-0,right,increasing,ordered,interaction,true,dual,2026-03-19T15:04:40Z,more,TRUE,TRUE,TRUE,study,TRUE,5798.53125,2779.69781351783,FALSE,FALSE,FALSE,FALSE
1639,67204af156acf704058c6e66,7762,1,2,linechart-real-7-ordered-main_effect-1-5,right,increasing,ordered,main_effect,true,dual,2026-03-19T15:04:49Z,less,TRUE,TRUE,TRUE,study,TRUE,5798.53125,2779.69781351783,FALSE,FALSE,FALSE,FALSE
1640,67204af156acf704058c6e66,13398,1,3,linechart-real-27-shuffled-main_effect-1-10,right,increasing,shuffled,main_effect,true,dual,2026-03-19T15:05:03Z,less,TRUE,TRUE,TRUE,study,TRUE,5798.53125,2779.69781351783,FALSE,FALSE,FALSE,TRUE
1641,67204af156acf704058c6e66,5272,1,4,linechart-real-11-ordered-interaction-1-9,right,increasing,ordered,interaction,true,dual,2026-03-19T15:05:09Z,less,TRUE,TRUE,TRUE,study,TRUE,5798.53125,2779.69781351783,FALSE,FALSE,FALSE,FALSE
1642,67204af156acf704058c6e66,6269,1,5,linechart-real-30-ordered-interaction-1-7,right,increasing,ordered,interaction,true,dual,2026-03-19T15:05:16Z,less,TRUE,TRUE,TRUE,study,TRUE,5798.53125,2779.69781351783,FALSE,FALSE,FALSE,FALSE
1643,67204af156acf704058c6e66,4901,0,6,linechart-real-6-shuffled-interaction-0-14,right,increasing,shuffled,interaction,false,dual,2026-03-19T15:05:21Z,more,TRUE,TRUE,TRUE,study,TRUE,5798.53125,2779.69781351783,FALSE,FALSE,FALSE,FALSE
1644,67204af156acf704058c6e66,4731,1,7,linechart-real-1-shuffled-interaction-1-8,right,increasing,shuffled,interaction,true,dual,2026-03-19T15:05:28Z,more,TRUE,TRUE,TRUE,study,TRUE,5798.53125,2779.69781351783,FALSE,FALSE,FALSE,FALSE
1645,67204af156acf704058c6e66,5899,1,8,linechart-real-18-ordered-main_effect-1-21,right,increasing,ordered,main_effect,true,dual,2026-03-19T15:05:46Z,less,TRUE,TRUE,TRUE,study,TRUE,5798.53125,2779.69781351783,FALSE,FALSE,FALSE,FALSE
1646,67204af156acf704058c6e66,10304,1,9,linechart-real-12-shuffled-main_effect-0-31,left,increasing,shuffled,main_effect,false,dual,2026-03-19T15:05:57Z,more,TRUE,TRUE,TRUE,study,TRUE,5798.53125,2779.69781351783,FALSE,FALSE,FALSE,FALSE
1647,67204af156acf704058c6e66,3890,1,10,linechart-real-16-shuffled-interaction-1-20,right,increasing,shuffled,interaction,true,dual,2026-03-19T15:06:02Z,more,TRUE,TRUE,TRUE,study,TRUE,5798.53125,2779.69781351783,FALSE,FALSE,FALSE,FALSE
1648,67204af156acf704058c6e66,4650,0,11,linechart-real-28-shuffled-interaction-0-18,right,increasing,shuffled,interaction,false,dual,2026-03-19T15:06:07Z,more,TRUE,TRUE,TRUE,study,TRUE,5798.53125,2779.69781351783,FALSE,FALSE,FALSE,FALSE
1649,67204af156acf704058c6e66,3644,1,12,linechart-real-14-shuffled-interaction-0-24,left,increasing,shuffled,interaction,false,dual,2026-03-19T15:06:12Z,less,TRUE,TRUE,TRUE,study,TRUE,5798.53125,2779.69781351783,FALSE,FALSE,FALSE,FALSE
1650,67204af156acf704058c6e66,14904,0,13,linechart-real-24-shuffled-interaction-0-27,right,increasing,shuffled,interaction,false,dual,2026-03-19T15:06:28Z,less,TRUE,TRUE,TRUE,study,TRUE,5798.53125,2779.69781351783,FALSE,FALSE,FALSE,TRUE
1651,67204af156acf704058c6e66,6362,1,14,linechart-real-17-ordered-main_effect-0-26,left,increasing,ordered,main_effect,false,dual,2026-03-19T15:06:36Z,less,TRUE,TRUE,TRUE,study,TRUE,5798.53125,2779.69781351783,FALSE,FALSE,FALSE,FALSE
1652,67204af156acf704058c6e66,8317,1,15,linechart-real-5-shuffled-main_effect-1-12,right,increasing,shuffled,main_effect,true,dual,2026-03-19T15:06:45Z,less,TRUE,TRUE,TRUE,study,TRUE,5798.53125,2779.69781351783,FALSE,FALSE,FALSE,FALSE
1653,67204af156acf704058c6e66,4417,1,16,linechart-real-8-ordered-main_effect-1-30,right,increasing,ordered,main_effect,true,dual,2026-03-19T15:06:58Z,more,TRUE,TRUE,TRUE,study,TRUE,5798.53125,2779.69781351783,FALSE,FALSE,FALSE,FALSE
1655,67204af156acf704058c6e66,4040,0,17,linechart-real-29-shuffled-interaction-0-4,right,increasing,shuffled,interaction,false,dual,2026-03-19T15:07:03Z,less,TRUE,TRUE,TRUE,study,TRUE,5798.53125,2779.69781351783,FALSE,FALSE,FALSE,FALSE
1656,67204af156acf704058c6e66,6134,1,18,linechart-real-20-shuffled-main_effect-0-13,left,increasing,shuffled,main_effect,false,dual,2026-03-19T15:07:11Z,less,TRUE,TRUE,TRUE,study,TRUE,5798.53125,2779.69781351783,FALSE,FALSE,FALSE,FALSE
1657,67204af156acf704058c6e66,2156,1,19,linechart-real-21-ordered-interaction-1-2,right,increasing,ordered,interaction,true,dual,2026-03-19T15:07:14Z,more,TRUE,TRUE,TRUE,study,TRUE,5798.53125,2779.69781351783,FALSE,FALSE,FALSE,FALSE
1659,67204af156acf704058c6e66,4067,1,20,linechart-real-31-ordered-interaction-0-15,left,increasing,ordered,interaction,false,dual,2026-03-19T15:07:19Z,more,TRUE,TRUE,TRUE,study,TRUE,5798.53125,2779.69781351783,FALSE,FALSE,FALSE,FALSE
1660,67204af156acf704058c6e66,6760,1,21,linechart-real-10-shuffled-main_effect-0-3,left,increasing,shuffled,main_effect,false,dual,2026-03-19T15:07:26Z,less,TRUE,TRUE,TRUE,study,TRUE,5798.53125,2779.69781351783,FALSE,FALSE,FALSE,FALSE
1662,67204af156acf704058c6e66,6549,1,22,linechart-real-13-ordered-main_effect-0-28,left,increasing,ordered,main_effect,false,dual,2026-03-19T15:07:33Z,more,TRUE,TRUE,TRUE,study,TRUE,5798.53125,2779.69781351783,FALSE,FALSE,FALSE,FALSE
1664,67204af156acf704058c6e66,6429,1,23,linechart-real-26-shuffled-main_effect-0-6,left,increasing,shuffled,main_effect,false,dual,2026-03-19T15:07:40Z,more,TRUE,TRUE,TRUE,study,TRUE,5798.53125,2779.69781351783,FALSE,FALSE,FALSE,FALSE
1667,67204af156acf704058c6e66,5298,1,24,linechart-real-15-shuffled-main_effect-1-17,right,increasing,shuffled,main_effect,true,dual,2026-03-19T15:08:01Z,more,TRUE,TRUE,TRUE,study,TRUE,5798.53125,2779.69781351783,FALSE,FALSE,FALSE,FALSE
1668,67204af156acf704058c6e66,3714,1,25,linechart-real-19-ordered-interaction-1-22,right,increasing,ordered,interaction,true,dual,2026-03-19T15:08:05Z,less,TRUE,TRUE,TRUE,study,TRUE,5798.53125,2779.69781351783,FALSE,FALSE,FALSE,FALSE
1670,67204af156acf704058c6e66,6456,1,26,linechart-real-22-shuffled-main_effect-1-11,right,increasing,shuffled,main_effect,true,dual,2026-03-19T15:08:13Z,more,TRUE,TRUE,TRUE,study,TRUE,5798.53125,2779.69781351783,FALSE,FALSE,FALSE,FALSE
1671,67204af156acf704058c6e66,4570,1,27,linechart-real-9-ordered-interaction-1-23,right,increasing,ordered,interaction,true,dual,2026-03-19T15:08:18Z,more,TRUE,TRUE,TRUE,study,TRUE,5798.53125,2779.69781351783,FALSE,FALSE,FALSE,FALSE
1672,67204af156acf704058c6e66,4438,1,28,linechart-real-23-ordered-main_effect-1-29,right,increasing,ordered,main_effect,true,dual,2026-03-19T15:08:23Z,less,TRUE,TRUE,TRUE,study,TRUE,5798.53125,2779.69781351783,FALSE,FALSE,FALSE,FALSE
1673,67204af156acf704058c6e66,2600,1,29,linechart-real-4-shuffled-interaction-0-25,left,increasing,shuffled,interaction,false,dual,2026-03-19T15:08:26Z,less,TRUE,TRUE,TRUE,study,TRUE,5798.53125,2779.69781351783,FALSE,FALSE,FALSE,FALSE
1675,67204af156acf704058c6e66,2631,0,30,linechart-real-2-ordered-interaction-0-1,right,increasing,ordered,interaction,false,dual,2026-03-19T15:08:29Z,more,TRUE,TRUE,TRUE,study,TRUE,5798.53125,2779.69781351783,FALSE,FALSE,FALSE,FALSE
1676,67204af156acf704058c6e66,5362,1,31,linechart-real-0-ordered-main_effect-0-16,left,increasing,ordered,main_effect,false,dual,2026-03-19T15:08:36Z,more,TRUE,TRUE,TRUE,study,TRUE,5798.53125,2779.69781351783,FALSE,FALSE,FALSE,FALSE
3118,674387ad93557e492211b836,20100,1,0,linechart-real-3-shuffled-main_effect-0-25,left,increasing,shuffled,main_effect,false,single,2026-03-20T17:32:50Z,more,TRUE,TRUE,TRUE,study,TRUE,16639.0625,5187.489478807831,FALSE,FALSE,FALSE,FALSE
3143,674387ad93557e492211b836,18207,1,1,linechart-real-27-ordered-main_effect-1-21,right,increasing,ordered,main_effect,true,single,2026-03-20T17:33:09Z,less,TRUE,TRUE,TRUE,study,TRUE,16639.0625,5187.489478807831,FALSE,FALSE,FALSE,FALSE
3177,674387ad93557e492211b836,18415,1,2,linechart-real-2-shuffled-main_effect-0-1,left,increasing,shuffled,main_effect,false,single,2026-03-20T17:33:28Z,less,TRUE,TRUE,TRUE,study,TRUE,16639.0625,5187.489478807831,FALSE,FALSE,FALSE,FALSE
3190,674387ad93557e492211b836,14450,1,3,linechart-real-22-ordered-main_effect-0-31,left,increasing,ordered,main_effect,false,single,2026-03-20T17:33:44Z,less,TRUE,TRUE,TRUE,study,TRUE,16639.0625,5187.489478807831,FALSE,FALSE,FALSE,FALSE
3217,674387ad93557e492211b836,30952,1,4,linechart-real-7-shuffled-interaction-0-4,left,increasing,shuffled,interaction,false,single,2026-03-20T17:34:15Z,less,TRUE,TRUE,TRUE,study,TRUE,16639.0625,5187.489478807831,FALSE,FALSE,FALSE,TRUE
3237,674387ad93557e492211b836,18890,1,5,linechart-real-4-shuffled-main_effect-0-17,left,increasing,shuffled,main_effect,false,single,2026-03-20T17:34:35Z,more,TRUE,TRUE,TRUE,study,TRUE,16639.0625,5187.489478807831,FALSE,FALSE,FALSE,FALSE
3250,674387ad93557e492211b836,10692,1,6,linechart-real-25-ordered-main_effect-0-8,left,increasing,ordered,main_effect,false,single,2026-03-20T17:34:46Z,less,TRUE,TRUE,TRUE,study,TRUE,16639.0625,5187.489478807831,FALSE,FALSE,FALSE,FALSE
3269,674387ad93557e492211b836,17406,1,7,linechart-real-19-shuffled-main_effect-0-5,left,increasing,shuffled,main_effect,false,single,2026-03-20T17:35:04Z,more,TRUE,TRUE,TRUE,study,TRUE,16639.0625,5187.489478807831,FALSE,FALSE,FALSE,FALSE
3293,674387ad93557e492211b836,15572,1,8,linechart-real-29-shuffled-interaction-1-9,right,increasing,shuffled,interaction,true,single,2026-03-20T17:35:29Z,less,TRUE,TRUE,TRUE,study,TRUE,16639.0625,5187.489478807831,FALSE,FALSE,FALSE,FALSE
3317,674387ad93557e492211b836,25869,1,9,linechart-real-17-ordered-interaction-0-18,left,increasing,ordered,interaction,false,single,2026-03-20T17:35:55Z,more,TRUE,TRUE,TRUE,study,TRUE,16639.0625,5187.489478807831,FALSE,FALSE,FALSE,FALSE
3349,674387ad93557e492211b836,31126,1,10,linechart-real-20-ordered-interaction-0-30,left,increasing,ordered,interaction,false,single,2026-03-20T17:36:27Z,less,TRUE,TRUE,TRUE,study,TRUE,16639.0625,5187.489478807831,FALSE,FALSE,FALSE,TRUE
3366,674387ad93557e492211b836,15335,1,11,linechart-real-0-ordered-interaction-0-0,left,increasing,ordered,interaction,false,single,2026-03-20T17:36:43Z,more,TRUE,TRUE,TRUE,study,TRUE,16639.0625,5187.489478807831,FALSE,FALSE,FALSE,FALSE
3385,674387ad93557e492211b836,19683,1,12,linechart-real-10-shuffled-main_effect-1-12,right,increasing,shuffled,main_effect,true,single,2026-03-20T17:37:03Z,less,TRUE,TRUE,TRUE,study,TRUE,16639.0625,5187.489478807831,FALSE,FALSE,FALSE,FALSE
3397,674387ad93557e492211b836,10575,1,13,linechart-real-26-ordered-interaction-1-7,right,increasing,ordered,interaction,true,single,2026-03-20T17:37:15Z,less,TRUE,TRUE,TRUE,study,TRUE,16639.0625,5187.489478807831,FALSE,FALSE,FALSE,FALSE
3410,674387ad93557e492211b836,15471,1,14,linechart-real-16-ordered-interaction-1-3,right,increasing,ordered,interaction,true,single,2026-03-20T17:37:31Z,more,TRUE,TRUE,TRUE,study,TRUE,16639.0625,5187.489478807831,FALSE,FALSE,FALSE,FALSE
3422,674387ad93557e492211b836,17627,1,15,linechart-real-9-ordered-main_effect-0-15,left,increasing,ordered,main_effect,false,single,2026-03-20T17:37:49Z,less,TRUE,TRUE,TRUE,study,TRUE,16639.0625,5187.489478807831,FALSE,FALSE,FALSE,FALSE
3431,674387ad93557e492211b836,14415,1,16,linechart-real-31-shuffled-interaction-0-11,left,increasing,shuffled,interaction,false,single,2026-03-20T17:38:09Z,more,TRUE,TRUE,TRUE,study,TRUE,16639.0625,5187.489478807831,FALSE,FALSE,FALSE,FALSE
3436,674387ad93557e492211b836,11573,1,17,linechart-real-15-ordered-interaction-1-16,right,increasing,ordered,interaction,true,single,2026-03-20T17:38:21Z,more,TRUE,TRUE,TRUE,study,TRUE,16639.0625,5187.489478807831,FALSE,FALSE,FALSE,FALSE
3442,674387ad93557e492211b836,9964,1,18,linechart-real-6-ordered-interaction-1-6,right,increasing,ordered,interaction,true,single,2026-03-20T17:38:31Z,more,TRUE,TRUE,TRUE,study,TRUE,16639.0625,5187.489478807831,FALSE,FALSE,FALSE,FALSE
3445,674387ad93557e492211b836,11789,1,19,linechart-real-8-shuffled-interaction-1-24,right,increasing,shuffled,interaction,true,single,2026-03-20T17:38:44Z,more,TRUE,TRUE,TRUE,study,TRUE,16639.0625,5187.489478807831,FALSE,FALSE,FALSE,FALSE
3455,674387ad93557e492211b836,17866,1,20,linechart-real-18-shuffled-main_effect-1-13,right,increasing,shuffled,main_effect,true,single,2026-03-20T17:39:02Z,more,TRUE,TRUE,TRUE,study,TRUE,16639.0625,5187.489478807831,FALSE,FALSE,FALSE,FALSE
3462,674387ad93557e492211b836,20387,1,21,linechart-real-28-shuffled-interaction-1-14,right,increasing,shuffled,interaction,true,single,2026-03-20T17:39:23Z,less,TRUE,TRUE,TRUE,study,TRUE,16639.0625,5187.489478807831,FALSE,FALSE,FALSE,FALSE
3466,674387ad93557e492211b836,14815,1,22,linechart-real-13-ordered-main_effect-1-27,right,increasing,ordered,main_effect,true,single,2026-03-20T17:39:39Z,more,TRUE,TRUE,TRUE,study,TRUE,16639.0625,5187.489478807831,FALSE,FALSE,FALSE,FALSE
3470,674387ad93557e492211b836,16498,1,23,linechart-real-23-shuffled-interaction-0-2,left,increasing,shuffled,interaction,false,single,2026-03-20T17:39:56Z,more,TRUE,TRUE,TRUE,study,TRUE,16639.0625,5187.489478807831,FALSE,FALSE,FALSE,FALSE
3476,674387ad93557e492211b836,17594,1,24,linechart-real-1-shuffled-main_effect-1-28,right,increasing,shuffled,main_effect,true,single,2026-03-20T17:40:17Z,more,TRUE,TRUE,TRUE,study,TRUE,16639.0625,5187.489478807831,FALSE,FALSE,FALSE,FALSE
3479,674387ad93557e492211b836,13114,1,25,linechart-real-24-ordered-main_effect-0-23,left,increasing,ordered,main_effect,false,single,2026-03-20T17:40:31Z,less,TRUE,TRUE,TRUE,study,TRUE,16639.0625,5187.489478807831,FALSE,FALSE,FALSE,FALSE
3481,674387ad93557e492211b836,15450,1,26,linechart-real-21-shuffled-interaction-0-29,left,increasing,shuffled,interaction,false,single,2026-03-20T17:40:47Z,more,TRUE,TRUE,TRUE,study,TRUE,16639.0625,5187.489478807831,FALSE,FALSE,FALSE,FALSE
3484,674387ad93557e492211b836,15101,1,27,linechart-real-14-ordered-main_effect-0-20,left,increasing,ordered,main_effect,false,single,2026-03-20T17:41:03Z,less,TRUE,TRUE,TRUE,study,TRUE,16639.0625,5187.489478807831,FALSE,FALSE,FALSE,FALSE
3486,674387ad93557e492211b836,11853,1,28,linechart-real-12-ordered-main_effect-1-26,right,increasing,ordered,main_effect,true,single,2026-03-20T17:41:16Z,less,TRUE,TRUE,TRUE,study,TRUE,16639.0625,5187.489478807831,FALSE,FALSE,FALSE,FALSE
3490,674387ad93557e492211b836,17960,1,29,linechart-real-30-ordered-interaction-1-19,right,increasing,ordered,interaction,true,single,2026-03-20T17:41:34Z,less,TRUE,TRUE,TRUE,study,TRUE,16639.0625,5187.489478807831,FALSE,FALSE,FALSE,FALSE
3492,674387ad93557e492211b836,9163,1,30,linechart-real-11-shuffled-main_effect-1-10,right,increasing,shuffled,main_effect,true,single,2026-03-20T17:41:44Z,less,TRUE,TRUE,TRUE,study,TRUE,16639.0625,5187.489478807831,FALSE,FALSE,FALSE,FALSE
3494,674387ad93557e492211b836,14538,1,31,linechart-real-5-shuffled-interaction-1-22,right,increasing,shuffled,interaction,true,single,2026-03-20T17:41:59Z,more,TRUE,TRUE,TRUE,study,TRUE,16639.0625,5187.489478807831,FALSE,FALSE,FALSE,FALSE
2493,6786c7d17bc067f2f666cbed,17663,1,0,linechart-real-2-shuffled-interaction-1-16,right,increasing,shuffled,interaction,true,dual,2026-03-20T16:03:35Z,less,TRUE,TRUE,TRUE,study,TRUE,5358.90625,2940.9142791620147,TRUE,FALSE,FALSE,TRUE
2498,6786c7d17bc067f2f666cbed,7565,0,1,linechart-real-30-ordered-main_effect-0-27,right,increasing,ordered,main_effect,false,dual,2026-03-20T16:03:43Z,more,TRUE,TRUE,TRUE,study,TRUE,5358.90625,2940.9142791620147,TRUE,FALSE,FALSE,FALSE
2506,6786c7d17bc067f2f666cbed,8122,1,2,linechart-real-13-shuffled-interaction-1-31,right,increasing,shuffled,interaction,true,dual,2026-03-20T16:03:53Z,less,TRUE,TRUE,TRUE,study,TRUE,5358.90625,2940.9142791620147,TRUE,FALSE,FALSE,FALSE
2512,6786c7d17bc067f2f666cbed,6743,0,3,linechart-real-21-ordered-interaction-1-20,left,increasing,ordered,interaction,true,dual,2026-03-20T16:04:00Z,less,TRUE,TRUE,TRUE,study,TRUE,5358.90625,2940.9142791620147,TRUE,FALSE,FALSE,FALSE
2520,6786c7d17bc067f2f666cbed,5070,0,4,linechart-real-4-ordered-main_effect-1-9,left,increasing,ordered,main_effect,true,dual,2026-03-20T16:04:07Z,less,TRUE,TRUE,TRUE,study,TRUE,5358.90625,2940.9142791620147,TRUE,FALSE,FALSE,FALSE
2531,6786c7d17bc067f2f666cbed,10394,0,5,linechart-real-12-ordered-main_effect-0-17,right,increasing,ordered,main_effect,false,dual,2026-03-20T16:04:19Z,more,TRUE,TRUE,TRUE,study,TRUE,5358.90625,2940.9142791620147,TRUE,FALSE,FALSE,FALSE
2538,6786c7d17bc067f2f666cbed,5313,0,6,linechart-real-23-shuffled-interaction-1-7,left,increasing,shuffled,interaction,true,dual,2026-03-20T16:04:26Z,more,TRUE,TRUE,TRUE,study,TRUE,5358.90625,2940.9142791620147,TRUE,FALSE,FALSE,FALSE
2543,6786c7d17bc067f2f666cbed,5425,0,7,linechart-real-11-shuffled-main_effect-0-12,right,increasing,shuffled,main_effect,false,dual,2026-03-20T16:04:33Z,less,TRUE,TRUE,TRUE,study,TRUE,5358.90625,2940.9142791620147,TRUE,FALSE,FALSE,FALSE
2551,6786c7d17bc067f2f666cbed,3099,0,8,linechart-real-9-ordered-interaction-0-3,right,increasing,ordered,interaction,false,dual,2026-03-20T16:04:42Z,less,TRUE,TRUE,TRUE,study,TRUE,5358.90625,2940.9142791620147,TRUE,FALSE,FALSE,FALSE
2560,6786c7d17bc067f2f666cbed,5430,1,9,linechart-real-28-ordered-interaction-1-8,right,increasing,ordered,interaction,true,dual,2026-03-20T16:04:49Z,more,TRUE,TRUE,TRUE,study,TRUE,5358.90625,2940.9142791620147,TRUE,FALSE,FALSE,FALSE
2567,6786c7d17bc067f2f666cbed,4614,1,10,linechart-real-24-shuffled-main_effect-0-1,left,increasing,shuffled,main_effect,false,dual,2026-03-20T16:04:54Z,less,TRUE,TRUE,TRUE,study,TRUE,5358.90625,2940.9142791620147,TRUE,FALSE,FALSE,FALSE
2573,6786c7d17bc067f2f666cbed,5115,1,11,linechart-real-17-shuffled-main_effect-1-29,right,increasing,shuffled,main_effect,true,dual,2026-03-20T16:05:00Z,more,TRUE,TRUE,TRUE,study,TRUE,5358.90625,2940.9142791620147,TRUE,FALSE,FALSE,FALSE
2578,6786c7d17bc067f2f666cbed,3606,1,12,linechart-real-22-ordered-main_effect-1-23,right,increasing,ordered,main_effect,true,dual,2026-03-20T16:05:04Z,less,TRUE,TRUE,TRUE,study,TRUE,5358.90625,2940.9142791620147,TRUE,FALSE,FALSE,FALSE
2582,6786c7d17bc067f2f666cbed,2354,1,13,linechart-real-6-ordered-interaction-1-14,right,increasing,ordered,interaction,true,dual,2026-03-20T16:05:07Z,less,TRUE,TRUE,TRUE,study,TRUE,5358.90625,2940.9142791620147,TRUE,FALSE,FALSE,FALSE
2587,6786c7d17bc067f2f666cbed,4068,0,14,linechart-real-16-shuffled-interaction-0-15,right,increasing,shuffled,interaction,false,dual,2026-03-20T16:05:12Z,less,TRUE,TRUE,TRUE,study,TRUE,5358.90625,2940.9142791620147,TRUE,FALSE,FALSE,FALSE
2592,6786c7d17bc067f2f666cbed,2842,0,15,linechart-real-26-shuffled-interaction-0-22,right,increasing,shuffled,interaction,false,dual,2026-03-20T16:05:16Z,more,TRUE,TRUE,TRUE,study,TRUE,5358.90625,2940.9142791620147,TRUE,FALSE,FALSE,FALSE
2612,6786c7d17bc067f2f666cbed,6552,0,16,linechart-real-0-ordered-main_effect-0-19,right,increasing,ordered,main_effect,false,dual,2026-03-20T16:05:32Z,less,TRUE,TRUE,TRUE,study,TRUE,5358.90625,2940.9142791620147,TRUE,FALSE,FALSE,FALSE
2617,6786c7d17bc067f2f666cbed,5312,1,17,linechart-real-18-shuffled-main_effect-0-26,left,increasing,shuffled,main_effect,false,dual,2026-03-20T16:05:39Z,more,TRUE,TRUE,TRUE,study,TRUE,5358.90625,2940.9142791620147,TRUE,FALSE,FALSE,FALSE
2627,6786c7d17bc067f2f666cbed,6775,0,18,linechart-real-7-ordered-interaction-1-21,left,increasing,ordered,interaction,true,dual,2026-03-20T16:05:46Z,less,TRUE,TRUE,TRUE,study,TRUE,5358.90625,2940.9142791620147,TRUE,FALSE,FALSE,FALSE
2636,6786c7d17bc067f2f666cbed,6016,1,19,linechart-real-31-shuffled-interaction-1-25,right,increasing,shuffled,interaction,true,dual,2026-03-20T16:05:54Z,more,TRUE,TRUE,TRUE,study,TRUE,5358.90625,2940.9142791620147,TRUE,FALSE,FALSE,FALSE
2643,6786c7d17bc067f2f666cbed,5120,0,20,linechart-real-25-shuffled-main_effect-0-2,right,increasing,shuffled,main_effect,false,dual,2026-03-20T16:06:00Z,less,TRUE,TRUE,TRUE,study,TRUE,5358.90625,2940.9142791620147,TRUE,FALSE,FALSE,FALSE
2648,6786c7d17bc067f2f666cbed,3022,1,21,linechart-real-29-ordered-interaction-0-30,left,increasing,ordered,interaction,false,dual,2026-03-20T16:06:04Z,more,TRUE,TRUE,TRUE,study,TRUE,5358.90625,2940.9142791620147,TRUE,FALSE,FALSE,FALSE
2657,6786c7d17bc067f2f666cbed,5373,1,22,linechart-real-1-ordered-main_effect-0-11,left,increasing,ordered,main_effect,false,dual,2026-03-20T16:06:10Z,less,TRUE,TRUE,TRUE,study,TRUE,5358.90625,2940.9142791620147,TRUE,FALSE,FALSE,FALSE
2663,6786c7d17bc067f2f666cbed,4382,1,23,linechart-real-20-shuffled-interaction-1-10,right,increasing,shuffled,interaction,true,dual,2026-03-20T16:06:15Z,more,TRUE,TRUE,TRUE,study,TRUE,5358.90625,2940.9142791620147,TRUE,FALSE,FALSE,FALSE
2679,6786c7d17bc067f2f666cbed,6367,0,24,linechart-real-5-ordered-interaction-1-5,left,increasing,ordered,interaction,true,dual,2026-03-20T16:06:30Z,more,TRUE,TRUE,TRUE,study,TRUE,5358.90625,2940.9142791620147,TRUE,FALSE,FALSE,FALSE
2684,6786c7d17bc067f2f666cbed,3613,0,25,linechart-real-10-ordered-interaction-0-6,right,increasing,ordered,interaction,false,dual,2026-03-20T16:06:35Z,more,TRUE,TRUE,TRUE,study,TRUE,5358.90625,2940.9142791620147,TRUE,FALSE,FALSE,FALSE
2693,6786c7d17bc067f2f666cbed,7041,0,26,linechart-real-14-shuffled-main_effect-1-13,left,increasing,shuffled,main_effect,true,dual,2026-03-20T16:06:44Z,more,TRUE,TRUE,TRUE,study,TRUE,5358.90625,2940.9142791620147,TRUE,FALSE,FALSE,FALSE
2700,6786c7d17bc067f2f666cbed,2938,0,27,linechart-real-27-ordered-main_effect-0-4,right,increasing,ordered,main_effect,false,dual,2026-03-20T16:06:49Z,less,TRUE,TRUE,TRUE,study,TRUE,5358.90625,2940.9142791620147,TRUE,FALSE,FALSE,FALSE
2706,6786c7d17bc067f2f666cbed,4314,1,28,linechart-real-3-ordered-main_effect-0-0,left,increasing,ordered,main_effect,false,dual,2026-03-20T16:06:55Z,less,TRUE,TRUE,TRUE,study,TRUE,5358.90625,2940.9142791620147,TRUE,FALSE,FALSE,FALSE
2711,6786c7d17bc067f2f666cbed,2175,1,29,linechart-real-8-shuffled-main_effect-0-18,left,increasing,shuffled,main_effect,false,dual,2026-03-20T16:06:57Z,more,TRUE,TRUE,TRUE,study,TRUE,5358.90625,2940.9142791620147,TRUE,FALSE,FALSE,FALSE
2717,6786c7d17bc067f2f666cbed,3133,0,30,linechart-real-15-shuffled-interaction-1-24,left,increasing,shuffled,interaction,true,dual,2026-03-20T16:07:01Z,more,TRUE,TRUE,TRUE,study,TRUE,5358.90625,2940.9142791620147,TRUE,FALSE,FALSE,FALSE
2719,6786c7d17bc067f2f666cbed,1929,1,31,linechart-real-19-shuffled-main_effect-1-28,right,increasing,shuffled,main_effect,true,dual,2026-03-20T16:07:05Z,more,TRUE,TRUE,TRUE,study,TRUE,5358.90625,2940.9142791620147,TRUE,FALSE,FALSE,FALSE
1908,6794ed55eb2149d852be82a1,18392,0,0,linechart-real-22-ordered-interaction-0-10,right,increasing,ordered,interaction,false,single,2026-03-19T15:27:33Z,less,TRUE,TRUE,TRUE,study,TRUE,11375.375,3578.1301275495025,FALSE,FALSE,FALSE,FALSE
1909,6794ed55eb2149d852be82a1,9289,1,1,linechart-real-19-shuffled-interaction-1-5,right,increasing,shuffled,interaction,true,single,2026-03-19T15:27:44Z,more,TRUE,TRUE,TRUE,study,TRUE,11375.375,3578.1301275495025,FALSE,FALSE,FALSE,FALSE
1910,6794ed55eb2149d852be82a1,8963,1,2,linechart-real-11-shuffled-main_effect-0-31,left,increasing,shuffled,main_effect,false,single,2026-03-19T15:27:54Z,more,TRUE,TRUE,TRUE,study,TRUE,11375.375,3578.1301275495025,FALSE,FALSE,FALSE,FALSE
1913,6794ed55eb2149d852be82a1,10157,0,3,linechart-real-9-shuffled-main_effect-1-4,left,increasing,shuffled,main_effect,true,single,2026-03-19T15:28:05Z,less,TRUE,TRUE,TRUE,study,TRUE,11375.375,3578.1301275495025,FALSE,FALSE,FALSE,FALSE
1914,6794ed55eb2149d852be82a1,10776,1,4,linechart-real-16-ordered-main_effect-0-11,left,increasing,ordered,main_effect,false,single,2026-03-19T15:28:17Z,less,TRUE,TRUE,TRUE,study,TRUE,11375.375,3578.1301275495025,FALSE,FALSE,FALSE,FALSE
1915,6794ed55eb2149d852be82a1,9558,1,5,linechart-real-27-shuffled-main_effect-0-2,left,increasing,shuffled,main_effect,false,single,2026-03-19T15:28:27Z,more,TRUE,TRUE,TRUE,study,TRUE,11375.375,3578.1301275495025,FALSE,FALSE,FALSE,FALSE
1919,6794ed55eb2149d852be82a1,12029,1,6,linechart-real-25-ordered-main_effect-1-7,right,increasing,ordered,main_effect,true,single,2026-03-19T15:28:40Z,less,TRUE,TRUE,TRUE,study,TRUE,11375.375,3578.1301275495025,FALSE,FALSE,FALSE,FALSE
1923,6794ed55eb2149d852be82a1,12372,1,7,linechart-real-0-shuffled-interaction-0-12,left,increasing,shuffled,interaction,false,single,2026-03-19T15:28:53Z,more,TRUE,TRUE,TRUE,study,TRUE,11375.375,3578.1301275495025,FALSE,FALSE,FALSE,FALSE
1925,6794ed55eb2149d852be82a1,9744,0,8,linechart-real-31-shuffled-interaction-1-9,left,increasing,shuffled,interaction,true,single,2026-03-19T15:29:09Z,less,TRUE,TRUE,TRUE,study,TRUE,11375.375,3578.1301275495025,FALSE,FALSE,FALSE,FALSE
1930,6794ed55eb2149d852be82a1,13536,1,9,linechart-real-17-shuffled-main_effect-0-15,left,increasing,shuffled,main_effect,false,single,2026-03-19T15:29:24Z,more,TRUE,TRUE,TRUE,study,TRUE,11375.375,3578.1301275495025,FALSE,FALSE,FALSE,FALSE
1932,6794ed55eb2149d852be82a1,13053,1,10,linechart-real-14-ordered-interaction-1-30,right,increasing,ordered,interaction,true,single,2026-03-19T15:29:38Z,less,TRUE,TRUE,TRUE,study,TRUE,11375.375,3578.1301275495025,FALSE,FALSE,FALSE,FALSE
1935,6794ed55eb2149d852be82a1,8836,1,11,linechart-real-29-shuffled-interaction-1-21,right,increasing,shuffled,interaction,true,single,2026-03-19T15:29:48Z,more,TRUE,TRUE,TRUE,study,TRUE,11375.375,3578.1301275495025,FALSE,FALSE,FALSE,FALSE
1937,6794ed55eb2149d852be82a1,10980,1,12,linechart-real-7-shuffled-interaction-1-8,right,increasing,shuffled,interaction,true,single,2026-03-19T15:29:59Z,more,TRUE,TRUE,TRUE,study,TRUE,11375.375,3578.1301275495025,FALSE,FALSE,FALSE,FALSE
1938,6794ed55eb2149d852be82a1,18432,1,13,linechart-real-12-shuffled-interaction-0-23,left,increasing,shuffled,interaction,false,single,2026-03-19T15:30:19Z,less,TRUE,TRUE,TRUE,study,TRUE,11375.375,3578.1301275495025,FALSE,FALSE,FALSE,FALSE
1941,6794ed55eb2149d852be82a1,9269,0,14,linechart-real-15-ordered-main_effect-1-0,left,increasing,ordered,main_effect,true,single,2026-03-19T15:30:29Z,less,TRUE,TRUE,TRUE,study,TRUE,11375.375,3578.1301275495025,FALSE,FALSE,FALSE,FALSE
1942,6794ed55eb2149d852be82a1,9754,1,15,linechart-real-20-shuffled-interaction-1-24,right,increasing,shuffled,interaction,true,single,2026-03-19T15:30:40Z,more,TRUE,TRUE,TRUE,study,TRUE,11375.375,3578.1301275495025,FALSE,FALSE,FALSE,FALSE
1944,6794ed55eb2149d852be82a1,14489,0,16,linechart-real-1-ordered-interaction-1-28,left,increasing,ordered,interaction,true,single,2026-03-19T15:30:58Z,more,TRUE,TRUE,TRUE,study,TRUE,11375.375,3578.1301275495025,FALSE,FALSE,FALSE,FALSE
1946,6794ed55eb2149d852be82a1,9784,1,17,linechart-real-26-shuffled-main_effect-0-20,left,increasing,shuffled,main_effect,false,single,2026-03-19T15:31:10Z,more,TRUE,TRUE,TRUE,study,TRUE,11375.375,3578.1301275495025,FALSE,FALSE,FALSE,FALSE
1949,6794ed55eb2149d852be82a1,14305,1,18,linechart-real-13-ordered-interaction-0-22,left,increasing,ordered,interaction,false,single,2026-03-19T15:31:25Z,less,TRUE,TRUE,TRUE,study,TRUE,11375.375,3578.1301275495025,FALSE,FALSE,FALSE,FALSE
1952,6794ed55eb2149d852be82a1,10109,1,19,linechart-real-18-ordered-main_effect-0-17,left,increasing,ordered,main_effect,false,single,2026-03-19T15:31:36Z,less,TRUE,TRUE,TRUE,study,TRUE,11375.375,3578.1301275495025,FALSE,FALSE,FALSE,FALSE
1953,6794ed55eb2149d852be82a1,7550,1,20,linechart-real-10-ordered-main_effect-1-19,right,increasing,ordered,main_effect,true,single,2026-03-19T15:31:44Z,less,TRUE,TRUE,TRUE,study,TRUE,11375.375,3578.1301275495025,FALSE,FALSE,FALSE,FALSE
1957,6794ed55eb2149d852be82a1,19866,1,21,linechart-real-28-ordered-interaction-0-6,left,increasing,ordered,interaction,false,single,2026-03-19T15:32:05Z,more,TRUE,TRUE,TRUE,study,TRUE,11375.375,3578.1301275495025,FALSE,FALSE,FALSE,TRUE
1959,6794ed55eb2149d852be82a1,14219,1,22,linechart-real-23-ordered-interaction-0-27,left,increasing,ordered,interaction,false,single,2026-03-19T15:32:20Z,less,TRUE,TRUE,TRUE,study,TRUE,11375.375,3578.1301275495025,FALSE,FALSE,FALSE,FALSE
1961,6794ed55eb2149d852be82a1,6725,1,23,linechart-real-30-shuffled-main_effect-0-25,left,increasing,shuffled,main_effect,false,single,2026-03-19T15:32:27Z,less,TRUE,TRUE,TRUE,study,TRUE,11375.375,3578.1301275495025,FALSE,FALSE,FALSE,FALSE
1965,6794ed55eb2149d852be82a1,15157,1,24,linechart-real-4-ordered-interaction-0-26,left,increasing,ordered,interaction,false,single,2026-03-19T15:32:47Z,more,TRUE,TRUE,TRUE,study,TRUE,11375.375,3578.1301275495025,FALSE,FALSE,FALSE,FALSE
1966,6794ed55eb2149d852be82a1,8199,1,25,linechart-real-3-ordered-main_effect-1-16,right,increasing,ordered,main_effect,true,single,2026-03-19T15:32:56Z,less,TRUE,TRUE,TRUE,study,TRUE,11375.375,3578.1301275495025,FALSE,FALSE,FALSE,FALSE
1968,6794ed55eb2149d852be82a1,6136,1,26,linechart-real-21-ordered-main_effect-1-13,right,increasing,ordered,main_effect,true,single,2026-03-19T15:33:03Z,more,TRUE,TRUE,TRUE,study,TRUE,11375.375,3578.1301275495025,FALSE,FALSE,FALSE,FALSE
1971,6794ed55eb2149d852be82a1,16553,1,27,linechart-real-5-ordered-interaction-0-3,left,increasing,ordered,interaction,false,single,2026-03-19T15:33:20Z,less,TRUE,TRUE,TRUE,study,TRUE,11375.375,3578.1301275495025,FALSE,FALSE,FALSE,FALSE
1973,6794ed55eb2149d852be82a1,11897,1,28,linechart-real-6-shuffled-interaction-1-29,right,increasing,shuffled,interaction,true,single,2026-03-19T15:33:33Z,less,TRUE,TRUE,TRUE,study,TRUE,11375.375,3578.1301275495025,FALSE,FALSE,FALSE,FALSE
1975,6794ed55eb2149d852be82a1,9226,1,29,linechart-real-2-shuffled-main_effect-1-14,right,increasing,shuffled,main_effect,true,single,2026-03-19T15:33:43Z,more,TRUE,TRUE,TRUE,study,TRUE,11375.375,3578.1301275495025,FALSE,FALSE,FALSE,FALSE
1977,6794ed55eb2149d852be82a1,8369,1,30,linechart-real-8-shuffled-main_effect-1-18,right,increasing,shuffled,main_effect,true,single,2026-03-19T15:33:52Z,more,TRUE,TRUE,TRUE,study,TRUE,11375.375,3578.1301275495025,FALSE,FALSE,FALSE,FALSE
1980,6794ed55eb2149d852be82a1,6288,1,31,linechart-real-24-ordered-main_effect-0-1,left,increasing,ordered,main_effect,false,single,2026-03-19T15:33:59Z,more,TRUE,TRUE,TRUE,study,TRUE,11375.375,3578.1301275495025,FALSE,FALSE,FALSE,FALSE
2106,67d620950d0be675fd3783b0,7917,1,0,linechart-real-8-ordered-main_effect-1-18,right,increasing,ordered,main_effect,true,single,2026-03-19T16:06:16Z,more,TRUE,TRUE,TRUE,study,TRUE,13652.15625,3363.0511598592498,FALSE,FALSE,FALSE,FALSE
2107,67d620950d0be675fd3783b0,13274,1,1,linechart-real-7-ordered-interaction-1-22,right,increasing,ordered,interaction,true,single,2026-03-19T16:06:30Z,less,TRUE,TRUE,TRUE,study,TRUE,13652.15625,3363.0511598592498,FALSE,FALSE,FALSE,FALSE
2108,67d620950d0be675fd3783b0,11317,1,2,linechart-real-21-shuffled-interaction-1-0,right,increasing,shuffled,interaction,true,single,2026-03-19T16:06:42Z,more,TRUE,TRUE,TRUE,study,TRUE,13652.15625,3363.0511598592498,FALSE,FALSE,FALSE,FALSE
2109,67d620950d0be675fd3783b0,9593,1,3,linechart-real-1-ordered-main_effect-0-14,left,increasing,ordered,main_effect,false,single,2026-03-19T16:06:52Z,more,TRUE,TRUE,TRUE,study,TRUE,13652.15625,3363.0511598592498,FALSE,FALSE,FALSE,FALSE
2111,67d620950d0be675fd3783b0,15819,1,4,linechart-real-27-shuffled-main_effect-1-11,right,increasing,shuffled,main_effect,true,single,2026-03-19T16:07:09Z,less,TRUE,TRUE,TRUE,study,TRUE,13652.15625,3363.0511598592498,FALSE,FALSE,FALSE,FALSE
2113,67d620950d0be675fd3783b0,12209,1,5,linechart-real-16-ordered-interaction-1-12,right,increasing,ordered,interaction,true,single,2026-03-19T16:07:22Z,less,TRUE,TRUE,TRUE,study,TRUE,13652.15625,3363.0511598592498,FALSE,FALSE,FALSE,FALSE
2114,67d620950d0be675fd3783b0,7016,0,6,linechart-real-10-shuffled-main_effect-0-1,right,increasing,shuffled,main_effect,false,single,2026-03-19T16:07:30Z,more,TRUE,TRUE,TRUE,study,TRUE,13652.15625,3363.0511598592498,FALSE,FALSE,FALSE,FALSE
2117,67d620950d0be675fd3783b0,20669,1,7,linechart-real-23-shuffled-interaction-0-26,left,increasing,shuffled,interaction,false,single,2026-03-19T16:07:52Z,more,TRUE,TRUE,TRUE,study,TRUE,13652.15625,3363.0511598592498,FALSE,FALSE,FALSE,TRUE
2119,67d620950d0be675fd3783b0,12651,1,8,linechart-real-14-ordered-main_effect-0-25,left,increasing,ordered,main_effect,false,single,2026-03-19T16:08:22Z,more,TRUE,TRUE,TRUE,study,TRUE,13652.15625,3363.0511598592498,FALSE,FALSE,FALSE,FALSE
2121,67d620950d0be675fd3783b0,18876,1,9,linechart-real-29-ordered-interaction-0-9,left,increasing,ordered,interaction,false,single,2026-03-19T16:08:39Z,more,TRUE,TRUE,TRUE,study,TRUE,13652.15625,3363.0511598592498,FALSE,FALSE,FALSE,FALSE
2122,67d620950d0be675fd3783b0,11856,1,10,linechart-real-26-shuffled-main_effect-0-4,left,increasing,shuffled,main_effect,false,single,2026-03-19T16:08:52Z,more,TRUE,TRUE,TRUE,study,TRUE,13652.15625,3363.0511598592498,FALSE,FALSE,FALSE,FALSE
2125,67d620950d0be675fd3783b0,13740,1,11,linechart-real-11-ordered-interaction-1-8,right,increasing,ordered,interaction,true,single,2026-03-19T16:09:07Z,less,TRUE,TRUE,TRUE,study,TRUE,13652.15625,3363.0511598592498,FALSE,FALSE,FALSE,FALSE
2127,67d620950d0be675fd3783b0,21718,1,12,linechart-real-28-shuffled-main_effect-1-2,right,increasing,shuffled,main_effect,true,single,2026-03-19T16:09:29Z,more,TRUE,TRUE,TRUE,study,TRUE,13652.15625,3363.0511598592498,FALSE,FALSE,FALSE,TRUE
2129,67d620950d0be675fd3783b0,14686,1,13,linechart-real-0-shuffled-interaction-1-29,right,increasing,shuffled,interaction,true,single,2026-03-19T16:09:45Z,more,TRUE,TRUE,TRUE,study,TRUE,13652.15625,3363.0511598592498,FALSE,FALSE,FALSE,FALSE
2131,67d620950d0be675fd3783b0,12021,1,14,linechart-real-24-ordered-main_effect-0-19,left,increasing,ordered,main_effect,false,single,2026-03-19T16:09:57Z,more,TRUE,TRUE,TRUE,study,TRUE,13652.15625,3363.0511598592498,FALSE,FALSE,FALSE,FALSE
2133,67d620950d0be675fd3783b0,14275,0,15,linechart-real-2-shuffled-interaction-0-21,right,increasing,shuffled,interaction,false,single,2026-03-19T16:10:12Z,more,TRUE,TRUE,TRUE,study,TRUE,13652.15625,3363.0511598592498,FALSE,FALSE,FALSE,FALSE
2136,67d620950d0be675fd3783b0,14978,1,16,linechart-real-19-shuffled-main_effect-0-31,left,increasing,shuffled,main_effect,false,single,2026-03-19T16:10:39Z,less,TRUE,TRUE,TRUE,study,TRUE,13652.15625,3363.0511598592498,FALSE,FALSE,FALSE,FALSE
2138,67d620950d0be675fd3783b0,14973,1,17,linechart-real-9-shuffled-interaction-1-3,right,increasing,shuffled,interaction,true,single,2026-03-19T16:10:54Z,less,TRUE,TRUE,TRUE,study,TRUE,13652.15625,3363.0511598592498,FALSE,FALSE,FALSE,FALSE
2140,67d620950d0be675fd3783b0,13300,1,18,linechart-real-4-shuffled-interaction-1-15,right,increasing,shuffled,interaction,true,single,2026-03-19T16:11:09Z,less,TRUE,TRUE,TRUE,study,TRUE,13652.15625,3363.0511598592498,FALSE,FALSE,FALSE,FALSE
2142,67d620950d0be675fd3783b0,15682,1,19,linechart-real-30-shuffled-main_effect-1-5,right,increasing,shuffled,main_effect,true,single,2026-03-19T16:11:25Z,less,TRUE,TRUE,TRUE,study,TRUE,13652.15625,3363.0511598592498,FALSE,FALSE,FALSE,FALSE
2144,67d620950d0be675fd3783b0,12376,1,20,linechart-real-13-ordered-main_effect-1-24,right,increasing,ordered,main_effect,true,single,2026-03-19T16:11:38Z,more,TRUE,TRUE,TRUE,study,TRUE,13652.15625,3363.0511598592498,FALSE,FALSE,FALSE,FALSE
2146,67d620950d0be675fd3783b0,10207,1,21,linechart-real-31-shuffled-main_effect-1-10,right,increasing,shuffled,main_effect,true,single,2026-03-19T16:11:49Z,more,TRUE,TRUE,TRUE,study,TRUE,13652.15625,3363.0511598592498,FALSE,FALSE,FALSE,FALSE
2148,67d620950d0be675fd3783b0,12454,1,22,linechart-real-3-ordered-main_effect-1-30,right,increasing,ordered,main_effect,true,single,2026-03-19T16:12:02Z,less,TRUE,TRUE,TRUE,study,TRUE,13652.15625,3363.0511598592498,FALSE,FALSE,FALSE,FALSE
2150,67d620950d0be675fd3783b0,13188,1,23,linechart-real-25-ordered-interaction-0-27,left,increasing,ordered,interaction,false,single,2026-03-19T16:12:16Z,more,TRUE,TRUE,TRUE,study,TRUE,13652.15625,3363.0511598592498,FALSE,FALSE,FALSE,FALSE
2152,67d620950d0be675fd3783b0,14161,1,24,linechart-real-17-shuffled-interaction-1-7,right,increasing,shuffled,interaction,true,single,2026-03-19T16:12:39Z,less,TRUE,TRUE,TRUE,study,TRUE,13652.15625,3363.0511598592498,FALSE,FALSE,FALSE,FALSE
2154,67d620950d0be675fd3783b0,13738,1,25,linechart-real-6-shuffled-main_effect-0-20,left,increasing,shuffled,main_effect,false,single,2026-03-19T16:12:53Z,less,TRUE,TRUE,TRUE,study,TRUE,13652.15625,3363.0511598592498,FALSE,FALSE,FALSE,FALSE
2156,67d620950d0be675fd3783b0,11702,1,26,linechart-real-15-ordered-interaction-0-28,left,increasing,ordered,interaction,false,single,2026-03-19T16:13:06Z,more,TRUE,TRUE,TRUE,study,TRUE,13652.15625,3363.0511598592498,FALSE,FALSE,FALSE,FALSE
2157,67d620950d0be675fd3783b0,11282,1,27,linechart-real-20-shuffled-interaction-0-23,left,increasing,shuffled,interaction,false,single,2026-03-19T16:13:18Z,less,TRUE,TRUE,TRUE,study,TRUE,13652.15625,3363.0511598592498,FALSE,FALSE,FALSE,FALSE
2158,67d620950d0be675fd3783b0,16847,1,28,linechart-real-12-ordered-main_effect-0-6,left,increasing,ordered,main_effect,false,single,2026-03-19T16:13:35Z,less,TRUE,TRUE,TRUE,study,TRUE,13652.15625,3363.0511598592498,FALSE,FALSE,FALSE,FALSE
2159,67d620950d0be675fd3783b0,10343,1,29,linechart-real-5-ordered-interaction-1-17,right,increasing,ordered,interaction,true,single,2026-03-19T16:13:47Z,less,TRUE,TRUE,TRUE,study,TRUE,13652.15625,3363.0511598592498,FALSE,FALSE,FALSE,FALSE
2160,67d620950d0be675fd3783b0,20061,1,30,linechart-real-18-ordered-main_effect-0-13,left,increasing,ordered,main_effect,false,single,2026-03-19T16:14:07Z,less,TRUE,TRUE,TRUE,study,TRUE,13652.15625,3363.0511598592498,FALSE,FALSE,FALSE,FALSE
2161,67d620950d0be675fd3783b0,13940,1,31,linechart-real-22-ordered-interaction-0-16,left,increasing,ordered,interaction,false,single,2026-03-19T16:14:22Z,less,TRUE,TRUE,TRUE,study,TRUE,13652.15625,3363.0511598592498,FALSE,FALSE,FALSE,FALSE
2576,67edb75b0744561f1cf6ff9d,690,0,0,linechart-real-5-ordered-interaction-1-4,left,increasing,ordered,interaction,true,single,2026-03-20T16:05:04Z,more,TRUE,TRUE,TRUE,study,TRUE,732.0625,550.4852368299644,TRUE,FALSE,FALSE,FALSE
2580,67edb75b0744561f1cf6ff9d,597,1,1,linechart-real-19-ordered-main_effect-0-20,left,increasing,ordered,main_effect,false,single,2026-03-20T16:05:07Z,less,TRUE,TRUE,TRUE,study,TRUE,732.0625,550.4852368299644,TRUE,FALSE,FALSE,FALSE
2586,67edb75b0744561f1cf6ff9d,705,0,2,linechart-real-28-shuffled-interaction-1-12,left,increasing,shuffled,interaction,true,single,2026-03-20T16:05:11Z,more,TRUE,TRUE,TRUE,study,TRUE,732.0625,550.4852368299644,TRUE,FALSE,FALSE,FALSE
2588,67edb75b0744561f1cf6ff9d,411,1,3,linechart-real-29-shuffled-interaction-0-8,left,increasing,shuffled,interaction,false,single,2026-03-20T16:05:14Z,less,TRUE,TRUE,TRUE,study,TRUE,732.0625,550.4852368299644,TRUE,FALSE,FALSE,FALSE
2593,67edb75b0744561f1cf6ff9d,1008,0,4,linechart-real-0-shuffled-main_effect-1-26,left,increasing,shuffled,main_effect,true,single,2026-03-20T16:05:17Z,more,TRUE,TRUE,TRUE,study,TRUE,732.0625,550.4852368299644,TRUE,FALSE,FALSE,FALSE
2598,67edb75b0744561f1cf6ff9d,1340,0,5,linechart-real-12-ordered-interaction-0-6,right,increasing,ordered,interaction,false,single,2026-03-20T16:05:21Z,more,TRUE,TRUE,TRUE,study,TRUE,732.0625,550.4852368299644,TRUE,FALSE,FALSE,FALSE
2602,67edb75b0744561f1cf6ff9d,610,1,6,linechart-real-16-shuffled-interaction-0-10,left,increasing,shuffled,interaction,false,single,2026-03-20T16:05:24Z,less,TRUE,TRUE,TRUE,study,TRUE,732.0625,550.4852368299644,TRUE,FALSE,FALSE,FALSE
2605,67edb75b0744561f1cf6ff9d,866,1,7,linechart-real-15-shuffled-main_effect-0-23,left,increasing,shuffled,main_effect,false,single,2026-03-20T16:05:27Z,less,TRUE,TRUE,TRUE,study,TRUE,732.0625,550.4852368299644,TRUE,FALSE,FALSE,FALSE
2615,67edb75b0744561f1cf6ff9d,2135,1,8,linechart-real-8-shuffled-main_effect-0-15,left,increasing,shuffled,main_effect,false,single,2026-03-20T16:05:38Z,more,TRUE,TRUE,TRUE,study,TRUE,732.0625,550.4852368299644,TRUE,FALSE,FALSE,TRUE
2620,67edb75b0744561f1cf6ff9d,2149,0,9,linechart-real-1-ordered-main_effect-0-25,right,increasing,ordered,main_effect,false,single,2026-03-20T16:05:41Z,less,TRUE,TRUE,TRUE,study,TRUE,732.0625,550.4852368299644,TRUE,FALSE,FALSE,TRUE
2624,67edb75b0744561f1cf6ff9d,1226,0,10,linechart-real-11-shuffled-interaction-1-30,left,increasing,shuffled,interaction,true,single,2026-03-20T16:05:45Z,less,TRUE,TRUE,TRUE,study,TRUE,732.0625,550.4852368299644,TRUE,FALSE,FALSE,FALSE
2628,67edb75b0744561f1cf6ff9d,733,1,11,linechart-real-25-ordered-main_effect-0-17,left,increasing,ordered,main_effect,false,single,2026-03-20T16:05:48Z,more,TRUE,TRUE,TRUE,study,TRUE,732.0625,550.4852368299644,TRUE,FALSE,FALSE,FALSE
2630,67edb75b0744561f1cf6ff9d,205,1,12,linechart-real-22-shuffled-main_effect-1-21,right,increasing,shuffled,main_effect,true,single,2026-03-20T16:05:50Z,more,TRUE,TRUE,TRUE,study,TRUE,732.0625,550.4852368299644,TRUE,FALSE,FALSE,FALSE
2632,67edb75b0744561f1cf6ff9d,966,0,13,linechart-real-9-shuffled-interaction-1-22,left,increasing,shuffled,interaction,true,single,2026-03-20T16:05:53Z,more,TRUE,TRUE,TRUE,study,TRUE,732.0625,550.4852368299644,TRUE,FALSE,FALSE,FALSE
2637,67edb75b0744561f1cf6ff9d,462,1,14,linechart-real-10-shuffled-interaction-0-5,left,increasing,shuffled,interaction,false,single,2026-03-20T16:05:55Z,less,TRUE,TRUE,TRUE,study,TRUE,732.0625,550.4852368299644,TRUE,FALSE,FALSE,FALSE
2639,67edb75b0744561f1cf6ff9d,1065,1,15,linechart-real-2-shuffled-main_effect-0-3,left,increasing,shuffled,main_effect,false,single,2026-03-20T16:05:58Z,more,TRUE,TRUE,TRUE,study,TRUE,732.0625,550.4852368299644,TRUE,FALSE,FALSE,FALSE
2646,67edb75b0744561f1cf6ff9d,92,1,16,linechart-real-6-ordered-interaction-1-31,right,increasing,ordered,interaction,true,single,2026-03-20T16:06:04Z,less,TRUE,TRUE,TRUE,study,TRUE,732.0625,550.4852368299644,TRUE,FALSE,FALSE,FALSE
2651,67edb75b0744561f1cf6ff9d,585,1,17,linechart-real-26-shuffled-interaction-0-29,left,increasing,shuffled,interaction,false,single,2026-03-20T16:06:06Z,more,TRUE,TRUE,TRUE,study,TRUE,732.0625,550.4852368299644,TRUE,FALSE,FALSE,FALSE
2653,67edb75b0744561f1cf6ff9d,125,0,18,linechart-real-13-shuffled-main_effect-0-11,right,increasing,shuffled,main_effect,false,single,2026-03-20T16:06:08Z,less,TRUE,TRUE,TRUE,study,TRUE,732.0625,550.4852368299644,TRUE,FALSE,FALSE,FALSE
2656,67edb75b0744561f1cf6ff9d,268,0,19,linechart-real-21-shuffled-interaction-1-16,left,increasing,shuffled,interaction,true,single,2026-03-20T16:06:11Z,less,TRUE,TRUE,TRUE,study,TRUE,732.0625,550.4852368299644,TRUE,FALSE,FALSE,FALSE
2661,67edb75b0744561f1cf6ff9d,177,1,20,linechart-real-4-ordered-interaction-0-18,left,increasing,ordered,interaction,false,single,2026-03-20T16:06:13Z,less,TRUE,TRUE,TRUE,study,TRUE,732.0625,550.4852368299644,TRUE,FALSE,FALSE,FALSE
2670,67edb75b0744561f1cf6ff9d,582,0,21,linechart-real-24-ordered-main_effect-1-7,left,increasing,ordered,main_effect,true,single,2026-03-20T16:06:24Z,less,TRUE,TRUE,TRUE,study,TRUE,732.0625,550.4852368299644,TRUE,FALSE,FALSE,FALSE
2674,67edb75b0744561f1cf6ff9d,275,1,22,linechart-real-20-ordered-main_effect-1-28,right,increasing,ordered,main_effect,true,single,2026-03-20T16:06:27Z,more,TRUE,TRUE,TRUE,study,TRUE,732.0625,550.4852368299644,TRUE,FALSE,FALSE,FALSE
2678,67edb75b0744561f1cf6ff9d,375,0,23,linechart-real-7-ordered-main_effect-1-2,left,increasing,ordered,main_effect,true,single,2026-03-20T16:06:30Z,less,TRUE,TRUE,TRUE,study,TRUE,732.0625,550.4852368299644,TRUE,FALSE,FALSE,FALSE
2688,67edb75b0744561f1cf6ff9d,434,1,24,linechart-real-18-shuffled-main_effect-1-9,right,increasing,shuffled,main_effect,true,single,2026-03-20T16:06:39Z,less,TRUE,TRUE,TRUE,study,TRUE,732.0625,550.4852368299644,TRUE,FALSE,FALSE,FALSE
2691,67edb75b0744561f1cf6ff9d,409,1,25,linechart-real-14-ordered-interaction-1-0,right,increasing,ordered,interaction,true,single,2026-03-20T16:06:42Z,less,TRUE,TRUE,TRUE,study,TRUE,732.0625,550.4852368299644,TRUE,FALSE,FALSE,FALSE
2692,67edb75b0744561f1cf6ff9d,371,0,26,linechart-real-23-shuffled-main_effect-1-1,left,increasing,shuffled,main_effect,true,single,2026-03-20T16:06:44Z,more,TRUE,TRUE,TRUE,study,TRUE,732.0625,550.4852368299644,TRUE,FALSE,FALSE,FALSE
2698,67edb75b0744561f1cf6ff9d,427,0,27,linechart-real-3-ordered-main_effect-0-13,right,increasing,ordered,main_effect,false,single,2026-03-20T16:06:48Z,more,TRUE,TRUE,TRUE,study,TRUE,732.0625,550.4852368299644,TRUE,FALSE,FALSE,FALSE
2702,67edb75b0744561f1cf6ff9d,368,1,28,linechart-real-30-ordered-interaction-0-27,left,increasing,ordered,interaction,false,single,2026-03-20T16:06:51Z,more,TRUE,TRUE,TRUE,study,TRUE,732.0625,550.4852368299644,TRUE,FALSE,FALSE,FALSE
2704,67edb75b0744561f1cf6ff9d,1591,0,29,linechart-real-27-ordered-main_effect-1-19,left,increasing,ordered,main_effect,true,single,2026-03-20T16:06:54Z,less,TRUE,TRUE,TRUE,study,TRUE,732.0625,550.4852368299644,TRUE,FALSE,FALSE,FALSE
2712,67edb75b0744561f1cf6ff9d,1734,1,30,linechart-real-17-ordered-interaction-0-14,left,increasing,ordered,interaction,false,single,2026-03-20T16:06:59Z,more,TRUE,TRUE,TRUE,study,TRUE,732.0625,550.4852368299644,TRUE,FALSE,FALSE,FALSE
2715,67edb75b0744561f1cf6ff9d,445,1,31,linechart-real-31-ordered-interaction-1-24,right,increasing,ordered,interaction,true,single,2026-03-20T16:07:01Z,more,TRUE,TRUE,TRUE,study,TRUE,732.0625,550.4852368299644,TRUE,FALSE,FALSE,FALSE
2758,694179d88301c400c4bbdb4d,11916,0,0,linechart-real-4-ordered-main_effect-0-24,right,increasing,ordered,main_effect,false,single,2026-03-20T16:05:23Z,less,TRUE,TRUE,TRUE,study,TRUE,10036.65625,2994.6864299135004,FALSE,FALSE,FALSE,FALSE
2772,694179d88301c400c4bbdb4d,12187,1,1,linechart-real-22-shuffled-interaction-1-18,right,increasing,shuffled,interaction,true,single,2026-03-20T16:05:37Z,less,TRUE,TRUE,TRUE,study,TRUE,10036.65625,2994.6864299135004,FALSE,FALSE,FALSE,FALSE
2778,694179d88301c400c4bbdb4d,8619,1,2,linechart-real-8-ordered-interaction-1-10,right,increasing,ordered,interaction,true,single,2026-03-20T16:05:46Z,less,TRUE,TRUE,TRUE,study,TRUE,10036.65625,2994.6864299135004,FALSE,FALSE,FALSE,FALSE
2789,694179d88301c400c4bbdb4d,19165,1,3,linechart-real-3-ordered-main_effect-1-20,right,increasing,ordered,main_effect,true,single,2026-03-20T16:06:06Z,more,TRUE,TRUE,TRUE,study,TRUE,10036.65625,2994.6864299135004,FALSE,FALSE,FALSE,TRUE
2799,694179d88301c400c4bbdb4d,15375,1,4,linechart-real-12-shuffled-interaction-0-9,left,increasing,shuffled,interaction,false,single,2026-03-20T16:06:22Z,more,TRUE,TRUE,TRUE,study,TRUE,10036.65625,2994.6864299135004,FALSE,FALSE,FALSE,FALSE
2809,694179d88301c400c4bbdb4d,13037,1,5,linechart-real-31-ordered-main_effect-0-13,left,increasing,ordered,main_effect,false,single,2026-03-20T16:06:36Z,more,TRUE,TRUE,TRUE,study,TRUE,10036.65625,2994.6864299135004,FALSE,FALSE,FALSE,FALSE
2813,694179d88301c400c4bbdb4d,8139,1,6,linechart-real-27-ordered-interaction-0-11,left,increasing,ordered,interaction,false,single,2026-03-20T16:06:45Z,less,TRUE,TRUE,TRUE,study,TRUE,10036.65625,2994.6864299135004,FALSE,FALSE,FALSE,FALSE
2821,694179d88301c400c4bbdb4d,12180,1,7,linechart-real-0-ordered-main_effect-1-14,right,increasing,ordered,main_effect,true,single,2026-03-20T16:06:58Z,less,TRUE,TRUE,TRUE,study,TRUE,10036.65625,2994.6864299135004,FALSE,FALSE,FALSE,FALSE
2832,694179d88301c400c4bbdb4d,10796,1,8,linechart-real-17-shuffled-interaction-1-4,right,increasing,shuffled,interaction,true,single,2026-03-20T16:07:26Z,more,TRUE,TRUE,TRUE,study,TRUE,10036.65625,2994.6864299135004,FALSE,FALSE,FALSE,FALSE
2839,694179d88301c400c4bbdb4d,10916,1,9,linechart-real-26-ordered-interaction-0-29,left,increasing,ordered,interaction,false,single,2026-03-20T16:07:38Z,more,TRUE,TRUE,TRUE,study,TRUE,10036.65625,2994.6864299135004,FALSE,FALSE,FALSE,FALSE
2842,694179d88301c400c4bbdb4d,6417,1,10,linechart-real-16-ordered-interaction-1-23,right,increasing,ordered,interaction,true,single,2026-03-20T16:07:45Z,more,TRUE,TRUE,TRUE,study,TRUE,10036.65625,2994.6864299135004,FALSE,FALSE,FALSE,FALSE
2845,694179d88301c400c4bbdb4d,8952,1,11,linechart-real-24-shuffled-interaction-0-26,left,increasing,shuffled,interaction,false,single,2026-03-20T16:07:55Z,more,TRUE,TRUE,TRUE,study,TRUE,10036.65625,2994.6864299135004,FALSE,FALSE,FALSE,FALSE
2851,694179d88301c400c4bbdb4d,12731,1,12,linechart-real-19-ordered-interaction-0-15,left,increasing,ordered,interaction,false,single,2026-03-20T16:08:08Z,more,TRUE,TRUE,TRUE,study,TRUE,10036.65625,2994.6864299135004,FALSE,FALSE,FALSE,FALSE
2853,694179d88301c400c4bbdb4d,6438,1,13,linechart-real-5-shuffled-main_effect-1-21,right,increasing,shuffled,main_effect,true,single,2026-03-20T16:08:15Z,more,TRUE,TRUE,TRUE,study,TRUE,10036.65625,2994.6864299135004,FALSE,FALSE,FALSE,FALSE
2856,694179d88301c400c4bbdb4d,8764,1,14,linechart-real-18-ordered-interaction-0-30,left,increasing,ordered,interaction,false,single,2026-03-20T16:08:25Z,less,TRUE,TRUE,TRUE,study,TRUE,10036.65625,2994.6864299135004,FALSE,FALSE,FALSE,FALSE
2866,694179d88301c400c4bbdb4d,10907,1,15,linechart-real-11-shuffled-main_effect-1-5,right,increasing,shuffled,main_effect,true,single,2026-03-20T16:08:36Z,more,TRUE,TRUE,TRUE,study,TRUE,10036.65625,2994.6864299135004,FALSE,FALSE,FALSE,FALSE
2868,694179d88301c400c4bbdb4d,10391,1,16,linechart-real-20-ordered-main_effect-1-22,right,increasing,ordered,main_effect,true,single,2026-03-20T16:08:51Z,less,TRUE,TRUE,TRUE,study,TRUE,10036.65625,2994.6864299135004,FALSE,FALSE,FALSE,FALSE
2873,694179d88301c400c4bbdb4d,8237,1,17,linechart-real-7-shuffled-main_effect-0-12,left,increasing,shuffled,main_effect,false,single,2026-03-20T16:09:00Z,less,TRUE,TRUE,TRUE,study,TRUE,10036.65625,2994.6864299135004,FALSE,FALSE,FALSE,FALSE
2875,694179d88301c400c4bbdb4d,6741,1,18,linechart-real-6-shuffled-main_effect-0-7,left,increasing,shuffled,main_effect,false,single,2026-03-20T16:09:08Z,more,TRUE,TRUE,TRUE,study,TRUE,10036.65625,2994.6864299135004,FALSE,FALSE,FALSE,FALSE
2879,694179d88301c400c4bbdb4d,8038,1,19,linechart-real-23-ordered-interaction-0-19,left,increasing,ordered,interaction,false,single,2026-03-20T16:09:17Z,less,TRUE,TRUE,TRUE,study,TRUE,10036.65625,2994.6864299135004,FALSE,FALSE,FALSE,FALSE
2881,694179d88301c400c4bbdb4d,8136,1,20,linechart-real-1-ordered-main_effect-0-3,left,increasing,ordered,main_effect,false,single,2026-03-20T16:09:25Z,more,TRUE,TRUE,TRUE,study,TRUE,10036.65625,2994.6864299135004,FALSE,FALSE,FALSE,FALSE
2884,694179d88301c400c4bbdb4d,9678,1,21,linechart-real-29-shuffled-main_effect-0-31,left,increasing,shuffled,main_effect,false,single,2026-03-20T16:09:36Z,less,TRUE,TRUE,TRUE,study,TRUE,10036.65625,2994.6864299135004,FALSE,FALSE,FALSE,FALSE
2888,694179d88301c400c4bbdb4d,6840,1,22,linechart-real-9-shuffled-interaction-1-6,right,increasing,shuffled,interaction,true,single,2026-03-20T16:09:43Z,more,TRUE,TRUE,TRUE,study,TRUE,10036.65625,2994.6864299135004,FALSE,FALSE,FALSE,FALSE
2892,694179d88301c400c4bbdb4d,11448,1,23,linechart-real-25-shuffled-main_effect-0-2,left,increasing,shuffled,main_effect,false,single,2026-03-20T16:09:55Z,more,TRUE,TRUE,TRUE,study,TRUE,10036.65625,2994.6864299135004,FALSE,FALSE,FALSE,FALSE
2896,694179d88301c400c4bbdb4d,12865,1,24,linechart-real-2-shuffled-interaction-1-8,right,increasing,shuffled,interaction,true,single,2026-03-20T16:10:12Z,less,TRUE,TRUE,TRUE,study,TRUE,10036.65625,2994.6864299135004,FALSE,FALSE,FALSE,FALSE
2898,694179d88301c400c4bbdb4d,6052,1,25,linechart-real-15-ordered-interaction-0-17,left,increasing,ordered,interaction,false,single,2026-03-20T16:10:19Z,less,TRUE,TRUE,TRUE,study,TRUE,10036.65625,2994.6864299135004,FALSE,FALSE,FALSE,FALSE
2902,694179d88301c400c4bbdb4d,5904,0,26,linechart-real-10-shuffled-main_effect-1-27,left,increasing,shuffled,main_effect,true,single,2026-03-20T16:10:26Z,less,TRUE,TRUE,TRUE,study,TRUE,10036.65625,2994.6864299135004,FALSE,FALSE,FALSE,FALSE
2903,694179d88301c400c4bbdb4d,7879,1,27,linechart-real-30-ordered-main_effect-1-16,right,increasing,ordered,main_effect,true,single,2026-03-20T16:10:35Z,more,TRUE,TRUE,TRUE,study,TRUE,10036.65625,2994.6864299135004,FALSE,FALSE,FALSE,FALSE
2907,694179d88301c400c4bbdb4d,9392,1,28,linechart-real-21-ordered-main_effect-1-25,right,increasing,ordered,main_effect,true,single,2026-03-20T16:10:45Z,more,TRUE,TRUE,TRUE,study,TRUE,10036.65625,2994.6864299135004,FALSE,FALSE,FALSE,FALSE
2910,694179d88301c400c4bbdb4d,7843,1,29,linechart-real-14-shuffled-interaction-0-0,left,increasing,shuffled,interaction,false,single,2026-03-20T16:10:54Z,less,TRUE,TRUE,TRUE,study,TRUE,10036.65625,2994.6864299135004,FALSE,FALSE,FALSE,FALSE
2914,694179d88301c400c4bbdb4d,11475,1,30,linechart-real-13-shuffled-main_effect-1-28,right,increasing,shuffled,main_effect,true,single,2026-03-20T16:11:06Z,less,TRUE,TRUE,TRUE,study,TRUE,10036.65625,2994.6864299135004,FALSE,FALSE,FALSE,FALSE
2919,694179d88301c400c4bbdb4d,13715,1,31,linechart-real-28-shuffled-interaction-1-1,right,increasing,shuffled,interaction,true,single,2026-03-20T16:11:20Z,less,TRUE,TRUE,TRUE,study,TRUE,10036.65625,2994.6864299135004,FALSE,FALSE,FALSE,FALSE
2569,6943112231de947e3850dcfc,28827,0,0,linechart-real-22-shuffled-interaction-0-16,right,increasing,shuffled,interaction,false,single,2026-03-20T16:04:58Z,more,TRUE,TRUE,TRUE,study,TRUE,14835.53125,6914.075344538825,FALSE,FALSE,FALSE,TRUE
2590,6943112231de947e3850dcfc,15390,1,1,linechart-real-13-shuffled-main_effect-1-18,right,increasing,shuffled,main_effect,true,single,2026-03-20T16:05:15Z,more,TRUE,TRUE,TRUE,study,TRUE,14835.53125,6914.075344538825,FALSE,FALSE,FALSE,FALSE
2606,6943112231de947e3850dcfc,10905,1,2,linechart-real-24-ordered-interaction-0-6,left,increasing,ordered,interaction,false,single,2026-03-20T16:05:28Z,less,TRUE,TRUE,TRUE,study,TRUE,14835.53125,6914.075344538825,FALSE,FALSE,FALSE,FALSE
2623,6943112231de947e3850dcfc,15721,1,3,linechart-real-27-shuffled-main_effect-0-29,left,increasing,shuffled,main_effect,false,single,2026-03-20T16:05:44Z,less,TRUE,TRUE,TRUE,study,TRUE,14835.53125,6914.075344538825,FALSE,FALSE,FALSE,FALSE
2664,6943112231de947e3850dcfc,31623,1,4,linechart-real-7-shuffled-interaction-1-7,right,increasing,shuffled,interaction,true,single,2026-03-20T16:06:17Z,more,TRUE,TRUE,TRUE,study,TRUE,14835.53125,6914.075344538825,FALSE,FALSE,FALSE,TRUE
2676,6943112231de947e3850dcfc,11037,1,5,linechart-real-20-shuffled-interaction-0-28,left,increasing,shuffled,interaction,false,single,2026-03-20T16:06:29Z,less,TRUE,TRUE,TRUE,study,TRUE,14835.53125,6914.075344538825,FALSE,FALSE,FALSE,FALSE
2689,6943112231de947e3850dcfc,10098,1,6,linechart-real-2-shuffled-main_effect-0-30,left,increasing,shuffled,main_effect,false,single,2026-03-20T16:06:39Z,more,TRUE,TRUE,TRUE,study,TRUE,14835.53125,6914.075344538825,FALSE,FALSE,FALSE,FALSE
2708,6943112231de947e3850dcfc,16975,0,7,linechart-real-21-shuffled-main_effect-1-15,left,increasing,shuffled,main_effect,true,single,2026-03-20T16:06:57Z,more,TRUE,TRUE,TRUE,study,TRUE,14835.53125,6914.075344538825,FALSE,FALSE,FALSE,FALSE
2727,6943112231de947e3850dcfc,11703,1,8,linechart-real-9-ordered-interaction-0-23,left,increasing,ordered,interaction,false,single,2026-03-20T16:07:20Z,less,TRUE,TRUE,TRUE,study,TRUE,14835.53125,6914.075344538825,FALSE,FALSE,FALSE,FALSE
2744,6943112231de947e3850dcfc,21576,1,9,linechart-real-4-shuffled-main_effect-1-3,right,increasing,shuffled,main_effect,true,single,2026-03-20T16:07:42Z,less,TRUE,TRUE,TRUE,study,TRUE,14835.53125,6914.075344538825,FALSE,FALSE,FALSE,FALSE
2755,6943112231de947e3850dcfc,13756,1,10,linechart-real-14-ordered-interaction-1-20,right,increasing,ordered,interaction,true,single,2026-03-20T16:07:57Z,more,TRUE,TRUE,TRUE,study,TRUE,14835.53125,6914.075344538825,FALSE,FALSE,FALSE,FALSE
2771,6943112231de947e3850dcfc,15140,1,11,linechart-real-5-ordered-interaction-0-31,left,increasing,ordered,interaction,false,single,2026-03-20T16:08:13Z,more,TRUE,TRUE,TRUE,study,TRUE,14835.53125,6914.075344538825,FALSE,FALSE,FALSE,FALSE
2780,6943112231de947e3850dcfc,12583,1,12,linechart-real-15-ordered-main_effect-1-24,right,increasing,ordered,main_effect,true,single,2026-03-20T16:08:26Z,more,TRUE,TRUE,TRUE,study,TRUE,14835.53125,6914.075344538825,FALSE,FALSE,FALSE,FALSE
2786,6943112231de947e3850dcfc,8338,1,13,linechart-real-28-ordered-main_effect-1-17,right,increasing,ordered,main_effect,true,single,2026-03-20T16:08:35Z,more,TRUE,TRUE,TRUE,study,TRUE,14835.53125,6914.075344538825,FALSE,FALSE,FALSE,FALSE
2792,6943112231de947e3850dcfc,13173,1,14,linechart-real-25-ordered-main_effect-0-9,left,increasing,ordered,main_effect,false,single,2026-03-20T16:08:49Z,less,TRUE,TRUE,TRUE,study,TRUE,14835.53125,6914.075344538825,FALSE,FALSE,FALSE,FALSE
2803,6943112231de947e3850dcfc,15188,1,15,linechart-real-29-shuffled-main_effect-0-2,left,increasing,shuffled,main_effect,false,single,2026-03-20T16:09:05Z,less,TRUE,TRUE,TRUE,study,TRUE,14835.53125,6914.075344538825,FALSE,FALSE,FALSE,FALSE
2815,6943112231de947e3850dcfc,7562,1,16,linechart-real-17-ordered-main_effect-1-11,right,increasing,ordered,main_effect,true,single,2026-03-20T16:09:21Z,less,TRUE,TRUE,TRUE,study,TRUE,14835.53125,6914.075344538825,FALSE,FALSE,FALSE,FALSE
2822,6943112231de947e3850dcfc,12534,1,17,linechart-real-31-ordered-main_effect-0-0,left,increasing,ordered,main_effect,false,single,2026-03-20T16:09:35Z,less,TRUE,TRUE,TRUE,study,TRUE,14835.53125,6914.075344538825,FALSE,FALSE,FALSE,FALSE
2828,6943112231de947e3850dcfc,17530,1,18,linechart-real-26-ordered-interaction-0-19,left,increasing,ordered,interaction,false,single,2026-03-20T16:09:53Z,more,TRUE,TRUE,TRUE,study,TRUE,14835.53125,6914.075344538825,FALSE,FALSE,FALSE,FALSE
2833,6943112231de947e3850dcfc,11454,1,19,linechart-real-1-ordered-main_effect-1-27,right,increasing,ordered,main_effect,true,single,2026-03-20T16:10:05Z,less,TRUE,TRUE,TRUE,study,TRUE,14835.53125,6914.075344538825,FALSE,FALSE,FALSE,FALSE
2841,6943112231de947e3850dcfc,13419,1,20,linechart-real-23-shuffled-interaction-1-1,right,increasing,shuffled,interaction,true,single,2026-03-20T16:10:19Z,more,TRUE,TRUE,TRUE,study,TRUE,14835.53125,6914.075344538825,FALSE,FALSE,FALSE,FALSE
2846,6943112231de947e3850dcfc,11147,1,21,linechart-real-18-shuffled-interaction-0-12,left,increasing,shuffled,interaction,false,single,2026-03-20T16:10:31Z,less,TRUE,TRUE,TRUE,study,TRUE,14835.53125,6914.075344538825,FALSE,FALSE,FALSE,FALSE
2848,6943112231de947e3850dcfc,8577,1,22,linechart-real-3-shuffled-main_effect-1-13,right,increasing,shuffled,main_effect,true,single,2026-03-20T16:10:41Z,less,TRUE,TRUE,TRUE,study,TRUE,14835.53125,6914.075344538825,FALSE,FALSE,FALSE,FALSE
2852,6943112231de947e3850dcfc,9524,1,23,linechart-real-8-shuffled-interaction-1-4,right,increasing,shuffled,interaction,true,single,2026-03-20T16:10:51Z,more,TRUE,TRUE,TRUE,study,TRUE,14835.53125,6914.075344538825,FALSE,FALSE,FALSE,FALSE
2858,6943112231de947e3850dcfc,10311,1,24,linechart-real-6-ordered-interaction-1-21,right,increasing,ordered,interaction,true,single,2026-03-20T16:11:06Z,more,TRUE,TRUE,TRUE,study,TRUE,14835.53125,6914.075344538825,FALSE,FALSE,FALSE,FALSE
2867,6943112231de947e3850dcfc,13821,1,25,linechart-real-16-shuffled-main_effect-1-14,right,increasing,shuffled,main_effect,true,single,2026-03-20T16:11:21Z,less,TRUE,TRUE,TRUE,study,TRUE,14835.53125,6914.075344538825,FALSE,FALSE,FALSE,FALSE
2872,6943112231de947e3850dcfc,12888,0,26,linechart-real-0-shuffled-interaction-0-26,right,increasing,shuffled,interaction,false,single,2026-03-20T16:11:34Z,more,TRUE,TRUE,TRUE,study,TRUE,14835.53125,6914.075344538825,FALSE,FALSE,FALSE,FALSE
2887,6943112231de947e3850dcfc,39559,1,27,linechart-real-10-shuffled-interaction-0-5,left,increasing,shuffled,interaction,false,single,2026-03-20T16:12:16Z,less,TRUE,TRUE,TRUE,study,TRUE,14835.53125,6914.075344538825,FALSE,FALSE,FALSE,TRUE
2891,6943112231de947e3850dcfc,11603,1,28,linechart-real-19-ordered-main_effect-1-25,right,increasing,ordered,main_effect,true,single,2026-03-20T16:12:28Z,more,TRUE,TRUE,TRUE,study,TRUE,14835.53125,6914.075344538825,FALSE,FALSE,FALSE,FALSE
2895,6943112231de947e3850dcfc,18655,1,29,linechart-real-11-ordered-interaction-0-22,left,increasing,ordered,interaction,false,single,2026-03-20T16:12:48Z,less,TRUE,TRUE,TRUE,study,TRUE,14835.53125,6914.075344538825,FALSE,FALSE,FALSE,FALSE
2900,6943112231de947e3850dcfc,10876,1,30,linechart-real-30-ordered-interaction-0-8,left,increasing,ordered,interaction,false,single,2026-03-20T16:12:59Z,less,TRUE,TRUE,TRUE,study,TRUE,14835.53125,6914.075344538825,FALSE,FALSE,FALSE,FALSE
2905,6943112231de947e3850dcfc,13244,1,31,linechart-real-12-ordered-main_effect-1-10,right,increasing,ordered,main_effect,true,single,2026-03-20T16:13:13Z,more,TRUE,TRUE,TRUE,study,TRUE,14835.53125,6914.075344538825,FALSE,FALSE,FALSE,FALSE
3489,694437e582dc71a155cc76fc,17898,1,0,linechart-real-29-ordered-main_effect-1-1,right,increasing,ordered,main_effect,true,single,2026-03-20T17:41:32Z,less,TRUE,TRUE,TRUE,study,TRUE,15465.8125,5289.4319436297055,FALSE,FALSE,FALSE,FALSE
3493,694437e582dc71a155cc76fc,21146,1,1,linechart-real-7-ordered-main_effect-0-28,left,increasing,ordered,main_effect,false,single,2026-03-20T17:41:54Z,more,TRUE,TRUE,TRUE,study,TRUE,15465.8125,5289.4319436297055,FALSE,FALSE,FALSE,FALSE
3495,694437e582dc71a155cc76fc,11112,1,2,linechart-real-25-ordered-interaction-1-26,right,increasing,ordered,interaction,true,single,2026-03-20T17:42:05Z,less,TRUE,TRUE,TRUE,study,TRUE,15465.8125,5289.4319436297055,FALSE,FALSE,FALSE,FALSE
3496,694437e582dc71a155cc76fc,16858,1,3,linechart-real-17-ordered-interaction-1-22,right,increasing,ordered,interaction,true,single,2026-03-20T17:42:23Z,more,TRUE,TRUE,TRUE,study,TRUE,15465.8125,5289.4319436297055,FALSE,FALSE,FALSE,FALSE
3499,694437e582dc71a155cc76fc,19783,1,4,linechart-real-27-shuffled-main_effect-1-27,right,increasing,shuffled,main_effect,true,single,2026-03-20T17:42:43Z,less,TRUE,TRUE,TRUE,study,TRUE,15465.8125,5289.4319436297055,FALSE,FALSE,FALSE,FALSE
3501,694437e582dc71a155cc76fc,9389,1,5,linechart-real-15-ordered-main_effect-1-4,right,increasing,ordered,main_effect,true,single,2026-03-20T17:42:53Z,less,TRUE,TRUE,TRUE,study,TRUE,15465.8125,5289.4319436297055,FALSE,FALSE,FALSE,FALSE
3504,694437e582dc71a155cc76fc,16162,1,6,linechart-real-10-ordered-main_effect-0-20,left,increasing,ordered,main_effect,false,single,2026-03-20T17:43:10Z,less,TRUE,TRUE,TRUE,study,TRUE,15465.8125,5289.4319436297055,FALSE,FALSE,FALSE,FALSE
3506,694437e582dc71a155cc76fc,19758,1,7,linechart-real-4-shuffled-interaction-0-11,left,increasing,shuffled,interaction,false,single,2026-03-20T17:43:30Z,more,TRUE,TRUE,TRUE,study,TRUE,15465.8125,5289.4319436297055,FALSE,FALSE,FALSE,FALSE
3509,694437e582dc71a155cc76fc,18789,1,8,linechart-real-2-shuffled-interaction-0-18,left,increasing,shuffled,interaction,false,single,2026-03-20T17:43:57Z,less,TRUE,TRUE,TRUE,study,TRUE,15465.8125,5289.4319436297055,FALSE,FALSE,FALSE,FALSE
3510,694437e582dc71a155cc76fc,11087,1,9,linechart-real-31-ordered-interaction-0-5,left,increasing,ordered,interaction,false,single,2026-03-20T17:44:08Z,less,TRUE,TRUE,TRUE,study,TRUE,15465.8125,5289.4319436297055,FALSE,FALSE,FALSE,FALSE
3511,694437e582dc71a155cc76fc,17747,1,10,linechart-real-21-shuffled-interaction-0-17,left,increasing,shuffled,interaction,false,single,2026-03-20T17:44:27Z,less,TRUE,TRUE,TRUE,study,TRUE,15465.8125,5289.4319436297055,FALSE,FALSE,FALSE,FALSE
3512,694437e582dc71a155cc76fc,31992,1,11,linechart-real-19-shuffled-interaction-1-8,right,increasing,shuffled,interaction,true,single,2026-03-20T17:44:59Z,less,TRUE,TRUE,TRUE,study,TRUE,15465.8125,5289.4319436297055,FALSE,FALSE,FALSE,TRUE
3513,694437e582dc71a155cc76fc,22685,1,12,linechart-real-8-ordered-interaction-0-25,left,increasing,ordered,interaction,false,single,2026-03-20T17:45:23Z,more,TRUE,TRUE,TRUE,study,TRUE,15465.8125,5289.4319436297055,FALSE,FALSE,FALSE,FALSE
3514,694437e582dc71a155cc76fc,13015,1,13,linechart-real-24-shuffled-interaction-1-7,right,increasing,shuffled,interaction,true,single,2026-03-20T17:45:36Z,less,TRUE,TRUE,TRUE,study,TRUE,15465.8125,5289.4319436297055,FALSE,FALSE,FALSE,FALSE
3515,694437e582dc71a155cc76fc,12803,1,14,linechart-real-18-shuffled-interaction-1-19,right,increasing,shuffled,interaction,true,single,2026-03-20T17:45:50Z,less,TRUE,TRUE,TRUE,study,TRUE,15465.8125,5289.4319436297055,FALSE,FALSE,FALSE,FALSE
3516,694437e582dc71a155cc76fc,15848,1,15,linechart-real-26-ordered-interaction-0-16,left,increasing,ordered,interaction,false,single,2026-03-20T17:46:06Z,more,TRUE,TRUE,TRUE,study,TRUE,15465.8125,5289.4319436297055,FALSE,FALSE,FALSE,FALSE
3517,694437e582dc71a155cc76fc,24213,1,16,linechart-real-16-shuffled-main_effect-1-0,right,increasing,shuffled,main_effect,true,single,2026-03-20T17:46:36Z,less,TRUE,TRUE,TRUE,study,TRUE,15465.8125,5289.4319436297055,FALSE,FALSE,FALSE,FALSE
3518,694437e582dc71a155cc76fc,12572,1,17,linechart-real-13-ordered-main_effect-0-30,left,increasing,ordered,main_effect,false,single,2026-03-20T17:46:49Z,more,TRUE,TRUE,TRUE,study,TRUE,15465.8125,5289.4319436297055,FALSE,FALSE,FALSE,FALSE
3519,694437e582dc71a155cc76fc,16845,1,18,linechart-real-0-ordered-interaction-1-13,right,increasing,ordered,interaction,true,single,2026-03-20T17:47:06Z,more,TRUE,TRUE,TRUE,study,TRUE,15465.8125,5289.4319436297055,FALSE,FALSE,FALSE,FALSE
3520,694437e582dc71a155cc76fc,11651,1,19,linechart-real-11-shuffled-interaction-1-2,right,increasing,shuffled,interaction,true,single,2026-03-20T17:47:19Z,less,TRUE,TRUE,TRUE,study,TRUE,15465.8125,5289.4319436297055,FALSE,FALSE,FALSE,FALSE
3521,694437e582dc71a155cc76fc,22535,1,20,linechart-real-3-ordered-main_effect-0-29,left,increasing,ordered,main_effect,false,single,2026-03-20T17:47:42Z,more,TRUE,TRUE,TRUE,study,TRUE,15465.8125,5289.4319436297055,FALSE,FALSE,FALSE,FALSE
3522,694437e582dc71a155cc76fc,12644,1,21,linechart-real-1-shuffled-main_effect-0-10,left,increasing,shuffled,main_effect,false,single,2026-03-20T17:47:55Z,more,TRUE,TRUE,TRUE,study,TRUE,15465.8125,5289.4319436297055,FALSE,FALSE,FALSE,FALSE
3523,694437e582dc71a155cc76fc,8097,1,22,linechart-real-9-ordered-main_effect-1-9,right,increasing,ordered,main_effect,true,single,2026-03-20T17:48:04Z,more,TRUE,TRUE,TRUE,study,TRUE,15465.8125,5289.4319436297055,FALSE,FALSE,FALSE,FALSE
3524,694437e582dc71a155cc76fc,10075,1,23,linechart-real-28-ordered-interaction-1-14,right,increasing,ordered,interaction,true,single,2026-03-20T17:48:14Z,less,TRUE,TRUE,TRUE,study,TRUE,15465.8125,5289.4319436297055,FALSE,FALSE,FALSE,FALSE
3527,694437e582dc71a155cc76fc,13188,1,24,linechart-real-14-shuffled-main_effect-1-12,right,increasing,shuffled,main_effect,true,single,2026-03-20T17:48:31Z,more,TRUE,TRUE,TRUE,study,TRUE,15465.8125,5289.4319436297055,FALSE,FALSE,FALSE,FALSE
3529,694437e582dc71a155cc76fc,16706,1,25,linechart-real-23-shuffled-interaction-1-15,right,increasing,shuffled,interaction,true,single,2026-03-20T17:48:49Z,more,TRUE,TRUE,TRUE,study,TRUE,15465.8125,5289.4319436297055,FALSE,FALSE,FALSE,FALSE
3531,694437e582dc71a155cc76fc,11762,1,26,linechart-real-22-ordered-main_effect-0-24,left,increasing,ordered,main_effect,false,single,2026-03-20T17:49:01Z,more,TRUE,TRUE,TRUE,study,TRUE,15465.8125,5289.4319436297055,FALSE,FALSE,FALSE,FALSE
3532,694437e582dc71a155cc76fc,7431,1,27,linechart-real-20-shuffled-main_effect-1-23,right,increasing,shuffled,main_effect,true,single,2026-03-20T17:49:09Z,more,TRUE,TRUE,TRUE,study,TRUE,15465.8125,5289.4319436297055,FALSE,FALSE,FALSE,FALSE
3534,694437e582dc71a155cc76fc,11614,1,28,linechart-real-12-shuffled-main_effect-0-21,left,increasing,shuffled,main_effect,false,single,2026-03-20T17:49:21Z,more,TRUE,TRUE,TRUE,study,TRUE,15465.8125,5289.4319436297055,FALSE,FALSE,FALSE,FALSE
3536,694437e582dc71a155cc76fc,13206,1,29,linechart-real-6-ordered-interaction-0-3,left,increasing,ordered,interaction,false,single,2026-03-20T17:49:35Z,less,TRUE,TRUE,TRUE,study,TRUE,15465.8125,5289.4319436297055,FALSE,FALSE,FALSE,FALSE
3538,694437e582dc71a155cc76fc,14026,1,30,linechart-real-5-shuffled-main_effect-0-6,left,increasing,shuffled,main_effect,false,single,2026-03-20T17:49:50Z,more,TRUE,TRUE,TRUE,study,TRUE,15465.8125,5289.4319436297055,FALSE,FALSE,FALSE,FALSE
3540,694437e582dc71a155cc76fc,12269,1,31,linechart-real-30-shuffled-main_effect-0-31,left,increasing,shuffled,main_effect,false,single,2026-03-20T17:50:03Z,less,TRUE,TRUE,TRUE,study,TRUE,15465.8125,5289.4319436297055,FALSE,FALSE,FALSE,FALSE
3050,694ab55f7b77ccc23fc82a3b,6728,1,0,linechart-real-17-ordered-main_effect-0-24,left,increasing,ordered,main_effect,false,single,2026-03-20T17:31:28Z,less,TRUE,TRUE,TRUE,study,TRUE,7982,3153.8535670795886,FALSE,FALSE,FALSE,FALSE
3053,694ab55f7b77ccc23fc82a3b,6429,1,1,linechart-real-4-ordered-interaction-1-13,right,increasing,ordered,interaction,true,single,2026-03-20T17:31:35Z,more,TRUE,TRUE,TRUE,study,TRUE,7982,3153.8535670795886,FALSE,FALSE,FALSE,FALSE
3057,694ab55f7b77ccc23fc82a3b,5682,1,2,linechart-real-6-ordered-interaction-1-29,right,increasing,ordered,interaction,true,single,2026-03-20T17:31:42Z,less,TRUE,TRUE,TRUE,study,TRUE,7982,3153.8535670795886,FALSE,FALSE,FALSE,FALSE
3061,694ab55f7b77ccc23fc82a3b,8305,1,3,linechart-real-5-shuffled-interaction-1-11,right,increasing,shuffled,interaction,true,single,2026-03-20T17:31:51Z,more,TRUE,TRUE,TRUE,study,TRUE,7982,3153.8535670795886,FALSE,FALSE,FALSE,FALSE
3076,694ab55f7b77ccc23fc82a3b,17283,1,4,linechart-real-25-shuffled-interaction-0-10,left,increasing,shuffled,interaction,false,single,2026-03-20T17:32:09Z,less,TRUE,TRUE,TRUE,study,TRUE,7982,3153.8535670795886,FALSE,FALSE,FALSE,TRUE
3083,694ab55f7b77ccc23fc82a3b,6097,1,5,linechart-real-26-ordered-main_effect-0-21,left,increasing,ordered,main_effect,false,single,2026-03-20T17:32:15Z,more,TRUE,TRUE,TRUE,study,TRUE,7982,3153.8535670795886,FALSE,FALSE,FALSE,FALSE
3088,694ab55f7b77ccc23fc82a3b,8897,1,6,linechart-real-20-shuffled-interaction-0-1,left,increasing,shuffled,interaction,false,single,2026-03-20T17:32:25Z,more,TRUE,TRUE,TRUE,study,TRUE,7982,3153.8535670795886,FALSE,FALSE,FALSE,FALSE
3094,694ab55f7b77ccc23fc82a3b,6320,1,7,linechart-real-21-ordered-interaction-0-0,left,increasing,ordered,interaction,false,single,2026-03-20T17:32:32Z,more,TRUE,TRUE,TRUE,study,TRUE,7982,3153.8535670795886,FALSE,FALSE,FALSE,FALSE
3156,694ab55f7b77ccc23fc82a3b,11104,1,8,linechart-real-2-shuffled-interaction-0-16,left,increasing,shuffled,interaction,false,single,2026-03-20T17:33:18Z,more,TRUE,TRUE,TRUE,study,TRUE,7982,3153.8535670795886,FALSE,FALSE,FALSE,FALSE
3164,694ab55f7b77ccc23fc82a3b,5459,0,9,linechart-real-0-shuffled-main_effect-1-19,left,increasing,shuffled,main_effect,true,single,2026-03-20T17:33:24Z,less,TRUE,TRUE,TRUE,study,TRUE,7982,3153.8535670795886,FALSE,FALSE,FALSE,FALSE
3179,694ab55f7b77ccc23fc82a3b,7483,1,10,linechart-real-12-ordered-interaction-1-6,right,increasing,ordered,interaction,true,single,2026-03-20T17:33:33Z,more,TRUE,TRUE,TRUE,study,TRUE,7982,3153.8535670795886,FALSE,FALSE,FALSE,FALSE
3185,694ab55f7b77ccc23fc82a3b,6110,1,11,linechart-real-16-shuffled-interaction-0-2,left,increasing,shuffled,interaction,false,single,2026-03-20T17:33:40Z,more,TRUE,TRUE,TRUE,study,TRUE,7982,3153.8535670795886,FALSE,FALSE,FALSE,FALSE
3197,694ab55f7b77ccc23fc82a3b,13672,1,12,linechart-real-18-ordered-main_effect-1-31,right,increasing,ordered,main_effect,true,single,2026-03-20T17:33:54Z,less,TRUE,TRUE,TRUE,study,TRUE,7982,3153.8535670795886,FALSE,FALSE,FALSE,FALSE
3208,694ab55f7b77ccc23fc82a3b,10945,1,13,linechart-real-3-ordered-interaction-1-23,right,increasing,ordered,interaction,true,single,2026-03-20T17:34:06Z,more,TRUE,TRUE,TRUE,study,TRUE,7982,3153.8535670795886,FALSE,FALSE,FALSE,FALSE
3218,694ab55f7b77ccc23fc82a3b,8916,1,14,linechart-real-23-ordered-main_effect-0-9,left,increasing,ordered,main_effect,false,single,2026-03-20T17:34:15Z,more,TRUE,TRUE,TRUE,study,TRUE,7982,3153.8535670795886,FALSE,FALSE,FALSE,FALSE
3226,694ab55f7b77ccc23fc82a3b,7651,1,15,linechart-real-30-ordered-main_effect-1-17,right,increasing,ordered,main_effect,true,single,2026-03-20T17:34:24Z,less,TRUE,TRUE,TRUE,study,TRUE,7982,3153.8535670795886,FALSE,FALSE,FALSE,FALSE
3248,694ab55f7b77ccc23fc82a3b,6537,1,16,linechart-real-28-shuffled-main_effect-1-26,right,increasing,shuffled,main_effect,true,single,2026-03-20T17:34:44Z,less,TRUE,TRUE,TRUE,study,TRUE,7982,3153.8535670795886,FALSE,FALSE,FALSE,FALSE
3257,694ab55f7b77ccc23fc82a3b,7628,1,17,linechart-real-1-ordered-interaction-1-20,right,increasing,ordered,interaction,true,single,2026-03-20T17:34:52Z,more,TRUE,TRUE,TRUE,study,TRUE,7982,3153.8535670795886,FALSE,FALSE,FALSE,FALSE
3261,694ab55f7b77ccc23fc82a3b,5483,1,18,linechart-real-8-shuffled-interaction-0-15,left,increasing,shuffled,interaction,false,single,2026-03-20T17:34:58Z,less,TRUE,TRUE,TRUE,study,TRUE,7982,3153.8535670795886,FALSE,FALSE,FALSE,FALSE
3273,694ab55f7b77ccc23fc82a3b,6913,1,19,linechart-real-19-ordered-interaction-0-28,left,increasing,ordered,interaction,false,single,2026-03-20T17:35:06Z,more,TRUE,TRUE,TRUE,study,TRUE,7982,3153.8535670795886,FALSE,FALSE,FALSE,FALSE
3277,694ab55f7b77ccc23fc82a3b,5599,1,20,linechart-real-31-shuffled-main_effect-0-25,left,increasing,shuffled,main_effect,false,single,2026-03-20T17:35:12Z,more,TRUE,TRUE,TRUE,study,TRUE,7982,3153.8535670795886,FALSE,FALSE,FALSE,FALSE
3285,694ab55f7b77ccc23fc82a3b,7677,1,21,linechart-real-7-ordered-main_effect-0-14,left,increasing,ordered,main_effect,false,single,2026-03-20T17:35:20Z,more,TRUE,TRUE,TRUE,study,TRUE,7982,3153.8535670795886,FALSE,FALSE,FALSE,FALSE
3291,694ab55f7b77ccc23fc82a3b,6476,1,22,linechart-real-10-shuffled-main_effect-0-12,left,increasing,shuffled,main_effect,false,single,2026-03-20T17:35:28Z,less,TRUE,TRUE,TRUE,study,TRUE,7982,3153.8535670795886,FALSE,FALSE,FALSE,FALSE
3297,694ab55f7b77ccc23fc82a3b,6938,1,23,linechart-real-22-ordered-interaction-1-18,right,increasing,ordered,interaction,true,single,2026-03-20T17:35:35Z,more,TRUE,TRUE,TRUE,study,TRUE,7982,3153.8535670795886,FALSE,FALSE,FALSE,FALSE
3315,694ab55f7b77ccc23fc82a3b,17442,0,24,linechart-real-29-shuffled-main_effect-1-8,left,increasing,shuffled,main_effect,true,single,2026-03-20T17:35:55Z,less,TRUE,TRUE,TRUE,study,TRUE,7982,3153.8535670795886,FALSE,FALSE,FALSE,TRUE
3324,694ab55f7b77ccc23fc82a3b,5717,1,25,linechart-real-11-ordered-main_effect-0-30,left,increasing,ordered,main_effect,false,single,2026-03-20T17:36:03Z,less,TRUE,TRUE,TRUE,study,TRUE,7982,3153.8535670795886,FALSE,FALSE,FALSE,FALSE
3332,694ab55f7b77ccc23fc82a3b,6135,1,26,linechart-real-13-shuffled-main_effect-0-27,left,increasing,shuffled,main_effect,false,single,2026-03-20T17:36:09Z,less,TRUE,TRUE,TRUE,study,TRUE,7982,3153.8535670795886,FALSE,FALSE,FALSE,FALSE
3338,694ab55f7b77ccc23fc82a3b,6232,1,27,linechart-real-24-shuffled-interaction-1-5,right,increasing,shuffled,interaction,true,single,2026-03-20T17:36:16Z,less,TRUE,TRUE,TRUE,study,TRUE,7982,3153.8535670795886,FALSE,FALSE,FALSE,FALSE
3346,694ab55f7b77ccc23fc82a3b,5223,1,28,linechart-real-14-shuffled-main_effect-1-4,right,increasing,shuffled,main_effect,true,single,2026-03-20T17:36:22Z,more,TRUE,TRUE,TRUE,study,TRUE,7982,3153.8535670795886,FALSE,FALSE,FALSE,FALSE
3357,694ab55f7b77ccc23fc82a3b,10910,1,29,linechart-real-27-shuffled-interaction-1-22,right,increasing,shuffled,interaction,true,single,2026-03-20T17:36:34Z,less,TRUE,TRUE,TRUE,study,TRUE,7982,3153.8535670795886,FALSE,FALSE,FALSE,FALSE
3362,694ab55f7b77ccc23fc82a3b,5286,0,30,linechart-real-15-shuffled-main_effect-0-7,right,increasing,shuffled,main_effect,false,single,2026-03-20T17:36:40Z,less,TRUE,TRUE,TRUE,study,TRUE,7982,3153.8535670795886,FALSE,FALSE,FALSE,FALSE
3373,694ab55f7b77ccc23fc82a3b,8147,0,31,linechart-real-9-ordered-main_effect-1-3,left,increasing,ordered,main_effect,true,single,2026-03-20T17:36:49Z,less,TRUE,TRUE,TRUE,study,TRUE,7982,3153.8535670795886,FALSE,FALSE,FALSE,FALSE
2162,695faf0ec3b7fbbbf7da9910,11232,0,0,linechart-real-22-ordered-interaction-0-20,right,increasing,ordered,interaction,false,dual,2026-03-19T16:49:48Z,less,TRUE,TRUE,TRUE,study,TRUE,10599.0625,4569.695330689189,TRUE,FALSE,FALSE,FALSE
2163,695faf0ec3b7fbbbf7da9910,10610,0,1,linechart-real-4-ordered-main_effect-1-2,left,increasing,ordered,main_effect,true,dual,2026-03-19T16:50:00Z,less,TRUE,TRUE,TRUE,study,TRUE,10599.0625,4569.695330689189,TRUE,FALSE,FALSE,FALSE
2164,695faf0ec3b7fbbbf7da9910,7410,1,2,linechart-real-17-ordered-main_effect-1-31,right,increasing,ordered,main_effect,true,dual,2026-03-19T16:50:09Z,less,TRUE,TRUE,TRUE,study,TRUE,10599.0625,4569.695330689189,TRUE,FALSE,FALSE,FALSE
2165,695faf0ec3b7fbbbf7da9910,9061,1,3,linechart-real-27-ordered-interaction-1-0,right,increasing,ordered,interaction,true,dual,2026-03-19T16:50:19Z,more,TRUE,TRUE,TRUE,study,TRUE,10599.0625,4569.695330689189,TRUE,FALSE,FALSE,FALSE
2166,695faf0ec3b7fbbbf7da9910,13491,0,4,linechart-real-13-ordered-interaction-0-9,right,increasing,ordered,interaction,false,dual,2026-03-19T16:50:33Z,less,TRUE,TRUE,TRUE,study,TRUE,10599.0625,4569.695330689189,TRUE,FALSE,FALSE,FALSE
2167,695faf0ec3b7fbbbf7da9910,7520,1,5,linechart-real-16-shuffled-main_effect-0-22,left,increasing,shuffled,main_effect,false,dual,2026-03-19T16:50:42Z,less,TRUE,TRUE,TRUE,study,TRUE,10599.0625,4569.695330689189,TRUE,FALSE,FALSE,FALSE
2168,695faf0ec3b7fbbbf7da9910,31189,0,6,linechart-real-30-shuffled-interaction-0-18,right,increasing,shuffled,interaction,false,dual,2026-03-19T16:51:14Z,less,TRUE,TRUE,TRUE,study,TRUE,10599.0625,4569.695330689189,TRUE,FALSE,FALSE,TRUE
2169,695faf0ec3b7fbbbf7da9910,10864,1,7,linechart-real-12-shuffled-main_effect-0-10,left,increasing,shuffled,main_effect,false,dual,2026-03-19T16:51:26Z,more,TRUE,TRUE,TRUE,study,TRUE,10599.0625,4569.695330689189,TRUE,FALSE,FALSE,FALSE
2170,695faf0ec3b7fbbbf7da9910,12876,1,8,linechart-real-7-ordered-interaction-0-11,left,increasing,ordered,interaction,false,dual,2026-03-19T16:51:49Z,less,TRUE,TRUE,TRUE,study,TRUE,10599.0625,4569.695330689189,TRUE,FALSE,FALSE,FALSE
2171,695faf0ec3b7fbbbf7da9910,9762,0,9,linechart-real-15-shuffled-interaction-0-26,right,increasing,shuffled,interaction,false,dual,2026-03-19T16:51:59Z,less,TRUE,TRUE,TRUE,study,TRUE,10599.0625,4569.695330689189,TRUE,FALSE,FALSE,FALSE
2172,695faf0ec3b7fbbbf7da9910,11651,1,10,linechart-real-24-shuffled-main_effect-1-8,right,increasing,shuffled,main_effect,true,dual,2026-03-19T16:52:13Z,more,TRUE,TRUE,TRUE,study,TRUE,10599.0625,4569.695330689189,TRUE,FALSE,FALSE,FALSE
2173,695faf0ec3b7fbbbf7da9910,7839,1,11,linechart-real-23-shuffled-interaction-1-3,right,increasing,shuffled,interaction,true,dual,2026-03-19T16:52:21Z,more,TRUE,TRUE,TRUE,study,TRUE,10599.0625,4569.695330689189,TRUE,FALSE,FALSE,FALSE
2174,695faf0ec3b7fbbbf7da9910,12979,1,12,linechart-real-21-shuffled-interaction-0-21,left,increasing,shuffled,interaction,false,dual,2026-03-19T16:52:35Z,more,TRUE,TRUE,TRUE,study,TRUE,10599.0625,4569.695330689189,TRUE,FALSE,FALSE,FALSE
2175,695faf0ec3b7fbbbf7da9910,9377,1,13,linechart-real-29-ordered-main_effect-1-25,right,increasing,ordered,main_effect,true,dual,2026-03-19T16:52:45Z,more,TRUE,TRUE,TRUE,study,TRUE,10599.0625,4569.695330689189,TRUE,FALSE,FALSE,FALSE
2176,695faf0ec3b7fbbbf7da9910,16197,0,14,linechart-real-14-shuffled-interaction-0-28,right,increasing,shuffled,interaction,false,dual,2026-03-19T16:53:02Z,more,TRUE,TRUE,TRUE,study,TRUE,10599.0625,4569.695330689189,TRUE,FALSE,FALSE,FALSE
2177,695faf0ec3b7fbbbf7da9910,6872,1,15,linechart-real-19-ordered-interaction-1-27,right,increasing,ordered,interaction,true,dual,2026-03-19T16:53:10Z,more,TRUE,TRUE,TRUE,study,TRUE,10599.0625,4569.695330689189,TRUE,FALSE,FALSE,FALSE
2178,695faf0ec3b7fbbbf7da9910,9172,1,16,linechart-real-26-ordered-interaction-1-17,right,increasing,ordered,interaction,true,dual,2026-03-19T16:53:32Z,less,TRUE,TRUE,TRUE,study,TRUE,10599.0625,4569.695330689189,TRUE,FALSE,FALSE,FALSE
2179,695faf0ec3b7fbbbf7da9910,6834,1,17,linechart-real-6-ordered-main_effect-0-30,left,increasing,ordered,main_effect,false,dual,2026-03-19T16:53:39Z,more,TRUE,TRUE,TRUE,study,TRUE,10599.0625,4569.695330689189,TRUE,FALSE,FALSE,FALSE
2180,695faf0ec3b7fbbbf7da9910,12894,1,18,linechart-real-11-ordered-main_effect-1-1,right,increasing,ordered,main_effect,true,dual,2026-03-19T16:53:53Z,more,TRUE,TRUE,TRUE,study,TRUE,10599.0625,4569.695330689189,TRUE,FALSE,FALSE,FALSE
2181,695faf0ec3b7fbbbf7da9910,9115,1,19,linechart-real-10-shuffled-interaction-1-23,right,increasing,shuffled,interaction,true,dual,2026-03-19T16:54:03Z,less,TRUE,TRUE,TRUE,study,TRUE,10599.0625,4569.695330689189,TRUE,FALSE,FALSE,FALSE
2182,695faf0ec3b7fbbbf7da9910,7363,1,20,linechart-real-31-shuffled-main_effect-0-16,left,increasing,shuffled,main_effect,false,dual,2026-03-19T16:54:11Z,less,TRUE,TRUE,TRUE,study,TRUE,10599.0625,4569.695330689189,TRUE,FALSE,FALSE,FALSE
2183,695faf0ec3b7fbbbf7da9910,10173,0,21,linechart-real-9-shuffled-main_effect-1-13,left,increasing,shuffled,main_effect,true,dual,2026-03-19T16:54:21Z,less,TRUE,TRUE,TRUE,study,TRUE,10599.0625,4569.695330689189,TRUE,FALSE,FALSE,FALSE
2184,695faf0ec3b7fbbbf7da9910,6288,1,22,linechart-real-18-shuffled-main_effect-0-4,left,increasing,shuffled,main_effect,false,dual,2026-03-19T16:54:29Z,more,TRUE,TRUE,TRUE,study,TRUE,10599.0625,4569.695330689189,TRUE,FALSE,FALSE,FALSE
2185,695faf0ec3b7fbbbf7da9910,10478,1,23,linechart-real-5-ordered-main_effect-0-19,left,increasing,ordered,main_effect,false,dual,2026-03-19T16:54:40Z,more,TRUE,TRUE,TRUE,study,TRUE,10599.0625,4569.695330689189,TRUE,FALSE,FALSE,FALSE
2186,695faf0ec3b7fbbbf7da9910,8428,0,24,linechart-real-28-ordered-interaction-0-12,right,increasing,ordered,interaction,false,dual,2026-03-19T16:54:57Z,more,TRUE,TRUE,TRUE,study,TRUE,10599.0625,4569.695330689189,TRUE,FALSE,FALSE,FALSE
2187,695faf0ec3b7fbbbf7da9910,9411,0,25,linechart-real-1-ordered-main_effect-0-29,right,increasing,ordered,main_effect,false,dual,2026-03-19T16:55:08Z,less,TRUE,TRUE,TRUE,study,TRUE,10599.0625,4569.695330689189,TRUE,FALSE,FALSE,FALSE
2188,695faf0ec3b7fbbbf7da9910,8703,1,26,linechart-real-20-shuffled-interaction-1-15,right,increasing,shuffled,interaction,true,dual,2026-03-19T16:55:18Z,more,TRUE,TRUE,TRUE,study,TRUE,10599.0625,4569.695330689189,TRUE,FALSE,FALSE,FALSE
2189,695faf0ec3b7fbbbf7da9910,7004,1,27,linechart-real-0-shuffled-main_effect-1-24,right,increasing,shuffled,main_effect,true,dual,2026-03-19T16:55:25Z,more,TRUE,TRUE,TRUE,study,TRUE,10599.0625,4569.695330689189,TRUE,FALSE,FALSE,FALSE
2190,695faf0ec3b7fbbbf7da9910,6617,1,28,linechart-real-2-shuffled-interaction-1-7,right,increasing,shuffled,interaction,true,dual,2026-03-19T16:55:33Z,more,TRUE,TRUE,TRUE,study,TRUE,10599.0625,4569.695330689189,TRUE,FALSE,FALSE,FALSE
2191,695faf0ec3b7fbbbf7da9910,9176,1,29,linechart-real-25-ordered-main_effect-0-6,left,increasing,ordered,main_effect,false,dual,2026-03-19T16:55:43Z,less,TRUE,TRUE,TRUE,study,TRUE,10599.0625,4569.695330689189,TRUE,FALSE,FALSE,FALSE
2192,695faf0ec3b7fbbbf7da9910,15844,1,30,linechart-real-3-shuffled-main_effect-1-14,right,increasing,shuffled,main_effect,true,dual,2026-03-19T16:55:59Z,less,TRUE,TRUE,TRUE,study,TRUE,10599.0625,4569.695330689189,TRUE,FALSE,FALSE,FALSE
2194,695faf0ec3b7fbbbf7da9910,12740,0,31,linechart-real-8-ordered-interaction-1-5,left,increasing,ordered,interaction,true,dual,2026-03-19T16:56:12Z,less,TRUE,TRUE,TRUE,study,TRUE,10599.0625,4569.695330689189,TRUE,FALSE,FALSE,FALSE
2721,6961342cc3f494fb2a1d617d,25174,1,0,linechart-real-5-ordered-interaction-1-1,right,increasing,ordered,interaction,true,dual,2026-03-20T16:07:08Z,more,TRUE,TRUE,TRUE,study,TRUE,17530.375,5863.514561773428,FALSE,FALSE,FALSE,FALSE
2737,6961342cc3f494fb2a1d617d,25256,1,1,linechart-real-20-shuffled-interaction-1-24,right,increasing,shuffled,interaction,true,dual,2026-03-20T16:07:34Z,more,TRUE,TRUE,TRUE,study,TRUE,17530.375,5863.514561773428,FALSE,FALSE,FALSE,FALSE
2763,6961342cc3f494fb2a1d617d,27483,1,2,linechart-real-6-ordered-main_effect-1-10,right,increasing,ordered,main_effect,true,dual,2026-03-20T16:08:02Z,less,TRUE,TRUE,TRUE,study,TRUE,17530.375,5863.514561773428,FALSE,FALSE,FALSE,FALSE
2782,6961342cc3f494fb2a1d617d,22829,1,3,linechart-real-17-ordered-interaction-0-12,left,increasing,ordered,interaction,false,dual,2026-03-20T16:08:26Z,more,TRUE,TRUE,TRUE,study,TRUE,17530.375,5863.514561773428,FALSE,FALSE,FALSE,FALSE
2791,6961342cc3f494fb2a1d617d,19994,0,4,linechart-real-1-ordered-interaction-1-9,left,increasing,ordered,interaction,true,dual,2026-03-20T16:08:46Z,less,TRUE,TRUE,TRUE,study,TRUE,17530.375,5863.514561773428,FALSE,FALSE,FALSE,FALSE
2804,6961342cc3f494fb2a1d617d,18322,1,5,linechart-real-18-ordered-main_effect-1-2,right,increasing,ordered,main_effect,true,dual,2026-03-20T16:09:06Z,more,TRUE,TRUE,TRUE,study,TRUE,17530.375,5863.514561773428,FALSE,FALSE,FALSE,FALSE
2811,6961342cc3f494fb2a1d617d,9947,1,6,linechart-real-4-ordered-main_effect-1-13,right,increasing,ordered,main_effect,true,dual,2026-03-20T16:09:17Z,more,TRUE,TRUE,TRUE,study,TRUE,17530.375,5863.514561773428,FALSE,FALSE,FALSE,FALSE
2818,6961342cc3f494fb2a1d617d,12441,1,7,linechart-real-7-ordered-main_effect-0-4,left,increasing,ordered,main_effect,false,dual,2026-03-20T16:09:30Z,less,TRUE,TRUE,TRUE,study,TRUE,17530.375,5863.514561773428,FALSE,FALSE,FALSE,FALSE
2837,6961342cc3f494fb2a1d617d,29961,1,8,linechart-real-16-ordered-main_effect-0-20,left,increasing,ordered,main_effect,false,dual,2026-03-20T16:10:09Z,less,TRUE,TRUE,TRUE,study,TRUE,17530.375,5863.514561773428,FALSE,FALSE,FALSE,TRUE
2844,6961342cc3f494fb2a1d617d,17019,1,9,linechart-real-8-ordered-main_effect-0-11,left,increasing,ordered,main_effect,false,dual,2026-03-20T16:10:26Z,more,TRUE,TRUE,TRUE,study,TRUE,17530.375,5863.514561773428,FALSE,FALSE,FALSE,FALSE
2850,6961342cc3f494fb2a1d617d,12763,1,10,linechart-real-31-shuffled-main_effect-0-30,left,increasing,shuffled,main_effect,false,dual,2026-03-20T16:10:40Z,more,TRUE,TRUE,TRUE,study,TRUE,17530.375,5863.514561773428,FALSE,FALSE,FALSE,FALSE
2860,6961342cc3f494fb2a1d617d,27070,1,11,linechart-real-11-ordered-interaction-0-0,left,increasing,ordered,interaction,false,dual,2026-03-20T16:11:08Z,less,TRUE,TRUE,TRUE,study,TRUE,17530.375,5863.514561773428,FALSE,FALSE,FALSE,FALSE
2869,6961342cc3f494fb2a1d617d,20078,1,12,linechart-real-15-shuffled-main_effect-1-21,right,increasing,shuffled,main_effect,true,dual,2026-03-20T16:11:28Z,less,TRUE,TRUE,TRUE,study,TRUE,17530.375,5863.514561773428,FALSE,FALSE,FALSE,FALSE
2876,6961342cc3f494fb2a1d617d,16571,1,13,linechart-real-3-ordered-interaction-0-29,left,increasing,ordered,interaction,false,dual,2026-03-20T16:11:46Z,more,TRUE,TRUE,TRUE,study,TRUE,17530.375,5863.514561773428,FALSE,FALSE,FALSE,FALSE
2880,6961342cc3f494fb2a1d617d,6028,1,14,linechart-real-21-shuffled-interaction-1-27,right,increasing,shuffled,interaction,true,dual,2026-03-20T16:11:52Z,more,TRUE,TRUE,TRUE,study,TRUE,17530.375,5863.514561773428,FALSE,FALSE,FALSE,FALSE
2886,6961342cc3f494fb2a1d617d,20765,1,15,linechart-real-24-shuffled-interaction-1-3,right,increasing,shuffled,interaction,true,dual,2026-03-20T16:12:14Z,less,TRUE,TRUE,TRUE,study,TRUE,17530.375,5863.514561773428,FALSE,FALSE,FALSE,FALSE
2901,6961342cc3f494fb2a1d617d,12425,1,16,linechart-real-14-shuffled-main_effect-1-15,right,increasing,shuffled,main_effect,true,dual,2026-03-20T16:13:00Z,more,TRUE,TRUE,TRUE,study,TRUE,17530.375,5863.514561773428,FALSE,FALSE,FALSE,FALSE
2906,6961342cc3f494fb2a1d617d,11580,1,17,linechart-real-22-shuffled-main_effect-1-8,right,increasing,shuffled,main_effect,true,dual,2026-03-20T16:13:12Z,less,TRUE,TRUE,TRUE,study,TRUE,17530.375,5863.514561773428,FALSE,FALSE,FALSE,FALSE
2913,6961342cc3f494fb2a1d617d,20846,1,18,linechart-real-13-ordered-interaction-0-19,left,increasing,ordered,interaction,false,dual,2026-03-20T16:13:34Z,less,TRUE,TRUE,TRUE,study,TRUE,17530.375,5863.514561773428,FALSE,FALSE,FALSE,FALSE
2917,6961342cc3f494fb2a1d617d,12912,1,19,linechart-real-26-ordered-interaction-1-23,right,increasing,ordered,interaction,true,dual,2026-03-20T16:13:47Z,more,TRUE,TRUE,TRUE,study,TRUE,17530.375,5863.514561773428,FALSE,FALSE,FALSE,FALSE
2921,6961342cc3f494fb2a1d617d,13900,0,20,linechart-real-0-shuffled-interaction-0-14,right,increasing,shuffled,interaction,false,dual,2026-03-20T16:14:02Z,more,TRUE,TRUE,TRUE,study,TRUE,17530.375,5863.514561773428,FALSE,FALSE,FALSE,FALSE
2925,6961342cc3f494fb2a1d617d,17613,1,21,linechart-real-19-shuffled-main_effect-0-26,left,increasing,shuffled,main_effect,false,dual,2026-03-20T16:14:21Z,less,TRUE,TRUE,TRUE,study,TRUE,17530.375,5863.514561773428,FALSE,FALSE,FALSE,FALSE
2927,6961342cc3f494fb2a1d617d,13829,1,22,linechart-real-25-shuffled-main_effect-1-25,right,increasing,shuffled,main_effect,true,dual,2026-03-20T16:14:36Z,more,TRUE,TRUE,TRUE,study,TRUE,17530.375,5863.514561773428,FALSE,FALSE,FALSE,FALSE
2929,6961342cc3f494fb2a1d617d,18007,0,23,linechart-real-10-shuffled-interaction-0-17,right,increasing,shuffled,interaction,false,dual,2026-03-20T16:14:54Z,more,TRUE,TRUE,TRUE,study,TRUE,17530.375,5863.514561773428,FALSE,FALSE,FALSE,FALSE
2932,6961342cc3f494fb2a1d617d,19178,1,24,linechart-real-30-shuffled-interaction-1-5,right,increasing,shuffled,interaction,true,dual,2026-03-20T16:16:11Z,less,TRUE,TRUE,TRUE,study,TRUE,17530.375,5863.514561773428,FALSE,FALSE,FALSE,FALSE
2933,6961342cc3f494fb2a1d617d,13532,1,25,linechart-real-9-shuffled-main_effect-0-6,left,increasing,shuffled,main_effect,false,dual,2026-03-20T16:16:25Z,less,TRUE,TRUE,TRUE,study,TRUE,17530.375,5863.514561773428,FALSE,FALSE,FALSE,FALSE
2934,6961342cc3f494fb2a1d617d,16531,1,26,linechart-real-23-shuffled-main_effect-0-28,left,increasing,shuffled,main_effect,false,dual,2026-03-20T16:16:42Z,more,TRUE,TRUE,TRUE,study,TRUE,17530.375,5863.514561773428,FALSE,FALSE,FALSE,FALSE
2935,6961342cc3f494fb2a1d617d,11773,1,27,linechart-real-12-ordered-interaction-1-16,right,increasing,ordered,interaction,true,dual,2026-03-20T16:16:54Z,less,TRUE,TRUE,TRUE,study,TRUE,17530.375,5863.514561773428,FALSE,FALSE,FALSE,FALSE
2936,6961342cc3f494fb2a1d617d,17262,1,28,linechart-real-28-shuffled-interaction-0-31,left,increasing,shuffled,interaction,false,dual,2026-03-20T16:17:12Z,less,TRUE,TRUE,TRUE,study,TRUE,17530.375,5863.514561773428,FALSE,FALSE,FALSE,FALSE
2937,6961342cc3f494fb2a1d617d,25787,0,29,linechart-real-29-shuffled-interaction-0-7,right,increasing,shuffled,interaction,false,dual,2026-03-20T16:17:39Z,less,TRUE,TRUE,TRUE,study,TRUE,17530.375,5863.514561773428,FALSE,FALSE,FALSE,FALSE
2938,6961342cc3f494fb2a1d617d,14245,1,30,linechart-real-27-ordered-main_effect-0-22,left,increasing,ordered,main_effect,false,dual,2026-03-20T16:17:54Z,less,TRUE,TRUE,TRUE,study,TRUE,17530.375,5863.514561773428,FALSE,FALSE,FALSE,FALSE
2939,6961342cc3f494fb2a1d617d,9851,1,31,linechart-real-2-ordered-main_effect-1-18,right,increasing,ordered,main_effect,true,dual,2026-03-20T16:18:05Z,more,TRUE,TRUE,TRUE,study,TRUE,17530.375,5863.514561773428,FALSE,FALSE,FALSE,FALSE
2516,696171405853fc35f15a4872,12078,1,0,linechart-real-3-ordered-interaction-1-30,right,increasing,ordered,interaction,true,single,2026-03-20T16:04:02Z,more,TRUE,TRUE,TRUE,study,TRUE,10695.125,2835.802062681681,FALSE,FALSE,FALSE,FALSE
2524,696171405853fc35f15a4872,7850,1,1,linechart-real-2-ordered-main_effect-0-27,left,increasing,ordered,main_effect,false,single,2026-03-20T16:04:11Z,more,TRUE,TRUE,TRUE,study,TRUE,10695.125,2835.802062681681,FALSE,FALSE,FALSE,FALSE
2533,696171405853fc35f15a4872,9280,1,2,linechart-real-14-shuffled-main_effect-1-25,right,increasing,shuffled,main_effect,true,single,2026-03-20T16:04:21Z,less,TRUE,TRUE,TRUE,study,TRUE,10695.125,2835.802062681681,FALSE,FALSE,FALSE,FALSE
2546,696171405853fc35f15a4872,12535,1,3,linechart-real-25-shuffled-main_effect-0-3,left,increasing,shuffled,main_effect,false,single,2026-03-20T16:04:34Z,less,TRUE,TRUE,TRUE,study,TRUE,10695.125,2835.802062681681,FALSE,FALSE,FALSE,FALSE
2559,696171405853fc35f15a4872,11772,1,4,linechart-real-30-shuffled-interaction-1-7,right,increasing,shuffled,interaction,true,single,2026-03-20T16:04:47Z,more,TRUE,TRUE,TRUE,study,TRUE,10695.125,2835.802062681681,FALSE,FALSE,FALSE,FALSE
2568,696171405853fc35f15a4872,7375,1,5,linechart-real-0-ordered-main_effect-1-12,right,increasing,ordered,main_effect,true,single,2026-03-20T16:04:55Z,more,TRUE,TRUE,TRUE,study,TRUE,10695.125,2835.802062681681,FALSE,FALSE,FALSE,FALSE
2583,696171405853fc35f15a4872,10906,1,6,linechart-real-15-ordered-interaction-0-17,left,increasing,ordered,interaction,false,single,2026-03-20T16:05:07Z,more,TRUE,TRUE,TRUE,study,TRUE,10695.125,2835.802062681681,FALSE,FALSE,FALSE,FALSE
2603,696171405853fc35f15a4872,16150,1,7,linechart-real-8-ordered-interaction-0-23,left,increasing,ordered,interaction,false,single,2026-03-20T16:05:24Z,more,TRUE,TRUE,TRUE,study,TRUE,10695.125,2835.802062681681,FALSE,FALSE,FALSE,FALSE
2619,696171405853fc35f15a4872,9267,1,8,linechart-real-23-shuffled-main_effect-1-29,right,increasing,shuffled,main_effect,true,single,2026-03-20T16:05:39Z,less,TRUE,TRUE,TRUE,study,TRUE,10695.125,2835.802062681681,FALSE,FALSE,FALSE,FALSE
2631,696171405853fc35f15a4872,8969,1,9,linechart-real-4-ordered-interaction-0-13,left,increasing,ordered,interaction,false,single,2026-03-20T16:05:49Z,less,TRUE,TRUE,TRUE,study,TRUE,10695.125,2835.802062681681,FALSE,FALSE,FALSE,FALSE
2642,696171405853fc35f15a4872,9471,1,10,linechart-real-28-shuffled-main_effect-0-21,left,increasing,shuffled,main_effect,false,single,2026-03-20T16:05:59Z,less,TRUE,TRUE,TRUE,study,TRUE,10695.125,2835.802062681681,FALSE,FALSE,FALSE,FALSE
2655,696171405853fc35f15a4872,7771,1,11,linechart-real-7-shuffled-main_effect-1-9,right,increasing,shuffled,main_effect,true,single,2026-03-20T16:06:08Z,less,TRUE,TRUE,TRUE,study,TRUE,10695.125,2835.802062681681,FALSE,FALSE,FALSE,FALSE
2669,696171405853fc35f15a4872,13724,1,12,linechart-real-18-shuffled-main_effect-1-24,right,increasing,shuffled,main_effect,true,single,2026-03-20T16:06:22Z,more,TRUE,TRUE,TRUE,study,TRUE,10695.125,2835.802062681681,FALSE,FALSE,FALSE,FALSE
2680,696171405853fc35f15a4872,7393,1,13,linechart-real-9-ordered-main_effect-0-2,left,increasing,ordered,main_effect,false,single,2026-03-20T16:06:30Z,less,TRUE,TRUE,TRUE,study,TRUE,10695.125,2835.802062681681,FALSE,FALSE,FALSE,FALSE
2694,696171405853fc35f15a4872,12775,1,14,linechart-real-21-ordered-interaction-0-20,left,increasing,ordered,interaction,false,single,2026-03-20T16:06:44Z,less,TRUE,TRUE,TRUE,study,TRUE,10695.125,2835.802062681681,FALSE,FALSE,FALSE,FALSE
2716,696171405853fc35f15a4872,15562,1,15,linechart-real-11-shuffled-interaction-1-0,right,increasing,shuffled,interaction,true,single,2026-03-20T16:07:00Z,more,TRUE,TRUE,TRUE,study,TRUE,10695.125,2835.802062681681,FALSE,FALSE,FALSE,FALSE
2726,696171405853fc35f15a4872,11368,1,16,linechart-real-26-ordered-interaction-1-10,right,increasing,ordered,interaction,true,single,2026-03-20T16:07:16Z,less,TRUE,TRUE,TRUE,study,TRUE,10695.125,2835.802062681681,FALSE,FALSE,FALSE,FALSE
2734,696171405853fc35f15a4872,11434,1,17,linechart-real-20-ordered-interaction-0-28,left,increasing,ordered,interaction,false,single,2026-03-20T16:07:28Z,more,TRUE,TRUE,TRUE,study,TRUE,10695.125,2835.802062681681,FALSE,FALSE,FALSE,FALSE
2743,696171405853fc35f15a4872,11172,1,18,linechart-real-22-shuffled-main_effect-0-5,left,increasing,shuffled,main_effect,false,single,2026-03-20T16:07:40Z,less,TRUE,TRUE,TRUE,study,TRUE,10695.125,2835.802062681681,FALSE,FALSE,FALSE,FALSE
2750,696171405853fc35f15a4872,7444,1,19,linechart-real-24-shuffled-interaction-1-22,right,increasing,shuffled,interaction,true,single,2026-03-20T16:07:49Z,more,TRUE,TRUE,TRUE,study,TRUE,10695.125,2835.802062681681,FALSE,FALSE,FALSE,FALSE
2760,696171405853fc35f15a4872,9632,1,20,linechart-real-6-shuffled-main_effect-0-31,left,increasing,shuffled,main_effect,false,single,2026-03-20T16:07:59Z,less,TRUE,TRUE,TRUE,study,TRUE,10695.125,2835.802062681681,FALSE,FALSE,FALSE,FALSE
2768,696171405853fc35f15a4872,8076,1,21,linechart-real-1-ordered-main_effect-0-16,left,increasing,ordered,main_effect,false,single,2026-03-20T16:08:08Z,more,TRUE,TRUE,TRUE,study,TRUE,10695.125,2835.802062681681,FALSE,FALSE,FALSE,FALSE
2777,696171405853fc35f15a4872,10249,1,22,linechart-real-27-ordered-main_effect-1-8,right,increasing,ordered,main_effect,true,single,2026-03-20T16:08:19Z,more,TRUE,TRUE,TRUE,study,TRUE,10695.125,2835.802062681681,FALSE,FALSE,FALSE,FALSE
2783,696171405853fc35f15a4872,7772,1,23,linechart-real-13-ordered-main_effect-1-6,right,increasing,ordered,main_effect,true,single,2026-03-20T16:08:27Z,less,TRUE,TRUE,TRUE,study,TRUE,10695.125,2835.802062681681,FALSE,FALSE,FALSE,FALSE
2790,696171405853fc35f15a4872,12805,1,24,linechart-real-16-shuffled-interaction-0-11,left,increasing,shuffled,interaction,false,single,2026-03-20T16:08:44Z,more,TRUE,TRUE,TRUE,study,TRUE,10695.125,2835.802062681681,FALSE,FALSE,FALSE,FALSE
2797,696171405853fc35f15a4872,10736,1,25,linechart-real-12-ordered-interaction-1-26,right,increasing,ordered,interaction,true,single,2026-03-20T16:08:55Z,less,TRUE,TRUE,TRUE,study,TRUE,10695.125,2835.802062681681,FALSE,FALSE,FALSE,FALSE
2806,696171405853fc35f15a4872,11883,1,26,linechart-real-10-shuffled-interaction-0-4,left,increasing,shuffled,interaction,false,single,2026-03-20T16:09:08Z,more,TRUE,TRUE,TRUE,study,TRUE,10695.125,2835.802062681681,FALSE,FALSE,FALSE,FALSE
2814,696171405853fc35f15a4872,11048,1,27,linechart-real-17-shuffled-interaction-0-14,left,increasing,shuffled,interaction,false,single,2026-03-20T16:09:20Z,less,TRUE,TRUE,TRUE,study,TRUE,10695.125,2835.802062681681,FALSE,FALSE,FALSE,FALSE
2819,696171405853fc35f15a4872,9545,1,28,linechart-real-5-ordered-main_effect-1-15,right,increasing,ordered,main_effect,true,single,2026-03-20T16:09:30Z,less,TRUE,TRUE,TRUE,study,TRUE,10695.125,2835.802062681681,FALSE,FALSE,FALSE,FALSE
2827,696171405853fc35f15a4872,19539,1,29,linechart-real-19-shuffled-interaction-0-19,left,increasing,shuffled,interaction,false,single,2026-03-20T16:09:50Z,more,TRUE,TRUE,TRUE,study,TRUE,10695.125,2835.802062681681,FALSE,FALSE,FALSE,TRUE
2830,696171405853fc35f15a4872,7003,1,30,linechart-real-31-ordered-main_effect-1-18,right,increasing,ordered,main_effect,true,single,2026-03-20T16:09:58Z,less,TRUE,TRUE,TRUE,study,TRUE,10695.125,2835.802062681681,FALSE,FALSE,FALSE,FALSE
2836,696171405853fc35f15a4872,9660,1,31,linechart-real-29-shuffled-interaction-1-1,right,increasing,shuffled,interaction,true,single,2026-03-20T16:10:08Z,more,TRUE,TRUE,TRUE,study,TRUE,10695.125,2835.802062681681,FALSE,FALSE,FALSE,FALSE
3594,69810933654afd25a7bbcf7d,8526,1,0,linechart-real-2-shuffled-main_effect-1-19,right,increasing,shuffled,main_effect,true,dual,2026-03-20T17:57:27Z,more,TRUE,TRUE,TRUE,study,TRUE,10493.15625,3084.361125977882,FALSE,FALSE,FALSE,FALSE
3596,69810933654afd25a7bbcf7d,10737,0,1,linechart-real-27-shuffled-main_effect-0-31,right,increasing,shuffled,main_effect,false,dual,2026-03-20T17:57:39Z,less,TRUE,TRUE,TRUE,study,TRUE,10493.15625,3084.361125977882,FALSE,FALSE,FALSE,FALSE
3597,69810933654afd25a7bbcf7d,5139,1,2,linechart-real-3-ordered-main_effect-1-13,right,increasing,ordered,main_effect,true,dual,2026-03-20T17:57:45Z,less,TRUE,TRUE,TRUE,study,TRUE,10493.15625,3084.361125977882,FALSE,FALSE,FALSE,FALSE
3600,69810933654afd25a7bbcf7d,20425,0,3,linechart-real-9-ordered-interaction-1-0,left,increasing,ordered,interaction,true,dual,2026-03-20T17:58:06Z,less,TRUE,TRUE,TRUE,study,TRUE,10493.15625,3084.361125977882,FALSE,FALSE,FALSE,TRUE
3602,69810933654afd25a7bbcf7d,11745,1,4,linechart-real-4-shuffled-interaction-1-12,right,increasing,shuffled,interaction,true,dual,2026-03-20T17:58:20Z,less,TRUE,TRUE,TRUE,study,TRUE,10493.15625,3084.361125977882,FALSE,FALSE,FALSE,FALSE
3604,69810933654afd25a7bbcf7d,16253,0,5,linechart-real-18-shuffled-main_effect-1-25,left,increasing,shuffled,main_effect,true,dual,2026-03-20T17:58:37Z,more,TRUE,TRUE,TRUE,study,TRUE,10493.15625,3084.361125977882,FALSE,FALSE,FALSE,FALSE
3606,69810933654afd25a7bbcf7d,10039,1,6,linechart-real-28-ordered-main_effect-1-23,right,increasing,ordered,main_effect,true,dual,2026-03-20T17:58:48Z,more,TRUE,TRUE,TRUE,study,TRUE,10493.15625,3084.361125977882,FALSE,FALSE,FALSE,FALSE
3608,69810933654afd25a7bbcf7d,9276,0,7,linechart-real-29-ordered-interaction-0-27,right,increasing,ordered,interaction,false,dual,2026-03-20T17:58:58Z,more,TRUE,TRUE,TRUE,study,TRUE,10493.15625,3084.361125977882,FALSE,FALSE,FALSE,FALSE
3609,69810933654afd25a7bbcf7d,7962,1,8,linechart-real-17-ordered-main_effect-1-4,right,increasing,ordered,main_effect,true,dual,2026-03-20T17:59:14Z,more,TRUE,TRUE,TRUE,study,TRUE,10493.15625,3084.361125977882,FALSE,FALSE,FALSE,FALSE
3611,69810933654afd25a7bbcf7d,7445,1,9,linechart-real-11-shuffled-main_effect-0-1,left,increasing,shuffled,main_effect,false,dual,2026-03-20T17:59:22Z,less,TRUE,TRUE,TRUE,study,TRUE,10493.15625,3084.361125977882,FALSE,FALSE,FALSE,FALSE
3614,69810933654afd25a7bbcf7d,9114,1,10,linechart-real-31-shuffled-main_effect-1-17,right,increasing,shuffled,main_effect,true,dual,2026-03-20T17:59:32Z,more,TRUE,TRUE,TRUE,study,TRUE,10493.15625,3084.361125977882,FALSE,FALSE,FALSE,FALSE
3617,69810933654afd25a7bbcf7d,11393,1,11,linechart-real-20-ordered-interaction-0-7,left,increasing,ordered,interaction,false,dual,2026-03-20T17:59:44Z,less,TRUE,TRUE,TRUE,study,TRUE,10493.15625,3084.361125977882,FALSE,FALSE,FALSE,FALSE
3620,69810933654afd25a7bbcf7d,9128,1,12,linechart-real-14-shuffled-main_effect-0-18,left,increasing,shuffled,main_effect,false,dual,2026-03-20T17:59:54Z,less,TRUE,TRUE,TRUE,study,TRUE,10493.15625,3084.361125977882,FALSE,FALSE,FALSE,FALSE
3622,69810933654afd25a7bbcf7d,7547,1,13,linechart-real-8-ordered-main_effect-0-29,left,increasing,ordered,main_effect,false,dual,2026-03-20T18:00:02Z,less,TRUE,TRUE,TRUE,study,TRUE,10493.15625,3084.361125977882,FALSE,FALSE,FALSE,FALSE
3626,69810933654afd25a7bbcf7d,12595,0,14,linechart-real-23-shuffled-interaction-1-26,left,increasing,shuffled,interaction,true,dual,2026-03-20T18:00:15Z,more,TRUE,TRUE,TRUE,study,TRUE,10493.15625,3084.361125977882,FALSE,FALSE,FALSE,FALSE
3628,69810933654afd25a7bbcf7d,6625,1,15,linechart-real-13-ordered-interaction-0-9,left,increasing,ordered,interaction,false,dual,2026-03-20T18:00:23Z,more,TRUE,TRUE,TRUE,study,TRUE,10493.15625,3084.361125977882,FALSE,FALSE,FALSE,FALSE
3631,69810933654afd25a7bbcf7d,10613,0,16,linechart-real-19-ordered-interaction-1-3,left,increasing,ordered,interaction,true,dual,2026-03-20T18:00:39Z,less,TRUE,TRUE,TRUE,study,TRUE,10493.15625,3084.361125977882,FALSE,FALSE,FALSE,FALSE
3634,69810933654afd25a7bbcf7d,13175,1,17,linechart-real-0-shuffled-interaction-0-2,left,increasing,shuffled,interaction,false,dual,2026-03-20T18:00:54Z,less,TRUE,TRUE,TRUE,study,TRUE,10493.15625,3084.361125977882,FALSE,FALSE,FALSE,FALSE
3637,69810933654afd25a7bbcf7d,11149,0,18,linechart-real-21-shuffled-main_effect-1-21,left,increasing,shuffled,main_effect,true,dual,2026-03-20T18:01:06Z,less,TRUE,TRUE,TRUE,study,TRUE,10493.15625,3084.361125977882,FALSE,FALSE,FALSE,FALSE
3640,69810933654afd25a7bbcf7d,7649,0,19,linechart-real-26-ordered-main_effect-0-20,right,increasing,ordered,main_effect,false,dual,2026-03-20T18:01:15Z,less,TRUE,TRUE,TRUE,study,TRUE,10493.15625,3084.361125977882,FALSE,FALSE,FALSE,FALSE
3643,69810933654afd25a7bbcf7d,14317,1,20,linechart-real-5-shuffled-interaction-1-15,right,increasing,shuffled,interaction,true,dual,2026-03-20T18:01:31Z,less,TRUE,TRUE,TRUE,study,TRUE,10493.15625,3084.361125977882,FALSE,FALSE,FALSE,FALSE
3646,69810933654afd25a7bbcf7d,9134,1,21,linechart-real-30-ordered-main_effect-0-10,left,increasing,ordered,main_effect,false,dual,2026-03-20T18:01:41Z,less,TRUE,TRUE,TRUE,study,TRUE,10493.15625,3084.361125977882,FALSE,FALSE,FALSE,FALSE
3648,69810933654afd25a7bbcf7d,9953,1,22,linechart-real-16-ordered-interaction-1-16,right,increasing,ordered,interaction,true,dual,2026-03-20T18:01:52Z,more,TRUE,TRUE,TRUE,study,TRUE,10493.15625,3084.361125977882,FALSE,FALSE,FALSE,FALSE
3649,69810933654afd25a7bbcf7d,11714,1,23,linechart-real-12-shuffled-interaction-0-8,left,increasing,shuffled,interaction,false,dual,2026-03-20T18:02:04Z,more,TRUE,TRUE,TRUE,study,TRUE,10493.15625,3084.361125977882,FALSE,FALSE,FALSE,FALSE
3651,69810933654afd25a7bbcf7d,13718,1,24,linechart-real-6-shuffled-interaction-0-28,left,increasing,shuffled,interaction,false,dual,2026-03-20T18:02:22Z,more,TRUE,TRUE,TRUE,study,TRUE,10493.15625,3084.361125977882,FALSE,FALSE,FALSE,FALSE
3653,69810933654afd25a7bbcf7d,7468,1,25,linechart-real-24-ordered-main_effect-1-24,right,increasing,ordered,main_effect,true,dual,2026-03-20T18:02:30Z,more,TRUE,TRUE,TRUE,study,TRUE,10493.15625,3084.361125977882,FALSE,FALSE,FALSE,FALSE
3655,69810933654afd25a7bbcf7d,10391,1,26,linechart-real-10-shuffled-interaction-0-14,left,increasing,shuffled,interaction,false,dual,2026-03-20T18:02:41Z,less,TRUE,TRUE,TRUE,study,TRUE,10493.15625,3084.361125977882,FALSE,FALSE,FALSE,FALSE
3656,69810933654afd25a7bbcf7d,12065,1,27,linechart-real-25-ordered-interaction-0-11,left,increasing,ordered,interaction,false,dual,2026-03-20T18:02:54Z,less,TRUE,TRUE,TRUE,study,TRUE,10493.15625,3084.361125977882,FALSE,FALSE,FALSE,FALSE
3657,69810933654afd25a7bbcf7d,7409,1,28,linechart-real-1-ordered-main_effect-0-30,left,increasing,ordered,main_effect,false,dual,2026-03-20T18:03:02Z,more,TRUE,TRUE,TRUE,study,TRUE,10493.15625,3084.361125977882,FALSE,FALSE,FALSE,FALSE
3658,69810933654afd25a7bbcf7d,9191,1,29,linechart-real-15-shuffled-main_effect-1-22,right,increasing,shuffled,main_effect,true,dual,2026-03-20T18:03:12Z,more,TRUE,TRUE,TRUE,study,TRUE,10493.15625,3084.361125977882,FALSE,FALSE,FALSE,FALSE
3659,69810933654afd25a7bbcf7d,10008,1,30,linechart-real-7-ordered-interaction-0-5,left,increasing,ordered,interaction,false,dual,2026-03-20T18:03:23Z,more,TRUE,TRUE,TRUE,study,TRUE,10493.15625,3084.361125977882,FALSE,FALSE,FALSE,FALSE
3660,69810933654afd25a7bbcf7d,13878,1,31,linechart-real-22-shuffled-interaction-1-6,right,increasing,shuffled,interaction,true,dual,2026-03-20T18:03:37Z,more,TRUE,TRUE,TRUE,study,TRUE,10493.15625,3084.361125977882,FALSE,FALSE,FALSE,FALSE
2341,69864b91db1f8e065b805468,8687,1,0,linechart-real-7-ordered-interaction-1-17,right,increasing,ordered,interaction,true,dual,2026-03-20T16:00:02Z,more,TRUE,TRUE,TRUE,study,TRUE,11645.1875,2495.3515808592533,FALSE,FALSE,FALSE,FALSE
2344,69864b91db1f8e065b805468,12453,1,1,linechart-real-13-ordered-main_effect-0-15,left,increasing,ordered,main_effect,false,dual,2026-03-20T16:00:15Z,less,TRUE,TRUE,TRUE,study,TRUE,11645.1875,2495.3515808592533,FALSE,FALSE,FALSE,FALSE
2349,69864b91db1f8e065b805468,11351,0,2,linechart-real-1-shuffled-main_effect-0-22,right,increasing,shuffled,main_effect,false,dual,2026-03-20T16:00:27Z,more,TRUE,TRUE,TRUE,study,TRUE,11645.1875,2495.3515808592533,FALSE,FALSE,FALSE,FALSE
2358,69864b91db1f8e065b805468,11034,0,3,linechart-real-21-ordered-interaction-0-23,right,increasing,ordered,interaction,false,dual,2026-03-20T16:00:39Z,less,TRUE,TRUE,TRUE,study,TRUE,11645.1875,2495.3515808592533,FALSE,FALSE,FALSE,FALSE
2367,69864b91db1f8e065b805468,11379,1,4,linechart-real-0-ordered-main_effect-0-7,left,increasing,ordered,main_effect,false,dual,2026-03-20T16:00:53Z,more,TRUE,TRUE,TRUE,study,TRUE,11645.1875,2495.3515808592533,FALSE,FALSE,FALSE,FALSE
2375,69864b91db1f8e065b805468,14177,1,5,linechart-real-14-shuffled-interaction-1-21,right,increasing,shuffled,interaction,true,dual,2026-03-20T16:01:07Z,less,TRUE,TRUE,TRUE,study,TRUE,11645.1875,2495.3515808592533,FALSE,FALSE,FALSE,FALSE
2386,69864b91db1f8e065b805468,16181,1,6,linechart-real-10-shuffled-main_effect-0-8,left,increasing,shuffled,main_effect,false,dual,2026-03-20T16:01:24Z,less,TRUE,TRUE,TRUE,study,TRUE,11645.1875,2495.3515808592533,FALSE,FALSE,FALSE,FALSE
2396,69864b91db1f8e065b805468,14732,1,7,linechart-real-17-ordered-main_effect-1-16,right,increasing,ordered,main_effect,true,dual,2026-03-20T16:01:40Z,more,TRUE,TRUE,TRUE,study,TRUE,11645.1875,2495.3515808592533,FALSE,FALSE,FALSE,FALSE
2411,69864b91db1f8e065b805468,9929,1,8,linechart-real-20-ordered-main_effect-1-14,right,increasing,ordered,main_effect,true,dual,2026-03-20T16:01:57Z,less,TRUE,TRUE,TRUE,study,TRUE,11645.1875,2495.3515808592533,FALSE,FALSE,FALSE,FALSE
2421,69864b91db1f8e065b805468,11435,1,9,linechart-real-8-shuffled-main_effect-1-30,right,increasing,shuffled,main_effect,true,dual,2026-03-20T16:02:09Z,more,TRUE,TRUE,TRUE,study,TRUE,11645.1875,2495.3515808592533,FALSE,FALSE,FALSE,FALSE
2430,69864b91db1f8e065b805468,14705,1,10,linechart-real-15-shuffled-main_effect-1-20,right,increasing,shuffled,main_effect,true,dual,2026-03-20T16:02:25Z,more,TRUE,TRUE,TRUE,study,TRUE,11645.1875,2495.3515808592533,FALSE,FALSE,FALSE,FALSE
2447,69864b91db1f8e065b805468,14260,1,11,linechart-real-11-ordered-main_effect-0-11,left,increasing,ordered,main_effect,false,dual,2026-03-20T16:02:40Z,less,TRUE,TRUE,TRUE,study,TRUE,11645.1875,2495.3515808592533,FALSE,FALSE,FALSE,FALSE
2457,69864b91db1f8e065b805468,10256,1,12,linechart-real-27-ordered-interaction-0-13,left,increasing,ordered,interaction,false,dual,2026-03-20T16:02:51Z,more,TRUE,TRUE,TRUE,study,TRUE,11645.1875,2495.3515808592533,FALSE,FALSE,FALSE,FALSE
2469,69864b91db1f8e065b805468,13445,1,13,linechart-real-2-shuffled-interaction-0-5,left,increasing,shuffled,interaction,false,dual,2026-03-20T16:03:05Z,more,TRUE,TRUE,TRUE,study,TRUE,11645.1875,2495.3515808592533,FALSE,FALSE,FALSE,FALSE
2482,69864b91db1f8e065b805468,14106,1,14,linechart-real-30-shuffled-interaction-0-25,left,increasing,shuffled,interaction,false,dual,2026-03-20T16:03:19Z,less,TRUE,TRUE,TRUE,study,TRUE,11645.1875,2495.3515808592533,FALSE,FALSE,FALSE,FALSE
2487,69864b91db1f8e065b805468,10006,1,15,linechart-real-5-shuffled-interaction-1-3,right,increasing,shuffled,interaction,true,dual,2026-03-20T16:03:30Z,more,TRUE,TRUE,TRUE,study,TRUE,11645.1875,2495.3515808592533,FALSE,FALSE,FALSE,FALSE
2504,69864b91db1f8e065b805468,11154,1,16,linechart-real-29-shuffled-interaction-0-28,left,increasing,shuffled,interaction,false,dual,2026-03-20T16:03:47Z,more,TRUE,TRUE,TRUE,study,TRUE,11645.1875,2495.3515808592533,FALSE,FALSE,FALSE,FALSE
2509,69864b91db1f8e065b805468,9682,1,17,linechart-real-19-shuffled-main_effect-0-24,left,increasing,shuffled,main_effect,false,dual,2026-03-20T16:03:57Z,more,TRUE,TRUE,TRUE,study,TRUE,11645.1875,2495.3515808592533,FALSE,FALSE,FALSE,FALSE
2521,69864b91db1f8e065b805468,11835,1,18,linechart-real-9-ordered-interaction-1-0,right,increasing,ordered,interaction,true,dual,2026-03-20T16:04:10Z,less,TRUE,TRUE,TRUE,study,TRUE,11645.1875,2495.3515808592533,FALSE,FALSE,FALSE,FALSE
2532,69864b91db1f8e065b805468,9471,1,19,linechart-real-18-ordered-main_effect-1-31,right,increasing,ordered,main_effect,true,dual,2026-03-20T16:04:20Z,less,TRUE,TRUE,TRUE,study,TRUE,11645.1875,2495.3515808592533,FALSE,FALSE,FALSE,FALSE
2540,69864b91db1f8e065b805468,9714,1,20,linechart-real-6-ordered-interaction-1-1,right,increasing,ordered,interaction,true,dual,2026-03-20T16:04:30Z,more,TRUE,TRUE,TRUE,study,TRUE,11645.1875,2495.3515808592533,FALSE,FALSE,FALSE,FALSE
2553,69864b91db1f8e065b805468,10988,1,21,linechart-real-16-ordered-interaction-1-10,right,increasing,ordered,interaction,true,dual,2026-03-20T16:04:42Z,less,TRUE,TRUE,TRUE,study,TRUE,11645.1875,2495.3515808592533,FALSE,FALSE,FALSE,FALSE
2571,69864b91db1f8e065b805468,15613,0,22,linechart-real-25-shuffled-interaction-0-19,right,increasing,shuffled,interaction,false,dual,2026-03-20T16:04:58Z,less,TRUE,TRUE,TRUE,study,TRUE,11645.1875,2495.3515808592533,FALSE,FALSE,FALSE,FALSE
2585,69864b91db1f8e065b805468,9647,0,23,linechart-real-12-shuffled-main_effect-1-4,left,increasing,shuffled,main_effect,true,dual,2026-03-20T16:05:09Z,less,TRUE,TRUE,TRUE,study,TRUE,11645.1875,2495.3515808592533,FALSE,FALSE,FALSE,FALSE
2600,69864b91db1f8e065b805468,9237,1,24,linechart-real-26-ordered-interaction-1-18,right,increasing,ordered,interaction,true,dual,2026-03-20T16:05:23Z,less,TRUE,TRUE,TRUE,study,TRUE,11645.1875,2495.3515808592533,FALSE,FALSE,FALSE,FALSE
2611,69864b91db1f8e065b805468,7832,1,25,linechart-real-23-ordered-interaction-1-2,right,increasing,ordered,interaction,true,dual,2026-03-20T16:05:32Z,less,TRUE,TRUE,TRUE,study,TRUE,11645.1875,2495.3515808592533,FALSE,FALSE,FALSE,FALSE
2621,69864b91db1f8e065b805468,9418,1,26,linechart-real-31-shuffled-interaction-0-26,left,increasing,shuffled,interaction,false,dual,2026-03-20T16:05:42Z,more,TRUE,TRUE,TRUE,study,TRUE,11645.1875,2495.3515808592533,FALSE,FALSE,FALSE,FALSE
2634,69864b91db1f8e065b805468,10694,1,27,linechart-real-24-shuffled-main_effect-0-29,left,increasing,shuffled,main_effect,false,dual,2026-03-20T16:05:53Z,more,TRUE,TRUE,TRUE,study,TRUE,11645.1875,2495.3515808592533,FALSE,FALSE,FALSE,FALSE
2649,69864b91db1f8e065b805468,11627,1,28,linechart-real-4-ordered-main_effect-1-27,right,increasing,ordered,main_effect,true,dual,2026-03-20T16:06:05Z,less,TRUE,TRUE,TRUE,study,TRUE,11645.1875,2495.3515808592533,FALSE,FALSE,FALSE,FALSE
2671,69864b91db1f8e065b805468,18348,1,29,linechart-real-3-shuffled-interaction-0-9,left,increasing,shuffled,interaction,false,dual,2026-03-20T16:06:24Z,more,TRUE,TRUE,TRUE,study,TRUE,11645.1875,2495.3515808592533,FALSE,FALSE,FALSE,TRUE
2683,69864b91db1f8e065b805468,10471,1,30,linechart-real-22-shuffled-main_effect-0-12,left,increasing,shuffled,main_effect,false,dual,2026-03-20T16:06:35Z,less,TRUE,TRUE,TRUE,study,TRUE,11645.1875,2495.3515808592533,FALSE,FALSE,FALSE,FALSE
2695,69864b91db1f8e065b805468,8779,1,31,linechart-real-28-ordered-main_effect-1-6,right,increasing,ordered,main_effect,true,dual,2026-03-20T16:06:45Z,more,TRUE,TRUE,TRUE,study,TRUE,11645.1875,2495.3515808592533,FALSE,FALSE,FALSE,FALSE
1916,698651b5bbcfef723824cb98,18614,1,0,linechart-real-3-shuffled-main_effect-1-11,right,increasing,shuffled,main_effect,true,dual,2026-03-19T15:28:27Z,more,TRUE,TRUE,TRUE,study,TRUE,11442.625,3076.48258253564,FALSE,FALSE,FALSE,TRUE
1918,698651b5bbcfef723824cb98,9626,1,1,linechart-real-16-shuffled-main_effect-1-29,right,increasing,shuffled,main_effect,true,dual,2026-03-19T15:28:37Z,more,TRUE,TRUE,TRUE,study,TRUE,11442.625,3076.48258253564,FALSE,FALSE,FALSE,FALSE
1920,698651b5bbcfef723824cb98,11063,0,2,linechart-real-23-shuffled-interaction-0-30,right,increasing,shuffled,interaction,false,dual,2026-03-19T15:28:49Z,less,TRUE,TRUE,TRUE,study,TRUE,11442.625,3076.48258253564,FALSE,FALSE,FALSE,FALSE
1924,698651b5bbcfef723824cb98,9324,1,3,linechart-real-30-ordered-main_effect-1-7,right,increasing,ordered,main_effect,true,dual,2026-03-19T15:29:00Z,more,TRUE,TRUE,TRUE,study,TRUE,11442.625,3076.48258253564,FALSE,FALSE,FALSE,FALSE
1926,698651b5bbcfef723824cb98,9062,1,4,linechart-real-17-ordered-main_effect-0-8,left,increasing,ordered,main_effect,false,dual,2026-03-19T15:29:10Z,more,TRUE,TRUE,TRUE,study,TRUE,11442.625,3076.48258253564,FALSE,FALSE,FALSE,FALSE
1929,698651b5bbcfef723824cb98,13349,1,5,linechart-real-12-shuffled-interaction-0-16,left,increasing,shuffled,interaction,false,dual,2026-03-19T15:29:24Z,less,TRUE,TRUE,TRUE,study,TRUE,11442.625,3076.48258253564,FALSE,FALSE,FALSE,FALSE
1931,698651b5bbcfef723824cb98,9956,1,6,linechart-real-26-ordered-main_effect-1-17,right,increasing,ordered,main_effect,true,dual,2026-03-19T15:29:34Z,less,TRUE,TRUE,TRUE,study,TRUE,11442.625,3076.48258253564,FALSE,FALSE,FALSE,FALSE
1934,698651b5bbcfef723824cb98,12333,1,7,linechart-real-11-ordered-interaction-0-0,left,increasing,ordered,interaction,false,dual,2026-03-19T15:29:47Z,more,TRUE,TRUE,TRUE,study,TRUE,11442.625,3076.48258253564,FALSE,FALSE,FALSE,FALSE
1945,698651b5bbcfef723824cb98,12813,1,8,linechart-real-18-shuffled-interaction-0-4,left,increasing,shuffled,interaction,false,dual,2026-03-19T15:31:00Z,less,TRUE,TRUE,TRUE,study,TRUE,11442.625,3076.48258253564,FALSE,FALSE,FALSE,FALSE
1948,698651b5bbcfef723824cb98,11289,1,9,linechart-real-24-ordered-interaction-0-10,left,increasing,ordered,interaction,false,dual,2026-03-19T15:31:12Z,more,TRUE,TRUE,TRUE,study,TRUE,11442.625,3076.48258253564,FALSE,FALSE,FALSE,FALSE
1950,698651b5bbcfef723824cb98,17070,1,10,linechart-real-27-shuffled-main_effect-1-12,right,increasing,shuffled,main_effect,true,dual,2026-03-19T15:31:29Z,more,TRUE,TRUE,TRUE,study,TRUE,11442.625,3076.48258253564,FALSE,FALSE,FALSE,FALSE
1954,698651b5bbcfef723824cb98,14195,1,11,linechart-real-5-ordered-interaction-1-23,right,increasing,ordered,interaction,true,dual,2026-03-19T15:31:44Z,less,TRUE,TRUE,TRUE,study,TRUE,11442.625,3076.48258253564,FALSE,FALSE,FALSE,FALSE
1955,698651b5bbcfef723824cb98,7146,1,12,linechart-real-10-ordered-interaction-1-28,right,increasing,ordered,interaction,true,dual,2026-03-19T15:31:52Z,more,TRUE,TRUE,TRUE,study,TRUE,11442.625,3076.48258253564,FALSE,FALSE,FALSE,FALSE
1956,698651b5bbcfef723824cb98,10189,1,13,linechart-real-31-shuffled-main_effect-0-2,left,increasing,shuffled,main_effect,false,dual,2026-03-19T15:32:03Z,more,TRUE,TRUE,TRUE,study,TRUE,11442.625,3076.48258253564,FALSE,FALSE,FALSE,FALSE
1958,698651b5bbcfef723824cb98,7365,1,14,linechart-real-15-ordered-main_effect-0-18,left,increasing,ordered,main_effect,false,dual,2026-03-19T15:32:11Z,less,TRUE,TRUE,TRUE,study,TRUE,11442.625,3076.48258253564,FALSE,FALSE,FALSE,FALSE
1960,698651b5bbcfef723824cb98,11351,1,15,linechart-real-0-ordered-main_effect-1-27,right,increasing,ordered,main_effect,true,dual,2026-03-19T15:32:23Z,less,TRUE,TRUE,TRUE,study,TRUE,11442.625,3076.48258253564,FALSE,FALSE,FALSE,FALSE
1963,698651b5bbcfef723824cb98,9671,1,16,linechart-real-4-shuffled-interaction-1-13,right,increasing,shuffled,interaction,true,dual,2026-03-19T15:32:46Z,more,TRUE,TRUE,TRUE,study,TRUE,11442.625,3076.48258253564,FALSE,FALSE,FALSE,FALSE
1967,698651b5bbcfef723824cb98,9925,1,17,linechart-real-14-ordered-main_effect-0-15,left,increasing,ordered,main_effect,false,dual,2026-03-19T15:32:56Z,less,TRUE,TRUE,TRUE,study,TRUE,11442.625,3076.48258253564,FALSE,FALSE,FALSE,FALSE
1969,698651b5bbcfef723824cb98,10883,1,18,linechart-real-22-shuffled-main_effect-0-20,left,increasing,shuffled,main_effect,false,dual,2026-03-19T15:33:08Z,less,TRUE,TRUE,TRUE,study,TRUE,11442.625,3076.48258253564,FALSE,FALSE,FALSE,FALSE
1972,698651b5bbcfef723824cb98,13370,0,19,linechart-real-28-ordered-main_effect-1-19,left,increasing,ordered,main_effect,true,dual,2026-03-19T15:33:22Z,less,TRUE,TRUE,TRUE,study,TRUE,11442.625,3076.48258253564,FALSE,FALSE,FALSE,FALSE
1974,698651b5bbcfef723824cb98,14478,0,20,linechart-real-8-ordered-interaction-0-1,right,increasing,ordered,interaction,false,dual,2026-03-19T15:33:38Z,more,TRUE,TRUE,TRUE,study,TRUE,11442.625,3076.48258253564,FALSE,FALSE,FALSE,FALSE
1976,698651b5bbcfef723824cb98,9839,1,21,linechart-real-1-shuffled-main_effect-0-6,left,increasing,shuffled,main_effect,false,dual,2026-03-19T15:33:49Z,less,TRUE,TRUE,TRUE,study,TRUE,11442.625,3076.48258253564,FALSE,FALSE,FALSE,FALSE
1979,698651b5bbcfef723824cb98,6686,1,22,linechart-real-13-ordered-interaction-1-3,right,increasing,ordered,interaction,true,dual,2026-03-19T15:33:57Z,more,TRUE,TRUE,TRUE,study,TRUE,11442.625,3076.48258253564,FALSE,FALSE,FALSE,FALSE
1981,698651b5bbcfef723824cb98,8883,1,23,linechart-real-20-ordered-interaction-0-21,left,increasing,ordered,interaction,false,dual,2026-03-19T15:34:06Z,less,TRUE,TRUE,TRUE,study,TRUE,11442.625,3076.48258253564,FALSE,FALSE,FALSE,FALSE
1983,698651b5bbcfef723824cb98,9963,1,24,linechart-real-7-shuffled-interaction-1-22,right,increasing,shuffled,interaction,true,dual,2026-03-19T15:34:51Z,less,TRUE,TRUE,TRUE,study,TRUE,11442.625,3076.48258253564,FALSE,FALSE,FALSE,FALSE
1985,698651b5bbcfef723824cb98,5172,1,25,linechart-real-2-ordered-main_effect-0-26,left,increasing,ordered,main_effect,false,dual,2026-03-19T15:34:57Z,more,TRUE,TRUE,TRUE,study,TRUE,11442.625,3076.48258253564,FALSE,FALSE,FALSE,TRUE
1986,698651b5bbcfef723824cb98,14862,1,26,linechart-real-21-shuffled-interaction-1-14,right,increasing,shuffled,interaction,true,dual,2026-03-19T15:35:13Z,more,TRUE,TRUE,TRUE,study,TRUE,11442.625,3076.48258253564,FALSE,FALSE,FALSE,FALSE
1988,698651b5bbcfef723824cb98,10979,1,27,linechart-real-25-shuffled-interaction-0-5,left,increasing,shuffled,interaction,false,dual,2026-03-19T15:35:24Z,less,TRUE,TRUE,TRUE,study,TRUE,11442.625,3076.48258253564,FALSE,FALSE,FALSE,FALSE
1989,698651b5bbcfef723824cb98,15148,1,28,linechart-real-9-shuffled-main_effect-1-25,right,increasing,shuffled,main_effect,true,dual,2026-03-19T15:35:40Z,more,TRUE,TRUE,TRUE,study,TRUE,11442.625,3076.48258253564,FALSE,FALSE,FALSE,FALSE
1991,698651b5bbcfef723824cb98,13516,1,29,linechart-real-6-ordered-interaction-1-9,right,increasing,ordered,interaction,true,dual,2026-03-19T15:35:54Z,less,TRUE,TRUE,TRUE,study,TRUE,11442.625,3076.48258253564,FALSE,FALSE,FALSE,FALSE
1994,698651b5bbcfef723824cb98,11931,1,30,linechart-real-29-shuffled-interaction-1-24,right,increasing,shuffled,interaction,true,dual,2026-03-19T15:36:07Z,less,TRUE,TRUE,TRUE,study,TRUE,11442.625,3076.48258253564,FALSE,FALSE,FALSE,FALSE
1998,698651b5bbcfef723824cb98,16113,1,31,linechart-real-19-shuffled-main_effect-0-31,left,increasing,shuffled,main_effect,false,dual,2026-03-19T15:36:23Z,more,TRUE,TRUE,TRUE,study,TRUE,11442.625,3076.48258253564,FALSE,FALSE,FALSE,FALSE
1815,698b363c9e1341a1cc7874de,10521,1,0,linechart-real-25-ordered-main_effect-0-27,left,increasing,ordered,main_effect,false,single,2026-03-19T15:17:10Z,less,TRUE,TRUE,TRUE,study,TRUE,12179.9375,2472.317339709004,FALSE,FALSE,FALSE,FALSE
1817,698b363c9e1341a1cc7874de,10354,1,1,linechart-real-15-ordered-interaction-0-22,left,increasing,ordered,interaction,false,single,2026-03-19T15:17:21Z,less,TRUE,TRUE,TRUE,study,TRUE,12179.9375,2472.317339709004,FALSE,FALSE,FALSE,FALSE
1819,698b363c9e1341a1cc7874de,12017,1,2,linechart-real-8-ordered-interaction-1-23,right,increasing,ordered,interaction,true,single,2026-03-19T15:17:34Z,more,TRUE,TRUE,TRUE,study,TRUE,12179.9375,2472.317339709004,FALSE,FALSE,FALSE,FALSE
1821,698b363c9e1341a1cc7874de,11756,1,3,linechart-real-30-shuffled-main_effect-0-28,left,increasing,shuffled,main_effect,false,single,2026-03-19T15:17:47Z,more,TRUE,TRUE,TRUE,study,TRUE,12179.9375,2472.317339709004,FALSE,FALSE,FALSE,FALSE
1823,698b363c9e1341a1cc7874de,13431,1,4,linechart-real-24-ordered-main_effect-1-21,right,increasing,ordered,main_effect,true,single,2026-03-19T15:18:01Z,more,TRUE,TRUE,TRUE,study,TRUE,12179.9375,2472.317339709004,FALSE,FALSE,FALSE,FALSE
1827,698b363c9e1341a1cc7874de,13902,1,5,linechart-real-0-shuffled-main_effect-1-17,right,increasing,shuffled,main_effect,true,single,2026-03-19T15:18:16Z,less,TRUE,TRUE,TRUE,study,TRUE,12179.9375,2472.317339709004,FALSE,FALSE,FALSE,FALSE
1829,698b363c9e1341a1cc7874de,14678,1,6,linechart-real-7-ordered-interaction-1-15,right,increasing,ordered,interaction,true,single,2026-03-19T15:18:31Z,less,TRUE,TRUE,TRUE,study,TRUE,12179.9375,2472.317339709004,FALSE,FALSE,FALSE,FALSE
1831,698b363c9e1341a1cc7874de,12053,1,7,linechart-real-1-ordered-main_effect-0-12,left,increasing,ordered,main_effect,false,single,2026-03-19T15:18:44Z,more,TRUE,TRUE,TRUE,study,TRUE,12179.9375,2472.317339709004,FALSE,FALSE,FALSE,FALSE
1833,698b363c9e1341a1cc7874de,15098,0,8,linechart-real-22-shuffled-interaction-1-24,left,increasing,shuffled,interaction,true,single,2026-03-19T15:19:06Z,less,TRUE,TRUE,TRUE,study,TRUE,12179.9375,2472.317339709004,FALSE,FALSE,FALSE,FALSE
1835,698b363c9e1341a1cc7874de,9458,1,9,linechart-real-12-ordered-main_effect-0-25,left,increasing,ordered,main_effect,false,single,2026-03-19T15:19:17Z,less,TRUE,TRUE,TRUE,study,TRUE,12179.9375,2472.317339709004,FALSE,FALSE,FALSE,FALSE
1836,698b363c9e1341a1cc7874de,15445,1,10,linechart-real-27-shuffled-interaction-0-29,left,increasing,shuffled,interaction,false,single,2026-03-19T15:19:33Z,less,TRUE,TRUE,TRUE,study,TRUE,12179.9375,2472.317339709004,FALSE,FALSE,FALSE,FALSE
1837,698b363c9e1341a1cc7874de,13048,1,11,linechart-real-13-shuffled-interaction-0-5,left,increasing,shuffled,interaction,false,single,2026-03-19T15:19:47Z,more,TRUE,TRUE,TRUE,study,TRUE,12179.9375,2472.317339709004,FALSE,FALSE,FALSE,FALSE
1838,698b363c9e1341a1cc7874de,11604,0,12,linechart-real-19-shuffled-main_effect-1-14,left,increasing,shuffled,main_effect,true,single,2026-03-19T15:19:59Z,less,TRUE,TRUE,TRUE,study,TRUE,12179.9375,2472.317339709004,FALSE,FALSE,FALSE,FALSE
1839,698b363c9e1341a1cc7874de,14293,1,13,linechart-real-4-shuffled-interaction-0-7,left,increasing,shuffled,interaction,false,single,2026-03-19T15:20:16Z,less,TRUE,TRUE,TRUE,study,TRUE,12179.9375,2472.317339709004,FALSE,FALSE,FALSE,FALSE
1840,698b363c9e1341a1cc7874de,12458,1,14,linechart-real-18-ordered-interaction-1-8,right,increasing,ordered,interaction,true,single,2026-03-19T15:20:29Z,more,TRUE,TRUE,TRUE,study,TRUE,12179.9375,2472.317339709004,FALSE,FALSE,FALSE,FALSE
1842,698b363c9e1341a1cc7874de,13827,1,15,linechart-real-3-ordered-interaction-1-2,right,increasing,ordered,interaction,true,single,2026-03-19T15:20:43Z,less,TRUE,TRUE,TRUE,study,TRUE,12179.9375,2472.317339709004,FALSE,FALSE,FALSE,FALSE
1843,698b363c9e1341a1cc7874de,9202,1,16,linechart-real-17-ordered-main_effect-0-20,left,increasing,ordered,main_effect,false,single,2026-03-19T15:21:00Z,less,TRUE,TRUE,TRUE,study,TRUE,12179.9375,2472.317339709004,FALSE,FALSE,FALSE,FALSE
1845,698b363c9e1341a1cc7874de,17057,1,17,linechart-real-26-ordered-interaction-1-13,right,increasing,ordered,interaction,true,single,2026-03-19T15:21:18Z,less,TRUE,TRUE,TRUE,study,TRUE,12179.9375,2472.317339709004,FALSE,FALSE,FALSE,FALSE
1846,698b363c9e1341a1cc7874de,15875,1,18,linechart-real-14-ordered-main_effect-1-11,right,increasing,ordered,main_effect,true,single,2026-03-19T15:21:35Z,more,TRUE,TRUE,TRUE,study,TRUE,12179.9375,2472.317339709004,FALSE,FALSE,FALSE,FALSE
1848,698b363c9e1341a1cc7874de,10861,1,19,linechart-real-9-shuffled-interaction-0-18,left,increasing,shuffled,interaction,false,single,2026-03-19T15:21:46Z,more,TRUE,TRUE,TRUE,study,TRUE,12179.9375,2472.317339709004,FALSE,FALSE,FALSE,FALSE
1849,698b363c9e1341a1cc7874de,11063,1,20,linechart-real-5-shuffled-interaction-0-26,left,increasing,shuffled,interaction,false,single,2026-03-19T15:21:58Z,more,TRUE,TRUE,TRUE,study,TRUE,12179.9375,2472.317339709004,FALSE,FALSE,FALSE,FALSE
1850,698b363c9e1341a1cc7874de,6813,0,21,linechart-real-23-shuffled-main_effect-1-10,left,increasing,shuffled,main_effect,true,single,2026-03-19T15:22:06Z,less,TRUE,TRUE,TRUE,study,TRUE,12179.9375,2472.317339709004,FALSE,FALSE,FALSE,TRUE
1853,698b363c9e1341a1cc7874de,17355,1,22,linechart-real-21-shuffled-main_effect-0-19,left,increasing,shuffled,main_effect,false,single,2026-03-19T15:22:25Z,less,TRUE,TRUE,TRUE,study,TRUE,12179.9375,2472.317339709004,FALSE,FALSE,FALSE,TRUE
1855,698b363c9e1341a1cc7874de,11518,1,23,linechart-real-2-ordered-main_effect-0-4,left,increasing,ordered,main_effect,false,single,2026-03-19T15:22:37Z,less,TRUE,TRUE,TRUE,study,TRUE,12179.9375,2472.317339709004,FALSE,FALSE,FALSE,FALSE
1856,698b363c9e1341a1cc7874de,13353,1,24,linechart-real-16-shuffled-interaction-1-3,right,increasing,shuffled,interaction,true,single,2026-03-19T15:22:55Z,more,TRUE,TRUE,TRUE,study,TRUE,12179.9375,2472.317339709004,FALSE,FALSE,FALSE,FALSE
1859,698b363c9e1341a1cc7874de,10000,1,25,linechart-real-31-shuffled-main_effect-0-9,left,increasing,shuffled,main_effect,false,single,2026-03-19T15:23:06Z,more,TRUE,TRUE,TRUE,study,TRUE,12179.9375,2472.317339709004,FALSE,FALSE,FALSE,FALSE
1860,698b363c9e1341a1cc7874de,9358,1,26,linechart-real-28-ordered-interaction-0-30,left,increasing,ordered,interaction,false,single,2026-03-19T15:23:16Z,more,TRUE,TRUE,TRUE,study,TRUE,12179.9375,2472.317339709004,FALSE,FALSE,FALSE,FALSE
1861,698b363c9e1341a1cc7874de,10806,1,27,linechart-real-11-ordered-interaction-1-1,right,increasing,ordered,interaction,true,single,2026-03-19T15:23:28Z,more,TRUE,TRUE,TRUE,study,TRUE,12179.9375,2472.317339709004,FALSE,FALSE,FALSE,FALSE
1863,698b363c9e1341a1cc7874de,11372,1,28,linechart-real-6-ordered-main_effect-1-6,right,increasing,ordered,main_effect,true,single,2026-03-19T15:23:40Z,more,TRUE,TRUE,TRUE,study,TRUE,12179.9375,2472.317339709004,FALSE,FALSE,FALSE,FALSE
1866,698b363c9e1341a1cc7874de,8480,1,29,linechart-real-20-shuffled-interaction-0-31,left,increasing,shuffled,interaction,false,single,2026-03-19T15:23:49Z,less,TRUE,TRUE,TRUE,study,TRUE,12179.9375,2472.317339709004,FALSE,FALSE,FALSE,FALSE
1867,698b363c9e1341a1cc7874de,11833,1,30,linechart-real-10-shuffled-main_effect-1-0,right,increasing,shuffled,main_effect,true,single,2026-03-19T15:24:02Z,more,TRUE,TRUE,TRUE,study,TRUE,12179.9375,2472.317339709004,FALSE,FALSE,FALSE,FALSE
1871,698b363c9e1341a1cc7874de,10869,1,31,linechart-real-29-shuffled-main_effect-1-16,right,increasing,shuffled,main_effect,true,single,2026-03-19T15:24:13Z,more,TRUE,TRUE,TRUE,study,TRUE,12179.9375,2472.317339709004,FALSE,FALSE,FALSE,FALSE
3169,698f9090875fd1edf9c2f4ce,5758,1,0,linechart-real-23-ordered-main_effect-1-27,right,increasing,ordered,main_effect,true,dual,2026-03-20T17:33:26Z,more,TRUE,TRUE,TRUE,study,TRUE,10293.8125,2984.956782931328,FALSE,FALSE,FALSE,FALSE
3181,698f9090875fd1edf9c2f4ce,7087,1,1,linechart-real-22-shuffled-main_effect-0-9,left,increasing,shuffled,main_effect,false,dual,2026-03-20T17:33:34Z,more,TRUE,TRUE,TRUE,study,TRUE,10293.8125,2984.956782931328,FALSE,FALSE,FALSE,FALSE
3215,698f9090875fd1edf9c2f4ce,15211,1,2,linechart-real-11-ordered-main_effect-0-24,left,increasing,ordered,main_effect,false,dual,2026-03-20T17:33:50Z,more,TRUE,TRUE,TRUE,study,TRUE,10293.8125,2984.956782931328,FALSE,FALSE,FALSE,FALSE
3216,698f9090875fd1edf9c2f4ce,13394,1,3,linechart-real-12-ordered-interaction-1-10,right,increasing,ordered,interaction,true,dual,2026-03-20T17:34:04Z,more,TRUE,TRUE,TRUE,study,TRUE,10293.8125,2984.956782931328,FALSE,FALSE,FALSE,FALSE
3222,698f9090875fd1edf9c2f4ce,14400,0,4,linechart-real-29-shuffled-interaction-1-0,left,increasing,shuffled,interaction,true,dual,2026-03-20T17:34:19Z,less,TRUE,TRUE,TRUE,study,TRUE,10293.8125,2984.956782931328,FALSE,FALSE,FALSE,FALSE
3236,698f9090875fd1edf9c2f4ce,13061,1,5,linechart-real-18-ordered-main_effect-0-29,left,increasing,ordered,main_effect,false,dual,2026-03-20T17:34:34Z,less,TRUE,TRUE,TRUE,study,TRUE,10293.8125,2984.956782931328,FALSE,FALSE,FALSE,FALSE
3249,698f9090875fd1edf9c2f4ce,9514,1,6,linechart-real-16-ordered-interaction-0-5,left,increasing,ordered,interaction,false,dual,2026-03-20T17:34:44Z,less,TRUE,TRUE,TRUE,study,TRUE,10293.8125,2984.956782931328,FALSE,FALSE,FALSE,FALSE
3256,698f9090875fd1edf9c2f4ce,7027,1,7,linechart-real-9-ordered-main_effect-0-21,left,increasing,ordered,main_effect,false,dual,2026-03-20T17:34:52Z,more,TRUE,TRUE,TRUE,study,TRUE,10293.8125,2984.956782931328,FALSE,FALSE,FALSE,FALSE
3274,698f9090875fd1edf9c2f4ce,6089,1,8,linechart-real-0-shuffled-main_effect-1-18,right,increasing,shuffled,main_effect,true,dual,2026-03-20T17:35:06Z,more,TRUE,TRUE,TRUE,study,TRUE,10293.8125,2984.956782931328,FALSE,FALSE,FALSE,FALSE
3283,698f9090875fd1edf9c2f4ce,10944,1,9,linechart-real-30-shuffled-interaction-1-19,right,increasing,shuffled,interaction,true,dual,2026-03-20T17:35:17Z,less,TRUE,TRUE,TRUE,study,TRUE,10293.8125,2984.956782931328,FALSE,FALSE,FALSE,FALSE
3286,698f9090875fd1edf9c2f4ce,5718,1,10,linechart-real-2-shuffled-main_effect-1-28,right,increasing,shuffled,main_effect,true,dual,2026-03-20T17:35:24Z,less,TRUE,TRUE,TRUE,study,TRUE,10293.8125,2984.956782931328,FALSE,FALSE,FALSE,FALSE
3296,698f9090875fd1edf9c2f4ce,8300,1,11,linechart-real-27-ordered-interaction-0-30,left,increasing,ordered,interaction,false,dual,2026-03-20T17:35:33Z,more,TRUE,TRUE,TRUE,study,TRUE,10293.8125,2984.956782931328,FALSE,FALSE,FALSE,FALSE
3306,698f9090875fd1edf9c2f4ce,10144,1,12,linechart-real-26-shuffled-interaction-1-17,right,increasing,shuffled,interaction,true,dual,2026-03-20T17:35:44Z,less,TRUE,TRUE,TRUE,study,TRUE,10293.8125,2984.956782931328,FALSE,FALSE,FALSE,FALSE
3319,698f9090875fd1edf9c2f4ce,13008,1,13,linechart-real-25-ordered-interaction-1-25,right,increasing,ordered,interaction,true,dual,2026-03-20T17:35:58Z,less,TRUE,TRUE,TRUE,study,TRUE,10293.8125,2984.956782931328,FALSE,FALSE,FALSE,FALSE
3329,698f9090875fd1edf9c2f4ce,7251,1,14,linechart-real-31-shuffled-main_effect-0-8,left,increasing,shuffled,main_effect,false,dual,2026-03-20T17:36:06Z,more,TRUE,TRUE,TRUE,study,TRUE,10293.8125,2984.956782931328,FALSE,FALSE,FALSE,FALSE
3343,698f9090875fd1edf9c2f4ce,13114,1,15,linechart-real-13-shuffled-interaction-0-1,left,increasing,shuffled,interaction,false,dual,2026-03-20T17:36:20Z,more,TRUE,TRUE,TRUE,study,TRUE,10293.8125,2984.956782931328,FALSE,FALSE,FALSE,FALSE
3359,698f9090875fd1edf9c2f4ce,12943,1,16,linechart-real-17-shuffled-interaction-1-14,right,increasing,shuffled,interaction,true,dual,2026-03-20T17:36:37Z,more,TRUE,TRUE,TRUE,study,TRUE,10293.8125,2984.956782931328,FALSE,FALSE,FALSE,FALSE
3375,698f9090875fd1edf9c2f4ce,15517,1,17,linechart-real-24-shuffled-interaction-1-22,right,increasing,shuffled,interaction,true,dual,2026-03-20T17:36:53Z,less,TRUE,TRUE,TRUE,study,TRUE,10293.8125,2984.956782931328,FALSE,FALSE,FALSE,FALSE
3383,698f9090875fd1edf9c2f4ce,8070,1,18,linechart-real-5-ordered-interaction-1-11,right,increasing,ordered,interaction,true,dual,2026-03-20T17:37:02Z,more,TRUE,TRUE,TRUE,study,TRUE,10293.8125,2984.956782931328,FALSE,FALSE,FALSE,FALSE
3401,698f9090875fd1edf9c2f4ce,14606,1,19,linechart-real-19-shuffled-interaction-1-15,right,increasing,shuffled,interaction,true,dual,2026-03-20T17:37:17Z,less,TRUE,TRUE,TRUE,study,TRUE,10293.8125,2984.956782931328,FALSE,FALSE,FALSE,FALSE
3407,698f9090875fd1edf9c2f4ce,8016,1,20,linechart-real-15-ordered-main_effect-1-13,right,increasing,ordered,main_effect,true,dual,2026-03-20T17:37:26Z,more,TRUE,TRUE,TRUE,study,TRUE,10293.8125,2984.956782931328,FALSE,FALSE,FALSE,FALSE
3413,698f9090875fd1edf9c2f4ce,9160,1,21,linechart-real-4-ordered-interaction-0-7,left,increasing,ordered,interaction,false,dual,2026-03-20T17:37:36Z,less,TRUE,TRUE,TRUE,study,TRUE,10293.8125,2984.956782931328,FALSE,FALSE,FALSE,FALSE
3418,698f9090875fd1edf9c2f4ce,6733,1,22,linechart-real-1-ordered-main_effect-0-6,left,increasing,ordered,main_effect,false,dual,2026-03-20T17:37:44Z,less,TRUE,TRUE,TRUE,study,TRUE,10293.8125,2984.956782931328,FALSE,FALSE,FALSE,FALSE
3426,698f9090875fd1edf9c2f4ce,13651,1,23,linechart-real-10-ordered-main_effect-0-2,left,increasing,ordered,main_effect,false,dual,2026-03-20T17:37:59Z,more,TRUE,TRUE,TRUE,study,TRUE,10293.8125,2984.956782931328,FALSE,FALSE,FALSE,FALSE
3434,698f9090875fd1edf9c2f4ce,12067,1,24,linechart-real-6-ordered-interaction-1-12,right,increasing,ordered,interaction,true,dual,2026-03-20T17:38:15Z,more,TRUE,TRUE,TRUE,study,TRUE,10293.8125,2984.956782931328,FALSE,FALSE,FALSE,FALSE
3438,698f9090875fd1edf9c2f4ce,9306,1,25,linechart-real-8-shuffled-main_effect-0-23,left,increasing,shuffled,main_effect,false,dual,2026-03-20T17:38:25Z,less,TRUE,TRUE,TRUE,study,TRUE,10293.8125,2984.956782931328,FALSE,FALSE,FALSE,FALSE
3443,698f9090875fd1edf9c2f4ce,9593,1,26,linechart-real-14-ordered-main_effect-0-26,left,increasing,ordered,main_effect,false,dual,2026-03-20T17:38:35Z,more,TRUE,TRUE,TRUE,study,TRUE,10293.8125,2984.956782931328,FALSE,FALSE,FALSE,FALSE
3449,698f9090875fd1edf9c2f4ce,13197,1,27,linechart-real-28-shuffled-interaction-0-4,left,increasing,shuffled,interaction,false,dual,2026-03-20T17:38:49Z,less,TRUE,TRUE,TRUE,study,TRUE,10293.8125,2984.956782931328,FALSE,FALSE,FALSE,FALSE
3454,698f9090875fd1edf9c2f4ce,9206,1,28,linechart-real-3-shuffled-main_effect-0-31,left,increasing,shuffled,main_effect,false,dual,2026-03-20T17:38:59Z,less,TRUE,TRUE,TRUE,study,TRUE,10293.8125,2984.956782931328,FALSE,FALSE,FALSE,FALSE
3457,698f9090875fd1edf9c2f4ce,9638,1,29,linechart-real-20-ordered-interaction-1-16,right,increasing,ordered,interaction,true,dual,2026-03-20T17:39:10Z,less,TRUE,TRUE,TRUE,study,TRUE,10293.8125,2984.956782931328,FALSE,FALSE,FALSE,FALSE
3460,698f9090875fd1edf9c2f4ce,8133,1,30,linechart-real-7-shuffled-main_effect-1-20,right,increasing,shuffled,main_effect,true,dual,2026-03-20T17:39:19Z,more,TRUE,TRUE,TRUE,study,TRUE,10293.8125,2984.956782931328,FALSE,FALSE,FALSE,FALSE
3464,698f9090875fd1edf9c2f4ce,9546,1,31,linechart-real-21-shuffled-main_effect-0-3,left,increasing,shuffled,main_effect,false,dual,2026-03-20T17:39:29Z,less,TRUE,TRUE,TRUE,study,TRUE,10293.8125,2984.956782931328,FALSE,FALSE,FALSE,FALSE
2034,699218fc3c4d6fb93e44c1fe,10791,0,0,linechart-real-13-ordered-main_effect-0-28,right,increasing,ordered,main_effect,false,dual,2026-03-19T15:41:18Z,more,TRUE,TRUE,TRUE,study,TRUE,19815.28125,10280.217028066734,TRUE,FALSE,FALSE,FALSE
2035,699218fc3c4d6fb93e44c1fe,30887,1,1,linechart-real-8-shuffled-main_effect-0-8,left,increasing,shuffled,main_effect,false,dual,2026-03-19T15:41:51Z,more,TRUE,TRUE,TRUE,study,TRUE,19815.28125,10280.217028066734,TRUE,FALSE,FALSE,FALSE
2036,699218fc3c4d6fb93e44c1fe,12396,0,2,linechart-real-27-shuffled-main_effect-0-2,right,increasing,shuffled,main_effect,false,dual,2026-03-19T15:42:05Z,less,TRUE,TRUE,TRUE,study,TRUE,19815.28125,10280.217028066734,TRUE,FALSE,FALSE,FALSE
2037,699218fc3c4d6fb93e44c1fe,16040,0,3,linechart-real-3-ordered-main_effect-1-15,left,increasing,ordered,main_effect,true,dual,2026-03-19T15:42:23Z,more,TRUE,TRUE,TRUE,study,TRUE,19815.28125,10280.217028066734,TRUE,FALSE,FALSE,FALSE
2038,699218fc3c4d6fb93e44c1fe,8338,1,4,linechart-real-7-ordered-main_effect-1-6,right,increasing,ordered,main_effect,true,dual,2026-03-19T15:42:33Z,more,TRUE,TRUE,TRUE,study,TRUE,19815.28125,10280.217028066734,TRUE,FALSE,FALSE,FALSE
2039,699218fc3c4d6fb93e44c1fe,26307,1,5,linechart-real-17-shuffled-main_effect-1-23,right,increasing,shuffled,main_effect,true,dual,2026-03-19T15:43:02Z,less,TRUE,TRUE,TRUE,study,TRUE,19815.28125,10280.217028066734,TRUE,FALSE,FALSE,FALSE
2042,699218fc3c4d6fb93e44c1fe,16198,1,6,linechart-real-14-ordered-interaction-0-4,left,increasing,ordered,interaction,false,dual,2026-03-19T15:43:19Z,more,TRUE,TRUE,TRUE,study,TRUE,19815.28125,10280.217028066734,TRUE,FALSE,FALSE,FALSE
2049,699218fc3c4d6fb93e44c1fe,58005,0,7,linechart-real-19-ordered-main_effect-0-17,right,increasing,ordered,main_effect,false,dual,2026-03-19T15:44:19Z,less,TRUE,TRUE,TRUE,study,TRUE,19815.28125,10280.217028066734,TRUE,FALSE,FALSE,TRUE
2053,699218fc3c4d6fb93e44c1fe,29227,1,8,linechart-real-24-shuffled-interaction-0-16,left,increasing,shuffled,interaction,false,dual,2026-03-19T15:44:59Z,less,TRUE,TRUE,TRUE,study,TRUE,19815.28125,10280.217028066734,TRUE,FALSE,FALSE,FALSE
2056,699218fc3c4d6fb93e44c1fe,16390,1,9,linechart-real-15-ordered-interaction-0-20,left,increasing,ordered,interaction,false,dual,2026-03-19T15:45:18Z,less,TRUE,TRUE,TRUE,study,TRUE,19815.28125,10280.217028066734,TRUE,FALSE,FALSE,FALSE
2062,699218fc3c4d6fb93e44c1fe,40894,0,10,linechart-real-4-shuffled-main_effect-1-7,left,increasing,shuffled,main_effect,true,dual,2026-03-19T15:46:00Z,more,TRUE,TRUE,TRUE,study,TRUE,19815.28125,10280.217028066734,TRUE,FALSE,FALSE,TRUE
2064,699218fc3c4d6fb93e44c1fe,8619,1,11,linechart-real-16-ordered-main_effect-0-3,left,increasing,ordered,main_effect,false,dual,2026-03-19T15:46:10Z,less,TRUE,TRUE,TRUE,study,TRUE,19815.28125,10280.217028066734,TRUE,FALSE,FALSE,FALSE
2068,699218fc3c4d6fb93e44c1fe,19633,1,12,linechart-real-5-ordered-interaction-1-0,right,increasing,ordered,interaction,true,dual,2026-03-19T15:46:32Z,less,TRUE,TRUE,TRUE,study,TRUE,19815.28125,10280.217028066734,TRUE,FALSE,FALSE,FALSE
2070,699218fc3c4d6fb93e44c1fe,15003,1,13,linechart-real-2-shuffled-interaction-1-18,right,increasing,shuffled,interaction,true,dual,2026-03-19T15:46:48Z,more,TRUE,TRUE,TRUE,study,TRUE,19815.28125,10280.217028066734,TRUE,FALSE,FALSE,FALSE
2073,699218fc3c4d6fb93e44c1fe,17168,1,14,linechart-real-6-ordered-interaction-0-9,left,increasing,ordered,interaction,false,dual,2026-03-19T15:47:08Z,less,TRUE,TRUE,TRUE,study,TRUE,19815.28125,10280.217028066734,TRUE,FALSE,FALSE,FALSE
2076,699218fc3c4d6fb93e44c1fe,12804,0,15,linechart-real-31-shuffled-main_effect-0-30,right,increasing,shuffled,main_effect,false,dual,2026-03-19T15:47:22Z,more,TRUE,TRUE,TRUE,study,TRUE,19815.28125,10280.217028066734,TRUE,FALSE,FALSE,FALSE
2078,699218fc3c4d6fb93e44c1fe,12119,0,16,linechart-real-29-ordered-main_effect-1-26,left,increasing,ordered,main_effect,true,dual,2026-03-19T15:47:43Z,more,TRUE,TRUE,TRUE,study,TRUE,19815.28125,10280.217028066734,TRUE,FALSE,FALSE,FALSE
2081,699218fc3c4d6fb93e44c1fe,22982,1,17,linechart-real-1-shuffled-interaction-1-13,right,increasing,shuffled,interaction,true,dual,2026-03-19T15:48:08Z,less,TRUE,TRUE,TRUE,study,TRUE,19815.28125,10280.217028066734,TRUE,FALSE,FALSE,FALSE
2083,699218fc3c4d6fb93e44c1fe,11135,0,18,linechart-real-22-shuffled-main_effect-1-14,left,increasing,shuffled,main_effect,true,dual,2026-03-19T15:48:21Z,more,TRUE,TRUE,TRUE,study,TRUE,19815.28125,10280.217028066734,TRUE,FALSE,FALSE,FALSE
2085,699218fc3c4d6fb93e44c1fe,19656,1,19,linechart-real-28-shuffled-main_effect-1-25,right,increasing,shuffled,main_effect,true,dual,2026-03-19T15:48:43Z,more,TRUE,TRUE,TRUE,study,TRUE,19815.28125,10280.217028066734,TRUE,FALSE,FALSE,FALSE
2086,699218fc3c4d6fb93e44c1fe,13356,0,20,linechart-real-21-shuffled-interaction-0-1,right,increasing,shuffled,interaction,false,dual,2026-03-19T15:48:58Z,more,TRUE,TRUE,TRUE,study,TRUE,19815.28125,10280.217028066734,TRUE,FALSE,FALSE,FALSE
2087,699218fc3c4d6fb93e44c1fe,19613,1,21,linechart-real-25-ordered-interaction-1-10,right,increasing,ordered,interaction,true,dual,2026-03-19T15:49:20Z,more,TRUE,TRUE,TRUE,study,TRUE,19815.28125,10280.217028066734,TRUE,FALSE,FALSE,FALSE
2088,699218fc3c4d6fb93e44c1fe,20363,1,22,linechart-real-23-shuffled-interaction-0-21,left,increasing,shuffled,interaction,false,dual,2026-03-19T15:49:43Z,more,TRUE,TRUE,TRUE,study,TRUE,19815.28125,10280.217028066734,TRUE,FALSE,FALSE,FALSE
2089,699218fc3c4d6fb93e44c1fe,26253,1,23,linechart-real-26-ordered-interaction-0-11,left,increasing,ordered,interaction,false,dual,2026-03-19T15:50:11Z,less,TRUE,TRUE,TRUE,study,TRUE,19815.28125,10280.217028066734,TRUE,FALSE,FALSE,FALSE
2090,699218fc3c4d6fb93e44c1fe,10560,0,24,linechart-real-18-ordered-main_effect-0-12,right,increasing,ordered,main_effect,false,dual,2026-03-19T15:50:26Z,less,TRUE,TRUE,TRUE,study,TRUE,19815.28125,10280.217028066734,TRUE,FALSE,FALSE,FALSE
2091,699218fc3c4d6fb93e44c1fe,30735,1,25,linechart-real-30-ordered-interaction-1-27,right,increasing,ordered,interaction,true,dual,2026-03-19T15:50:59Z,more,TRUE,TRUE,TRUE,study,TRUE,19815.28125,10280.217028066734,TRUE,FALSE,FALSE,FALSE
2092,699218fc3c4d6fb93e44c1fe,16376,0,26,linechart-real-12-shuffled-main_effect-1-24,left,increasing,shuffled,main_effect,true,dual,2026-03-19T15:51:17Z,less,TRUE,TRUE,TRUE,study,TRUE,19815.28125,10280.217028066734,TRUE,FALSE,FALSE,FALSE
2093,699218fc3c4d6fb93e44c1fe,20433,1,27,linechart-real-9-ordered-interaction-1-19,right,increasing,ordered,interaction,true,dual,2026-03-19T15:51:40Z,less,TRUE,TRUE,TRUE,study,TRUE,19815.28125,10280.217028066734,TRUE,FALSE,FALSE,FALSE
2094,699218fc3c4d6fb93e44c1fe,12621,0,28,linechart-real-0-shuffled-interaction-1-31,left,increasing,shuffled,interaction,true,dual,2026-03-19T15:51:54Z,less,TRUE,TRUE,TRUE,study,TRUE,19815.28125,10280.217028066734,TRUE,FALSE,FALSE,FALSE
2095,699218fc3c4d6fb93e44c1fe,28253,0,29,linechart-real-20-shuffled-interaction-0-5,right,increasing,shuffled,interaction,false,dual,2026-03-19T15:52:25Z,less,TRUE,TRUE,TRUE,study,TRUE,19815.28125,10280.217028066734,TRUE,FALSE,FALSE,FALSE
2096,699218fc3c4d6fb93e44c1fe,16487,0,30,linechart-real-11-shuffled-interaction-0-29,right,increasing,shuffled,interaction,false,dual,2026-03-19T15:52:43Z,more,TRUE,TRUE,TRUE,study,TRUE,19815.28125,10280.217028066734,TRUE,FALSE,FALSE,FALSE
2097,699218fc3c4d6fb93e44c1fe,14447,0,31,linechart-real-10-ordered-main_effect-1-22,left,increasing,ordered,main_effect,true,dual,2026-03-19T15:53:00Z,less,TRUE,TRUE,TRUE,study,TRUE,19815.28125,10280.217028066734,TRUE,FALSE,FALSE,FALSE
2594,6996027674578d3680c6cf09,21258,1,0,linechart-real-27-shuffled-interaction-0-17,left,increasing,shuffled,interaction,false,dual,2026-03-20T16:05:18Z,less,TRUE,TRUE,TRUE,study,TRUE,17484.75,5972.32605034361,FALSE,FALSE,FALSE,FALSE
2618,6996027674578d3680c6cf09,20657,1,1,linechart-real-31-shuffled-interaction-1-2,right,increasing,shuffled,interaction,true,dual,2026-03-20T16:05:39Z,more,TRUE,TRUE,TRUE,study,TRUE,17484.75,5972.32605034361,FALSE,FALSE,FALSE,FALSE
2645,6996027674578d3680c6cf09,20683,1,2,linechart-real-28-ordered-interaction-0-27,left,increasing,ordered,interaction,false,dual,2026-03-20T16:06:00Z,less,TRUE,TRUE,TRUE,study,TRUE,17484.75,5972.32605034361,FALSE,FALSE,FALSE,FALSE
2672,6996027674578d3680c6cf09,24558,1,3,linechart-real-14-shuffled-main_effect-0-28,left,increasing,shuffled,main_effect,false,dual,2026-03-20T16:06:26Z,less,TRUE,TRUE,TRUE,study,TRUE,17484.75,5972.32605034361,FALSE,FALSE,FALSE,FALSE
2697,6996027674578d3680c6cf09,19533,1,4,linechart-real-29-ordered-main_effect-0-0,left,increasing,ordered,main_effect,false,dual,2026-03-20T16:06:46Z,more,TRUE,TRUE,TRUE,study,TRUE,17484.75,5972.32605034361,FALSE,FALSE,FALSE,FALSE
2714,6996027674578d3680c6cf09,12326,1,5,linechart-real-18-ordered-main_effect-0-22,left,increasing,ordered,main_effect,false,dual,2026-03-20T16:06:59Z,more,TRUE,TRUE,TRUE,study,TRUE,17484.75,5972.32605034361,FALSE,FALSE,FALSE,FALSE
2736,6996027674578d3680c6cf09,32345,1,6,linechart-real-9-shuffled-main_effect-1-30,right,increasing,shuffled,main_effect,true,dual,2026-03-20T16:07:32Z,more,TRUE,TRUE,TRUE,study,TRUE,17484.75,5972.32605034361,FALSE,FALSE,FALSE,TRUE
2756,6996027674578d3680c6cf09,23303,1,7,linechart-real-24-ordered-main_effect-0-29,left,increasing,ordered,main_effect,false,dual,2026-03-20T16:07:56Z,more,TRUE,TRUE,TRUE,study,TRUE,17484.75,5972.32605034361,FALSE,FALSE,FALSE,FALSE
2785,6996027674578d3680c6cf09,22072,1,8,linechart-real-23-ordered-interaction-0-16,left,increasing,ordered,interaction,false,dual,2026-03-20T16:08:31Z,less,TRUE,TRUE,TRUE,study,TRUE,17484.75,5972.32605034361,FALSE,FALSE,FALSE,FALSE
2793,6996027674578d3680c6cf09,18208,1,9,linechart-real-11-shuffled-interaction-1-21,right,increasing,shuffled,interaction,true,dual,2026-03-20T16:08:49Z,less,TRUE,TRUE,TRUE,study,TRUE,17484.75,5972.32605034361,FALSE,FALSE,FALSE,FALSE
2802,6996027674578d3680c6cf09,14170,1,10,linechart-real-21-ordered-interaction-0-8,left,increasing,ordered,interaction,false,dual,2026-03-20T16:09:04Z,more,TRUE,TRUE,TRUE,study,TRUE,17484.75,5972.32605034361,FALSE,FALSE,FALSE,FALSE
2812,6996027674578d3680c6cf09,12741,0,11,linechart-real-25-shuffled-interaction-1-26,left,increasing,shuffled,interaction,true,dual,2026-03-20T16:09:18Z,less,TRUE,TRUE,TRUE,study,TRUE,17484.75,5972.32605034361,FALSE,FALSE,FALSE,FALSE
2823,6996027674578d3680c6cf09,15522,0,12,linechart-real-30-ordered-main_effect-1-5,left,increasing,ordered,main_effect,true,dual,2026-03-20T16:09:35Z,more,TRUE,TRUE,TRUE,study,TRUE,17484.75,5972.32605034361,FALSE,FALSE,FALSE,FALSE
2834,6996027674578d3680c6cf09,28513,1,13,linechart-real-15-shuffled-main_effect-1-19,right,increasing,shuffled,main_effect,true,dual,2026-03-20T16:10:05Z,less,TRUE,TRUE,TRUE,study,TRUE,17484.75,5972.32605034361,FALSE,FALSE,FALSE,FALSE
2843,6996027674578d3680c6cf09,15287,1,14,linechart-real-1-ordered-interaction-0-1,left,increasing,ordered,interaction,false,dual,2026-03-20T16:10:21Z,more,TRUE,TRUE,TRUE,study,TRUE,17484.75,5972.32605034361,FALSE,FALSE,FALSE,FALSE
2847,6996027674578d3680c6cf09,13081,1,15,linechart-real-16-ordered-interaction-1-11,right,increasing,ordered,interaction,true,dual,2026-03-20T16:10:35Z,less,TRUE,TRUE,TRUE,study,TRUE,17484.75,5972.32605034361,FALSE,FALSE,FALSE,FALSE
2855,6996027674578d3680c6cf09,13972,1,16,linechart-real-12-shuffled-main_effect-1-10,right,increasing,shuffled,main_effect,true,dual,2026-03-20T16:10:58Z,more,TRUE,TRUE,TRUE,study,TRUE,17484.75,5972.32605034361,FALSE,FALSE,FALSE,FALSE
2863,6996027674578d3680c6cf09,9510,1,17,linechart-real-13-shuffled-main_effect-0-7,left,increasing,shuffled,main_effect,false,dual,2026-03-20T16:11:09Z,more,TRUE,TRUE,TRUE,study,TRUE,17484.75,5972.32605034361,FALSE,FALSE,FALSE,FALSE
2871,6996027674578d3680c6cf09,19870,1,18,linechart-real-6-shuffled-interaction-0-25,left,increasing,shuffled,interaction,false,dual,2026-03-20T16:11:29Z,less,TRUE,TRUE,TRUE,study,TRUE,17484.75,5972.32605034361,FALSE,FALSE,FALSE,FALSE
2877,6996027674578d3680c6cf09,20385,1,19,linechart-real-5-shuffled-main_effect-0-14,left,increasing,shuffled,main_effect,false,dual,2026-03-20T16:11:50Z,less,TRUE,TRUE,TRUE,study,TRUE,17484.75,5972.32605034361,FALSE,FALSE,FALSE,FALSE
2883,6996027674578d3680c6cf09,9621,1,20,linechart-real-2-shuffled-interaction-0-3,left,increasing,shuffled,interaction,false,dual,2026-03-20T16:12:00Z,less,TRUE,TRUE,TRUE,study,TRUE,17484.75,5972.32605034361,FALSE,FALSE,FALSE,FALSE
2889,6996027674578d3680c6cf09,21917,1,21,linechart-real-22-shuffled-interaction-1-4,right,increasing,shuffled,interaction,true,dual,2026-03-20T16:12:23Z,less,TRUE,TRUE,TRUE,study,TRUE,17484.75,5972.32605034361,FALSE,FALSE,FALSE,FALSE
2894,6996027674578d3680c6cf09,15482,1,22,linechart-real-3-ordered-interaction-0-12,left,increasing,ordered,interaction,false,dual,2026-03-20T16:12:39Z,more,TRUE,TRUE,TRUE,study,TRUE,17484.75,5972.32605034361,FALSE,FALSE,FALSE,FALSE
2899,6996027674578d3680c6cf09,17700,1,23,linechart-real-7-ordered-interaction-0-9,left,increasing,ordered,interaction,false,dual,2026-03-20T16:12:57Z,less,TRUE,TRUE,TRUE,study,TRUE,17484.75,5972.32605034361,FALSE,FALSE,FALSE,FALSE
2908,6996027674578d3680c6cf09,11131,1,24,linechart-real-8-ordered-main_effect-1-23,right,increasing,ordered,main_effect,true,dual,2026-03-20T16:13:21Z,more,TRUE,TRUE,TRUE,study,TRUE,17484.75,5972.32605034361,FALSE,FALSE,FALSE,FALSE
2912,6996027674578d3680c6cf09,9492,1,25,linechart-real-4-shuffled-interaction-0-13,left,increasing,shuffled,interaction,false,dual,2026-03-20T16:13:31Z,more,TRUE,TRUE,TRUE,study,TRUE,17484.75,5972.32605034361,FALSE,FALSE,FALSE,FALSE
2916,6996027674578d3680c6cf09,11588,1,26,linechart-real-20-ordered-main_effect-1-6,right,increasing,ordered,main_effect,true,dual,2026-03-20T16:13:43Z,less,TRUE,TRUE,TRUE,study,TRUE,17484.75,5972.32605034361,FALSE,FALSE,FALSE,FALSE
2920,6996027674578d3680c6cf09,14585,1,27,linechart-real-0-ordered-main_effect-1-15,right,increasing,ordered,main_effect,true,dual,2026-03-20T16:13:58Z,more,TRUE,TRUE,TRUE,study,TRUE,17484.75,5972.32605034361,FALSE,FALSE,FALSE,FALSE
2923,6996027674578d3680c6cf09,16128,1,28,linechart-real-26-ordered-interaction-1-18,right,increasing,ordered,interaction,true,dual,2026-03-20T16:14:15Z,more,TRUE,TRUE,TRUE,study,TRUE,17484.75,5972.32605034361,FALSE,FALSE,FALSE,FALSE
2928,6996027674578d3680c6cf09,28290,1,29,linechart-real-19-shuffled-main_effect-1-31,right,increasing,shuffled,main_effect,true,dual,2026-03-20T16:14:44Z,less,TRUE,TRUE,TRUE,study,TRUE,17484.75,5972.32605034361,FALSE,FALSE,FALSE,FALSE
2930,6996027674578d3680c6cf09,17550,1,30,linechart-real-17-ordered-main_effect-1-20,right,increasing,ordered,main_effect,true,dual,2026-03-20T16:15:02Z,less,TRUE,TRUE,TRUE,study,TRUE,17484.75,5972.32605034361,FALSE,FALSE,FALSE,FALSE
2931,6996027674578d3680c6cf09,8034,0,31,linechart-real-10-shuffled-main_effect-1-24,left,increasing,shuffled,main_effect,true,dual,2026-03-20T16:15:11Z,more,TRUE,TRUE,TRUE,study,TRUE,17484.75,5972.32605034361,FALSE,FALSE,FALSE,FALSE
3082,6999da133fea0494fa4a958f,9401,1,0,linechart-real-17-ordered-main_effect-0-6,left,increasing,ordered,main_effect,false,single,2026-03-20T17:32:15Z,less,TRUE,TRUE,TRUE,study,TRUE,9286.84375,5514.844320379696,FALSE,FALSE,FALSE,FALSE
3089,6999da133fea0494fa4a958f,9888,1,1,linechart-real-19-shuffled-interaction-1-13,right,increasing,shuffled,interaction,true,single,2026-03-20T17:32:26Z,less,TRUE,TRUE,TRUE,study,TRUE,9286.84375,5514.844320379696,FALSE,FALSE,FALSE,FALSE
3106,6999da133fea0494fa4a958f,13397,1,2,linechart-real-0-shuffled-main_effect-0-18,left,increasing,shuffled,main_effect,false,single,2026-03-20T17:32:40Z,less,TRUE,TRUE,TRUE,study,TRUE,9286.84375,5514.844320379696,FALSE,FALSE,FALSE,FALSE
3125,6999da133fea0494fa4a958f,14248,1,3,linechart-real-22-shuffled-interaction-0-27,left,increasing,shuffled,interaction,false,single,2026-03-20T17:32:55Z,less,TRUE,TRUE,TRUE,study,TRUE,9286.84375,5514.844320379696,FALSE,FALSE,FALSE,FALSE
3137,6999da133fea0494fa4a958f,7686,1,4,linechart-real-29-ordered-interaction-1-12,right,increasing,ordered,interaction,true,single,2026-03-20T17:33:03Z,more,TRUE,TRUE,TRUE,study,TRUE,9286.84375,5514.844320379696,FALSE,FALSE,FALSE,FALSE
3150,6999da133fea0494fa4a958f,11447,1,5,linechart-real-2-ordered-interaction-0-25,left,increasing,ordered,interaction,false,single,2026-03-20T17:33:15Z,more,TRUE,TRUE,TRUE,study,TRUE,9286.84375,5514.844320379696,FALSE,FALSE,FALSE,FALSE
3162,6999da133fea0494fa4a958f,6822,1,6,linechart-real-26-ordered-interaction-1-17,right,increasing,ordered,interaction,true,single,2026-03-20T17:33:23Z,more,TRUE,TRUE,TRUE,study,TRUE,9286.84375,5514.844320379696,FALSE,FALSE,FALSE,FALSE
3180,6999da133fea0494fa4a958f,8498,1,7,linechart-real-21-ordered-main_effect-0-7,left,increasing,ordered,main_effect,false,single,2026-03-20T17:33:33Z,less,TRUE,TRUE,TRUE,study,TRUE,9286.84375,5514.844320379696,FALSE,FALSE,FALSE,FALSE
3199,6999da133fea0494fa4a958f,7978,1,8,linechart-real-1-ordered-interaction-1-10,right,increasing,ordered,interaction,true,single,2026-03-20T17:33:56Z,more,TRUE,TRUE,TRUE,study,TRUE,9286.84375,5514.844320379696,FALSE,FALSE,FALSE,FALSE
3206,6999da133fea0494fa4a958f,8839,1,9,linechart-real-24-shuffled-interaction-1-24,right,increasing,shuffled,interaction,true,single,2026-03-20T17:34:05Z,more,TRUE,TRUE,TRUE,study,TRUE,9286.84375,5514.844320379696,FALSE,FALSE,FALSE,FALSE
3211,6999da133fea0494fa4a958f,6627,1,10,linechart-real-14-shuffled-interaction-1-28,right,increasing,shuffled,interaction,true,single,2026-03-20T17:34:13Z,less,TRUE,TRUE,TRUE,study,TRUE,9286.84375,5514.844320379696,FALSE,FALSE,FALSE,FALSE
3223,6999da133fea0494fa4a958f,6282,1,11,linechart-real-11-shuffled-interaction-1-29,right,increasing,shuffled,interaction,true,single,2026-03-20T17:34:20Z,more,TRUE,TRUE,TRUE,study,TRUE,9286.84375,5514.844320379696,FALSE,FALSE,FALSE,FALSE
3230,6999da133fea0494fa4a958f,6698,1,12,linechart-real-16-shuffled-main_effect-1-1,right,increasing,shuffled,main_effect,true,single,2026-03-20T17:34:27Z,less,TRUE,TRUE,TRUE,study,TRUE,9286.84375,5514.844320379696,FALSE,FALSE,FALSE,FALSE
3240,6999da133fea0494fa4a958f,12574,1,13,linechart-real-3-shuffled-main_effect-0-26,left,increasing,shuffled,main_effect,false,single,2026-03-20T17:34:40Z,more,TRUE,TRUE,TRUE,study,TRUE,9286.84375,5514.844320379696,FALSE,FALSE,FALSE,FALSE
3252,6999da133fea0494fa4a958f,7059,1,14,linechart-real-30-shuffled-main_effect-0-31,left,increasing,shuffled,main_effect,false,single,2026-03-20T17:34:48Z,less,TRUE,TRUE,TRUE,study,TRUE,9286.84375,5514.844320379696,FALSE,FALSE,FALSE,FALSE
3260,6999da133fea0494fa4a958f,8650,1,15,linechart-real-10-ordered-main_effect-1-0,right,increasing,ordered,main_effect,true,single,2026-03-20T17:34:57Z,more,TRUE,TRUE,TRUE,study,TRUE,9286.84375,5514.844320379696,FALSE,FALSE,FALSE,FALSE
3272,6999da133fea0494fa4a958f,5035,1,16,linechart-real-23-ordered-main_effect-0-21,left,increasing,ordered,main_effect,false,single,2026-03-20T17:35:06Z,less,TRUE,TRUE,TRUE,study,TRUE,9286.84375,5514.844320379696,FALSE,FALSE,FALSE,FALSE
3278,6999da133fea0494fa4a958f,5977,1,17,linechart-real-31-ordered-main_effect-1-9,right,increasing,ordered,main_effect,true,single,2026-03-20T17:35:12Z,less,TRUE,TRUE,TRUE,study,TRUE,9286.84375,5514.844320379696,FALSE,FALSE,FALSE,FALSE
3304,6999da133fea0494fa4a958f,27373,1,18,linechart-real-7-shuffled-interaction-0-14,left,increasing,shuffled,interaction,false,single,2026-03-20T17:35:40Z,more,TRUE,TRUE,TRUE,study,TRUE,9286.84375,5514.844320379696,FALSE,FALSE,FALSE,TRUE
3308,6999da133fea0494fa4a958f,5897,1,19,linechart-real-12-ordered-interaction-0-5,left,increasing,ordered,interaction,false,single,2026-03-20T17:35:47Z,more,TRUE,TRUE,TRUE,study,TRUE,9286.84375,5514.844320379696,FALSE,FALSE,FALSE,FALSE
3318,6999da133fea0494fa4a958f,8397,1,20,linechart-real-8-ordered-interaction-0-30,left,increasing,ordered,interaction,false,single,2026-03-20T17:35:56Z,more,TRUE,TRUE,TRUE,study,TRUE,9286.84375,5514.844320379696,FALSE,FALSE,FALSE,FALSE
3327,6999da133fea0494fa4a958f,7657,1,21,linechart-real-9-shuffled-main_effect-1-22,right,increasing,shuffled,main_effect,true,single,2026-03-20T17:36:04Z,more,TRUE,TRUE,TRUE,study,TRUE,9286.84375,5514.844320379696,FALSE,FALSE,FALSE,FALSE
3337,6999da133fea0494fa4a958f,10503,1,22,linechart-real-15-shuffled-interaction-1-11,right,increasing,shuffled,interaction,true,single,2026-03-20T17:36:16Z,less,TRUE,TRUE,TRUE,study,TRUE,9286.84375,5514.844320379696,FALSE,FALSE,FALSE,FALSE
3348,6999da133fea0494fa4a958f,6729,1,23,linechart-real-13-shuffled-main_effect-1-20,right,increasing,shuffled,main_effect,true,single,2026-03-20T17:36:23Z,more,TRUE,TRUE,TRUE,study,TRUE,9286.84375,5514.844320379696,FALSE,FALSE,FALSE,FALSE
3356,6999da133fea0494fa4a958f,8216,1,24,linechart-real-4-ordered-interaction-1-23,right,increasing,ordered,interaction,true,single,2026-03-20T17:36:33Z,more,TRUE,TRUE,TRUE,study,TRUE,9286.84375,5514.844320379696,FALSE,FALSE,FALSE,FALSE
3368,6999da133fea0494fa4a958f,9620,1,25,linechart-real-5-shuffled-main_effect-0-16,left,increasing,shuffled,main_effect,false,single,2026-03-20T17:36:44Z,less,TRUE,TRUE,TRUE,study,TRUE,9286.84375,5514.844320379696,FALSE,FALSE,FALSE,FALSE
3393,6999da133fea0494fa4a958f,28920,1,26,linechart-real-25-shuffled-interaction-1-19,right,increasing,shuffled,interaction,true,single,2026-03-20T17:37:13Z,more,TRUE,TRUE,TRUE,study,TRUE,9286.84375,5514.844320379696,FALSE,FALSE,FALSE,TRUE
3403,6999da133fea0494fa4a958f,4194,1,27,linechart-real-6-shuffled-main_effect-1-2,right,increasing,shuffled,main_effect,true,single,2026-03-20T17:37:18Z,less,TRUE,TRUE,TRUE,study,TRUE,9286.84375,5514.844320379696,FALSE,FALSE,FALSE,FALSE
3405,6999da133fea0494fa4a958f,6015,1,28,linechart-real-18-ordered-main_effect-0-4,left,increasing,ordered,main_effect,false,single,2026-03-20T17:37:25Z,less,TRUE,TRUE,TRUE,study,TRUE,9286.84375,5514.844320379696,FALSE,FALSE,FALSE,FALSE
3411,6999da133fea0494fa4a958f,6012,1,29,linechart-real-20-ordered-interaction-0-15,left,increasing,ordered,interaction,false,single,2026-03-20T17:37:32Z,more,TRUE,TRUE,TRUE,study,TRUE,9286.84375,5514.844320379696,FALSE,FALSE,FALSE,FALSE
3414,6999da133fea0494fa4a958f,5844,1,30,linechart-real-28-ordered-main_effect-0-8,left,increasing,ordered,main_effect,false,single,2026-03-20T17:37:39Z,less,TRUE,TRUE,TRUE,study,TRUE,9286.84375,5514.844320379696,FALSE,FALSE,FALSE,FALSE
3417,6999da133fea0494fa4a958f,4696,1,31,linechart-real-27-ordered-main_effect-0-3,left,increasing,ordered,main_effect,false,single,2026-03-20T17:37:44Z,less,TRUE,TRUE,TRUE,study,TRUE,9286.84375,5514.844320379696,FALSE,FALSE,FALSE,FALSE
2327,699f8f2fb2f7efa94dcc6a1f,25445,1,0,linechart-real-10-shuffled-main_effect-1-21,right,increasing,shuffled,main_effect,true,dual,2026-03-20T15:57:48Z,less,TRUE,TRUE,TRUE,study,TRUE,12340.3125,4797.199925477361,FALSE,FALSE,FALSE,TRUE
2328,699f8f2fb2f7efa94dcc6a1f,17243,1,1,linechart-real-30-ordered-interaction-1-15,right,increasing,ordered,interaction,true,dual,2026-03-20T15:58:06Z,more,TRUE,TRUE,TRUE,study,TRUE,12340.3125,4797.199925477361,FALSE,FALSE,FALSE,FALSE
2329,699f8f2fb2f7efa94dcc6a1f,13667,1,2,linechart-real-3-ordered-interaction-1-12,right,increasing,ordered,interaction,true,dual,2026-03-20T15:58:20Z,more,TRUE,TRUE,TRUE,study,TRUE,12340.3125,4797.199925477361,FALSE,FALSE,FALSE,FALSE
2331,699f8f2fb2f7efa94dcc6a1f,12075,1,3,linechart-real-0-shuffled-interaction-0-25,left,increasing,shuffled,interaction,false,dual,2026-03-20T15:58:33Z,more,TRUE,TRUE,TRUE,study,TRUE,12340.3125,4797.199925477361,FALSE,FALSE,FALSE,FALSE
2333,699f8f2fb2f7efa94dcc6a1f,10278,1,4,linechart-real-12-ordered-interaction-0-26,left,increasing,ordered,interaction,false,dual,2026-03-20T15:58:44Z,less,TRUE,TRUE,TRUE,study,TRUE,12340.3125,4797.199925477361,FALSE,FALSE,FALSE,FALSE
2334,699f8f2fb2f7efa94dcc6a1f,18874,1,5,linechart-real-27-shuffled-main_effect-1-4,right,increasing,shuffled,main_effect,true,dual,2026-03-20T15:59:03Z,less,TRUE,TRUE,TRUE,study,TRUE,12340.3125,4797.199925477361,FALSE,FALSE,FALSE,FALSE
2336,699f8f2fb2f7efa94dcc6a1f,6837,1,6,linechart-real-2-ordered-interaction-0-2,left,increasing,ordered,interaction,false,dual,2026-03-20T15:59:11Z,less,TRUE,TRUE,TRUE,study,TRUE,12340.3125,4797.199925477361,FALSE,FALSE,FALSE,FALSE
2337,699f8f2fb2f7efa94dcc6a1f,9440,1,7,linechart-real-15-shuffled-main_effect-1-3,right,increasing,shuffled,main_effect,true,dual,2026-03-20T15:59:21Z,more,TRUE,TRUE,TRUE,study,TRUE,12340.3125,4797.199925477361,FALSE,FALSE,FALSE,FALSE
2339,699f8f2fb2f7efa94dcc6a1f,14533,1,8,linechart-real-25-ordered-interaction-1-6,right,increasing,ordered,interaction,true,dual,2026-03-20T15:59:51Z,less,TRUE,TRUE,TRUE,study,TRUE,12340.3125,4797.199925477361,FALSE,FALSE,FALSE,FALSE
2343,699f8f2fb2f7efa94dcc6a1f,16885,1,9,linechart-real-11-shuffled-main_effect-1-14,right,increasing,shuffled,main_effect,true,dual,2026-03-20T16:00:09Z,less,TRUE,TRUE,TRUE,study,TRUE,12340.3125,4797.199925477361,FALSE,FALSE,FALSE,FALSE
2348,699f8f2fb2f7efa94dcc6a1f,11070,1,10,linechart-real-6-shuffled-main_effect-0-28,left,increasing,shuffled,main_effect,false,dual,2026-03-20T16:00:20Z,less,TRUE,TRUE,TRUE,study,TRUE,12340.3125,4797.199925477361,FALSE,FALSE,FALSE,FALSE
2354,699f8f2fb2f7efa94dcc6a1f,10964,1,11,linechart-real-20-ordered-main_effect-0-22,left,increasing,ordered,main_effect,false,dual,2026-03-20T16:00:32Z,more,TRUE,TRUE,TRUE,study,TRUE,12340.3125,4797.199925477361,FALSE,FALSE,FALSE,FALSE
2364,699f8f2fb2f7efa94dcc6a1f,15733,1,12,linechart-real-22-ordered-interaction-0-5,left,increasing,ordered,interaction,false,dual,2026-03-20T16:00:48Z,more,TRUE,TRUE,TRUE,study,TRUE,12340.3125,4797.199925477361,FALSE,FALSE,FALSE,FALSE
2369,699f8f2fb2f7efa94dcc6a1f,9697,1,13,linechart-real-8-ordered-main_effect-0-27,left,increasing,ordered,main_effect,false,dual,2026-03-20T16:00:59Z,more,TRUE,TRUE,TRUE,study,TRUE,12340.3125,4797.199925477361,FALSE,FALSE,FALSE,FALSE
2373,699f8f2fb2f7efa94dcc6a1f,5838,1,14,linechart-real-13-ordered-main_effect-0-13,left,increasing,ordered,main_effect,false,dual,2026-03-20T16:01:05Z,less,TRUE,TRUE,TRUE,study,TRUE,12340.3125,4797.199925477361,FALSE,FALSE,FALSE,FALSE
2388,699f8f2fb2f7efa94dcc6a1f,22166,1,15,linechart-real-28-shuffled-interaction-1-24,right,increasing,shuffled,interaction,true,dual,2026-03-20T16:01:28Z,less,TRUE,TRUE,TRUE,study,TRUE,12340.3125,4797.199925477361,FALSE,FALSE,FALSE,TRUE
2399,699f8f2fb2f7efa94dcc6a1f,9308,1,16,linechart-real-23-shuffled-interaction-0-20,left,increasing,shuffled,interaction,false,dual,2026-03-20T16:01:42Z,less,TRUE,TRUE,TRUE,study,TRUE,12340.3125,4797.199925477361,FALSE,FALSE,FALSE,FALSE
2408,699f8f2fb2f7efa94dcc6a1f,10105,1,17,linechart-real-1-shuffled-interaction-1-19,right,increasing,shuffled,interaction,true,dual,2026-03-20T16:01:53Z,more,TRUE,TRUE,TRUE,study,TRUE,12340.3125,4797.199925477361,FALSE,FALSE,FALSE,FALSE
2415,699f8f2fb2f7efa94dcc6a1f,10165,1,18,linechart-real-18-ordered-interaction-0-29,left,increasing,ordered,interaction,false,dual,2026-03-20T16:02:03Z,less,TRUE,TRUE,TRUE,study,TRUE,12340.3125,4797.199925477361,FALSE,FALSE,FALSE,FALSE
2423,699f8f2fb2f7efa94dcc6a1f,11096,1,19,linechart-real-21-ordered-main_effect-0-16,left,increasing,ordered,main_effect,false,dual,2026-03-20T16:02:15Z,less,TRUE,TRUE,TRUE,study,TRUE,12340.3125,4797.199925477361,FALSE,FALSE,FALSE,FALSE
2435,699f8f2fb2f7efa94dcc6a1f,11390,0,20,linechart-real-16-ordered-main_effect-1-7,left,increasing,ordered,main_effect,true,dual,2026-03-20T16:02:27Z,less,TRUE,TRUE,TRUE,study,TRUE,12340.3125,4797.199925477361,FALSE,FALSE,FALSE,FALSE
2459,699f8f2fb2f7efa94dcc6a1f,22728,0,21,linechart-real-29-shuffled-interaction-1-17,left,increasing,shuffled,interaction,true,dual,2026-03-20T16:02:51Z,more,TRUE,TRUE,TRUE,study,TRUE,12340.3125,4797.199925477361,FALSE,FALSE,FALSE,TRUE
2468,699f8f2fb2f7efa94dcc6a1f,10074,1,22,linechart-real-9-shuffled-main_effect-0-8,left,increasing,shuffled,main_effect,false,dual,2026-03-20T16:03:03Z,more,TRUE,TRUE,TRUE,study,TRUE,12340.3125,4797.199925477361,FALSE,FALSE,FALSE,FALSE
2476,699f8f2fb2f7efa94dcc6a1f,8548,1,23,linechart-real-17-shuffled-interaction-1-31,right,increasing,shuffled,interaction,true,dual,2026-03-20T16:03:12Z,more,TRUE,TRUE,TRUE,study,TRUE,12340.3125,4797.199925477361,FALSE,FALSE,FALSE,FALSE
2489,699f8f2fb2f7efa94dcc6a1f,15082,0,24,linechart-real-26-ordered-main_effect-1-30,left,increasing,ordered,main_effect,true,dual,2026-03-20T16:03:32Z,less,TRUE,TRUE,TRUE,study,TRUE,12340.3125,4797.199925477361,FALSE,FALSE,FALSE,FALSE
2502,699f8f2fb2f7efa94dcc6a1f,11535,1,25,linechart-real-14-shuffled-interaction-1-10,right,increasing,shuffled,interaction,true,dual,2026-03-20T16:03:45Z,less,TRUE,TRUE,TRUE,study,TRUE,12340.3125,4797.199925477361,FALSE,FALSE,FALSE,FALSE
2508,699f8f2fb2f7efa94dcc6a1f,8721,1,26,linechart-real-31-ordered-interaction-0-18,left,increasing,ordered,interaction,false,dual,2026-03-20T16:03:55Z,less,TRUE,TRUE,TRUE,study,TRUE,12340.3125,4797.199925477361,FALSE,FALSE,FALSE,FALSE
2515,699f8f2fb2f7efa94dcc6a1f,6753,1,27,linechart-real-7-ordered-main_effect-1-0,right,increasing,ordered,main_effect,true,dual,2026-03-20T16:04:02Z,more,TRUE,TRUE,TRUE,study,TRUE,12340.3125,4797.199925477361,FALSE,FALSE,FALSE,FALSE
2526,699f8f2fb2f7efa94dcc6a1f,11718,1,28,linechart-real-5-shuffled-interaction-0-11,left,increasing,shuffled,interaction,false,dual,2026-03-20T16:04:14Z,more,TRUE,TRUE,TRUE,study,TRUE,12340.3125,4797.199925477361,FALSE,FALSE,FALSE,FALSE
2535,699f8f2fb2f7efa94dcc6a1f,7226,1,29,linechart-real-4-shuffled-main_effect-0-23,left,increasing,shuffled,main_effect,false,dual,2026-03-20T16:04:22Z,more,TRUE,TRUE,TRUE,study,TRUE,12340.3125,4797.199925477361,FALSE,FALSE,FALSE,FALSE
2544,699f8f2fb2f7efa94dcc6a1f,11195,1,30,linechart-real-24-ordered-main_effect-1-9,right,increasing,ordered,main_effect,true,dual,2026-03-20T16:04:34Z,more,TRUE,TRUE,TRUE,study,TRUE,12340.3125,4797.199925477361,FALSE,FALSE,FALSE,FALSE
2554,699f8f2fb2f7efa94dcc6a1f,8501,1,31,linechart-real-19-shuffled-main_effect-0-1,left,increasing,shuffled,main_effect,false,dual,2026-03-20T16:04:43Z,more,TRUE,TRUE,TRUE,study,TRUE,12340.3125,4797.199925477361,FALSE,FALSE,FALSE,FALSE
2340,69a712e4c5330f6b6223fa5b,11365,1,0,linechart-real-4-ordered-main_effect-0-5,left,increasing,ordered,main_effect,false,dual,2026-03-20T15:59:52Z,more,TRUE,TRUE,TRUE,study,TRUE,11521.28125,2765.0415062436223,FALSE,FALSE,FALSE,FALSE
2342,69a712e4c5330f6b6223fa5b,11955,1,1,linechart-real-3-shuffled-interaction-1-23,right,increasing,shuffled,interaction,true,dual,2026-03-20T16:00:05Z,more,TRUE,TRUE,TRUE,study,TRUE,11521.28125,2765.0415062436223,FALSE,FALSE,FALSE,FALSE
2345,69a712e4c5330f6b6223fa5b,12053,1,2,linechart-real-12-ordered-interaction-1-10,right,increasing,ordered,interaction,true,dual,2026-03-20T16:00:17Z,more,TRUE,TRUE,TRUE,study,TRUE,11521.28125,2765.0415062436223,FALSE,FALSE,FALSE,FALSE
2350,69a712e4c5330f6b6223fa5b,8708,1,3,linechart-real-26-shuffled-main_effect-1-30,right,increasing,shuffled,main_effect,true,dual,2026-03-20T16:00:27Z,less,TRUE,TRUE,TRUE,study,TRUE,11521.28125,2765.0415062436223,FALSE,FALSE,FALSE,FALSE
2360,69a712e4c5330f6b6223fa5b,15058,1,4,linechart-real-28-ordered-interaction-1-17,right,increasing,ordered,interaction,true,dual,2026-03-20T16:00:42Z,more,TRUE,TRUE,TRUE,study,TRUE,11521.28125,2765.0415062436223,FALSE,FALSE,FALSE,FALSE
2368,69a712e4c5330f6b6223fa5b,10221,1,5,linechart-real-17-shuffled-main_effect-0-31,left,increasing,shuffled,main_effect,false,dual,2026-03-20T16:00:53Z,less,TRUE,TRUE,TRUE,study,TRUE,11521.28125,2765.0415062436223,FALSE,FALSE,FALSE,FALSE
2372,69a712e4c5330f6b6223fa5b,9248,1,6,linechart-real-23-shuffled-main_effect-0-12,left,increasing,shuffled,main_effect,false,dual,2026-03-20T16:01:03Z,less,TRUE,TRUE,TRUE,study,TRUE,11521.28125,2765.0415062436223,FALSE,FALSE,FALSE,FALSE
2377,69a712e4c5330f6b6223fa5b,8262,0,7,linechart-real-19-ordered-interaction-1-8,left,increasing,ordered,interaction,true,dual,2026-03-20T16:01:12Z,less,TRUE,TRUE,TRUE,study,TRUE,11521.28125,2765.0415062436223,FALSE,FALSE,FALSE,FALSE
2393,69a712e4c5330f6b6223fa5b,12321,1,8,linechart-real-1-ordered-interaction-1-13,right,increasing,ordered,interaction,true,dual,2026-03-20T16:01:35Z,more,TRUE,TRUE,TRUE,study,TRUE,11521.28125,2765.0415062436223,FALSE,FALSE,FALSE,FALSE
2404,69a712e4c5330f6b6223fa5b,12936,1,9,linechart-real-29-shuffled-main_effect-0-27,left,increasing,shuffled,main_effect,false,dual,2026-03-20T16:01:49Z,more,TRUE,TRUE,TRUE,study,TRUE,11521.28125,2765.0415062436223,FALSE,FALSE,FALSE,FALSE
2413,69a712e4c5330f6b6223fa5b,11474,0,10,linechart-real-20-ordered-main_effect-1-7,left,increasing,ordered,main_effect,true,dual,2026-03-20T16:02:01Z,less,TRUE,TRUE,TRUE,study,TRUE,11521.28125,2765.0415062436223,FALSE,FALSE,FALSE,FALSE
2425,69a712e4c5330f6b6223fa5b,14080,1,11,linechart-real-14-shuffled-interaction-1-21,right,increasing,shuffled,interaction,true,dual,2026-03-20T16:02:16Z,more,TRUE,TRUE,TRUE,study,TRUE,11521.28125,2765.0415062436223,FALSE,FALSE,FALSE,FALSE
2440,69a712e4c5330f6b6223fa5b,12988,1,12,linechart-real-18-ordered-interaction-0-15,left,increasing,ordered,interaction,false,dual,2026-03-20T16:02:30Z,less,TRUE,TRUE,TRUE,study,TRUE,11521.28125,2765.0415062436223,FALSE,FALSE,FALSE,FALSE
2453,69a712e4c5330f6b6223fa5b,12841,1,13,linechart-real-27-ordered-interaction-1-14,right,increasing,ordered,interaction,true,dual,2026-03-20T16:02:44Z,less,TRUE,TRUE,TRUE,study,TRUE,11521.28125,2765.0415062436223,FALSE,FALSE,FALSE,FALSE
2467,69a712e4c5330f6b6223fa5b,17467,1,14,linechart-real-9-shuffled-interaction-0-29,left,increasing,shuffled,interaction,false,dual,2026-03-20T16:03:02Z,less,TRUE,TRUE,TRUE,study,TRUE,11521.28125,2765.0415062436223,FALSE,FALSE,FALSE,TRUE
2479,69a712e4c5330f6b6223fa5b,13867,1,15,linechart-real-5-shuffled-interaction-0-1,left,increasing,shuffled,interaction,false,dual,2026-03-20T16:03:16Z,less,TRUE,TRUE,TRUE,study,TRUE,11521.28125,2765.0415062436223,FALSE,FALSE,FALSE,FALSE
2490,69a712e4c5330f6b6223fa5b,11729,1,16,linechart-real-25-shuffled-interaction-0-0,left,increasing,shuffled,interaction,false,dual,2026-03-20T16:03:32Z,more,TRUE,TRUE,TRUE,study,TRUE,11521.28125,2765.0415062436223,FALSE,FALSE,FALSE,FALSE
2501,69a712e4c5330f6b6223fa5b,12202,1,17,linechart-real-10-shuffled-interaction-0-4,left,increasing,shuffled,interaction,false,dual,2026-03-20T16:03:45Z,more,TRUE,TRUE,TRUE,study,TRUE,11521.28125,2765.0415062436223,FALSE,FALSE,FALSE,FALSE
2517,69a712e4c5330f6b6223fa5b,17389,1,18,linechart-real-31-shuffled-interaction-1-3,right,increasing,shuffled,interaction,true,dual,2026-03-20T16:04:03Z,less,TRUE,TRUE,TRUE,study,TRUE,11521.28125,2765.0415062436223,FALSE,FALSE,FALSE,TRUE
2530,69a712e4c5330f6b6223fa5b,14359,1,19,linechart-real-8-ordered-main_effect-0-16,left,increasing,ordered,main_effect,false,dual,2026-03-20T16:04:18Z,less,TRUE,TRUE,TRUE,study,TRUE,11521.28125,2765.0415062436223,FALSE,FALSE,FALSE,FALSE
2545,69a712e4c5330f6b6223fa5b,15628,1,20,linechart-real-22-ordered-main_effect-1-2,right,increasing,ordered,main_effect,true,dual,2026-03-20T16:04:34Z,less,TRUE,TRUE,TRUE,study,TRUE,11521.28125,2765.0415062436223,FALSE,FALSE,FALSE,FALSE
2556,69a712e4c5330f6b6223fa5b,8926,1,21,linechart-real-15-shuffled-main_effect-1-26,right,increasing,shuffled,main_effect,true,dual,2026-03-20T16:04:44Z,less,TRUE,TRUE,TRUE,study,TRUE,11521.28125,2765.0415062436223,FALSE,FALSE,FALSE,FALSE
2565,69a712e4c5330f6b6223fa5b,7892,1,22,linechart-real-24-shuffled-main_effect-0-20,left,increasing,shuffled,main_effect,false,dual,2026-03-20T16:04:52Z,less,TRUE,TRUE,TRUE,study,TRUE,11521.28125,2765.0415062436223,FALSE,FALSE,FALSE,FALSE
2577,69a712e4c5330f6b6223fa5b,10331,1,23,linechart-real-30-ordered-main_effect-0-28,left,increasing,ordered,main_effect,false,dual,2026-03-20T16:05:03Z,more,TRUE,TRUE,TRUE,study,TRUE,11521.28125,2765.0415062436223,FALSE,FALSE,FALSE,FALSE
2604,69a712e4c5330f6b6223fa5b,9716,1,24,linechart-real-2-shuffled-main_effect-0-9,left,increasing,shuffled,main_effect,false,dual,2026-03-20T16:05:26Z,more,TRUE,TRUE,TRUE,study,TRUE,11521.28125,2765.0415062436223,FALSE,FALSE,FALSE,FALSE
2614,69a712e4c5330f6b6223fa5b,9519,1,25,linechart-real-11-ordered-interaction-0-24,left,increasing,ordered,interaction,false,dual,2026-03-20T16:05:36Z,less,TRUE,TRUE,TRUE,study,TRUE,11521.28125,2765.0415062436223,FALSE,FALSE,FALSE,FALSE
2625,69a712e4c5330f6b6223fa5b,7500,1,26,linechart-real-0-shuffled-main_effect-1-6,right,increasing,shuffled,main_effect,true,dual,2026-03-20T16:05:44Z,less,TRUE,TRUE,TRUE,study,TRUE,11521.28125,2765.0415062436223,FALSE,FALSE,FALSE,FALSE
2640,69a712e4c5330f6b6223fa5b,13406,1,27,linechart-real-6-shuffled-interaction-1-11,right,increasing,shuffled,interaction,true,dual,2026-03-20T16:05:58Z,more,TRUE,TRUE,TRUE,study,TRUE,11521.28125,2765.0415062436223,FALSE,FALSE,FALSE,FALSE
2654,69a712e4c5330f6b6223fa5b,8043,1,28,linechart-real-13-ordered-main_effect-0-22,left,increasing,ordered,main_effect,false,dual,2026-03-20T16:06:07Z,more,TRUE,TRUE,TRUE,study,TRUE,11521.28125,2765.0415062436223,FALSE,FALSE,FALSE,FALSE
2666,69a712e4c5330f6b6223fa5b,10762,1,29,linechart-real-21-ordered-interaction-1-18,right,increasing,ordered,interaction,true,dual,2026-03-20T16:06:18Z,more,TRUE,TRUE,TRUE,study,TRUE,11521.28125,2765.0415062436223,FALSE,FALSE,FALSE,FALSE
2675,69a712e4c5330f6b6223fa5b,7218,1,30,linechart-real-7-ordered-main_effect-0-19,left,increasing,ordered,main_effect,false,dual,2026-03-20T16:06:26Z,more,TRUE,TRUE,TRUE,study,TRUE,11521.28125,2765.0415062436223,FALSE,FALSE,FALSE,FALSE
2686,69a712e4c5330f6b6223fa5b,9217,1,31,linechart-real-16-ordered-main_effect-1-25,right,increasing,ordered,main_effect,true,dual,2026-03-20T16:06:36Z,more,TRUE,TRUE,TRUE,study,TRUE,11521.28125,2765.0415062436223,FALSE,FALSE,FALSE,FALSE
3147,69aa61cbea649356e90b6ed9,13523,0,0,linechart-real-31-ordered-main_effect-1-1,left,increasing,ordered,main_effect,true,dual,2026-03-20T17:33:12Z,less,TRUE,TRUE,TRUE,study,TRUE,10962.53125,4125.073340379303,FALSE,FALSE,FALSE,FALSE
3167,69aa61cbea649356e90b6ed9,11021,1,1,linechart-real-6-shuffled-main_effect-0-29,left,increasing,shuffled,main_effect,false,dual,2026-03-20T17:33:24Z,less,TRUE,TRUE,TRUE,study,TRUE,10962.53125,4125.073340379303,FALSE,FALSE,FALSE,FALSE
3194,69aa61cbea649356e90b6ed9,23987,1,2,linechart-real-18-shuffled-interaction-0-30,left,increasing,shuffled,interaction,false,dual,2026-03-20T17:33:49Z,more,TRUE,TRUE,TRUE,study,TRUE,10962.53125,4125.073340379303,FALSE,FALSE,FALSE,TRUE
3204,69aa61cbea649356e90b6ed9,13314,1,3,linechart-real-8-ordered-interaction-1-15,right,increasing,ordered,interaction,true,dual,2026-03-20T17:34:03Z,more,TRUE,TRUE,TRUE,study,TRUE,10962.53125,4125.073340379303,FALSE,FALSE,FALSE,FALSE
3214,69aa61cbea649356e90b6ed9,8819,1,4,linechart-real-7-ordered-interaction-1-24,right,increasing,ordered,interaction,true,dual,2026-03-20T17:34:12Z,more,TRUE,TRUE,TRUE,study,TRUE,10962.53125,4125.073340379303,FALSE,FALSE,FALSE,FALSE
3227,69aa61cbea649356e90b6ed9,10992,1,5,linechart-real-4-ordered-interaction-0-6,left,increasing,ordered,interaction,false,dual,2026-03-20T17:34:24Z,less,TRUE,TRUE,TRUE,study,TRUE,10962.53125,4125.073340379303,FALSE,FALSE,FALSE,FALSE
3245,69aa61cbea649356e90b6ed9,16975,0,6,linechart-real-27-shuffled-main_effect-1-31,left,increasing,shuffled,main_effect,true,dual,2026-03-20T17:34:41Z,more,TRUE,TRUE,TRUE,study,TRUE,10962.53125,4125.073340379303,FALSE,FALSE,FALSE,FALSE
3268,69aa61cbea649356e90b6ed9,19736,1,7,linechart-real-16-ordered-main_effect-1-28,right,increasing,ordered,main_effect,true,dual,2026-03-20T17:35:03Z,less,TRUE,TRUE,TRUE,study,TRUE,10962.53125,4125.073340379303,FALSE,FALSE,FALSE,TRUE
3320,69aa61cbea649356e90b6ed9,9184,1,8,linechart-real-13-shuffled-interaction-1-14,right,increasing,shuffled,interaction,true,dual,2026-03-20T17:35:57Z,less,TRUE,TRUE,TRUE,study,TRUE,10962.53125,4125.073340379303,FALSE,FALSE,FALSE,FALSE
3331,69aa61cbea649356e90b6ed9,10424,0,9,linechart-real-19-ordered-main_effect-0-21,right,increasing,ordered,main_effect,false,dual,2026-03-20T17:36:08Z,less,TRUE,TRUE,TRUE,study,TRUE,10962.53125,4125.073340379303,FALSE,FALSE,FALSE,FALSE
3340,69aa61cbea649356e90b6ed9,8042,1,10,linechart-real-26-shuffled-main_effect-1-5,right,increasing,shuffled,main_effect,true,dual,2026-03-20T17:36:18Z,more,TRUE,TRUE,TRUE,study,TRUE,10962.53125,4125.073340379303,FALSE,FALSE,FALSE,FALSE
3350,69aa61cbea649356e90b6ed9,8774,0,11,linechart-real-30-ordered-main_effect-0-23,right,increasing,ordered,main_effect,false,dual,2026-03-20T17:36:27Z,more,TRUE,TRUE,TRUE,study,TRUE,10962.53125,4125.073340379303,FALSE,FALSE,FALSE,FALSE
3363,69aa61cbea649356e90b6ed9,10158,1,12,linechart-real-24-ordered-main_effect-0-18,left,increasing,ordered,main_effect,false,dual,2026-03-20T17:36:39Z,less,TRUE,TRUE,TRUE,study,TRUE,10962.53125,4125.073340379303,FALSE,FALSE,FALSE,FALSE
3378,69aa61cbea649356e90b6ed9,13918,1,13,linechart-real-1-shuffled-interaction-0-8,left,increasing,shuffled,interaction,false,dual,2026-03-20T17:36:54Z,more,TRUE,TRUE,TRUE,study,TRUE,10962.53125,4125.073340379303,FALSE,FALSE,FALSE,FALSE
3386,69aa61cbea649356e90b6ed9,8712,1,14,linechart-real-10-shuffled-interaction-1-3,right,increasing,shuffled,interaction,true,dual,2026-03-20T17:37:03Z,more,TRUE,TRUE,TRUE,study,TRUE,10962.53125,4125.073340379303,FALSE,FALSE,FALSE,FALSE
3398,69aa61cbea649356e90b6ed9,11724,1,15,linechart-real-9-ordered-interaction-1-10,right,increasing,ordered,interaction,true,dual,2026-03-20T17:37:15Z,more,TRUE,TRUE,TRUE,study,TRUE,10962.53125,4125.073340379303,FALSE,FALSE,FALSE,FALSE
3478,69aa61cbea649356e90b6ed9,7472,1,16,linechart-real-23-ordered-interaction-1-22,right,increasing,ordered,interaction,true,dual,2026-03-20T17:40:25Z,more,TRUE,TRUE,TRUE,study,TRUE,10962.53125,4125.073340379303,FALSE,FALSE,FALSE,FALSE
3480,69aa61cbea649356e90b6ed9,9695,1,17,linechart-real-3-ordered-main_effect-1-17,right,increasing,ordered,main_effect,true,dual,2026-03-20T17:40:36Z,less,TRUE,TRUE,TRUE,study,TRUE,10962.53125,4125.073340379303,FALSE,FALSE,FALSE,FALSE
3482,69aa61cbea649356e90b6ed9,14297,1,18,linechart-real-0-shuffled-interaction-1-9,right,increasing,shuffled,interaction,true,dual,2026-03-20T17:40:51Z,less,TRUE,TRUE,TRUE,study,TRUE,10962.53125,4125.073340379303,FALSE,FALSE,FALSE,FALSE
3483,69aa61cbea649356e90b6ed9,9621,1,19,linechart-real-2-ordered-interaction-0-11,left,increasing,ordered,interaction,false,dual,2026-03-20T17:41:01Z,more,TRUE,TRUE,TRUE,study,TRUE,10962.53125,4125.073340379303,FALSE,FALSE,FALSE,FALSE
3485,69aa61cbea649356e90b6ed9,9628,1,20,linechart-real-29-shuffled-interaction-1-19,right,increasing,shuffled,interaction,true,dual,2026-03-20T17:41:11Z,less,TRUE,TRUE,TRUE,study,TRUE,10962.53125,4125.073340379303,FALSE,FALSE,FALSE,FALSE
3487,69aa61cbea649356e90b6ed9,7204,1,21,linechart-real-28-ordered-interaction-0-20,left,increasing,ordered,interaction,false,dual,2026-03-20T17:41:19Z,less,TRUE,TRUE,TRUE,study,TRUE,10962.53125,4125.073340379303,FALSE,FALSE,FALSE,FALSE
3488,69aa61cbea649356e90b6ed9,7870,0,22,linechart-real-11-shuffled-main_effect-0-0,right,increasing,shuffled,main_effect,false,dual,2026-03-20T17:41:27Z,less,TRUE,TRUE,TRUE,study,TRUE,10962.53125,4125.073340379303,FALSE,FALSE,FALSE,FALSE
3491,69aa61cbea649356e90b6ed9,8469,1,23,linechart-real-12-shuffled-interaction-0-4,left,increasing,shuffled,interaction,false,dual,2026-03-20T17:41:37Z,less,TRUE,TRUE,TRUE,study,TRUE,10962.53125,4125.073340379303,FALSE,FALSE,FALSE,FALSE
3497,69aa61cbea649356e90b6ed9,7279,1,24,linechart-real-17-shuffled-main_effect-0-2,left,increasing,shuffled,main_effect,false,dual,2026-03-20T17:42:23Z,more,TRUE,TRUE,TRUE,study,TRUE,10962.53125,4125.073340379303,FALSE,FALSE,FALSE,FALSE
3498,69aa61cbea649356e90b6ed9,4447,0,25,linechart-real-5-shuffled-interaction-0-16,right,increasing,shuffled,interaction,false,dual,2026-03-20T17:42:28Z,less,TRUE,TRUE,TRUE,study,TRUE,10962.53125,4125.073340379303,FALSE,FALSE,FALSE,FALSE
3500,69aa61cbea649356e90b6ed9,12922,0,26,linechart-real-20-shuffled-main_effect-1-26,left,increasing,shuffled,main_effect,true,dual,2026-03-20T17:42:42Z,more,TRUE,TRUE,TRUE,study,TRUE,10962.53125,4125.073340379303,FALSE,FALSE,FALSE,FALSE
3502,69aa61cbea649356e90b6ed9,14054,1,27,linechart-real-14-shuffled-main_effect-0-13,left,increasing,shuffled,main_effect,false,dual,2026-03-20T17:42:58Z,less,TRUE,TRUE,TRUE,study,TRUE,10962.53125,4125.073340379303,FALSE,FALSE,FALSE,FALSE
3503,69aa61cbea649356e90b6ed9,6657,1,28,linechart-real-15-ordered-main_effect-1-27,right,increasing,ordered,main_effect,true,dual,2026-03-20T17:43:05Z,less,TRUE,TRUE,TRUE,study,TRUE,10962.53125,4125.073340379303,FALSE,FALSE,FALSE,FALSE
3505,69aa61cbea649356e90b6ed9,16364,1,29,linechart-real-22-ordered-main_effect-0-7,left,increasing,ordered,main_effect,false,dual,2026-03-20T17:43:22Z,more,TRUE,TRUE,TRUE,study,TRUE,10962.53125,4125.073340379303,FALSE,FALSE,FALSE,FALSE
3507,69aa61cbea649356e90b6ed9,7434,0,30,linechart-real-21-shuffled-main_effect-1-12,left,increasing,shuffled,main_effect,true,dual,2026-03-20T17:43:30Z,more,TRUE,TRUE,TRUE,study,TRUE,10962.53125,4125.073340379303,FALSE,FALSE,FALSE,FALSE
3508,69aa61cbea649356e90b6ed9,8085,1,31,linechart-real-25-ordered-interaction-0-25,left,increasing,ordered,interaction,false,dual,2026-03-20T17:43:40Z,more,TRUE,TRUE,TRUE,study,TRUE,10962.53125,4125.073340379303,FALSE,FALSE,FALSE,FALSE
3036,69aefe96503b021d9083d593,15313,1,0,linechart-real-16-shuffled-interaction-0-9,left,increasing,shuffled,interaction,false,single,2026-03-20T17:30:22Z,more,TRUE,TRUE,TRUE,study,TRUE,3953.34375,5426.020543873781,TRUE,FALSE,FALSE,TRUE
3037,69aefe96503b021d9083d593,13874,0,1,linechart-real-31-shuffled-interaction-0-5,right,increasing,shuffled,interaction,false,single,2026-03-20T17:30:36Z,more,TRUE,TRUE,TRUE,study,TRUE,3953.34375,5426.020543873781,TRUE,FALSE,FALSE,FALSE
3038,69aefe96503b021d9083d593,513,1,2,linechart-real-21-ordered-interaction-0-12,left,increasing,ordered,interaction,false,single,2026-03-20T17:30:38Z,more,TRUE,TRUE,TRUE,study,TRUE,3953.34375,5426.020543873781,TRUE,FALSE,FALSE,FALSE
3039,69aefe96503b021d9083d593,8711,1,3,linechart-real-0-ordered-main_effect-0-22,left,increasing,ordered,main_effect,false,single,2026-03-20T17:30:48Z,less,TRUE,TRUE,TRUE,study,TRUE,3953.34375,5426.020543873781,TRUE,FALSE,FALSE,FALSE
3040,69aefe96503b021d9083d593,5337,1,4,linechart-real-4-shuffled-main_effect-0-26,left,increasing,shuffled,main_effect,false,single,2026-03-20T17:30:54Z,less,TRUE,TRUE,TRUE,study,TRUE,3953.34375,5426.020543873781,TRUE,FALSE,FALSE,FALSE
3041,69aefe96503b021d9083d593,7739,0,5,linechart-real-19-ordered-main_effect-1-8,left,increasing,ordered,main_effect,true,single,2026-03-20T17:31:02Z,more,TRUE,TRUE,TRUE,study,TRUE,3953.34375,5426.020543873781,TRUE,FALSE,FALSE,FALSE
3043,69aefe96503b021d9083d593,9584,0,6,linechart-real-20-ordered-main_effect-1-25,left,increasing,ordered,main_effect,true,single,2026-03-20T17:31:13Z,more,TRUE,TRUE,TRUE,study,TRUE,3953.34375,5426.020543873781,TRUE,FALSE,FALSE,FALSE
3045,69aefe96503b021d9083d593,1379,0,7,linechart-real-7-shuffled-main_effect-0-30,right,increasing,shuffled,main_effect,false,single,2026-03-20T17:31:16Z,more,TRUE,TRUE,TRUE,study,TRUE,3953.34375,5426.020543873781,TRUE,FALSE,FALSE,FALSE
3048,69aefe96503b021d9083d593,608,0,8,linechart-real-2-ordered-main_effect-0-15,right,increasing,ordered,main_effect,false,single,2026-03-20T17:31:24Z,less,TRUE,TRUE,TRUE,study,TRUE,3953.34375,5426.020543873781,TRUE,FALSE,FALSE,FALSE
3049,69aefe96503b021d9083d593,550,1,9,linechart-real-11-shuffled-main_effect-0-7,left,increasing,shuffled,main_effect,false,single,2026-03-20T17:31:26Z,more,TRUE,TRUE,TRUE,study,TRUE,3953.34375,5426.020543873781,TRUE,FALSE,FALSE,FALSE
3055,69aefe96503b021d9083d593,12042,1,10,linechart-real-22-ordered-interaction-1-4,right,increasing,ordered,interaction,true,single,2026-03-20T17:31:38Z,more,TRUE,TRUE,TRUE,study,TRUE,3953.34375,5426.020543873781,TRUE,FALSE,FALSE,FALSE
3059,69aefe96503b021d9083d593,9440,0,11,linechart-real-12-shuffled-main_effect-1-18,left,increasing,shuffled,main_effect,true,single,2026-03-20T17:31:48Z,less,TRUE,TRUE,TRUE,study,TRUE,3953.34375,5426.020543873781,TRUE,FALSE,FALSE,FALSE
3060,69aefe96503b021d9083d593,634,0,12,linechart-real-17-ordered-main_effect-0-27,right,increasing,ordered,main_effect,false,single,2026-03-20T17:31:51Z,less,TRUE,TRUE,TRUE,study,TRUE,3953.34375,5426.020543873781,TRUE,FALSE,FALSE,FALSE
3064,69aefe96503b021d9083d593,410,0,13,linechart-real-1-shuffled-interaction-1-1,left,increasing,shuffled,interaction,true,single,2026-03-20T17:31:53Z,more,TRUE,TRUE,TRUE,study,TRUE,3953.34375,5426.020543873781,TRUE,FALSE,FALSE,FALSE
3065,69aefe96503b021d9083d593,388,1,14,linechart-real-28-ordered-main_effect-1-17,right,increasing,ordered,main_effect,true,single,2026-03-20T17:31:55Z,more,TRUE,TRUE,TRUE,study,TRUE,3953.34375,5426.020543873781,TRUE,FALSE,FALSE,FALSE
3067,69aefe96503b021d9083d593,494,1,15,linechart-real-24-shuffled-main_effect-1-2,right,increasing,shuffled,main_effect,true,single,2026-03-20T17:31:56Z,less,TRUE,TRUE,TRUE,study,TRUE,3953.34375,5426.020543873781,TRUE,FALSE,FALSE,FALSE
3068,69aefe96503b021d9083d593,1411,0,16,linechart-real-9-ordered-interaction-0-3,right,increasing,ordered,interaction,false,single,2026-03-20T17:32:00Z,less,TRUE,TRUE,TRUE,study,TRUE,3953.34375,5426.020543873781,TRUE,FALSE,FALSE,FALSE
3070,69aefe96503b021d9083d593,379,0,17,linechart-real-26-shuffled-main_effect-1-16,left,increasing,shuffled,main_effect,true,single,2026-03-20T17:32:02Z,more,TRUE,TRUE,TRUE,study,TRUE,3953.34375,5426.020543873781,TRUE,FALSE,FALSE,FALSE
3071,69aefe96503b021d9083d593,283,0,18,linechart-real-29-shuffled-interaction-1-0,left,increasing,shuffled,interaction,true,single,2026-03-20T17:32:04Z,more,TRUE,TRUE,TRUE,study,TRUE,3953.34375,5426.020543873781,TRUE,FALSE,FALSE,FALSE
3073,69aefe96503b021d9083d593,566,1,19,linechart-real-6-ordered-interaction-1-10,right,increasing,ordered,interaction,true,single,2026-03-20T17:32:06Z,more,TRUE,TRUE,TRUE,study,TRUE,3953.34375,5426.020543873781,TRUE,FALSE,FALSE,FALSE
3075,69aefe96503b021d9083d593,994,0,20,linechart-real-8-ordered-main_effect-0-31,right,increasing,ordered,main_effect,false,single,2026-03-20T17:32:08Z,less,TRUE,TRUE,TRUE,study,TRUE,3953.34375,5426.020543873781,TRUE,FALSE,FALSE,FALSE
3077,69aefe96503b021d9083d593,382,0,21,linechart-real-3-ordered-main_effect-1-21,left,increasing,ordered,main_effect,true,single,2026-03-20T17:32:10Z,more,TRUE,TRUE,TRUE,study,TRUE,3953.34375,5426.020543873781,TRUE,FALSE,FALSE,FALSE
3079,69aefe96503b021d9083d593,374,1,22,linechart-real-23-shuffled-main_effect-0-29,left,increasing,shuffled,main_effect,false,single,2026-03-20T17:32:12Z,less,TRUE,TRUE,TRUE,study,TRUE,3953.34375,5426.020543873781,TRUE,FALSE,FALSE,FALSE
3093,69aefe96503b021d9083d593,19437,0,23,linechart-real-18-shuffled-interaction-1-11,left,increasing,shuffled,interaction,true,single,2026-03-20T17:32:32Z,less,TRUE,TRUE,TRUE,study,TRUE,3953.34375,5426.020543873781,TRUE,FALSE,FALSE,TRUE
3099,69aefe96503b021d9083d593,692,0,24,linechart-real-27-shuffled-interaction-0-14,right,increasing,shuffled,interaction,false,single,2026-03-20T17:32:36Z,more,TRUE,TRUE,TRUE,study,TRUE,3953.34375,5426.020543873781,TRUE,FALSE,FALSE,FALSE
3102,69aefe96503b021d9083d593,487,1,25,linechart-real-15-ordered-interaction-0-19,left,increasing,ordered,interaction,false,single,2026-03-20T17:32:38Z,less,TRUE,TRUE,TRUE,study,TRUE,3953.34375,5426.020543873781,TRUE,FALSE,FALSE,FALSE
3105,69aefe96503b021d9083d593,859,1,26,linechart-real-10-shuffled-interaction-0-20,left,increasing,shuffled,interaction,false,single,2026-03-20T17:32:40Z,less,TRUE,TRUE,TRUE,study,TRUE,3953.34375,5426.020543873781,TRUE,FALSE,FALSE,FALSE
3108,69aefe96503b021d9083d593,496,1,27,linechart-real-25-ordered-interaction-1-6,right,increasing,ordered,interaction,true,single,2026-03-20T17:32:41Z,less,TRUE,TRUE,TRUE,study,TRUE,3953.34375,5426.020543873781,TRUE,FALSE,FALSE,FALSE
3110,69aefe96503b021d9083d593,1204,0,28,linechart-real-14-ordered-interaction-1-13,left,increasing,ordered,interaction,true,single,2026-03-20T17:32:42Z,less,TRUE,TRUE,TRUE,study,TRUE,3953.34375,5426.020543873781,TRUE,FALSE,FALSE,FALSE
3111,69aefe96503b021d9083d593,522,1,29,linechart-real-30-ordered-interaction-1-23,right,increasing,ordered,interaction,true,single,2026-03-20T17:32:45Z,less,TRUE,TRUE,TRUE,study,TRUE,3953.34375,5426.020543873781,TRUE,FALSE,FALSE,FALSE
3114,69aefe96503b021d9083d593,1134,0,30,linechart-real-5-shuffled-interaction-0-28,right,increasing,shuffled,interaction,false,single,2026-03-20T17:32:46Z,more,TRUE,TRUE,TRUE,study,TRUE,3953.34375,5426.020543873781,TRUE,FALSE,FALSE,FALSE
3128,69aefe96503b021d9083d593,10271,0,31,linechart-real-13-shuffled-main_effect-1-24,left,increasing,shuffled,main_effect,true,single,2026-03-20T17:32:58Z,less,TRUE,TRUE,TRUE,study,TRUE,3953.34375,5426.020543873781,TRUE,FALSE,FALSE,FALSE
3046,69badb475c065e2272881d4d,17801,1,0,linechart-real-24-ordered-interaction-1-11,right,increasing,ordered,interaction,true,dual,2026-03-20T17:31:20Z,less,TRUE,TRUE,TRUE,study,TRUE,14946.71875,9830.235665584392,TRUE,FALSE,FALSE,FALSE
3052,69badb475c065e2272881d4d,12851,1,1,linechart-real-6-ordered-interaction-1-20,right,increasing,ordered,interaction,true,dual,2026-03-20T17:31:33Z,less,TRUE,TRUE,TRUE,study,TRUE,14946.71875,9830.235665584392,TRUE,FALSE,FALSE,FALSE
3066,69badb475c065e2272881d4d,22558,1,2,linechart-real-19-ordered-main_effect-0-4,left,increasing,ordered,main_effect,false,dual,2026-03-20T17:31:56Z,less,TRUE,TRUE,TRUE,study,TRUE,14946.71875,9830.235665584392,TRUE,FALSE,FALSE,FALSE
3080,69badb475c065e2272881d4d,16214,1,3,linechart-real-17-shuffled-main_effect-0-18,left,increasing,shuffled,main_effect,false,dual,2026-03-20T17:32:13Z,more,TRUE,TRUE,TRUE,study,TRUE,14946.71875,9830.235665584392,TRUE,FALSE,FALSE,FALSE
3100,69badb475c065e2272881d4d,24206,1,4,linechart-real-11-ordered-interaction-1-10,right,increasing,ordered,interaction,true,dual,2026-03-20T17:32:38Z,less,TRUE,TRUE,TRUE,study,TRUE,14946.71875,9830.235665584392,TRUE,FALSE,FALSE,FALSE
3113,69badb475c065e2272881d4d,7670,1,5,linechart-real-16-shuffled-main_effect-1-13,right,increasing,shuffled,main_effect,true,dual,2026-03-20T17:32:46Z,less,TRUE,TRUE,TRUE,study,TRUE,14946.71875,9830.235665584392,TRUE,FALSE,FALSE,FALSE
3132,69badb475c065e2272881d4d,14682,1,6,linechart-real-13-ordered-interaction-1-26,right,increasing,ordered,interaction,true,dual,2026-03-20T17:33:01Z,more,TRUE,TRUE,TRUE,study,TRUE,14946.71875,9830.235665584392,TRUE,FALSE,FALSE,FALSE
3159,69badb475c065e2272881d4d,18031,1,7,linechart-real-5-ordered-interaction-1-5,right,increasing,ordered,interaction,true,dual,2026-03-20T17:33:20Z,more,TRUE,TRUE,TRUE,study,TRUE,14946.71875,9830.235665584392,TRUE,FALSE,FALSE,FALSE
3191,69badb475c065e2272881d4d,12937,0,8,linechart-real-3-shuffled-interaction-0-27,right,increasing,shuffled,interaction,false,dual,2026-03-20T17:33:44Z,more,TRUE,TRUE,TRUE,study,TRUE,14946.71875,9830.235665584392,TRUE,FALSE,FALSE,FALSE
3201,69badb475c065e2272881d4d,12248,1,9,linechart-real-25-shuffled-interaction-0-15,left,increasing,shuffled,interaction,false,dual,2026-03-20T17:33:58Z,less,TRUE,TRUE,TRUE,study,TRUE,14946.71875,9830.235665584392,TRUE,FALSE,FALSE,FALSE
3210,69badb475c065e2272881d4d,13961,1,10,linechart-real-30-ordered-interaction-0-31,left,increasing,ordered,interaction,false,dual,2026-03-20T17:34:13Z,less,TRUE,TRUE,TRUE,study,TRUE,14946.71875,9830.235665584392,TRUE,FALSE,FALSE,FALSE
3228,69badb475c065e2272881d4d,13563,1,11,linechart-real-10-shuffled-main_effect-0-7,left,increasing,shuffled,main_effect,false,dual,2026-03-20T17:34:27Z,more,TRUE,TRUE,TRUE,study,TRUE,14946.71875,9830.235665584392,TRUE,FALSE,FALSE,FALSE
3238,69badb475c065e2272881d4d,11469,1,12,linechart-real-26-shuffled-interaction-1-28,right,increasing,shuffled,interaction,true,dual,2026-03-20T17:34:39Z,more,TRUE,TRUE,TRUE,study,TRUE,14946.71875,9830.235665584392,TRUE,FALSE,FALSE,FALSE
3251,69badb475c065e2272881d4d,7786,0,13,linechart-real-12-ordered-main_effect-1-17,left,increasing,ordered,main_effect,true,dual,2026-03-20T17:34:47Z,more,TRUE,TRUE,TRUE,study,TRUE,14946.71875,9830.235665584392,TRUE,FALSE,FALSE,FALSE
3262,69badb475c065e2272881d4d,12407,1,14,linechart-real-14-ordered-main_effect-0-24,left,increasing,ordered,main_effect,false,dual,2026-03-20T17:35:01Z,more,TRUE,TRUE,TRUE,study,TRUE,14946.71875,9830.235665584392,TRUE,FALSE,FALSE,FALSE
3270,69badb475c065e2272881d4d,3993,1,15,linechart-real-0-shuffled-interaction-1-25,right,increasing,shuffled,interaction,true,dual,2026-03-20T17:35:06Z,less,TRUE,TRUE,TRUE,study,TRUE,14946.71875,9830.235665584392,TRUE,FALSE,FALSE,FALSE
3288,69badb475c065e2272881d4d,16002,0,16,linechart-real-1-ordered-main_effect-0-9,right,increasing,ordered,main_effect,false,dual,2026-03-20T17:35:26Z,less,TRUE,TRUE,TRUE,study,TRUE,14946.71875,9830.235665584392,TRUE,FALSE,FALSE,FALSE
3301,69badb475c065e2272881d4d,11073,1,17,linechart-real-7-shuffled-main_effect-1-22,right,increasing,shuffled,main_effect,true,dual,2026-03-20T17:35:39Z,more,TRUE,TRUE,TRUE,study,TRUE,14946.71875,9830.235665584392,TRUE,FALSE,FALSE,FALSE
3310,69badb475c065e2272881d4d,15350,1,18,linechart-real-2-shuffled-interaction-1-8,right,increasing,shuffled,interaction,true,dual,2026-03-20T17:35:55Z,less,TRUE,TRUE,TRUE,study,TRUE,14946.71875,9830.235665584392,TRUE,FALSE,FALSE,FALSE
3328,69badb475c065e2272881d4d,9989,0,19,linechart-real-22-ordered-main_effect-1-14,left,increasing,ordered,main_effect,true,dual,2026-03-20T17:36:06Z,more,TRUE,TRUE,TRUE,study,TRUE,14946.71875,9830.235665584392,TRUE,FALSE,FALSE,FALSE
3341,69badb475c065e2272881d4d,12357,1,20,linechart-real-15-shuffled-main_effect-0-21,left,increasing,shuffled,main_effect,false,dual,2026-03-20T17:36:20Z,more,TRUE,TRUE,TRUE,study,TRUE,14946.71875,9830.235665584392,TRUE,FALSE,FALSE,FALSE
3358,69badb475c065e2272881d4d,14971,1,21,linechart-real-27-ordered-interaction-1-23,right,increasing,ordered,interaction,true,dual,2026-03-20T17:36:35Z,less,TRUE,TRUE,TRUE,study,TRUE,14946.71875,9830.235665584392,TRUE,FALSE,FALSE,FALSE
3364,69badb475c065e2272881d4d,6359,1,22,linechart-real-9-ordered-main_effect-1-6,right,increasing,ordered,main_effect,true,dual,2026-03-20T17:36:42Z,less,TRUE,TRUE,TRUE,study,TRUE,14946.71875,9830.235665584392,TRUE,FALSE,FALSE,FALSE
3390,69badb475c065e2272881d4d,26574,0,23,linechart-real-4-ordered-main_effect-0-0,right,increasing,ordered,main_effect,false,dual,2026-03-20T17:37:09Z,more,TRUE,TRUE,TRUE,study,TRUE,14946.71875,9830.235665584392,TRUE,FALSE,FALSE,FALSE
3424,69badb475c065e2272881d4d,11194,0,24,linechart-real-8-shuffled-interaction-0-1,right,increasing,shuffled,interaction,false,dual,2026-03-20T17:37:53Z,more,TRUE,TRUE,TRUE,study,TRUE,14946.71875,9830.235665584392,TRUE,FALSE,FALSE,FALSE
3451,69badb475c065e2272881d4d,59448,0,25,linechart-real-21-shuffled-main_effect-0-19,right,increasing,shuffled,main_effect,false,dual,2026-03-20T17:38:54Z,less,TRUE,TRUE,TRUE,study,TRUE,14946.71875,9830.235665584392,TRUE,FALSE,FALSE,TRUE
3459,69badb475c065e2272881d4d,21888,1,26,linechart-real-28-ordered-interaction-1-16,right,increasing,ordered,interaction,true,dual,2026-03-20T17:39:18Z,more,TRUE,TRUE,TRUE,study,TRUE,14946.71875,9830.235665584392,TRUE,FALSE,FALSE,FALSE
3465,69badb475c065e2272881d4d,12533,0,27,linechart-real-20-shuffled-main_effect-0-2,right,increasing,shuffled,main_effect,false,dual,2026-03-20T17:39:31Z,less,TRUE,TRUE,TRUE,study,TRUE,14946.71875,9830.235665584392,TRUE,FALSE,FALSE,FALSE
3468,69badb475c065e2272881d4d,18366,1,28,linechart-real-31-shuffled-interaction-0-30,left,increasing,shuffled,interaction,false,dual,2026-03-20T17:39:51Z,less,TRUE,TRUE,TRUE,study,TRUE,14946.71875,9830.235665584392,TRUE,FALSE,FALSE,FALSE
3471,69badb475c065e2272881d4d,7138,0,29,linechart-real-29-shuffled-main_effect-0-3,right,increasing,shuffled,main_effect,false,dual,2026-03-20T17:39:59Z,more,TRUE,TRUE,TRUE,study,TRUE,14946.71875,9830.235665584392,TRUE,FALSE,FALSE,FALSE
3472,69badb475c065e2272881d4d,1572,0,30,linechart-real-23-ordered-main_effect-1-12,left,increasing,ordered,main_effect,true,dual,2026-03-20T17:40:02Z,more,TRUE,TRUE,TRUE,study,TRUE,14946.71875,9830.235665584392,TRUE,FALSE,FALSE,FALSE
3474,69badb475c065e2272881d4d,11104,0,31,linechart-real-18-shuffled-interaction-0-29,right,increasing,shuffled,interaction,false,dual,2026-03-20T17:40:15Z,less,TRUE,TRUE,TRUE,study,TRUE,14946.71875,9830.235665584392,TRUE,FALSE,FALSE,FALSE
3579,69bc14a46d0127aaecd5b793,9420,1,0,linechart-real-29-ordered-interaction-0-6,left,increasing,ordered,interaction,false,dual,2026-03-20T17:53:34Z,more,TRUE,TRUE,TRUE,study,TRUE,12684.25,4470.190044311099,FALSE,FALSE,FALSE,FALSE
3580,69bc14a46d0127aaecd5b793,10746,1,1,linechart-real-28-ordered-main_effect-0-29,left,increasing,ordered,main_effect,false,dual,2026-03-20T17:53:46Z,more,TRUE,TRUE,TRUE,study,TRUE,12684.25,4470.190044311099,FALSE,FALSE,FALSE,FALSE
3582,69bc14a46d0127aaecd5b793,11011,1,2,linechart-real-5-ordered-interaction-1-21,right,increasing,ordered,interaction,true,dual,2026-03-20T17:53:57Z,less,TRUE,TRUE,TRUE,study,TRUE,12684.25,4470.190044311099,FALSE,FALSE,FALSE,FALSE
3584,69bc14a46d0127aaecd5b793,12966,1,3,linechart-real-2-shuffled-interaction-1-23,right,increasing,shuffled,interaction,true,dual,2026-03-20T17:54:11Z,less,TRUE,TRUE,TRUE,study,TRUE,12684.25,4470.190044311099,FALSE,FALSE,FALSE,FALSE
3585,69bc14a46d0127aaecd5b793,18425,1,4,linechart-real-13-shuffled-interaction-1-7,right,increasing,shuffled,interaction,true,dual,2026-03-20T17:54:30Z,less,TRUE,TRUE,TRUE,study,TRUE,12684.25,4470.190044311099,FALSE,FALSE,FALSE,FALSE
3586,69bc14a46d0127aaecd5b793,12753,1,5,linechart-real-4-ordered-main_effect-1-30,right,increasing,ordered,main_effect,true,dual,2026-03-20T17:54:43Z,less,TRUE,TRUE,TRUE,study,TRUE,12684.25,4470.190044311099,FALSE,FALSE,FALSE,FALSE
3587,69bc14a46d0127aaecd5b793,15872,1,6,linechart-real-15-shuffled-interaction-0-27,left,increasing,shuffled,interaction,false,dual,2026-03-20T17:55:00Z,less,TRUE,TRUE,TRUE,study,TRUE,12684.25,4470.190044311099,FALSE,FALSE,FALSE,FALSE
3588,69bc14a46d0127aaecd5b793,21541,1,7,linechart-real-16-shuffled-main_effect-1-31,right,increasing,shuffled,main_effect,true,dual,2026-03-20T17:55:29Z,less,TRUE,TRUE,TRUE,study,TRUE,12684.25,4470.190044311099,FALSE,FALSE,FALSE,FALSE
3589,69bc14a46d0127aaecd5b793,16277,1,8,linechart-real-23-shuffled-interaction-1-20,right,increasing,shuffled,interaction,true,dual,2026-03-20T17:55:57Z,more,TRUE,TRUE,TRUE,study,TRUE,12684.25,4470.190044311099,FALSE,FALSE,FALSE,FALSE
3590,69bc14a46d0127aaecd5b793,13540,1,9,linechart-real-3-shuffled-main_effect-1-3,right,increasing,shuffled,main_effect,true,dual,2026-03-20T17:56:12Z,more,TRUE,TRUE,TRUE,study,TRUE,12684.25,4470.190044311099,FALSE,FALSE,FALSE,FALSE
3591,69bc14a46d0127aaecd5b793,12576,1,10,linechart-real-0-ordered-interaction-0-25,left,increasing,ordered,interaction,false,dual,2026-03-20T17:56:45Z,less,TRUE,TRUE,TRUE,study,TRUE,12684.25,4470.190044311099,FALSE,FALSE,FALSE,FALSE
3592,69bc14a46d0127aaecd5b793,7771,1,11,linechart-real-31-shuffled-main_effect-0-1,left,increasing,shuffled,main_effect,false,dual,2026-03-20T17:56:53Z,less,TRUE,TRUE,TRUE,study,TRUE,12684.25,4470.190044311099,FALSE,FALSE,FALSE,FALSE
3593,69bc14a46d0127aaecd5b793,18680,1,12,linechart-real-8-ordered-main_effect-0-9,left,increasing,ordered,main_effect,false,dual,2026-03-20T17:57:13Z,more,TRUE,TRUE,TRUE,study,TRUE,12684.25,4470.190044311099,FALSE,FALSE,FALSE,FALSE
3595,69bc14a46d0127aaecd5b793,22626,1,13,linechart-real-11-ordered-interaction-0-24,left,increasing,ordered,interaction,false,dual,2026-03-20T17:57:36Z,more,TRUE,TRUE,TRUE,study,TRUE,12684.25,4470.190044311099,FALSE,FALSE,FALSE,TRUE
3598,69bc14a46d0127aaecd5b793,11444,1,14,linechart-real-24-shuffled-interaction-1-10,right,increasing,shuffled,interaction,true,dual,2026-03-20T17:57:48Z,more,TRUE,TRUE,TRUE,study,TRUE,12684.25,4470.190044311099,FALSE,FALSE,FALSE,FALSE
3599,69bc14a46d0127aaecd5b793,9926,1,15,linechart-real-1-ordered-interaction-1-2,right,increasing,ordered,interaction,true,dual,2026-03-20T17:57:58Z,more,TRUE,TRUE,TRUE,study,TRUE,12684.25,4470.190044311099,FALSE,FALSE,FALSE,FALSE
3601,69bc14a46d0127aaecd5b793,8475,1,16,linechart-real-6-ordered-main_effect-0-4,left,increasing,ordered,main_effect,false,dual,2026-03-20T17:58:18Z,more,TRUE,TRUE,TRUE,study,TRUE,12684.25,4470.190044311099,FALSE,FALSE,FALSE,FALSE
3603,69bc14a46d0127aaecd5b793,9192,1,17,linechart-real-30-shuffled-main_effect-1-8,right,increasing,shuffled,main_effect,true,dual,2026-03-20T17:58:28Z,more,TRUE,TRUE,TRUE,study,TRUE,12684.25,4470.190044311099,FALSE,FALSE,FALSE,FALSE
3605,69bc14a46d0127aaecd5b793,9670,1,18,linechart-real-18-shuffled-main_effect-0-26,left,increasing,shuffled,main_effect,false,dual,2026-03-20T17:58:38Z,more,TRUE,TRUE,TRUE,study,TRUE,12684.25,4470.190044311099,FALSE,FALSE,FALSE,FALSE
3607,69bc14a46d0127aaecd5b793,13987,1,19,linechart-real-17-shuffled-interaction-0-14,left,increasing,shuffled,interaction,false,dual,2026-03-20T17:58:53Z,less,TRUE,TRUE,TRUE,study,TRUE,12684.25,4470.190044311099,FALSE,FALSE,FALSE,FALSE
3610,69bc14a46d0127aaecd5b793,10055,1,20,linechart-real-22-shuffled-interaction-1-19,right,increasing,shuffled,interaction,true,dual,2026-03-20T17:59:04Z,more,TRUE,TRUE,TRUE,study,TRUE,12684.25,4470.190044311099,FALSE,FALSE,FALSE,FALSE
3613,69bc14a46d0127aaecd5b793,7728,1,21,linechart-real-21-ordered-main_effect-0-13,left,increasing,ordered,main_effect,false,dual,2026-03-20T17:59:27Z,more,TRUE,TRUE,TRUE,study,TRUE,12684.25,4470.190044311099,FALSE,FALSE,FALSE,FALSE
3616,69bc14a46d0127aaecd5b793,8090,1,22,linechart-real-20-shuffled-main_effect-1-28,right,increasing,shuffled,main_effect,true,dual,2026-03-20T17:59:36Z,less,TRUE,TRUE,TRUE,study,TRUE,12684.25,4470.190044311099,FALSE,FALSE,FALSE,FALSE
3618,69bc14a46d0127aaecd5b793,8771,1,23,linechart-real-19-shuffled-main_effect-1-11,right,increasing,shuffled,main_effect,true,dual,2026-03-20T17:59:45Z,more,TRUE,TRUE,TRUE,study,TRUE,12684.25,4470.190044311099,FALSE,FALSE,FALSE,FALSE
3621,69bc14a46d0127aaecd5b793,8987,1,24,linechart-real-12-ordered-main_effect-1-0,right,increasing,ordered,main_effect,true,dual,2026-03-20T17:59:59Z,less,TRUE,TRUE,TRUE,study,TRUE,12684.25,4470.190044311099,FALSE,FALSE,FALSE,FALSE
3624,69bc14a46d0127aaecd5b793,9953,1,25,linechart-real-14-shuffled-interaction-0-17,left,increasing,shuffled,interaction,false,dual,2026-03-20T18:00:10Z,less,TRUE,TRUE,TRUE,study,TRUE,12684.25,4470.190044311099,FALSE,FALSE,FALSE,FALSE
3627,69bc14a46d0127aaecd5b793,10809,0,26,linechart-real-26-shuffled-main_effect-0-5,right,increasing,shuffled,main_effect,false,dual,2026-03-20T18:00:21Z,less,TRUE,TRUE,TRUE,study,TRUE,12684.25,4470.190044311099,FALSE,FALSE,FALSE,FALSE
3632,69bc14a46d0127aaecd5b793,24624,1,27,linechart-real-10-ordered-main_effect-0-12,left,increasing,ordered,main_effect,false,dual,2026-03-20T18:00:48Z,more,TRUE,TRUE,TRUE,study,TRUE,12684.25,4470.190044311099,FALSE,FALSE,FALSE,TRUE
3635,69bc14a46d0127aaecd5b793,12225,1,28,linechart-real-25-ordered-interaction-1-18,right,increasing,ordered,interaction,true,dual,2026-03-20T18:01:00Z,less,TRUE,TRUE,TRUE,study,TRUE,12684.25,4470.190044311099,FALSE,FALSE,FALSE,FALSE
3639,69bc14a46d0127aaecd5b793,10833,1,29,linechart-real-7-ordered-interaction-0-16,left,increasing,ordered,interaction,false,dual,2026-03-20T18:01:12Z,more,TRUE,TRUE,TRUE,study,TRUE,12684.25,4470.190044311099,FALSE,FALSE,FALSE,FALSE
3642,69bc14a46d0127aaecd5b793,16481,1,30,linechart-real-27-ordered-main_effect-1-15,right,increasing,ordered,main_effect,true,dual,2026-03-20T18:01:29Z,less,TRUE,TRUE,TRUE,study,TRUE,12684.25,4470.190044311099,FALSE,FALSE,FALSE,FALSE
3645,69bc14a46d0127aaecd5b793,10442,1,31,linechart-real-9-ordered-interaction-0-22,left,increasing,ordered,interaction,false,dual,2026-03-20T18:01:40Z,less,TRUE,TRUE,TRUE,study,TRUE,12684.25,4470.190044311099,FALSE,FALSE,FALSE,FALSE
